"pathway","pval","padj","log2err","ES","NES","size","leadingEdge"
"Translation Initiation Complex Formation R-HSA-72649",1.2411279069423e-19,1.02280837425763e-16,1.14219120216838,-0.644249687256681,-4.08927419064023,57,"RPS16;RPS6;RPS3;RPS12;RPS7;EIF3A;PABPC1;RPS29;RPS9;RPS17;RPS27A;EIF4B;RPS13;RPS19;RPS14;RPS2;FAU;RPS27;RPS20;EIF4H;RPS23;EIF4A1;EIF3F;EIF3B;RPS25;RPS15;RPS28;RPS5;RPS8;EIF1AX;EIF4G1;EIF3G"
"mRNA Activation Upon Binding Of Cap-Binding Complex And eIFs, Subsequent Binding To 43S R-HSA-72662",1.84789227508153e-19,1.02280837425763e-16,1.14219120216838,-0.628265818163993,-4.05718636304552,58,"RPS16;RPS6;RPS3;RPS12;RPS7;EIF3A;PABPC1;RPS29;RPS9;RPS17;RPS27A;EIF4B;RPS13;RPS19;RPS14;RPS2;FAU;RPS27;RPS20;EIF4H;RPS23;EIF4A1;EIF3F;EIF3B;RPS25;RPS15;RPS28;RPS5;RPS8;EIF1AX;EIF4G1;EIF3G"
"Ribosomal Scanning And Start Codon Recognition R-HSA-72702",8.43472424908085e-19,3.11241324791083e-16,1.12391496374483,-0.629259103901027,-3.99412380588808,57,"RPS16;RPS6;RPS3;RPS12;RPS7;EIF3A;RPS29;RPS9;RPS17;RPS27A;EIF4B;RPS13;RPS19;RPS14;RPS2;FAU;RPS27;RPS20;EIF4H;RPS23;EIF4A1;EIF3F;EIF3B;RPS25;RPS15;RPS28;RPS5;RPS8;EIF1AX;EIF4G1;EIF3G"
"Formation Of Ternary Complex, And Subsequently, 43S Complex R-HSA-72695",5.29181405255206e-18,1.46450953904378e-15,1.0959292864312,-0.643370850987483,-4.38863472386209,50,"RPS16;RPS6;RPS3;RPS12;RPS7;EIF3A;RPS29;RPS9;RPS17;RPS27A;RPS13;RPS19;RPS14;RPS2;FAU;RPS27;RPS20;RPS23;EIF3F;EIF3B;RPS25;RPS15;RPS28;RPS5;RPS8;EIF1AX;EIF3G"
"SARS-CoV-2 Modulates Host Translation Machinery R-HSA-9754678",1.79507152131719e-14,3.97428834819626e-12,0.97599468306432,-0.612428720171014,-4.05019991023082,47,"RPS16;RPS6;RPS3;RPS12;SNRPD3;RPS7;RPS29;RPS9;RPS17;RPS27A;RPS13;RPS19;RPS14;RPS2;FAU;RPS27;RPS20;RPS23;RPS25;SMN1;SNRPG;RPS15;RPS28;RPS5;RPS8"
"Neuronal System R-HSA-112316",2.64765269887514e-07,4.88491922942464e-05,0.674962860011025,0.338815829598955,1.53108808831834,386,"SHANK1;CAMK2A;CACNB1;KCNAB2;NEFL;KCNC1;KCNJ6;GRIA4;CACNA1E;ABAT;KCNN1;CACNG3;GABRB2;SLITRK3;CACNB4;SLC1A2;KCNQ2;CACNB3;SYT7;CPLX1;SHANK2;NBEA;PRKAR1B;LRRTM4;KCNV1;NRXN2;CACNA2D3;KCNA4;EPB41L1;SLC17A7;GLRB;SYN2;SIPA1L1;CACNB2;GNG13;NRGN;GABRA2;CACNA1A;CACNA1B;KCNA2;DLGAP3;PRKCG;KCND3;ARHGEF9;PPFIA4;SLITRK5;DLGAP1;GABRB1;LRFN3;GRIA1;GABRA5;PANX1;PPFIA3;SHANK3;CACNG2;KCNC3;CALM1;HCN1;CACNA2D2;GABBR2;SLITRK4;CHRNA6;GNB4;GNAL;CHRNB2;GNG10;SLC6A12;ADCY1;NPTN;PPFIA1;GRM5;KCNG1;KCNA3;BCHE;SYT12;GNG2;GNB1;KCNN2;APBA1;CAMK2B;PRKCB;NRXN1;GAD1;KCNAB1;LRRTM1;PRKAG2;SYN3;ADCY7;CAMK2G;SLC6A1;GPRIN1;RIMS1;SYT1;SLC1A1;GRIN2D;KCNK10;UBD;PPM1E;KCNQ5;IL1RAPL2;MAPK1;CHRNA5;KCNJ15;CAMKK2;HOMER1;CACNA2D1;PRKAB2;ADCY9;ABCC8;ADCY2;PRKCA;GABRB3;KCNA1;GNAT3;KIF17;GABRA3;CHRNA9;GABRG2;GRIN3B;GRIK1;STXBP1;KCNK7;PRKAA2;MAPK3;MDM2;LRRC4B;GRIK4;KCNA10;NTRK3;KCNG3;CHRNA4;KCNB1;GABRA1;GABRR3;PLCB1;GABRA4;PRKAR2A;CAMKK1;STX1A;PTPRD;RPS6KA3;KCNK16;AP2A1;GJD3;NRXN3;KCNS2;CACNG8;GNAI3;ARHGEF7;SLC6A13;SLC6A11;GNG4;SLC18A2;KCNJ16;PLCB2;CHRNA3;GRM1;KCNB2;KPNA2;PPFIBP2;NSF;KCNJ8;MAPT;HTR3E;CAMK1;MPP3;GNG12;RPS6KA6;GJD2"
"Transmission Across Chemical Synapses R-HSA-112315",2.04647488999752e-06,0.000323635386175322,0.627256739718528,0.361532581807767,1.59452065501421,246,"CAMK2A;CACNB1;NEFL;KCNJ6;GRIA4;CACNA1E;ABAT;CACNG3;GABRB2;CACNB4;SLC1A2;CACNB3;CPLX1;NBEA;PRKAR1B;CACNA2D3;EPB41L1;SLC17A7;GLRB;SYN2;CACNB2;GNG13;NRGN;GABRA2;CACNA1A;CACNA1B;PRKCG;ARHGEF9;PPFIA4;GABRB1;GRIA1;GABRA5;PPFIA3;CACNG2;CALM1;CACNA2D2;GABBR2;CHRNA6;GNB4;GNAL;CHRNB2;GNG10;SLC6A12;ADCY1;NPTN;PPFIA1;BCHE;GNG2;GNB1;APBA1;CAMK2B;PRKCB;GAD1;PRKAG2;SYN3;ADCY7;CAMK2G;SLC6A1;GPRIN1;RIMS1;SYT1;SLC1A1;GRIN2D;UBD;PPM1E;MAPK1;CHRNA5;KCNJ15;CAMKK2;CACNA2D1;PRKAB2;ADCY9;ADCY2;PRKCA;GABRB3;GNAT3;KIF17;GABRA3;CHRNA9;GABRG2;GRIN3B;GRIK1;STXBP1;PRKAA2;MAPK3;MDM2;GRIK4;CHRNA4;GABRA1;GABRR3;PLCB1;GABRA4;PRKAR2A;CAMKK1;STX1A;RPS6KA3;AP2A1;CACNG8;GNAI3;ARHGEF7;SLC6A13;SLC6A11;GNG4;SLC18A2;KCNJ16;PLCB2;CHRNA3;KPNA2;NSF;MAPT;HTR3E;CAMK1;MPP3;GNG12;RPS6KA6"
"PLC Beta Mediated Events R-HSA-112043",6.33676518167738e-05,0.00876849882014607,0.538434096309916,0.48767462834599,1.8536101258207,47,"CAMK2A;PDE1B;ITPR1;GNA14;NBEA;PRKAR1B;PRKCG;PDE1A;CALM1;ADCY1;CAMK2B;ADCY7;CAMK2G;PLCB4;MAPK1;CAMKK2;ADCY9;ADCY2;PRKCA;PLCB1;PRKAR2A;CAMKK1;PLCB2;GRK2;KPNA2"
"Phase 0 - Rapid Depolarisation R-HSA-5576892",7.2490223524147e-05,0.00891629749347009,0.538434096309916,0.547266653104936,1.9530730135641,32,"FGF13;CAMK2A;CACNB1;FGF12;CACNB2;SCN1B;CALM1;CACNA2D2;FGF14;CAMK2B;CAMK2G;SCN2A;SCN2B;SCN10A;SCN3A;CACNG8;SCN4B;SCN9A;SCN3B;RANGRF;SCN1A;SCN5A"
"DAG And IP3 Signaling R-HSA-1489509",0.000108126406370646,0.0109399990935971,0.538434096309916,0.508301518943559,1.87802623516398,39,"CAMK2A;PDE1B;ITPR1;NBEA;PRKAR1B;PRKCG;PDE1A;CALM1;ADCY1;PRKCE;CAMK2B;ADCY7;CAMK2G;CAMKK2;ADCY9;ADCY2;PRKCA;PRKAR2A;CAMKK1"
"RHO GTPases Activate PKNs R-HSA-5625740",0.000108708211408824,0.0109399990935971,0.538434096309916,-0.30318987129091,-1.97107900290604,59,"MYL12B;RNASE1;H3-3B;H2AJ;RHOA;H2AC6;H2AC19;PPP1CB;KDM1A;YWHAE;MYL6;H4C15;YWHAQ;PPP1R14A"
"Gene And Protein Expression By JAK-STAT Signaling After Interleukin-12 Stimulation R-HSA-8950505",0.000160636774494211,0.0148187424470909,0.518848077743792,-0.355277248503287,-2.1182865102009,35,"PDCD4;HNRNPA2B1;SNRPA1;RPLP0;AURKAIP1;HNRNPDL;HNRNPF;CDC42;CNN2;PKN2;TALDO1"
"G-protein Mediated Events R-HSA-112040",0.000198699125079885,0.0169199947279564,0.518848077743792,0.461028985860561,1.77398379223357,52,"CAMK2A;PDE1B;ITPR1;GNA14;NBEA;PRKAR1B;PRKCG;PDE1A;CALM1;GNAL;ADCY1;CAMK2B;ADCY7;CAMK2G;PLCB4;MAPK1;CAMKK2;ADCY9;ADCY2;PRKCA;GNAT3;PLCB1;PRKAR2A;CAMKK1;GNAI3;PLCB2;GRK2;KPNA2"
"CaM Pathway R-HSA-111997",0.00045471946527178,0.0309076409272386,0.49849310876659,0.505508080096891,1.81290214134601,33,"CAMK2A;PDE1B;NBEA;PRKAR1B;PRKCG;PDE1A;CALM1;ADCY1;CAMK2B;ADCY7;CAMK2G;CAMKK2;ADCY9;ADCY2;PRKCA;PRKAR2A;CAMKK1;GRK2;KPNA2"
"Protein-protein Interactions At Synapses R-HSA-6794362",0.000405719796756422,0.0309076409272386,0.49849310876659,0.402315054308316,1.6461621277005,88,"SHANK1;GRIA4;SLITRK3;SYT7;SHANK2;LRRTM4;NRXN2;EPB41L1;SIPA1L1;DLGAP3;PPFIA4;SLITRK5;DLGAP1;LRFN3;GRIA1;PPFIA3;SHANK3;SLITRK4;PPFIA1;GRM5;SYT12;APBA1;NRXN1;LRRTM1;GPRIN1;SYT1;GRIN2D;IL1RAPL2;HOMER1"
"RHO GTPases Activate CIT R-HSA-5625900",0.000474643085603483,0.0309076409272386,0.49849310876659,-0.469103479043589,-2.22963750098741,19,"MYL12B;RNASE1;CDKN1B;RHOA;PPP1CB;MYL6"
"RHO GTPases Activate PAKs R-HSA-5627123",0.000436597952178488,0.0309076409272386,0.49849310876659,-0.434246064193959,-2.14447987819085,21,"MYL12B;MYLK;RNASE1;PPP1CB;MYL6;CTTN;CDC42"
"Ca-dependent Events R-HSA-111996",0.000596879194604353,0.0367080704681677,0.477270815362862,0.497274550279205,1.80316087911858,35,"CAMK2A;PDE1B;NBEA;PRKAR1B;PRKCG;PDE1A;CALM1;ADCY1;CAMK2B;ADCY7;CAMK2G;MAPK1;CAMKK2;ADCY9;ADCY2;PRKCA;PRKAR2A;CAMKK1"
"Neurexins And Neuroligins R-HSA-6794361",0.000699885278936709,0.0387386501891469,0.477270815362862,0.438324137366452,1.71452492005035,57,"SHANK1;SYT7;SHANK2;LRRTM4;NRXN2;EPB41L1;SIPA1L1;DLGAP3;DLGAP1;SHANK3;GRM5;SYT12;APBA1;NRXN1;LRRTM1;GPRIN1;SYT1;GRIN2D;HOMER1"
"Unblocking Of NMDA Receptors, Glutamate Binding And Activation R-HSA-438066",0.000693339692905808,0.0387386501891469,0.477270815362862,0.558641355780926,1.82872526078869,21,"CAMK2A;NEFL;GRIA4;GRIA1;CALM1;CAMK2B;CAMK2G;GPRIN1;GRIN2D"
"Neurotransmitter Receptors And Postsynaptic Signal Transmission R-HSA-112314",0.000967404755928529,0.0509960507053753,0.477270815362862,0.33793905588291,1.4608761015808,182,"CAMK2A;NEFL;KCNJ6;GRIA4;CACNG3;GABRB2;NBEA;PRKAR1B;EPB41L1;GLRB;GNG13;NRGN;GABRA2;PRKCG;ARHGEF9;GABRB1;GRIA1;GABRA5;CACNG2;CALM1;GABBR2;CHRNA6;GNB4;GNAL;CHRNB2;GNG10;ADCY1;NPTN;GNG2;GNB1;APBA1;CAMK2B;PRKCB;PRKAG2;ADCY7;CAMK2G;GPRIN1;GRIN2D;UBD;PPM1E;MAPK1;CHRNA5;KCNJ15;CAMKK2;PRKAB2;ADCY9;ADCY2;PRKCA;GABRB3;GNAT3;KIF17;GABRA3;CHRNA9;GABRG2;GRIN3B;GRIK1;PRKAA2;MAPK3;MDM2;GRIK4;CHRNA4;GABRA1;GABRR3;PLCB1;GABRA4;PRKAR2A;CAMKK1;RPS6KA3;AP2A1;CACNG8;GNAI3;ARHGEF7;GNG4;KCNJ16;PLCB2;CHRNA3;KPNA2;NSF;MAPT;HTR3E;CAMK1;MPP3;GNG12;RPS6KA6"
"N-glycan Trimming In ER And Calnexin/Calreticulin Cycle R-HSA-532668",0.00104064686239018,0.0523634580302693,0.45505986738723,-0.330848018478123,-1.96054099193709,34,"CALR;RAD23B;MARCHF6;RPS27A;PDIA3;CANX;UGGT1;VCP;UBXN1"
"Antigen Presentation: Folding, Assembly, Peptide Loading Of Class I MHC R-HSA-983170",0.00115944549808232,0.0558046159294405,0.45505986738723,-0.36450732884216,-1.98502125036383,28,"CALR;HLA-B;ATG14;HLA-A;HLA-C;PDIA3;B2M;HLA-E;CANX"
"Long-term Potentiation R-HSA-9620244",0.00137198369560323,0.063282747959699,0.45505986738723,0.530214906088457,1.76586830038696,23,"CAMK2A;NEFL;NRGN;GRIA1;CALM1;CAMK2B;CAMK2G;GPRIN1;GRIN2D"
"Chaperone Mediated Autophagy R-HSA-9613829",0.00263712868912125,0.108122276253971,0.431707695803346,-0.398299697977755,-1.84382812964195,18,"LAMP2;RNASE1;PLIN3;RPS27A"
"Formation Of ATP By Chemiosmotic Coupling R-HSA-163210",0.00251114099784319,0.108122276253971,0.431707695803346,-0.455221395558345,-2.05772420736777,16,"ATP5MG;ATP5MC1;ATP5MC2;ATP5F1A;ATP5ME;ATP5MC3;ATP5F1B;ATP5PO"
"GABA Receptor Activation R-HSA-977443",0.0025651325492067,0.108122276253971,0.431707695803346,0.409507487748017,1.60583389415412,59,"KCNJ6;GABRB2;GNG13;GABRA2;ARHGEF9;GABRB1;GABRA5;GABBR2;GNB4;GNAL;GNG10;ADCY1;NPTN;GNG2;GNB1;ADCY7;UBD;KCNJ15;ADCY9;ADCY2;GABRB3;GNAT3;GABRA3;GABRG2;GABRA1;GABRR3;GABRA4;GNAI3;GNG4;KCNJ16"
"Interleukin-12 Family Signaling R-HSA-447115",0.00316025568221222,0.116613434673631,0.431707695803346,-0.257086537279682,-1.79310060258691,54,"PDCD4;HNRNPA2B1;EBI3;SNRPA1;RPLP0;AURKAIP1;HNRNPDL;CANX;HNRNPF;CDC42"
"Neurotransmitter Release Cycle R-HSA-112310",0.0030550270761925,0.116613434673631,0.431707695803346,0.416007374759264,1.59345099629077,50,"ABAT;SLC1A2;CPLX1;SLC17A7;SYN2;PPFIA4;PPFIA3;SLC6A12;PPFIA1;APBA1;GAD1;SYN3;SLC6A1;RIMS1;SYT1;SLC1A1"
"RHOBTB GTPase Cycle R-HSA-9706574",0.00311203762413192,0.116613434673631,0.431707695803346,0.466438067764268,1.68166183055471,34,"ACTN1;RNF20;COPS4;DBN1;CUL3;PHIP;RHOBTB2;CCT6A;ROCK2;PDE5A;RBM15;RBBP6;TWF1"
"G Alpha (Z) Signaling Events R-HSA-418597",0.0036510846563345,0.124235921040133,0.431707695803346,0.417920302015806,1.58847981538409,47,"RGS4;GNG13;RGS20;PRKCG;ADRA2B;GNB4;GNG10;ADCY1;PRKCE;GNG2;GNB1;PRKCB;RGS17;ADCY7;ADCY9;ADCY2;PRKCA;GNAT3;ADRA2C"
"Opioid Signaling R-HSA-111885",0.00370350984130477,0.124235921040133,0.431707695803346,0.370775915646929,1.51711267988918,88,"CAMK2A;PDE1B;ITPR1;GNA14;NBEA;PRKAR1B;PPP3CA;GNG13;PRKCG;PDE1A;CALM1;GNB4;GNAL;GNG10;ADCY1;GNG2;GNB1;CAMK2B;PPP1CA;ADCY7;CAMK2G;PLCB4;MAPK1;CAMKK2;ADCY9;ADCY2;PRKCA;PPP1R1B;GNAT3;PDE4B;PDYN;PPP3CB;PLCB1;PPP3CC;PRKAR2A;CAMKK1;GNAI3;GNG4;PLCB2;OPRM1;GRK2;KPNA2;GNG12;PDE4A"
"Sema4D In Semaphorin Signaling R-HSA-400685",0.00369926619400029,0.124235921040133,0.431707695803346,-0.355064244004172,-1.84272439732787,23,"MYL12B;RNASE1;RHOA;SEMA4D;MYL6;PLXNB1;RRAS;RHOB"
"FGFR2 Alternative Splicing R-HSA-6803529",0.0054254074149056,0.167936863502002,0.407017918923954,-0.337176570378543,-1.75414945378425,25,"PTBP1;TIAL1;POLR2I;HNRNPH1;POLR2E;HNRNPF;HNRNPA1;POLR2L;POLR2A;POLR2F"
"Glutamate Neurotransmitter Release Cycle R-HSA-210500",0.00546136141469924,0.167936863502002,0.407017918923954,0.497471036380703,1.65681561083606,23,"SLC1A2;CPLX1;SLC17A7;PPFIA4;PPFIA3;PPFIA1;RIMS1;SYT1;SLC1A1"
"VEGFA-VEGFR2 Pathway R-HSA-4420097",0.00519931908014932,0.167936863502002,0.407017918923954,0.353297247699077,1.45250672450185,93,"ITPR1;AKT3;CYFIP2;SHC2;MAPK12;SYNGAP1;PXDN;BAIAP2;VEGFA;CALM1;TRIB3;RICTOR;CYBB;PTK2B;MAPK13;HOXC13;MAPK11;NCKAP1;PRKCB;VAV3;ROCK2;PIK3R2;VAV1;CRK;NCF4;PRKCA;THEM4;WASF1;MAPKAP1"
"Cardiac Conduction R-HSA-5576891",0.00578036382762834,0.172942236680664,0.407017918923954,0.339801863291528,1.43190057613806,125,"FGF13;CAMK2A;CACNB1;FGF12;FXYD7;FXYD1;ITPR1;CACNB2;SLC8A2;KCNIP2;SCN1B;ATP1A2;KCND3;KCNE4;HIPK1;PLN;CALM1;CACNA2D2;FGF14;AKAP9;CAMK2B;SLC8A3;CAMK2G;SLC8A1;TNNI3;ORAI2;RYR2;KCNK10;KCNIP3;SCN2A;CORIN;SCN2B;ATP1A3;ATP1B2;KCNE5;PRKCA;KCNK7;SCN10A;ATP2B3;SLN;NPPA;NPRL2;ATP2B1;SCN3A;KCNK16;CACNG8;SCN4B;DMPK;SCN9A;TRDN;SCN3B;RANGRF;SCN1A;SCN5A"
"Serotonin Neurotransmitter Release Cycle R-HSA-181429",0.00636733233992614,0.18549044474469,0.407017918923954,0.547654186976071,1.73706495651435,18,"CPLX1;SYN2;PPFIA4;PPFIA3;PPFIA1;SYN3;RIMS1;SYT1;STXBP1;STX1A;SLC18A2;RAB3A;PPFIA2;SNAP25"
"BBSome-mediated Cargo-Targeting To Cilium R-HSA-5620922",0.006998608489605,0.198652810204942,0.407017918923954,0.48991952636764,1.6316654839743,23,"LZTFL1;BBS4;RAB3IP;BBS12;BBS7;BBS9;TTC8;BBS5;MKKS;ARL6"
"Ion Homeostasis R-HSA-5578775",0.00751916610230373,0.208092921881256,0.407017918923954,0.404456406618396,1.54013111471222,49,"CAMK2A;FXYD7;FXYD1;ITPR1;SLC8A2;ATP1A2;PLN;CALM1;CAMK2B;SLC8A3;CAMK2G;SLC8A1;TNNI3;ORAI2;RYR2;ATP1A3;ATP1B2;PRKCA;ATP2B3;SLN"
"PKA Activation R-HSA-163615",0.00772989230394267,0.208707092206452,0.407017918923954,0.55116066119049,1.73451140877764,17,"NBEA;PRKAR1B;CALM1;ADCY1;ADCY7;ADCY9;ADCY2;PRKCA;PRKAR2A"
"Circadian Clock R-HSA-400253",0.00929383657468845,0.244958978290003,0.380730400722792,0.382424310287487,1.5164348715087,65,"CRTC1;UBB;CREM;CRY2;NPAS2;NR1D1;TBL1XR1;ELOVL3;HDAC3;PPP1CA;HIF1A;CLOCK;CRY1;NR3C1;CARM1;RBM4;BTRC;NCOA1;CREBBP;MEF2C;NFIL3;GDNF;PER1;CRTC2;NLRP3"
"Calnexin/calreticulin Cycle R-HSA-901042",0.0100709522771031,0.253376003880752,0.380730400722792,-0.320231629331344,-1.66599398364295,25,"CALR;MARCHF6;RPS27A;PDIA3;CANX;UGGT1"
"Receptor-type Tyrosine-Protein Phosphatases R-HSA-388844",0.0100446486997179,0.253376003880752,0.380730400722792,0.502066504512645,1.63063740731707,20,"SLITRK3;PPFIA4;SLITRK5;PPFIA3;SLITRK4;PPFIA1;IL1RAPL2;LRRC4B;NTRK3;PTPRD;PPFIBP2;PTPRF;PPFIA2;SLITRK1;PPFIBP1;SLITRK2;PTPRS"
"Cilium Assembly R-HSA-5617833",0.0105473433469834,0.254179855601422,0.380730400722792,0.301882459799102,1.3055085213193,185,"KIF3C;LZTFL1;CEP63;BBS4;WDR35;IQCB1;MKS1;CEP192;IFT57;CEP164;HAUS8;IFT20;DYNLT2B;RAB11FIP3;YWHAG;B9D1;DYNC2I1;PKD1;AHI1;TTC21B;DCTN2;INPP5E;RAB3IP;BBS12;FBF1;AKAP9;IFT140;CEP70;HSPB11;KIF3B;PDE6D;CEP76;BBS7;CEP135;BBS9;TMEM216;TTBK2;IFT88;CEP83;HAUS3;PRKCA;TUBA4A;EXOC7;KIF17;IFT74;TMEM67;DYNC2LI1;SFI1;HAUS7;CC2D2A;ODF2;DYNLT5;IFT81;TTC8;IFT46;CEP89;KIF24;RPGRIP1L;BBS5;HAUS2;MKKS;ARL6;CKAP5;CEP78;NINL;UNC119B;PRKD2;CNGA2;IFT80;OFD1;TRAF3IP1;NPHP4;KIFAP3;DYNLL1;TCTN3;ACTR1A;ARL3;CENPJ;EXOC6;TCTN1;PAFAH1B1;CLUAP1;CEP131;EXOC1;DCTN3;RAB11A;DYNLRB2;ALMS1;DCTN1;TUBG1"
"Late SARS-CoV-2 Infection Events R-HSA-9772573",0.0105621258876833,0.254179855601422,0.380730400722792,-0.239698253375846,-1.5214471973517,57,"DAD1;SRPK2;ST3GAL2;MAN2A1;RPS27A;GOLGA7;ST6GALNAC3;ZDHHC20;PARP14;CANX;PRMT1;ZDHHC11;ST3GAL4"
"NCAM Signaling For Neurite Out-Growth R-HSA-375165",0.0108159237243282,0.254749522613431,0.380730400722792,0.386317552668072,1.51109878429653,57,"CACNB1;CACNB4;CACNB3;SPTBN2;CACNB2;CACNA1G;GFRA4;COL4A3;SPTBN4;COL6A5;CACNA1S;CACNA1D;GFRA2;ST8SIA4;RPS6KA5;FGFR1;MAPK1;SPTBN5;GDNF;MAPK3;CACNA1H;SPTAN1;COL9A1"
"Negative Regulation Of NMDA Receptor-Mediated Neuronal Transmission R-HSA-9617324",0.0113141873407905,0.25560827318888,0.380730400722792,0.493413495132461,1.61520036643442,21,"CAMK2A;NEFL;CALM1;CAMK2B;CAMK2G;GPRIN1;GRIN2D;PPM1E"
"Phospholipid Metabolism R-HSA-1483257",0.0111346297818653,0.25560827318888,0.380730400722792,0.296145753467026,1.29236430851054,207,"LPIN2;PIP5K1C;STARD7;DGAT2L6;PLA2G4B;PTEN;SBF1;MGLL;PIK3R6;INPP4A;LPIN1;PITPNM2;ACP6;TPTE2;SELENOI;OSBPL10;PIP4K2B;VAC14;PGS1;ALPP;PIP5K1B;ABHD3;PI4K2B;PIK3R4;INPP5D;PI4KA;INPP5E;BCHE;PCYT1B;MTMR1;TNFAIP8L2;PLEKHA6;PLA2G2D;GNPAT;PLD3;PLA1A;PITPNB;PLA2G4D;CHEK2;GPD1L;PIK3R3;PLAAT1;LPIN3;PNPLA7;PIK3R2;RUFY1;PITPNM3;PIP4P1;PLEKHA3;TNFAIP8;CHPT1;PLAAT4;CDS2;PLA2G2F;GPD2;PLA2G1B;GDPD3"
"IL-6-type Cytokine Receptor Ligand Interactions R-HSA-6788467",0.0120836913154363,0.261894235092829,0.380730400722792,0.535074578940058,1.6838882508664,17,"CNTF;IL11;IL31RA;TYK2;JAK2;CNTFR;CRLF1;CLCF1;CCM2;OSMR"
"Interaction Between L1 And Ankyrins R-HSA-445095",0.0118648841978976,0.261894235092829,0.380730400722792,0.449207770466861,1.57457971189249,29,"L1CAM;KCNQ2;SPTBN2;ANK2;SCN1B;SPTBN4;SCN2A;SPTBN5;SCN2B;SCN10A;NRCAM;SPTAN1;ANK1;SCN3A;SCN4B;SCN9A;SCN3B;SCN1A;SCN5A"
"Norepinephrine Neurotransmitter Release Cycle R-HSA-181430",0.0123021682247761,0.261894235092829,0.380730400722792,0.521507007063742,1.65413059571238,18,"CPLX1;PPFIA4;PPFIA3;PPFIA1;RIMS1;SYT1;STXBP1;STX1A;SLC18A2;RAB3A;PPFIA2;SNAP25"
"EPHA-mediated Growth Cone Collapse R-HSA-3928663",0.0128986345822018,0.269411103443347,0.380730400722792,-0.412271628402404,-1.80381250795946,15,"MYL12B;RHOA;MYL6;YES1"
"Sensory Perception Of Taste R-HSA-9717189",0.0131514534955331,0.269604796658429,0.380730400722792,0.400190566407007,1.5121436433433,46,"GNG13;SCN1B;GNB1;CALHM1;TAS2R14;TAS2R50;SCN2A;TAS1R1;SCN2B;GNAT3;SCNN1B;SCNN1D;SCNN1A;SCN3A;TAS2R1;SCN4B;TRPM4;PLCB2;SCN9A;GRM1;TAS2R30"
"Basigin Interactions R-HSA-210991",0.0134047384751268,0.269800827126644,0.380730400722792,-0.315530674024351,-1.64153742613432,25,"MAG;ITGB1;SLC7A10;ATP1B1;SLC16A1"
"Polo-like Kinase Mediated Events R-HSA-156711",0.0141654757801873,0.27330523402204,0.380730400722792,0.517295650597074,1.60242003558718,16,"CCNB2;FOXM1;CDC25C;CCNB1;CDC25A;LIN52;LIN54;WEE1;LIN9;CENPF;LIN37"
"Post-chaperonin Tubulin Folding Pathway R-HSA-389977",0.0143195154230156,0.27330523402204,0.380730400722792,-0.324685522364046,-1.6034263217607,21,"TBCB;TUBB4B;TUBA3D;TUBB4A;ARL2;TUBA1C"
"TICAM1, RIP1-mediated IKK Complex Recruitment R-HSA-168927",0.0142836978362082,0.27330523402204,0.380730400722792,0.513031810789607,1.62724872975118,18,"UBB;UBE2D1;IKBKB;RIPK1;TLR3;TRAF6;UBE2D3;BIRC3;TICAM1"
"Stimuli-sensing Channels R-HSA-2672351",0.0149306968027965,0.280140362045689,0.380730400722792,0.337554415606282,1.39803457528654,99,"UBB;TRPM8;ANO5;WNK4;CALM1;CLCA1;WWP1;CLCA2;TRPM6;BSND;TRPC4;NEDD4L;TRPV6;STOML3;RYR2;WNK3;TRPM3;BEST2;TRPM1;TRPC7;TRPM2;TRPC5;CLCN1;ASIC2;ASIC5;ANO7;SGK3;SLC9C2;SLC9C1;ANO1;SCNN1B;CLCA4;SCNN1D;RNASE3;TRPA1;ASIC4;SCNN1A;MCOLN2;TRPV2;TRPM4;UNC79;TRPC6;TRDN;TRPC4AP;ANO3;TRPV1;WNK2;SLC17A3;CLIC2"
"TRP Channels R-HSA-3295583",0.0152644033383456,0.281628241592477,0.380730400722792,0.463873567002045,1.57555485435805,25,"TRPM8;TRPM6;TRPC4;TRPV6;TRPM3;TRPM1;TRPC7;TRPM2;TRPC5;TRPA1;MCOLN2;TRPV2;TRPM4;TRPC6;TRPC4AP;TRPV1"
"Ras Activation Upon Ca2+ Influx Thru NMDA Receptor R-HSA-442982",0.0157782374876759,0.286336211456676,0.352487857583619,0.504478625314192,1.61847296255969,19,"CAMK2A;NEFL;CALM1;CAMK2B;CAMK2G;GPRIN1;GRIN2D"
"Assembly And Cell Surface Presentation Of NMDA Receptors R-HSA-9609736",0.0168659058303031,0.294019086627632,0.352487857583619,0.459026356359963,1.55909121684883,25,"CAMK2A;NEFL;NBEA;APBA1;CAMK2B;CAMK2G;GPRIN1;GRIN2D;KIF17;GRIN3B"
"Phase 2 - Plateau Phase R-HSA-5576893",0.0172639933430859,0.294019086627632,0.352487857583619,0.527380730168026,1.60948772902822,15,"CACNB1;CACNB2;KCNE4;CACNA2D2;AKAP9;KCNE5"
"Regulation Of Lipid Metabolism By PPARalpha R-HSA-400206",0.0170062390496445,0.294019086627632,0.352487857583619,0.320528970950453,1.34377861719237,114,"MED7;NPAS2;NR1D1;MED6;TBL1XR1;SREBF2;MED4;TRIB3;NR1H4;GLIPR1;MED23;HDAC3;TIAM2;NRF1;HMGCS2;MED8;CLOCK;MED13;MED25;ANKRD1;G0S2;MED22;CARM1;NCOA1;MED31;MED19;CREBBP;CYP1A1;PPARGC1B;CCNC;HMGCR;MED20;ABCA1;MED12;ESRRA;ANGPTL4;RXRA;ARNT2;ACADM;MBD4;RXRB;MED17;PLIN2;MED21;LIN9;MED18;ACSL1;CDK8;PPARG;PEX11A;ALAS1;FAM120B;CHD9;CPT2;NCOA3;HELZ2;SIN3A;MED24;PPARA;ACOX1;MED27;RORA;MUSK;NCOA6;ABCB4;AHR"
"Sensory Perception Of Sweet, Bitter, And Umami (Glutamate) Taste R-HSA-9717207",0.0169121362476514,0.294019086627632,0.352487857583619,0.414071295679071,1.53525911733664,40,"GNG13;SCN1B;GNB1;CALHM1;TAS2R14;TAS2R50;SCN2A;TAS1R1;SCN2B;GNAT3;SCN3A;TAS2R1;SCN4B;TRPM4;PLCB2;SCN9A;GRM1;TAS2R30"
"PKA-mediated Phosphorylation Of CREB R-HSA-111931",0.0182388484633828,0.305915231044921,0.352487857583619,0.499828484263207,1.60355433729896,19,"NBEA;PRKAR1B;CALM1;ADCY1;ADCY7;ADCY9;ADCY2;PRKCA;PRKAR2A"
"Prefoldin Mediated Transfer Of Substrate To CCT/TriC R-HSA-389957",0.0185777200746,0.306948300337048,0.352487857583619,-0.300875975596199,-1.57710272459785,26,"TUBB4B;TUBA3D;TUBB4A;PFDN2;TUBA1C;VBP1;TUBB2B;PFDN1;CCT3"
"Semaphorin Interactions R-HSA-373755",0.0194741810888954,0.317028212726577,0.352487857583619,-0.215989146026793,-1.36931350280406,63,"MYL12B;RNASE1;ITGB1;PLXNB3;RHOA;SEMA4D;SEMA6A;DPYSL2;DPYSL5;MYL6"
"Activation Of ATR In Response To Replication Stress R-HSA-176187",0.0202028427106646,0.319493526867225,0.352487857583619,0.413937262478864,1.50097260696781,35,"MCM6;ORC3;CDC25C;POLR1B;RAD17;CDC6;ORC4;MCM7;CDC25A;ORC6;SERPINA2;RFC5;ORC5;MCM4;CHEK1;POLR1A;RAD9B;CLSPN;RFC2;RFC4;RAD9A"
"Inhibition Of DNA Recombination At Telomere R-HSA-9670095",0.0201465731736659,0.319493526867225,0.352487857583619,-0.261778901136289,-1.73778956160536,45,"H3-3B;H2AJ;ATRX;H2AC6;H2AC19;H4C15;POLR2I;POLR2E;TERF2IP;POLR2L;POLR2A"
"Voltage Gated Potassium Channels R-HSA-1296072",0.0207746077323272,0.323908320558961,0.352487857583619,0.392923889186728,1.47207262283357,43,"KCNAB2;KCNC1;KCNQ2;KCNV1;KCNA4;KCNA2;KCND3;KCNC3;KCNG1;KCNA3;KCNAB1;KCNQ5;KCNA1;KCNA10;KCNG3;KCNB1"
"Nucleotide-like (Purinergic) Receptors R-HSA-418038",0.0229626304421086,0.338928425325523,0.352487857583619,0.517007957576958,1.5778315663239,15,"ADORA2B;P2RY14;LPAR6;P2RY10;P2RY6;P2RY12;P2RY2;ADORA1;P2RY13;LPAR4"
"PPARA Activates Gene Expression R-HSA-1989781",0.0227477913633466,0.338928425325523,0.352487857583619,0.324395572371525,1.35730646322281,112,"MED7;NPAS2;NR1D1;MED6;TBL1XR1;SREBF2;MED4;TRIB3;NR1H4;GLIPR1;MED23;HDAC3;TIAM2;NRF1;HMGCS2;MED8;CLOCK;MED13;MED25;ANKRD1;G0S2;MED22;CARM1;NCOA1;MED31;MED19;CREBBP;CYP1A1;PPARGC1B;CCNC;HMGCR;MED20;ABCA1;MED12;ESRRA;ANGPTL4;RXRA;ARNT2;ACADM;MBD4;RXRB;MED17;PLIN2;MED21;LIN9;MED18;ACSL1;CDK8;PPARG;PEX11A;ALAS1;FAM120B;CHD9;CPT2;NCOA3;HELZ2;MED24;PPARA;ACOX1;MED27;RORA;MUSK;NCOA6;ABCB4;AHR"
"Signaling By FLT3 Fusion Proteins R-HSA-9703465",0.0225684428756237,0.338928425325523,0.352487857583619,-0.335438167953374,-1.55282650970661,18,"GAB2;PIK3R1;GRB2;LONP1;ZMYM2;SOS1;ETV6;HRAS;GOLGB1;SPTBN1;CDKN1A;NRAS;TRIP11;PIK3CA;STAT5B;NOX4;MYO18A"
"VEGFR2 Mediated Cell Proliferation R-HSA-5218921",0.0224026399056111,0.338928425325523,0.352487857583619,0.499039027094419,1.58286602479058,18,"ITPR1;SYNGAP1;VEGFA;CALM1;PRKCB;PRKCA"
"Sema4D Induced Cell Migration And Growth-Cone Collapse R-HSA-416572",0.0244774256574604,0.356533028984324,0.352487857583619,-0.328026435885899,-1.55910172369129,19,"MYL12B;RHOA;SEMA4D;MYL6;PLXNB1;RHOB"
"Intraflagellar Transport R-HSA-5620924",0.0249543688471003,0.358759562516104,0.352487857583619,0.399233743638478,1.48486050920052,41,"KIF3C;WDR35;IFT57;IFT20;DYNLT2B;DYNC2I1;TTC21B;IFT140;HSPB11;KIF3B;IFT88;KIF17;IFT74;DYNC2LI1;DYNLT5;IFT81;IFT46;IFT80;TRAF3IP1;KIFAP3;DYNLL1"
"Dopamine Neurotransmitter Release Cycle R-HSA-212676",0.0256569139388302,0.36010028218956,0.352487857583619,0.456676564716588,1.52095058042012,23,"CPLX1;SYN2;PPFIA4;PPFIA3;PPFIA1;APBA1;SYN3;RIMS1;SYT1;STXBP1;STX1A;SLC18A2;RAB3A;PPFIA2;SNAP25"
"HSP90 Chaperone Cycle For Steroid Hormone Receptors (SHR) In Presence Of Ligand R-HSA-3371497",0.0256982134534555,0.36010028218956,0.352487857583619,-0.233757116946229,-1.37818596337298,38,"DYNC1LI2;HSPA2;DYNC1I2;DYNC1H1;DNAJA2;STIP1;ACTR10;DCTN5"
"Ca2+ Pathway R-HSA-4086398",0.0303951367781155,0.369751828718394,0.261663521711573,0.363167036563882,1.43028686362933,61,"CAMK2A;ITPR1;PPP3CA;GNG13;AGO4;CALM1;GNB4;TCF7;GNG10;FZD9;GNG2;GNB1;TNRC6C;AXIN2;PRKCA;PPP3CB;NLK;PLCB1;GNAT2;GNG4;PLCB2;FZD4;GNG12;PRKG1;WNT5A;PPP3R1;TNRC6A;GNB2"
"GABA Synthesis, Release, Reuptake And Degradation R-HSA-888590",0.0274402224860591,0.369751828718394,0.352487857583619,0.484617369942472,1.5547539005249,19,"ABAT;CPLX1;SLC6A12;GAD1;SLC6A1;RIMS1;SYT1;STXBP1;STX1A;SLC6A13;SLC6A11"
"Glucagon Signaling In Metabolic Regulation R-HSA-163359",0.0287195346018961,0.369751828718394,0.352487857583619,0.416826908699508,1.48756256587089,32,"PRKAR1B;GNG13;GNB4;GNG10;ADCY1;GNG2;GNB1;ADCY7;ADCY9;ADCY2;PRKCA;PRKAR2A;GCG;GNG4;GNG12;GNB2;GNG3;CYSLTR2"
"Interleukin-12 Signaling R-HSA-9020591",0.0292978584891311,0.369751828718394,0.352487857583619,-0.246124225556513,-1.53532144752687,44,"PDCD4;HNRNPA2B1;SNRPA1;RPLP0;AURKAIP1;HNRNPDL;HNRNPF;CDC42"
"Interleukin-6 Family Signaling R-HSA-6783589",0.0290635091496232,0.369751828718394,0.276500599254472,0.441057972553829,1.48316961839108,24,"CNTF;IL11;IL31RA;TYK2;JAK2;CNTFR;IL6R;CRLF1;CLCF1;CCM2;OSMR"
"PD-1 Signaling R-HSA-389948",0.029898207898464,0.369751828718394,0.352487857583619,-0.325630694706202,-1.50742528257623,18,"HLA-DRB1;CD274;HLA-DPA1;CSK;TARP;PTPN11;HLA-DRA;PDCD1"
"RAF-independent MAPK1/3 Activation R-HSA-112409",0.0282608695652174,0.369751828718394,0.282013350011725,0.450404799389399,1.50006261319857,23,"DUSP9;DUSP8;TYK2;MAPK1;JAK2;IL6R;DUSP16;MAP2K1;MAPK3"
"RHO GTPases Activate ROCKs R-HSA-5627117",0.0302839859080588,0.369751828718394,0.352487857583619,-0.324653428103811,-1.50290127299049,18,"MYL12B;RHOA;PPP1CB;MYL6"
"Sensory Processing Of Sound R-HSA-9659379",0.0291750503018109,0.369751828718394,0.266350657088526,0.345248226723868,1.38982580336827,75,"EZR;TMC1;USH1C;EPB41L1;CAPZA2;CACNB2;BSN;CHRNA10;CACNA2D2;ESPNL;CABP1;PLS1;OTOGL;CACNA1D;KCNN2;SLC26A5;OTOG;PJVK;TRIOBP;CHRNA9;GRXCR1;CAPZA1;SPTAN1;TWF1;STX1A;ATP2B1;LRRC52;MYO3A;RIPOR2;CABP2;EPS8L2;RAB3A;TMC2;CLIC5;EPB41L3;SNAP25"
"Synthesis Of Bile Acids And Bile Salts Via 27-Hydroxycholesterol R-HSA-193807",0.0289855072463768,0.369751828718394,0.282013350011725,0.508829373792285,1.55287174225511,15,"AKR1C4;NR1H4;NCOA1;AKR1C1;HSD3B7;CYP8B1;AKR1C3;RXRA;AKR1C2"
"Synthesis Of PIPs At Golgi Membrane R-HSA-1660514",0.0274725274725275,0.369751828718394,0.287857117255149,0.496351602354076,1.56202642472457,17,"TPTE2;VAC14;PI4K2B;PIK3R4;PI4KA;INPP5E"
"Transcription Of E2F Targets Under Negative Control By DREAM Complex R-HSA-1362277",0.0300691957908376,0.369751828718394,0.352487857583619,0.479596837479241,1.53864698213102,19,"RBL2;CDC6;TOP2A;CDC25A;LIN52;E2F4;LIN54;HDAC1;LIN9;LIN37;PCNA"
"HS-GAG Biosynthesis R-HSA-2022928",0.0314795383001049,0.370721796789534,0.261663521711573,0.418323245817582,1.47774614809749,30,"HS6ST3;EXT1;NDST3;HS6ST1;GPC6;NDST4;GPC3;GPC2;HS3ST4;SDC3;SDC2;HS6ST2;HS2ST1;HS3ST2;HS3ST5;HS3ST1;GLCE;SDC1;GPC1;HS3ST6"
"Netrin-1 Signaling R-HSA-373752",0.0314720812182741,0.370721796789534,0.257206466468838,0.376537177460789,1.43381737404503,49,"EZR;DCC;MAPK12;UNC5C;NTN1;AGAP2;MAPK13;TRPC4;MAPK11;ROBO1;RGMB;HJV;TRPC7;TRPC5;ABLIM2;MAPK8"
"Vasopressin Regulates Renal Water Homeostasis Via Aquaporins R-HSA-432040",0.0308324768756423,0.370721796789534,0.261663521711573,0.388048974100871,1.45132779876062,42,"MINDY4;PRKAR1B;AQP3;GNG13;GNB4;GNG10;ADCY1;GNG2;GNB1;ADCY7;AVPR2;ADCY9;ADCY2;PRKCA;NLRP3;PRKAR2A;GNG4;GNG12;GNB2;RAB11A;GNG3;GNGT2;GNB5;RAB11FIP2"
"TNF Receptor Superfamily (TNFSF) Members Mediating Non-Canonical NF-kB Pathway R-HSA-5676594",0.0325474040094598,0.37926290777339,0.321775918075361,0.504663106025571,1.58818285960358,17,"TNFSF11;TNFSF12;TNFSF13B;TANK;BIRC3;CD40;LTBR"
"Organelle Biogenesis And Maintenance R-HSA-1852241",0.032967032967033,0.380151098901099,0.248911114434702,0.275663671511313,1.22421770442936,274,"CRTC1;KIF3C;LZTFL1;MAPK12;CEP63;BBS4;APOOL;WDR35;IQCB1;NR1D1;TWNK;MKS1;CEP192;TBL1XR1;IFT57;CEP164;HAUS8;IFT20;DYNLT2B;RAB11FIP3;YWHAG;B9D1;DYNC2I1;CALM1;PKD1;AHI1;CHCHD6;TTC21B;DCTN2;INPP5E;HDAC3;RAB3IP;BBS12;FBF1;NRF1;AKAP9;IFT140;MAPK11;CEP70;PRKAG2;HSPB11;KIF3B;PDE6D;CEP76;BBS7;ACSS2;CEP135;BBS9;CARM1;ATP5F1E;IMMT;TMEM216;NCOA1;TTBK2;IFT88;CEP83;HAUS3;PRKAB2;CREBBP;MEF2C;PRKCA;TUBA4A;EXOC7;GDNF;KIF17;IFT74;TMEM67;DYNC2LI1;PRKAA2;PPARGC1B;SFI1;CHCHD3;HAUS7;APOO;CRTC2;CC2D2A;ATP5PD;ODF2;DYNLT5;IFT81;TTC8;ESRRA;IFT46;CEP89;KIF24;SIRT4;RPGRIP1L;BBS5;HAUS2;MKKS;ARL6;CKAP5;RXRA;CEP78;NINL;UNC119B;MBD4;PRKD2;CNGA2;IFT80;LIN9;OFD1;TRAF3IP1;NPHP4;KIFAP3;DYNLL1;TCTN3;ACTR1A;ARL3;CENPJ;CYCS;EXOC6;ALAS1;TCTN1;PAFAH1B1;DNAJC11;CHD9;CLUAP1;MAPK14;CEP131;EXOC1;HELZ2;DCTN3;RAB11A;DYNLRB2;ALMS1"
"DAP12 Interactions R-HSA-2172127",0.0337822621865986,0.385535713820254,0.321775918075361,-0.247935320281444,-1.53151363684332,40,"HLA-B;RNASE1;SIGLEC15;SIGLEC16;HLA-C;B2M;HLA-E"
"Cooperation Of Prefoldin And TriC/CCT In Actin And Tubulin Folding R-HSA-389958",0.0347848485966889,0.390731570587686,0.321775918075361,-0.25531141256238,-1.44175496366286,30,"TUBB4B;TUBA3D;TUBB4A;PFDN2;TUBA1C;VBP1;TUBB2B;PFDN1;CCT3;TUBAL3"
"Kinesins R-HSA-983189",0.0349434737923947,0.390731570587686,0.245041785430996,0.385216708189768,1.44073494444426,42,"KIF3C;KIFC2;KIF22;KIF2A;KIF27;KLC3;KIF3B;CENPE;KIF5A;KLC4;KIF23;KIF25;KIF4A;KIF11;KIF20A;KIF2B;KIF15"
"PKA Activation In Glucagon Signaling R-HSA-164378",0.035437430786268,0.392292358803987,0.252961123069611,0.489883837067258,1.51750681592014,16,"PRKAR1B;ADCY1;ADCY7;ADCY9;ADCY2;PRKCA;PRKAR2A"
"Glutamate Binding, Activation Of AMPA Receptors And Synaptic Plasticity R-HSA-399721",0.0366108786610879,0.397335712527689,0.241339976815091,0.414578678227814,1.47061429924336,31,"CAMK2A;GRIA4;CACNG3;EPB41L1;PRKCG;GRIA1;CACNG2;CAMK2B;PRKCB;CAMK2G;PRKCA;MDM2;AP2A1;CACNG8;NSF;AKAP5;TSPAN7;GRIA3;GRIA2;LGALS12;AP2B1"
"Regulation Of MECP2 Expression And Activity R-HSA-9022692",0.0366108786610879,0.397335712527689,0.241339976815091,0.414325629804624,1.4697166731736,31,"CAMK2A;TBL1XR1;AGO4;CALM1;HDAC3;CAMK2B;TNRC6C;CAMK2G;AURKB;PRKCA;FOXG1"
"Activation Of NMDA Receptors And Postsynaptic Events R-HSA-442755",0.0372233400402414,0.400060557519877,0.234392647294686,0.341158850242523,1.37280806638957,74,"CAMK2A;NEFL;GRIA4;NBEA;PRKAR1B;NRGN;GRIA1;CALM1;ADCY1;APBA1;CAMK2B;PRKAG2;CAMK2G;GPRIN1;GRIN2D;PPM1E;MAPK1;CAMKK2;PRKAB2;PRKCA;KIF17;GRIN3B;PRKAA2;MAPK3;PRKAR2A;CAMKK1;RPS6KA3;ARHGEF7;KPNA2;MAPT;CAMK1;MPP3;RPS6KA6"
"Ion Channel Transport R-HSA-983712",0.038,0.404480769230769,0.231126709673834,0.292887038675112,1.26042965436911,173,"CAMK2A;FXYD7;FXYD1;UBB;ATP6V1D;TRPM8;ANO5;ATP1A2;ATP9B;PLN;WNK4;CALM1;CLCA1;WWP1;CLCA2;TRPM6;BSND;TRPC4;NEDD4L;CAMK2B;TRPV6;STOML3;ATP6V1A;ATP13A4;CAMK2G;RYR2;WNK3;TRPM3;BEST2;TRPM1;ATP10D;TRPC7;TRPM2;TRPC5;ATP13A5;ATP13A2;CLCN1;ASIC2;ATP1A3;ASIC5;ATP1B2;ANO7;ATP6V1H;SGK3;SLC9C2;ATP2B3;ATP4B;SLC9C1;ANO1;SLN;SCNN1B;CLCA4;SCNN1D;RNASE3;TRPA1;ASIC4;ATP6V1E2;ATP6V1G3;SCNN1A;ATP2B1;ATP8A2;MCOLN2;TRPV2;TRPM4;UNC79;TRPC6;TRDN;TRPC4AP;ANO3;TRPV1;WNK2;ATP6V1C1;SLC17A3;CLIC2;FXYD3;CLCN6;STOM;ATP4A;ATP6V0D2;ATP6V1B1;SRI;UNC80;MCOLN3;ATP8B3;ATP12A;ATP2A2;ATP6V0A4;SCNN1G;ATP7B"
"RHOBTB1 GTPase Cycle R-HSA-9013422",0.0391304347826087,0.412546583850932,0.237793834423688,0.437409495590832,1.45678205890205,23,"RNF20;COPS4;DBN1;CUL3;ROCK2;PDE5A;RBM15;RBBP6"
"G Alpha (Q) Signaling Events R-HSA-416476",0.040959040959041,0.427070975955557,0.222056046145248,0.283251260150549,1.23693948772586,210,"ITPR1;MCHR2;CHRM1;GNA14;RGS4;CCL23;NTS;DGKI;MGLL;GNG13;GNRHR;ADRA1B;BDKRB1;PROK1;QRFP;CCKAR;CCKBR;GNB4;RGS21;GNG10;NPSR1;GRM5;PRKCE;GNG2;GNB1;DGKG;LPAR6;RGS17;GNRH2;GPRC6A;GPR143;PIK3R3;RASGRP1;PLCB4;P2RY10;MRLN;PIK3R2;MAPK1;DGKE;UTS2B;TRPC7;KALRN;FFAR2;GPNMB;PRKCA;HBEGF;CASR;DGKK;FFAR3;MAPK3;P2RY6;NLRP3;PLCB1;F2R;DGKZ;P2RY2;NMUR2;DAGLA;RPS6KA3;GHSR;GCG;CHRM5;GNG4;PLCB2;GRK5;GRK2;EDNRA;TRPC6;GRM1;UTS2;MAPK7;AVPR1A;GNG12;LPAR4;TRIO;BTK;TRHR;EGFR;NPFFR2;LTB4R;RGS18;FPR2;NPS;GNB2;TAC1;QRFPR;DGKA;HTR2C;LPAR3;UTS2R;GPR39;HCRTR1;RASGRP2;GNG3;CYSLTR2;PTAFR;RGS5;TACR3;DGKB;GNGT2;ADRA1D;NTSR2;GNB5;HTR2A;GRPR;RGSL1;BDKRB2;NMUR1;EDN3"
"RET Signaling R-HSA-8853659",0.0412796697626419,0.427070975955557,0.224966093540314,0.382693368681388,1.41891864889796,40,"SHC3;DOK6;GFRA4;SHANK3;RAP1GAP;GFRA2;DOK4;PIK3R3;PIK3R2;DOK2;PRKCA;FRS2;GDNF;RET;DOK1;IRS2;NRTN;GRB7;MAPK7;DOK5;GFRA3"
"Aggrephagy R-HSA-9646399",0.0435839993483857,0.432084309133489,0.321775918075361,-0.285836288435157,-1.48344281699883,23,"DYNC1LI2;DYNC1I2;RPS27A;DYNC1H1;VCP"
"Antigen Processing: Ubiquitination And Proteasome Degradation R-HSA-983168",0.042957042957043,0.432084309133489,0.216542836735348,0.269060627792458,1.20110230248436,303,"FBXL16;TRIM32;UBE2Q1;UBB;TRIM39;ASB9;UBE2D1;ASB6;FBXO9;FBXO44;HECTD2;RNF182;ASB12;LNX1;RNF41;PSMA6;KLHL13;UBE2E2;LRSAM1;CUL3;WWP1;FBXO2;KLHL11;UBR2;THOP1;CBLL2;ATG7;NEDD4L;CDC23;UBE2L6;ASB2;KLHL3;HERC2;TRAIP;HERC6;LMO7;MIB2;TRIM69;TRIM71;UBR1;ASB15;TRIM4;BTRC;SMURF1;PSMD9;RNF111;PSMB3;UBE2D4;ASB14;FBXL22;CUL2;FBXO41;UBE2D3;HERC3;PSMB4;FBXL18;UBE3A;PSMD13;PSMF1;UBE2Q2;ASB10;PSME4;FBXO27;RNF114;HERC4;GAN;ANAPC5;UBR4;UBE3D;RBCK1;CUL7;FBXO17;ANAPC4;RBBP6;ASB8;CBLB;BLMH;TRAF7;KLHL42;ASB5;KLHL9;FBXL13;GLMN;NEDD4;PSMB9;PSMC2;UBE2M;PRKN;KBTBD13;PSMB11;KCTD7;TRIM21;PSMC6;UBE2C;FBXO31;ANAPC13;FBXO15;UBE2E3;FBXO21;PSMC3;UBA1;FBXO6;HACE1;RNF14;TRIM63;TRIM37;UBE2R2;HECW2;DZIP3;SH3RF1;RNF6;FBXO10;PSMD12;PSMD5;KLHL22;ASB11;FBXO11;FBXL15;RNF144B;FBXW8;ASB17;KBTBD7;FBXW10;RNF115;UBOX5;FBXL12;ASB13;FBXO40"
"Signaling To RAS R-HSA-167044",0.0426229508196721,0.432084309133489,0.227987202850442,0.456553714492486,1.46471982316809,19,"SHC3;SHC2;MAPK12;MAPK13;MAPK11"
"Synthesis, Secretion, And Deacylation Of Ghrelin R-HSA-422085",0.0437158469945355,0.432084309133489,0.224966093540314,0.455427093573507,1.46110538758068,19,"PCSK1;INS;BCHE;IGF1;SPCS2;KLF4;GCG;CRHR2;MBOAT4"
"TRAF6 Mediated NF-kB Activation R-HSA-933542",0.0428694644760952,0.432084309133489,0.321775918075361,-0.276650082364115,-1.42811992816664,24,"HMGB1;S100B;APP;SAA2;NFKB2;RELA"
"Signaling By VEGF R-HSA-194138",0.0451807228915663,0.442611152574901,0.211400189384923,0.319289391141127,1.32384075391096,102,"ITPR1;AKT3;CYFIP2;SHC2;MAPK12;SYNGAP1;PXDN;BAIAP2;VEGFA;CALM1;TRIB3;RICTOR;CYBB;PTK2B;MAPK13;HOXC13;MAPK11;NCKAP1;PRKCB;VAV3;ROCK2;PIK3R2;VAV1;CRK;NCF4;PRKCA;THEM4;WASF1;MAPKAP1"
"ADORA2B Mediated Anti-Inflammatory Cytokine Production R-HSA-9660821",0.047047047047047,0.445137445137445,0.206587922696891,0.302502553018838,1.27950619386679,130,"PRKAR1B;ADORA2B;GNG13;PTHLH;GNB4;GNG10;NPSR1;HTR6;ADCY1;RXFP2;ADRB3;GNG2;GIPR;GNB1;LHCGR;GLP2R;ADCY7;GPR83;MC2R;AVPR2;RLN2;CRH;GPR45;ADCY9;HRH2;HTR7;ADCY2;PRKCA;GPR150;GNAT3;CHGA;SCT;NLRP3;PRKAR2A;GCG;ADM2;RAMP2;TAAR1;GNAI3;CRHR2;GNG4;FSHB;PTGER2;TSHR;IAPP;CALCA;GNG12;LHB;TAAR6;TAAR8;CALCB;INSL3;NPS;MC1R;GNB2;DRD1;RAMP1;GPR39;RXFP1;PTH2R;GNG3;CYSLTR2;PTGDR;GPR84;GNGT2;ADCYAP1R1;GNB5;GHRH;TSHB;ADRB2;PTRH2;SCTR"
"G Beta:Gamma Signaling Thru PLC Beta R-HSA-418217",0.0458515283842795,0.445137445137445,0.219250346703755,0.443275440156803,1.43969276573482,20,"GNG13;GNB4;GNG10;GNG2;GNB1;PLCB1;GNG4;PLCB2;GNG12;GNB2;GNG3;GNGT2;GNB5"
"NCAM1 Interactions R-HSA-419037",0.0467289719626168,0.445137445137445,0.211400189384923,0.387387190132391,1.41864220412153,37,"CACNB1;CACNB4;CACNB3;CACNB2;CACNA1G;GFRA4;COL4A3;COL6A5;CACNA1S;CACNA1D;GFRA2;ST8SIA4"
"cGMP Effects R-HSA-418457",0.0468227424749164,0.445137445137445,0.219250346703755,0.488561306826746,1.49101660950924,15,"PDE1B;ITPR1;PDE2A;IRAG1;PDE1A;PDE5A;PDE10A;PRKG1;KCNMB3;PDE11A;KCNMB1"
"Other Semaphorin Interactions R-HSA-416700",0.0474854552062547,0.445477956892576,0.321775918075361,-0.304148334773947,-1.44560968607068,19,"ITGB1;PLXNB3;SEMA4D;SEMA6A"
"Cooperation Of PDCL (PhLP1) And TRiC/CCT In G-protein Beta Folding R-HSA-6814122",0.0488058151609553,0.451713819368879,0.206587922696891,0.38673581800648,1.41625682842522,37,"RGS11;GNA14;GNG13;GNB4;GNG10;RGS9BP;RGS6;GNG2;GNB1;CCT6A;CCT6B;PDCL"
"RHOBTB2 GTPase Cycle R-HSA-9013418",0.0489662676822633,0.451713819368879,0.211400189384923,0.434691545480725,1.43440853131153,22,"ACTN1;DBN1;CUL3;PHIP;RHOBTB2;CCT6A"
"RAB GEFs Exchange GTP For GDP On RABs R-HSA-8876198",0.0503018108651912,0.460199211799724,0.199915231309662,0.327045210068352,1.33751424589297,87,"RAB6B;AKT3;SBF1;TRAPPC5;RAB18;RAB12;DENND2C;RAB31;MADD;RAB3IP;ALS2;RAB3GAP2;DENND6B;RAB7B;DENND2B;RAB39B;RAB27A;ALS2CL;HPS4;TRAPPC11;CHML;TRAPPC6B;DENND4A;TRAPPC2;TRAPPC8;RAB10;GAPVD1;TRAPPC2L;RAB8B;TRAPPC13;RINL"
"Signal Transduction By L1 R-HSA-445144",0.0514996913643174,0.46729637983852,0.321775918075361,-0.31792512276487,-1.55942869423135,20,"NCAM1;RNASE1;ITGB1;ITGAV"
"Integration Of Energy Metabolism R-HSA-163685",0.0521564694082247,0.469408224674022,0.195789002148949,0.311899099401121,1.29632263352467,105,"CACNA1E;MLXIPL;ITPR1;GNA14;CACNB3;PRKAR1B;CACNB2;GNG13;PFKFB1;CACNA1A;INS;CACNA2D2;GNB4;GNG10;ADCY1;GNG2;CACNA1D;GNB1;PRKAG2;ADCY7;STK11;PRKAB2;ADCY9;ABCC8;ADCY2;PRKCA;STXBP1;ADIPOQ;PRKAA2;ADRA2C;KCNB1;PLCB1;PRKAR2A;STX1A"
"IKK Complex Recruitment Mediated By RIP1 R-HSA-937041",0.0533188248095756,0.474001193913214,0.20207170902116,0.446662200208314,1.46215893275313,21,"UBB;UBE2D1;IKBKB;RIPK1;TRAF6;UBE2D3;SARM1;BIRC3;TICAM1"
"NRIF Signals Cell Death From Nucleus R-HSA-205043",0.0535231700444009,0.474001193913214,0.321775918075361,-0.352240827790919,-1.54115968019775,15,"SQSTM1;PSENEN;PSEN1;RPS27A"
"Aquaporin-mediated Transport R-HSA-445717",0.0548223350253807,0.481653372008702,0.191892240384838,0.360802849994795,1.37390256764586,49,"MINDY4;PRKAR1B;AQP3;GNG13;GNB4;GNG10;ADCY1;GNG2;GNB1;ADCY7;AVPR2;ADCY9;AQP9;ADCY2;PRKCA;NLRP3;PRKAR2A;GNG4;GNG12;AQP5;GNB2;RAB11A;GNG3;GNGT2;GNB5;RAB11FIP2"
"Cobalamin (Cbl, Vitamin B12) Transport And Metabolism R-HSA-196741",0.0565832426550598,0.485563175342258,0.195789002148949,0.437316465929191,1.43156545774454,21,"CTRB2;TCN1;AMN;MTRR;MTR;ABCD4;MMACHC;CD320;MMUT;CTRB1;CBLIF;PRSS3"
"RUNX1 Interacts With Co-Factors Whose Precise Effect On RUNX1 Targets Is Not Known R-HSA-8939243",0.0559737928071285,0.485563175342258,0.321775918075361,-0.237946557177674,-1.41002500599223,34,"CBX4;SMARCB1;HIPK2;CBFB;SMARCE1;CBX2"
"tRNA Modification In Nucleus And Cytosol R-HSA-6782315",0.0565262076053443,0.485563175342258,0.190023305279108,0.371188189977281,1.38826739571699,42,"TRMT5;TRDMT1;WDR4;NSUN2;TRMT12;PUS1;TRMU;NSUN6;QTRT1;PUS7;PUS3;THG1L;CTU2;THADA;TRMT61A;TRIT1;DUS2;URM1;ALKBH8;TYW5;TRMT44;TRMT6;QTRT2;FTSJ1;TP53RK"
"Binding And Uptake Of Ligands By Scavenger Receptors R-HSA-2173782",0.0570963087238341,0.486197028902187,0.321775918075361,-0.207961870149379,-1.26369339316603,39,"CALR;FTH1;SPARC;HBA1;SAA2;APOE"
"Acetylcholine Neurotransmitter Release Cycle R-HSA-264642",0.0593406593406593,0.494478074026154,0.191892240384838,0.459904317829022,1.44732623786594,17,"CPLX1;PPFIA4;PPFIA3;PPFIA1;RIMS1;SYT1;STXBP1;STX1A;RAB3A;PPFIA2;SNAP25"
"G Beta:Gamma Signaling Thru BTK R-HSA-8964315",0.0596026490066225,0.494478074026154,0.191892240384838,0.448506819150177,1.4225865460927,18,"GNG13;GNB4;GNG10;GNG2;GNB1;GNG4;GNG12;BTK;GNB2;GNG3;GNGT2;GNB5"
"Muscle Contraction R-HSA-397014",0.0589410589410589,0.494478074026154,0.183023938384487,0.280603512082147,1.21731404338836,194,"FGF13;CAMK2A;CACNB1;FGF12;FXYD7;FXYD1;ITPR1;SORBS1;CACNB2;SLC8A2;KCNIP2;CACNA1G;PXDN;SCN1B;ATP1A2;KCND3;KCNE4;TNNT1;HIPK1;PLN;CALM1;CACNA2D2;MYL2;MYH8;ANXA6;FGF14;AKAP9;MYL3;CAMK2B;GUCY1B1;SLC8A3;CAMK2G;SLC8A1;TNNI3;ORAI2;RYR2;KCNK10;KCNIP3;SCN2A;CORIN;MYL7;TMOD4;SCN2B;ATP1A3;ATP1B2;KCNE5;PRKCA;KCNK7;SCN10A;ATP2B3;PDE5A;MYL5;CACNA1H;SLN;MYL4;NPPA;NPRL2;NEB;ATP2B1;SCN3A;KCNK16;MYL10;ITGA1;CACNG8;SCN4B;DMPK;TTR;SCN9A;TRDN;TNNC2;SCN3B;RANGRF;SCN1A;SORBS3;SCN5A"
"Signaling By RAF1 Mutants R-HSA-9656223",0.0598555211558308,0.494478074026154,0.184706471207739,0.38064148593053,1.40297624413261,38,"CAMK2A;ARAF;KSR2;FGG;CALM1;CNKSR2;CAMK2B;CAMK2G;CNKSR1;ARRB2;MAPK1;JAK2;MAP2K1;MAPK3"
"Adrenaline,noradrenaline Inhibits Insulin Secretion R-HSA-400042",0.0613107822410148,0.497590100712398,0.184706471207739,0.402112762180555,1.40043668231487,28,"CACNB3;CACNB2;GNG13;CACNA2D2;GNB4;GNG10;GNG2;CACNA1D;GNB1"
"GAG Synthesis Requires Tetrasaccharide Linker Sequence R-HSA-1971475",0.0616239651084852,0.497590100712398,0.321775918075361,-0.256417136610482,-1.34406266230011,26,"HSPG2;B3GAT3;XYLT1;B4GALT7;B3GALT6;BGN"
"Nuclear Events Stimulated By ALK Signaling In Cancer R-HSA-9725371",0.0620302022568302,0.497590100712398,0.321775918075361,-0.291163269079439,-1.3838919825817,19,"RPS6;NPM1;FN1;RBX1"
"Post NMDA Receptor Activation Events R-HSA-438064",0.060790273556231,0.497590100712398,0.181383128498408,0.341962623645764,1.34677599894649,61,"CAMK2A;NEFL;PRKAR1B;NRGN;GRIA1;CALM1;ADCY1;CAMK2B;PRKAG2;CAMK2G;GPRIN1;GRIN2D;MAPK1;CAMKK2;PRKAB2;PRKCA;PRKAA2;MAPK3;PRKAR2A;CAMKK1;RPS6KA3;ARHGEF7;KPNA2;MAPT;CAMK1;MPP3;RPS6KA6;PRKAA1;ERBB4"
"PI Metabolism R-HSA-1483255",0.0644511581067472,0.509624514458351,0.175204047558551,0.322097091659382,1.30844158137574,82,"PIP5K1C;PTEN;SBF1;PIK3R6;INPP4A;TPTE2;PIP4K2B;VAC14;PIP5K1B;PI4K2B;PIK3R4;INPP5D;PI4KA;INPP5E;MTMR1;TNFAIP8L2;PLEKHA6;PITPNB;PIK3R3;PNPLA7;PIK3R2;RUFY1;PIP4P1;PLEKHA3;TNFAIP8"
"Signaling By Hippo R-HSA-2028269",0.064410480349345,0.509624514458351,0.183023938384487,0.430577411288225,1.39845145470095,20,"AMOT;WWC1;CASP3;DVL2;MOB1B;SAV1;STK24;TJP1;LATS1;NPHP4;AMOTL1;YAP1"
"G Alpha (S) Signaling Events R-HSA-418555",0.0649350649350649,0.509809339596574,0.173747838999571,0.286695027079784,1.22628464357348,152,"PDE1B;PDE2A;PRKAR1B;ADORA2B;GNG13;GRK3;PTHLH;PDE1A;GNB4;GNG10;NPSR1;HTR6;ADCY1;RXFP2;ADRB3;GNG2;GIPR;GNB1;LHCGR;GLP2R;ADCY7;ARRB2;GPR83;MC2R;AVPR2;RLN2;CRH;GPR45;ADCY9;HRH2;HTR7;ADCY2;PRKCA;GPR150;GNAT3;CHGA;PDE8B;SCT;NLRP3;PRKAR2A;PDE10A;ITGA5;GCG;ADM2;RAMP2;TAAR1;GNAI3;CRHR2;GNG4;FSHB;GRK5;GRK2;PTGER2;TSHR;IAPP;CALCA;GNG12;PDE4A;LHB;TAAR6;TAAR8;CALCB;INSL3;NPS;MC1R;GNB2;DRD1;RAMP1;GPR39;RXFP1;PTH2R;GNG3;PDE11A;CYSLTR2;PTGDR;GPR84;GNGT2;ADCYAP1R1;GNB5;ARRB1;GHRH;TSHB;ADRB2;PTRH2;SCTR"
"RNA Polymerase III Transcription Initiation From Type 3 Promoter R-HSA-76071",0.0691489361702128,0.535299806576402,0.173747838999571,0.403573652408292,1.38785955207315,27,"POU2F1;CRCP;POLR3C;BDP1;SNAPC5;POLR3G;BRF2;POLR3F;ZNF143;SNAPC3;POLR3D;POLR2K;POLR3GL;POLR1D;POLR3H"
"Synthesis Of IP3 And IP4 In Cytosol R-HSA-1855204",0.0690754516471838,0.535299806576402,0.173747838999571,0.407951387692414,1.39780291893846,26,"ITPKA;PTEN;CALM1;INPP5D;PLCD4;PLCB4;PLCH2;PLCB1;INPP5J;PLCB2;PLCD1;INPP5B"
"Rab Regulation Of Trafficking R-HSA-9007101",0.0721442885771543,0.554609218436874,0.16440575583821,0.297623323023262,1.24974549982113,118,"RAB6B;AKT3;SBF1;TBC1D10C;TRAPPC5;RAB18;GGA2;RAB12;DENND2C;RAB31;MADD;RAB3IP;ALS2;RAB3GAP2;DENND6B;RAB7B;TBC1D20;MAP1LC3B;DENND2B;TSC1;RAB39B;RAB27A;ALS2CL;HPS4;TRAPPC11;CHML;TRAPPC6B;TBC1D10A;DENND4A;TRAPPC2;TRAPPC8;RAB10;TBC1D14;GAPVD1;TRAPPC2L;RAB8B;TRAPPC13;RINL;RABGAP1;RAB13;SBF2;TBC1D10B;MON1A"
"Activated PKN1 Stimulates Transcription Of Androgen Receptor Regulated KLK2 And KLK3 R-HSA-5625886",0.0761745307134421,0.569958528465835,0.287805130535564,-0.23668485050555,-1.41724186567788,33,"H3-3B;H2AJ;H2AC6;H2AC19;KDM1A;H4C15"
"G Alpha (12/13) Signaling Events R-HSA-416482",0.0756048387096774,0.569958528465835,0.160801401070022,0.319509331624331,1.29021507224393,78,"PLEKHG5;ARHGEF11;GNG13;ADRA1B;ARHGEF9;ARHGEF4;GNB4;AKAP13;GNG10;TIAM2;ARHGEF33;GNG2;ARHGEF17;ABR;GNB1;VAV3;ARHGEF6;FGD1;ROCK2;ECT2;VAV1;TIAM1;KALRN;ARHGEF16"
"Paradoxical Activation Of RAF Signaling By Kinase Inactive BRAF R-HSA-6802955",0.0753353973168215,0.569958528465835,0.163180127180689,0.365618385621059,1.35560944660528,40,"CAMK2A;ARAF;KSR2;FGG;CALM1;CNKSR2;CAMK2B;CAMK2G;CNKSR1;ARRB2;MAPK1;JAK2;MAP2K1;MAPK3"
"Regulation Of TNFR1 Signaling R-HSA-5357905",0.0762004175365344,0.569958528465835,0.163180127180689,0.378073305650146,1.36307795440233,34,"UBB;IKBKB;MADD;TANK;RIPK1;USP4;SPPL2B;TAX1BP1;BIRC3;SPPL2A;RBCK1;RNF31;CASP8"
"Common Pathway Of Fibrin Clot Formation R-HSA-140875",0.0783460282916213,0.578193688792165,0.16440575583821,0.422929178067599,1.39559470955397,22,"F5;SERPINE2;FGG;SERPIND1;F8;F13A1;PROS1;PROCR;F2R;FGA;THBD;SERPINC1;PF4V1;F13B;FAM110A;PROC"
"Synthesis, Secretion, And Inactivation Of Glucagon-like Peptide-1 (GLP-1) R-HSA-381771",0.0783460282916213,0.578193688792165,0.16440575583821,0.422396995978908,1.38272623148009,21,"PCSK1;GNG13;PAX6;GNB1;SPCS2;GNAT3;GCG;DPP4"
"Inositol Phosphate Metabolism R-HSA-1483249",0.0790273556231003,0.579359487912398,0.157402899305283,0.350023099478301,1.33107388956978,48,"ITPKA;PPIP5K2;PTEN;INPP4A;CALM1;NUDT10;INPP5D;PLCD4;NUDT11;PLCB4;IP6K1;PLCH2;PLCB1;INPP5J;INPP5A;IMPA2;MTMR9;PLCB2;PLCD1;INPP5B;MIOX"
"Constitutive Signaling By AKT1 E17K In Cancer R-HSA-5674400",0.0799275835906437,0.582104177860806,0.287805130535564,-0.243655875426647,-1.27717191190885,26,"RPS6KB2;CDKN1B;FOXO4;PRR5"
"Activation Of Kainate Receptors Upon Glutamate Binding R-HSA-451326",0.0819327731092437,0.585158579560857,0.157402899305283,0.385599790815201,1.35161866611654,29,"GNG13;CALM1;GNB4;GNG10;GNG2;GNB1;GRIK1;GRIK4;PLCB1;GNG4;PLCB2;MPP3;GNG12;NCALD;GNB2;GNG3;GNGT2;GNB5"
"Activation Of Matrix Metalloproteinases R-HSA-1592389",0.081419624217119,0.585158579560857,0.157402899305283,0.376854272424546,1.35151136916131,33,"MMP24;MMP16;CTRB2;MMP13;MMP15;CTSK;MMP7;PLG;CTSG;FURIN;MMP14;MMP17;ELANE;MMP10;CTRB1;CTSV;TPSAB1;MMP1;MMP2;PRSS2;COL18A1;MMP8;KLKB1;MMP3;MMP9"
"mRNA Splicing - Minor Pathway R-HSA-72165",0.0818358418749261,0.585158579560857,0.287805130535564,-0.213192328519899,-1.46346589163788,49,"SNRPD3;YBX1;SRSF1;SF3B1;POLR2I;POLR2E;POLR2L;SNRPG;POLR2A"
"CREB1 Phosphorylation Thru NMDA Receptor-Mediated Activation Of RAS Signaling R-HSA-442742",0.0840425531914894,0.596378887070376,0.156312403073186,0.396776855359667,1.36448587628647,27,"CAMK2A;NEFL;CALM1;CAMK2B;CAMK2G;GPRIN1;GRIN2D;MAPK1;MAPK3;RPS6KA3;MPP3;RPS6KA6"
"Neddylation R-HSA-8951664",0.0849150849150849,0.598732477713369,0.150169802128406,0.267079452094433,1.17530262644643,234,"FBXL16;UBB;ASB9;UBE2D1;ASB6;COPS4;FBXO9;FBXO44;ANKRD9;ASB12;PSMA6;COMMD9;KLHL13;OBSL1;CUL3;DCUN1D4;FBXO2;COMMD7;RBBP7;KLHL11;COMMD10;WSB2;DCUN1D2;ASB2;KLHL3;COMMD2;HIF1A;LMO7;NAE1;UCHL3;ASB15;UBD;SOCS6;BTRC;PSMD9;PSMB3;ASB14;COPS5;FBXL22;CUL2;FBXO41;UBE2D3;NEURL2;DTL;PSMB4;FBXL18;PSMD13;PSMF1;ASB10;PSME4;FBXO27;GAN;SOCS2;CUL7;FBXO17;ASB8;KLHL42;DCAF7;ASB5;KLHL9;DCUN1D5;FBXL13;PSMB9;DCAF11;PSMC2;UBE2M;MUL1;DCUN1D3;KBTBD13;PSMB11;KCTD7;PSMC6;FBXO31;DCAF6;FBXO15;FBXO21;HIF3A;CUL9;PSMC3;FBXO6;CAND1;WDTC1;FBXO10;PSMD12;CCDC8;PSMD5;KLHL22;ASB11;FBXO11;FBXL15;FBXW8;ASB17;COPS6;KBTBD7;FBXW10;DCAF5;FBXL12;ASB13;FBXO40"
"Activation Of GABAB Receptors R-HSA-991365",0.0894141829393628,0.614791928657606,0.148261500475107,0.355408890171637,1.32925181268144,42,"KCNJ6;GNG13;GABBR2;GNB4;GNAL;GNG10;ADCY1;GNG2;GNB1;ADCY7;UBD;KCNJ15;ADCY9;ADCY2;GNAT3"
"Glycerophospholipid Biosynthesis R-HSA-1483206",0.0891783567134269,0.614791928657606,0.14641623786055,0.290416704669153,1.22548101324054,126,"LPIN2;STARD7;DGAT2L6;PLA2G4B;MGLL;LPIN1;PITPNM2;ACP6;SELENOI;OSBPL10;PGS1;ALPP;ABHD3;BCHE;PCYT1B;PLA2G2D;GNPAT;PLD3;PLA1A;PITPNB;PLA2G4D;CHEK2;GPD1L;PLAAT1;LPIN3;PITPNM3;CHPT1;PLAAT4;CDS2;PLA2G2F;GPD2;PLA2G1B"
"Homologous DNA Pairing And Strand Exchange R-HSA-5693579",0.0883864337101747,0.614791928657606,0.149207542435322,0.357010149736745,1.33524062511229,42,"RBBP8;PALB2;POLR1B;RAD17;XRCC3;RAD51D;WRN;RMI1;SERPINA2;RFC5;RHNO1;ATM;RAD51B;CHEK1;POLR1A;RAD9B;RFC2;RFC4;RAD51AP1;RAD9A;RAD50;TOP3A;XRCC2;BRCA2;TOPBP1;RPA3"
"NLRP3 Inflammasome R-HSA-844456",0.0884048893684216,0.614791928657606,0.287805130535564,-0.310413870121187,-1.40315490678472,16,"APP;TXNIP;NFKB2;SUGT1;RELA"
"Anti-inflammatory Response Favoring Leishmania Infection R-HSA-9662851",0.0909090909090909,0.618200094607379,0.144630528034484,0.280761215176222,1.20248363971591,162,"ITPR1;PRKAR1B;ADORA2B;GNG13;PTHLH;CALM1;GNB4;GNG10;NPSR1;HTR6;ADCY1;RXFP2;ADRB3;GNG2;GIPR;GNB1;LHCGR;GLP2R;ADCY7;GPR83;MC2R;AVPR2;RLN2;CRH;GPR45;ADCY9;HRH2;HTR7;ADCY2;PRKCA;GPR150;GNAT3;DPEP2;CHGA;SCT;NLRP3;PRKAR2A;DPEP3;FURIN;GCG;ADM2;RAMP2;TAAR1;GNAI3;CRHR2;GNG4;FSHB;PTGER2;TSHR;IAPP;CALCA;LYN;GNG12;LHB;TAAR6;TAAR8;CD247;CALCB;INSL3;NPS;MC1R;GNB2;DRD1;RAMP1;GPR39;RXFP1;MAPK14;PTH2R;PLK2;ADAM17;GNG3;CYSLTR2;PTGDR;GPR84;GNGT2;ADCYAP1R1;PLCG1;GNB5;GHRH;PLCG2;TSHB;ADRB2;PTRH2;SCTR"
"Caspase Activation Via Extrinsic Apoptotic Signaling Pathway R-HSA-5357769",0.092948717948718,0.618200094607379,0.148261500475107,0.395664035466893,1.34387996238641,25,"DCC;FASLG;CASP3;DAPK1;TANK;RIPK1;CASP9;DAPK3;TICAM1;CASP8;TLR4;MAGED1"
"FCERI Mediated Ca+2 Mobilization R-HSA-2871809",0.092436974789916,0.618200094607379,0.147331213699377,0.380141009387145,1.33248434330788,29,"ITPR1;PPP3CA;CALM1;TEC;VAV3;VAV1;ITK;PPP3CB;TXK;LYN;BTK;VAV2;PPP3R1;PLCG1;PLCG2;SPNS1;NFATC3"
"Intrinsic Pathway For Apoptosis R-HSA-109606",0.0929292929292929,0.618200094607379,0.143758989039275,0.335139232054828,1.30152076865524,55,"AKT3;TP53BP2;GSDME;YWHAG;BAD;CASP3;CASP9;BBC3;BID;MAPK1;MAPK8;NMT1;BAK1;CDKN2A;MAPK3;PPP1R13B;TP73;APAF1;PPP3CC;CASP8;CASP7;XIAP;DYNLL1;PPP3R1;CYCS;YWHAH;BAX;BCL2L11;TP53"
"Lewis Blood Group Biosynthesis R-HSA-9037629",0.0938189845474614,0.618200094607379,0.150169802128406,0.431719929412703,1.36934141698514,18,"FUT9;ST6GALNAC6;ST3GAL3;FUT10;FUT7;B3GALT2;FUT11;FUT5;B3GALT5"
"RNA Polymerase III Abortive And Retractive Initiation R-HSA-749476",0.0910973084886128,0.618200094607379,0.147331213699377,0.358253410867697,1.32364212848481,39,"POU2F1;CRCP;SSB;POLR3C;BDP1;SNAPC5;NFIA;POLR3G;BRF2;POLR3F;ZNF143;SNAPC3;POLR3D;POLR2K;POLR3GL;POLR1D;GTF3C4;GTF3C6;POLR3H"
"Synthesis Of Bile Acids And Bile Salts Via 7Alpha-Hydroxycholesterol R-HSA-193368",0.0936490850376749,0.618200094607379,0.148261500475107,0.400743823257451,1.34760303724199,24,"AKR1C4;NR1H4;NCOA1;AKR1C1;SYCP2;HSD3B7;BAAT;CYP8B1;AKR1C3;RXRA;AKR1C2"
"Nitric Oxide Stimulates Guanylate Cyclase R-HSA-392154",0.0946681175190424,0.620104178068521,0.148261500475107,0.414772630972881,1.35776769817476,21,"PDE1B;ITPR1;PDE2A;IRAG1;PDE1A;GUCY1B1;PDE5A;PDE10A;PRKG1;NANOS2;KCNMB3;PDE11A;NANOS1;KCNMB1;GUCY1A1"
"Apoptotic Cleavage Of Cellular Proteins R-HSA-111465",0.0970072239422085,0.631688217082499,0.142056643575821,0.35829586607831,1.32061429733524,38,"GAS2;CASP3;DSG3;OCLN;DSPP;DSG2;SPTAN1;ACIN1;PKP1;BMX;CASP8;SATB1;STK24;CASP7;TJP1;CLSPN;MAPT"
"Signaling To ERKs R-HSA-187687",0.0991649269311065,0.6419624217119,0.141225119642531,0.367314602908991,1.31729928042641,33,"SHC3;SHC2;MAPK12;MAPK13;MAPK11;MAPK1;CRK;FRS2;RIT2;MAP2K1;MAPK3"
"Depolymerisation Of Nuclear Lamina R-HSA-4419969",0.100334448160535,0.645757175079723,0.14551614609036,0.443927597316406,1.35480115139985,15,"LPIN2;LPIN1;PRKCB;CCNB1;LPIN3;PRKCA;TMPO;CNEP1R1"
"RNA Polymerase III Transcription Termination R-HSA-73980",0.102285092491839,0.652191994455034,0.142056643575821,0.410199652215357,1.34279794757467,21,"CRCP;SSB;POLR3C;NFIA;POLR3G;POLR3F;POLR3D;POLR2K;POLR3GL;POLR1D;POLR3H"
"Transcriptional Regulation Of White Adipocyte Differentiation R-HSA-381340",0.10251256281407,0.652191994455034,0.135740943810425,0.309917095578584,1.26391730018997,84,"MED7;MED6;TBL1XR1;SREBF2;EGR2;MED4;MED23;HDAC3;KLF5;MED8;MED13;MED25;MED22;CARM1;NCOA1;MED31;MED19;CREBBP;ZNF467;ADIPOQ;CEBPA;CCNC;KLF4;MED20;MED12;ANGPTL4;RXRA;MBD4;MED17;MED21;LIN9;MED18;NR2F2;CDK8;PPARG;LPL;FAM120B;CHD9;NCOA3;HELZ2;MED24;LEP;PPARA;PCK1;FABP4;MED27"
"Effects Of PIP2 Hydrolysis R-HSA-114508",0.103191489361702,0.652759878419453,0.139599673451922,0.386543430173599,1.32929389383133,27,"ITPR1;DGKI;MGLL;PRKCE;DGKG;RASGRP1;DGKE;TRPC7;DGKK;DGKZ;DAGLA"
"Diseases Of DNA Repair R-HSA-9675135",0.105263157894737,0.662081339712919,0.134273452883202,0.338679839323667,1.29726000099443,50,"OGG1;RBBP8;PALB2;POLR1B;RAD17;NEIL1;RAD51D;WRN;RMI1;MUTYH;SERPINA2;RFC5;RHNO1;PMS2;ATM;RAD51B;POLR1A;RAD9B;NEIL3;RFC2;RFC4;RAD51AP1;RAD9A;RAD50;TOP3A;MSH3;XRCC2;MLH1;BRCA2;TOPBP1;RPA3"
"Synthesis Of Prostaglandins (PG) And Thromboxanes (TX) R-HSA-2162123",0.106150137253782,0.663888146553316,0.287805130535564,-0.322862441358156,-1.41262039381406,15,"PTGDS;PRXL2B;CBR1"
"Activation Of Pre-Replicative Complex R-HSA-68962",0.108559498956159,0.670348543335538,0.134273452883202,0.368878421841346,1.31644507644851,32,"MCM6;ORC3;POLR1B;CDC6;ORC4;CDT1;MCM7;ORC6;POLE2;ORC5;PRIM2;MCM4;POLE;POLR1A;GMNN;RPA4;POLA2;PRIM1;SLC25A2;DBF4;RPA3;CDC7;POLA1"
"ER To Golgi Anterograde Transport R-HSA-199977",0.108108108108108,0.670348543335538,0.131457611642763,0.283931361284566,1.20337104488806,133,"ARCN1;SPTBN2;ANK2;CAPZA2;TRAPPC5;F5;CNIH2;GRIA1;COG4;INS;F8;SEC23A;SPTBN4;DCTN2;COPZ2;FOLR2;COG1;TMED7;COPG2;SEC22A;TBC1D20;COPG1;SEC31A;GORASP1;SPTBN5;CFAP73;CNIH1;SEC24D;DYNC1I1;TRAPPC6B;CNIH3;TRAPPC2;COG8;BET1;AREG;CAPZA1;PPP6R3;COG3;PPP6R1;SPTAN1;ANK1;TRAPPC2L;COG6;KDELR3;CD59;DCTN4;TFG;NSF;ARFGAP2;SCFD1;COG7;DYNLL1;GOSR2;GOLGA2;COL7A1;ACTR1A;SEC24A;DCTN6;SEC24C;DCTN3;DCTN1;TMEM115;SEC16A;COPB1;SPTA1;SEC13;COG5;ARF4"
"GRB2:SOS Provides Linkage To MAPK Signaling For Integrins R-HSA-354194",0.10899976314399,0.670348543335538,0.287805130535564,-0.32161148006486,-1.40714706149536,15,"VWF;RAP1A;FN1;TLN1;PTK2"
"RUNX2 Regulates Osteoblast Differentiation R-HSA-8940973",0.109782608695652,0.671432860917607,0.136490437780413,0.39615047571847,1.31936986158166,23,"ZNF521;RB1;HDAC3;RUNX2;GLI3;MAPK1;MAPK3;AREG"
"Activation Of G Protein Gated Potassium Channels R-HSA-1296041",0.115546218487395,0.675852631578947,0.130105630751129,0.372429615254358,1.3054540790289,29,"KCNJ6;GNG13;GABBR2;GNB4;GNG10;GNG2;GNB1;UBD;KCNJ15"
"Apoptosis R-HSA-109581",0.116,0.675852631578947,0.126253987849115,0.272820256840727,1.17500985279811,176,"UBB;AKT3;OMA1;DCC;TP53BP2;FASLG;GSDME;GAS2;YWHAG;BAD;PSMA6;CASP3;DAPK1;DSG3;H1-5;TANK;RIPK1;CASP9;H1-0;BBC3;BID;OCLN;MAPK1;PSMD9;PSMB3;MAPK8;H1-3;NMT1;BAK1;DAPK3;PSMB4;DNM1L;CDKN2A;PSMD13;PSMF1;MAPK3;PSME4;TICAM1;PPP1R13B;DSPP;TP73;DSG2;APAF1;PPP3CC;SPTAN1;MED12;ACIN1;PKP1;BMX;CASP8;SATB1;PSMB9;STK24;PSMC2;CASP7;PSMB11;PSMC6;TJP1;CLSPN;PSMC3;ARHGAP10;MAPT;H1-1;TLR4;XIAP;MAGED1;PSMD12;PSMD5;DFFB;DYNLL1;CASP6;PPP3R1;CYCS;YWHAH;BAX;BCL2L11"
"Cytosolic Sensors Of Pathogen-Associated DNA R-HSA-1834949",0.114256825075834,0.675852631578947,0.128142916898415,0.318544214136408,1.25726147036813,62,"TRIM32;UBB;NLRP4;CRCP;ZBP1;AIM2;IKBKB;POLR3C;RIPK1;TLR3;IRF7;POLR3G;CREBBP;CGAS;POLR3F;TICAM1;POLR3D;POLR2K;POLR3GL;TRIM21;POLR1D;NKIRAS1;DDX41;POLR3H;DHX36"
"Presynaptic Function Of Kainate Receptors R-HSA-500657",0.112078346028292,0.675852631578947,0.135002033828631,0.406379229489116,1.33029170636272,21,"GNG13;GNB4;GNG10;GNG2;GNB1;PLCB1;GNG4;PLCB2;GNG12;GNB2;GNG3;GNGT2;GNB5"
"RAB Geranylgeranylation R-HSA-8873719",0.114256825075834,0.675852631578947,0.128142916898415,0.318689484815834,1.25783483889882,62,"RAB6B;RAB30;RAB18;RAB12;RAB2B;RAB31;RAB3B;RAB23;RAB24;RAB40C;RAB7B;RAB39B;RAB27A;CHML;RAB15;RAB41;RAB10;RAB22A;RAB26;RAB29;RAB8B;RAB3C;RAB13;RAB40B;RAB6A;RAB40A;RABGGTA;RAB3A;RAB38"
"RNA Polymerase II Transcribes snRNA Genes R-HSA-6807505",0.112676056338028,0.675852631578947,0.128788713061714,0.310807951688029,1.25067739814467,74,"POU2F1;INTS4;TAF9;CCNT1;GTF2B;TAF8;INTS6;ICE2;SNAPC5;INTS11;TAF5;ICE1;POU2F2;RPAP2;SSU72;INTS2;ZNF143;SNAPC3;CCNK;GTF2E2;INTS14;RPRD1A;TAF11;INTS3;INTS12;SUPT4H1;POLR2K;CCNT2;INTS7;POLR2D"
"SIRT1 Negatively Regulates rRNA Expression R-HSA-427359",0.11250039863022,0.675852631578947,0.287805130535564,-0.213565017550982,-1.26554474552536,34,"H3-3B;H2AJ;H2AC6;H2AC19;H4C15;RRP8"
"Sensory Processing Of Sound By Inner Hair Cells Of Cochlea R-HSA-9662360",0.115151515151515,0.675852631578947,0.127505315300183,0.314448466254467,1.25190090673209,67,"EZR;TMC1;USH1C;EPB41L1;CAPZA2;CACNB2;BSN;CACNA2D2;ESPNL;CABP1;PLS1;CACNA1D;PJVK;TRIOBP;GRXCR1;CAPZA1;SPTAN1;TWF1;STX1A;ATP2B1;LRRC52;MYO3A;RIPOR2;CABP2;EPS8L2;RAB3A;TMC2;CLIC5;EPB41L3;SNAP25"
"Tristetraprolin (TTP, ZFP36) Binds And Destabilizes mRNA R-HSA-450513",0.114645036380255,0.675852631578947,0.287805130535564,-0.292647414002953,-1.30237989586108,17,"ZFP36;EXOSC6"
"Interleukin-10 Signaling R-HSA-6783783",0.118730808597748,0.681010389210918,0.126253987849115,0.343694817128814,1.28763800020487,43,"IL10RB;CCL22;CXCL1;CD86;CXCL8;CXCL10;CCL20;ICAM1;TYK2;IL10RA;CCR2;IL12A;IL12B;CCR5;IL1R2;CSF3;CSF1;IL1RN;CSF2"
"Nuclear Signaling By ERBB4 R-HSA-1251985",0.117575511017013,0.681010389210918,0.287805130535564,-0.234260577281993,-1.35590520465305,32,"S100B;PSENEN;PSEN1;SPARC;APOE;WWOX;GFAP"
"Regulation Of TP53 Activity Thru Phosphorylation R-HSA-6804756",0.118592964824121,0.681010389210918,0.125033367555272,0.301193600983737,1.23240105915896,88,"UBB;TAF9B;CDK5R1;RBBP8;TAF9;POLR1B;HIPK1;TAF3;RAD17;MAPK11;PRKAG2;TAF4;CHEK2;AURKB;STK11;PRKAB2;TAF5;WRN;RMI1;PRKAA2;SERPINA2;MDM2;RFC5;RHNO1;ATM;TAF11;CHEK1;PLK3;POLR1A;RAD9B;TAF1;PRKAA1;RFC2;RFC4;RAD9A;TBP;MAPK14;TP53;RAD50;CDK5;TP53RK;TOP3A"
"Insulin Receptor Signaling Cascade R-HSA-74751",0.120812182741117,0.685841468176494,0.124434168630393,0.326821105885311,1.25633794398761,53,"FGF13;FLT3;INS;TRIB3;PIK3R4;KL;KLB;FGFR1;PIK3R2;MAPK1;FGF23;FGFR2;FLT3LG;FGF10;FRS2;THEM4;FGF16;MAPK3;FGF7;FGF18;IRS2"
"Interferon Alpha/Beta Signaling R-HSA-909733",0.120540696618391,0.685841468176494,0.287805130535564,-0.173083625033261,-1.10392667612395,67,"HLA-B;IRF9;HLA-A;IFITM3;HLA-C;IFITM2;HLA-E;BST2;IFNA16;USP18"
"G Beta:Gamma Signaling Thru PI3Kgamma R-HSA-392451",0.121794871794872,0.686280639657493,0.127505315300183,0.385728698200658,1.3101344119325,25,"AKT3;GNG13;PIK3R6;GNB4;GNG10;GNG2;GNB1"
"Oncogene Induced Senescence R-HSA-2559585",0.122129436325678,0.686280639657493,0.12563992130984,0.363605203812986,1.29762613367646,32,"UBB;AGO4;RB1;TNRC6C;MAPK1;CDK6;E2F2;CDKN2A;MAPK3;MDM2;E2F3;ETS2;CDKN2B"
"ATF4 Activates Genes In Response To Endoplasmic Reticulum Stress R-HSA-380994",0.1315107428296,0.696927726013599,0.249246554383295,-0.229628018732415,-1.23861999289885,27,"EXOSC6;ATF3;NFYA;KHSRP;ATF4;EXOSC3;CCL2;DDIT3;DIS3;EXOSC5;HERPUD1;CEBPB;PARN;EXOSC2;DCP2;ATF6;NFYC;CEBPG;EXOSC1;EXOSC7;ASNS;EXOSC9;NFYB"
"Beta Defensins R-HSA-1461957",0.129436325678497,0.696927726013599,0.121543282035469,0.36164268338916,1.29062233460229,32,"DEFB135;DEFB115;DEFB119;DEFB118;DEFB131A;DEFB107A;DEFB127;DEFB132;CCR2;DEFB126;DEFB128;DEFB121;DEFB106A;DEFB129;DEFB136;CCR6"
"Defective Homologous Recombination Repair (HRR) Due To BRCA2 Loss Of Function R-HSA-9701190",0.131062951496388,0.696927726013599,0.119887845115423,0.344102567867251,1.27583488672105,40,"RBBP8;PALB2;POLR1B;RAD17;RAD51D;WRN;RMI1;SERPINA2;RFC5;RHNO1;ATM;RAD51B;POLR1A;RAD9B;RFC2;RFC4;RAD51AP1;RAD9A;RAD50;TOP3A;XRCC2;BRCA2;TOPBP1;RPA3"
"IGF1R Signaling Cascade R-HSA-2428924",0.131578947368421,0.696927726013599,0.118287526124085,0.327035880234867,1.25839452357332,52,"FGF13;FLT3;TRIB3;PIK3R4;KL;IGF1;KLB;FGFR1;PIK3R2;FGF23;FGFR2;IRS4;FLT3LG;FGF10;FRS2;THEM4;FGF16;FGF7;FGF18;IRS2"
"IRS-related Events Triggered By IGF1R R-HSA-2428928",0.124873096446701,0.696927726013599,0.122107920287081,0.328128134928462,1.25780917810518,51,"FGF13;FLT3;TRIB3;PIK3R4;KL;IGF1;KLB;FGFR1;PIK3R2;FGF23;FGFR2;IRS4;FLT3LG;FGF10;FRS2;THEM4;FGF16;FGF7;FGF18;IRS2"
"Ion Transport By P-type ATPases R-HSA-936837",0.129554655870445,0.696927726013599,0.119348440591015,0.328083604381031,1.26242603940211,52,"CAMK2A;FXYD7;FXYD1;ATP1A2;ATP9B;PLN;CALM1;CAMK2B;ATP13A4;CAMK2G;ATP10D;ATP13A5;ATP13A2;ATP1A3;ATP1B2;ATP2B3;ATP4B;SLN;ATP2B1;ATP8A2"
"Platelet Homeostasis R-HSA-418346",0.131526104417671,0.696927726013599,0.11776578836269,0.301669405661196,1.22940797930211,83,"PDE1B;ITPR1;PDE2A;SLC8A2;GNG13;IRAG1;PDE1A;CALM1;GNB4;GNG10;GNG2;GNB1;GUCY1B1;SLC8A3;SLC8A1;PPP2R5C;ORAI2;TRPC7;PAFAH2;ATP2B3;PDE5A;PDE10A;ATP2B1;LRP8;GNG4;TRPC6;GNG12;PRKG1;P2RX6;NANOS2;GNB2;KCNMB3;PPP2R1B;MAPK14;SRI;GNG3;PDE11A;ATP2A2;NANOS1;GNGT2;GNB5;KCNMB1;PLA2G4A"
"Potassium Channels R-HSA-1296071",0.129518072289157,0.696927726013599,0.118815039412263,0.29072827936493,1.20542039671963,102,"KCNAB2;KCNC1;KCNJ6;KCNN1;KCNQ2;KCNV1;KCNA4;GNG13;KCNA2;KCND3;KCNC3;HCN1;GABBR2;GNB4;GNG10;KCNG1;KCNA3;GNG2;GNB1;KCNN2;KCNAB1;KCNK10;UBD;KCNQ5;KCNJ15;ABCC8;KCNA1;KCNK7;KCNA10;KCNG3;KCNB1;KCNK16;KCNS2;GNG4;KCNJ16;KCNB2;KCNJ8;GNG12;HCN2;KCNJ14;GNB2;KCNMB3;KCNH5;KCNG4;GNG3;KCNJ1;KCNK3;KCNS1;GNGT2;KCNN3;GNB5;KCND1;KCNMB1"
"RUNX2 Regulates Bone Development R-HSA-8941326",0.128151260504202,0.696927726013599,0.122679189568808,0.368177015145269,1.29054770764622,29,"ZNF521;RB1;HDAC3;HDAC4;RUNX2;GLI3;MAPK1;MAPK3;AREG;GLI2"
"Synthesis Of PC R-HSA-1483191",0.130851063829787,0.696927726013599,0.122107920287081,0.375373346326921,1.29088081242336,27,"LPIN2;STARD7;LPIN1;ABHD3;BCHE;PCYT1B;LPIN3;CHPT1"
"WNT Ligand Biogenesis And Trafficking R-HSA-3238698",0.131214126886846,0.696927726013599,0.249246554383295,-0.220854491921561,-1.15765381486167,26,"WNT3;WNT8A;WNT10A;WNT2;WNT10B;WLS;WNT11;VPS29;WNT9A;WNT6;VPS26A;VPS35;WNT1;WNT3A;PORCN;WNT16;WNT7A;SNX3;WNT2B;TMED5;WNT9B;WNT7B;WNT5A;WNT5B;WNT8B"
"ZBP1(DAI) Mediated Induction Of Type I IFNs R-HSA-1606322",0.128400435255713,0.696927726013599,0.125033367555272,0.399218758992683,1.30685174234922,21,"NLRP4;ZBP1;IKBKB;RIPK1;TLR3"
"Glucagon-type Ligand Receptors R-HSA-420092",0.136743215031315,0.720832090665076,0.11776578836269,0.356658761885169,1.27908426909321,33,"GNG13;GNB4;GNG10;GNG2;GIPR;GNB1;GLP2R;SCT;GCG;GNG4;GNG12;GNB2;GNG3;CYSLTR2;GNGT2;ADCYAP1R1;GNB5;GHRH;SCTR"
"Cargo Trafficking To Periciliary Membrane R-HSA-5620920",0.142712550607287,0.726033885953726,0.112843355675562,0.324428443536982,1.24267226483238,50,"LZTFL1;BBS4;RAB11FIP3;PKD1;INPP5E;RAB3IP;BBS12;PDE6D;BBS7;BBS9;EXOC7;TTC8;BBS5;MKKS;ARL6;UNC119B;PRKD2;CNGA2;ARL3;EXOC6;EXOC1;RAB11A"
"Hedgehog Off State R-HSA-5610787",0.138693467336683,0.726033885953726,0.114266502484433,0.290070070804051,1.19679795365152,97,"UBB;CSNK1A1;PRKAR1B;WDR35;MKS1;IFT57;PSMA6;TTC21B;ADCY1;IFT140;ADCY7;NUMB;GLI3;BTRC;PSMD9;IFT88;PSMB3;ADCY9;ADCY2;PRKCA;PSMB4;PSMD13;PSMF1;PSME4;GLI2;PRKAR2A;KIF7;RPGRIP1L;PSMB9;PSMC2;PSMB11;PSMC6;PSMC3;SUFU;PSMD12;PSMD5;OFD1"
"NRAGE Signals Death Thru JNK R-HSA-193648",0.13953488372093,0.726033885953726,0.114266502484433,0.317996617804462,1.2438583213629,57,"PLEKHG5;ARHGEF11;ARHGEF9;BAD;ARHGEF4;AKAP13;TIAM2;ARHGEF33;ARHGEF17;ABR;VAV3;ARHGEF6;FGD1;ECT2;VAV1;TIAM1;KALRN;ARHGEF16;MAPK8"
"Negative Regulation Of PI3K/AKT Network R-HSA-199418",0.144288577154309,0.726033885953726,0.11146266692298,0.28185352047243,1.17980789077096,113,"FGF13;KIT;PIP5K1C;FLT3;AKT3;PTEN;INS;CD86;PIP4K2B;TRIB3;PIP5K1B;KL;PPP2R5C;PIK3R3;EGF;KLB;FGFR1;PIK3R2;MAPK1;FGF23;PHLPP2;VAV1;TRAF6;FGFR2;HBEGF;FLT3LG;FGF10;FRS2;NRG4;NRG2;THEM4;FGF16;MAPK3;ESR2;ESR1;AREG"
"PI3K Cascade R-HSA-109704",0.141981613891726,0.726033885953726,0.11378726182188,0.33381115214599,1.25376277053054,44,"FGF13;FLT3;TRIB3;PIK3R4;KL;KLB;FGFR1;PIK3R2;FGF23;FGFR2;FLT3LG;FGF10;FRS2;THEM4;FGF16;FGF7;FGF18;IRS2"
"Prostacyclin Signaling Thru Prostacyclin Receptor R-HSA-392851",0.144262295081967,0.726033885953726,0.117249716749792,0.40190466033903,1.28939422533579,19,"GNG13;GNB4;GNG10;GNG2;GNB1;GNG4;GNG12;GNB2;GNG3;GNGT2;GNB5"
"Regulation Of NF-kappa B Signaling R-HSA-9758274",0.143956043956044,0.726033885953726,0.11776578836269,0.411283536615961,1.29431586238744,17,"UBB;NLRX1;IKBKB;TANK;TRAF6;LRRC14;CASP8"
"Signaling By Type 1 Insulin-like Growth Factor 1 Receptor (IGF1R) R-HSA-2404192",0.144162436548223,0.726033885953726,0.112378519110475,0.320683525449003,1.23274437843277,53,"FGF13;FLT3;TRIB3;PIK3R4;KL;IGF1;KLB;FGFR1;PIK3R2;FGF23;FGFR2;IRS4;FLT3LG;FGF10;FRS2;THEM4;FGF16;FGF7;FGF18;IRS2"
"Thrombin Signaling Thru Proteinase Activated Receptors (PARs) R-HSA-456926",0.139874739039666,0.726033885953726,0.116234148779716,0.357290259859174,1.27508950267878,32,"GNA14;GNG13;GNB4;GNG10;GNG2;GNB1;ARRB2;MAPK1;MAPK3;F2R;GNG4;GNG12;GNB2;GNG3;GNGT2;GNB5;ARRB1;GNA13"
"WNT5A-dependent Internalization Of FZD4 R-HSA-5099900",0.1438127090301,0.726033885953726,0.118815039412263,0.423277849318713,1.29178118478252,15,"PRKCG;PRKCB;ARRB2;DVL2;PRKCA;AP2A1;FZD4;WNT5A"
"Blood Group Systems Biosynthesis R-HSA-9033658",0.145810663764962,0.727531914893617,0.116234148779716,0.388645674143867,1.28246494887029,22,"FUT9;ST6GALNAC6;ST3GAL3;FUT10;FUT7;B3GALT2;FUT11;FUT5;FUT1;B3GALT5"
"Fatty acyl-CoA Biosynthesis R-HSA-75105",0.147785737666197,0.727531914893617,0.249246554383295,-0.180748528687066,-1.0798575687133,36,"SCD;ELOVL1;ELOVL5;SCD5"
"G0 And Early G1 R-HSA-1538133",0.147872340425532,0.727531914893617,0.11378726182188,0.368935381102232,1.26874113239301,27,"RBL2;CDC6;TOP2A;CDC25A;LIN52;E2F4;LIN54;HDAC1;CCNE1;CCNE2;LIN9;LIN37;PCNA;DYRK1A"
"NR1H3 And NR1H2 Regulate Gene Expression Linked To Cholesterol Transport And Efflux R-HSA-9029569",0.147785737666197,0.727531914893617,0.249246554383295,-0.180502144716445,-1.07838558109926,36,"APOD;NR1H2;KDM1A;ABCG1;APOE"
"Regulation Of Insulin Secretion R-HSA-422356",0.147029204431017,0.727531914893617,0.110564716336619,0.300078737358278,1.2103153241923,77,"CACNA1E;ITPR1;GNA14;CACNB3;PRKAR1B;CACNB2;GNG13;CACNA1A;INS;CACNA2D2;GNB4;GNG10;GNG2;CACNA1D;GNB1;ABCC8;PRKCA;STXBP1;ADRA2C;KCNB1;PLCB1;PRKAR2A;STX1A;GCG;GNG4;PLCB2"
"Glycosaminoglycan Metabolism R-HSA-1630316",0.150451354062187,0.733454647256439,0.108820126769161,0.278690822486632,1.17059848244906,120,"ARSB;IDS;CHSY3;HS6ST3;HAS2;DSEL;EXT1;ACAN;NDST3;ST3GAL3;CHST2;CHST9;HAS3;HS6ST1;CHST5;CHST14;SGSH;HEXB;GPC6;NDST4;GPC3;B3GNT4;GPC2;HS3ST4;SPAM1;SDC3;CHPF2;SDC2;CHORDC1;NAGLU;ST3GAL1;HS6ST2;HS2ST1;HS3ST2;KERA;B3GNT2;XYLT2;VCAN;HS3ST5;GLB1;HS3ST1;CHST1;GLCE;SLC9A1;HMMR;SDC1;UST;PAPSS2;B4GALT4;CSPG5;OMD;GPC1;HS3ST6;FMOD;B3GNT3;CHST13;B4GALT1;PRELP;STAB2"
"Insulin Processing R-HSA-264876",0.151063829787234,0.733454647256439,0.112378519110475,0.366405169223206,1.2600399233222,27,"PCSK1;PCSK2;INS;SLC30A8;RAB27A;CLTRN;KIF5A;EXOC7;STX1A;SLC30A7"
"RNA Polymerase III Transcription Initiation R-HSA-76046",0.151041666666667,0.733454647256439,0.11101149245045,0.347359537448408,1.25955597076911,35,"POU2F1;CRCP;POLR3C;BDP1;SNAPC5;POLR3G;BRF2;POLR3F;ZNF143;SNAPC3;POLR3D;POLR2K;POLR3GL;POLR1D;GTF3C4;GTF3C6;POLR3H"
"Nuclear Receptor Transcription Pathway R-HSA-383280",0.154314720812183,0.733986219502361,0.107972360317345,0.31766060534622,1.22112392565791,53,"NR1D1;NR2E3;THRB;NR1H4;NR1D2;NR2E1;NR1I3;NR3C1;ESRRG;NR5A1;NR1I2;RORB;ESR2;ESR1;AREG;ESRRA;ESRRB;RXRA;PPARD;PGR;MBD4;NR5A2;RXRB;PPARG;NR2F6;NR2C2;RORC;RARG;PPARA;NR3C2;NR4A3;RORA"
"Ovarian Tumor Domain Proteases R-HSA-5689896",0.153686396677051,0.733986219502361,0.109684061970549,0.340744202867819,1.2478319348475,37,"OTUB1;UBB;PTEN;UBE2D1;RIPK1;RNF128;OTUB2;TRIM4;TNIP3;TRAF6;VCPIP1;ESR1;RNF135;TRIM25;TNIP1;NOD2;ZRANB1"
"Synthesis Of Bile Acids And Bile Salts R-HSA-192105",0.154488517745303,0.733986219502361,0.109684061970549,0.347124527732959,1.25149748504846,34,"OSBPL7;AKR1C4;NR1H4;CYP39A1;NCOA1;AKR1C1;SYCP2;HSD3B7;BAAT;CYP8B1;OSBPL3;AKR1C3;RXRA;AKR1C2"
"Transcriptional Regulation Of Granulopoiesis R-HSA-9616222",0.151844937142066,0.733986219502361,0.249246554383295,-0.181620301284627,-1.20116082287683,56,"H3-3B;H2AJ;TAL1;DEK;H2AC6;H2AC19;CBFB;H4C15"
"Translesion Synthesis By REV1 R-HSA-110312",0.153846153846154,0.733986219502361,0.114266502484433,0.417678719095281,1.2746934702106,15,"UBB;REV1;POLR1B;REV3L;RFC5;POLR1A;PCNA;RFC2;RFC4"
"Role Of Nef In HIV-1 Replication And Disease Pathogenesis R-HSA-164952",0.158053513409497,0.74771469805262,0.249246554383295,-0.220071795687452,-1.18707345696028,27,"RNASE1;HLA-A;B2M;HCK;ELMO1"
"Presynaptic Phase Of Homologous DNA Pairing And Strand Exchange R-HSA-5693616",0.159420289855072,0.750971322849214,0.107140237276725,0.335727553146726,1.24041563752827,39,"RBBP8;POLR1B;RAD17;RAD51D;WRN;RMI1;SERPINA2;RFC5;RHNO1;ATM;RAD51B;CHEK1;POLR1A;RAD9B;RFC2;RFC4;RAD9A;RAD50;TOP3A;XRCC2;BRCA2;TOPBP1;RPA3"
"Apoptotic Execution Phase R-HSA-75153",0.160931174089069,0.754876312358471,0.105125131597001,0.31850854776457,1.22558237931073,52,"GAS2;CASP3;DSG3;H1-5;H1-0;OCLN;H1-3;DNM1L;DSPP;DSG2;SPTAN1;ACIN1;PKP1;BMX;CASP8;SATB1;STK24;CASP7;TJP1;CLSPN;MAPT;H1-1;DFFB;CASP6"
"Activation Of BH3-only Proteins R-HSA-114452",0.175236096537251,0.755512287462079,0.102080107662747,0.350321102291312,1.23752544159117,30,"AKT3;TP53BP2;YWHAG;BAD;BBC3;BID;MAPK8;PPP1R13B;TP73;PPP3CC;DYNLL1;PPP3R1;YWHAH;BCL2L11;TP53"
"Amine Ligand-Binding Receptors R-HSA-375280",0.170278637770898,0.755512287462079,0.102821842840815,0.331727514153026,1.22995169162747,40,"CHRM1;ADRA1B;HRH3;ADRA2B;HTR6;CHRM4;ADRB3;GPR143;HRH2;HTR7;ADRA2C;DRD2;CHRM5;HTR1E;TAAR1;TAAR6;TAAR8;HRH4;HTR2C;DRD1;DRD3;HTR1F;ADRA1D;HTR2A;ADRB2;HTR1A"
"Antimicrobial Peptides R-HSA-6803157",0.177889447236181,0.755512287462079,0.0985499803531691,0.289437510513491,1.18039657082794,84,"HTN3;DEFB135;DEFB115;DEFB119;REG3G;DEFB118;DEFB131A;RNASE6;DEFB107A;DEFB127;DEFB132;LYZ;RO60;CCR2;HTN1;CHGA;BPIFB6;DEFB126;DEFB128;CTSG;BPIFB2;DEFB121;RNASE3;DEFB106A;GNLY;ELANE;DCD;TRIM21;BPIFA1;BPIFB4;LEAP2;DEFB129;DEFB136"
"BMAL1:CLOCK,NPAS2 Activates Circadian Gene Expression R-HSA-1368108",0.177350427350427,0.755512287462079,0.102449405629826,0.365850282041344,1.24261701645086,25,"NPAS2;TBL1XR1;CLOCK;CARM1;NCOA1;CREBBP;NLRP3;RXRA;MBD4;LIN9;NAMPT;CHD9;HELZ2;NOCT;PPARA;NCOA6;SMARCD3;F7"
"Defects In Vitamin And Cofactor Metabolism R-HSA-3296482",0.170837867247008,0.755512287462079,0.105920292736253,0.385882887136243,1.26319646068032,21,"HLCS;AMN;MTRR;MTR;SP8;ABCD4;MMACHC;CD320;MMUT;CBLIF;ACACA;PROC;CUBN;MCCC1"
"FOXO-mediated Transcription Of Cell Cycle Genes R-HSA-9617828",0.171592259316996,0.755512287462079,0.249246554383295,-0.273171425891674,-1.21570516663247,17,"CDKN1B;FOXO4;GADD45A;PCBP4"
"G Beta:Gamma Signaling Thru CDC42 R-HSA-8964616",0.165938864628821,0.755512287462079,0.107972360317345,0.391728028184043,1.27227443079778,20,"GNG13;GNB4;GNG10;GNG2;GNB1;ARHGEF6;GNG4;GNG12;GNB2;GNG3;GNGT2;GNB5"
"Glycogen Metabolism R-HSA-8982491",0.164130434782609,0.755512287462079,0.108394255853397,0.377971508191144,1.25882523689902,23,"UBB;GBE1;PYGB;PYGM;CALM1;PHKB"
"Incretin Synthesis, Secretion, And Inactivation R-HSA-400508",0.177610333692142,0.755512287462079,0.102821842840815,0.369556183172733,1.24272666469819,24,"PCSK1;GNG13;PAX6;GNB1;SPCS2;GNAT3;GCG;DPP4;ISL1"
"Intracellular Signaling By Second Messengers R-HSA-9006925",0.161838161838162,0.755512287462079,0.103958471559957,0.249742846053275,1.11469468569835,304,"FGF13;CAMK2A;RRAGD;KIT;PDE1B;PIP5K1C;FLT3;ITPR1;UBB;AKT3;CHD3;NBEA;PRKAR1B;PTEN;PRKCG;LAMTOR3;AGO4;INS;BAD;PDE1A;CD86;PSMA6;CALM1;PIP4K2B;PML;TRIB3;RICTOR;PIP5K1B;ADCY1;RBBP7;NR2E1;HDAC3;PRKCE;KL;HOXC13;CASP9;CAMK2B;MTA3;TNRC6C;ADCY7;CAMK2G;PPP2R5C;PIK3R3;EGF;RHEB;KLB;FGFR1;PIK3R2;MAPK1;FGF23;SNAI1;PSMD9;PHLPP2;CAMKK2;VAV1;PSMB3;TRAF6;ADCY9;FGFR2;ADCY2;PRKCA;HBEGF;FLT3LG;FGF10;FRS2;NRG4;GDNF;NRG2;PSMB4;THEM4;FGF16;PSMD13;PSMF1;MAPK3;MDM2;MAPKAP1;PSME4;ESR2;ESR1;AREG;TNKS;PRKAR2A;AKT1S1;CAMKK1;DPEP3;FGF7;SCMH1;FGF18;NEDD4;PSMB9;IRS2;PSMC2;PSMB11;PSMC6;GRK2;IRAK4;HDAC1;MLST8;KPNA2;PSMC3"
"Inwardly Rectifying K+ Channels R-HSA-1296065",0.167708333333333,0.755512287462079,0.104343952581949,0.341523458505637,1.23839383964628,35,"KCNJ6;GNG13;GABBR2;GNB4;GNG10;GNG2;GNB1;UBD;KCNJ15;ABCC8;GNG4;KCNJ16;KCNJ8;GNG12;KCNJ14;GNB2;GNG3;KCNJ1;GNGT2;GNB5"
"Metabolism Of Nucleotides R-HSA-15869",0.162650602409639,0.755512287462079,0.103958471559957,0.285651839332071,1.17686261588038,94,"UPP2;HPRT1;NUDT9;ADAL;AMPD3;PFAS;ENTPD4;TK1;XDH;NT5C1A;DPYS;AK6;ENTPD3;NT5C3A;GMPR2;GSR;ENTPD7;NUDT16;CTPS1;PUDP;UCKL1;DTYMK;GDA;AMPD1;PAICS;ADSL;AK9;UPB1;GUK1;DUT;RRM2;ACOD1;NT5M;NUDT1;CDA;NT5E;NUDT5;AK4;ENTPD2;ENTPD6;AK7;GLRX;COASY;ADA;ENTPD8;DCK"
"NOTCH3 Activation And Transmission Of Signal To Nucleus R-HSA-9013507",0.167027430081344,0.755512287462079,0.249246554383295,-0.23328114342525,-1.20424128178143,24,"YBX1;PSENEN;PSEN1;RPS27A"
"Oncogenic MAPK Signaling R-HSA-6802957",0.169184290030211,0.755512287462079,0.101713902282311,0.296038245496942,1.19401870397822,77,"CAMK2A;DUSP9;ARAF;KSR2;FGG;SPRED2;DUSP8;CALM1;CNKSR2;ATG7;AKAP9;MRAS;CAMK2B;CAMK2G;KIAA1549;CNKSR1;ARRB2;MAPK1;TENT4A;JAK2;ZC3HAV1;DUSP16;MAP2K1;MAPK3"
"Phototransduction Cascade R-HSA-2514856",0.177824267782427,0.755512287462079,0.100990587455923,0.34839738982494,1.23585271072256,31,"METAP1;CALM1;GRK4;RGS9BP;GUCA1C;GNB1;GNAT1;NMT1;CAMKMT;PRKCA;PPEF1;GRK7;RCVRN;CNGA1;SLC24A1;GNB5;PDE6B;GUCY2D;METAP2;PDE6G;GRK1"
"RAF Activation R-HSA-5673000",0.176778242677824,0.755512287462079,0.101350743797099,0.348707866921261,1.23695405066457,31,"CAMK2A;ARAF;CALM1;MRAS;CAMK2B;CAMK2G;PPP2R5C;JAK2;MAP2K1;RNASE3"
"RNA Polymerase III Chain Elongation R-HSA-73780",0.175824175824176,0.755512287462079,0.104732821580651,0.399977087274825,1.25873428562431,17,"CRCP;POLR3C;POLR3G;POLR3F;POLR3D;POLR2K;POLR3GL;POLR1D;POLR3H"
"Signaling By Activin R-HSA-1502540",0.177257525083612,0.755512287462079,0.105125131597001,0.409139418675843,1.24863279250022,15,"ACVR1C;ACVR2B;SMAD3;MAPK1;MAPK3"
"Signaling By Cytosolic FGFR1 Fusion Mutants R-HSA-1839117",0.178128913304067,0.755512287462079,0.249246554383295,-0.270807653143255,-1.20518557903792,17,"GAB2;FGFR1OP2;PIK3R1;GRB2;STAT3;CUX1;ZMYM2;STAT1;CEP43;TRIM24;LRRFIP1;PIK3CA;CNTRL;STAT5B;MYO18A;CPSF6;STAT5A"
"Smooth Muscle Contraction R-HSA-445355",0.170690259990679,0.755512287462079,0.249246554383295,-0.205617577079925,-1.2531430526635,42,"MYL12B;MYLK;TRIM72;MYL6;TPM3;MYL6B;TPM4;TPM2;TLN1;ALDH2;PKN2"
"Synaptic Adhesion-Like Molecules R-HSA-8849932",0.170837867247008,0.755512287462079,0.105920292736253,0.385837585179451,1.26304816368818,21,"GRIA4;LRFN3;GRIA1;GPRIN1;GRIN2D;PTPRD;MPP3;PTPRF;LRFN4;LRFN1;GRIA3;PTPRS;LRFN2"
"TAK1-dependent IKK And NF-kappa-B Activation R-HSA-445989",0.163437472679026,0.755512287462079,0.249246554383295,-0.200661860210837,-1.25172748430486,44,"HMGB1;S100B;APP;RPS27A;SAA2;MAP3K7;USP18;NFKB2;RELA"
"TNF Signaling R-HSA-75893",0.164790174002047,0.755512287462079,0.104343952581949,0.329890795675927,1.23592182151219,43,"UBB;SMPD2;IKBKB;MADD;TANK;RIPK1;USP4;SPPL2B;TAB3;TAX1BP1;BIRC3;SPPL2A;RBCK1;RNF31;CASP8"
"Trafficking Of GluR2-containing AMPA Receptors R-HSA-416993",0.167032967032967,0.755512287462079,0.107972360317345,0.402758026130068,1.2674859446435,17,"GRIA4;PRKCG;GRIA1;PRKCB;PRKCA;AP2A1;NSF;TSPAN7;GRIA3;GRIA2;LGALS12;AP2B1;AP2M1"
"Transport To Golgi And Subsequent Modification R-HSA-948021",0.173826173826174,0.755512287462079,0.0995791200495904,0.265689483858458,1.13951968610045,164,"ARCN1;SPTBN2;ANK2;CAPZA2;TRAPPC5;F5;ST8SIA3;CNIH2;GRIA1;COG4;INS;F8;SEC23A;SPTBN4;DCTN2;MAN1C1;COPZ2;MAN1A1;FOLR2;COG1;TMED7;COPG2;SEC22A;TBC1D20;COPG1;SEC31A;GORASP1;SPTBN5;CFAP73;CNIH1;SEC24D;DYNC1I1;TRAPPC6B;CNIH3;CHGA;TRAPPC2;COG8;MGAT4C;BET1;AREG;CAPZA1;PPP6R3;COG3;PPP6R1;SPTAN1;ANK1;TRAPPC2L;COG6;KDELR3;CHST8;MAN2A2;CD59;DCTN4;TFG;NSF;ARFGAP2;LHB;SCFD1;COG7;DYNLL1;GOSR2;GOLGA2;COL7A1;ACTR1A;B4GALT4;SEC24A;DCTN6;SEC24C;FUCA1;DCTN3;MGAT4B;DCTN1;TMEM115;B4GALT1;SEC16A;COPB1;SPTA1;SEC13;COG5;MOGAT1;ARF4;B4GALT6"
"Metabolism Of Carbohydrates R-HSA-71387",0.17982017982018,0.756885699851479,0.09754492162472,0.249954036004154,1.11197925682958,282,"FUT9;ARSB;IDS;PFKFB2;UBB;GBE1;CHSY3;UBL4A;ST6GALNAC6;LALBA;PFKFB1;PYGB;HS6ST3;PYGM;HAS2;DSEL;CALM1;EXT1;ACAN;NDST3;NUP58;PHKB;PFKP;ST3GAL3;CHST2;GALT;CHST9;HAS3;HS6ST1;TPI1;HOOK2;NUP88;CHST5;CHST14;SGSH;HEXB;NDC1;GOT2;TKFC;GPC6;FUT10;NUP160;RBKS;FUT7;NDST4;GPC3;B3GNT4;ALDH1A1;GNPDA2;GPC2;PRKCA;NUP85;HS3ST4;SPAM1;SLC25A12;G6PC3;MAN2C1;PHKA1;SDC3;B3GALT2;CHPF2;SDC2;FUT11;G6PC2;CHORDC1;NAGLU;FUT5;FUT1;ST3GAL1;HS6ST2;HS2ST1;HS3ST2;B3GALT5;GAPDHS;KERA;B3GNT2;XYLT2;PGP;PYGL;VCAN;GYS2;HS3ST5;GLB1;KHK;PRPS1L1;GOLT1A;SHPK;HS3ST1;CHST1;SLC25A13;GLCE;PKLR;SLC9A1;SEH1L;HMMR;SDC1;PPP2R1B;PGM2L1;UST;PAPSS2;NUP205;SLC25A10;AKR1B1;FBP1;MANBA;B4GALT4;SLC37A2;MAN2B2;GYG2;G6PC1;CSPG5;FUT2;OMD;MDH1;GPC1;HS3ST6;FMOD;PCK2;B3GNT3;CHST13;B4GALT1;PRELP;STAB2;PFKFB4;PHKA2;GALK1;NDST2;SEC13;PGAM4;PCK1;B4GALT6;PGAM2;NHLRC1;PRPS2;ENO3;TAC4;FUT4;NUP133;B3GALT1;GYS1;PPP1R3C"
"Nuclear Envelope Breakdown R-HSA-2980766",0.17914979757085,0.756885699851479,0.0985499803531691,0.312962847325492,1.20424319457998,52,"LPIN2;CCNB2;LPIN1;VRK1;NUP58;PRKCB;NUP88;NDC1;CCNB1;LPIN3;NUP160;PRKCA;TMPO;NUP85"
"CD28 Dependent PI3K/Akt Signaling R-HSA-389357",0.181521739130435,0.761153656126482,0.102080107662747,0.375468222657346,1.25048810318174,23,"AKT3;CD86;TRIB3;RICTOR;HOXC13;PIK3R3;PIK3R2;THEM4;MAPKAP1"
"COPI-dependent Golgi-to-ER Retrograde Traffic R-HSA-6811434",0.192540322580645,0.801913421427323,0.0940503465727813,0.290415938114488,1.1727326356018,78,"KIF3C;ARCN1;KIFC2;KIF22;KIF2A;COPZ2;KIF27;TMED7;COPG2;KLC3;KIF3B;COPG1;CENPE;KIF5A;KLC4;KIF23;KIF25;KIF4A;KIF11;KIF20A;KIF2B;KIF15;KDELR3;NBAS;NSF;ARFGAP2;KIFAP3;KIF1B;RINT1;KIF16B;COPB1;KIF26B;ARF4;KIFC1;KIF4B;NAPG;KIF18A;ARFGAP1;KIF19;TMED2;KIF3A"
"Translesion Synthesis By POLK R-HSA-5655862",0.192691029900332,0.801913421427323,0.0995791200495904,0.396757190751278,1.22902961002922,16,"UBB;REV1;POLR1B;REV3L;RFC5;POLR1A;PCNA;RFC2;RFC4"
"Sensory Processing Of Sound By Outer Hair Cells Of Cochlea R-HSA-9662361",0.193908629441624,0.803958250156847,0.0940503465727813,0.30737249820669,1.1815752577829,53,"EZR;TMC1;USH1C;EPB41L1;CHRNA10;ESPNL;PLS1;OTOGL;KCNN2;SLC26A5;OTOG;PJVK;TRIOBP;CHRNA9;GRXCR1;SPTAN1;TWF1"
"COPI-mediated Anterograde Transport R-HSA-6807878",0.198189134808853,0.809577019311441,0.0922597260527354,0.287065718142759,1.16360625716931,80,"ARCN1;SPTBN2;ANK2;CAPZA2;COG4;INS;SPTBN4;DCTN2;COPZ2;FOLR2;COG1;TMED7;COPG2;COPG1;GORASP1;SPTBN5;DYNC1I1;COG8;BET1;CAPZA1;COG3;SPTAN1;ANK1;COG6;KDELR3;CD59;DCTN4;NSF;ARFGAP2;COG7;DYNLL1;GOSR2;GOLGA2;ACTR1A;DCTN6;DCTN3;DCTN1;TMEM115;COPB1;SPTA1;COG5;ARF4;NAPG;ARFGAP1"
"Carboxyterminal Post-Translational Modifications Of Tubulin R-HSA-8955332",0.197560342523524,0.809577019311441,0.249246554383295,-0.188028752764497,-1.13146651631445,37,"AGTPBP1;TUBB4B;TUBA3D;TUBB4A;NICN1;AGBL5;TUBA1C;SVBP"
"HDR Thru Single Strand Annealing (SSA) R-HSA-5685938",0.197710718002081,0.809577019311441,0.0943563635421779,0.333460626587998,1.21689873043158,36,"RBBP8;POLR1B;RAD17;WRN;RMI1;SERPINA2;RFC5;RHNO1;ATM;POLR1A;RAD9B;RAD52;ERCC1;RFC2;RFC4;RAD9A;RAD50;TOP3A"
"Selective Autophagy R-HSA-9663891",0.196286489498323,0.809577019311441,0.249246554383295,-0.183747176432775,-1.19484823310153,60,"DYNC1LI2;SQSTM1;DYNC1I2;PLIN3;RPS27A;TOMM7;DYNC1H1;VCP;USP30;EPAS1"
"COPII-mediated Vesicle Transport R-HSA-204005",0.204246713852376,0.824900771020576,0.0908241419007155,0.2967805598624,1.17841274481662,66,"TRAPPC5;F5;CNIH2;GRIA1;F8;SEC23A;FOLR2;SEC22A;TBC1D20;SEC31A;GORASP1;CNIH1;SEC24D;TRAPPC6B;CNIH3;TRAPPC2;BET1;AREG;PPP6R3;PPP6R1;TRAPPC2L;CD59;TFG;NSF;SCFD1;GOSR2;GOLGA2;COL7A1"
"Cell Recruitment (Pro-Inflammatory Response) R-HSA-9664424",0.205143225245937,0.824900771020576,0.249246554383295,-0.226422175754651,-1.17795354368412,25,"TXNIP;C3AR1;NFKB2;SUGT1;RELA;C3;P2RX7;HSP90AB1;IL18;HMOX1;NFKB1;GSDMD;PYCARD;P2RX4;TXN2;ENTPD1;CASP1;ENTPD5;IL1B;IL1A;NT5E;MEFV;PSTPIP1;NLRP3;CTSG"
"G-protein Activation R-HSA-202040",0.205597416576964,0.824900771020576,0.0940503465727813,0.362459595413255,1.21886258329828,24,"GNA14;GNG13;GNB4;GNG10;GNG2;GNB1;PDYN;GNG4;OPRM1;GNG12;GNB2;GNG3;GNGT2;GNB5"
"Inactivation, Recovery And Regulation Of Phototransduction Cascade R-HSA-2514859",0.205666316894019,0.824900771020576,0.0925528864684773,0.343257395469388,1.21257257164729,30,"METAP1;CALM1;GRK4;RGS9BP;GUCA1C;GNB1;GNAT1;NMT1;CAMKMT;PRKCA;PPEF1;GRK7;RCVRN;CNGA1;GNB5;PDE6B;GUCY2D;METAP2;PDE6G;GRK1"
"RHO GTPases Activate NADPH Oxidases R-HSA-5668599",0.205597416576964,0.824900771020576,0.0940503465727813,0.362644288359148,1.21948366030658,24,"CYBB;PIK3R4;MAPK11;PRKCB;NOX1;MAPK1;NCF4;PRKCA;NOXO1;MAPK3"
"Heparan Sulfate/Heparin (HS-GAG) Metabolism R-HSA-1638091",0.209137055837563,0.832786765511449,0.0897104652742981,0.305516793345246,1.17444171472741,53,"IDS;HS6ST3;EXT1;NDST3;HS6ST1;SGSH;GPC6;NDST4;GPC3;GPC2;HS3ST4;SDC3;SDC2;NAGLU;HS6ST2;HS2ST1;HS3ST2;XYLT2;VCAN;HS3ST5;GLB1;HS3ST1;GLCE;SDC1;CSPG5;GPC1;HS3ST6"
"Regulation Of TP53 Activity R-HSA-5633007",0.208791208791209,0.832786765511449,0.0888945288620449,0.263653096927966,1.12698056186876,155,"UBB;AKT3;CHD3;TAF9B;CDK5R1;RBBP8;TP53BP2;POU4F2;TAF9;POLR1B;HIPK1;ING5;TAF3;RAD17;PIP4K2B;PML;RICTOR;RBBP7;MAPK11;PRKAG2;PPP2R5C;TAF4;CHEK2;AURKB;SETD9;STK11;BRPF3;ING3;PIP4P1;PRKAB2;TAF5;WRN;SMYD2;RMI1;CDKN2A;PRKAA2;SERPINA2;MDM2;MAPKAP1;RFC5;PPP1R13B;RHNO1;TP73;ATM;TAF11;BRD7;DPEP3;CHEK1;CCNG1;L3MBTL1;PLK3;POLR1A;ZNF385A;RAD9B;HDAC1;MLST8"
"Anchoring Of Basal Body To Plasma Membrane R-HSA-5620912",0.211847389558233,0.837553786574871,0.0883594442500905,0.279107175915685,1.15260018276855,96,"CEP63;IQCB1;MKS1;CEP192;CEP164;HAUS8;YWHAG;B9D1;AHI1;DCTN2;RAB3IP;FBF1;AKAP9;CEP70;CEP76;CEP135;TMEM216;TTBK2;CEP83;HAUS3;PRKCA;TUBA4A;TMEM67;SFI1;HAUS7;CC2D2A;ODF2;CEP89;KIF24;RPGRIP1L;HAUS2;CKAP5;CEP78;NINL;OFD1;NPHP4;DYNLL1;TCTN3;ACTR1A;CENPJ;TCTN1;PAFAH1B1;CEP131;DCTN3;RAB11A;ALMS1;DCTN1;TUBG1;CEP97;PCNT;CETN2;NEDD1"
"Translesion Synthesis By POLI R-HSA-5656121",0.211517165005537,0.837553786574871,0.0940503465727813,0.391248408263855,1.21196512588104,16,"UBB;REV1;POLR1B;REV3L;RFC5;POLR1A;PCNA;RFC2;RFC4"
"Gastrin-CREB Signaling Pathway Via PKC And MAPK R-HSA-881907",0.216483516483516,0.849812953004442,0.0922597260527354,0.384161495481003,1.20896236550269,17,"CCKBR;MAPK1;PRKCA;HBEGF;MAPK3;RPS6KA3;MAPK7;EGFR"
"IRS-mediated Signaling R-HSA-112399",0.216380182002022,0.849812953004442,0.0875697115548511,0.314063707905567,1.19372966172342,47,"FGF13;FLT3;TRIB3;PIK3R4;KL;KLB;FGFR1;PIK3R2;FGF23;FGFR2;FLT3LG;FGF10;FRS2;THEM4;FGF16;FGF7;FGF18;IRS2"
"Signaling By NOTCH2 R-HSA-1980145",0.221358241098893,0.865878349457507,0.249246554383295,-0.204826385273185,-1.15666375698965,30,"PSENEN;PSEN1;GZMB;RPS27A;RBPJ"
"Azathioprine ADME R-HSA-9748787",0.225244831338411,0.875414731552635,0.0894366833718621,0.367859765722269,1.20419736033279,21,"HPRT1;GSTA1;SLC29A2;TPMT;VAV3;XDH;VAV1;SLC28A2;SLC29A1;GUK1;VAV2;GSTM1;NUDT15;GSTA2;IMPDH2;ABCC5"
"NR1H2 And NR1H3-mediated Signaling R-HSA-9024446",0.22537777641599,0.875414731552635,0.249246554383295,-0.204381577267051,-1.35676393329425,45,"APOD;SCD;NR1H2;KDM1A;ABCG1;APOE;SREBF1"
"Late Endosomal Microautophagy R-HSA-9615710",0.231891610633743,0.897566478921515,0.249246554383295,-0.216685776189928,-1.18573076977737,29,"RNASE1;PLIN3;RPS27A;CHMP6"
"Formation Of Cornified Envelope R-HSA-6809371",0.236895161290323,0.913738479262673,0.0824344091527096,0.286731811455264,1.14879955110716,70,"SPRR2G;CASP14;RPTN;DSG3;SPRR2E;SPRR2B;PPL;LIPM;SPINK9;PRSS8;SPRR1B;CDSN;KLK13;DSG4;PKP3;DSPP;LCE1F;DSG2;LIPK;PERP;CSTA;PKP1;LIPJ;FURIN;LORICRIN;LCE2B;LCE1A;SPRR2A;IVL;SPRR1A;TGM1;KLK12;LCE3B"
"B-WICH Complex Positively Regulates rRNA Expression R-HSA-5250924",0.239185663187712,0.916456698581816,0.249246554383295,-0.17443943076807,-1.21666210815568,54,"H3-3B;H2AJ;SF3B1;DEK;H2AC6;H2AC19;H4C15;POLR2E;POLR2L"
"Glucagon-like Peptide-1 (GLP1) Regulates Insulin Secretion R-HSA-381676",0.239465570400822,0.916456698581816,0.0828962134571565,0.313589533936851,1.17284476542549,42,"ITPR1;PRKAR1B;GNG13;GNB4;GNG10;GNG2;GNB1;PRKCA;KCNB1;PRKAR2A;GCG;GNG4;GNG12;AKAP5;GNB2;GNG3;GNGT2;RAPGEF4;GNB5"
"Nucleotide Catabolism R-HSA-8956319",0.240083507306889,0.916456698581816,0.0835990603684159,0.327617750943428,1.18116917303624,34,"UPP2;NUDT9;ENTPD4;XDH;NT5C1A;DPYS;ENTPD3;NT5C3A;ENTPD7;NUDT16;GDA;UPB1;NT5M;NUDT1;NT5E;NUDT5;ENTPD2;ENTPD6;ENTPD8"
"G1/S-Specific Transcription R-HSA-69205",0.244747899159664,0.918426862270332,0.0828962134571565,0.336022519938167,1.17783858031606,29,"RBL2;CDC6;TK1;CDT1;CDC25A;LIN52;E2F4;LIN54;RRM2;HDAC1;CCNE1;LIN9;LIN37;PCNA"
"Growth Hormone Receptor Signaling R-HSA-982772",0.244565217391304,0.918426862270332,0.0847985102819124,0.356385808025066,1.18693456912029,23,"GHR;MAPK1;JAK2;MAPK3;SOCS2;STAT5A;IRS2;LYN;GH2;ADAM17;PRL;SOCS3;CISH;STAT5B;PRLR;SOCS1;PTPN1;IRS1"
"MAPK Targets/ Nuclear Events Mediated By MAP Kinases R-HSA-450282",0.244491080797482,0.918426862270332,0.0828962134571565,0.335685001448065,1.18582274072403,30,"MAPK9;DUSP3;MAPK11;MAPK10;RPS6KA5;MAPK1;MAPK8;MEF2C;GDNF;MAPK3;RPS6KA3"
"Surfactant Metabolism R-HSA-5683826",0.242553191489362,0.918426862270332,0.0840745577910723,0.34396325692234,1.18286386842446,27,"ADORA2B;SFTPD;ADRA2C;ZDHHC2;P2RY2;ADGRF5;DMBT1;PGA3;SFTPA1;SLC34A2;CTSH;SFTPA2;CCDC59"
"TP53 Regulates Metabolic Genes R-HSA-5628897",0.24269889224572,0.918426862270332,0.0810802057550866,0.280567422777156,1.13784723242141,81,"RRAGD;GPX2;AKT3;UBL4A;PTEN;SESN1;COX5A;COX7A2L;LAMTOR3;YWHAG;AGO4;LRPPRC;PRKAG2;TNRC6C;RHEB;TSC1;PRKAB2;TIGAR;PRKAA2;COX20;GSR"
"Cell-extracellular Matrix Interactions R-HSA-446353",0.246376811594203,0.92141598119859,0.0857844408075645,0.389066173241383,1.18737222615711,15,"ACTN1;PXDN;ARHGEF6;TESK1;PARVA;RSU1"
"DNA Strand Elongation R-HSA-69190",0.247907949790795,0.924020540129327,0.0819778796501272,0.331628667874096,1.17636985842933,31,"MCM6;POLR1B;GINS3;LRIG1;MCM7;GINS4;RFC5;GINS1;PRIM2;MCM4;GINS2;POLR1A;PCNA;RFC2;RFC4;POLA2;PRIM1"
"Keratinization R-HSA-6805567",0.248751248751249,0.924052457609505,0.0793434960134973,0.252605768724968,1.0949223369481,192,"SPRR2G;CASP14;RPTN;KRTAP19-5;KRTAP10-4;DSG3;SPRR2E;SPRR2B;PPL;KRT25;KRT4;KRTAP12-1;KRT32;KRTAP21-3;KRTAP26-1;LIPM;KRTAP19-6;KRTAP19-8;SPINK9;PRSS8;KRTAP25-1;KRT23;KRTAP4-1;KRT26;KRT14;SPRR1B;KRTAP1-5;KRT17;KRT86;KRTAP21-2;KRTAP3-2;KRT9;KRT2;CDSN;KRTAP6-1;KRTAP2-2;KLK13;DSG4;KRTAP17-1;PKP3;KRT5;KRTAP15-1;KRTAP4-4;KRTAP19-4;KRT40;DSPP;LCE1F;DSG2;KRTAP4-3;LIPK;PERP;CSTA;KRT24;PKP1;LIPJ;KRTAP1-4;FURIN;KRT19;LORICRIN;KRT3;KRTAP6-3;LCE2B;KRTAP5-4;LCE1A;KRTAP1-1;SPRR2A;KRT1;IVL;KRTAP13-2;KRT81;KRTAP3-3;SPRR1A;KRT15;KRT83;TGM1;KRTAP4-2;KLK12;KRT84;KRTAP13-1;LCE3B;KRT27;KRTAP19-2;KRTAP10-5;KRTAP13-3;KRTAP1-3;EVPL;LCE2D"
"Response Of Mtb To Phagocytosis R-HSA-9637690",0.250272034820457,0.925853485064011,0.0835990603684159,0.358884777649288,1.17481753151329,21,"UBB;VPS33B;MAPK1;ATP6V1H;DUSP16;MAPK3;CTSG;HGS;NANOS2"
"Signaling By Hedgehog R-HSA-5358351",0.254254254254254,0.925853485064011,0.0782955249944794,0.260541583047572,1.10522597542076,134,"UBB;CSNK1A1;PRKAR1B;ULK3;WDR35;MKS1;IFT57;SPOP;PSMA6;HHAT;CUL3;IQCE;TTC21B;ADCY1;IFT140;ADCY7;NUMB;EVC;ARRB2;GLI3;BTRC;SMURF1;PSMD9;IFT88;PSMB3;ADCY9;ADCY2;PRKCA;CDON;PSMB4;PSMD13;SCUBE2;PSMF1;PSME4;GLI2;PRKAR2A;KIF7;RPGRIP1L;PSMB9;PSMC2;PSMB11;PSMC6;GRK2;GAS8;PSMC3;SUFU;PSMD12;PSMD5;OFD1"
"Switching Of Origins To A Post-Replicative State R-HSA-69052",0.252261306532663,0.925853485064011,0.0789209638180035,0.276128491649801,1.13107128550893,89,"ANAPC16;UBB;MCM6;ORC3;UBE2D1;PSMA6;CDC23;CDC6;ORC4;CDT1;PSMD9;MCM7;PSMB3;ORC6;PSMB4;PSMD13;PSMF1;PSME4;ANAPC5;ORC5;MCM4;ANAPC4;PSMB9;PSMC2;PSMB11;PSMC6;UBE2C;PSMC3;CCNE1;GMNN;CCNE2;ANAPC15;PSMD12;PSMD5"
"Termination Of Translesion DNA Synthesis R-HSA-5656169",0.253138075313808,0.925853485064011,0.0808589150280032,0.330342487162404,1.17180745364259,31,"UBB;REV1;POLR1B;UBE2L6;USP32;POLE2;PCLAF;USP43;RFC5;POLE;POLR1A;TRIM25;PCNA;RFC2;RFC4"
"p130Cas Linkage To MAPK Signaling For Integrins R-HSA-372708",0.25344045148104,0.925853485064011,0.203508959461977,-0.275343856251393,-1.2047122762745,15,"VWF;RAP1A;FN1;TLN1;PTK2"
"tRNA Processing R-HSA-72306",0.253507014028056,0.925853485064011,0.0785029047348687,0.271323739276558,1.12769750133227,104,"RPP14;TRMT61B;TRMT5;ELAC2;TRDMT1;TRNT1;NUP58;ZBTB8OS;NUP88;NDC1;WDR4;NSUN2;GTPBP3;NUP160;TRMT12;PUS1;TRMU;NUP85;DDX1;CPSF1;NSUN6;QTRT1;PUS7;PUS3;THG1L;CTU2;THADA;TRMT61A;TRIT1;DUS2;URM1;ALKBH8;SEH1L;TYW5;TRMT44;NUP205;RPP40;TRMT6;NLRP2B;QTRT2;COLEC12;TSEN2;FTSJ1;TRMT10C;TP53RK;FAM98B;PYDC1;RTRAF"
"Complement Cascade R-HSA-166658",0.257575757575758,0.928782943440924,0.0780892306943345,0.296697826688775,1.14896554430554,54,"C8A;C8B;MASP1;C1R;C5;VTN;CFHR4;COLEC11;C5AR2;AKR1C1;C4BPA;FCN2;MBL2;PROS1;CFHR3;CPNE2;CFHR5;CFI;ELANE;CD59"
"Downregulation Of TGF-beta Receptor Signaling R-HSA-2173788",0.257478632478632,0.928782943440924,0.0810802057550866,0.344806178797247,1.17114034396846,25,"UBB;PMEPA1;ZFYVE9;NEDD4L;PPP1CA;SMAD3;SMURF1"
"Programmed Cell Death R-HSA-5357801",0.256743256743257,0.928782943440924,0.0776798560117236,0.250313560665213,1.09146952097237,205,"UBB;AKT3;OMA1;DCC;TP53BP2;FASLG;GSDME;GAS2;YWHAG;BAD;PSMA6;CASP3;DAPK1;DSG3;H1-5;TANK;RIPK1;CASP9;H1-0;BBC3;BID;OCLN;MAPK1;PSMD9;IRF2;PSMB3;MAPK8;H1-3;NMT1;BAK1;DAPK3;BIRC3;PSMB4;DNM1L;CDKN2A;PSMD13;PSMF1;MAPK3;PSME4;CHMP2A;TICAM1;PPP1R13B;DSPP;TP73;DSG2;APAF1;PPP3CC;SPTAN1;MED12;ACIN1;PKP1;MLKL;BMX;CASP8;SATB1;PSMB9;CHMP7;ELANE;STK24;PSMC2;CASP7;PSMB11;PSMC6;TJP1;CLSPN;PSMC3;ARHGAP10;MAPT;H1-1;TLR4;XIAP;MAGED1;PSMD12;PSMD5;DFFB;DYNLL1;CASP6;CHMP4C;PPP3R1;CYCS;PDCD6IP;YWHAH;BAX;BCL2L11"
"Phospholipase C-mediated Cascade; FGFR2 R-HSA-5654221",0.260485651214128,0.936226025629999,0.0822054920415869,0.36790752342011,1.1669394325273,18,"FGF13;FGF23;FGFR2;FGF10;FGF16;FGF7;FGF18;FGF20;FGF5;PLCG1;FGF9;FGF8;FGF17;FGF22"
"Regulation Of RUNX1 Expression And Activity R-HSA-8934593",0.262637362637363,0.94090472634162,0.0815265143256594,0.369447872153411,1.16265835775467,17,"AGO4;PML;TNRC6C;CDK6"
"Potential Therapeutics For SARS R-HSA-9679191",0.263791374122367,0.941990487591808,0.0764767053228531,0.273322568016447,1.12793006695054,95,"FXYD7;FXYD1;CHD3;ZBP1;ATP1A2;VEGFA;CUL3;CD79A;RIPK1;RBBP7;PHF21A;MTA3;NR3C1;ROCK2;SUDS3;TYK2;JAK2;VAV1;IFNAR1;IL6R;TLR7;ATP1A3;ATP1B2"
"ADP Signaling Thru P2Y Purinoceptor 1 R-HSA-418592",0.269230769230769,0.950741286683641,0.0787113806986485,0.341586839075654,1.16020579911184,25,"GNA14;GNG13;GNB4;GNG10;GNG2;GNB1;GNG4;GNG12;GNB2;MAPK14;GNG3;GNGT2;GNB5;PLA2G4A;P2RY1;GNG11;GNAQ"
"Activation Of IRF3/IRF7 Mediated By TBK1/IKK Epsilon R-HSA-936964",0.282051282051282,0.950741286683641,0.0785029047348687,0.377355275701628,1.15163230467735,15,"UBB;TANK;IRF7;SARM1;TICAM1"
"Apoptotic Factor-Mediated Response R-HSA-111471",0.283842794759825,0.950741286683641,0.0770736734944102,0.357609329624558,1.16146196738902,20,"GSDME;CASP3;CASP9;MAPK1;BAK1;CDKN2A;MAPK3;APAF1;CASP7;XIAP;CYCS;BAX"
"Cargo Concentration In ER R-HSA-5694530",0.276617954070981,0.950741286683641,0.0760837160951725,0.324113257980509,1.15668815906949,32,"F5;CNIH2;GRIA1;F8;SEC23A;FOLR2;CFAP73;CNIH1;SEC24D;CNIH3;AREG;CD59;GOSR2;COL7A1;SEC24A;SEC24C"
"Cell Cycle Checkpoints R-HSA-69620",0.284715284715285,0.950741286683641,0.0723570851036907,0.242826899007919,1.07437883447961,264,"ANAPC16;CLIP1;UBB;ABRAXAS1;MCM6;RBBP8;CENPQ;CCNB2;ORC3;UBE2D1;CDC25C;POLR1B;UIMC1;SKA2;YWHAG;RAD17;PSMA6;SGO1;H2BC1;SGO2;KIF2A;CDC23;CDC6;HERC2;H2BC14;ORC4;MIS12;PPP2R5C;CCNB1;CHEK2;AURKB;SPDL1;BRCC3;PSMD9;MCM7;NUP160;CDC25A;PSMB3;CENPE;ORC6;CDCA8;DYNC1I1;SPC24;WRN;BUB1B;RMI1;SPC25;NUP85;CENPN;PSMB4;CDKN2A;PSMD13;MAD1L1;PSMF1;SERPINA2;MDM2;RFC5;PSME4;NUDC;ZWILCH;RHNO1;ANAPC5;ORC5;ATM;MCM4;KIF2B;ITGB3BP;ANAPC4;H2BC3;WEE1;CHEK1;PSMB9;CKAP5;PSMC2;BUB1;PSMB11;CENPO;PSMC6;UBE2C;POLR1A;CENPP;ZNF385A;RAD9B;CLSPN;PSMC3;CENPU;CCNE1;MAD2L1;CCNE2;ANAPC15;PSMD12;SEH1L;PSMD5;CENPF;H2BC9;DYNLL1;CENPI;PPP2R1B;NDEL1;GTSE1;RFC2;RNF168;YWHAH;RFC4;KNL1;PAFAH1B1;NDC80;RAD9A"
"DNA Methylation R-HSA-5334118",0.284579040629632,0.950741286683641,0.203508959461977,-0.191394235648385,-1.08770982988518,31,"H3-3B;H2AJ;H2AC6;H2AC19;H4C15"
"Defensins R-HSA-1461973",0.271221532091097,0.950741286683641,0.0766746872490091,0.313848554106073,1.1595791012085,39,"DEFB135;DEFB115;DEFB119;DEFB118;DEFB131A;DEFB107A;DEFB127;DEFB132;CCR2;DEFB126;DEFB128;DEFB121;DEFB106A;DEFB129;DEFB136;CCR6;PRSS3;DEFB112;PRSS2;DEFA5;DEFB124;DEFB116;DEFB134;DEFB125;DEFB105A"
"Diseases Associated With Glycosaminoglycan Metabolism R-HSA-3560782",0.284829721362229,0.950741286683641,0.0739901439101341,0.306619408794218,1.13685794648404,40,"EXT1;ACAN;ST3GAL3;CHST14;HEXB;GPC6;GPC3;GPC2;SDC3;SDC2;KERA;VCAN;SDC1;PAPSS2;CSPG5;OMD;GPC1;FMOD;B4GALT1;PRELP"
"Impaired BRCA2 Binding To RAD51 R-HSA-9709570",0.276617954070981,0.950741286683641,0.0760837160951725,0.319019068937234,1.15016811132572,34,"RBBP8;POLR1B;RAD17;WRN;RMI1;SERPINA2;RFC5;RHNO1;ATM;POLR1A;RAD9B;RFC2;RFC4;RAD9A;RAD50;TOP3A;BRCA2;TOPBP1;RPA3"
"Integrin Cell Surface Interactions R-HSA-216083",0.283432881495199,0.950741286683641,0.203508959461977,-0.153915013233645,-0.98813866412185,66,"JAM3;ITGB1;HSPG2;CD44;PECAM1;ITGAV;FN1;COL9A2"
"Myogenesis R-HSA-525793",0.283613445378151,0.950741286683641,0.0751181635276301,0.328217882621144,1.15048147657475,29,"MAPK12;CTNNA2;CDH4;MAPK11;CDH2;MEF2B;MEF2C;CDON;MYF5"
"Negative Regulation Of MAPK Pathway R-HSA-5675221",0.272445820433437,0.950741286683641,0.0762797180809272,0.309221475627629,1.1465056735098,40,"DUSP9;UBB;MAPK12;ARAF;DUSP8;PPP2R5C;MAPK1;PPP5C;DUSP16;MAP2K1;MAPK3;RNASE3;PAQR3"
"Negative Regulation Of TCF-dependent Signaling By WNT Ligand Antagonists R-HSA-3772470",0.278706800445931,0.950741286683641,0.0791316651768349,0.378487413233418,1.15508742042345,15,"WNT4;DKK2;KREMEN1;WIF1;KREMEN2;WNT5A;SOST"
"Platelet Calcium Homeostasis R-HSA-418360",0.282678002125399,0.950741286683641,0.0758886900606117,0.334675960381106,1.14673230299676,26,"ITPR1;SLC8A2;CALM1;SLC8A3;SLC8A1;ORAI2;TRPC7;ATP2B3;ATP2B1;TRPC6;P2RX6"
"RORA Activates Gene Expression R-HSA-1368082",0.271523178807947,0.950741286683641,0.0799858801499946,0.364539780115904,1.15625752957578,18,"TBL1XR1;CARM1;NCOA1;CREBBP;RXRA;MBD4;LIN9;CHD9;HELZ2;PPARA;RORA;NCOA6;SMARCD3"
"SMAD2/SMAD3:SMAD4 Heterotrimer Regulates Transcription R-HSA-2173796",0.267708333333333,0.950741286683641,0.0776798560117236,0.317455258921741,1.15112044933074,35,"UBB;CCNT1;SMAD3;MAPK1;RNF111;E2F4;MAPK3;CCNK;CCNC;FURIN;TGIF2;CCNT2;HDAC1;CDKN2B;RNASEH2A;CDK8"
"Sealing Of Nuclear Envelope (NE) By ESCRT-III R-HSA-9668328",0.269170102322505,0.950741286683641,0.203508959461977,-0.198393757081528,-1.07014150687705,27,"TUBB4B;CHMP6;TUBA3D;TUBB4A;TUBA1C"
"Signaling By BRAF And RAF1 Fusions R-HSA-6802952",0.285136501516684,0.950741286683641,0.0728938564822936,0.284389115147159,1.12245478398016,62,"CAMK2A;ARAF;KSR2;FGG;CALM1;CNKSR2;ATG7;AKAP9;CAMK2B;CAMK2G;KIAA1549;CNKSR1;ARRB2;MAPK1;TENT4A;JAK2;ZC3HAV1;MAP2K1;MAPK3"
"Synthesis Of PIPs At Plasma Membrane R-HSA-1660499",0.271065989847716,0.950741286683641,0.0756946307932749,0.296527124760249,1.13667344972383,51,"PIP5K1C;PTEN;PIK3R6;INPP4A;PIP4K2B;PIP5K1B;PI4K2B;INPP5D;MTMR1;PLEKHA6;PIK3R3;PIK3R2;RUFY1;PLEKHA3"
"TRAF6 Mediated IRF7 Activation R-HSA-933541",0.282916213275299,0.950741286683641,0.0770736734944102,0.351423422189244,1.15963781704905,22,"TANK;IFNA6;TRIM4;IRF7;TRAF6;CREBBP;RNF135"
"Thromboxane Signaling Thru TP Receptor R-HSA-428930",0.276641550053821,0.950741286683641,0.0776798560117236,0.345671910389584,1.16240972236017,24,"GNA14;GNG13;GNB4;GNG10;GNG2;GNB1"
"Uptake And Actions Of Bacterial Toxins R-HSA-5339562",0.273784355179704,0.950741286683641,0.077274697304471,0.332685841707845,1.15864379406408,28,"CALM1;SYT1;SV2B;SV2C;HBEGF;MAP2K1;STX1A;SV2A;FURIN"
"Cyclin A/B1/B2 Associated Events During G2/M Transition R-HSA-69273",0.287393162393162,0.95358533681887,0.0753093764172773,0.336080877200597,1.14150470127559,25,"CCNB2;FOXM1;CDC25C;CDC25B;CCNB1;CDC25A"
"MAPK1/MAPK3 Signaling R-HSA-5684996",0.287712287712288,0.95358533681887,0.0718276293603809,0.241039093190586,1.0704798618668,273,"FGF13;CAMK2A;NEFL;KIT;FLT3;DUSP9;SHC3;UBB;SHC2;MAPK12;SPTBN2;ARAF;KSR2;SYNGAP1;GFRA4;ABHD17C;FGG;LAMTOR3;SPRED2;DUSP8;PSMA6;CALM1;RAPGEF2;CUL3;CNKSR2;TEK;SPTBN4;KL;MRAS;CAMK2B;GFRA2;CAMK2G;PPP2R5C;GPRIN1;PDE6D;EGF;CNKSR1;ARRB2;GRIN2D;TYK2;KLB;RASGRP1;FGFR1;PIK3R2;MAPK1;FGF23;PSMD9;JAK2;SPTBN5;PSMB3;DAB2IP;IL6R;FGFR2;PPP5C;HBEGF;FLT3LG;FGF10;FRS2;NRG4;GDNF;DUSP16;MAP2K1;NRG2;PSMB4;FGF16;PSMD13;PSMF1;MAPK3;PSME4;RET;RASGRP4"
"Phospholipase C-mediated Cascade; FGFR4 R-HSA-5654228",0.289855072463768,0.957589285714286,0.0770736734944102,0.373867289715137,1.1409874890382,15,"FGF13;KLB;FGF23;FGF16;FGF18;FGF20;FGFR4;PLCG1;FGF9;FGF8;FGF17"
"Retrograde Transport At Trans-Golgi-Network R-HSA-6811440",0.290650406504065,0.957589285714286,0.0721797965581253,0.300690894829268,1.13617826954185,46,"SYS1;RAB6B;VAMP4;SCOC;COG4;STX6;ARFRP1;COG1;NAA30;GCC2;VPS54;M6PR;COG8;ARFIP2;COG3;COG6;NSF;GOLGA1;RAB6A;COG7;VPS53;NAA35;GCC1;COG5;RAB9B;NAPG;RABEPK"
"ADP Signaling Thru P2Y Purinoceptor 12 R-HSA-392170",0.302502720348205,0.958005460093143,0.0736212741014394,0.344148010124192,1.13563018855152,22,"GNG13;GNB4;GNG10;GNG2;GNB1;GNAT3;P2RY12;GNAI3;GNG4;GNG12;GNB2;GNG3;GNGT2;GNB5"
"Activated Point Mutants Of FGFR2 R-HSA-2033519",0.292307692307692,0.958005460093143,0.0758886900606117,0.362562776785414,1.14099085260197,17,"FGF13;FGF23;FGFR2;FGF10;FGF16;FGF7;FGF18;FGF20;FGF5;FGF9;FGF8;FGF17;FGF22"
"Class C/3 (Metabotropic Glutamate/Pheromone Receptors) R-HSA-420499",0.300207039337474,0.958005460093143,0.0714786287425507,0.308100449742294,1.13834152784835,39,"GABBR2;GRM5;GPRC6A;UBD;TAS2R14;TAS2R50;TAS1R1;CASR;TAS2R45;GRM8;TAS2R19;TAS2R1;GRM1;TAS2R30;TAS2R9"
"E2F Mediated Regulation Of DNA Replication R-HSA-113510",0.298150163220892,0.958005460093143,0.0743625384422526,0.346814217589646,1.14442822194889,22,"ORC3;RB1;ORC4;CCNB1;ORC6;ORC5;PRIM2;PPP2R1B;POLA2;PRIM1;SLC25A2;PPP2R3B;CDK1;POLA1;SLC25A15"
"GPER1 Signaling R-HSA-9634597",0.298874104401228,0.958005460093143,0.0711327399327894,0.302961403390724,1.13503199978452,43,"PRKAR1B;GNG13;GNB4;GNG10;ADCY1;GNG2;GNB1;ADCY7;ADCY9;ADCY2;PRKCA;GNAT3;PRKAR2A;ITGA5;GNAI3;GNG4"
"HS-GAG Degradation R-HSA-2024096",0.303590859630033,0.958005460093143,0.0734381410838857,0.34431093031116,1.12710970877816,21,"IDS;SGSH;GPC6;GPC3;GPC2;SDC3;SDC2;NAGLU;GLB1"
"Mitochondrial tRNA Aminoacylation R-HSA-379726",0.300326441784548,0.958005460093143,0.0739901439101341,0.345117186404032,1.12974900654665,21,"FARS2;MARS2;VARS2;CARS2;LARS2;WARS2"
"Nucleotide Salvage R-HSA-8956321",0.297826086956522,0.958005460093143,0.0743625384422526,0.343252711718895,1.14319510011123,23,"UPP2;HPRT1;ADAL;AMPD3;TK1;GMPR2;PUDP;UCKL1;AMPD1;CDA;ADA;DCK;TK2"
"Phosphorylation Of CD3 And TCR Zeta Chains R-HSA-202427",0.293478260869565,0.958005460093143,0.276500599254472,-0.251216521120489,-1.11799842048898,17,"HLA-DRB1;HLA-DPA1;CSK;TARP;PTPRJ;HLA-DRA"
"RIP-mediated NFkB Activation Via ZBP1 R-HSA-1810476",0.302197802197802,0.958005460093143,0.0741758965588009,0.359671069860457,1.13189060469722,17,"ZBP1;IKBKB;RIPK1;TLR3"
"Resolution Of D-loop Structures Thru Holliday Junction Intermediates R-HSA-5693568",0.303757828810021,0.958005460093143,0.0713052987340038,0.31565567589105,1.13203502235063,33,"RBBP8;SPIDR;PALB2;XRCC3;RAD51D;WRN;RMI1;ATM;SLX1A;RAD51B;RAD51AP1;RAD50;EME2;TOP3A;SLX4;XRCC2;BRCA2"
"S Phase R-HSA-69242",0.2997002997003,0.958005460093143,0.0697792517076235,0.253246305806547,1.08315001649642,160,"ANAPC16;UBB;AKT3;MCM6;PMEPA1;RBL2;ORC3;UBE2D1;POLR1B;RB1;PSMA6;CDC25B;CDC23;CDC6;ORC4;GINS3;WAPL;LRIG1;CABLES1;CDT1;PSMD9;MCM7;CDC25A;PSMB3;ORC6;LIN52;E2F4;GINS4;POLE2;PSMB4;PSMD13;PSMF1;RFC5;PSME4;GINS1;ANAPC5;ORC5;PRIM2;MCM4;ANAPC4;POLE;STAG2;LIN54;WEE1;PSMB9;PSMC2;GINS2;PSMB11;PSMC6;UBE2C;POLR1A;PSMC3;CCNE1;GMNN;CCNE2;ANAPC15;PSMD12;LIN9;PSMD5"
"Synthesis Of PIPs At Early Endosome Membrane R-HSA-1660516",0.296788482834994,0.958005460093143,0.0755015292281669,0.364498848619765,1.12910336149668,16,"INPP4A;VAC14;PI4K2B;PIK3R4;MTMR12;MTMR2;INPP5F;INPP4B;PIK3C3;PIKFYVE;MTMR4;MTM1"
"Toll Like Receptor 3 (TLR3) Cascade R-HSA-168164",0.302208835341365,0.958005460093143,0.0696133438850965,0.264791312796125,1.09788029570376,102,"UBB;MAPK9;DUSP3;UBE2D1;NLRX1;IKBKB;TANK;RIPK1;HOXC13;MAPK11;TLR3;MAPK10;IRF7;RPS6KA5;BTRC;MAPK1;MAPK8;TRAF6;TAB3;MEF2C;UBE2D3;SARM1;BIRC3;GDNF;MAP2K1;S100A12;MAPK3;TICAM1;LRRC14;RPS6KA3;CASP8;TIFA;AGER"
"Transcriptional Regulation By AP-2 (TFAP2) Family Of Transcription Factors R-HSA-8864260",0.296875,0.958005460093143,0.0723570851036907,0.31189461543826,1.13095707119987,35,"KIT;KCTD1;VEGFA;TFAP2B;TFAP2E;TFAP2D;CREBBP;TFAP2A;CHGA;ESR1;KDM5B;NOP2;EGFR;ATAD2;SUMO1"
"Cell Death Signaling Via NRAGE, NRIF And NADE R-HSA-204998",0.306841046277666,0.962246567222029,0.0689567351672811,0.274145477807118,1.10157584972272,73,"PLEKHG5;UBB;ARHGEF11;ARHGEF9;BAD;ARHGEF4;CASP3;AKAP13;TIAM2;ARHGEF33;ARHGEF17;ABR;VAV3;ARHGEF6;FGD1;ECT2;VAV1;TIAM1;KALRN;ARHGEF16;MAPK8;TRAF6"
"Protein Methylation R-HSA-8876725",0.306577480490524,0.962246567222029,0.0741758965588009,0.368998448041408,1.12612850675049,15,"KIN;CALM1;ETFBKMT;CAMKMT"
"Miscellaneous Transport And Binding Events R-HSA-5223345",0.309782608695652,0.965892459075454,0.0723570851036907,0.339244804875204,1.12984686043538,23,"ADD2;MRS2;LRRC8E;NIPAL1;LRRC8A;NIPAL4;LRRC8B;MMGT1"
"Regulation Of Gene Expression In Beta Cells R-HSA-210745",0.308951965065502,0.965892459075454,0.0727141077934447,0.349767899877825,1.13599416868717,20,"AKT3;PAX6;INS;RFX6;FOXA3;IAPP;PKLR;NKX6-1"
"Synthesis Of DNA R-HSA-69239",0.31062124248497,0.965892459075454,0.0681513438679483,0.25757127866325,1.08156357883085,118,"ANAPC16;UBB;MCM6;ORC3;UBE2D1;POLR1B;PSMA6;CDC23;CDC6;ORC4;GINS3;LRIG1;CDT1;PSMD9;MCM7;PSMB3;ORC6;GINS4;POLE2;PSMB4;PSMD13;PSMF1;RFC5;PSME4;GINS1;ANAPC5;ORC5;PRIM2;MCM4;ANAPC4;POLE;PSMB9;PSMC2;GINS2;PSMB11;PSMC6;UBE2C;POLR1A;PSMC3;CCNE1;GMNN;CCNE2;ANAPC15;PSMD12;PSMD5"
"G2/M DNA Damage Checkpoint R-HSA-69473",0.312877263581489,0.970182439172852,0.0679922591544058,0.273327144106621,1.0982876078422,73,"ABRAXAS1;RBBP8;CDC25C;POLR1B;UIMC1;YWHAG;RAD17;H2BC1;HERC2;H2BC14;CCNB1;CHEK2;BRCC3;WRN;RMI1;SERPINA2;RFC5;RHNO1;ATM;H2BC3;WEE1;CHEK1;POLR1A;RAD9B;H2BC9;RFC2;RNF168;YWHAH;RFC4;RAD9A;TP53;RAD50;TOP3A"
"Deactivation Of Beta-Catenin Transactivating Complex R-HSA-3769402",0.315463917525773,0.972753639835741,0.0687943095604775,0.301692365656499,1.12207719620082,41,"UBB;PYGO1;CHD8;TCF7;BTRC;SOX7;BCL9L;SOX13;SOX6;KMT2D;SRY;HDAC1;TLE1;XIAP;TLE2;ASH2L;BCL9;TLE3;CTNNBIP1"
"G Alpha (I) Signaling Events R-HSA-418594",0.314685314685315,0.972753639835741,0.0673623868166279,0.236501122241713,1.0560883458014,306,"CAMK2A;PDE1B;RGS11;ITPR1;MCHR2;GNA14;NBEA;PRKAR1B;RGS4;CCL23;PPP3CA;GNG13;PTGDR2;RGS20;PRKCG;BDKRB1;CXCL1;PDE1A;CXCL8;P2RY14;CALM1;CX3CR1;ADRA2B;GABBR2;CXCL10;GNB4;RGS21;GNAL;GNG10;ADCY1;RGS9BP;CHRM4;RGS6;GNG2;GNB1;CAMK2B;PPP1CA;RGS17;C5;CXCL11;ACKR3;ADCY7;CAMK2G;CCL20;UBD;PLCB4;SUCNR1;MAPK1;TAS2R14;CAMKK2;TAS2R50;TAS1R1;GNAT1;ADCY9;ADCY2;OPN5;PRKCA;CCR2;PPP1R1B;GNAT3;CASR;PDE4B;SSTR1;PDYN;CCL1;ADRA2C;PPP3CB;PLCB1;PPP3CC;GNAT2;PRKAR2A;P2RY12;GPR183;TAS2R45;CAMKK1;PENK;NPY2R;NMUR2;ADORA1;GRM8;CCL21;TAS2R19;GALR1;P2RY13;HTR1E;TAS2R1;GNAI3;GNG4;S1PR4;PLCB2;CCR3;CCR5;OPRM1;GRK2;KPNA2;TAS2R30;GNG12;NPBWR1;PDE4A;OPN1MW3;TAS2R9;SFTPA2;SSTR2;RGS22;CCR6;RGS8;PPP3R1;GPSM2;HRH4;RGS18;FPR2;OPRK1;GNB2;PPP2R1B;CXCR6;AGTR2;CXCL5;CXCL13;LPAR3;NPY5R;DRD3;PYY;CCL28;CDK5;GNG3;GPR18;GPSM3;HTR1F;INSL5;GRM2;RGS5;CNOT6;RXFP3;TAS2R42;HCAR2;GNGT2"
"Activation Of SMO R-HSA-5635838",0.318984547461369,0.980877483443709,0.0716527366829457,0.352121460719511,1.11686875476994,18,"CSNK1A1;IQCE;EVC;ARRB2;CDON;GRK2;GAS8;SHH;IHH;ARRB1;KIF3A;EVC2"
"Mitotic G1 Phase And G1/S Transition R-HSA-453279",0.323,0.990473684210526,0.066132620475844,0.251511782066579,1.07297071373341,146,"UBB;AKT3;MCM6;RBL2;ORC3;POLR1B;RB1;PSMA6;CDC6;ORC4;CCNB1;TK1;TOP2A;CABLES1;CDT1;PSMD9;CDK6;MCM7;JAK2;CDC25A;PSMB3;ORC6;LIN52;E2F4;POLE2;E2F2;PSMB4;CDKN2A;PSMD13;PSMF1;ORC5;PRIM2;MCM4;POLE;LIN54;WEE1;E2F3;PSMB9;PSMC2;PSMC6;POLR1A;RRM2;HDAC1;CDKN2B;PSMC3;CCNE1;GMNN;LYN;CCNE2;PSMD12;LIN9;PSMD5;CCND2"
"Chondroitin Sulfate/Dermatan Sulfate Metabolism R-HSA-1793185",0.324898785425101,0.990806899376507,0.066436413766281,0.288371673959764,1.10456246464171,50,"ARSB;IDS;CHSY3;DSEL;CHST9;CHST14;HEXB;GPC6;GPC3;GPC2;SPAM1;SDC3;CHPF2;SDC2;XYLT2;VCAN"
"FGFR1 Ligand Binding And Activation R-HSA-190242",0.326688815060908,0.990806899376507,0.070619624712259,0.356878746120249,1.10549866869798,16,"FGF13;KL;FGFR1;FGF23;FGF10;ANOS1;FGF20;FGF5;FGF9;FGF8;FGF17;FGF22"
"HDR Thru Homologous Recombination (HRR) R-HSA-5685942",0.324242424242424,0.990806899376507,0.066436413766281,0.275103586487464,1.09087382942023,65,"UBB;RBBP8;SPIDR;PALB2;POLR1B;RAD17;XRCC3;RAD51D;WRN;POLE2;RMI1;SERPINA2;RFC5;RHNO1;ATM;SLX1A;POLE;RAD51B;CHEK1;POLR1A;RAD9B;PCNA;RFC2;RFC4;RAD51AP1;RAD9A;RAD50;EME2;TOP3A;SLX4;XRCC2;BRCA2;TOPBP1;RPA3"
"Regulation Of Complement Cascade R-HSA-977606",0.325842696629214,0.990806899376507,0.0667426134241917,0.297127165130247,1.11598122279229,44,"C8A;C8B;C1R;C5;VTN;CFHR4;C5AR2;AKR1C1;C4BPA;PROS1;CFHR3;CPNE2;CFHR5;CFI;ELANE;CD59;CR1"
"RNA Polymerase I Promoter Opening R-HSA-73728",0.327757200479484,0.991331204728931,0.203508959461977,-0.206839503096182,-1.1318507727597,29,"H3-3B;H2AJ;H2AC6;H2AC19;H4C15"
"Acyl Chain Remodelling Of PG R-HSA-1482925",0.333333333333333,0.997297297297297,0.0694481442003175,0.348568015623284,1.10559783765044,18,"PLA2G4B;PLA2G2D;PLA2G4D;PLA2G2F;PLA2G1B;LPCAT4;CRLS1;PLA2G2E;PLA2G10;PLA2G4A;LPCAT1;PLA2R1"
"Early SARS-CoV-2 Infection Events R-HSA-9772572",0.330905306971904,0.997297297297297,0.0668966276500666,0.303426859109244,1.10729642478927,36,"RB1;TMPRSS2;PIK3R4;UVRAG;HOXC13;GPC6;MAP1LC3B;GPC3;GPC2;CHMP2A;SDC3;SDC2;FURIN;CHMP7"
"Phospholipase C-mediated Cascade: FGFR1 R-HSA-5654219",0.332225913621262,0.997297297297297,0.0697792517076235,0.355214377577515,1.10034297582409,16,"FGF13;KL;FGFR1;FGF23;FGF10;FGF20;FGF5;PLCG1;FGF9;FGF8;FGF17;FGF22"
"Translesion Synthesis By Y Family DNA Polymerases Bypasses Lesions On DNA Template R-HSA-110313",0.333333333333333,0.997297297297297,0.066132620475844,0.30225669648112,1.11406396955482,38,"UBB;REV1;POLR1B;UBE2L6;USP32;POLE2;PCLAF;REV3L;USP43;RFC5;POLE;SPRTN;POLR1A;TRIM25;PCNA;RFC2;RFC4"
"ABC Transporter Disorders R-HSA-5619084",0.921608040201005,1,0.0138082722594766,0.176809333218182,0.713947827966071,76,"UBB;PSMA6;ABCB6;PSMD9;ERLIN1;PSMB3;ABCC8;DERL3;PSMB4;PSMD13;PSMF1;ABCC6;PSME4;ABCA1;ABCA12;PSMB9;PSMC2;PSMB11;PSMC6;PSMC3;ABCD4;PSMD12;PSMD5"
"ABC Transporters In Lipid Homeostasis R-HSA-1369062",0.926048565121413,1,0.0200480391102353,0.19935151943017,0.632308757360361,18,"ABCA6;ABCA5;ABCA7;ABCA10;ABCA12;ABCG4;ABCA9;ABCD2;ABCG8;ABCA3;ABCD1;APOA1"
"ABC-family Proteins Mediated Transport R-HSA-382556",0.982931726907631,1,0.00683906706351732,0.147160868031469,0.610154861642584,101,"UBB;ABCC10;PSMA6;ABCA4;ABCA6;ABCB6;ABCA5;ABCA7;PSMD9;ERLIN1;PSMB3;DERL3;PSMB4;ABCA10;PSMD13;ABCC11;PSMF1;ABCC6;PSME4;ABCA12;PSMB9;PSMC2;PSMB11;PSMC6;PSMC3;PSMD12;PSMD5;ABCB8;ABCG4;EIF2S3;ABCB7;RNF5;PSMA3;ABCA9;PSMA8;ABCB4;SEL1L;ERLIN2;ABCC5;PSMD6;ABCD2;DERL2;DERL1;ABCG8;ABCA3;PSMD2;ABCC1;PSMA7;ABCD1;APOA1;PSMA4"
"APC-Cdc20 Mediated Degradation Of Nek2A R-HSA-179409",0.52991452991453,1,0.0460457683018055,0.287466945401367,0.976386613752896,25,"ANAPC16;UBB;UBE2D1;CDC23;BUB1B;ANAPC5;ANAPC4;UBE2C;MAD2L1;ANAPC15"
"APC/C-mediated Degradation Of Cell Cycle Proteins R-HSA-174143",0.705941591137966,1,0.0298484971250709,0.218297213839547,0.89088825510165,86,"ANAPC16;UBB;UBE2D1;RB1;PSMA6;CDC23;CCNB1;AURKB;BTRC;PSMD9;PSMB3;BUB1B;PSMB4;PSMD13;PSMF1;PSME4;ANAPC5;ANAPC4;PSMB9;PSMC2;PSMB11;PSMC6;UBE2C;PSMC3;MAD2L1;ANAPC15;PSMD12;PSMD5"
"APC/C:Cdc20 Mediated Degradation Of Cyclin B R-HSA-174048",0.521739130434783,1,0.0475434194201301,0.294174433262283,0.979741045596894,23,"ANAPC16;UBB;UBE2D1;CDC23;CCNB1;ANAPC5;ANAPC4;UBE2C;ANAPC15"
"APC/C:Cdc20 Mediated Degradation Of Mitotic Proteins R-HSA-176409",0.728370221327968,1,0.0282219183873982,0.218284223833562,0.878366025185268,74,"ANAPC16;UBB;UBE2D1;PSMA6;CDC23;CCNB1;PSMD9;PSMB3;BUB1B;PSMB4;PSMD13;PSMF1;PSME4;ANAPC5;ANAPC4;PSMB9;PSMC2;PSMB11;PSMC6;UBE2C;PSMC3;MAD2L1;ANAPC15;PSMD12;PSMD5"
"APC/C:Cdc20 Mediated Degradation Of Securin R-HSA-174154",0.675429726996967,1,0.0322153154599285,0.226793354115652,0.900517807006981,66,"ANAPC16;UBB;UBE2D1;PSMA6;CDC23;PSMD9;PSMB3;PSMB4;PSMD13;PSMF1;PSME4;ANAPC5;ANAPC4;PSMB9;PSMC2;PSMB11;PSMC6;UBE2C;PSMC3;ANAPC15;PSMD12;PSMD5"
"APC/C:Cdh1 Mediated Degradation Of Cdc20 And APC/C:Cdh1 Targets In Late Mitosis/Early G1 R-HSA-174178",0.638832997987928,1,0.0346410167413251,0.231222009624538,0.929094404490418,72,"ANAPC16;UBB;UBE2D1;RB1;PSMA6;CDC23;AURKB;PSMD9;PSMB3;PSMB4;PSMD13;PSMF1;PSME4;ANAPC5;ANAPC4;PSMB9;PSMC2;PSMB11;PSMC6;UBE2C;PSMC3;ANAPC15;PSMD12;PSMD5"
"APC:Cdc20 Mediated Degradation Of Cell Cycle Proteins Before Cycle Checkpoint Satisfied R-HSA-179419",0.769617706237425,1,0.0253415500976615,0.211167705907701,0.848512363881394,72,"ANAPC16;UBB;UBE2D1;PSMA6;CDC23;PSMD9;PSMB3;BUB1B;PSMB4;PSMD13;PSMF1;PSME4;ANAPC5;ANAPC4;PSMB9;PSMC2;PSMB11;PSMC6;UBE2C;PSMC3;MAD2L1;ANAPC15;PSMD12;PSMD5"
"AUF1 (hnRNP D0) Binds And Destabilizes mRNA R-HSA-450408",0.338824137163094,1,0.203508959461977,-0.165012040718136,-1.16823627541463,53,"PSMB7;PABPC1;RPS27A;PSMB6;PSMD4;PSMD10;HNRNPD;PSMC4;PSMA1;PSMD3;PSMD14;PSME1;EIF4G1;SEM1"
"AURKA Activation By TPX2 R-HSA-8854518",0.790533736153072,1,0.0239329549624917,0.209555398938389,0.84151928256919,71,"CEP63;CEP192;CEP164;HAUS8;YWHAG;DCTN2;AKAP9;CEP70;CEP76;CEP135;HAUS3;PRKCA;TUBA4A;SFI1;HAUS7;ODF2;HAUS2;CKAP5;CEP78;NINL;OFD1;HMMR;DYNLL1;ACTR1A;CENPJ;PAFAH1B1;CEP131;DCTN3;ALMS1;DCTN1;TUBG1;PCNT;CETN2;NEDD1"
"Aberrant Regulation Of Mitotic Cell Cycle Due To RB1 Defects R-HSA-9687139",0.471383975026015,1,0.0501934252649434,0.277470521195702,1.01257389344626,36,"ANAPC16;UBE2D1;RB1;CDC23;CDK6;E2F2;ANAPC5;ANAPC4;E2F3;UBE2C;CCNE1;CCNE2;ANAPC15;CCND2"
"Aberrant Regulation Of Mitotic Exit In Cancer Due To RB1 Defects R-HSA-9687136",0.557860262008734,1,0.0446854397644147,0.289729329229208,0.940997812026175,20,"ANAPC16;UBE2D1;RB1;CDC23;ANAPC5;ANAPC4;UBE2C;ANAPC15;ANAPC2;FZR1;ANAPC10;ANAPC11;ANAPC7;CDC26;ANAPC1;CDC27"
"Aberrant Regulation Of Mitotic G1/S Transition In Cancer Due To RB1 Defects R-HSA-9659787",0.481318681318681,1,0.0517405459873163,0.321877333045673,1.01295311096537,17,"RB1;CDK6;E2F2;E2F3;CCNE1;CCNE2;CCND2"
"Abortive Elongation Of HIV-1 Transcript In Absence Of Tat R-HSA-167242",0.856521739130435,1,0.0237208606775806,0.216305017465149,0.720398783908632,23,"NELFCD;NELFA;SUPT4H1;POLR2K;NELFE;POLR2D;NELFB;SUPT5H;GTF2F1;GTF2F2;NCBP1"
"Activated NOTCH1 Transmits Signal To Nucleus R-HSA-2122948",0.728226652675761,1,0.0303467275556782,0.234858132648982,0.829647179164279,30,"UBB;NEURL1;DTX1;MIB2;NUMB;ARRB2"
"Activated TAK1 Mediates P38 MAPK Activation R-HSA-450302",0.945355191256831,1,0.0180905963991599,0.19054600193389,0.611311434774422,19,"MAPK11;TRAF6;TAB3;NOD2;MAPK14;IRAK1;UBE2N;MAPKAPK3;TAB2;UBE2V1;IKBKG;IRAK2;RIPK2"
"Activation Of APC/C And APC/C:Cdc20 Mediated Degradation Of Mitotic Proteins R-HSA-176814",0.736418511066398,1,0.0276588991389961,0.214448916669586,0.863282168658728,75,"ANAPC16;UBB;UBE2D1;PSMA6;CDC23;CCNB1;PSMD9;PSMB3;BUB1B;PSMB4;PSMD13;PSMF1;PSME4;ANAPC5;ANAPC4;PSMB9;PSMC2;PSMB11;PSMC6;UBE2C;PSMC3;MAD2L1;ANAPC15;PSMD12;PSMD5"
"Activation Of BAD And Translocation To Mitochondria R-HSA-111447",0.457079152731327,1,0.0547939500773363,0.33017727648011,1.00765205192344,15,"AKT3;YWHAG;BAD;BID"
"Activation Of Gene Expression By SREBF (SREBP) R-HSA-2426168",0.913669064748201,1,0.0161937051076875,0.178607059273977,0.668001740707673,42,"TBL1XR1;SREBF2;CARM1;NCOA1;CREBBP;HMGCR;GGPS1;ELOVL6;GPAM;RXRA;MBD4;LIN9;IDI1;CHD9;HELZ2;ACACA;PPARA;LMBR1;NCOA6;SMARCD3;SQLE"
"Activation Of HOX Genes During Differentiation R-HSA-5619507",0.973869346733668,1,0.00829069833204511,0.152574107059009,0.624291122140767,88,"PAX6;EGR2;HOXA2;PCGF2;H2BC1;RBBP7;HDAC3;H2AZ2;H2BC14;HOXB2;CREBBP;KMT2C;KMT2D;MAFB;H2AC20;H2BC3;POLR2K;HOXA3;RXRA;POLR2D;H2AC14;HOXD3;EED;SUZ12;ASH2L;H2BC9;HOXC4;H2AC7;HOXB4;PAGR1;NCOA3;CTCF;RARG;KDM6A"
"Activation Of NF-kappaB In B Cells R-HSA-1169091",0.908080808080808,1,0.0153676328786693,0.180467274112305,0.715610541140258,65,"UBB;IKBKB;PSMA6;PRKCB;BTRC;PSMD9;NFKBIE;PSMB3;PSMB4;PSMD13;PSMF1;PSME4;PSMB9;PSMC2;PSMB11;PSMC6;PSMC3;PSMD12;PSMD5;REL"
"Acyl Chain Remodelling Of PC R-HSA-1482788",0.840425531914894,1,0.0235793094960052,0.21179086083468,0.728332901558778,27,"PLA2G4B;PLA2G2D;PLA2G4D;PLA2G2F;PLA2G1B;LPCAT4;PLA2G6;PLA2G2E;PLA2G10;PLA2G4A;LPCAT1;PLA2R1;PLA2G4E;LPCAT3;PLB1;LPCAT2;PLA2G12A;PLA2G4C;MBOAT2;PLBD1;PLA2G4F;PLA2G5;TMEM86B;PLA2G3;PNPLA8"
"Acyl Chain Remodelling Of PE R-HSA-1482839",0.676470588235294,1,0.0339723613634993,0.250483359739638,0.878003548342,29,"PLA2G4B;PLA2G2D;PLA2G4D;PLAAT1;PLAAT4;PLA2G2F;PLA2G1B;MBOAT1;LPCAT4;PLA2G6;PLA2G2E;PLA2G10;PLA2G4A;PLAAT2"
"Acyl Chain Remodelling Of PI R-HSA-1482922",0.784615384615385,1,0.0289274314524646,0.245111940588836,0.77137119412814,17,"PLA2G2D;PLA2G4D;PLA2G2F;PLA2G1B;PLA2G2E;PLA2G10;PLA2G4A;PLA2R1;PLA2G4E;PLA2G12A;PLA2G4C;PLBD1;PLA2G4F;PLA2G5"
"Acyl Chain Remodelling Of PS R-HSA-1482801",0.41784548422198,1,0.0578529757032509,0.316582302473509,1.04466801862468,22,"PLA2G4B;OSBPL10;PLA2G2D;PLA1A;PLA2G4D;PLA2G2F;PLA2G1B;MBOAT1;LPCAT4;OSBPL5;PLA2G2E;PLA2G10;PLA2G4A"
"Adherens Junctions Interactions R-HSA-418990",0.357142857142857,1,0.0636424081651019,0.31412231511137,1.10107317135903,29,"CADM3;NECTIN3;CDH4;PVR;CDH2;CDH18;CADM1;CDH9;CDH12;CDH11;CDH13;CDH15;NECTIN2;NECTIN4;AFDN;CDH6;FZR1"
"Aflatoxin Activation And Detoxification R-HSA-5423646",0.419672131147541,1,0.0578529757032509,0.324784626951165,1.04197702538559,19,"CYP3A5;AKR7A2;GGT6;DPEP2;CYP1A2;DPEP3;CYP3A4;GGT7;MGST1;DPEP1;CYP2A13;GGT1"
"Amino Acid Transport Across Plasma Membrane R-HSA-352230",0.590909090909091,1,0.282013350011725,-0.164254317085977,-0.983536099988442,33,"SLC36A4;SLC7A10;SLC6A20;SLC38A1"
"Amino Acids Regulate mTORC1 R-HSA-9639288",0.558585858585859,1,0.0410713282497468,0.248558612613003,0.962545916901156,54,"RRAGD;ATP6V1D;SESN1;FLCN;LAMTOR3;DEPDC5;ATP6V1A;RHEB;ATP6V1H;MIOS;NPRL2;ATP6V1E2;ATP6V1G3;MLST8;BMT2;SEH1L;NPRL3;ATP6V1C1;MTOR"
"Antigen Activates B Cell Receptor Leading To Second Messenger Generation R-HSA-983695",0.683054393305439,1,0.0333092817548776,0.244536617990688,0.867432567065361,31,"ITPR1;CALM1;CD79A;ORAI2;VAV1;DAPP1"
"Antiviral Mechanism By IFN-stimulated Genes R-HSA-1169410",0.939637826961771,1,0.01221929569568,0.173187435745142,0.702006443681084,80,"UBB;NUP58;EIF2AK2;OAS1;UBE2L6;NUP88;NDC1;OAS2;NUP160;KPNA7;NUP85;RNASEL;MAPK3;SGIP1;OASL;NEDD4;KPNA5;KPNA4;KPNA2;EIF4A2;TRIM25;EIF4E3;SEH1L;OAS3;MX1;NUP205;ARIH1;MX2;PLCG1;SEC13;UBE2N;NUP133;ISG15"
"Arachidonic Acid Metabolism R-HSA-2142753",0.971688574317492,1,0.00930780437504605,0.147728689097584,0.57787547541967,58,"GPX2;PTGR1;PON3;CYP4F11;DPEP2;CYP1A1;CYP8B1;CYP1A2;DPEP3;PTGR2;FAAH2;AKR1C3;PTGES;CYP4F8;HPGD;TBXAS1;EPHX2;ALOX15B;CYP4B1;ALOX12B;LTA4H;CYP2C8;PLA2G4A;CYP2C19;CYP2C9;CYP4F2;CYP4F22;ALOXE3"
"Asparagine N-linked Glycosylation R-HSA-446203",0.767232767232767,1,0.0251307059474849,0.204561811076886,0.909730619108482,279,"GNPNAT1;PMM1;UBB;ARCN1;SPTBN2;ANK2;ST6GALNAC6;CAPZA2;TRAPPC5;F5;ST8SIA3;CNIH2;ST8SIA5;NEU2;GRIA1;COG4;INS;F8;SEC23A;SPTBN4;ST3GAL3;DCTN2;EDEM1;MAN1C1;COPZ2;MAN1A1;FOLR2;GFUS;COG1;TMED7;COPG2;SEC22A;ST8SIA1;TBC1D20;ALG13;COPG1;NPL;UMOD;ST8SIA4;SEC31A;GORASP1;SPTBN5;CFAP73;ALG9;CNIH1;AMDHD2;SEC24D;DYNC1I1;DPAGT1;TRAPPC6B;CNIH3;GFPT2;CHGA;TRAPPC2;DOLPP1;COG8;MGAT4C;NANP;BET1;AREG;CAPZA1;GMPPB;PPP6R3;COG3;PPP6R1;ENGASE;SPTAN1;ANK1;ST3GAL1;TRAPPC2L;GMDS;DHDDS;COG6;KDELR3;CHST8;MAN2A2;SRD5A3;GLB1;CD59;DCTN4;RNF139;TFG;NSF;ALG10B;ARFGAP2;ST6GALNAC2;LHB;SCFD1;COG7;NUS1;DYNLL1;GOSR2;GOLGA2;COL7A1;ACTR1A;UGGT2;FCSK;B4GALT4;ST6GAL2;SEC24A;ASGR2;DCTN6;SEC24C;FUCA1;DCTN3;ST6GALNAC4;MGAT4B;RNF5;DCTN1;TMEM115;SLC35C1;B4GALT1;SEC16A;TUSC3;COPB1;GFPT1;SYVN1;SPTA1;SEC13;COG5;PRKCSH;MOGAT1;ARF4;B4GALT6;ST6GALNAC5;NAPG;ARFGAP1;CHST10;SEL1L;TMED2;ST3GAL5;DPM1;FUOM;LMAN2L;MOGAT3;CAPZA3;MAN1B1;DERL2;SEC16B;NGLY1;ALG14;SLC35A1;LMAN1L"
"Aspirin ADME R-HSA-9749641",0.950939457202505,1,0.0143399359768684,0.164416260774643,0.589645552595961,33,"CYP2E1;BCHE;UGT2B11;UGT2B28;UGT2B7;GLYATL2;CYP3A4;GLYATL1;UGT3A2;CYP2C8;GLYATL3;CYP2C19;CYP2C9;UGT2A3;UGT2B10;ACSM4;ACSM2A;UGT2A1;SLCO2B1;UGT2B4"
"Assembly Of Active LPL And LIPC Lipase Complexes R-HSA-8963889",0.695081967213115,1,0.034566432206351,0.264041932915304,0.847101756073939,19,"CREB3L3;APOA4;PCSK5;ANGPTL4;FURIN;LIPC;APOC2;MBTPS2;LPL"
"Assembly Of Collagen Fibrils And Other Multimeric Structures R-HSA-2022090",0.699696663296259,1,0.0304894126298511,0.225984223164968,0.883947629447184,57,"COL3A1;PXDN;COL8A2;COL4A3;LOXL1;MMP13;COL6A5;LOX;COL24A1;LAMA4;LAMB3;MMP7;TLL1;LAMC2;COL9A1;COL4A5;LOXL4;COL6A6;CTSV;COL7A1;COL5A3;LOXL2;COL18A1;COL5A1;LOXL3;MMP3;MMP9;COL2A1;CTSS;COL6A1"
"Assembly Of HIV Virion R-HSA-175474",0.739756367663344,1,0.0322153154599285,0.259542987250474,0.803982949375799,16,"UBB;VPS37A;FURIN;SGIP1"
"Assembly Of ORC Complex At Origin Of Replication R-HSA-68616",0.418823956034939,1,0.203508959461977,-0.16617627488481,-0.990800741918808,35,"H3-3B;H2AJ;H2AC6;H2AC19;H4C15"
"Assembly Of Pre-Replicative Complex R-HSA-68867",0.772545090180361,1,0.024919740580511,0.208299091628804,0.867133148781694,106,"ANAPC16;UBB;MCM6;ORC3;UBE2D1;PSMA6;H2BC1;H2AZ2;CDC23;CDC6;H2BC14;ORC4;CDT1;PSMD9;MCM7;PSMB3;ORC6;PSMB4;PSMD13;PSMF1;ANAPC5;ORC5;MCM4;H2AC20;ANAPC4;H2BC3;PSMB9;PSMC2;PSMC6;UBE2C;PSMC3;H2AC14;GMNN;ANAPC15;PSMD12;PSMD5;H2BC9"
"Association Of TriC/CCT With Target Proteins During Biosynthesis R-HSA-390471",0.689906347554631,1,0.0325785172778622,0.235520847215188,0.859486839267661,36,"HDAC3;KIFC3;CCT6A;CCT6B;DCAF7;GAPDHS;NOP56;CCNE1;FBXO6;CCNE2;FBXW10;TP53;FBXW2;ARFGEF2;AP3M1;FBXW5;USP11;SPHK1;TCP1;FBXW9"
"Asymmetric Localization Of PCP Proteins R-HSA-4608870",0.447821681864235,1,0.0513223330421143,0.261332879650233,1.02922607826607,61,"UBB;PSMA6;FZD9;FZD7;FZD8;SMURF1;PSMD9;PSMB3;DVL2;PSMB4;PSMD13;PSMF1;PSME4;PARD6A;PSMB9;PSMC2;PSMB11;PSMC6;FZD4;PSMC3;PSMD12;WNT5A;PSMD5"
"Attenuation Phase R-HSA-3371568",0.393939393939394,1,0.282013350011725,-0.19754454224496,-1.02771865342844,25,"HSPA2;HSBP1;SERPINH1"
"Autodegradation Of Cdh1 By Cdh1:APC/C R-HSA-174084",0.778564206268959,1,0.0249900772245545,0.212043762076712,0.836915066292167,62,"ANAPC16;UBB;UBE2D1;PSMA6;CDC23;PSMD9;PSMB3;PSMB4;PSMD13;PSMF1;ANAPC5;ANAPC4;PSMB9;PSMC2;PSMC6;UBE2C;PSMC3;ANAPC15;PSMD12;PSMD5"
"Autodegradation Of E3 Ubiquitin Ligase COP1 R-HSA-349425",0.847165991902834,1,0.0201955124804332,0.199742177380687,0.765081079951348,50,"UBB;PSMA6;PSMD9;PSMB3;PSMB4;PSMD13;PSMF1;PSME4;ATM;PSMB9;PSMC2;PSMB11;PSMC6;PSMC3;PSMD12;PSMD5"
"Base Excision Repair R-HSA-73884",0.973790322580645,1,0.0086840800745758,0.149575756036326,0.598206906312562,69,"OGG1;POLR1B;H2BC1;H2AZ2;PARG;H2BC14;LRIG1;NEIL1;SMUG1;POLE2;MUTYH;RFC5;H2AC20;POLE;H2BC3;POLR1A;H2AC14;MBD4;H2BC9;NEIL3;PCNA;RFC2;RFC4;H2AC7;LRIG3;PNKP"
"Base-Excision Repair, AP Site Formation R-HSA-73929",0.974226804123711,1,0.0111060331981493,0.148088987499449,0.550783827492654,41,"OGG1;H2BC1;H2AZ2;H2BC14;NEIL1;SMUG1;MUTYH;H2AC20;H2BC3;H2AC14;MBD4;H2BC9;NEIL3;H2AC7;ACD;H2BC11;TERF2;H2AC4;NTHL1;POT1;NEIL2;H2BC15;TDG;H2BC5;H2AX"
"Beta-catenin Independent WNT Signaling R-HSA-3858494",0.351351351351351,1,0.0621124188949471,0.24848437772784,1.05793905744149,141,"CAMK2A;ITPR1;UBB;PPP3CA;GNG13;PRKCG;AGO4;PSMA6;CALM1;WNT4;GNB4;TCF7;GNG10;FZD9;FZD7;FZD8;GNG2;GNB1;PRKCB;TNRC6C;ARRB2;SMURF1;PSMD9;PSMB3;AXIN2;DVL2;PRKCA;PSMB4;PSMD13;PSMF1;PSME4;PPP3CB;PARD6A;NLK;PLCB1;GNAT2;AP2A1;PSMB9;PSMC2;GNG4;PSMB11;PLCB2;PSMC6;FZD4;PSMC3;WNT5B;GNG12;PRKG1;PSMD12;WNT5A;PSMD5"
"Beta-catenin Phosphorylation Cascade R-HSA-196299",0.914285714285714,1,0.020562605901185,0.198432013649504,0.624468718065548,17,"CSNK1A1;PPP2R5C;AMER1;PPP2R1B;PPP2R5E;PROC;GSK3B;PPP2R1A;FRAT2;PPP2R5B;PPP2R5D;CTNNB1"
"Bile Acid And Bile Salt Metabolism R-HSA-194068",0.601626016260163,1,0.0379271467108098,0.247634141720691,0.932741912586385,45,"OSBPL7;AKR1C4;NR1H4;CYP39A1;NCOA1;AKR1C1;SYCP2;HSD3B7;SLC51A;BAAT;CYP8B1;OSBPL3;AKR1C3;RXRA;AKR1C2"
"Biological Oxidations R-HSA-211859",0.782,1,0.0241447930798382,0.203741415108947,0.885463819363672,200,"CYP2F1;FMO3;CYP2E1;CYP3A5;GSTM5;CYP11A1;CYP24A1;AKR7A2;SULT1A2;NR1H4;CYP39A1;AOC2;GSTA1;CYP21A2;TPMT;MTARC2;MTARC1;GGT6;ACSS2;BPNT2;SULT1E1;MAOB;NCOA1;AS3MT;CYP4F11;ALDH1A1;CYP3A43;GSTM2;CHAC2;CYP26C1;DPEP2;CYP1A1;AADAC;ADH7;CYP8B1;CYP1A2;MTRR;UGT2B11;GSTO2;ADH1A;CYP26A1;UGT2B28;DPEP3;CES3;CYP27B1;PODXL2;SULT4A1;RXRA;GCLM;CYB5R3;MTR;FDXR;ADH6;ARNT2;UGT2B7;GLYATL2;FDX1;CYP4F8;FMO4;CYP3A4;TBXAS1;AOC1;ABHD14B;GLYATL1;MAT1A;PAPSS2;GSTK1;FMO1;UGT3A2;SULT6B1;CYP2B6;ABHD10;CYP4B1;SULT1B1;GSTM1;GSTT1;GGT7;NQO2;CYP2C8;GLYATL3;GSTA2;CYP2C19;SLC35D1;CYP2C9;ACSS1;MGST1;CMBL;AHR;FDX2;UGT2A3;UGT2B10;CYP4F2;CYP4F22;CYP7B1;CYP2S1;CYP7A1;OPLAH;POMC;CYB5B;SLC26A1;ACSM4;GSTA3;BPHL;DPEP1;CYP19A1;ESD"
"Biosynthesis Of DHA-derived SPMs R-HSA-9018677",0.433001107419712,1,0.0570059526582387,0.334643947922528,1.03662222235991,16,"CYP2E1;CYP1A1;CYP1A2;HPGD;CYP3A4;EPHX2;LTA4H;CYP2C8;CYP2C9"
"Biosynthesis Of N-glycan Precursor (Dolichol LLO) And Transfer To Protein R-HSA-446193",0.461770623742455,1,0.0495901956956338,0.252573211683968,1.01675472795037,75,"GNPNAT1;PMM1;ST6GALNAC6;ST8SIA3;ST8SIA5;NEU2;ST3GAL3;GFUS;ST8SIA1;ALG13;NPL;ST8SIA4;ALG9;AMDHD2;DPAGT1;GFPT2;DOLPP1;NANP;GMPPB;ST3GAL1;GMDS;DHDDS;SRD5A3;GLB1"
"Biosynthesis Of Specialized Proresolving Mediators (SPMs) R-HSA-9018678",0.353200883002208,1,0.0665892104103933,0.343705988887225,1.09017632447353,18,"CYP2E1;PTGR1;CYP1A1;CYP1A2;HPGD;CYP3A4;EPHX2;LTA4H;CYP2C8;CYP2C9"
"Branched-chain Amino Acid Catabolism R-HSA-70895",0.405875952121872,1,0.059221919380382,0.324669180014609,1.06281198974661,21,"SLC25A44;BCAT1;BCAT2;ALDH6A1;BCKDK;PPM1K;SOAT1;HIBADH;ACADSB;MCCC1;BCKDHB"
"Budding And Maturation Of HIV Virion R-HSA-162588",0.59192348565356,1,0.0407403526717903,0.271853818268438,0.93147877949296,26,"UBB;NEDD4L;VPS37A;CHMP2A;SGIP1;CHMP5;CHMP7;CHMP4C;PDCD6IP;VPS4A;VPS4B;MVB12A"
"Butyrate Response Factor 1 Binds And Destabilizes mRNA R-HSA-450385",0.456521739130435,1,0.219250346703755,-0.230098685907715,-1.02401691677767,17,"EXOSC6;EXOSC3;DIS3;EXOSC5;MAPKAPK2;ZFP36L1;EXOSC2;DCP2;EXOSC1;EXOSC7;YWHAB;XRN1;EXOSC9;AKT1;DCP1A;EXOSC8"
"C-type Lectin Receptors (CLRs) R-HSA-5621481",0.808808808808809,1,0.0222983800506052,0.20164828349725,0.857064340569423,138,"ITPR1;CLEC7A;UBB;MUC19;PPP3CA;UBE2D1;CCL22;IKBKB;PSMA6;CALM1;RPS6KA5;BTRC;PSMD9;CCL17;PSMB3;TRAF6;TAB3;CREBBP;PRKCA;CLEC4C;PSMB4;PSMD13;PSMF1;PSME4;PPP3CB;MUC17;CLEC4A;RNASE3;MUC15;CASP8;MUC6;PSMB9;PSMC2;UBE2M;ARHGEF7;PSMB11;PSMC6;PSMC3;LYN;PSMD12;PSMD5;MUC13"
"CD209 (DC-SIGN) Signaling R-HSA-5621575",0.843886462882096,1,0.0247790185105207,0.223415781575625,0.725621262417874,20,"RPS6KA5;CREBBP;PRKCA;RNASE3;ARHGEF7;LYN;ICAM3"
"CD28 Co-Stimulation R-HSA-389356",0.539665970772443,1,0.0441523058441465,0.26841138153644,0.967710841826932,34,"AKT3;CD86;TRIB3;RICTOR;HOXC13;PIK3R3;PIK3R2;VAV1;THEM4;MAPKAP1;ARHGEF7;MLST8;LYN;MTOR"
"CDC42 GTPase Cycle R-HSA-9013148",0.967,1,0.00855469372683394,0.168515805757073,0.718902800071063,146,"ARHGEF11;BAIAP2;ARHGEF9;ARHGAP32;EGR2;ARHGEF4;ABR;ARHGAP35;SHKBP1;VAV3;WAS;ARHGEF6;FGD1;ECT2;ARHGAP20;PIK3R2;GMIP;TIAM1;ARHGEF16;STARD13;ARHGAP30;TMPO;FMNL3;ITSN1;DOCK8;PARD6A;DOCK7;PLEKHG1;CPNE8;ARHGDIG;ARHGEF7;WIPF2;VANGL1;ARHGEF12;ARHGAP44;IQGAP3;ARHGAP10;NGEF;PLEKHG4B;ARFGAP2;TRIO;FMNL1;VAV2;OPHN1;SYDE1;DOCK6;DIAPH3;STOM;DNMBP;DAAM1;WDR91;MCF2;ARHGEF19;DOCK11;PRKCSH;GNA13;DLC1;ARHGEF26;STARD8;PAK4;ARHGAP33;GIT1;DEF6;CDC42BPA;KCTD3;ARHGEF10;REPS1;IQGAP2;STEAP3;MCF2L;SCRIB;TFRC;ARHGAP11B;ARHGAP42"
"CDK-mediated Phosphorylation And Removal Of Cdc6 R-HSA-69017",0.627391742195368,1,0.0355420211253902,0.233498934312963,0.937670213600585,71,"ANAPC16;UBB;UBE2D1;PSMA6;CDC23;CDC6;PSMD9;PSMB3;PSMB4;PSMD13;PSMF1;PSME4;ANAPC5;ANAPC4;PSMB9;PSMC2;PSMB11;PSMC6;UBE2C;PSMC3;CCNE1;CCNE2;ANAPC15;PSMD12;PSMD5"
"CLEC7A (Dectin-1) Signaling R-HSA-5607764",0.731927710843373,1,0.0278699114874201,0.213511333012734,0.882390766853653,98,"ITPR1;CLEC7A;UBB;PPP3CA;UBE2D1;CCL22;IKBKB;PSMA6;CALM1;BTRC;PSMD9;CCL17;PSMB3;TRAF6;TAB3;PSMB4;PSMD13;PSMF1;PSME4;PPP3CB;CASP8;PSMB9;PSMC2;UBE2M;PSMB11;PSMC6;PSMC3"
"COPI-independent Golgi-to-ER Retrograde Traffic R-HSA-6811436",0.89874739039666,1,0.0183973177537706,0.190381548679466,0.686387766741959,34,"RAB6B;CAPZA2;RAB18;DCTN2;RAB3GAP2;DYNC1I1;CAPZA1;DCTN4;RAB6A;DYNLL1;ACTR1A;PAFAH1B1;DCTN6;PLA2G6;DCTN3;DCTN1"
"CRMPs In Sema3A Signaling R-HSA-399956",0.421926910299003,1,0.0582216241124161,0.336982544382848,1.04386646231987,16,"CDK5R1;PLXNA4;DPYSL4;PLXNA3;PLXNA2;DPYSL3"
"CTLA4 Inhibitory Signaling R-HSA-389513",0.501632208922742,1,0.0493910105981501,0.303731981781177,0.99427359225168,21,"AKT3;CD86;CTLA4;PPP2R5C"
"CTNNB1 S33 Mutants Not Phosphorylated R-HSA-5358747",0.899665551839465,1,0.0223699288741888,0.215976155021495,0.659127175843233,15,"CSNK1A1;PPP2R5C;AMER1;PPP2R1B;PPP2R5E;PROC"
"Canonical Retinoid Cycle In Rods (Twilight Vision) R-HSA-2453902",0.665217391304348,1,0.0363783055518278,0.261322206301159,0.870327474756832,23,"ABCA4;NAPEPLD;HSD17B6;STRA6;RBP3;RLBP1;TTR;DHRS9;RDH8"
"Cargo Recognition For Clathrin-Mediated Endocytosis R-HSA-8856825",0.561244979919679,1,0.0405756447890657,0.234404185455805,0.971888895163881,102,"UBB;NECAP1;VAMP4;COPS4;GRK3;REPS2;SYT12;SH3GL2;STON2;EGF;SYT1;ARRB2;AVPR2;COPS5;VAMP7;DVL2;SNAP91;HBEGF;M6PR;AGFG1;STAM2;FCHO2;ITSN1;AREG;NLRP3;SGIP1;AP2A1;HGS;FZD4;GRK2;NECAP2;UBQLN1;SLC2A8;EGFR;WNT5A;COPS6;STON1;LDLR"
"Caspase Activation Via Death Receptors In Presence Of Ligand R-HSA-140534",0.405797101449275,1,0.0603786357920401,0.341608484871103,1.042538403625,15,"FASLG;TANK;RIPK1;TICAM1;CASP8;TLR4"
"Cdc20:Phospho-APC/C Mediated Degradation Of Cyclin A R-HSA-174184",0.736153071500504,1,0.0277292221875017,0.217187421942316,0.872167476580669,71,"ANAPC16;UBB;UBE2D1;PSMA6;CDC23;PSMD9;PSMB3;BUB1B;PSMB4;PSMD13;PSMF1;PSME4;ANAPC5;ANAPC4;PSMB9;PSMC2;PSMB11;PSMC6;UBE2C;PSMC3;MAD2L1;ANAPC15;PSMD12;PSMD5"
"Cell Junction Organization R-HSA-446728",0.612449799196787,1,0.0365314928349125,0.22855414120931,0.931437791278183,83,"CADM3;ACTN1;CLDN18;PXDN;NECTIN3;CLDN16;CDH4;PARD3;PVR;ARHGEF6;TESK1;CDH2;PATJ;LAMA4;LAMB3;CLDN20;CDH18;CADM1;CLDN17;PARD6A;CLDN12;CDH9;LAMC2;PARVA"
"Cell-Cell Communication R-HSA-1500931",0.708416833667335,1,0.0294227657846801,0.216413539564782,0.908981856303634,117,"CADM3;ACTN1;CLDN18;PXDN;NECTIN3;CLDN16;CDH4;PARD3;PTK2B;PVR;SKAP2;ARHGEF6;TESK1;PIK3R2;MAGI2;CDH2;PATJ;LAMA4;LAMB3;KIRREL1;CLDN20;CDH18;CADM1;CLDN17;PARD6A;CLDN12;CDH9;SPTAN1;CD2AP;LAMC2;PARVA"
"Cell-cell Junction Organization R-HSA-421270",0.590495449949444,1,0.0385579101998489,0.239815321575651,0.940406667144063,59,"CADM3;CLDN18;NECTIN3;CLDN16;CDH4;PARD3;PVR;CDH2;PATJ;CLDN20;CDH18;CADM1;CLDN17;PARD6A;CLDN12;CDH9;CDH12;PRKCI;CDH11;CDH13;CLDN8;CLDN10;CDH15;NECTIN2;NECTIN4;F11R;CLDN23;AFDN;CDH6;FZR1;CLDN7;CLDN3;CLDN14;PARD6B;CRB3;CLDN9;CLDN19;CLDN1;CDH10;CDH8"
"Cellular Hexose Transport R-HSA-189200",0.647442872687704,1,0.0376923295943841,0.270410082135651,0.885193591301775,21,"SLC5A4;SLC2A7;SLC2A14;MFSD4B;SLC2A12"
"Cellular Response To Chemical Stress R-HSA-9711123",0.963,1,0.00906269502060309,0.172276882001883,0.743540118770347,180,"FBXL17;GPX2;GPX8;UBB;AKT3;UBL4A;SESN1;COX5A;TBL1XR1;COX7A2L;PSMA6;CUL3;LRPPRC;GSTA1;CYBB;HDAC3;MAP1LC3B;CARM1;BTRC;NCOA1;PSMD9;PSMB3;CREBBP;NCF4;GPX6;TXNRD2;PSMB4;CDKN2A;NOX5;PSMD13;PSMF1;PSME4;COX20;GSR;GPX7;NLRP3;STAP2;PSMB9;RXRA;PSMC2;MUL1;GCLM;PSMB11;TRIM21;PSMC6"
"Cellular Response To Heat Stress R-HSA-3371556",0.705823293172691,1,0.0297064584935533,0.215781150500448,0.891089212195524,96,"CAMK2A;UBB;HSPH1;POLR1B;NUP58;CAMK2B;NUP88;CAMK2G;NDC1;BAG1;MAPK1;NUP160;CREBBP;HSPA12A;NUP85;SERPINA2;MAPK3;DEDD2;HIKESHI;ATM;AKT1S1;RPS19BP1;DNAJB1;DNAJC2;HSPA5;HSPA4L;CRYBA4;POLR1A;MLST8"
"Cellular Response To Hypoxia R-HSA-1234174",0.464788732394366,1,0.0492917662312669,0.253236782355024,1.01755398579601,72,"UBB;UBE2D1;VEGFA;PSMA6;HIF1A;EPX;HIF1AN;CA9;PSMD9;PSMB3;CREBBP;CUL2;UBE2D3;PSMB4;PSMD13;PSMF1;PSME4;PSMB9;PSMC2;PSMB11;PSMC6;HIF3A;PSMC3;PSMD12;PSMD5"
"Cellular Senescence R-HSA-2559583",0.992007992007992,1,0.00409492237559551,0.147479311466098,0.630778080409238,160,"ANAPC16;UBB;MAPK9;UBE2D1;AGO4;RB1;CXCL8;H2BC1;H1-5;RBBP7;H2AZ2;CDC23;MAPK11;H1-0;H2BC14;MAPK10;TNRC6C;MAPK1;CDK6;MAPK8;EP400;H1-3;E2F2;CDKN2A;MAPK3;MDM2;ANAPC5;ATM;H2AC20;ANAPC4;H2BC3;RPS6KA3;SCMH1;E2F3;UBE2C;ETS2;CDKN2B;H2AC14;CCNE1;MAPK7;H1-1;EED;CCNE2;ANAPC15;SUZ12;TNIK;H2BC9"
"Centrosome Maturation R-HSA-380287",0.710976837865055,1,0.0294936424723046,0.21872282213955,0.885860532768586,79,"CEP63;CEP192;CEP164;HAUS8;YWHAG;TUBGCP6;DCTN2;AKAP9;CEP70;TUBGCP2;CEP76;CEP135;HAUS3;PRKCA;TUBA4A;SFI1;HAUS7;ODF2;HAUS2;CKAP5;MZT2A;CEP78;MZT1;NINL;OFD1;DYNLL1;ACTR1A;CENPJ;TUBGCP5;PAFAH1B1;CEP131;DCTN3;ALMS1;DCTN1;TUBG1;PCNT;CETN2;NEDD1"
"Chaperonin-mediated Protein Folding R-HSA-390466",0.70392749244713,1,0.0299906706583812,0.217787597487702,0.887893630931311,85,"RGS11;GNA14;GNG13;GNB4;GNG10;HDAC3;RGS9BP;RGS6;KIFC3;GNG2;GNB1;PFDN4;TUBA8;CCT6A;CCT6B;TUBA3C;TUBA4A;PDCL;TUBB2A;DCAF7;GAPDHS;GNG4;NOP56;CCNE1;FBXO6;GNG12;CCNE2"
"Chemokine Receptors Bind Chemokines R-HSA-380108",0.703553299492386,1,0.0304180507344859,0.228005309755605,0.876478651220088,53,"CCL22;CXCL1;CXCL8;CX3CR1;CXCL10;CXCL11;ACKR3;CCL20;CCL17;CCR2;CCL1;CCL21;CCR3;CCR5;CCL11;CCR6;CXCR6;CXCL5;CXCL13"
"Cholesterol Biosynthesis R-HSA-191273",0.875664187035069,1,0.0211456362513594,0.201647060777118,0.690922640915578,26,"SREBF2;MSMO1;ARV1;SH3D19;IDI2;HMGCR;GGPS1;NSDHL;PLPP6;IDI1"
"Chondroitin Sulfate Biosynthesis R-HSA-2022870",0.882096069868996,1,0.0222983800506052,0.21041155255696,0.683385458793138,20,"CHSY3;CHST9;CHPF2;VCAN;CSPG5;CHST13"
"Chromatin Modifying Enzymes R-HSA-3247509",1,1,0,0.132937142281769,0.584999599373159,234,"CHD3;ENY2;SETD3;TBL1XR1;TAF9;PBRM1;ING5;SUPT3H;TADA2A;H2BC1;KAT2A;KMT2A;RBBP7;HDAC3;H2AZ2;PHF21A;H2BC14;MTA3;CLOCK;KDM3A;KDM5C;AEBP2;SMARCD2;SUDS3;CARM1;NCOA1;KMT5B;BRPF3;PHF2;JAK2;ING3;CREBBP;EP400;TAF6L;KMT2C;ATXN7L3;SMYD2;ASH1L;GDNF;KMT2D;KDM3B;RUVBL1;VPS72;UTY;SETD2;DNMT3A;H2AC20;H2BC3;DPEP3;BRMS1L;COPRS;WDR77;PRDM9;MRGBP;SAP30;ELP6;SMARCC2;KDM5B;KAT8;HDAC1;H2AC14;PADI3;SETDB1;SUV39H2;EED;SUZ12;ASH2L;H2BC9;SETD1B;KDM4D;TRRAP;TADA3;JADE3;PAX3;H2AC7;PADI6;KMT2B;KDM5D;SUV39H1;JADE2;KDM6A;HMG20B;PRMT6;HDAC10;SETDB2;PADI1;SUPT20H;MSL3;SAP30L;MECOM;NSD3;HCFC1;PRMT7;H3C13;H2BC11;REST;EHMT1;SMARCD3;JADE1;ARID2;BRD1;WDR5;SMYD3;MSL2;KANSL3;SMARCD1;H3C7;EHMT2;KDM5A;TAF5L;NSD1;DOT1L;H2AC4;KDM1B;SETD6;H2AC21;PHF8;TADA2B;ELP2;KAT14;MTA2;H2BC15;SGF29"
"Citric Acid Cycle (TCA Cycle) R-HSA-71403",0.953005464480874,1,0.0175479783225763,0.183753288912596,0.58951899042548,19,"ACO2;NNT;CS;SDHD;SUCLA2;LDLR;SDHA;FAHD1;IDH3B;IDH3G"
"Class A/1 (Rhodopsin-like Receptors) R-HSA-373076",0.477522477522478,1,0.0477342401407188,0.225612567613271,1.01037980243713,318,"MCHR2;CHRM1;ADORA2B;CCL23;NTS;GNRHR;PTGDR2;ADRA1B;BDKRB1;CCL22;PROK1;QRFP;CXCL1;CCKAR;CXCL8;P2RY14;HRH3;CX3CR1;ADRA2B;CCKBR;CXCL10;NPSR1;HTR6;PLPPR4;CHRM4;RXFP2;ADRB3;PLPPR2;LHCGR;PLPPR3;LPAR6;C5;CXCL11;ACKR3;GNRH2;CCL20;GPR143;MC2R;P2RY10;MRLN;C5AR2;AVPR2;SUCNR1;RLN2;UTS2B;CCL17;FFAR2;HRH2;HTR7;GPNMB;OPN5;CCR2;CHGA;FFAR3;SSTR1;PDYN;CCL1;ADRA2C;GPR35;DRD2;P2RY6;NLRP3;P2RY12;F2R;GPR183;PENK;NPY2R;P2RY2;NMUR2;ADORA1;GHSR;CCL21;GALR1;CHRM5;P2RY13;HTR1E;TAAR1;PRLHR;S1PR4;FSHB;CCR3;CCR5;OPRM1;EDNRA;ACKR1;PTGER2;TSHR;UTS2;CCL11;AVPR1A;NPBWR1;LPAR4;OPN1MW3;TRHR;LHB;NPFFR2;KEL;SFTPA2;SSTR2;TAAR6;TAAR8;LTB4R;CCR6;HRH4;PLPPR5;INSL3;FPR2;NPS;MC1R;OPRK1;TAC1;CXCR6;QRFPR;AGTR2;CXCL5;CXCL13;HTR2C;DRD1;LPAR3;UTS2R;GPR39;NPY5R;DRD3;RXFP1;PYY;CCL28;HCRTR1;GPR18;CYSLTR2;HTR1F;PTGDR;INSL5;PTAFR;CNOT6;RXFP3;TACR3;HCAR2;ADRA1D;NTSR2;XK;HTR2A;MTNR1B;GRPR;BDKRB2;NMUR1;TSHB;ADRB2;EDN3"
"Class B/2 (Secretin Family Receptors) R-HSA-373080",0.523618090452261,1,0.0438002031299891,0.240428886825846,0.987335351529066,91,"GNG13;PTHLH;WNT4;GNB4;GNG10;FZD9;FZD7;FZD8;GNG2;GIPR;GNB1;GLP2R;CRH;SCT;GCG;ADM2;RAMP2;CRHR2;GNG4;FZD4;WNT8B;IAPP;CALCA;GNG12;WNT5A;FZD10;CALCB;UCN3;GNB2;WNT7B;SHH;RAMP1;PTH2R;PTCH2;GNG3;WNT9B;CYSLTR2;IHH;WNT2B;GNGT2;ADCYAP1R1;ADGRE2;GNB5;GHRH;PTRH2;SCTR"
"Class I MHC Mediated Antigen Processing And Presentation R-HSA-983169",0.643356643356643,1,0.0339723613634993,0.212897260424071,0.960570274943357,374,"FBXL16;TRIM32;UBE2Q1;UBB;ERAP1;CD207;TRIM39;ASB9;UBE2D1;ASB6;FBXO9;FBXO44;HECTD2;FGG;RNF182;IKBKB;ASB12;LNX1;RNF41;PSMA6;KLHL13;UBE2E2;LRSAM1;CUL3;WWP1;FBXO2;SEC23A;CYBB;PIK3R4;KLHL11;UBR2;THOP1;CBLL2;ATG7;NEDD4L;CDC23;UBE2L6;ASB2;KLHL3;HERC2;TRAIP;HERC6;LMO7;MIB2;TRIM69;TRIM71;UBR1;ASB15;TRIM4;BTRC;SEC31A;SMURF1;PSMD9;ERAP2;RNF111;PSMB3;UBE2D4;ASB14;FBXL22;SEC24D;CUL2;NCF4;FBXO41;UBE2D3;HERC3;PSMB4;FBXL18;UBE3A;PSMD13;PSMF1;UBE2Q2;ASB10;PSME4;FBXO27;RNF114;HERC4;GAN;ANAPC5;UBR4;UBE3D;RBCK1;CUL7;FBXO17;ANAPC4;RBBP6;ASB8;CBLB;BLMH;TRAF7;KLHL42;ASB5;KLHL9;FBXL13;GLMN;NEDD4;PSMB9;PSMC2;HSPA5;UBE2M;PRKN;KBTBD13;PSMB11;KCTD7;TRIM21;PSMC6;UBE2C;FBXO31;ANAPC13;FBXO15;UBE2E3;FBXO21;PSMC3;UBA1;FBXO6;HACE1;RNF14;TRIM63;TLR4;TRIM37;UBE2R2;HECW2;DZIP3;SH3RF1;BTK;RNF6;FBXO10;PSMD12;PSMD5;KLHL22;ASB11;FBXO11;FBXL15;RNF144B;CTSV;FBXW8;ASB17"
"Class I Peroxisomal Membrane Protein Import R-HSA-9603798",0.7117903930131,1,0.0333826959919392,0.255805654600875,0.830818757368252,20,"PEX13;ACBD5;PEX26;GDAP1;SLC25A17;PEX14"
"Clathrin-mediated Endocytosis R-HSA-8856828",0.945945945945946,1,0.0111060331981493,0.177020299844635,0.752701134357398,139,"PIP5K1C;UBB;NECAP1;DNM1;AMPH;VAMP4;COPS4;GRK3;PACSIN1;REPS2;SYT12;SH3GL2;STON2;SNX9;EGF;SYT1;ARRB2;AVPR2;COPS5;VAMP7;DVL2;SNAP91;HBEGF;M6PR;AGFG1;STAM2;FCHO2;ITSN1;AREG;NLRP3;GAPVD1;SGIP1;AP2A1;HGS;FZD4;GRK2;NECAP2;UBQLN1"
"Cleavage Of Damaged Purine R-HSA-110331",0.795454545454545,1,0.241339976815091,-0.146497414608373,-0.86811517830357,34,"H2AJ;H2AC6;H2AC19;H4C15;TERF2IP"
"Cleavage Of Damaged Pyrimidine R-HSA-110329",0.981366459627329,1,0.010787337352153,0.142746249787689,0.527405864593368,39,"OGG1;H2BC1;H2AZ2;H2BC14;NEIL1;SMUG1;H2AC20;H2BC3;H2AC14;MBD4;H2BC9;NEIL3;H2AC7;ACD;H2BC11;TERF2;H2AC4;NTHL1;POT1;NEIL2;H2BC15;TDG;H2BC5;H2AX"
"Collagen Biosynthesis And Modifying Enzymes R-HSA-1650814",0.986868686868687,1,0.00715048391330487,0.13401737400495,0.533557927736486,67,"COL3A1;COL8A2;COL4A3;ADAMTS2;COL6A5;P4HA3;PCOLCE2;COL24A1;CRTAP;TLL1;COL9A1;P3H1;P3H3;COL19A1;COL4A5;COL26A1;COL23A1;COL6A6;P3H2;COL7A1;PLOD2;COL5A3;COL12A1;COL18A1;COL4A6;COL5A1;COL2A1;COL17A1;COL6A1;COL28A1;COL10A1;COL14A1;COLGALT2;COL4A4;TLL2;COL22A1;COL15A1"
"Collagen Chain Trimerization R-HSA-8948216",0.791624106230848,1,0.0246382257063476,0.214604065075572,0.806032349328437,44,"COL3A1;COL8A2;COL4A3;COL6A5;COL24A1;COL9A1;COL19A1;COL4A5;COL26A1;COL23A1;COL6A6;COL7A1;COL5A3;COL12A1;COL18A1;COL4A6;COL5A1;COL2A1;COL17A1;COL6A1;COL28A1;COL10A1;COL14A1;COL4A4;COL22A1;COL15A1;COL9A3;COL25A1"
"Collagen Degradation R-HSA-1442490",0.626418988648091,1,0.0367619553883609,0.24535126131116,0.909693004100312,40,"MMP13;MMP15;CTSK;MMP7;MMP19;COL9A1;FURIN;MMP14;ELANE;COL19A1;COL26A1;MMP10;COL23A1;TMPRSS6;MMP12;ADAM17;MMP1;MMP2;COL12A1;PRSS2;COL18A1;MMP8;MMP3;MMP9"
"Collagen Formation R-HSA-1474290",0.930653266331658,1,0.0129839954274655,0.176601325474668,0.724352962212397,90,"COL3A1;PXDN;COL8A2;COL4A3;ADAMTS2;LOXL1;MMP13;COL6A5;P4HA3;LOX;PCOLCE2;COL24A1;LAMA4;LAMB3;MMP7;CRTAP;TLL1;LAMC2;COL9A1;P3H1;P3H3;COL19A1;COL4A5;COL26A1;COL23A1;LOXL4;COL6A6;CTSV;P3H2;COL7A1"
"Complex I Biogenesis R-HSA-6799198",0.339341358821946,1,0.203508959461977,-0.17022900646263,-1.11184606772229,51,"TMEM126B;ACAD9;NDUFV2;NDUFB6;NDUFB7;NDUFS6;NDUFS4;NDUFAF3;NDUFA10;NDUFA1;NDUFA12;NDUFA3"
"Condensation Of Prophase Chromosomes R-HSA-2299718",0.668469324380676,1,0.143902565267782,-0.152275558614758,-0.940616666926297,40,"H3-3B;H2AJ;H2AC6;H2AC19;H4C15"
"Constitutive Signaling By Aberrant PI3K In Cancer R-HSA-2219530",0.414314516129032,1,0.0546808488785442,0.258980686798717,1.04579351040883,78,"FGF13;KIT;FLT3;CD86;KL;PIK3R3;EGF;KLB;FGFR1;PIK3R2;FGF23;VAV1;FGFR2;HBEGF;FLT3LG;FGF10;FRS2;NRG4;NRG2;FGF16;ESR2;ESR1;AREG;FGF7;FGF18;IRS2"
"Constitutive Signaling By Ligand-Responsive EGFR Cancer Variants R-HSA-1236382",0.97032967032967,1,0.0166782153543946,0.168293259717344,0.529621577798392,17,"UBB;EGF;EGFR;PLCG1;CBL;PIK3CA;NRAS;PIGU"
"Constitutive Signaling By NOTCH1 HD+PEST Domain Mutants R-HSA-2894862",0.889564336372847,1,0.01707634511757,0.182934001313694,0.712259494811909,56,"UBB;NEURL1;TBL1XR1;KAT2A;HDAC3;HDAC4;MAML2;MIB2;CREBBP;PSEN2;CCNC;HES5;MIB1;HDAC1;APH1A;CDK8;HDAC9;ADAM17;HDAC10;HEYL;NEURL1B;MAMLD1;DLL4"
"Conversion From APC/C:Cdc20 To APC/C:Cdh1 In Late Anaphase R-HSA-176407",0.674672489082969,1,0.0359208664409425,0.266141807333129,0.864389045649714,20,"ANAPC16;UBE2D1;CDC23;ANAPC5;ANAPC4;UBE2C;ANAPC15;ANAPC2;FZR1;ANAPC10;ANAPC11;ANAPC7;CDC26;ANAPC1;CDC27"
"Costimulation By CD28 Family R-HSA-388841",0.892929292929293,1,0.0165979932903048,0.187147571690676,0.742100060575572,65,"AKT3;CD86;TRIB3;RICTOR;CTLA4;HOXC13;PPP2R5C;PIK3R3;PIK3R2;VAV1;HLA-DQA2;THEM4;MAPKAP1;TNFRSF14;ARHGEF7;MLST8;LYN;PDCD1LG2;MTOR;CD3E;BTLA;CD247;PPP2R1B"
"Cristae Formation R-HSA-8949613",0.399922081677457,1,0.203508959461977,-0.199559657598332,-1.09201457788893,29,"ATP5MG;ATP5MC1;ATP5MC2;ATP5F1A"
"Cross-presentation Of Soluble Exogenous Antigens (Endosomes) R-HSA-1236978",0.792299898682877,1,0.0241447930798382,0.212062894088323,0.806436437161679,48,"CD207;PSMA6;PSMD9;PSMB3;PSMB4;PSMD13;PSMF1;PSME4;PSMB9;PSMC2;PSMB11;PSMC6;PSMC3;PSMD12;PSMD5"
"Cyclin A:Cdk2-associated Events At S Phase Entry R-HSA-69656",0.679718875502008,1,0.0315649069021069,0.221101183311321,0.901064390007652,83,"UBB;AKT3;RBL2;RB1;PSMA6;CDC25B;CABLES1;PSMD9;CDC25A;PSMB3;LIN52;E2F4;PSMB4;PSMD13;PSMF1;LIN54;WEE1;PSMB9;PSMC2;PSMC6;PSMC3;CCNE1;CCNE2;PSMD12;LIN9;PSMD5"
"Cyclin D Associated Events In G1 R-HSA-69231",0.807926829268293,1,0.0232248320654428,0.209085807583343,0.790043047963552,46,"UBB;RBL2;RB1;CDK6;JAK2;E2F4;E2F2;CDKN2A;E2F3;CDKN2B;CCNE1;LYN;CCNE2;CCND2;PPP2R1B"
"Cyclin E Associated Events During G1/S Transition R-HSA-69202",0.724068479355488,1,0.0285743975105342,0.216492369278947,0.87798947142933,81,"UBB;AKT3;RBL2;RB1;PSMA6;CABLES1;PSMD9;CDC25A;PSMB3;LIN52;E2F4;PSMB4;PSMD13;PSMF1;LIN54;WEE1;PSMB9;PSMC2;PSMC6;PSMC3;CCNE1;CCNE2;PSMD12;LIN9;PSMD5"
"Cytochrome P450 - Arranged By Substrate Type R-HSA-211897",0.348837209302326,1,0.0629394692018967,0.274437687003498,1.083177513746,62,"CYP2F1;CYP2E1;CYP3A5;CYP11A1;CYP24A1;NR1H4;CYP39A1;CYP21A2;NCOA1;CYP4F11;CYP3A43;CYP26C1;CYP1A1;CYP8B1;CYP1A2;CYP26A1;CYP27B1;RXRA;FDXR;ARNT2;FDX1;CYP4F8;CYP3A4;TBXAS1;CYP2B6;CYP4B1;CYP2C8;CYP2C19;CYP2C9;AHR;FDX2;CYP4F2;CYP4F22;CYP7B1;CYP2S1;CYP7A1;POMC"
"Cytoprotection By HMOX1 R-HSA-9707564",0.935288169868554,1,0.0130773356900516,0.168203889629005,0.657937210921205,57,"COX5A;TBL1XR1;COX7A2L;LRPPRC;HDAC3;CARM1;NCOA1;CREBBP;COX20;NLRP3;STAP2;RXRA;MBD4;LIN9;CYCS;SCO1;CHD9;HELZ2;SIN3A;COX19;PPARA"
"Cytosolic Sulfonation Of Small Molecules R-HSA-156584",0.597388465723613,1,0.0414044273760278,0.281648032197053,0.921981277970694,21,"SULT1A2;BPNT2;SULT1E1;PODXL2;SULT4A1;ABHD14B;PAPSS2;SULT6B1;SULT1B1"
"Cytosolic tRNA Aminoacylation R-HSA-379716",0.643478260869565,1,0.0379271467108098,0.268420311817233,0.893967548582947,23,"MARS1;WARS1;TARS1;IARS1;NARS1;HARS1;QARS1;GARS1;FARSA;EEF1E1;CARS1;AARS1;LARS1;AIMP1;RARS1;YARS1;AIMP2;DARS1;EPRS1;KARS1;VARS1"
"DAP12 Signaling R-HSA-2424491",0.785714285714286,1,0.213927855492356,-0.158132907729739,-0.861154652836294,28,"RNASE1;B2M;HLA-E"
"DARPP-32 Events R-HSA-180024",0.405812701829925,1,0.0587185879555941,0.315591171370511,1.06125558619637,24,"PRKAR1B;PPP3CA;CALM1;PPP1CA;PRKCA;PPP1R1B;PDE4B;PPP3CB;PPP3CC;PRKAR2A;PDE4A;PPP3R1;PPP2R1B;CDK5"
"DDX58/IFIH1-mediated Induction Of Interferon-Alpha/Beta R-HSA-168928",0.55533199195171,1,0.0411544018789903,0.242501005460619,0.975813279260564,74,"UBB;RNF216;UBE2D1;NLRX1;IKBKB;TANK;RIPK1;UBE2L6;HOXC13;RNF125;IFNA6;TKFC;TRIM4;IRF7;TRAF6;CREBBP;TAX1BP1;UBE2D3"
"DNA Damage Bypass R-HSA-73893",0.697674418604651,1,0.0306322550486472,0.228597658828165,0.868880418446067,47,"UBB;REV1;POLR1B;UBE2L6;USP32;POLE2;PCLAF;DTL;REV3L;USP43;RFC5;POLE;SPRTN;POLR1A;TRIM25;PCNA;RFC2;RFC4"
"DNA Damage Recognition In GG-NER R-HSA-5696394",0.425983167046963,1,0.203508959461977,-0.163464365429613,-0.974631394627277,35,"RAD23B;RPS27A;PARP1;RBX1;INO80B;DDB1;RAD23A;YY1"
"DNA Damage/Telomere Stress Induced Senescence R-HSA-2559586",0.992922143579373,1,0.00634596373149448,0.124035776257575,0.485195080330989,58,"RB1;H2BC1;H1-5;H2AZ2;H1-0;H2BC14;EP400;H1-3;ATM;H2AC20;H2BC3;H2AC14;CCNE1;H1-1;CCNE2;H2BC9;H2AC7;TP53;RAD50;HIRA;ACD;CABIN1;H2BC11;H1-2;CCNA1;TERF2;HMGA1;H2AC4;LMNB1;POT1;H2BC15"
"DNA Double Strand Break Response R-HSA-5693606",0.784630940343782,1,0.024567800621605,0.211847951253939,0.828652955022709,57,"UBB;ABRAXAS1;UIMC1;H2BC1;HERC2;H2BC14;CNKSR3;EYA3;CHEK2;BRCC3;MAPK8;PPP5C"
"DNA Double-Strand Break Repair R-HSA-5693532",0.91991991991992,1,0.013628036219219,0.184422739545366,0.786011687037608,144,"UBB;ABRAXAS1;RBBP8;SPIDR;PALB2;POLR1B;UIMC1;RAD17;H2BC1;LIG4;HERC2;H2BC14;CNKSR3;EYA3;CHEK2;XRCC3;BRCC3;RAD51D;MAPK8;PPP5C;WRN;POLE2;RMI1;SERPINA2;RFC5;RHNO1;ATM;SLX1A;POLE;H2BC3;RAD51B;CHEK1;TIMELESS;POLR1A;RAD9B;CLSPN;KPNA2;RAD52;ERCC1;SUMO1;H2BC9;EYA2;PCNA;RFC2;RNF168;RFC4;RAD51AP1;RAD9A;LRIG3;TP53;RAD50;EME2;TOP3A;SLX4;TDP1;TDP2;XRCC2;BRCA2;EYA1;UBE2I;UBE2N;PRKDC;TOPBP1;XRCC4;RPA3;H2BC11;PIAS4;CCNA1;BLM;LRIF1;MDC1;POLM;XRCC5;PAXIP1;NHEJ1"
"DNA Repair R-HSA-73894",0.982017982017982,1,0.00617356336775808,0.167242353183013,0.746593607607842,300,"UBB;ABRAXAS1;OGG1;RBBP8;SPIDR;INO80;COPS4;REV1;PALB2;POLR1B;UIMC1;RAD17;H2BC1;H2AZ2;UBE2L6;PARG;LIG4;AQR;HERC2;H2BC14;CNKSR3;EYA3;FANCI;CHEK2;XRCC3;LRIG1;USP32;BRCC3;RNF111;NEIL1;COPS5;RAD51D;MAPK8;PPP5C;WRN;SMUG1;FANCG;POLE2;RMI1;PCLAF;DTL;RUVBL1;REV3L;MUTYH;ACTR5;FANCD2;SERPINA2;USP43;RFC5;INO80C;RHNO1;PMS2;ATM;CENPX;ASCC1;H2AC20;SLX1A;POLE;H2BC3;POLR2K;RAD51B;ALKBH2;CHEK1;SPRTN;TIMELESS;POLR2D;POLR1A;RAD9B;ACTR8;CLSPN;KPNA2;H2AC14;MBD4;RAD52;POLN;TRIM25;ERCC1;GTF2H4;SUMO1;H2BC9;FANCM;NEIL3;COPS6;EYA2;PCNA;RFC2;RNF168;RFC4;GTF2H5;RAD51AP1;H2AC7;RAD9A;LRIG3;TP53;RAD50;EME2;PNKP;TOP3A;DDB2;SLX4;ASCC2;MSH3;TDP1;GTF2H3;FANCB;GTF2H1;TDP2;CUL4B;USP45;ERCC3;XRCC2;MLH1;BRCA2;EYA1;UBE2I;CETN2;UBE2N;PRKDC;ERCC8;ISG15;TOPBP1;XRCC4;CUL4A;ACD;XPA;COPS8;RPA3;H2BC11;APEX1;ERCC2;HMGN1;CCNH;PIAS4;FANCA;NFRKB;CCNA1;MSH2;INO80D;BLM;LRIF1;MDC1;TERF2;POLM;XRCC5;ELL;DCLRE1B;H2AC4;ALKBH3;PAXIP1;NHEJ1;USP1;NPLOC4;NTHL1;MSH6;EYA4;POT1;UBA7;NEIL2;TFPT;XAB2;RMI2;H2BC15;POLR2H;SLC19A1"
"DNA Replication Pre-Initiation R-HSA-69002",0.877755511022044,1,0.0172342687658066,0.192361835063697,0.809779550406043,123,"ANAPC16;UBB;MCM6;ORC3;UBE2D1;POLR1B;PSMA6;H2BC1;H2AZ2;CDC23;CDC6;H2BC14;ORC4;CDT1;PSMD9;MCM7;PSMB3;ORC6;POLE2;PSMB4;PSMD13;PSMF1;ANAPC5;ORC5;PRIM2;MCM4;H2AC20;ANAPC4;POLE;H2BC3;PSMB9;PSMC2;PSMC6;UBE2C;POLR1A;PSMC3;H2AC14;GMNN;ANAPC15;PSMD12;PSMD5;H2BC9"
"DNA Replication R-HSA-69306",0.886,1,0.0164369248025913,0.190143956169429,0.812887380681458,151,"ANAPC16;UBB;MCM6;ORC3;UBE2D1;POLR1B;PSMA6;H2BC1;H2AZ2;CDC23;CDC6;H2BC14;ORC4;GINS3;LRIG1;CDT1;PSMD9;MCM7;PSMB3;ORC6;GINS4;POLE2;PSMB4;PSMD13;PSMF1;RFC5;PSME4;GINS1;ANAPC5;ORC5;PRIM2;MCM4;H2AC20;ANAPC4;POLE;H2BC3;PSMB9;PSMC2;GINS2;PSMB11;PSMC6;UBE2C;POLR1A;PSMC3;H2AC14;CCNE1;GMNN;CCNE2;ANAPC15;PSMD12;PSMD5;H2BC9"
"Deadenylation Of mRNA R-HSA-429947",0.894230769230769,1,0.0201955124804332,0.196823495039289,0.668514515851905,25,"NLRP4;CNOT11;TUT7;TUT4;EIF4A2;PAIP1;CNOT6L;CNOT10;CNOT7;CNOT6;CNOT4"
"Deadenylation-dependent mRNA Decay R-HSA-429914",0.987817258883249,1,0.00773927265828568,0.141132381528346,0.542529117142205,53,"NLRP4;NT5C3B;CNOT11;LSM7;LSM4;TUT7;DDX6;EXOSC4;DCPS;TUT4;EIF4A2;EXOSC8;PAIP1;CNOT6L;CNOT10;LSM6;CNOT7;CNOT6;CNOT4;DCP1A"
"Death Receptor Signaling R-HSA-73887",0.594594594594595,1,0.037770500132479,0.226634108391257,0.96326142375291,138,"PLEKHG5;UBB;ARHGEF11;FASLG;ARHGEF9;SMPD2;IKBKB;BAD;ARHGEF4;CASP3;MADD;AKAP13;TANK;RIPK1;HDAC3;TIAM2;ARHGEF33;ARHGEF17;ABR;PRDM4;USP4;VAV3;SPPL2B;ARHGEF6;FGD1;ECT2;VAV1;TIAM1;KALRN;ARHGEF16;MAPK8;TRAF6;TAB3;TAX1BP1;BIRC3;SPPL2A;PSEN2"
"Dectin-1 Mediated Noncanonical NF-kB Signaling R-HSA-5607761",0.813576494427558,1,0.0226556224333514,0.206153028108668,0.809370963045821,60,"UBB;CCL22;PSMA6;BTRC;PSMD9;CCL17;PSMB3;PSMB4;PSMD13;PSMF1;PSME4;PSMB9;PSMC2;UBE2M;PSMB11;PSMC6;PSMC3;PSMD12;PSMD5"
"Dectin-2 Family R-HSA-5621480",0.821276595744681,1,0.0248493879589072,0.219121507947189,0.753542447715377,27,"MUC19;CLEC4C;MUC17;CLEC4A;MUC15;MUC6;LYN;MUC13;MUC7;MUC12;MUC4;PLCG2;CLEC4D"
"Defective B3GALT6 Causes EDSP2 And SEMDJL1 R-HSA-4420332",0.543668122270742,1,0.0458620343117985,0.292787680708003,0.950930883205437,20,"GPC6;GPC3;GPC2;SDC3;SDC2;VCAN;SDC1;CSPG5;GPC1"
"Defective B3GALTL Causes PpS R-HSA-5083635",0.973001038421599,1,0.0119234526278759,0.157804039036428,0.577890739447039,37,"SPON1;ADAMTS2;ADAMTSL2;ADAMTS19;ADAMTSL3;SEMA5B;THSD1;B3GLCT;THSD7A;ADAMTS12;CFP;THSD7B;ADAMTS5;ADAMTS16;ADAMTS18;ADAMTS15;ADAMTS20;ADAMTS17;SPON2;ADAMTSL1;ADAMTS9;ADAMTS10;ADAMTSL5;ADAMTS7"
"Defective B3GAT3 Causes JDSSDHD R-HSA-3560801",0.649563318777293,1,0.0376923295943841,0.271652476542266,0.882286880440528,20,"GPC6;GPC3;GPC2;SDC3;SDC2;VCAN;SDC1;CSPG5;GPC1"
"Defective B4GALT7 Causes EDS, Progeroid Type R-HSA-3560783",0.555676855895197,1,0.0448645113168564,0.290043121385307,0.94201696232451,20,"GPC6;GPC3;GPC2;SDC3;SDC2;VCAN;SDC1;CSPG5;GPC1"
"Defective C1GALT1C1 Causes TNPS R-HSA-5083632",0.686534216335541,1,0.0356176233437444,0.270607979475771,0.858322001874982,18,"MUC19;MUC17;MUC15;MUC6;MUC13;C1GALT1C1;MUC7;MUC12;MUC4"
"Defective CFTR Causes Cystic Fibrosis R-HSA-5678895",0.949443882709808,1,0.0117231586093378,0.16322467347205,0.640065739615835,59,"UBB;PSMA6;PSMD9;ERLIN1;PSMB3;DERL3;PSMB4;PSMD13;PSMF1;PSME4;PSMB9;PSMC2;PSMB11;PSMC6;PSMC3;PSMD12;PSMD5"
"Defective GALNT12 Causes CRCS1 R-HSA-5083636",0.551648351648352,1,0.0454967810085007,0.307895041333544,0.968950615498518,17,"MUC19;MUC17;MUC15;MUC6;MUC13;GALNT12;MUC7;MUC12;MUC4"
"Defective GALNT3 Causes HFTC R-HSA-5083625",0.554945054945055,1,0.0452247443372884,0.306745415767169,0.965332725469152,17,"MUC19;MUC17;MUC15;MUC6;MUC13;MUC7;MUC12;GALNT3;MUC4"
"Defective HDR Thru Homologous Recombination (HRR) Due To BRCA1 Loss-Of-Function R-HSA-9701192",0.572649572649573,1,0.0425023180036553,0.276732600838631,0.939927220747437,25,"RBBP8;PALB2;RAD51D;WRN;RMI1;ATM;RAD51B;RAD51AP1;RAD50;TOP3A;XRCC2;BRCA2"
"Defective Intrinsic Pathway For Apoptosis R-HSA-9734009",0.6254036598493,1,0.0387962208304479,0.269985997878135,0.907896590385241,24,"CDK5R1;FASLG;CDC25C;CDC25B;ERC2;CAPNS2;CDC25A"
"Defective Pyroptosis R-HSA-9710421",0.887163561076605,1,0.0187018035626708,0.188258973079792,0.695562136394358,39,"GSDME;H2BC1;RBBP7;H2AZ2;H2BC14;DNMT1;DNMT3B;PRIM2;DNMT3A;H2AC20;H2BC3;H2AC14;EED;SUZ12;H2BC9;H2AC7;POLA2;PRIM1"
"Defective TPR May Confer Susceptibility Towards Thyroid Papillary Carcinoma (TPC) R-HSA-5619107",0.932008368200837,1,0.0160304351647231,0.175949038677576,0.624135262632053,31,"NUP58;NUP88;NDC1;NUP160;NUP85;SEH1L;NUP205;SEC13;NUP133;NUP98;NUP93;NUP42;NUP107;MAP4K2;NUP210;RNASE7;NUP37;NUP153;NUP155"
"Defects Of Contact Activation System (CAS) And Kallikrein/Kinin System (KKS) R-HSA-9651496",0.987736900780379,1,0.0164369248025913,0.164868988821699,0.503155688531265,15,"F8;F9;GP1BA;FAM110A;KLKB1;GP9;GP5;ZNF160;TPST1;F12;TPST2"
"Degradation Of AXIN R-HSA-4641257",0.818274111675127,1,0.0224414263839237,0.207481211215967,0.797581654370269,53,"UBB;PSMA6;PSMD9;PSMB3;AXIN2;PSMB4;PSMD13;PSMF1;PSME4;TNKS;PSMB9;PSMC2;PSMB11;PSMC6;PSMC3;PSMD12;PSMD5"
"Degradation Of Beta-Catenin By Destruction Complex R-HSA-195253",0.759036144578313,1,0.0259735747969448,0.209280364636067,0.852890433588742,83,"UBB;CSNK1A1;TLE5;PSMA6;TCF7;PPP2R5C;BTRC;PSMD9;PSMB3;AXIN2;PSMB4;PSMD13;PSMF1;PSME4;PSMB9;PSMC2;PSMB11;PSMC6;HDAC1;PSMC3;TLE1;TLE2;PSMD12;PSMD5;ZRANB1;AMER1;PPP2R1B;TLE3"
"Degradation Of DVL R-HSA-4641258",0.729292929292929,1,0.0283628487151644,0.222574983268471,0.861924031105582,54,"UBB;KLHL12;PSMA6;CUL3;PSMD9;PSMB3;DVL2;PSMB4;PSMD13;PSMF1;PSME4;PSMB9;PSMC2;PSMB11;PSMC6;PSMC3;PSMD12;PSMD5"
"Degradation Of Extracellular Matrix R-HSA-1474228",0.945837512537613,1,0.0113146012252547,0.172966517481616,0.721676596608197,109,"MMP24;CAPN7;CASP3;MMP16;ACAN;ERC2;CTRB2;MMP13;CAPN6;CAPN10;ADAM8;CAPNS2;MMP15;CTSK;LAMA4;OPTC;LAMB3;MMP7;MMP19;PLG;CTSG;TLL1;LAMC2;COL9A1;FURIN;SCUBE3;MMP14;MMP17;ELANE;COL19A1;COL26A1;MMP10;COL23A1;CTRB1;TMPRSS6;CTSV;KLK7;MMP12;TPSAB1;ADAM17;MMP1;ADAMTS5;MMP2;LAMB1;ADAMTS16;COL12A1;PRSS2;CAPN8;LAMA5;COL18A1;MMP8"
"Degradation Of GLI1 By Proteasome R-HSA-5610780",0.775530839231547,1,0.0252009996957834,0.213853443894726,0.83653798944338,58,"UBB;PSMA6;NUMB;BTRC;PSMD9;PSMB3;PRKCA;PSMB4;PSMD13;PSMF1;PSME4;PSMB9;PSMC2;PSMB11;PSMC6;PSMC3;SUFU;PSMD12;PSMD5"
"Degradation Of GLI2 By Proteasome R-HSA-5610783",0.574317492416582,1,0.0398406946073899,0.244137183261382,0.954999950968208,58,"UBB;CSNK1A1;PSMA6;BTRC;PSMD9;PSMB3;PRKCA;PSMB4;PSMD13;PSMF1;PSME4;GLI2;PSMB9;PSMC2;PSMB11;PSMC6;PSMC3;SUFU;PSMD12;PSMD5"
"Deposition Of New CENPA-containing Nucleosomes At Centromere R-HSA-606279",0.588832487309645,1,0.038875878582578,0.248105504900104,0.944761911482245,49,"CENPQ;OIP5;HJURP;H2BC1;RBBP7;H2AZ2;H2BC14;RUVBL1;CENPN;MIS18BP1;CENPX;ITGB3BP;H2AC20;H2BC3;CENPO;CENPP;H2AC14;CENPU;H2BC9;CENPI;KNL1;H2AC7;CENPA"
"Deregulated CDK5 Triggers Neurodegenerative Pathways In Alzheimers Disease Models R-HSA-8862803",0.443960826985854,1,0.0550211117163117,0.315715194417072,1.03350091301104,21,"CDK5R1;FASLG;CDC25C;CDC25B;ERC2;CAPNS2;CDC25A"
"Detoxification Of Reactive Oxygen Species R-HSA-3299685",0.65866388308977,1,0.0349401058848478,0.2439327824117,0.879457483753404,34,"GPX2;GPX8;CYBB;NCF4;GPX6;TXNRD2;NOX5;GSR;GPX7"
"Deubiquitination R-HSA-5688426",0.993006993006993,1,0.00382852089890286,0.158204892747294,0.699738019172426,260,"OTUB1;IDE;UBB;ABRAXAS1;TAF9B;PTEN;UBE2D1;INO80;UIMC1;PSMA6;H2BC1;KAT2A;TANK;RIPK1;RNF128;H2BC14;HIF1A;OTUB2;USP4;CNKSR3;UCHL3;ARRB2;TRIM4;SUDS3;SMAD3;USP32;BRCC3;ASXL2;PSMD9;CDC25A;PSMB3;AXIN2;TNIP3;TRAF6;ASXL1;BIRC3;RUVBL1;USP28;PSMB4;ACTR5;PSMD13;PSMF1;STAM2;MDM2;VCPIP1;PSME4;INO80C;ESR1;AREG;NLRP3;RNF135;TNKS;H2AC20;RHOT1;ATXN3;H2BC3;USP12;USP26;USP33;PSMB9;PSMC2;MUL1;PRKN;PSMB11;PSMC6;HGS;ACTR8;CLSPN;PSMC3;UCHL5;H2AC14;MBD6;TRIM25;TNIP1;NOD2;PSMD12;USP8;PSMD5;ZRANB1;H2BC9"
"Digestion And Absorption R-HSA-8963743",0.983974358974359,1,0.0134461833974729,0.148541099568715,0.504522497390198,25,"ALPP;RSC1A1;CHIT1;PNLIPRP2;LCT;GUCA2A;TREH;PNLIPRP1;PNLIP;SLC2A2;CHIA;CLPS;AMY2B"
"Digestion R-HSA-8935690",0.87117903930131,1,0.0230116943194552,0.213937944128397,0.694838654649757,20,"ALPP;CHIT1;PNLIPRP2;LCT;GUCA2A;TREH;PNLIPRP1;PNLIP;CHIA;CLPS;AMY2B;CEL;MGAM;GUCY2C;PIR"
"Disassembly Of Destruction Complex And Recruitment Of AXIN To Membrane R-HSA-4641262",0.992647058823529,1,0.0111060331981493,0.127975966838615,0.448586098108862,29,"CSNK1A1;PPP2R5C;DVL2;CSNK1G2;WNT8B;AMER1;PPP2R1B;PPP2R5E;PROC;WNT3A;FZD1;WNT1;CAV1;GSK3B;LRP6;PPP2R1A;FRAT2"
"Diseases Associated With Glycosylation Precursor Biosynthesis R-HSA-5609975",0.889632107023411,1,0.0230116943194552,0.221220171416184,0.675131135706129,15,"GALT;DHDDS;SRD5A3;NUS1;GFPT1;GALK1;DPM1;SLPI;DPM2;GALE;DPM3"
"Diseases Associated With N-glycosylation Of Proteins R-HSA-3781860",0.678807947019868,1,0.0361491929398957,0.272715399902103,0.865006377267851,18,"ALG13;ALG9;DPAGT1;GLB1;B4GALT1;MAN1B1;ALG14;MOGAT2;ALG3;ALG2;ALG12;CTSA"
"Diseases Associated With O-glycosylation Of Proteins R-HSA-3906995",0.920282542885974,1,0.0142522226913804,0.175018694359702,0.698206461030767,68,"MUC19;SPON1;ADAMTS2;ADAMTSL2;ADAMTS19;MUC17;MUC15;POMGNT1;MUC6;ADAMTSL3;SEMA5B;THSD1;B3GLCT;MUC13;C1GALT1C1;NOTCH2;GALNT12;MUC7;THSD7A;ADAMTS12;MUC12;GALNT3;MUC4;CFP;THSD7B;POMT2;ADAMTS5;ADAMTS16;NOTCH4;ADAMTS18;C1GALT1;ADAMTS15;ADAMTS20;ADAMTS17;NOTCH3;MUC1;SPON2;ADAMTSL1;ADAMTS9;ADAMTS10;ADAMTSL5;ADAMTS7;MUC16;LFNG;MUCL1;DAG1"
"Diseases Associated With TLR Signaling Cascade R-HSA-5602358",1,1,0.208955027549354,-0.109719838651522,-0.623547238141094,31,"HMGB1"
"Diseases Of Carbohydrate Metabolism R-HSA-5663084",0.355949895615866,1,0.0635007968065945,0.306474271921093,1.09373853942096,32,"ARSB;IDS;UBB;GBE1;SGSH;SPAM1;G6PC3;NAGLU;GYS2;GLB1;KHK;LCT;GYG2;G6PC1;HGSNAT;NHLRC1;GYS1;PPP1R3C"
"Diseases Of Glycosylation R-HSA-3781865",0.933933933933934,1,0.0123167455730572,0.180062156487374,0.765977981110971,140,"MUC19;SPON1;ADAMTS2;EXT1;ACAN;ST3GAL3;ADAMTSL2;GALT;CHST14;HEXB;ALG13;GPC6;ALG9;GPC3;GPC2;DPAGT1;ADAMTS19;SDC3;SDC2;MUC17;MUC15;POMGNT1;KERA;MUC6;DHDDS;ADAMTSL3;SEMA5B;VCAN;SRD5A3;THSD1;GLB1;B3GLCT;MUC13;C1GALT1C1;NUS1;SDC1;NOTCH2;GALNT12;PAPSS2;MUC7;THSD7A;ADAMTS12;CSPG5;OMD;MUC12;GALNT3;GPC1;FMOD;MUC4;CFP;B4GALT1;THSD7B;POMT2;PRELP;ADAMTS5;ADAMTS16;GFPT1;GALK1;NOTCH4;ADAMTS18;DPM1;MAN1B1;C1GALT1;ADAMTS15;ALG14;ADAMTS20;LUM;ADAMTS17;NOTCH3;MUC1;SPON2;MOGAT2;ADAMTSL1;SLPI;ALG3;CHST6;ADAMTS9;ADAMTS10;ADAMTSL5;ADAMTS7;GPC5;MUC16;ALG2;ALG12;LFNG;SLC26A2;MUCL1;DAG1;CTSA"
"Diseases Of Metabolism R-HSA-5668914",0.736263736263736,1,0.0273074724591201,0.207452895500941,0.914149628574058,241,"ARSB;IDS;UBB;GBE1;FMO3;MUC19;CYP11A1;CYP24A1;HPRT1;SPON1;ADAMTS2;EXT1;ACAN;ST3GAL3;ADAMTSL2;CYP21A2;GALT;TPMT;CHST14;SGSH;HEXB;SFTPD;ALG13;MC2R;GPC6;HLCS;ALG9;GPC3;GPC2;DPAGT1;ADAMTS19;CYP26C1;AMN;SPAM1;G6PC3;MTRR;SDC3;SDC2;MUC17;NAGLU;MUC15;POMGNT1;KERA;CYP27B1;MUC6;DHDDS;ADAMTSL3;SEMA5B;VCAN;GCLM;GYS2;SRD5A3;THSD1;MTR;SP8;FDXR;GLB1;KHK;LCT;ABCD4;SFTPA1;SLC34A2;B3GLCT;MMACHC;FDX1;CD320;MMUT;MUC13;C1GALT1C1;TBXAS1;SFTPA2;NUS1;SDC1;NOTCH2;CBLIF;MAT1A;GALNT12;PAPSS2;MUC7;THSD7A;GYG2;ADAMTS12;G6PC1;CSPG5;OMD;ADA;MUC12;GALNT3;GPC1;FMOD;MUC4;CFP;B4GALT1;THSD7B;HGSNAT;PAH;POMT2;PRELP;ADAMTS5;ADAMTS16;GFPT1;GALK1;ACACA;NHLRC1;NOTCH4;SLC35D1;GYS1;PPP1R3C;ADAMTS18;FDX2;DPM1;PROC;MAN1B1;C1GALT1;ADAMTS15;CYP4F22;CYP7B1;ALG14;ADAMTS20;LUM;ADAMTS17;CUBN;OPLAH;POMC;NOTCH3"
"Diseases Of Mitotic Cell Cycle R-HSA-9675126",0.65531475748194,1,0.0346410167413251,0.243717494707165,0.898298971584172,38,"ANAPC16;UBE2D1;RB1;CDC23;CDK6;E2F2;ANAPC5;ANAPC4;E2F3;UBE2C;CCNE1;CCNE2;ANAPC15;CCND2"
"Diseases Of Programmed Cell Death R-HSA-9645723",0.701311806256307,1,0.0302754424728262,0.222870002682779,0.889100883836154,68,"CDK5R1;FASLG;GSDME;CDC25C;CDC25B;H2BC1;ERC2;TANK;RIPK1;RBBP7;H2AZ2;H2BC14;DNMT1;CAPNS2;CDC25A;CDKN2A;DNMT3B;PRIM2;DNMT3A;H2AC20;H2BC3;CASP8;H2AC14;EED;SUZ12;H2BC9;GOLGA2;BCL2L11;H2AC7;TP53;POLA2;FOXO3;CDK5;PRIM1"
"Diseases Of Signal Transduction By Growth Factor Receptors And Second Messengers R-HSA-5663202",1,1,0,0.147732061851724,0.668789334862981,421,"FGF13;CAMK2A;KIT;FLT3;DUSP9;UBB;AKT3;CSNK1A1;NEURL1;PTEN;ARAF;KSR2;ZFYVE9;TBL1XR1;BCL11A;FGG;BAD;SPRED2;CD86;DUSP8;PSMA6;HHAT;CALM1;CNKSR2;RICTOR;KAT2A;FZD8;HDAC3;HDAC4;KL;ATG7;AKAP9;MRAS;CASP9;MAML2;CAMK2B;DKK2;LMO7;CAMK2G;MIB2;PPP2R5C;GCC2;PIK3R3;KIAA1549;EGF;CNKSR1;ARRB2;SMAD3;KLB;FGFR1;PIK3R2;SEC31A;MAPK1;FGF23;PSMD9;TENT4A;JAK2;VAV1;PSMB3;CREBBP;FGFR2;ZC3HAV1;KREMEN1;HBEGF;FLT3LG;FGF10;FRS2;NRG4;DUSP16;PSEN2;MAP2K1;NRG2;PSMB4;FGF16;PSMD13;PSMF1;MAPK3;MDM2;MAPKAP1;PSME4;CCNC;ESR2;BIN2;ESR1;AREG"
"Disorders Of Transmembrane Transporters R-HSA-5619115",0.983,1,0.00617356336775808,0.162590178710254,0.699497794048559,174,"SLC9A7;UBB;HEPH;PSMA6;NUP58;ABCB6;NUP88;SLC3A1;NDC1;SLC1A1;AVPR2;SLC12A1;PSMD9;ERLIN1;NUP160;PSMB3;ABCC8;DERL3;SLC22A12;NUP85;PSMB4;SLC35A2;PSMD13;PSMF1;ABCC6;PSME4;SLC22A18;SLC26A4;SLC22A5;NLRP3;ABCA1;ABCA12;PSMB9;PSMC2;PSMB11;PSMC6;SLC26A3;PSMC3;ABCD4;SLC34A2;SLC6A18;SLC4A1;AVPR1A;PSMD12;SEH1L;PSMD5;NUP205;SLC3A2;SLCO1B1;SLC36A2;RNF5;SLC24A1;SLC35C1;SLCO2A1;SLC17A8;SEC13;SLC5A7;PSMA3;TAC4;NUP133;RHAG;PSMA8;ABCB4;SEL1L;ERLIN2;SLCO1B3;PSMD6;DERL2;SLC6A19;SLC2A10;SLC35A1;SLC2A2;SLC5A2;DERL1;ABCG8;NUP98;SLC35A3;SLC40A1;ABCA3;SLC5A5;PSMD2;SLC2A9;SLC6A5;SLC1A3;NUP93;NUP42;PSMA7;SLC12A3;SLC34A1;ABCD1;APOA1;PSMA4;NUP107;MAP4K2"
"Downregulation Of ERBB2 Signaling R-HSA-8863795",0.624735729386892,1,0.0380056241581377,0.263553688083249,0.917877489263635,28,"UBB;AKT3;RNF41;EGF;HBEGF;NRG4;NRG2"
"Downregulation Of SMAD2/3:SMAD4 Transcriptional Activity R-HSA-2173795",0.669464847848898,1,0.0344174840212229,0.246497405763721,0.870763447944287,30,"UBB;UBE2D1;NEDD4L;SMAD3;MAPK1;RNF111;UBE2D3;MAPK3;TGIF2;HDAC1"
"Downstream Signal Transduction R-HSA-186763",0.996828752642706,1,0.0113146012252547,0.123508931235668,0.430144114198169,28,"SYNGAP1;PIK3R2;CRK;STAT5A;GRB7;PLCG1;STAT5B;PIK3CA;RAPGEF1;NRAS;PDGFRA;PDGFB;PDGFA;NCK2;BCAR1;HRAS;SOS1;STAT1;SRC"
"Downstream Signaling Events Of B Cell Receptor (BCR) R-HSA-1168372",0.848790322580645,1,0.0198261062533673,0.196876946536169,0.795011533800796,78,"UBB;PPP3CA;IKBKB;PSMA6;CALM1;PRKCB;RASGRP1;BTRC;PSMD9;NFKBIE;PSMB3;PSMB4;PSMD13;PSMF1;PSME4;PPP3CB;PSMB9;PSMC2;PSMB11;PSMC6;PSMC3;PSMD12;PSMD5;REL;PPP3R1"
"Downstream Signaling Of Activated FGFR1 R-HSA-5654687",0.66211962224554,1,0.0349401058848478,0.247588473539697,0.874617695154743,30,"FGF13;KL;FGFR1;FGF23;FLRT3;FGF10;FRS2;FLRT2;FGF20;FGF5;PLCG1;FGF9;FGF8;FGF17;FGF22;FRS3;PIK3CA;NRAS;PIGU"
"Downstream Signaling Of Activated FGFR2 R-HSA-5654696",0.596638655462185,1,0.0398406946073899,0.267246551378497,0.936762508441202,29,"FGF13;FGF23;FGFR2;FGF10;FRS2;FGF16;FGF7;FGF18;FGF20;FGF5;PLCG1;FGF9;FGF8;FGF17;FGF22;FRS3;PIK3CA;NRAS;PIGU"
"Downstream Signaling Of Activated FGFR3 R-HSA-5654708",0.541442411194833,1,0.0454059226590179,0.287212439916637,0.965824883386142,24,"FGF13;FGF23;FRS2;FGF16;FGF18;FGF20;FGF5;PLCG1;FGF9;FGF8;FGF17;FRS3;PIK3CA;FGFR3;NRAS;PIGU"
"Downstream Signaling Of Activated FGFR4 R-HSA-5654716",0.679064824654623,1,0.0343431191135615,0.251720980052581,0.862495707309226,26,"FGF13;KLB;FGF23;FRS2;FGF16;FGF18;FGF20;FGFR4;PLCG1;FGF9;FGF8;FGF17;FRS3;PIK3CA;NRAS;PIGU"
"Downstream TCR Signaling R-HSA-202424",0.976884422110553,1,0.0078803141868031,0.148906182221455,0.610757783917774,90,"UBB;PTEN;UBE2D1;IKBKB;PSMA6;INPP5D;PIK3R2;BTRC;PSMD9;PSMB3;TRAF6;HLA-DQA2;PSMB4;PSMD13;PSMF1;PSME4;PSMB9;PSMC2;PSMB11;PSMC6;PSMC3;PSMD12;PSMD5;CD3E;CD247"
"Drug ADME R-HSA-9748784",0.729103726082578,1,0.0282219183873982,0.215603991325814,0.875839101520341,82,"ABCG2;CYP2E1;HPRT1;ADAL;GSTA1;BCHE;SLC29A2;TPMT;VAV3;PON3;GGT6;XDH;SULT1E1;VAV1;SLC28A2;UGT2B11;ADH1A;SLC29A1;UGT2B28;GUK1;UGT2B7;GLYATL2;SLC22A3;CYP3A4;VAV2;GLYATL1;UGT3A2;SLCO1B1;GSTM1;GSTT1;GGT7;CYP2C8;PCK1;GLYATL3;NUDT15;GSTA2;CYP2C19;CYP2C9;IMPDH2;ABCC5;SLCO1B3;UGT2A3;UGT2B10"
"Dual Incision In GG-NER R-HSA-5696400",0.519668737060041,1,0.0454967810085007,0.265853305058685,0.982250618969137,39,"UBB;POLR1B;POLE2;RFC5;POLE;POLR1A;ERCC1;GTF2H4;PCNA;RFC2;RFC4;GTF2H5;DDB2;GTF2H3;GTF2H1;CUL4B;ERCC3;CUL4A;XPA;RPA3;ERCC2"
"Dual Incision In TC-NER R-HSA-6782135",0.972644376899696,1,0.00942834302346016,0.148770248513749,0.585912571144539,61,"UBB;POLR1B;AQR;POLE2;RFC5;POLE;POLR2K;POLR2D;POLR1A;ERCC1;GTF2H4;PCNA;RFC2;RFC4;GTF2H5;GTF2H3;GTF2H1;CUL4B;ERCC3;ERCC8;CUL4A;XPA;RPA3;ERCC2;HMGN1;CCNH"
"E3 Ubiquitin Ligases Ubiquitinate Target Proteins R-HSA-8866654",0.683248730964467,1,0.0318534652552707,0.231401931691499,0.889535656849771,53,"UBB;PEX13;RTF1;RNF20;UBE2D1;H2BC1;H2BC14;SELENOS;LEO1;HLTF;UBE2D3"
"ECM Proteoglycans R-HSA-3000178",0.704406242756235,1,0.143902565267782,-0.155296083564172,-1.08780163425783,55,"NCAM1;ITGB1;HSPG2;SPARC;ITGAV;COL9A2;BGN;TNR"
"EGFR Downregulation R-HSA-182971",0.871983210912907,1,0.020635764771317,0.200789954964213,0.709299771149758,30,"UBB;SH3GL2;EGF;HBEGF;STAM2;AREG;ARHGEF7;HGS;EGFR;EPS15L1;EPGN;CBL;PTPN12;STAM;EREG;SH3GL3;SH3KBP1;SPRY2;SPRY1;BTC;TGFA"
"EGR2 And SOX10-mediated Initiation Of Schwann Cell Myelination R-HSA-9619665",0.786764705882353,1,0.0264649017470855,0.220731619121328,0.773716645374158,29,"LAMA2;SREBF2;EGR2;ADGRV1;PLPPR3;DRP2;PRX;HMGCR;POU3F1;UTRN;NAB2;POU3F2;YAP1;LAMB1;NAB1"
"EML4 And NUDC In Mitotic Spindle Formation R-HSA-9648025",0.469408224674022,1,0.048701086452153,0.246700019572275,1.01806583924717,95,"CLIP1;CENPQ;SKA2;SGO1;SGO2;KIF2A;MIS12;PPP2R5C;AURKB;SPDL1;NUP160;CENPE;CDCA8;DYNC1I1;SPC24;BUB1B;SPC25;NUP85;CENPN;MAD1L1;NUDC;ZWILCH;KIF2B;ITGB3BP;CKAP5;BUB1;CENPO;CENPP;CENPU;MAD2L1;SEH1L;CENPF;EML4;DYNLL1;CENPI;PPP2R1B;NDEL1;KNL1;PAFAH1B1;NDC80"
"EPH-Ephrin Signaling R-HSA-2682334",0.957746478873239,1,0.0103504582782501,0.16368393489593,0.669416912424333,87,"DNM1;ARHGEF28;SYNGAP1;EPHB6;EFNB2;EPHB2;EPHA5;EFNB1;LIMK1;VAV3;GPRIN1;EFNA3;ROCK2;TIAM1;KALRN;EPHA6;VPS72;PSEN2;EFNB3;ITSN1"
"EPH-ephrin Mediated Repulsion Of Cells R-HSA-3928665",0.76243654822335,1,0.0263245268606861,0.218754719167446,0.832996940997385,49,"DNM1;EPHB6;EFNB2;EPHB2;EPHA5;EFNB1;VAV3;EFNA3;TIAM1;EPHA6;PSEN2;EFNB3;AP2A1;LYN;EPHA1;VAV2;APH1A;EFNA4;EPHB3;EFNA5;MMP2;EPHA3;EPHA10;AP2B1"
"EPHB-mediated Forward Signaling R-HSA-3928662",0.604407135362015,1,0.0391956336118146,0.262296623915281,0.926574914315919,30,"ARHGEF28;SYNGAP1;LIMK1;GPRIN1;ROCK2;TIAM1;KALRN;VPS72;ITSN1;SDC2"
"ER Quality Control Compartment (ERQC) R-HSA-901032",0.720930232558139,1,0.178219874951973,-0.17472817523046,-0.85704497894172,20,"MARCHF6;RPS27A;UGGT1"
"ERBB2 Regulates Cell Motility R-HSA-6785631",0.616499442586399,1,0.0410713282497468,0.29606042464267,0.903532482806953,15,"DIAPH1;EGF;HBEGF;NRG4;NRG2;MEMO1;EGFR;ERBB4"
"ERCC6 (CSB) And EHMT2 (G9a) Positively Regulate rRNA Expression R-HSA-427389",0.938144329896907,1,0.0144273071264209,0.169484080925876,0.630358086496987,41,"CHD3;H2BC1;RBBP7;H2AZ2;H2BC14;MTA3"
"ERK/MAPK Targets R-HSA-198753",0.58215451577802,1,0.0425877779273254,0.283001379400519,0.933856655841116,22,"DUSP3;MAPK11;RPS6KA5;MAPK1;MEF2C;MAPK3;RPS6KA3;MAPK7;PPP2R1B;MAPK14;VRK3"
"ESR-mediated Signaling R-HSA-8939211",0.984,1,0.00599657425469861,0.161180813899247,0.697035946237751,185,"AKT3;POU2F1;PMEPA1;GNG13;CCNT1;AGO4;UHMK1;CALM1;H2BC1;GNB4;GNG10;H2AZ2;GNG2;GNB1;H2BC14;TNRC6C;PIK3R3;EGF;CARM1;PIK3R2;MAPK1;NCOA1;TFF3;CREBBP;MMP7;FOXA1;PPP5C;HBEGF;GNAT3;GDNF;MAPK3;ESR2;ESR1;AREG;H2AC20;H2BC3;POLR2K;STAG2;MYB;GPAM;GNAI3;GNG4;POLR2D;PGR;HDAC1;KPNA2;H2AC14;MBD4;NR5A2;GNG12;EGFR;H2BC9;ERBB4;EBAG9;TNRC6A;GNB2;SMC3;TLE3;TFF1;ZDHHC21;H2AC7;TBP;NCOA3;GTF2F1;FOXO3;GTF2A1;GNG3;EPGN"
"Early Phase Of HIV Life Cycle R-HSA-162594",0.39047619047619,1,0.222056046145248,-0.246754846405869,-1.07962675013881,15,"CXCR4;FEN1"
"Eicosanoid Ligand-Binding Receptors R-HSA-391903",0.785953177257525,1,0.0295645497308931,0.253007835753251,0.772142370205876,15,"PTGDR2;PTGER2;LTB4R;CYSLTR2;PTGDR;LTB4R2;PTGER1;CYSLTR1;PTGER4"
"Elastic Fibre Formation R-HSA-1566948",0.898550724637681,1,0.0178589946943486,0.184581760502341,0.681975905711668,39,"MFAP2;LOXL1;LOX;VTN;FBN2;FBN1;TGFB2;EFEMP2;FURIN;ITGA5;FBLN2;ITGB6;LOXL4;FBLN5;BMP10;LOXL2;EFEMP1;SMIM6;LOXL3;MFAP5"
"Elevation Of Cytosolic Ca2+ Levels R-HSA-139853",0.534002229654404,1,0.0476387259290825,0.314818749800493,0.96078010759032,15,"ITPR1;ORAI2;TRPC7;TRPC6;P2RX6"
"Endogenous Sterols R-HSA-211976",0.601063829787234,1,0.0400845633477088,0.269217182345478,0.925817718453002,27,"CYP11A1;NR1H4;CYP39A1;CYP21A2;NCOA1;CYP8B1;RXRA;FDXR;ARNT2;FDX1;AHR;FDX2;CYP7B1;CYP7A1;POMC;CYP19A1;CYP11B2;CYP11B1;PTGIS;CYP51A1;CYP1B1;AHRR"
"Endosomal Sorting Complex Required For Transport (ESCRT) R-HSA-917729",0.741014799154334,1,0.0298484971250709,0.232792671910241,0.810746207977372,28,"UBB;VPS37A;STAM2;CHMP2A;CHMP5;CHMP7;HGS;CHMP4C;VPS36;VPS4A;VPS4B;MVB12A"
"Energy Dependent Regulation Of mTOR By LKB1-AMPK R-HSA-380972",0.611344537815126,1,0.0387166740042594,0.264610113470551,0.927521168654933,29,"RRAGD;LAMTOR3;PRKAG2;RHEB;TSC1;STK11;PRKAB2;PRKAA2;CAB39;MLST8;MTOR;PRKAA1;CAB39L;STRADA;LAMTOR5;RPTOR;PRKAG1;PRKAG3"
"Ephrin Signaling R-HSA-3928664",0.54083885209713,1,0.0466015072985992,0.301091462783885,0.955010371773866,18,"EPHB6;EFNB2;EPHB2;EFNB1"
"Epigenetic Regulation Of Gene Expression R-HSA-212165",0.943887775551102,1,0.0114177828322783,0.173307038372011,0.723422752844553,110,"CHD3;PHF1;POLR1B;H2BC1;KAT2A;RBBP7;H2AZ2;H2BC14;MTA3;AEBP2;DNMT1;SUDS3;TET1;DPEP2;DNMT3B;POLR1F;DNMT3A;H2AC20;MYBBP1A;H2BC3;DPEP3;UBTF;POLR2K;SAP30;POLR1A;POLR1D;HDAC1;H2AC14;DNMT3L;EED;GTF2H4;SUZ12;H2BC9;TAF1C;BAZ2A;DDX56;POLR1E;GTF2H5;H2AC7;TBP;SUV39H1;SIN3A;GTF2H3;GTF2H1;ERCC3;SAP30L;MTF2;H3C13;H2BC11;ERCC2;CCNH"
"Estrogen-dependent Gene Expression R-HSA-9018519",0.990981963927856,1,0.00502537209391229,0.137463352668862,0.577198989918502,116,"POU2F1;PMEPA1;CCNT1;AGO4;H2BC1;H2AZ2;H2BC14;TNRC6C;CARM1;NCOA1;TFF3;CREBBP;FOXA1;GDNF;ESR1;H2AC20;H2BC3;POLR2K;STAG2;MYB;GPAM;POLR2D;PGR;HDAC1;KPNA2;H2AC14;MBD4;NR5A2;H2BC9;ERBB4;EBAG9;TNRC6A;SMC3;TLE3;TFF1;H2AC7;TBP;NCOA3;GTF2F1;GTF2A1"
"Estrogen-dependent Nuclear Events Downstream Of ESR-membrane Signaling R-HSA-9634638",0.745963401506997,1,0.0304180507344859,0.245319075099106,0.824947788364459,24,"AKT3;UHMK1;EGF;MAPK1;HBEGF;MAPK3;AREG"
"Export Of Viral Ribonucleoproteins From Nucleus R-HSA-168274",0.669791666666667,1,0.0340463727579649,0.2436514675046,0.883501466337755,35,"PBRM1;NUP58;NUP88;NDC1;NUP160;BLOC1S6;NUP85"
"Expression And Translocation Of Olfactory Receptors R-HSA-9752946",0.516483516483517,1,0.0441523058441465,0.221005282263621,0.997193938536127,373,"OR5K4;OR52I1;OR5B2;OR5M3;OR2D2;OR51I2;OR4K13;OR5B12;OR52R1;OR6B3;OR10W1;OR10G2;OR2T3;OR3A1;OR6C68;OR2D3;OR4D10;OR2L2;OR51M1;OR4E2;OR52L1;OR2K2;OR52E5;OR2AG2;OR2V2;OR7G3;OR6C6;OR5K2;OR8J1;OR2L5;OR2T1;OR10Z1;OR52H1;OR12D3;OR13J1;OR5AL1;OR8I2;OR10V1;OR10J1;OR2W3;OR51F1;OR9A2;OR6C75;OR1J2;LDB2;OR5C1;OR2L13;OR4C11;OR8H3;OR1L1;OR10Q1;OR2W1;OR1G1;OR5AC2;OR2T6;OR4D5;OR51D1;OR10AG1;OR4C45;OR6K3;OR10J4;OR1L8;OR52N2;OR10H1;OR52B6;OR13D1;OR5J2;OR9A4;OR5T3;OR8K1;OR5D14;OR5H1;OR7G1;OR4K15;OR52N1;OR2A7;OR4D11;OR56A1;OR6J1;OR1Q1;OR11A1;OR7G2;OR52I2;OR52E8;OR51E1;OR4Q2;OR2T5;OR5K1;OR13A1;OR6C2;OR10G8;OR10X1;OR6B1;OR52A5;OR52N5;OR6C3;OR2A5;OR5D18;OR7A5;OR51L1;OR8H2;OR8U9;OR4C6;OR6C65;OR5K3;OR51V1;OR2B2;OR8J3;OR5M8;OR52W1;OR5M9;OR51B5;OR4F17;OR6B2;OR14I1;OR5H15;OR2M2;RTP1;OR4A15;OR2G6;OR10A5;OR4A16;OR52N4;OR8K5;OR4D1;OR6N1;OR1D2;OR4K1;OR2L8;OR4C15;OR52A1;OR51A2;OR8U1;OR5AS1;OR13H1;OR2H1;OR2F2;OR3A2;OR9G9;OR5P3;OR6Q1;OR13C4;OR56A3;OR11H4;OR5D13;OR1S1;OR2AT4;OR2AK2;OR6V1;OR5AR1;OR11L1;OR2M4;OR5H2;OR2A12;OR6C1;OR9K2;OR2T27;OR1N2;OR1J4;OR4S2;OR4C3;OR6X1;OR2AG1;OR4C5;OR13C5;OR14K1;OR51G2;OR2AE1;OR10H4;OR1A2;OR5T2;OR51B4;OR8G1;OR14J1;OR5T1;LHX2;OR2C3;OR2C1;OR6Y1;OR6K2;OR10C1;OR11H1;OR4K14;OR2J1;OR8S1;REEP1;OR8D1;OR5A2;OR13C3;OR10A2;OR52E6;OR10H5;OR4K17;OR10G6;OR2Y1;OR8D2;OR1I1;OR5AN1;OR5AU1;OR52E2;OR5L2;OR4K2;OR6M1;OR2T10;OR6C76;OR12D2;OR5M11;OR13G1;OR5B3;OR1M1;OR51G1;OR51I1;OR9I1;OR7A10;OR8B12;OR13C8;OR1S2;OR10H2;OR8U3;OR2B6;OR8B4;OR10G7;OR51Q1;OR5AP2;OR52B2;OR13F1;OR52D1;OR5B21;OR5M10;OR10P1;OR10K2;OR8K3;OR52K1;OR4N4;OR51E2;OR4D2;OR1J1;OR51S1;OR5AK2"
"Extension Of Telomeres R-HSA-180786",0.95748987854251,1,0.0110006035430037,0.156537230929503,0.599591309470313,50,"POLR1B;PIF1;LRIG1;DKC1;WRN;DSCC1;RUVBL1;RFC5;PRIM2;PPP6R3;TERT;POLR1A;PCNA;RFC2;RFC4;POLA2;GAR1;PRIM1;STN1;ACD;RPA3;CCNA1;BLM;POLA1;TERF2;SHQ1;POT1;SLC19A1;ANKRD28;CCNA2;POLD3;CHTF18"
"Extra-nuclear Estrogen Signaling R-HSA-9009391",0.759557344064386,1,0.0260437699289678,0.213337789429653,0.857237400188969,73,"AKT3;GNG13;UHMK1;CALM1;GNB4;GNG10;GNG2;GNB1;PIK3R3;EGF;PIK3R2;MAPK1;MMP7;HBEGF;GNAT3;MAPK3;ESR2;ESR1;AREG"
"Extracellular Matrix Organization R-HSA-1474244",1,1,0,0.145588954064556,0.64900250269986,290,"FGF13;MMP24;COL3A1;LAMA2;ACTN1;PXDN;CAPN7;MFAP2;FGG;COL8A2;COL4A3;ADAMTS2;CASP3;MMP16;ACAN;LOXL1;ERC2;CTRB2;MMP13;CAPN6;COL6A5;P4HA3;LOX;ASPN;NRXN1;TNNI3;VTN;FBN2;NID2;ICAM1;CAPN10;ADAM8;PCOLCE2;CAPNS2;MMP15;COL24A1;CTSK;LAMA4;FBN1;OPTC;ICAM5;ITGB7;LAMB3;MMP7;PRKCA;MMP19;ITGA3;PLG;CEACAM1;HAPLN1;IBSP;TGFB2;DSPP;JAM2;DDR2;CRTAP;CTSG;SDC3;TLL1;EFEMP2;SDC2;LAMC2;COL9A1;FURIN;ITGB2;SCUBE3;ITGA5;MMP14;P3H1;MMP17;FBLN2;P3H3;ITGA1;ELANE;NTN4;VCAN;COL19A1;TTR;COL4A5;ITGAL;ITGB6;COL26A1;CEACAM8;MMP10;ICAM4;COL23A1;LOXL4;COL6A6;CTRB1;TMPRSS6;CTSV;SDC1;P3H2;COL7A1;FBLN5;KLK7;PLOD2;ICAM3;MATN1;FGA;MMP12;TPSAB1;LMNB2;ADAM17;FMOD;MMP1;COL5A3;ADAMTS5;MMP2;LAMB1;ADAMTS16;PTPRS;COL12A1;PRSS2;CAPN8;BMP10;LAMA5;LOXL2;EFEMP1;SMIM6;COL18A1;MMP8;MATN4;F11R;MUSK;COL4A6;ADAMTS18;KLKB1;COL5A1;COMP;LOXL3;MFAP5"
"FBXL7 Down-Regulates AURKA During Mitotic Entry And In Early Mitosis R-HSA-8854050",0.881218274111675,1,0.0178589946943486,0.188772347788374,0.725662630201689,53,"UBB;PSMA6;PSMD9;PSMB3;PSMB4;FBXL18;PSMD13;PSMF1;PSME4;PSMB9;PSMC2;PSMB11;PSMC6;PSMC3;PSMD12;PSMD5"
"FCERI Mediated MAPK Activation R-HSA-2871796",0.769957983193277,1,0.0275885895800029,0.226612170366183,0.794329371363447,29,"MAPK9;MAPK10;VAV3;MAPK1;VAV1;MAPK8;MAPK3"
"FCERI Mediated NF-kB Activation R-HSA-2871837",0.85901309164149,1,0.0190041999938594,0.193598745388567,0.780846821574118,77,"UBB;UBE2D1;IKBKB;PSMA6;RASGRP1;BTRC;PSMD9;PSMB3;TRAF6;TAB3;PSMB4;PSMD13;PSMF1;PSME4;RASGRP4;PSMB9;PSMC2;PSMB11;PSMC6;PSMC3;LYN;PSMD12;PSMD5"
"FCGR3A-mediated IL10 Synthesis R-HSA-9664323",0.431841831425598,1,0.0542315935495841,0.285989927802358,1.0436637860964,36,"ITPR1;PRKAR1B;CALM1;ADCY1;ADCY7;ADCY9;ADCY2;PRKCA"
"FCGR3A-mediated Phagocytosis R-HSA-9664422",0.768996960486322,1,0.0257629629837414,0.21578695194804,0.840173528582887,56,"NCKIPSD;CYFIP2;BAIAP2;NCKAP1;VAV3;WAS;MAPK1;VAV1;CRK;WASF1;MAPK3;MYH2;MYO10;WIPF2;LYN;BTK;VAV2;MYO5A;CD247"
"FGFR1 Mutant Receptor Activation R-HSA-1839124",0.971668415529906,1,0.0129839954274655,0.157814247699897,0.557486104310641,30,"FGF13;FGFR1;FGF23;STAT5A;FGF20;CPSF6;FGF5;MYO18A;FGF9;FGF8;ERLIN2;STAT5B;CNTRL;FGF17;PIK3CA;LRRFIP1;TRIM24;FGF6"
"FGFR2 Ligand Binding And Activation R-HSA-190241",0.37117903930131,1,0.0636424081651019,0.334473232874925,1.0863193628134,20,"FGF13;FGFBP3;FGF23;FGFR2;FGF10;FGF16;FGF7;FGF18;FGF20;FGF5;FGF9;FGF8;FGF17;FGF22"
"FGFR2 Mutant Receptor Activation R-HSA-1839126",0.757828810020877,1,0.0280810636309052,0.227416010618687,0.815581370228472,33,"FGF13;FGF23;FGFR2;FGF10;FGF16;POLR2K;FGF7;FGF18;POLR2D;FGF20;GTF2F1;FGF5;FGF9;GTF2F2;FGF8;NCBP1"
"FLT3 Signaling In Disease R-HSA-9682385",0.871413390010627,1,0.0214353576364558,0.203624768911674,0.697699051749544,26,"FLT3;UBB"
"FLT3 Signaling R-HSA-9607240",0.909469302809573,1,0.0173914717556673,0.185118495711671,0.675553407057158,36,"FLT3;UBB;AKT3"
"FOXO-mediated Transcription Of Cell Death Genes R-HSA-9614657",0.63233665559247,1,0.0395979123961192,0.293485518011304,0.909126287207676,16,"FASLG;BBC3;STK11;CREBBP"
"FOXO-mediated Transcription Of Oxidative Stress, Metabolic And Neuronal Genes R-HSA-9615017",0.778361344537815,1,0.0270265157079683,0.223094121364592,0.781997775724324,29,"PLXNA4;INS;ABCA6;NR3C1;SMAD3;ATXN3;IGFBP1;HDAC1;TRIM63;G6PC1;FOXO3;SIN3A"
"FOXO-mediated Transcription R-HSA-9614085",0.824242424242424,1,0.0217240006200525,0.202427102254829,0.80268829292499,65,"AKT3;PLXNA4;FASLG;RBL2;YWHAG;INS;ABCA6;BBC3;NR3C1;SMAD3;STK11;CCNG2;CREBBP"
"FRS-mediated FGFR1 Signaling R-HSA-5654693",0.479869423286181,1,0.0514264916187015,0.305448073408762,1.00792694710835,22,"FGF13;KL;FGFR1;FGF23;FGF10;FRS2"
"FRS-mediated FGFR2 Signaling R-HSA-5654700",0.539289558665231,1,0.0455878202571231,0.287454166807306,0.966637751540667,24,"FGF13;FGF23;FGFR2;FGF10;FRS2;FGF16;FGF7;FGF18;FGF20;FGF5;FGF9;FGF8;FGF17;FGF22;FRS3"
"FRS-mediated FGFR3 Signaling R-HSA-5654706",0.569398907103825,1,0.0438002031299891,0.290502962620611,0.931994274786413,19,"FGF13;FGF23;FRS2;FGF16;FGF18;FGF20;FGF5;FGF9;FGF8;FGF17;FRS3;FGFR3;NRAS"
"FRS-mediated FGFR4 Signaling R-HSA-5654712",0.674646354733406,1,0.0357690767485421,0.263717077854024,0.863283888638843,21,"FGF13;KLB;FGF23;FRS2;FGF16;FGF18;FGF20;FGFR4;FGF9;FGF8;FGF17;FRS3"
"Factors Involved In Megakaryocyte Development And Platelet Production R-HSA-983231",0.43043043043043,1,0.0525898950623616,0.243774286331082,1.0311010804813,130,"KIF3C;EHD3;PRKAR1B;KIFC2;CAPZA2;ZFPM2;KIF22;PHF21A;KIF2A;CARMIL1;IFNA6;HBD;KIF27;KLC3;KIF3B;CABLES1;JAK2;IRF2;CENPE;KIF5A;KLC4;KIF23;GATA1;KIF25;KIF4A;PRKCA;KIF11;KIF20A;DOCK8;CAPZA1;KIF2B;DOCK3;PRKAR2A;DOCK7;KIF15;MYB;WEE1;RAD51B;HDAC1;CABLES2;AK3;KIFAP3;NFE2;MICAL1;DOCK6;AKAP10;TP53;CDK5;SIN3A;KIF1B;HBG2;HMG20B;KIF16B;KIF26B;DOCK11;KIFC1;KIF4B;ZFPM1;KIF18A;KIF19;H3C13;GATA5;KIF3A;IFNA5;VPS45;SH2B2;PRKACG;HBE1"
"Fanconi Anemia Pathway R-HSA-6783310",0.576041666666667,1,0.0410713282497468,0.261687971145714,0.948903401231622,35,"UBB;POLR1B;FANCI;FANCG;FANCD2;SERPINA2;CENPX;SLX1A;POLR1A;POLN;ERCC1;FANCM;EME2;SLX4;FANCB;RPA3;FANCA;DCLRE1B;USP1"
"Fatty Acid Metabolism R-HSA-8978868",0.997,1,0.00288973010331959,0.143112752974091,0.615486480063823,171,"GPX2;ACSL6;CBR4;ACBD5;ACOT13;ELOVL3;PTGR1;PRKAG2;ACOT12;PON3;ACBD7;CROT;CYP4F11;PRKAB2;SYCP2;DPEP2;CYP1A1;ACAA2;OLAH;THEM4;PRKAA2;CYP8B1;CYP1A2;SLC22A5;SLC25A20;ELOVL6;DPEP3;PTGR2;SLC25A17;FAAH2;AKR1C3;ACOT9;PTGES;RXRA;PPARD;PHYH;ACOT6;ECI1;DECR2;ACADM;MCEE;PPT1;CYP4F8;HPGD;MMUT;HACD4;TBXAS1;ACSL1;EPHX2;HADHB;ALOX15B;CPT2;CYP4B1;EHHADH;ACSBG2;ALOX12B;AMACR;PECR;ACADVL;ACSBG1;LTA4H;ACSL3;CYP2C8;ACACA;ACOX3;PCTP;NUDT7;PLA2G4A;ACOX1;ACBD4;CYP2C19;MUSK;CYP2C9;SLC27A3;ACSL5;ACADL"
"Fc Epsilon Receptor (FCERI) Signaling R-HSA-2454202",0.705410821643287,1,0.0296354881939192,0.214600082476724,0.906658684320752,129,"ITPR1;UBB;MAPK9;PPP3CA;UBE2D1;IKBKB;PSMA6;CALM1;TEC;MAPK10;VAV3;MS4A2;RASGRP1;PIK3R2;BTRC;MAPK1;PSMD9;VAV1;PSMB3;MAPK8;TRAF6;TAB3;PSMB4;PSMD13;PSMF1;MAPK3;ITK;PSME4;PPP3CB;RASGRP4"
"Fcgamma Receptor (FCGR) Dependent Phagocytosis R-HSA-2029480",0.713997985901309,1,0.0292811015816512,0.217402583483668,0.88314544742725,82,"ITPR1;NCKIPSD;CYFIP2;BAIAP2;PRKCE;LIMK1;NCKAP1;PLD3;VAV3;WAS;PIK3R2;MAPK1;VAV1;CRK;NF2;VPS72;WASF1;MAPK3;MYH2;MYO10;WIPF2;LYN;BTK;VAV2;MYO5A;CD247;PLA2G6;PLD2;ARPC3;ABI1;PLCG1;ARPC1B;PRKCSH;PLCG2"
"Fertilization R-HSA-1187000",0.612179487179487,1,0.0394366509525593,0.269999277580252,0.917057368054034,25,"CATSPER3;ADAM20;ZP3;CATSPERB;SPAM1;ZP2;CATSPER4;ADAM21;ADAM30;B4GALT1;ZP4;IZUMO4;OVGP1;IZUMO2;IZUMO3;CATSPERD;ACR;CATSPER1;IZUMO1"
"Formation Of Early Elongation Complex R-HSA-113418",0.573068893528184,1,0.0414044273760278,0.2659368287976,0.949069417423131,32,"NELFCD;NELFA;SUPT4H1;POLR2K;NELFE;POLR2D;GTF2H4;NELFB;GTF2H5;SUPT5H;GTF2F1;GTF2H3;GTF2H1;ERCC3;GTF2F2;NCBP1;ERCC2;CCNH"
"Formation Of Fibrin Clot (Clotting Cascade) R-HSA-140877",0.637590861889927,1,0.0362254755857254,0.247382472342102,0.905933971911917,37,"F5;SERPINE2;FGG;SERPIND1;F8;F9;F13A1;PROS1;PROCR;F2R;GP1BA;FGA;THBD;SERPINC1;PF4V1;F13B;FAM110A;KLKB1;PROC;F7;GP9"
"Formation Of HIV Elongation Complex In Absence Of HIV Tat R-HSA-167152",0.778345250255363,1,0.0255522951965404,0.217337043910899,0.816297156523622,44,"CCNT1;NELFCD;ELOA;NELFA;CCNK;SUPT4H1;POLR2K;NELFE;CCNT2;POLR2D;GTF2H4;NELFB;GTF2H5;SUPT5H;GTF2F1;GTF2H3;GTF2H1;ERCC3;GTF2F2;NCBP1;ERCC2;CCNH"
"Formation Of HIV-1 Elongation Complex Containing HIV-1 Tat R-HSA-167200",0.855087358684481,1,0.020562605901185,0.194664937848089,0.728059226023107,42,"CCNT1;NELFCD;ELOA;NELFA;SUPT4H1;POLR2K;NELFE;POLR2D;GTF2H4;NELFB;GTF2H5;SUPT5H;GTF2F1;GTF2H3;GTF2H1;ERCC3;GTF2F2;NCBP1;ERCC2;CCNH"
"Formation Of Incision Complex In GG-NER R-HSA-5696395",0.762641898864809,1,0.0271669768425399,0.219442663218566,0.813631258564844,40,"UBB;POLR1B;RNF111;POLR1A;ERCC1;GTF2H4;SUMO1;GTF2H5;DDB2;GTF2H3;GTF2H1;CUL4B;USP45;ERCC3;UBE2I;CETN2;UBE2N;CUL4A;XPA;RPA3;ERCC2;CCNH"
"Formation Of RNA Pol II Elongation Complex R-HSA-112382",0.810536980749747,1,0.0228693972350018,0.205063065283099,0.798419726427249,56,"RTF1;CCNT1;NELFCD;LEO1;ELOA;NELFA;CCNK;SUPT4H1;POLR2K;NELFE;CCNT2;POLR2D;GTF2H4;NELFB;GTF2H5;AFF4;SUPT5H;GTF2F1;GTF2H3;GTF2H1;ERCC3;GTF2F2;CDC73;NCBP1;ERCC2;CCNH"
"Formation Of Senescence-Associated Heterochromatin Foci (SAHF) R-HSA-2559584",0.479120879120879,1,0.0519512476197082,0.322287408455605,1.01424362483378,17,"RB1;H1-5;H1-0;EP400;H1-3;H1-1;TP53;HIRA;CABIN1;H1-2;HMGA1;LMNB1"
"Formation Of TC-NER Pre-Incision Complex R-HSA-6781823",0.986828774062817,1,0.00759591053352814,0.13533344163868,0.514648349835636,48,"UBB;COPS4;AQR;COPS5;POLR2K;POLR2D;GTF2H4;COPS6;GTF2H5;GTF2H3;GTF2H1;CUL4B;ERCC3;ERCC8;CUL4A;XPA;COPS8;ERCC2;HMGN1;CCNH"
"Formation Of Tubulin Folding Intermediates By CCT/TriC R-HSA-389960",0.826695371367061,1,0.0251307059474849,0.219279247086321,0.737382243288685,24,"TUBA8;CCT6A;CCT6B;TUBA3C;TUBA4A;TUBB2A"
"Formation Of beta-catenin:TCF Transactivating Complex R-HSA-201722",0.777553083923155,1,0.0250603987343648,0.213837109025571,0.836433636665898,57,"PYGO1;H2BC1;TCF7;H2AZ2;H2BC14;LEO1;AXIN2;BCL9L;CREBBP;KMT2D;RUVBL1;TERT;H2AC20;H2BC3;HDAC1;H2AC14;TLE1;TLE2;ASH2L;H2BC9;BCL9;TRRAP;TLE3;H2AC7"
"G-protein Beta:Gamma Signaling R-HSA-397795",0.349686847599165,1,0.0643583367917361,0.30783219386217,1.0985846609279,32,"AKT3;GNG13;PIK3R6;GNB4;GNG10;GNG2;GNB1;ARHGEF6;PLCB1;GNG4;PLCB2;GNG12;BTK;GNB2;GNG3;GNGT2;GNB5"
"G1/S DNA Damage Checkpoints R-HSA-69615",0.656218402426694,1,0.0336033244336697,0.229790784638094,0.912419564760206,66,"UBB;PSMA6;CHEK2;PSMD9;CDC25A;PSMB3;PSMB4;CDKN2A;PSMD13;PSMF1;MDM2;PSME4;ATM;CHEK1;PSMB9;PSMC2;PSMB11;PSMC6;ZNF385A;PSMC3;CCNE1;CCNE2;PSMD12;PSMD5"
"G1/S Transition R-HSA-69206",0.511022044088176,1,0.044774889329693,0.235249310795733,0.993533935621422,128,"UBB;AKT3;MCM6;RBL2;ORC3;POLR1B;RB1;PSMA6;CDC6;ORC4;CCNB1;TK1;CABLES1;CDT1;PSMD9;MCM7;CDC25A;PSMB3;ORC6;LIN52;E2F4;POLE2;PSMB4;PSMD13;PSMF1;ORC5;PRIM2;MCM4;POLE;LIN54;WEE1;PSMB9;PSMC2;PSMC6;POLR1A;RRM2;HDAC1;PSMC3;CCNE1;GMNN;CCNE2;PSMD12;LIN9;PSMD5"
"G2/M Checkpoints R-HSA-69481",0.35035035035035,1,0.062249042949858,0.248338213542913,1.05839338117797,143,"UBB;ABRAXAS1;MCM6;RBBP8;CCNB2;ORC3;CDC25C;POLR1B;UIMC1;YWHAG;RAD17;PSMA6;H2BC1;CDC6;HERC2;H2BC14;ORC4;CCNB1;CHEK2;BRCC3;PSMD9;MCM7;CDC25A;PSMB3;ORC6;WRN;RMI1;PSMB4;PSMD13;PSMF1;SERPINA2;RFC5;PSME4;RHNO1;ORC5;ATM;MCM4;H2BC3;WEE1;CHEK1;PSMB9;PSMC2;PSMB11;PSMC6;POLR1A;RAD9B;CLSPN;PSMC3;PSMD12;PSMD5;H2BC9;GTSE1;RFC2;RNF168;YWHAH;RFC4;RAD9A;TP53;RAD50"
"G2/M Transition R-HSA-69275",0.809,1,0.0222267787552589,0.201000112899615,0.867114105096402,179,"UBB;CEP63;CCNB2;CEP192;FOXM1;CEP164;CDC25C;HAUS8;YWHAG;TUBGCP6;PSMA6;CDC25B;DCTN2;AKAP9;CEP70;CCNB1;TUBGCP2;CEP76;CEP135;BTRC;PSMD9;FKBPL;CDC25A;PSMB3;HAUS3;PPP1R12B;LIN52;BORA;PRKCA;TUBA4A;PSMB4;FBXL18;PSMD13;PSMF1;PSME4;SFI1;HAUS7;ODF2;LIN54;WEE1;HAUS2;PSMB9;CKAP5;MZT2A;PSMC2;CEP78;MZT1;PSMB11;PPP1R12A;PSMC6;NINL;PSMC3;PSMD12;LIN9;PSMD5;OFD1;CENPF;HMMR;DYNLL1;ACTR1A;CENPJ;LIN37;PPP2R1B;GTSE1;TUBGCP5;PAFAH1B1;TP53;CEP131;DCTN3;ALMS1;DCTN1;TUBG1"
"GAB1 Signalosome R-HSA-180292",0.62967032967033,1,0.0394366509525593,0.288955365782217,0.909347153866539,17,"PXDN;PAG1;EGF;HBEGF;AREG;EGFR;EPGN;PIK3CA;EREG;PIGU;BTC;TGFA"
"GLI3 Is Processed To GLI3R By Proteasome R-HSA-5610785",0.565217391304348,1,0.0405756447890657,0.24573433159239,0.961247571905854,58,"UBB;CSNK1A1;PSMA6;GLI3;BTRC;PSMD9;PSMB3;PRKCA;PSMB4;PSMD13;PSMF1;PSME4;PSMB9;PSMC2;PSMB11;PSMC6;PSMC3;SUFU;PSMD12;PSMD5"
"GPCR Ligand Binding R-HSA-500792",0.387612387612388,1,0.0573667426768556,0.226814599880717,1.02728971817783,447,"MCHR2;CHRM1;ADORA2B;CCL23;NTS;GNG13;GNRHR;PTGDR2;ADRA1B;BDKRB1;CCL22;PROK1;PTHLH;QRFP;CXCL1;CCKAR;CXCL8;P2RY14;HRH3;CX3CR1;ADRA2B;GABBR2;WNT4;CCKBR;CXCL10;GNB4;GNG10;NPSR1;HTR6;FZD9;FZD7;GRM5;FZD8;PLPPR4;CHRM4;RXFP2;ADRB3;GNG2;PLPPR2;GIPR;GNB1;LHCGR;PLPPR3;LPAR6;C5;CXCL11;GLP2R;ACKR3;GNRH2;CCL20;GPRC6A;GPR143;MC2R;UBD;P2RY10;MRLN;C5AR2;AVPR2;SUCNR1;RLN2;UTS2B;CRH;TAS2R14;CCL17;TAS2R50;TAS1R1;FFAR2;HRH2;HTR7;GPNMB;OPN5;CCR2;CASR;CHGA;FFAR3;SSTR1;PDYN;CCL1;ADRA2C;SCT;GPR35;DRD2;P2RY6;NLRP3;P2RY12;F2R;GPR183;TAS2R45;PENK;NPY2R;P2RY2;NMUR2;ADORA1;GHSR;GRM8;CCL21;TAS2R19;GALR1;GCG;CHRM5;P2RY13;ADM2;HTR1E;RAMP2;TAS2R1;TAAR1;CRHR2;PRLHR;GNG4;S1PR4;FSHB;CCR3;CCR5;OPRM1;FZD4;EDNRA;GRM1;WNT8B;ACKR1;PTGER2;TSHR;IAPP;UTS2;CCL11;CALCA;TAS2R30;AVPR1A;GNG12;NPBWR1;LPAR4;OPN1MW3;TAS2R9;TRHR;WNT5A;LHB;FZD10;NPFFR2;KEL;SFTPA2;SSTR2;TAAR6;TAAR8;LTB4R;CALCB;CCR6;UCN3;HRH4;PLPPR5;INSL3;FPR2;NPS;MC1R;OPRK1;GNB2;TAC1;CXCR6;QRFPR;AGTR2;WNT7B;CXCL5;SHH;CXCL13;HTR2C;DRD1;LPAR3;UTS2R;RAMP1;GPR39;NPY5R;DRD3;RXFP1;PYY;PTH2R;CCL28;HCRTR1;PTCH2;GNG3;GPR18;WNT9B;CYSLTR2;IHH;HTR1F;PTGDR;INSL5;GRM2;PTAFR;WNT2B;CNOT6;RXFP3;TACR3;TAS2R42;HCAR2;GNGT2;ADRA1D;ADCYAP1R1;ADGRE2;NTSR2;XK;GNB5;HTR2A;MTNR1B;GRPR;GHRH;BDKRB2;NMUR1;TSHB;ADRB2;EDN3;PTRH2;SCTR;TAS2R4;MTNR1A;LPAR5;LTB4R2;SST"
"GPVI-mediated Activation Cascade R-HSA-114604",0.958246346555324,1,0.0137183520206939,0.16418916622585,0.58595463081104,32,"PIK3R6;VAV3;PIK3R3;PIK3R2;VAV1"
"GRB2 Events In ERBB2 Signaling R-HSA-1963640",0.658862876254181,1,0.0380056241581377,0.286638564382131,0.874778363426966,15,"EGF;HBEGF;NRG4;NRG2;EGFR;ERBB4"
"GSK3B And BTRC:CUL1-mediated-degradation Of NFE2L2 R-HSA-9762114",0.933198380566802,1,0.0133546284394486,0.170199923684257,0.65192411100941,50,"UBB;PSMA6;BTRC;PSMD9;PSMB3;PSMB4;PSMD13;PSMF1;PSMB9;PSMC2;PSMC6;PSMC3;PSMD12;PSMD5"
"Gamma Carboxylation, Hypusine Formation And Arylsulfatase Activation R-HSA-163841",0.370103092783505,1,0.0610363728309177,0.290930931613718,1.08205245208259,41,"ARSB;DPH1;F8;EIF5A2;F9;STS;DNAJC24;DPH6;DPH7;PROS1;DOHH;SUMF1;FURIN;FN3KRP;ARSF;PROZ;ARSL"
"Gap Junction Assembly R-HSA-190861",0.697674418604651,1,0.0350150690873584,0.272559017784079,0.844302538544563,16,"GJA3;GJB5;GJD3;GJB6;GJD2;GJB3;GJB2"
"Gap Junction Trafficking And Regulation R-HSA-157858",0.937234042553192,1,0.016838053046391,0.17747960688087,0.610339070050605,27,"DNM1;GJA3;GJB5;GJD3;GJB6;TJP1;GJD2;GJB3;GJB2"
"Gap Junction Trafficking R-HSA-190828",0.772727272727273,1,0.197822021315103,-0.165676399496379,-0.861925742216427,25,"DNM2;GJC2;GJB1"
"Gap-filling DNA Repair Synthesis And Ligation In GG-NER R-HSA-5696397",0.395048439181916,1,0.059989249649033,0.318425125261707,1.07078547698829,24,"UBB;POLR1B;LRIG1;POLE2;RFC5;POLE;POLR1A;PCNA;RFC2;RFC4;LRIG3"
"Gap-filling DNA Repair Synthesis And Ligation In TC-NER R-HSA-6782210",0.957446808510638,1,0.0111060331981493,0.157029822055591,0.616509878462968,60,"UBB;POLR1B;AQR;LRIG1;POLE2;RFC5;POLE;POLR2K;POLR2D;POLR1A;GTF2H4;PCNA;RFC2;RFC4;GTF2H5;LRIG3;GTF2H3;GTF2H1;CUL4B;ERCC3;ERCC8;CUL4A;RPA3;ERCC2;HMGN1;CCNH"
"Gastrulation R-HSA-9758941",0.956810631229236,1,0.0181674946847152,0.188387253549619,0.583564754872229,16,"TCF7;SMAD3;MIXL1;LEF1;TBXT;TP63;TBPL2;GSC;TRIM33;SOX2;SMAD2;FOXH1;CTNNB1;BMP4"
"Gene Silencing By RNA R-HSA-211000",0.982965931863727,1,0.00651414071836222,0.14945625534127,0.621182083647442,104,"TDRD1;ELAC2;AGO4;H2BC1;NUP58;H2AZ2;TDRKH;H2BC14;NUP88;TNRC6C;NDC1;MAEL;TDRD6;NUP160;TARBP2;TDRD12;PIWIL2;NUP85;BCDIN3D"
"Generation Of Second Messenger Molecules R-HSA-202433",0.91014799154334,1,0.0183973177537706,0.184429380507446,0.642311545544186,28,"ZAP70;WAS;HLA-DQA2;ITK;ENAH;ARHGEF7;EVL;CD3E;CD247;PLCG1;CD3D;PLCG2;SPNS1"
"Global Genome Nucleotide Excision Repair (GG-NER) R-HSA-5696399",0.704934541792548,1,0.0299195667151671,0.219541310670937,0.889175535196713,79,"UBB;INO80;COPS4;POLR1B;LRIG1;RNF111;COPS5;POLE2;RUVBL1;ACTR5;RFC5;INO80C;POLE;POLR1A;ACTR8;ERCC1;GTF2H4;SUMO1;COPS6;PCNA;RFC2;RFC4;GTF2H5;LRIG3;DDB2;GTF2H3;GTF2H1;CUL4B;USP45;ERCC3;UBE2I;CETN2;UBE2N;CUL4A;XPA;COPS8;RPA3;ERCC2;CCNH;NFRKB;INO80D"
"Gluconeogenesis R-HSA-70263",0.360878661087866,1,0.0629394692018967,0.309039826171951,1.0962415851845,31,"TPI1;GOT2;SLC25A12;G6PC3;G6PC2;GAPDHS;GOLT1A;SLC25A13;SLC25A10;FBP1;SLC37A2;G6PC1;MDH1;PCK2;PGAM4;PCK1;PGAM2;ENO3;PROC;SLC37A1;ENO2;SLC25A11"
"Glucose Metabolism R-HSA-70326",0.549295774647887,1,0.0416556773979467,0.238898915137355,0.97702303072351,87,"PFKFB2;PFKFB1;NUP58;PFKP;TPI1;HOOK2;NUP88;NDC1;GOT2;NUP160;GNPDA2;PRKCA;NUP85;SLC25A12;G6PC3;G6PC2;GAPDHS;PGP;GOLT1A;SLC25A13;PKLR;SEH1L;PPP2R1B;PGM2L1;NUP205;SLC25A10;FBP1;SLC37A2;G6PC1;MDH1;PCK2;PFKFB4;SEC13;PGAM4;PCK1;PGAM2;ENO3;TAC4;NUP133;ADPGK;PROC;PRKACG;PFKL;PFKM;NUP98;SLC37A1;ENO2;BPGM;SLC25A11;NUP93;NUP42;NUP107;MAP4K2"
"Glutathione Conjugation R-HSA-156590",0.834029227557411,1,0.0229405670056901,0.211006525881608,0.760747557063432,34,"GSTM5;GSTA1;GGT6;GSTM2;CHAC2;GSTO2;GCLM;GSTK1;GSTM1;GSTT1;GGT7;GSTA2;MGST1;OPLAH;GSTA3;ESD;PRNP;GSTT2;GGT1;GSTO1;GSTA4"
"Glycolysis R-HSA-70171",0.839393939393939,1,0.020635764771317,0.200413293264754,0.797897304279648,67,"PFKFB2;PFKFB1;NUP58;PFKP;TPI1;HOOK2;NUP88;NDC1;NUP160;GNPDA2;PRKCA;NUP85;GAPDHS;PGP;PKLR;SEH1L;PPP2R1B;PGM2L1;NUP205;PFKFB4;SEC13;PGAM4;PGAM2;ENO3;TAC4;NUP133;ADPGK;PRKACG;PFKL;PFKM;NUP98;ENO2;BPGM;NUP93;NUP42;NUP107;MAP4K2"
"Glycosphingolipid Metabolism R-HSA-1660662",0.845760980592441,1,0.0208547494438027,0.198574185053882,0.745825652643611,44,"ARSB;NEU2;SMPD2;HEXB;B3GALNT1;STS;B4GALNT1;SUMF1;GBA2;GLB1;ENPP7;ARSF;ESYT3;ARSL;SFTPA2;SMPD3;CERK"
"Glyoxylate Metabolism And Glycine Degradation R-HSA-389661",0.95397489539749,1,0.0142522226913804,0.169345950331423,0.600712456175799,31,"GRHPR;LIPT1;GOT2;GNMT;HAO1;GLDC;LIPT2;AMT;PDHA2;DAO;AGXT2;LIAS;BCKDHB;ALDH4A1;GCSH;PDHA1;HOGA1;LDHD;PDHB;DLAT;OGDH"
"Golgi Associated Vesicle Biogenesis R-HSA-432722",0.831313131313131,1,0.0212181723861707,0.201190961522372,0.779114175505523,54,"NECAP1;SH3GL2;SNAPIN;SNX9;BLOC1S3;BLOC1S4;VAMP7;SH3D19;BLOC1S6;AP1M2;TPD52L1;AP1S1;AP1B1;AP4B1;AP3S1"
"Golgi-to-ER Retrograde Transport R-HSA-8856688",0.394789579158317,1,0.0566484183613995,0.248727761041719,1.04070408599232,112,"RAB6B;KIF3C;ARCN1;KIFC2;CAPZA2;RAB18;KIF22;DCTN2;KIF2A;COPZ2;RAB3GAP2;KIF27;TMED7;COPG2;KLC3;KIF3B;COPG1;CENPE;KIF5A;KLC4;KIF23;DYNC1I1;KIF25;KIF4A;KIF11;KIF20A;CAPZA1;KIF2B;KIF15;KDELR3;NBAS;DCTN4;NSF;ARFGAP2;RAB6A;KIFAP3;DYNLL1;ACTR1A;PAFAH1B1;DCTN6;PLA2G6;DCTN3;KIF1B;DCTN1;RINT1;KIF16B;COPB1;KIF26B;ARF4;KIFC1;PLA2G4A;KIF4B;NAPG;KIF18A;ARFGAP1;KIF19;TMED2;RAB3GAP1;KIF3A"
"HATs Acetylate Histones R-HSA-3214847",0.984939759036145,1,0.00651414071836222,0.148348115393144,0.615082387239498,102,"ENY2;TAF9;ING5;SUPT3H;TADA2A;H2BC1;KAT2A;RBBP7;H2BC14;CLOCK;NCOA1;BRPF3;ING3;CREBBP;EP400;TAF6L;ATXN7L3;GDNF;RUVBL1;VPS72"
"HCMV Infection R-HSA-9609646",1,1,0.00250132493941571,0.111288935832968,0.467294446881656,116,"PCSK1;TBL1XR1;PCSK2;H2BC1;PML;NUP58;RBBP7;HDAC3;H2BC14;NUP88;NDC1;VPS37A;NUP160;TRMU;DYNC1I1;NUP85;CHMP2A;H2AC20;H2BC3;TARBP1;CHMP7;DUT;H2AC14;EED;SUZ12;SEH1L;EGFR;H2BC9;DYNLL1;CHMP4C;VPS36;UCN3;NUP205;H2AC7;VPS4A"
"HCMV Late Events R-HSA-9610379",0.979859013091641,1,0.00773927265828568,0.150032952497664,0.612296386689741,86,"PCSK1;PCSK2;H2BC1;NUP58;H2BC14;NUP88;NDC1;VPS37A;NUP160;TRMU;NUP85;CHMP2A;H2AC20;H2BC3;TARBP1;CHMP7;H2AC14;SEH1L;H2BC9;CHMP4C;VPS36;UCN3;NUP205;H2AC7;VPS4A;MVB12A;SEC13;NUP133;H3C13;H2BC11;H3C7;NUP98;H2AC4;CHMP2B;H2AC21;NUP93;H2BC15;NUP42;IRS1;CD46;NUP107;H2AC12;H2BC5;H2AC11;VPS37B;TSG101;H2BC13;NUP210;RNASE7;NUP37;TXN2;NUP153;NUP155;RRM1"
"HDACs Deacetylate Histones R-HSA-3214815",0.905965621840243,1,0.0156180851425484,0.18005639354135,0.704298822318666,57,"CHD3;TBL1XR1;H2BC1;RBBP7;HDAC3;PHF21A;H2BC14;MTA3;SUDS3;H2AC20;H2BC3;DPEP3;BRMS1L;SAP30;HDAC1;H2AC14;H2BC9;H2AC7;HMG20B;HDAC10;SAP30L;H3C13;H2BC11;REST;H3C7;H2AC4;H2AC21;MTA2;H2BC15;H2AC12;H2BC5;HDAC8;H2AC11;RBBP4;TBL1X"
"HDMs Demethylate Histones R-HSA-3214842",0.991498405951116,1,0.0123167455730572,0.139808399924149,0.479038913463478,26,"KDM3A;KDM5C;PHF2;KDM3B;UTY;KDM5B;KDM4D;KDM5D;KDM6A;H3C13;H3C7;KDM5A;KDM1B;PHF8;KDM2A;KDM4A;KDM4C;RIOX2;KDM6B;KDM7A;ARID5B"
"HDR Thru Homologous Recombination (HRR) Or Single Strand Annealing (SSA) R-HSA-5693567",0.721163490471414,1,0.0285743975105342,0.213615732501412,0.89127928953054,109,"UBB;ABRAXAS1;RBBP8;SPIDR;PALB2;POLR1B;UIMC1;RAD17;H2BC1;HERC2;H2BC14;XRCC3;BRCC3;RAD51D;WRN;POLE2;RMI1;SERPINA2;RFC5;RHNO1;ATM;SLX1A;POLE;H2BC3;RAD51B;CHEK1;TIMELESS;POLR1A;RAD9B;CLSPN;RAD52;ERCC1;H2BC9;PCNA;RFC2;RNF168;RFC4;RAD51AP1;RAD9A;RAD50;EME2;TOP3A;SLX4;XRCC2;BRCA2;UBE2I;UBE2N;TOPBP1;RPA3;H2BC11;PIAS4;CCNA1"
"HIV Elongation Arrest And Recovery R-HSA-167287",0.864300626304802,1,0.0208547494438027,0.20158500778585,0.722943720717922,33,"CCNT1;NELFCD;ELOA;NELFA;CCNK;SUPT4H1;POLR2K;NELFE;CCNT2;POLR2D;NELFB;SUPT5H;GTF2F1"
"HIV Infection R-HSA-162906",0.999000999000999,1,0.0014426950408889,0.136034684566429,0.596951409926728,224,"UBB;TAF9B;TAF9;CCNT1;TAF3;GTF2B;PSMA6;NUP58;PACS1;RNGTT;SLC25A4;NEDD4L;LIG4;NUP88;NDC1;TAF4;VPS37A;NELFCD;LRIG1;BTRC;PSMD9;NUP160;PSMB3;TAF5;NMT1;ATP6V1H;NUP85;ELOA;PSMB4;PSMD13;PSMF1;NELFA;AP1M2;PSME4;CHMP2A;CCNK;GTF2E2;TAF11;APOBEC3G;AP1S1;SUPT4H1;POLR2K;FURIN;NELFE;SGIP1;AP2A1;CHMP5;PSMB9;CHMP7;AP1B1;PSMC2;CCNT2;PSMB11;POLR2D;PSMC6;CCR5;PSMC3;GTF2H4;PSMD12;SEH1L;PSMD5;TAF1;CD247;CHMP4C;NUP205;NELFB;PDCD6IP;GTF2H5;VPS4A;TBP;SUPT5H;GTF2F1;AP1G1;GTF2A1;VPS4B;CD8B;MVB12A;GTF2H3;GTF2H1;ERCC3;SEC13;GTF2F2;PSMA3;AP2B1;NUP133;XRCC4;NCBP1;PSMA8;RNMT;ERCC2;CCNH;RCC1;PSMD6;AP2M1"
"HIV Life Cycle R-HSA-162587",0.967967967967968,1,0.00855469372683394,0.167614785313244,0.714376006458258,144,"UBB;TAF9B;TAF9;CCNT1;TAF3;GTF2B;NUP58;RNGTT;NEDD4L;LIG4;NUP88;NDC1;TAF4;VPS37A;NELFCD;LRIG1;NUP160;TAF5;NMT1;NUP85;ELOA;NELFA;CHMP2A;CCNK;GTF2E2;TAF11;SUPT4H1;POLR2K;FURIN;NELFE;SGIP1;CHMP5;CHMP7;CCNT2;POLR2D;CCR5;GTF2H4;SEH1L;TAF1;CHMP4C;NUP205;NELFB;PDCD6IP;GTF2H5;VPS4A;TBP;SUPT5H;GTF2F1;GTF2A1;VPS4B;MVB12A;GTF2H3;GTF2H1;ERCC3;SEC13;GTF2F2;NUP133;XRCC4;NCBP1;RNMT;ERCC2;CCNH"
"HIV Transcription Initiation R-HSA-167161",0.705284552845528,1,0.0303467275556782,0.231162229269709,0.870698597328129,45,"TAF9B;TAF9;TAF3;GTF2B;TAF4;TAF5;GTF2E2;TAF11;POLR2K;POLR2D;GTF2H4;TAF1;GTF2H5;TBP;GTF2F1;GTF2A1;GTF2H3;GTF2H1;ERCC3;GTF2F2;ERCC2;CCNH"
"HSF1 Activation R-HSA-3371511",0.687234042553192,1,0.0338245444462164,0.251096028059578,0.863500426627337,27,"UBB;HSPH1;POLR1B;DEDD2;DNAJB1;CRYBA4;POLR1A"
"HSF1-dependent Transactivation R-HSA-3371571",0.755208333333333,1,0.0281514818960232,0.224651361689445,0.814605425939622,35,"CAMK2A;UBB;HSPH1;CAMK2B;CAMK2G;CREBBP;DEDD2;AKT1S1;DNAJB1;CRYBA4;MLST8;MTOR"
"Hedgehog Ligand Biogenesis R-HSA-5358346",0.966632962588473,1,0.00989821417740655,0.150868263236154,0.596779048388732,63,"UBB;PSMA6;HHAT;PSMD9;PSMB3;PSMB4;PSMD13;SCUBE2;PSMF1;PSME4;PSMB9;PSMC2;PSMB11;PSMC6;PSMC3;PSMD12;PSMD5;SHH;ADAM17;IHH;SYVN1;PSMA3;PSMA8;SEL1L;PSMD6;DERL2"
"Hedgehog On State R-HSA-5632684",0.552763819095477,1,0.0413209506074822,0.238075536506993,0.970929947512038,84,"UBB;CSNK1A1;ULK3;SPOP;PSMA6;CUL3;IQCE;NUMB;EVC;ARRB2;GLI3;SMURF1;PSMD9;PSMB3;CDON;PSMB4;PSMD13;PSMF1;PSME4;GLI2;KIF7;PSMB9;PSMC2;PSMB11;PSMC6;GRK2;GAS8;PSMC3;SUFU;PSMD12;PSMD5"
"Heme Signaling R-HSA-9707616",0.651685393258427,1,0.0344174840212229,0.239726942066714,0.900391473215157,44,"CRTC1;NPAS2;NR1D1;TBL1XR1;HDAC3;CLOCK;CARM1;NCOA1;CREBBP;MEF2C;GDNF;CRTC2;RXRA;MBD4;TLR4;LIN9;CHD9;HELZ2;CLEC1B;PPARA;RORA;NCOA6;SMARCD3;RNASE12"
"Hh Mutants Abrogate Ligand Secretion R-HSA-5387390",0.961577350859454,1,0.0104610403416792,0.154103731664715,0.602783797851894,57,"UBB;PSMA6;HHAT;PSMD9;PSMB3;PSMB4;PSMD13;PSMF1;PSME4;PSMB9;PSMC2;PSMB11;PSMC6;PSMC3;PSMD12;PSMD5;SHH;IHH;SYVN1;PSMA3;PSMA8;SEL1L;PSMD6;DERL2"
"Hh Mutants Are Degraded By ERAD R-HSA-5362768",0.976767676767677,1,0.00855469372683394,0.145621187552205,0.563919624506868,54,"UBB;PSMA6;PSMD9;PSMB3;PSMB4;PSMD13;PSMF1;PSME4;PSMB9;PSMC2;PSMB11;PSMC6;PSMC3;PSMD12;PSMD5"
"Homology Directed Repair R-HSA-5693538",0.844844844844845,1,0.019677649030838,0.197545190297589,0.828184116599345,114,"UBB;ABRAXAS1;RBBP8;SPIDR;PALB2;POLR1B;UIMC1;RAD17;H2BC1;HERC2;H2BC14;XRCC3;BRCC3;RAD51D;WRN;POLE2;RMI1;SERPINA2;RFC5;RHNO1;ATM;SLX1A;POLE;H2BC3;RAD51B;CHEK1;TIMELESS;POLR1A;RAD9B;CLSPN;RAD52;ERCC1;H2BC9;PCNA;RFC2;RNF168;RFC4;RAD51AP1;RAD9A;LRIG3;RAD50;EME2;TOP3A;SLX4;XRCC2;BRCA2;UBE2I;UBE2N;TOPBP1;RPA3;H2BC11;PIAS4;CCNA1"
"Host Interactions Of HIV Factors R-HSA-162909",1,1,0.00250132493941571,0.112692529089642,0.475937003015415,128,"UBB;CCNT1;PSMA6;NUP58;PACS1;SLC25A4;NUP88;NDC1;BTRC;PSMD9;NUP160;PSMB3;ATP6V1H;NUP85;PSMB4;PSMD13;PSMF1;AP1M2;PSME4;APOBEC3G;AP1S1;SGIP1;AP2A1;PSMB9;AP1B1;PSMC2;PSMB11;PSMC6;PSMC3;PSMD12;SEH1L;PSMD5"
"Hyaluronan Metabolism R-HSA-2142845",0.667774086378738,1,0.0370705393657621,0.283403757884754,0.877896149467061,16,"HAS2;HAS3;HEXB;SPAM1;CHORDC1;SLC9A1;HMMR"
"IRAK4 Deficiency (TLR2/4) R-HSA-5603041",0.760416666666667,1,0.163180127180689,-0.186211221156654,-0.862017946201888,18,"HMGB1"
"IRE1alpha Activates Chaperones R-HSA-381070",0.962512664640324,1,0.0105706949179311,0.153144587186143,0.582380881822503,48,"PLA2G4B;EXTL1;EDEM1;SRPRB;SEC31A;SERP1;CUL7;TATDN2;PDIA5;KDELR3;HSPA5;GOSR2;ERN1;EXTL2;DCTN1;ACADVL;GFPT1;SYVN1;ARFGAP1;ACD"
"ISG15 Antiviral Mechanism R-HSA-1169408",0.983903420523139,1,0.00699634910626994,0.13840428296263,0.55613496771737,72,"UBB;NUP58;EIF2AK2;UBE2L6;NUP88;NDC1;NUP160;KPNA7;NUP85;MAPK3;SGIP1;NEDD4;KPNA5;KPNA4;KPNA2;EIF4A2;TRIM25;EIF4E3;SEH1L;MX1;NUP205;ARIH1;MX2;PLCG1;SEC13;UBE2N;NUP133;ISG15"
"Immunoregulatory Interactions Between A Lymphoid And A non-Lymphoid Cell R-HSA-198933",0.883883883883884,1,0.0166782153543946,0.19132407746769,0.803198347417369,115,"LILRA2;TREM1;PVR;SIGLEC9;ICAM1;LILRB5;SLAMF7;ICAM5;ITGB7;TREML4;CD40;CD300A;PILRA;NCR2;CD160;SIGLEC11;KLRD1;ITGB2;KLRF1;SIGLEC5;TREML2;ITGAL;ICAM4;LILRA6;CD1D;CD33;FCGR2B;CD3E;CD247;SIGLEC8;LAIR2;KIR2DS2;ICAM3;COLEC12;MICB;SLAMF6;CD300LB;LILRA4;CD300E;PIANP;HLA-G;CD200;LILRA3;JAML;CD1B;CD8B;NECTIN2;OSCAR;CLEC4G;TREM2;KLRK1;CLEC1B;NPDC1;SIGLEC10;CD3D;NCR1;KLRB1;CD19;SIGLEC1;RAET1E;CLEC2D"
"Impaired BRCA2 Binding To PALB2 R-HSA-9709603",0.529601722282024,1,0.0464154956843849,0.289389800641454,0.973146812647793,24,"RBBP8;PALB2;RAD51D;WRN;RMI1;ATM;RAD51B;RAD51AP1;RAD50;TOP3A;XRCC2;BRCA2"
"Inactivation Of APC/C Via Direct Inhibition Of APC/C Complex R-HSA-141430",0.476605005440696,1,0.0517405459873163,0.308696529113539,1.01052515154124,21,"ANAPC16;UBE2D1;CDC23;BUB1B;ANAPC5;ANAPC4;UBE2C;MAD2L1;ANAPC15"
"Inactivation Of CSF3 (G-CSF) Signaling R-HSA-9705462",0.730893433799785,1,0.0314209215415833,0.248819803329904,0.83671987747125,24,"UBB;UBE2D1;TYK2;JAK2;UBE2D3;STAT5A;LYN;CSF3"
"Infection With Mycobacterium Tuberculosis R-HSA-9635486",0.501068376068376,1,0.0486034247259069,0.294499095328266,1.00027143656249,25,"UBB;VPS33B;MAPK1;ATP6V1H;DUSP16;MAPK3;CTSG;HGS;NANOS2"
"Inflammasomes R-HSA-622312",0.385542168674699,1,0.252961123069611,-0.208934814610896,-1.0318032625541,21,"APP;TXNIP;NFKB2;SUGT1;RELA"
"Initial Triggering Of Complement R-HSA-166663",0.716157205240175,1,0.0330894161454377,0.255192886323595,0.828828577051561,20,"MASP1;C1R;COLEC11;FCN2;MBL2"
"Initiation Of Nuclear Envelope (NE) Reformation R-HSA-2995383",0.828415300546448,1,0.0258331720982323,0.228121800589979,0.731862457394244,19,"CCNB2;VRK1;CCNB1;TMPO"
"Insertion Of Tail-Anchored Proteins Into Endoplasmic Reticulum Membrane R-HSA-9609523",0.734939759036145,1,0.179782316298324,-0.16893663556026,-0.834276336668011,21,"APP;SEC61G"
"Insulin Receptor Recycling R-HSA-77387",0.882040382571732,1,0.0207088406492443,0.198598106101911,0.680475715440406,26,"ATP6V1D;INS;ATP6V1A;ATP6V1H;ATP6V1E2;ATP6V1G3;ATP6V1C1;ATP6V0D2;ATP6V1B1;ATP6V0A4;INSR"
"Integrin Signaling R-HSA-354192",0.564516129032258,1,0.241339976815091,-0.175936815741346,-0.949008133533274,27,"VWF;RAP1A;FN1;CSK;TLN1;PTK2"
"Interactions Of Rev With Host Cellular Proteins R-HSA-177243",1,1,0.00930780437504605,0.117338276144956,0.42820287580233,36,"NUP58;NUP88;NDC1;NUP160;NUP85;SEH1L;NUP205;SEC13;NUP133;RCC1;NUP98;NUP93;NUP42;NUP107;RANBP1;NUP210;RNASE7;NUP37;NUP153;NUP155"
"Interactions Of Vpr With Host Cellular Proteins R-HSA-176033",0.925233644859813,1,0.0160304351647231,0.179548950604988,0.657522307195853,37,"NUP58;SLC25A4;NUP88;NDC1;NUP160;NUP85;SGIP1;SEH1L;NUP205;SEC13;NUP133;NUP98;HMGA1;NUP93;NUP42;NUP107;NUP210;RNASE7;KPNA1;NUP37;NUP153;NUP155;PSIP1"
"Interconversion Of Nucleotide Di- And Triphosphates R-HSA-499943",0.730443974630021,1,0.0305608138615649,0.235721490691982,0.820946394700023,28,"AK6;GSR;CTPS1;DTYMK;AK9;GUK1;DUT;RRM2;AK4;AK7;GLRX;DCTD;NUDT13;NME2;CMPK1;CTPS2;AK1;TYMS;TXN2;RRM1"
"Interleukin Receptor SHC Signaling R-HSA-912526",0.952127659574468,1,0.0157010498237903,0.170774879345201,0.587282014420492,27,"INPP5D;PIK3R3;PIK3R2;JAK2"
"Interleukin-1 Family Signaling R-HSA-446652",1,1,0.0014426950408889,0.115524549012364,0.493880794020031,151,"UBB;NLRX1;IKBKB;PSMA6;TANK;TOLLIP;HOXC13;SMAD3;BTRC;PSMD9;PSMB3;MAPK8;TRAF6;TAB3;IL1RL2;MAP3K3;MAP2K1;PSMB4;PSMD13;S100A12;PSMF1;PSME4;PTPN2;CTSG;LRRC14;IL37;CASP8;TIFA;AGER;PSMB9;PSMC2;PELI2;PSMB11;PSMC6;IRAK4;NKIRAS1;IL4;PSMC3;NOD2;PTPN20;PSMD12;PSMD5;IL1R2"
"Interleukin-1 Signaling R-HSA-9020702",0.988977955911824,1,0.0054335217582325,0.143951549096491,0.602565379449843,113,"UBB;NLRX1;IKBKB;PSMA6;TANK;TOLLIP;HOXC13;BTRC;PSMD9;PSMB3;TRAF6;TAB3;MAP3K3;MAP2K1;PSMB4;PSMD13;S100A12;PSMF1;PSME4;LRRC14;CASP8;TIFA;AGER;PSMB9;PSMC2;PELI2;PSMB11;PSMC6;IRAK4;NKIRAS1;PSMC3;NOD2;PSMD12;PSMD5;IL1R2"
"Interleukin-17 Signaling R-HSA-448424",0.339051463168517,1,0.0642140881844605,0.272035910396503,1.08523967091688,68,"UBB;MAPK9;DUSP3;IKBKB;IL17C;IL17RE;MAPK11;MAPK10;RPS6KA5;BTRC;MAPK1;MAPK8;TRAF6;TAB3;MEF2C;GDNF;MAP2K1;MAPK3"
"Interleukin-2 Family Signaling R-HSA-451927",0.957011258955988,1,0.0121212734616549,0.158103785081255,0.59232909983204,43,"PTK2B;INPP5D;STAT4;PIK3R3;PIK3R2;JAK2;IL15RA;IL2RG;STAT5A;IL3RA;CSF2;IL15;IL21R;IL9R;IL9;STAT5B;IL5RA;IL5;PIK3CA"
"Interleukin-20 Family Signaling R-HSA-8854691",0.506410256410256,1,0.0481183992657975,0.293757410110269,0.997752289474259,25,"IL10RB;STAT4;TYK2;IL20RA;JAK2;IFNL3;IL22;STAT5A"
"Interleukin-3, Interleukin-5 And GM-CSF Signaling R-HSA-512988",0.917262512768131,1,0.0154513814985972,0.1780833986594,0.668864218146482,44,"INPP5D;TEC;PIK3R3;PIK3R2;JAK2;VAV1;CRK;PRKCA"
"Interleukin-37 Signaling R-HSA-9008059",1,1,0.152144922367565,-0.132672205842938,-0.655188150878195,21,"SIGIRR;PTPN13;PTPN18;PTPN11;STAT3;TBK1;PTPN6;PTPN7;PTPN4;PTPN9;IL18R1;CASP1;IL18BP;PTPN12;PTPN14;PTPN5;PTPN23;PTPN20;IL37;PTPN2;SMAD3"
"Interleukin-4 And Interleukin-13 Signaling R-HSA-6785807",0.957915831663327,1,0.00989821417740655,0.1640829951548,0.683064929076428,106,"FGF13;POU2F1;FASLG;CCL22;VEGFA;CXCL8;HIF1A;ICAM1;TYK2;JAK2;F13A1;IL4R;IL6R;IL23R;ITGB2;IL2RG;IL12A;IL12B;LBP;CCM2;OPRM1;IL4;CCL11;HSP90B1;RNASEH2A;IL13RA2;NANOS2;LCN2;RORC;TP53;FOXO3;MMP1;IRF4;MMP2;LAMA5;RORA;SOCS3;IL1A;IL1B;MMP3;MMP9;SOCS1;BCL2;POMC;MUC1;AKT1"
"Interleukin-7 Signaling R-HSA-1266695",0.572649572649573,1,0.0425023180036553,0.277193763533702,0.941493568076872,25,"RAG1;PIK3R3;PIK3R2;SOCS2;IL2RG;TSLP;STAT5A;IRS2;CISH;H3C13;STAT5B;SOCS1;IL7;H3C7"
"Intra-Golgi And Retrograde Golgi-to-ER Traffic R-HSA-6811442",0.512,1,0.0445961615888961,0.231792619222351,0.99921334974283,178,"SYS1;RAB6B;KIF3C;ARCN1;KIFC2;CAPZA2;VAMP4;RAB30;SCOC;COG4;RAB18;STX6;ALPP;KIF22;DCTN2;KIF2A;ARFRP1;MAN1C1;COPZ2;MAN1A1;RAB3GAP2;COG1;KIF27;NAA30;TMED7;COPG2;KLC3;KIF3B;GCC2;COPG1;VPS54;CENPE;KIF5A;KLC4;KIF23;DYNC1I1;KIF25;KIF4A;KIF11;M6PR;COG8;ARFIP2;KIF20A;RAB41;CAPZA1;COG3;KIF2B;KIF15;COG6;KDELR3;NBAS;MAN2A2;DCTN4;GOLIM4;NSF;ARFGAP2;GOLGA1;RAB6A;KIFAP3;COG7;DYNLL1;GOSR2;ACTR1A;VPS53;PAFAH1B1;DCTN6;PLA2G6;DCTN3;KIF1B;DCTN1;RINT1;NAA35;KIF16B;COPB1;KIF26B;GCC1;COG5;RAB9B;ARF4;KIFC1;PLA2G4A;KIF4B;NAPG;KIF18A;RABEPK;ARFGAP1;KIF19;TMED2;RAB3GAP1;KIF3A;VPS45;CAPZA3;CYTH3;SURF4;CYTH1;KLC1;VTI1A;MAN1A2;VPS51"
"Intra-Golgi Traffic R-HSA-6811438",0.543859649122807,1,0.0432768714901103,0.259870721505593,0.963527051219548,40,"RAB30;COG4;STX6;ALPP;MAN1C1;MAN1A1;COG1;COG8;RAB41;COG3;COG6;MAN2A2;GOLIM4;NSF;COG7;GOSR2;COG5;NAPG;VPS45;CYTH3;CYTH1;VTI1A;MAN1A2;CYTH4"
"Intrinsic Pathway Of Fibrin Clot Formation R-HSA-140837",0.760609357997824,1,0.0299906706583812,0.241460712724121,0.790427168123593,21,"SERPINE2;SERPIND1;F8;F9;PROS1;GP1BA;SERPINC1;FAM110A;KLKB1;PROC;GP9;GP5;ZNF160;SERPINA5;PRCP"
"Iron Uptake And Transport R-HSA-917937",0.827098078867543,1,0.0215798086475871,0.200165934855807,0.782958213338224,57,"GLRX3;UBB;ATP6V1D;ABCG2;HFE;HEPH;STEAP2"
"JNK (c-Jun Kinases) Phosphorylation And Activation Mediated By Activated Human TAK1 R-HSA-450321",0.448123620309051,1,0.0552495663125249,0.323511770350896,1.02612373402892,18,"MAPK9;MAPK10;MAPK8;TRAF6;TAB3"
"KEAP1-NFE2L2 Pathway R-HSA-9755511",0.856425702811245,1,0.0190041999938594,0.195443663770614,0.807721454022089,98,"FBXL17;UBB;AKT3;UBL4A;SESN1;PSMA6;CUL3;GSTA1;MAP1LC3B;BTRC;PSMD9;PSMB3;CREBBP;PSMB4;CDKN2A;PSMD13;PSMF1;PSME4;GSR;PSMB9;PSMC2;MUL1;GCLM;PSMB11;TRIM21;PSMC6;PSMC3"
"KSRP (KHSRP) Binds And Destabilizes mRNA R-HSA-450604",0.956521739130435,1,0.147331213699377,-0.146194434691119,-0.650614642460393,17,"EXOSC6;KHSRP;EXOSC3"
"Keratan Sulfate Biosynthesis R-HSA-2022854",0.55708245243129,1,0.0432768714901103,0.275982269545191,0.961162465582359,28,"ACAN;ST3GAL3;CHST2;CHST5;B3GNT4;ST3GAL1;KERA;B3GNT2;CHST1;B4GALT4;OMD;FMOD;B3GNT3;B4GALT1;PRELP;B4GALT6"
"Keratan Sulfate/Keratin Metabolism R-HSA-1638074",0.481210855949896,1,0.0493910105981501,0.281018035396821,1.00781415408849,33,"ACAN;ST3GAL3;CHST2;CHST5;HEXB;B3GNT4;ST3GAL1;KERA;B3GNT2;GLB1;CHST1;B4GALT4;OMD;FMOD;B3GNT3;B4GALT1;PRELP;B4GALT6"
"L1CAM Interactions R-HSA-373760",0.43530591775326,1,0.0521630305460055,0.249537434405657,1.03349843758025,99,"EZR;L1CAM;KCNQ2;SPTBN2;ANK2;DNM1;SCN1B;EPHB2;SPTBN4;CD24;SH3GL2;NUMB;RPS6KA5;FGFR1;MAPK1;SCN2A;SPTBN5;SCN2B;KIF4A;CNTN6;MAP2K1;SCN10A;NRCAM;MAPK3;SPTAN1;ANK1;RPS6KA3;SCN3A;ITGA5;AP2A1;ITGA1;SCN4B;SCN9A;RPS6KA4;MPP3;SCN3B;RPS6KA6;SCN1A;SCN5A;EGFR;CHL1;VAV2"
"LDL Clearance R-HSA-8964038",0.791390728476821,1,0.0287155399266326,0.242088804507839,0.767864080428176,18,"NCEH1;CES3;AP2A1;SOAT1;LDLR;AP2B1;AP2M1;APOB;AP2S1;SCGB1D1;SOAT2;CLTC"
"Lagging Strand Synthesis R-HSA-69186",0.75,1,0.0308468245215279,0.249799842892845,0.811312773311571,20,"POLR1B;LRIG1;RFC5;PRIM2;POLR1A;PCNA;RFC2;RFC4;POLA2;PRIM1"
"Laminin Interactions R-HSA-3000157",0.934711643090316,1,0.0185498307405843,0.189153836023447,0.624175645795635,22,"LAMA2;NID2;LAMA4;LAMB3;ITGA3;LAMC2;ITGA1;LMNB2;LAMB1;LAMA5;COL18A1"
"Late Phase Of HIV Life Cycle R-HSA-162599",0.874874874874875,1,0.0173914717556673,0.193807950469535,0.819991387263519,131,"UBB;TAF9B;TAF9;CCNT1;TAF3;GTF2B;NUP58;RNGTT;NEDD4L;NUP88;NDC1;TAF4;VPS37A;NELFCD;NUP160;TAF5;NMT1;NUP85;ELOA;NELFA;CHMP2A;CCNK;GTF2E2;TAF11;SUPT4H1;POLR2K;FURIN;NELFE;SGIP1;CHMP5;CHMP7;CCNT2;POLR2D;GTF2H4;SEH1L;TAF1;CHMP4C;NUP205;NELFB;PDCD6IP;GTF2H5;VPS4A;TBP;SUPT5H;GTF2F1;GTF2A1;VPS4B;MVB12A;GTF2H3;GTF2H1;ERCC3;SEC13;GTF2F2;NUP133;NCBP1;RNMT;ERCC2;CCNH"
"Leishmania Infection R-HSA-9658195",0.395604395604396,1,0.0564118388217596,0.235959387954669,1.03976464795279,241,"ITPR1;NCKIPSD;CYFIP2;PRKAR1B;ADORA2B;GNG13;BAIAP2;PTHLH;CALM1;GNB4;GNG10;NPSR1;HTR6;ADCY1;FZD7;RXFP2;ADRB3;GNG2;NCKAP1;GIPR;GNB1;LHCGR;NOX1;GLP2R;ADCY7;VAV3;WAS;GPR83;MC2R;AVPR2;MAPK1;RLN2;CRH;VAV1;MAPK8;GPR45;CRK;ADCY9;HRH2;DVL2;HTR7;ADCY2;PRKCA;GPR150;GNAT3;DPEP2;CHGA;NOXO1;WASF1;MAPK3;SCT;CTSG;NLRP3;PRKAR2A;MYH2;MYO10;DPEP3;FURIN;GCG;ADM2;RAMP2;TAAR1;GNAI3;CRHR2;WIPF2;GNG4;FSHB;PTGER2;TSHR;PSTPIP1;IAPP;CALCA;LYN;GNG12;MEFV;BTK;WNT5A;LHB;VAV2;MYO5A;TAAR6;TAAR8;CD247;CALCB;INSL3;NPS;MC1R;NT5E;GNB2;DRD1;RAMP1;GPR39;RXFP1;MAPK14;PTH2R;PLK2;ADAM17;GNG3;CYSLTR2;ARPC3;PTGDR;GPR84;ABI1;GNGT2;ADCYAP1R1;PLCG1;ARPC1B;GNB5;GHRH;PLCG2;TSHB;ADRB2;PTRH2;SCTR;IL1A"
"Listeria Monocytogenes Entry Into Host Cells R-HSA-8876384",0.703090507726269,1,0.0344919215094074,0.267885671535663,0.849687308968289,18,"CBLL1;UBB;SH3GL2;STAM2;HGS;CBL;RNMT;FZR1;STAM"
"Loss Of Nlp From Mitotic Centrosomes R-HSA-380259",0.769929364278507,1,0.0254820564855004,0.211588477334283,0.84409521219965,68,"CEP63;CEP192;CEP164;HAUS8;YWHAG;DCTN2;AKAP9;CEP70;CEP76;CEP135;HAUS3;PRKCA;TUBA4A;SFI1;HAUS7;ODF2;HAUS2;CKAP5;CEP78;NINL;OFD1;DYNLL1;ACTR1A;CENPJ;PAFAH1B1;CEP131;DCTN3;ALMS1;DCTN1;TUBG1;PCNT;CETN2;NEDD1"
"Lysosome Vesicle Biogenesis R-HSA-432720",0.567849686847599,1,0.0418238690062304,0.264086268858593,0.952117395652941,34,"AP4S1;SH3GL2;VAMP7;AP1G2;M6PR;AP1M2;CHMP2A;AP1S1;AP1B1;AP4B1;AP4M1;HGS"
"M Phase R-HSA-68886",0.906093906093906,1,0.0146874349112173,0.190372951131934,0.858234737628477,369,"LPIN2;ANAPC16;CLIP1;UBB;PMEPA1;CEP63;CENPQ;CCNB2;CEP192;UBE2D1;CEP164;LPIN1;VRK1;HAUS8;SKA2;YWHAG;RB1;TUBGCP6;PSMA6;SGO1;H2BC1;NUP58;NCAPH2;DCTN2;SGO2;H2AZ2;KIF2A;AKAP9;CDC23;H2BC14;PRKCB;CEP70;MIS12;NUP88;TUBA8;NDC1;PPP2R5C;CCNB1;AURKB;TUBGCP2;CEP76;WAPL;LPIN3;CEP135;SPDL1;MAPK1;PSMD9;GORASP1;NUP160;NCAPG;PSMB3;HAUS3;CENPE;CDCA8;KIF23;DYNC1I1;SPC24;TUBA3C;BUB1B;PRKCA;TUBA4A;TMPO;SPC25;NUP85;CENPN;PSMB4;PSMD13;MAD1L1;BLZF1;PSMF1;MAPK3;PSME4;NUDC;CHMP2A;SFI1;ZWILCH;HAUS7;KIF20A;ANAPC5;TUBB2A;KIF2B;ODF2;ITGB3BP;H2AC20;ANAPC4;H2BC3;STAG2;CNEP1R1;HAUS2;PSMB9;CKAP5;CHMP7;MZT2A;PSMC2;CEP78;BUB1;MZT1;PSMB11;CENPO;CC2D1B;PSMC6;UBE2C;CENPP;NINL;PSMC3;H2AC14;CENPU;MAD2L1;ANAPC15;EMD;PSMD12;SEH1L;PSMD5;OFD1;CENPF;SUMO1;EML4;H2BC9;NCAPH;DYNLL1;GOLGA2;TUBB8;ACTR1A;CHMP4C;CENPI;CENPJ;PPP2R1B;SMC3;NUP205;NDEL1;TUBGCP5;KNL1;PAFAH1B1;H2AC7;NDC80;VPS4A"
"MAP Kinase Activation R-HSA-450294",0.43161094224924,1,0.0530212512043078,0.263460829366546,1.03760673570267,61,"UBB;MAPK9;DUSP3;IKBKB;MAPK11;MAPK10;RPS6KA5;BTRC;MAPK1;MAPK8;TRAF6;TAB3;MEF2C;GDNF;MAP2K1;MAPK3"
"MAP2K And MAPK Activation R-HSA-5674135",0.622014537902388,1,0.0373806494758473,0.250685664131274,0.918030518725519,37,"ARAF;KSR2;FGG;LAMTOR3;CNKSR2;CNKSR1;ARRB2;MAPK1;MAP2K1;MAPK3"
"MAP3K8 (TPL2)-dependent MAPK1/3 Activation R-HSA-5684264",0.609810479375697,1,0.0415717899246479,0.298156181589548,0.909928422013816,15,"UBB;IKBKB;BTRC;MAP2K1"
"MAPK Family Signaling Cascades R-HSA-5683057",0.556443556443556,1,0.0407403526717903,0.221854851860187,0.992057399586315,314,"FGF13;CAMK2A;NEFL;KIT;FLT3;DUSP9;SHC3;UBB;SHC2;MAPK12;SPTBN2;ARAF;KSR2;SYNGAP1;GFRA4;ABHD17C;FGG;LAMTOR3;AGO4;SPRED2;DUSP8;PSMA6;CALM1;RAPGEF2;CUL3;CNKSR2;TEK;SPTBN4;KL;MRAS;CAMK2B;TNRC6C;GFRA2;CAMK2G;PPP2R5C;GPRIN1;PDE6D;RAG1;EGF;CNKSR1;ARRB2;GRIN2D;TYK2;KLB;RASGRP1;FGFR1;PIK3R2;MAPK1;FGF23;PSMD9;JAK2;SPTBN5;PSMB3;KALRN;DAB2IP;IL6R;FGFR2;PPP5C;PRKCA;HBEGF;FLT3LG;FGF10;FRS2;NRG4;GDNF;DUSP16;MAP2K1;NRG2;PSMB4;FGF16;PSMD13;PSMF1;MAPK3;PSME4;RET;RASGRP4;AREG;SPTAN1;RNASE3;PAQR3;FGF7;IL2RG;FGF18;DNAJB1;RASAL3;PSMB9;RASAL1;IRS2;PSMC2;ARHGEF7;PSMB11;NRTN;PSMC6"
"MAPK6/MAPK4 Signaling R-HSA-5687128",0.969849246231156,1,0.00881182919930239,0.152488333314468,0.624619263867383,89,"UBB;AGO4;PSMA6;TNRC6C;RAG1;PSMD9;PSMB3;KALRN;PRKCA;PSMB4;PSMD13;PSMF1;PSME4;DNAJB1;PSMB9;PSMC2;ARHGEF7;PSMB11;PSMC6;PSMC3;MMP10;ZNF367;PSMD12;PSMD5"
"MECP2 Regulates Neuronal Receptors And Channels R-HSA-9022699",0.940397350993378,1,0.0190794888813551,0.192055525505034,0.609167118582295,18,"GPRIN1;OPRM1;HDAC1;OPRK1;SIN3A;GRIA2;RNMT;TRPC3;PTPN1;GRIN2B;PTPN4;MECP2;CREB1;NOTCH1"
"MET Activates PTK2 Signaling R-HSA-8874081",0.835164835164835,1,0.0256927476530375,0.228180602802648,0.718088003537981,17,"LAMA2;LAMA4;LAMB3;ITGA3;LAMC2;LMNB2;LAMB1;LAMA5;RNMT;ITGA2"
"MET Promotes Cell Motility R-HSA-8875878",0.535714285714286,1,0.261663521711573,-0.175616771518243,-0.956367666162771,28,"RNASE1;ITGB1;RAP1A;CRKL"
"MHC Class II Antigen Presentation R-HSA-2132295",0.85140562248996,1,0.0193794652818346,0.197551017767531,0.819081291960877,101,"KIF3C;SPTBN2;CAPZA2;DNM1;CTSE;SEC23A;KIF22;DCTN2;KIF2A;SH3GL2;KLC3;KIF3B;SEC31A;CENPE;CTSK;SEC24D;KIF5A;KLC4;KIF23;DYNC1I1;KIF4A;HLA-DQA2;KIF11;ACTR1B;AP1M2;KIF20A;CAPZA1;KIF2B;AP1S1;KIF15;AP2A1;AP1B1;DCTN4;CTSH;KIFAP3;DYNLL1;CTSV;ACTR1A;PRICKLE1;SEC24A;DCTN6;SEC24C;LAG3;AP1G1;DCTN3;DCTN1;LGMN;DNM3;SEC13;KIF4B;AP2B1;KIF18A;HLA-DOB;KIF3A;CAPZA3;AP2M1"
"MTOR Signaling R-HSA-165159",0.969072164948454,1,0.011622042518008,0.153349090930659,0.570347604312049,41,"RRAGD;LAMTOR3;PRKAG2;RHEB;TSC1;STK11;PRKAB2;PRKAA2;AKT1S1;CAB39;MLST8;EEF2K;MTOR;PRKAA1;EIF4EBP1;CAB39L;STRADA;LAMTOR5;FKBP1A;RPTOR;PRKAG1;AKT1;PRKAG3"
"Meiosis R-HSA-1500620",0.986908358509567,1,0.00667841440698826,0.139525982822809,0.568830516185841,85,"DIDO1;PMEPA1;RBBP8;SYNE2;STAG3;POLR1B;H2BC1;H2AZ2;H2BC14;REC8;PSMC3IP;SYCP1;SMC1B;SYCP2;SUN1;SERPINA2;ATM;H2AC20;H2BC3;STAG2;SYNE1;PRDM9"
"Meiotic Recombination R-HSA-912446",0.799941643260579,1,NA,-0.114084738810746,-0.807686092299009,53,"H3-3B;H2AJ;H2AC6;H2AC19;H4C15"
"Meiotic Synapsis R-HSA-1221632",0.882709807886754,1,0.0174698106128933,0.186892449069958,0.731038366321572,57,"DIDO1;PMEPA1;SYNE2;STAG3;H2BC1;H2AZ2;H2BC14;REC8;SYCP1;SMC1B;SYCP2;SUN1;SERPINA2;H2AC20;H2BC3;STAG2;SYNE1"
"Metabolic Disorders Of Biological Oxidation Enzymes R-HSA-5579029",0.69937369519833,1,0.0320704174637537,0.239229299272949,0.853756182316219,32,"FMO3;CYP11A1;CYP24A1;CYP21A2;TPMT;CYP26C1;CYP27B1;GCLM;FDXR;FDX1;TBXAS1;MAT1A;SLC35D1;FDX2;CYP4F22;CYP7B1;OPLAH;CYP19A1;PRNP;GGT1;CYP11B2;CYP11B1;CYP26B1"
"Metabolism Of Amine-Derived Hormones R-HSA-209776",0.910596026490066,1,0.0210730272985761,0.207097464248854,0.65687756304032,18,"DIDO1;CHGA;TPH2;TH;TPO;TSHB;DUOX1;DDC;SLC5A5"
"Metabolism Of Angiotensinogen To Angiotensins R-HSA-2022377",0.854166666666667,1,0.153158808683073,-0.171016449712497,-0.791677578999847,18,"CTSD;ATP6AP2;CMA1;CTSZ"
"Metabolism Of Cofactors R-HSA-8978934",0.650273224043716,1,0.0376923295943841,0.276103041230784,0.885796314629222,19,"CALM1;GCH1;PDSS1;PTS;COQ9;COQ3;COQ2;GCHFR;AKT1;COQ6;IDH1;PRKG2;NANOS3;PDSS2;COQ7"
"Metabolism Of Fat-Soluble Vitamins R-HSA-6806667",0.738821138211382,1,0.0280106629226489,0.221767808754603,0.837962736896175,46,"RIMBP2;AKR1C4;BCO1;GPC6;AKR1C1;APOA4;GPC3;GPC2;UBIAD1;SDC3;SDC2;AKR1C3;LRP8;APOC2;TTR;SDC1;LDLR;LPL;GPC1;GPIHBP1;LRP12;PNLIP;RBP4;APOM;VKORC1;RDH11;APOB;VKORC1L1;CLPS;APOA1"
"Metabolism Of Folate And Pterines R-HSA-196757",0.569676700111483,1,0.0446854397644147,0.305703441272772,0.932961538608858,15,"MTHFR;FOLR2;SLC25A32;SHMT1;SHMT2;SLC19A1;MTHFD2L;ALDH1L1"
"Metabolism Of Nitric Oxide: NOS3 Activation And Regulation R-HSA-202131",0.973244147157191,1,0.0174698106128933,0.177428822044059,0.541486435738485,15,"CALM1;DDAH1;ZDHHC21;DDAH2;NOSIP;AKT1;LYPLA1;NOSTRIN;CYGB;CAV1;NANOS3"
"Metabolism Of Non-Coding RNA R-HSA-194441",1,1,0.00581457622839549,0.104817314601538,0.401794806040926,51,"NUP58;GEMIN8;NUP88;NDC1;NUP160;SNRPD2;NUP85;WDR77;GEMIN5;SEH1L;LIN9;NUP205;GEMIN7;SEC13;NUP133;SNRPF;NCBP1;SNUPN;NUP98;NUP93;NUP42;NUP107;PRMT5;GEMIN6;GEMIN4;NUP210;DDX20;RNASE7;NUP37;NUP153;NUP155"
"Metabolism Of Polyamines R-HSA-351202",0.9474216380182,1,0.0119234526278759,0.165697110234187,0.648163176273746,58,"SLC25A21;PSMA6;PSMD9;PSMB3;PSMB4;PSMD13;PSMF1;PSME4;AZIN2;NPRL2;PSMB9;PSMC2;PSMB11;PSMC6;PSMC3;PSMD12;PSMD5"
"Metabolism Of Porphyrins R-HSA-189445",0.668437832093517,1,0.035090109926935,0.255113974928566,0.874121450681303,26,"ABCG2;UROS;HMBS;GSTA1"
"Metabolism Of Steroid Hormones R-HSA-196071",0.509375,1,0.0466948041282054,0.274591092487754,0.995691244304271,35,"HSD11B2;STARD3NL;CYP11A1;STARD3;CYP21A2;CD163L1;CHGA;SRD5A3;FDXR;FDX1;LHB;TSPO;AKR1B1;HSD11B1;AKR1B15"
"Metabolism Of Steroids R-HSA-8957322",0.67,1,0.0320704174637537,0.217837521611706,0.93123579111224,153,"HSD11B2;OSBPL7;STARD3NL;TBL1XR1;CYP11A1;SREBF2;AKR1C4;CYP24A1;NR1H4;CYP39A1;SEC23A;STARD3;CYP21A2;MSMO1;CARM1;INSIG2;NCOA1;AKR1C1;CD163L1;SEC24D;CREBBP;ARV1;SYCP2;HSD3B7;SH3D19;IDI2;CHGA;SLC51A;BAAT;CYP8B1;HMGCR;GGPS1;ELOVL6;OSBPL3;CYP27B1;AKR1C3;GPAM;RXRA;SRD5A3;AKR1C2;FDXR;MBD4;FDX1;MBTPS2;LIN9;LHB;TSPO;CH25H;GC;NSDHL;PLPP6;AKR1B1;IDI1;SEC24A;HSD11B1;SLCO1B1;CHD9;SEC24C;AKR1B15;HELZ2;LGMN;SLC10A2;AMACR;ACACA;INSIG1;UBE2I;PPARA;LMBR1;SLC51B;HSD17B11;FABP6;NCOA6;HSD17B2;SLCO1B3;FDX2;PIAS4;SMARCD3;SQLE"
"Metabolism Of Vitamins And Cofactors R-HSA-196854",0.65,1,0.0335297167141207,0.219704024514789,0.949325755436553,183,"SLC25A16;SLC5A8;RIMBP2;AKR1C4;SLC25A19;MTHFR;CD38;CALM1;NMRK1;CTRB2;AASDHPPT;MOCS1;FOLR2;BCO1;TCN1;MOCS2;GPC6;GCH1;AKR1C1;HLCS;PDSS1;APOA4;GPC3;SLC25A32;GPC2;AOX1;AMN;NADSYN1;SLC52A1;UBIAD1;CYP8B1;MTRR;GSTO2;QPRT;SDC3;SDC2;THTPA;NUDT12;VNN1;AKR1C3;LRP8;PTS;NFS1;APOC2;PANK2;CYB5R3;MTR;SP8;RNLS;COQ9;TTR;PANK1;ABCD4;NAPRT;MMACHC;SLC22A13;CD320;MMUT;CTRB1;COQ3;SDC1;CBLIF;PPCS;NT5E;LDLR;LPL;SLC19A3;NAMPT;PRSS3;SLC52A2;COASY;GPC1;SHMT1;NMNAT3;PDXK;ACACA;GPIHBP1;SHMT2;ENPP3;LRP12;COQ2;GCHFR;PNLIP;PROC;SLC23A1;PNPO;PARP6;RBP4;PARP8;PPCDC;APOM;VKORC1;CUBN;PANK4;SLC52A3;PARP9;ENPP1;RDH11;AKT1;MCCC1;APOB;ABCC1;NADK;COQ6;PARP4;VKORC1L1;VNN2;SLC19A1;TPK1;CLPS;IDH1;APOA1;MTHFD2L"
"Metabolism Of Water-Soluble Vitamins And Cofactors R-HSA-196849",0.638916750250752,1,0.0344919215094074,0.223800597317438,0.94004042635294,120,"SLC25A16;SLC5A8;SLC25A19;MTHFR;CD38;NMRK1;CTRB2;AASDHPPT;MOCS1;FOLR2;TCN1;MOCS2;HLCS;SLC25A32;AOX1;AMN;NADSYN1;SLC52A1;CYP8B1;MTRR;GSTO2;QPRT;THTPA;NUDT12;VNN1;NFS1;PANK2;CYB5R3;MTR;SP8;RNLS;PANK1;ABCD4;NAPRT;MMACHC;SLC22A13;CD320;MMUT;CTRB1;CBLIF;PPCS;NT5E;SLC19A3;NAMPT;PRSS3;SLC52A2;COASY;SHMT1;NMNAT3;PDXK;ACACA;SHMT2;ENPP3;PROC;SLC23A1;PNPO;PARP6;PARP8;PPCDC;CUBN;PANK4;SLC52A3;PARP9;ENPP1;MCCC1;ABCC1;NADK;PARP4;VNN2;SLC19A1;TPK1;MTHFD2L;ALDH1L1;PDZD11;GSTO1;SLC19A2;GPHN;RFK;SLC5A6;FASN;PARP10;PTGIS;ACACB;PRSS58;MTHFD2;NMNAT1;NAXE;FLAD1"
"Metal Ion SLC Transporters R-HSA-425410",0.891604675876727,1,0.0200480391102353,0.194401672457521,0.666097072851544,26,"HEPH;SLC30A8;SLC30A1;SLC30A10"
"Metalloprotease DUBs R-HSA-5689901",0.918067226890756,1,0.0173914717556673,0.184240023232271,0.645804952124125,29,"UBB;ABRAXAS1;UIMC1;BRCC3;NLRP3;H2AC20;H2AC14;H2AC7;STAMBPL1;STAM;MYSM1;H2AC4;H2AC21;EP300;H2AC12;ABRAXAS2;H2AC11"
"MicroRNA (miRNA) Biogenesis R-HSA-203927",0.869752421959096,1,0.0222983800506052,0.206682081053191,0.695021068339319,24,"AGO4;TARBP2;BCDIN3D;POLR2K;DICER1;POLR2D"
"Mismatch Repair R-HSA-5358508",0.576365663322185,1,0.0441523058441465,0.304492546671391,0.929266067973351,15,"POLR1B;LRIG1;PMS2;POLR1A;PCNA;MSH3;MLH1;RPA3;MSH2;MSH6"
"Mitochondrial Biogenesis R-HSA-1592230",0.368844221105528,1,0.059989249649033,0.261708871712082,1.0720059642809,89,"CRTC1;MAPK12;APOOL;NR1D1;TWNK;TBL1XR1;CALM1;CHCHD6;HDAC3;NRF1;MAPK11;PRKAG2;ACSS2;CARM1;ATP5F1E;IMMT;NCOA1;PRKAB2;CREBBP;MEF2C;GDNF;PRKAA2;PPARGC1B;CHCHD3;APOO;CRTC2;ATP5PD;ESRRA;SIRT4"
"Mitochondrial Calcium Ion Transport R-HSA-8949215",0.618063112078346,1,0.0398406946073899,0.276275825984776,0.904395238009825,21,"MICU3;MCUB;SLC8B1;SLC8A3;LETM1;STOML2;SMDT1"
"Mitochondrial Fatty Acid Beta-Oxidation R-HSA-77289",0.804878048780488,1,0.248911114434702,-0.141330314397356,-0.844358793950931,36,"ACSF2;DBI"
"Mitochondrial Protein Import R-HSA-1268020",0.853387259858443,1,0.019677649030838,0.195857168790172,0.774738518914032,63,"TIMM10;HSCB;TIMM10B;CHCHD7;SLC25A4;TIMM22;ACO2;CS;OTC;COA6;SLC25A12;PITRM1;CHCHD3;TIMM50;TIMM23;GFER;SLC25A13;GRPEL2;CHCHD4;TOMM70;BCS1L;TIMM44;SAMM50;TOMM6;COX19;TOMM22"
"Mitochondrial Translation Elongation R-HSA-5389840",0.639476334340383,1,0.0346410167413251,0.226825419066543,0.921423439406574,82,"MRPS15;MRPS18C;MRPL44;MRPL3;MRPS24;DLGAP3;MRPL38;MRPL51;MRPL45;MRPL12;MRPS31;ERAL1;MRPL37;MRPL17;MRPL40;MRPL35;MRPL13;MRPL32"
"Mitochondrial Translation Initiation R-HSA-5368286",0.498489425981873,1,0.0461379160269737,0.245698942629409,0.998092566996348,82,"MRPS15;MRPS18C;MRPL44;MRPL3;MRPS24;DLGAP3;MRPL38;MRPL51;MRPL45;MRPL12;MTIF2;MRPS31;ERAL1;MRPL37;MRPL17;MRPL40;MRPL35;MRPL13;MRPL32"
"Mitochondrial Translation R-HSA-5368287",0.64321608040201,1,0.0342688261591917,0.227151516218968,0.929441290463988,88,"MRPS15;MRPS18C;MRPL44;MRPL3;MRPS24;DLGAP3;MRPL38;MRPL51;MRPL45;MRPL12;MTIF2;MRPS31;ERAL1;MRPL37;MRPL17;MRPL40;MRPL35;MRPL13;MRPL32;MRPL34;MRPL57;MRPL52;MRPL15;MRRF;MRPL42;MRPL46;MTRF1L;OXA1L;MRPS21;MRPL54;MRPL49;MRPS7;MRPL1;MRPL47;MRPS25"
"Mitochondrial Translation Termination R-HSA-5419276",0.531722054380665,1,0.0431901998334182,0.242302589120924,0.984295701794431,82,"MRPS15;MRPS18C;MRPL44;MRPL3;MRPS24;DLGAP3;MRPL38;MRPL51;MRPL45;MRPL12;MRPS31;ERAL1;MRPL37;MRPL17;MRPL40;MRPL35;MRPL13;MRPL32;MRPL34;MRPL57;MRPL52;MRPL15;MRRF;MRPL42;MRPL46;MTRF1L;OXA1L;MRPS21;MRPL54;MRPL49;MRPS7;MRPL1;MRPL47;MRPS25"
"Mitophagy R-HSA-5205647",0.838709677419355,1,0.195789002148949,-0.156944218053464,-0.846561527308319,27,"SQSTM1;RPS27A;TOMM7"
"Mitotic Anaphase R-HSA-68882",0.803196803196803,1,0.0225842720346634,0.201789382474411,0.885498112193,224,"ANAPC16;CLIP1;UBB;PMEPA1;CENPQ;CCNB2;UBE2D1;VRK1;SKA2;PSMA6;SGO1;NUP58;SGO2;KIF2A;CDC23;MIS12;TUBA8;NDC1;PPP2R5C;CCNB1;AURKB;WAPL;SPDL1;PSMD9;NUP160;PSMB3;CENPE;CDCA8;DYNC1I1;SPC24;TUBA3C;BUB1B;TUBA4A;TMPO;SPC25;NUP85;CENPN;PSMB4;PSMD13;MAD1L1;PSMF1;PSME4;NUDC;CHMP2A;ZWILCH;ANAPC5;TUBB2A;KIF2B;ITGB3BP;ANAPC4;STAG2;PSMB9;CKAP5;CHMP7;PSMC2;BUB1;PSMB11;CENPO;CC2D1B;PSMC6;UBE2C;CENPP;PSMC3;CENPU;MAD2L1;ANAPC15;EMD;PSMD12;SEH1L;PSMD5;CENPF;SUMO1;DYNLL1;TUBB8;CHMP4C;CENPI;PPP2R1B;SMC3;NUP205;NDEL1;KNL1;PAFAH1B1;NDC80;VPS4A"
"Mitotic G2-G2/M Phases R-HSA-453274",0.796,1,0.0231538258045259,0.203235879739116,0.877845168354395,181,"UBB;CEP63;CCNB2;CEP192;FOXM1;CEP164;CDC25C;HAUS8;YWHAG;TUBGCP6;PSMA6;CDC25B;DCTN2;AKAP9;CEP70;CCNB1;TUBGCP2;CEP76;CEP135;BTRC;PSMD9;FKBPL;CDC25A;PSMB3;HAUS3;PPP1R12B;LIN52;BORA;PRKCA;TUBA4A;PSMB4;FBXL18;PSMD13;PSMF1;PSME4;SFI1;HAUS7;ODF2;LIN54;WEE1;HAUS2;E2F3;PSMB9;CKAP5;MZT2A;PSMC2;CEP78;MZT1;PSMB11;PPP1R12A;PSMC6;NINL;PSMC3;PSMD12;LIN9;PSMD5;OFD1;CENPF;HMMR;DYNLL1;ACTR1A;CENPJ;LIN37;PPP2R1B;GTSE1;TUBGCP5;PAFAH1B1;TP53;CEP131;DCTN3;ALMS1;DCTN1;TUBG1"
"Mitotic Metaphase And Anaphase R-HSA-2555396",0.819180819180819,1,0.0214353576364558,0.200561094039696,0.880272518319046,225,"ANAPC16;CLIP1;UBB;PMEPA1;CENPQ;CCNB2;UBE2D1;VRK1;SKA2;PSMA6;SGO1;NUP58;SGO2;KIF2A;CDC23;MIS12;TUBA8;NDC1;PPP2R5C;CCNB1;AURKB;WAPL;SPDL1;PSMD9;NUP160;PSMB3;CENPE;CDCA8;DYNC1I1;SPC24;TUBA3C;BUB1B;TUBA4A;TMPO;SPC25;NUP85;CENPN;PSMB4;PSMD13;MAD1L1;PSMF1;PSME4;NUDC;CHMP2A;ZWILCH;ANAPC5;TUBB2A;KIF2B;ITGB3BP;ANAPC4;STAG2;PSMB9;CKAP5;CHMP7;PSMC2;BUB1;PSMB11;CENPO;CC2D1B;PSMC6;UBE2C;CENPP;PSMC3;CENPU;MAD2L1;ANAPC15;EMD;PSMD12;SEH1L;PSMD5;CENPF;SUMO1;DYNLL1;TUBB8;CHMP4C;CENPI;PPP2R1B;SMC3;NUP205;NDEL1;KNL1;PAFAH1B1;NDC80;VPS4A"
"Mitotic Prometaphase R-HSA-68877",0.465,1,0.0489954089862481,0.235510554252896,1.01762466720022,183,"CLIP1;PMEPA1;CEP63;CENPQ;CCNB2;CEP192;CEP164;HAUS8;SKA2;YWHAG;TUBGCP6;SGO1;DCTN2;SGO2;KIF2A;AKAP9;CEP70;MIS12;PPP2R5C;CCNB1;AURKB;TUBGCP2;CEP76;WAPL;CEP135;SPDL1;NUP160;NCAPG;HAUS3;CENPE;CDCA8;DYNC1I1;SPC24;BUB1B;PRKCA;TUBA4A;SPC25;NUP85;CENPN;MAD1L1;NUDC;SFI1;ZWILCH;HAUS7;KIF2B;ODF2;ITGB3BP;STAG2;HAUS2;CKAP5;MZT2A;CEP78;BUB1;MZT1;CENPO;CENPP;NINL;CENPU;MAD2L1;SEH1L;OFD1;CENPF;EML4;NCAPH;DYNLL1;ACTR1A;CENPI;CENPJ;PPP2R1B;SMC3;NDEL1;TUBGCP5;KNL1;PAFAH1B1;NDC80;CEP131;CENPA;SMC4;DCTN3;ALMS1;DCTN1;TUBG1"
"Mitotic Prophase R-HSA-68875",0.919839679358717,1,0.0137183520206939,0.180980836269197,0.754375243848156,108,"LPIN2;CCNB2;LPIN1;VRK1;RB1;H2BC1;NUP58;NCAPH2;H2AZ2;H2BC14;PRKCB;NUP88;NDC1;CCNB1;LPIN3;MAPK1;GORASP1;NUP160;PRKCA;TMPO;NUP85;BLZF1;MAPK3"
"Mitotic Spindle Checkpoint R-HSA-69618",0.391783567134269,1,0.0570059526582387,0.251406892343437,1.04792938095715,108,"ANAPC16;CLIP1;CENPQ;UBE2D1;SKA2;SGO1;SGO2;KIF2A;CDC23;MIS12;PPP2R5C;AURKB;SPDL1;NUP160;CENPE;CDCA8;DYNC1I1;SPC24;BUB1B;SPC25;NUP85;CENPN;MAD1L1;NUDC;ZWILCH;ANAPC5;KIF2B;ITGB3BP;ANAPC4;CKAP5;BUB1;CENPO;UBE2C;CENPP;CENPU;MAD2L1;ANAPC15;SEH1L;CENPF;DYNLL1;CENPI;PPP2R1B;NDEL1;KNL1;PAFAH1B1;NDC80"
"Molecules Associated With Elastic Fibres R-HSA-2129379",1,1,0.188204146308491,-0.111914281029441,-0.609458873620694,28,"ITGB1;ITGAV"
"MyD88 Cascade Initiated On Plasma Membrane R-HSA-975871",0.845536609829488,1,0.0197519290144334,0.195737702040715,0.807757811474404,95,"UBB;MAPK9;DUSP3;NLRX1;IKBKB;TANK;HOXC13;MAPK11;MAPK10;RPS6KA5;BTRC;MAPK1;MAPK8;TRAF6;TAB3;ECSIT;MEF2C;GDNF;MAP2K1;S100A12;MAPK3;LRRC14;RPS6KA3;CASP8;TIFA;AGER;PELI2;IRAK4;NKIRAS1;MAPK7;NOD2"
"MyD88 Deficiency (TLR2/4) R-HSA-5602498",0.652173913043478,1,0.181383128498408,-0.202105336536296,-0.899437051401568,17,"HMGB1"
"MyD88 Dependent Cascade Initiated On Endosome R-HSA-975155",0.636546184738956,1,0.0347156757446657,0.223288909295221,0.925607461251184,100,"UBB;MAPK9;DUSP3;NLRX1;IKBKB;TANK;HOXC13;MAPK11;MAPK10;IRF7;RPS6KA5;BTRC;MAPK1;MAPK8;TRAF6;TAB3;ECSIT;TLR7;MEF2C;GDNF;MAP2K1;S100A12;MAPK3;TICAM1;LRRC14;RPS6KA3;CASP8;TIFA;AGER;PELI2;IRAK4;NKIRAS1;MAPK7;NOD2;TLR4"
"MyD88-independent TLR4 Cascade R-HSA-166166",0.453360080240722,1,0.0502948063662358,0.244892343343573,1.01782752198619,105,"UBB;MAPK9;DUSP3;UBE2D1;NLRX1;IKBKB;TANK;RIPK1;HOXC13;MAPK11;MAPK10;IRF7;RPS6KA5;BTRC;MAPK1;MAPK8;TRAF6;TAB3;MEF2C;UBE2D3;SARM1;BIRC3;GDNF;MAP2K1;S100A12;MAPK3;TICAM1;LRRC14;RPS6KA3;CASP8;TIFA;AGER"
"MyD88:MAL(TIRAP) Cascade Initiated On Plasma Membrane R-HSA-166058",0.971943887775551,1,0.00815591848796014,0.158851764831764,0.663961262144514,111,"UBB;MAPK9;DUSP3;NLRX1;FGG;IKBKB;TANK;HOXC13;MAPK11;MAPK10;RPS6KA5;BTRC;MAPK1;MAPK8;TRAF6;TAB3;ECSIT;MEF2C;GDNF;MAP2K1;S100A12;MAPK3;LRRC14;RPS6KA3;CASP8;TIFA;AGER;PELI2;IRAK4;NKIRAS1;MAPK7;NOD2;TLR4;BTK;PPP2R1B;FGA;MAP3K8;IRAK3;MAPK14;TP53"
"N-Glycan Antennae Elongation R-HSA-975577",0.942028985507246,1,0.0196032645039178,0.19987594646845,0.609991728492577,15,"ST8SIA3;MGAT4C;B4GALT4;MGAT4B;B4GALT1;B4GALT6"
"N-glycan Antennae Elongation In medial/trans-Golgi R-HSA-975576",0.872476089266737,1,0.0213630317196063,0.202519323352766,0.693911357736025,26,"ST8SIA3;CHGA;MGAT4C;CHST8;MAN2A2;LHB;B4GALT4;FUCA1;MGAT4B;B4GALT1;B4GALT6;CHST10;MOGAT3;B4GALT3;MOGAT2;FUT8;FUT3"
"NEP/NS2 Interacts With Cellular Export Machinery R-HSA-168333",0.653444676409186,1,0.0353157046479879,0.245206247278187,0.88404874121399,34,"PBRM1;NUP58;NUP88;NDC1;NUP160;BLOC1S6;NUP85"
"NGF-stimulated Transcription R-HSA-9031628",0.820910973084886,1,0.0233667307764121,0.207237238528302,0.765681305985438,39,"ID4;CDK5R1;EGR2;EGR3;CDK5R2;EGR4;GDNF;ARC;LYL1;RNASEH2A;NAB2;TRIB1;CDK5;FOSB;ASCL1;JUND;NAB1;ID2;REST;FOSL1"
"NIK To Noncanonical NF-kB Signaling R-HSA-5676590",0.905965621840243,1,0.0156180851425484,0.180104031497817,0.704485160365194,57,"UBB;PSMA6;BTRC;PSMD9;PSMB3;PSMB4;PSMD13;PSMF1;PSME4;PSMB9;PSMC2;UBE2M;PSMB11;PSMC6;PSMC3;PSMD12;PSMD5"
"NOD1/2 Signaling Pathway R-HSA-168638",0.505219206680585,1,0.0471642455670861,0.277105654904452,0.993783195431975,33,"MAPK12;IKBKB;MAPK13;HOXC13;CASP9;MAPK11;TRAF6;TAB3;BIRC3"
"NOTCH1 Intracellular Domain Regulates Transcription R-HSA-2122947",0.569105691056911,1,0.0404934829859503,0.253568661555998,0.958124133623399,46,"UBB;NBEA;TBL1XR1;KAT2A;HDAC3;HDAC4;MAML2;HIF1A;CREBBP;CCNC;HES5;HDAC1;TLE1;TLE2;CDK8;TLE3;HDAC9"
"NOTCH2 Activation And Transmission Of Signal To Nucleus R-HSA-2979096",0.406976744186047,1,0.241339976815091,-0.213679196678565,-1.0481004702082,20,"PSENEN;PSEN1;RPS27A"
"NOTCH3 Intracellular Domain Regulates Transcription R-HSA-9013508",0.754574811625404,1,0.0298484971250709,0.242572126199591,0.815710473987297,24,"WWC1;KAT2A;MAML2;CREBBP;HES5;FABP7;HEYL;DLGAP5;MAMLD1;IKZF1;NOTCH3;MAML3;PTCRA;EP300;MAML1"
"NOTCH4 Intracellular Domain Regulates Transcription R-HSA-9013695",0.79672131147541,1,0.0278699114874201,0.238255001981489,0.764371887236026,19,"KAT2A;MAML2;SMAD3;CREBBP;HES5;NOTCH2;NOTCH4;MAMLD1;FLT4;MAML3;EP300;MAML1"
"NS1 Mediated Effects On Host Pathways R-HSA-168276",0.855670103092783,1,0.0207088406492443,0.197841209697181,0.735826076960624,41,"NUP58;EIF2AK2;NUP88;NDC1;NUP160;KPNA7;NUP85;PABPN1;KPNA5;KPNA4;KPNA2;SEH1L;NUP205;SEC13;NUP133;ISG15;CPSF4;NUP98;NUP93;NUP42;NUP107;NUP210;RNASE7;KPNA1;NUP37;NUP153;NUP155"
"Na+/Cl- Dependent Neurotransmitter Transporters R-HSA-442660",0.860109289617486,1,0.0237915888102658,0.220680664775061,0.70798973707893,19,"SLC6A12;SLC6A1;SLC6A13;SLC6A11;SLC18A2;SLC6A18"
"Nef-mediated Downmodulation Of Cell Surface Receptors By Recruitment To Clathrin Adapters R-HSA-164938",0.937772925764192,1,0.0185498307405843,0.192831877133191,0.6262892850854,20,"PACS1;ATP6V1H;AP1M2;AP1S1;AP2A1;AP1B1;AP1G1;CD8B;AP2B1;AP2M1;CD28;AP1S3;AP2S1;AP1S2;LCK"
"Negative Epigenetic Regulation Of rRNA Expression R-HSA-5250941",0.925553319919517,1,0.0135373162884418,0.173140029758864,0.695714103797212,73,"POLR1B;H2BC1;H2AZ2;H2BC14;DNMT1;SUDS3;DPEP2;DNMT3B;POLR1F;H2AC20;H2BC3;UBTF;POLR2K;SAP30;POLR1A;POLR1D;HDAC1;H2AC14;GTF2H4;H2BC9;TAF1C;BAZ2A;POLR1E;GTF2H5;H2AC7;TBP;SUV39H1;SIN3A;GTF2H3;GTF2H1;ERCC3;SAP30L;H3C13;H2BC11;ERCC2;CCNH"
"Negative Regulation Of FGFR1 Signaling R-HSA-5654726",0.494780793319415,1,0.0481183992657975,0.281573666682867,1.00487381536684,32,"FGF13;UBB;KL;FGFR1;MAPK1;FGF23;FGF10;FRS2;MAPK3;ANOS1;FGF20;BRAF;MKNK1;FGF5;FGF9;CBL;FGF8"
"Negative Regulation Of FGFR2 Signaling R-HSA-5654727",0.440501043841336,1,0.053457214108991,0.289053534728067,1.036631841714,33,"FGF13;UBB;MAPK1;FGF23;FGFR2;FGF10;FRS2;FGF16;MAPK3;FGF7;FGF18;FGF20;BRAF;MKNK1;FGF5;FGF9;CBL;FGF8"
"Negative Regulation Of FGFR3 Signaling R-HSA-5654732",0.505285412262156,1,0.0477342401407188,0.285693267847075,0.994982924724488,28,"FGF13;UBB;MAPK1;FGF23;FRS2;FGF16;MAPK3;FGF18;FGF20;BRAF;MKNK1;FGF5;FGF9;CBL;FGF8"
"Negative Regulation Of FGFR4 Signaling R-HSA-5654733",0.450157397691501,1,0.0526973085708419,0.2926919609806,1.03394784354583,30,"FGF13;UBB;KLB;MAPK1;FGF23;FRS2;FGF16;MAPK3;FGF18;FGF20;FGFR4;BRAF;MKNK1;FGF9;CBL;FGF8"
"Negative Regulation Of MET Activity R-HSA-6807004",0.789301310043668,1,0.0282923737721473,0.2392565493411,0.777069722426334,20,"UBB;SH3GL2;LRIG1;STAM2;PTPN2;HGS;USP8;CBL;RNMT;STAM;PTPN1;SH3GL3;SH3KBP1"
"Negative Regulation Of NOTCH4 Signaling R-HSA-9604323",0.826922011101389,1,0.143902565267782,-0.140565606526385,-0.911128629913842,52,"PSMB7;RPS27A;PSMB6;PSMD4;RBX1;PSMD10;PSMC4;PSMA1;PSMD3;PSMD14;PSME1;SEM1"
"Negative Regulators Of DDX58/IFIH1 Signaling R-HSA-936440",0.393528183716075,1,0.0587185879555941,0.299353211098248,1.07356954079705,33,"UBB;RNF216;UBE2D1;NLRX1;UBE2L6;RNF125;TRIM4;TAX1BP1;UBE2D3"
"Nephrin Family Interactions R-HSA-373753",0.517954298150163,1,0.047925896705813,0.297734240557891,0.982472604217548,22,"ACTN1;PIK3R2;MAGI2;KIRREL1;SPTAN1;CD2AP"
"Nicotinamide Salvaging R-HSA-197264",0.872131147540984,1,0.0230116943194552,0.218246498463073,0.700180422343599,19,"SLC5A8;CYP8B1;NUDT12;RNLS;NAPRT;SLC22A13;NAMPT;PARP6;PARP8;PARP9;PARP4;PARP10;PTGIS;NAXE"
"Nicotinate Metabolism R-HSA-196807",0.717573221757322,1,0.030918431706181,0.237050611045032,0.840877827430468,31,"SLC5A8;CD38;NMRK1;NADSYN1;CYP8B1;QPRT;NUDT12;RNLS;NAPRT;SLC22A13;NT5E;NAMPT;NMNAT3;PARP6;PARP8;PARP9;NADK;PARP4"
"NoRC Negatively Regulates rRNA Expression R-HSA-427413",0.910282258064516,1,0.0150298748621405,0.17801838771961,0.713235977770171,70,"POLR1B;H2BC1;H2AZ2;H2BC14;DNMT1;SUDS3;DPEP2;DNMT3B;POLR1F;H2AC20;H2BC3;UBTF;POLR2K;SAP30;POLR1A;POLR1D;HDAC1;H2AC14;GTF2H4;H2BC9;TAF1C;BAZ2A;POLR1E;GTF2H5;H2AC7;TBP;SIN3A;GTF2H3;GTF2H1;ERCC3;SAP30L;H3C13;H2BC11;ERCC2;CCNH"
"Non-integrin membrane-ECM Interactions R-HSA-3000171",0.424742268041237,1,0.0545680646670941,0.282675832989801,1.05134946131208,41,"FGF13;LAMA2;ACTN1;NRXN1;TNNI3;VTN;LAMA4;LAMB3;PRKCA;DDR2;SDC3;SDC2;LAMC2;NTN4;TTR"
"Nonhomologous End-Joining (NHEJ) R-HSA-5693571",0.883485309017224,1,0.0175479783225763,0.186806822488385,0.710392211766587,48,"ABRAXAS1;UIMC1;H2BC1;LIG4;HERC2;H2BC14;BRCC3;ATM;H2BC3;H2BC9;RNF168;RAD50;TDP1;TDP2;UBE2N;PRKDC;XRCC4;H2BC11;PIAS4;LRIF1;MDC1;POLM;XRCC5;PAXIP1;NHEJ1"
"Notch-HLH Transcription Pathway R-HSA-350054",0.63953488372093,1,0.0369160593316849,0.26088259959419,0.908574898911858,28,"TBL1XR1;KAT2A;HDAC3;HDAC4;MAML2;CREBBP;HDAC1;NOTCH2;HDAC9;HDAC10;NOTCH4;MAMLD1;NOTCH3;MAML3;HDAC11;MAML1;HDAC8;TBL1X"
"Nuclear Envelope (NE) Reassembly R-HSA-2995410",0.994959677419355,1,0.0054335217582325,0.128019578762792,0.512914259039472,70,"CCNB2;VRK1;NUP58;TUBA8;NDC1;CCNB1;NUP160;TUBA3C;TUBA4A;TMPO;NUP85;CHMP2A;TUBB2A;CHMP7;CC2D1B;EMD;SEH1L;SUMO1;TUBB8;CHMP4C;NUP205;VPS4A;ANKLE2;SEC13;UBE2I;NUP133;TUBA4B;CDK1;RCC1;NUP98;SPAST;LMNB1;CHMP2B"
"Nuclear Events (Kinase And Transcription Factor Activation) R-HSA-198725",0.643363728470111,1,0.0346410167413251,0.232107497983625,0.914125655392333,61,"ID4;CDK5R1;DUSP3;EGR2;EGR3;CDK5R2;MAPK11;EGR4;RPS6KA5;MAPK1;MEF2C;GDNF;MAPK3;ARC;RPS6KA3;LYL1;MAPK7;RNASEH2A;NAB2;TRIB1;PPP2R1B;MAPK14;CDK5;FOSB;VRK3;ASCL1;JUND;NAB1;ID2;DUSP7;REST"
"Nuclear Import Of Rev Protein R-HSA-180746",0.988517745302714,1,0.0108943796561199,0.141273981749385,0.506650465371094,33,"NUP58;NUP88;NDC1;NUP160;NUP85;SEH1L;NUP205;SEC13;NUP133;RCC1;NUP98;NUP93;NUP42;NUP107;NUP210;RNASE7;NUP37;NUP153;NUP155"
"Nuclear Pore Complex (NPC) Disassembly R-HSA-3301854",0.75,1,0.0285038599247822,0.225876717291889,0.819048672198844,35,"CCNB2;NUP58;NUP88;NDC1;CCNB1;NUP160;NUP85"
"Nucleotide Excision Repair R-HSA-5696398",0.985957873620863,1,0.00617356336775808,0.147751578303029,0.613027425596538,103,"UBB;INO80;COPS4;POLR1B;AQR;LRIG1;RNF111;COPS5;POLE2;RUVBL1;ACTR5;RFC5;INO80C;POLE;POLR2K;POLR2D;POLR1A;ACTR8;ERCC1;GTF2H4;SUMO1;COPS6;PCNA;RFC2;RFC4;GTF2H5;LRIG3;DDB2;GTF2H3;GTF2H1;CUL4B;USP45;ERCC3;UBE2I;CETN2;UBE2N;ERCC8;CUL4A;XPA;COPS8;RPA3;ERCC2;HMGN1;CCNH;NFRKB"
"Nucleotide-binding Domain, Leucine Rich Repeat Containing NLR Signaling Pathways R-HSA-168643",0.823350253807107,1,0.0220834140571177,0.207049610889134,0.795922533042197,53,"MAPK12;AIM2;PANX1;IKBKB;MAPK13;HOXC13;CASP9;MAPK11;TRAF6;TAB3;BIRC3;NLRC4;NLRP3;CASP8;PSTPIP1;NOD2;MEFV"
"O-glycosylation Of TSR Domain-Containing Proteins R-HSA-5173214",0.973168214654283,1,0.0113146012252547,0.150456725158567,0.55455650256153,38,"SPON1;ADAMTS2;ADAMTSL2;ADAMTS19;ADAMTSL3;SEMA5B;THSD1;B3GLCT;THSD7A;ADAMTS12;CFP;THSD7B;ADAMTS5;ADAMTS16;ADAMTS18;ADAMTS15;ADAMTS20;ADAMTS17;SPON2;ADAMTSL1;ADAMTS9;ADAMTS10;ADAMTSL5;ADAMTS7"
"O-linked Glycosylation Of Mucins R-HSA-913709",0.362992922143579,1,0.0610363728309177,0.275740274732818,1.07857070188152,57,"MUC19;GALNT9;A4GNT;B3GNT8;ST3GAL3;GALNT18;GCNT4;B3GNT4;MUC17;MUC15;ST3GAL1;CHST4;B3GNT2;MUC6;GCNT1;GALNT10;ST6GALNAC2;MUC13;C1GALT1C1;GALNTL6;GALNT12;B3GNT9;MUC7;MUC12;ST6GALNAC4;GALNT3;GALNT11;MUC4;B3GNT3;B3GNTL1;GCNT3"
"O-linked Glycosylation R-HSA-5173105",0.724172517552658,1,0.0283628487151644,0.213732779028973,0.888321381861573,105,"MUC19;SPON1;GALNT9;ADAMTS2;A4GNT;B3GNT8;ST3GAL3;ADAMTSL2;GALNT18;LARGE2;GCNT4;B3GNT4;ADAMTS19;MUC17;MUC15;ST3GAL1;POMGNT1;CHST4;B3GNT2;MUC6;ADAMTSL3;SEMA5B;GCNT1;THSD1;B3GALNT2;B3GLCT;GALNT10;ST6GALNAC2;MUC13;C1GALT1C1;GALNTL6;POMK;GALNT12;B3GNT9;MUC7;THSD7A;ADAMTS12;MUC12;ST6GALNAC4;GALNT3;GALNT11;MUC4;CFP;B3GNT3;THSD7B;B3GNTL1;POMT2;GCNT3;ADAMTS5;ADAMTS16"
"Olfactory Signaling Pathway R-HSA-381753",0.541458541458541,1,0.0419926218968594,0.219556437525705,0.991134366679971,381,"OR5K4;OR52I1;OR5B2;OR5M3;OR2D2;OR51I2;OR4K13;GNG13;OR5B12;OR52R1;OR6B3;OR10W1;OR10G2;OR2T3;OR3A1;OR6C68;OR2D3;OR4D10;OR2L2;OR51M1;OR4E2;GNAL;OR52L1;OR2K2;OR52E5;OR2AG2;OR2V2;OR7G3;OR6C6;OR5K2;OR8J1;OR2L5;OR2T1;OR10Z1;OR52H1;GNB1;OR12D3;OR13J1;OR5AL1;OR8I2;OR10V1;OR10J1;OR2W3;OR51F1;OR9A2;OR6C75;OR1J2;LDB2;OR5C1;OR2L13;OR4C11;OR8H3;OR1L1;OR10Q1;OR2W1;OR1G1;OR5AC2;OR2T6;OR4D5;OR51D1;OR10AG1;OR4C45;OR6K3;OR10J4;OR1L8;OR52N2;OR10H1;OR52B6;OR13D1;OR5J2;OR9A4;OR5T3;OR8K1;OR5D14;OR5H1;OR7G1;OR4K15;OR52N1;OR2A7;OR4D11;OR56A1;OR6J1;OR1Q1;OR11A1;OR7G2;OR52I2;OR52E8;OR51E1;OR4Q2;OR2T5;OR5K1;OR13A1;OR6C2;OR10G8;OR10X1;OR6B1;OR52A5;OR52N5;OR6C3;OR2A5;OR5D18;OR7A5;OR51L1;OR8H2;OR8U9;CNGA2;OR4C6;OR6C65;OR5K3;OR51V1;OR2B2;OR8J3;OR5M8;OR52W1;OR5M9;OR51B5;OR4F17;OR6B2;OR14I1;OR5H15;OR2M2;RTP1;OR4A15;OR2G6;OR10A5;OR4A16;OR52N4;OR8K5;OR4D1;OR6N1;OR1D2;OR4K1;OR2L8;OR4C15;OR52A1;OR51A2;OR8U1;OR5AS1;OR13H1;OR2H1;OR2F2;OR3A2;OR9G9;OR5P3;OR6Q1;OR13C4;OR56A3;OR11H4;OR5D13;OR1S1;OR2AT4;OR2AK2;OR6V1;OR5AR1;OR11L1;OR2M4;OR5H2;OR2A12;OR6C1;OR9K2;OR2T27;OR1N2;OR1J4;OR4S2;OR4C3;OR6X1;OR2AG1;OR4C5;OR13C5;OR14K1;OR51G2;OR2AE1;OR10H4;OR1A2;OR5T2;OR51B4;OR8G1;OR14J1;OR5T1;LHX2;OR2C3;OR2C1;OR6Y1;OR6K2;OR10C1;OR11H1;OR4K14;OR2J1;OR8S1;REEP1;OR8D1;OR5A2;OR13C3;OR10A2;OR52E6;OR10H5;OR4K17;OR10G6;OR2Y1;OR8D2;OR1I1;OR5AN1;OR5AU1;OR52E2;OR5L2;OR4K2;OR6M1;OR2T10;OR6C76;OR12D2;OR5M11;OR13G1;OR5B3;OR1M1;OR51G1;OR51I1;OR9I1;OR7A10;OR8B12;OR13C8;OR1S2;OR10H2;OR8U3;OR2B6;OR8B4;OR10G7;OR51Q1;OR5AP2;OR52B2;OR13F1;OR52D1;OR5B21;OR5M10;OR10P1;OR10K2;OR8K3;OR52K1;OR4N4;OR51E2;OR4D2;OR1J1;OR51S1;OR5AK2"
"Orc1 Removal From Chromatin R-HSA-68949",0.44803229061554,1,0.0511147954416412,0.257058625610768,1.02549041359123,68,"UBB;MCM6;ORC3;PSMA6;CDC6;ORC4;CDT1;PSMD9;MCM7;PSMB3;ORC6;PSMB4;PSMD13;PSMF1;PSME4;ORC5;MCM4;PSMB9;PSMC2;PSMB11;PSMC6;PSMC3;PSMD12;PSMD5"
"Organic Cation/Anion/Zwitterion Transport R-HSA-549132",0.560758082497213,1,0.0454059226590179,0.30895389362409,0.942881436841716,15,"SLC22A12;SLC22A16;SLC22A18;RSC1A1;SLC22A5"
"Other Interleukin Signaling R-HSA-449836",0.520990312163617,1,0.0471642455670861,0.291914777291548,0.981637688876333,24,"IL10RB;CASP3;TYK2;STX3;STX1A;STXBP2;CSF3;SDC1;CSF1;SNAP25;IL34"
"Oxidative Stress Induced Senescence R-HSA-2559580",0.919597989949749,1,0.0139869590598254,0.178471176267979,0.730254779462858,88,"UBB;MAPK9;AGO4;H2BC1;RBBP7;H2AZ2;MAPK11;H2BC14;MAPK10;TNRC6C;MAPK1;CDK6;MAPK8;E2F2;CDKN2A;MAPK3;MDM2;H2AC20;H2BC3;SCMH1;E2F3;CDKN2B;H2AC14;EED;SUZ12;TNIK;H2BC9;TNRC6A;CBX6;H2AC7;MAPK14;TP53"
"Oxygen-dependent Proline Hydroxylation Of Hypoxia-inducible Factor Alpha R-HSA-1234176",0.778564206268959,1,0.0249900772245545,0.211198613408857,0.835423599553661,63,"UBB;UBE2D1;PSMA6;HIF1A;PSMD9;PSMB3;CUL2;UBE2D3;PSMB4;PSMD13;PSMF1;PSME4;PSMB9;PSMC2;PSMB11;PSMC6;HIF3A;PSMC3;PSMD12;PSMD5"
"P75 NTR Receptor-Mediated Signaling R-HSA-193704",0.444779116465863,1,0.051218434854034,0.249756839776156,1.02897810313516,94,"PLEKHG5;UBB;ARHGEF11;ARHGEF9;SMPD2;IKBKB;BAD;ARHGEF4;CASP3;AKAP13;HDAC3;TIAM2;ARHGEF33;ARHGEF17;ABR;PRDM4;VAV3;ARHGEF6;FGD1;ECT2;VAV1;TIAM1;KALRN;ARHGEF16;MAPK8;TRAF6"
"PCNA-Dependent Long Patch Base Excision Repair R-HSA-5651801",0.780195865070729,1,0.0287155399266326,0.237265440996214,0.776693850127521,21,"POLR1B;LRIG1;POLE2;RFC5;POLE;POLR1A;PCNA;RFC2;RFC4"
"PCP/CE Pathway R-HSA-4086400",0.790744466800805,1,0.0238622865877092,0.20377931905543,0.833394692428128,87,"UBB;PRKCG;PSMA6;WNT4;FZD9;FZD7;FZD8;PRKCB;ARRB2;SMURF1;PSMD9;PSMB3;DVL2;PRKCA;PSMB4;PSMD13;PSMF1;PSME4;PARD6A;AP2A1;PSMB9;PSMC2;PSMB11;PSMC6;FZD4;PSMC3;WNT5B;PSMD12;WNT5A;PSMD5"
"PERK Regulates Gene Expression R-HSA-381042",0.590909090909091,1,0.282013350011725,-0.171284416263531,-0.991397845007925,32,"EXOSC6;ATF3;NFYA;KHSRP;ATF4;EXOSC3;CCL2;DDIT3;DIS3;EXOSC5;EIF2S2;HERPUD1;CEBPB;PARN;EXOSC2;EIF2S1;DCP2;ATF6;NFYC;CEBPG;EXOSC1;EXOSC7;EIF2AK3;ASNS;EXOSC9;NFYB"
"PI-3K cascade:FGFR1 R-HSA-5654689",0.425462459194777,1,0.0570059526582387,0.320004346797849,1.04754155147243,21,"FGF13;KL;FGFR1;FGF23;FGF10;FRS2"
"PI-3K cascade:FGFR2 R-HSA-5654695",0.489130434782609,1,0.0504983044100709,0.302297018787625,1.00679312604895,23,"FGF13;FGF23;FGFR2;FGF10;FRS2;FGF16;FGF7;FGF18;FGF20;FGF5;FGF9;FGF8;FGF17;FGF22;PIK3CA"
"PI-3K cascade:FGFR3 R-HSA-5654710",0.467991169977925,1,0.0532386494755899,0.317603131646605,1.00738254756854,18,"FGF13;FGF23;FRS2;FGF16;FGF18;FGF20;FGF5;FGF9;FGF8;FGF17;PIK3CA;FGFR3;PIGU"
"PI-3K cascade:FGFR4 R-HSA-5654720",0.594978165938865,1,0.0417397034728504,0.281772853960518,0.915156362562998,20,"FGF13;KLB;FGF23;FRS2;FGF16;FGF18;FGF20;FGFR4;FGF9;FGF8;FGF17;PIK3CA"
"PI3K Events In ERBB2 Signaling R-HSA-1963642",0.895902547065338,1,0.0222267787552589,0.214073119321345,0.663131528527701,16,"EGF;HBEGF;NRG4;NRG2;EGFR;ERBB4"
"PI3K/AKT Signaling In Cancer R-HSA-2219528",0.489468405215647,1,0.046788296531803,0.24060870985126,1.00002378013355,105,"FGF13;KIT;FLT3;AKT3;PTEN;BAD;CD86;RICTOR;KL;CASP9;PIK3R3;EGF;KLB;FGFR1;PIK3R2;FGF23;VAV1;FGFR2;HBEGF;FLT3LG;FGF10;FRS2;NRG4;NRG2;FGF16;MDM2;MAPKAP1;ESR2;ESR1;AREG;AKT1S1"
"PI5P, PP2A And IER3 Regulate PI3K/AKT Signaling R-HSA-6811558",0.412825651302605,1,0.0545680646670941,0.250423138134208,1.0424923248589,106,"FGF13;KIT;PIP5K1C;FLT3;INS;CD86;PIP4K2B;PIP5K1B;KL;PPP2R5C;PIK3R3;EGF;KLB;FGFR1;PIK3R2;MAPK1;FGF23;VAV1;TRAF6;FGFR2;HBEGF;FLT3LG;FGF10;FRS2;NRG4;NRG2;FGF16;MAPK3;ESR2;ESR1;AREG"
"PINK1-PRKN Mediated Mitophagy R-HSA-5205685",0.481927710843373,1,0.224966093540314,-0.20396531464744,-1.00726189406505,21,"SQSTM1;RPS27A;TOMM7"
"PIP3 Activates AKT Signaling R-HSA-1257604",0.76023976023976,1,0.0256225253207008,0.20576024600867,0.911433136242259,266,"FGF13;RRAGD;KIT;PIP5K1C;FLT3;UBB;AKT3;CHD3;PTEN;LAMTOR3;AGO4;INS;BAD;CD86;PSMA6;PIP4K2B;PML;TRIB3;RICTOR;PIP5K1B;RBBP7;NR2E1;HDAC3;KL;HOXC13;CASP9;MTA3;TNRC6C;PPP2R5C;PIK3R3;EGF;RHEB;KLB;FGFR1;PIK3R2;MAPK1;FGF23;SNAI1;PSMD9;PHLPP2;VAV1;PSMB3;TRAF6;FGFR2;HBEGF;FLT3LG;FGF10;FRS2;NRG4;GDNF;NRG2;PSMB4;THEM4;FGF16;PSMD13;PSMF1;MAPK3;MDM2;MAPKAP1;PSME4;ESR2;ESR1;AREG;TNKS;AKT1S1;DPEP3;FGF7;SCMH1;FGF18;NEDD4;PSMB9;IRS2;PSMC2;PSMB11;PSMC6;IRAK4;HDAC1;MLST8;PSMC3;FGF20;EED;XIAP;SUZ12;PSMD12;EGFR;PSMD5"
"PIWI-interacting RNA (piRNA) Biogenesis R-HSA-5601884",0.743697478991597,1,0.0293519190331994,0.233206175812557,0.817442923440204,29,"TDRD1;TDRKH;MAEL;TDRD6;TDRD12;PIWIL2;POLR2K;POLR2D;ASZ1"
"PKMTs Methylate Histone Lysines R-HSA-3214841",0.66835187057634,1,0.0327241935806629,0.235563386958252,0.89535656349268,47,"SETD3;KMT2A;RBBP7;AEBP2;KMT5B;KMT2C;SMYD2;ASH1L;KMT2D;SETD2;PRDM9;SETDB1;SUV39H2;EED;SUZ12;ASH2L;SETD1B;KMT2B;SUV39H1;SETDB2;MECOM;NSD3;H3C13;EHMT1;WDR5;SMYD3;H3C7;EHMT2;NSD1;DOT1L;SETD6"
"PRC2 Methylates Histones And DNA R-HSA-212300",0.836438923395445,1,0.0222983800506052,0.202527877122874,0.74828158566069,39,"PHF1;H2BC1;RBBP7;H2AZ2;H2BC14;AEBP2;DNMT1;DNMT3B;DNMT3A;H2AC20;H2BC3;H2AC14;EED;SUZ12;H2BC9"
"PTEN Regulation R-HSA-6807070",0.607607607607608,1,0.0367619553883609,0.225512313718583,0.957671939929261,137,"RRAGD;UBB;AKT3;CHD3;PTEN;LAMTOR3;AGO4;PSMA6;PML;RBBP7;NR2E1;HDAC3;MTA3;TNRC6C;RHEB;MAPK1;SNAI1;PSMD9;PSMB3;GDNF;PSMB4;PSMD13;PSMF1;MAPK3;PSME4;TNKS;DPEP3;SCMH1;NEDD4;PSMB9;PSMC2;PSMB11;PSMC6;HDAC1;MLST8;PSMC3;EED;XIAP;SUZ12;PSMD12;PSMD5;MTOR;TNRC6A;CBX6;PPARG;CNOT6L;VAPA;FRK;TP53"
"Packaging Of Telomere Ends R-HSA-171306",0.346719036950915,1,0.203508959461977,-0.182988893668652,-1.03334646537783,30,"H2AJ;H2AC6;H2AC19;H4C15;TERF2IP"
"Paracetamol ADME R-HSA-9753281",0.819565217391304,1,0.0261139619405561,0.225369797053033,0.75058881957234,23,"ABCG2;CYP2E1;GGT6;SULT1E1"
"Pausing And Recovery Of Tat-mediated HIV Elongation R-HSA-167238",0.96234309623431,1,0.0135373162884418,0.161095378425762,0.571445613333647,31,"CCNT1;NELFCD;ELOA;NELFA;SUPT4H1;POLR2K;NELFE;POLR2D;NELFB;SUPT5H;GTF2F1"
"Peptide Hormone Metabolism R-HSA-2980736",0.446231155778894,1,0.0511147954416412,0.25092196603389,1.02670340836063,88,"ENPEP;PCSK1;GNG13;PAX6;PCSK2;INS;SLC30A8;AOPEP;BCHE;GNB1;IGF1;RAB27A;CLTRN;KIF5A;SPCS2;GNAT3;EXOC7;CHGA;KLF4;CTSG;STX1A;SLC30A7;GCG;CRHR2;CPA4;FSHB;MBOAT4;DPP4"
"Peptide Ligand-Binding Receptors R-HSA-375276",0.864,1,0.0181674946847152,0.193263400918477,0.837076224311181,191,"MCHR2;CCL23;NTS;BDKRB1;CCL22;PROK1;QRFP;CXCL1;CCKAR;CXCL8;CX3CR1;CCKBR;CXCL10;NPSR1;RXFP2;C5;CXCL11;ACKR3;CCL20;MC2R;MRLN;C5AR2;AVPR2;RLN2;UTS2B;CCL17;GPNMB;CCR2;SSTR1;PDYN;CCL1;NLRP3;F2R;PENK;NPY2R;NMUR2;GHSR;CCL21;GALR1;PRLHR;CCR3;CCR5;OPRM1;EDNRA;ACKR1;UTS2;CCL11;AVPR1A;NPBWR1;TRHR;NPFFR2;KEL;SFTPA2;SSTR2;CCR6;INSL3;FPR2;NPS;MC1R;OPRK1;TAC1;CXCR6;QRFPR;AGTR2;CXCL5;CXCL13;UTS2R;NPY5R;RXFP1;PYY;CCL28;HCRTR1;INSL5;CNOT6;RXFP3;TACR3;NTSR2;XK;GRPR;BDKRB2;NMUR1;EDN3"
"Peroxisomal Lipid Metabolism R-HSA-390918",0.726890756302521,1,0.0304894126298511,0.236075358008266,0.827500087122813,29,"ACBD5;CROT;SYCP2;SLC25A17;PHYH;ACOT6;DECR2;EHHADH;AMACR;PECR;ACOX3;NUDT7;ACOX1;ACBD4;CRAT;ACOT8;ABCD1;KRTAP11-1"
"Peroxisomal Protein Import R-HSA-9033241",0.861476238624874,1,0.0190794888813551,0.19356741477591,0.76399081105992,62,"IDE;UBB;PEX13;UBE2D1;GNPAT;CROT;SYCP2;UBE2D3;PEX26;HAO1;BAAT;PHYH;PEX14;DECR2;NANOS2;EPHX2;GSTK1;HMGCL;EHHADH;DAO;AMACR;PECR;ACOX3;NUDT7;TYSND1;ACOX1;ZNF260"
"Phase 4 - Resting Membrane Potential R-HSA-5576886",0.620689655172414,1,0.191892240384838,-0.194179192389859,-0.922929009493981,19,"KCNK4;KCNK13"
"Phase I - Functionalization Of Compounds R-HSA-211945",0.344377510040161,1,0.0632191170859458,0.260479535939709,1.07977508927802,100,"CYP2F1;FMO3;CYP2E1;CYP3A5;CYP11A1;CYP24A1;NR1H4;CYP39A1;AOC2;CYP21A2;MTARC2;MTARC1;ACSS2;MAOB;NCOA1;CYP4F11;ALDH1A1;CYP3A43;CYP26C1;CYP1A1;AADAC;ADH7;CYP8B1;CYP1A2;ADH1A;CYP26A1;CES3;CYP27B1;RXRA;CYB5R3;FDXR;ADH6;ARNT2;FDX1;CYP4F8;FMO4;CYP3A4;TBXAS1;AOC1;FMO1;CYP2B6;CYP4B1;NQO2;CYP2C8;CYP2C19;CYP2C9;ACSS1;CMBL;AHR;FDX2;CYP4F2;CYP4F22;CYP7B1;CYP2S1;CYP7A1;POMC;CYB5B"
"Phase II - Conjugation Of Compounds R-HSA-156580",0.90251256281407,1,0.0154513814985972,0.185377399803546,0.762139873828466,93,"GSTM5;SULT1A2;GSTA1;TPMT;GGT6;BPNT2;SULT1E1;AS3MT;GSTM2;CHAC2;CYP1A2;MTRR;UGT2B11;GSTO2;UGT2B28;PODXL2;SULT4A1;GCLM;MTR;UGT2B7;GLYATL2;ABHD14B;GLYATL1;MAT1A;PAPSS2;GSTK1;UGT3A2;SULT6B1;ABHD10;SULT1B1;GSTM1;GSTT1;GGT7;GLYATL3;GSTA2;SLC35D1;MGST1;UGT2A3;UGT2B10;OPLAH;SLC26A1;ACSM4;GSTA3;ESD;PRNP;UGDH;ACSM2A;GSTT2;GGT1;GSTO1;UGT2A1;UGT2B4;GSTA4;SULT2A1"
"Phosphorylation Of APC/C R-HSA-176412",0.578602620087336,1,0.0430173196927508,0.286278828857581,0.929791099510276,20,"ANAPC16;UBE2D1;CDC23;CCNB1;ANAPC5;ANAPC4;UBE2C;ANAPC15;ANAPC2;CDK1;ANAPC10;ANAPC11;ANAPC7;CDC26;ANAPC1;CDC27"
"Plasma Lipoprotein Assembly R-HSA-8963898",0.98671096345515,1,0.0160304351647231,0.158842158813517,0.492043297647903,16,"APOA4;PRKCA;ABCA1;APOC2;ZDHHC8;PRKACG;APOB;APOA1;TRNP1"
"Plasma Lipoprotein Clearance R-HSA-8964043",0.954545454545455,1,0.219250346703755,-0.116925566329119,-0.692878158521768,34,"NR1H2;RPS27A;APOE"
"Plasma Lipoprotein Remodeling R-HSA-8963899",0.704545454545455,1,0.257206466468838,-0.154335821364153,-0.924145279868396,33,"PCSK6;ABCG1;APOE;APOC3;FGF21"
"Platelet Activation, Signaling And Aggregation R-HSA-76002",0.984015984015984,1,0.00581457622839549,0.164405828464598,0.726007358515531,253,"ITPR1;GNA14;ACTN1;APOOL;DGKI;MGLL;GNG13;F5;PIK3R6;PRKCG;FGG;MMRN1;VEGFA;CALM1;ADRA2B;F8;CDC37L1;GNB4;GNG10;PRKCE;LEFTY2;GNG2;GNB1;DGKG;PRKCB;VAV3;IGF1;PIK3R3;EGF;ARRB2;RASGRP1;PIK3R2;MAPK1;DGKE;BRPF3;TRPC7;VAV1;F13A1;CRK;HRG;PRKCA;TUBA4A;GNAT3;DGKK;VPS72;PLG;MAPK3;AHSG;ADRA2C;PROS1;CD109;TGFB2;THPO;PLEK;PCDH7;SCG3;P2RY12;F2R;DGKZ;RNASE3;DAGLA;LHFPL2;STXBP2;CYB5R1;PHACTR2;HSPA5;GNAI3;GNG4;VEGFC;RARRES2;TTR"
"Platelet Aggregation (Plug Formation) R-HSA-76009",1,1,0.00930780437504605,0.104631913108925,0.381833512183116,36,"FGG;ADRA2B;RASGRP1;CRK;ADRA2C;THPO"
"Platelet Sensitization By LDL R-HSA-432142",0.956521739130435,1,0.147331213699377,-0.142863884174161,-0.635792567062208,17,"PECAM1;PPP2CB;PPP2CA;PTPN11;PPP2R5A;PPP2R5D;PPP2R5B;PTPN6;PPP2R1A;FGR;APOB;PPP2R5E;PLA2G4A;MAPK14;PPP2R1B;LRP8"
"Polymerase Switching On C-strand Of Telomere R-HSA-174411",0.728632478632479,1,0.0312052969963336,0.244160177923504,0.82929440462514,25,"DSCC1;RFC5;PRIM2;PCNA;RFC2;RFC4;POLA2;PRIM1;STN1;ACD;POLA1;TERF2;POT1;SLC19A1;POLD3;CHTF18"
"Positive Epigenetic Regulation Of rRNA Expression R-HSA-5250913",0.977822580645161,1,0.00815591848796014,0.147941266630495,0.591669999017068,69,"CHD3;POLR1B;H2BC1;KAT2A;RBBP7;H2AZ2;H2BC14;MTA3;POLR1F;H2AC20;MYBBP1A;H2BC3;DPEP3;POLR2K;POLR1A;POLR1D;HDAC1;H2AC14;H2BC9;TAF1C;DDX56;POLR1E;H2AC7;TBP"
"Post-translational Modification: Synthesis Of GPI-anchored Proteins R-HSA-163125",0.644221105527638,1,0.0341946045318573,0.224718842528368,0.922821131487682,91,"RTN4RL2;LSAMP;ALPP;PIGA;TECTA;LY6H;NRN1;MDGA2;FOLR2;THY1;CPM;SPRN;CNTN3;CNTN5;LY6E;LYPD5;LY6G6C;LY6D;PIGF;PIGQ;CD109;PLAUR;VNN1;PRND;ART4;RECK;MDGA1;LYPD1;LYPD4;PSCA;PGAP1;CNTN4;ALPL;PIGB;RTN4RL1;SPACA4;MSLN;GPIHBP1;PIGK;NRN1L;OPCML;DPM1;PIGH;CD52;LYPD8;TECTB;LY6G6F;PIGV;PIGO"
"Post-translational Protein Phosphorylation R-HSA-8957275",0.966900702106319,1,0.00893801210835004,0.159727541516678,0.663863498365001,105,"GOLM1;PPP3CA;F5;CHRDL1;FGG;SERPIND1;AMBN;TRIM26;TNNI3;FGF23;CDH2;GPC3;FBN1;TMEM132A;AHSG;BPIFB2;SCG3;MEPE;STC2;SDC2;PENK;ENAM;CHGB;VCAN;IGFBP1;HSP90B1;IGFBP5;AMELX;CSF1;FAM20A;HRC;FGA;FSTL1;LMNB2;SERPINC1;LAMB1;MSLN;PRKCSH;SCG2;IGFBP3;PRSS23;APLP2;PROC;SGPP2;BMP15;CST3;DMTF1;SERPINA10;ITIH2;MATN3;VWA1"
"Postmitotic Nuclear Pore Complex (NPC) Reformation R-HSA-9615933",0.748140276301807,1,0.0296354881939192,0.238288642835828,0.816471203566392,26,"NUP58;NDC1;NUP160;NUP85;SEH1L;SUMO1;NUP205;SEC13;UBE2I;NUP133;RCC1;NUP98;NUP93;NUP107"
"Pre-NOTCH Processing In Golgi R-HSA-1912420",0.863134657836645,1,0.0241447930798382,0.222370626418443,0.705321408464827,18,"ST3GAL3;FURIN;RAB6A;NOTCH2;ATP2A2;B4GALT1;NOTCH4;SEL1L;TMED2;NOTCH3;ST3GAL6;MFNG;LFNG"
"Pre-NOTCH Transcription And Translation R-HSA-1912408",0.684745285364469,1,0.143902565267782,-0.141208407889165,-0.918015257696603,59,"H3-3B;H2AJ;H2AC6;H2AC19;SIRT6;H4C15;RBPJ"
"Processing Of Capped Intronless Pre-mRNA R-HSA-75067",0.405935835089674,1,0.203508959461977,-0.199388641604548,-1.09107875769104,29,"SNRPD3;CPSF2;CSTF3;PCF11;SNRPG;CSTF2;SNRPB;NCBP2;WDR33;FIP1L1;SNRPE;CPSF7;CPSF3;CSTF2T;CPSF4;NCBP1;SNRPF;NUDT21;PAPOLA;LSM10;COLEC12;ZNF473;CPSF6;CSTF1;SYMPK;LSM11;SLBP;PABPN1;CPSF1"
"Processing Of DNA Double-Strand Break Ends R-HSA-5693607",0.723340040241449,1,0.0285743975105342,0.217713577578349,0.876424336001055,75,"UBB;ABRAXAS1;RBBP8;POLR1B;UIMC1;RAD17;H2BC1;HERC2;H2BC14;BRCC3;WRN;RMI1;SERPINA2;RFC5;RHNO1;ATM;H2BC3;CHEK1;TIMELESS;POLR1A;RAD9B;CLSPN;H2BC9;RFC2;RNF168;RFC4;RAD9A;RAD50;TOP3A;UBE2I;UBE2N;TOPBP1;RPA3;H2BC11;PIAS4;CCNA1"
"Processing Of Intronless Pre-mRNAs R-HSA-77595",0.91703056768559,1,0.019974159565129,0.199528947957037,0.648040376039807,20,"CPSF1;PABPN1;SYMPK;CSTF1;CPSF6;COLEC12;PAPOLA;NUDT21;NCBP1;CPSF4"
"Processing Of SMDT1 R-HSA-8949664",0.643255295429208,1,0.0391155247681459,0.289366899997968,0.883104838861443,15,"MICU3;MCUB"
"Processive Synthesis On C-strand Of Telomere R-HSA-174414",0.99016393442623,1,0.0147735037814303,0.146845410855551,0.471110796810588,19,"POLR1B;LRIG1;WRN;POLR1A;PCNA;ACD;RPA3;BLM;TERF2;POT1"
"Processive Synthesis On Lagging Strand R-HSA-69183",0.887402452619844,1,0.0231538258045259,0.22291941406267,0.680316972108019,15,"POLR1B;LRIG1;PRIM2;POLR1A;PCNA;POLA2;PRIM1;RPA3;POLA1"
"Protein Folding R-HSA-391251",0.731658291457286,1,0.0279402790995263,0.211174901272265,0.867202140867519,91,"RGS11;GNA14;GNG13;GNB4;GNG10;TBCC;HDAC3;TBCD;RGS9BP;RGS6;KIFC3;GNG2;GNB1;PFDN4;TUBA8;CCT6A;CCT6B;TUBA3C;TUBA4A;PDCL;TUBB2A;DCAF7;GAPDHS;GNG4;NOP56;CCNE1;FBXO6;GNG12;CCNE2"
"Protein Localization R-HSA-9609507",0.973026973026973,1,0.00759591053352814,0.165928281518576,0.709685459346281,160,"IDE;UBB;PEX13;UBL4A;TIMM10;UBE2D1;ACBD5;HSCB;TIMM10B;CHCHD7;SLC25A4;GNPAT;TIMM22;ACO2;CS;CROT;OTC;SYCP2;COA6;UBE2D3;SERP1;PEX26;GDAP1;SLC25A12;HAO1;BAAT;PITRM1;CHCHD3;TIMM50;TIMM23;GET4;STX1A;SLC25A17;GFER;PHYH;PEX14;DECR2;SLC25A13;GRPEL2;EMD;CHCHD4;NANOS2;EPHX2;TOMM70;GSTK1;HMGCL;VAPA;BCS1L;TIMM44;GET3;EHHADH;SAMM50;DAO;PXMP4;AMACR;TOMM6;PECR;COX19;TOMM22;ACOX3;NUDT7;TYSND1;ACOX1"
"Protein Ubiquitination R-HSA-8852135",0.941649899396378,1,0.0120226641890431,0.167102271599441,0.671453085056039,73,"UBB;PEX13;RTF1;RNF20;UBE2D1;H2BC1;H2BC14;UCHL3;SELENOS;LEO1;HLTF;UBE2D3;UBE2Q2;H2BC3;PEX14;UBE2C;UBE2E3;UBA1;UBE2R2;H2BC9;PCNA;UBE2N;PRKDC;CDC73;UBE2G1;H2BC11;UBE2A;OTULIN;UBE2H;SHPRH;TMEM129;DERL1;UBE2W;UBE2K"
"Purine Catabolism R-HSA-74259",0.375415282392027,1,0.0637845390312975,0.346461637074819,1.0732297249556,16,"NUDT9;XDH;NT5C1A;NUDT16;GDA;NUDT1;NT5E;NUDT5"
"Pyroptosis R-HSA-5620971",0.930555555555556,1,0.0176259777744384,0.185758514227049,0.630932110920376,25,"GSDME;CASP3;IRF2;BAK1;CHMP2A;CHMP7;ELANE;CHMP4C;CYCS;BAX;TP53;IL1A;IL1B;IRF1;TP63;CASP4;CHMP2B"
"Pyruvate Metabolism And Citric Acid (TCA) Cycle R-HSA-71406",0.790926624904014,1,NA,-0.078691161498154,-0.513969154225363,51,"MPC2;SLC16A1;DLST"
"Pyruvate Metabolism R-HSA-70268",0.877551020408163,1,0.216542836735348,-0.137456739280349,-0.776224353456718,30,"MPC2;SLC16A1;PDHX;PDK4;HAGH;LDHAL6A;PDPR;PDPK1;SLC16A8;LDHB;LDHC;LDHA;MPC1;BSG;SLC16A3;DLAT;PDHB;GSTZ1;LDHD;VDAC1;GLO1;PDHA1"
"RA Biosynthesis Pathway R-HSA-5365859",0.793253536452666,1,0.0278699114874201,0.234244568707068,0.76680495556644,21,"ALDH1A1;CYP26C1;ADH7;ADH1A;CYP26A1;AKR1C3;DHRS9;CRABP1;DHRS3;RDH10;RDH11;SDR16C5"
"RAC1 GTPase Cycle R-HSA-9013149",0.988,1,0.00523322083191526,0.157583978287943,0.678698602793099,176,"FAM13A;CYFIP2;ARHGEF11;BAIAP2;ARHGAP32;EGR2;ARHGEF4;CYBB;TIAM2;ABR;NCKAP1;ALS2;NOX1;GARRE1;ARHGAP35;VAV3;WAS;ARHGEF6;PIK3R3;ECT2;MPP7;ARHGAP20;PIK3R2;GMIP;VAV1;TIAM1;KALRN;SH3BP1;NCF4;NISCH;ARHGAP30;TMPO;NOXO1;WASF1;DOCK8;PARD6A;DOCK3;DOCK7;PLEKHG1;DHDDS;NHS;ARHGEF7;WIPF2;VANGL1;ARHGAP44;IQGAP3;ARHGAP10;NGEF;EMD;TRIO;FMNL1;VAV2;OPHN1;DOCK6;DIAPH3;SLC1A5;SWAP70;ARHGAP25;PLD2;ARHGAP12;SYDE2;ABI1;MCF2;ARHGEF19;DOCK11;PRKCSH;GNA13;NOX3;DLC1;PAK4;ARHGAP33;BAIAP2L1;GIT1;WASF3;DEF6"
"RAC2 GTPase Cycle R-HSA-9013404",0.971830985915493,1,0.0086840800745758,0.152883123121222,0.62524491671505,87,"VAPB;SLITRK5;ARHGAP32;CYBB;ABR;NCKAP1;GARRE1;ARHGAP35;VAV3;PIK3R3;MPP7;PIK3R2;VAV1;TIAM1;NCF4;TMPO;DSG2;DOCK3;NHS;VANGL1;EMD;TRIO;VAV2;OPHN1;SYDE1;DIAPH3;SWAP70;PLD2;ANKLE2;SAMM50;ABI1;MCF2;PAK4;BAIAP2L1;GIT1;DEF6"
"RAC3 GTPase Cycle R-HSA-9013423",0.98391959798995,1,0.00683906706351732,0.135955208296169,0.558788202216126,92,"SLITRK3;BAIAP2;SLITRK5;ARHGAP32;CYBB;ABR;NCKAP1;NOX1;GARRE1;ARHGAP35;MPP7;PIK3R2;TIAM1;NCF4;TMPO;NOXO1;WASF1;DSG2"
"RAF/MAP Kinase Cascade R-HSA-5673001",0.340659340659341,1,0.0635007968065945,0.237605239548006,1.05293121557462,267,"FGF13;CAMK2A;NEFL;KIT;FLT3;DUSP9;SHC3;UBB;SHC2;MAPK12;SPTBN2;ARAF;KSR2;SYNGAP1;GFRA4;ABHD17C;FGG;LAMTOR3;SPRED2;DUSP8;PSMA6;CALM1;RAPGEF2;CUL3;CNKSR2;TEK;SPTBN4;KL;MRAS;CAMK2B;GFRA2;CAMK2G;PPP2R5C;GPRIN1;PDE6D;EGF;CNKSR1;ARRB2;GRIN2D;KLB;RASGRP1;FGFR1;PIK3R2;MAPK1;FGF23;PSMD9;JAK2;SPTBN5;PSMB3;DAB2IP;FGFR2;PPP5C;HBEGF;FLT3LG;FGF10;FRS2;NRG4;GDNF;DUSP16;MAP2K1;NRG2;PSMB4;FGF16;PSMD13;PSMF1;MAPK3;PSME4;RET;RASGRP4;AREG;SPTAN1;RNASE3;PAQR3;FGF7;IL2RG;FGF18;RASAL3;PSMB9;RASAL1;IRS2;PSMC2;PSMB11;NRTN;PSMC6"
"RAS Processing R-HSA-9648002",0.668131868131868,1,0.0366850427613443,0.276739575738462,0.870903867380239,17,"ABHD17C;CALM1;PDE6D"
"RHO GTPase Cycle R-HSA-9012999",0.992007992007992,1,0.00409492237559551,0.168309707824438,0.761784630906877,434,"PLEKHG5;SLITRK3;FAM13A;CYFIP2;ARHGEF11;RND2;ACTN1;NSFL1C;RND1;VAPB;ARHGEF28;RHOJ;RNF20;GFOD1;STMN2;COPS4;BAIAP2;ARHGEF9;SLITRK5;ACBD5;DBN1;ARHGAP32;EGR2;ARHGEF4;CUL3;AKAP12;AKAP13;CYBB;PTK2B;GOPC;ZAP70;TIAM2;DIAPH1;PHIP;ARHGEF17;ABR;NCKAP1;ALS2;MTMR1;ANKRD26;NOX1;GARRE1;ARHGAP35;SHKBP1;VAV3;WAS;RHOBTB2;ARHGEF6;CCT6A;PIK3R3;FGD1;ROCK2;ECT2;MPP7;FAM135A;ARHGAP20;PIK3R2;GMIP;ZNF512B;EPSTI1;VAV1;EFHD2;TIAM1;KALRN;ARHGEF16;SLC4A7;LETM1;SH3BP1;STARD13;CCDC187;NCF4;NISCH;ARHGAP30;FRS2;TMPO;WDR6;NOXO1;WASF1;FMNL3;STAM2;NUDC;PDE5A;DSPP;ITSN1;DSG2;DOCK8;PARD6A;FILIP1;PCDH7;DOCK3;LRRC1;SPTAN1;RBM15;RBBP6;KIF14;TWF1;DOCK7;WDR11;PLEKHG1;RND3;CPNE8;DHDDS;ARHGDIG;NHS;ARHGAP6;ARHGEF7;TOR1AIP1;WIPF2;MTR;TNFAIP1;GRB7;HGS;VANGL1;RHOF;ARHGEF12;ARHGAP44;IQGAP3;ARHGAP10;NGEF;PLEKHG4B;ARFGAP2;ARHGAP11A;SH3RF1;EMD;TRIO;RHOC;FMNL1;MUC13;SCFD1;VAV2;OPHN1"
"RHO GTPase Effectors R-HSA-195258",0.961038961038961,1,0.00918593980608508,0.175206483896073,0.774859619326175,258,"PFN2;CLIP1;NCKIPSD;CYFIP2;CENPQ;BAIAP2;CDC25C;SKA2;YWHAG;CALM1;SGO1;H2BC1;CYBB;PIK3R4;GOPC;SGO2;H2AZ2;KIF2A;DIAPH1;LIMK1;MAPK11;NCKAP1;H2BC14;PRKCB;MIS12;NOX1;PPP2R5C;KLC3;AURKB;WAS;ROCK2;SPDL1;MAPK1;NUP160;CENPE;CDCA8;PPP1R12B;MRTFA;KIF5A;KLC4;DYNC1I1;NCF4;SPC24;DVL2;BUB1B;PRKCA;NF2;SPC25;NUP85;VPS72;CENPN;NOXO1;WASF1;MAD1L1;MAPK3;FMNL3;NUDC;ZWILCH;AREG;KIF2B;ITGB3BP;H2AC20;KIF14;H2BC3;DHDDS;CKAP5;SCAI;ARHGEF7;WIPF2;BUB1;CENPO;PPP1R12A;EVL;CENPP;IQGAP3;H2AC14;CENPU;MAD2L1;BTK;RHOC;FMNL1;SEH1L;PRC1;CENPF;H2BC9;DYNLL1;CENPI;RHOD;PPP2R1B;NDEL1;DIAPH3;YWHAH;KNL1;PAFAH1B1;H2AC7;NDC80"
"RHO GTPases Activate Formins R-HSA-5663220",0.511511511511512,1,0.0446854397644147,0.237094668252276,0.993990479247437,114,"PFN2;CLIP1;CENPQ;SKA2;SGO1;SGO2;KIF2A;DIAPH1;MIS12;PPP2R5C;AURKB;SPDL1;NUP160;CENPE;CDCA8;MRTFA;DYNC1I1;SPC24;DVL2;BUB1B;SPC25;NUP85;CENPN;MAD1L1;FMNL3;NUDC;ZWILCH;KIF2B;ITGB3BP;CKAP5;SCAI;BUB1;CENPO;EVL;CENPP;CENPU;MAD2L1;RHOC;FMNL1;SEH1L;CENPF;DYNLL1;CENPI;RHOD;PPP2R1B;NDEL1;DIAPH3;KNL1;PAFAH1B1;NDC80"
"RHO GTPases Activate WASPs And WAVEs R-HSA-5663213",0.751565762004175,1,0.0285038599247822,0.229417668129179,0.822759908673031,33,"NCKIPSD;CYFIP2;BAIAP2;NCKAP1;WAS;MAPK1;WASF1;MAPK3"
"RHOB GTPase Cycle R-HSA-9013026",0.9375,1,0.012605799966357,0.16923398057399,0.676827172028734,69,"ARHGEF11;ARHGEF28;ARHGAP32;AKAP13;DIAPH1;ARHGEF17;ABR;ARHGAP35;ROCK2;ECT2;PIK3R2;STARD13;PCDH7;DHDDS;ARHGDIG;VANGL1;ARHGEF12;IQGAP3;VAV2;OPHN1;DIAPH3;STOM;DAAM1;MCF2;ARHGEF3;STK10;ACTC1;DLC1;STARD8"
"RHOC GTPase Cycle R-HSA-9013106",0.880281690140845,1,0.0173129588067077,0.186336037852411,0.748738519683529,73,"ARHGEF11;VAPB;ARHGEF28;ACBD5;ARHGAP32;AKAP13;DIAPH1;ARHGEF17;ABR;ARHGAP35;ROCK2;STARD13;CCDC187;TMPO;FMNL3;DHDDS;VANGL1;ARHGEF12;IQGAP3;RHOC;VAV2;OPHN1"
"RHOD GTPase Cycle R-HSA-9013405",0.702429149797571,1,0.0303467275556782,0.231654061370298,0.887314546043594,50,"ACTN1;VAPB;DBN1;ARHGAP32;AKAP12;DIAPH1;ARHGAP35;PIK3R2;EFHD2;SLC4A7;TMPO;FILIP1;CPNE8;TOR1AIP1;VANGL1;EMD;RHOD;DIAPH3;WHAMM"
"RHOF GTPase Cycle R-HSA-9035034",0.780185758513932,1,0.0259735747969448,0.216424517193006,0.802440827710188,40,"ACTN1;ARHGAP32;AKAP12;DIAPH1;MTMR1;PIK3R2;SLC4A7;TMPO;TOR1AIP1;VANGL1;RHOF;SYDE1;DIAPH3;FAM169A"
"RHOH GTPase Cycle R-HSA-9013407",0.932150313152401,1,0.0158662282151999,0.175844234924166,0.633975994739162,34,"NSFL1C;DBN1;ZAP70;ROCK2;SLC4A7;WDR11;ARHGDIG;MTR;VANGL1"
"RHOJ GTPase Cycle R-HSA-9013409",0.680808080808081,1,0.0317812506835949,0.230236986110143,0.891595220017545,54,"RHOJ;ARHGAP32;ARHGAP35;WAS;MPP7;PIK3R2;SLC4A7;TMPO;FMNL3;DOCK8;CPNE8;ARHGEF7;WIPF2;VANGL1;IQGAP3;TRIO;OPHN1;SYDE1;DIAPH3;STOM;SLC1A5"
"RHOQ GTPase Cycle R-HSA-9013406",0.997977755308392,1,0.0054335217582325,0.105439404916045,0.41245100471702,58,"GFOD1;ARHGEF9;ARHGAP32;GOPC;ARHGAP35;MPP7;SLC4A7;ITSN1;CPNE8;ARHGEF7;VANGL1;IQGAP3;OPHN1;SYDE1;DIAPH3;STOM;SLC1A5;DLC1;PAK4;ARHGAP33;GIT1;CDC42BPA;STEAP3;SCRIB;TFRC"
"RHOU GTPase Cycle R-HSA-9013420",0.523219814241486,1,0.0450442767152794,0.265324205825246,0.977937433320413,38,"PTK2B;ARHGEF6;PIK3R2;ARHGAP30;WDR6;STAM2;PARD6A;SPTAN1;ARHGEF7;HGS;VANGL1"
"RHOV GTPase Cycle R-HSA-9013424",0.804878048780488,1,0.248911114434702,-0.142376804912705,-0.850610909593553,36,"TPM3;TPM4;CDC42;DST;PKN2;PIK3R1;CCP110;MAP3K11;NCK1;IQGAP1;USP9X;PEAK1;DEPDC1B;GIT2;MYO9A;EPHA2;WASL;CLTC;NCK2;PKN1;DLG5;SPTBN1;PARD6B;TXNL1;GIT1;PAK4;CEP97;ARHGAP12;RHOV;SH3RF1;VANGL1;ARHGEF7;SPTAN1;PARD6A;WDR6"
"RIPK1-mediated Regulated Necrosis R-HSA-5213460",0.780692549842602,1,0.0268158762373842,0.22358400538636,0.789820804937958,30,"UBB;FASLG;TANK;RIPK1;BIRC3;MLKL;CASP8"
"RMTs Methylate Histone Arginines R-HSA-3214858",0.369699850223178,1,0.203508959461977,-0.172072001695779,-1.15418642894951,48,"H2AJ;SMARCB1;H2AC6;H2AC19;RPS2;H4C15;SMARCE1;PRMT1"
"RNA Pol II CTD Phosphorylation And Interaction With CE R-HSA-77075",0.769394261424017,1,0.0282219183873982,0.231382645812366,0.79280852441195,26,"RNGTT;POLR2K;POLR2D;GTF2H4;GTF2H5;SUPT5H;GTF2F1;GTF2H3;GTF2H1;ERCC3;GTF2F2;RNMT;ERCC2;CCNH"
"RNA Polymerase I Promoter Clearance R-HSA-73854",0.935613682092555,1,0.012605799966357,0.168651158887397,0.677676849328946,73,"CHD3;POLR1B;H2BC1;KAT2A;RBBP7;H2AZ2;H2BC14;MTA3;DPEP2;MAPK3;POLR1F;H2AC20;H2BC3;DPEP3;UBTF;POLR2K;POLR1A;POLR1D;HDAC1;H2AC14;GTF2H4;H2BC9;TAF1C;POLR1E;GTF2H5;H2AC7;TBP;GTF2H3;GTF2H1;ERCC3;H3C13;H2BC11;ERCC2;CCNH"
"RNA Polymerase I Promoter Escape R-HSA-73772",0.984848484848485,1,0.00745009291296373,0.137065744851713,0.532297912428586,55,"POLR1B;H2BC1;H2AZ2;H2BC14;POLR1F;H2AC20;H2BC3;UBTF;POLR2K;POLR1A;POLR1D;H2AC14;GTF2H4;H2BC9;TAF1C;POLR1E;GTF2H5;H2AC7;TBP;GTF2H3;GTF2H1;ERCC3;H3C13;H2BC11;ERCC2;CCNH;H3C7;H2AC4;H2BC15;POLR2H;POLR1H;H2BC5;TAF1B;H2AX"
"RNA Polymerase I Transcription Initiation R-HSA-73762",0.580183861082737,1,0.0398406946073899,0.25127798922208,0.943776101891996,44,"CHD3;POLR1B;KAT2A;RBBP7;MTA3;POLR1F;DPEP3;UBTF;POLR2K;POLR1A;POLR1D;HDAC1;GTF2H4;TAF1C;POLR1E;GTF2H5;TBP;GTF2H3;GTF2H1;ERCC3;ERCC2;CCNH"
"RNA Polymerase I Transcription R-HSA-73864",0.940643863179074,1,0.0121212734616549,0.167601041744432,0.674419150722573,74,"CHD3;POLR1B;H2BC1;KAT2A;RBBP7;H2AZ2;H2BC14;MTA3;DPEP2;MAPK3;POLR1F;H2AC20;H2BC3;DPEP3;UBTF;POLR2K;POLR1A;POLR1D;HDAC1;H2AC14;GTF2H4;H2BC9;TAF1C;POLR1E;GTF2H5;H2AC7;TBP"
"RNA Polymerase I Transcription Termination R-HSA-73863",0.543067226890756,1,0.0441523058441465,0.276623514670483,0.969630987415589,29,"POLR1B;POLR1F;UBTF;POLR2K;POLR1A;POLR1D;GTF2H4;TAF1C;POLR1E;GTF2H5;TBP;GTF2H3;GTF2H1;ERCC3;ERCC2;CCNH"
"RNA Polymerase II Pre-transcription Events R-HSA-674695",0.638104838709677,1,0.0347904098478036,0.229085557298844,0.925073572523667,78,"TAF9B;RTF1;TAF9;CCNT1;TAF3;GTF2B;TAF4;NELFCD;LEO1;TAF5;ELOA;NELFA;CCNK;GTF2E2;TAF11;SUPT4H1;POLR2K;NELFE;CCNT2;POLR2D;GTF2H4;TAF1;NELFB;GTF2H5;TBP;AFF4;SUPT5H;GTF2F1;GTF2A1;GTF2H3;GTF2H1;ERCC3;GTF2F2;CDC73;NCBP1;ERCC2;CCNH"
"RNA Polymerase II Transcription Termination R-HSA-73856",0.467534016260924,1,0.203508959461977,-0.143055312008159,-0.912406214375816,67,"SNRPD3;SRSF1;SRSF4;SRSF9;CPSF2;SRSF5;CSTF3;RBM8A;PCF11;SNRPG;SRSF3;U2AF2;CASC3"
"RNA Polymerase III Transcription Initiation From Type 1 Promoter R-HSA-76061",0.398936170212766,1,0.0589694466690997,0.310873311443556,1.06907002525293,27,"CRCP;POLR3C;BDP1;POLR3G;POLR3F;POLR3D;POLR2K;POLR3GL;POLR1D;GTF3C4;GTF3C6;POLR3H"
"RNA Polymerase III Transcription Initiation From Type 2 Promoter R-HSA-76066",0.351753453772582,1,0.0649407684612899,0.321814499400164,1.10266384718719,26,"CRCP;POLR3C;BDP1;POLR3G;POLR3F;POLR3D;POLR2K;POLR3GL;POLR1D;GTF3C4;GTF3C6;POLR3H"
"RND1 GTPase Cycle R-HSA-9696273",0.605344295991778,1,0.0381628909049257,0.248813955059017,0.930579988088975,42,"PLEKHG5;RND1;STMN2;ANKRD26;ARHGAP35;FAM135A;PIK3R2;EPSTI1;FRS2;WDR6;DSPP;KIF14;GRB7;VANGL1"
"RND2 GTPase Cycle R-HSA-9696270",0.762589928057554,1,0.0269562963008323,0.218325846809575,0.816552527672248,42,"RND2;ANKRD26;ARHGAP35;PIK3R2;NISCH;FRS2;WDR6;NUDC;LRRC1;KIF14;TNFAIP1;VANGL1"
"RND3 GTPase Cycle R-HSA-9696264",0.97841726618705,1,0.0103504582782501,0.142788298450994,0.534037301244834,42,"PLEKHG5;ANKRD26;ARHGAP35;PIK3R2;NISCH;WDR6;DSPP;RND3;TNFAIP1;VANGL1;MUC13;HOMER2;RASAL2"
"ROS And RNS Production In Phagocytes R-HSA-1222556",0.875130072840791,1,0.0199001825208318,0.195307691246049,0.71273686477681,36,"ATP6V1D;CYBB;ATP6V1A;NCF4;ATP6V1H;ATP6V1E2;ATP6V1G3;ATP6V1C1;NANOS2;ATP6V0D2;ATP6V1B1;ATP6V0A4;NANOS1;LPO"
"RUNX1 Regulates Genes Involved In Megakaryocyte Differentiation And Platelet Function R-HSA-8936459",0.638713111368498,1,0.143902565267782,-0.140041767210249,-0.887827403946261,63,"H3-3B;H2AJ;H2AC6;H2AC19;KMT2E;CBFB;H4C15;SETD1A;PRMT1"
"Rap1 Signaling R-HSA-392517",0.795127353266888,1,0.0286449572929609,0.246109985455111,0.762371713731109,16,"RAP1GAP;RASGRP1;PRKCA;RAP1GAP2;RNASE3;PRKG1;RASGRP2;RAPGEF4;PRKACG"
"Recognition Of DNA Damage By PCNA-containing Replication Complex R-HSA-110314",0.869747899159664,1,0.0208547494438027,0.201127601094187,0.704999915418595,29,"UBB;POLR1B;POLE2;DTL;RFC5;POLE;POLR1A;PCNA;RFC2;RFC4;CUL4B;CUL4A;RPA3"
"Recruitment And ATM-mediated Phosphorylation Of Repair And Signal Proteins At DNA Double Strand Breaks R-HSA-5693565",0.742654508611955,1,0.0275885895800029,0.22080537437384,0.859712919817344,56,"UBB;ABRAXAS1;UIMC1;H2BC1;HERC2;H2BC14;CNKSR3;EYA3;CHEK2;BRCC3;MAPK8;PPP5C"
"Recruitment Of NuMA To Mitotic Centrosomes R-HSA-380320",0.785498489425982,1,0.024285888595648,0.206581347985856,0.83668572486708,79,"CEP63;CEP192;CEP164;HAUS8;YWHAG;TUBGCP6;DCTN2;AKAP9;CEP70;TUBGCP2;CEP76;CEP135;HAUS3;PRKCA;TUBA4A;SFI1;HAUS7;ODF2;HAUS2;CKAP5;MZT2A;CEP78;MZT1;NINL;OFD1;DYNLL1;ACTR1A;CENPJ;TUBGCP5;PAFAH1B1;CEP131;DCTN3;ALMS1;DCTN1;TUBG1;PCNT;CETN2;NEDD1"
"Recycling Of Bile Acids And Salts R-HSA-159418",0.588300220750552,1,0.0427591434738678,0.293118652098215,0.929721986554955,18,"NR1H4;NCOA1;SLC51A;BAAT;RXRA;SLCO1B1;SLC10A2;SLC51B;FABP6;SLCO1B3"
"Recycling Pathway Of L1 R-HSA-437239",0.480972515856237,1,0.0499913914024592,0.290360660052311,1.01123803490681,28,"EZR;L1CAM;DNM1;SH3GL2;NUMB;RPS6KA5;MAPK1;KIF4A;RPS6KA3;AP2A1;RPS6KA4;RPS6KA6"
"Regulated Necrosis R-HSA-5218859",0.958585858585859,1,0.0106794512946723,0.15690224892638,0.609333423527655,55,"UBB;FASLG;GSDME;CASP3;TANK;RIPK1;IRF2;BAK1;BIRC3;CHMP2A;MLKL;CASP8;CHMP7;ELANE;XIAP;CHMP4C;CYCS;PDCD6IP;BAX;TP53"
"Regulation Of APC/C Activators Between G1/S And Early Anaphase R-HSA-176408",0.731117824773414,1,0.0280810636309052,0.215496220298321,0.872792306974208,79,"ANAPC16;UBB;UBE2D1;PSMA6;CDC23;CCNB1;BTRC;PSMD9;PSMB3;BUB1B;PSMB4;PSMD13;PSMF1;PSME4;ANAPC5;ANAPC4;PSMB9;PSMC2;PSMB11;PSMC6;UBE2C;PSMC3;MAD2L1;ANAPC15;PSMD12;PSMD5"
"Regulation Of Actin Dynamics For Phagocytic Cup Formation R-HSA-2029482",0.427704752275025,1,0.053347785067549,0.265414000694987,1.03817900847512,57,"NCKIPSD;CYFIP2;BAIAP2;LIMK1;NCKAP1;VAV3;WAS;MAPK1;VAV1;CRK;NF2;VPS72;WASF1;MAPK3;MYH2;MYO10;WIPF2;BTK;VAV2;MYO5A;CD247"
"Regulation Of Activated PAK-2p34 By Proteasome Mediated Degradation R-HSA-211733",0.845997973657548,1,0.0203426159572209,0.200176210150771,0.761233550133862,48,"UBB;PSMA6;PSMD9;PSMB3;PSMB4;PSMD13;PSMF1;PSME4;PSMB9;PSMC2;PSMB11;PSMC6;PSMC3;PSMD12;PSMD5"
"Regulation Of Apoptosis R-HSA-169911",0.574619289340102,1,0.0400031517498194,0.249030709105294,0.954606076711372,51,"UBB;OMA1;PSMA6;PSMD9;PSMB3;PSMB4;PSMD13;PSMF1;PSME4;MED12;PSMB9;PSMC2;PSMB11;PSMC6;PSMC3;ARHGAP10;PSMD12;PSMD5"
"Regulation Of Beta-Cell Development R-HSA-186712",0.420020639834881,1,0.0551351763385257,0.285417825171646,1.05824847778096,40,"AKT3;PAX6;INS;KAT2A;MAML2;CREBBP;FGF10;RFX6;FOXA3;NEUROG3;IAPP;NR5A2;PAX4;PKLR;NKX6-1;ONECUT3;MAMLD1;SLC2A2;AKT1;MAML3;INSM1;HNF1B;EP300;MAP4K2;AKT2;MAML1"
"Regulation Of Cholesterol Biosynthesis By SREBP (SREBF) R-HSA-1655829",0.831313131313131,1,0.0212181723861707,0.200708630686143,0.779456495393631,55,"TBL1XR1;SREBF2;SEC23A;CARM1;INSIG2;NCOA1;SEC24D;CREBBP;HMGCR;GGPS1;ELOVL6;GPAM;RXRA;MBD4;MBTPS2;LIN9;IDI1;SEC24A;CHD9;SEC24C;HELZ2;ACACA;INSIG1;PPARA;LMBR1;NCOA6;SMARCD3;SQLE"
"Regulation Of FZD By Ubiquitination R-HSA-4641263",0.708196721311475,1,0.0336769978828608,0.261554164241061,0.839120473747345,19,"UBB;FZD8;ZNRF3;FZD4;USP8;RSPO3;RSPO1;LGR4;FZD6;RSPO2"
"Regulation Of Gene Expression In Late Stage (Branching Morphogenesis) Pancreatic Bud Precursor Cells R-HSA-210744",0.822742474916388,1,0.027237219988033,0.243630613335481,0.74352447889809,15,"KAT2A;MAML2;CREBBP;NEUROG3;ONECUT3;MAMLD1;MAML3;HNF1B;EP300;MAML1"
"Regulation Of HSF1-mediated Heat Shock Response R-HSA-3371453",0.725075528700906,1,0.0285038599247822,0.216694829721256,0.877646856543367,79,"UBB;HSPH1;POLR1B;NUP58;NUP88;NDC1;BAG1;MAPK1;NUP160;HSPA12A;NUP85;SERPINA2;MAPK3;DEDD2;HIKESHI;ATM;RPS19BP1;DNAJB1;DNAJC2;HSPA5;HSPA4L;CRYBA4;POLR1A"
"Regulation Of IFNA/IFNB Signaling R-HSA-912694",0.898471615720524,1,0.0212181723861707,0.205823281323377,0.668483435572809,20,"IFNA6;TYK2;IFNAR1"
"Regulation Of IGF Transport And Uptake By IGFBPs R-HSA-381426",0.844533600802407,1,0.0198261062533673,0.197820080131502,0.832454802367083,122,"GOLM1;PPP3CA;F5;CHRDL1;FGG;PAPPA;SERPIND1;AMBN;TRIM26;TNNI3;IGF1;FGF23;CDH2;IGFBP6;GPC3;FBN1;TMEM132A;KLK13;PLG;AHSG;CTSG;BPIFB2;SCG3;MEPE;STC2;SDC2;PENK;ENAM;CHGB;PAPPA2;VCAN;IGFBP1;HSP90B1;IGFBP5;AMELX;KLK1;CSF1;FAM20A;HRC;FGA;FSTL1;LMNB2;SERPINC1;MMP1;MMP2;LAMB1;MSLN;PRKCSH;SCG2;IGFBP3;KLKB1;PRSS23;APLP2;PROC;GZMH;SGPP2;IGFBP2;BMP15;CST3;DMTF1;SERPINA10;ITIH2;MATN3;VWA1"
"Regulation Of KIT Signaling R-HSA-1433559",0.843853820598007,1,0.0255522951965404,0.232261561268491,0.719473629526578,16,"KIT;SOCS6;PRKCA;LYN;CBL;SH2B2;SOCS1"
"Regulation Of Necroptotic Cell Death R-HSA-5675482",0.751585623678647,1,0.0291395520262835,0.230866908965699,0.804039360240545,28,"UBB;FASLG;TANK;RIPK1;BIRC3;MLKL;CASP8"
"Regulation Of Ornithine Decarboxylase (ODC) R-HSA-350562",0.876518218623482,1,0.0180135486781383,0.190620385625713,0.730141487430107,50,"SLC25A21;PSMA6;PSMD9;PSMB3;PSMB4;PSMD13;PSMF1;PSME4;PSMB9;PSMC2;PSMB11;PSMC6;PSMC3;PSMD12;PSMD5"
"Regulation Of PLK1 Activity At G2/M Transition R-HSA-2565942",0.797583081570997,1,0.0234376252595191,0.204537791672055,0.833875778994385,85,"UBB;CEP63;CCNB2;CEP192;CEP164;HAUS8;YWHAG;DCTN2;AKAP9;CEP70;CCNB1;CEP76;CEP135;BTRC;HAUS3;PPP1R12B;BORA;PRKCA;TUBA4A;SFI1;HAUS7;ODF2;HAUS2;CKAP5;CEP78;PPP1R12A;NINL;OFD1;DYNLL1;ACTR1A;CENPJ;PAFAH1B1;CEP131;DCTN3;ALMS1;DCTN1;TUBG1"
"Regulation Of PTEN Gene Transcription R-HSA-8943724",0.339412360688956,1,0.0643583367917361,0.278127038183576,1.09194587539633,60,"RRAGD;CHD3;PTEN;LAMTOR3;RBBP7;NR2E1;HDAC3;MTA3;RHEB;MAPK1;SNAI1;GDNF;MAPK3;DPEP3;SCMH1;HDAC1;MLST8;EED;SUZ12;MTOR;CBX6;PPARG"
"Regulation Of PTEN Stability And Activity R-HSA-8948751",0.84732052578362,1,0.0201218228563507,0.19834349825571,0.787553289556461,66,"UBB;AKT3;PTEN;PSMA6;PSMD9;PSMB3;PSMB4;PSMD13;PSMF1;PSME4;TNKS;NEDD4;PSMB9;PSMC2;PSMB11;PSMC6;PSMC3;XIAP;PSMD12;PSMD5"
"Regulation Of Pyruvate Dehydrogenase (PDH) Complex R-HSA-204174",0.585825027685493,1,0.0431036828790402,0.303108863589678,0.938936400140903,16,"PDK2;PDK3;PDP2;RXRA;PPARD;PLPP6;PDHA2"
"Regulation Of RAS By GAPs R-HSA-5658442",0.783400809716599,1,0.0247086313801197,0.210757985887412,0.834027608119984,64,"UBB;SYNGAP1;SPRED2;PSMA6;CUL3;PSMD9;PSMB3;DAB2IP;PSMB4;PSMD13;PSMF1;PSME4;RASAL3;PSMB9;RASAL1;PSMC2;PSMB11;PSMC6;PSMC3;PSMD12;PSMD5;KBTBD7;SPRED1;RASAL2"
"Regulation Of RUNX2 Expression And Activity R-HSA-8939902",0.75226586102719,1,0.0266052822097738,0.214379384861285,0.860891139336065,71,"UBB;PSMA6;WWP1;NKX3-2;RUNX2;NR3C1;SMURF1;PSMD9;PSMB3;PSMB4;PSMD13;PSMF1;PSME4;PPARGC1B;ESR1;ESRRA;PSMB9;PSMC2;PSMB11;PSMC6;PSMC3;PSMD12;PSMD5"
"Regulation Of RUNX3 Expression And Activity R-HSA-8941858",0.883248730964467,1,0.0177038118052295,0.187590850808545,0.721120819835908,53,"UBB;PSMA6;SMURF1;PSMD9;PSMB3;PSMB4;CDKN2A;PSMD13;PSMF1;MDM2;PSMB9;PSMC2;PSMC6;PSMC3;PSMD12;PSMD5"
"Regulation Of Signaling By CBL R-HSA-912631",0.686534216335541,1,0.0356176233437444,0.270474071340431,0.857897268284291,18,"PIK3R3;PIK3R2;VAV1;CRK"
"Regulation Of TLR By Endogenous Ligand R-HSA-5686938",0.949227373068433,1,0.0184736429135616,0.183972664799843,0.583529673615609,18,"GSDME;FGG"
"Regulation Of TP53 Activity Thru Acetylation R-HSA-6804758",0.341386554621849,1,0.0658311958368866,0.315878370335263,1.10722856115923,29,"AKT3;CHD3;ING5;PIP4K2B;PML;RBBP7;BRPF3;ING3;PIP4P1"
"Regulation Of TP53 Activity Thru Methylation R-HSA-6804760",0.388520971302428,1,0.0619762736001998,0.33762431684484,1.07088630600371,18,"UBB;CHEK2;SETD9;SMYD2;MDM2;ATM;L3MBTL1"
"Regulation Of TP53 Degradation R-HSA-6804757",0.869791666666667,1,0.0203426159572209,0.198121278293706,0.718405030258622,35,"UBB;AKT3;RICTOR;PPP2R5C;CHEK2;CDKN2A;MDM2;MAPKAP1;ATM;CCNG1;MLST8;MTOR;PPP2R1B;TP53"
"Regulation Of TP53 Expression And Degradation R-HSA-6806003",0.906347554630593,1,0.0176259777744384,0.187196630311057,0.683137149046533,36,"UBB;AKT3;RICTOR;PPP2R5C;CHEK2;CDKN2A;MDM2;MAPKAP1;ATM;CCNG1;MLST8;MTOR;PPP2R1B;TP53"
"Removal Of Flap Intermediate From C-strand R-HSA-174437",0.934782608695652,1,0.149207542435322,-0.168510381266701,-0.749928146651669,17,"FEN1;POLD2;TERF2IP"
"Reproduction R-HSA-1474165",0.98496993987976,1,0.00617356336775808,0.148441270792509,0.619627418258411,110,"DIDO1;CATSPER3;PMEPA1;RBBP8;SYNE2;ADAM20;STAG3;POLR1B;H2BC1;H2AZ2;ZP3;H2BC14;REC8;PSMC3IP;CATSPERB;SYCP1;SMC1B;SYCP2;SUN1;SPAM1;SERPINA2;ATM;ZP2;H2AC20;H2BC3;STAG2;SYNE1;PRDM9;CATSPER4;POLR1A;H2AC14;H2BC9;SPO11;SMC3;H2AC7;ADAM21;RAD50;TOP3A;ADAM30;B4GALT1;ZP4;MLH1;BRCA2;UBE2I;SYCE3;IZUMO4;ACD;SYCP3;RPA3;H3C13;H2BC11;BLM;OVGP1;H3C7;TERF2;IZUMO2;H2AC4;LMNB1;IZUMO3;CATSPERD;POT1;ACR;CATSPER1;IZUMO1;H2BC15"
"Resolution Of AP Sites Via Multiple-Nucleotide Patch Replacement Pathway R-HSA-110373",0.939102564102564,1,0.0169971052149879,0.181424976083056,0.616213171224286,25,"POLR1B;PARG;LRIG1;POLE2;RFC5;POLE;POLR1A;PCNA;RFC2;RFC4"
"Resolution Of Abasic Sites (AP Sites) R-HSA-73933",0.754385964912281,1,0.0277292221875017,0.223344470960909,0.823207660222588,38,"OGG1;POLR1B;PARG;LRIG1;NEIL1;SMUG1;POLE2;MUTYH;RFC5;POLE;POLR1A;MBD4;PCNA;RFC2;RFC4;LRIG3;PNKP"
"Resolution Of D-Loop Structures R-HSA-5693537",0.491649269311065,1,0.0484087618816951,0.277264483905965,0.999629172181455,34,"RBBP8;SPIDR;PALB2;XRCC3;RAD51D;WRN;RMI1;ATM;SLX1A;RAD51B;RAD51AP1;RAD50;EME2;TOP3A;SLX4;XRCC2;BRCA2"
"Resolution Of D-loop Structures Thru Synthesis-Dependent Strand Annealing (SDSA) R-HSA-5693554",0.698936170212766,1,0.0330162512586498,0.24850617556369,0.854594117943831,27,"RBBP8;PALB2;XRCC3;RAD51D;WRN;RMI1;ATM;RAD51B;RAD51AP1;RAD50;TOP3A;XRCC2;BRCA2"
"Resolution Of Sister Chromatid Cohesion R-HSA-2500257",0.35871743486974,1,0.0611692626746689,0.2565617216088,1.0663424187179,104,"CLIP1;PMEPA1;CENPQ;CCNB2;SKA2;SGO1;SGO2;KIF2A;MIS12;PPP2R5C;CCNB1;AURKB;WAPL;SPDL1;NUP160;CENPE;CDCA8;DYNC1I1;SPC24;BUB1B;SPC25;NUP85;CENPN;MAD1L1;NUDC;ZWILCH;KIF2B;ITGB3BP;STAG2;CKAP5;BUB1;CENPO;CENPP;CENPU;MAD2L1;SEH1L;CENPF;DYNLL1;CENPI;PPP2R1B;SMC3;NDEL1;KNL1;PAFAH1B1;NDC80"
"Response Of EIF2AK1 (HRI) To Heme Deficiency R-HSA-9648895",0.981047937569677,1,0.0169176756264572,0.170036514691092,0.518926210661594,15,"TRIB3;ATF5;EIF2S3;GRB10"
"Retinoid Metabolism And Transport R-HSA-975634",0.736896197327852,1,0.0287155399266326,0.224433576756135,0.839395825426879,42,"RIMBP2;AKR1C4;BCO1;GPC6;AKR1C1;APOA4;GPC3;GPC2;SDC3;SDC2;AKR1C3;LRP8;APOC2;TTR;SDC1;LDLR;LPL;GPC1;GPIHBP1;LRP12;PNLIP;RBP4;APOM;RDH11;APOB;CLPS;APOA1"
"Rev-mediated Nuclear Export Of HIV RNA R-HSA-165054",0.991649269311065,1,0.0105706949179311,0.139236201454866,0.501992057681727,34,"NUP58;NUP88;NDC1;NUP160;NUP85;SEH1L;NUP205;SEC13;NUP133;RCC1;NUP98;NUP93;NUP42;NUP107;RANBP1;NUP210;RNASE7;NUP37;NUP153;NUP155"
"Role Of GTSE1 In G2/M Progression After G2 Checkpoint R-HSA-8852276",0.853387259858443,1,0.019677649030838,0.196863642927311,0.77007839130232,58,"UBB;CCNB2;PSMA6;CCNB1;PSMD9;FKBPL;PSMB3;PSMB4;PSMD13;PSMF1;PSME4;PSMB9;PSMC2;PSMB11;PSMC6;PSMC3;PSMD12;PSMD5"
"Role Of Phospholipids In Phagocytosis R-HSA-2029485",0.604951560818084,1,0.0403295396423143,0.274936120668484,0.924542637360518,24,"ITPR1;PRKCE;PLD3;PIK3R2;CD247;PLA2G6;PLD2;PLCG1;PRKCSH;PLCG2"
"SARS-CoV-1 Infection R-HSA-9678108",0.913705583756345,1,0.0152836130945825,0.178611856324113,0.680136778352033,49,"UBB;RB1;TMPRSS2;ST3GAL3;PIK3R4;UVRAG;HOXC13"
"SARS-CoV-2 Activates/Modulates Innate And Adaptive Immune Responses R-HSA-9705671",0.944944944944945,1,0.0112106917277743,0.17687507863021,0.74152719447702,114,"IKBKB;MASP1;NUP58;SEC23A;PIK3R4;HOXC13;IFNA6;NUP88;NDC1;SFTPD;TKFC;TRIM4;TYK2;IRF7;NUP160;IFNAR1;SEC24D;TRAF6;TAB3;CREBBP;TLR7;NUP85;MBL2;NLRP12;NLRP3;RNF135"
"SCF(Skp2)-mediated Degradation Of P27/P21 R-HSA-187577",0.454585591299437,1,0.203508959461977,-0.151204272782241,-0.976440060608537,58,"CDKN1B;PSMB7;RPS27A;PSMB6;PSMD4;PSMD10;PSMC4;CDK2;PSMA1;PSMD3;PSMD14;PSME1;SEM1"
"SCF-beta-TrCP Mediated Degradation Of Emi1 R-HSA-174113",0.854822335025381,1,0.0198261062533673,0.198628040948595,0.763549048974871,53,"UBB;PSMA6;BTRC;PSMD9;PSMB3;PSMB4;PSMD13;PSMF1;PSME4;PSMB9;PSMC2;PSMB11;PSMC6;PSMC3;PSMD12;PSMD5"
"SHC-mediated cascade:FGFR1 R-HSA-5654688",0.516375545851528,1,0.0482149710025564,0.297604805302582,0.9665761881382,20,"FGF13;KL;FGFR1;FGF23;FGF10"
"SHC-mediated cascade:FGFR2 R-HSA-5654699",0.572361262241567,1,0.0433636987883266,0.285240202395334,0.941244392817477,22,"FGF13;FGF23;FGFR2;FGF10;FGF16;FGF7;FGF18;FGF20;FGF5;FGF9;FGF8;FGF17;FGF22"
"SHC-mediated cascade:FGFR3 R-HSA-5654704",0.636263736263736,1,0.0389556479965885,0.285727751859305,0.899189801271149,17,"FGF13;FGF23;FGF16;FGF18;FGF20;FGF5;FGF9;FGF8;FGF17;FGFR3;NRAS"
"SHC-mediated cascade:FGFR4 R-HSA-5654719",0.66120218579235,1,0.0369160593316849,0.273160848338675,0.876357144350107,19,"FGF13;KLB;FGF23;FGF16;FGF18;FGF20;FGFR4;FGF9;FGF8;FGF17"
"SHC1 Events In ERBB2 Signaling R-HSA-1250196",0.569096844396083,1,0.0436251240000606,0.287904492899503,0.942461945238349,21,"PRKCE;EGF;PRKCA;HBEGF;NRG4;NRG2"
"SLC Transporter Disorders R-HSA-5619102",0.932730923694779,1,0.0127010968624207,0.175019568288866,0.723313600723935,98,"SLC9A7;HEPH;NUP58;NUP88;SLC3A1;NDC1;SLC1A1;AVPR2;SLC12A1;NUP160;SLC22A12;NUP85;SLC35A2;SLC22A18;SLC26A4;SLC22A5;NLRP3;SLC26A3;SLC34A2;SLC6A18;SLC4A1;AVPR1A;SEH1L;NUP205;SLC3A2;SLCO1B1;SLC36A2;SLC24A1;SLC35C1;SLCO2A1;SLC17A8;SEC13;SLC5A7;TAC4;NUP133;RHAG;SLCO1B3;SLC6A19;SLC2A10;SLC35A1;SLC2A2;SLC5A2;NUP98;SLC35A3;SLC40A1;SLC5A5;SLC2A9;SLC6A5;SLC1A3;NUP93;NUP42;SLC12A3;SLC34A1;NUP107;MAP4K2"
"SLC-mediated Transmembrane Transport R-HSA-425407",0.95004995004995,1,0.0104610403416792,0.177990771685319,0.785160125141231,247,"SLC4A10;SLC1A2;SLC4A8;SLC9A7;SLC12A5;SLC5A4;SLC17A7;SLC8A2;SLC5A8;HEPH;SLC43A2;EMB;SLC30A8;CALM1;SLC1A4;AHCYL2;SLC20A1;SLC6A12;SLC25A4;SLCO1C1;SLC2A7;SLC29A2;SLC2A14;SLC43A1;SLC8B1;SLC3A1;SLC8A3;SLC8A1;SLC6A1;SLC30A1;SLC1A1;SLC14A1;SLC12A1;SLC30A10;MFSD4B;SLC28A2;SLC4A7;SLC15A2;SLC13A4;SLC7A1;SLC2A12;SLC17A1;SLC22A12;SLC35A2;RHCG;SLC22A16;SLC22A18;SLC26A4;SLC27A6;RSC1A1;SLC22A5;SLC7A3;NLRP3;SLC9A8;SLC29A1;LCN15;SLC5A3;SLC13A5;SLC16A7;SLC30A7;SLC26A9;SLC4A2;SLC6A13;SLC6A11;SLC18A2;SLC26A3;SLC17A6;SLC26A7;SLC34A2;SLC6A18;SLC4A1;SLC7A6;SLC4A9;SLC9A1;SLC22A3;SLC2A8;SLC25A18;ARL2BP;SLC15A1;SLC25A22;SLC25A10;SLC3A2;SLCO1B1;SLC44A5;SLC36A2;SLC25A26;SLC1A5;SLC39A14;SLCO4A1;SRI;SLC24A1;SLC44A3;SLC35C1;SLCO2A1;SLC15A3;SLC9A4;SLC17A8;SLC1A7;SLCO4C1;SLC10A6;SLC7A2;SLC5A7;SLC30A5;SLC7A8;SLC35D1;SLC24A3;RHAG;SLC38A5;SLC16A2;SLC9A2;SLC2A13;SLC16A10"
"STING Mediated Induction Of Host Immune Responses R-HSA-1834941",0.861572535991141,1,0.0244268887168729,0.226218311373728,0.700753532614396,16,"NLRP4;CGAS;TRIM21;DDX41;NLRC3;PRKDC;XRCC5;TREX1"
"SUMO E3 Ligases SUMOylate Target Proteins R-HSA-3108232",0.771228771228771,1,0.0248493879589072,0.206099372500441,0.884896891889007,166,"CHD3;PMEPA1;NSMCE3;THRB;TFAP2B;PCGF2;PML;NUP58;NR1H4;HDAC4;HERC2;NUP88;NDC1;AURKB;DNMT1;NR3C1;TOP2A;NCOA1;NUP160;ING3;CDCA8;CREBBP;MRTFA;WRN;TFAP2A;NR5A1;NR1I2;NUP85;CDKN2A;MDM2;DNMT3B;SMC5;ESR1;MITF;AREG;DNMT3A;ZBED1;L3MBTL2;SATB1;STAG2;SMC6;SCMH1;ZNF131;RXRA;POLR1A;PGR;HDAC1;RAD52;NR5A2;FOXL2;SUZ12;SEH1L;SUMO1;PCNA;PPARG;SMC3;NUP205;RNF168;TP53;SIN3A;SATB2;SAFB;SEC13;UBE2I;PPARA;TOPORS;CETN2;NR3C2;HIC1;NUP133;RORA;XRCC4"
"SUMOylation Of Chromatin Organization Proteins R-HSA-4551638",0.870707070707071,1,0.0183208529217527,0.188617031179112,0.732498495913322,55,"CHD3;PCGF2;NUP58;HDAC4;NUP88;NDC1;NUP160;NUP85;ZBED1;L3MBTL2;SATB1;SCMH1;HDAC1;SUZ12;SEH1L;SUMO1"
"SUMOylation Of DNA Damage Response And Repair Proteins R-HSA-3108214",0.957746478873239,1,0.0103504582782501,0.162470827619388,0.653775396857887,74,"PMEPA1;NSMCE3;PCGF2;PML;NUP58;HERC2;NUP88;NDC1;NUP160;WRN;NUP85;CDKN2A;SMC5;STAG2;SMC6;SCMH1;POLR1A;RAD52;SEH1L;SUMO1;SMC3;NUP205;RNF168;SEC13;UBE2I;CETN2;NUP133;XRCC4;PIAS4;BLM;MDC1;NUP98;NSMCE2;NUP93;NUP42;EID3;TDG;NUP107"
"SUMOylation Of DNA Methylation Proteins R-HSA-4655427",0.559643255295429,1,0.0454967810085007,0.309529661059377,0.944638593614536,15,"PCGF2;DNMT1;DNMT3B;DNMT3A;SCMH1;SUMO1"
"SUMOylation Of DNA Replication Proteins R-HSA-4615885",0.89070480081716,1,0.0175479783225763,0.185499410090609,0.696718048009579,44,"NUP58;NUP88;NDC1;AURKB;TOP2A;NUP160;CDCA8;NUP85;SEH1L;SUMO1;PCNA;NUP205;SEC13;UBE2I;NUP133;PIAS4;NUP98;NUP93;NUP42;PIAS3;NUP107;NUP210;RNASE7;NUP37;NUP153;SUMO2;NUP155"
"SUMOylation Of Intracellular Receptors R-HSA-4090294",0.641806722689076,1,0.0364548541965309,0.257922402273252,0.904079155709967,29,"THRB;NR1H4;HDAC4;NR3C1;NR5A1;NR1I2;ESR1;AREG;RXRA;PGR;NR5A2;SUMO1;PPARG;UBE2I;PPARA;NR3C2;RORA;PIAS4"
"SUMOylation Of RNA Binding Proteins R-HSA-4570464",0.995934959349594,1,0.00667841440698826,0.117114056583296,0.441123297333786,45,"PCGF2;NUP58;NUP88;NDC1;NUP160;NUP85;SCMH1;SEH1L;SUMO1;NUP205;SEC13;UBE2I;NUP133;NUP98;NUP93;NUP42;NUP107;NUP210;RNASE7;NUP37;NUP153;PHC1;SUMO2;NUP155"
"SUMOylation Of SUMOylation Proteins R-HSA-4085377",0.861169102296451,1,0.0210730272985761,0.203323726185508,0.733048550713766,34,"NUP58;NUP88;NDC1;NUP160;NUP85;SEH1L;SUMO1;NUP205;SEC13;UBE2I;TOPORS;NUP133;PIAS4;NUP98;NUP93;NUP42;NUP107;NUP210;RNASE7;NUP37;NUP153;SUMO2;NUP155"
"SUMOylation Of Transcription Cofactors R-HSA-3899300",0.637678175588174,1,0.143902565267782,-0.157169961605295,-0.957877474631003,42,"CBX4;HIPK2;ZNF350;NPM1;DDX5;CBX2"
"SUMOylation Of Transcription Factors R-HSA-3232118",0.466666666666667,1,0.0529129848430583,0.314264095852761,1.00822496081808,19,"TFAP2B;TFAP2A;CDKN2A;MDM2;MITF;FOXL2;SUMO1;TP53;UBE2I;HIC1;PIAS4"
"SUMOylation Of Ubiquitinylation Proteins R-HSA-3232142",0.942208462332301,1,0.0141641602737639,0.170165976290178,0.627201267121796,38,"PML;NUP58;NUP88;NDC1;NUP160;NUP85;MDM2;SEH1L;SUMO1;NUP205;SEC13;UBE2I;NUP133;PIAS4;NUP98;NUP93;NUP42;NUP107;NUP210;RNASE7;NUP37;NUP153;NUP155"
"SUMOylation R-HSA-2990846",0.714,1,0.0289274314524646,0.212532335941876,0.914548232030457,172,"CHD3;PMEPA1;NSMCE3;SENP5;THRB;TFAP2B;PCGF2;PML;NUP58;NR1H4;HDAC4;HERC2;NUP88;NDC1;AURKB;DNMT1;NR3C1;TOP2A;NCOA1;NUP160;ING3;CDCA8;CREBBP;MRTFA;RWDD3;WRN;TFAP2A;NR5A1;NR1I2;NUP85;CDKN2A;MDM2;DNMT3B;SMC5;ESR1;MITF;AREG;DNMT3A;ZBED1;L3MBTL2;SATB1;STAG2;SMC6;SCMH1;ZNF131;RXRA;POLR1A;PGR;HDAC1;RAD52;NR5A2;FOXL2;SENP2;SUZ12;SEH1L;SUMO1;PCNA;PPARG;SMC3;NUP205;RNF168;TP53;SIN3A;SATB2;SAFB;SEC13;UBE2I;PPARA;TOPORS;CETN2;NR3C2;HIC1;NUP133;RORA;XRCC4"
"Scavenging By Class A Receptors R-HSA-3000480",0.685430463576159,1,0.0356933083353341,0.270717613992508,0.858669743719338,18,"COL3A1;MASP1;MARCO;SCARA5;COLEC11"
"Sema3A PAK Dependent Axon Repulsion R-HSA-399954",0.651162790697674,1,0.0382416816260774,0.289445447649056,0.896611413583327,16,"PLXNA4;LIMK1;PLXNA3;VPS72;PLXNA2;ARHGEF7"
"Separation Of Sister Chromatids R-HSA-2467813",0.628371628371628,1,0.035090109926935,0.221555710578739,0.952123579451927,167,"ANAPC16;CLIP1;UBB;PMEPA1;CENPQ;UBE2D1;SKA2;PSMA6;SGO1;SGO2;KIF2A;CDC23;MIS12;PPP2R5C;AURKB;WAPL;SPDL1;PSMD9;NUP160;PSMB3;CENPE;CDCA8;DYNC1I1;SPC24;BUB1B;SPC25;NUP85;CENPN;PSMB4;PSMD13;MAD1L1;PSMF1;PSME4;NUDC;ZWILCH;ANAPC5;KIF2B;ITGB3BP;ANAPC4;STAG2;PSMB9;CKAP5;PSMC2;BUB1;PSMB11;CENPO;PSMC6;UBE2C;CENPP;PSMC3;CENPU;MAD2L1;ANAPC15;PSMD12;SEH1L;PSMD5;CENPF;DYNLL1;CENPI;PPP2R1B;SMC3;NDEL1;KNL1;PAFAH1B1;NDC80"
"Sialic Acid Metabolism R-HSA-4085001",0.425887265135699,1,0.0550211117163117,0.292312329242408,1.0483188468992,33,"ST6GALNAC6;ST8SIA3;ST8SIA5;NEU2;ST3GAL3;ST8SIA1;NPL;ST8SIA4"
"Signal Amplification R-HSA-392518",0.669102296450939,1,0.0341946045318573,0.2453151104671,0.879772859387526,33,"GNA14;GNG13;GNB4;GNG10;GNG2;GNB1;GNAT3;P2RY12;GNAI3;GNG4;GNG12;GNB2;MAPK14;GNG3;GNGT2;GNB5;PLA2G4A;GNA13"
"Signaling By ALK Fusions And Activated Point Mutants R-HSA-9725370",0.412501461644141,1,0.203508959461977,-0.171765650761312,-1.20316592227714,55,"RPS6;SQSTM1;PPM1B;NPM1;FN1;TPM3;RBX1;TPM4;HIP1"
"Signaling By ALK R-HSA-201556",0.946865037194474,1,0.0160304351647231,0.172438443641327,0.590842358013469,26,"HDAC3;HIF1A;PIK3R2;FRS2;IL2RG;HDAC1;SIN3A;PLCG1;PIK3CA;PRDM1;IRS1;EP300"
"Signaling By B Cell Receptor (BCR) R-HSA-983705",0.924849699398798,1,0.0132626420191661,0.180085793770567,0.750644473689962,108,"ITPR1;UBB;PPP3CA;IKBKB;PSMA6;CALM1;CD79A;PRKCB;ORAI2;RASGRP1;BTRC;PSMD9;VAV1;NFKBIE;PSMB3;DAPP1;PSMB4;PSMD13;PSMF1;PSME4;PPP3CB;PSMB9;PSMC2;PSMB11;PSMC6;PSMC3;LYN;BTK;PSMD12;PSMD5;REL;PPP3R1"
"Signaling By BMP R-HSA-201451",0.752127659574468,1,0.0294227657846801,0.234282527222561,0.805680057033841,27,"CHRDL1;UBE2D1;AMHR2;ACVR2B;SMURF1;UBE2D3;BMPR1B;SMURF2;FSTL1;GREM2;BMP10;SMAD6;SMAD1"
"Signaling By CSF3 (G-CSF) R-HSA-9674555",0.913865546218487,1,0.0177038118052295,0.186274834302032,0.652937447238021,29,"UBB;UBE2D1;TYK2;JAK2;UBE2D3"
"Signaling By EGFR In Cancer R-HSA-1643713",0.980434782608696,1,0.0151147394041638,0.157851237089538,0.525719840299582,23,"UBB;EGF;HBEGF;AREG;EGFR;EPGN;PLCG1;CBL;PIK3CA;EREG;NRAS;PIGU;BTC;TGFA"
"Signaling By EGFR R-HSA-177929",0.961499493414387,1,0.0106794512946723,0.15354136965323,0.583889773043012,48,"UBB;PXDN;SH3GL2;PAG1;EGF;LRIG1;HBEGF;STAM2;AREG;ARHGEF7;HGS;EGFR;EPS15L1;ADAM17;EPGN;PLCG1;CBL;PTPN12;STAM;PIK3CA;EREG;ADAM12;SH3GL3;NRAS;PIGU;SH3KBP1;SPRY2;SPRY1;BTC;TGFA"
"Signaling By ERBB2 ECD Mutants R-HSA-9665348",0.942857142857143,1,0.138022242496643,-0.153564137808636,-0.67188934059478,15,"CDC37;HSP90AA1;PIK3R1;ERBIN;GRB2;SHC1;SOS1;ERBB2;HRAS;PIGU;NRAS;PIK3CA;PLCG1;EGFR"
"Signaling By ERBB2 In Cancer R-HSA-1227990",0.984848484848485,1,0.173747838999571,-0.125569674548282,-0.653271891856077,25,"ERBB3;CDC37;NRG1;HSP90AA1;PIK3R1;ERBIN;GRB2;SHC1;SOS1;ERBB2;HRAS;NRG3;BTC;PIGU;NRAS;EREG;PIK3CA;PTPN12;PLCG1;ERBB4;EGFR;NRG2;NRG4;HBEGF;EGF"
"Signaling By ERBB2 KD Mutants R-HSA-9664565",0.986301369863014,1,0.16440575583821,-0.125562942311816,-0.648179601547097,24,"ERBB3;CDC37;NRG1;HSP90AA1;PIK3R1;ERBIN;GRB2;SHC1;SOS1;ERBB2;HRAS;NRG3;BTC;PIGU;NRAS;EREG;PIK3CA;PLCG1;ERBB4;EGFR;NRG2;NRG4;HBEGF;EGF"
"Signaling By ERBB2 R-HSA-1227986",0.77710233029382,1,0.0252009996957834,0.215074330380889,0.817888379119541,48,"UBB;AKT3;RNF41;PRKCE;DIAPH1;EGF;PRKCA;HBEGF;NRG4;NRG2;MEMO1"
"Signaling By ERBB2 TMD/JMD Mutants R-HSA-9665686",0.978237214363438,1,0.0153676328786693,0.161239380095694,0.527820800167427,21,"EGF;HBEGF;NRG4;NRG2;EGFR;ERBB4"
"Signaling By ERBB4 R-HSA-1236394",0.80952380952381,1,0.0229405670056901,0.205416727996942,0.799796723727295,56,"GABRB2;UBB;MXD4;GABRB1;WWP1;EGF;HBEGF;GABRB3;NRG4;GABRG2;PSEN2;NRG2;ESR1;GABRA1;NEDD4;STAT5A;PGR;EGFR;APH1A;ERBB4"
"Signaling By Erythropoietin R-HSA-9006335",0.820236813778256,1,0.0255522951965404,0.220965917731623,0.743054102348073,24,"EPX;JAK2;VAV1;STAT5A;IRS2;LYN;PLCG1;PLCG2;STAT5B;PIK3R5;PIK3CA;RAPGEF1;NRAS;PIGU"
"Signaling By FGFR In Disease R-HSA-1226099",0.963525835866261,1,0.0104610403416792,0.154620424155548,0.608952738692665,61,"FGF13;FGFR1;FGF23;FGFR2;FGF10;FRS2;FGF16;POLR2K;FGF7;FGF18;STAT5A;POLR2D;FGF20;CPSF6;FGFR4;GTF2F1;FGF5;PLCG1;MYO18A;FGF9;GTF2F2;FGF8;NCBP1;ERLIN2;STAT5B;CNTRL;FGF17;FGF22;PIK3CA;POLR2H;FGFR3;LRRFIP1;NRAS;PIGU"
"Signaling By FGFR R-HSA-190236",0.907537688442211,1,0.0150298748621405,0.183061736169932,0.746570288147657,84,"FGF13;UBB;SPRED2;KL;KLB;FGFR1;FGFBP3;MAPK1;FGF23;FLRT3;ESRP2;FGFR2;FGF10;FRS2;FGF16;MAPK3;FLRT2;FGFRL1;POLR2K;FGF7;FGF18;ANOS1;POLR2D;TIA1;FGF20;FGFR4;SPRED1;GTF2F1;GALNT3;BRAF;MKNK1;FGF5;PLCG1;FGF9;GTF2F2;CBL;FGF8;NCBP1"
"Signaling By FGFR1 In Disease R-HSA-5655302",0.970863683662851,1,0.0123167455730572,0.159039545299454,0.580383425604369,36,"FGF13;FGFR1;FGF23;FRS2;STAT5A;FGF20;CPSF6;FGF5;PLCG1;MYO18A;FGF9;FGF8;ERLIN2;STAT5B;CNTRL;FGF17;PIK3CA;LRRFIP1;NRAS;PIGU;TRIM24;FGF6"
"Signaling By FGFR1 R-HSA-5654736",0.571428571428571,1,0.0401660980049421,0.25212683552044,0.958792285770036,48,"FGF13;UBB;SPRED2;KL;FGFR1;MAPK1;FGF23;FLRT3;FGF10;FRS2;MAPK3;FLRT2;FGFRL1;FGF18;ANOS1;FGF20;SPRED1;BRAF;MKNK1;FGF5;PLCG1;FGF9;CBL;FGF8"
"Signaling By FGFR2 IIIa TM R-HSA-8851708",0.970491803278689,1,0.0162749990509926,0.170976148893996,0.548527252378968,19,"FGF13;FGFR2;POLR2K;POLR2D;GTF2F1;GTF2F2;NCBP1"
"Signaling By FGFR2 In Disease R-HSA-5655253",0.900308324768756,1,0.0172342687658066,0.183351758699063,0.685747217778824,42,"FGF13;FGF23;FGFR2;FGF10;FRS2;FGF16;POLR2K;FGF7;FGF18;POLR2D;FGF20;GTF2F1;FGF5;PLCG1;FGF9;GTF2F2;FGF8;NCBP1;FGF17;FGF22;PIK3CA;POLR2H;NRAS;PIGU"
"Signaling By FGFR2 R-HSA-5654738",0.998991935483871,1,0.00458288223817775,0.115029899320183,0.460870721083366,70,"FGF13;UBB;FGFBP3;MAPK1;FGF23;ESRP2;FGFR2;FGF10;FRS2;FGF16;MAPK3;POLR2K;FGF7;FGF18;POLR2D;TIA1;FGF20;GTF2F1;BRAF;MKNK1;FGF5;PLCG1;FGF9;GTF2F2;CBL;FGF8;NCBP1"
"Signaling By FGFR3 In Disease R-HSA-5655332",0.512513601741023,1,0.0484087618816951,0.300967499667325,0.985223996796056,21,"FGF13;FGF23;FRS2;FGF16;FGF18;FGF20;FGF5;PLCG1;FGF9;FGF8;FGF17;PIK3CA;FGFR3;NRAS;PIGU"
"Signaling By FGFR3 R-HSA-5654741",0.787409700722394,1,0.0254820564855004,0.216629599825573,0.798457849617318,38,"FGF13;UBB;MAPK1;FGF23;FRS2;FGF16;MAPK3;FGF18;FGF20;GALNT3;BRAF;MKNK1;FGF5;PLCG1;FGF9;CBL;FGF8;FGF17;FRS3;PIK3CA;FGFR3;NRAS;PIGU"
"Signaling By FGFR4 R-HSA-5654743",0.82712215320911,1,0.0229405670056901,0.206083352957788,0.761418034495899,39,"FGF13;UBB;KLB;MAPK1;FGF23;FRS2;FGF16;MAPK3;FGF18;FGF20;FGFR4;BRAF;MKNK1;PLCG1;FGF9;CBL;FGF8"
"Signaling By FLT3 ITD And TKD Mutants R-HSA-9703648",0.939799331103679,1,0.0197519290144334,0.200377979867576,0.611523859928623,15,"FLT3"
"Signaling By High-Kinase Activity BRAF Mutants R-HSA-6802948",0.621085594989562,1,0.0376923295943841,0.25549877661397,0.916294511347816,33,"ARAF;KSR2;FGG;CNKSR2;CNKSR1;ARRB2;MAPK1;MAP2K1;MAPK3;RNASE3"
"Signaling By Insulin Receptor R-HSA-74752",0.35448136958711,1,0.0619762736001998,0.265993927262103,1.07284017901955,77,"FGF13;FLT3;ATP6V1D;INS;TRIB3;PIK3R4;KL;ATP6V1A;KLB;FGFR1;PIK3R2;MAPK1;FGF23;FGFR2;ATP6V1H;FLT3LG;FGF10;FRS2;THEM4;FGF16;MAPK3;ATP6V1E2;ATP6V1G3;FGF7;FGF18;IRS2"
"Signaling By Interleukins R-HSA-449147",1,1,0,0.137722062837886,0.623771393878555,447,"FGF13;IL12RB2;UBB;CNTF;POU2F1;IL11;MAPK9;DUSP3;FASLG;IL31RA;IL10RB;CCL22;NLRX1;VEGFA;CXCL1;IKBKB;CD86;PSMA6;CXCL8;CASP3;CXCL10;IL17C;IL17RE;PTK2B;TANK;INPP5D;STAT4;TEC;TOLLIP;HOXC13;MAPK11;HIF1A;MAPK10;CCL20;ICAM1;RAG1;PIK3R3;TYK2;SMAD3;RPS6KA5;PIK3R2;BTRC;IL20RA;MAPK1;PSMD9;JAK2;VAV1;IL10RA;PSMB3;CNTFR;F13A1;IL4R;MAPK8;VAMP7;TRAF6;CRK;TAB3;IFNL3;IL6R;CRLF1;IL1RL2;MEF2C;IL23R;PRKCA;CCR2;MAP3K3;GDNF;STX3;VPS72;MAP2K1;PSMB4;PSMD13;S100A12;PSMF1;MAPK3;PSME4;PTPN2;SOCS2;CAPZA1;CTSG;CLCF1;LRRC14;IL37;IL15RA;STX1A;RPS6KA3;CASP8;TIFA;ITGB2;STXBP2;AGER;IL2RG;TSLP;IL22;PSMB9;STAT5A;IRS2;IL12A;PSMC2;PELI2;IL12B;PSMB11;LBP;PSMC6;CCM2;CCR5;OPRM1;IL17RC;IRAK4;NKIRAS1;IL4;PSMC3;CCL11;MAPK7;HSP90B1;NOD2;LYN;OSMR;PTPN20;RNASEH2A"
"Signaling By KIT In Disease R-HSA-9669938",0.523497267759563,1,0.0476387259290825,0.302043750703094,0.969019537187763,19,"KIT;PIK3R3;PIK3R2;JAK2;STAT5A;LYN"
"Signaling By MET R-HSA-6806834",0.974721941354904,1,0.00893801210835004,0.145665908467558,0.574928459331573,62,"UBB;LAMA2;SH3GL2;LRIG1;LAMA4;CRK;LAMB3;TNS4;ITGA3;STAM2;PTPN2;DOCK7;LAMC2;HGS;SPINT2;SPINT1;HGFAC;USP8"
"Signaling By NODAL R-HSA-1181150",0.524017467248908,1,0.0475434194201301,0.296007746535669,0.961389178561572,20,"ACVR1C;ACVR2B;LEFTY2;SMAD3;MAPK1;MAPK3;FURIN"
"Signaling By NOTCH R-HSA-157118",0.999000999000999,1,0.0014426950408889,0.124747938245422,0.541871411402714,198,"UBB;NBEA;NEURL1;TBL1XR1;AGO4;WWC1;PSMA6;H2BC1;KAT2A;DTX1;ST3GAL3;HDAC3;HDAC4;H2AZ2;MAML2;H2BC14;HIF1A;TNRC6C;MIB2;NUMB;EGF;ARRB2;SMAD3;PSMD9;PSMB3;CREBBP;PSEN2;PSMB4;PSMD13;PSMF1;CCNC;H2AC20;H2BC3;FURIN;E2F3;PSMB9;PSMC2;HES5;PSMC6;FABP7;MIB1;HDAC1;PSMC3;H2AC14;PRKCI;TLE1;RAB6A;TLE2;PSMD12;EGFR;PSMD5;H2BC9;APH1A;NOTCH2;CDK8;TNRC6A;TLE3;POGLUT1;DTX2;HDAC9"
"Signaling By NOTCH1 R-HSA-1980143",0.72635814889336,1,0.0283628487151644,0.219111383916616,0.880431586455152,72,"UBB;NBEA;NEURL1;TBL1XR1;KAT2A;DTX1;HDAC3;HDAC4;MAML2;HIF1A;MIB2;NUMB;ARRB2;CREBBP;PSEN2;CCNC;HES5;MIB1;HDAC1;TLE1;TLE2;APH1A;CDK8;TLE3;DTX2;HDAC9;ADAM17;HDAC10;ARRB1;HEYL;NEURL1B;MAMLD1;DLL4"
"Signaling By NOTCH3 R-HSA-9012852",0.9474216380182,1,0.0119234526278759,0.159609931944312,0.606663887840461,47,"UBB;NEURL1;WWC1;KAT2A;MAML2;MIB2;EGF"
"Signaling By NTRK1 (TRKA) R-HSA-187037",0.847847847847848,1,0.0194541744944906,0.196482160783271,0.823727495013632,114,"SHC3;ID4;CDK5R1;SHC2;DUSP3;MAPK12;DNM1;EGR2;EGR3;CDK5R2;MAPK13;MAPK11;SH3GL2;EGR4;RPS6KA5;PIK3R2;MAPK1;CRK;MEF2C;FRS2;GDNF;RIT2;MAP2K1;MAPK3;ARC;RPS6KA3;LYL1;AP2A1;IRS2;MAP2K5;BCL11B;MAPK7;RNASEH2A;NAB2;TRIB1;PPP2R1B;MAPK14;CDK5;BRAF;FOSB;VRK3;ASCL1;ADCYAP1R1;PLCG1;JUND;DNM3;NAB1;AP2B1;RALA;ID2;DUSP7;REST;AP2M1;FOSL1;MAPKAPK3;MEF2A;DNAL4;ADORA2A;PIK3CA;AP2S1;IRS1;EP300;DUSP4;RAPGEF1;SH3GL3;NRAS"
"Signaling By NTRK2 (TRKB) R-HSA-9006115",0.964130434782609,1,0.016356070983033,0.168294210687715,0.560499918767843,23,"CDK5R1;TIAM1;NTF4;FRS2;DOCK3;CDK5;PLCG1;NTF3;FRS3;PIK3CA;NRAS;PIGU;GRIN2B"
"Signaling By NTRK3 (TRKC) R-HSA-9034015",0.692137320044297,1,0.0353910624222457,0.275723755261314,0.854105904830442,16,"PTPRU;NTRK3;NELFB;BAX;PTPRS;PLCG1;NTF3;PIK3CA;IRS1;NRAS"
"Signaling By NTRKs R-HSA-166520",0.874874874874875,1,0.0173914717556673,0.192384662983103,0.814361255614819,132,"SHC3;ID4;CDK5R1;SHC2;DUSP3;PTPRU;MAPK12;DNM1;EGR2;EGR3;CDK5R2;MAPK13;MAPK11;SH3GL2;EGR4;RPS6KA5;PIK3R2;MAPK1;TIAM1;CRK;PCSK5;MEF2C;NTF4;FRS2;GDNF;RIT2;MAP2K1;MAPK3;ARC;NTRK3;DOCK3;RPS6KA3;LYL1;FURIN;AP2A1;IRS2;MAP2K5;BCL11B;MAPK7;RNASEH2A;NAB2;TRIB1;PPP2R1B;NELFB;BAX;MAPK14;CDK5;BRAF;FOSB;VRK3;ASCL1;PTPRS;ADCYAP1R1;PLCG1;JUND;DNM3;NTF3;NAB1;AP2B1;RALA"
"Signaling By Non-Receptor Tyrosine Kinases R-HSA-9006927",0.620304568527919,1,0.0364548541965309,0.242972020488301,0.931381386907199,51,"UBB;KHDRBS2;SYNGAP1;PXDN;LRRK2;HIF1A;ARHGAP35;NR3C1;EGF;CRK;GPNMB;HBEGF;NRG4;NRG2;DOK1"
"Signaling By Nuclear Receptors R-HSA-9006931",1,1,0,0.129908760887546,0.573747671227955,255,"AKT3;POU2F1;PMEPA1;GNG13;PDK2;TBL1XR1;CCNT1;AGO4;UHMK1;CALM1;H2BC1;GNB4;PDK3;GNG10;HDAC3;H2AZ2;GNG2;GNB1;H2BC14;KDM3A;TNRC6C;PIK3R3;EGF;CARM1;PIK3R2;MAPK1;NCOA1;TFF3;CREBBP;ARL4C;ALDH1A1;MMP7;FOXA1;PPP5C;HBEGF;CYP26C1;GNAT3;GDNF;MAPK3;ADH7;ESR2;ESR1;AREG;ADH1A;ABCA1;H2AC20;CYP26A1;H2BC3;POLR2K;STAG2;MYB;AKR1C3;GPAM;RXRA;APOC2;PPARD;GNAI3;GNG4;POLR2D;PGR;HDAC1;KPNA2;H2AC14;MBD4;NR5A2;GNG12;RXRB;DHRS9;EGFR;H2BC9;ERBB4;EBAG9;TNRC6A;GNB2;SMC3;TLE3;TFF1;CETP;ZDHHC21;H2AC7;TBP;PDHA2;NCOA3;GTF2F1;FOXO3;RARG;GTF2A1;GNG3;EPGN"
"Signaling By PDGF R-HSA-186797",0.851214574898785,1,0.0199001825208318,0.198631614345026,0.764310434441619,52,"SYNGAP1;PDGFC;COL4A3;COL6A5;PIK3R2;CRK;PLG;COL9A1;FURIN;STAT5A;THBS4;GRB7;COL4A5;COL6A6;PDGFD"
"Signaling By PDGFR In Disease R-HSA-9671555",0.402298850574713,1,0.241339976815091,-0.225784256652997,-1.07314711626624,19,"GOLGA4;KANK1;PIK3R1;GRB2;STAT3;PIK3CB;WDR48;FIP1L1;STAT1;SOS1;ETV6;HRAS;KDR;PDGFRA;NRAS;PIK3CA;STRN"
"Signaling By Receptor Tyrosine Kinases R-HSA-9006934",0.762237762237762,1,0.0254820564855004,0.205138983838015,0.934028576758814,494,"FGF13;KIT;FLT3;GABRB2;ITPR1;SHC3;ID4;UBB;AKT3;CYFIP2;MXD4;CDK5R1;SHC2;DUSP3;LAMA2;PTPRU;MAPK12;ATP6V1D;DNM1;SYNGAP1;PXDN;BAIAP2;PDGFC;GABRB1;VEGFA;EGR2;INS;COL4A3;RNF41;SPRED2;CALM1;GRAP;EGR3;WWP1;TRIB3;RICTOR;CDK5R2;CYBB;FER;PTK2B;PIK3R4;MAPK13;HDAC3;PRKCE;TEC;KL;COL6A5;DIAPH1;HOXC13;MAPK11;NCKAP1;SH3GL2;HIF1A;PRKCB;ATP6V1A;PAG1;VAV3;IGF1;PIK3R3;EGF;EGR4;ROCK2;LRIG1;KLB;SOCS6;RPS6KA5;FGFR1;PIK3R2;FGFBP3;MAPK1;FGF23;JAK2;VAV1;TIAM1;FLRT3;LAMA4;CRK;ESRP2;LAMB3;NCF4;PCSK5;FGFR2;MEF2C;IRS4;ATP6V1H;PRKCA;NTF4;HBEGF;FLT3LG;FGF10;GABRB3;FRS2;NRG4;GDNF;TNS4;GABRG2;RIT2;PSEN2;MAP2K1;NRG2;ITGA3;THEM4;PLG;FGF16;WASF1;MAPK3;STAM2;MAPKAP1;PTPN2;ARC;MEMO1;ESR1;AREG;NTRK3;GABRA1;DOCK3;FLRT2;DOCK7;LAMC2;COL9A1;RPS6KA3;ATP6V1E2;LYL1;FGFRL1;POLR2K;FURIN;ATP6V1G3;FGF7;IL2RG;FGF18;AP2A1;CHEK1;NEDD4;STAT5A;THBS4;ANOS1;IRS2;ARHGEF7;POLR2D;GRB7;VEGFC;HGS;COL4A5;MAP2K5;PGR;HDAC1;TIA1;MLST8;BCL11B;FGF20;MAPK7;LYN;RNASEH2A;SPINT2;NAB2;TRIB1;COL6A6;SPINT1;HGFAC;USP8;EGFR;ATP6V1C1;MTOR;VAV2;PDGFD;SH2D2A"
"Signaling By Retinoic Acid R-HSA-5362517",0.941176470588235,1,0.0142522226913804,0.170488597227958,0.632123443541047,40,"PDK2;PDK3;ALDH1A1;CYP26C1;ADH7;ADH1A;CYP26A1;AKR1C3;RXRA;PPARD;RXRB;DHRS9;PDHA2;RARG;CRABP1;DHRS3;RDH10;RDH11;SDR16C5;RXRG;RDH5;PDHA1;CYP26B1;ALDH1A3;LDHD;RARA;PDHB;DLAT;ALDH1A2"
"Signaling By SCF-KIT R-HSA-1433557",0.489208633093525,1,0.047925896705813,0.268687921955127,1.00490988599633,42,"KIT;PTPRU;GRAP;FER;TEC;PIK3R3;SOCS6;PIK3R2;JAK2;VAV1;PRKCA"
"Signaling By TGF-beta Receptor Complex R-HSA-170834",0.808040201005025,1,0.0225842720346634,0.202490752452618,0.830541763859583,90,"UBB;PMEPA1;ZFYVE9;UBE2D1;CCNT1;PARD3;NEDD4L;PPP1CA;SMAD3;MAPK1;SMURF1;RNF111;E2F4;UBE2D3;MAPK3;CCNK;CCNC;TGFB2;PARD6A;FURIN;TGIF2;CGN;UBE2M;CCNT2;ITGB6;HDAC1;CDKN2B;UCHL5"
"Signaling By TGFB Family Members R-HSA-9006936",0.959919839679359,1,0.00966564348468499,0.167919664394618,0.705108869751598,118,"ACVR1C;UBB;PMEPA1;ZFYVE9;CHRDL1;UBE2D1;CCNT1;AMHR2;PARD3;ACVR2B;NEDD4L;PPP1CA;SMAD3;MAPK1;SMURF1;RNF111;E2F4;UBE2D3;MAPK3;CCNK;CCNC;TGFB2;PARD6A;FURIN;TGIF2;CGN;UBE2M;CCNT2;ITGB6;HDAC1;CDKN2B;UCHL5;RNASEH2A;BMPR1B"
"Signaling By WNT In Cancer R-HSA-4791275",0.868475991649269,1,0.020562605901185,0.200102075413815,0.717625484712243,33,"CSNK1A1;FZD8;DKK2;PPP2R5C;KREMEN1;TNKS;FZD4;KREMEN2;AMER1;PPP2R1B;PPP2R5E;FZD6;PROC;PORCN;WNT3A;TCF7L2;RNF43;CTBP1;GSK3B;LRP6;PPP2R1A"
"Signaling By WNT R-HSA-195721",0.776223776223776,1,0.0244973552519294,0.203654563122804,0.907845804664135,290,"CAMK2A;ITPR1;UBB;PYGO1;CSNK1A1;PPP3CA;GNG13;PRKCG;AGO4;KLHL12;TLE5;PSMA6;CALM1;H2BC1;CUL3;WNT4;GNB4;CHD8;PIP5K1B;TCF7;GNG10;FZD9;FZD7;FZD8;H2AZ2;GNG2;GNB1;H2BC14;PRKCB;ZNRF3;DKK2;TNRC6C;PPP2R5C;ARRB2;LEO1;BTRC;SMURF1;CXXC4;PSMD9;SOX7;PSMB3;AXIN2;BCL9L;SOX13;CREBBP;SOX6;DVL2;KREMEN1;PRKCA;KMT2D;WIF1;RUVBL1;PSMB4;PSMD13;PSMF1;PSME4;PPP3CB;CSNK1G2;PARD6A;NLK;PLCB1;TNKS;GNAT2;TERT;H2AC20;H2BC3;SRY;AP2A1;PSMB9;PSMC2;GNG4;PSMB11;PLCB2;PSMC6;FZD4;WNT8B;HDAC1;PSMC3;H2AC14;WNT5B;GNG12;PRKG1;TLE1;XIAP;KREMEN2;CCDC88C;TLE2;PSMD12;USP8;WNT5A;PSMD5;ASH2L;ZRANB1;H2BC9;RSPO3;PPP3R1;BCL9;TNRC6A;TRRAP;AMER1;GNB2;PPP2R1B;TLE3;WNT7B;SOST;PRICKLE1;H2AC7;CTNNBIP1;USP34;SMURF2;NCOA3;GNG3;WNT9B;DACT1;RSPO1;TMED5;DAAM1;WNT2B;LGR4;GNGT2;GNB5;LEF1;PSMA3;PDE6B;AP2B1;CDC73;RORA;PSMA8;H3C13;H2BC11;PPP2R5E;FZD6;PDE6G;SNX3;PROC;RSPO2;WNT7A;PSMD6;AP2M1"
"Sphingolipid De Novo Biosynthesis R-HSA-1660661",0.969293756397134,1,0.0108943796561199,0.148534004460069,0.556476324150395,43,"VAPB;SPTSSA;SPTLC1;PLPP3;SPTLC3;ACER1;CSNK1G2;SPTSSB;PRKD2;PRKD1;CERS6;VAPA;ORMDL3;SGMS2;PPM1L;SPHK2;CERT1;CERS3;PRKD3;ACER3;SGPP2;ALDH3B1;SPNS2;SPHK1"
"Sphingolipid Metabolism R-HSA-428157",0.95271629778672,1,0.0108943796561199,0.166461440165485,0.680776054071131,87,"ARSB;VAPB;NEU2;SMPD2;SPTSSA;SPTLC1;PLPP3;HEXB;B3GALNT1;STS;SPTLC3;ACER1;CSNK1G2;B4GALNT1;SUMF1;GBA2;SPTSSB;GLB1;ENPP7;ARSF;PRKD2;PRKD1;ESYT3;ARSL;SFTPA2;CERS6;VAPA;ORMDL3;SMPD3;CERK;SGMS2;PPM1L;SPHK2;CERT1;CERS3;PRKD3;ARSK;ESYT2;ACER3;SGPP2;SMPD4;NEU3;ARSI;ALDH3B1;GM2A"
"Spry Regulation Of FGF Signaling R-HSA-1295596",0.944258639910814,1,0.0194541744944906,0.198018494083449,0.604323059445906,15,"UBB;MAPK1;MAPK3;BRAF;MKNK1;CBL"
"Stabilization Of P53 R-HSA-69541",0.649494949494949,1,0.0340463727579649,0.234616523903244,0.911138563687508,55,"UBB;PSMA6;CHEK2;PSMD9;PSMB3;PSMB4;CDKN2A;PSMD13;PSMF1;MDM2;PSME4;ATM;PSMB9;PSMC2;PSMB11;PSMC6;PSMC3;PSMD12;PSMD5"
"Striated Muscle Contraction R-HSA-390522",0.708768267223382,1,0.0314209215415833,0.238197539721372,0.85424713634935,33,"TNNT1;MYL2;MYH8;MYL3;TNNI3;TMOD4;MYL4;NEB;TTR;TNNC2;TNNT2;TCAP;MYBPC3;MYH3;DES;ACTN3;MYBPC2;TMOD1;TMOD3;TMOD2;MYL1;ACTN2;MYBPC1"
"Sulfur Amino Acid Metabolism R-HSA-1614635",0.538213132400431,1,0.0456790414930062,0.288135218193287,0.968927960055435,24,"SQOR;GOT2;CDO1;TSTD1;MTRR;ETHE1;GADL1;MTR;GOLT1A;MAT1A;SLC25A10;CSAD;MTAP;BHMT2"
"Syndecan Interactions R-HSA-3000170",0.335152838427948,1,0.0686325631836726,0.343786650662528,1.11656795995728,20,"FGF13;ACTN1;TNNI3;VTN;PRKCA;SDC3;SDC2"
"Synthesis Of Active Ubiquitin: Roles Of E1 And E2 Enzymes R-HSA-8866652",0.892857142857143,1,0.0192297089064582,0.192253483825338,0.673894030945668,29,"UBB;UBE2D1;UCHL3;UBE2Q2;UBE2C;UBE2E3;UBA1;UBE2R2;UBE2G1;UBE2A;OTULIN;UBE2H;UBE2W;UBE2K"
"Synthesis Of Glycosylphosphatidylinositol (GPI) R-HSA-162710",0.984547461368653,1,0.0159484509317776,0.156254058967567,0.495611019874385,18,"PIGA;PIGF;PIGQ;PIGB;PIGH;PIGV;PIGO;PIGX;PIGZ;PIGW;PIGP;DPM2"
"Synthesis Of Leukotrienes (LT) And Eoxins (EX) R-HSA-2142691",0.769650655021834,1,0.0295645497308931,0.245125471413997,0.796131109287788,20,"PTGR1;CYP4F11;DPEP2;DPEP3;CYP4F8;CYP4B1;LTA4H;CYP4F2;CYP4F22;ABCC1;DPEP1;GGT1;LTC4S;GGT5;ALOX5"
"Synthesis Of PA R-HSA-1483166",0.384057971014493,1,0.059476028695732,0.289605424264449,1.07000778936256,39,"PLA2G4B;ACP6;ALPP;PLA2G2D;GNPAT;PLA2G4D;GPD1L;PLA2G2F;GPD2;PLA2G1B;GPD1;GPAM;LPCAT4;LIPI;PLD2;PLA2G2E;PLA2G10;PRKCSH;PLA2G4A;LPCAT1;PLD6;PLA2R1"
"Synthesis Of Substrates In N-glycan Biosythesis R-HSA-446219",0.421638018200202,1,0.0540088272801684,0.264492111666029,1.04623296722987,63,"GNPNAT1;PMM1;ST6GALNAC6;ST8SIA3;ST8SIA5;NEU2;ST3GAL3;GFUS;ST8SIA1;NPL;ST8SIA4;AMDHD2;GFPT2;DOLPP1;NANP;GMPPB;ST3GAL1;GMDS;DHDDS;SRD5A3;GLB1"
"Synthesis Of Very Long-Chain Fatty acyl-CoAs R-HSA-75876",0.945205479452055,1,0.16823816568964,-0.135957199560667,-0.701836718829413,24,"ELOVL1;ELOVL5"
"TBC/RABGAPs R-HSA-8854214",0.749232343909928,1,0.0276588991389961,0.221917529352117,0.831404575991232,43,"RAB6B;TBC1D10C;GGA2;RAB7B;TBC1D20;MAP1LC3B;TSC1;TBC1D10A;TBC1D14;RAB8B;RABGAP1;TBC1D10B;RAB6A;TBC1D16"
"TCF Dependent Signaling In Response To WNT R-HSA-201681",0.81018981018981,1,0.0220834140571177,0.200870163936316,0.87141486449327,194,"UBB;PYGO1;CSNK1A1;KLHL12;PSMA6;H2BC1;CUL3;WNT4;CHD8;PIP5K1B;TCF7;FZD8;H2AZ2;H2BC14;ZNRF3;DKK2;PPP2R5C;LEO1;BTRC;CXXC4;PSMD9;SOX7;PSMB3;AXIN2;BCL9L;SOX13;CREBBP;SOX6;DVL2;KREMEN1;KMT2D;WIF1;RUVBL1;PSMB4;PSMD13;PSMF1;PSME4;CSNK1G2;TNKS;TERT;H2AC20;H2BC3;SRY;PSMB9;PSMC2;PSMB11;PSMC6;FZD4;WNT8B;HDAC1;PSMC3;H2AC14;TLE1;XIAP;KREMEN2;CCDC88C;TLE2;PSMD12;USP8;WNT5A;PSMD5;ASH2L;H2BC9;RSPO3;BCL9;TRRAP;AMER1;PPP2R1B;TLE3;SOST;H2AC7;CTNNBIP1;USP34;SMURF2"
"TCR Signaling R-HSA-202403",0.969939879759519,1,0.00842359386195179,0.161585008468312,0.675385547525245,111,"UBB;PTEN;UBE2D1;IKBKB;PSMA6;INPP5D;ZAP70;PAG1;WAS;PIK3R2;BTRC;PSMD9;PSMB3;TRAF6;HLA-DQA2;PSMB4;PSMD13;PSMF1;ITK;PSME4;ENAH;PSMB9;PSMC2;ARHGEF7;PSMB11;PSMC6;EVL;PSMC3;PSMD12;PSMD5;CD3E;CD247"
"TGF-beta Receptor Signaling Activates SMADs R-HSA-2173789",0.912998976458547,1,0.0159484509317776,0.176669221368611,0.661883716493665,43,"UBB;PMEPA1;ZFYVE9;NEDD4L;PPP1CA;SMAD3;SMURF1;TGFB2;FURIN;UBE2M;ITGB6;UCHL5"
"TGF-beta Receptor Signaling In EMT (Epithelial To Mesenchymal Transition) R-HSA-2173791",0.869565217391304,1,0.024285888595648,0.228861114618848,0.698450160500554,15,"UBB;PARD3;SMURF1;PARD6A;CGN"
"TNFR1-induced NFkappaB Signaling Pathway R-HSA-5357956",0.477151965993624,1,0.0506004243853618,0.297849026791448,1.02054865263989,26,"IKBKB;TANK;RIPK1;USP4;TAB3;BIRC3;RBCK1;RNF31"
"TNFR2 Non-Canonical NF-kB Pathway R-HSA-5668541",0.552657973921765,1,0.0412376090540065,0.234900023301974,0.972875302851358,99,"TNFSF11;UBB;TNFSF12;FASLG;TNFSF13B;PSMA6;TANK;TNFRSF8;BTRC;PSMD9;PSMB3;BIRC3;TNFRSF11B;PSMB4;PSMD13;PSMF1;PSME4;CD40;LTBR;PSMB9;PSMC2;UBE2M;TNFRSF14;EDA;TNFRSF25;PSMB11;PSMC6;TNFRSF9;PSMC3;EDA2R;TNFSF15;PSMD12;PSMD5"
"TNFs Bind Their Physiological Receptors R-HSA-5669034",0.497899159663866,1,0.0481183992657975,0.285085818466994,0.999293368055198,29,"TNFSF11;FASLG;TNFSF13B;TNFRSF8;TNFRSF11B;TNFRSF14;EDA;TNFRSF25;TNFRSF9;EDA2R;TNFSF15"
"TP53 Regulates Transcription Of Additional Cell Cycle Genes With Uncertain Roles In P53 Pathway R-HSA-6804115",0.72905331882481,1,0.0320704174637537,0.250703971819904,0.820685188274724,21,"CDC25C;CNOT11;PLK3;CENPJ;CNOT6L;CNOT10;TP53;PLK2;CNOT7;CNOT6;CNOT4"
"TP53 Regulates Transcription Of Cell Cycle Genes R-HSA-6791312",0.863959390862944,1,0.0191546578437244,0.194672631799551,0.741294667388681,49,"RBL2;CDC25C;E2F7;CNOT11;CCNB1;CARM1;E2F8;E2F4;ARID3A;PLK3;ZNF385A;CCNE1;CCNE2;CENPJ;PCNA;CNOT6L;BAX;CNOT10;TP53;PLK2;CNOT7;CNOT6;CNOT4"
"TP53 Regulates Transcription Of Cell Death Genes R-HSA-5633008",0.943820224719101,1,0.0131702144400005,0.167368202871618,0.628618967287422,44,"TP53BP2;TP53I3;BBC3;BID;CREBBP;NLRC4;PPP1R13B;TP73;ATM;PERP;APAF1"
"TP53 Regulates Transcription Of DNA Repair Genes R-HSA-6796648",0.519756838905775,1,0.0445070537769277,0.249391082685573,0.982194840276278,61,"CCNT1;FANCI;NELFCD;RAD51D;GDNF;ELOA;FANCD2;SERPINA2;NELFA;CCNK;PMS2;ATM;SUPT4H1;POLR2K;NELFE;CHEK1;CCNT2;POLR2D;GTF2H4;NELFB;GTF2H5;TP53;SUPT5H;GTF2F1;DDB2;GTF2H3;GTF2H1;ERCC3;MLH1;GTF2F2;ERCC2;CCNH;MSH2;CDK13;MDC1;ELL"
"TP53 Regulates Transcription Of Genes Involved In Cytochrome C Release R-HSA-6803204",0.573144104803493,1,0.0434506826723125,0.286968333464545,0.932030508023943,20,"TP53BP2;BBC3;BID;CREBBP;PPP1R13B;TP73;ATM"
"TP53 Regulates Transcription Of Genes Involved In G2 Cell Cycle Arrest R-HSA-6804114",0.596026490066225,1,0.0421619430092452,0.291060615026761,0.923194246676311,18,"RBL2;CDC25C;CCNB1;CARM1;E2F4;ZNF385A;PCNA;BAX;TP53"
"TRAF6 Mediated Induction Of NFkB And MAP Kinases Upon TLR7/8 Or 9 Activation R-HSA-975138",0.698094282848546,1,0.0302041948644786,0.215808157282723,0.893803344175565,99,"UBB;MAPK9;DUSP3;NLRX1;IKBKB;TANK;HOXC13;MAPK11;MAPK10;RPS6KA5;BTRC;MAPK1;MAPK8;TRAF6;TAB3;ECSIT;TLR7;MEF2C;GDNF;MAP2K1;S100A12;MAPK3;TICAM1;LRRC14;RPS6KA3;CASP8;TIFA;AGER;PELI2;IRAK4;NKIRAS1;MAPK7;NOD2;TLR4"
"Telomere C-strand (Lagging Strand) Synthesis R-HSA-174417",0.751565762004175,1,0.0285038599247822,0.229805716452804,0.824151565235101,33,"POLR1B;LRIG1;WRN;DSCC1;RFC5;PRIM2;POLR1A;PCNA;RFC2;RFC4;POLA2;PRIM1;STN1;ACD;RPA3;BLM;POLA1;TERF2;POT1;SLC19A1"
"Telomere Extension By Telomerase R-HSA-171319",0.48780487804878,1,0.224966093540314,-0.193335013615321,-1.00337657892266,23,"RUVBL2;RTEL1;TERF2IP;CDK2;NHP2"
"Termination Of O-glycan Biosynthesis R-HSA-977068",0.745963401506997,1,0.0304180507344859,0.245212873694392,0.82459065912816,24,"MUC19;ST3GAL3;MUC17;MUC15;ST3GAL1;MUC6;ST6GALNAC2;MUC13;MUC7;MUC12;ST6GALNAC4;MUC4"
"Tie2 Signaling R-HSA-210993",0.540659340659341,1,0.0464154956843849,0.310223095627099,0.976277039564604,17,"TEK;PIK3R2;DOK2;ANGPT4"
"Tight Junction Interactions R-HSA-420029",0.723044397463002,1,0.0310617758113358,0.236515914585825,0.823713131961014,28,"CLDN18;CLDN16;PARD3;PATJ;CLDN20;CLDN17;PARD6A;CLDN12;PRKCI;CLDN8;CLDN10;F11R;CLDN23;CLDN7;CLDN3;CLDN14;PARD6B;CRB3;CLDN9;CLDN19;CLDN1"
"Toll Like Receptor 4 (TLR4) Cascade R-HSA-166016",0.915915915915916,1,0.0139869590598254,0.185564987952947,0.788705617892525,138,"UBB;MAPK9;DUSP3;DNM1;UBE2D1;LY86;NLRX1;FGG;IKBKB;TANK;RIPK1;HOXC13;MAPK11;MAPK10;IRF7;RPS6KA5;BTRC;MAPK1;MAPK8;TRAF6;TAB3;ECSIT;MEF2C;UBE2D3;SARM1;BIRC3;GDNF;MAP2K1;S100A12;MAPK3;TICAM1;LRRC14;RPS6KA3;CASP8;TIFA;ITGB2;AGER;PELI2;LBP;IRAK4;NKIRAS1;MAPK7;NOD2;TLR4"
"Toll Like Receptor 7/8 (TLR7/8) Cascade R-HSA-168181",0.688755020080321,1,0.030918431706181,0.216997281243916,0.899708923202913,101,"UBB;MAPK9;DUSP3;NLRX1;IKBKB;TANK;HOXC13;MAPK11;MAPK10;IRF7;RPS6KA5;BTRC;MAPK1;MAPK8;TRAF6;TAB3;ECSIT;TLR7;MEF2C;GDNF;MAP2K1;S100A12;MAPK3;TICAM1;LRRC14;RPS6KA3;CASP8;TIFA;AGER;PELI2;IRAK4;NKIRAS1;MAPK7;NOD2;TLR4"
"Toll Like Receptor 9 (TLR9) Cascade R-HSA-168138",0.659318637274549,1,0.0329431471724691,0.220860597947938,0.917958543224897,104,"UBB;MAPK9;DUSP3;NLRX1;IKBKB;TANK;PIK3R4;HOXC13;MAPK11;MAPK10;IRF7;RPS6KA5;BTRC;MAPK1;MAPK8;TRAF6;TAB3;ECSIT;TLR7;MEF2C;GDNF;MAP2K1;S100A12;MAPK3;TICAM1;LRRC14;RPS6KA3;CASP8;TIFA;AGER;PELI2;IRAK4;NKIRAS1;MAPK7;NOD2;TLR4"
"Toll-like Receptor Cascades R-HSA-168898",0.934065934065934,1,0.0121212734616549,0.181680863537504,0.777060220922057,160,"UBB;MAPK9;DUSP3;DNM1;GSDME;UBE2D1;LY86;NLRX1;FGG;IKBKB;TANK;RIPK1;PIK3R4;HOXC13;MAPK11;TLR3;MAPK10;IRF7;RPS6KA5;BTRC;MAPK1;CTSK;MAPK8;TRAF6;TAB3;ECSIT;TLR7;MEF2C;UBE2D3;SARM1;BIRC3;GDNF;MAP2K1;S100A12;MAPK3;TICAM1;LRRC14;RPS6KA3;CASP8;TIFA;ITGB2;AGER;PELI2;LBP;IRAK4;NKIRAS1;MAPK7;HSP90B1;NOD2;TLR4;BTK;CD180;CTSV;TLR8"
"Transcription Of E2F Targets Under Negative Control By P107 (RBL1) And P130 (RBL2) In Complex With HDAC1 R-HSA-1362300",0.462901439645626,1,0.0538979025357319,0.327749215466238,1.01526449894735,16,"RBL2;LIN52;E2F4;LIN54;HDAC1;LIN9;LIN37"
"Transcription Of HIV Genome R-HSA-167172",0.476286579212916,1,0.0483117581055019,0.252370498253995,1.00678794970525,68,"TAF9B;TAF9;CCNT1;TAF3;GTF2B;RNGTT;TAF4;NELFCD;TAF5;ELOA;NELFA;CCNK;GTF2E2;TAF11;SUPT4H1;POLR2K;NELFE;CCNT2;POLR2D;GTF2H4;TAF1;NELFB;GTF2H5;TBP;SUPT5H;GTF2F1;GTF2A1;GTF2H3;GTF2H1;ERCC3;GTF2F2;NCBP1;RNMT;ERCC2;CCNH"
"Transcription-Coupled Nucleotide Excision Repair (TC-NER) R-HSA-6781827",0.903420523138833,1,0.0154513814985972,0.179797882784278,0.722466797886734,73,"UBB;COPS4;POLR1B;AQR;LRIG1;COPS5;POLE2;RFC5;POLE;POLR2K;POLR2D;POLR1A;ERCC1;GTF2H4;COPS6;PCNA;RFC2;RFC4;GTF2H5;LRIG3;GTF2H3;GTF2H1;CUL4B;ERCC3;ERCC8;CUL4A;XPA;COPS8;RPA3;ERCC2;HMGN1;CCNH"
"Transcriptional Activation Of Mitochondrial Biogenesis R-HSA-2151201",0.394736842105263,1,0.0571258510018113,0.27489950895477,1.05778007096114,52,"CRTC1;NR1D1;TWNK;TBL1XR1;CALM1;HDAC3;NRF1;ACSS2;CARM1;NCOA1;CREBBP;MEF2C;GDNF;PPARGC1B;CRTC2;ESRRA;SIRT4;RXRA;MBD4;LIN9;CYCS;ALAS1;CHD9;HELZ2"
"Transcriptional Activity Of SMAD2/SMAD3:SMAD4 Heterotrimer R-HSA-2173793",0.604251012145749,1,0.037536290520292,0.24436088474196,0.935986039843391,50,"UBB;UBE2D1;CCNT1;NEDD4L;SMAD3;MAPK1;RNF111;E2F4;UBE2D3;MAPK3;CCNK;CCNC;FURIN;TGIF2;CCNT2;HDAC1;CDKN2B;RNASEH2A"
"Transcriptional Regulation By E2F6 R-HSA-8953750",0.588726513569937,1,0.0401660980049421,0.260277630285848,0.933432900220387,33,"RBBP8;RYBP;PCGF2;RBBP7;UXT;APAF1;L3MBTL2;CHEK1;RRM2;EED;SUZ12"
"Transcriptional Regulation By MECP2 R-HSA-8986944",0.437689969604863,1,0.0523759084097997,0.263407581069369,1.034156274684,60,"CAMK2A;PTEN;TBL1XR1;AGO4;CALM1;HDAC3;CAMK2B;GAD1;TNRC6C;CAMK2G;AURKB;GPRIN1;CRH;MEF2C;PRKCA"
"Transcriptional Regulation By RUNX1 R-HSA-8878171",0.991,1,0.00458288223817775,0.151499689013453,0.657969816296335,199,"UBB;PBRM1;AGO4;RYBP;PSMA6;H2BC1;PML;CTLA4;KMT2A;H2AZ2;RUNX2;H2BC14;PRKCB;TNRC6C;SMARCD2;LDB2;OCLN;SERPINB13;PSMD9;CDK6;PSMB3;CTSK;CREBBP;GATA1;KMT2C;KMT2D;PSMB4;PSMD13;PSMF1;PSME4;TP73;ESR1;H2AC20;H2BC3;MYB;SCMH1;SOCS4;PSMB9;GPAM;PSMC2;PSMB11;PSMC6;SMARCC2;HDAC1;TJP1;PSMC3;H2AC14;CR1;FOXP3;PSMD12;PSMD5;CCND2;ASH2L;GP1BA;H2BC9;NFE2;RSPO3;CTSV;SETD1B;TNRC6A;CBX6"
"Transcriptional Regulation By RUNX2 R-HSA-8878166",0.541082164328657,1,0.0421619430092452,0.233202774429348,0.979202116298318,116,"ZNF521;UBB;AKT3;RB1;PSMA6;WWP1;MMP13;NKX3-2;HDAC3;HDAC4;RUNX2;CCNB1;NR3C1;GLI3;MAPK1;SMURF1;PSMD9;PSMB3;ITGBL1;TWIST2;PSMB4;PSMD13;PSMF1;MAPK3;PSME4;PPARGC1B;ESR1;AREG;GLI2;ESRRA;ITGA5;PSMB9;PSMC2;PSMB11;PSMC6;PSMC3;PPM1D;PSMD12;PSMD5"
"Transcriptional Regulation By RUNX3 R-HSA-8878159",0.966834170854271,1,0.00918593980608508,0.155929771588461,0.641072194185874,93,"UBB;PSMA6;KAT2A;TCF7;HDAC4;MAML2;SMAD3;SMURF1;PSMD9;PSMB3;CREBBP;PSMB4;CDKN2A;PSMD13;PSMF1;MDM2;PSMB9;PSMC2;PSMC6;ITGAL;PSMC3;PSMD12;PSMD5;TEAD3;RORC;BCL2L11;TP53;SMURF2;YAP1;FOXO3"
"Transcriptional Regulation By TP53 R-HSA-3700989",0.828171828171828,1,0.0207818350435559,0.199827252486287,0.898573341521208,351,"RRAGD;GPX2;UBB;AKT3;CHD3;TAF9B;CDK5R1;RBBP8;UBL4A;PTEN;SESN1;TP53BP2;COX5A;RBL2;POU4F2;COX7A2L;TAF9;CDC25C;TP53I3;POLR1B;HIPK1;CCNT1;LAMTOR3;YWHAG;AGO4;ING5;TAF3;RAD17;E2F7;PIP4K2B;PML;RICTOR;LRPPRC;CNOT11;RBBP7;MAPK11;PRKAG2;TNRC6C;PPP2R5C;TAF4;CCNB1;FANCI;CHEK2;AURKB;BBC3;BID;NELFCD;RHEB;TSC1;CARM1;SETD9;STK11;BRPF3;E2F8;ING3;PIP4P1;RAD51D;PRKAB2;CREBBP;TAF5;E2F4;TIGAR;WRN;SMYD2;RMI1;GDNF;ELOA;NLRC4;CDKN2A;PRKAA2;FANCD2;SERPINA2;MDM2;MAPKAP1;RFC5;NELFA;COX20;PPP1R13B;CCNK;GSR;RHNO1;TP73;PMS2;ATM;TAF11;BRD7;PERP;APAF1"
"Transcriptional Regulation By VENTX R-HSA-8853884",0.726708074534162,1,0.029777461260706,0.228407137396843,0.843897923463822,39,"ANAPC16;UBE2D1;AGO4;CDC23;TNRC6C;CDKN2A;ANAPC5;ANAPC4;UBE2C;ANAPC15;TNRC6A;TP53;LEF1;ANAPC2;VENTX;EHMT1;FZR1;ANAPC10;ANAPC11;EHMT2"
"Transcriptional Regulation Of Pluripotent Stem Cells R-HSA-452723",0.939075630252101,1,0.0157837626630889,0.176193393112561,0.617599606249474,29,"FGF13;HHEX;NR5A1;PRDM14;KLF4;HIF3A;DPPA4;FOXP1;EPHA1"
"Transferrin Endocytosis And Recycling R-HSA-917977",0.944560669456067,1,0.0150298748621405,0.173525495723766,0.615538349404534,31,"ATP6V1D;HFE;STEAP2;ATP6V1A;ATP6V1H;TFR2;ATP6V1E2;ATP6V1G3;ATP6V1C1;ATP6V0D2;ATP6V1B1;ATP6V0A4;MCOLN1;STEAP3;TFRC;ATP6V1C2;ATP6V0A2;ATP6V1G2"
"Translation Of Structural Proteins R-HSA-9683701",0.477449744103067,1,0.203508959461977,-0.180479338604726,-0.987604765091361,29,"ST3GAL2;RPS27A;ST6GALNAC3;PARP14;CANX;ST3GAL4"
"Translesion Synthesis By POLH R-HSA-110320",0.667770419426049,1,0.0369160593316849,0.275082389578175,0.872514061709084,18,"UBB;POLR1B;RFC5;SPRTN;POLR1A;PCNA;RFC2;RFC4"
"Translocation Of SLC2A4 (GLUT4) To Plasma Membrane R-HSA-1445148",0.883248730964467,1,0.0177038118052295,0.187803107837309,0.719903134078839,51,"YWHAG;CALM1;PRKAG2;KIF3B;RALGAPB;PRKAB2;TBC1D1;EXOC7;PRKAA2;RAB10;C2CD5;RAB13;TBC1D4;MYO5A;KIFAP3;EXOC6;YWHAH;EXOC1;RAB11A;RAB14;LNPEP;RALA;KIF3A;PRKAG1;AKT1;PRKAG3"
"Transport Of Bile Salts And Organic Acids, Metal Ions And Amine Compounds R-HSA-425366",0.94159113796576,1,0.0121212734616549,0.17332530094295,0.707354309320369,86,"HEPH;EMB;SLC30A8;SLC6A12;SLC6A1;SLC30A1;SLC14A1;SLC30A10;SLC13A4;SLC22A12;RHCG;SLC22A16;SLC22A18;RSC1A1;SLC22A5;SLC5A3;SLC13A5;SLC16A7;SLC30A7;SLC6A13;SLC6A11;SLC18A2"
"Transport Of Inorganic Cations/Anions And Amino Acids/Oligopeptides R-HSA-425393",0.345691382765531,1,0.0629394692018967,0.257935492575939,1.0720521958689,104,"SLC4A10;SLC1A2;SLC4A8;SLC9A7;SLC12A5;SLC17A7;SLC8A2;SLC5A8;SLC43A2;CALM1;SLC1A4;AHCYL2;SLC20A1;SLC6A12;SLC43A1;SLC8B1;SLC3A1;SLC8A3;SLC8A1;SLC1A1;SLC12A1;SLC4A7;SLC15A2;SLC7A1;SLC17A1;SLC26A4;SLC7A3;SLC9A8;SLC26A9;SLC4A2;SLC26A3;SLC17A6;SLC26A7;SLC34A2;SLC6A18;SLC4A1;SLC7A6;SLC4A9;SLC9A1;SLC25A18;SLC15A1;SLC25A22;SLC25A10;SLC3A2;SLC36A2;SLC25A26;SLC1A5;SRI;SLC24A1;SLC15A3;SLC9A4;SLC17A8;SLC1A7;SLC7A2;SLC7A8;SLC24A3;SLC38A5;SLC9A2;SLC16A10"
"Transport Of Mature mRNA Derived From An Intronless Transcript R-HSA-159231",0.950515463917526,1,0.0133546284394486,0.164033996109739,0.610087716458819,41,"NXF1;NUP58;NUP88;NDC1;NUP160;NUP85;CPSF1;SYMPK;SEH1L;NUP205;SEC13;NUP133;NCBP1;CPSF4;NUP98;NUP93;NUP42;NUP107;CPSF3;NUP210;RNASE7;NUP37;NUP153;NUP155;EIF4E"
"Transport Of Mature mRNAs Derived From Intronless Transcripts R-HSA-159234",0.938335046248715,1,0.0141641602737639,0.170614670851953,0.63810970060564,42,"NXF1;NUP58;NUP88;NDC1;NUP160;NUP85;CPSF1;SLBP;SYMPK;SEH1L;NUP205;SEC13;NUP133;NCBP1;CPSF4;NUP98;NUP93;NUP42;NUP107;CPSF3;NUP210;RNASE7;NUP37;NUP153;NUP155;EIF4E"
"Transport Of Ribonucleoproteins Into Host Nucleus R-HSA-168271",0.646137787056367,1,0.0358449292332649,0.246911989651016,0.890198500505496,34,"PBRM1;NUP58;NUP88;NDC1;NUP160;BLOC1S6;NUP85"
"Transport Of SLBP Dependant Mature mRNA R-HSA-159230",0.904166666666667,1,0.0178589946943486,0.187165608505749,0.678678816328927,35,"NXF1;NUP58;NUP88;NDC1;NUP160;NUP85;SLBP;SEH1L;NUP205;SEC13;NUP133;NCBP1;NUP98;NUP93;NUP42;NUP107;NUP210;RNASE7;NUP37;NUP153;NUP155;EIF4E"
"Transport Of SLBP Independent Mature mRNA R-HSA-159227",0.886221294363257,1,0.0193046440642709,0.196614174626952,0.708858422300266,34,"NXF1;NUP58;NUP88;NDC1;NUP160;NUP85;SEH1L;NUP205;SEC13;NUP133;NCBP1;NUP98;NUP93;NUP42;NUP107;NUP210;RNASE7;NUP37;NUP153;NUP155;EIF4E"
"Transport Of Vitamins, Nucleosides, And Related Molecules R-HSA-425397",0.998976458546571,1,0.00730167173587984,0.115320077743737,0.432041761728873,43,"SLC25A4;SLCO1C1;SLC29A2;SLC28A2;SLC35A2;SLC27A6;NLRP3;SLC29A1;LCN15;ARL2BP;SLCO1B1;SLCO4A1;SLC35C1;SLCO2A1;SLCO4C1;SLC35D1;SLC16A2;SLCO1B3;SLC35A1;SLC35B4;SLC35A3;PDZD11;SLCO2B1;LCN12;SLC5A6;SLC29A4;LCN9"
"Triglyceride Catabolism R-HSA-163560",0.883695652173913,1,0.0219398252709772,0.20780836159569,0.692100870955066,23,"FABP3;MGLL;PPP1CA;GPD2;PRKCA;PNPLA4;FABP7;FABP9;FABP12;FABP4;FABP6;ABHD5;PRKACG"
"Triglyceride Metabolism R-HSA-8979227",0.670135275754422,1,0.0339723613634993,0.242038259646435,0.883270849375344,36,"LPIN2;FABP3;MGLL;LPIN1;GK;PPP1CA;LPIN3;GPD2;PRKCA;PNPLA4;AGMO;GPAM;FABP7"
"UCH Proteinases R-HSA-5689603",0.974874371859296,1,0.00815591848796014,0.149974056885332,0.616406937816261,92,"UBB;INO80;PSMA6;CNKSR3;UCHL3;ASXL2;PSMD9;PSMB3;ASXL1;RUVBL1;PSMB4;ACTR5;PSMD13;PSMF1;PSME4;INO80C;H2AC20;PSMB9;PSMC2;PSMB11;PSMC6;ACTR8;PSMC3;UCHL5;H2AC14;MBD6;PSMD12;PSMD5"
"Ub-specific Processing Proteases R-HSA-5689880",0.99,1,0.00480899561354898,0.153249147705956,0.662178871039167,183,"OTUB1;IDE;UBB;TAF9B;PTEN;PSMA6;H2BC1;KAT2A;TANK;RIPK1;RNF128;H2BC14;HIF1A;USP4;ARRB2;SUDS3;SMAD3;USP32;PSMD9;CDC25A;PSMB3;AXIN2;TRAF6;BIRC3;RUVBL1;USP28;PSMB4;PSMD13;PSMF1;STAM2;MDM2;PSME4;AREG;TNKS;H2AC20;RHOT1;H2BC3;USP12;USP26;USP33;PSMB9;PSMC2;MUL1;PSMB11;PSMC6;HGS;CLSPN;PSMC3;H2AC14;PSMD12;USP8;PSMD5;H2BC9;USP37;TRRAP;TOMM70;USP20;TADA3;H2AC7;USP34;TP53;SMURF2;USP24;USP25;DDB2"
"Ubiquitin Mediated Degradation Of Phosphorylated Cdc25A R-HSA-69601",0.551619433198381,1,0.0417397034728504,0.25215101648635,0.965824917571262,50,"UBB;PSMA6;CHEK2;PSMD9;CDC25A;PSMB3;PSMB4;PSMD13;PSMF1;PSME4;CHEK1;PSMB9;PSMC2;PSMB11;PSMC6;PSMC3;PSMD12;PSMD5"
"Ubiquitin-dependent Degradation Of Cyclin D R-HSA-75815",0.883603238866397,1,0.0174698106128933,0.188694302220394,0.722763927061326,50,"UBB;PSMA6;PSMD9;PSMB3;PSMB4;PSMD13;PSMF1;PSME4;PSMB9;PSMC2;PSMB11;PSMC6;PSMC3;PSMD12;PSMD5"
"Unattached Kinetochores Signal Amplification Via A MAD2 Inhibitory Signal R-HSA-141444",0.426130653266332,1,0.0532386494755899,0.252590468158074,1.03727759989335,91,"CLIP1;CENPQ;SKA2;SGO1;SGO2;KIF2A;MIS12;PPP2R5C;AURKB;SPDL1;NUP160;CENPE;CDCA8;DYNC1I1;SPC24;BUB1B;SPC25;NUP85;CENPN;MAD1L1;NUDC;ZWILCH;KIF2B;ITGB3BP;CKAP5;BUB1;CENPO;CENPP;CENPU;MAD2L1;SEH1L;CENPF;DYNLL1;CENPI;PPP2R1B;NDEL1;KNL1;PAFAH1B1;NDC80"
"VEGFR2 Mediated Vascular Permeability R-HSA-5218920",0.345744680851064,1,0.0658311958368866,0.320146214298745,1.10095884338123,27,"AKT3;CALM1;TRIB3;RICTOR;HOXC13;VAV3;VAV1;THEM4;MAPKAP1;ARHGEF7;MLST8;MTOR;VAV2"
"VLDLR Internalisation And Degradation R-HSA-8866427",0.476190476190476,1,0.199915231309662,-0.229231954953666,-1.00295882394756,15,"NR1H2;RPS27A"
"Vif-mediated Degradation Of APOBEC3G R-HSA-180585",0.855263157894737,1,0.0196032645039178,0.196284929990659,0.755280676795547,52,"UBB;PSMA6;PSMD9;PSMB3;PSMB4;PSMD13;PSMF1;PSME4;APOBEC3G;PSMB9;PSMC2;PSMB11;PSMC6;PSMC3;PSMD12;PSMD5"
"Viral Messenger RNA Synthesis R-HSA-168325",0.98780487804878,1,0.0078803141868031,0.130141566192243,0.491747578707782,46,"PBRM1;NUP58;NUP88;NDC1;NUP160;BLOC1S6;NUP85;POLR2K;POLR2D;SEH1L;NUP205;GTF2F1;SEC13;GTF2F2;NUP133;NUP98;NUP93;POLR2H;NUP42;NUP107;NUP210;RNASE7;NUP37;NUP153;NUP155;POLR2J"
"Visual Phototransduction R-HSA-2187338",0.342026078234704,1,0.0635007968065945,0.261908607682788,1.08082766652768,95,"RIMBP2;AKR1C4;METAP1;CALM1;GRK4;ABCA4;RGS9BP;NAPEPLD;GUCA1C;GNB1;HSD17B6;BCO1;GPC6;AKR1C1;STRA6;APOA4;GNAT1;GPC3;GPC2;NMT1;CAMKMT;PRKCA;SDC3;SDC2;PPEF1;RBP3;AKR1C3;RLBP1;GRK7;LRP8;APOC2;TTR;DHRS9;OPN1MW3;RDH8;SDC1;RCVRN;LDLR;LPL;CNGA1;GPC1;SLC24A1;GNB5;GPIHBP1;PDE6B;GUCY2D;LRP12;METAP2;DHRS3;PNLIP;PDE6G;RDH10;GRK1;RBP4;APOM;RPE65;RDH11"
"Vitamin B5 (Pantothenate) Metabolism R-HSA-199220",0.850549450549451,1,0.0247086313801197,0.221943864876237,0.698460889615245,17,"SLC25A16;AASDHPPT;VNN1;PANK2;PANK1;PPCS;COASY;ENPP3;PPCDC;PANK4;ENPP1;VNN2;PDZD11;SLC5A6;FASN"
"Vpr-mediated Nuclear Import Of PICs R-HSA-180910",0.91231732776618,1,0.0173914717556673,0.185101518652987,0.667351531122789,34,"NUP58;NUP88;NDC1;NUP160;NUP85;SGIP1;SEH1L;NUP205;SEC13;NUP133;NUP98;HMGA1;NUP93;NUP42;NUP107;NUP210;RNASE7;KPNA1;NUP37;NUP153;NUP155;PSIP1"
"Vpu Mediated Degradation Of CD4 R-HSA-180534",0.791497975708502,1,0.0241447930798382,0.213572681474131,0.818056656501295,50,"UBB;PSMA6;BTRC;PSMD9;PSMB3;PSMB4;PSMD13;PSMF1;PSME4;PSMB9;PSMC2;PSMB11;PSMC6;PSMC3;PSMD12;PSMD5"
"VxPx Cargo-Targeting To Cilium R-HSA-5620916",0.422198041349293,1,0.0573667426768556,0.320651393663329,1.04965967419208,21,"RAB11FIP3;PKD1;RAB3IP;EXOC7;PRKD2;CNGA2;EXOC6;EXOC1;RAB11A;ARF4"
"XBP1(S) Activates Chaperone Genes R-HSA-381038",0.893731881041617,1,0.143902565267782,-0.154204920782465,-1.02444778350206,46,"WIPI1;LMNA;MYDGF;ADD1;HDGF;ZBTB17;PDIA6;CTDSP2;YIF1A;TLN1"
"Xenobiotics R-HSA-211981",0.44613710554951,1,0.0547939500773363,0.311978328275146,1.02947568296339,22,"CYP2F1;CYP2E1;CYP3A5;CYP3A43;CYP1A1;CYP1A2;ARNT2;CYP3A4;CYP2B6;CYP2C8;CYP2C19;CYP2C9;AHR;CYP2S1"
"YAP1- And WWTR1 (TAZ)-stimulated Gene Expression R-HSA-2032785",0.96098104793757,1,0.0183208529217527,0.189155842423567,0.577275561732658,15,"HIPK1;RUNX2;NPPA;TEAD3;YAP1"
"Zinc Transporters R-HSA-435354",0.948351648351648,1,0.0182442460385585,0.181052993595642,0.569776664224679,17,"SLC30A8;SLC30A1;SLC30A7;SLC39A14;SLC30A5;SLC39A1;SLC39A3;SLC39A5;SLC39A6;SLC30A2;SLC39A2;SLC39A8;SLC30A6"
"mRNA 3-End Processing R-HSA-72187",0.774884953928903,1,NA,-0.132518514732192,-0.855772024003627,58,"SRSF1;SRSF4;SRSF9;CPSF2;SRSF5;CSTF3;RBM8A;PCF11;SRSF3;U2AF2;CASC3"
"mRNA Capping R-HSA-72086",0.708245243128964,1,0.0320704174637537,0.242546734086312,0.844716645520503,28,"RNGTT;POLR2K;POLR2D;GTF2H4;GTF2H5;SUPT5H;GTF2F1;GTF2H3;GTF2H1;ERCC3;GTF2F2;NCBP1;RNMT;ERCC2;CCNH"
"mRNA Decay By 5 To 3 Exoribonuclease R-HSA-430039",0.953177257525084,1,0.0188532541830902,0.195135392737242,0.595524261968446,15,"LSM7;LSM4;DDX6;LSM6;DCP1A;LSM5;DCP1B;XRN1;LSM3;LSM1"
"mTORC1-mediated Signaling R-HSA-166208",0.835616438356164,1,0.179782316298324,-0.158482810808666,-0.818118174603797,24,"RPS6;EIF4B;RPS6KB1"
"p53-Dependent G1 DNA Damage Response R-HSA-69563",0.800607287449393,1,0.0235084845013289,0.207987922606447,0.823065702013146,64,"UBB;PSMA6;CHEK2;PSMD9;PSMB3;PSMB4;CDKN2A;PSMD13;PSMF1;MDM2;PSME4;ATM;PSMB9;PSMC2;PSMB11;PSMC6;ZNF385A;PSMC3;CCNE1;CCNE2;PSMD12;PSMD5"
"p75NTR Signals Via NF-kB R-HSA-193639",0.896321070234114,1,0.0225842720346634,0.218918545018898,0.668106913486141,15,"UBB;IKBKB;TRAF6"
"rRNA Modification In Nucleus And Cytosol R-HSA-6790901",0.908998988877654,1,0.0153676328786693,0.180220940896331,0.706714538772378,59,"NOL11;UTP6;UTP14C;DDX52;PWP2;NAT10;UTP4;DKC1;SPPL2A;UTP25;SNU13;RRP7A;WDR36;WDR46;NOP56;UTP20;NOP2;KRR1;RRP9;DDX49;PDCD11;NOL6;GAR1;HEATR1;NOC4L;BMS1;WDR75"
"tRNA Aminoacylation R-HSA-379724",0.406185567010309,1,0.0566484183613995,0.285749631954188,1.06278176824546,41,"MARS1;FARS2;WARS1;MARS2;VARS2;CARS2;LARS2;TARS1;WARS2;IARS1"
"tRNA Processing In Nucleus R-HSA-6784531",0.822695035460993,1,0.0220116482772519,0.20287854434424,0.789914222971663,56,"RPP14;ELAC2;TRNT1;NUP58;ZBTB8OS;NUP88;NDC1;NUP160;NUP85;DDX1;CPSF1;SEH1L;NUP205;RPP40;NLRP2B;COLEC12;TSEN2;FAM98B;PYDC1;RTRAF;SEC13;NUP133;CPSF4;RPP38;NUP98;NUP93;NUP42;TSEN15;NUP107;NUP210;POP7;RNASE7;NUP37;POP5;NUP153;NUP155;RPP21"
"trans-Golgi Network Vesicle Budding R-HSA-199992",0.685483870967742,1,0.0313490001730997,0.225403226700351,0.903084747859826,70,"AP4S1;NECAP1;SH3GL2;SNAPIN;SNX9;BLOC1S3;BLOC1S4;VAMP7;SH3D19;AP1G2;BLOC1S6;M6PR;AP1M2;CHMP2A;TPD52L1;AP1S1;AP1B1;AP4B1;AP4M1;HGS;AP3S1"
"Amyloid Fiber Formation R-HSA-977225",NA,NA,NA,-0.212177248688958,NA,75,"H3-3B;PSENEN;TSPAN15;APP;HSPG2;RPS27A;H2AC6;H2AC19;SAA2;B2M;APOE;MFGE8;H4C15;ITM2B"
"Antigen processing-Cross Presentation R-HSA-1236975",NA,NA,NA,-0.228354859155882,NA,103,"HMGB1;CALR;HLA-B;PSMB7;HLA-A;SEC61G;RPS27A;HLA-C;ITGAV;PDIA3;B2M;STX4;VAMP3;PSMB6;PSMD4;HLA-E;CYBA;PSMD10;PSMC4;PSMA1;PSMD3;PSMD14;PSME1;SEM1"
"Autophagy R-HSA-9612973",NA,NA,NA,-0.158534573750917,NA,125,"DYNC1LI2;LAMP2;RNASE1;ATG14;SQSTM1;DYNC1I2;WIPI1;PLIN3;RPS27A;CHMP6;GABARAPL2;TOMM7;ATG4C;DYNC1H1;GABARAP;VCP;USP30;GFAP;EPAS1"
"Cap-dependent Translation Initiation R-HSA-72737",NA,NA,NA,-0.586240762838328,NA,115,"RPS16;RPS6;RPS3;RPS12;RPLP2;RPL23;RPL36;RPL8;RPL19;RPS7;RPLP0;EIF3A;PABPC1;RPL34;RPS29;RPL18;RPS9;RPL39;RPS17;RPS27A;RPL30;RPLP1;RPL37;EIF4B;RPS13;RPS19;RPS14;RPS2;RPL11;RPL12;FAU;RPL28;RSL24D1;RPL9;RPL18A;RPS27;RPL29;RPL27A;RPS20;EIF4H;RPL21;RPL27;RPS23;RPL5;EIF4A1;RPL32;RPL36AL;EIF3F;EIF3B;RPS25;RPS15;RPL15;RPS28;RPS5;RPS8;EIF1AX;EIF4G1;EIF3G;RPL4"
"Cell Surface Interactions At Vascular Wall R-HSA-202733",NA,NA,NA,-0.164527296659071,NA,133,"MAG;JAM3;CD74;CD99;SELENOP;ITGB1;SLC7A10;ATP1B1;CD44;GYPC;SLC16A1;PECAM1;ITGAV"
"Cellular Response To Starvation R-HSA-9711097",NA,NA,NA,-0.386488537735723,NA,151,"RPS16;RPS6;RPS3;RPS12;RPLP2;RPL23;ATP6V0B;RPL36;RPL8;RPL19;RPS7;RPLP0;RPL34;RPS29;RPL18;RPS9;RPL39;RPS17;RPS27A;RPL30;RPLP1;RPL37;RPS13;RPS19;RPS14;RPS2;RPL11;RPL12;FAU;RPL28;RSL24D1;RPL9;ATF3;RPL18A;RPS27;RPL29;RPL27A;RPS20;RPL21;RPL27;RPS23;RPL5;RPL32;RPL36AL;RPS25;FNIP2;ATF4;RPS15;RPL15;RPS28;RPS5;RPS8;SESN2;SH3BP4;ATP6V1F;WDR59;RPL4;TCIRG1;RRAGA"
"Chromosome Maintenance R-HSA-73886",NA,NA,NA,-0.135751309488669,NA,114,"RUVBL2;H3-3B;H2AJ;ATRX;RTEL1;FEN1;H2AC6;RSF1;H2AC19;NPM1;H4C15;POLR2I;POLR2E;POLD2;TERF2IP;POLR2L"
"Citric Acid (TCA) Cycle And Respiratory Electron Transport R-HSA-1428517",NA,NA,NA,-0.147430763038082,NA,159,"TMEM126B;ATP5MG;ATP5MC1;UQCRC1;ATP5MC2;MPC2;ACAD9;COX8A;UQCRB;NDUFV2;SLC16A1;DLST;ATP5F1A;NDUFB6;NDUFB7;NDUFS6;ETFA;COX6C;NDUFS4;PDHX;NDUFAF3;NDUFA10;NDUFA1;UQCRQ;NDUFA12;PDK4;ATP5ME"
"ER-Phagosome Pathway R-HSA-1236974",NA,NA,NA,-0.255496133573666,NA,88,"HMGB1;CALR;HLA-B;PSMB7;HLA-A;SEC61G;RPS27A;HLA-C;PDIA3;B2M;STX4;VAMP3;PSMB6;PSMD4;HLA-E"
"Eukaryotic Translation Elongation R-HSA-156842",NA,NA,NA,-0.675147117383395,NA,87,"RPS16;RPS6;RPS3;RPS12;RPLP2;RPL23;EEF1D;RPL36;RPL8;RPL19;RPS7;RPLP0;RPL34;RPS29;RPL18;RPS9;RPL39;RPS17;RPS27A;RPL30;RPLP1;RPL37;RPS13;RPS19;RPS14;RPS2;RPL11;RPL12;FAU;RPL28;RSL24D1;RPL9;RPL18A;RPS27;RPL29;RPL27A;RPS20;RPL21;RPL27;RPS23;RPL5;EEF1B2;RPL32;RPL36AL;RPS25;RPS15;RPL15;RPS28;RPS5;RPS8"
"Eukaryotic Translation Termination R-HSA-72764",NA,NA,NA,-0.639760256458376,NA,89,"RPS16;RPS6;RPS3;RPS12;RPLP2;RPL23;RPL36;RPL8;RPL19;RPS7;RPLP0;RPL34;RPS29;RPL18;RPS9;RPL39;RPS17;RPS27A;RPL30;RPLP1;RPL37;RPS13;RPS19;RPS14;RPS2;RPL11;RPL12;FAU;RPL28;RSL24D1;RPL9;RPL18A;RPS27;RPL29;RPL27A;RPS20;RPL21;RPL27;RPS23;RPL5;RPL32;RPL36AL;RPS25;RPS15;RPL15;RPS28;RPS5;RPS8"
"Formation Of A Pool Of Free 40S Subunits R-HSA-72689",NA,NA,NA,-0.643136152064266,NA,97,"RPS16;RPS6;RPS3;RPS12;RPLP2;RPL23;RPL36;RPL8;RPL19;RPS7;RPLP0;EIF3A;RPL34;RPS29;RPL18;RPS9;RPL39;RPS17;RPS27A;RPL30;RPLP1;RPL37;RPS13;RPS19;RPS14;RPS2;RPL11;RPL12;FAU;RPL28;RSL24D1;RPL9;RPL18A;RPS27;RPL29;RPL27A;RPS20;RPL21;RPL27;RPS23;RPL5;RPL32;RPL36AL;EIF3F;EIF3B;RPS25;RPS15;RPL15;RPS28;RPS5;RPS8;EIF1AX;EIF3G;RPL4;EIF3J;RPL22;RPL37A"
"GTP Hydrolysis And Joining Of 60S Ribosomal Subunit R-HSA-72706",NA,NA,NA,-0.619586635891989,NA,108,"RPS16;RPS6;RPS3;RPS12;RPLP2;RPL23;RPL36;RPL8;RPL19;RPS7;RPLP0;EIF3A;RPL34;RPS29;RPL18;RPS9;RPL39;RPS17;RPS27A;RPL30;RPLP1;RPL37;EIF4B;RPS13;RPS19;RPS14;RPS2;RPL11;RPL12;FAU;RPL28;RSL24D1;RPL9;RPL18A;RPS27;RPL29;RPL27A;RPS20;EIF4H;RPL21;RPL27;RPS23;RPL5;EIF4A1;RPL32;RPL36AL;EIF3F;EIF3B;RPS25;RPS15;RPL15;RPS28;RPS5;RPS8;EIF1AX;EIF4G1;EIF3G;RPL4;EIF3J;RPL22;RPL37A"
"HCMV Early Events R-HSA-9609690",NA,NA,NA,-0.12662702045155,NA,92,"DYNC1LI2;RNASE1;ITGB1;DYNC1I2;H2AC6;H2AC19;KCNH8;H4C15;DYNC1H1"
"Influenza Infection R-HSA-168255",NA,NA,NA,-0.440832206186934,NA,155,"CALR;RPS16;RPS6;RPS3;RPS12;RPLP2;RPL23;RPL36;RPL8;RPL19;RPS7;RPLP0;RPL34;RPS29;RPL18;RPS9;RPL39;RPS17;RPS27A;RPL30;RPLP1;RPL37;RPS13;RPS19;RPS14;RPS2;PARP1;RPL11;RPL12;FAU;RPL28;RSL24D1;RPL9;RPL18A;RPS27;RPL29;RPL27A;RPS20;RPL21;RPL27;RPS23;RPL5;POLR2I;KPNA3;CANX;RPL32;POLR2E;RPL36AL;RPS25;XPO1;NUP50;POLR2L;AAAS;POLR2A;RPS15;RPL15;RPS28;RPS5;RPS8"
"Influenza Viral RNA Transcription And Replication R-HSA-168273",NA,NA,NA,-0.473882846914931,NA,135,"RPS16;RPS6;RPS3;RPS12;RPLP2;RPL23;RPL36;RPL8;RPL19;RPS7;RPLP0;RPL34;RPS29;RPL18;RPS9;RPL39;RPS17;RPS27A;RPL30;RPLP1;RPL37;RPS13;RPS19;RPS14;RPS2;PARP1;RPL11;RPL12;FAU;RPL28;RSL24D1;RPL9;RPL18A;RPS27;RPL29;RPL27A;RPS20;RPL21;RPL27;RPS23;RPL5;POLR2I;RPL32;POLR2E;RPL36AL;RPS25;NUP50;POLR2L;AAAS;POLR2A;RPS15;RPL15;RPS28;RPS5;RPS8"
"Interferon Gamma Signaling R-HSA-877300",NA,NA,NA,-0.206527315196724,NA,85,"HLA-DRB1;HLA-B;NCAM1;IRF9;SMAD7;IFNGR1;TRIM45;HLA-A;CD44;HLA-C;B2M"
"Interferon Signaling R-HSA-913531",NA,NA,NA,-0.150899613701885,NA,188,"HLA-DRB1;HLA-B;NCAM1;IRF9;SMAD7;PDZD2;IFNGR1;TRIM45;HLA-A;CD44;IFITM3;RPS27A;HLA-C;B2M;PPM1B;EIF4G2;IFITM2;HLA-E;KPNA3;EIF4A1;BST2;IFNA16;NUP50;HLA-DPA1;USP18;AAAS;IFI30"
"L13a-mediated Translational Silencing Of Ceruloplasmin Expression R-HSA-156827",NA,NA,NA,-0.629533878989982,NA,107,"RPS16;RPS6;RPS3;RPS12;RPLP2;RPL23;RPL36;RPL8;RPL19;RPS7;RPLP0;EIF3A;PABPC1;RPL34;RPS29;RPL18;RPS9;RPL39;RPS17;RPS27A;RPL30;RPLP1;RPL37;EIF4B;RPS13;RPS19;RPS14;RPS2;RPL11;RPL12;FAU;RPL28;RSL24D1;RPL9;RPL18A;RPS27;RPL29;RPL27A;RPS20;EIF4H;RPL21;RPL27;RPS23;RPL5;EIF4A1;RPL32;RPL36AL;EIF3F;EIF3B;RPS25;RPS15;RPL15;RPS28;RPS5;RPS8;EIF1AX;EIF4G1;EIF3G;RPL4;EIF3J;RPL22;RPL37A"
"Macroautophagy R-HSA-1632852",NA,NA,NA,-0.131129891486851,NA,112,"DYNC1LI2;ATG14;SQSTM1;DYNC1I2;WIPI1;PLIN3;RPS27A;CHMP6;GABARAPL2;TOMM7;ATG4C;DYNC1H1;GABARAP;VCP"
"Major Pathway Of rRNA Processing In Nucleolus And Cytosol R-HSA-6791226",NA,NA,NA,-0.331926984101389,NA,177,"RPS16;RPS6;RPS3;RPS12;RPLP2;RPL23;EXOSC6;RPL36;RPL8;RIOK2;RPL19;RPS7;RPLP0;RPL34;RPS29;RPL18;RPS9;RPL39;RPS17;RPS27A;RPL30;RPLP1;RPL37;RPS13;RPS19;RPS14;RPS2;RPL11;RPL12;FAU;RPL28;RSL24D1;RPL9;PNO1;EBNA1BP2;RPL18A;RPS27;RPL29;RPL27A;RPS20;RPL21;RPL27;RPS23;RPL5;RPL32;RPL36AL;RPS25;BUD23;SENP3;TBL3;RPS15;RPL15;RPS28;RPS5;RPS8"
"Metabolism Of Amino Acids And Derivatives R-HSA-71291",NA,NA,NA,-0.219157743815651,NA,361,"SLC36A4;SARDH;RPS16;QDPR;RPS6;RPS3;RPS12;FOLH1;RPLP2;RPL23;SERINC1;PSMB7;RPL36;RPL8;RPL19;RPS7;RPLP0;RPL34;RPS29;RPL18;RPS9;SLC6A8;RPL39;ENOPH1;PYCR2;SLC44A1;RPS17;RPS27A;RPL30;DLST;DIO3;SLC38A1;RPLP1;RPL37;RPS13;RPS19;RPS14;RPS2;RPL11;RPL12;FAU;MPST;RPL28;RSL24D1;RPL9;PSMB6;RPL18A;NAT8L;RPS27;RPL29;RPL27A;RPS20;PSMD4;RPL21;PSAT1;RPL27;ALDH9A1;RPS23;RPL5;CARNS1;OAT;RPL32;RPL36AL;RPS25;SERINC5;ASPA"
"Neutrophil Degranulation R-HSA-6798695",NA,NA,NA,-0.114711769929956,NA,458,"TMEM30A;HMGB1;HLA-B;LAMP2;ARPC5;RNASE1;FTH1;RHOA;SLC2A5;PSMB7;PSEN1;PAFAH1B2;SVIP;SERPINA1;HLA-A;CTSD;ATP8A1;STBD1;CD44;TMBIM1;LAMP1;TUBB4B;HLA-C;PECAM1;ITGAV;TMEM63A;ATP6AP2;B2M;ORM2;NFASC;HUWE1;RAP1A;GOLGA7;ARL8A;DYNC1H1;RCAN1;ASAH1;ACAA1;C3AR1;LRG1;CD63;SLC15A4;CHAMP1;BST2;AIFM2;CYBA;VCP;GSTP1;DEGS1;ACTR10;IGF2R;SERPINB1;GDI2;LTF;CNN2;TMC6;RAB7A;DOK3;CD68"
"Nonsense Mediated Decay (NMD) Enhanced By Exon Junction Complex (EJC) R-HSA-975957",NA,NA,NA,-0.577433270872734,NA,111,"RPS16;RPS6;RPS3;RPS12;RPLP2;RPL23;RPL36;RPL8;RPL19;RPS7;RPLP0;PABPC1;RPL34;RPS29;RPL18;RPS9;RPL39;RPS17;RPS27A;RPL30;RPLP1;RPL37;RPS13;RPS19;RPS14;UPF2;RPS2;RPL11;RPL12;FAU;RPL28;RSL24D1;RPL9;RPL18A;RPS27;RPL29;RPL27A;RPS20;RPL21;RPL27;RPS23;RPL5;RPL32;RPL36AL;RPS25;RBM8A;RPS15;RPL15;RPS28;RPS5;RPS8;CASC3;PPP2CA;EIF4G1;RPL4"
"Nonsense Mediated Decay (NMD) Independent Of Exon Junction Complex (EJC) R-HSA-975956",NA,NA,NA,-0.652252261824456,NA,91,"RPS16;RPS6;RPS3;RPS12;RPLP2;RPL23;RPL36;RPL8;RPL19;RPS7;RPLP0;PABPC1;RPL34;RPS29;RPL18;RPS9;RPL39;RPS17;RPS27A;RPL30;RPLP1;RPL37;RPS13;RPS19;RPS14;RPS2;RPL11;RPL12;FAU;RPL28;RSL24D1;RPL9;RPL18A;RPS27;RPL29;RPL27A;RPS20;RPL21;RPL27;RPS23;RPL5;RPL32;RPL36AL;RPS25;RPS15;RPL15;RPS28;RPS5;RPS8"
"Nuclear Events Mediated By NFE2L2 R-HSA-9759194",NA,NA,NA,-0.145670803704712,NA,76,"SQSTM1;PSMB7;PRDX1;RPS27A;PSMB6;GCLC;PSMD4;RBX1;PSMD10;ATF4;PSMC4;PSMA1;PSMD3;PSMD14;PSME1;SEM1;TALDO1"
"Peptide Chain Elongation R-HSA-156902",NA,NA,NA,-0.685891701540092,NA,83,"RPS16;RPS6;RPS3;RPS12;RPLP2;RPL23;RPL36;RPL8;RPL19;RPS7;RPLP0;RPL34;RPS29;RPL18;RPS9;RPL39;RPS17;RPS27A;RPL30;RPLP1;RPL37;RPS13;RPS19;RPS14;RPS2;RPL11;RPL12;FAU;RPL28;RSL24D1;RPL9;RPL18A;RPS27;RPL29;RPL27A;RPS20;RPL21;RPL27;RPS23;RPL5;RPL32;RPL36AL;RPS25;RPS15;RPL15;RPS28;RPS5;RPS8"
"Plasma Lipoprotein Assembly, Remodeling, And Clearance R-HSA-174824",NA,NA,NA,-0.105582867899014,NA,70,"PCSK6;NR1H2;RPS27A;ABCG1;APOE;APOC3;FGF21"
"Platelet Degranulation R-HSA-114608",NA,NA,NA,-0.205004824622121,NA,124,"LAMP2;TMX3;CD9;SELENOP;LGALS3BP;TF;SERPINA1;APP;PFN1;VWF;SPARC;CALU;SRGN;PECAM1;ANXA5;ORM2;FN1;ACTN4;CD63;ENDOD1;TAGLN2;FAM3C;WDR1;PF4;SERPINA3;TIMP1;TLN1"
"Pre-NOTCH Expression And Processing R-HSA-1912422",NA,NA,NA,-0.106472132892555,NA,75,"H3-3B;H2AJ;H2AC6;H2AC19;SIRT6;H4C15;RBPJ;ATP2A3;ST3GAL4"
"Processing Of Capped Intron-Containing Pre-mRNA R-HSA-72203",NA,NA,NA,-0.139509061988845,NA,240,"HNRNPU;PTBP1;HNRNPA2B1;HNRNPUL1;SNRPA1;SNRPD3;YBX1;SRSF1;SF3B1;PUF60;SART1;FUS;SRSF4;PLRG1;SRSF9;NXF2;SNRNP70;CPSF2;POLR2I;HNRNPH1;POLR2E;SRSF5;CSTF3;DDX5;HNRNPF;NUP50;HNRNPA1;POLR2L;WTAP;AAAS;RBM8A;PCF11;HNRNPD;SNRPG;SRSF3;POLR2A;GLE1;U2AF2"
"RHOA GTPase Cycle R-HSA-8980692",NA,NA,NA,-0.135499579945041,NA,147,"OBSCN;ANLN;PGRMC2;RHOA;ARHGEF15;RTKN;PLEKHG4;PREX1;STBD1;PLEKHG6;ARHGEF2;VAMP3;KTN1;ATP6AP1;EMC3;PREX2;RHPN2;AAAS;PRPF38B;PLEKHG3;ARHGAP21;TEX2;ARHGDIA;MYO9B;C1QBP;TMEM87A"
"RHOG GTPase Cycle R-HSA-9013408",NA,NA,NA,-0.142008434328846,NA,74,"PGRMC2;ITGB1;PREX1;STBD1;VAMP3;HSPE1;KTN1;DOCK5;CDC42;PLEKHG3;RAB7A;ARHGAP21;ARHGDIA;CDC42EP1"
"RUNX1 Regulates Transcription Of Genes Involved In Differentiation Of HSCs R-HSA-8939236",NA,NA,NA,-0.155802390639304,NA,94,"H3-3B;H2AJ;PSMB7;TAL1;RPS27A;H2AC6;H2AC19;CBFB;PSMB6;H4C15;PSMD4;LMO1;PSMD10;PSMC4;GATA2;ABL1;PSMA1;PSMD3;PSMD14;PSME1;SEM1"
"Regulation Of Expression Of SLITs And ROBOs R-HSA-9010553",NA,NA,NA,-0.39656891974869,NA,165,"RPS16;RPS6;RPS3;RPS12;RPLP2;RPL23;PSMB7;RPL36;RPL8;RPL19;RPS7;RPLP0;PABPC1;RPL34;RPS29;RPL18;RPS9;RPL39;RPS17;RPS27A;RPL30;RPLP1;RPL37;RPS13;RPS19;RPS14;UPF2;RPS2;RPL11;RPL12;FAU;RPL28;RSL24D1;RPL9;PSMB6;RPL18A;RPS27;RPL29;RPL27A;RPS20;PSMD4;RPL21;RPL27;RPS23;RPL5;RBX1;RPL32;RPL36AL;RPS25;RBM8A;PSMD10;PSMC4;RPS15;RPL15;RPS28;RPS5;RPS8;PSMA1;PSMD3;CASC3;PSMD14;PSME1;EIF4G1;SEM1;RPL4"
"Regulation Of mRNA Stability By Proteins That Bind AU-rich Elements R-HSA-450531",NA,NA,NA,-0.172935599602627,NA,87,"ZFP36;EXOSC6;PSMB7;ENPP2;PABPC1;RPS27A;PSMB6;PSMD4;XPO1;PSMD10;KHSRP;HNRNPD;PSMC4;PSMA1;PSMD3;PSMD14;PSME1;EXOSC3;EIF4G1;SEM1"
"Respiratory Electron Transport R-HSA-611105",NA,NA,NA,-0.162112640388666,NA,89,"TMEM126B;UQCRC1;ACAD9;COX8A;UQCRB;NDUFV2;NDUFB6;NDUFB7;NDUFS6;ETFA;COX6C;NDUFS4;NDUFAF3;NDUFA10;NDUFA1;UQCRQ;NDUFA12"
"Respiratory Electron Transport, ATP Synthesis By Chemiosmotic Coupling, Heat Production By Uncoupling Proteins R-HSA-163200",NA,NA,NA,-0.180586919789936,NA,111,"TMEM126B;ATP5MG;ATP5MC1;UQCRC1;ATP5MC2;ACAD9;COX8A;UQCRB;NDUFV2;ATP5F1A;NDUFB6;NDUFB7;NDUFS6;ETFA;COX6C;NDUFS4;NDUFAF3;NDUFA10;NDUFA1;UQCRQ;NDUFA12;ATP5ME"
"Response Of EIF2AK4 (GCN2) To Amino Acid Deficiency R-HSA-9633012",NA,NA,NA,-0.601997486403255,NA,97,"RPS16;RPS6;RPS3;RPS12;RPLP2;RPL23;RPL36;RPL8;RPL19;RPS7;RPLP0;RPL34;RPS29;RPL18;RPS9;RPL39;RPS17;RPS27A;RPL30;RPLP1;RPL37;RPS13;RPS19;RPS14;RPS2;RPL11;RPL12;FAU;RPL28;RSL24D1;RPL9;ATF3;RPL18A;RPS27;RPL29;RPL27A;RPS20;RPL21;RPL27;RPS23;RPL5;RPL32;RPL36AL;RPS25;ATF4;RPS15;RPL15;RPS28;RPS5;RPS8"
"Response To Elevated Platelet Cytosolic Ca2+ R-HSA-76005",NA,NA,NA,-0.199954145814362,NA,129,"LAMP2;TMX3;CD9;SELENOP;LGALS3BP;TF;SERPINA1;APP;PFN1;VWF;SPARC;CALU;SRGN;PECAM1;ANXA5;ORM2;STX4;FN1;ACTN4;CD63;ENDOD1;TAGLN2;FAM3C;WDR1;PF4;SERPINA3;TIMP1;TLN1"
"SARS-CoV Infections R-HSA-9679506",NA,NA,NA,-0.158266176341966,NA,357,"HLA-B;DAD1;RPS16;RPS6;RPS3;RPS12;ATG14;IFNGR1;ITGB1;SNRPD3;SRPK2;ST3GAL2;HLA-A;HSPG2;RPS7;RPS29;ATP1B1;RPS9;MAN2A1;RPS17;RPS27A;HLA-C;CHMP6;RPS13;RPS19;RPS14;KDM1A;YWHAE;B2M;RPS2;FAU;GOLGA7;ST6GALNAC3;RPS27;RPS20;RPS23;HLA-E;RBX1;ZDHHC20;PARP14;YWHAQ;CANX;CNBP;PRMT1;RPS25;FNTA;DDX5;ZDHHC11;VCP;JAK3;IFNA16;NUP50;MAP3K7;SIGMAR1;SMN1;ST3GAL4;CD79B;AAAS"
"SARS-CoV-2 Infection R-HSA-9694516",NA,NA,NA,-0.189023388056694,NA,273,"HLA-B;DAD1;RPS16;RPS6;RPS3;RPS12;ATG14;SNRPD3;SRPK2;ST3GAL2;HLA-A;HSPG2;RPS7;RPS29;RPS9;MAN2A1;RPS17;RPS27A;HLA-C;CHMP6;RPS13;RPS19;RPS14;YWHAE;B2M;RPS2;FAU;GOLGA7;ST6GALNAC3;RPS27;RPS20;RPS23;HLA-E;ZDHHC20;PARP14;YWHAQ;CANX;CNBP;PRMT1;RPS25;DDX5;ZDHHC11;VCP;IFNA16;NUP50;MAP3K7;SMN1;ST3GAL4"
"SARS-CoV-2-host Interactions R-HSA-9705683",NA,NA,NA,-0.194932814031957,NA,188,"HLA-B;RPS16;RPS6;RPS3;RPS12;ATG14;SNRPD3;HLA-A;RPS7;RPS29;RPS9;RPS17;RPS27A;HLA-C;RPS13;RPS19;RPS14;YWHAE;B2M;RPS2;FAU;RPS27;RPS20;RPS23;HLA-E;YWHAQ;CNBP;RPS25;IFNA16;NUP50;MAP3K7;SMN1;AAAS;SNRPG"
"SRP-dependent Cotranslational Protein Targeting To Membrane R-HSA-1799339",NA,NA,NA,-0.604821020229827,NA,106,"RPS16;RPS6;RPS3;RPS12;RPLP2;RPL23;RPL36;RPL8;RPL19;RPS7;RPLP0;SEC61G;RPL34;RPS29;RPL18;RPS9;RPL39;RPS17;RPS27A;RPL30;RPLP1;RPL37;RPS13;RPS19;RPS14;RPS2;RPL11;RPL12;FAU;SSR4;RPL28;RSL24D1;RPL9;RPL18A;RPS27;RPL29;RPL27A;RPS20;RPL21;RPL27;RPS23;RPL5;RPL32;RPL36AL;RPS25;RPS15;RPL15;RPS28;RPS5;RPS8"
"Selenoamino Acid Metabolism R-HSA-2408522",NA,NA,NA,-0.508231343869734,NA,112,"RPS16;RPS6;RPS3;RPS12;RPLP2;RPL23;RPL36;RPL8;RPL19;RPS7;RPLP0;RPL34;RPS29;RPL18;RPS9;RPL39;RPS17;RPS27A;RPL30;RPLP1;RPL37;RPS13;RPS19;RPS14;RPS2;RPL11;RPL12;FAU;RPL28;RSL24D1;RPL9;RPL18A;RPS27;RPL29;RPL27A;RPS20;RPL21;RPL27;RPS23;RPL5;RPL32;RPL36AL;RPS25;RPS15;AHCY;RPL15;RPS28;RPS5;RPS8"
"Selenocysteine Synthesis R-HSA-2408557",NA,NA,NA,-0.644415822246642,NA,89,"RPS16;RPS6;RPS3;RPS12;RPLP2;RPL23;RPL36;RPL8;RPL19;RPS7;RPLP0;RPL34;RPS29;RPL18;RPS9;RPL39;RPS17;RPS27A;RPL30;RPLP1;RPL37;RPS13;RPS19;RPS14;RPS2;RPL11;RPL12;FAU;RPL28;RSL24D1;RPL9;RPL18A;RPS27;RPL29;RPL27A;RPS20;RPL21;RPL27;RPS23;RPL5;RPL32;RPL36AL;RPS25;RPS15;RPL15;RPS28;RPS5;RPS8"
"Senescence-Associated Secretory Phenotype (SASP) R-HSA-2559582",NA,NA,NA,-0.143041010566597,NA,77,"H3-3B;H2AJ;CDKN2D;CDKN1B;IGFBP7;RPS27A;H2AC6;H2AC19;H4C15"
"Signaling By NOTCH4 R-HSA-9013694",NA,NA,NA,-0.125218233243458,NA,79,"PSMB7;PSENEN;PSEN1;RPS27A;PSMB6;PSMD4;RBPJ;RBX1;PSMD10;PSMC4;PSMA1;PSMD3;PSMD14;PSME1;SEM1"
"Signaling By ROBO Receptors R-HSA-376176",NA,NA,NA,-0.348872885771031,NA,205,"RPS16;RNASE1;RPS6;RPS3;RPS12;RPLP2;RPL23;CXCR4;RHOA;PSMB7;RPL36;RPL8;RPL19;RPS7;RPLP0;PFN1;PABPC1;RPL34;RPS29;RPL18;RPS9;RPL39;RPS17;RPS27A;RPL30;RPLP1;RPL37;RPS13;RPS19;RPS14;UPF2;RPS2;RPL11;RPL12;FAU;RPL28;RSL24D1;RPL9;PSMB6;RPL18A;RPS27;RPL29;RPL27A;RPS20;PSMD4;RPL21;RPL27;RPS23;RPL5;RBX1;RPL32;RPL36AL;RPS25;CDC42;RBM8A;PSMD10;PSMC4;RPS15;RPL15;RPS28;RPS5;ABL1;RPS8;MYO9B;PSMA1;PSMD3;CASC3;PSMD14;PSME1;PKN2;EIF4G1;SEM1;RPL4"
"Telomere Maintenance R-HSA-157579",NA,NA,NA,-0.172472944162734,NA,89,"RUVBL2;H3-3B;H2AJ;ATRX;RTEL1;FEN1;H2AC6;H2AC19;H4C15;POLR2I;POLR2E;POLD2;TERF2IP;POLR2L;CDK2;POLR2A"
"Transcriptional Regulation By Small RNAs R-HSA-5578749",NA,NA,NA,-0.130081963346001,NA,72,"H3-3B;H2AJ;H2AC6;H2AC19;H4C15;POLR2I;POLR2E;NUP50;POLR2L;AAAS;POLR2A"
"Translation R-HSA-72766",NA,NA,NA,-0.275132874826774,NA,276,"RPS16;RPS6;RPS3;RPS12;RPLP2;RPL23;MRPL10;EEF1D;RPL36;RPL8;RPL19;RPS7;TSFM;RPLP0;AURKAIP1;SEC61G;EIF3A;PABPC1;RPL34;RPS29;RPL18;RPS9;RPL39;RPS17;RPS27A;RPL30;RPLP1;RPL37;EIF4B;RPS13;RPS19;RPS14;MRPL33;RPS2;RPL11;RPL12;FAU;MRPS14;SSR4;MRPL14;RPL28;RSL24D1;RPL9;RPL18A;RPS27;RPL29;RPL27A;RPS20;EIF4H;RPL21;RPL27;RPS23;RPL5;DTD1;EIF4A1;EEF1B2;RPL32;RPL36AL;EIF3F;EIF3B;MRPL43;RPS25"
"Transport Of Mature Transcript To Cytoplasm R-HSA-72202",NA,NA,NA,-0.0966233251427933,NA,82,"SRSF1;SRSF4;SRSF9;NXF2;CPSF2;SRSF5;NUP50;AAAS;RBM8A;SRSF3;GLE1;U2AF2"
"Transport Of Mature mRNA Derived From An Intron-Containing Transcript R-HSA-159236",NA,NA,NA,-0.103360350411387,NA,73,"SRSF1;SRSF4;SRSF9;NXF2;SRSF5;NUP50;AAAS;RBM8A;SRSF3;GLE1;U2AF2;CASC3"
"Unfolded Protein Response (UPR) R-HSA-381119",NA,NA,NA,-0.149150783668425,NA,89,"CALR;EXOSC6;WIPI1;LMNA;MYDGF;ATF3;NFYA;ADD1;HDGF;ZBTB17;PDIA6;KHSRP;CTDSP2;ATF4;YIF1A;TLN1"
"Viral mRNA Translation R-HSA-192823",NA,NA,NA,-0.632643265243841,NA,89,"RPS16;RPS6;RPS3;RPS12;RPLP2;RPL23;RPL36;RPL8;RPL19;RPS7;RPLP0;RPL34;RPS29;RPL18;RPS9;RPL39;RPS17;RPS27A;RPL30;RPLP1;RPL37;RPS13;RPS19;RPS14;RPS2;RPL11;RPL12;FAU;RPL28;RSL24D1;RPL9;RPL18A;RPS27;RPL29;RPL27A;RPS20;RPL21;RPL27;RPS23;RPL5;RPL32;RPL36AL;RPS25;RPS15;RPL15;RPS28;RPS5;RPS8"
"mRNA Splicing - Major Pathway R-HSA-72163",NA,NA,NA,-0.186554302843987,NA,180,"HNRNPU;PTBP1;HNRNPA2B1;HNRNPUL1;SNRPA1;SNRPD3;YBX1;SRSF1;SF3B1;PUF60;SART1;FUS;SRSF4;PLRG1;SRSF9;SNRNP70;CPSF2;POLR2I;HNRNPH1;POLR2E;SRSF5;CSTF3;DDX5;HNRNPF;HNRNPA1;POLR2L;RBM8A;PCF11;HNRNPD;SNRPG;SRSF3;POLR2A;U2AF2;LSM2;PRPF3;CASC3"
"mRNA Splicing R-HSA-72172",NA,NA,NA,-0.175973867931958,NA,188,"HNRNPU;PTBP1;HNRNPA2B1;HNRNPUL1;SNRPA1;SNRPD3;YBX1;SRSF1;SF3B1;PUF60;SART1;FUS;SRSF4;PLRG1;SRSF9;SNRNP70;CPSF2;POLR2I;HNRNPH1;POLR2E;SRSF5;CSTF3;DDX5;HNRNPF;HNRNPA1;POLR2L;RBM8A;PCF11;HNRNPD;SNRPG;SRSF3;POLR2A;U2AF2;LSM2;PRPF3;CASC3"
"rRNA Processing In Nucleus And Cytosol R-HSA-8868773",NA,NA,NA,-0.319288569260583,NA,187,"RPS16;RPS6;RPS3;RPS12;RPLP2;RPL23;EXOSC6;RPL36;RPL8;RIOK2;RPL19;RPS7;RPLP0;RPL34;RPS29;RPL18;RPS9;RPL39;RPS17;RPS27A;RPL30;RPLP1;RPL37;RPS13;RPS19;RPS14;RPS2;RPL11;RPL12;FAU;RPL28;RSL24D1;TSR3;RPL9;PNO1;EBNA1BP2;RPL18A;RPS27;RPL29;RPL27A;RPS20;RPL21;RPL27;RPS23;RPL5;RPL32;RPL36AL;RPS25;BUD23;SENP3;TBL3;RPS15;RPL15;RPS28;RPS5;NHP2;RPS8"
"rRNA Processing R-HSA-72312",NA,NA,NA,-0.302802843373914,NA,197,"RPS16;RPS6;RPS3;RPS12;RPLP2;RPL23;EXOSC6;RPL36;RPL8;RIOK2;RPL19;RPS7;RPLP0;RPL34;RPS29;RPL18;RPS9;RPL39;RPS17;RPS27A;RPL30;RPLP1;RPL37;RPS13;RPS19;RPS14;RPS2;RPL11;RPL12;FAU;RPL28;RSL24D1;TSR3;RPL9;PNO1;EBNA1BP2;RPL18A;RPS27;RPL29;RPL27A;RPS20;RPL21;RPL27;RPS23;RPL5;RPL32;RPL36AL;RPS25;BUD23;SENP3;TBL3;RPS15;RPL15;RPS28;RPS5;NHP2;RPS8"
