"pathway","pval","padj","log2err","ES","NES","size","leadingEdge"
"Neuronal System R-HSA-112316",4.67763666514333e-37,5.45880198822227e-34,1.5829282179456,0.596016704630368,2.79072925092639,386,"NRGN;SYT1;SNAP25;TSPAN7;RAB3A;PRKAR1B;STXBP1;CAMK2A;GRIA2;SYN1;NPTN;SYN2;CALM1;GNB1;GABBR2;GABRB2;PRKCB;KCNAB2;CAMK2G;VAMP2;NEFL;ADCY1;MAPT;SLC17A7;SLC1A2;NSF;PLCB1;AP2M1;DLGAP1;EPB41L1;HSPA8;GABRA1;GIT1;RTN3;NRXN1;CPLX1;STX1A;GLUL;MAPK1;NRXN2;GABRA2;CAMKK2;AP2A1;KCNQ2;GABRB3;KCNC2;GRIA1;CACNB3;DLGAP4;CACNA2D1;GNG2;CAMK2B;SLC1A3;CACNA1B;GRIN2B;PRKAR2B;KCNC1;SHANK1;GNG3;CACNA1E;PRKCG;GABRG2;GLRB;CAMK2D;CAMKK1;TSPOAP1;DLGAP3;HCN2;ARHGEF9;PRKAR1A;HCN1;AP2S1;SYT7;AP2B1;PRKCA;GABRA3;GABRA4;ABAT;PTPRS;PRKACB;APBA1;HOMER1;RASGRF2;GABRA5;LRRC4B;ARL6IP5;CACNB1;SHANK3;ADCY2;FLOT1;GNB2;GRM5;GPRIN1;KCNB1;PPFIBP1;GAD1;GRIA4;ARHGEF7;CACNB4;NLGN2;KCNQ5;SYN3;KCNA2;GNG7;GABRB1;KCNQ3;CACNA2D3;MAPK3;CACNG3;KCNMA1;KCNN1;KCNV1;ALDH2;SIPA1L1;GNB5;PPFIA2;LRRTM4;APBA2;SLITRK5;DNAJC5;PPFIA4;RASGRF1;GRIK5;SLITRK4;CACNB2;SLC6A1;RIMS1;SLITRK1;NTRK3;NRXN3;KCND3;NLGN4X;CHRNA4;CACNG8;KCNK1;CACNA1A;SLITRK2;SLITRK3;SHANK2"
"Expression And Translocation Of Olfactory Receptors R-HSA-9752946",1.82842965008148e-32,1.06688870082254e-29,1.48156758833633,-0.537495071118596,-2.7234136134765,373,"OR4Q3;OR2A14;OR9G4;OR5V1;OR5D16;OR9Q2;OR4F15;OR7D4;RTP2;OR2A4;OR10AD1;OR2A1;OR2B11;OR7C1;OR2M5;OR4F21;OR1K1;OR2H2;OR10T2;OR6C74;OR9Q1;OR10G4;OR4N5;OR2T8;OR10J5;OR7C2;OR4L1;OR4A47;OR4X2;OR4D9;OR4X1;OR2T34;OR5L1;OR1D5;OR7D2;OR4D11;OR6F1;OR5W2;OR5A1;OR10H3;OR8G1;OR6T1;OR13C9;EBF1;OR4C46;OR2F1;OR4N2;OR2G6;OR2J2;OR2J3;OR4K5;OR2A2;OR6P1;OR1A1;OR10D3;OR56A1;OR4C15;OR8H1;OR14J1;OR6S1;OR4F17;OR14A2;OR52E4;OR2T27;OR14A16;OR8K3;OR10A7;OR51Q1;OR1C1;OR4C16;OR5H15;OR5B21;OR5B17;OR2Z1;OR10A6;OR52M1;OR2G2;OR10K2;OR1I1;OR2V1;OR2AJ1;OR14K1;OR10AC1;OR8B4;OR2T11;OR5AS1;OR2AP1;OR7E24;OR52J3;OR56A5;OR4C5;OR4K14;OR1L3;OR1E1;OR5H2;OR2T5;OR10K1;OR4A5;OR2S2;OR52A1;OR11G2;OR10H2;OR13F1;OR4F6;OR51G2;OR1A2;OR7G1;OR5AK2;OR1M1;OR51S1;OR10A3;OR4E1;OR1F1;OR1J1;OR52E2;OR13D1;OR52D1;OR2T12;OR4D2;OR3A2;OR12D2;OR51E2;OR10A4;RTP1;OR51B2;OR51I1;OR1N1;OR9A2;OR4S1;OR11L1;OR1S2;OR4C13;OR6K2;OR5F1;OR11H6;OR10H5;OR2T35;OR5B3;OR51F2;OR10G7;OR4N4;OR10S1;OR52K1;OR8D4;OR1L8;OR51L1;OR2L5;OR13C8;OR10X1;OR11H1;OR1L4;OR8B12;OR6C3;OR5M11;OR4C3;OR5M8;OR52H1;OR56B1;OR5T2;OR10G9;OR52N5;OR5AU1;OR2T1;OR5A2;OR56B4;OR10G6;OR1B1;OR11A1;OR52E6;OR9G9;OR6N1;OR5M10;OR8B2;OR13G1;OR6N2;OR2C1;OR5T1;OR8A1;OR5AP2;OR7G2;OR6Y1;OR5H14;OR10A2;OR2L13;OR10Z1;OR4D6;OR4B1;OR6C76;OR6C4;OR2T10;OR13C2;OR52N4;OR6J1;OR13C4;OR5I1;OR4K15;OR4K2;OR51B4;OR7A10;OR2B6;OR6C70;OR2C3;OR52E1;OR7A17;OR4D5;OR52E5;OR4A16;OR10C1;OR51G1;OR51E1;OR4C6;OR5D18;OR4K1;OR2J1;OR4D10;OR51B6;OR14C36;OR8B8;OR6C6;OR5M1;OR8S1;OR51A7;OR2A12;OR2A25;OR51D1;OR2Y1;OR4P4;OR2A7;OR5K3;OR1L1;OR51T1;OR4C11;OR6Q1;OR6V1;OR51F1;OR52W1"
"Transmission Across Chemical Synapses R-HSA-112315",8.57152406141828e-32,3.33432285989171e-29,1.46752397671296,0.645645013119025,2.88891269263002,246,"NRGN;SYT1;SNAP25;TSPAN7;RAB3A;PRKAR1B;STXBP1;CAMK2A;GRIA2;SYN1;NPTN;SYN2;CALM1;GNB1;GABBR2;GABRB2;PRKCB;CAMK2G;VAMP2;NEFL;ADCY1;MAPT;SLC17A7;SLC1A2;NSF;PLCB1;AP2M1;EPB41L1;HSPA8;GABRA1;GIT1;CPLX1;STX1A;GLUL;MAPK1;GABRA2;CAMKK2;AP2A1;GABRB3;GRIA1;CACNB3;CACNA2D1;GNG2;CAMK2B;SLC1A3;CACNA1B;GRIN2B;PRKAR2B;GNG3;CACNA1E;PRKCG;GABRG2;GLRB;CAMK2D;CAMKK1;TSPOAP1;ARHGEF9;PRKAR1A;AP2S1;AP2B1;PRKCA;GABRA3;GABRA4;ABAT;PRKACB;APBA1;RASGRF2;GABRA5;ARL6IP5;CACNB1;ADCY2;GNB2;GPRIN1;GAD1;GRIA4;ARHGEF7;CACNB4;SYN3;GNG7;GABRB1;CACNA2D3;MAPK3;CACNG3;ALDH2;GNB5;PPFIA2;DNAJC5;PPFIA4;RASGRF1;GRIK5;CACNB2;SLC6A1;RIMS1;CHRNA4;CACNG8;CACNA1A"
"Olfactory Signaling Pathway R-HSA-381753",5.81140311420833e-31,1.69547685857028e-28,1.44620288250144,-0.524137454655772,-2.67261068963215,381,"OR4Q3;OR2A14;OR9G4;OR5V1;OR5D16;OR9Q2;OR4F15;OR7D4;RTP2;OR2A4;OR10AD1;ANO2;OR2A1;OR2B11;OR7C1;OR2M5;OR4F21;OR1K1;OR2H2;OR10T2;OR6C74;OR9Q1;OR10G4;OR4N5;OR2T8;OR10J5;OR7C2;OR4L1;OR4A47;OR4X2;OR4D9;OR4X1;OR2T34;OR5L1;OR1D5;OR7D2;OR4D11;OR6F1;OR5W2;OR5A1;OR10H3;OR8G1;OR6T1;OR13C9;EBF1;OR4C46;OR2F1;OR4N2;OR2G6;OR2J2;OR2J3;OR4K5;OR2A2;OR6P1;OR1A1;OR10D3;OR56A1;OR4C15;OR8H1;OR14J1;OR6S1;OR4F17;OR14A2;OR52E4;OR2T27;OR14A16;OR8K3;OR10A7;OR51Q1;OR1C1;OR4C16;OR5H15;OR5B21;OR5B17;OR2Z1;OR10A6;OR52M1;OR2G2;OR10K2;OR1I1;OR2V1;OR2AJ1;OR14K1;OR10AC1;OR8B4;OR2T11;OR5AS1;OR2AP1;OR7E24;OR52J3;OR56A5;OR4C5;OR4K14;OR1L3;OR1E1;OR5H2;OR2T5;OR10K1;OR4A5;OR2S2;OR52A1;OR11G2;OR10H2;OR13F1;OR4F6;OR51G2;OR1A2;OR7G1;OR5AK2;OR1M1;OR51S1;OR10A3;OR4E1;OR1F1;OR1J1;OR52E2;OR13D1;OR52D1;OR2T12;OR4D2;OR3A2;OR12D2;OR51E2;OR10A4;RTP1;OR51B2;OR51I1;OR1N1;OR9A2;OR4S1;OR11L1;OR1S2;OR4C13;OR6K2;OR5F1;OR11H6;OR10H5;OR2T35;CNGA4;OR5B3;OR51F2;OR10G7;OR4N4;OR10S1;OR52K1;OR8D4;OR1L8;OR51L1;OR2L5;OR13C8;OR10X1;OR11H1;OR1L4;OR8B12;OR6C3;OR5M11;OR4C3;OR5M8;OR52H1;OR56B1;OR5T2;OR10G9;OR52N5;OR5AU1;OR2T1;OR5A2;OR56B4;OR10G6;OR1B1;OR11A1;OR52E6;OR9G9;OR6N1;OR5M10;OR8B2;OR13G1;OR6N2;OR2C1;OR5T1;OR8A1;OR5AP2;OR7G2;OR6Y1;OR5H14;OR10A2;OR2L13;OR10Z1;OR4D6;OR4B1;OR6C76;OR6C4;OR2T10;OR13C2;OR52N4;OR6J1;OR13C4;OR5I1;OR4K15;OR4K2;OR51B4;OR7A10;OR2B6;OR6C70;OR2C3;OR52E1;OR7A17;OR4D5;OR52E5;OR4A16;OR10C1;OR51G1;OR51E1;OR4C6;OR5D18;OR4K1;OR2J1;OR4D10;OR51B6;OR14C36;OR8B8;OR6C6;OR5M1;OR8S1;OR51A7;OR2A12;OR2A25;OR51D1;OR2Y1;OR4P4;OR2A7;OR5K3;OR1L1;OR51T1;OR4C11;OR6Q1;OR6V1;OR51F1;OR52W1"
"Respiratory Electron Transport, ATP Synthesis By Chemiosmotic Coupling, Heat Production By Uncoupling Proteins R-HSA-163200",2.73452383336287e-21,6.38237862706893e-19,1.19534448258848,0.715241390013993,2.89547511990969,111,"ATP5F1B;NDUFS5;COX4I1;COX6B1;COX6A1;ATP5MF;COX6C;NDUFB8;ATP5F1A;CYCS;ATP5MC3;NDUFA1;NDUFAB1;ATP5F1D;COX8A;UQCRC2;COX5B;COX5A;COX7C;NDUFA5;ATP5PD;ATP5PF;UQCR11;COX7B;COX7A2L;NDUFA13;NDUFB10;ATP5PB;NDUFB9;NDUFS8;NDUFA8;NDUFB3;CCNI;UQCRQ;NDUFB2;COA1;ATP5ME;ATP5PO;SDHB;NDUFA2;UQCRB;NDUFS3;NDUFB4;NDUFAF4;UQCRC1;SDHA;NDUFC1;NDUFS2;NDUFB6;ATP5F1C;TRAP1;UQCRFS1;SLC25A27;NDUFB5;NDUFV1;NDUFB1;ATP5MC2;NDUFA9;NDUFV2;NDUFS4;NDUFA11;COX20;UQCR10;NDUFV3;LRPPRC"
"Citric Acid (TCA) Cycle And Respiratory Electron Transport R-HSA-1428517",3.28715383745839e-21,6.39351421385656e-19,1.19534448258848,0.652236540839582,2.77966857556012,159,"ATP5F1B;LDHB;BSG;NDUFS5;COX4I1;COX6B1;COX6A1;ATP5MF;COX6C;NDUFB8;ATP5F1A;CYCS;ATP5MC3;ACO2;NDUFA1;NDUFAB1;ATP5F1D;COX8A;UQCRC2;COX5B;COX5A;VDAC1;COX7C;NDUFA5;MDH2;ATP5PD;ATP5PF;UQCR11;COX7B;COX7A2L;NDUFA13;NDUFB10;ATP5PB;NDUFB9;NDUFS8;NDUFA8;NDUFB3;CCNI;UQCRQ;NDUFB2;COA1;ATP5ME;ATP5PO;SDHB;PDK2;NDUFA2;CS;UQCRB;PDHB;NDUFS3;NDUFB4;IDH3G;NDUFAF4;UQCRC1;SDHA;NDUFC1;NDUFS2;IDH3A;NNT;NDUFB6;SUCLG1;ATP5F1C;LDHA;TRAP1;UQCRFS1;SLC25A27;NDUFB5;NDUFV1;NDUFB1;GLO1;ATP5MC2;NDUFA9;NDUFV2;NDUFS4;PDK3;PDHA1;NDUFA11;MPC2;COX20;UQCR10;NDUFV3;LRPPRC"
"Neurotransmitter Receptors And Postsynaptic Signal Transmission R-HSA-112314",9.59644032705571e-21,1.59986369452486e-18,1.1778932614942,0.619812752210173,2.68784867357244,182,"NRGN;TSPAN7;PRKAR1B;CAMK2A;GRIA2;NPTN;CALM1;GNB1;GABBR2;GABRB2;PRKCB;CAMK2G;NEFL;ADCY1;MAPT;NSF;PLCB1;AP2M1;EPB41L1;GABRA1;GIT1;MAPK1;GABRA2;CAMKK2;AP2A1;GABRB3;GRIA1;GNG2;CAMK2B;GRIN2B;PRKAR2B;GNG3;PRKCG;GABRG2;GLRB;CAMK2D;CAMKK1;ARHGEF9;PRKAR1A;AP2S1;AP2B1;PRKCA;GABRA3;GABRA4;PRKACB;APBA1;RASGRF2;GABRA5;ADCY2;GNB2;GPRIN1;GRIA4;ARHGEF7;GNG7;GABRB1;MAPK3;CACNG3;GNB5"
"Respiratory Electron Transport R-HSA-611105",3.28992586072249e-17,4.79917934932893e-15,1.06720998682811,0.720220898553821,2.82683135778981,89,"NDUFS5;COX4I1;COX6B1;COX6A1;COX6C;NDUFB8;CYCS;NDUFA1;NDUFAB1;COX8A;UQCRC2;COX5B;COX5A;COX7C;NDUFA5;UQCR11;COX7B;COX7A2L;NDUFA13;NDUFB10;NDUFB9;NDUFS8;NDUFA8;NDUFB3;CCNI;UQCRQ;NDUFB2;COA1;SDHB;NDUFA2;UQCRB;NDUFS3;NDUFB4;NDUFAF4;UQCRC1;SDHA;NDUFC1;NDUFS2;NDUFB6;TRAP1;UQCRFS1;NDUFB5;NDUFV1;NDUFB1;NDUFA9;NDUFV2;NDUFS4;NDUFA11;COX20;UQCR10;NDUFV3;LRPPRC;NDUFS1"
"Opioid Signaling R-HSA-111885",6.12063923089086e-15,7.93642886938848e-13,0.996986217533181,0.693255872502167,2.71279817258988,88,"PPP3R1;PRKAR1B;CAMK2A;CALM1;GNB1;CAMK2G;ADCY1;PLCB1;PPP3CB;GRK2;MAPK1;CAMKK2;GNG2;CAMK2B;ITPR1;PRKAR2B;AHCYL1;GNG3;PRKCG;PDE1B;CAMK2D;CAMKK1;GNAQ;PPP2R1A;PRKAR1A;PRKCA;PPP3CA;PPP2CA;PRKACB;ADCY2;GNB2;GNG7;PPP2R5D;GNB5;PPP1R1B;PDE1A"
"Activation Of NMDA Receptors And Postsynaptic Events R-HSA-442755",8.68333274105923e-15,1.01334493088161e-12,0.986546283587582,0.721457973781551,2.76358778133224,74,"NRGN;PRKAR1B;CAMK2A;GRIA2;CALM1;CAMK2G;NEFL;ADCY1;MAPT;GIT1;MAPK1;CAMKK2;GRIA1;CAMK2B;GRIN2B;PRKAR2B;CAMK2D;CAMKK1;PRKAR1A;PRKCA;PRKACB;APBA1;RASGRF2;GPRIN1;GRIA4;ARHGEF7;MAPK3"
"Keratinization R-HSA-6805567",1.06668010469538e-14,1.13165062016319e-12,0.986546283587582,-0.514099535020439,-2.42943518354387,192,"KRTAP12-3;KRTAP10-3;KRTAP9-2;KRTAP21-1;KRTAP10-1;KRTAP5-1;KRT34;KRTAP10-2;KRT18;KRTAP19-1;LCE1D;KRTAP12-2;LCE5A;PCSK6;PKP4;PI3;KRT12;KRT72;KRT36;KRTAP12-4;KRTAP9-6;KRTAP10-7;KRT75;KRTAP8-1;KLK14;KRTAP10-6;SPINK6;KRT8;KRT16;KRT28;KRTAP29-1;KRT38;KRTAP23-1;FLG;KRT80;LCE3D;KRTAP2-3;KRTAP22-1;KRT10;KRT6A;KRTAP5-7;KRT24;KRTAP9-3;LCE3A;KRTAP6-2;LCE2A;KRTAP9-4;LCE4A;KRTAP3-1;LORICRIN;ST14;KRTAP20-1;SPRR2A;KRTAP5-10;SPINK5;KRT84;TGM1;KRTAP4-4;LIPN;CELA2A;JUP;LCE3E;KRTAP10-12;KRT33B;KRTAP9-1;KRT83;DSC3;KRT76;KRT20;SPRR2F;KRT77;KRTAP5-2;KRT31;KRTAP13-3;KRT19;KRTAP13-1;PERP;KRTAP11-1;KRT23;KRT39;KRT85;LCE1A"
"Post NMDA Receptor Activation Events R-HSA-438064",2.59562250618733e-14,2.52424288726718e-12,0.97599468306432,0.748895991041041,2.76943816606745,61,"NRGN;PRKAR1B;CAMK2A;GRIA2;CALM1;CAMK2G;NEFL;ADCY1;MAPT;GIT1;MAPK1;CAMKK2;GRIA1;CAMK2B;GRIN2B;PRKAR2B;CAMK2D;CAMKK1;PRKAR1A;PRKCA;PRKACB;RASGRF2;GPRIN1;ARHGEF7;MAPK3"
"Class A/1 (Rhodopsin-like Receptors) R-HSA-373076",2.70638342199816e-13,2.42949957959374e-11,0.932595211336209,-0.427645556702927,-2.13331603187528,318,"LPAR1;GALR3;CCL3;DRD4;PRLH;P2RY4;GPR4;SSTR4;PF4;APLN;CCL5;MC3R;TBXA2R;OXER1;NMBR;PTGER3;CCR1;AGTR1;RGR;CXCL9;SSTR5;FFAR1;HCAR2;CXCR3;GPR37;APLNR;CMKLR1;GALR2;S1PR5;NPBWR2;UCMA;PTGFR;CCR9;DRD5;S1PR3;ADORA2A;INSL3;RRH;CXCR1;TAAR5;F2RL2;ANXA1;DHX34;PLPPR1;C3AR1;GPBAR1;CCL2;S1PR4;PTGER1;ACKR4;AVPR1B;NMUR1;HCRT;CCRL2;S1PR2;TACR2;CXCR2;LTB4R;CCR7;XCL1;BRS3;FSHR;C3;PNOC;PTAFR;GPHB5;NPFFR1;CXCL3;CCR2;CXCL13;FPR1;HCRTR1;CCL19;P2RY10;PPBP;SAA2;HCAR1;EDN2;HTR1D;CHRM2;GHRL;KNG1;LTB4R2;CXCL6;NMS;PTGDR;TACR3;TAC3;XK;NPW;C5;DRD3;GPR132;MC4R;PTGER4;ACKR2;GNRH1;F2RL3;HTR7;TACR1;GAL;KISS1R;NPFF;MRLN;CXCL2;PTGIR;POMC;TSHB;OPRL1;CCL1;CCL16;EDN3;NPY;HRH4;OPN1SW;PROKR2;LPAR6;CYSLTR1;PRLHR;CCL13;CCR8;TAAR6;CCL27;GHSR;XCR1;GPR65;FPR3;EDN1;CXCR4;CXCR5;C5AR2;ADRA1D;CCL11;GPR17;ADRB3;GPHA2;OPN1LW;PMCH;EDNRB;P2RY1;KEL;TRH;MTNR1A;FFAR2;ECE1;LPAR2;AGTR2;OPN1MW3;GPR55;ADRA2B;NMU;OXTR;RLN3;CXCL12;LPAR5;CCL25;DRD2;SSTR2;NPSR1;LHB;HTR4"
"Protein-protein Interactions At Synapses R-HSA-6794362",2.9734166383582e-13,2.4785551549743e-11,0.932595211336209,0.669399701110941,2.61944594764366,88,"SYT1;STXBP1;DLGAP1;EPB41L1;RTN3;NRXN1;STX1A;NRXN2;GRIA1;DLGAP4;GRIN2B;SHANK1;DLGAP3;SYT7;PTPRS;APBA1;HOMER1;LRRC4B;SHANK3;FLOT1;GRM5;GPRIN1;PPFIBP1;GRIA4;NLGN2;SIPA1L1;PPFIA2;LRRTM4;APBA2;SLITRK5;PPFIA4;SLITRK4;SLITRK1;NTRK3;NRXN3;NLGN4X;SLITRK2;SLITRK3;SHANK2;GRIA3"
"GPCR Ligand Binding R-HSA-500792",6.24836806935257e-13,4.81999173502911e-11,0.921426003494898,-0.377169179867125,-1.93624422290193,447,"LPAR1;GALR3;WNT8A;CCL3;DRD4;PRLH;P2RY4;GPR4;SSTR4;GRM4;PF4;APLN;ADGRE1;CCL5;MC3R;TBXA2R;OXER1;NMBR;PTGER3;CCR1;TAS2R60;TAS1R3;AGTR1;RGR;FZD2;TAS2R5;PTH1R;CXCL9;UCN;SSTR5;FFAR1;HCAR2;CXCR3;GNG11;GPR37;APLNR;CMKLR1;GALR2;S1PR5;NPBWR2;UCMA;PTGFR;CCR9;DRD5;S1PR3;ADORA2A;INSL3;RRH;CXCR1;TAAR5;WNT6;GNG5;F2RL2;ANXA1;DHX34;PLPPR1;ADGRE5;C3AR1;GPBAR1;CCL2;CPAMD8;S1PR4;PTGER1;ACKR4;AVPR1B;GNB3;NMUR1;HCRT;CCRL2;S1PR2;PTCH1;TACR2;PTH2;TAS2R39;IHH;CXCR2;TAS2R40;LTB4R;CCR7;XCL1;BRS3;FSHR;VIPR2;C3;TAS2R3;PNOC;PTAFR;GPHB5;NPFFR1;CXCL3;CCR2;CALCRL;CXCL13;TAS2R8;WNT2;FPR1;HCRTR1;CCL19;GPRC6A;P2RY10;PPBP;SAA2;HCAR1;EDN2;GRM3;HTR1D;CHRM2;GHRL;GNGT2;KNG1;LTB4R2;CXCL6;NMS;PTGDR;TAS2R7;TACR3;TAC3;XK;GNG8;NPW;C5;DRD3;GPR132;MC4R;PTGER4;ACKR2;GNRH1;F2RL3;FZD10;HTR7;TACR1;GAL;KISS1R;NPFF;MRLN;GHRHR;CXCL2;CASR;DHH;PTGIR;POMC;TSHB;UBD;ADM2;WNT9B;GCG;OPRL1;WNT9A;ADM;WNT7B;CCL1;CCL16;EDN3;NPY;HRH4;OPN1SW;PROKR2;LPAR6;CYSLTR1;PRLHR;CCL13;TAS2R9;GRM7;CCR8;TAAR6;CALCA;CCL27;GHSR;XCR1;GLP1R;GPR65;TAS2R4;FPR3;EDN1;CXCR4;CXCR5;WNT3A;C5AR2;ADRA1D;CCL11;ADGRE2;GPR17;RAMP2;ADRB3;GPHA2;OPN1LW;PMCH;EDNRB;P2RY1;UCN2;GRM6;KEL;TRH;MTNR1A;FFAR2;ECE1;LPAR2;AGTR2"
"Ion Homeostasis R-HSA-5578775",6.60838626910589e-13,4.81999173502911e-11,0.921426003494898,0.771313732681474,2.74441654721835,49,"ATP1A3;CAMK2A;CALM1;ATP2B1;ATP2A2;CAMK2G;FXYD7;SLC8A1;SLC8A2;ATP1A2;ATP1B1;ATP1B2;CAMK2B;ITPR1;ASPH;SRI;AHCYL1;RYR2;CAMK2D;ATP2B4;ATP1B3;PRKCA;FXYD1"
"G-protein Mediated Events R-HSA-112040",1.44328923698246e-12,9.90775611505019e-11,0.910119734774459,0.746137329518774,2.66562592355848,52,"PRKAR1B;CAMK2A;CALM1;CAMK2G;ADCY1;PLCB1;GRK2;MAPK1;CAMKK2;CAMK2B;ITPR1;PRKAR2B;AHCYL1;PRKCG;PDE1B;CAMK2D;CAMKK1;GNAQ;PRKAR1A;PRKCA;PRKACB;ADCY2"
"Organelle Biogenesis And Maintenance R-HSA-1852241",1.9877120873755e-12,1.28870000331512e-10,0.898671232061694,0.474676784887041,2.14695662260247,274,"YWHAG;TUBA4A;CALM1;MEF2C;ATP5F1B;DYNLL1;KIF3C;DYNC1H1;ATP5MF;ATP5F1A;CYCS;ATP5MC3;TUBB4B;PKD1;DCTN3;ATP5F1D;PRKAR2B;DCTN1;PAFAH1B1;CRTC1;HSPA9;PPP2R1A;MEF2D;ATP5PD;ATP5PF;MARK4;KIF3A;PRKCA;ATP5PB;IFT57;YWHAE;ATP5ME;ATP5PO;RAB11A;TTBK2;KIFAP3;DYNLL2;PDE6D;MICOS10;BBS7;CCT2;APOO;DYNLRB1;EXOC7;NCOA1;CSNK1D;AHI1;IFT22;KIF3B;ATP5F1C;TRIP11;TUBB4A;IFT140;NR1D1;MKKS;MTX2;CSNK1E;TMEM11;DYNC2LI1;DCTN2;CEP70;GLUD1;APOOL;ATP5MC2;DYNLT2B;CARM1;IMMT;HSP90AA1;HAUS3;BBS5;SMARCD3;CCT8;TCP1;TTC8;MAPK11;ARL6;EXOC4;SSBP1;PTGES2;TRAF3IP1;CETN2;BBS12;UNC119B;BBS2;SFI1;LZTFL1;MICOS13;CEP57;ALMS1;CLASP1;RAB11FIP3;TCTN1;WDR35;CREBBP;PRKAG2;TBL1XR1;CREB1;IFT81;SIRT3;CEP164"
"PLC Beta Mediated Events R-HSA-112043",4.25419496659184e-12,2.61297132948036e-10,0.887074988399873,0.760698054596712,2.68646516692614,47,"PRKAR1B;CAMK2A;CALM1;CAMK2G;ADCY1;PLCB1;GRK2;MAPK1;CAMKK2;CAMK2B;ITPR1;PRKAR2B;AHCYL1;PRKCG;PDE1B;CAMK2D;CAMKK1;GNAQ;PRKAR1A;PRKCA;PRKACB;ADCY2"
"TP53 Regulates Metabolic Genes R-HSA-5628897",5.72668561829977e-12,3.34152105827792e-10,0.887074988399873,0.659416171455084,2.53767920638849,81,"YWHAG;YWHAH;PRDX2;COX4I1;YWHAB;COX6B1;COX6A1;PRDX5;COX6C;CYCS;COX8A;AKT3;COX5B;COX5A;COX7C;COX7B;COX7A2L;YWHAE;PTEN;SESN3;RRAGA;YWHAZ;TNRC6A;GSR;YWHAQ;LAMTOR3;RRAGD;UBL4A;PRDX1;COX20;LAMTOR2;MLST8;LRPPRC;AKT2;RHEB;TNRC6C;TXN2;COX14;LAMTOR5;GLS2;TSC2;AGO1;PRKAG2;RPTOR;TXNRD1;AKT1"
"Integration Of Energy Metabolism R-HSA-163685",6.11274026098494e-12,3.3969370878902e-10,0.887074988399873,0.614085868311787,2.47431091642407,105,"SNAP25;PRKAR1B;STXBP1;GNB1;GNAS;VAMP2;ADCY1;PLCB1;STX1A;KCNC2;ACSL3;CACNB3;GNG2;ITPR1;PRKAR2B;SYT5;AHCYL1;GNG3;CACNA1E;ACACA;GNAQ;PPP2R1A;PRKAR1A;PRKCA;PPP2CA;PRKACB;ADCY2;GNB2;RAPGEF4;KCNB1;MLXIPL;GNG7;PPP2R5D;GNB5;FASN;MARCKS;CACNB2;PPP2CB;ACSL4;CACNA1A;CHRM3"
"L1CAM Interactions R-HSA-373760",7.6432989183027e-12,4.05442265348148e-10,0.875325132024659,0.621244169737655,2.47217263318989,99,"DNM1;SPTBN2;SPTAN1;NRCAM;GAP43;AP2M1;HSPA8;CHL1;CLTC;MAP2K1;SCN1B;L1CAM;MAPK1;SPTBN4;ANK2;SCN2A;SCN8A;AP2A1;KCNQ2;CNTN1;CNTNAP1;SCN3B;EZR;AP2S1;AP2B1;CLTA;SH3GL2;SCN2B;SCN1A;SPTBN1;DPYSL2;RPS6KA4;KCNQ3;MAPK3;RANBP9;SCN3A;DNM3;MAP2K2;RPS6KA5;CSNK2B"
"Peptide Ligand-Binding Receptors R-HSA-375276",3.62357881863394e-11,1.83857238319383e-09,0.851339057116899,-0.462758307087704,-2.17749082906965,191,"GALR3;CCL3;PRLH;SSTR4;PF4;APLN;CCL5;MC3R;NMBR;CCR1;AGTR1;CXCL9;SSTR5;CXCR3;GPR37;APLNR;GALR2;NPBWR2;UCMA;CCR9;INSL3;CXCR1;F2RL2;ANXA1;C3AR1;CCL2;ACKR4;AVPR1B;NMUR1;HCRT;CCRL2;TACR2;CXCR2;CCR7;XCL1;BRS3;C3;PNOC;NPFFR1;CXCL3;CCR2;CXCL13;FPR1;HCRTR1;CCL19;PPBP;SAA2;EDN2;GHRL;KNG1;CXCL6;NMS;TACR3;TAC3;XK;NPW;C5;MC4R;ACKR2;F2RL3;TACR1;GAL;KISS1R;NPFF;MRLN;CXCL2;POMC;OPRL1;CCL1;CCL16;EDN3;NPY;PROKR2;PRLHR;CCL13;CCR8;CCL27;GHSR;XCR1;FPR3;EDN1;CXCR4;CXCR5;C5AR2;CCL11;PMCH;EDNRB;KEL;TRH;ECE1;AGTR2;NMU;OXTR;RLN3;CXCL12;CCL25;SSTR2;NPSR1;FPR2;TTF2;C5AR1;CCR5;MLNR"
"ER To Golgi Anterograde Transport R-HSA-199977",5.15429851571247e-11,2.50627765326519e-09,0.851339057116899,0.564598371394273,2.34421412562436,133,"ARF3;SPTBN2;SPTAN1;NSF;DYNLL1;DYNC1H1;SPTBN4;ANK2;GRIA1;DCTN3;PPP6R1;ARF5;DCTN1;CNIH2;DYNC1I1;CAPZB;CD59;DYNLL2;SPTBN1;TRAPPC6B;ACTR10;NAPG;CSNK1D;TRAPPC3;RAB1A;TRAPPC1;YKT6;TMED7;MCFD2;DCTN2;SEC16A;STX5;F5;COG4;DCTN4;COPA;TMED9;MIA3;COPE;TRAPPC5;CNIH1;TMED2;ARFGAP2;PTGES2;GOLGA2;COPG2;TRAPPC2;COPB1;SEC22B;COG8;TFG;COG6;TBC1D20;SEC31A;COPB2"
"DAG And IP3 Signaling R-HSA-1489509",9.07157772402554e-11,4.23461248157512e-09,0.839088935621274,0.768824983450115,2.59914646385032,39,"PRKAR1B;CAMK2A;CALM1;CAMK2G;ADCY1;GRK2;CAMKK2;CAMK2B;ITPR1;PRKAR2B;AHCYL1;PRKCG;PDE1B;CAMK2D;CAMKK1;PRKAR1A;PRKCA;PRKACB;ADCY2;PLCG1;PRKCE;PDE1A"
"Neurotransmitter Release Cycle R-HSA-112310",1.14653639477118e-10,5.1461845103768e-09,0.839088935621274,0.725002541183235,2.57938450893053,50,"SYT1;SNAP25;RAB3A;STXBP1;SYN1;SYN2;VAMP2;SLC17A7;SLC1A2;HSPA8;CPLX1;STX1A;SLC1A3;TSPOAP1;ABAT;APBA1;ARL6IP5;GAD1;SYN3;PPFIA2;DNAJC5;PPFIA4;SLC6A1;RIMS1"
"Dopamine Neurotransmitter Release Cycle R-HSA-212676",1.98446815319336e-10,8.57731235102462e-09,0.826657301178302,0.855642143151154,2.53652606649439,23,"SYT1;SNAP25;RAB3A;STXBP1;SYN1;SYN2;VAMP2;CPLX1;STX1A;TSPOAP1;APBA1;SYN3;PPFIA2;PPFIA4;RIMS1"
"Ca-dependent Events R-HSA-111996",4.32752893639675e-10,1.80365223884822e-08,0.814035837847908,0.782229481330022,2.58990649622897,35,"PRKAR1B;CAMK2A;CALM1;CAMK2G;ADCY1;GRK2;MAPK1;CAMKK2;CAMK2B;PRKAR2B;PRKCG;PDE1B;CAMK2D;CAMKK1;PRKAR1A;PRKCA;PRKACB;ADCY2;PDE1A"
"Regulation Of Insulin Secretion R-HSA-422356",5.12866569660166e-10,1.99505095597805e-08,0.801215574617779,0.637054433108261,2.43387471865827,77,"SNAP25;PRKAR1B;STXBP1;GNB1;GNAS;VAMP2;PLCB1;STX1A;KCNC2;ACSL3;CACNB3;GNG2;ITPR1;PRKAR2B;SYT5;AHCYL1;GNG3;CACNA1E;GNAQ;PRKAR1A;PRKCA;PRKACB;GNB2;RAPGEF4;KCNB1;GNG7;GNB5;MARCKS;CACNB2;ACSL4;CACNA1A;CHRM3"
"Transport To Golgi And Subsequent Modification R-HSA-948021",4.98951976392197e-10,1.99505095597805e-08,0.801215574617779,0.513750798442108,2.20334315190388,164,"CHGA;ARF3;SPTBN2;SPTAN1;NSF;DYNLL1;DYNC1H1;SPTBN4;ANK2;GRIA1;DCTN3;PPP6R1;ARF5;DCTN1;CNIH2;DYNC1I1;CAPZB;CD59;DYNLL2;SPTBN1;TRAPPC6B;ACTR10;NAPG;CSNK1D;TRAPPC3;RAB1A;TRAPPC1;MAN2A2;YKT6;TMED7;MCFD2;B4GALT6;DCTN2;SEC16A;STX5;F5;COG4;MGAT5;DCTN4;COPA;TMED9;MIA3;MAN1C1;ST8SIA3;COPE;TRAPPC5;CNIH1;B4GALT5;TMED2;ARFGAP2;PTGES2;GOLGA2;COPG2;TRAPPC2;COPB1;SEC22B;COG8;TFG;COG6;MAN1A2;TBC1D20;SEC31A;COPB2;B4GALT3;SEC23A;MGAT4A;INS"
"Cardiac Conduction R-HSA-5576891",8.5568563757666e-10,3.21830133505208e-08,0.801215574617779,0.547480968788956,2.26189400768227,125,"ATP1A3;CAMK2A;CALM1;ATP2B1;ATP2A2;CAMK2G;FXYD7;SLC8A1;SLC8A2;ATP1A2;FGF12;SCN1B;SCN2A;SCN8A;ATP1B1;ATP1B2;CAMK2B;ITPR1;ASPH;SRI;AHCYL1;SCN3B;RYR2;CAMK2D;ATP2B4;ATP1B3;CACNG7;PRKCA;FGF13;SCN2B;CACNB1;SCN1A;FXYD1;FGF14;ATP2B3;SCN3A;CACNB2;KCND3;HIPK1;CACNG8;KCNK1;KCNIP2"
"Signaling By NTRKs R-HSA-166520",8.82481942773493e-10,3.21830133505208e-08,0.801215574617779,0.538762783510501,2.23470972247163,132,"DNM1;MEF2C;AP2M1;ID2;PIK3R1;SHC3;CDK5R1;CLTC;YWHAB;MAP2K1;MAPK1;AP2A1;GRB2;PTPRU;NTRK2;GRIN2B;PPP2R1A;MEF2D;AP2S1;AP2B1;CLTA;PIK3R2;SH3GL2;PTPRS;PPP2CA;EGR3;DOCK3;DUSP3;MAPK3;PPP2R5D;PLCG1;RAPGEF1;FURIN;KIDINS220;BRAF;DNM3;NTRK3;ID4;MAP2K2;PPP2CB;RPS6KA5;IRS2;RIT2;MAP2K5;VGF;F3;MEF2A;SHC2"
"WNT5A-dependent Internalization Of FZD4 R-HSA-5099900",9.66025900206368e-10,3.41621886527525e-08,0.788186810800237,0.909062118084697,2.37644354172907,15,"PRKCB;AP2M1;CLTC;CLTB;AP2A1;PRKCG;AP2S1;AP2B1;CLTA;PRKCA"
"CaM Pathway R-HSA-111997",1.05492555073925e-09,3.62087681680206e-08,0.788186810800237,0.774237289986068,2.52037304526987,33,"PRKAR1B;CAMK2A;CALM1;CAMK2G;ADCY1;GRK2;CAMKK2;CAMK2B;PRKAR2B;PRKCG;PDE1B;CAMK2D;CAMKK1;PRKAR1A;PRKCA;PRKACB;ADCY2;PDE1A"
"RAF Activation R-HSA-5673000",1.1544941572435e-09,3.84941337572333e-08,0.788186810800237,0.794058280984326,2.54612256011029,31,"CAMK2A;CALM1;CAMK2G;YWHAB;MAP2K1;CAMK2B;CAMK2D;PPP2R1A;PPP1CB;PPP2CA;PPP2R5B;PPP1CC;PPP2R5D;BRAF;MAP2K2;PPP2R5C;PPP2CB;MRAS;SHOC2"
"Signaling By Receptor Tyrosine Kinases R-HSA-9006934",1.34646204852774e-09,4.3647811406441e-08,0.788186810800237,0.383618388590949,1.84715137687856,494,"DNM1;CALM1;ATP6V1B2;GABRB2;PRKCB;ATP6V0C;CYFIP2;MEF2C;AP2M1;ID2;PIK3R1;ATP6V1A;SHC3;EPN1;GABRA1;CDK5R1;CLTC;YWHAB;ATP6V1H;ATP6V0A1;MAP2K1;ATP6V1G2;MAPK1;PTK2B;AP2A1;STMN1;GRB2;GABRB3;PTPRU;ITPR1;ATP6AP1;NTRK2;GRIN2B;ABI2;AHCYL1;ATP6V1D;PRKCZ;AKT3;GABRG2;CDC37;ATP6V0E2;ATP6V1F;PPP2R1A;FLRT2;MEF2D;ATP6V1C1;AP2S1;AP2B1;CLTA;ADAP1;PIK3R2;PRKCA;SH3GL2;SYNGAP1;PTPRS;NCBP2;FGF13;PPP2CA;PRKACB;RNMT;SPINT2;EGR3;DOCK3;NCKAP1;POLR2E;ATP6V0D1;WASF1;ARHGEF7;DUSP3;ABI1;STUB1;GABRB1;EPS15;ATP6V1G1;MAPK3;EPS15L1;MATK;UBB;PPP2R5D;PLCG1;PRKCE;BRK1;AAMP;POLR2A;RANBP9;PTN;RAPGEF1;FURIN;KIDINS220;BRAF;MXD4;PTPRZ1;DNM3;ROCK2;NTRK3;ATP6V1E1;BAIAP2;ID4;MAP2K2;PPP2CB;RPS6KA5;GGA3;IRS2;RIT2;FLRT3;MAP2K5;WASF3;FGFR3;HNRNPM;STK4;VGF;F3;CTNNB1;MEF2A;SHC2"
"Signaling By NTRK1 (TRKA) R-HSA-187037",1.80202392228639e-09,5.68368085758978e-08,0.788186810800237,0.556037942925585,2.25891122431253,114,"DNM1;MEF2C;AP2M1;ID2;PIK3R1;SHC3;CDK5R1;CLTC;YWHAB;MAP2K1;MAPK1;AP2A1;GRB2;NTRK2;PPP2R1A;MEF2D;AP2S1;AP2B1;CLTA;PIK3R2;SH3GL2;PPP2CA;EGR3;DUSP3;MAPK3;PPP2R5D;PLCG1;RAPGEF1;KIDINS220;BRAF;DNM3;ID4;MAP2K2;PPP2CB;RPS6KA5;IRS2;RIT2;MAP2K5;VGF;F3;MEF2A;SHC2;CDK5R2"
"RAF/MAP Kinase Cascade R-HSA-5673001",1.94054527399608e-09,5.95951667040374e-08,0.774939030136436,0.440649164632427,1.98850171564302,267,"CAMK2A;CALM1;SPTBN2;CAMK2G;SPTAN1;NEFL;PEBP1;CNKSR2;PIK3R1;SHC3;YWHAB;MAP2K1;ARRB1;MAPK1;SPTBN4;GRB2;CAMK2B;RAPGEF2;PEA15;GRIN2B;CAMK2D;PPP2R1A;PTPRA;PIK3R2;SYNGAP1;PPP1CB;FGF13;PPP2CA;RNMT;CUL3;RASGRF2;PPP2R5B;PSMD2;GPRIN1;PSMD7;PSMC5;SPTBN1;PSMD8;PDE6D;PPP1CC;MAPK3;UBB;PPP2R5D;PSMA1;ARL2;RANBP9;PPP5C;PSMF1;BRAF;RASGRF1;PSMC3;PSMC1;PSMD14;MAP2K2;PPP2R5C;PPP2CB;IRS2;ABHD17A;NF1;FGFR3;MRAS;LAMTOR3;KSR2;GFRA2;SHOC2;SHC2;PSMB3;RASGEF1A;PSMB7;PAQR3"
"Clathrin-mediated Endocytosis R-HSA-8856828",2.6627779297154e-09,7.76865460994467e-08,0.774939030136436,0.526626233373421,2.1925269630879,139,"SYT1;DNM1;PACSIN1;AMPH;VAMP2;AP2M1;HSPA8;EPN1;CLTC;PIP5K1C;GRK2;SNAP91;CLTB;ARRB1;AP2A1;GRB2;ACTR2;SYNJ1;NEDD8;ARPC2;REPS2;AP2S1;AP2B1;CLTA;WASL;SGIP1;SH3GL2;UBQLN2;COPS8;DNAJC6;AGFG1;EPS15;EPS15L1;RAB5B;TFRC;UBB;UBQLN1;CTTN;COPS4;STON2;GRK3;DNM3;GAK;ARPC1A;ACTR3;TGOLN2;M6PR;NECAP1;OCRL;TOR1B"
"Complex I Biogenesis R-HSA-6799198",2.60245517232568e-09,7.76865460994467e-08,0.774939030136436,0.695790549072336,2.48105838952557,51,"NDUFS5;NDUFB8;NDUFA1;NDUFAB1;NDUFA5;NDUFA13;NDUFB10;NDUFB9;NDUFS8;NDUFA8;NDUFB3;NDUFB2;COA1;NDUFA2;NDUFS3;NDUFB4;NDUFAF4;NDUFC1;NDUFS2;NDUFB6;NDUFB5;NDUFV1;NDUFB1;NDUFA9;NDUFV2;NDUFS4;NDUFA11;NDUFV3;NDUFS1"
"Beta-catenin Independent WNT Signaling R-HSA-3858494",3.5940967132022e-09,1.02300264983097e-07,0.774939030136436,0.52043385669407,2.17250338929261,141,"PPP3R1;CAMK2A;CALM1;GNB1;PRKCB;PLCB1;AP2M1;PPP3CB;CLTC;CLTB;AP2A1;GNG2;ITPR1;GNAO1;GNG3;NLK;PRKCG;AP2S1;AP2B1;CLTA;PRKCA;PPP3CA;GNB2;PSMD2;PSMD7;PSMC5;PSMD8;GNG7;UBB;GNB5;PSMA1;PSMF1;PSMC3;PSMC1;TNRC6A;PSMD14"
"Glutamate Binding, Activation Of AMPA Receptors And Synaptic Plasticity R-HSA-399721",4.11503570074611e-09,1.14339206256445e-07,0.761460801445585,0.784057566692694,2.51405558859835,31,"TSPAN7;CAMK2A;GRIA2;PRKCB;CAMK2G;NSF;AP2M1;EPB41L1;AP2A1;GRIA1;CAMK2B;PRKCG;CAMK2D;AP2S1;AP2B1;PRKCA;GRIA4;CACNG3;CACNG8;GRIA3;PICK1"
"COPI-mediated Anterograde Transport R-HSA-6807878",4.47537840565432e-09,1.21459688358107e-07,0.761460801445585,0.612635537550311,2.35492415522321,80,"ARF3;SPTBN2;SPTAN1;NSF;DYNLL1;DYNC1H1;SPTBN4;ANK2;DCTN3;ARF5;DCTN1;DYNC1I1;CAPZB;CD59;DYNLL2;SPTBN1;ACTR10;NAPG;RAB1A;YKT6;TMED7;DCTN2;STX5;COG4;DCTN4;COPA;TMED9;COPE;TMED2;ARFGAP2;PTGES2;GOLGA2;COPG2;COPB1"
"Long-term Potentiation R-HSA-9620244",7.14053620811300e-09,1.89386494428815e-07,0.761460801445585,0.824626049008618,2.44457976405579,23,"NRGN;CAMK2A;GRIA2;CALM1;CAMK2G;NEFL;GRIA1;CAMK2B;GRIN2B;CAMK2D;GPRIN1"
"Serotonin Neurotransmitter Release Cycle R-HSA-181429",7.69138043752383e-09,1.99463132679785e-07,0.747739663149885,0.874027205220417,2.436046070795,18,"SYT1;SNAP25;RAB3A;STXBP1;SYN1;SYN2;VAMP2;CPLX1;STX1A;TSPOAP1;SYN3;PPFIA2;PPFIA4;RIMS1"
"Ion Channel Transport R-HSA-983712",9.43935803869446e-09,2.34377251726733e-07,0.747739663149885,0.485923819651187,2.09281761693515,173,"ATP1A3;CAMK2A;CALM1;ATP2B1;ATP6V1B2;ATP2A2;ATP6V0C;CAMK2G;FXYD7;ATP1A2;ATP6V1A;ATP6V1H;ATP6V0A1;ATP6V1G2;ATP9A;TTYH3;ATP1B1;ATP1B2;CAMK2B;ASPH;SRI;ATP6AP1;ATP6V1D;RYR2;ATP6V0E2;CAMK2D;ATP13A2;ATP6V1F;ATP6V1C1;WNK2;ATP2B4;ATP1B3;TSC22D3;FXYD1;ATP6V0D1;TRPM2;UNC80;ATP6V1G1;UBB;ATP2B3;NEDD4L;CLCN4;ATP6V1E1;TTYH1;TRPC5;NALCN;TRPM3;UNC79"
"MHC Class II Antigen Presentation R-HSA-2132295",9.42994110363663e-09,2.34377251726733e-07,0.747739663149885,0.569134791577263,2.27658559508954,101,"DNM1;SPTBN2;KLC1;AP2M1;KIF5A;CTSB;DYNLL1;KIF3C;CLTC;DYNC1H1;AP2A1;DCTN3;DCTN1;AP2S1;AP2B1;CLTA;KIF3A;SH3GL2;ACTR1B;DYNC1I1;KIF5C;CAPZB;CTSA;KIFAP3;DYNLL2;ACTR10;RAB7A;LGMN;AP1S1;AP1M1;KIF3B;DNM3;HLA-DQB2;CANX;DCTN2;DCTN4"
"DARPP-32 Events R-HSA-180024",1.25501588942709e-08,3.05125738116961e-07,0.747739663149885,0.808994740517434,2.42697093838771,24,"PPP3R1;PRKAR1B;CALM1;PPP3CB;PRKAR2B;PPP2R1A;PRKAR1A;PRKCA;PPP3CA;PPP2CA;PRKACB;PPP2R5D;PPP1R1B;PPP2CB;PDE4A"
"Asparagine N-linked Glycosylation R-HSA-446203",1.36442142216797e-08,3.24955061157147e-07,0.747739663149885,0.424811830421549,1.93265756386945,279,"CHGA;ARF3;SPTBN2;SPTAN1;NSF;DYNLL1;ST6GALNAC6;DYNC1H1;SPTBN4;ANK2;GRIA1;DCTN3;PPP6R1;ARF5;DCTN1;CNIH2;TUSC3;MARCHF6;VCP;DYNC1I1;CAPZB;CTSA;CD59;DYNLL2;SPTBN1;TRAPPC6B;ACTR10;NAPG;PMM1;MVD;OS9;UBB;CSNK1D;TRAPPC3;ST8SIA1;RAB1A;EGFL7;AMFR;TRAPPC1;RPN1;PSMC1;MAN2A2;CMAS;YKT6;ST8SIA5;TMED7;MCFD2;B4GALT6;CANX;DCTN2;SEC16A;STX5;F5;COG4;MGAT5;DCTN4;COPA;TMED9;MIA3;GNPNAT1;MAN1C1;ST8SIA3;COPE;TRAPPC5;CNIH1;B4GALT5;ST6GAL2;TMED2;PRKCSH;ARFGAP2;UAP1;PTGES2;GOLGA2;COPG2;TRAPPC2;COPB1;MLEC;ST3GAL3;SEC22B;NGLY1;COG8;GFPT1;TFG;ST3GAL5;COG6;MAN1B1;MAN1A2;ALG13;TBC1D20;RAD23B;SEC31A;COPB2"
"Neurexins And Neuroligins R-HSA-6794361",1.52572243672628e-08,3.56103616731914e-07,0.73376198835648,0.65936412944453,2.39752846819856,57,"SYT1;STXBP1;DLGAP1;EPB41L1;NRXN1;STX1A;NRXN2;DLGAP4;GRIN2B;SHANK1;DLGAP3;SYT7;APBA1;HOMER1;SHANK3;GRM5;GPRIN1;NLGN2;SIPA1L1;LRRTM4;APBA2;NRXN3;NLGN4X;SHANK2"
"Glutamate Neurotransmitter Release Cycle R-HSA-210500",1.61296241576649e-08,3.69083752784213e-07,0.73376198835648,0.814324396761176,2.41404081776527,23,"SYT1;SNAP25;RAB3A;STXBP1;VAMP2;SLC17A7;SLC1A2;CPLX1;STX1A;SLC1A3;TSPOAP1;ARL6IP5;PPFIA2;PPFIA4;RIMS1"
"MAPK1/MAPK3 Signaling R-HSA-5684996",1.76652177969293e-08,3.96448253250317e-07,0.73376198835648,0.433079243897181,1.96100445380569,273,"CAMK2A;CALM1;SPTBN2;CAMK2G;SPTAN1;NEFL;PEBP1;CNKSR2;PIK3R1;SHC3;YWHAB;MAP2K1;ARRB1;MAPK1;SPTBN4;GRB2;CAMK2B;RAPGEF2;PEA15;GRIN2B;CAMK2D;PPP2R1A;PTPRA;PIK3R2;SYNGAP1;PPP1CB;FGF13;PPP2CA;RNMT;CUL3;RASGRF2;PPP2R5B;PSMD2;GPRIN1;PSMD7;PSMC5;SPTBN1;PSMD8;PDE6D;PPP1CC;MAPK3;UBB;PPP2R5D;PSMA1;ARL2;RANBP9;PPP5C;PSMF1;BRAF;RASGRF1;PSMC3;PSMC1;PSMD14;MAP2K2;PPP2R5C;PPP2CB;IRS2;ABHD17A;NF1;FGFR3;MRAS;LAMTOR3;KSR2;GFRA2;SHOC2;SHC2;PSMB3;RASGEF1A;PSMB7;PAQR3"
"Intra-Golgi And Retrograde Golgi-to-ER Traffic R-HSA-6811442",2.57859923962338e-08,5.67778360875562e-07,0.73376198835648,0.474153969380569,2.05130242510896,178,"RAB6B;ARF3;KLC1;NSF;KIF5A;KIFC2;DYNLL1;KIF3C;DYNC1H1;DCTN3;ARF5;DCTN1;PAFAH1B1;KIF1B;KIF1A;KIF3A;KIF21A;PAFAH1B2;DYNC1I1;KIF5C;CAPZB;KIFAP3;RAB6A;DYNLL2;ACTR10;RAB39A;NAPG;CYTH3;STX6;RAB1A;RAB3GAP1;KIF3B;VPS53;SCOC;TRIP11;MAN2A2;YKT6;ARFIP2;TMED7;RHOBTB3;DCTN2;STX5;COG4;DCTN4;COPA;VTI1A;TMED9;TGOLN2;NAA30;MAN1C1;M6PR;NAA38;COPE;RAB18;BICD1;TMED2;TMF1;ARFGAP2;PTGES2;RAB30;VPS54;VAMP4;COPG2;COPB1;CUX1;SEC22B;COG8;UBE2Z;GCC2;STX16;COG6;PAFAH1B3;MAN1A2;COPB2;GOLIM4"
"Antigen Processing: Ubiquitination And Proteasome Degradation R-HSA-983168",3.96243583014787e-08,8.56326409959733e-07,0.719512826338911,0.413861029764947,1.89310525723289,303,"FBXL16;PJA2;FBXW7;SKP1;FBXO41;UBE2V2;UBE2K;TRIM9;UBA1;UBE2W;LNX1;FBXL19;CUL3;FBXO21;FBXO2;PSMD2;NPEPPS;UBE2B;UBE2D2;PSMD7;RNF115;PSMC5;PSMD8;FBXO44;ASB6;UBE2D3;STUB1;PJA1;UBE2M;UBE2L3;UBE2E3;THOP1;ZBTB16;MGRN1;UBB;PSMA1;ELOB;ANAPC5;FBXO11;PSMF1;HUWE1;RNF6;NEDD4L;PSMC3;PSMC1;MIB2;UBE3C;PSMD14;UBE2V1;FBXO9;BTBD1;UBR2;UBE2Q1;HERC1;UBE2G2;HACE1;LRSAM1;FBXW5;FBXL5;HECW2;UBE2E2;PSMB3;KLHL11;ANAPC13;PSMB7;RCHY1;BTRC;UBR4;UBE2D1;RNF7;HERC4;KLHL3;UBE2N;RNF123;TRIM32;KLHL9;RNF41;UBE4A;PSMC4;RNF19A;FBXO27;HERC2;KLHL21;LTN1;UBR1;ANAPC11;UBE2H;RBX1;UBE2G1;CDC16;RLIM;KLHL2;UBE2Z;ATG7;UBE2E1;ZNRF2;FBXL3;CDC34;SEM1;UBE2O;KBTBD6;DZIP3;PSMB1;CUL1;TRIM37;PSMC2;PSMA6;LMO7;UBE2L6;RNF220;FZR1;HERC3;TRIP12;UBE2D4;UBE2U;CUL7;RNF14;PSMB2;PSME3;ASB5;PSMB5;UBAC1;PSMA4;CUL2;FBXO31;HECTD2;TRIM4;FBXO10;LNPEP;RBCK1;PSMD12;SMURF1;UBE2R2;PSMD6"
"CREB1 Phosphorylation Thru NMDA Receptor-Mediated Activation Of RAS Signaling R-HSA-442742",4.20506305054766e-08,8.60931329822653e-07,0.719512826338911,0.785149399510594,2.42112272219942,27,"CAMK2A;CALM1;CAMK2G;NEFL;MAPK1;CAMK2B;GRIN2B;CAMK2D;RASGRF2;GPRIN1;MAPK3;RASGRF1"
"Interaction Between L1 And Ankyrins R-HSA-445095",4.12511888608858e-08,8.60931329822653e-07,0.719512826338911,0.771618214570725,2.43049176592237,29,"SPTBN2;SPTAN1;NRCAM;SCN1B;L1CAM;SPTBN4;ANK2;SCN2A;SCN8A;KCNQ2;SCN3B;SCN2B;SCN1A;SPTBN1;KCNQ3;SCN3A"
"MAPK Family Signaling Cascades R-HSA-5683057",4.13729629444009e-08,8.60931329822653e-07,0.719512826338911,0.399751868458773,1.83299160413706,314,"CAMK2A;CALM1;SPTBN2;CAMK2G;SPTAN1;NEFL;PEBP1;CNKSR2;PIK3R1;SHC3;YWHAB;MAP2K1;ARRB1;MAPK1;SPTBN4;GRB2;CAMK2B;RAPGEF2;PEA15;GRIN2B;CAMK2D;PPP2R1A;PTPRA;PIK3R2;PRKCA;SYNGAP1;PPP1CB;FGF13;PPP2CA;PRKACB;RNMT;CUL3;RASGRF2;PPP2R5B;PSMD2;GPRIN1;PSMD7;ARHGEF7;PSMC5;SPTBN1;PSMD8;PDE6D;PPP1CC;MAPK3;UBB;PPP2R5D;PSMA1;ARL2;RANBP9;PPP5C;PSMF1;BRAF;RASGRF1;PSMC3;PSMC1;TNRC6A;PSMD14;MAP2K2;PPP2R5C;PPP2CB;IRS2;ABHD17A;NF1;FGFR3;MRAS;LAMTOR3;KALRN;KSR2;GFRA2;SHOC2;SHC2;PSMB3;RASGEF1A;PSMB7;PAQR3"
"Golgi-to-ER Retrograde Transport R-HSA-8856688",5.17238409959974e-08,1.04071935245395e-06,0.719512826338911,0.531995500653037,2.15036181306627,112,"RAB6B;ARF3;KLC1;NSF;KIF5A;KIFC2;DYNLL1;KIF3C;DYNC1H1;DCTN3;ARF5;DCTN1;PAFAH1B1;KIF1B;KIF1A;KIF3A;KIF21A;PAFAH1B2;DYNC1I1;KIF5C;CAPZB;KIFAP3;RAB6A;DYNLL2;ACTR10;NAPG;RAB1A;RAB3GAP1;KIF3B;TMED7;DCTN2;DCTN4;COPA;TMED9;COPE;RAB18;BICD1;TMED2;ARFGAP2;PTGES2;COPG2;COPB1"
"Cristae Formation R-HSA-8949613",6.10655993507878e-08,1.20785685495541e-06,0.704975715167238,0.768921304307475,2.42199686771431,29,"ATP5F1B;ATP5MF;ATP5F1A;ATP5MC3;ATP5F1D;HSPA9;ATP5PD;ATP5PF;ATP5PB;ATP5ME;ATP5PO;MICOS10;APOO;ATP5F1C;MTX2;TMEM11;APOOL;ATP5MC2;IMMT"
"Ion Transport By P-type ATPases R-HSA-936837",8.08182023682663e-08,1.57191403606278e-06,0.704975715167238,0.651316715007994,2.32687288423434,52,"ATP1A3;CAMK2A;CALM1;ATP2B1;ATP2A2;CAMK2G;FXYD7;ATP1A2;ATP9A;ATP1B1;ATP1B2;CAMK2B;SRI;CAMK2D;ATP13A2;ATP2B4;ATP1B3;FXYD1"
"Unblocking Of NMDA Receptors, Glutamate Binding And Activation R-HSA-438066",8.49620681284117e-08,1.62542186075174e-06,0.704975715167238,0.813306251945625,2.35496787104703,21,"CAMK2A;GRIA2;CALM1;CAMK2G;NEFL;GRIA1;CAMK2B;GRIN2B;CAMK2D;GPRIN1;GRIA4"
"Phase 0 - Rapid Depolarisation R-HSA-5576892",1.01167025231128e-07,1.90422449104398e-06,0.704975715167238,0.743131777055955,2.39512453502172,32,"CAMK2A;CALM1;CAMK2G;FGF12;SCN1B;SCN2A;SCN8A;CAMK2B;SCN3B;CAMK2D;CACNG7;FGF13;SCN2B;CACNB1;SCN1A;FGF14;SCN3A;CACNB2;CACNG8"
"Mitochondrial Biogenesis R-HSA-1592230",1.09996124103372e-07,2.03754725124818e-06,0.704975715167238,0.567414059965352,2.22707208410868,89,"CALM1;MEF2C;ATP5F1B;ATP5MF;ATP5F1A;CYCS;ATP5MC3;ATP5F1D;CRTC1;HSPA9;MEF2D;ATP5PD;ATP5PF;ATP5PB;ATP5ME;ATP5PO;MICOS10;APOO;NCOA1;ATP5F1C;NR1D1;MTX2;TMEM11;GLUD1;APOOL;ATP5MC2;CARM1;IMMT;SMARCD3;MAPK11;SSBP1"
"Intracellular Signaling By Second Messengers R-HSA-9006925",1.14694838015285e-07,2.09138868693497e-06,0.704975715167238,0.40797003452051,1.86826064098546,304,"PRKAR1B;CAMK2A;CALM1;CAMK2G;ADCY1;CLSTN1;PIK3R1;CBX6;PIP5K1C;GRK2;MAPK1;CAMKK2;GRB2;GSK3A;CAMK2B;ITPR1;PRKAR2B;AHCYL1;AKT3;PRKCG;PDE1B;CAMK2D;CAMKK1;PPP2R1A;PRKAR1A;PIK3R2;PRKCA;PIP4K2B;RBBP7;FGF13;PPP2CA;CHD3;PRKACB;RNMT;PPP2R5B;GSK3B;ADCY2;PSMD2;PSMD7;PTEN;PSMC5;PSMD8;MTA3;STUB1;MAPK3;UBB;PPP2R5D;PSMA1;PLCG1;PRKCE;PDE1A;PSMF1;RRAGA;MTA1;PSMC3;PSMC1;TNRC6A;VAPA;PSMD14;PPP2R5C;PPP2CB;IRS2;RING1;CSNK2B;FGFR3;LAMTOR3;RRAGD;CNOT6L;PSMB3;PSMB7;JUN;LAMTOR2;MLST8;EED;AKT2;RHEB;PSMC4;NBEA;PHLPP2;TNRC6C;NR2E1;LAMTOR5"
"RHO GTPase Cycle R-HSA-9012999",1.26052042400821e-07,2.26311897664243e-06,0.690132458796796,0.366431801978273,1.7419960770387,434,"STMN2;ABR;SPTAN1;CKB;CYFIP2;NGEF;ARHGDIG;ACTN1;HSP90AB1;PIK3R1;GIT1;ARHGEF25;CLTC;ARHGAP26;RND1;PTK2B;PLEKHG5;ARHGAP32;GRB2;EFHD2;ATP6AP1;ABI2;ARHGEF11;CDC37;ARHGAP44;TRIO;NDUFA5;ARHGEF9;WASL;GFOD1;PIK3R2;CUL3;PGRMC2;DBN1;RASGRF2;VCP;TPM3;FLOT1;DOCK3;AKAP12;NCKAP1;ARHGAP35;CAPZB;RHOBTB2;WASF1;FAM169A;BCAP31;PLXNA1;ARHGEF7;SPTBN1;ARHGEF17;RAB7A;NDUFS3;ABI1;CCT2;TXNL1;RHOQ;TFRC;MSI2;HNRNPC;TIAM2;BRK1;ARHGEF12;ARHGEF3;FARP1;SLITRK5;RAPGEF1;HMOX2;KIDINS220;STARD13;COPS4;MCF2L;WIPF2;ARMCX3;VAPB;ROCK2;CDC42SE2;BAIAP2;YKT6;GJA1;NUDC;WIPF3;DDRGK1;GOPC;SLITRK3;STX5;RBMX;WASF3;OPHN1;STIP1;DOCK4;PCDH7;KALRN;NISCH;MYO9A;HSP90AA1;DIAPH1;VAV2;ARHGDIA;CCT7;OCRL;CDC42EP4;NSFL1C;ALDH3A2;PRKCSH;CCT6A;GIT2;ADD3;DBT;EMC3;ITSN1;ARFGAP2;NOXA1"
"Muscle Contraction R-HSA-397014",1.51480807574138e-07,2.6784560975609e-06,0.690132458796796,0.452419866754617,1.97645370405981,194,"ATP1A3;CAMK2A;CALM1;ATP2B1;ATP2A2;CAMK2G;FXYD7;SLC8A1;SLC8A2;TMOD2;ATP1A2;FGF12;SCN1B;SCN2A;SCN8A;ATP1B1;ATP1B2;CAMK2B;ITPR1;ASPH;SRI;ANXA6;AHCYL1;SCN3B;RYR2;CAMK2D;MYL6B;ATP2B4;ATP1B3;CACNG7;PRKCA;FGF13;SCN2B;GUCY1B1;CACNB1;TPM3;SCN1A;FXYD1;SORBS1;FGF14;ALDH2;ATP2B3;SCN3A;CACNB2;KCND3;TPM1;HIPK1;CACNG8;KCNK1;KCNIP2"
"Trafficking Of GluR2-containing AMPA Receptors R-HSA-416993",1.59600867142771e-07,2.77991361127782e-06,0.690132458796796,0.85303602959737,2.30491370173772,17,"TSPAN7;GRIA2;PRKCB;NSF;AP2M1;AP2A1;GRIA1;PRKCG;AP2S1;AP2B1;PRKCA;GRIA4;GRIA3;PICK1"
"Ras Activation Upon Ca2+ Influx Thru NMDA Receptor R-HSA-442982",2.06010209071216e-07,3.53549873508983e-06,0.690132458796796,0.827806244884112,2.33483057883497,19,"CAMK2A;CALM1;CAMK2G;NEFL;CAMK2B;GRIN2B;CAMK2D;RASGRF2;GPRIN1;RASGRF1"
"HIV Infection R-HSA-162906",4.39006138713421e-07,7.42492991128351e-06,0.674962860011025,0.428262432547086,1.89730461249227,224,"AP2M1;PPIA;ATP6V1H;SLC25A4;SKP1;AP2A1;RANGAP1;SUPT4H1;AP2S1;AP2B1;SGIP1;PSIP1;VTA1;NCBP2;RNMT;PSMD2;SLC25A5;POLR2E;PSMD7;RAN;PSMC5;PSMD8;SLC25A6;VPS28;VPS4A;ERCC3;MNAT1;AP1S1;UBB;PSMA1;ELOB;AP1M1;XRCC6;POLR2A;FURIN;PSMF1;NEDD4L;RANBP1;PSMC3;PSMC1;HMGA1;GTF2H1;TAF6;NMT1;PSMD14;RANBP2;TAF13;SUPT5H;PSMB3;SSRP1;PSMB7;KPNB1;BTRC;XRCC5;RNGTT;BANF1;SEH1L;TAF11;POLR2F;CHMP4B;TAF9;PSMC4;KPNA1;AP1G1;PACS1;VPS37B;TAF15;CHMP7;CDK9;POLR2K;NUP98;RBX1;SEM1;GTF2H4;LRIG1;CCNK;PSMB1;PSMC2;PDCD6IP;PSMA6"
"GABA Synthesis, Release, Reuptake And Degradation R-HSA-888590",4.89286956799106e-07,8.15711255120795e-06,0.659444398037935,0.817364827579171,2.30538052266468,19,"SYT1;SNAP25;RAB3A;STXBP1;VAMP2;HSPA8;CPLX1;STX1A;ABAT;GAD1;DNAJC5;SLC6A1;RIMS1"
"Platelet Homeostasis R-HSA-418346",6.72696718226319e-07,1.1056860143241e-05,0.659444398037935,0.558147036214213,2.16362737063069,83,"CALM1;GNB1;ATP2B1;ATP2A2;GNAS;SLC8A1;SLC8A2;PDE2A;GNG2;ITPR1;SRI;GNG3;PDE1B;PPP2R1A;ATP2B4;PPP2CA;GUCY1B1;PPP2R5B;GNB2;GNG7;KCNMA1;PPP2R5D;GNB5;PDE1A;ATP2B3;PPP2R5C;PPP2CB;IRAG1;STIM1"
"Macroautophagy R-HSA-1632852",7.89153500671526e-07,1.2790862990051e-05,0.659444398037935,0.507049662621518,2.04952904769125,112,"GABARAPL1;HSPA8;DYNLL1;DYNC1H1;PARK7;PINK1;VDAC1;TOMM20;MAP1LC3B;GABARAPL2;TOMM5;VCP;DYNC1I1;TOMM6;DYNLL2;ULK1;WIPI2;MAP1LC3A;UBB;ATG4B;RRAGA;UBE2V1;ATG101;CSNK2B;LAMTOR3;ATG9A;WDR45;RRAGD;HSP90AA1;ATG5;TOMM7;LAMTOR2;MLST8;UBE2N;RHEB;CHMP4B;LAMTOR5;MFN2;ATG12;PIK3R4;CHMP7;PIK3C3;GABARAP;ATG7;TSC2;BECN1;PRKAG2;RPTOR;PCNT;MTMR3;TOMM70"
"Chemokine Receptors Bind Chemokines R-HSA-380108",8.77832045056095e-07,1.40332876243899e-05,0.659444398037935,-0.586641955310996,-2.23581321510237,53,"CCL3;PF4;CCL5;CCR1;CXCL9;CXCR3;CCR9;CXCR1;CCL2;ACKR4;CCRL2;CXCR2;CCR7;XCL1;CXCL3;CCR2;CXCL13;CCL19;PPBP;CXCL6;ACKR2;CXCL2;CCL1;CCL16;CCL13;CCR8;CCL27;XCR1;CXCR4;CXCR5;CCL11"
"Immunoregulatory Interactions Between A Lymphoid And A non-Lymphoid Cell R-HSA-198933",1.06569322203222e-06,1.68062701366433e-05,0.643551836150722,-0.459167283000711,-2.01158185820028,115,"CD99;ITGB1;KIR3DL1;IFITM1;TARP;FCGR1A;KIR2DS1;CD1E;ULBP1;HLA-C;CD8A;HLA-B;LILRB2;ICAM2;LILRB4;HCST;CD300LD;LILRA5;CXADR;HLA-G;TREML1;VCAM1;CD300C;RAET1E;KIR2DS2;NCR3;C3;TYROBP;LILRA6;CD3D;CLEC2D;LAIR1;HLA-A;CD300LG;SH2D1B;ULBP3;KLRB1;CD33;CD40LG;CD40;SIGLEC10;LILRA2;TREML4;B2M;CD3E;CD226;SIGLEC5;IGLL5;COLEC12;CD1D;CD300E;SH2D1A;HLA-E;CD300LB;CD160;SIGLEC6;CD1B"
"Vasopressin Regulates Renal Water Homeostasis Via Aquaporins R-HSA-432040",1.10092616192497e-06,1.71304110795525e-05,0.643551836150722,0.665252207077981,2.30398892489713,42,"PRKAR1B;GNB1;GNAS;ADCY1;GNG2;PRKAR2B;GNG3;AQP4;PRKAR1A;PRKCA;PRKACB;ADCY2;GNB2;RAB11A;GNG7;GNB5"
"Cellular Response To Chemical Stress R-HSA-9711123",1.17172062818696e-06,1.79920785933445e-05,0.643551836150722,0.445782524509295,1.93324676447084,180,"PRDX2;COX4I1;COX6B1;COX6A1;PRDX5;COX6C;SKP1;CYCS;SOD1;FBXL17;COX8A;AKT3;GPX1;COX5B;COX5A;COX7C;MAP1LC3B;COX7B;COX7A2L;CUL3;GSK3B;VCP;PSMD2;PSMD7;PSMC5;PSMD8;NCOA1;UBB;PSMA1;PSMF1;SIN3B;HMOX2;PSMC3;PSMC1;PSMD14;GSR;CSNK2B;FABP1;CARM1;UBL4A;PRDX1;PSMB3;ERO1A;PSMB7;SMARCD3;BTRC;TKT;COX20;LRPPRC;AKT2;PSMC4;GSTP1;TXN2;COX14;TXNRD2;RBX1;SEM1;SRXN1;PSMB1;CREBBP;CUL1;TBL1XR1;PSMC2;PSMA6;TXNRD1;ATF4;GCLM;AKT1"
"Acetylcholine Neurotransmitter Release Cycle R-HSA-264642",1.29581565651786e-06,1.96391801448876e-05,0.643551836150722,0.829011345298772,2.23999871327481,17,"SYT1;SNAP25;RAB3A;STXBP1;VAMP2;CPLX1;STX1A;TSPOAP1;PPFIA2;PPFIA4;RIMS1"
"Mitochondrial Protein Import R-HSA-1268020",1.33214652075086e-06,1.99309614066187e-05,0.643551836150722,0.596562121037761,2.21033292079084,63,"ATP5F1B;SLC25A4;NDUFB8;ATP5F1A;ACO2;VDAC1;HSPA9;TOMM20;CHCHD10;TOMM5;TIMM23;CCNI;TOMM6;CS;SLC25A6;IDH3G;MTX2;PMPCB;TIMM17A;CHCHD4;TOMM7;PITRM1;SLC25A12;GRPEL2;CHCHD7;PMPCA;TOMM70;OTC;COA6;TIMM50"
"Mitotic G2-G2/M Phases R-HSA-453274",1.36140750657427e-06,2.0016911658024e-05,0.643551836150722,0.438002750485651,1.89824036632209,181,"YWHAG;TUBA4A;HSP90AB1;DYNLL1;DYNC1H1;SKP1;TUBB4B;DCTN3;OPTN;PRKAR2B;DCTN1;PAFAH1B1;PPP2R1A;PRKCA;PPP1CB;PPP2CA;YWHAE;PSMD2;PSMD7;PSMC5;PSMD8;MNAT1;UBB;PSMA1;CSNK1D;PSMF1;PSMC3;PSMC1;TUBB4A;PSMD14;PPP2CB;CSNK1E;TUBG2;MZT1;DCTN2;CEP70;CDK11A;PPME1;TUBGCP2;HSP90AA1;HAUS3;PSMB3;PSMB7;BTRC;CETN2;PSMC4;TUBGCP3;PPP1R12A;PPP2R2A;RBX1;SFI1;CEP57;ALMS1;CLASP1;SEM1;PSMB1;CUL1;PSMC2;CEP164;PSMA6;PCNT;PPP1R12B;CEP76;CEP43;ODF2;PPP2R3B;HAUS8;PSMB2;LCMT1;PSME3;PSMB5;PSMA4"
"Rab Regulation Of Trafficking R-HSA-9007101",1.37219617192966e-06,2.0016911658024e-05,0.643551836150722,0.499732003491974,2.04052659194372,118,"RAB6B;RAB3A;GDI1;RAB12;OPTN;AKT3;MAP1LC3B;MADD;GABARAPL2;YWHAE;RAB11A;RAB6A;GGA2;ULK1;TRAPPC6B;RAB7A;RABGAP1;RAB39A;RAB5B;TRAPPC3;RAB31;RAB1A;RAB14;RAB3GAP1;TRAPPC1;TBC1D24;GGA3;DENND6B;DENND1A;TBC1D14;RAB18;TRAPPC5;DENND5B;AKT2;TRAPPC2;SBF1"
"Signaling By WNT R-HSA-195721",1.47714143825147e-06,2.12817784992527e-05,0.643551836150722,0.385222326228484,1.75642007939344,290,"PPP3R1;CAMK2A;CALM1;GNB1;PRKCB;PLCB1;AP2M1;TLE5;PPP3CB;CLTC;CLTB;SKP1;AP2A1;GNG2;ITPR1;GNAO1;GNG3;NLK;PRKCG;PPP2R1A;H2AZ1;HECW1;AP2S1;AP2B1;CLTA;PRKCA;PPP3CA;PPP2CA;VPS35;CUL3;PPP2R5B;GSK3B;GNB2;PSMD2;PSMD7;PSMC5;PSMD8;GNG7;UBB;PPP2R5D;GNB5;PSMA1;KMT2D;PSMF1;YWHAZ;PSMC3;PSMC1;TNRC6A;PSMD14;PPP2R5C;PPP2CB;CSNK1E;CSNK2B;USP34;SOX9;TLE2;RORA;CTNNBIP1;CTNNB1;PSMB3;PSMB7;BTRC;KAT5;SNX3;CTBP1;AKT2;H2AZ2;PSMC4;FZD7;TNRC6C;WNT10A;GNG10;VPS29;MAP3K7;H4C15;FZD4;RBX1;SMARCA4;BCL9L;WIF1;SEM1;AGO1;PSMB1;CREBBP;CUL1"
"G2/M Transition R-HSA-69275",1.96636407705527e-06,2.79847180234574e-05,0.627256739718528,0.444481864689409,1.9243522569437,179,"YWHAG;TUBA4A;HSP90AB1;DYNLL1;DYNC1H1;SKP1;TUBB4B;DCTN3;OPTN;PRKAR2B;DCTN1;PAFAH1B1;PPP2R1A;PRKCA;PPP1CB;PPP2CA;YWHAE;PSMD2;PSMD7;PSMC5;PSMD8;MNAT1;UBB;PSMA1;CSNK1D;PSMF1;PSMC3;PSMC1;TUBB4A;PSMD14;PPP2CB;CSNK1E;TUBG2;MZT1;DCTN2;CEP70;CDK11A;PPME1;TUBGCP2;HSP90AA1;HAUS3;PSMB3;PSMB7;BTRC;CETN2;PSMC4;TUBGCP3;PPP1R12A;PPP2R2A;RBX1;SFI1;CEP57;ALMS1;CLASP1;SEM1;PSMB1;CUL1;PSMC2;CEP164;PSMA6;PCNT;PPP1R12B;CEP76;CEP43;ODF2;PPP2R3B;HAUS8;PSMB2;LCMT1;PSME3;PSMB5;PSMA4"
"Sensory Processing Of Sound By Inner Hair Cells Of Cochlea R-HSA-9662360",2.18583462228794e-06,3.07333614965063e-05,0.627256739718528,0.574077498631739,2.14385309440704,67,"SNAP25;RAB3A;CABP1;SYN1;ATP2B1;SYP;SPTAN1;VAMP2;BSN;EPB41L1;STX1A;EZR;ATP2B4;PCLO;CAPZB;SPTBN1;KCNMA1;DNAJC5;CACNB2"
"Cilium Assembly R-HSA-5617833",2.36957308972188e-06,3.29201404250647e-05,0.627256739718528,0.438784751910116,1.91120463951764,185,"YWHAG;TUBA4A;DYNLL1;KIF3C;DYNC1H1;TUBB4B;PKD1;DCTN3;PRKAR2B;DCTN1;PAFAH1B1;PPP2R1A;MARK4;KIF3A;PRKCA;IFT57;YWHAE;RAB11A;TTBK2;KIFAP3;DYNLL2;PDE6D;BBS7;CCT2;DYNLRB1;EXOC7;CSNK1D;AHI1;IFT22;KIF3B;TRIP11;TUBB4A;IFT140;MKKS;CSNK1E;DYNC2LI1;DCTN2;CEP70;DYNLT2B;HSP90AA1;HAUS3;BBS5;CCT8;TCP1;TTC8;ARL6;EXOC4;PTGES2;TRAF3IP1;CETN2;BBS12;UNC119B;BBS2;SFI1;LZTFL1;CEP57;ALMS1;CLASP1;RAB11FIP3;TCTN1;WDR35;IFT81;CEP164;BBS1;PCNT;ASAP1;CEP76;CEP43;IFT20;EXOC3;ARF4;ODF2;CCT4;HAUS8;CEP83;EXOC6"
"Autophagy R-HSA-9612973",2.83695505115147e-06,3.89497240552208e-05,0.627256739718528,0.479363561196901,1.9804698763702,125,"GABARAPL1;HSPA8;HSP90AB1;DYNLL1;DYNC1H1;PARK7;PINK1;VDAC1;TOMM20;MAP1LC3B;GABARAPL2;TOMM5;VCP;DYNC1I1;TOMM6;DYNLL2;ULK1;WIPI2;VPS28;MAP1LC3A;UBB;ATG4B;RRAGA;UBE2V1;ATG101;CSNK2B;LAMTOR3;ATG9A;WDR45;RRAGD;HSP90AA1;ATG5;TOMM7;LAMTOR2;MLST8;UBE2N;RHEB;CHMP4B;VPS37B;LAMTOR5;MFN2;ATG12;PIK3R4;CHMP7;PIK3C3;GABARAP;ATG7;TSC2;BECN1;GFAP;PRKAG2;RPTOR;PCNT;MTMR3;TOMM70"
"Assembly And Cell Surface Presentation Of NMDA Receptors R-HSA-9609736",3.22661012125883e-06,4.37843489710355e-05,0.627256739718528,0.729434702145428,2.19358483858734,25,"CAMK2A;CAMK2G;NEFL;CAMK2B;GRIN2B;CAMK2D;APBA1;GPRIN1"
"Iron Uptake And Transport R-HSA-917937",3.28038627601451e-06,4.40024228058498e-05,0.627256739718528,0.59182031458784,2.15193091179817,57,"ATP6V1B2;ATP6V0C;ATP6V1A;SLC22A17;ATP6V1H;ATP6V0A1;ATP6V1G2;SKP1;ATP6AP1;ATP6V1D;NEDD8;ATP6V0E2;ATP6V1F;ATP6V1C1;ATP6V0D1;ATP6V1G1;TFRC;UBB;CAND1;HMOX2;ATP6V1E1;STEAP2;FBXL5"
"GABA Receptor Activation R-HSA-977443",3.32314608870938e-06,4.40694486991346e-05,0.627256739718528,0.593112812297606,2.17303361836007,59,"NPTN;GNB1;GABBR2;GABRB2;ADCY1;GABRA1;GABRA2;GABRB3;GNG2;GNG3;GABRG2;ARHGEF9;GABRA3;GABRA4;GABRA5;ADCY2;GNB2;GNG7;GABRB1;GNB5"
"Glucagon Signaling In Metabolic Regulation R-HSA-163359",3.77798693270329e-06,4.95383230389296e-05,0.627256739718528,0.698842212101214,2.25237862246125,32,"PRKAR1B;GNB1;GNAS;ADCY1;GNG2;PRKAR2B;GNG3;PRKAR1A;PRKCA;PRKACB;ADCY2;GNB2;GNG7"
"Negative Regulation Of NMDA Receptor-Mediated Neuronal Transmission R-HSA-9617324",3.88270872039612e-06,5.0342400707908e-05,0.610526878385931,0.762855557440268,2.20888542750512,21,"CAMK2A;CALM1;CAMK2G;NEFL;CAMK2B;GRIN2B;CAMK2D;GPRIN1"
"Sensory Processing Of Sound R-HSA-9659379",3.92558565931416e-06,5.0342400707908e-05,0.610526878385931,0.546224320608536,2.08291846783377,75,"SNAP25;RAB3A;CABP1;SYN1;ATP2B1;SYP;SPTAN1;VAMP2;BSN;EPB41L1;STX1A;EZR;ATP2B4;PCLO;CAPZB;SPTBN1;KCNMA1;DNAJC5;CACNB2"
"Norepinephrine Neurotransmitter Release Cycle R-HSA-181430",4.45670021449546e-06,5.65322733730022e-05,0.610526878385931,0.801607301349125,2.23420084078465,18,"SYT1;SNAP25;RAB3A;STXBP1;VAMP2;CPLX1;STX1A;TSPOAP1;PPFIA2;PPFIA4;RIMS1"
"Signaling By Hedgehog R-HSA-5358351",4.86615036535102e-06,6.10623384555338e-05,0.610526878385931,0.465950675365942,1.93232368080397,134,"PRKAR1B;GNAS;ADCY1;GRK2;ARRB1;SKP1;PRKAR2B;PRKAR1A;KIF3A;PRKCA;IFT57;PRKACB;CUL3;GSK3B;VCP;ADCY2;PSMD2;ULK3;PSMD7;PSMC5;PSMD8;OS9;UBB;PSMA1;PSMF1;PSMC3;PSMC1;GLI3;IFT140;PSMD14;SPOP"
"Apoptosis R-HSA-109581",5.50804547249381e-06,6.77470576127711e-05,0.610526878385931,0.428749936779267,1.85314635063857,176,"PPP3R1;YWHAG;YWHAH;SPTAN1;MAPT;SATB1;DYNLL1;YWHAB;MAPK1;CYCS;AKT3;STK24;YWHAE;DNM1L;PSMD2;MAGED1;BCAP31;NDUFA2;DYNLL2;PSMD7;PSMC5;PSMD8;MAPK3;DAPK1;UBB;PSMA1;MAPK8;FASN;APPL1;PSMF1;YWHAZ;PSMC3;PSMC1;NMT1;PSMD14;H1-0;YWHAQ;ADD1;H1-2;CTNNB1;ACIN1;PSMB3;TP53BP2;PSMB7;KPNB1"
"HSP90 Chaperone Cycle For Steroid Hormone Receptors (SHR) In Presence Of Ligand R-HSA-3371497",5.51497041406449e-06,6.77470576127711e-05,0.610526878385931,0.649566169509446,2.17137081699242,38,"HSPA8;HSP90AB1;DYNLL1;DYNC1H1;DCTN3;DCTN1;DNAJA1;DYNC1I1;CAPZB;DYNLL2;DNAJA4;ACTR10;PTGES3;NR3C1;DCTN2;STIP1;DNAJA2;DCTN4;HSP90AA1"
"COPI-independent Golgi-to-ER Retrograde Traffic R-HSA-6811436",5.72745175406447e-06,6.96243353853462e-05,0.610526878385931,0.67526151663896,2.21403976898236,34,"RAB6B;DYNLL1;DYNC1H1;DCTN3;DCTN1;PAFAH1B1;PAFAH1B2;DYNC1I1;CAPZB;RAB6A;DYNLL2;ACTR10;RAB3GAP1;DCTN2;DCTN4;RAB18;BICD1"
"Hedgehog Off State R-HSA-5610787",6.15463091728738e-06,7.40459204172616e-05,0.610526878385931,0.507042746649081,2.0172725080578,97,"PRKAR1B;GNAS;ADCY1;SKP1;PRKAR2B;PRKAR1A;KIF3A;PRKCA;IFT57;PRKACB;GSK3B;ADCY2;PSMD2;PSMD7;PSMC5;PSMD8;UBB;PSMA1;PSMF1;PSMC3;PSMC1;GLI3;IFT140;PSMD14;PSMB3;PSMB7;BTRC;PSMC4;RBX1;SEM1;SUFU;WDR35;PSMB1;CUL1;PSMC2;PSMA6"
"Cargo Recognition For Clathrin-Mediated Endocytosis R-HSA-8856825",6.36621126189187e-06,7.58098830880389e-05,0.610526878385931,0.494800275797555,1.97573990085416,102,"SYT1;VAMP2;AP2M1;EPN1;CLTC;GRK2;SNAP91;CLTB;ARRB1;AP2A1;GRB2;NEDD8;REPS2;AP2S1;AP2B1;CLTA;SGIP1;SH3GL2;UBQLN2;COPS8;AGFG1;EPS15;EPS15L1;TFRC;UBB;UBQLN1;COPS4;STON2;GRK3"
"Recycling Pathway Of L1 R-HSA-437239",6.50541847123104e-06,7.66850844032993e-05,0.610526878385931,0.712480581712706,2.21669374181184,28,"DNM1;AP2M1;CLTC;L1CAM;MAPK1;AP2A1;EZR;AP2S1;AP2B1;CLTA;SH3GL2;DPYSL2;RPS6KA4;DNM3;RPS6KA5"
"Lysosome Vesicle Biogenesis R-HSA-432720",7.00983934750471e-06,8.18048251853799e-05,0.610526878385931,0.672421804154265,2.20472895203417,34,"VAMP2;HSPA8;CLTC;CLTB;ARRB1;APP;CLTA;SH3GL2;DNAJC6;AP1S1;AP1M1;M6PR;CLVS2;DNASE2;AP1G1;AP1G2;AP4S1;BLOC1S1;HGS"
"Insulin Receptor Recycling R-HSA-77387",7.28759346683173e-06,8.42041740177488e-05,0.610526878385931,0.715867207465152,2.17257067644084,26,"ATP6V1B2;ATP6V0C;ATP6V1A;ATP6V1H;ATP6V0A1;ATP6V1G2;ATP6AP1;ATP6V1D;ATP6V0E2;ATP6V1F;ATP6V1C1;ATP6V0D1;ATP6V1G1;ATP6V1E1"
"Diseases Of Signal Transduction By Growth Factor Receptors And Second Messengers R-HSA-5663202",8.13238815517073e-06,9.03856854960404e-05,0.593325476396405,0.342908649279295,1.62020429643694,421,"CAMK2A;CALM1;CAMK2G;KLC1;CLSTN1;PEBP1;CNKSR2;FBXW7;PIK3R1;CLTC;YWHAB;MAP2K1;ARRB1;MAPK1;SKP1;GRB2;GSK3A;CAMK2B;DCTN1;AKT3;CDC37;CAMK2D;PPP2R1A;NEURL1;PRKAR1A;PIK3R2;PPP1CB;NCBP2;FGF13;PPP2CA;RNMT;PPP2R5B;GSK3B;VCP;TPM3;PSMD2;POLR2E;TRAK1;PPFIBP1;PSMD7;PTEN;FKBP1A;PSMC5;SPTBN1;PSMD8;MPRIP;PPP1CC;MAPK3;OS9;UBB;PPP2R5D;PSMA1;PLCG1;BCL11A;POLR2A;FAM131B;PSMF1;BRAF;TRIP11;PSMC3;PSMC1;ZFYVE9;SMAD4;MIB2;PSMD14;TENT4A;MAP2K2;PAPSS1;PPP2R5C;KAT2A;PPP2CB;IRS2;NF1;FGFR3;RANBP2;MRAS;MIB1;KSR2;CTNNB1;SHOC2;HSP90AA1;PSMB3;FIP1L1;PSMB7;CCNC;MLST8;CTBP1;SPRED1;AKT2;POLR2F;PSMC4;EEF1G;JAG2;CUX1;SND1;POLR2K;FZD4;RBX1;FGFR1OP2;ATIC;GCC2;ATG7;TSC2;TFG;BAD;CLCN6;PIK3CB;SEM1;CBL;MYH9;EGFR;PSMB1;CDK8;CREBBP;CUL1;PIK3CA;TBL1XR1;SEC31A;MAPKAP1;CREB1;MECP2;PSMC2;PSMA6"
"Fc Epsilon Receptor (FCERI) Signaling R-HSA-2454202",8.04492893089528e-06,9.03856854960404e-05,0.593325476396405,0.46154625857831,1.90445594519654,129,"PPP3R1;CALM1;MAPK10;PIK3R1;PPP3CB;MAPK1;SKP1;GRB2;ITPR1;AHCYL1;PIK3R2;PPP3CA;PSMD2;MAPK9;UBE2D2;PSMD7;PSMC5;PSMD8;MAP2K4;MAPK3;UBB;PSMA1;MAPK8;PLCG1;PSMF1;PSMC3;PSMC1;PSMD14;UBE2V1;PSMB3;PSMB7;BTRC;VAV2;UBE2D1;JUN;UBE2N;PSMC4;MAP3K7;CDC34;PIK3CB;SEM1;PSMB1;CUL1;PIK3CA;PSMC2;PSMA6;HRAS;TAB3;VAV3;TAB2;PSMB2;MAP2K7;PSME3;PSMB5;PSMA4"
"GLI3 Is Processed To GLI3R By Proteasome R-HSA-5610785",7.96133034892672e-06,9.03856854960404e-05,0.593325476396405,0.576044613634633,2.10456073028631,58,"SKP1;PRKCA;PRKACB;GSK3B;PSMD2;PSMD7;PSMC5;PSMD8;UBB;PSMA1;PSMF1;PSMC3;PSMC1;GLI3;PSMD14;PSMB3;PSMB7;BTRC;PSMC4;RBX1;SEM1;SUFU;PSMB1;CUL1;PSMC2;PSMA6;PSMB2;PSME3;PSMB5;PSMA4;PSMD12;PSMD6;CSNK1A1;PSMC6"
"Protein Folding R-HSA-391251",8.12418931445089e-06,9.03856854960404e-05,0.593325476396405,0.504162324576797,1.98004867702928,91,"TUBA4A;GNB1;TUBB2A;FBXW7;TUBB4B;GNG2;USP11;GNG3;GNAQ;TUBA1C;TUBB2B;GNB2;PFDN5;TUBA8;GNG7;CCT2;GNB5;RGS7;TBCA;ARL2;TBCD;TUBB4A;NOP56;PFDN6;ARFGEF2;CSNK2B;FBXW5;FBXL5;CCT7;CCT8;TCP1;CCT6A;RGS11;GNG10"
"PTEN Regulation R-HSA-6807070",8.64969614310412e-06,9.52282584811557e-05,0.593325476396405,0.445283927444912,1.85149186229865,137,"CBX6;MAPK1;AKT3;RBBP7;CHD3;PSMD2;PSMD7;PTEN;PSMC5;PSMD8;MTA3;STUB1;MAPK3;UBB;PSMA1;PSMF1;RRAGA;MTA1;PSMC3;PSMC1;TNRC6A;VAPA;PSMD14;RING1;CSNK2B;LAMTOR3;RRAGD;CNOT6L;PSMB3;PSMB7;JUN;LAMTOR2;MLST8;EED;AKT2;RHEB;PSMC4;TNRC6C;NR2E1;LAMTOR5;USP7;SEM1;AGO1;PSMB1;PSMC2;PSMA6;RPTOR;GATAD2B;AKT1;ATN1;EGR1;PSMB2;PSME3;PSMB5;PSMA4;HDAC3;HDAC5;PSMD12;PSMD6;MTA2;PHC2;PSMC6;SCMH1;PSMD5;PHC1"
"Programmed Cell Death R-HSA-5357801",9.92324768070054e-06,0.000108228318162407,0.593325476396405,0.404073158752199,1.78440453266575,205,"PPP3R1;YWHAG;YWHAH;SPTAN1;MAPT;SATB1;DYNLL1;YWHAB;MAPK1;CYCS;AKT3;CDC37;STK24;YWHAE;DNM1L;FLOT1;PSMD2;MAGED1;BCAP31;NDUFA2;DYNLL2;PSMD7;PSMC5;PSMD8;STUB1;MAPK3;DAPK1;UBB;PSMA1;MAPK8;FASN;APPL1;PSMF1;YWHAZ;PSMC3;PSMC1;NMT1;PSMD14;H1-0;YWHAQ;OGT;ADD1;H1-2;CTNNB1;ACIN1;HSP90AA1;PSMB3;TP53BP2;PSMB7;KPNB1;OMA1;AKT2;CHMP4B;PSMC4;KPNA1;SDCBP"
"PKA Activation In Glucagon Signaling R-HSA-164378",1.01212339998717e-05,0.000109365556276391,0.593325476396405,0.80888396250202,2.1477038707505,16,"PRKAR1B;GNAS;ADCY1;PRKAR2B;PRKAR1A;PRKCA;PRKACB;ADCY2"
"Potential Therapeutics For SARS R-HSA-9679191",1.07979591422241e-05,0.000115607507513537,0.593325476396405,0.510221415668005,2.01631638631386,95,"ATP1A3;FXYD7;AP2M1;ATP1A2;HSP90AB1;AP2A1;GRB2;ATP1B1;ATP1B2;AP2S1;AP2B1;ATP1B3;RBBP7;CHD3;CUL3;IFNGR2;FXYD1;BRD4;FKBP1A;MTA3;IFNAR1;SIGMAR1;FURIN;MTA1;PTGES3;NR3C1;ROCK2;CRBN"
"Translocation Of SLC2A4 (GLUT4) To Plasma Membrane R-HSA-1445148",1.20422991255206e-05,0.000127757846177114,0.593325476396405,0.59195168792687,2.11078851743946,51,"YWHAG;YWHAH;CALM1;VAMP2;YWHAB;MYO5A;KIF3A;YWHAE;RAB11A;KIFAP3;RHOQ;EXOC7;RAB14;YWHAZ;KIF3B;YWHAQ;EXOC4;AKT2;RALGAPB;MYH9;PRKAG2;AKT1;RALA;EXOC3;TBC1D1;EXOC6;EXOC1;RAB10;LNPEP;RAB4A;C2CD5"
"RAB GEFs Exchange GTP For GDP On RABs R-HSA-8876198",1.23806288262244e-05,0.000130163908470305,0.593325476396405,0.518833095733588,2.0268783987977,87,"RAB6B;RAB3A;GDI1;RAB12;AKT3;MADD;YWHAE;RAB6A;ULK1;TRAPPC6B;RAB7A;RAB39A;RAB5B;TRAPPC3;RAB31;RAB1A;RAB14;RAB3GAP1;TRAPPC1;DENND6B;DENND1A;RAB18;TRAPPC5;DENND5B;AKT2;TRAPPC2;SBF1"
"Paradoxical Activation Of RAF Signaling By Kinase Inactive BRAF R-HSA-6802955",1.32397827839161e-05,0.000137953808114554,0.593325476396405,0.630425750476841,2.15630835728583,40,"CAMK2A;CALM1;CAMK2G;PEBP1;CNKSR2;YWHAB;MAP2K1;ARRB1;MAPK1;CAMK2B;CAMK2D;MAPK3;BRAF;MAP2K2;KSR2"
"Degradation Of GLI2 By Proteasome R-HSA-5610783",1.47982082003354e-05,0.000150785253678994,0.593325476396405,0.565210026422938,2.06497690945909,58,"SKP1;PRKCA;PRKACB;GSK3B;PSMD2;PSMD7;PSMC5;PSMD8;UBB;PSMA1;PSMF1;PSMC3;PSMC1;PSMD14;PSMB3;PSMB7;BTRC;PSMC4;RBX1;SEM1;SUFU;PSMB1;CUL1;PSMC2;PSMA6;PSMB2;PSME3;PSMB5;PSMA4;PSMD12;PSMD6;CSNK1A1;PSMC6"
"Glucagon-like Peptide-1 (GLP1) Regulates Insulin Secretion R-HSA-381676",1.47878529598703e-05,0.000150785253678994,0.593325476396405,0.624868482149324,2.16412669822313,42,"PRKAR1B;GNB1;GNAS;KCNC2;GNG2;ITPR1;PRKAR2B;GNG3;PRKAR1A;PRKCA;PRKACB;GNB2;RAPGEF4;KCNB1;GNG7;GNB5"
"trans-Golgi Network Vesicle Budding R-HSA-199992",1.48588724705092e-05,0.000150785253678994,0.593325476396405,0.54442410119936,2.0535664035799,70,"VAMP2;HSPA8;CLTC;CLTB;ARRB1;APP;CLTA;SH3GL2;DNAJC6;TPD52;AP1S1;TFRC;AP1M1;AP3S1;CLINT1;GAK;SNAPIN;TGOLN2;TPD52L1;M6PR;CLVS2;ACBD3;DNASE2;NECAP1;OCRL;PTGES2;BLOC1S6;AP1G1;AP1G2;AP4S1;BLOC1S1;PUM1"
"Prefoldin Mediated Transfer Of Substrate To CCT/TriC R-HSA-389957",1.65635597129256e-05,0.00016521089046995,0.575610261071129,0.701868449277212,2.13008613289903,26,"TUBA4A;TUBB2A;TUBB4B;TUBA1C;TUBB2B;PFDN5;CCT2;TUBB4A;PFDN6;CCT7;CCT8;TCP1;CCT6A"
"RHO GTPases Activate WASPs And WAVEs R-HSA-5663213",1.6446026998463e-05,0.00016521089046995,0.575610261071129,0.647772304286486,2.10869183945582,33,"CYFIP2;MAPK1;GRB2;ABI2;ACTR2;ARPC2;WASL;NCKAP1;WASF1;ABI1;MAPK3;BRK1;NCKIPSD;WIPF2;BAIAP2;WIPF3;WASF3;ARPC1A;ACTR3"
"RHOBTB GTPase Cycle R-HSA-9706574",1.90005199111729e-05,0.000187911921494397,0.575610261071129,0.655325829256286,2.14867486427562,34,"ACTN1;HSP90AB1;CDC37;CUL3;DBN1;RHOBTB2;CCT2;TXNL1;MSI2;HNRNPC;COPS4;ROCK2;RBMX;HSP90AA1;CCT7;CCT6A"
"GPER1 Signaling R-HSA-9634597",1.99213804219364e-05,0.000194508016171684,0.575610261071129,0.615733101161946,2.13738508218918,43,"PRKAR1B;GNB1;GNAS;ADCY1;GNG2;PRKAR2B;GNG3;PRKAR1A;PRKCA;PRKACB;ADCY2;GNB2;GNG7;GNB5"
"Transferrin Endocytosis And Recycling R-HSA-917977",2.00008242850061e-05,0.000194508016171684,0.575610261071129,0.674467585173664,2.16265880703997,31,"ATP6V1B2;ATP6V0C;ATP6V1A;ATP6V1H;ATP6V0A1;ATP6V1G2;ATP6AP1;ATP6V1D;ATP6V0E2;ATP6V1F;ATP6V1C1;ATP6V0D1;ATP6V1G1;TFRC;ATP6V1E1;STEAP2"
"Signaling By B Cell Receptor (BCR) R-HSA-983705",2.25142419855252e-05,0.000217141490885189,0.575610261071129,0.478352358194196,1.93124488664738,108,"PPP3R1;CALM1;PRKCB;CLSTN1;PPIA;PIK3R1;PPP3CB;SKP1;GRB2;ITPR1;AHCYL1;PPP3CA;PSMD2;PSMD7;FKBP1A;PSMC5;PSMD8;UBB;PSMA1;PSMF1;PSMC3;PSMC1;PSMD14;STIM1;PSMB3;PSMB7;BTRC"
"Chaperonin-mediated Protein Folding R-HSA-390466",2.31796894363111e-05,0.000219924370505488,0.575610261071129,0.503364479296593,1.95486896804893,85,"TUBA4A;GNB1;TUBB2A;FBXW7;TUBB4B;GNG2;USP11;GNG3;GNAQ;TUBA1C;TUBB2B;GNB2;PFDN5;TUBA8;GNG7;CCT2;GNB5;RGS7;TUBB4A;NOP56;PFDN6;ARFGEF2;CSNK2B;FBXW5;FBXL5;CCT7;CCT8;TCP1;CCT6A;RGS11;GNG10"
"RHO GTPase Effectors R-HSA-195258",2.30178819379948e-05,0.000219924370505488,0.575610261071129,0.378507880556603,1.7012374665387,258,"YWHAG;YWHAH;CALM1;PRKCB;EVL;CYFIP2;KLC1;KIF5A;DYNLL1;YWHAB;DYNC1H1;PFN2;MAPK1;GRB2;RANGAP1;ABI2;ACTR2;PRKCZ;PAFAH1B1;ARPC2;PPP2R1A;H2AZ1;WASL;PRKCA;PPP1CB;PPP2CA;YWHAE;PPP2R5B;DYNC1I1;NCKAP1;WASF1;DYNLL2;ARHGEF7;ABI1;MYH10;PPP1CC;RHOQ;MAPK3;PPP2R5D;BRK1;NCKIPSD;CTTN;YWHAZ;CLIP1;WIPF2;CENPT;LIMK1;ROCK2;BAIAP2;PPP2R5C;PPP2CB;NUDC;WIPF3;GOPC;WASF3;RANBP2;YWHAQ;TAOK1;ARPC1A;ACTR3;CTNNB1;DIAPH1;CENPQ;MAPK11;SEH1L;BIRC5;MRTFA;NDEL1;NOXA1;H2AZ2"
"Host Interactions Of HIV Factors R-HSA-162909",2.37083656392137e-05,0.000223126312104536,0.575610261071129,0.453254913121176,1.87370295900513,128,"AP2M1;PPIA;ATP6V1H;SLC25A4;SKP1;AP2A1;RANGAP1;AP2S1;AP2B1;SGIP1;PSIP1;PSMD2;SLC25A5;PSMD7;RAN;PSMC5;PSMD8;SLC25A6;AP1S1;UBB;PSMA1;ELOB;AP1M1;PSMF1;RANBP1;PSMC3;PSMC1;HMGA1;PSMD14;RANBP2;PSMB3;PSMB7;KPNB1;BTRC;BANF1;SEH1L;PSMC4;KPNA1;AP1G1;PACS1;CDK9;NUP98;RBX1"
"Transcriptional Regulation By MECP2 R-HSA-8986944",2.53462492757743e-05,0.000236632583238629,0.575610261071129,0.552258655708032,2.03335399365065,60,"CAMK2A;GRIA2;CALM1;CAMK2G;MEF2C;CAMK2B;GRIN2B;RBFOX1;CAMK2D;PRKCA;FOXG1;RNMT;GPRIN1;GAD1;PTEN;PTPN4;SLC2A3;TNRC6A"
"PKA Activation R-HSA-163615",2.56869050453702e-05,0.000237909668158309,0.575610261071129,0.787100333477844,2.12675465083428,17,"PRKAR1B;CALM1;ADCY1;PRKAR2B;PRKAR1A;PRKCA;PRKACB;ADCY2"
"Ca2+ Pathway R-HSA-4086398",2.7043796930865e-05,0.00024850481116787,0.575610261071129,0.546674265041655,2.02161660914842,61,"PPP3R1;CAMK2A;CALM1;GNB1;PLCB1;PPP3CB;GNG2;ITPR1;GNAO1;GNG3;NLK;PRKCA;PPP3CA;GNB2;GNG7;GNB5;TNRC6A"
"Signaling By RAF1 Mutants R-HSA-9656223",2.82120881130638e-05,0.000257214897093324,0.575610261071129,0.625834807515442,2.09204158265102,38,"CAMK2A;CALM1;CAMK2G;CNKSR2;YWHAB;MAP2K1;ARRB1;MAPK1;CAMK2B;CAMK2D;MAPK3;BRAF;MAP2K2;KSR2"
"Activation Of BAD And Translocation To Mitochondria R-HSA-111447",2.94999056199322e-05,0.000264818383526622,0.575610261071129,0.797593174578338,2.08504469710758,15,"PPP3R1;YWHAG;YWHAH;YWHAB;AKT3;YWHAE;YWHAZ;YWHAQ;AKT2"
"Neddylation R-HSA-8951664",2.94573067390281e-05,0.000264818383526622,0.575610261071129,0.382253140665768,1.71069980706205,234,"FBXL16;FBXW7;SKP1;FBXO41;NEDD8;WSB2;FBXL19;RBBP7;CUL3;FBXO21;VCP;FBXO2;PSMD2;UBE2D2;COPS8;PSMD7;PSMC5;PSMD8;FBXO44;ASB6;UBE2D3;UBE2M;CUL4B;ZBTB16;DCAF6;UBB;PSMA1;ELOB;OBSL1;FBXO11;CAND1;PSMF1;COMMD7;DCUN1D4;DDB1;COPS4;PSMC3;PSMC1;PSMD14;FBXO9;BTBD1;FEM1C;DCUN1D2;FEM1B;DCAF8;FBXW5;FBXL5;CUL9;PSMB3;KLHL11;PSMB7;BTRC;UBE2D1;RNF7;WDTC1;KLHL3;KLHL9;BIRC5;PSMC4;COPS5;FBXO27;DCUN1D5;KLHL21;DCAF5;RBX1;NAE1;KLHL2;COPS7A;FBXL3;SEM1;NEURL2;KBTBD6;PSMB1;CUL1;PSMC2;PSMA6;SPSB3;HIF1A;LMO7;COMMD9"
"M Phase R-HSA-68886",3.14716148797316e-05,0.000280361637898067,0.557332238758646,0.34506425512178,1.61188557280096,369,"YWHAG;TUBA4A;PRKCB;TUBB2A;DYNLL1;DYNC1H1;MAPK1;TUBB4B;DCTN3;ENSA;RANGAP1;PRKAR2B;DCTN1;RAB2A;PAFAH1B1;PPP2R1A;H2AZ1;TUBA1C;SUMO1;PRKCA;PPP2CA;YWHAE;TUBB2B;PPP2R5B;PDS5B;DYNC1I1;PSMD2;DYNLL2;PSMD7;TUBA8;RAN;PSMC5;PSMD8;VPS4A;PPP1CC;MAPK3;UBB;PPP2R5D;PSMA1;CSNK1D;RAB1A;ANAPC5;LPIN1;PSMF1;CLIP1;PSMC3;PSMC1;CENPT;TUBB4A;PSMD14;ANAPC16;PPP2R5C;LPIN2;PPP2CB;NUDC;CSNK1E;TUBG2;CSNK2B;MZT1;DCTN2;CEP70;RANBP2;TAOK1;CTDNEP1;TUBGCP2;HSP90AA1;HAUS3;PSMB3;PSMB7;KPNB1;UBE2D1;CENPQ;ARPP19;BANF1;SEH1L;BIRC5;NDEL1;NCAPH2;H2AZ2;CHMP4B;CETN2;PSMC4;GOLGA2;TUBGCP3;CHMP7;H4C15;NUP98;ANAPC11;PPP2R2A;SFI1;ANAPC15;CEP57;CDC16;ALMS1;CLASP1;UBE2I;UBE2E1;SEM1;SMC3;PSMB1;H2BC3;PSMC2;CEP164;NCAPG;PSMA6;TMPO"
"Glucose Metabolism R-HSA-70326",3.55808609368219e-05,0.000314567156918721,0.557332238758646,0.507344880416215,1.98199842552885,87,"MDH1;ENO2;TPI1;PKM;PFKP;PGK1;ALDOC;PFKM;PGM2L1;PPP2R1A;MDH2;ENO1;PRKCA;PPP2CA;PRKACB;SLC25A11;PGAM4;GOT2;PPP2R5D"
"Oncogenic MAPK Signaling R-HSA-6802957",3.68428982207899e-05,0.000320863150922849,0.557332238758646,0.51348904502686,1.96179155194179,77,"CAMK2A;CALM1;CAMK2G;PEBP1;CNKSR2;YWHAB;MAP2K1;ARRB1;MAPK1;CAMK2B;CAMK2D;PPP1CB;TRAK1;MPRIP;PPP1CC;MAPK3;FAM131B;BRAF;TENT4A;MAP2K2;PAPSS1;NF1;MRAS;KSR2;SHOC2"
"Protein Localization R-HSA-9609507",3.6780316622095e-05,0.000320863150922849,0.557332238758646,0.430018126747867,1.83415257592165,160,"PRNP;VAMP2;ATP5F1B;STX1A;SLC25A4;NDUFB8;ATP5F1A;ACO2;APP;SERP1;VDAC1;HSPA9;TOMM20;CHCHD10;TOMM5;TIMM23;CCNI;UBE2D2;TOMM6;CS;SLC25A6;UBE2D3;IDH3G;UBB;ATAD1;PEX26;ACOT8;VAPA;MTX2;GET3;STX5;PMPCB;HSD17B4;GDAP1;TIMM17A;UBL4A;CHCHD4;UBE2D1;TOMM7;ALDH3A2;IDE;PITRM1;ACOX1;SLC25A12;PEX16;GET1;PEX13;FIS1;ACAA1;GRPEL2;CHCHD7;PMPCA;PEX19;TOMM70;MPV17;GSTK1;ABCD2;EMD;OTC;PEX5;COA6;TIMM50;GET4;GNPAT"
"EPH-Ephrin Signaling R-HSA-2682334",3.79063753061823e-05,0.000327679555424553,0.557332238758646,0.506449413207265,1.97850018465413,87,"DNM1;AP2M1;NGEF;EPHB6;GIT1;CLTC;CLTB;AP2A1;EPHA4;GRIN2B;ACTR2;ARPC2;AP2S1;AP2B1;CLTA;WASL;SYNGAP1;GPRIN1;ARHGEF7;MYH10;LIMK1;ROCK2;KALRN;ARPC1A;EPHA5;ACTR3;EPHA7;VAV2;EFNB2;ITSN1;SDCBP;MYL12B;ARPC3;EFNB3"
"Signaling By BRAF And RAF1 Fusions R-HSA-6802952",4.02465244712977e-05,0.000345350691602973,0.557332238758646,0.54244235229261,2.0036503936277,62,"CAMK2A;CALM1;CAMK2G;PEBP1;CNKSR2;YWHAB;MAP2K1;ARRB1;MAPK1;CAMK2B;CAMK2D;TRAK1;MPRIP;MAPK3;FAM131B;BRAF;TENT4A;MAP2K2;PAPSS1"
"PI Metabolism R-HSA-1483255",4.15580537326041e-05,0.000354001815371891,0.557332238758646,0.510621979914517,1.97698258101501,82,"ARF3;PI4KA;CLSTN1;PIK3R1;PIP5K1C;SYNJ1;PIK3R2;PIP4K2B;INPP5F;PTEN;PLEKHA6;RAB14;PIP4P1;INPP4B;PLEKHA5;PLEKHA2;INPP4A;GDPD1;VAC14;OCRL;RUFY1;SACM1L;PLEKHA1;PLEKHA3;SBF1;PIK3R4;PIP4K2C;PIK3C3;INPP5J;MTMR4;PIK3CB;MTMR9;PI4KB;MTMR2;PIK3CA;MTMR3;MTMR12;MTMR6;PNPLA6"
"COPII-mediated Vesicle Transport R-HSA-204005",4.5554799219e-05,0.000383034351241742,0.557332238758646,0.526822731350783,1.96865528946143,66,"NSF;GRIA1;PPP6R1;CNIH2;CD59;TRAPPC6B;NAPG;CSNK1D;TRAPPC3;RAB1A;TRAPPC1;YKT6;MCFD2;SEC16A;STX5;F5;TRAPPC5;CNIH1;TMED2;GOLGA2;TRAPPC2;SEC22B;TFG;TBC1D20;SEC31A;SEC23A"
"Selective Autophagy R-HSA-9663891",4.56227719131124e-05,0.000383034351241742,0.557332238758646,0.537511592320827,1.97905697191443,60,"HSPA8;DYNLL1;DYNC1H1;PARK7;PINK1;VDAC1;TOMM20;MAP1LC3B;TOMM5;VCP;DYNC1I1;TOMM6;DYNLL2;ULK1;MAP1LC3A;UBB;UBE2V1;CSNK2B;HSP90AA1;ATG5;TOMM7;UBE2N;MFN2;ATG12"
"Degradation Of GLI1 By Proteasome R-HSA-5610780",4.61853154711661e-05,0.00038498759396322,0.557332238758646,0.546583792390787,1.99692655403636,58,"SKP1;PRKCA;PRKACB;PSMD2;PSMD7;PSMC5;PSMD8;UBB;PSMA1;PSMF1;PSMC3;PSMC1;PSMD14;PSMB3;PSMB7;BTRC;PSMC4;RBX1;SEM1;SUFU;PSMB1;CUL1;PSMC2;PSMA6;PSMB2;PSME3;PSMB5;PSMA4;PSMD12;PSMD6"
"Formation Of ATP By Chemiosmotic Coupling R-HSA-163210",4.90047978653759e-05,0.000405592901481515,0.557332238758646,0.784392968250913,2.08267674004941,16,"ATP5F1B;ATP5MF;ATP5F1A;ATP5MC3;ATP5F1D;ATP5PD;ATP5PF;ATP5PB;ATP5ME;ATP5PO;ATP5F1C;ATP5MC2"
"Aquaporin-mediated Transport R-HSA-445717",5.13865781147663e-05,0.00041886069656082,0.557332238758646,0.582392138326294,2.07221335971288,49,"PRKAR1B;GNB1;GNAS;ADCY1;GNG2;PRKAR2B;GNG3;AQP4;PRKAR1A;PRKCA;PRKACB;ADCY2;GNB2;RAB11A;GNG7;GNB5"
"Gluconeogenesis R-HSA-70263",5.13802662356586e-05,0.00041886069656082,0.557332238758646,0.659257502462088,2.11388816178572,31,"MDH1;ENO2;TPI1;PGK1;ALDOC;MDH2;ENO1;SLC25A11;PGAM4;GOT2"
"Transcriptional Regulation By TP53 R-HSA-3700989",5.16846103725434e-05,0.00041886069656082,0.557332238758646,0.34496724670559,1.60260104677414,351,"YWHAG;YWHAH;PRDX2;CDK5R1;COX4I1;YWHAB;COX6B1;COX6A1;PRDX5;PLK2;COX6C;CYCS;COX8A;NUAK1;AKT3;COX5B;COX5A;COX7C;SUPT4H1;PPP2R1A;COX7B;COX7A2L;PIP4K2B;RBBP7;PPP2CA;CHD3;YWHAE;POLR2E;PTEN;ZNF385A;SESN3;ERCC3;MNAT1;UBB;ELOB;FASN;POLR2A;MEAF6;RRAGA;YWHAZ;PIP4P1;TNRC6A;GTF2H1;TAF6;PPP2R5C;GSR;ING5;PPP2CB;HIPK1;EHMT2;CSNK2B;YWHAQ;BRPF3;LAMTOR3;CDK13;TAF13;STK11;RRAGD;SUPT5H;CARM1;CNOT6L;CNOT7;UBL4A;PRDX1;SSRP1;TP53BP2;SMYD2;KAT5;COX20;JUN;LAMTOR2;MLST8;LRPPRC;MAPK11;BIRC5;TAF11;AKT2;RHEB;POLR2F;TAF9;TNRC6C;TXN2;COX14;LAMTOR5;TAF15;CDK9;CNOT3;PIP4K2C;POLR2K;BNIP3L;HUS1;RABGGTB;GLS2;USP7;TSC2;GTF2H4;AGO1;CCNK;CREBBP;PRKAG2"
"mRNA Splicing R-HSA-72172",5.22928948374821e-05,0.000420867643278218,0.557332238758646,0.400292364946588,1.74579153422092,188,"SNRPN;HSPA8;SRSF5;PRPF19;NUDT21;NCBP2;SNRPD2;HNRNPD;POLR2E;PCBP2;SNRNP25;PCBP1;SF1;HNRNPC;POLR2A;SRSF9;WDR33;SNU13;HNRNPK;PABPN1;SRRM2;MAGOH;RNPS1;SNRNP200;SNRNP70;HNRNPA0;PQBP1;CHERP;SRSF10;RBMX;CSTF3;HNRNPM;TXNL4A;DHX9;EFTUD2;FIP1L1;CDC5L;SNRPD3;PPIL4;WBP4;HNRNPH2;PAPOLA;RBM5;POLR2F;SRSF6;BUD31;HNRNPU;PPIL1;SRSF1;SF3B5;LSM7;U2SURP;POLR2K;CD2BP2;U2AF1L4;HNRNPA3;DDX5;PPIL3;LSM6;RBM17;FUS;PUF60;CCAR1;CRNKL1;UPF3B;SNRNP27;CPSF4;HNRNPA2B1;PRPF8;PDCD7;RNPC3;CTNNBL1;GPKOW;LSM4;PPIE"
"Extracellular Matrix Organization R-HSA-1474244",6.22673458016356e-05,0.000497712277743211,0.538434096309916,-0.314298089275508,-1.54531995390083,290,"JAM3;CD44;SPARC;COL1A2;COL9A2;ITGB1;FBN3;PSEN1;KLK2;ADAMTS4;COL6A2;SERPINH1;PDGFB;NID1;BGN;HSPG2;CAPN3;TGFB3;FN1;SPOCK3;ADAMTS14;TIMP1;BMP2;PLOD3;CAPN12;ICAM2;ADAMTS1;CTRB1;COL4A1;COLGALT1;COL16A1;CAPN14;COL4A2;DCN;CTSD;MMP11;COL6A3;CAPN13;COL1A1;ITGA2;COL8A1;ITGA10;TGFB1;CAPN5;MFAP4;ADAM15;MMP2;COL5A2;ITGAX;VCAM1;MMP3;AGRN;PECAM1;FBLN1;PCOLCE;BMP4;TLL2;ITGB5;LRP4;LAMA1;FGB;FBLN2;BMP1;MATN1;TNXB;CEACAM1;MMP9;ADAMTS3;COL21A1;LAMA5;CXXC1;MMP14;MMP28;CD151"
"Class I MHC Mediated Antigen Processing And Presentation R-HSA-983169",6.76845902748339e-05,0.000534213165796296,0.538434096309916,0.340566989163486,1.59602605134506,374,"FBXL16;PJA2;FBXW7;SKP1;FBXO41;UBE2V2;UBE2K;TRIM9;UBA1;UBE2W;LNX1;FBXL19;CUL3;FBXO21;FBXO2;PSMD2;NPEPPS;UBE2B;UBE2D2;NDUFA2;PSMD7;RNF115;PSMC5;PSMD8;FBXO44;ASB6;UBE2D3;STUB1;PJA1;UBE2M;S100A1;UBE2L3;UBE2E3;THOP1;ZBTB16;MGRN1;UBB;PSMA1;ELOB;ANAPC5;FBXO11;PSMF1;HUWE1;RNF6;NEDD4L;PSMC3;PSMC1;MIB2;UBE3C;PSMD14;HSPA5;UBE2V1;FBXO9;BTBD1;CANX;UBR2;UBE2Q1;HERC1;UBE2G2;HACE1;LRSAM1;FBXW5;FBXL5;HECW2;UBE2E2;PSMB3;KLHL11;ANAPC13;PSMB7;RCHY1;BTRC;UBR4;UBE2D1;RNF7;HERC4;KLHL3;UBE2N;RNF123;TRIM32;KLHL9;ERAP1;RNF41;UBE4A;PSMC4;RNF19A;FBXO27;HERC2;PIK3R4;KLHL21;PIK3C3;LTN1;UBR1;ANAPC11;UBE2H;RBX1;SEC22B;UBE2G1;CDC16;RLIM;KLHL2;UBE2Z;ATG7;UBE2E1;ZNRF2;BECN1;FBXL3;CDC34;SEM1;UBE2O;KBTBD6;DZIP3;PSMB1;CUL1;SEC31A;TRIM37;PSMC2;PSMA6;SEC61A2;LMO7;SEC23A;UBE2L6;TLR4;RNF220;FZR1;HERC3;TRIP12;UBE2D4"
"RHOBTB2 GTPase Cycle R-HSA-9013418",6.77493989184677e-05,0.000534213165796296,0.538434096309916,0.710229564509376,2.08925263749115,22,"ACTN1;HSP90AB1;CDC37;CUL3;DBN1;RHOBTB2;CCT2;TXNL1;MSI2;HNRNPC;RBMX;HSP90AA1;CCT7;CCT6A"
"RAB Geranylgeranylation R-HSA-8873719",6.91247953137699e-05,0.00054140024249107,0.538434096309916,0.533126204093334,1.96923880329431,62,"RAB6B;RAB3A;RAB12;RAB2A;RAB40C;RAB11A;RAB6A;RAB3C;RAB7A;RAB39A;RAB5B;RAB31;RAB1A;RAB14;RAB40B;RAB18;RAB24;RAB30;RAB26;RAB22A;RAB15;RABGGTB;RAB2B"
"G Alpha (Z) Signaling Events R-HSA-418597",7.34311618729605e-05,0.000571294439371633,0.538434096309916,0.582279875933081,2.05636729927699,47,"RGS4;GNB1;PRKCB;GNAS;ADCY1;GNG2;GNG3;PRKCG;PRKCA;ADCY2;GNB2;GNG7;GNB5;PRKCE"
"mRNA Splicing - Major Pathway R-HSA-72163",7.72396021980717e-05,0.000596944475265892,0.538434096309916,0.405231238458502,1.75738602915126,180,"SNRPN;HSPA8;SRSF5;PRPF19;NUDT21;NCBP2;SNRPD2;HNRNPD;POLR2E;PCBP2;PCBP1;SF1;HNRNPC;POLR2A;SRSF9;WDR33;SNU13;HNRNPK;PABPN1;SRRM2;MAGOH;RNPS1;SNRNP200;SNRNP70;HNRNPA0;PQBP1;CHERP;SRSF10;RBMX;CSTF3;HNRNPM;TXNL4A;DHX9;EFTUD2;FIP1L1;CDC5L;SNRPD3;PPIL4;WBP4;HNRNPH2;PAPOLA;RBM5;POLR2F;SRSF6;BUD31;HNRNPU;PPIL1;SRSF1;SF3B5;LSM7;U2SURP;POLR2K;CD2BP2;U2AF1L4;HNRNPA3;DDX5;PPIL3;LSM6;RBM17;FUS;PUF60;CCAR1;CRNKL1;UPF3B;SNRNP27;CPSF4;HNRNPA2B1;PRPF8"
"Downstream Signaling Events Of B Cell Receptor (BCR) R-HSA-1168372",8.55152738621508e-05,0.000656554767086381,0.538434096309916,0.500178449969767,1.91532126634899,78,"PPP3R1;CALM1;PRKCB;PPIA;PPP3CB;SKP1;PPP3CA;PSMD2;PSMD7;FKBP1A;PSMC5;PSMD8;UBB;PSMA1;PSMF1;PSMC3;PSMC1;PSMD14;PSMB3;PSMB7;BTRC;PSMC4;MAP3K7;SEM1;PSMB1;CUL1;PSMC2;PSMA6;HRAS;PSMB2;PSME3;PSMB5;PSMA4;NFKBIE;PSMD12;PSMD6"
"VEGFR2 Mediated Cell Proliferation R-HSA-5218921",8.71601158832653e-05,0.000664809511344906,0.538434096309916,0.754566531409889,2.10309109718263,18,"CALM1;PRKCB;ITPR1;AHCYL1;PRKCZ;PRKCA;SYNGAP1;PLCG1"
"Signaling By Insulin Receptor R-HSA-74752",9.50699586618665e-05,0.000720432738690898,0.538434096309916,0.497682090501019,1.90140087729925,77,"ATP6V1B2;ATP6V0C;PIK3R1;ATP6V1A;ATP6V1H;ATP6V0A1;ATP6V1G2;MAPK1;GRB2;ATP6AP1;ATP6V1D;ATP6V0E2;ATP6V1F;ATP6V1C1;PIK3R2;FGF13;ATP6V0D1;ATP6V1G1;MAPK3;ATP6V1E1;IRS2;FGFR3"
"Negative Regulation Of NOTCH4 Signaling R-HSA-9604323",9.59818840210033e-05,0.000722650700983941,0.538434096309916,0.548396479650905,1.95918340325965,52,"FBXW7;SKP1;PSMD2;PSMD7;PSMC5;PSMD8;UBB;PSMA1;PSMF1;YWHAZ;PSMC3;PSMC1;PSMD14;PSMB3;PSMB7;PSMC4;RBX1;SEM1;PSMB1;CUL1;PSMC2;PSMA6;AKT1;PSMB2;PSME3;PSMB5;PSMA4;PSMD12;PSMD6"
"Amino Acids Regulate mTORC1 R-HSA-9639288",0.000102927316856038,0.000769975504942285,0.538434096309916,0.552912052865915,1.99524103089576,54,"ATP6V1B2;ATP6V0C;ATP6V1A;ATP6V1H;ATP6V1G2;ATP6V1D;ATP6V0E2;ATP6V1F;ATP6V1C1;ATP6V0D1;ATP6V1G1;RRAGA;FLCN;ATP6V1E1;NPRL3;LAMTOR3;RRAGD;LAMTOR2;MLST8;SEH1L;RHEB;FNIP2;LAMTOR5"
"Glycolysis R-HSA-70171",0.000110763502619502,0.00081977801785866,0.538434096309916,0.513831524425829,1.91886863057638,67,"ENO2;TPI1;PKM;PFKP;PGK1;ALDOC;PFKM;PGM2L1;PPP2R1A;ENO1;PRKCA;PPP2CA;PRKACB;PGAM4;PPP2R5D;PPP2CB;RANBP2"
"Regulation Of RAS By GAPs R-HSA-5658442",0.000110989654517282,0.00081977801785866,0.538434096309916,0.52612725060572,1.95931693607406,64,"SYNGAP1;CUL3;PSMD2;PSMD7;PSMC5;PSMD8;UBB;PSMA1;PSMF1;PSMC3;PSMC1;PSMD14;NF1;PSMB3;PSMB7;SPRED1;PSMC4;RBX1;SEM1;PSMB1;PSMC2;PSMA6;RASA4;HRAS;PSMB2;RASAL2;PSME3;PSMB5;PSMA4;DAB2IP;PSMD12;PSMD6;SPRED2;PSMC6;PSMD5"
"Collagen Biosynthesis And Modifying Enzymes R-HSA-1650814",0.000112759908186785,0.000827615175182255,0.538434096309916,-0.462498592647252,-1.85343283718697,67,"COL1A2;COL9A2;COL6A2;SERPINH1;ADAMTS14;PLOD3;COL4A1;COLGALT1;COL16A1;COL4A2;COL6A3;COL1A1;COL8A1;COL5A2;PCOLCE;TLL2;BMP1;ADAMTS3;COL21A1"
"Cooperation Of Prefoldin And TriC/CCT In Actin And Tubulin Folding R-HSA-389958",0.000115030725860173,0.000839005356742636,0.538434096309916,0.64908194579868,2.07500222093505,30,"TUBA4A;TUBB2A;TUBB4B;TUBA1C;TUBB2B;PFDN5;TUBA8;CCT2;TUBB4A;PFDN6;CCT7;CCT8;TCP1;CCT6A"
"Autodegradation Of Cdh1 By Cdh1:APC/C R-HSA-174084",0.000121196569173007,0.000878486933073906,0.538434096309916,0.523031819414409,1.93195259629024,62,"PSMD2;PSMD7;PSMC5;PSMD8;UBB;PSMA1;ANAPC5;PSMF1;PSMC3;PSMC1;PSMD14;ANAPC16;PSMB3;PSMB7;UBE2D1;PSMC4;ANAPC11;ANAPC15;CDC16;UBE2E1;SEM1;PSMB1;PSMC2;PSMA6;FZR1;PSMB2;PSME3;PSMB5;PSMA4;PSMD12;PSMD6;ANAPC4;PSMC6;PSMD5"
"PCP/CE Pathway R-HSA-4086400",0.000134338395657838,0.000961796979955194,0.518848077743792,0.487552124727275,1.90467585438124,87,"PRKCB;AP2M1;CLTC;CLTB;AP2A1;PRKCG;AP2S1;AP2B1;CLTA;PRKCA;PSMD2;PSMD7;PSMC5;PSMD8;UBB;PSMA1;PSMF1;PSMC3;PSMC1;PSMD14;RORA;PSMB3;PSMB7;PSMC4;FZD7;FZD4;SEM1;PSMB1;PSMC2;PSMA6;PRICKLE1;PSMB2;PSME3;DVL2;PSMB5;PSMA4;PSMD12;SMURF1;PSMD6;DAAM1"
"Regulation Of PTEN Stability And Activity R-HSA-8948751",0.000133923250847737,0.000961796979955194,0.518848077743792,0.508870386669302,1.901570146372,66,"AKT3;PSMD2;PSMD7;PTEN;PSMC5;PSMD8;STUB1;UBB;PSMA1;PSMF1;PSMC3;PSMC1;PSMD14;CSNK2B;PSMB3;PSMB7;AKT2;PSMC4;SEM1;PSMB1;PSMC2;PSMA6;AKT1;PSMB2;PSME3;PSMB5;PSMA4;PSMD12;PSMD6"
"Degradation Of Beta-Catenin By Destruction Complex R-HSA-195253",0.000139742365260346,0.000994386221090387,0.518848077743792,0.482629008790375,1.87088574430493,83,"TLE5;SKP1;PPP2R1A;PPP2CA;PPP2R5B;GSK3B;PSMD2;PSMD7;PSMC5;PSMD8;UBB;PPP2R5D;PSMA1;PSMF1;PSMC3;PSMC1;PSMD14;PPP2R5C;PPP2CB;TLE2;CTNNB1;PSMB3;PSMB7;BTRC;CTBP1;PSMC4;RBX1;SEM1;PSMB1;CUL1;PSMC2;PSMA6;PSMB2;LEF1;PSME3;PSMB5;PSMA4;PSMD12;PSMD6;TLE1;CSNK1A1;PSMC6"
"Fcgamma Receptor (FCGR) Dependent Phagocytosis R-HSA-2029480",0.000141618073732104,0.00100162601239615,0.518848077743792,0.4900748412429,1.89742992397842,82,"PLD3;CYFIP2;HSP90AB1;PIK3R1;MYO5A;MAPK1;GRB2;ITPR1;ABI2;ACTR2;AHCYL1;ARPC2;WASL;PIK3R2;NCKAP1;WASF1;ABI1;MAPK3;PLCG1;PRKCE;BRK1;NCKIPSD;WIPF2;LIMK1;BAIAP2;WIPF3;WASF3;ARPC1A;ACTR3;HSP90AA1;VAV2"
"Circadian Clock R-HSA-400253",0.000158397837687936,0.00111355588302302,0.518848077743792,0.509707593299261,1.8970656012975,65,"MEF2C;SKP1;CRTC1;MEF2D;PPP1CB;PPP1CC;NPAS2;CRY2;NCOA1;UBB;CSNK1D;NR1D1;NR3C1;CSNK1E;HSD17B4;RORA;CARM1;SMARCD3;BTRC;PPP1CA;FBXL3;CREBBP;CUL1;TBL1XR1;CREB1;RBM4;HIF1A;CLOCK;CREM"
"Activation Of BH3-only Proteins R-HSA-114452",0.000161464031972663,0.00112831452282693,0.518848077743792,0.640402491113335,2.04725551211782,30,"PPP3R1;YWHAG;YWHAH;DYNLL1;YWHAB;AKT3;YWHAE;DYNLL2;MAPK8;YWHAZ;YWHAQ;TP53BP2;AKT2"
"Formation Of Tubulin Folding Intermediates By CCT/TriC R-HSA-389960",0.000162736720812358,0.00113043900707156,0.518848077743792,0.664289331909243,1.99285708853132,24,"TUBA4A;TUBB2A;TUBB4B;TUBA1C;TUBB2B;TUBA8;CCT2;TUBB4A;CCT7;CCT8;TCP1;CCT6A"
"Golgi Associated Vesicle Biogenesis R-HSA-432722",0.000170877621498567,0.00117996558750786,0.518848077743792,0.542858619637276,1.95896216452781,54,"VAMP2;HSPA8;CLTC;ARRB1;CLTA;SH3GL2;DNAJC6;TPD52;AP1S1;TFRC;AP1M1;AP3S1;CLINT1;GAK;SNAPIN;TGOLN2;TPD52L1;ACBD3;NECAP1;OCRL;BLOC1S6;AP1G1;BLOC1S1;PUM1"
"Mitotic Metaphase And Anaphase R-HSA-2555396",0.000172993211858658,0.00118754751905326,0.518848077743792,0.361754977105805,1.60542314937027,225,"TUBA4A;TUBB2A;DYNLL1;DYNC1H1;TUBB4B;RANGAP1;PAFAH1B1;PPP2R1A;TUBA1C;SUMO1;PPP2CA;TUBB2B;PPP2R5B;PDS5B;DYNC1I1;PSMD2;DYNLL2;PSMD7;TUBA8;RAN;PSMC5;PSMD8;VPS4A;PPP1CC;UBB;PPP2R5D;PSMA1;ANAPC5;PSMF1;CLIP1;PSMC3;PSMC1;CENPT;TUBB4A;PSMD14;ANAPC16;PPP2R5C;PPP2CB;NUDC;RANBP2;TAOK1;PSMB3;PSMB7;KPNB1;UBE2D1;CENPQ;BANF1;SEH1L;BIRC5;NDEL1;CHMP4B;PSMC4;CHMP7;NUP98;ANAPC11;PPP2R2A;ANAPC15;CDC16;CLASP1;UBE2I;UBE2E1;SEM1;SMC3;PSMB1;PSMC2;PSMA6;TMPO"
"Platelet Calcium Homeostasis R-HSA-418360",0.000223392809014331,0.00152455794222061,0.518848077743792,0.650206400211769,1.97329804187603,26,"CALM1;ATP2B1;ATP2A2;SLC8A1;SLC8A2;ITPR1;SRI;ATP2B4;ATP2B3"
"Post-chaperonin Tubulin Folding Pathway R-HSA-389977",0.000237827743838639,0.00161363358755634,0.518848077743792,0.684298201039726,1.98141877528758,21,"TUBA4A;TUBB2A;TUBB4B;TUBA1C;TUBB2B;TUBA8;TBCA;ARL2;TBCD;TUBB4A"
"PKA-mediated Phosphorylation Of CREB R-HSA-111931",0.000243965832996036,0.00164571171737788,0.518848077743792,0.718635338065051,2.0269136319219,19,"PRKAR1B;CALM1;ADCY1;PRKAR2B;PRKAR1A;PRKCA;PRKACB;ADCY2"
"Uptake And Actions Of Bacterial Toxins R-HSA-5339562",0.000270498319777426,0.00181420424816239,0.49849310876659,0.641918102231276,1.99715736329439,28,"SYT1;SNAP25;CALM1;VAMP2;SV2B;HSP90AB1;STX1A;MAP2K1;SV2A;MAP2K4;VAMP1;FURIN;MAP2K2;HSP90AA1;STX1B"
"Mitotic Anaphase R-HSA-68882",0.000287172854403369,0.00191503269193561,0.49849310876659,0.364169426495832,1.61335732510985,224,"TUBA4A;TUBB2A;DYNLL1;DYNC1H1;TUBB4B;RANGAP1;PAFAH1B1;PPP2R1A;TUBA1C;SUMO1;PPP2CA;TUBB2B;PPP2R5B;PDS5B;DYNC1I1;PSMD2;DYNLL2;PSMD7;TUBA8;RAN;PSMC5;PSMD8;VPS4A;PPP1CC;UBB;PPP2R5D;PSMA1;ANAPC5;PSMF1;CLIP1;PSMC3;PSMC1;CENPT;TUBB4A;PSMD14;ANAPC16;PPP2R5C;PPP2CB;NUDC;RANBP2;TAOK1;PSMB3;PSMB7;KPNB1;UBE2D1;CENPQ;BANF1;SEH1L;BIRC5;NDEL1;CHMP4B;PSMC4;CHMP7;NUP98;ANAPC11;PPP2R2A;ANAPC15;CDC16;CLASP1;UBE2I;UBE2E1;SEM1;SMC3;PSMB1;PSMC2;PSMA6;TMPO"
"Regulation Of Ornithine Decarboxylase (ODC) R-HSA-350562",0.000338826356356485,0.0022339568241131,0.49849310876659,0.541829080747319,1.92769743273835,50,"OAZ1;OAZ2;PSMD2;PSMD7;PSMC5;PSMD8;AZIN1;PSMA1;PSMF1;PSMC3;PSMC1;PSMD14;PSMB3;PSMB7;PSMC4;SEM1;PSMB1;PSMC2;PSMA6;PSMB2;PSME3;PSMB5;PSMA4;PSMD12;PSMD6;PSMC6;PSMD5"
"VEGFA-VEGFR2 Pathway R-HSA-4420097",0.000337662252406485,0.0022339568241131,0.49849310876659,0.449371530095296,1.77648295514496,93,"CALM1;PRKCB;CYFIP2;PIK3R1;PTK2B;ITPR1;ABI2;AHCYL1;PRKCZ;AKT3;PIK3R2;PRKCA;SYNGAP1;PRKACB;NCKAP1;WASF1;ARHGEF7;ABI1;PLCG1;BRK1;ROCK2;BAIAP2;WASF3;CTNNB1;SHC2;HSP90AA1;VAV2;MLST8;MAPK11;AKT2"
"Cellular Response To Hypoxia R-HSA-1234174",0.000349599806784492,0.00229203918268259,0.49849310876659,0.485552128186709,1.84272580452206,72,"PSMD2;HIGD1A;UBE2D2;PSMD7;PSMC5;PSMD8;UBE2D3;UBB;PSMA1;ELOB;PSMF1;PSMC3;PSMC1;PSMD14;MIA3;PSMB3;PSMB7;UBE2D1;PSMC4;RBX1;SEM1;PSMB1;CREBBP;EGLN1;PSMC2;PSMA6;HIF1A;PSMB2;PSME3;PSMB5;PSMA4;CUL2;PSMD12;PSMD6;PSMC6;EP300;PSMD5;ELOC"
"TBC/RABGAPs R-HSA-8854214",0.000357391022472295,0.00233002973868809,0.49849310876659,0.568473211654482,1.97333253632387,43,"RAB6B;OPTN;MAP1LC3B;GABARAPL2;RAB11A;RAB6A;GGA2;ULK1;RAB7A;RABGAP1;RAB5B;TBC1D24;GGA3;TBC1D14"
"RET Signaling R-HSA-8853659",0.000361429296385571,0.00234326660489978,0.49849310876659,0.573914983448287,1.96301891895287,40,"CLSTN1;RAP1GAP;PIK3R1;SHC3;GRB2;PIK3R2;PRKCA;PRKACB;SHANK3;DOK6;PLCG1;IRS2;GFRA2;DOK5"
"MAP Kinase Activation R-HSA-450294",0.000394447606484548,0.00254320639098048,0.49849310876659,0.50129300706369,1.85379545725038,61,"MEF2C;MAPK10;MAP2K1;MAPK1;SKP1;PPP2R1A;PPP2CA;MAPK9;DUSP3;MAP2K4;MAPK3;UBB;PPP2R5D;MAPK8;UBE2V1;PPP2CB;RPS6KA5;MEF2A;BTRC;JUN;UBE2N;MAPK11"
"MTOR Signaling R-HSA-165159",0.000421001410959699,0.00269949805818664,0.49849310876659,0.573780179287149,1.97033322938598,41,"YWHAB;CAB39L;FKBP1A;CAB39;RRAGA;LAMTOR3;STK11;RRAGD;LAMTOR2;MLST8;AKT2;RHEB;LAMTOR5;EEF2K;EIF4E;TSC2;PRKAG2;EIF4B;RPTOR;AKT1"
"Neutrophil Degranulation R-HSA-6798695",0.000446903162933075,0.0028499234488683,0.49849310876659,0.307293750946429,1.46748685226701,458,"SNAP25;RAB3A;PTPRN2;KCNAB2;ATP6V0C;SPTAN1;PKM;TOLLIP;SIRPA;PDXK;HSPA8;PPIA;ALDOC;CTSB;HSP90AB1;DYNLL1;ITM2C;ATP6V0A1;DYNC1H1;PRDX5;MAPK1;TUBB4B;SYNGR1;ATP6AP2;ACTR2;SRP14;ATP6V1D;CST3;CYSTM1;YPEL5;SCAMP1;ACTR1B;PAFAH1B2;DPP7;VCP;PSMD2;CTSA;ORMDL3;TRPM2;CD59;RAB6A;NDUFA2;PSMD7;PGAM4;NME2;ACTR10;RAB7A;CCT2;RAB5B;TIMP2;CD47;AP1M1;CAB39;XRCC6;RAB31;EGFL7;CAND1;DNAJC5;RAB14;TRAPPC1;HMOX2;HUWE1;SLC2A3;PSMC3;VAPA;PSMD14;PYGB;CD63;CSNK2B;CAPN1;LAMTOR3;CDK13;CSTB;GYG1;DDX3X;HSP90AA1;ATP8A1;PSMB7;KPNB1;DIAPH1;PRCP;UBR4;XRCC5;CCT8;RAB18;MGST1;LAMTOR2;OSTF1;PRKCSH;RAB24;ARSB;PTGES2;KCMF1;SDCBP;GLIPR1;PRSS3;PDAP1;GSTP1"
"Regulation Of PLK1 Activity At G2/M Transition R-HSA-2565942",0.000450099430758264,0.00285470671573312,0.49849310876659,0.46181981971364,1.79352590721087,85,"YWHAG;TUBA4A;DYNLL1;DYNC1H1;SKP1;TUBB4B;DCTN3;OPTN;PRKAR2B;DCTN1;PAFAH1B1;PPP2R1A;PRKCA;PPP1CB;YWHAE;UBB;CSNK1D;TUBB4A;CSNK1E;DCTN2;CEP70;HSP90AA1;HAUS3;BTRC;CETN2;PPP1R12A;SFI1;CEP57;ALMS1;CLASP1;CUL1;CEP164;PCNT;PPP1R12B;CEP76;CEP43"
"GSK3B And BTRC:CUL1-mediated-degradation Of NFE2L2 R-HSA-9762114",0.00046340486121685,0.00292320796237873,0.49849310876659,0.53298508022126,1.89623260791628,50,"SKP1;GSK3B;PSMD2;PSMD7;PSMC5;PSMD8;UBB;PSMA1;PSMF1;PSMC3;PSMC1;PSMD14;PSMB3;PSMB7;BTRC;PSMC4;RBX1;SEM1;PSMB1;CUL1;PSMC2;PSMA6;PSMB2;PSME3;PSMB5;PSMA4;PSMD12;PSMD6;PSMC6;PSMD5"
"Receptor-type Tyrosine-Protein Phosphatases R-HSA-388844",0.000473626587329661,0.00297162487856836,0.49849310876659,0.687381976031901,1.95359364688625,20,"PTPRS;LRRC4B;PPFIBP1;PPFIA2;SLITRK5;PPFIA4;SLITRK4;SLITRK1;NTRK3;SLITRK2;SLITRK3"
"Mitophagy R-HSA-5205647",0.000490628593324884,0.00306183726422535,0.477270815362862,0.636862866034741,1.96385956206918,27,"PINK1;VDAC1;TOMM20;MAP1LC3B;TOMM5;TOMM6;ULK1;MAP1LC3A;UBB;CSNK2B;ATG5;TOMM7;MFN2;ATG12"
"Centrosome Maturation R-HSA-380287",0.000493450746738089,0.00306306926299654,0.477270815362862,0.47555959220785,1.82617418000782,79,"YWHAG;TUBA4A;DYNLL1;DYNC1H1;TUBB4B;DCTN3;PRKAR2B;DCTN1;PAFAH1B1;PPP2R1A;PRKCA;YWHAE;CSNK1D;TUBB4A;CSNK1E;TUBG2;MZT1;DCTN2;CEP70;CDK11A;TUBGCP2;HSP90AA1;HAUS3;CETN2;TUBGCP3;SFI1;CEP57;ALMS1;CLASP1"
"Interleukin-10 Signaling R-HSA-6783783",0.000533906334807981,0.00329665974984611,0.477270815362862,-0.5159540226776,-1.85914988355361,43,"CCL3;CCL5;CCR1;TIMP1;TNF;PTGS2;CD80;IL18;CCL2;IL1R2;PTAFR;TNFRSF1B;CCR2;FPR1;CCL19;IL12B;CXCL2;IL10;IL1R1;IL12A;IL1RN;IL10RA;IL10RB;FCER2;IL1A;CCR5"
"APC/C:Cdc20 Mediated Degradation Of Securin R-HSA-174154",0.000548780714238597,0.00335302143202326,0.477270815362862,0.475372455784197,1.77639354540436,66,"PSMD2;PSMD7;PSMC5;PSMD8;UBB;PSMA1;ANAPC5;PSMF1;PSMC3;PSMC1;PSMD14;ANAPC16;PSMB3;PSMB7;UBE2D1;PSMC4;ANAPC11;ANAPC15;CDC16;UBE2E1;SEM1;PSMB1;PSMC2;PSMA6;PSMB2;PSME3;PSMB5;PSMA4;PSMD12;PSMD6;ANAPC4;PSMC6;PSMD5"
"Negative Regulation Of MAPK Pathway R-HSA-5675221",0.000547866981789256,0.00335302143202326,0.477270815362862,0.563490883506623,1.92736432552233,40,"PEBP1;YWHAB;MAP2K1;MAPK1;PPP2R1A;PPP2CA;PPP2R5B;MAPK3;UBB;PPP2R5D;PPP5C;BRAF;MAP2K2;PPP2R5C;PPP2CB"
"Insulin Processing R-HSA-264876",0.000552508096946219,0.00335821327675124,0.477270815362862,0.634293051043539,1.95593516262249,27,"VAMP2;CPE;KIF5A;STX1A;MYO5A;PCSK2;KIF5C;EXOC7;ERO1A;EXOC4;CLTRN;PCSK1;MYRIP;INS;EXOC3;EXOC6;EXOC1"
"MAPK Targets/ Nuclear Events Mediated By MAP Kinases R-HSA-450282",0.000558464324005772,0.00337682832183801,0.477270815362862,0.612268261401888,1.95731526726366,30,"MEF2C;MAPK10;MAPK1;PPP2R1A;PPP2CA;MAPK9;DUSP3;MAPK3;PPP2R5D;MAPK8;PPP2CB;RPS6KA5;MEF2A;JUN;MAPK11"
"Signaling By ALK Fusions And Activated Point Mutants R-HSA-9725370",0.000597242858680891,0.00357426880041333,0.477270815362862,0.503602298879977,1.82580235793536,55,"KLC1;PIK3R1;CLTC;MAPK1;SKP1;GRB2;DCTN1;PRKAR1A;TPM3;PPFIBP1;MAPK3;PLCG1;BCL11A;RANBP2;EEF1G;RBX1;ATIC;GCC2;TFG;MYH9;CUL1;PIK3CA;SEC31A;MECP2;LMO7"
"Synaptic Adhesion-Like Molecules R-HSA-8849932",0.000596364098489198,0.00357426880041333,0.477270815362862,0.661265385899869,1.91472613705399,21,"RTN3;GRIA1;GRIN2B;PTPRS;FLOT1;GPRIN1;GRIA4;GRIA3;GRIN2A;LRFN3"
"COPI-dependent Golgi-to-ER Retrograde Traffic R-HSA-6811434",0.000624489363307368,0.0037182606478556,0.477270815362862,0.463468732323898,1.7747496305797,78,"ARF3;KLC1;NSF;KIF5A;KIFC2;KIF3C;ARF5;KIF1B;KIF1A;KIF3A;KIF21A;KIF5C;KIFAP3;NAPG;RAB1A;KIF3B;TMED7;COPA;TMED9;COPE;TMED2;ARFGAP2;PTGES2;COPG2;COPB1"
"CLEC7A (Dectin-1) Signaling R-HSA-5607764",0.000651114835117161,0.00383763137667539,0.477270815362862,0.437227911354032,1.73845135235503,98,"PPP3R1;CALM1;PPP3CB;SKP1;ITPR1;AHCYL1;PPP3CA;PSMD2;UBE2D2;PSMD7;PSMC5;PSMD8;UBE2M;UBB;PSMA1;PSMF1;PSMC3;PSMC1;PSMD14;UBE2V1;PSMB3;PSMB7;BTRC;UBE2D1;UBE2N;PSMC4;MAP3K7;CDC34;SEM1;PSMB1;CUL1;PSMC2;PSMA6;TAB3;TAB2;PSMB2;PSME3;PSMB5;PSMA4"
"Cytoprotection By HMOX1 R-HSA-9707564",0.000649932123867419,0.00383763137667539,0.477270815362862,0.508090330950358,1.84747846974347,57,"COX4I1;COX6B1;COX6A1;COX6C;CYCS;COX8A;COX5B;COX5A;COX7C;COX7B;COX7A2L;NCOA1;SIN3B;HMOX2;FABP1;CARM1;SMARCD3;COX20;LRPPRC"
"Regulation Of Actin Dynamics For Phagocytic Cup Formation R-HSA-2029482",0.000657906651716407,0.0038581761937339,0.477270815362862,0.508003717293031,1.84716353191184,57,"CYFIP2;HSP90AB1;MYO5A;MAPK1;GRB2;ABI2;ACTR2;ARPC2;WASL;NCKAP1;WASF1;ABI1;MAPK3;BRK1;NCKIPSD;WIPF2;LIMK1;BAIAP2;WIPF3;WASF3;ARPC1A;ACTR3;HSP90AA1;VAV2"
"Formation Of Cornified Envelope R-HSA-6809371",0.000694617717830355,0.00405309438354012,0.477270815362862,-0.438511824145922,-1.76903779495239,70,"LCE1D;LCE5A;PCSK6;PKP4;PI3;KLK14;SPINK6;FLG;LCE3D;LCE3A;LCE2A;LCE4A;LORICRIN;ST14;SPRR2A;SPINK5;TGM1;LIPN;CELA2A;JUP;LCE3E"
"Intrinsic Pathway For Apoptosis R-HSA-109606",0.00070947486427529,0.00411918988362817,0.477270815362862,0.500219602621863,1.81353844488734,55,"PPP3R1;YWHAG;YWHAH;DYNLL1;YWHAB;MAPK1;CYCS;AKT3;YWHAE;DYNLL2;MAPK3;MAPK8;YWHAZ;NMT1;YWHAQ"
"Transport Of Bile Salts And Organic Acids, Metal Ions And Amine Compounds R-HSA-425366",0.000724138970838145,0.00418351573746592,0.477270815362862,-0.405209621153783,-1.69098081600612,86,"SLC6A20;SLC44A1;SLC6A3;SLC16A3;SLC5A11;SLC6A2;SLC6A5;SLC11A1;SLC6A9;SLC39A4;SLC13A2;SLC22A1;SLC10A6;SLC47A2;SLC6A19;SLC44A2;SLC22A8;SLC22A7;SLC6A6;SLC22A2;SLC39A2;SLC13A1;SLC6A18;SLC44A4;SLC22A11;SLC13A4;SLC47A1;SLC11A2;SLC31A1;SLC14A2;SLC30A2;SLC30A3;SLC44A5;SLC18A1;SLC16A1;SLC22A18;SLC16A8;SLC13A5;SLC30A6;RUNX1;SLC30A5;RHBG;SLC39A7;SLC39A5;RSC1A1;SLC39A1"
"Reproduction R-HSA-1474165",0.00073008296865198,0.00419707795279242,0.477270815362862,-0.380356532159808,-1.65234617657535,110,"H2AC19;LMNA;HSPA2;SUN2;H2AJ;H2BC17;CD9;FKBP6;BLM;IZUMO2;CATSPERG;RAD51;TINF2;HVCN1;H3-4;PRDM9;H2AB1;H2AC6;IZUMO3;POT1;ADAM21;H2BC4;SMC1A;CATSPER1;ZP2;ARTN;ATM;H2AX;IZUMO4;H2BC21;ACR;CDK4;SYCP1;SYCE3;MRE11;KCNU1;SERPINA2;CATSPERD;H3-3B;MND1;CDK2"
"Response Of Mtb To Phagocytosis R-HSA-9637690",0.000751142923716137,0.00429697937243496,0.477270815362862,0.65683519081478,1.90189829137729,21,"PGK1;ATP6V1H;MAPK1;GSK3A;ENO1;RAB7A;MAPK3;UBB;KPNB1;KPNA1;HGS"
"Anchoring Of Basal Body To Plasma Membrane R-HSA-5620912",0.000785196614073944,0.00444665982845376,0.477270815362862,0.430011323117488,1.69968079239964,96,"YWHAG;TUBA4A;DYNLL1;DYNC1H1;TUBB4B;DCTN3;PRKAR2B;DCTN1;PAFAH1B1;PPP2R1A;MARK4;PRKCA;YWHAE;RAB11A;TTBK2;CSNK1D;AHI1;TUBB4A;CSNK1E;DCTN2;CEP70;HSP90AA1;HAUS3"
"Cellular Response To Heat Stress R-HSA-3371556",0.000785196614073944,0.00444665982845376,0.477270815362862,0.428966845122151,1.69555234486508,96,"CAMK2A;CAMK2G;HSPA8;HSP90AB1;MAPK1;CAMK2B;HSPA12A;CAMK2D;HSPA9;HSPH1;HSPA13;DNAJB6;YWHAE;GSK3B;VCP;HSPA4;MAPK3;UBB;BAG5;PTGES3;HSPA5;TNFRSF21;HSPA4L;RANBP2"
"Recruitment Of NuMA To Mitotic Centrosomes R-HSA-380320",0.000788739146949381,0.00444665982845376,0.477270815362862,0.467670455679801,1.7958794752723,79,"YWHAG;TUBA4A;DYNLL1;DYNC1H1;TUBB4B;DCTN3;PRKAR2B;DCTN1;PAFAH1B1;PPP2R1A;PRKCA;YWHAE;CSNK1D;TUBB4A;CSNK1E;TUBG2;MZT1;DCTN2;CEP70;TUBGCP2;HSP90AA1;HAUS3;CETN2;TUBGCP3;SFI1;CEP57;ALMS1;CLASP1"
"Degradation Of DVL R-HSA-4641258",0.000811377769372966,0.00455229738874159,0.477270815362862,0.513047233954694,1.85138465813518,54,"HECW1;CUL3;PSMD2;PSMD7;PSMC5;PSMD8;UBB;PSMA1;PSMF1;PSMC3;PSMC1;PSMD14;PSMB3;PSMB7;PSMC4;RBX1;SEM1;PSMB1;PSMC2;PSMA6;KLHL12;PSMB2;PSME3;DVL2;PSMB5;PSMA4;PSMD12;PSMD6;PSMC6;PSMD5"
"PINK1-PRKN Mediated Mitophagy R-HSA-5205685",0.000823980173063024,0.00460088450700741,0.477270815362862,0.653856321828799,1.89327283111891,21,"PINK1;VDAC1;TOMM20;MAP1LC3B;TOMM5;TOMM6;MAP1LC3A;UBB;ATG5;TOMM7;MFN2;ATG12"
"Signaling By VEGF R-HSA-194138",0.000828795001514339,0.00460573222270111,0.477270815362862,0.429801427136566,1.71619918293096,102,"CALM1;PRKCB;CYFIP2;PIK3R1;PTK2B;ITPR1;ABI2;AHCYL1;PRKCZ;AKT3;PIK3R2;PRKCA;SYNGAP1;PRKACB;NCKAP1;WASF1;ARHGEF7;ABI1;PLCG1;BRK1;AAMP;ROCK2;BAIAP2;WASF3;CTNNB1;SHC2;HSP90AA1;VAV2;MLST8;MAPK11;AKT2"
"AUF1 (hnRNP D0) Binds And Destabilizes mRNA R-HSA-450408",0.000941365580395139,0.00520651010578733,0.477270815362862,0.512536514577429,1.83968129957401,53,"HSPA8;PSMD2;HNRNPD;PSMD7;PSMC5;PSMD8;UBB;PSMA1;PSMF1;PSMC3;PSMC1;PSMD14;PSMB3;PSMB7;PSMC4;SEM1;PSMB1;PSMC2;PSMA6;PSMB2;PSME3;PSMB5;PSMA4;PSMD12;PSMD6;EIF4G1;PSMC6;PSMD5"
"Activation Of Kainate Receptors Upon Glutamate Binding R-HSA-451326",0.000967355572448009,0.00532501864644729,0.477270815362862,0.611312586494642,1.92555097822117,29,"CALM1;GNB1;PLCB1;GNG2;GNG3;GNB2;GNG7;GNB5;GRIK5"
"Cdc20:Phospho-APC/C Mediated Degradation Of Cyclin A R-HSA-174184",0.00103862951582406,0.00562673593766182,0.45505986738723,0.45702240877485,1.72752774982677,71,"PSMD2;PSMD7;PSMC5;PSMD8;UBB;PSMA1;ANAPC5;PSMF1;PSMC3;PSMC1;PSMD14;ANAPC16;PSMB3;PSMB7;UBE2D1;PSMC4;ANAPC11;ANAPC15;CDC16;UBE2E1;SEM1;PSMB1;PSMC2;PSMA6;PSMB2;PSME3;PSMB5;PSMA4;BUB1B;PSMD12;PSMD6;ANAPC4;PSMC6;PSMD5"
"Signaling To ERKs R-HSA-187687",0.00103290185393229,0.00562673593766182,0.45505986738723,0.562706536387773,1.83177742153757,33,"SHC3;YWHAB;MAP2K1;MAPK1;GRB2;MAPK3;RAPGEF1;KIDINS220;BRAF;MAP2K2;RIT2;SHC2;MAPK11"
"Synthesis Of PIPs At Early Endosome Membrane R-HSA-1660516",0.00103664147456012,0.00562673593766182,0.45505986738723,0.71224255148999,1.89110695187561,16,"INPP5F;INPP4B;INPP4A;VAC14;PIK3R4;PIK3C3;MTMR4;MTMR2;MTMR12"
"Vif-mediated Degradation Of APOBEC3G R-HSA-180585",0.00104145241005566,0.00562673593766182,0.45505986738723,0.502956442352225,1.79684580587802,52,"PSMD2;PSMD7;PSMC5;PSMD8;UBB;PSMA1;ELOB;PSMF1;PSMC3;PSMC1;PSMD14;PSMB3;PSMB7;PSMC4;RBX1;SEM1;PSMB1;PSMC2;PSMA6;PSMB2;PSME3;PSMB5;PSMA4;PSMD12;PSMD6;PSMC6;PSMD5;ELOC"
"Regulation Of Cholesterol Biosynthesis By SREBP (SREBF) R-HSA-1655829",0.00105537372027754,0.00567567341734512,0.45505986738723,0.490920386490695,1.77982428040279,55,"SREBF2;HMGCS1;ACACA;RAN;SC5D;MVD;NCOA1;FASN;HMGCR;IDI1;CARM1;CYP51A1;KPNB1;SMARCD3;NFYA;LMBR1;NFYC;GGPS1;CREBBP;TBL1XR1;SEC23A;ELOVL6;SEC24D;NCOA6;TBL1X"
"CDK-mediated Phosphorylation And Removal Of Cdc6 R-HSA-69017",0.00110110232788119,0.00589443310384102,0.45505986738723,0.455655583742839,1.72236120191441,71,"PSMD2;PSMD7;PSMC5;PSMD8;UBB;PSMA1;ANAPC5;PSMF1;PSMC3;PSMC1;PSMD14;ANAPC16;PSMB3;PSMB7;UBE2D1;PSMC4;ANAPC11;ANAPC15;CDC16;UBE2E1;SEM1;PSMB1;PSMC2;PSMA6;FZR1;PSMB2;PSME3;PSMB5;PSMA4;PSMD12;PSMD6;ANAPC4;PSMC6;PSMD5"
"Hh Mutants Are Degraded By ERAD R-HSA-5362768",0.00119265618628321,0.00635538707485165,0.45505986738723,0.504627748816533,1.82100206452087,54,"VCP;PSMD2;PSMD7;PSMC5;PSMD8;OS9;UBB;PSMA1;PSMF1;PSMC3;PSMC1;PSMD14;PSMB3;PSMB7;PSMC4;SEM1;PSMB1;PSMC2;PSMA6;PSMB2;PSME3;PSMB5;PSMA4;PSMD12;SEL1L;PSMD6;PSMC6;PSMD5"
"Mitotic Prometaphase R-HSA-68877",0.00120966915981505,0.00641674504320076,0.45505986738723,0.36087641813474,1.56676190950134,183,"YWHAG;TUBA4A;DYNLL1;DYNC1H1;TUBB4B;DCTN3;RANGAP1;PRKAR2B;DCTN1;PAFAH1B1;PPP2R1A;PRKCA;PPP2CA;YWHAE;PPP2R5B;PDS5B;DYNC1I1;DYNLL2;PPP1CC;PPP2R5D;CSNK1D;CLIP1;CENPT;TUBB4A;PPP2R5C;PPP2CB;NUDC;CSNK1E;TUBG2;CSNK2B;MZT1;DCTN2;CEP70;RANBP2;TAOK1;TUBGCP2;HSP90AA1;HAUS3;CENPQ;SEH1L;BIRC5;NDEL1;CETN2;TUBGCP3"
"KEAP1-NFE2L2 Pathway R-HSA-9755511",0.00121993851305108,0.00644193775896202,0.45505986738723,0.424187362352181,1.68660114000808,98,"SKP1;FBXL17;AKT3;MAP1LC3B;CUL3;GSK3B;VCP;PSMD2;PSMD7;PSMC5;PSMD8;UBB;PSMA1;PSMF1;PSMC3;PSMC1;PSMD14;GSR;CSNK2B;UBL4A;PRDX1;PSMB3;PSMB7;BTRC;TKT;AKT2;PSMC4;RBX1;SEM1;SRXN1;PSMB1;CREBBP;CUL1;PSMC2;PSMA6;TXNRD1;ATF4;GCLM;AKT1;PSMB2;PSME3;SQSTM1;PSMB5;PSMA4;MAFG;PSMD12;PSMD6"
"Vpu Mediated Degradation Of CD4 R-HSA-180534",0.00125533982966694,0.00659901613162754,0.45505986738723,0.511592342859714,1.82012239833835,50,"SKP1;PSMD2;PSMD7;PSMC5;PSMD8;UBB;PSMA1;PSMF1;PSMC3;PSMC1;PSMD14;PSMB3;PSMB7;BTRC;PSMC4;SEM1;PSMB1;PSMC2;PSMA6;PSMB2;PSME3;PSMB5;PSMA4;PSMD12;PSMD6;PSMC6;PSMD5"
"Interleukin-4 And Interleukin-13 Signaling R-HSA-6785807",0.0012865332399089,0.00673266498194476,0.45505986738723,-0.379418578033715,-1.62794413134688,106,"COL1A2;ALOX15;GATA3;ITGB1;HMOX1;JAK3;FN1;TWIST1;TIMP1;CD36;TNF;SOCS1;PTGS2;BATF;IL18;FOXO1;ANXA1;CCL2;MYC;TGFB1;MMP2;ITGAX;VCAM1;MMP3;IRF4;IL13;TNFRSF1B;RHOU;IL12B;IL17F;SAA2"
"Eicosanoid Ligand-Binding Receptors R-HSA-391903",0.00132883004306492,0.00692296723328909,0.45505986738723,-0.670957212073255,-1.83464513387879,15,"TBXA2R;OXER1;PTGER3;PTGFR;PTGER1;LTB4R;LTB4R2;PTGDR;PTGER4;PTGIR;CYSLTR1;GPR17"
"RHOU GTPase Cycle R-HSA-9013420",0.00136671492562805,0.00708869474759081,0.45505986738723,0.543104309844988,1.81548994442062,38,"SPTAN1;PIK3R1;GIT1;CLTC;PTK2B;GRB2;PIK3R2;ARHGEF7;SPTBN1;TXNL1"
"RHOD GTPase Cycle R-HSA-9013405",0.00138492158226176,0.00712364503454372,0.45505986738723,0.508676228815198,1.8097475665751,50,"ACTN1;PIK3R1;ARHGAP26;ARHGAP32;EFHD2;PIK3R2;PGRMC2;DBN1;AKAP12;ARHGAP35;CAPZB;PLXNA1;RAB7A;VAPB"
"Synthesis Of Active Ubiquitin: Roles Of E1 And E2 Enzymes R-HSA-8866652",0.00138566188761048,0.00712364503454372,0.45505986738723,0.600178816137916,1.89048112545629,29,"UBE2K;UBA1;UBE2W;UBE2B;UBE2D2;USP5;UBE2L3;UBE2E3;UBB;UBE2G2;UBE2D1;UBE2H;UBE2G1;UBE2Z;USP7;UBE2E1;CDC34"
"Loss Of Nlp From Mitotic Centrosomes R-HSA-380259",0.00144296556859257,0.0073857053445067,0.45505986738723,0.471022544449805,1.76425429413166,68,"YWHAG;TUBA4A;DYNLL1;DYNC1H1;TUBB4B;DCTN3;PRKAR2B;DCTN1;PAFAH1B1;PPP2R1A;PRKCA;YWHAE;CSNK1D;TUBB4A;CSNK1E;DCTN2;CEP70;HSP90AA1;HAUS3;CETN2;SFI1;CEP57;ALMS1;CLASP1;CEP164;PCNT;CEP76;CEP43;ODF2;HAUS8"
"Cooperation Of PDCL (PhLP1) And TRiC/CCT In G-protein Beta Folding R-HSA-6814122",0.00148555823468063,0.00757050855839432,0.45505986738723,0.551792355996881,1.83893446972065,37,"GNB1;GNG2;GNG3;GNAQ;GNB2;GNG7;CCT2;GNB5;RGS7;CSNK2B;CCT7;CCT8;TCP1;CCT6A;RGS11;GNG10"
"Platelet Activation, Signaling And Aggregation R-HSA-76002",0.0015011318038543,0.00761661223955637,0.45505986738723,0.323677596457118,1.45372472659589,253,"TUBA4A;CALM1;GNB1;PRKCB;APLP2;PPIA;DGKZ;ACTN1;PIK3R1;CLU;SCG3;ARRB1;MAPK1;SOD1;GRB2;GNG2;ITPR1;APP;GNG3;PRKCZ;PRKCG;HABP4;GNAQ;PIK3R2;PRKCA;GNB2;MGLL;RAPGEF4;GNG7;DGKG;MAPK3;DGKB;GNB5;PRKCE;AAMP;YWHAZ;DGKI;HSPA5;TMSB4X;CYRIB;CD63;FAM3C;TGFB2;APOOL;F5;GP6;BRPF3;PCDH7"
"Mitochondrial Calcium Ion Transport R-HSA-8949215",0.00158290125859007,0.00796480957706656,0.45505986738723,0.634840416535234,1.83821135102075,21,"VDAC1;MICU3;SPG7;VDAC2;SMDT1;PMPCB;AFG3L2;MCUB;MAIP1;MICU1;PMPCA;PARL;LETM1;AKAP1"
"Thrombin Signaling Thru Proteinase Activated Receptors (PARs) R-HSA-456926",0.00158340687393268,0.00796480957706656,0.45505986738723,0.575617072766819,1.85522220463112,32,"GNB1;ARRB1;MAPK1;GNG2;GNG3;GNAQ;GNB2;GNG7;MAPK3;GNB5"
"SCF-beta-TrCP Mediated Degradation Of Emi1 R-HSA-174113",0.00176041243096351,0.00881717299113481,0.45505986738723,0.495407616342413,1.77819940927153,53,"SKP1;PSMD2;PSMD7;PSMC5;PSMD8;UBB;PSMA1;PSMF1;PSMC3;PSMC1;PSMD14;PSMB3;PSMB7;BTRC;PSMC4;SEM1;PSMB1;CUL1;PSMC2;PSMA6;FZR1;PSMB2;PSME3;PSMB5;PSMA4;PSMD12;PSMD6;PSMC6;PSMD5"
"AURKA Activation By TPX2 R-HSA-8854518",0.00177361096356189,0.00884531621571251,0.45505986738723,0.445476477297189,1.68388455719049,71,"YWHAG;TUBA4A;DYNLL1;DYNC1H1;TUBB4B;DCTN3;PRKAR2B;DCTN1;PAFAH1B1;PPP2R1A;PRKCA;YWHAE;CSNK1D;TUBB4A;CSNK1E;DCTN2;CEP70;HSP90AA1;HAUS3"
"Spry Regulation Of FGF Signaling R-HSA-1295596",0.0017941492093557,0.00890966862688552,0.45505986738723,0.714035908212851,1.86661174069183,15,"MAPK1;GRB2;PPP2R1A;PPP2CA;MAPK3;UBB;BRAF;PPP2CB"
"Cargo Trafficking To Periciliary Membrane R-HSA-5620920",0.00183941631733362,0.00907342857278355,0.45505986738723,0.502943107193219,1.78935050000012,50,"PKD1;RAB11A;PDE6D;BBS7;CCT2;EXOC7;MKKS;BBS5;CCT8;TCP1;TTC8;ARL6;EXOC4;PTGES2;BBS12;UNC119B;BBS2;LZTFL1;RAB11FIP3;BBS1;ASAP1;EXOC3;ARF4;CCT4;EXOC6;EXOC1;ARL3"
"Regulation Of MECP2 Expression And Activity R-HSA-9022692",0.00184267572557815,0.00907342857278355,0.45505986738723,0.582883706914542,1.86899802147536,31,"CAMK2A;CALM1;CAMK2G;CAMK2B;CAMK2D;PRKCA;FOXG1;TNRC6A;TNRC6C;GPS2;AGO1;TBL1XR1;CREB1;MECP2"
"Synthesis Of PIPs At Plasma Membrane R-HSA-1660499",0.00193708195529899,0.00949821278081479,0.45505986738723,0.493926940461356,1.76125068251961,51,"CLSTN1;PIK3R1;PIP5K1C;SYNJ1;PIK3R2;PIP4K2B;PTEN;PLEKHA6;RAB14;INPP4B;PLEKHA5;PLEKHA2;INPP4A;OCRL;RUFY1;PLEKHA1;PLEKHA3;PIP4K2C;INPP5J;PIK3CB;MTMR9;MTMR2;PIK3CA;MTMR3;MTMR6"
"G Alpha (12/13) Signaling Events R-HSA-416482",0.0019586176931037,0.00956362697846031,0.431707695803346,0.437938392313063,1.67698691576696,78,"GNB1;ABR;NGEF;PLEKHG5;GNG2;GNG3;ARHGEF11;TRIO;ARHGEF9;RASGRF2;GNB2;ARHGEF7;ARHGEF17;GNG7;GNB5;TIAM2;ARHGEF12;ARHGEF3;MCF2L;ADRA1B;ROCK2"
"Oxygen-dependent Proline Hydroxylation Of Hypoxia-inducible Factor Alpha R-HSA-1234176",0.00202088685462701,0.00982656233062384,0.431707695803346,0.47469481974597,1.75880021612531,63,"PSMD2;UBE2D2;PSMD7;PSMC5;PSMD8;UBE2D3;UBB;PSMA1;ELOB;PSMF1;PSMC3;PSMC1;PSMD14;PSMB3;PSMB7;UBE2D1;PSMC4;RBX1;SEM1;PSMB1;EGLN1;PSMC2;PSMA6;HIF1A;PSMB2;PSME3;PSMB5;PSMA4;CUL2;PSMD12;PSMD6;PSMC6;PSMD5;ELOC"
"Metabolism Of Polyamines R-HSA-351202",0.00212002141796254,0.0102658298537854,0.431707695803346,0.471414731247597,1.72229877266318,58,"OAZ1;OAZ2;PSMD2;PSMD7;PSMC5;PSMD8;AZIN1;PSMA1;PSMF1;PSMC3;PSMC1;PSMD14;PSMB3;PSMB7;PSMC4;SEM1;PSMB1;PSMC2;PSMA6;PSMB2;PSME3;PSMB5;PSMA4;PSMD12;PSMD6;PSMC6;SMOX;PSMD5"
"Pyruvate Metabolism And Citric Acid (TCA) Cycle R-HSA-71406",0.00226263483642263,0.0109111357607653,0.431707695803346,0.488715099724657,1.74266623752837,51,"LDHB;BSG;ACO2;VDAC1;MDH2;SDHB;PDK2;CS;PDHB;IDH3G;SDHA;IDH3A;NNT;SUCLG1;LDHA;GLO1;PDK3;PDHA1;MPC2"
"Deregulated CDK5 Triggers Neurodegenerative Pathways In Alzheimers Disease Models R-HSA-8862803",0.00237229497028003,0.0113928733757893,0.431707695803346,0.624328141981723,1.80777254796726,21,"PRDX2;CDK5R1;APP;YWHAE;CAPNS1;CAPN1;PRDX1;JUN;GOLGA2"
"Processing Of SMDT1 R-HSA-8949664",0.0023977325590759,0.0114678438378753,0.431707695803346,0.704313775081386,1.84119642524477,15,"MICU3;SPG7;SMDT1;PMPCB;AFG3L2;MCUB;MAIP1;MICU1;PMPCA;PARL"
"Interleukin-17 Signaling R-HSA-448424",0.0024194944554326,0.0115246939979177,0.431707695803346,0.458836052579737,1.71860877065192,68,"MEF2C;MAPK10;MAP2K1;MAPK1;SKP1;PPP2R1A;PPP2CA;MAPK9;DUSP3;MAP2K4;MAPK3;UBB;PPP2R5D;MAPK8;UBE2V1;PPP2CB;RPS6KA5;MEF2A;BTRC;JUN;UBE2N;MAPK11"
"APC:Cdc20 Mediated Degradation Of Cell Cycle Proteins Before Cycle Checkpoint Satisfied R-HSA-179419",0.00243516558825033,0.011552187973529,0.431707695803346,0.443329413948628,1.68248577971971,72,"PSMD2;PSMD7;PSMC5;PSMD8;UBB;PSMA1;ANAPC5;PSMF1;PSMC3;PSMC1;PSMD14;ANAPC16;PSMB3;PSMB7;UBE2D1;PSMC4;ANAPC11;ANAPC15;CDC16;UBE2E1;SEM1;PSMB1;PSMC2;PSMA6;PSMB2;PSME3;PSMB5;PSMA4;BUB1B;PSMD12;PSMD6;ANAPC4;PSMC6"
"NCAM Signaling For Neurite Out-Growth R-HSA-375165",0.00246439800291931,0.011643532264805,0.431707695803346,0.47999366976636,1.74531557970771,57,"PRNP;SPTBN2;SPTAN1;MAPK1;SPTBN4;GRB2;CACNB3;PTPRA;CACNB1;CACNB4;SPTBN1;MAPK3;CACNB2;RPS6KA5;GFRA2;CACNA1D"
"Synthesis Of PIPs At Golgi Membrane R-HSA-1660514",0.00250075995833132,0.0117676889974704,0.431707695803346,0.676557885267524,1.82806761457409,17,"ARF3;PI4KA;VAC14;OCRL;SACM1L;PIK3R4;PIK3C3;PI4KB"
"HIV Life Cycle R-HSA-162587",0.00251819994661162,0.0118021660148424,0.431707695803346,0.378756448743657,1.58674984440776,144,"PPIA;RANGAP1;SUPT4H1;SGIP1;PSIP1;VTA1;NCBP2;RNMT;POLR2E;RAN;VPS28;VPS4A;ERCC3;MNAT1;UBB;ELOB;XRCC6;POLR2A;FURIN;NEDD4L;RANBP1;HMGA1;GTF2H1;TAF6;NMT1;RANBP2;TAF13;SUPT5H;SSRP1;XRCC5;RNGTT;BANF1;SEH1L;TAF11;POLR2F;CHMP4B;TAF9;KPNA1;VPS37B;TAF15;CHMP7;CDK9;POLR2K;NUP98;GTF2H4;LRIG1;CCNK"
"MyD88-independent TLR4 Cascade R-HSA-166166",0.00255519122334678,0.0119073041578089,0.431707695803346,0.396238497675359,1.59654747144878,105,"MEF2C;MAPK10;MAP2K1;MAPK1;SKP1;APP;PPP2R1A;PPP2CA;MAPK9;UBE2D2;NDUFA2;DUSP3;MAP2K4;UBE2D3;MAPK3;UBB;PPP2R5D;MAPK8;UBE2V1;PPP2CB;RPS6KA5;NKIRAS1;MEF2A;BTRC;UBE2D1;JUN;UBE2N;MAPK11"
"Regulation Of Activated PAK-2p34 By Proteasome Mediated Degradation R-HSA-211733",0.0025610397117481,0.0119073041578089,0.431707695803346,0.496558795487684,1.7583984059594,48,"PSMD2;PSMD7;PSMC5;PSMD8;UBB;PSMA1;PSMF1;PSMC3;PSMC1;PSMD14;PSMB3;PSMB7;PSMC4;SEM1;PSMB1;PSMC2;PSMA6;PSMB2;PSME3;PSMB5;PSMA4;PSMD12;PSMD6;PSMC6;PSMD5"
"Signaling By FGFR3 R-HSA-5654741",0.00264455927202935,0.012246828057374,0.431707695803346,0.529370851564212,1.76958171839681,38,"PIK3R1;MAPK1;GRB2;PPP2R1A;FGF13;PPP2CA;MAPK3;UBB;PLCG1;BRAF;PPP2CB;FGFR3"
"Ubiquitin-dependent Degradation Of Cyclin D R-HSA-75815",0.00268585477051161,0.0123889032299883,0.431707695803346,0.493873034009268,1.75708136308459,50,"GSK3B;PSMD2;PSMD7;PSMC5;PSMD8;UBB;PSMA1;PSMF1;PSMC3;PSMC1;PSMD14;PSMB3;PSMB7;PSMC4;SEM1;PSMB1;PSMC2;PSMA6;PSMB2;PSME3;PSMB5;PSMA4;PSMD12;PSMD6;PSMC6;PSMD5"
"FBXL7 Down-Regulates AURKA During Mitotic Entry And In Early Mitosis R-HSA-8854050",0.00271463178590995,0.0123921277007793,0.431707695803346,0.482810275148129,1.7329829371562,53,"SKP1;PSMD2;PSMD7;PSMC5;PSMD8;UBB;PSMA1;PSMF1;PSMC3;PSMC1;PSMD14;PSMB3;PSMB7;PSMC4;RBX1;SEM1;PSMB1;CUL1;PSMC2;PSMA6;PSMB2;PSME3;PSMB5;PSMA4;PSMD12;PSMD6;PSMC6;PSMD5"
"FCGR3A-mediated Phagocytosis R-HSA-9664422",0.00271841018971679,0.0123921277007793,0.431707695803346,0.477816174547554,1.73153786245135,56,"CYFIP2;MYO5A;MAPK1;GRB2;ABI2;ACTR2;ARPC2;WASL;NCKAP1;WASF1;ABI1;MAPK3;BRK1;NCKIPSD;WIPF2;BAIAP2;WIPF3;WASF3;ARPC1A;ACTR3;VAV2"
"Ubiquitin Mediated Degradation Of Phosphorylated Cdc25A R-HSA-69601",0.00271841018971679,0.0123921277007793,0.431707695803346,0.492673907289633,1.75281515888643,50,"PSMD2;PSMD7;PSMC5;PSMD8;UBB;PSMA1;PSMF1;PSMC3;PSMC1;PSMD14;PSMB3;PSMB7;PSMC4;SEM1;PSMB1;PSMC2;PSMA6;PSMB2;PSME3;PSMB5;PSMA4;PSMD12;PSMD6;PSMC6;PSMD5;CHEK2;PSMD11;PSMA5"
"Energy Dependent Regulation Of mTOR By LKB1-AMPK R-HSA-380972",0.0027850089641063,0.0125973079888064,0.431707695803346,0.577666954716517,1.81957184313623,29,"CAB39L;CAB39;RRAGA;LAMTOR3;STK11;RRAGD;LAMTOR2;MLST8;RHEB;LAMTOR5;TSC2;PRKAG2;RPTOR"
"VLDLR Internalisation And Degradation R-HSA-8866427",0.00277532096543276,0.0125973079888064,0.431707695803346,0.698695768127241,1.82650999614607,15,"AP2M1;CLTC;AP2A1;AP2S1;AP2B1;CLTA;UBB;VLDLR"
"Metabolism Of Carbohydrates R-HSA-71387",0.00283848740870213,0.0127896324554262,0.431707695803346,0.317965821928062,1.44616676273747,282,"MDH1;ENO2;IDS;CALM1;TPI1;PKM;B4GAT1;PFKP;PGK1;ALDOC;PFKM;UGP2;ST6GALNAC6;FUT9;PGM2L1;GPC1;PPP2R1A;MDH2;ENO1;PRKCA;PPP2CA;PRKACB;SLC25A11;CHST1;PGAM4;HS6ST1;GOT2;UBB;PPP2R5D;B3GALT2;SDC3;HS2ST1;HS6ST3;GLCE;PAPSS1;ABCC5;PPP2CB;PYGB;B4GALT6;CHORDC1;CHST15;RANBP2;GYG1;CSPG5;AKR1B1;UBL4A;PHKB;TKT;MAN2C1"
"Defective B3GALTL Causes PpS R-HSA-5083635",0.00289162401836364,0.0129292154384305,0.431707695803346,-0.492294886815248,-1.71998853910337,37,"ADAMTS4;ADAMTS14;ADAMTS1;SBSPON;THBS2;ADAMTS3;ADAMTSL5;ADAMTS9;CFP;ADAMTS20;ADAMTS19;SEMA5A;ADAMTSL1;ADAMTSL4;ADAMTS12;THBS1;ADAMTS7;ADAMTS15;ADAMTS5;SPON2;THSD7A;THSD1;SEMA5B;ADAMTS18;ADAMTSL2;ADAMTS17;THSD7B"
"Na+/Cl- Dependent Neurotransmitter Transporters R-HSA-442660",0.00288497375130475,0.0129292154384305,0.431707695803346,-0.608733822926471,-1.75844645999247,19,"SLC6A20;SLC6A3;SLC6A2;SLC6A5;SLC6A9;SLC22A1;SLC6A19;SLC6A6;SLC22A2;SLC6A18"
"FCERI Mediated Ca+2 Mobilization R-HSA-2871809",0.00292513339806027,0.0130291247157875,0.431707695803346,0.57550624060136,1.81276588940648,29,"PPP3R1;CALM1;PPP3CB;GRB2;ITPR1;AHCYL1;PPP3CA;PLCG1"
"Citric Acid Cycle (TCA Cycle) R-HSA-71403",0.00299840986214906,0.0132543345042725,0.431707695803346,0.65229748919965,1.83980748356619,19,"ACO2;MDH2;SDHB;CS;IDH3G;SDHA;IDH3A;NNT;SUCLG1;SUCLA2;IDH3B"
"Regulation Of APC/C Activators Between G1/S And Early Anaphase R-HSA-176408",0.00299784796704899,0.0132543345042725,0.431707695803346,0.438562881430476,1.68410483880667,79,"SKP1;PSMD2;PSMD7;PSMC5;PSMD8;UBB;PSMA1;ANAPC5;PSMF1;PSMC3;PSMC1;PSMD14;ANAPC16;PSMB3;PSMB7;BTRC;UBE2D1;PSMC4;ANAPC11;ANAPC15;CDC16;UBE2E1;SEM1;PSMB1;CUL1;PSMC2;PSMA6;FZR1;PSMB2;PSME3;PSMB5;PSMA4;BUB1B;PSMD12;PSMD6;ANAPC4;PSMC6"
"FCGR3A-mediated IL10 Synthesis R-HSA-9664323",0.00310502982178668,0.0136738483095285,0.431707695803346,0.542925247039102,1.80746708180922,36,"PRKAR1B;CALM1;ADCY1;ITPR1;PRKAR2B;AHCYL1;PRKAR1A;PRKCA;PRKACB;ADCY2;PLCG1"
"Defective Intrinsic Pathway For Apoptosis R-HSA-9734009",0.00319755302256091,0.0140283623207841,0.431707695803346,0.589952217307764,1.76984696529369,24,"PRDX2;CDK5R1;APP;YWHAE;CAPNS1;CAPN1;PRDX1;JUN;GOLGA2"
"O-glycosylation Of TSR Domain-Containing Proteins R-HSA-5173214",0.00325057886487902,0.0142075862745836,0.431707695803346,-0.494441667950151,-1.74252328166708,38,"ADAMTS4;ADAMTS14;ADAMTS1;SBSPON;THBS2;ADAMTS3;ADAMTSL5;POFUT2;ADAMTS9;CFP;ADAMTS20;ADAMTS19;SEMA5A;ADAMTSL1;ADAMTSL4;ADAMTS12;THBS1;ADAMTS7;ADAMTS15;ADAMTS5;SPON2;THSD7A;THSD1;SEMA5B;ADAMTS18;ADAMTSL2;ADAMTS17;THSD7B"
"Regulation Of RUNX2 Expression And Activity R-HSA-8939902",0.00331237457403911,0.0144236609250136,0.431707695803346,0.429987923515704,1.62533839851541,71,"FBXW7;SKP1;GSK3B;PSMD2;PSMD7;PSMC5;PSMD8;STUB1;UBB;PSMA1;PSMF1;PSMC3;PSMC1;NR3C1;PSMD14;PSMB3;PSMB7;PSMC4;RBX1;SEM1;PSMB1;CUL1;PSMC2;PSMA6;PSMB2;PSME3;PSMB5;PSMA4;PSMD12;SMURF1;PSMD6"
"Semaphorin Interactions R-HSA-373755",0.00335814140753188,0.0145685911620435,0.431707695803346,0.464611396366144,1.72143994488997,63,"HSP90AB1;CDK5R1;PIP5K1C;RND1;ARHGEF11;PLXNA2;CRMP1;RNMT;GSK3B;ARHGAP35;PLXNA1;ARHGEF7;DPYSL2;MYH10;SEMA3E;ARHGEF12;DPYSL4;PLXNA4;LIMK1;SEMA4A;ROCK2;SEMA3A;DPYSL3;HSP90AA1"
"Activation Of Gene Expression By SREBF (SREBP) R-HSA-2426168",0.00361242023560286,0.0154999785943589,0.431707695803346,0.507584496246388,1.75793337528015,42,"SREBF2;HMGCS1;ACACA;SC5D;MVD;NCOA1;FASN;HMGCR;IDI1;CARM1;CYP51A1;SMARCD3;NFYA;LMBR1;NFYC;GGPS1;CREBBP;TBL1XR1"
"CRMPs In Sema3A Signaling R-HSA-399956",0.00361267710168434,0.0154999785943589,0.431707695803346,0.677686941934618,1.79935681237643,16,"CDK5R1;PLXNA2;CRMP1;GSK3B;PLXNA1;DPYSL2;DPYSL4;PLXNA4;SEMA3A;DPYSL3"
"Collagen Formation R-HSA-1474290",0.00358685917982148,0.0154999785943589,0.431707695803346,-0.373367793737129,-1.56535479764489,90,"COL1A2;COL9A2;COL6A2;SERPINH1;ADAMTS14;PLOD3;COL4A1;COLGALT1;COL16A1;COL4A2;COL6A3;COL1A1;COL8A1;COL5A2;MMP3;PCOLCE;TLL2;BMP1;MMP9;ADAMTS3;COL21A1;MMP28;CD151;MMP13;CTSL"
"Translation R-HSA-72766",0.00366551536997352,0.0156690711969198,0.431707695803346,0.312958179530943,1.42028508332594,276,"EIF4A2;EEF1A2;AARS1;EIF3C;SRP14;MRPS21;DLGAP3;SARS1;RPL41;EIF3K;MRPL41;PPA1;GARS1;YARS1;EIF4H;MRPL16;EIF1AX;MRPS18A;RPL31;EIF3I;RPL35A;TUFM;RPS21;MRPL33;SPCS1;MRPL42;MARS1;HARS1;MRPL50;SRPRB;RPN1;RPS15;SRP68;MRPL1;MRPL3;RPL14;RPL26;MRPS16;RPL27;WARS1;EIF5;MRPL21;GSPT1;IARS1;RPL15;SSR3;RPS4Y1;CHCHD1;MRPL57;EEF1G;RPL10A;GADD45GIP1;PPA2;RPL38;EIF3A;DTD1;MRPL23;SSR1;APEH;RPL36;EIF4E;SPCS3;FARSA;SSR2;SRPRA;SPCS2;RSL24D1;MRPS30;NARS1;RPL23;LARS1;MRPL15;EIF3H;EIF4B;FARS2;MRPL45;MRPL51;EIF3L;MRPS7;MRPL34;SEC61A2;EIF2B5;MARS2;MRPL30;MRPL20;MRPS18B;MRPS15;MRPL38;MRPS35;RPL22L1;ERAL1;RPL22;MRPS34;MRPS31;RPL7A;MTIF3;MRPL46;MTIF2;MRPL55;OXA1L;RPS24;MRPL13"
"IRE1alpha Activates Chaperones R-HSA-381070",0.00372296509125708,0.0158565702974344,0.431707695803346,0.489063786879477,1.73185731695023,48,"TSPYL2;KLHDC3;GSK3A;SERP1;DCTN1;EXTL1;PPP2R5B;ATP6V0D1;ACADVL;SRPRB;HSPA5;TATDN2;ADD1;WFS1;CTDSP2;SSR1;GFPT1;SRPRA;PLA2G4B;SEC31A"
"Signaling By NTRK2 (TRKB) R-HSA-9006115",0.00381996832015905,0.0162105564713659,0.431707695803346,0.60774518704816,1.80164280251194,23,"PIK3R1;CDK5R1;GRB2;NTRK2;GRIN2B;DOCK3;PLCG1"
"Beta-catenin Phosphorylation Cascade R-HSA-196299",0.00389250918989615,0.0164585442920609,0.431707695803346,0.663359196524899,1.79240459745369,17,"PPP2R1A;PPP2CA;PPP2R5B;GSK3B;PPP2R5D;PPP2R5C;PPP2CB;CTNNB1"
"Processing Of Capped Intron-Containing Pre-mRNA R-HSA-72203",0.00391452074550243,0.0164918617689579,0.407017918923954,0.327358828014109,1.46377344018198,240,"SNRPN;HSPA8;SRSF5;PRPF19;NUDT21;NCBP2;SNRPD2;HNRNPD;POLR2E;PCBP2;SNRNP25;PCBP1;SF1;HNRNPC;POLR2A;SRSF9;WDR33;SNU13;HNRNPK;PABPN1;SRRM2;MAGOH;RNPS1;SNRNP200;SNRNP70;THOC7;HNRNPA0;PQBP1;CHERP;SRSF10;RBMX;RANBP2;CSTF3;HNRNPM;TXNL4A;DHX9;EFTUD2;FIP1L1;CDC5L;SNRPD3;PPIL4;WBP4;HNRNPH2;PAPOLA;SEH1L;FYTTD1;RBM5;POLR2F;SRSF6;BUD31;HNRNPU;PPIL1;NXF1;SRSF1;DDX39A;SF3B5;LSM7;U2SURP;POLR2K;NUP98;CD2BP2;U2AF1L4;HNRNPA3;EIF4E;DDX5;PPIL3;LSM6;RBM17;FUS;PUF60;CCAR1;CRNKL1;NUP133;UPF3B;SNRNP27;CPSF4;SLBP;HNRNPA2B1;PRPF8;PDCD7"
"Signaling By High-Kinase Activity BRAF Mutants R-HSA-6802948",0.00396561644729805,0.0166470301942332,0.407017918923954,0.527724131478888,1.71789927134842,33,"PEBP1;CNKSR2;YWHAB;MAP2K1;ARRB1;MAPK1;MAPK3;BRAF;MAP2K2;KSR2"
"Separation Of Sister Chromatids R-HSA-2467813",0.00406695535397215,0.0170112433623136,0.407017918923954,0.355410375168585,1.52490232456616,167,"DYNLL1;DYNC1H1;RANGAP1;PAFAH1B1;PPP2R1A;PPP2CA;PPP2R5B;PDS5B;DYNC1I1;PSMD2;DYNLL2;PSMD7;PSMC5;PSMD8;PPP1CC;UBB;PPP2R5D;PSMA1;ANAPC5;PSMF1;CLIP1;PSMC3;PSMC1;CENPT;PSMD14;ANAPC16;PPP2R5C;PPP2CB;NUDC;RANBP2;TAOK1;PSMB3;PSMB7;UBE2D1;CENPQ;SEH1L;BIRC5;NDEL1;PSMC4;NUP98;ANAPC11;ANAPC15;CDC16;CLASP1;UBE2E1;SEM1;SMC3;PSMB1;PSMC2;PSMA6"
"TNFs Bind Their Physiological Receptors R-HSA-5669034",0.00408479805664067,0.0170248547574988,0.407017918923954,-0.530759212483463,-1.73384735363846,29,"CD70;TNFRSF18;TNFRSF6B;TNFSF8;TNFRSF1B;TNFSF14;TNFRSF13B;EDA2R;TNFSF15;LTA;EDARADD;TNFSF4;TNFSF13;TNFRSF9;TNFRSF17;TNFSF18"
"Leishmania Infection R-HSA-9658195",0.00432263246724781,0.017952000317716,0.407017918923954,0.323002848895787,1.44222613218837,241,"CHGA;PRKAR1B;CALM1;GNB1;GNAS;CYFIP2;ADCY1;HSP90AB1;PLK2;MYO5A;MAPK1;GRB2;GNG2;ITPR1;ABI2;ACTR2;PRKAR2B;AHCYL1;GNG3;ARPC2;PRKAR1A;WASL;PRKCA;PRKACB;ADCY2;GNB2;NCKAP1;WASF1;GNG7;ABI1;MAPK3;GNB5;MAPK8;PLCG1;BRK1;NCKIPSD;FURIN"
"Nuclear Events Mediated By NFE2L2 R-HSA-9759194",0.00451880541586532,0.0186340845240807,0.407017918923954,0.436524803078989,1.66245951171156,76,"SKP1;GSK3B;PSMD2;PSMD7;PSMC5;PSMD8;UBB;PSMA1;PSMF1;PSMC3;PSMC1;PSMD14;GSR;UBL4A;PRDX1;PSMB3;PSMB7;BTRC;TKT;PSMC4;RBX1;SEM1;SRXN1;PSMB1;CREBBP;CUL1;PSMC2;PSMA6;TXNRD1;ATF4;GCLM;PSMB2;PSME3;SQSTM1;PSMB5;PSMA4;MAFG;PSMD12;PSMD6;PSMC6;EP300;TALDO1;PSMD5"
"RHOA GTPase Cycle R-HSA-8980692",0.00451145426108551,0.0186340845240807,0.407017918923954,0.359361727288127,1.51933972489914,147,"ABR;NGEF;PIK3R1;ARHGEF25;ARHGAP26;PLEKHG5;ARHGAP32;ATP6AP1;ARHGEF11;ARHGAP44;TRIO;PIK3R2;PGRMC2;RASGRF2;FLOT1;ARHGAP35;BCAP31;ARHGEF7;ARHGEF17;TFRC;ARHGEF12;ARHGEF3;FARP1;HMOX2;STARD13;MCF2L;VAPB;ROCK2;YKT6;DDRGK1;STX5;OPHN1;PCDH7;KALRN;MYO9A;DIAPH1;VAV2;ARHGDIA"
"Collagen Chain Trimerization R-HSA-8948216",0.00459721175916821,0.018861268089473,0.407017918923954,-0.456015963396569,-1.64618107275439,44,"COL1A2;COL9A2;COL6A2;COL4A1;COL16A1;COL4A2;COL6A3;COL1A1;COL8A1;COL5A2"
"ERK/MAPK Targets R-HSA-198753",0.00461126108243213,0.018861268089473,0.407017918923954,0.60051313299431,1.76650439470669,22,"MEF2C;MAPK1;PPP2R1A;PPP2CA;DUSP3;MAPK3;PPP2R5D;PPP2CB;RPS6KA5;MEF2A;MAPK11"
"Infection With Mycobacterium Tuberculosis R-HSA-9635486",0.00463854665096724,0.018861268089473,0.407017918923954,0.573392731539924,1.72432926314409,25,"PGK1;ATP6V1H;MAPK1;GSK3A;ENO1;RAB7A;MAPK3;UBB;KPNB1;KPNA1;HGS"
"NIK To Noncanonical NF-kB Signaling R-HSA-5676590",0.00462940554842147,0.018861268089473,0.407017918923954,0.465198142592822,1.69151723670345,57,"SKP1;PSMD2;PSMD7;PSMC5;PSMD8;UBE2M;UBB;PSMA1;PSMF1;PSMC3;PSMC1;PSMD14;PSMB3;PSMB7;BTRC;PSMC4;SEM1;PSMB1;CUL1;PSMC2;PSMA6;PSMB2;PSME3;PSMB5;PSMA4;PSMD12;PSMD6"
"Kinesins R-HSA-983189",0.00471890091140152,0.0191213797347416,0.407017918923954,0.499628570283124,1.73037936627179,42,"KLC1;KIF5A;KIFC2;KIF3C;KIF1B;KIF1A;KIF3A;KIF21A;KIF5C;KIFAP3;KIF3B"
"Insertion Of Tail-Anchored Proteins Into Endoplasmic Reticulum Membrane R-HSA-9609523",0.00476801939694502,0.0191410420699835,0.407017918923954,0.604955788791305,1.75167895562013,21,"PRNP;VAMP2;STX1A;APP;SERP1;VAPA;GET3;STX5;UBL4A;ALDH3A2"
"Sealing Of Nuclear Envelope (NE) By ESCRT-III R-HSA-9668328",0.00477295907657685,0.0191410420699835,0.407017918923954,0.567859416638704,1.75107735864774,27,"TUBA4A;TUBB2A;TUBB4B;TUBA1C;TUBB2B;TUBA8;VPS4A;TUBB4A"
"mRNA Capping R-HSA-72086",0.00477295907657685,0.0191410420699835,0.407017918923954,0.562677725911149,1.75062201791642,28,"NCBP2;RNMT;POLR2E;ERCC3;MNAT1;POLR2A;GTF2H1;SUPT5H;RNGTT;POLR2F;POLR2K;GTF2H4"
"Activation Of NF-kappaB In B Cells R-HSA-1169091",0.00487640839236093,0.0194224184091645,0.407017918923954,0.441428933562465,1.64294127905433,65,"PRKCB;SKP1;PSMD2;PSMD7;PSMC5;PSMD8;UBB;PSMA1;PSMF1;PSMC3;PSMC1;PSMD14;PSMB3;PSMB7;BTRC;PSMC4;MAP3K7;SEM1;PSMB1;CUL1;PSMC2;PSMA6;PSMB2;PSME3;PSMB5;PSMA4;NFKBIE;PSMD12;PSMD6"
"Regulation Of Apoptosis R-HSA-169911",0.004874777265616,0.0194224184091645,0.407017918923954,0.470386491398456,1.67730986337716,51,"PSMD2;PSMD7;PSMC5;PSMD8;UBB;PSMA1;PSMF1;PSMC3;PSMC1;PSMD14;PSMB3;PSMB7;OMA1;PSMC4;SEM1;PSMB1;PSMC2;PSMA6;PSMB2;PSME3;PSMB5;PSMA4;PSMD12;PSMD6;PSMC6;PSMD5"
"Hedgehog On State R-HSA-5632684",0.00495237881049565,0.0196579118090082,0.407017918923954,0.417395986230053,1.61633098538106,84,"GRK2;ARRB1;KIF3A;CUL3;PSMD2;ULK3;PSMD7;PSMC5;PSMD8;UBB;PSMA1;PSMF1;PSMC3;PSMC1;GLI3;PSMD14;SPOP;PSMB3;PSMB7;PSMC4;RBX1;SEM1;SUFU;PSMB1;PSMC2;PSMA6;BOC;PSMB2;PSME3;PSMB5;PSMA4;PSMD12;SMURF1;PSMD6;CSNK1A1;PSMC6;SMOX;PSMD5"
"ROS And RNS Production In Phagocytes R-HSA-1222556",0.00508125954390176,0.0201011182635029,0.407017918923954,0.5269875625616,1.75440850659937,36,"ATP6V1B2;ATP6V0C;ATP6V1A;ATP6V1H;ATP6V0A1;ATP6V1G2;ATP6V1D;ATP6V0E2;ATP6V1F;ATP6V1C1;ATP6V0D1;ATP6V1G1;ATP6V1E1"
"CTNNB1 S33 Mutants Not Phosphorylated R-HSA-5358747",0.00512270795557775,0.0201966222437812,0.407017918923954,0.677505438521349,1.77111485764318,15,"PPP2R1A;PPP2CA;PPP2R5B;GSK3B;PPP2R5D;PPP2R5C;PPP2CB;CTNNB1"
"SARS-CoV Infections R-HSA-9679506",0.00516105363038971,0.0202792915375919,0.407017918923954,0.294771883170625,1.37476238005392,357,"ATP1A3;YWHAG;YWHAH;FXYD7;AP2M1;ISCU;ATP1A2;HSP90AB1;YWHAB;AP2A1;GRB2;GSK3A;ATP1B1;ATP1B2;GPC1;AKT3;TUSC3;MAP1LC3B;AP2S1;SUMO1;AP2B1;ATP1B3;G3BP2;RBBP7;CHD3;CUL3;SNRPD2;YWHAE;GSK3B;VCP;IFNGR2;FXYD1;CNBP;BRD4;FKBP1A;VPS41;MTA3;IFNAR1;TUFM;RPS21;UBB;SIGMAR1;SDC3;FURIN;YWHAZ;MTA1;PTGES3;RPN1;RPS15;NR3C1;ROCK2;UBE2V1;GJA1;CRBN;CANX;RANBP2;YWHAQ;MGAT5"
"Nef-mediated Downmodulation Of Cell Surface Receptors By Recruitment To Clathrin Adapters R-HSA-164938",0.00518941675324799,0.0203223132585249,0.407017918923954,0.611456905513026,1.73780862403575,20,"AP2M1;ATP6V1H;AP2A1;AP2S1;AP2B1;AP1S1;AP1M1;AP1G1;PACS1"
"Late Phase Of HIV Life Cycle R-HSA-162599",0.00520900873112237,0.0203308133418723,0.407017918923954,0.369451894654324,1.52927976980739,131,"PPIA;RANGAP1;SUPT4H1;SGIP1;VTA1;NCBP2;RNMT;POLR2E;RAN;VPS28;VPS4A;ERCC3;MNAT1;UBB;ELOB;POLR2A;FURIN;NEDD4L;RANBP1;GTF2H1;TAF6;NMT1;RANBP2;TAF13;SUPT5H;SSRP1;RNGTT;SEH1L;TAF11;POLR2F;CHMP4B;TAF9;VPS37B;TAF15;CHMP7;CDK9;POLR2K;NUP98"
"PIP3 Activates AKT Signaling R-HSA-1257604",0.00534160166437103,0.0207788304744033,0.407017918923954,0.313769668492046,1.41612629806897,266,"CLSTN1;PIK3R1;CBX6;PIP5K1C;MAPK1;GRB2;GSK3A;AKT3;PPP2R1A;PIK3R2;PIP4K2B;RBBP7;FGF13;PPP2CA;CHD3;RNMT;PPP2R5B;GSK3B;PSMD2;PSMD7;PTEN;PSMC5;PSMD8;MTA3;STUB1;MAPK3;UBB;PPP2R5D;PSMA1;PSMF1;RRAGA;MTA1;PSMC3;PSMC1;TNRC6A;VAPA;PSMD14;PPP2R5C;PPP2CB;IRS2;RING1;CSNK2B;FGFR3;LAMTOR3;RRAGD;CNOT6L;PSMB3;PSMB7;JUN;LAMTOR2;MLST8;EED;AKT2;RHEB;PSMC4;PHLPP2;TNRC6C;NR2E1;LAMTOR5;PIP4K2C;TRIB3;USP7;TSC2;BAD;PIK3CB;SEM1;AGO1;EGFR;PSMB1;PIK3CA;MAPKAP1;CREB1;PSMC2;PSMA6;RPTOR;GATAD2B;NRG3;INS;AKT1"
"MAP2K And MAPK Activation R-HSA-5674135",0.00538381971698824,0.0208226496618142,0.407017918923954,0.513703372628671,1.71199696565561,37,"PEBP1;CNKSR2;YWHAB;MAP2K1;ARRB1;MAPK1;MAPK3;BRAF;MAP2K2;LAMTOR3;KSR2;LAMTOR2"
"TRAF6 Mediated Induction Of NFkB And MAP Kinases Upon TLR7/8 Or 9 Activation R-HSA-975138",0.00538855201188336,0.0208226496618142,0.407017918923954,0.387891659681287,1.54357206460647,99,"MEF2C;MAPK10;MAP2K1;MAPK1;SKP1;APP;PPP2R1A;PPP2CA;MAPK9;NDUFA2;DUSP3;MAP2K4;MAPK3;UBB;PPP2R5D;MAPK8;PELI3;UBE2V1;PPP2CB;RPS6KA5;NKIRAS1;MEF2A;BTRC;JUN;UBE2N;MAPK11"
"Intraflagellar Transport R-HSA-5620924",0.00540925941089281,0.0208336822855178,0.407017918923954,0.514538638123365,1.76690065829219,41,"DYNLL1;KIF3C;KIF3A;IFT57;KIFAP3;DYNLL2;DYNLRB1;IFT22;KIF3B;TRIP11;IFT140;DYNC2LI1;DYNLT2B"
"Toll Like Receptor 4 (TLR4) Cascade R-HSA-166016",0.00553711455490149,0.0212559627814804,0.407017918923954,0.353210507792674,1.47033190919973,138,"DNM1;MEF2C;MAPK10;MAP2K1;MAPK1;SKP1;APP;PPP2R1A;PPP2CA;MAPK9;UBE2D2;NDUFA2;DUSP3;MAP2K4;UBE2D3;MAPK3;S100A1;UBB;PPP2R5D;MAPK8;PTPN4;PELI3;DNM3;UBE2V1;PPP2CB;RPS6KA5;NKIRAS1;MEF2A;BTRC;UBE2D1;JUN;UBE2N;MAPK11"
"Toll Like Receptor 3 (TLR3) Cascade R-HSA-168164",0.00559970943981679,0.0214257734959547,0.407017918923954,0.398006766236354,1.58924294776431,102,"MEF2C;MAPK10;MAP2K1;MAPK1;SKP1;APP;PPP2R1A;PPP2CA;MAPK9;UBE2D2;DUSP3;MAP2K4;UBE2D3;MAPK3;UBB;PPP2R5D;MAPK8;UBE2V1;PPP2CB;RPS6KA5;NKIRAS1;MEF2A;BTRC;UBE2D1;JUN;UBE2N;MAPK11"
"Antigen Activates B Cell Receptor Leading To Second Messenger Generation R-HSA-983695",0.00567872770270168,0.021657108591676,0.407017918923954,0.552361508781951,1.77112956633727,31,"CALM1;CLSTN1;PIK3R1;GRB2;ITPR1;AHCYL1"
"APC/C:Cdc20 Mediated Degradation Of Mitotic Proteins R-HSA-176409",0.00590725280424401,0.022455257402452,0.407017918923954,0.433013876836479,1.65868547117193,74,"PSMD2;PSMD7;PSMC5;PSMD8;UBB;PSMA1;ANAPC5;PSMF1;PSMC3;PSMC1;PSMD14;ANAPC16;PSMB3;PSMB7;UBE2D1;PSMC4;ANAPC11;ANAPC15;CDC16;UBE2E1;SEM1;PSMB1;PSMC2;PSMA6;PSMB2;PSME3;PSMB5;PSMA4;BUB1B;PSMD12;PSMD6;ANAPC4;PSMC6"
"ECM Proteoglycans R-HSA-3000178",0.00611551956973921,0.0230964768216364,0.407017918923954,-0.421894816474637,-1.62046358339925,55,"SPARC;COL9A2;ITGB1;BGN;HSPG2;TGFB3;DCN;ITGA2;TGFB1;ITGAX;AGRN;ITGB5;LRP4;LAMA1;MATN1;TNXB;LAMA5"
"Presynaptic Function Of Kainate Receptors R-HSA-500657",0.00609860571724379,0.0230964768216364,0.407017918923954,0.597678830455905,1.73060816827794,21,"GNB1;PLCB1;GNG2;GNG3;GNB2;GNG7;GNB5"
"G Alpha (I) Signaling Events R-HSA-418594",0.0061940723079886,0.0233176851078151,0.407017918923954,0.308939776740536,1.41478474554435,306,"PPP3R1;PRKAR1B;CAMK2A;RGS4;CALM1;GNB1;GABBR2;GNAS;CAMK2G;ADCY1;PLCB1;PPP3CB;GRK2;MAPK1;CAMKK2;GNG2;CAMK2B;ITPR1;APP;PRKAR2B;AHCYL1;GNG3;PRKCG;PDE1B;CAMK2D;CAMKK1;GNAQ;PPP2R1A;PRKAR1A;PRKCA;PPP3CA;PPP2CA;PRKACB;ADCY2;GNB2;GNG7;PPP2R5D;GNB5;RGS7;PPP1R1B;PDE1A"
"FCERI Mediated NF-kB Activation R-HSA-2871837",0.0063929623666966,0.023989025986929,0.407017918923954,0.415954163396776,1.58915827250828,77,"SKP1;PSMD2;UBE2D2;PSMD7;PSMC5;PSMD8;UBB;PSMA1;PSMF1;PSMC3;PSMC1;PSMD14;UBE2V1;PSMB3;PSMB7;BTRC;UBE2D1;UBE2N;PSMC4;MAP3K7;CDC34;SEM1;PSMB1;CUL1;PSMC2;PSMA6;TAB3;TAB2;PSMB2;PSME3;PSMB5;PSMA4;PSMD12;PSMD6;PDPK1;PSMC6"
"Hh Mutants Abrogate Ligand Secretion R-HSA-5387390",0.00644229421695498,0.0240966581768797,0.407017918923954,0.456151943701905,1.65862415319854,57,"VCP;PSMD2;PSMD7;PSMC5;PSMD8;OS9;UBB;PSMA1;PSMF1;PSMC3;PSMC1;PSMD14;PSMB3;PSMB7;PSMC4;SEM1;PSMB1;PSMC2;PSMA6;PSMB2;PSME3;PSMB5;PSMA4;PSMD12;SEL1L;PSMD6;PSMC6;PSMD5"
"Phospholipid Metabolism R-HSA-1483257",0.00655088670823342,0.0244244421416515,0.407017918923954,0.332622334592081,1.46409126680043,207,"PLD3;ARF3;PI4KA;CLSTN1;PIK3R1;PIP5K1C;SYNJ1;LPCAT4;PIK3R2;PIP4K2B;CDS2;INPP5F;MGLL;PITPNM2;STARD7;PTEN;PITPNM3;PLEKHA6;LPIN1;RAB14;PITPNM1;PIP4P1;CDIPT;LPIN2;OSBPL10;INPP4B;CSNK2B;PLEKHA5;ETNPPL;PLEKHA2;OSBPL8;INPP4A;GPD2;GDPD1;VAC14;OCRL;CPNE6;RUFY1;SACM1L;PRKCSH;PLEKHA1;SELENOI;PLEKHA3;PCTP;SBF1;PIK3R4;LCLAT1;PIP4K2C;PISD;PIK3C3;INPP5J;MTMR4;CHKA;PIK3CB;MTMR9;PI4KB;MTMR2;PLA2G4B;PIK3CA;GPD1L;MTMR3;MTMR12;MTMR6;PNPLA6;MBOAT7"
"Signaling By FGFR1 R-HSA-5654736",0.00657178648884196,0.0244244421416515,0.407017918923954,0.472446306585119,1.67301201781106,48,"PIK3R1;MAPK1;GRB2;PPP2R1A;FLRT2;FGF13;PPP2CA;MAPK3;UBB;PLCG1;BRAF;PPP2CB;FLRT3"
"Formation Of TC-NER Pre-Incision Complex R-HSA-6781823",0.00670191666427164,0.0248290055466825,0.407017918923954,0.471523403413593,1.66974386209533,48,"PRPF19;COPS8;POLR2E;ERCC3;MNAT1;CUL4B;UBB;POLR2A;DDB1;COPS4;GTF2H1;HMGN1;POLR2F;COPS5;POLR2K;RBX1;USP7;COPS7A;GTF2H4;COPS6;COPS3;PPIE;ERCC2;GPS1;EP300"
"G Beta:Gamma Signaling Thru PLC Beta R-HSA-418217",0.00675741804716018,0.0249554014589745,0.407017918923954,0.601010300844684,1.70811855181504,20,"GNB1;PLCB1;GNG2;GNG3;GNB2;GNG7;GNB5"
"RHOV GTPase Cycle R-HSA-9013424",0.0069227658777488,0.0254853873165074,0.407017918923954,0.515424920338979,1.71591500254868,36,"SPTAN1;PIK3R1;GIT1;CLTC;WASL;TPM3;ARHGEF7;SPTBN1;TXNL1"
"Signaling By NTRK3 (TRKC) R-HSA-9034015",0.00718419840658352,0.0263646526430282,0.407017918923954,0.653163217467377,1.73424277821929,16,"PIK3R1;GRB2;PTPRU;PTPRS;PLCG1;NTRK3"
"G Beta:Gamma Signaling Thru PI3Kgamma R-HSA-392451",0.00726822937297485,0.0265495641394216,0.407017918923954,0.556289409677965,1.67289547830287,25,"GNB1;GNG2;GNG3;AKT3;GNB2;GNG7;GNB5;AKT2;GNG10;GNG4;AKT1"
"PD-1 Signaling R-HSA-389948",0.00728008613934439,0.0265495641394216,0.407017918923954,-0.603256853446127,-1.72038481689668,18,"CD274;HLA-DPA1;TARP;HLA-DRB1;PDCD1;LCK;CSK;PTPN11;CD4;CD3D;PTPN6"
"Signaling By FGFR4 R-HSA-5654743",0.00732274363806466,0.0266219371514687,0.407017918923954,0.48627221543279,1.64392772922006,39,"PIK3R1;MAPK1;GRB2;PPP2R1A;FGF13;PPP2CA;MAPK3;UBB;PLCG1;BRAF;PPP2CB"
"Role Of GTSE1 In G2/M Progression After G2 Checkpoint R-HSA-8852276",0.00753380397159786,0.0273041901703562,0.407017918923954,0.442570977230408,1.61691903195942,58,"HSP90AB1;PSMD2;PSMD7;PSMC5;PSMD8;UBB;PSMA1;PSMF1;PSMC3;PSMC1;PSMD14;HSP90AA1;PSMB3;PSMB7;PSMC4;SEM1;PSMB1;PSMC2;PSMA6;PSMB2;PSME3;PSMB5;PSMA4;PSMD12;PSMD6;PSMC6;PSMD5"
"Cytosolic tRNA Aminoacylation R-HSA-379716",0.00767766372833638,0.0277394228203361,0.407017918923954,0.583631509577415,1.73015851208378,23,"AARS1;SARS1;PPA1;GARS1;YARS1;MARS1;HARS1;WARS1;IARS1;FARSA;NARS1;LARS1"
"Degradation Of AXIN R-HSA-4641257",0.00777596195639922,0.0280078629725861,0.407017918923954,0.456367771945599,1.63807110693133,53,"PSMD2;PSMD7;PSMC5;PSMD8;UBB;PSMA1;PSMF1;PSMC3;PSMC1;PSMD14;PSMB3;PSMB7;PSMC4;SEM1;PSMB1;PSMC2;PSMA6;PSMB2;PSME3;PSMB5;PSMA4;PSMD12;PSMD6;PSMC6;PSMD5"
"Signaling By Erythropoietin R-HSA-9006335",0.00780855958108058,0.0280387354803724,0.407017918923954,0.561202575276887,1.68359851125138,24,"CLSTN1;PIK3R1;GRB2;PLCG1;RAPGEF1;IRS2;PIK3CB;PIK3CA;HRAS"
"Factors Involved In Megakaryocyte Development And Platelet Production R-HSA-983231",0.00799275835906437,0.0286121135123562,0.380730400722792,0.357828071397599,1.47756242821453,130,"PRKAR1B;KLC1;KIF5A;KIFC2;KIF3C;EHD3;PRKAR2B;KIF1B;KIF1A;PRKAR1A;KIF3A;PRKCA;CBX5;PRKACB;KIF21A;DOCK3;KIF5C;CAPZB;KIFAP3;SH2B1;ITPK1;CABLES1;KIF3B"
"Constitutive Signaling By Ligand-Responsive EGFR Cancer Variants R-HSA-1236382",0.00827918362344453,0.0295137347514215,0.380730400722792,0.630105036312807,1.70255145309259,17,"PIK3R1;GRB2;CDC37;UBB;PLCG1;HSP90AA1;CBL;EGFR;PIK3CA;HRAS"
"Prostacyclin Signaling Thru Prostacyclin Receptor R-HSA-392851",0.00829520565421274,0.0295137347514215,0.380730400722792,0.611412518012069,1.72449127094579,19,"GNB1;GNAS;GNG2;GNG3;GNB2;GNG7;GNB5"
"APC/C:Cdh1 Mediated Degradation Of Cdc20 And APC/C:Cdh1 Targets In Late Mitosis/Early G1 R-HSA-174178",0.00833336286149779,0.0295593752564375,0.380730400722792,0.419001434562239,1.59015831829019,72,"PSMD2;PSMD7;PSMC5;PSMD8;UBB;PSMA1;ANAPC5;PSMF1;PSMC3;PSMC1;PSMD14;ANAPC16;PSMB3;PSMB7;UBE2D1;PSMC4;ANAPC11;ANAPC15;CDC16;UBE2E1;SEM1;PSMB1;PSMC2;PSMA6;FZR1;PSMB2;PSME3;PSMB5;PSMA4;PSMD12;PSMD6;ANAPC4;PSMC6"
"SLC-mediated Transmembrane Transport R-HSA-425407",0.00839247941009516,0.0295891947781905,0.380730400722792,-0.267842152175763,-1.29858255727642,247,"SLC50A1;SLC5A10;SLC6A20;SLC44A1;SLC36A1;SLC6A3;FGF21;SLC16A3;SLC5A11;SLC6A2;SLC34A3;SLC24A4;SLC6A5;APOD;SLC12A4;SLC7A7;SLC12A2;SLC35D2;SLC11A1;SLC6A9;SLC39A4;SLCO1A2;SLC13A2;SLC22A1;SLC15A4;SLC32A1;SLC1A6;SLC38A3;SLC10A6;SLC35B3;SLC35B2;SLC5A12;SLC5A9;SLC2A10;SLC9A9;SLCO3A1;SLCO1B3;SLC38A4;SLC47A2;SLC6A19;SLC44A2;SLC22A8;SLC5A1;SLC28A1;SLC22A7;SLC6A6;SLC22A2;SLC39A2;SLCO2A1;SLC13A1;SLC6A18;SLC26A9;SLC26A1;SLC5A5;SLC36A4;SLC7A9;CTNS;SLC45A3;LCN1;SLC4A2;SLC44A4;SLC22A11;SLC16A10;SLC13A4;SLC47A1;SLCO2B1;SLC9A3;SLC11A2;SLC2A11;SLC31A1;SLC12A6;SLC14A2;SLC1A7;SLC29A4;SLC34A1;SLC35A3;SLC30A2;SLC30A3;SLC2A4;SLC1A5;SLC12A7;SLC24A1;SLC8B1;SLC44A5;SLC26A3;LCN9;SLC18A1;SLC15A1;SLC16A1;SLC22A18;SLC16A8;SLC13A5;SLCO1B1;SLC4A5;SLC9A5;SLC38A1;SLC2A1;SLC30A6;SLC12A3;RUNX1;SLC2A6;SLC38A5;SLC15A3;SLC17A6;SLC24A5;SLC30A5;RHBG;SLC5A2;SLC39A7;SLC28A3;LCN12"
"mTORC1-mediated Signaling R-HSA-166208",0.00839236071533357,0.0295891947781905,0.380730400722792,0.557940142836131,1.67381126749612,24,"YWHAB;FKBP1A;RRAGA;LAMTOR3;RRAGD;LAMTOR2;MLST8;RHEB;LAMTOR5;EEF2K;EIF4E;EIF4B;RPTOR"
"Mitochondrial Translation Elongation R-HSA-5389840",0.0084699127632665,0.0296263281957601,0.380730400722792,0.413280957035049,1.60010592035284,82,"MRPS21;DLGAP3;MRPL41;MRPL16;MRPS18A;TUFM;MRPL33;MRPL42;MRPL50;MRPL1;MRPL3;MRPS16;MRPL21;CHCHD1;MRPL57;GADD45GIP1;MRPL23;MRPS30;MRPL15;MRPL45;MRPL51;MRPS7;MRPL34;MRPL30;MRPL20;MRPS18B;MRPS15;MRPL38;MRPS35;ERAL1;MRPS34;MRPS31;MRPL46;MRPL55;OXA1L;MRPL13;MRPL49;MRPL52;MRPS23;PTCD3"
"Nuclear Events (Kinase And Transcription Factor Activation) R-HSA-198725",0.00847605743104399,0.0296263281957601,0.380730400722792,0.430840706619963,1.59326089428006,61,"MEF2C;ID2;CDK5R1;MAPK1;PPP2R1A;MEF2D;PPP2CA;EGR3;DUSP3;MAPK3;PPP2R5D;ID4;PPP2CB;RPS6KA5;VGF;F3;MEF2A;CDK5R2;MAPK11"
"Scavenging By Class A Receptors R-HSA-3000480",0.00847917190864084,0.0296263281957601,0.380730400722792,-0.595694335588196,-1.69881781632972,18,"COL1A2;APOB;COL4A1;COL4A2;APOA1;COL1A1;FTH1"
"LDL Clearance R-HSA-8964038",0.00860580769878174,0.0298898142395187,0.380730400722792,0.62611727542386,1.74508358497665,18,"AP2M1;CLTC;NCEH1;AP2A1;AP2S1;AP2B1;CLTA"
"XBP1(S) Activates Chaperone Genes R-HSA-381038",0.00858377218138955,0.0298898142395187,0.380730400722792,0.48521168047043,1.70571800469984,46,"TSPYL2;KLHDC3;GSK3A;SERP1;DCTN1;EXTL1;PPP2R5B;ATP6V0D1;ACADVL;SRPRB;TATDN2;ADD1;WFS1;CTDSP2;SSR1;GFPT1;SRPRA;PLA2G4B;SEC31A"
"Gap Junction Assembly R-HSA-190861",0.0086604004779369,0.0299014418868413,0.380730400722792,-0.593426547565855,-1.65468016504606,16,"GJC2;GJB1;GJA4;GJB4;GJD4;GJA3;GJA5;GJB7;GJB3"
"Meiotic Synapsis R-HSA-1221632",0.00865587693101793,0.0299014418868413,0.380730400722792,-0.404321776468682,-1.56362836741649,57,"H2AC19;LMNA;HSPA2;SUN2;H2AJ;H2BC17;FKBP6;TINF2;H3-4;H2AB1;H2AC6;POT1;H2BC4;SMC1A"
"Transcriptional Activation Of Mitochondrial Biogenesis R-HSA-2151201",0.0088551297669583,0.0304835883128033,0.380730400722792,0.447947335333084,1.60032206165442,52,"CALM1;MEF2C;ATP5F1B;CYCS;CRTC1;MEF2D;NCOA1;NR1D1;GLUD1;CARM1;SMARCD3;SSBP1;CREBBP;TBL1XR1;CREB1;SIRT3"
"MyD88 Dependent Cascade Initiated On Endosome R-HSA-975155",0.00899189256745936,0.030863348900662,0.380730400722792,0.385641058428874,1.54041093341356,100,"MEF2C;MAPK10;MAP2K1;MAPK1;SKP1;APP;PPP2R1A;PPP2CA;MAPK9;NDUFA2;DUSP3;MAP2K4;MAPK3;UBB;PPP2R5D;MAPK8;PELI3;UBE2V1;PPP2CB;RPS6KA5;NKIRAS1;MEF2A;BTRC;JUN;UBE2N;MAPK11"
"Stabilization Of P53 R-HSA-69541",0.00909195515773036,0.0311152834870127,0.380730400722792,0.435352780472646,1.57836478286234,55,"PSMD2;PSMD7;PSMC5;PSMD8;UBB;PSMA1;PSMF1;PSMC3;PSMC1;PSMD14;PSMB3;PSMB7;PSMC4;SEM1;PSMB1;PSMC2;PSMA6;PSMB2;PSME3;PSMB5;PSMA4;PHF20;PSMD12;PSMD6;PSMC6;PSMD5"
"G-protein Beta:Gamma Signaling R-HSA-397795",0.0091624955732881,0.031265006824641,0.380730400722792,0.528929997702958,1.70474908208904,32,"GNB1;PLCB1;GNG2;GNG3;AKT3;GNB2;GNG7;GNB5"
"Defensins R-HSA-1461973",0.00922150581014321,0.0312834223268521,0.380730400722792,-0.478141114323447,-1.68271855883417,39,"TSPAN32;DEFA4;DEFB104A;TLR2;DEFB103A;DEFB119;DEFB1;CCR2;TLR1;DEFB105A;CD4;DEFA6;DEFB132;DEFB131A;DEFB130A;DEFB114;DEFB125;DEFA5;DEFB113;DEFB106A;DEFB126;DEFB118;DEFB123"
"Formation Of Incision Complex In GG-NER R-HSA-5696395",0.00920520015079818,0.0312834223268521,0.380730400722792,0.485446563323986,1.66042151787017,40,"UBE2V2;SUMO1;ERCC3;MNAT1;CUL4B;UBB;DDB1;GTF2H1;UBE2N;CETN2;RAD23A;RBX1;UBE2I;GTF2H4;RAD23B;PIAS3;RPA3;ERCC2"
"ADP Signaling Thru P2Y Purinoceptor 1 R-HSA-418592",0.00946971929073563,0.0320241801367535,0.380730400722792,0.544528101817902,1.63752640890171,25,"GNB1;GNG2;GNG3;GNAQ;GNB2;GNG7;GNB5"
"Aspirin ADME R-HSA-9749641",0.00952467410178774,0.0320241801367535,0.380730400722792,-0.481559787149549,-1.62637795668715,33,"ABCC3;ACSM5;ACSM2B;CES1;UGT2B10;ABCC2;UGT2A3;SLC22A7;ACSM4;UGT2A1;SLCO2B1;UGT2B4;ALB;GLYAT;CYP2C19;GLYATL2;SLC16A1;CYP3A4;CES2;UGT2B15"
"Recycling Of Bile Acids And Salts R-HSA-159418",0.00952966287276915,0.0320241801367535,0.380730400722792,-0.589467262006996,-1.68105927321232,18,"ABCC3;SLCO1A2;SLC10A1;SLCO1B3;STARD5;SLC10A2;BAAT;ALB;SLC51B;SLCO1B1;SLC27A5;ABCB11"
"SLC Transporter Disorders R-HSA-5619102",0.00954962698165399,0.0320241801367535,0.380730400722792,-0.355450622101923,-1.50990093528165,98,"SLC6A20;SLC6A3;SLC6A2;AAAS;SLC34A3;SLC24A4;SLC6A5;NUP214;SLC7A7;RNASE7;NUP35;SLC39A4;NUP188;AVPR1B;SLC2A10;SLC9A9;SLCO1B3;NUP37;SLC6A19;SLC5A1;NUP210;SLCO2A1;SLC6A18;SLC5A5;SLC7A9;SLC11A2;TAC4;SLC12A6;SLC34A1;SLC35A3;NUP43;MAP4K2;SLC24A1;SLC26A3;SLC16A1;SLC22A18;SLCO1B1;NUP107;SLC2A1;SLC12A3"
"APC/C-mediated Degradation Of Cell Cycle Proteins R-HSA-174143",0.00958272940194864,0.0320431094901836,0.380730400722792,0.398268185958386,1.54821317639751,86,"SKP1;PSMD2;PSMD7;PSMC5;PSMD8;UBB;PSMA1;ANAPC5;PSMF1;PSMC3;PSMC1;PSMD14;ANAPC16;PSMB3;PSMB7;BTRC;UBE2D1;PSMC4;ANAPC11;ANAPC15;CDC16;UBE2E1;SEM1;PSMB1;CUL1;PSMC2;PSMA6;FZR1;PSMB2;PSME3;PSMB5;PSMA4;BUB1B;PSMD12;PSMD6;ANAPC4;PSMC6"
"Extra-nuclear Estrogen Signaling R-HSA-9009391",0.00966298676712409,0.0322191587349538,0.380730400722792,0.411669808678001,1.56696100172857,73,"CALM1;GNB1;PIK3R1;MAPK1;GNG2;GNG3;PRKCZ;AKT3;PIK3R2;GNB2;GNG7;MAPK3;GNB5"
"Mitochondrial Translation Initiation R-HSA-5368286",0.00983002225683512,0.0326827235718706,0.380730400722792,0.410520913099961,1.58941981791866,82,"MRPS21;DLGAP3;MRPL41;MRPL16;MRPS18A;MRPL33;MRPL42;MRPL50;MRPL1;MRPL3;MRPS16;MRPL21;CHCHD1;MRPL57;GADD45GIP1;MRPL23;MRPS30;MRPL15;MRPL45;MRPL51;MRPS7;MRPL34;MRPL30;MRPL20;MRPS18B;MRPS15;MRPL38;MRPS35;ERAL1;MRPS34;MRPS31;MTIF3;MRPL46;MTIF2;MRPL55;OXA1L;MRPL13;MRPL49;MRPL52;MRPS23;PTCD3"
"Signal Amplification R-HSA-392518",0.00991097307622213,0.0328582544884978,0.380730400722792,0.494946256965599,1.61119752438656,33,"GNB1;GNG2;GNG3;GNAQ;GNB2;GNG7;GNB5;AAMP"
"Signaling By EGFR R-HSA-177929",0.010085320104848,0.0333415540010132,0.380730400722792,0.458867080004253,1.62492568726785,48,"PIK3R1;EPN1;GRB2;SH3GL2;ARHGEF7;EPS15;EPS15L1;UBB;PLCG1;AAMP;HGS;CBL;LRIG1;EGFR;PTPRK;PIK3CA;STAM2"
"Potassium Channels R-HSA-1296071",0.0105401444888534,0.034746747509864,0.380730400722792,0.382566140377169,1.52758845382738,102,"GNB1;GABBR2;KCNAB2;KCNQ2;KCNC2;GNG2;KCNC1;GNG3;HCN2;HCN1;GNB2;KCNB1;KCNQ5;KCNA2;GNG7;KCNQ3;KCNMA1;KCNN1;KCNV1;GNB5;KCND3;KCNK1;KCNN2;KCNMB4;KCNS1;KCNC3;KCNJ4;KCNJ3;KCNJ6;KCNK10;GNG10;KCNC4;KCNH1;KCND2"
"Defective CFTR Causes Cystic Fibrosis R-HSA-5678895",0.0108094158966312,0.0354959690621546,0.380730400722792,0.429751253685468,1.5745131489797,59,"VCP;PSMD2;PSMD7;PSMC5;PSMD8;OS9;UBB;PSMA1;PSMF1;PSMC3;PSMC1;PSMD14;PSMB3;PSMB7;PSMC4;SEM1;PSMB1;PSMC2;PSMA6;PSMB2;PSME3;PSMB5;PSMA4;PSMD12;SEL1L;PSMD6;PSMC6;PSMD5"
"EPH-ephrin Mediated Repulsion Of Cells R-HSA-3928665",0.0108282476316427,0.0354959690621546,0.380730400722792,0.463809215069037,1.65028266793932,49,"DNM1;AP2M1;EPHB6;CLTC;CLTB;AP2A1;EPHA4;AP2S1;AP2B1;CLTA"
"Nitric Oxide Stimulates Guanylate Cyclase R-HSA-392154",0.0109202847645405,0.0356974014571956,0.380730400722792,0.57499689237791,1.66493151166923,21,"PDE2A;ITPR1;PDE1B;GUCY1B1;KCNMA1;PDE1A;IRAG1;KCNMB4;GUCY1A1;GUCY1A2"
"Regulation Of IFNA/IFNB Signaling R-HSA-912694",0.0109594817259835,0.0357254613805106,0.380730400722792,-0.566145461023703,-1.67098557933374,20,"IFNA14;USP18;IFNA4;SOCS1;IFNA8;PTPN11;IFNA2;IFNA5;PTPN6;IFNB1;IFNA16"
"Degradation Of Extracellular Matrix R-HSA-1474228",0.0111261091711266,0.0360762335045573,0.380730400722792,-0.334102601165464,-1.44707109328838,109,"CD44;COL9A2;PSEN1;KLK2;ADAMTS4;NID1;HSPG2;CAPN3;SPOCK3;TIMP1;CAPN12;ADAMTS1;CTRB1;COL16A1;CAPN14;DCN;CTSD;MMP11;CAPN13;CAPN5;ADAM15;MMP2;MMP3;TLL2;BMP1;MMP9;LAMA5;CXXC1;MMP14;MMP28;CAPN8;MMP13;CTSL"
"MyD88 Cascade Initiated On Plasma Membrane R-HSA-975871",0.0111289152199148,0.0360762335045573,0.380730400722792,0.388994230265645,1.53724523624568,95,"MEF2C;MAPK10;MAP2K1;MAPK1;SKP1;APP;PPP2R1A;PPP2CA;MAPK9;DUSP3;MAP2K4;MAPK3;UBB;PPP2R5D;MAPK8;PELI3;UBE2V1;PPP2CB;RPS6KA5;NKIRAS1;MEF2A;BTRC;JUN;UBE2N;MAPK11"
"HSF1-dependent Transactivation R-HSA-3371571",0.0111928851414414,0.0361830940721943,0.380730400722792,0.513596134679149,1.70048048225175,35,"CAMK2A;CAMK2G;HSPA8;HSP90AB1;CAMK2B;CAMK2D;HSPH1;DNAJB6;UBB;PTGES3;TNFRSF21;HSP90AA1;MLST8"
"CDC42 GTPase Cycle R-HSA-9013148",0.011355650647939,0.0365773509306795,0.380730400722792,0.351924870266327,1.4840098423397,146,"ABR;NGEF;ARHGDIG;PIK3R1;GIT1;ARHGEF25;ARHGAP26;ARHGAP32;ARHGEF11;ARHGAP44;TRIO;ARHGEF9;WASL;PIK3R2;RASGRF2;ARHGAP35;ARHGEF7;RAB7A;TFRC;ARHGEF12;FARP1;STARD13;MCF2L;WIPF2;CDC42SE2;BAIAP2;YKT6;WIPF3;OPHN1;VAV2;ARHGDIA;CDC42EP4;PRKCSH;GIT2;ITSN1;ARFGAP2"
"Regulation Of PTEN Gene Transcription R-HSA-8943724",0.0113775307522165,0.0365773509306795,0.380730400722792,0.421537970099161,1.55205519391563,60,"CBX6;MAPK1;RBBP7;CHD3;PTEN;MTA3;MAPK3;RRAGA;MTA1;RING1;LAMTOR3;RRAGD;JUN;LAMTOR2;MLST8;EED;RHEB;NR2E1;LAMTOR5"
"G1/S-Specific Transcription R-HSA-69205",0.0114938291324261,0.0368497214218166,0.380730400722792,-0.499900538620003,-1.63304037986103,29,"SLC25A15;TFDP1;E2F1;DHFR;LIN37;TYMS;CDT1;E2F5;E2F6;POLA1;FBXO5;CDK1;RRM2;CCNE1;RBL1;HDAC1;TFDP2;TK1;CDC6"
"Nephrin Family Interactions R-HSA-373753",0.0117492324837108,0.0375653542698371,0.380730400722792,0.567058787452223,1.66809314410263,22,"SPTAN1;ACTN1;PIK3R1;WASL;PIK3R2;SPTBN1;MAGI2"
"Dectin-2 Family R-HSA-5621480",0.0121762827131991,0.0388243768478232,0.380730400722792,-0.501591330297927,-1.61769059890417,27,"MUC5B;CLEC10A;CLEC4E;MUC5AC;CLEC6A;MUCL1;SYK;MUC20;MUC6;MUC13;MUC12;MUC16;LYN;CLEC4D;MUC2;MUC7;CLEC4A;FCER1G"
"Mitochondrial Translation R-HSA-5368287",0.0122622162429953,0.0389338177441334,0.380730400722792,0.390063073916289,1.52636628997556,88,"MRPS21;DLGAP3;MRPL41;MRPL16;MRPS18A;TUFM;MRPL33;MRPL42;MRPL50;MRPL1;MRPL3;MRPS16;MRPL21;CHCHD1;MRPL57;GADD45GIP1;MRPL23;MRPS30;MRPL15;MRPL45;MRPL51;MRPS7;MRPL34;MRPL30;MRPL20;MRPS18B;MRPS15;MRPL38;MRPS35;ERAL1;MRPS34;MRPS31;MTIF3;MRPL46;MTIF2;MRPL55;OXA1L;MRPL13;MRPL49;MRPL52;MRPS23;PTCD3;MRPL17;MTRF1L;MRPL9;MRPL36"
"Rap1 Signaling R-HSA-392517",0.0122773307025202,0.0389338177441334,0.380730400722792,0.637647434356639,1.6930461307526,16,"RAP1GAP;YWHAB;RAP1GAP2;PRKCA;PRKACB;RAPGEF4;YWHAZ"
"EPHB-mediated Forward Signaling R-HSA-3928662",0.012313252907539,0.0389419136669322,0.380730400722792,0.519303408227464,1.66012278170089,30,"GRIN2B;ACTR2;ARPC2;WASL;SYNGAP1;GPRIN1;LIMK1;ROCK2;KALRN;ARPC1A;ACTR3;ITSN1;ARPC3"
"Cross-presentation Of Soluble Exogenous Antigens (Endosomes) R-HSA-1236978",0.01242768759722,0.0391562189163753,0.380730400722792,0.452033504838019,1.60072684558283,48,"PSMD2;PSMD7;PSMC5;PSMD8;PSMA1;PSMF1;PSMC3;PSMC1;PSMD14;PSMB3;PSMB7;PSMC4;SEM1;PSMB1;PSMC2;PSMA6;PSMB2;PSME3;PSMB5;PSMA4;PSMD12;PSMD6;PSMC6;PSMD5"
"RHOB GTPase Cycle R-HSA-9013026",0.0124481210094046,0.0391562189163753,0.380730400722792,0.415039378224468,1.56581480170109,69,"ABR;ARHGDIG;PIK3R1;ARHGEF25;ARHGAP26;ARHGAP32;ARHGEF11;PIK3R2;FLOT1;ARHGAP35;ARHGEF17;TFRC;ARHGEF12;ARHGEF3;STARD13;MCF2L;ROCK2;OPHN1;PCDH7;MYO9A;DIAPH1;VAV2"
"Toll Like Receptor 9 (TLR9) Cascade R-HSA-168138",0.0124872138413002,0.0391735982602078,0.380730400722792,0.382240639211986,1.53700970670986,104,"MEF2C;MAPK10;MAP2K1;MAPK1;SKP1;APP;PPP2R1A;PPP2CA;MAPK9;NDUFA2;DUSP3;MAP2K4;MAPK3;UBB;PPP2R5D;MAPK8;PELI3;UBE2V1;PPP2CB;RPS6KA5;RBSN;NKIRAS1;MEF2A;BTRC;JUN;UBE2N;MAPK11"
"Meiosis R-HSA-1500620",0.0125926127857727,0.0393983354450314,0.380730400722792,-0.353750752549947,-1.47067041457431,85,"H2AC19;LMNA;HSPA2;SUN2;H2AJ;H2BC17;FKBP6;BLM;RAD51;TINF2;H3-4;PRDM9;H2AB1;H2AC6;POT1;H2BC4;SMC1A;ARTN;ATM"
"Activation Of APC/C And APC/C:Cdc20 Mediated Degradation Of Mitotic Proteins R-HSA-176814",0.0127622454424556,0.0398223006185715,0.380730400722792,0.405469123203334,1.54617634732135,75,"PSMD2;PSMD7;PSMC5;PSMD8;UBB;PSMA1;ANAPC5;PSMF1;PSMC3;PSMC1;PSMD14;ANAPC16;PSMB3;PSMB7;UBE2D1;PSMC4;ANAPC11;ANAPC15;CDC16;UBE2E1;SEM1;PSMB1;PSMC2;PSMA6;PSMB2;PSME3;PSMB5;PSMA4;BUB1B;PSMD12;PSMD6;ANAPC4;PSMC6"
"Autodegradation Of E3 Ubiquitin Ligase COP1 R-HSA-349425",0.0128224521992937,0.039903471244202,0.380730400722792,0.455178438230161,1.61941530639868,50,"PSMD2;PSMD7;PSMC5;PSMD8;UBB;PSMA1;PSMF1;PSMC3;PSMC1;PSMD14;PSMB3;PSMB7;PSMC4;SEM1;PSMB1;PSMC2;PSMA6;PSMB2;PSME3;PSMB5;PSMA4;PSMD12;PSMD6;PSMC6;PSMD5"
"Asymmetric Localization Of PCP Proteins R-HSA-4608870",0.0129370707224893,0.040081077325442,0.380730400722792,0.422552527071659,1.56261097621014,61,"PSMD2;PSMD7;PSMC5;PSMD8;UBB;PSMA1;PSMF1;PSMC3;PSMC1;PSMD14;PSMB3;PSMB7;PSMC4;FZD7;FZD4;SEM1;PSMB1;PSMC2;PSMA6;PRICKLE1;PSMB2;PSME3;DVL2;PSMB5;PSMA4;PSMD12;SMURF1;PSMD6;PSMC6;PSMD5"
"Inositol Phosphate Metabolism R-HSA-1483249",0.0129482143544916,0.040081077325442,0.380730400722792,0.450617298433145,1.59571181995551,48,"CALM1;PLCB1;ITPKA;SYNJ1;NUDT3;INPP5A;IMPA1;PTEN;ITPK1;PLCG1;IP6K1;INPP4B;INPP4A;NUDT10;OCRL;NUDT11;INPP5J;PPIP5K2;MTMR9"
"Dectin-1 Mediated Noncanonical NF-kB Signaling R-HSA-5607761",0.0130487898133571,0.040285549503142,0.380730400722792,0.418207154578079,1.5397915073769,60,"SKP1;PSMD2;PSMD7;PSMC5;PSMD8;UBE2M;UBB;PSMA1;PSMF1;PSMC3;PSMC1;PSMD14;PSMB3;PSMB7;BTRC;PSMC4;SEM1;PSMB1;CUL1;PSMC2;PSMA6;PSMB2;PSME3;PSMB5;PSMA4;PSMD12;PSMD6"
"BBSome-mediated Cargo-Targeting To Cilium R-HSA-5620922",0.013088458873596,0.0403014023891467,0.380730400722792,0.560343703729844,1.66112249388781,23,"BBS7;CCT2;MKKS;BBS5;CCT8;TCP1;TTC8;ARL6;BBS12;BBS2;LZTFL1;BBS1;CCT4"
"Cell Death Signaling Via NRAGE, NRIF And NADE R-HSA-204998",0.0134071385931283,0.0411740282583705,0.380730400722792,0.403387688756535,1.53543632186377,73,"ABR;NGEF;PLEKHG5;BEX3;ARHGEF11;TRIO;ARHGEF9;RASGRF2;YWHAE;MAGED1;ARHGEF7;ARHGEF17;UBB;MAPK8;TIAM2;ARHGEF12;ARHGEF3;MCF2L"
"Antimicrobial Peptides R-HSA-6803157",0.0134915689908606,0.0412579890936056,0.380730400722792,-0.366749196198257,-1.51795164601636,84,"REG3A;TSPAN32;PGLYRP3;DEFA4;PI3;DEFB104A;TLR2;RNASE7;SLC11A1;DEFB103A;CHAMP1;DEFB119;EPPIN;DEFB1;CCR2;TLR1;DEFB105A;CD4;DEFA6;DEFB132;PLA2G2A;RNASE8;PGLYRP2;DEFB131A;BPIFA2;DEFB130A;ITLN1;SEMG1;BPI;DEFB114;PGLYRP1;DEFB125;DEFA5;PRTN3;PGLYRP4;DEFB113;GNLY;DEFB106A;BPIFA1"
"Cell Cycle Checkpoints R-HSA-69620",0.0135498404658527,0.0412579890936056,0.380730400722792,0.297663430629008,1.33986286144996,264,"YWHAG;YWHAH;DYNLL1;YWHAB;DYNC1H1;UBE2V2;RANGAP1;PAFAH1B1;PPP2R1A;PPP2CA;YWHAE;PPP2R5B;DYNC1I1;PSMD2;DYNLL2;PSMD7;ZNF385A;PSMC5;PSMD8;PPP1CC;UBB;PPP2R5D;PSMA1;ANAPC5;PSMF1;YWHAZ;CLIP1;PSMC3;PSMC1;CENPT;PSMD14;ANAPC16;PPP2R5C;PPP2CB;NUDC;RANBP2;YWHAQ;UIMC1;TAOK1;BABAM1;PSMB3;PSMB7;UBE2D1;KAT5;CENPQ;UBE2N;SEH1L;BIRC5;NDEL1;PSMC4;HERC2;H4C15;NUP98;ANAPC11;ANAPC15;CDC16;HUS1;CLASP1;UBE2E1;SEM1"
"MECP2 Regulates Neuronal Receptors And Channels R-HSA-9022699",0.0136073743099472,0.0412579890936056,0.380730400722792,0.607282608772263,1.69258851912823,18,"GRIA2;GRIN2B;RNMT;GPRIN1;PTPN4;SLC2A3;GRIN2A;OPRM1;CREB1;MECP2;OPRK1"
"Retrograde Transport At Trans-Golgi-Network R-HSA-6811440",0.0135648826732701,0.0412579890936056,0.380730400722792,0.470877192551447,1.6553264021979,46,"RAB6B;NSF;RAB6A;NAPG;STX6;VPS53;SCOC;ARFIP2;RHOBTB3;COG4;VTI1A;TGOLN2;NAA30;M6PR;NAA38;TMF1;VPS54;VAMP4;COG8;GCC2;STX16;COG6"
"Signaling By ERBB4 R-HSA-1236394",0.0136128151208789,0.0412579890936056,0.380730400722792,0.439495218357047,1.59266816715057,56,"GABRB2;PIK3R1;GABRA1;STMN1;GRB2;GABRB3;GABRG2;ADAP1;GABRB1;UBB;MXD4"
"Thromboxane Signaling Thru TP Receptor R-HSA-428930",0.0136466013625808,0.0412579890936056,0.380730400722792,0.540217580139733,1.62064387039982,24,"GNB1;GNG2;GNG3;GNAQ;GNB2;GNG7;GNB5;AAMP"
"Phosphorylation Of CD3 And TCR Zeta Chains R-HSA-202427",0.0137386757745856,0.0414290300489442,0.380730400722792,-0.565013070406687,-1.59257089248518,17,"HLA-DPA1;TARP;HLA-DRB1;LCK;CSK;CD4;CD3D;PTPN22;CD3E;PTPRJ;HLA-DQA2;HLA-DRA;PTPRC;HLA-DQA1"
"Integrin Cell Surface Interactions R-HSA-216083",0.0138673151441661,0.0417091669413448,0.380730400722792,-0.387078638737385,-1.54007210949138,66,"JAM3;CD44;COL9A2;ITGB1;HSPG2;FN1;ICAM2;COL4A1;COL16A1;COL4A2;ITGA2;ITGA10;ITGAX;VCAM1;AGRN;PECAM1;ITGB5;FGB"
"Digestion And Absorption R-HSA-8963743",0.0139097604057238,0.0417292812171714,0.380730400722792,-0.520294212511549,-1.63181488128303,25,"LIPF;PMEL;NPC1L1;CEL;SLC2A5;AMY1A;MGAM;SLC5A1;GUCA2B;GUCY2C"
"Nuclear Envelope (NE) Reassembly R-HSA-2995410",0.0141936246970777,0.0424716923627941,0.380730400722792,0.411505613650301,1.55219818743355,70,"TUBA4A;TUBB2A;TUBB4B;RANGAP1;PPP2R1A;TUBA1C;SUMO1;PPP2CA;TUBB2B;TUBA8;RAN;VPS4A;TUBB4A;KPNB1;BANF1;SEH1L;CHMP4B;CHMP7;NUP98;PPP2R2A;UBE2I"
"Formation Of RNA Pol II Elongation Complex R-HSA-112382",0.0144057704159633,0.0429962508322995,0.380730400722792,0.437573040004202,1.58570246616842,56,"SUPT4H1;NCBP2;POLR2E;ERCC3;MNAT1;ELOB;POLR2A;GTF2H1;AFF4;SUPT5H;SSRP1;SUPT6H;MLLT1;MLLT3;POLR2F;RTF1;CDK9;POLR2K;GTF2H4;CCNK;NELFCD;CCNT1;ERCC2;GTF2F1;NELFE;DMAP1;ELOC;LEO1;POLR2J"
"RNA Pol II CTD Phosphorylation And Interaction With CE R-HSA-77075",0.01457948545427,0.0434037232784008,0.380730400722792,0.536543877028529,1.62834598609939,26,"RNMT;POLR2E;ERCC3;MNAT1;POLR2A;GTF2H1;SUPT5H;RNGTT;POLR2F;POLR2K;GTF2H4"
"Toll-like Receptor Cascades R-HSA-168898",0.0146744788021397,0.043575360717804,0.380730400722792,0.339606876738616,1.44852225761185,160,"DNM1;MEF2C;MAPK10;CTSB;MAP2K1;MAPK1;SKP1;APP;PPP2R1A;PPP2CA;MAPK9;UBE2D2;NDUFA2;DUSP3;MAP2K4;UBE2D3;LGMN;MAPK3;S100A1;UBB;PPP2R5D;MAPK8;PTPN4;PELI3;DNM3;UBE2V1;PPP2CB;RPS6KA5;RBSN;NKIRAS1;MEF2A;BTRC;UBE2D1;JUN;UBE2N;MAPK11"
"Regulation Of RUNX3 Expression And Activity R-HSA-8941858",0.0150944194876336,0.0447085978225087,0.380730400722792,0.437551241377226,1.57053168598288,53,"PSMD2;PSMD7;PSMC5;PSMD8;UBB;PSMA1;PSMF1;PSMC3;PSMC1;PSMD14;PSMB3;PSMB7;PSMC4;SEM1;PSMB1;PSMC2;PSMA6;PSMB2;PSME3;PSMB5;PSMA4;PSMD12;SMURF1;PSMD6;PSMC6;EP300;PSMD5"
"Listeria Monocytogenes Entry Into Host Cells R-HSA-8876384",0.0152269829217736,0.0449870609359742,0.380730400722792,0.601892287499482,1.67756487812661,18,"GRB2;SH3GL2;RNMT;EPS15;UBB;CTNNB1;HGS;CBL;STAM2;FZR1"
"Toll Like Receptor 7/8 (TLR7/8) Cascade R-HSA-168181",0.0152927303547036,0.04506721293924,0.380730400722792,0.382394902313909,1.52961080420144,101,"MEF2C;MAPK10;MAP2K1;MAPK1;SKP1;APP;PPP2R1A;PPP2CA;MAPK9;NDUFA2;DUSP3;MAP2K4;MAPK3;UBB;PPP2R5D;MAPK8;PELI3;UBE2V1;PPP2CB;RPS6KA5;NKIRAS1;MEF2A;BTRC;JUN;UBE2N;MAPK11"
"Negative Regulation Of TCF-dependent Signaling By WNT Ligand Antagonists R-HSA-3772470",0.0155721045527191,0.0457749269849451,0.380730400722792,-0.580719898788288,-1.58790295012462,15,"SFRP2;SFRP1;DKK4;LRP5;KREMEN2;WNT9A;DKK1;LRP6;WNT3A;KREMEN1"
"Adrenaline,noradrenaline Inhibits Insulin Secretion R-HSA-400042",0.0166714717974496,0.0487634521390178,0.352487857583619,0.526499851532902,1.63806418857385,28,"GNB1;CACNB3;GNG2;GNG3;GNB2;GNG7;GNB5;CACNB2;CACNA1D"
"Basigin Interactions R-HSA-210991",0.0166723371066565,0.0487634521390178,0.352487857583619,0.523772546968336,1.57510948480889,25,"BSG;PPIA;L1CAM;ATP1B1;ATP1B2;ATP1B3;DEAF1"
"Activated PKN1 Stimulates Transcription Of Androgen Receptor Regulated KLK2 And KLK3 R-HSA-5625886",0.0168913064648985,0.0491574928791435,0.352487857583619,-0.461826246426282,-1.55973162014463,33,"H2AC19;H2AJ;KLK2;H2BC17;PKN1;H2AB1;KDM1A;H2AC6;H2BC4"
"G-protein Activation R-HSA-202040",0.0168676067597725,0.0491574928791435,0.352487857583619,0.535372905568855,1.60610992623357,24,"GNB1;GNG2;GNG3;GNAQ;GNB2;GNG7;GNB5"
"JNK (c-Jun Kinases) Phosphorylation And Activation Mediated By Activated Human TAK1 R-HSA-450321",0.0170009475246719,0.0492310316657372,0.352487857583619,0.598379749531307,1.66777490332401,18,"MAPK10;MAPK9;MAP2K4;MAPK8;UBE2V1;UBE2N;MAP3K7;TAB3;TAB2;MAP2K7;IRAK1"
"RND1 GTPase Cycle R-HSA-9696273",0.0169590735567978,0.0492310316657372,0.352487857583619,0.462515353350756,1.60184399296568,42,"STMN2;PIK3R1;RND1;PLEKHG5;PIK3R2;ARHGAP35;PLXNA1;TXNL1;TFRC;KIDINS220;RBMX;STIP1"
"Transcriptional Regulation Of Granulopoiesis R-HSA-9616222",0.0173285534448022,0.050055499678426,0.352487857583619,-0.397872184843656,-1.54027367822104,56,"H2AC19;H2AJ;CSF3R;H2BC17;GATA2;TFDP1;H2AB1;E2F1;CBFB;MYC;H2AC6;DEK;H2BC4;H2AX;IL6R;H2BC21;CDK4;SPI1;FLI1;RUNX1;H3-3B;CDK2"
"Budding And Maturation Of HIV Virion R-HSA-162588",0.017523009271138,0.0503678616241824,0.352487857583619,0.531640817043123,1.61346579011047,26,"PPIA;SGIP1;VTA1;VPS28;VPS4A;UBB;NEDD4L;CHMP4B;VPS37B;CHMP7"
"Signaling By FGFR R-HSA-190236",0.0175205038986436,0.0503678616241824,0.352487857583619,0.388132587805476,1.50301092679975,84,"PIK3R1;MAPK1;GRB2;PPP2R1A;FLRT2;NCBP2;FGF13;PPP2CA;POLR2E;MAPK3;UBB;PLCG1;POLR2A;BRAF;PPP2CB;FLRT3;FGFR3;HNRNPM"
"Tight Junction Interactions R-HSA-420029",0.0180084033898637,0.0516358888353093,0.352487857583619,-0.486734679753831,-1.58695485488239,28,"CLDN5;CLDN11;CRB3;CLDN2;CLDN9;PARD6G;CLDN1;CLDN19;CLDN17;CLDN15;CLDN4;PARD6B"
"Interferon Alpha/Beta Signaling R-HSA-909733",0.0184376936764737,0.0527372267657962,0.352487857583619,-0.354610994411484,-1.42108034904022,67,"IFNA14;USP18;IFITM1;ISG20;IFNA4;IFITM3;HLA-C;HLA-B;SOCS1;XAF1;IRF1;HLA-G;IRF4;IFNA8;PTPN11;IFNA2;ISG15;HLA-A;IFNA5;GBP2;PTPN6;IFNB1;IRF3;IFNA16;IFI35;RSAD2;PSMB8;HLA-E;BST2;IRF6;IFIT2;IFI27;IRF9"
"Cholesterol Biosynthesis R-HSA-191273",0.0187009998478525,0.0532350569029787,0.352487857583619,0.529552846764837,1.60712905202193,26,"SREBF2;HMGCS1;SC5D;MVD;MSMO1;DHCR24;HMGCR;IDI1;CYP51A1;LMBR1;GGPS1"
"Diseases Of Glycosylation R-HSA-3781865",0.0187029762898211,0.0532350569029787,0.352487857583619,-0.304030534180644,-1.38681827416697,140,"MUC5B;B4GALT7;MUC5AC;ADAMTS4;BGN;HSPG2;PMM2;ADAMTS14;ALG6;CSPG4;ADAMTS1;DCN;PGM1;MUCL1;B3GALT6;CHST3;B3GAT3;OGN;MPDU1;AGRN;NOTCH3;DPM2;SBSPON;THBS2;ADAMTS3;ADAMTSL5;PRELP;HEXA;RFT1;NOTCH1;MUC20;MUC6;GNE;EXT1;MUC13;PAPSS2;ADAMTS9;CFP;ADAMTS20;POMT1;MUC12;ADAMTS19;ALG2;SEMA5A;ADAMTSL1;ADAMTSL4;MUC16;ADAMTS12;THBS1;LFNG;GPC4;DOLK;ADAMTS7;ADAMTS15;SLC26A2;ALG14;CHST6;NOTCH2;MUC2"
"cGMP Effects R-HSA-418457",0.0188542996084868,0.0535352010781122,0.352487857583619,0.617307050241266,1.61374599559873,15,"PDE2A;ITPR1;PDE1B;KCNMA1;PDE1A;IRAG1;KCNMB4"
"ADP Signaling Thru P2Y Purinoceptor 12 R-HSA-392170",0.0192143486889977,0.0543999957626203,0.352487857583619,0.544120301645259,1.60061595874306,22,"GNB1;GNG2;GNG3;GNB2;GNG7;GNB5"
"RHOBTB1 GTPase Cycle R-HSA-9013422",0.0192520979005674,0.0543999957626203,0.352487857583619,0.545874554205898,1.61822912401202,23,"CUL3;DBN1;CCT2;TXNL1;HNRNPC;COPS4;ROCK2;RBMX;CCT7"
"Cellular Hexose Transport R-HSA-189200",0.0195595166295186,0.054625984037928,0.352487857583619,-0.533878338593447,-1.59863763757157,21,"SLC50A1;SLC5A10;FGF21;SLC5A9;SLC2A10;SLC5A1;SLC45A3;SLC2A11;SLC2A4;SLC2A1;SLC2A6;SLC5A2;SLC2A9;SLC2A7"
"Diseases Associated With O-glycosylation Of Proteins R-HSA-3906995",0.0194455982383852,0.054625984037928,0.352487857583619,-0.370883828278291,-1.49259525077,68,"MUC5B;MUC5AC;ADAMTS4;ADAMTS14;ADAMTS1;MUCL1;NOTCH3;SBSPON;THBS2;ADAMTS3;ADAMTSL5;NOTCH1;MUC20;MUC6;MUC13;ADAMTS9;CFP;ADAMTS20;POMT1;MUC12;ADAMTS19;SEMA5A;ADAMTSL1;ADAMTSL4;MUC16;ADAMTS12;THBS1;LFNG;ADAMTS7;ADAMTS15;NOTCH2;MUC2;MUC7;ADAMTS5;SPON2;THSD7A;THSD1;SEMA5B;ADAMTS18;ADAMTSL2;MUC19;MUC17;ADAMTS17;THSD7B"
"Fertilization R-HSA-1187000",0.0194943694016524,0.054625984037928,0.352487857583619,-0.508111480969082,-1.59360580236649,25,"CD9;IZUMO2;CATSPERG;HVCN1;IZUMO3;ADAM21;CATSPER1;ZP2;IZUMO4;ACR;KCNU1;CATSPERD"
"Formation Of Early Elongation Complex R-HSA-113418",0.0195575057681829,0.054625984037928,0.352487857583619,0.504197382046696,1.62503550180284,32,"SUPT4H1;NCBP2;POLR2E;ERCC3;MNAT1;POLR2A;GTF2H1;SUPT5H;POLR2F;POLR2K;GTF2H4;NELFCD;ERCC2;GTF2F1;NELFE"
"Intra-Golgi Traffic R-HSA-6811438",0.0195661193897634,0.054625984037928,0.352487857583619,0.466656963150313,1.59615356584901,40,"NSF;RAB39A;NAPG;CYTH3;STX6;TRIP11;MAN2A2;YKT6;STX5;COG4;VTI1A;MAN1C1;RAB30;CUX1;COG8;STX16;COG6;MAN1A2;GOLIM4"
"mRNA 3-End Processing R-HSA-72187",0.0203186608305172,0.0565915923370253,0.352487857583619,0.414559831299939,1.51458119849958,58,"SRSF5;NUDT21;NCBP2;SRSF9;WDR33;PABPN1;MAGOH;RNPS1;THOC7;CSTF3;FIP1L1;PAPOLA;FYTTD1;SRSF6;SRSF1;DDX39A;U2AF1L4"
"Negative Regulation Of FGFR3 Signaling R-HSA-5654732",0.0210204531276081,0.0584068304759967,0.352487857583619,0.520459746205807,1.61927200809607,28,"MAPK1;GRB2;PPP2R1A;FGF13;PPP2CA;MAPK3;UBB;BRAF;PPP2CB;FGFR3"
"G Alpha (S) Signaling Events R-HSA-418555",0.0214562046495251,0.0594759877102038,0.352487857583619,0.329862941159046,1.40180023736606,152,"CHGA;PRKAR1B;GNB1;GNAS;ADCY1;PDE2A;GRK2;ARRB1;GNG2;PRKAR2B;GNG3;PDE1B;PRKAR1A;PRKCA;PRKACB;ADCY2;GNB2;GNG7;GNB5;PDE1A"
"EGFR Downregulation R-HSA-182971",0.0216721131433404,0.0599321233134557,0.352487857583619,0.494913972739965,1.58215399342772,30,"EPN1;GRB2;SH3GL2;ARHGEF7;EPS15;EPS15L1;UBB;HGS;CBL;EGFR;PTPRK;STAM2"
"Signaling By ROBO Receptors R-HSA-376176",0.0221427719343918,0.0610889239892086,0.352487857583619,0.294872948151358,1.30217168313443,205,"NELL2;EVL;PPP3CB;PFN2;GPC1;RPL41;PRKCA;NCBP2;PRKACB;PSMD2;LDB2;PSMD7;ARHGEF7;PSMC5;PSMD8;RPL31;RPL35A;RPS21;UBB;PSMA1;ELOB;PSMF1;PSMC3;PSMC1;MAGOH;RPS15;RNPS1;PSMD14;RPL14;FLRT3;RPL26;RPL27;GSPT1;PSMB3;PSMB7;SLIT2;RPL15;RPS4Y1;PSMC4;RPL10A;RPL38;RBX1;LHX2;RPL36;CLASP1;SEM1;RSL24D1;ROBO1;PSMB1;RPL23;PSMC2;PSMA6;UPF3B;UPF2;NTN1;AKAP5;RPL22L1;RPL22;PSMB2;PSME3;PSMB5;RPL7A;PSMA4;CUL2;RPS24;MRPL13;SOS1;PSMD12;PSMD6"
"Mitochondrial Translation Termination R-HSA-5419276",0.0222422710679181,0.0612187036232556,0.352487857583619,0.387773222841494,1.50134725314806,82,"MRPS21;DLGAP3;MRPL41;MRPL16;MRPS18A;MRPL33;MRPL42;MRPL50;MRPL1;MRPL3;MRPS16;MRPL21;CHCHD1;MRPL57;GADD45GIP1;MRPL23;MRPS30;MRPL15;MRPL45;MRPL51;MRPS7;MRPL34;MRPL30;MRPL20;MRPS18B;MRPS15;MRPL38;MRPS35;ERAL1;MRPS34;MRPS31;MRPL46;MRPL55;OXA1L;MRPL13;MRPL49;MRPL52;MRPS23;PTCD3;MRPL17;MTRF1L;MRPL9;MRPL36"
"Mitotic Spindle Checkpoint R-HSA-69618",0.0225484461921429,0.061698794725027,0.352487857583619,0.350760718476912,1.41612105050038,108,"DYNLL1;DYNC1H1;RANGAP1;PAFAH1B1;PPP2R1A;PPP2CA;PPP2R5B;DYNC1I1;DYNLL2;PPP1CC;PPP2R5D;ANAPC5;CLIP1;CENPT;ANAPC16;PPP2R5C;PPP2CB;NUDC;RANBP2;TAOK1;UBE2D1;CENPQ;SEH1L;BIRC5;NDEL1;NUP98;ANAPC11;ANAPC15;CDC16;CLASP1;UBE2E1"
"Synthesis Of Glycosylphosphatidylinositol (GPI) R-HSA-162710",0.0224712992170305,0.061698794725027,0.352487857583619,-0.556768730467993,-1.58780868372765,18,"PIGM;PIGH;PIGL;PIGN;PIGV;DPM2;PIGO;PIGC"
"Transcriptional Regulation By RUNX2 R-HSA-8878166",0.0225753087811367,0.061698794725027,0.352487857583619,0.34745074043365,1.4123064713485,116,"FBXW7;SATB2;MAPK1;SKP1;AKT3;GSK3B;PSMD2;PSMD7;PSMC5;PSMD8;STUB1;MAPK3;UBB;PSMA1;PSMF1;PSMC3;PSMC1;GLI3;SMAD4;NR3C1;PSMD14;SOX9;PSMB3;PSMB7;AKT2;PSMC4;RBX1;SEM1;PSMB1;CUL1;PSMC2;PSMA6;MAF;AKT1;HDAC4;PSMB2;PSME3;PSMB5;PSMA4;HDAC3;PSMD12;SMURF1;PSMD6"
"Activation Of GABAB Receptors R-HSA-991365",0.022743462635509,0.0620131329337359,0.352487857583619,0.450151907673875,1.55902528209177,42,"GNB1;GABBR2;ADCY1;GNG2;GNG3;ADCY2;GNB2;GNG7;GNB5"
"Assembly Of Collagen Fibrils And Other Multimeric Structures R-HSA-2022090",0.0231370298914557,0.0627124802910308,0.352487857583619,-0.375863826978814,-1.4535733080786,57,"COL1A2;COL9A2;COL6A2;COL4A1;COL4A2;COL6A3;COL1A1;COL8A1;COL5A2;MMP3;PCOLCE;TLL2;BMP1;MMP9;MMP28;CD151;MMP13;CTSL"
"C-type Lectin Receptors (CLRs) R-HSA-5621481",0.0231011041870484,0.0627124802910308,0.352487857583619,0.327540753472599,1.36347478562775,138,"PPP3R1;CALM1;PPP3CB;SKP1;ITPR1;AHCYL1;PRKCA;PPP3CA;PRKACB;PSMD2;UBE2D2;PSMD7;ARHGEF7;PSMC5;PSMD8;UBE2M;UBB;PSMA1;PSMF1;PSMC3;PSMC1;PSMD14;UBE2V1;RPS6KA5;PSMB3;PSMB7;BTRC;UBE2D1;UBE2N"
"Downstream TCR Signaling R-HSA-202424",0.0232149027298417,0.0627124802910308,0.352487857583619,0.354306607840395,1.39047736690892,90,"PIK3R1;SKP1;PIK3R2;PSMD2;UBE2D2;PSMD7;PTEN;PSMC5;PSMD8;UBB;PSMA1;PSMF1;PSMC3;PSMC1;PSMD14;UBE2V1;HLA-DQB2;PSMB3;PSMB7;BTRC;UBE2D1;UBE2N;PSMC4;MAP3K7;CDC34;PIK3CB;SEM1;PSMB1;CUL1;PIK3CA;PSMC2;PSMA6"
"FCERI Mediated MAPK Activation R-HSA-2871796",0.0231806129200344,0.0627124802910308,0.352487857583619,0.497575398000045,1.5672944014644,29,"MAPK10;MAPK1;GRB2;MAPK9;MAP2K4;MAPK3;MAPK8;PLCG1;VAV2;JUN"
"p53-Dependent G1 DNA Damage Response R-HSA-69563",0.0234001001134992,0.0630667825229874,0.352487857583619,0.392459174434602,1.4615321793389,64,"PSMD2;PSMD7;ZNF385A;PSMC5;PSMD8;UBB;PSMA1;PSMF1;PSMC3;PSMC1;PSMD14;PSMB3;PSMB7;PSMC4;SEM1;PSMB1;PSMC2;PSMA6;PSMB2;PSME3;PSMB5;PSMA4;PHF20;PSMD12;PSMD6;PSMC6;PSMD5"
"Switching Of Origins To A Post-Replicative State R-HSA-69052",0.0235767021859596,0.063396339748882,0.352487857583619,0.382419922875746,1.50097925789074,89,"SKP1;PSMD2;PSMD7;PSMC5;PSMD8;UBB;PSMA1;ANAPC5;PSMF1;PSMC3;PSMC1;PSMD14;ANAPC16;PSMB3;PSMB7;UBE2D1;PSMC4;ANAPC11;RBX1;ANAPC15;CDC16;UBE2E1;SEM1;PSMB1;CUL1;PSMC2;PSMA6;FZR1;PSMB2;PSME3;SLC25A2;PSMB5;PSMA4;PSMD12;PSMD6;ANAPC4;PSMC6;PSMD5;MCM6;PSMD11;ORC4;ANAPC7;ORC6;PSMA5"
"O-linked Glycosylation R-HSA-5173105",0.0239937701071108,0.0642282055112819,0.352487857583619,-0.316272674077881,-1.3580443510918,105,"MUC5B;MUC5AC;ADAMTS4;GALNTL5;B3GNT6;ADAMTS14;GALNT6;ADAMTS1;MUCL1;GALNT5;B3GNT3;SBSPON;GCNT7;THBS2;ADAMTS3;ADAMTSL5;B3GNT9;MUC20;MUC6;GALNT8;GALNT2;POFUT2;MUC13;ST6GALNAC3;ADAMTS9;CFP;B3GNT5;ADAMTS20;POMT1;MUC12;ADAMTS19;SEMA5A;ADAMTSL1;ST6GAL1;ADAMTSL4;MUC16;ADAMTS12;THBS1;A4GNT;ADAMTS7;ADAMTS15;GALNT14"
"tRNA Aminoacylation R-HSA-379724",0.0239961419048148,0.0642282055112819,0.352487857583619,0.467450215107793,1.60520130384214,41,"AARS1;SARS1;PPA1;GARS1;YARS1;MARS1;HARS1;WARS1;IARS1;PPA2;DTD1;FARSA;NARS1;LARS1;FARS2;MARS2"
"Glucagon-type Ligand Receptors R-HSA-420092",0.0240987527739378,0.0643552505427584,0.352487857583619,0.467712339058815,1.52254300787446,33,"GNB1;GNAS;GNG2;GNG3;GNB2;GNG7;GNB5"
"RNA Polymerase II Pre-transcription Events R-HSA-674695",0.0242984379671624,0.06474035869333,0.352487857583619,0.378524566273261,1.44947498570265,78,"SUPT4H1;NCBP2;POLR2E;ERCC3;MNAT1;ELOB;POLR2A;GTF2H1;TAF6;TAF13;AFF4;SUPT5H;SSRP1;SUPT6H;TAF11;MLLT1;MLLT3;POLR2F;TAF9;TAF15;RTF1;CDK9;POLR2K;GTF2H4;CCNK;TAF9B;GTF2A1;NELFCD;CCNT1;ERCC2;GTF2F1;NELFE;GTF2B;DMAP1;GTF2A2;ELOC;LEO1;POLR2J;TBP"
"Beta Defensins R-HSA-1461957",0.0251953909897516,0.0665741838561131,0.352487857583619,-0.467214096490683,-1.57511835601934,32,"DEFB104A;TLR2;DEFB103A;DEFB119;DEFB1;CCR2;TLR1;DEFB105A;DEFB132;DEFB131A;DEFB130A;DEFB114;DEFB125;DEFB113;DEFB106A;DEFB126;DEFB118;DEFB123"
"MyD88:MAL(TIRAP) Cascade Initiated On Plasma Membrane R-HSA-166058",0.0252583805714619,0.0665741838561131,0.352487857583619,0.342144320918739,1.38508534666768,111,"MEF2C;MAPK10;MAP2K1;MAPK1;SKP1;APP;PPP2R1A;PPP2CA;MAPK9;NDUFA2;DUSP3;MAP2K4;MAPK3;S100A1;UBB;PPP2R5D;MAPK8;PELI3;UBE2V1;PPP2CB;RPS6KA5;NKIRAS1;MEF2A;BTRC;JUN;UBE2N;MAPK11"
"RAC1 GTPase Cycle R-HSA-9013149",0.0253289954002692,0.0665741838561131,0.352487857583619,0.313779392256253,1.35621975838244,176,"ABR;CYFIP2;NGEF;PIK3R1;GIT1;ARHGEF25;ARHGAP26;ARHGAP32;ABI2;ARHGEF11;ARHGAP44;TRIO;WASL;PIK3R2;RASGRF2;DOCK3;NCKAP1;ARHGAP35;WASF1;ARHGEF7;RAB7A;ABI1;TFRC;TIAM2;BRK1;FARP1;MCF2L;WIPF2;BAIAP2;YKT6;WIPF3;WASF3;OPHN1;DOCK4;KALRN;NISCH;VAV2;ARHGDIA;CDC42EP4;PRKCSH;GIT2;NOXA1"
"RHOJ GTPase Cycle R-HSA-9013409",0.025287577919808,0.0665741838561131,0.352487857583619,0.427845118170662,1.54392390293862,54,"PIK3R1;GIT1;ARHGAP26;ARHGAP32;TRIO;WASL;PIK3R2;ARHGAP35;ARHGEF7;RAB7A;TFRC;WIPF2;GJA1;OPHN1"
"Regulation Of mRNA Stability By Proteins That Bind AU-rich Elements R-HSA-450531",0.0252664166119588,0.0665741838561131,0.352487857583619,0.376816017152637,1.4720731036014,87,"HSPA8;YWHAB;PRKCA;PSMD2;HNRNPD;PSMD7;PSMC5;PSMD8;UBB;PSMA1;PSMF1;YWHAZ;PSMC3;PSMC1;PSMD14;PSMB3;PSMB7;MAPK11;PARN;PSMC4;SEM1;PSMB1;PSMC2;PSMA6;AKT1;PSMB2;PSME3;PSMB5;PSMA4;PSMD12;PSMD6;EIF4G1;PSMC6;ZFP36L1;PSMD5;GPRC5A;MAPK14;XRN1"
"Synthesis Of IP3 And IP4 In Cytosol R-HSA-1855204",0.0251799697431283,0.0665741838561131,0.352487857583619,0.51454932828703,1.56159518212482,26,"CALM1;PLCB1;ITPKA;SYNJ1;PTEN;ITPK1;PLCG1"
"NRAGE Signals Death Thru JNK R-HSA-193648",0.0257627603067933,0.0675621152315231,0.352487857583619,0.413896444331935,1.50497799904272,57,"ABR;NGEF;PLEKHG5;ARHGEF11;TRIO;ARHGEF9;RASGRF2;MAGED1;ARHGEF7;ARHGEF17;MAPK8;TIAM2;ARHGEF12;ARHGEF3;MCF2L;KALRN;VAV2;ITSN1;FGD1;ARHGEF6;BAD;AKAP13;ARHGEF2"
"Negative Regulation Of MET Activity R-HSA-6807004",0.0266940353163945,0.0698473973413283,0.352487857583619,0.540956273367076,1.53744028173956,20,"GRB2;SH3GL2;RNMT;EPS15;UBB;HGS;CBL;LRIG1;STAM2"
"G1/S DNA Damage Checkpoints R-HSA-69615",0.0274525151173193,0.0715113507631956,0.352487857583619,0.387235562194599,1.44703956837119,66,"PSMD2;PSMD7;ZNF385A;PSMC5;PSMD8;UBB;PSMA1;PSMF1;PSMC3;PSMC1;PSMD14;PSMB3;PSMB7;PSMC4;SEM1;PSMB1;PSMC2;PSMA6;PSMB2;PSME3;PSMB5;PSMA4;PHF20;PSMD12;PSMD6;PSMC6;PSMD5"
"GAG Synthesis Requires Tetrasaccharide Linker Sequence R-HSA-1971475",0.0274077993243559,0.0715113507631956,0.352487857583619,-0.474106560716261,-1.51732989134719,26,"B4GALT7;XYLT1;BGN;HSPG2;CSPG4;DCN;B3GALT6;B3GAT3;AGRN"
"P75 NTR Receptor-Mediated Signaling R-HSA-193704",0.0297254575121508,0.0772597080549665,0.352487857583619,0.350439195296216,1.38626224707487,94,"ABR;NGEF;PLEKHG5;BEX3;ARHGEF11;TRIO;ARHGEF9;RASGRF2;RTN4;YWHAE;MAGED1;ARHGEF7;ARHGEF17;UBB;MAPK8;TIAM2;ARHGEF12;ARHGEF3;MCF2L"
"Cargo Concentration In ER R-HSA-5694530",0.0301268852235948,0.0777833518936617,0.352487857583619,0.481007656583962,1.55029467906982,32,"GRIA1;CNIH2;CD59;MCFD2;STX5;F5;MIA3;CNIH1;TMED2;SEC22B;SEC23A"
"Signaling By FGFR2 R-HSA-5654738",0.0300694122281495,0.0777833518936617,0.352487857583619,0.387574809094315,1.46193125006148,70,"PIK3R1;MAPK1;GRB2;PPP2R1A;NCBP2;FGF13;PPP2CA;POLR2E;MAPK3;UBB;PLCG1;POLR2A;BRAF;PPP2CB;HNRNPM"
"Synthesis Of Leukotrienes (LT) And Eoxins (EX) R-HSA-2142691",0.0300101114304095,0.0777833518936617,0.352487857583619,-0.518453498205007,-1.5302221402415,20,"ALOX15;GGT1;CYP4A22;CYP4F22;ALOX5AP;MAPKAPK2;DPEP1;CYP4F8;CYP4F2;GGT5;DPEP2;ABCC1;CYP4F11"
"Early Phase Of HIV Life Cycle R-HSA-162594",0.0305039030991559,0.0785006630150839,0.352487857583619,0.594487336825065,1.55409136970111,15,"PPIA;SGIP1;PSIP1;XRCC6;HMGA1;XRCC5;BANF1;KPNA1;LRIG1"
"RNA Polymerase II Transcription Termination R-HSA-73856",0.0305392467942143,0.0785006630150839,0.352487857583619,0.378742381989778,1.41438748173745,67,"SRSF5;NUDT21;NCBP2;SRSF9;WDR33;PABPN1;MAGOH;RNPS1;THOC7;CSTF3;FIP1L1;SNRPD3;PAPOLA;FYTTD1;SRSF6;SRSF1;DDX39A;U2AF1L4;LSM11;UPF3B;CPSF4;SLBP"
"Aggrephagy R-HSA-9646399",0.0310147109178068,0.079547621189188,0.352487857583619,0.52524206483977,1.55706471373518,23,"DYNLL1;DYNC1H1;PARK7;VCP;DYNC1I1;DYNLL2;UBB;UBE2V1;HSP90AA1;UBE2N"
"Base Excision Repair R-HSA-73884",0.031334213655217,0.0801908494202592,0.321775918075361,-0.356567021226684,-1.43104255665063,69,"H2AC19;POLD1;H2AJ;H2BC17;TINF2;H3-4;H2AB1;POLD2;ADPRS;H2AC6;POT1;H2BC4;TDG;POLD4;RFC4;H2AX;RFC3;MBD4;H2BC21;POLE2;UNG"
"Formation Of HIV-1 Elongation Complex Containing HIV-1 Tat R-HSA-167200",0.0319718453382008,0.0816436400649461,0.321775918075361,0.432931093729778,1.49938389468595,42,"SUPT4H1;NCBP2;POLR2E;ERCC3;MNAT1;ELOB;POLR2A;GTF2H1;SUPT5H;SSRP1;POLR2F;CDK9;POLR2K;GTF2H4;NELFCD;CCNT1;ERCC2;GTF2F1;NELFE"
"G Beta:Gamma Signaling Thru BTK R-HSA-8964315",0.0329813168853662,0.0838544592706369,0.321775918075361,0.566222954707439,1.57814905047623,18,"GNB1;GNG2;GNG3;GNB2;GNG7;GNB5"
"HSF1 Activation R-HSA-3371511",0.0329248697879745,0.0838544592706369,0.321775918075361,0.495643934035972,1.52839038221618,27,"HSP90AB1;HSPH1;DNAJB6;YWHAE;VCP;UBB;PTGES3;TNFRSF21;HSP90AA1"
"Signaling By ERBB2 ECD Mutants R-HSA-9665348",0.0360463240849743,0.0914479569720977,0.321775918075361,0.586883931527453,1.53421477045097,15,"PIK3R1;GRB2;CDC37;PLCG1;HSP90AA1;EGFR;PIK3CA;HRAS"
"TRAF6 Mediated IRF7 Activation R-HSA-933541",0.036364416699131,0.092054824919492,0.321775918075361,-0.511984131260157,-1.54528158438688,22,"IFNA14;IFNA4;IFNA8;IFNA2;MAVS;IFNA5;IFNB1;SIKE1;IRF3;IFNA16"
"Formation Of HIV Elongation Complex In Absence Of HIV Tat R-HSA-167152",0.0365992422707871,0.0924487353463388,0.321775918075361,0.431970213570359,1.5095187156228,44,"SUPT4H1;NCBP2;POLR2E;ERCC3;MNAT1;ELOB;POLR2A;GTF2H1;SUPT5H;SSRP1;POLR2F;CDK9;POLR2K;GTF2H4;CCNK;NELFCD;CCNT1;ERCC2;GTF2F1;NELFE"
"G Beta:Gamma Signaling Thru CDC42 R-HSA-8964616",0.0372836030081795,0.0939740058543099,0.321775918075361,0.522820576623095,1.4858972049987,20,"GNB1;GNG2;GNG3;GNB2;GNG7;GNB5"
"Hedgehog Ligand Biogenesis R-HSA-5358346",0.037651522041917,0.0946968237562869,0.321775918075361,0.396194516188839,1.46794734577786,63,"VCP;PSMD2;PSMD7;PSMC5;PSMD8;OS9;UBB;PSMA1;PSMF1;PSMC3;PSMC1;PSMD14;PSMB3;PSMB7;PSMC4;SEM1;PSMB1;PSMC2;PSMA6;P4HB;PSMB2;PSME3;PSMB5;PSMA4;PSMD12;SEL1L;PSMD6"
"Arachidonic Acid Metabolism R-HSA-2142753",0.0379414477800687,0.0950164582818458,0.321775918075361,-0.35703883233358,-1.38044962134094,58,"ALOX15;FA2H;PRXL2B;GGT1;CYP4A22;PTGS2;CYP4F22;ALOX5AP;PON2;ALOX12;MAPKAPK2;ALOXE3;CBR1;PTGIS;HPGD;EPHX2;DPEP1;PTGES;CYP2C19;CYP1A2;CYP4F8;PON1;CYP4F2;GGT5;DPEP2;CYP8B1;AKR1C3;ABCC1;CYP4F11;AWAT1"
"Transcription Of HIV Genome R-HSA-167172",0.0379134456735129,0.0950164582818458,0.321775918075361,0.387680827114596,1.45209092865899,68,"SUPT4H1;NCBP2;RNMT;POLR2E;ERCC3;MNAT1;ELOB;POLR2A;GTF2H1;TAF6;TAF13;SUPT5H;SSRP1;RNGTT;TAF11;POLR2F;TAF9;TAF15;CDK9;POLR2K;GTF2H4;CCNK;TAF9B;GTF2A1;NELFCD;CCNT1;ERCC2;GTF2F1;NELFE;GTF2B;GTF2A2;ELOC;POLR2J;TBP"
"Signaling By PDGFR In Disease R-HSA-9671555",0.0382539033574715,0.0955938013237028,0.321775918075361,0.540806070156755,1.52534552333358,19,"PIK3R1;GRB2;PIK3R2;FIP1L1;PIK3CB;PIK3CA;HRAS;SOS1"
"Protein Ubiquitination R-HSA-8852135",0.0390346271716546,0.0973363459600874,0.321775918075361,0.374216522851933,1.42440053934123,73,"UBE2V2;UBE2K;UBA1;UBE2W;VCP;UBE2B;UBE2D2;UBE2D3;USP5;UBE2L3;UBE2E3;UBB;RRAGA;UBE2G2;UBE2D1;UBE2N;RTF1;UBE2H;PEX13;UBE2G1;UBE2Z;USP7;UBE2E1;CDC34;PRKDC;H2BC3"
"Downstream Signal Transduction R-HSA-186763",0.0393348677412475,0.0978758862559399,0.321775918075361,0.489454439666086,1.52280724718379,28,"PIK3R1;GRB2;PIK3R2;SYNGAP1;PLCG1;RAPGEF1"
"Acyl Chain Remodelling Of PC R-HSA-1482788",0.0399068497988437,0.0989495135238466,0.321775918075361,-0.458053084755982,-1.47727467412303,27,"PLAAT3;PLA2G3;LPCAT2;TMEM86B;PLBD1;PLB1;PLA2R1;LPCAT3;PLA2G4E;PLA2G5;PLA2G2A"
"Binding And Uptake Of Ligands By Scavenger Receptors R-HSA-2173782",0.0399359219106528,0.0989495135238466,0.321775918075361,-0.420440896594843,-1.47965460070106,39,"SPARC;COL1A2;APOB;CD36;COL4A1;COL4A2;APOA1;C1D;COL1A1;FTH1;SAA2"
"Signaling By FLT3 Fusion Proteins R-HSA-9703465",0.0407064812382834,0.100645050010756,0.321775918075361,0.552959721625844,1.54118241300605,18,"PIK3R1;GRB2;SPTBN1;TRIP11;PIK3CA;HRAS;SOS1;ZMYM2;MYO18A"
"Unattached Kinetochores Signal Amplification Via A MAD2 Inhibitory Signal R-HSA-141444",0.0410509031198686,0.101282037929993,0.287857117255149,0.342552567076167,1.34534201424413,91,"DYNLL1;DYNC1H1;RANGAP1;PAFAH1B1;PPP2R1A;PPP2CA;PPP2R5B;DYNC1I1;DYNLL2;PPP1CC;PPP2R5D;CLIP1;CENPT;PPP2R5C;PPP2CB;NUDC;RANBP2;TAOK1;CENPQ;SEH1L;BIRC5;NDEL1"
"Cellular Response To Starvation R-HSA-9711097",0.0423197492163009,0.104192293956589,0.276500599254472,0.311483220388306,1.32264144728264,151,"ATP6V1B2;ATP6V0C;ATP6V1A;ATP6V1H;ATP6V1G2;ATP6V1D;ATP6V0E2;ATP6V1F;ATP6V1C1;RPL41;ATP6V0D1;ASNS;RPL31;RPL35A;ATP6V1G1;RPS21;RRAGA;FLCN;RPS15;ATP6V1E1;RPL14;NPRL3;RPL26;LAMTOR3;RPL27;RRAGD;LAMTOR2;RPL15;MLST8;SEH1L;RPS4Y1;RHEB;FNIP2;RPL10A;LAMTOR5;RPL38;IMPACT;TRIB3"
"UCH Proteinases R-HSA-5689603",0.0424304563713149,0.104244931758578,0.321775918075361,0.357493850730467,1.40809130128826,92,"UCHL1;NEDD8;PSMD2;PSMD7;PSMC5;H2AC21;PSMD8;UBB;PSMA1;PSMF1;PSMC3;PSMC1;PSMD14;OGT;PSMB3;PSMB7;UCHL5;FOXK1;PSMC4;YY1;SEM1;INO80D;PSMB1;PSMC2;PSMA6;INO80C;ASXL2;FOXK2;PSMB2;PSME3;PSMB5;PSMA4"
"RAC2 GTPase Cycle R-HSA-9013404",0.0427773394144557,0.104876376253508,0.321775918075361,0.358302507060112,1.39974804569543,87,"ABR;PIK3R1;GIT1;ARHGAP26;ARHGAP32;ABI2;TRIO;PIK3R2;PGRMC2;DOCK3;NCKAP1;ARHGAP35;RAB7A;ABI1;TFRC;BRK1;SLITRK5;ARMCX3;VAPB;OPHN1;DOCK4;VAV2;ARHGDIA;CDC42EP4;GIT2;SWAP70"
"RHOG GTPase Cycle R-HSA-9013408",0.0429752066115702,0.105140599823276,0.282013350011725,0.367072415558552,1.40609277236831,74,"ARHGDIG;PIK3R1;ARHGAP32;TRIO;NDUFA5;PGRMC2;DOCK3;ARHGAP35;RAB7A;NDUFS3;TFRC;MCF2L;VAPB;YKT6;STX5;OPHN1;DOCK4;KALRN;VAV2;ARHGDIA;PRKCSH;ITSN1"
"Meiotic Recombination R-HSA-912446",0.0431991891388887,0.105467476412308,0.321775918075361,-0.374185490024189,-1.42609790507078,53,"H2AC19;H2AJ;H2BC17;BLM;RAD51;H3-4;PRDM9;H2AB1;H2AC6;H2BC4;ARTN;ATM;H2AX;H2BC21;CDK4;MRE11;H3-3B;MND1;CDK2"
"Negative Regulation Of FGFR4 Signaling R-HSA-5654733",0.0435582662083697,0.106122122474254,0.321775918075361,0.465688482017558,1.48872517669751,30,"MAPK1;GRB2;PPP2R1A;FGF13;PPP2CA;MAPK3;UBB;BRAF;PPP2CB"
"Detoxification Of Reactive Oxygen Species R-HSA-3299685",0.0438742766240219,0.106669335042153,0.321775918075361,0.453365004820229,1.4864880136114,34,"PRDX2;PRDX5;CYCS;SOD1;GPX1;GSR;PRDX1;ERO1A;GSTP1;TXN2;TXNRD2"
"Netrin-1 Signaling R-HSA-373752",0.0442656659593214,0.107397156288,0.321775918075361,0.419443674790721,1.49242534256434,49,"AGAP2;TRIO;EZR;WASL;ABLIM2;ABLIM1;RGMA;MAPK8;PLCG1;TRPC5;RGMB;SLIT2;MAPK11;MYO10"
"Negative Regulation Of FGFR1 Signaling R-HSA-5654726",0.0444726572928965,0.107452569484079,0.321775918075361,0.463503581060075,1.49387878885419,32,"MAPK1;GRB2;PPP2R1A;FGF13;PPP2CA;MAPK3;UBB;BRAF;PPP2CB"
"Plasma Lipoprotein Clearance R-HSA-8964043",0.0444331770962275,0.107452569484079,0.321775918075361,0.453290197331097,1.48624273566815,34,"AP2M1;CLTC;NCEH1;AP2A1;AP2S1;AP2B1;CLTA;UBB;HDLBP;VLDLR;SOAT1"
"RHOC GTPase Cycle R-HSA-9013106",0.0452261306532663,0.109047302628847,0.276500599254472,0.363095325977947,1.38206932770819,73,"ABR;PIK3R1;ARHGEF25;ARHGAP26;ARHGAP32;ARHGEF11;FLOT1;ARHGAP35;ARHGEF17;TFRC;ARHGEF12;STARD13;MCF2L;VAPB;ROCK2;STX5;OPHN1;DIAPH1;VAV2;ARHGDIA"
"RHOF GTPase Cycle R-HSA-9035034",0.0462633451957295,0.11131819349158,0.282013350011725,0.425981338013079,1.45702664986421,40,"ACTN1;PIK3R1;ARHGAP32;PIK3R2;AKAP12;CAPZB;FAM169A;RAB7A;FARP1;DIAPH1;ADD3;BASP1;SLC4A7;ARHGAP12;TMPO"
"Interleukin-1 Signaling R-HSA-9020702",0.0469079175866305,0.112636913217279,0.321775918075361,0.335148155030848,1.35875550864718,113,"TOLLIP;MAP2K1;SKP1;APP;PSMD2;PSMD7;PSMC5;PSMD8;MAP2K4;UBB;PSMA1;PSMF1;PELI3;PSMC3;PSMC1;PSMD14;UBE2V1;NKIRAS1;PSMB3;PSMB7;BTRC;UBE2N;PSMC4;MAP3K7;RBX1;SEM1;MAP3K3;PSMB1;CUL1;PSMC2;PSMA6;TAB3;TAB2;PSMB2;PSME3;SQSTM1;PSMB5;PSMA4;IRAK1"
"RNA Polymerase I Transcription Initiation R-HSA-73762",0.0471312369269844,0.112940766927702,0.321775918075361,0.41743859141013,1.45873800220759,44,"RBBP7;CHD3;POLR2E;MTA3;ERCC3;MNAT1;MTA1;GTF2H1;KAT2A;EHMT2;UBTF;POLR2F;POLR2K;GTF2H4;GATAD2B"
"N-glycan Trimming In ER And Calnexin/Calreticulin Cycle R-HSA-532668",0.0489043839439788,0.116235063263998,0.321775918075361,0.44889978614748,1.47184750548963,34,"MARCHF6;VCP;OS9;UBB;AMFR;PSMC1;CANX;PRKCSH;MLEC;NGLY1;MAN1B1;RAD23B"
"Regulation Of TP53 Activity Thru Acetylation R-HSA-6804758",0.0488767699393306,0.116235063263998,0.321775918075361,0.462650506432669,1.45728577313328,29,"AKT3;PIP4K2B;RBBP7;CHD3;MEAF6;PIP4P1;ING5;BRPF3;AKT2;PIP4K2C;GATAD2B;AKT1"
"Role Of Nef In HIV-1 Replication And Disease Pathogenesis R-HSA-164952",0.0486585340595816,0.116235063263998,0.321775918075361,0.480116844164254,1.4805103352831,27,"AP2M1;ATP6V1H;AP2A1;AP2S1;AP2B1;AP1S1;AP1M1"
"Unfolded Protein Response (UPR) R-HSA-381119",0.0488748146016641,0.116235063263998,0.321775918075361,0.360827317739739,1.4162293521085,89,"TSPYL2;KLHDC3;GSK3A;SERP1;DCTN1;EXTL1;PPP2R5B;ATP6V0D1;ACADVL;ASNS;SRPRB;HSPA5;TATDN2;ADD1;NFYA;CXCL8;PARN;WFS1;CTDSP2;SSR1;NFYC;GFPT1;SRPRA;PLA2G4B;SEC31A"
"Orc1 Removal From Chromatin R-HSA-68949",0.0494180542372074,0.117217214013864,0.321775918075361,0.377587558131951,1.4142857463927,68,"SKP1;PSMD2;PSMD7;PSMC5;PSMD8;UBB;PSMA1;PSMF1;PSMC3;PSMC1;PSMD14;PSMB3;PSMB7;PSMC4;RBX1;SEM1;PSMB1;CUL1;PSMC2;PSMA6;PSMB2;PSME3;SLC25A2;PSMB5;PSMA4;PSMD12;PSMD6;PSMC6;PSMD5;MCM6;PSMD11;ORC4;ORC6;PSMA5"
"Anti-inflammatory Response Favoring Leishmania Infection R-HSA-9662851",0.0504433824090755,0.119310514047356,0.321775918075361,0.310381197332849,1.32453532446989,162,"CHGA;PRKAR1B;CALM1;GNB1;GNAS;ADCY1;PLK2;GNG2;ITPR1;PRKAR2B;AHCYL1;GNG3;PRKAR1A;PRKCA;PRKACB;ADCY2;GNB2;GNG7;GNB5;PLCG1;FURIN"
"Nicotinamide Salvaging R-HSA-197264",0.0505050505050505,0.119310514047356,0.287857117255149,-0.510532027293516,-1.47477140631218,19,"PTGS2;NNMT;PARP16;NAXD;SLC22A13;PTGIS;NAMPT;CYP8B1;PARP4;PARP10"
"Molecules Associated With Elastic Fibres R-HSA-2129379",0.051440329218107,0.121274473126325,0.287857117255149,-0.452526187985877,-1.47542112953367,28,"ITGB1;TGFB3;BMP2;TGFB1;MFAP4;FBLN1;BMP4;ITGB5;FBLN2;MFAP2;LTBP1;ITGB6;BMP10;EFEMP2;ITGB3"
"Voltage Gated Potassium Channels R-HSA-1296072",0.0516312444158625,0.121479157728451,0.321775918075361,0.416636072765953,1.44626255264068,43,"KCNAB2;KCNQ2;KCNC2;KCNC1;KCNB1;KCNQ5;KCNA2;KCNQ3;KCNV1;KCND3;KCNS1;KCNC3;KCNC4;KCNH1;KCND2"
"Regulation Of HSF1-mediated Heat Shock Response R-HSA-3371453",0.0528109028960818,0.124004675411926,0.257206466468838,0.353543547301841,1.35762606447188,79,"HSPA8;MAPK1;HSPA12A;HSPA9;HSPH1;HSPA13;DNAJB6;YWHAE;GSK3B;HSPA4;MAPK3;UBB;BAG5;HSPA5;TNFRSF21;HSPA4L;RANBP2"
"Deadenylation Of mRNA R-HSA-429947",0.0532544378698225,0.124795038140729,0.276500599254472,0.485198561361863,1.45910827216933,25,"EIF4A2;CNOT6L;CNOT7;PARN;CNOT3;EIF4E;EIF4B;CNOT9;PAIP1;TNKS1BP1;CNOT4;CNOT6;CNOT10;EIF4G1"
"Bile Acid And Bile Salt Metabolism R-HSA-194068",0.0536200094943207,0.124930070654539,0.321775918075361,-0.375455026029571,-1.35496590386315,45,"ABCC3;OSBPL9;CYP27A1;SLCO1A2;SLC10A1;SLCO1B3;STARD5;SLC10A2;AKR1D1;PTGIS;BAAT;CYP7B1;ACOX2;ALB;SLC51B;AKR1C2;SLCO1B1;SLC27A5;ABCB11;CYP8B1;AKR1C3"
"DNA Damage Recognition In GG-NER R-HSA-5696394",0.0535055350553506,0.124930070654539,0.266350657088526,0.430728039161869,1.42611007812762,35,"COPS8;CUL4B;UBB;DDB1;COPS4;CETN2;COPS5;RAD23A;YY1;RBX1;COPS7A;INO80D;RAD23B;INO80C;COPS6;COPS3;GPS1;INO80"
"SCF(Skp2)-mediated Degradation Of P27/P21 R-HSA-187577",0.0536332179930796,0.124930070654539,0.257206466468838,0.376255470370685,1.37463743042617,58,"SKP1;PSMD2;PSMD7;PSMC5;PSMD8;UBB;PSMA1;PSMF1;PSMC3;PSMC1;PSMD14;PSMB3;PSMB7;PSMC4;SEM1;PSMB1;CUL1;PSMC2;PSMA6;PSMB2;PSME3;PSMB5;PSMA4;PSMD12;PSMD6"
"RAC3 GTPase Cycle R-HSA-9013423",0.0557035172783957,0.129494033194996,0.321775918075361,0.34500513928111,1.35890095599922,92,"ABR;PIK3R1;GIT1;ARHGAP26;ARHGAP32;ABI2;TRIO;PIK3R2;PGRMC2;NCKAP1;ARHGAP35;WASF1;RAB7A;ABI1;TFRC;BRK1;SLITRK5;RAPGEF1;BAIAP2;YKT6;SLITRK3;OPHN1;VAV2;OCRL;GIT2;NOXA1;SWAP70"
"RNA Polymerase III Transcription Termination R-HSA-73980",0.0558882235528942,0.12953712953713,0.271288554688953,0.516182090755761,1.49463038853041,21,"POLR2E;NFIX;POLR3H;CRCP;NFIA;SSB;POLR2F;POLR2K;NFIB"
"Signaling By ERBB2 R-HSA-1227986",0.0559440559440559,0.12953712953713,0.252961123069611,0.392432189175328,1.38966853908072,48,"PIK3R1;GRB2;AKT3;CDC37;PRKCA;STUB1;MATK;UBB;PLCG1;PRKCE;HSP90AA1;DIAPH1;AKT2;RNF41;EGFR;PIK3CA;NRG3;AKT1;HRAS"
"RHO GTPases Activate Formins R-HSA-5663220",0.0561797752808989,0.12982534208477,0.241339976815091,0.324685881779703,1.31904052962468,114,"EVL;DYNLL1;DYNC1H1;PFN2;RANGAP1;PAFAH1B1;PPP2R1A;PPP2CA;PPP2R5B;DYNC1I1;DYNLL2;PPP1CC;PPP2R5D;CLIP1;CENPT;PPP2R5C;PPP2CB;NUDC;RANBP2;TAOK1;DIAPH1;CENPQ;SEH1L;BIRC5;MRTFA;NDEL1"
"TNF Receptor Superfamily (TNFSF) Members Mediating Non-Canonical NF-kB Pathway R-HSA-5676594",0.056640625,0.130631639081028,0.266350657088526,-0.519585639102595,-1.46452712039475,17,"TNFRSF13C;MAP3K14;TNFRSF12A;TNFSF14;LTB;LTA;CD40LG;CD40"
"Negative Regulation Of FGFR2 Signaling R-HSA-5654727",0.0577281191806331,0.132877150066664,0.257206466468838,0.435732482924207,1.4184390484866,33,"MAPK1;GRB2;PPP2R1A;FGF13;PPP2CA;MAPK3;UBB;BRAF;PPP2CB"
"Signaling By NOTCH4 R-HSA-9013694",0.0579216354344123,0.133060134944801,0.245041785430996,0.347576658466343,1.33471289332592,79,"FBXW7;SKP1;PSMD2;PSMD7;PSMC5;PSMD8;UBB;PSMA1;PSMF1;YWHAZ;PSMC3;PSMC1;PSMD14;KAT2A;PSMB3;PSMB7;PSMC4;RBX1;SEM1;PSMB1;CREBBP;CUL1;PSMC2;PSMA6;AKT1;PSMB2;SMAD3;PSME3;PSMB5;PSMA4"
"Assembly Of HIV Virion R-HSA-175474",0.0580912863070539,0.133187683929925,0.271288554688953,0.557542239184906,1.4803552557779,16,"PPIA;SGIP1;VPS28;UBB;FURIN;VPS37B"
"Aberrant Regulation Of Mitotic Exit In Cancer Due To RB1 Defects R-HSA-9687136",0.0584677419354839,0.133787950664137,0.266350657088526,0.512928944933784,1.45778440963981,20,"ANAPC5;ANAPC16;UBE2D1;ANAPC11;ANAPC15;CDC16;UBE2E1;FZR1;ANAPC4;ANAPC7;CDC27"
"Apoptotic Execution Phase R-HSA-75153",0.0608228980322004,0.138633441413238,0.245041785430996,0.376586831532883,1.34538184981609,52,"SPTAN1;MAPT;SATB1;STK24;DNM1L;BCAP31;H1-0;ADD1;H1-2;CTNNB1;ACIN1;KPNB1;KPNA1;DSG3;PLEC;GAS2"
"Early SARS-CoV-2 Infection Events R-HSA-9772572",0.0607734806629834,0.138633441413238,0.248911114434702,0.424531149685812,1.41331809939659,36,"ISCU;GPC1;MAP1LC3B;VCP;SDC3;FURIN;CHMP4B;PIK3R4;CHMP7;PIK3C3;DDX5;BECN1"
"RNA Polymerase III Abortive And Retractive Initiation R-HSA-749476",0.0613718411552347,0.139611966136762,0.245041785430996,0.416780663216147,1.40899946062917,39,"POLR2E;NFIX;POLR3H;CRCP;NFIA;SSB;POU2F1;POLR2F;GTF3A;POLR2K;SNAPC3;NFIB;GTF3C2;GTF3C4;SNAPC4;BDP1;POLR1D;TBP"
"Defective GALNT3 Causes HFTC R-HSA-5083625",0.0625,0.141626213592233,0.252961123069611,-0.512875989450675,-1.44561500438524,17,"MUC5B;MUC5AC;MUCL1;MUC20;MUC6;MUC13;MUC12;MUC16;MUC2;MUC7"
"Drug ADME R-HSA-9748784",0.0625,0.141626213592233,0.287857117255149,-0.320296353839364,-1.31857368166745,82,"RNASE1;ABCC3;ACSM5;ACSM2B;SULT1A4;CES1;ACY1;GGT1;SLC22A1;SLC38A3;UGT2B10;SLCO1B3;ABCC2;UGT2A3;SLC22A7;ACSM4;SLC22A2;UGT2A1;PCK1;SLCO2B1;CNDP2;UGT2B4;ALB;GLYAT;CYP2C19;GSTT1;PON1;GLYATL2;ADAL;SLC16A1;GGT5;ABCC4;SLCO1B1;CYP3A4;SLC38A1;CES2;UGT2B15;ABCC1;SLC28A3"
"Acyl Chain Remodelling Of PI R-HSA-1482922",0.064453125,0.14576898619186,0.248911114434702,-0.508761468298238,-1.43401763263034,17,"PLAAT3;PLBD1;PLA2R1;PLA2G4E;PLA2G5;PLA2G2A;PLA2G2D;PLA2G4F;PLA2G4D;PLA2G2F"
"Digestion R-HSA-8935690",0.0652173913043478,0.146844402500885,0.248911114434702,-0.48737969762822,-1.43850741984965,20,"LIPF;PMEL;CEL;AMY1A;MGAM;GUCA2B;GUCY2C;CLPS;TREH"
"Gastrin-CREB Signaling Pathway Via PKC And MAPK R-HSA-881907",0.0653061224489796,0.146844402500885,0.252961123069611,0.536313059834718,1.44912439468399,17,"MAPK1;GRB2;PRKCA;MAPK3;EGFR;CREB1;HRAS;SOS1;HBEGF"
"Initial Triggering Of Complement R-HSA-166663",0.0652173913043478,0.146844402500885,0.248911114434702,-0.486436592866618,-1.43572383406661,20,"C1QA;C3;MASP2;C1QC;FCN3;C4B;C1S;FCN1;FCN2;IGLL5;GZMM"
"Deubiquitination R-HSA-5688426",0.0656716417910448,0.147382319173364,0.213927855492356,0.271708557918791,1.2208590612996,260,"UCHL1;USP22;FKBP8;ARRB1;USP11;OTUB1;NEDD8;VDAC1;TOMM20;VCP;PSMD2;PSMD7;PTEN;PSMC5;H2AC21;PSMD8;VDAC2;USP5;UBB;PSMA1;MAT2B;PSMF1;TADA2B;PSMC3;PSMC1;SMAD4;PSMD14;KAT2A;USP4;RHOT1;USP32;USP34;UIMC1;OGT;BABAM1;PSMB3;JOSD1;PSMB7;UCHL5;FOXK1;UBE2D1;JOSD2;SNX3;SUDS3;RNF123;IDE;PSMC4;ATXN3;RAD23A;YY1;MAP3K7;TNIP1;HGS;USP7;OTUD5;BECN1;SEM1;INO80D;PSMB1;RAD23B;STAM2;H2BC3;PSMC2;PSMA6;USP20;HIF1A;INO80C;TAF9B;TRAF3;USP12;TOMM70"
"Apoptotic Cleavage Of Cellular Proteins R-HSA-111465",0.0685185185185185,0.153476220942632,0.234392647294686,0.411838983182662,1.37669600320782,38,"SPTAN1;MAPT;SATB1;STK24;BCAP31;ADD1;CTNNB1;ACIN1"
"SARS-CoV-1 Infection R-HSA-9678108",0.0696864111498258,0.155793183547599,0.224966093540314,0.378705756205967,1.34747548218191,49,"GSK3A;MAP1LC3B;SUMO1;GSK3B;VCP;UBB;CANX;PRKCSH;CHMP4B;PIK3R4;CHMP7;ST3GAL3;PIK3C3;UBE2I;DDX5;BECN1"
"EML4 And NUDC In Mitotic Spindle Formation R-HSA-9648025",0.0718954248366013,0.159644322845417,0.213927855492356,0.326506979046047,1.29030525156309,95,"DYNLL1;DYNC1H1;RANGAP1;PAFAH1B1;PPP2R1A;PPP2CA;PPP2R5B;DYNC1I1;DYNLL2;PPP1CC;PPP2R5D;CLIP1;CENPT;PPP2R5C;PPP2CB;NUDC;RANBP2;TAOK1;CENPQ;SEH1L;BIRC5;NDEL1"
"Nucleotide Excision Repair R-HSA-5696398",0.0718849840255591,0.159644322845417,0.211400189384923,0.32314968746903,1.29554601057677,103,"UBE2V2;PRPF19;SUMO1;COPS8;POLR2E;ERCC3;MNAT1;CUL4B;UBB;POLR2A;DDB1;COPS4;GTF2H1;HMGN1;UBE2N;POLR2F;CETN2;COPS5;RAD23A;YY1;POLR2K;RBX1;USP7;UBE2I;COPS7A;GTF2H4;LRIG1;INO80D;RAD23B;INO80C;COPS6;POLK;COPS3;PPIE;PIAS3;RPA3;ERCC2"
"O-linked Glycosylation Of Mucins R-HSA-913709",0.072093023255814,0.159644322845417,0.257206466468838,-0.347264975552223,-1.34297334050646,57,"MUC5B;MUC5AC;GALNTL5;B3GNT6;GALNT6;MUCL1;GALNT5;B3GNT3;GCNT7;B3GNT9;MUC20;MUC6;GALNT8;GALNT2;MUC13;ST6GALNAC3;B3GNT5;MUC12;ST6GAL1;MUC16;A4GNT;GALNT14;MUC2;ST3GAL1;MUC7;CHST4;B3GNTL1"
"TCR Signaling R-HSA-202403",0.072,0.159644322845417,0.211400189384923,0.319428244258929,1.29312501591955,111,"EVL;PIK3R1;SKP1;PIK3R2;PSMD2;UBE2D2;PSMD7;PTEN;ARHGEF7;PSMC5;PSMD8;UBB;PSMA1;PLCG1;PSMF1;PSMC3;PSMC1;PSMD14;UBE2V1;HLA-DQB2;PSMB3;PSMB7;BTRC;UBE2D1;UBE2N;PSMC4;MAP3K7;CDC34;PIK3CB;SEM1;PSMB1;CUL1;PIK3CA;PSMC2;PSMA6"
"p130Cas Linkage To MAPK Signaling For Integrins R-HSA-372708",0.0719844357976654,0.159644322845417,0.234392647294686,-0.522281893931555,-1.42811183481236,15,"FN1;VWF;RAP1A;FGB;RAP1B;TLN1;APBB1IP;ITGB3;FGG"
"Cyclin A:Cdk2-associated Events At S Phase Entry R-HSA-69656",0.0730897009966777,0.160422917388862,0.213927855492356,0.337044842944223,1.30653645009084,83,"SKP1;AKT3;PSMD2;PSMD7;PSMC5;PSMD8;MNAT1;UBB;PSMA1;CABLES1;PSMF1;PSMC3;PSMC1;PSMD14;PSMB3;PSMB7;AKT2;PSMC4;SEM1;PSMB1;CUL1;PSMC2;PSMA6;AKT1;MAX;FZR1;PSMB2;PSME3;PSMB5;PSMA4"
"G Alpha (Q) Signaling Events R-HSA-416476",0.0726429675425039,0.160422917388862,0.206587922696891,0.282488363820981,1.2482977782578,210,"RGS4;GNB1;PLCB1;DGKZ;PIK3R1;ARHGEF25;GRK2;MAPK1;GRB2;GNG2;ITPR1;APP;GNG3;TRIO;GNAQ;PIK3R2;PRKCA;CHRM1;GNB2;MGLL;GRM5;GNG7;DGKG;MAPK3;DGKB;GNB5;PRKCE;DGKI;ADRA1B"
"Peptide Hormone Metabolism R-HSA-2980736",0.0728476821192053,0.160422917388862,0.213927855492356,0.331771585953574,1.29826430296743,88,"CHGA;GNB1;VAMP2;CPE;KIF5A;STX1A;MYO5A;ATP6AP2;PCSK2;KIF5C;EXOC7;SPCS1"
"Regulation Of Signaling By CBL R-HSA-912631",0.0731225296442688,0.160422917388862,0.234392647294686,0.520754301877914,1.45142103513742,18,"CLSTN1;PIK3R1;GRB2;PIK3R2;RAPGEF1;PIK3CB;CBL;PIK3CA"
"Resolution Of Sister Chromatid Cohesion R-HSA-2500257",0.0731319554848967,0.160422917388862,0.208955027549354,0.319850067130741,1.28613393616451,104,"DYNLL1;DYNC1H1;RANGAP1;PAFAH1B1;PPP2R1A;PPP2CA;PPP2R5B;PDS5B;DYNC1I1;DYNLL2;PPP1CC;PPP2R5D;CLIP1;CENPT;PPP2R5C;PPP2CB;NUDC;RANBP2;TAOK1;CENPQ;SEH1L;BIRC5;NDEL1"
"ABC Transporter Disorders R-HSA-5619084",0.0733788395904437,0.160662487433485,0.216542836735348,0.344822576380915,1.31322107681842,76,"VCP;PSMD2;PSMD7;PSMC5;PSMD8;OS9;UBB;PSMA1;PSMF1;PSMC3;PSMC1;PSMD14;ABCA3;LMBRD1;PSMB3;PSMB7;ABCB6;PSMC4;SEM1;PSMB1;PSMC2;PSMA6;PSMB2;PSME3;PSMB5;PSMA4;ABCC9;PSMD12;SEL1L;PSMD6"
"Death Receptor Signaling R-HSA-73887",0.0735294117647059,0.160690680766689,0.211400189384923,0.304170422364363,1.2661896177211,138,"ABR;NGEF;CLIP3;PLEKHG5;BEX3;ARHGEF11;TRIO;ARHGEF9;MADD;RASGRF2;RTN4;YWHAE;MAGED1;ARHGEF7;ARHGEF17;UBB;MAPK8;FASN;TIAM2;ARHGEF12;ARHGEF3;MCF2L;USP4;KALRN;RACK1;VAV2;ARHGDIA;SPPL2A;TAX1BP1;ITSN1;MAP3K7;PRDM4;FGD1;ARHGEF6;BAD;AKAP13;SMPD2;ARHGEF2"
"Role Of Phospholipids In Phagocytosis R-HSA-2029485",0.0745098039215686,0.162528862012095,0.231126709673834,0.475599135995442,1.42678959895954,24,"PLD3;PIK3R1;ITPR1;AHCYL1;PIK3R2;PLCG1;PRKCE"
"Packaging Of Telomere Ends R-HSA-171306",0.0749464668094218,0.163176355907827,0.241339976815091,-0.422284115609288,-1.38868880931912,30,"H2AC19;H2AJ;H2BC17;TINF2;H3-4;H2AB1;H2AC6;POT1;H2BC4"
"Inwardly Rectifying K+ Channels R-HSA-1296065",0.0756457564575646,0.164392174648003,0.222056046145248,0.407615528067406,1.34958618832749,35,"GNB1;GABBR2;GNG2;GNG3;GNB2;GNG7;GNB5;KCNJ4;KCNJ3;KCNJ6;GNG10"
"Cyclin E Associated Events During G1/S Transition R-HSA-69202",0.076271186440678,0.165443261294184,0.211400189384923,0.335986760445578,1.29300228370673,81,"SKP1;AKT3;PSMD2;PSMD7;PSMC5;PSMD8;MNAT1;UBB;PSMA1;CABLES1;PSMF1;PSMC3;PSMC1;PSMD14;PSMB3;PSMB7;AKT2;PSMC4;SEM1;PSMB1;CUL1;PSMC2;PSMA6;AKT1;MAX;PSMB2;PSME3;PSMB5;PSMA4"
"SARS-CoV-2 Activates/Modulates Innate And Adaptive Immune Responses R-HSA-9705671",0.0765171503957784,0.165668858092529,0.266350657088526,-0.284132626590959,-1.24296692191021,114,"IFNA14;ATG14;AAAS;IFNA4;HLA-C;NUP214;HLA-B;TLR2;RNASE7;NUP35;STING1;NUP188;HLA-G;IL17RA;NUP37;MASP2;IFNA8;PTPN11;NUP210;TLR1;IL17F;IFNA2;MAVS;ISG15;HLA-A;IFNA5;PTPN6;IFNB1;NOD1;SIKE1;IRF3;NUP43;B2M;IFNA16"
"Sema4D Induced Cell Migration And Growth-Cone Collapse R-HSA-416572",0.0769230769230769,0.166239316239316,0.227987202850442,0.515744968706964,1.45466059390006,19,"RND1;ARHGEF11;MYH10;ARHGEF12;LIMK1;ROCK2;MYL12B;RHOB;MYH9"
"Pre-NOTCH Transcription And Translation R-HSA-1912408",0.0772833723653396,0.166709233919318,0.248911114434702,-0.336474531788235,-1.30439370727173,59,"H2AC19;H2AJ;RBPJ;SIRT6;H2BC17;TFDP1;H2AB1;E2F1;MAML3;H2AC6;NOTCH3;H2BC4;AGO3"
"Chromatin Modifying Enzymes R-HSA-3247509",0.077727952167414,0.166943236438544,0.195789002148949,0.272884288379929,1.22124071673746,234,"USP22;SMARCA2;H2AZ1;COPRS;RBBP7;ATXN7L3;MORF4L2;CHD3;MORF4L1;H2AC21;NSD3;MTA3;AEBP2;NCOA1;KMT2D;ASH1L;MEAF6;MSL1;TADA2B;KDM5C;MTA1;SMARCC2;KAT2A;ING5;BRWD1;EHMT2;PRMT7;KANSL3;SUPT3H;PRMT6;BRPF3;OGT;DNMT3A;ARID1A;CARM1;KDM2A;SMARCD3;SETD3;SMYD2;KAT5;KMT2A;SUDS3;DPY30;EED;H2AZ2;TAF9;BRMS1L;KAT8;H4C15;GPS2;YEATS2;SMARCA4;SAP18;KMT5B;SAP30;CREBBP;TBL1XR1;H2BC3;ENY2;CLOCK;GATAD2B;KMT2B;ACTL6B"
"Cleavage Of Damaged Purine R-HSA-110331",0.0775862068965517,0.166943236438544,0.237793834423688,-0.404067989309354,-1.37265474655447,34,"H2AC19;H2AJ;H2BC17;TINF2;H3-4;H2AB1;H2AC6;POT1;H2BC4"
"Organic Cation/Anion/Zwitterion Transport R-HSA-549132",0.0778210116731518,0.166943236438544,0.224966093540314,-0.514603414839499,-1.40711603351782,15,"SLC22A1;SLC22A8;SLC22A7;SLC22A2;SLC22A11;SLC22A18;RUNX1;RSC1A1"
"Defective GALNT12 Causes CRCS1 R-HSA-5083636",0.078125,0.167287844036697,0.224966093540314,-0.498158909637022,-1.40413279067869,17,"MUC5B;MUC5AC;MUCL1;MUC20;MUC6;MUC13;MUC12;MUC16;MUC2;MUC7"
"Defective C1GALT1C1 Causes TNPS R-HSA-5083632",0.0786290322580645,0.168058755760369,0.227987202850442,-0.489724885781001,-1.39661116677116,18,"MUC5B;MUC5AC;MUCL1;MUC20;MUC6;MUC13;MUC12;MUC16;MUC2;MUC7"
"Laminin Interactions R-HSA-3000157",0.0792682926829268,0.169115352031034,0.227987202850442,-0.457017386119903,-1.37937976471552,22,"ITGB1;NID1;HSPG2;ITGA2;LAMA1;LAMA5"
"Tie2 Signaling R-HSA-210993",0.0795918367346939,0.169495754506182,0.227987202850442,0.523096791525467,1.41341387736128,17,"PIK3R1;GRB2;PIK3R2;TEK;PIK3CB;PIK3CA;HRAS;SOS1;GRB7"
"Activation Of G Protein Gated Potassium Channels R-HSA-1296041",0.0798479087452472,0.169731347004924,0.219250346703755,0.444976697572777,1.40161569420655,29,"GNB1;GABBR2;GNG2;GNG3;GNB2;GNG7;GNB5;KCNJ4;KCNJ3;KCNJ6;GNG10"
"Formation Of Fibrin Clot (Clotting Cascade) R-HSA-140877",0.0800865800865801,0.169929161747344,0.234392647294686,-0.388468001242332,-1.35723633911306,37,"PF4;CD177;GP9;VWF;SERPINA5;SERPINC1;F12;SERPING1;F7;FGB;KNG1;PF4V1;PROCR"
"Nuclear Pore Complex (NPC) Disassembly R-HSA-3301854",0.0804347826086956,0.169985469505501,0.234392647294686,-0.397877197718521,-1.3644891323553,35,"NEK7;AAAS;NUP214;RNASE7;NUP35;NUP188;NUP37;NUP210"
"Sema4D In Semaphorin Signaling R-HSA-400685",0.0805500982318271,0.169985469505501,0.222056046145248,0.473548137558234,1.40381958073346,23,"RND1;ARHGEF11;RNMT;ARHGAP35;MYH10;ARHGEF12;LIMK1;ROCK2;MYL12B;RHOB;MYH9"
"Signaling By EGFR In Cancer R-HSA-1643713",0.0805500982318271,0.169985469505501,0.222056046145248,0.471115436085849,1.39660790848695,23,"PIK3R1;GRB2;CDC37;UBB;PLCG1;HSP90AA1;CBL;EGFR;PIK3CA;HRAS;SOS1;HBEGF"
"Signaling By KIT In Disease R-HSA-9669938",0.0808678500986193,0.170041046964124,0.222056046145248,0.505927791520414,1.42697120929508,19,"PIK3R1;GRB2;PIK3R2;PIK3CA;HRAS;SOS1;PIK3R3"
"Transcription Of E2F Targets Under Negative Control By DREAM Complex R-HSA-1362277",0.0808080808080808,0.170041046964124,0.224966093540314,-0.476423573168122,-1.37624247929401,19,"TFDP1;E2F1;MYC;LIN37;E2F5"
"Surfactant Metabolism R-HSA-5683826",0.0843621399176955,0.177069455546674,0.222056046145248,-0.430764534269176,-1.38926591297876,27,"SFTPC;GATA6;ADORA2A;CSF2RB;LMCD1;NAPSA;CSF2RA;ADGRF5;SLC34A1;PGA3;SFTPD;SFTPB;DMBT1;CCDC59;SFTPA2;ADA2;P2RY2"
"Sema3A PAK Dependent Axon Repulsion R-HSA-399954",0.0850622406639004,0.178218374963684,0.222056046145248,0.526092404774827,1.3968513983296,16,"HSP90AB1;PLXNA2;PLXNA1;ARHGEF7;PLXNA4;LIMK1;SEMA3A;HSP90AA1"
"MAPK6/MAPK4 Signaling R-HSA-5687128",0.0858085808580858,0.179459881472018,0.195789002148949,0.325053718245209,1.27581974578465,89,"PRKCA;PRKACB;PSMD2;PSMD7;ARHGEF7;PSMC5;PSMD8;UBB;PSMA1;PSMF1;PSMC3;PSMC1;TNRC6A;PSMD14;KALRN;PSMB3;PSMB7;JUN;PSMC4;TNRC6C;CCND3;MAPK4;SEPTIN7;SEM1;AGO1;PSMB1;PSMC2;PSMA6;PSMB2;PSME3;PSMB5;PSMA4;FOXO3;PSMD12;PSMD6"
"Amino Acid Transport Across Plasma Membrane R-HSA-352230",0.0860215053763441,0.179583357377806,0.224966093540314,-0.399546097021747,-1.34939208425797,33,"SLC6A20;SLC36A1;SLC7A7;SLC38A3;SLC38A4;SLC6A19;SLC6A6;SLC6A18;SLC36A4;SLC7A9;SLC16A10"
"Termination Of O-glycan Biosynthesis R-HSA-977068",0.0873983739837398,0.182131968641115,0.216542836735348,-0.44777297536971,-1.38304520425043,24,"MUC5B;MUC5AC;MUCL1;MUC20;MUC6;MUC13;ST6GALNAC3;MUC12;ST6GAL1;MUC16;MUC2;ST3GAL1;MUC7"
"Pyruvate Metabolism R-HSA-70268",0.0878504672897196,0.182747763506422,0.206587922696891,0.425649929748388,1.36072888066848,30,"LDHB;BSG;VDAC1;PDK2;PDHB;LDHA;GLO1;PDK3;PDHA1;MPC2"
"Metabolism Of Nitric Oxide: NOS3 Activation And Regulation R-HSA-202131",0.0881147540983607,0.182971384399977,0.216542836735348,0.533143988957248,1.39372938786465,15,"CALM1;DDAH1;WASL;HSP90AA1;ZDHHC21"
"Global Genome Nucleotide Excision Repair (GG-NER) R-HSA-5696399",0.0885860306643952,0.183623264272379,0.195789002148949,0.332376514093213,1.27634352881004,79,"UBE2V2;SUMO1;COPS8;ERCC3;MNAT1;CUL4B;UBB;DDB1;COPS4;GTF2H1;UBE2N;CETN2;COPS5;RAD23A;YY1;RBX1;UBE2I;COPS7A;GTF2H4;LRIG1;INO80D;RAD23B;INO80C;COPS6;POLK;COPS3;PIAS3;RPA3;ERCC2"
"Resolution Of Abasic Sites (AP Sites) R-HSA-73933",0.0887445887445888,0.183625771391729,0.222056046145248,-0.377270163515573,-1.32958463256076,38,"POLD1;POLD2;ADPRS;TDG;POLD4;RFC4;RFC3;MBD4;POLE2;UNG;SMUG1;PNKP;NEIL1;PARG;POLD3;FEN1;NTHL1;POLE;MPG;POLR1B;POLE3"
"Cleavage Of Damaged Pyrimidine R-HSA-110329",0.0892857142857143,0.184418457648546,0.224966093540314,-0.376170925226485,-1.32385561126256,39,"H2AC19;H2AJ;H2BC17;TINF2;H3-4;H2AB1;H2AC6;POT1;H2BC4;TDG;H2AX;MBD4;H2BC21;UNG"
"DNA Damage/Telomere Stress Induced Senescence R-HSA-2559586",0.089622641509434,0.184461415593491,0.231126709673834,-0.331596051073332,-1.28207803098196,58,"H2AC19;H2AJ;H2BC17;TINF2;H3-4;H2AB1;H2AC6;CCNE2;POT1;H2BC4;ARTN;ATM;H1-1;HMGA2;H2AX;ASF1A"
"YAP1- And WWTR1 (TAZ)-stimulated Gene Expression R-HSA-2032785",0.0894941634241245,0.184461415593491,0.208955027549354,-0.504067909931698,-1.37830806713152,15,"HIPK2;CCN2;GATA4;TEAD2"
"TP53 Regulates Transcription Of Cell Death Genes R-HSA-5633008",0.0904872389791183,0.185913042057449,0.227987202850442,-0.362408867942612,-1.30826696188847,44,"NDRG1;TNFRSF10A;CRADD;BAX;TNFRSF10D;TP53AIP1;CASP1;ATM;TP53INP1;MPZ;PERP;PIDD1;TP53I3;PMAIP1;TNFRSF10C;IGFBP3;CASP6;APAF1;BCL2L14;CASP2"
"ADORA2B Mediated Anti-Inflammatory Cytokine Production R-HSA-9660821",0.0918032786885246,0.187324651396508,0.188204146308491,0.303719491564689,1.25413444423079,130,"CHGA;PRKAR1B;GNB1;GNAS;ADCY1;GNG2;PRKAR2B;GNG3;PRKAR1A;PRKCA;PRKACB;ADCY2;GNB2;GNG7;GNB5"
"CTLA4 Inhibitory Signaling R-HSA-389513",0.0918163672654691,0.187324651396508,0.208955027549354,0.483188378834345,1.39909548844124,21,"AKT3;PPP2R1A;PPP2CA;PPP2R5B;PPP2R5D;PPP2R5C;PPP2CB;AKT2"
"Elastic Fibre Formation R-HSA-1566948",0.0915178571428571,0.187324651396508,0.222056046145248,-0.375079502296559,-1.32001457445416,39,"ITGB1;FBN3;TGFB3;BMP2;TGFB1;MFAP4;FBLN1;BMP4;ITGB5;FBLN2;MFAP2;LTBP1;ITGB6;BMP10;EFEMP2;ITGB3;LOXL2"
"RHOQ GTPase Cycle R-HSA-9013406",0.0916955017301038,0.187324651396508,0.193813302725311,0.354740324642157,1.29603252772437,58,"GIT1;ARHGAP26;ARHGAP32;ARHGEF9;WASL;GFOD1;ARHGAP35;ARHGEF7;RAB7A;RHOQ;TFRC;GJA1;GOPC;OPHN1;CDC42EP4;GIT2;ITSN1"
"Metabolism Of Angiotensinogen To Angiotensins R-HSA-2022377",0.092741935483871,0.188553725975048,0.208955027549354,-0.4762743638293,-1.35825259096245,18,"KCTD11;CES1;CTSD;ANPEP;ACE2;GZMH;CPB1;CPA4"
"SIRT1 Negatively Regulates rRNA Expression R-HSA-427359",0.0926724137931035,0.188553725975048,0.216542836735348,-0.392119516561271,-1.33206472639532,34,"H2AC19;H2AJ;H2BC17;RRP8;TAF1A;H2AB1;H2AC6;H2BC4"
"Fanconi Anemia Pathway R-HSA-6783310",0.0934782608695652,0.1897202268431,0.216542836735348,-0.389847288880634,-1.33695117992694,35,"FANCC;EME1;FANCE;RPS27A;FANCF;EME2;FAAP24;FANCL;FAAP20;FAAP100;UBE2T;SERPINA2;DCLRE1A;POLN;FANCA;ERCC1;ERCC4;UBA52;MUS81;SLX4;FANCG;POLR1B"
"Attenuation Phase R-HSA-3371568",0.0966469428007889,0.195728741544138,0.20207170902116,0.451198239943564,1.35686116307114,25,"HSPA8;HSP90AB1;HSPH1;DNAJB6;UBB;PTGES3;TNFRSF21;HSP90AA1;DEDD2;CREBBP;HSBP1;FKBP4"
"Processing Of Intronless Pre-mRNAs R-HSA-77595",0.0967741935483871,0.195728741544138,0.204294756516886,0.482551649708642,1.37144974706397,20,"NUDT21;NCBP2;WDR33;PABPN1;CSTF3;FIP1L1;PAPOLA"
"Diseases Of Metabolism R-HSA-5668914",0.0976331360946746,0.197124342253435,0.248911114434702,-0.239828075202911,-1.15495000709687,241,"MUC5B;APRT;B4GALT7;MUC5AC;ADAMTS4;SFTPC;BGN;HSPG2;PMEL;PMM2;ADAMTS14;ALG6;CYP27A1;CSPG4;ACY1;ADAMTS1;GGT1;MCCC1;CYP11B1;RPS27A;DCN;PGM1;MUCL1;B3GALT6;CHST3;CYP4F22;CYP11B2;B3GAT3;OGN;CSF2RB;MPDU1;AGRN;NOTCH3;DPM2;SBSPON;CYP26B1;CYP2R1;MAT1A;THBS2;SP8;ADAMTS3;ADAMTSL5;TCN2;NHLRC1;PRELP;CSF2RA;AHCY;POMC;CYP7B1;ALDOB;HEXA;RFT1;CYP26C1;NOTCH1;MUC20;MUC6;GNE;EXT1;HGSNAT;MUC13;PAPSS2;ADAMTS9;CFP;ADAMTS20;MMUT;POMT1;MUC12;GALNS;MMACHC;ADAMTS19;ALG2;SEMA5A;ADAMTSL1;SFTPD;ADAMTSL4;MUC16;ADAMTS12;THBS1;LFNG;GPC4;G6PC3;DOLK;ADAMTS7;ADAMTS15;SLC26A2;GCLC;ALG14;SLC37A4;CHST6;NOTCH2;MUC2"
"Condensation Of Prophase Chromosomes R-HSA-2299718",0.1,0.201554404145078,0.213927855492356,-0.369644062270229,-1.30239131128227,40,"H2AC19;H2AJ;H2BC17;PLK1;H3-4;H2AB1;H2AC6;H2BC4;NCAPD3;H2AX;H2BC21;NCAPG2;CDK1;H3-3B"
"TGF-beta Receptor Signaling Activates SMADs R-HSA-2173789",0.101423487544484,0.204071051662781,0.186432558434075,0.374537708693567,1.30012713262982,43,"NEDD8;PPP1CB;FKBP1A;STUB1;PPP1CC;UBE2M;UBB;FURIN;NEDD4L;ZFYVE9;SMAD4;TGFB2;UCHL5;PPP1CA;ITGB8;MTMR4;CBL"
"VxPx Cargo-Targeting To Cilium R-HSA-5620916",0.101796407185629,0.204468859183526,0.197822021315103,0.475459289057505,1.37671553248572,21,"PKD1;RAB11A;EXOC7;EXOC4;PTGES2;RAB11FIP3;ASAP1;EXOC3;ARF4;EXOC6;EXOC1"
"Cytochrome P450 - Arranged By Substrate Type R-HSA-211897",0.102564102564103,0.205304129832432,0.213927855492356,-0.319962090081744,-1.25403766127549,62,"CYP2W1;CYP4F12;CYP2A7;CYP27A1;CYP4A22;AHRR;CYP11B1;CYP4F22;CYP11B2;CYP26B1;CYP2B6;CYP2R1;PTGIS;CYP2S1;POMC;CYP2C18;CYP7B1;CYP26C1;CYP2C19;CYP1A2;CYP2A13;CYP4F8;CYP4F2;CYP3A4"
"Nuclear Events Stimulated By ALK Signaling In Cancer R-HSA-9725371",0.102564102564103,0.205304129832432,0.195789002148949,0.491581921141073,1.38650862877133,19,"CLTC;MAPK1;SKP1;MAPK3;RBX1;CUL1;MECP2"
"RHO GTPases Activate ROCKs R-HSA-5627117",0.102766798418972,0.205357626292707,0.195789002148949,0.489248058971868,1.36360836892021,18,"PPP1CB;MYH10;LIMK1;ROCK2;MYL12B;PPP1R12A;RHOB;MYH9;PPP1R12B;VPS72"
"Base-Excision Repair, AP Site Formation R-HSA-73929",0.103603603603604,0.206675906675907,0.208955027549354,-0.363367115629439,-1.29464024387078,41,"H2AC19;H2AJ;H2BC17;TINF2;H3-4;H2AB1;H2AC6;POT1;H2BC4;TDG;H2AX;MBD4;H2BC21;UNG"
"Effects Of PIP2 Hydrolysis R-HSA-114508",0.104651162790698,0.208054356008082,0.191892240384838,0.438313818867911,1.35160460795943,27,"DGKZ;ITPR1;MGLL;DGKG;DGKB;PRKCE;DGKI;DAGLB"
"HDR Thru Homologous Recombination (HRR) R-HSA-5685942",0.104513064133017,0.208054356008082,0.213927855492356,-0.316923113421024,-1.25926307197135,65,"POLD1;BLM;BARD1;EME1;RAD51;POLD2;RPS27A;EME2;RMI2;ARTN;POLD4;RFC4;ATM;GEN1;RFC3;POLE2;MRE11;RAD9B;SERPINA2;RAD51D;XRCC2;BRCA2;POLH;RAD51AP1;RRAD;POLD3;WRN;DNA2;RAD9A;POLE;UBA52;MUS81;SLX4;BRCA1;POLR1B;POLE3"
"Regulation Of Lipid Metabolism By PPARalpha R-HSA-400206",0.105939004815409,0.210256494250991,0.172324344900946,0.308561195847679,1.25353378767697,114,"SREBF2;HMGCS1;ARNT2;NPAS2;NCOA1;TIAM2;SIN3B;HMGCR;NR1D1;TNFRSF21;FABP1;ACADM;RORA;CARM1;MIA3;CCNC;SMARCD3;MED19;NFYA;GLIPR1;ACOX1;MED15;MED4;MED25;TRIB3;MED6;GPS2;NFYC;MED24;MED7;CDK8;CREBBP;TBL1XR1;CLOCK;TXNRD1;THRAP3;G0S2"
"Regulation Of FZD By Ubiquitination R-HSA-4641263",0.107070707070707,0.212141791428718,0.193813302725311,-0.462285913209831,-1.33540308912062,19,"LGR6;LGR5;RPS27A;RSPO4;LRP5;RSPO1;LRP6;WNT3A"
"Abortive Elongation Of HIV-1 Transcript In Absence Of Tat R-HSA-167242",0.110019646365422,0.21724691591954,0.188204146308491,0.453147245365112,1.34334173349113,23,"SUPT4H1;NCBP2;POLR2E;POLR2A;SUPT5H;POLR2F;POLR2K;NELFCD;GTF2F1;NELFE"
"Signaling By TGF-beta Receptor Complex R-HSA-170834",0.110016420361248,0.21724691591954,0.170932335370056,0.315567994315892,1.23844755956331,90,"MAPK1;NEDD8;PRKCZ;PPP1CB;FKBP1A;UBE2D3;STUB1;PPP1CC;UBE2M;MAPK3;UBB;FURIN;NEDD4L;ZFYVE9;SMAD4;TGFB2;SKIL;CCNC;UCHL5;UBE2D1;PPP1CA;TRIM33;CDK9;PARD3;ITGB8;MTMR4;CBL;CCNK;CDK8"
"Depolymerisation Of Nuclear Lamina R-HSA-4419969",0.110655737704918,0.218133861320337,0.191892240384838,0.520499921350127,1.36067563696209,15,"PRKCB;PRKCA;LPIN1;LPIN2;CTDNEP1;TMPO;EMD"
"Endosomal Sorting Complex Required For Transport (ESCRT) R-HSA-917729",0.112403100775194,0.221204753127574,0.184706471207739,0.431109678785335,1.34128304900709,28,"VTA1;VPS36;VPS28;VPS4A;UBB;CHMP4B;VPS37B;CHMP7;HGS;STAM2"
"Triglyceride Catabolism R-HSA-163560",0.113948919449902,0.223869341747534,0.184706471207739,0.44754105632104,1.32672235030879,23,"FABP3;PRKCA;PPP1CB;PRKACB;MGLL;PPP1CC;FABP7;FABP1;GPD2;PPP1CA"
"Signal Transduction By L1 R-HSA-445144",0.11491935483871,0.225396448902141,0.186432558434075,0.471711079232584,1.3406399930275,20,"MAP2K1;L1CAM;MAPK1;MAPK3;MAP2K2;CSNK2B;VAV2"
"PPARA Activates Gene Expression R-HSA-1989781",0.120772946859903,0.236479914405213,0.160801401070022,0.304049412448592,1.22898829973583,112,"SREBF2;HMGCS1;ARNT2;NPAS2;NCOA1;TIAM2;HMGCR;NR1D1;TNFRSF21;FABP1;ACADM;RORA;CARM1;MIA3;CCNC;SMARCD3;MED19;NFYA;GLIPR1;ACOX1;MED15;MED4;MED25;TRIB3;MED6;GPS2;NFYC;MED24;MED7;CDK8;CREBBP;TBL1XR1;CLOCK;TXNRD1;THRAP3;G0S2"
"FLT3 Signaling In Disease R-HSA-9682385",0.122047244094488,0.238317432917713,0.178219874951973,0.436981466076187,1.32618607116665,26,"PIK3R1;GRB2;SPTBN1;UBB;TRIP11;CBL;PIK3CA;HRAS;SOS1;ZMYM2;MYO18A"
"Metabolism Of Fat-Soluble Vitamins R-HSA-6806667",0.122119815668203,0.238317432917713,0.193813302725311,-0.34745623922249,-1.26764307911634,46,"APOC3;LRP2;APOB;HSPG2;TTPA;APOA1;C1D;LRP10;GPIHBP1;PLB1;AGRN"
"Activation Of SMO R-HSA-5635838",0.122529644268775,0.238320158102767,0.178219874951973,0.479133752933298,1.33541826758593,18,"GRK2;ARRB1;KIF3A"
"FGFR2 Ligand Binding And Activation R-HSA-190241",0.122529644268775,0.238320158102767,0.178219874951973,-0.441524390218591,-1.30316489272092,20,"FGF1;FGF6;FGF3;FGF18;FGFBP1;FGF22;FGF4;FGF5;FGFBP2;FGF8;FGF9"
"ESR-mediated Signaling R-HSA-8939211",0.125193199381762,0.242691800130426,0.154190966581424,0.271236678798715,1.18141935577937,185,"CALM1;GNB1;HSP90AB1;PIK3R1;MAPK1;GNG2;GNG3;PRKCZ;AKT3;H2AZ1;PIK3R2;GNB2;POLR2E;USF2;GNG7;CXXC5;MAPK3;NCOA1;GNB5;POLR2A;PPP5C;PTGES3;TNRC6A;UHMK1;PPID;CARM1;HSP90AA1;ZDHHC21;POU2F1;KAT5;JUN;AKT2;H2AZ2;POLR2F;TNRC6C;GNG10;YY1;CDK9;H4C15;POLR2K;DDX5;AGO1;SMC3;EGFR;CREBBP;PIK3CA;H2BC3;CREB1"
"Transcription Of E2F Targets Under Negative Control By P107 (RBL1) And P130 (RBL2) In Complex With HDAC1 R-HSA-1362300",0.125,0.242691800130426,0.173747838999571,-0.475858002377273,-1.32685806043204,16,"TFDP1;E2F1;LIN37;E2F5;CDK1;RBL1;HDAC1;TFDP2"
"Deadenylation-dependent mRNA Decay R-HSA-429914",0.126785714285714,0.245371357498223,0.165656695205483,0.347082146624485,1.24580496491555,53,"EIF4A2;NT5C3B;DDX6;CNOT6L;CNOT7;DCP1B;PARN;LSM7;CNOT3;EIF4E;EIF4B;LSM6;CNOT9;EDC4;PAIP1;TNKS1BP1;LSM4;CNOT4;CNOT6;CNOT10;EIF4G1;EDC3;XRN1"
"MAP3K8 (TPL2)-dependent MAPK1/3 Activation R-HSA-5684264",0.127049180327869,0.245474161328846,0.178219874951973,0.513106690242862,1.3413484689195,15,"MAP2K1;SKP1;MAP2K4;UBB;BTRC;CUL1"
"IKK Complex Recruitment Mediated By RIP1 R-HSA-937041",0.127744510978044,0.246409660018805,0.175204047558551,0.455966365838539,1.32027282374761,21,"UBE2D2;NDUFA2;UBE2D3;UBB;UBE2V1;UBE2D1;UBE2N;TLR4;SARM1;TICAM1"
"Diseases Associated With Glycosaminoglycan Metabolism R-HSA-3560782",0.129545454545455,0.249471197119712,0.186432558434075,-0.354535182925658,-1.24915719990299,40,"B4GALT7;BGN;HSPG2;CSPG4;DCN;B3GALT6;CHST3;B3GAT3;OGN;AGRN"
"Ub-specific Processing Proteases R-HSA-5689880",0.131172839506173,0.252188968210385,0.150169802128406,0.271868786394553,1.18033109812762,183,"USP22;FKBP8;ARRB1;USP11;OTUB1;VDAC1;TOMM20;PSMD2;PSMD7;PTEN;PSMC5;H2AC21;PSMD8;VDAC2;USP5;UBB;PSMA1;MAT2B;PSMF1;TADA2B;PSMC3;PSMC1;SMAD4;PSMD14;KAT2A;USP4;RHOT1;USP32;USP34;PSMB3;PSMB7;SNX3;SUDS3;RNF123;IDE;PSMC4;MAP3K7;HGS;USP7;BECN1;SEM1;PSMB1;STAM2;H2BC3;PSMC2;PSMA6;USP20;HIF1A;TAF9B;USP12;TOMM70"
"Transport Of Inorganic Cations/Anions And Amino Acids/Oligopeptides R-HSA-425393",0.133545310015898,0.256327922349594,0.151148761385484,0.303316773661718,1.21965269388175,104,"SLC12A5;CALM1;SLC8A1;SLC8A2;SLC17A7;SLC1A2;SLC1A3;SRI;SLC4A10;SLC4A4;SLC1A4;SLC25A26"
"Other Interleukin Signaling R-HSA-449836",0.135294117647059,0.259258186033034,0.16823816568964,0.434843633380556,1.30452376029358,24,"SNAP25;VAMP2;STX1A;PTPRZ1"
"Retinoid Metabolism And Transport R-HSA-975634",0.136258660508083,0.260678453791693,0.183023938384487,-0.34751565570379,-1.23799348823305,42,"APOC3;LRP2;APOB;HSPG2;APOA1;C1D;LRP10;GPIHBP1;PLB1;AGRN"
"FOXO-mediated Transcription R-HSA-9614085",0.137693631669535,0.262992582910553,0.155241966228839,0.327358416160631,1.21838559746342,65,"YWHAG;YWHAB;PINK1;AKT3;FOXG1;CCNG2;YWHAZ;PLXNA4;SMAD4;NR3C1;YWHAQ;STK11;BTG1;NFYA;AKT2;ATXN3;TXN2;NFYC;CREBBP;SIRT3;INS;AKT1"
"Interferon Signaling R-HSA-913531",0.139204545454545,0.264844876381695,0.20207170902116,-0.246224189445939,-1.1575351147626,188,"CD44;IFNA14;SMAD7;HERC5;HLA-DPA1;USP18;TRIM48;IFITM1;FCGR1A;FLNB;HLA-DRB1;ISG20;SP100;AAAS;IFNA4;IFITM3;HLA-C;NUP214;HLA-B;RNASE7;NUP35;IFI30;SOCS1;XAF1;TRIM22;RPS27A;FLNA;NUP188;IRF1;TRIM46;HLA-G;VCAM1;NUP37;IRF4;PTAFR;IFNA8;PTPN11;NUP210;TRIM35;IFNA2;ISG15;GBP1;IFNGR1;HLA-A;TRIM5"
"Protein Methylation R-HSA-8876725",0.139344262295082,0.264844876381695,0.169570644405628,0.507276181894919,1.32610652490619,15,"CALM1;HSPA8;VCP"
"Signaling By Activin R-HSA-1502540",0.139344262295082,0.264844876381695,0.169570644405628,0.505953691566164,1.32264930945497,15,"MAPK1;ACVR1B;MAPK3;SMAD4;ACVR2A;SMAD3;FST"
"Homology Directed Repair R-HSA-5693538",0.142480211081794,0.269925984305932,0.191892240384838,-0.266573305457125,-1.16615189506018,114,"TIPIN;POLD1;SIRT6;H2BC17;TP53BP1;BLM;BARD1;EME1;RAD51;H3-4;POLD2;RPS27A;RNF4;EME2;RMI2;H2BC4;ARTN;POLD4;RFC4;ATM;ABL1;H2AX;GEN1;RFC3;H2BC21;POLE2;MRE11;RAD9B;BRCC3;PPP4R2;SERPINA2;RNF168;CDK2;RAD51D;XRCC2;BRCA2;POLH;RAD51AP1;RRAD;POLD3;WRN;H2BC5;FEN1;MDC1;ERCC1;DNA2;ERCC4;RAD9A;POLE;CLSPN;UBA52;MUS81;SLX4;BRCA1;H2BC9;PPP4C;POLR1B;POLE3;CCNA1;H2BC15"
"Negative Regulation Of PI3K/AKT Network R-HSA-199418",0.1424,0.269925984305932,0.14641623786055,0.294929746324466,1.19570229305127,113,"CLSTN1;PIK3R1;PIP5K1C;MAPK1;GRB2;AKT3;PPP2R1A;PIK3R2;PIP4K2B;FGF13;PPP2CA;RNMT;PPP2R5B;PTEN;MAPK3;PPP2R5D;PPP2R5C;PPP2CB;IRS2;FGFR3"
"Cell Recruitment (Pro-Inflammatory Response) R-HSA-9664424",0.143434343434343,0.27085417279592,0.165656695205483,-0.405707579893162,-1.27243327025148,25,"RELA;TXNIP;HMOX1;P2RX7;IL18;C3AR1;C3;CASP1;NFKB2;PYCARD;PSTPIP1;NT5E;IL1A;GSDMD;MEFV"
"RMTs Methylate Histone Arginines R-HSA-3214858",0.143356643356643,0.27085417279592,0.153158808683073,0.353838250802507,1.25300089703883,48,"SMARCA2;H2AZ1;COPRS;RBBP7;H2AC21;SMARCC2;PRMT7;PRMT6;DNMT3A;ARID1A;CARM1;SMARCD3;H2AZ2;H4C15;SMARCA4"
"Signaling By FLT3 ITD And TKD Mutants R-HSA-9703648",0.145491803278689,0.274295532191001,0.165656695205483,0.501772476718835,1.31171890016517,15,"PIK3R1;GRB2;PIK3CA;HRAS;SOS1"
"Plasma Lipoprotein Assembly, Remodeling, And Clearance R-HSA-174824",0.148717948717949,0.279925558312655,0.148261500475107,0.321236728317638,1.21170416852552,70,"AP2M1;CLTC;NCEH1;AP2A1;AP2S1;AP2B1;CLTA;PRKCA;PRKACB;UBB;TRNP1;FURIN"
"Polymerase Switching On C-strand Of Telomere R-HSA-174411",0.149494949494949,0.280934953398721,0.161978948883402,-0.403933653502742,-1.26686964987559,25,"POLD1;TINF2;POLD2;POT1;POLD4;RFC4;STN1;RFC3;POLA1;DSCC1;CTC1;POLD3;CHTF18;POLA2;TERF1"
"Association Of TriC/CCT With Target Proteins During Biosynthesis R-HSA-390471",0.151012891344383,0.283331260769928,0.153158808683073,0.374349063175771,1.24625556185932,36,"FBXW7;USP11;CCT2;NOP56;ARFGEF2;FBXW5;FBXL5;CCT7;CCT8;TCP1;CCT6A;FBXL3;XRN2;CCT4;KIFC3;HDAC3"
"Platelet Sensitization By LDL R-HSA-432142",0.153061224489796,0.286713401251351,0.160801401070022,0.476386455357421,1.28720198230531,17,"PPP2R1A;PPP2CA;PPP2R5B;PPP2R5D;PPP2R5C;PPP2CB;LRP8"
"mRNA Splicing - Minor Pathway R-HSA-72165",0.153310104529617,0.286719378182793,0.147331213699377,0.34866758578496,1.24059646725113,49,"NCBP2;SNRPD2;POLR2E;SNRNP25;POLR2A;SNRNP200;TXNL4A;EFTUD2;SNRPD3;POLR2F;SRSF6;SRSF1;SF3B5;POLR2K;PRPF8;PDCD7;RNPC3"
"Cyclin A/B1/B2 Associated Events During G2/M Transition R-HSA-69273",0.155818540433925,0.290944378698225,0.156312403073186,0.423060158214111,1.27224321264032,25,"PPP2R1A;PPP2CA;MNAT1;PPP2CB;PPME1;PPP2R2A;PPP2R3B;LCMT1"
"Extension Of Telomeres R-HSA-180786",0.158256880733945,0.29455467275361,0.16823816568964,-0.324229363945563,-1.21413649743568,50,"POLD1;BLM;TINF2;POLD2;WRAP53;POT1;POLD4;RFC4;SHQ1;STN1;RFC3;POLA1;CDK2;DSCC1;CTC1;PIF1;TERT;POLD3;CHTF18;WRN;POLA2;TERF1;FEN1;DNA2"
"tRNA Processing In Nucleus R-HSA-6784531",0.158256880733945,0.29455467275361,0.16823816568964,-0.314736180574596,-1.21843112685389,56,"RPP25;TSEN34;AAAS;NUP214;RNASE7;NUP35;TSEN54;NUP188;NUP37;NLRP2B;NUP210"
"Activation Of Pre-Replicative Complex R-HSA-68962",0.158995815899582,0.295458785278363,0.159646701919906,-0.374664484761019,-1.26310595448264,32,"SLC25A15;MCM3;MCM10;CDT1;MCM5;POLE2;POLA1;CDK2;MCM4;DBF4;MCM8;POLA2;POLE;MCM7;CDC6;PRIM2;POLR1B;POLE3"
"Nucleotide-like (Purinergic) Receptors R-HSA-418038",0.159533073929961,0.295985846226176,0.153158808683073,-0.469697489252049,-1.28432662701191,15,"P2RY4;ADORA2A;P2RY10;LPAR6;GPR17;P2RY1;P2RY6;P2RY14;ADORA3;P2RY2"
"Interferon Gamma Signaling R-HSA-877300",0.160401002506266,0.297123761785416,0.175204047558551,-0.282737734690081,-1.1754434965725,85,"CD44;SMAD7;HLA-DPA1;TRIM48;FCGR1A;HLA-DRB1;SP100;HLA-C;HLA-B;IFI30;SOCS1;TRIM22;IRF1;TRIM46;HLA-G;VCAM1;IRF4;PTAFR;PTPN11;TRIM35;GBP1;IFNGR1;HLA-A;TRIM5;GBP2;PTPN6"
"HDR Thru Homologous Recombination (HRR) Or Single Strand Annealing (SSA) R-HSA-5693567",0.161375661375661,0.297983222824995,0.179782316298324,-0.268545323254117,-1.16312825210948,109,"TIPIN;POLD1;SIRT6;H2BC17;TP53BP1;BLM;BARD1;EME1;RAD51;H3-4;POLD2;RPS27A;RNF4;EME2;RMI2;H2BC4;ARTN;POLD4;RFC4;ATM;ABL1;H2AX;GEN1;RFC3;H2BC21;POLE2;MRE11;RAD9B;BRCC3;PPP4R2;SERPINA2;RNF168;CDK2;RAD51D;XRCC2;BRCA2;POLH;RAD51AP1;RRAD;POLD3;WRN;H2BC5;MDC1;ERCC1;DNA2;ERCC4;RAD9A;POLE;CLSPN;UBA52;MUS81;SLX4;BRCA1;H2BC9;PPP4C;POLR1B;POLE3;CCNA1;H2BC15"
"Regulation Of Beta-Cell Development R-HSA-186712",0.161363636363636,0.297983222824995,0.165656695205483,-0.340509558706414,-1.19973979277283,40,"RBPJ;ONECUT1;HNF1A;MAFA;FOXA2;FOXO1;HNF4G;MAML3;PKLR;NKX2-2;NKX6-1;MAML1;MAP4K2;NOTCH1;PAX4;NEUROD1;INSM1"
"Activation Of HOX Genes During Differentiation R-HSA-5619507",0.163316582914573,0.301090761866203,0.173747838999571,-0.279512997368002,-1.16845064055254,88,"H2AC19;AJUBA;HOXD1;HOXB3;H2AJ;H2BC17;ZNF335;PAXIP1;HOXA1;HOXB1;RARG;H2AB1;H2AC6;PKNOX1;H2BC4;HOXA4;MAFB;EZH2;H2AX;HOXC4;POLR2B"
"Azathioprine ADME R-HSA-9748787",0.163672654690619,0.301271274485729,0.153158808683073,0.440595523295089,1.27576580040412,21,"GUK1;NME2;HPRT1;GMPS;ABCC5;VAV2"
"Inactivation, Recovery And Regulation Of Phototransduction Cascade R-HSA-2514859",0.164485981308411,0.302291559349474,0.147331213699377,0.391224425632318,1.25067652447521,30,"CALM1;GNB1;PRKCA;GNB5;NMT1;RNF7"
"Glycogen Metabolism R-HSA-8982491",0.165029469548134,0.302813507802943,0.151148761385484,0.426561364131126,1.26452866743249,23,"CALM1;UGP2;UBB;PYGB;GYG1;PHKB"
"Gene Silencing By RNA R-HSA-211000",0.168900804289544,0.309430515864832,0.176694268938498,-0.269855668623707,-1.15812964997128,104,"H2AC19;H2AJ;H2BC17;FKBP6;AAAS;NUP214;PRKRA;TDRD9;RNASE7;NUP35;H2AB1;NUP188;PIWIL1;H2AC6;NUP37;NUP210;H2BC4;AGO3;MOV10L1;ANG;PIWIL4;H2AX;POLR2B;HENMT1;NUP43;H2BC21"
"Phase 4 - Resting Membrane Potential R-HSA-5576886",0.16969696969697,0.310401823881448,0.151148761385484,-0.430138973502085,-1.24254037934557,19,"KCNK6;KCNK15;KCNK13;KCNJ2;KCNJ12;KCNK5;KCNK16;KCNJ14;KCNK12;KCNK7"
"Signaling By FGFR2 In Disease R-HSA-5655253",0.170474516695958,0.311336089177125,0.139599673451922,0.352680048124184,1.2214479204502,42,"PIK3R1;GRB2;NCBP2;FGF13;POLR2E;PLCG1;POLR2A"
"Defective B4GALT7 Causes EDS, Progeroid Type R-HSA-3560783",0.171936758893281,0.311465784135796,0.148261500475107,-0.418234092535758,-1.23442328081074,20,"B4GALT7;BGN;HSPG2;CSPG4;DCN;AGRN"
"Export Of Viral Ribonucleoproteins From Nucleus R-HSA-168274",0.171739130434783,0.311465784135796,0.156312403073186,-0.357482414265544,-1.22595834109235,35,"AAAS;NUP214;RNASE7;NUP35;HSPA1A;NUP188;NUP37;NUP210"
"G2/M Checkpoints R-HSA-69481",0.172413793103448,0.311465784135796,0.133554954557592,0.27774492728648,1.16278210968054,143,"YWHAG;YWHAH;YWHAB;UBE2V2;YWHAE;PSMD2;PSMD7;PSMC5;PSMD8;UBB;PSMA1;PSMF1;YWHAZ;PSMC3;PSMC1;PSMD14;YWHAQ;UIMC1;BABAM1;PSMB3;PSMB7;KAT5;UBE2N;PSMC4;HERC2;H4C15;HUS1;SEM1;PSMB1;H2BC3;PSMC2;PSMA6"
"Plasma Lipoprotein Remodeling R-HSA-8963899",0.172043010752688,0.311465784135796,0.155241966228839,-0.367879904848338,-1.24244545312853,33,"APOC3;PCSK6;APOB;FGF21;APOA5;APOA1;GPIHBP1;ABCG1;LIPG;LMF2;ALB"
"Pyroptosis R-HSA-5620971",0.171717171717172,0.311465784135796,0.150169802128406,-0.391782886753228,-1.22876082313092,25,"CASP5;IL18;IRF1;CASP4;HMGB1;BAX;CASP1;GZMB;CHMP6"
"Resolution Of D-Loop Structures R-HSA-5693537",0.172413793103448,0.311465784135796,0.155241966228839,-0.359650215644517,-1.22176363549013,34,"BLM;BARD1;EME1;RAD51;EME2;RMI2;ARTN;ATM;GEN1;MRE11;RAD51D;XRCC2;BRCA2;RAD51AP1;WRN;DNA2;MUS81;SLX4;BRCA1"
"Telomere C-strand (Lagging Strand) Synthesis R-HSA-174417",0.172043010752688,0.311465784135796,0.155241966228839,-0.368866838032447,-1.24577863504735,33,"POLD1;BLM;TINF2;POLD2;POT1;POLD4;RFC4;STN1;RFC3;POLA1;DSCC1;CTC1;POLD3;CHTF18;WRN;POLA2;TERF1;FEN1;DNA2"
"Miscellaneous Transport And Binding Events R-HSA-5223345",0.172888015717092,0.311839743959578,0.147331213699377,0.423305834193652,1.25487774430679,23,"ADD2;TUSC3;ANKH;ADD1;LRRC8A;ADD3;NIPAL2"
"Downstream Signaling Of Activated FGFR1 R-HSA-5654687",0.173831775700935,0.313058151609553,0.142901149386948,0.390008125373767,1.24678822384668,30,"PIK3R1;GRB2;FLRT2;FGF13;PLCG1;FLRT3"
"Gap Junction Trafficking And Regulation R-HSA-157858",0.174418604651163,0.313630988640843,0.14551614609036,0.408649411589612,1.26013008024937,27,"DNM1;AP2M1;CLTC;CLTB;CLTA;GJA1;GJB6"
"DNA Strand Elongation R-HSA-69190",0.176100628930818,0.316168359941945,0.151148761385484,-0.374540161522542,-1.24924033500425,31,"POLD1;POLD2;MCM3;POLD4;RFC4;RFC3;MCM5;POLA1;GINS2;MCM4;MCM8;POLD3;POLA2;FEN1;DNA2;MCM7;PRIM2;POLR1B"
"TICAM1, RIP1-mediated IKK Complex Recruitment R-HSA-168927",0.177865612648221,0.318846651244968,0.14551614609036,0.454336747698157,1.26630526193834,18,"UBE2D2;UBE2D3;UBB;UBE2V1;UBE2D1;UBE2N"
"Assembly Of ORC Complex At Origin Of Replication R-HSA-68616",0.178260869565217,0.319065084022406,0.153158808683073,-0.355565294235892,-1.21938372595762,35,"H2AC19;H2AJ;H2BC17;SLC25A15;H2AB1;H2AC6;H2BC4"
"Response To Elevated Platelet Cytosolic Ca2+ R-HSA-76005",0.178861788617886,0.319650394053711,0.130105630751129,0.282113335791215,1.16407057706795,129,"TUBA4A;CALM1;PRKCB;APLP2;PPIA;ACTN1;CLU;SCG3;SOD1;APP;PRKCG;HABP4;PRKCA;HSPA5;TMSB4X;CYRIB;CD63;FAM3C;TGFB2;APOOL;F5;BRPF3;PCDH7"
"Biosynthesis Of DHA-derived SPMs R-HSA-9018677",0.180769230769231,0.3220728126835,0.142056643575821,-0.454414623829708,-1.26706644291886,16,"ALOX15;PTGS2;ALOX12;HPGD;EPHX2;CYP1A2;GSTM4;CYP3A4"
"Resolution Of D-loop Structures Thru Holliday Junction Intermediates R-HSA-5693568",0.180645161290323,0.3220728126835,0.151148761385484,-0.363400993915867,-1.22731877061699,33,"BLM;BARD1;EME1;RAD51;EME2;RMI2;ARTN;ATM;GEN1;MRE11;RAD51D;XRCC2;BRCA2;RAD51AP1;WRN;DNA2;MUS81;SLX4;BRCA1"
"PI5P, PP2A And IER3 Regulate PI3K/AKT Signaling R-HSA-6811558",0.181102362204724,0.322174476666027,0.126875729929857,0.288905066150919,1.16539399948925,106,"CLSTN1;PIK3R1;PIP5K1C;MAPK1;GRB2;PPP2R1A;PIK3R2;PIP4K2B;FGF13;PPP2CA;RNMT;PPP2R5B;MAPK3;PPP2R5D;PPP2R5C;PPP2CB;IRS2;FGFR3"
"Resolution Of AP Sites Via Multiple-Nucleotide Patch Replacement Pathway R-HSA-110373",0.181818181818182,0.322955583229556,0.14551614609036,-0.386499612924564,-1.21219072750389,25,"POLD1;POLD2;ADPRS;POLD4;RFC4;RFC3;POLE2"
"HDR Thru Single Strand Annealing (SSA) R-HSA-5685938",0.183006535947712,0.324572382144347,0.151148761385484,-0.351780662730013,-1.21029889940614,36,"BLM;BARD1;RAD51;RMI2;ARTN;RFC4;ATM;ABL1;RFC3;MRE11;RAD9B;SERPINA2;RRAD;WRN;ERCC1;DNA2;ERCC4;RAD9A"
"Assembly Of Pre-Replicative Complex R-HSA-68867",0.184251968503937,0.32628535241896,0.12563992130984,0.288365845653728,1.16321887552829,106,"H2AZ1;PSMD2;PSMD7;PSMC5;PSMD8;UBB;PSMA1;ANAPC5;PSMF1;PSMC3;PSMC1;PSMD14;ANAPC16;PSMB3;PSMB7;KPNB1;UBE2D1;H2AZ2;PSMC4;KPNA1;H4C15;ANAPC11;ANAPC15;CDC16;UBE2E1;SEM1;PSMB1;H2BC3;PSMC2;PSMA6;FZR1;KPNA6;PSMB2;PSME3;SLC25A2;PSMB5;PSMA4"
"Activation Of ATR In Response To Replication Stress R-HSA-176187",0.184782608695652,0.326729249011858,0.150169802128406,-0.352624935367997,-1.20929999222402,35,"SLC25A15;MCM3;MCM10;RFC4;RFC3;MCM5;RAD9B;SERPINA2;CDK2;MCM4;DBF4;MCM8;RRAD;RAD9A;MCM7;CLSPN;CDC6"
"Signaling By WNT In Cancer R-HSA-4791275",0.186219739292365,0.328772217479864,0.137250779610133,0.377192593356438,1.22787426731682,33,"PPP2R1A;PPP2CA;PPP2R5B;GSK3B;PPP2R5D;PPP2R5C;PPP2CB;CTNNB1;CTBP1;FZD4"
"Activation Of Matrix Metalloproteinases R-HSA-1592389",0.189247311827957,0.33361270831303,0.147331213699377,-0.36150722755289,-1.22092292953962,33,"KLK2;SPOCK3;TIMP1;CTRB1;MMP11;MMP2;MMP3;MMP9;MMP14;MMP28;MMP13"
"Gap Junction Trafficking R-HSA-190828",0.195266272189349,0.343703981364963,0.138022242496643,0.411415311922875,1.23722437106751,25,"DNM1;AP2M1;CLTC;CLTB;CLTA;GJA1;GJB6"
"Downregulation Of SMAD2/3:SMAD4 Transcriptional Activity R-HSA-2173795",0.196261682242991,0.344935818038509,0.133554954557592,0.380386504469582,1.21602957330277,30,"MAPK1;UBE2D3;MAPK3;UBB;NEDD4L;SMAD4;SKIL;UBE2D1;TRIM33"
"Processing Of Capped Intronless Pre-mRNA R-HSA-75067",0.199619771863118,0.34925978075601,0.133554954557592,0.385675666740327,1.21482556350809,29,"NUDT21;NCBP2;WDR33;PABPN1;CSTF3;FIP1L1;SNRPD3;PAPOLA;LSM11;CPSF4;SLBP"
"SUMOylation Of Intracellular Receptors R-HSA-4090294",0.199619771863118,0.34925978075601,0.133554954557592,0.384790170728856,1.21203637226817,29,"THRA;SUMO1;NR3C1;RORA;THRB;UBE2I;HDAC4;PIAS3"
"Signaling By FGFR3 In Disease R-HSA-5655332",0.199600798403194,0.34925978075601,0.137250779610133,0.426225251975932,1.23415597978134,21,"PIK3R1;GRB2;FGF13;PLCG1;FGFR3"
"Conversion From APC/C:Cdc20 To APC/C:Cdh1 In Late Anaphase R-HSA-176407",0.201612903225806,0.352218949198377,0.137250779610133,0.435617116793557,1.23805811254397,20,"ANAPC5;ANAPC16;UBE2D1;ANAPC11;ANAPC15;CDC16;UBE2E1;FZR1;ANAPC4;ANAPC7"
"Cell Surface Interactions At Vascular Wall R-HSA-202733",0.20259319286872,0.353402475452609,0.120985142145252,0.276119631377796,1.14644953480747,133,"TSPAN7;SIRPA;BSG;PPIA;PIK3R1;L1CAM;CD99L2;GRB2;ATP1B1;ATP1B2;GPC1;ATP1B3;DEAF1;PIK3R2"
"G0 And Early G1 R-HSA-1538133",0.203703703703704,0.354595175766642,0.138022242496643,-0.37556421431415,-1.21123843671694,27,"TFDP1;E2F1;MYC;LIN37;CCNE2;E2F5;CDK1;CDK2;CCNE1;RBL1;HDAC1;TFDP2"
"HIV Transcription Initiation R-HSA-167161",0.204188481675393,0.354595175766642,0.12563992130984,0.335592358871984,1.17961275085227,45,"POLR2E;ERCC3;MNAT1;POLR2A;GTF2H1;TAF6;TAF13;TAF11;POLR2F;TAF9;TAF15;POLR2K;GTF2H4;TAF9B;GTF2A1;ERCC2;GTF2F1;GTF2B;GTF2A2;POLR2J;TBP"
"Processive Synthesis On C-strand Of Telomere R-HSA-174414",0.204040404040404,0.354595175766642,0.136490437780413,-0.418350551530697,-1.20848722162086,19,"POLD1;BLM;TINF2;POLD2;POT1;POLD4"
"Class C/3 (Metabotropic Glutamate/Pheromone Receptors) R-HSA-420499",0.205357142857143,0.355566447647308,0.143758989039275,-0.334631249929076,-1.17766533300171,39,"GRM4;TAS2R60;TAS1R3;TAS2R5;TAS2R39;TAS2R40;TAS2R3;TAS2R8;GPRC6A;GRM3;TAS2R7;CASR;UBD;TAS2R9;GRM7;TAS2R4;GRM6"
"Oxidative Stress Induced Senescence R-HSA-2559580",0.205298013245033,0.355566447647308,0.121543282035469,0.29101850482443,1.1387923267467,88,"MAPK10;CBX6;MAPK1;TNIK;H2AZ1;MINK1;RBBP7;MAPK9;MAP2K4;MAPK3;UBB;MAPK8;TNRC6A;RING1;MAP3K5;JUN;MAPK11;EED;H2AZ2;TNRC6C;TXN2;H4C15"
"Phototransduction Cascade R-HSA-2514856",0.205714285714286,0.355657142857143,0.131457611642763,0.377741551583863,1.21121624118888,31,"CALM1;GNB1;PRKCA;GNB5;NMT1;RNF7"
"Acyl Chain Remodelling Of PE R-HSA-1482839",0.207983193277311,0.358312385937123,0.138022242496643,-0.37002459284075,-1.20877065529611,29,"PLAAT3;PLA2G3;PLBD1;PLA2R1;PLAAT5;LPCAT3;PLA2G4E;PLA2G5;PLA2G2A;PLA2G2D;PLA2G4F"
"Cell-extracellular Matrix Interactions R-HSA-446353",0.208171206225681,0.358312385937123,0.132147260608774,-0.444769839983577,-1.21616521581234,15,"ITGB1;LIMS2;FBLIM1;FLNA;FLNC"
"ERBB2 Regulates Cell Motility R-HSA-6785631",0.208171206225681,0.358312385937123,0.132147260608774,-0.443659021061125,-1.21312782610399,15,"ERBB3;ERBB2;BTC;EREG;NRG1"
"Triglyceride Metabolism R-HSA-8979227",0.209944751381215,0.360832879030749,0.127505315300183,0.356814769436902,1.18788167169927,36,"FABP3;PRKCA;PPP1CB;PRKACB;MGLL;PPP1CC;LPIN1;FABP7;LPIN2;FABP1;GPD2;PPP1CA"
"Translation Of Structural Proteins R-HSA-9683701",0.211026615969582,0.362158912994856,0.129442887745046,0.382037347570382,1.20336535609286,29,"GSK3A;SUMO1;GSK3B;UBB;CANX;PRKCSH;ST3GAL3;UBE2I"
"RORA Activates Gene Expression R-HSA-1368082",0.213438735177866,0.36576065191273,0.131457611642763,0.435959810615294,1.21508595765745,18,"NCOA1;RORA;CARM1;SMARCD3;CREBBP;TBL1XR1;NCOA6;TBL1X;EP300"
"Nicotinate Metabolism R-HSA-196807",0.213836477987421,0.365904941072318,0.135740943810425,-0.361821432216135,-1.20681831650836,31,"NMRK2;PTGS2;NNMT;BST1;PARP16;NAXD;SLC22A13;PTGIS;NADK;NAMPT;CYP8B1;NT5E;PARP4"
"Metabolism Of Porphyrins R-HSA-189445",0.214574898785425,0.366630903195595,0.132846300606183,-0.371282639911106,-1.18825237690091,26,"HMOX1;ALAS2;SLCO1B3;ABCC2;CPOX;FLVCR1;SLCO2B1;BLVRB;ALB;COX15;SLCO1B1;ABCC1;GSTA1"
"RHO GTPases Activate NADPH Oxidases R-HSA-5668599",0.217647058823529,0.371336429308566,0.129442887745046,0.39763544565499,1.19289980805099,24,"PRKCB;MAPK1;PRKCZ;PRKCA;MAPK3;MAPK11;NOXA1;PIK3R4;PIK3C3"
"Defective TPR May Confer Susceptibility Towards Thyroid Papillary Carcinoma (TPC) R-HSA-5619107",0.220125786163522,0.375017215259606,0.133554954557592,-0.360770227519865,-1.2033121309458,31,"AAAS;NUP214;RNASE7;NUP35;NUP188;NUP37;NUP210"
"Diseases Of Programmed Cell Death R-HSA-9645723",0.220869565217391,0.375188912094171,0.119887845115423,0.307498649341808,1.15176188259665,68,"PRDX2;CDK5R1;APP;H2AZ1;RBBP7;YWHAE;CAPNS1;CAPN1;DNMT3A;PRDX1;JUN;EED;H2AZ2;GOLGA2;H4C15"
"Signaling By NOTCH R-HSA-157118",0.220679012345679,0.375188912094171,0.111918316325105,0.255287087590474,1.11981376405694,198,"ATP2A2;FBXW7;ARRB1;SKP1;CNTN1;H2AZ1;NEURL1;PSMD2;RAB6A;PSMD7;PSMC5;PSMD8;UBB;PSMA1;FURIN;PSMF1;YWHAZ;PSMC3;PSMC1;TNRC6A;PBX1;MIB2;PSMD14;FABP7;KAT2A;MIB1;TLE2;PSMB3;PSMB7;CCNC;JUN;TMED2;H2AZ2;DTX1;PSMC4;NBEA;TNRC6C;JAG2;H4C15;ST3GAL3;RBX1;SEM1;AGO1;EGFR;PSMB1;CDK8;CREBBP;CUL1;TBL1XR1;H2BC3;CREB1;PSMC2;PSMA6;HIF1A"
"RHO GTPases Activate PAKs R-HSA-5627123",0.221556886227545,0.375809427656315,0.129442887745046,0.42086941564075,1.21864789477429,21,"CALM1;PPP1CB;ARHGEF7;MYH10;CTTN;LIMK1;MYL12B;PPP1R12A;MYH9;NF2;PPP1R12B"
"Cell-Cell Communication R-HSA-1500931",0.222402597402597,0.376696416790756,0.114750719227023,0.276549165303253,1.12749606751791,117,"CADM3;SPTAN1;SIRPA;ACTN1;PIK3R1;PTK2B;GRB2;CADM2;CDH2;WASL;PIK3R2;SPTBN1;CD47;SKAP2;CADM1;MAGI2;CDH11;CTNNB1"
"Lewis Blood Group Biosynthesis R-HSA-9037629",0.223320158102767,0.377383199433055,0.128142916898415,0.432674674372843,1.20592978587281,18,"ST6GALNAC6;FUT9;B3GALT2;ST3GAL3"
"Post-translational Protein Phosphorylation R-HSA-8957275",0.223454833597464,0.377383199433055,0.112843355675562,0.280130428237143,1.12871800570045,105,"CHGB;SPARCL1;APLP2;SCG3;SCG2;APP;CST3;NUCB1;CDH2;PPP3CA;GOLM1;F5;VGF;MIA3;TGOLN2;LGALS1;PRKCSH;DMTF1"
"Post-translational Modification: Synthesis Of GPI-anchored Proteins R-HSA-163125",0.223918575063613,0.377619909102943,0.147331213699377,-0.264594167747044,-1.11884604853637,91,"PIGM;RAET1L;IZUMO1R;PRSS41;LY6K;PIGH;GP2;RAET1G;PIGL;PRSS21;PIGN;LYPD3;BST1;GPIHBP1;PIGV;OTOA;NRN1L;DPM2;PLET1;PIGO;GPLD1;SPACA4;ALPG;LYPD6B;ULBP2;LYPD2;MELTF;PIGC;LY6G6C"
"Telomere Maintenance R-HSA-157579",0.224747474747475,0.378470855743583,0.14641623786055,-0.267381127638764,-1.12069080579048,89,"H2AC19;POLD1;H2AJ;H2BC17;BLM;TINF2;H3-4;H2AB1;POLD2;WRAP53;H2AC6;POT1;H2BC4;POLD4;RFC4;SHQ1;STN1;H2AX;POLR2B;RFC3;H2BC21;POLA1;H3-3B;POLR2L;POLR2G;POLR2D;CDK2;DSCC1;CTC1;PIF1;TERT;POLD3;CHTF18;WRN;POLA2;TERF1;H2BC5;FEN1"
"Stimuli-sensing Channels R-HSA-2672351",0.22508038585209,0.378485317419869,0.11331290842208,0.283135302737785,1.12670569965087,99,"CALM1;TTYH3;ASPH;SRI;RYR2;WNK2;TSC22D3;TRPM2;UNC80;UBB;NEDD4L;CLCN4;TTYH1;TRPC5;NALCN;TRPM3;UNC79;CLCN3;CLCN7;TRPV1;ANO3"
"HS-GAG Degradation R-HSA-2024096",0.225548902195609,0.378727437211907,0.128142916898415,0.419476160424195,1.2146136564252,21,"IDS;GPC1;SDC3"
"Interactions Of Vpr With Host Cellular Proteins R-HSA-176033",0.225925925925926,0.378815453384419,0.122679189568808,0.349675320279235,1.16534778469409,37,"SLC25A4;SGIP1;PSIP1;SLC25A5;SLC25A6;HMGA1;RANBP2;BANF1;SEH1L;KPNA1;NUP98"
"Biosynthesis Of Specialized Proresolving Mediators (SPMs) R-HSA-9018678",0.229838709677419,0.38427188279878,0.127505315300183,-0.421426415041237,-1.20183567204329,18,"ALOX15;PTGS2;ALOX5AP;ALOX12;HPGD;EPHX2;CYP1A2;GSTM4;CYP3A4"
"Impaired BRCA2 Binding To PALB2 R-HSA-9709603",0.229674796747967,0.38427188279878,0.128142916898415,-0.382782540558876,-1.18230796879521,24,"BLM;BARD1;RAD51;RMI2;ARTN;ATM;MRE11;RAD51D;XRCC2;BRCA2;RAD51AP1;WRN;DNA2"
"Costimulation By CD28 Family R-HSA-388841",0.230403800475059,0.384665572466945,0.139599673451922,-0.284224271560178,-1.1293374139557,65,"PRR5;RNASE1;CD274;HLA-DPA1;TARP;ICOSLG;HLA-DRB1;PDCD1;MAP3K14;LCK;PKN1;YES1;CD80;CSK"
"Aflatoxin Activation And Detoxification R-HSA-5423646",0.232323232323232,0.387316017316017,0.126875729929857,-0.412830327849818,-1.19254097808317,19,"AKR7A3;ACY1;GGT1;AKR7L;ACY3;DPEP1;CYP1A2;CYP2A13;GGT5;DPEP2;CYP3A4"
"FGFR1 Ligand Binding And Activation R-HSA-190242",0.232692307692308,0.38737792165039,0.123257226381337,-0.426742410600156,-1.18990666208046,16,"FGF1;FGF6;FGF3;FGF22;FGF4;FGF5;FGF8;FGF9;KL"
"Signaling By Hippo R-HSA-2028269",0.235887096774194,0.392137096774194,0.12563992130984,0.420244286616146,1.19436731991856,20,"YWHAB;STK24;YWHAE;STK4;AMOT;WWC1;DVL2"
"Negative Regulators Of DDX58/IFIH1 Signaling R-HSA-936440",0.236499068901304,0.392595182656929,0.119887845115423,0.36251180286486,1.1800839204596,33,"UBE2K;UBE2D2;UBE2D3;PCBP2;UBB;ATG5;UBE2D1;TAX1BP1;ATG12;OTUD5;RNF216;UBE2L6;TRAF3"
"Interleukin-37 Signaling R-HSA-9008059",0.2375249500998,0.393738091997823,0.124434168630393,-0.396680110287354,-1.18781323110454,21,"SIGIRR;PTPN18;PTPN13;PTPN11;CASP1;PTPN6;PTPN7"
"Pre-NOTCH Expression And Processing R-HSA-1912422",0.239024390243902,0.395661650233524,0.13880510939114,-0.274733365004202,-1.11899936347553,75,"H2AC19;H2AJ;RBPJ;SIRT6;ATP2A3;H2BC17;TFDP1;H2AB1;E2F1;MAML3;MFNG;H2AC6;NOTCH3;H2BC4;AGO3;POFUT1"
"tRNA Modification In Nucleus And Cytosol R-HSA-6782315",0.240184757505774,0.397019280466343,0.134273452883202,-0.320740456121943,-1.14260923090704,42,"CTU1;TRMT10A;TRMT13;ADAT3;LCMT2;THG1L;EPRS1;ALKBH8;THADA;WDR4;TRMT61A;QTRT2;CDKAL1;URM1;CTU2;TYW1;TRMT9B;TRMT5;TRMT6"
"Intrinsic Pathway Of Fibrin Clot Formation R-HSA-140837",0.241516966067864,0.398656717682033,0.123257226381337,-0.395163718376876,-1.18327256892337,21,"GP9;VWF;SERPINA5;SERPINC1;F12;SERPING1;KNG1"
"Calnexin/calreticulin Cycle R-HSA-901042",0.242603550295858,0.399320653307851,0.122107920287081,0.391809044649227,1.17826362995351,25,"MARCHF6;OS9;UBB;AMFR;CANX;PRKCSH;MAN1B1;SEL1L;UGGT2;GANAB"
"Caspase Activation Via Extrinsic Apoptotic Signaling Pathway R-HSA-5357769",0.242603550295858,0.399320653307851,0.122107920287081,0.390018099907112,1.17287783020818,25,"MAGED1;NDUFA2;DAPK1;FASN;APPL1;TLR4;UNC5B;TICAM1;DAPK3"
"Paracetamol ADME R-HSA-9753281",0.243407707910751,0.400079993143445,0.12384217120105,-0.385772577438598,-1.17974830125823,23,"ABCC3;SULT1A4;ACY1;GGT1;SLC38A3;ABCC2;CNDP2;GSTT1;GGT5;ABCC4;SLC38A1;UGT2B15;ABCC1"
"Activated Point Mutants Of FGFR2 R-HSA-2033519",0.244140625,0.400720266350211,0.120985142145252,-0.41628533886877,-1.17336031390131,17,"FGF1;FGF6;FGF3;FGF18;FGF22;FGF4;FGF5;FGF8;FGF9"
"NOTCH1 Intracellular Domain Regulates Transcription R-HSA-2122947",0.244718309859155,0.401104308434879,0.11378726182188,0.326170756785702,1.14662394754499,46,"FBXW7;SKP1;UBB;KAT2A;TLE2;CCNC;NBEA;RBX1;CDK8;CREBBP;CUL1;TBL1XR1;HIF1A;HDAC4;HDAC3;TBL1X;HDAC5;TLE1;HDAC9;NCOR1;EP300"
"Downstream Signaling Of Activated FGFR3 R-HSA-5654708",0.247058823529412,0.404372576520089,0.120433371642259,0.389822830719206,1.16946209152167,24,"PIK3R1;GRB2;FGF13;PLCG1;FGFR3"
"Estrogen-dependent Nuclear Events Downstream Of ESR-membrane Signaling R-HSA-9634638",0.249019607843137,0.407011039710002,0.119887845115423,0.388669888443015,1.16600328362365,24,"MAPK1;AKT3;MAPK3;UHMK1;AKT2;EGFR;CREB1;AKT1;SRF;FOXO3;HBEGF"
"ER Quality Control Compartment (ERQC) R-HSA-901032",0.25,0.408041958041958,0.121543282035469,0.410388334461357,1.16635592860341,20,"MARCHF6;OS9;UBB;AMFR;MAN1B1;SEL1L;UGGT2"
"Chondroitin Sulfate Biosynthesis R-HSA-2022870",0.25296442687747,0.409444502310691,0.119348440591015,-0.395210894730559,-1.16647001761037,20,"BGN;CSPG4;DCN;CHST3;CHST13"
"Defective B3GALT6 Causes EDSP2 And SEMDJL1 R-HSA-4420332",0.25296442687747,0.409444502310691,0.119348440591015,-0.392297533972016,-1.15787119601756,20,"BGN;HSPG2;CSPG4;DCN;B3GALT6;AGRN"
"Signaling By ERBB2 In Cancer R-HSA-1227990",0.252465483234714,0.409444502310691,0.119348440591015,0.385941134862131,1.16061741994279,25,"PIK3R1;GRB2;CDC37;PLCG1;HSP90AA1;EGFR;PIK3CA;NRG3;HRAS"
"Signaling By ERBB2 KD Mutants R-HSA-9664565",0.252941176470588,0.409444502310691,0.118815039412263,0.386912771836365,1.16073196265441,24,"PIK3R1;GRB2;CDC37;PLCG1;HSP90AA1;EGFR;PIK3CA;NRG3;HRAS"
"Xenobiotics R-HSA-211981",0.252032520325203,0.409444502310691,0.121543282035469,-0.380862876111559,-1.14952857461271,22,"CYP2W1;CYP2A7;AHRR;CYP2B6;CYP2S1;CYP2C18;CYP2C19;CYP1A2;CYP2A13;CYP3A4"
"tRNA Processing R-HSA-72306",0.25201072386059,0.409444502310691,0.142056643575821,-0.256633162915315,-1.10138310843705,104,"RPP25;CTU1;TSEN34;AAAS;NUP214;TRMT10A;RNASE7;NUP35;TSEN54;NUP188;NUP37;NLRP2B;TRMT13;NUP210;HSD17B10;PYDC1;ADAT3;TRMT10C;LCMT2;NUP43;THG1L;EPRS1;COLEC12;NUP107;ALKBH8;RPP38;THADA;PRORP;NUP54;WDR4;TRMT61A;QTRT2;CDKAL1;URM1;CTU2;MTO1;TYW1;TRMT9B;TRMT5;RTCB;TRMT6;NUP62;POP7;RPP30;POM121C"
"Transcription-Coupled Nucleotide Excision Repair (TC-NER) R-HSA-6781827",0.254606365159129,0.411531340915102,0.107972360317345,0.296238786791861,1.127589675796,73,"PRPF19;COPS8;POLR2E;ERCC3;MNAT1;CUL4B;UBB;POLR2A;DDB1;COPS4;GTF2H1;HMGN1;POLR2F;COPS5;POLR2K;RBX1;USP7;COPS7A;GTF2H4;LRIG1;COPS6;POLK;COPS3;PPIE;RPA3;ERCC2"
"RND3 GTPase Cycle R-HSA-9696264",0.256590509666081,0.414164764564753,0.110564716336619,0.331303356293611,1.14741335024575,42,"CKB;PIK3R1;PLEKHG5;PIK3R2;ARHGAP35;TXNL1;RBMX;NISCH"
"TGF-beta Receptor Signaling In EMT (Epithelial To Mesenchymal Transition) R-HSA-2173791",0.258196721311475,0.416181731727199,0.120433371642259,0.448372480353997,1.17212219498407,15,"PRKCZ;FKBP1A;UBB;PARD3"
"HATs Acetylate Histones R-HSA-3214847",0.2592,0.417099684927665,0.103958471559957,0.273947287910333,1.09387284916688,102,"USP22;RBBP7;ATXN7L3;MORF4L2;MORF4L1;H2AC21;NCOA1;MEAF6;MSL1;TADA2B;KAT2A;ING5;KANSL3;SUPT3H;BRPF3;OGT;KAT5;TAF9;KAT8;H4C15;YEATS2;CREBBP;H2BC3;ENY2;CLOCK;RUVBL2;JADE1;VPS72;PHF20;YEATS4;KAT14;KANSL1"
"Inactivation Of APC/C Via Direct Inhibition Of APC/C Complex R-HSA-141430",0.259481037924152,0.417099684927665,0.118287526124085,0.399956609344094,1.15809384541805,21,"ANAPC5;ANAPC16;UBE2D1;ANAPC11;ANAPC15;CDC16;UBE2E1;BUB1B;ANAPC4;ANAPC7"
"Defective B3GAT3 Causes JDSSDHD R-HSA-3560801",0.260869565217391,0.418754859159141,0.117249716749792,-0.389284123911629,-1.14897707762894,20,"BGN;HSPG2;CSPG4;DCN;B3GAT3;AGRN"
"SARS-CoV-2 Modulates Host Translation Machinery R-HSA-9754678",0.261574074074074,0.41930898962149,0.128142916898415,-0.304425606318276,-1.11694050545159,47,"RPS16;RPS13;RPS27A;RPS12;RPS6;RPS19;GEMIN2;RPS29;RPS9;RPS27;SNRPG;RPS7;RPS2;RPS23;RPS17;SMN1;RPS5;RPS3;SNRPE"
"Signaling To RAS R-HSA-167044",0.26232741617357,0.419939773216126,0.116739204791222,0.409218145766629,1.15420129535726,19,"SHC3;GRB2;SHC2;MAPK11;RALB;RALA;HRAS;MAPK13;SOS1;MAPK14"
"Biological Oxidations R-HSA-211859",0.264204545454545,0.420636704700484,0.142901149386948,-0.226625674847141,-1.06909967273336,200,"AURKAIP1;ACSM5;CYP2W1;ACSM2B;SULT1A4;GSTZ1;CYP4F12;AKR7A3;CES1;CYP2A7;CHAC1;CYP27A1;ACY1;GGT1;CYP4A22;AHRR;CYP11B1;NNMT;AKR7L;ADH1B;ACY3;SLC38A3;CYP4F22;CYP11B2;SLC35B3;SLC35B2;UGT2B10;SULT2B1;UGT2A3;CBR3;AADAC;CYP26B1;CYP2B6;ACSM4;CYP2R1;UGT2A1;SLC26A1;MAT1A;GGCT;PTGIS;AOC3;CYP2S1;N6AMT1;SULT1B1;AOC1;COMT;CNDP2;AHCY;POMC;CYP2C18;CYP7B1;FMO1;DPEP1;UGT2B4;CYP26C1;GLYAT;CYP2C19;CYP1A2;CYP2A13;GSTM4;GSTT1;CYP4F8;GLYATL2;CYP4F2;GGT5;DPEP2;CYP3A4;PAPSS2;SLC38A1"
"Chondroitin Sulfate/Dermatan Sulfate Metabolism R-HSA-1793185",0.263761467889908,0.420636704700484,0.126875729929857,-0.299304485831099,-1.12080070623946,50,"B4GALT7;XYLT1;BGN;HSPG2;CSPG4;DCN;B3GALT6;CHST3;B3GAT3;CHST13;AGRN"
"Constitutive Signaling By AKT1 E17K In Cancer R-HSA-5674400",0.263779527559055,0.420636704700484,0.116234148779716,0.379657169750043,1.15221374229468,26,"GSK3A;AKT3;GSK3B;MLST8;AKT2;TSC2;BAD;MAPKAP1;CREB1;AKT1;FOXO3;RICTOR;PDPK1"
"Syndecan Interactions R-HSA-3000170",0.264112903225806,0.420636704700484,0.11776578836269,0.405065343258156,1.15122756888552,20,"ACTN1;PRKCA;FGF13;SDC3"
"Metabolic Disorders Of Biological Oxidation Enzymes R-HSA-5579029",0.265690376569038,0.422425980185377,0.119887845115423,-0.343232163167608,-1.15713820418153,32,"CYP27A1;ACY1;GGT1;CYP11B1;CYP4F22;CYP11B2;CYP26B1;CYP2R1;MAT1A;AHCY;CYP7B1;CYP26C1"
"Signaling By Cytosolic FGFR1 Fusion Mutants R-HSA-1839117",0.26734693877551,0.42448146605581,0.11776578836269,0.423857445417317,1.14526796012009,17,"PIK3R1;GRB2;CUX1;FGFR1OP2;PIK3CA;CEP43;LRRFIP1;ZMYM2;MYO18A"
"Heme Signaling R-HSA-9707616",0.267950963222417,0.42486246478337,0.107554375265169,0.323765697531113,1.13139833383508,44,"MEF2C;CRTC1;MEF2D;NPAS2;NCOA1;NR1D1;RORA;CARM1;SMARCD3;CREBBP;TBL1XR1;CREB1;CLOCK;TLR4;NCOA6;HDAC3;TBL1X;NCOR1;EP300"
"Cytosolic Sulfonation Of Small Molecules R-HSA-156584",0.269461077844311,0.426235404329352,0.115734447701689,0.394458133873802,1.14217274184691,21,"SULT4A1;PODXL2;SULT1C4;TPST1;PAPSS1"
"Resolution Of D-loop Structures Thru Synthesis-Dependent Strand Annealing (SDSA) R-HSA-5693554",0.269547325102881,0.426235404329352,0.11776578836269,-0.349672631484789,-1.12773505935807,27,"BLM;BARD1;RAD51;RMI2;ARTN;ATM;MRE11;RAD51D;XRCC2;BRCA2;RAD51AP1;WRN;DNA2"
"Epigenetic Regulation Of Gene Expression R-HSA-212165",0.272435897435897,0.43022015197252,0.100990587455923,0.269357300853114,1.09007546623357,110,"TET3;H2AZ1;RBBP7;CHD3;GSK3B;POLR2E;MTA3;ERCC3;MNAT1;AEBP2;SIN3B;MTA1;GTF2H1;KAT2A;EHMT2;DNMT3A;UBTF;DDX56;SUDS3;EED;H2AZ2;POLR2F;H4C15;POLR2K;GTF2H4;SAP18;BAZ1B;SAP30;PHF1;H2BC3"
"PCNA-Dependent Long Patch Base Excision Repair R-HSA-5651801",0.273453093812375,0.431242919566273,0.114750719227023,-0.383945767854039,-1.14968169882088,21,"POLD1;POLD2;POLD4;RFC4;RFC3;POLE2"
"Fatty acyl-CoA Biosynthesis R-HSA-75105",0.274401473296501,0.432154547013518,0.109250039480711,0.339867892915994,1.1314633680413,36,"ACSL3;HACD3;ACACA;ACSL6;FASN;PPT1;ACSL4"
"RAF-independent MAPK1/3 Activation R-HSA-112409",0.277013752455796,0.435680659185867,0.112843355675562,0.388605420752624,1.15200938524357,23,"MAP2K1;MAPK1;PEA15;MAPK3;MAP2K2"
"Sialic Acid Metabolism R-HSA-4085001",0.277467411545624,0.435806822710287,0.109250039480711,0.34796979420877,1.13274534982378,33,"ST6GALNAC6;CTSA;ST8SIA1;EGFL7;CMAS;ST8SIA5;ST8SIA3;ST6GAL2;ST3GAL3;ST3GAL5"
"Processing Of DNA Double-Strand Break Ends R-HSA-5693607",0.280487804878049,0.439958693941778,0.126875729929857,-0.266239975745648,-1.08440546850421,75,"TIPIN;SIRT6;H2BC17;TP53BP1;BLM;BARD1;H3-4;RPS27A;RNF4;RMI2;H2BC4;ARTN;RFC4;ATM;H2AX;RFC3;H2BC21;MRE11;RAD9B;BRCC3;PPP4R2;SERPINA2;RNF168;CDK2"
"DNA Methylation R-HSA-5334118",0.280922431865828,0.440048963741505,0.116234148779716,-0.34106240185574,-1.13757869762112,31,"H2AC19;H2AJ;H2BC17;H2AB1;H2AC6;H2BC4"
"SUMOylation Of DNA Damage Response And Repair Proteins R-HSA-3108214",0.282115869017632,0.441326031023561,0.128788713061714,-0.269334921303501,-1.08626996447226,74,"CBX2;BLM;SP100;AAAS;NUP214;RNASE7;NUP35;NUP188;NUP37;NUP210;SMC1A;NSMCE1;TDG;CBX8"
"Regulation Of TLR By Endogenous Ligand R-HSA-5686938",0.288306451612903,0.450406464567949,0.111918316325105,-0.397846467243065,-1.13458971546036,18,"APOB;CD36;TLR2;HMGB1;TLR1;FGB;TLR6"
"RNA Polymerase III Transcription Initiation R-HSA-76046",0.289667896678967,0.451928389604752,0.105920292736253,0.33814651979165,1.11957921452481,35,"POLR2E;POLR3H;CRCP;POU2F1;POLR2F;GTF3A;POLR2K;SNAPC3;GTF3C2;GTF3C4;SNAPC4;BDP1;POLR1D;TBP"
"Regulation Of Gene Expression In Late Stage (Branching Morphogenesis) Pancreatic Bud Precursor Cells R-HSA-210744",0.291828793774319,0.45469185892474,0.108820126769161,-0.41282356193873,-1.12881227809011,15,"RBPJ;ONECUT1;MAML3;MAML1;NOTCH1"
"EPHA-mediated Growth Cone Collapse R-HSA-3928663",0.293032786885246,0.455959016393443,0.111918316325105,0.435459922320423,1.13836656427894,15,"NGEF;MYH10;ROCK2;MYL12B;MYH9"
"Defective HDR Thru Homologous Recombination (HRR) Due To BRCA1 Loss-Of-Function R-HSA-9701192",0.296969696969697,0.460512236767217,0.110122263835536,-0.354500552948505,-1.11183108290215,25,"BLM;BARD1;RAD51;RMI2;ARTN;ATM;MRE11;RAD51D;XRCC2;BRCA2;RAD51AP1;WRN;DNA2"
"Lagging Strand Synthesis R-HSA-69186",0.296442687747036,0.460512236767217,0.108820126769161,-0.379328091065259,-1.11959171916722,20,"POLD1;POLD2;POLD4;RFC4;RFC3;POLA1;POLD3;POLA2;FEN1;DNA2;PRIM2;POLR1B"
"Pausing And Recovery Of Tat-mediated HIV Elongation R-HSA-167238",0.297142857142857,0.460512236767217,0.106323255932708,0.345933618683816,1.10922511851349,31,"SUPT4H1;POLR2E;ELOB;POLR2A;SUPT5H;SSRP1;POLR2F;CDK9;POLR2K;NELFCD;CCNT1;GTF2F1;NELFE;ELOC;POLR2J"
"RNA Polymerase III Transcription Initiation From Type 1 Promoter R-HSA-76061",0.298449612403101,0.460586952938363,0.107140237276725,0.363110832644782,1.11970522825467,27,"POLR2E;POLR3H;CRCP;POLR2F;GTF3A;POLR2K;GTF3C2;GTF3C4;BDP1;POLR1D;TBP"
"RND2 GTPase Cycle R-HSA-9696270",0.298769771528998,0.460586952938363,0.100990587455923,0.321180299904193,1.11235385016567,42,"PIK3R1;PIK3R2;ARHGAP35;TXNL1;TFRC;KIDINS220;NUDC;RBMX;NISCH;ALDH3A2"
"Regulation Of Necroptotic Cell Death R-HSA-5675482",0.298449612403101,0.460586952938363,0.107140237276725,0.362666644356785,1.12834075979597,28,"CDC37;FLOT1;STUB1;UBB;FASN;OGT;HSP90AA1;SDCBP"
"TP53 Regulates Transcription Of DNA Repair Genes R-HSA-6796648",0.297945205479452,0.460586952938363,0.0995791200495904,0.298394973705154,1.10347289694125,61,"SUPT4H1;POLR2E;ERCC3;MNAT1;ELOB;POLR2A;GTF2H1;CDK13;SUPT5H;SSRP1;JUN;POLR2F;CDK9;POLR2K;GTF2H4;CCNK;CDK12;NELFCD;CCNT1;ERCC2;GTF2F1;NELFE"
"HIV Elongation Arrest And Recovery R-HSA-167287",0.299813780260708,0.461586651140166,0.104343952581949,0.343378436297359,1.11779911193163,33,"SUPT4H1;POLR2E;ELOB;POLR2A;SUPT5H;SSRP1;POLR2F;CDK9;POLR2K;CCNK;NELFCD;CCNT1;GTF2F1;NELFE;ELOC;POLR2J"
"Signaling By SCF-KIT R-HSA-1433557",0.300527240773286,0.462075480872761,0.100633389423036,0.319802662992168,1.10758263685128,42,"PIK3R1;GRB2;PTPRU;PIK3R2;PRKCA"
"Chromosome Maintenance R-HSA-73886",0.303430079155673,0.465924871545619,0.126875729929857,-0.246645549733849,-1.07897591147418,114,"RSF1;H2AC19;POLD1;H2AJ;H2BC17;BLM;TINF2;H3-4;H2AB1;POLD2;WRAP53;H2AC6;POT1;H2BC4;POLD4;RFC4;SHQ1;STN1;H2AX;CENPI;POLR2B;RFC3;H2BC21;KNL1;POLA1;H3-3B;POLR2L;CENPK;POLR2G;CENPA;POLR2D;CDK2;CENPH;CENPP;DSCC1;CTC1;MIS18A;PIF1;CENPM;CENPO;TERT;POLD3;CHTF18;WRN;POLA2;TERF1;H2BC5;FEN1;NPM1;DNA2"
"Common Pathway Of Fibrin Clot Formation R-HSA-140875",0.304878048780488,0.467533091888081,0.108820126769161,-0.369988061014483,-1.116705972354,22,"PF4;CD177;SERPINA5;SERPINC1;FGB;PF4V1;PROCR;FAM110A;PRTN3;TTF2;F2R;FGG;PROC"
"Adherens Junctions Interactions R-HSA-418990",0.306083650190114,0.468151533121708,0.104343952581949,0.357088062721489,1.12477852358189,29,"CADM3;CADM2;CDH2;CADM1;CDH11;CTNNB1;NECTIN3;PVR;FZR1;CDH10;CDH18;CDH4"
"RNA Polymerase II Transcribes snRNA Genes R-HSA-6807505",0.305785123966942,0.468151533121708,0.0959206777921745,0.285525236553654,1.0937214414108,74,"SUPT4H1;NCBP2;SSU72;POLR2E;RPRD1B;POLR2A;RPRD2;TAF6;TAF13;INTS3;SUPT5H;POU2F1;POU2F2;TAF11;POLR2F;TAF9;CDK9;POLR2K;SNAPC3;CCNK;INTS11;GTF2A1;CCNT1;RPRD1A;NABP2;SNAPC4;GTF2F1;GTF2B;GTF2A2;SRRT;POLR2J;TBP;INTS9"
"NOTCH3 Activation And Transmission Of Signal To Nucleus R-HSA-9013507",0.306910569105691,0.468801877154897,0.108394255853397,-0.358755422525302,-1.10809493630736,24,"DLL1;PSEN1;YBX1;RPS27A;TACC3;JAG1;NOTCH3"
"Transport Of Ribonucleoproteins Into Host Nucleus R-HSA-168271",0.308189655172414,0.47014029749831,0.111918316325105,-0.326285242024312,-1.10841986508476,34,"AAAS;NUP214;RNASE7;NUP35;NUP188;NUP37;NUP210"
"Regulation Of Expression Of SLITs And ROBOs R-HSA-9010553",0.309859154929577,0.472070018019343,0.0919686140000427,0.251310834643757,1.07938972988583,165,"RPL41;NCBP2;PSMD2;LDB2;PSMD7;PSMC5;PSMD8;RPL31;RPL35A;RPS21;UBB;PSMA1;ELOB;PSMF1;PSMC3;PSMC1;MAGOH;RPS15;RNPS1;PSMD14;RPL14;RPL26;RPL27;GSPT1;PSMB3;PSMB7;SLIT2;RPL15;RPS4Y1;PSMC4;RPL10A;RPL38;RBX1;LHX2;RPL36;SEM1;RSL24D1;ROBO1;PSMB1;RPL23;PSMC2;PSMA6;UPF3B;UPF2;RPL22L1;RPL22;PSMB2;PSME3;PSMB5;RPL7A;PSMA4;CUL2;RPS24;MRPL13;PSMD12;PSMD6"
"NEP/NS2 Interacts With Cellular Export Machinery R-HSA-168333",0.3125,0.473005836575875,0.11101149245045,-0.32509588514692,-1.10437951443514,34,"AAAS;NUP214;RNASE7;NUP35;NUP188;NUP37;NUP210"
"RHO GTPases Activate PKNs R-HSA-5625740",0.311304347826087,0.473005836575875,0.0978773277424561,0.298953074801811,1.09529767084256,59,"YWHAG;YWHAH;YWHAB;H2AZ1;PPP1CB;YWHAE;MYH10;YWHAZ;YWHAQ;H2AZ2;MYL12B;H4C15;PPP1R12A;RHOB;MYH9;H2BC3"
"RIPK1-mediated Regulated Necrosis R-HSA-5213460",0.31214953271028,0.473005836575875,0.102080107662747,0.346162733070842,1.10662212156141,30,"CDC37;FLOT1;STUB1;UBB;FASN;OGT;HSP90AA1;SDCBP"
"Regulation Of Gene Expression In Beta Cells R-HSA-210745",0.312252964426877,0.473005836575875,0.105520936843198,-0.375946669134313,-1.10961140902919,20,"HNF1A;MAFA;FOXA2;FOXO1;HNF4G;PKLR;NKX2-2;NKX6-1;MAP4K2"
"Synthesis Of DNA R-HSA-69239",0.312297734627832,0.473005836575875,0.0934449219410994,0.264531960782447,1.08014795255007,118,"SKP1;PSMD2;PSMD7;PSMC5;PSMD8;UBB;PSMA1;ANAPC5;PSMF1;PSMC3;PSMC1;PSMD14;ANAPC16;PSMB3;PSMB7;UBE2D1;PSMC4;ANAPC11;RBX1;ANAPC15;CDC16;UBE2E1;SEM1;LRIG1;PSMB1;CUL1;PSMC2;PSMA6;FZR1;PSMB2;PSME3;SLC25A2;PSMB5;PSMA4;GINS3;RPA3;PSMD12;PSMD6;ANAPC4;PSMC6;PSMD5;MCM6;POLR1A;PSMD11;ORC4;RFC2;ANAPC7;ORC6;PSMA5"
"Class B/2 (Secretin Family Receptors) R-HSA-373080",0.312977099236641,0.473114345607721,0.122107920287081,-0.247733394694226,-1.0475496572892,91,"WNT8A;ADGRE1;FZD2;PTH1R;UCN;GNG11;WNT6;GNG5;ADGRE5;CPAMD8;GNB3;PTCH1;PTH2;IHH;VIPR2;CALCRL;WNT2;GNGT2;GNG8;FZD10;GHRHR;DHH;ADM2;WNT9B;GCG;WNT9A;ADM;WNT7B;CALCA;GLP1R;WNT3A;ADGRE2;RAMP2"
"Impaired BRCA2 Binding To RAD51 R-HSA-9709570",0.314655172413793,0.474296193497224,0.110564716336619,-0.323884607148253,-1.10026469579506,34,"BLM;BARD1;RAD51;RMI2;ARTN;RFC4;ATM;RFC3;MRE11;RAD9B;SERPINA2;BRCA2;RRAD;WRN;DNA2;RAD9A"
"Mismatch Repair R-HSA-5358508",0.315175097276265,0.474296193497224,0.103958471559957,-0.401174302065044,-1.09695889376697,15,"POLD1;POLD2;POLD4"
"Polo-like Kinase Mediated Events R-HSA-156711",0.315384615384615,0.474296193497224,0.103197466945307,-0.395721660882882,-1.10340999375213,16,"PLK1;LIN37"
"TP53 Regulates Transcription Of Genes Involved In G2 Cell Cycle Arrest R-HSA-6804114",0.314516129032258,0.474296193497224,0.106323255932708,-0.391491092823211,-1.11646528041225,18,"GADD45A;TFDP1;AURKA;BAX"
"Gap-filling DNA Repair Synthesis And Ligation In GG-NER R-HSA-5696397",0.319105691056911,0.477543201188521,0.105920292736253,-0.354387221161379,-1.09460278675862,24,"POLD1;POLD2;RPS27A;POLD4;RFC4;RFC3;POLE2"
"Metabolism Of Folate And Pterines R-HSA-196757",0.319066147859922,0.477543201188521,0.103197466945307,-0.399919063084365,-1.09352660621373,15,"ALDH1L2;MTHFD2;DHFR"
"RNA Polymerase III Chain Elongation R-HSA-73780",0.320408163265306,0.477543201188521,0.105920292736253,0.410085906771513,1.108057095611,17,"POLR2E;POLR3H;CRCP;POLR2F;POLR2K"
"Regulation Of TP53 Activity R-HSA-5633007",0.32018927444795,0.477543201188521,0.0905428948469474,0.250087951947472,1.0647000092077,155,"CDK5R1;NUAK1;AKT3;PPP2R1A;PIP4K2B;RBBP7;PPP2CA;CHD3;ZNF385A;UBB;MEAF6;PIP4P1;TAF6;PPP2R5C;ING5;PPP2CB;HIPK1;EHMT2;CSNK2B;BRPF3;TAF13;STK11;SSRP1;TP53BP2;SMYD2;KAT5;MLST8;MAPK11;TAF11;AKT2;TAF9"
"Removal Of Flap Intermediate From C-strand R-HSA-174437",0.3203125,0.477543201188521,0.103197466945307,-0.389202503754822,-1.09702343401745,17,"POLD1;TINF2;POLD2;POT1;POLD4"
"Signaling By NOTCH3 R-HSA-9012852",0.319444444444444,0.477543201188521,0.114266502484433,-0.295467116526494,-1.08407171942164,47,"DLL1;PSEN1;RBPJ;YBX1;RPS27A;TACC3;MAML3;JAG1;HEYL;NOTCH3;IKZF1;PSENEN;MAML1;NOTCH1;APH1B"
"p75NTR Signals Via NF-kB R-HSA-193639",0.319066147859922,0.477543201188521,0.103197466945307,-0.399923345339777,-1.09353831548358,15,"RELA;NGF;RPS27A"
"Synthesis Of Bile Acids And Bile Salts Via 27-Hydroxycholesterol R-HSA-193807",0.321011673151751,0.477832426745017,0.102821842840815,-0.399122011767638,-1.09134717316886,15,"CYP27A1;AKR1D1;PTGIS;CYP7B1;AKR1C2;CYP8B1;AKR1C3;AKR1C1"
"Cell Junction Organization R-HSA-446728",0.3225,0.479436305732484,0.118815039412263,-0.254956196101717,-1.0511261034869,83,"ITGB1;CLDN5;CTNNA1;LIMS2;CLDN11;FBLIM1;CRB3;FLNA;FLNC;CLDN2;CLDN9;PARD6G;CDH5;NECTIN4;CLDN1;JUP;CLDN19;ANG;CDH24;CLDN17;CLDN15;CD151;CDH19"
"Metabolism Of Non-Coding RNA R-HSA-194441",0.323394495412844,0.480154422578612,0.112843355675562,-0.285588850944537,-1.07477582503305,51,"PHAX;AAAS;NUP214;RNASE7;NUP35;NUP188;GEMIN2;NUP37;NUP210"
"PI-3K cascade:FGFR3 R-HSA-5654710",0.326086956521739,0.483536821170101,0.102821842840815,0.393335960037647,1.09628683664423,18,"PIK3R1;GRB2;FGF13;FGFR3"
"Interleukin-1 Family Signaling R-HSA-446652",0.332288401253919,0.492107315054978,0.0880945010398517,0.250754243537732,1.0647698940943,151,"TOLLIP;MAP2K1;SKP1;APP;PSMD2;PSMD7;PSMC5;PSMD8;MAP2K4;UBB;PSMA1;MAPK8;PTPN4;PSMF1;PTPN5;PELI3;PSMC3;PSMC1;PSMD14;UBE2V1;NKIRAS1;PSMB3;PSMB7;BTRC;UBE2N;PSMC4;MAP3K7;RBX1;SEM1;MAP3K3;PSMB1;CUL1;PSMC2;PSMA6;TAB3;TAB2;PSMB2;SMAD3;PSME3;SQSTM1;PSMB5;PSMA4;IRAK1"
"Diseases Of DNA Repair R-HSA-9675135",0.334862385321101,0.495290752433111,0.110564716336619,-0.286227079639767,-1.07182995308043,50,"BLM;BARD1;RAD51;RMI2;ARTN;RFC4;ATM;RFC3;MRE11;RAD9B;SERPINA2;NEIL1;RAD51D;XRCC2;BRCA2;RAD51AP1;RRAD;WRN;NTHL1;DNA2;RAD9A;MSH6;MSH3;BRCA1;POLR1B;TOPBP1;MLH1;MUTYH"
"Defective Homologous Recombination Repair (HRR) Due To BRCA2 Loss Of Function R-HSA-9701190",0.336363636363636,0.496881472957422,0.109684061970549,-0.309000778208148,-1.08872282770106,40,"BLM;BARD1;RAD51;RMI2;ARTN;RFC4;ATM;RFC3;MRE11;RAD9B;SERPINA2;RAD51D;XRCC2;BRCA2;RAD51AP1;RRAD;WRN;DNA2;RAD9A"
"Assembly Of Active LPL And LIPC Lipase Complexes R-HSA-8963889",0.341414141414141,0.502363920812343,0.101350743797099,-0.378782985348702,-1.09418858391948,19,"PCSK6;FGF21;APOA5;GPIHBP1;LMF2;CIDEC;LMF1;CREB3L3;LPL;APOA4;LIPC;ANGPTL4"
"Downregulation Of TGF-beta Receptor Signaling R-HSA-2173788",0.341222879684418,0.502363920812343,0.0999276973731092,0.364745912885215,1.09687831150401,25,"PPP1CB;STUB1;PPP1CC;UBB;NEDD4L;ZFYVE9;UCHL5;PPP1CA;MTMR4"
"Interconversion Of Nucleotide Di- And Triphosphates R-HSA-499943",0.341085271317829,0.502363920812343,0.0988903007520636,0.350974699606042,1.09196438488301,28,"AK5;GUK1;AK1;NME2;GSR;DUT;TXN2;GLRX;TXNRD1;NME3"
"MyD88 Deficiency (TLR2/4) R-HSA-5602498",0.341796875,0.502363920812343,0.0992333343771191,-0.385596934693223,-1.08686061719232,17,"CD36;TLR2;HMGB1;TLR1;FGB;TIRAP;TLR6"
"Disassembly Of Destruction Complex And Recruitment Of AXIN To Membrane R-HSA-4641262",0.344106463878327,0.504487742896994,0.0972150808846466,0.346326265845395,1.09088033636967,29,"PPP2R1A;PPP2CA;PPP2R5B;GSK3B;PPP2R5D;PPP2R5C;PPP2CB;CTNNB1"
"Diseases Associated With TLR Signaling Cascade R-HSA-5602358",0.343815513626834,0.504487742896994,0.103197466945307,-0.323869077219303,-1.08023212484947,31,"RELA;CD36;TLR2;HMGB1;TLR1;FGB;TIRAP;TLR6;UNC93B1;NFKB2;TLR10;IKBKB;IRAK4"
"Class I Peroxisomal Membrane Protein Import R-HSA-9603798",0.344758064516129,0.504808859837293,0.100633389423036,0.381942443796003,1.0855104697151,20,"ATAD1;PEX26;GDAP1;ALDH3A2;PEX16;PEX13;FIS1;PEX19;ABCD2"
"Mitotic Prophase R-HSA-68875",0.347687400318979,0.508460145579259,0.0865399737444125,0.260749240275909,1.05271904351228,108,"PRKCB;MAPK1;ENSA;RAB2A;PPP2R1A;H2AZ1;PRKCA;PPP2CA;MAPK3;RAB1A;LPIN1;LPIN2;PPP2CB;RANBP2;CTDNEP1;ARPP19;BANF1;SEH1L;NCAPH2;H2AZ2;GOLGA2;H4C15;NUP98"
"Processive Synthesis On Lagging Strand R-HSA-69183",0.348249027237354,0.508644073574458,0.0978773277424561,-0.390270022567281,-1.06714256128102,15,"POLD1;POLD2;POLD4;POLA1;POLD3;POLA2;FEN1;DNA2;PRIM2;POLR1B"
"Selenocysteine Synthesis R-HSA-2408557",0.351010101010101,0.512035984848485,0.11378726182188,-0.246880163971808,-1.03476386811057,89,"RPL11;RPL30;RPL12;RPL21;RPS16;RPS13;RPS27A;PSTK;RPS12;RPS6;RPS19;RPL19;RPL39;RPS29;RPLP2;RPS9;RPL32;RPS27;RPS7;RPS2;RPS23;RPS17;RPLP0;EEFSEC;RPL28;SEPSECS;RPS5;RPL3L;SECISBP2;RPS3;RPL18A;RPL8;RPL13A;RPS10;RPL37;RPL5;RPL27A;RPS28"
"APC/C:Cdc20 Mediated Degradation Of Cyclin B R-HSA-174048",0.351669941060904,0.512358078923938,0.0978773277424561,0.367394978765334,1.08913165135298,23,"UBB;ANAPC5;ANAPC16;UBE2D1;ANAPC11;ANAPC15;CDC16;UBE2E1"
"Interleukin Receptor SHC Signaling R-HSA-912526",0.354651162790698,0.516057240619382,0.0965629554309422,0.349799011740013,1.07865628637626,27,"CLSTN1;PIK3R1;GRB2;PIK3R2"
"Viral mRNA Translation R-HSA-192823",0.356060606060606,0.517462923129175,0.112843355675562,-0.245542692609984,-1.0291580429297,89,"RPL11;RPL30;RPL12;RPL21;RPS16;RPS13;RPS27A;RPS12;RPS6;RPS19;RPL19;RPL39;RPS29;RPLP2;RPS9;RPL32;XK;DNAJC3;RPS27;RPS7;RPS2;RPS23;RPS17;RPLP0;RPL28;RPS5;RPL3L;RPS3;RPL18A;RPL8;RPL13A;RPS10;RPL37;RPL5;RPL27A;RPS28"
"Signaling By NOTCH1 R-HSA-1980143",0.356902356902357,0.518041107593346,0.0880945010398517,0.282191460879031,1.07094883657396,72,"FBXW7;ARRB1;SKP1;CNTN1;NEURL1;UBB;MIB2;KAT2A;MIB1;TLE2;CCNC;DTX1;NBEA;JAG2;RBX1;CDK8;CREBBP;CUL1;TBL1XR1;HIF1A"
"Signaling By BMP R-HSA-201451",0.360082304526749,0.521666545029923,0.0992333343771191,-0.329339263991402,-1.06215757535615,27,"SMAD7;AMH;BMP2;ACVRL1;SMAD9;NOG;BMPR1A;GDF2"
"Transcriptional Regulation By Small RNAs R-HSA-5578749",0.360294117647059,0.521666545029923,0.110122263835536,-0.257448126079976,-1.03626909298482,72,"H2AC19;H2AJ;H2BC17;AAAS;NUP214;RNASE7;NUP35;H2AB1;NUP188;H2AC6;NUP37;NUP210;H2BC4"
"Phosphorylation Of APC/C R-HSA-176412",0.360887096774194,0.521877623216213,0.0978773277424561,0.374408205472704,1.06409757174024,20,"ANAPC5;ANAPC16;UBE2D1;ANAPC11;ANAPC15;CDC16;UBE2E1;ANAPC4;ANAPC7;CCNB1;CDC27"
"SUMOylation Of Ubiquitinylation Proteins R-HSA-3232142",0.363636363636364,0.525202520252025,0.101713902282311,-0.301073701970183,-1.06105122037092,38,"AAAS;NUP214;RNASE7;NUP35;NUP188;NUP37;NUP210"
"Canonical Retinoid Cycle In Rods (Twilight Vision) R-HSA-2453902",0.365111561866126,0.526031102096011,0.09754492162472,-0.3481664098695,-1.0647432052479,23,"MYO7A;RPE65;STRA6;RDH8;SDR9C7;HSD17B1;RDH16;RBP3;TTR;DHRS9;RHO"
"Interleukin-2 Family Signaling R-HSA-451927",0.364768683274021,0.526031102096011,0.0899860794997137,0.304607880654905,1.05738076903846,43,"CLSTN1;PIK3R1;PTK2B;GRB2;PIK3R2"
"Homologous DNA Pairing And Strand Exchange R-HSA-5693579",0.367205542725173,0.526650955222384,0.105125131597001,-0.299886708276813,-1.06831961657228,42,"BLM;BARD1;RAD51;RMI2;ARTN;RFC4;ATM;RFC3;MRE11;RAD9B;SERPINA2;RAD51D;XRCC2;BRCA2;RAD51AP1;RRAD;WRN;DNA2;RAD9A"
"PI-3K cascade:FGFR1 R-HSA-5654689",0.367265469061876,0.526650955222384,0.096240602328129,0.364130608681106,1.05435791530855,21,"PIK3R1;GRB2;FGF13"
"RAS Processing R-HSA-9648002",0.36734693877551,0.526650955222384,0.09754492162472,0.396232641932,1.07062540593493,17,"CALM1;PDE6D;ARL2;ABHD17A"
"RNA Polymerase III Transcription Initiation From Type 3 Promoter R-HSA-76071",0.366279069767442,0.526650955222384,0.0946646223153342,0.3451984135421,1.06446967063202,27,"POLR2E;POLR3H;CRCP;POU2F1;POLR2F;POLR2K;SNAPC3;SNAPC4;BDP1;POLR1D;TBP"
"Metal Ion SLC Transporters R-HSA-425410",0.368421052631579,0.527542783338715,0.096887770327544,-0.329281952735097,-1.05383344371213,26,"SLC11A1;SLC39A4;SLC39A2;SLC11A2;SLC31A1;SLC30A2;SLC30A3;SLC30A6;SLC30A5;SLC39A7;SLC39A5;SLC39A1;SLC39A8"
"GAB1 Signalosome R-HSA-180292",0.371428571428571,0.530990899898888,0.096887770327544,0.393476305119833,1.06317775042621,17,"PIK3R1;GRB2;EGFR;PIK3CA"
"SMAD2/SMAD3:SMAD4 Heterotrimer Regulates Transcription R-HSA-2173796",0.371739130434783,0.530990899898888,0.100633389423036,-0.307954413682496,-1.05610588679145,35,"SMAD7;COL1A2;DAND5;YBX1;TFDP1;RPS27A;MYC"
"Sphingolipid Metabolism R-HSA-428157",0.374064837905237,0.5336597381851,0.108820126769161,-0.245059204904376,-1.02459684687672,87,"UGT8;DEGS2;PLPP2;CERS2;FA2H;ACER2;NAT8;GBA3;GALC;ALDH3B2;NEU4;GLTP;SPHK1;SPTLC2;CPTP;ARSD;GLB1L;ORMDL2;PRKD2;ARSA;SGMS2;PLPP1;HEXA;NEU2"
"Synthesis, Secretion, And Deacylation Of Ghrelin R-HSA-422085",0.375757575757576,0.535420135420135,0.0956031492204301,-0.36817083442581,-1.06353331470254,19,"GH1;UCN;SEC11A;GHRL;IGF1;GCG;KLF4"
"SUMOylation Of SUMOylation Proteins R-HSA-4085377",0.377155172413793,0.535450226529071,0.0992333343771191,-0.311950695651733,-1.05972414149712,34,"AAAS;NUP214;RNASE7;NUP35;NUP188;NUP37;NUP210"
"Signaling By FGFR2 IIIa TM R-HSA-8851708",0.3767258382643,0.535450226529071,0.0940503465727813,0.377143608653307,1.06373494466593,19,"NCBP2;FGF13;POLR2E;POLR2A;POLR2F;POLR2K"
"Transport Of SLBP Independent Mature mRNA R-HSA-159227",0.377155172413793,0.535450226529071,0.0992333343771191,-0.311620916094724,-1.05860385113455,34,"AAAS;NUP214;RNASE7;NUP35;NUP188;NUP37;NUP210"
"Myogenesis R-HSA-525793",0.380228136882129,0.539157030062509,0.0913924325943768,0.33819562575446,1.06526993290908,29,"MEF2C;CTNNA2;MEF2D;CDH2;CTNNB1;MEF2A;MAPK11"
"RA Biosynthesis Pathway R-HSA-5365859",0.3812375249501,0.539932271379571,0.0940503465727813,-0.350695397400707,-1.05011726657601,21,"DHRS4;ALDH1A2;CYP26B1;RDH16;CYP26C1;AKR1C3;ADH7;DHRS9"
"Formation Of beta-catenin:TCF Transactivating Complex R-HSA-201722",0.383720930232558,0.542790697674419,0.102821842840815,-0.272741395405069,-1.05476926459131,57,"H2AC19;H2AJ;H2BC17;TCF7L1;H3-4;H2AB1;MYC;H2AC6;H2BC4;TCF7L2;H2AX"
"RNA Polymerase I Promoter Opening R-HSA-73728",0.384453781512605,0.543168962500254,0.0965629554309422,-0.31774362518317,-1.0379828191423,29,"H2AC19;H2AJ;H2BC17;H2AB1;H2AC6;H2BC4"
"Transcriptional Regulation By VENTX R-HSA-8853884",0.386281588447653,0.54509143134028,0.0875697115548511,0.308807451207553,1.04397725372412,39,"ANAPC5;TNRC6A;ANAPC16;EHMT2;CTNNB1;UBE2D1;TNRC6C;ANAPC11;ANAPC15;CDC16;UBE2E1;AGO1;FZR1;LEF1"
"Aberrant Regulation Of Mitotic G1/S Transition In Cancer Due To RB1 Defects R-HSA-9659787",0.388671875,0.547141228136309,0.0916795246008379,-0.37303966956269,-1.0514661529161,17,"CDKN1C;TFDP1;E2F1;CCNE2"
"G2/M DNA Damage Checkpoint R-HSA-69473",0.388609715242881,0.547141228136309,0.083129129135339,0.27469808539399,1.04559814197734,73,"YWHAG;YWHAH;YWHAB;UBE2V2;YWHAE;YWHAZ;YWHAQ;UIMC1;BABAM1;KAT5;UBE2N;HERC2;H4C15;HUS1"
"Downregulation Of ERBB2 Signaling R-HSA-8863795",0.391472868217054,0.5484379798431,0.0908241419007155,0.337222261906322,1.04917733444811,28,"AKT3;CDC37;STUB1;MATK;UBB;HSP90AA1;AKT2;RNF41;EGFR;NRG3;AKT1"
"Gap-filling DNA Repair Synthesis And Ligation In TC-NER R-HSA-6782210",0.390328151986183,0.5484379798431,0.0845557442441281,0.28380609664471,1.04494199243481,60,"PRPF19;POLR2E;ERCC3;MNAT1;CUL4B;UBB;POLR2A;DDB1;GTF2H1;HMGN1;POLR2F;POLR2K;RBX1;USP7;GTF2H4;LRIG1"
"Nuclear Import Of Rev Protein R-HSA-180746",0.391397849462366,0.5484379798431,0.096887770327544,-0.312043628484823,-1.05386889112231,33,"AAAS;NUP214;RNASE7;NUP35;NUP188;NUP37;NUP210"
"Signaling By MET R-HSA-6806834",0.390924956369983,0.5484379798431,0.0850427463764322,0.282068709188669,1.04189335107644,62,"PIK3R1;GRB2;SH3GL2;RNMT;SPINT2;EPS15;UBB;RANBP9;RAPGEF1;GGA3;TNS3;HGS;CBL;LRIG1;PIK3CA;STAM2"
"CD28 Co-Stimulation R-HSA-389356",0.395910780669145,0.552664929474751,0.0878312634480124,0.317043958649223,1.0395201202326,34,"PIK3R1;GRB2;AKT3;PIK3R2;ARHGEF7;MLST8;AKT2;TRIB3;PIK3CA;MAPKAP1;AKT1"
"Generation Of Second Messenger Molecules R-HSA-202433",0.395061728395062,0.552664929474751,0.0937465422491719,-0.316922476950667,-1.03329736782384,28,"HLA-DPA1;TARP;HLA-DRB1;LCK;PKN1;LCP2;CD4;CD3D;ITK;FYB1;CD3E;GRAP2;HLA-DQA2;ZAP70"
"Metabolism Of Vitamins And Cofactors R-HSA-196854",0.395480225988701,0.552664929474751,0.11331290842208,-0.217164490876989,-1.01538594384,183,"APOC3;ENPP2;NMRK2;LRP2;APOB;MOCS3;HSPG2;ALDH1L2;TTPA;MTHFD2;CTRB1;PTGS2;MCCC1;APOA1;NNMT;C1D;DHFR;ACP5;PDSS2;SLC52A3;MOCOS;LRP10;BST1;PARP16;GPIHBP1;PLB1;LDLRAP1;NAXD;AGRN;ENPP1;SLC22A13;APOM;SLC52A2;TPK1;SP8;PTGIS;TCN2;TACR1;FLAD1;GCHFR;SLC25A19;NADK;CLPS;NAMPT;SLC2A1;COQ2;UBIAD1;SLC19A3;CYP8B1;MMUT;AKR1C3;MMACHC;ABCC1;RETSAT;NT5E;GPC4;TTR;PARP4;PRSS58;ENPP3;AKR1C1;VNN1;VKORC1L1;SLC52A1;COQ5"
"BMAL1:CLOCK,NPAS2 Activates Circadian Gene Expression R-HSA-1368108",0.396449704142012,0.552756039108396,0.0911073131586733,0.351748437796546,1.05779179120196,25,"NPAS2;NCOA1;HSD17B4;CARM1;SMARCD3;CREBBP;TBL1XR1;CLOCK;NCOA6;TBL1X"
"TCF Dependent Signaling In Response To WNT R-HSA-201681",0.399375975039002,0.556171554738085,0.0778840111977068,0.23669887929499,1.0340491457311,194,"PPP2R1A;H2AZ1;HECW1;PPP2CA;CUL3;PPP2R5B;GSK3B;PSMD2;PSMD7;PSMC5;PSMD8;UBB;PPP2R5D;PSMA1;KMT2D;PSMF1;YWHAZ;PSMC3;PSMC1;PSMD14;PPP2R5C;PPP2CB;CSNK1E;CSNK2B;USP34;SOX9;TLE2;CTNNBIP1;CTNNB1;PSMB3;PSMB7;BTRC;KAT5;CTBP1;AKT2;H2AZ2;PSMC4;H4C15;FZD4;RBX1;SMARCA4;BCL9L;WIF1;SEM1;PSMB1;CREBBP;H2BC3;PSMC2;PSMA6"
"ABC Transporters In Lipid Homeostasis R-HSA-1369062",0.401209677419355,0.556835380947928,0.0916795246008379,-0.362315651871576,-1.03326193949249,18,"ABCA2;PEX3;APOA1;ABCG1;ABCG5;ABCG4;ABCA12"
"IRAK4 Deficiency (TLR2/4) R-HSA-5603041",0.401209677419355,0.556835380947928,0.0916795246008379,-0.361600213926252,-1.03122163349094,18,"CD36;TLR2;HMGB1;TLR1;FGB;TIRAP;TLR6"
"Regulation Of IGF Transport And Uptake By IGFBPs R-HSA-381426",0.401284109149278,0.556835380947928,0.0791316651768349,0.249147456577257,1.02609536415265,122,"CHGB;SPARCL1;APLP2;SCG3;SCG2;APP;CST3;NUCB1;CDH2;PPP3CA"
"Presynaptic Phase Of Homologous DNA Pairing And Strand Exchange R-HSA-5693616",0.401785714285714,0.556869273837801,0.09754492162472,-0.295392600357331,-1.03957303790303,39,"BLM;BARD1;RAD51;RMI2;ARTN;RFC4;ATM;RFC3;MRE11;RAD9B;SERPINA2;RAD51D;XRCC2;BRCA2;RRAD;WRN;DNA2;RAD9A"
"Transport Of SLBP Dependant Mature mRNA R-HSA-159230",0.406521739130435,0.562764969828253,0.0952879846194844,-0.302330277909531,-1.0368183473569,35,"AAAS;NUP214;RNASE7;NUP35;NUP188;NUP37;NUP210"
"Downstream Signaling Of Activated FGFR4 R-HSA-5654716",0.40748031496063,0.56318758164912,0.0894366833718621,0.344235110359805,1.04471206219555,26,"PIK3R1;GRB2;FGF13;PLCG1"
"Metabolism Of Water-Soluble Vitamins And Cofactors R-HSA-196849",0.407792207792208,0.56318758164912,0.105920292736253,-0.230827509272909,-1.02434561043764,120,"ENPP2;NMRK2;LRP2;MOCS3;ALDH1L2;MTHFD2;CTRB1;PTGS2;MCCC1;NNMT;DHFR;ACP5;SLC52A3;MOCOS;BST1;PARP16;LDLRAP1;NAXD;ENPP1;SLC22A13;SLC52A2;TPK1;SP8;PTGIS;TCN2;FLAD1;SLC25A19;NADK;NAMPT;SLC2A1;SLC19A3;CYP8B1;MMUT;MMACHC;ABCC1;NT5E;PARP4;PRSS58;ENPP3;VNN1;SLC52A1;MMAB;SLC23A1;PCCA;SLC5A6;PARP10;SLC19A2;CYB5A"
"PI3K Events In ERBB2 Signaling R-HSA-1963642",0.410788381742739,0.564058000822707,0.0919686140000427,0.384276386177553,1.02030936486701,16,"PIK3R1;GRB2;EGFR;PIK3CA;NRG3"
"Regulation Of TP53 Degradation R-HSA-6804757",0.409594095940959,0.564058000822707,0.0855356947987884,0.313627756315327,1.03839932253344,35,"AKT3;PPP2R1A;PPP2CA;UBB;PPP2R5C;PPP2CB;MLST8;AKT2;USP7;MAPKAP1;AKT1;USP2;PHF20;RICTOR;PDPK1"
"Translation Initiation Complex Formation R-HSA-72649",0.410839160839161,0.564058000822707,0.0824344091527096,0.284302959360815,1.03376026723637,57,"EIF4A2;EIF3C;EIF3K;EIF4H;EIF1AX;EIF3I;RPS21;RPS15"
"Zinc Transporters R-HSA-435354",0.41015625,0.564058000822707,0.0886261133285098,-0.367591384045653,-1.03610937378506,17,"SLC39A4;SLC39A2;SLC30A2;SLC30A3;SLC30A6;SLC30A5;SLC39A7;SLC39A5;SLC39A1;SLC39A8;SLC30A8"
"mRNA Activation Upon Binding Of Cap-Binding Complex And eIFs, Subsequent Binding To 43S R-HSA-72662",0.410034602076125,0.564058000822707,0.0819778796501272,0.28266889045647,1.03272182821869,58,"EIF4A2;EIF3C;EIF3K;EIF4H;EIF1AX;EIF3I;RPS21;RPS15"
"Metabolism Of Amine-Derived Hormones R-HSA-209776",0.413306451612903,0.566222135965399,0.0899860794997137,-0.358076990485884,-1.02117400605211,18,"DIO3;DUOX1;AANAT;PEMT;TPH1;SLC5A5;ASMT;DBH;TSHB;IYD;TPH2;TPO;DUOX2"
"RNA Polymerase III Transcription Initiation From Type 2 Promoter R-HSA-76066",0.413385826771654,0.566222135965399,0.0886261133285098,0.341229213359119,1.03558952716113,26,"POLR2E;POLR3H;CRCP;POLR2F;POLR2K;GTF3C2;GTF3C4;BDP1;POLR1D;TBP"
"Chaperone Mediated Autophagy R-HSA-9613829",0.41501976284585,0.567662669318489,0.0886261133285098,0.371282700653169,1.0348210658411,18,"HSPA8;HSP90AB1;PARK7;UBB;HSP90AA1"
"RNA Polymerase I Promoter Clearance R-HSA-73854",0.415410385259631,0.567662669318489,0.0795564677235957,0.270988073960193,1.03147652530743,73,"H2AZ1;RBBP7;CHD3;POLR2E;MTA3;ERCC3;MNAT1;MAPK3;MTA1;GTF2H1;KAT2A;EHMT2;UBTF;H2AZ2;POLR2F;H4C15;POLR2K;GTF2H4;H2BC3;GATAD2B"
"PI-3K cascade:FGFR4 R-HSA-5654720",0.417338709677419,0.569370729779818,0.0894366833718621,0.360262158453306,1.02389339335142,20,"PIK3R1;GRB2;FGF13"
"Platelet Degranulation R-HSA-114608",0.4181240063593,0.569370729779818,0.0764767053228531,0.246772900454819,1.01972937062536,124,"TUBA4A;CALM1;APLP2;PPIA;ACTN1;CLU;SCG3;SOD1;APP;HABP4;HSPA5;TMSB4X;CYRIB;CD63;FAM3C;TGFB2;APOOL;F5;BRPF3;PCDH7"
"mRNA Decay By 5 To 3 Exoribonuclease R-HSA-430039",0.418032786885246,0.569370729779818,0.0902635484340068,0.395387293021296,1.03360987141547,15,"DDX6;DCP1B;LSM7;LSM6;EDC4;LSM4;EDC3;XRN1"
"Influenza Viral RNA Transcription And Replication R-HSA-168273",0.423469387755102,0.575977593834737,0.102449405629826,-0.224950914636997,-1.01243190677622,135,"RPL11;RPL30;RPL12;RPL21;AAAS;NUP214;RPS16;RNASE7;NUP35;RPS13;RPS27A;RPS12;NUP188;RPS6;RPS19;RPL19;NUP37;RPL39;RPS29;RPLP2;NUP210;RPS9;RPL32;XK;DNAJC3;RPS27;POLR2B;NUP43;RPS7;RPS2;RPS23;RPS17;RPLP0;RPL28;NUP107;RPS5;RPL3L;POLR2L;RPS3;POLR2G;RPL18A;POLR2D;GTF2F2;RPL8;RPL13A;RPS10;RPL37;NUP54;RPL5;RPL27A"
"PRC2 Methylates Histones And DNA R-HSA-212300",0.424107142857143,0.576173499085315,0.0943563635421779,-0.292204977065465,-1.02835485835078,39,"H2AC19;JARID2;H2AJ;H2BC17;H2AB1;H2AC6;H2BC4;EZH2;H2AX"
"RHOH GTPase Cycle R-HSA-9013407",0.425650557620818,0.577597907841273,0.0838361057159929,0.310450323774228,1.01790098531129,34,"ARHGDIG;DBN1;VCP;RAB7A;TFRC;ROCK2;ARHGDIA;NSFL1C;DBT"
"Insulin Receptor Signaling Cascade R-HSA-74751",0.426785714285714,0.578465654554505,0.0815265143256594,0.286499775087256,1.02835264136202,53,"PIK3R1;MAPK1;GRB2;PIK3R2;FGF13;MAPK3;IRS2;FGFR3;AKT2;PIK3R4;TRIB3;PIK3C3;PIK3CB;PIK3CA;INS;HRAS"
"Interleukin-3, Interleukin-5 And GM-CSF Signaling R-HSA-512988",0.42907180385289,0.580708238328412,0.0802023444698144,0.291539691669332,1.01878464555306,44,"CLSTN1;PIK3R1;GRB2;PIK3R2;PRKCA;RAPGEF1;YWHAZ"
"Signaling By NODAL R-HSA-1181150",0.429435483870968,0.580708238328412,0.0878312634480124,0.357676976501089,1.01654610288702,20,"MAPK1;ACVR1B;MAPK3;FURIN;SMAD4"
"Ribosomal Scanning And Start Codon Recognition R-HSA-72702",0.43006993006993,0.580893065268065,0.0799858801499946,0.280269392005303,1.01909372392382,57,"EIF4A2;EIF3C;EIF3K;EIF4H;EIF1AX;EIF3I;RPS21;RPS15;EIF5;RPS4Y1;EIF3A;EIF4E;EIF3H;EIF4B;EIF3L"
"Defects Of Contact Activation System (CAS) And Kallikrein/Kinin System (KKS) R-HSA-9651496",0.431906614785992,0.582026581357105,0.0855356947987884,-0.371445163727528,-1.01566843588994,15,"GP9;VWF;F12;SERPING1"
"Transcriptional Regulation By AP-2 (TFAP2) Family Of Transcription Factors R-HSA-8864260",0.431734317343173,0.582026581357105,0.0826646449123753,0.306292113132827,1.01411152670648,35,"CHGA;SUMO1;KCTD1;YY1;UBE2I;APOE;EGFR;CREBBP"
"Peptide Chain Elongation R-HSA-156902",0.4325,0.582153979238754,0.0999276973731092,-0.245516598906427,-1.01220880251488,83,"RPL11;RPL30;RPL12;RPL21;RPS16;RPS13;RPS27A;RPS12;RPS6;RPS19;RPL19;RPL39;RPS29;RPLP2;RPS9;RPL32;RPS27;RPS7;RPS2;RPS23;RPS17;RPLP0;RPL28;RPS5;RPL3L;RPS3;RPL18A;RPL8;RPL13A;RPS10;RPL37;RPL5;RPL27A;RPS28"
"Selenoamino Acid Metabolism R-HSA-2408522",0.433070866141732,0.582250807358758,0.102821842840815,-0.229852202407232,-1.0014777305304,112,"RPL11;RPL30;RPL12;RPL21;VSIG2;RPS16;RPS13;RPS27A;NNMT;PSTK;RPS12;RPS6;RPS19;RPL19;RPL39;RPS29;RPLP2;RPS9;RPL32;MAT1A;RPS27;AHCY;RPS7;RPS2;RPS23;RPS17;RPLP0;EPRS1;EEFSEC;RPL28;SEPSECS;PAPSS2;RPS5;RPL3L;AIMP2;RARS1;SECISBP2;RPS3;RPL18A;RPL8;RPL13A;RPS10;RPL37;RPL5;RPL27A"
"NGF-stimulated Transcription R-HSA-9031628",0.435018050541516,0.583302429822157,0.0810802057550866,0.300086656042644,1.01449509015925,39,"ID2;CDK5R1;MEF2D;EGR3;ID4;VGF;F3;CDK5R2;NAB2;CREB1;JUND;SRF;EGR1"
"PKMTs Methylate Histone Lysines R-HSA-3214841",0.435087719298246,0.583302429822157,0.0795564677235957,0.290429914738304,1.02567614661697,47,"RBBP7;NSD3;AEBP2;KMT2D;ASH1L;EHMT2;SETD3;SMYD2;KMT2A;DPY30;EED;H4C15;KMT5B;KMT2B"
"RNA Polymerase I Transcription Termination R-HSA-73863",0.435361216730038,0.583302429822157,0.0838361057159929,0.323476185093127,1.01890570944883,29,"POLR2E;ERCC3;MNAT1;GTF2H1;UBTF;POLR2F;POLR2K;GTF2H4;TAF1B;ERCC2;POLR1D;TBP;POLR1A;CDK7;POLR2H;POLR1H"
"SUMOylation Of Transcription Cofactors R-HSA-3899300",0.43585237258348,0.583302429822157,0.0795564677235957,0.291661362233437,1.01011998345385,42,"PARK7;SUMO1;NCOA1;SAFB;RING1;PCGF2;DDX17;MBD1;CTBP1;MRTFA;UBE2I;DDX5;CREBBP"
"Phase 2 - Plateau Phase R-HSA-5576893",0.437743190661479,0.585161859681495,0.0847985102819124,-0.36862462428366,-1.00795603803134,15,"KCNE1;CACNG6;KCNQ1;CACNG4;KCNE3"
"Ephrin Signaling R-HSA-3928664",0.444664031620553,0.593733323685567,0.0847985102819124,0.365452625266404,1.01857176358421,18,"EPHB6;GIT1;ARHGEF7;EFNB2;SDCBP;EFNB3"
"Phospholipase C-mediated Cascade; FGFR2 R-HSA-5654221",0.445564516129032,0.594255760368664,0.0857844408075645,-0.348358656254974,-0.993458987878882,18,"FGF1;FGF6;FGF3;FGF18;FGF22;FGF4;FGF5;FGF8;FGF9"
"APC-Cdc20 Mediated Degradation Of Nek2A R-HSA-179409",0.447731755424063,0.595784445359044,0.0843144320642653,0.338070136392924,1.01665786312264,25,"UBB;ANAPC5;ANAPC16;UBE2D1;ANAPC11;ANAPC15;CDC16;UBE2E1;BUB1B;ANAPC4"
"G1/S Transition R-HSA-69206",0.447495961227787,0.595784445359044,0.0738052724171275,0.241724615026278,0.999261372193945,128,"SKP1;AKT3;PPP2R1A;PPP2CA;PSMD2;PSMD7;PSMC5;PSMD8;MNAT1;UBB;PSMA1;CABLES1;PSMF1;PSMC3;PSMC1;PSMD14;PPP2CB"
"MET Promotes Cell Motility R-HSA-8875878",0.448559670781893,0.596206305014202,0.0865399737444125,-0.30334599675322,-0.98903246939406,28,"ITGB1;RNASE1;ITGA2;CRKL;LAMA1;RAP1A;RAP1B;LAMA5"
"B-WICH Complex Positively Regulates rRNA Expression R-HSA-5250924",0.450800915331808,0.59763815638615,0.0922597260527354,-0.260965818902136,-1.00030294414631,54,"H2AC19;H2AJ;H2BC17;TAF1A;H2AB1;H2AC6;MYO1E;DEK;H2BC4;POLR1F"
"CD28 Dependent PI3K/Akt Signaling R-HSA-389357",0.451866404715128,0.59763815638615,0.0835990603684159,0.344232329583453,1.02046665642586,23,"PIK3R1;AKT3;PIK3R2;MLST8;AKT2;TRIB3;PIK3CA;MAPKAP1;AKT1;RICTOR;PDPK1;PIK3R3"
"Collagen Degradation R-HSA-1442490",0.454545454545455,0.59763815638615,0.0913924325943768,-0.286290581762846,-1.00870649429584,40,"COL9A2;COL16A1;CTSD;MMP11;MMP2;MMP3;MMP9;MMP14;MMP28;MMP13;CTSL;ADAM10;MMP15;TMPRSS6;COL26A1;COL18A1;COL15A1;PRSS2;COL13A1;COL23A1;COL9A3;COL17A1;PHYKPL;MMP1;CTSK;ADAM17"
"HS-GAG Biosynthesis R-HSA-2022928",0.450467289719626,0.59763815638615,0.0810802057550866,0.317839613602522,1.01607802896882,30,"GPC1;HS6ST1;SDC3;HS2ST1;HS6ST3;GLCE"
"Interleukin-20 Family Signaling R-HSA-8854691",0.454545454545455,0.59763815638615,0.0847985102819124,-0.317493037743223,-0.99576326477329,25,"JAK3;IL20;IFNLR1;PTPN11;IL20RB;IL19;IL22RA2;IL20RA;IL22RA1;IL10RB;IL26"
"Nuclear Envelope Breakdown R-HSA-2980766",0.45372460496614,0.59763815638615,0.0911073131586733,-0.264420072554785,-1.00071791209681,52,"LMNA;PLK1;NEK7;AAAS;NUP214;RNASE7;NUP35;NUP188;NUP37;NUP210"
"Phospholipase C-mediated Cascade: FGFR1 R-HSA-5654219",0.453846153846154,0.59763815638615,0.0822054920415869,-0.362300077126308,-1.01021896285999,16,"FGF1;FGF6;FGF3;FGF22;FGF4;FGF5;FGF8;FGF9;KL"
"Regulation Of TP53 Expression And Degradation R-HSA-6806003",0.4548802946593,0.59763815638615,0.0797705918628453,0.300202008132203,0.999410601277308,36,"AKT3;PPP2R1A;PPP2CA;UBB;PPP2R5C;PPP2CB;MLST8;AKT2;USP7;MAPKAP1;AKT1;USP2;PHF20;RICTOR;PDPK1"
"SUMOylation Of Chromatin Organization Proteins R-HSA-4551638",0.45518453427065,0.59763815638615,0.077274697304471,0.278558269071346,1.00990870300627,55,"SATB2;SATB1;SUMO1;CBX5;CHD3;RING1;RANBP2;ZBED1;PCGF2;SEH1L;H4C15;NUP98;UBE2I;L3MBTL2;NUP133;HDAC4"
"Signaling By Interleukins R-HSA-449147",0.45578231292517,0.59763815638615,0.0643583367917361,0.209122358100816,0.996428176457085,447,"SNAP25;VAMP2;MEF2C;TOLLIP;MAPK10;CLSTN1;HSPA8;PPIA;PIK3R1;STX1A;MAP2K1;MAPK1;SKP1;PTK2B;SOD1;GRB2;APP;HSPA9;PPP2R1A;PIK3R2;PRKCA;FGF13;PPP2CA;PSMD2;MAPK9;PSMD7;CNTFR;PSMC5;PSMD8;DUSP3;MAP2K4;MAPK3;CCM2;UBB;PPP2R5D;PSMA1;MAPK8;PTPN4;IL24;RAPGEF1;PSMF1;YWHAZ;PTPN5;PELI3;PSMC3;PSMC1;PTPRZ1;PSMD14;UBE2V1;PPP2CB;BRWD1;RPS6KA5;IRS2"
"Signaling By TGFB Family Members R-HSA-9006936",0.453074433656958,0.59763815638615,0.0732558655828455,0.246478883560894,1.00643287350854,118,"MAPK1;NEDD8;PRKCZ;BMPR2;PPP1CB;FKBP1A;ACVR1B;UBE2D3;STUB1;PPP1CC;UBE2M;MAPK3;UBB;FURIN;NEDD4L;ZFYVE9;SMAD4;TGFB2;SKIL;CCNC;UCHL5;UBE2D1;PPP1CA;TRIM33;CDK9;PARD3;ACVR2A;ITGB8;MTMR4;CBL;CCNK;CDK8"
"Synthesis Of Bile Acids And Bile Salts Via 7Alpha-Hydroxycholesterol R-HSA-193368",0.455284552845528,0.59763815638615,0.0850427463764322,-0.323476977848304,-0.999129709713126,24,"CYP27A1;AKR1D1;PTGIS;BAAT;CYP7B1;ACOX2;AKR1C2;SLC27A5;ABCB11;CYP8B1;AKR1C3;AKR1C1;AMACR"
"Phospholipase C-mediated Cascade; FGFR4 R-HSA-5654228",0.461089494163424,0.603918563062532,0.0819778796501272,-0.362629647828534,-0.991563555495637,15,"FGF1;FGF6;FGF18;FGFR4;FGF19;FGF4;FGF8;FGF9"
"SUMO E3 Ligases SUMOylate Target Proteins R-HSA-3108232",0.461897356143079,0.604298446882257,0.0702812841717392,0.233374712040546,1.00212275939632,166,"SATB2;SATB1;RANGAP1;PARK7;THRA;SUMO1;CBX5;CHD3;NCOA1;HNRNPC;MTA1;HNRNPK;NR3C1;SAFB;RING1;RANBP2;TOP2B;ZBED1;DNMT3A;RORA;PCGF2;DDX17;MBD1;SEH1L;CTBP1;BIRC5;MRTFA;THRB;CETN2;HERC2;H4C15;NUP98;NSMCE3;UBE2I;DDX5;SMC3;CREBBP"
"Complement Cascade R-HSA-166658",0.464530892448513,0.606384285780105,0.0905428948469474,-0.259548689180095,-0.994870972100474,54,"C1QA;C3AR1;C3;MASP2;C1QC;SERPING1;FCN3;C4B;C5;C8G;C1S;CFHR5;FCN1;CFH;FCN2;IGLL5;GZMM;C5AR2;CR1;C1QB;AKR1C1;TTF2;C5AR1;C4BPA"
"Non-integrin membrane-ECM Interactions R-HSA-3000171",0.46415770609319,0.606384285780105,0.077274697304471,0.291182177185312,0.999905434561995,41,"ACTN1;NRXN1;PRKCA;FGF13;SDC3"
"Inhibition Of DNA Recombination At Telomere R-HSA-9670095",0.466200466200466,0.607883736375356,0.0913924325943768,-0.275122604873431,-0.992879900763801,45,"H2AC19;H2AJ;H2BC17;TINF2;H3-4;H2AB1;H2AC6;POT1;H2BC4"
"SUMOylation R-HSA-2990846",0.4671875,0.608490862165179,0.0699458736501659,0.231808332324411,0.99599163266818,172,"SATB2;SATB1;RANGAP1;PARK7;THRA;SUMO1;CBX5;CHD3;NCOA1;HNRNPC;MTA1;HNRNPK;NR3C1;SAFB;RING1;RANBP2;TOP2B;ZBED1;DNMT3A;RORA;PCGF2;DDX17;MBD1;SEH1L;CTBP1;BIRC5;MRTFA;THRB;CETN2;HERC2;H4C15;SAE1;NUP98;NSMCE3;UBE2I;DDX5;SMC3;CREBBP"
"Metabolism Of Steroids R-HSA-8957322",0.467817896389325,0.608632647810861,0.070113215764256,0.2348374474638,0.999305389626231,153,"CHGA;SREBF2;HMGCS1;ACACA;TSPOAP1;CYP46A1;RAN;SC5D;LGMN;MVD;NCOA1;FASN;MSMO1;DHCR24;HMGCR;ACOT8;STARD3NL;IDI1;HSD17B4;CARM1;AKR1B1;OSBPL7;STARD3;CYP51A1;KPNB1;SMARCD3;FDX2;NFYA"
"Downstream Signaling Of Activated FGFR2 R-HSA-5654696",0.46958174904943,0.61024710594731,0.0797705918628453,0.31463515217754,0.991057665820757,29,"PIK3R1;GRB2;FGF13;PLCG1"
"Smooth Muscle Contraction R-HSA-445355",0.471001757469244,0.6114116251019,0.0755015292281669,0.285873283821658,0.990073949159956,42,"CALM1;ANXA6;MYL6B;GUCY1B1;TPM3;SORBS1;ALDH2;TPM1;MYL12B;GUCY1A1;CACNA1G;GUCY1A2"
"Postmitotic Nuclear Pore Complex (NPC) Reformation R-HSA-9615933",0.47244094488189,0.612009439734289,0.0813027345384498,0.327216080299925,0.99306135761797,26,"RANGAP1;SUMO1;RAN;KPNB1;SEH1L;NUP98;UBE2I;NUP133"
"Signaling By Nuclear Receptors R-HSA-9006931",0.472511144130758,0.612009439734289,0.0668966276500666,0.222274404026013,0.998778680657954,255,"CALM1;GNB1;HSP90AB1;PIK3R1;MAPK1;GNG2;GNG3;PRKCZ;AKT3;H2AZ1;PIK3R2;GNB2;POLR2E;PDK2;PDHB;USF2;GNG7;CXXC5;MAPK3;NCOA1;GNB5;FASN;POLR2A;PPP5C;PTGES3;TNRC6A;UHMK1;RDH11;PPID;PDK3;CARM1;PDHA1;HSP90AA1;ZDHHC21;POU2F1;KAT5;JUN;AKT2;H2AZ2;POLR2F;TNRC6C;GNG10;YY1;CDK9;H4C15;POLR2K;GPS2;PDHX;DDX5;APOE;AGO1;SMC3;EGFR;CREBBP;PIK3CA;TBL1XR1;H2BC3;CREB1"
"Elevation Of Cytosolic Ca2+ Levels R-HSA-139853",0.476653696498055,0.616690536378303,0.0802023444698144,-0.357613790091758,-0.977848345608304,15,"P2RX2;ITPR3;P2RX7;P2RX3;TRPC3"
"RNA Polymerase I Transcription R-HSA-73864",0.479338842975207,0.619477773811812,0.0714786287425507,0.258762836189624,0.991206471262937,74,"H2AZ1;RBBP7;CHD3;POLR2E;MTA3;ERCC3;MNAT1;MAPK3;MTA1;GTF2H1;KAT2A;EHMT2;UBTF;H2AZ2;POLR2F;H4C15;POLR2K;GTF2H4;H2BC3;GATAD2B"
"DNA Replication Pre-Initiation R-HSA-69002",0.483359746434231,0.623983212487553,0.0689567351672811,0.239063398851371,0.98840131703021,123,"H2AZ1;PSMD2;PSMD7;PSMC5;PSMD8;UBB;PSMA1;ANAPC5;PSMF1;PSMC3;PSMC1;PSMD14;ANAPC16;PSMB3;PSMB7;KPNB1;UBE2D1;H2AZ2;PSMC4;KPNA1;H4C15;ANAPC11;ANAPC15;CDC16;UBE2E1;SEM1;PSMB1;H2BC3;PSMC2;PSMA6;FZR1;KPNA6;PSMB2;PSME3;SLC25A2;PSMB5;PSMA4;RPA3;PSMD12;PSMD6;ANAPC4"
"Dual Incision In TC-NER R-HSA-6782135",0.48458904109589,0.624878907136911,0.0727141077934447,0.264148503666296,0.976828499971179,61,"PRPF19;POLR2E;ERCC3;MNAT1;CUL4B;UBB;POLR2A;DDB1;GTF2H1;HMGN1;POLR2F;POLR2K;RBX1;USP7;GTF2H4"
"TRAF6 Mediated NF-kB Activation R-HSA-933542",0.485772357723577,0.625713401173747,0.0815265143256594,-0.318992584539497,-0.985278675816769,24,"RELA;S100B;HMGB1;SAA2;NFKBIB;MAVS"
"Blood Group Systems Biosynthesis R-HSA-9033658",0.488235294117647,0.62819248978533,0.0793434960134973,0.337513786385703,0.992850204543472,22,"ST6GALNAC6;FUT9;B3GALT2"
"Visual Phototransduction R-HSA-2187338",0.492307692307692,0.632734666214843,0.0937465422491719,-0.229193617399891,-0.970307135722102,95,"APOC3;FNTA;LRP2;APOB;HSPG2;MYO7A;RPE65;PDE6A;APOA1;C1D;LRP10;GPIHBP1;STRA6;PLB1;AGRN;APOM;GUCY2F;RDH8;SDR9C7;HSD17B1;GUCA1B;RDH16;GRK1;PRKCQ;GUCY2D;OPN1SW;SLC24A1;CLPS;OPN1LW;AKR1C3;RETSAT;OPN1MW3;RBP3;GRK7;AWAT2;GPC4;TTR;DHRS9;AKR1C1"
"E3 Ubiquitin Ligases Ubiquitinate Target Proteins R-HSA-8866654",0.492857142857143,0.632743988684583,0.0739901439101341,0.277185782665083,0.994921310722934,53,"UBE2V2;VCP;UBE2B;UBE2D2;UBE2D3;UBE2L3;UBB;RRAGA;UBE2D1;UBE2N;RTF1;PEX13;UBE2E1;PRKDC;H2BC3"
"Constitutive Signaling By Aberrant PI3K In Cancer R-HSA-2219530",0.497584541062802,0.638111164198121,0.0897104652742981,-0.237180995128932,-0.973948775021132,78,"FGF1;RNASE1;GAB2;ERBB3;PDGFB;RAC2;TRAT1;LCK;FGF6;CD80;FGF3;FGF18;ERBB2;TGFA"
"Cellular Senescence R-HSA-2559583",0.499202551834131,0.639483400648113,0.0676760401641789,0.231933569745609,0.989264237786514,160,"MAPK10;CBX6;MAPK1;TNIK;H2AZ1;TERF2IP;MINK1;RBBP7;MAPK9;MAP2K4;MAPK3;UBB;MAPK8;ANAPC5;TNRC6A;HMGA1;ANAPC16;EHMT2;RING1;H1-0;MAP3K5;H1-2;UBE2D1;KAT5;JUN;MAPK11;EED;H2AZ2;CXCL8;TNRC6C;TXN2;H4C15;ANAPC11;ANAPC15;CDC16;UBE2E1;AGO1"
"Cobalamin (Cbl, Vitamin B12) Transport And Metabolism R-HSA-196741",0.500998003992016,0.641079682739784,0.0789209638180035,-0.326088413086271,-0.976434465779423,21,"LRP2;CTRB1;LDLRAP1;TCN2;MMUT;MMACHC;ABCC1;PRSS58;MMAB"
"Pre-NOTCH Processing In Golgi R-HSA-1912420",0.505928853754941,0.646680144941967,0.0778840111977068,0.344590180498205,0.960424973299885,18,"ATP2A2;RAB6A;FURIN;TMED2;ST3GAL3"
"Metabolism Of Nucleotides R-HSA-15869",0.506535947712418,0.646747758184236,0.0681513438679483,0.245898841935567,0.972723045110783,94,"AK5;GUK1;GDA;ENTPD6;AK1;DCK;NME2;HPRT1;GMPS;UPP1;GSR;DUT;NT5C2;GMPR2;TXN2;NT5C1A;GLRX;AMPD2;ATIC"
"Signaling By ALK R-HSA-201556",0.509842519685039,0.650258164450755,0.077274697304471,0.321106799428769,0.974520426651438,26,"PIK3R1;PIK3R2;PLCG1;PTN;PTPRZ1"
"Late SARS-CoV-2 Infection Events R-HSA-9772573",0.512237762237762,0.65188818814773,0.0709609456938284,0.266465866325736,0.968902419452726,57,"GSK3A;TUSC3;SUMO1;GSK3B;UBB;RPN1;CANX;MGAT5;PRKCSH;ZDHHC8;ST3GAL3;UBE2I;MAN1B1;ZDHHC5;MGAT4A"
"Mitochondrial Fatty Acid Beta-Oxidation R-HSA-77289",0.511970534069982,0.65188818814773,0.0736212741014394,0.291918129424237,0.971832517266655,36,"NDUFAB1;ECHS1;ACOT13;ACADVL;ACOT7;ACADM;THEM5;PCTP;DECR1;ACSF2;ACOT9"
"Sensory Perception Of Sweet, Bitter, And Umami (Glutamate) Taste R-HSA-9717207",0.51423487544484,0.65371688414393,0.0716527366829457,0.284645638262695,0.973601995455539,40,"GNB1;SCN1B;SCN2A;SCN2B;SCN3A"
"Eukaryotic Translation Termination R-HSA-72764",0.515151515151515,0.653897439534719,0.0902635484340068,-0.230442401463419,-0.965867272926003,89,"RPL11;RPL30;RPL12;RPL21;RPS16;RPS13;RPS27A;RPS12;RPS6;RPS19;RPL19;RPL39;RPS29;RPLP2;RPS9;RPL32;RPS27;N6AMT1;RPS7;RPS2;RPS23;RPS17;RPLP0;RPL28;RPS5;RPL3L;RPS3;RPL18A;RPL8;RPL13A;RPS10;RPL37;RPL5;RPL27A;RPS28"
"HCMV Infection R-HSA-9609646",0.515497553017945,0.653897439534719,0.0672065093710464,0.239344903377348,0.972881380256144,116,"DYNLL1;DYNC1H1;PCSK2;RBBP7;VPS36;DYNC1I1;DYNLL2;H2AC21;VPS28;VPS4A;TARBP1;HNRNPK;DUT;RANBP2;HSD17B4;SEH1L;EED;CHMP4B;VPS37B;TXN2;CHMP7;H4C15;NUP98;GPS2;PCSK1;EGFR;TBL1XR1;H2BC3;CREB1"
"PI-3K cascade:FGFR2 R-HSA-5654695",0.516699410609037,0.654710328100702,0.0764767053228531,0.328229435182361,0.973026544794337,23,"PIK3R1;GRB2;FGF13"
"DAP12 Signaling R-HSA-2424491",0.517441860465116,0.6549399687232,0.0756946307932749,0.309885846061811,0.964127350657075,28,"PIK3R1;GRB2;PIK3R2;PLCG1;VAV2;PIK3CB;PIK3CA;HRAS;VAV3"
"MET Activates PTK2 Signaling R-HSA-8874081",0.5234375,0.661811010292524,0.0755015292281669,-0.340921272139864,-0.96093581383554,17,"ITGB1;ITGA2;LAMA1;LAMA5"
"NRIF Signals Cell Death From Nucleus R-HSA-205043",0.525291828793774,0.663436757794734,0.0751181635276301,-0.345549703509464,-0.944860671663336,15,"PSEN1;NGF;RPS27A"
"Sensory Processing Of Sound By Outer Hair Cells Of Cochlea R-HSA-9662361",0.528571428571429,0.666857142857143,0.0704500850658419,0.272438253525427,0.977880689559367,53,"SPTAN1;EPB41L1;EZR;ATP2B4;SPTBN1;KCNMA1"
"HCMV Early Events R-HSA-9609690",0.534704370179949,0.673866090712743,0.0891647117820678,-0.227045453470083,-0.959802990703479,92,"H2AC19;ITGB1;RNASE1;H2BC17;KCNH8;AAAS;DYNC1LI2;NUP214;RNASE7;NUP35;NUP188;H2AC6;NUP37;H2BC18;NUP210;H2BC4"
"Transport Of Mature mRNA Derived From An Intron-Containing Transcript R-HSA-159236",0.535802469135802,0.674521554996204,0.086794975677172,-0.237720110770601,-0.959359951974512,73,"NXF2;AAAS;NUP214;RNASE7;NUP35;SRRM1;NUP188;THOC6;NUP37;U2AF1;NUP210;NXT1"
"Activated NOTCH1 Transmits Signal To Nucleus R-HSA-2122948",0.538317757009346,0.676957782790848,0.0718276293603809,0.296558094642488,0.948044709920633,30,"ARRB1;CNTN1;NEURL1;UBB;MIB2;MIB1;DTX1;JAG2"
"DNA Double-Strand Break Repair R-HSA-5693532",0.542199488491049,0.681105277792308,0.0880945010398517,-0.212400539932954,-0.971548442706776,144,"TIPIN;POLD1;SIRT6;DCLRE1C;H2BC17;TP53BP1;BLM;PAXIP1;BARD1;EME1;RAD51;H3-4;POLD2;RPS27A;RNF4;EME2;RMI2;NHEJ1;H2BC4;ARTN;POLD4;RFC4;ATM;ABL1;KDM4B;EYA4;H2AX;GEN1"
"NOTCH3 Intracellular Domain Regulates Transcription R-HSA-9013508",0.544715447154472,0.683530028848676,0.0755015292281669,-0.304072654271347,-0.939195193471551,24,"RBPJ;MAML3;HEYL;NOTCH3;IKZF1;MAML1;NOTCH1"
"Cell-cell Junction Organization R-HSA-421270",0.545667447306792,0.683989163272853,0.0828962134571565,-0.246135086480776,-0.9541793735116,59,"CLDN5;CTNNA1;CLDN11;CRB3;CLDN2;CLDN9;PARD6G;CDH5;NECTIN4;CLDN1;JUP;CLDN19;ANG;CDH24;CLDN17;CLDN15;CDH19"
"ISG15 Antiviral Mechanism R-HSA-1169408",0.55050505050505,0.68822139238523,0.0655321029282414,0.249686461522584,0.947588650070846,72,"EIF4A2;SGIP1;EIF4G2;MAPK3;UBB;PLCG1;EIF4G3;IFIT1;ARIH1;RANBP2;KPNB1;UBE2N;SEH1L;KPNA1;NUP98;KPNA5;EIF4E;UBE2E1;EIF2AK2"
"Incretin Synthesis, Secretion, And Inactivation R-HSA-400508",0.550813008130081,0.68822139238523,0.0749278818393739,-0.30080584407116,-0.929104932493128,24,"CDX2;FFAR1;GATA4;UCMA;SEC11A;GNB3"
"RUNX1 Interacts With Co-Factors Whose Precise Effect On RUNX1 Targets Is Not Known R-HSA-8939243",0.550185873605948,0.68822139238523,0.0704500850658419,0.291480882765474,0.955704198209024,34,"CBX6;SMARCA2;SMARCC2;RING1;CSNK2B;ARID1A;SMARCD3"
"Platelet Aggregation (Plug Formation) R-HSA-76009",0.555555555555556,0.693404634581105,0.0780892306943345,-0.271340473207594,-0.933544992322491,36,"GP9;FN1;VWF;CSK;RAP1A;FGB;RAP1B;SYK;TLN1;RASGRP2;APBB1IP;ADRA2B;RAPGEF3;TTF2;ITGB3;MPL"
"Signaling By PDGF R-HSA-186797",0.556350626118068,0.693655107563873,0.0679922591544058,0.266645899027964,0.952610454858114,52,"PIK3R1;GRB2;PIK3R2;SYNGAP1;PLCG1;RAPGEF1;FURIN"
"RUNX2 Regulates Bone Development R-HSA-8941326",0.562737642585551,0.700869614618291,0.0704500850658419,0.295527309172019,0.93087057560893,29,"SATB2;MAPK1;MAPK3;GLI3;SMAD4"
"FGFR1 Mutant Receptor Activation R-HSA-1839124",0.566355140186916,0.703758440565677,0.0692836467392548,0.290678534690451,0.929248778162609,30,"PIK3R1;GRB2;FGF13;CUX1;FGFR1OP2;PIK3CA;CEP43;LRRFIP1;ZMYM2;MYO18A"
"RUNX2 Regulates Osteoblast Differentiation R-HSA-8940973",0.565815324165029,0.703758440565677,0.0718276293603809,0.31560714188989,0.93560812611129,23,"SATB2;MAPK1;MAPK3;GLI3"
"SHC1 Events In ERBB2 Signaling R-HSA-1250196",0.56686626746507,0.703758440565677,0.0725351864394589,0.319365519217498,0.924738418127569,21,"GRB2;PRKCA;PRKCE;EGFR;NRG3;HRAS;SOS1;HBEGF"
"Mitotic G1 Phase And G1/S Transition R-HSA-453279",0.570287539936102,0.70725351658388,0.0613026075396207,0.224208381966811,0.945450218741313,146,"SKP1;AKT3;PPP2R1A;PPP2CA;CCND2;PSMD2;PSMD7;PSMC5;PSMD8;MNAT1;UBB;PSMA1;CABLES1;PSMF1;PSMC3;PSMC1;PSMD14;PPP2CB;PSMB3;PSMB7;AKT2;PSMC4;CCND3;PPP2R2A;DYRK1A;SEM1;PSMB1;CUL1;PSMC2;PSMA6;AKT1;MAX;PPP2R3B;PSMB2;PSME3;SLC25A2;PSMB5;PSMA4"
"Regulation Of NF-kappa B Signaling R-HSA-9758274",0.57421875,0.711372910031847,0.0707899094502623,-0.327089267725701,-0.921948312893541,17,"USP18;RPS27A"
"S Phase R-HSA-69242",0.577352472089314,0.714474447380293,0.060640400949416,0.222600022274282,0.94945393893588,160,"SKP1;AKT3;GSK3B;PDS5B;PSMD2;PSMD7;PSMC5;PSMD8;MNAT1;UBB;PSMA1;CABLES1;ANAPC5;PSMF1;PSMC3;PSMC1;PSMD14;ANAPC16;PSMB3;PSMB7;UBE2D1;AKT2;PSMC4;ANAPC11;RBX1;ANAPC15;CDC16;UBE2E1;SEM1;LRIG1;SMC3;PSMB1;CUL1;PSMC2;PSMA6;AKT1;MAX;FZR1;PSMB2;PSME3;SLC25A2;PSMB5;PSMA4;GINS3;RPA3;PSMD12;PSMD6;ANAPC4;STAG2;PMEPA1;PSMC6;LIN52"
"Signaling By CSF3 (G-CSF) R-HSA-9674555",0.577946768060836,0.714474447380293,0.069119845655101,0.290618986108602,0.915410029752378,29,"GRB2;UBE2D2;UBE2D3;UBB;ELOB;UBE2D1;RNF7"
"Other Semaphorin Interactions R-HSA-416700",0.57979797979798,0.71449233624524,0.072003313661988,-0.314242782473173,-0.907751610977728,19,"ITGB1;SEMA6A;PLXNB3;CD72"
"RNA Polymerase I Promoter Escape R-HSA-73772",0.579676674364896,0.71449233624524,0.0789209638180035,-0.241791518428717,-0.928701503522972,55,"H2AC19;H2AJ;H2BC17;RRN3;TAF1A;H2AB1;H2AC6;H2BC4;POLR1F"
"RUNX1 Regulates Genes Involved In Megakaryocyte Differentiation And Platelet Function R-HSA-8936459",0.57919621749409,0.71449233624524,0.0802023444698144,-0.235626271278423,-0.927804660530715,63,"H2AC19;H2AJ;PF4;H2BC17;H2AB1;CBFB;MYL9;H2AC6;H2BC4;AGO3;KMT2E;H2AX;PRKCQ;H2BC21;RUNX1;H3-3B;ZFPM1;SIN3A;RBBP5;THBS1;MOV10"
"Signaling By FGFR In Disease R-HSA-1226099",0.582191780821918,0.716685451707994,0.0636424081651019,0.248797807298416,0.920061198629608,61,"PIK3R1;GRB2;NCBP2;FGF13;POLR2E;PLCG1;POLR2A;FGFR3;POLR2F;CUX1;POLR2K;FGFR1OP2;PIK3CA;HRAS;CEP43;LRRFIP1;SOS1;FGF7;ZMYM2;GTF2F1;MYO18A"
"DAP12 Interactions R-HSA-2172127",0.584090909090909,0.717449188977917,0.0776798560117236,-0.26286442882712,-0.926167584153809,40,"RNASE1;HLA-C;KLRC2;HLA-B;LCK;LCP2;SIGLEC16;KIR2DS2;TYROBP;SIGLEC15"
"Defective Pyroptosis R-HSA-9710421",0.584821428571429,0.717449188977917,0.0766746872490091,-0.264835083945184,-0.932032191825914,39,"H2AC19;H2AJ;H2BC17;H2AB1;H2AC6;H2BC4;EZH2;H2AX"
"FGFR2 Alternative Splicing R-HSA-6803529",0.583826429980276,0.717449188977917,0.0704500850658419,0.313258257693978,0.942042601782874,25,"NCBP2;POLR2E;POLR2A;HNRNPM;POLR2F;POLR2K;TIA1;GTF2F1;POLR2J;HNRNPH1;POLR2I;POLR2H"
"VEGFR2 Mediated Vascular Permeability R-HSA-5218920",0.585271317829457,0.717449188977917,0.0694481442003175,0.300141353196518,0.925529651488913,27,"CALM1;AKT3;ARHGEF7;CTNNB1;HSP90AA1;VAV2;MLST8;AKT2;TRIB3;MAPKAP1;AKT1;VAV3"
"Sphingolipid De Novo Biosynthesis R-HSA-1660661",0.586363636363636,0.718033959744348,0.0774767547848578,-0.257735279230367,-0.928703902495221,43,"DEGS2;PLPP2;CERS2;FA2H;ACER2;ALDH3B2;SPHK1;SPTLC2;ORMDL2;PRKD2;SGMS2;PLPP1"
"MicroRNA (miRNA) Biogenesis R-HSA-203927",0.588235294117647,0.719570847206807,0.0697792517076235,0.307718593774315,0.923150728784871,24,"POLR2E;RAN;POLR2A;POLR2F;POLR2K;DROSHA;AGO1"
"STING Mediated Induction Of Host Immune Responses R-HSA-1834941",0.590384615384615,0.721443817962143,0.0686325631836726,-0.326239768386168,-0.909670246489784,16,"IFI16;STING1;NLRC3;IRF3;CGAS;MRE11"
"NS1 Mediated Effects On Host Pathways R-HSA-168276",0.592342342342342,0.723078989030872,0.0764767053228531,-0.258527469020688,-0.921107197497654,41,"AAAS;NUP214;RNASE7;NUP35;NUP188;NUP37;NUP210;ISG15"
"Signaling By Retinoic Acid R-HSA-5362517",0.595454545454545,0.726118552294101,0.0766746872490091,-0.261143858290634,-0.920105384470673,40,"DHRS4;ALDH1A2;CRABP2;RARG;PDK4;PDHA2;LDHD;CYP26B1"
"Phase I - Functionalization Of Compounds R-HSA-211945",0.596816976127321,0.726262159687783,0.0847985102819124,-0.220836310212672,-0.941613757710688,100,"AURKAIP1;CYP2W1;CYP4F12;CES1;CYP2A7;CYP27A1;CYP4A22;AHRR;CYP11B1;ADH1B;CYP4F22;CYP11B2;CBR3;AADAC;CYP26B1;CYP2B6;CYP2R1;PTGIS;AOC3;CYP2S1;AOC1;POMC;CYP2C18;CYP7B1;FMO1;CYP26C1;CYP2C19;CYP1A2;CYP2A13;CYP4F8;CYP4F2;CYP3A4;CES2;CYP8B1"
"Transcriptional Regulation By RUNX3 R-HSA-8878159",0.596747967479675,0.726262159687783,0.059989249649033,0.236037128778454,0.9331163813768,93,"PSMD2;PSMD7;PSMC5;PSMD8;UBB;PSMA1;PSMF1;PSMC3;PSMC1;SMAD4;PSMD14;KAT2A;CTNNB1;PSMB3;PSMB7;BRD2;PSMC4;SEM1;PSMB1;CREBBP;PSMC2;PSMA6;HDAC4;PSMB2;LEF1;SMAD3;PSME3;PSMB5;PSMA4;FOXO3;PSMD12;SMURF1;PSMD6"
"Apoptotic Factor-Mediated Response R-HSA-111471",0.598814229249012,0.726448049122468,0.0692836467392548,-0.307396854974977,-0.907285754560219,20,"SEPTIN4;DIABLO;CARD8"
"Keratan Sulfate Biosynthesis R-HSA-2022854",0.598837209302326,0.726448049122468,0.0683110858318647,0.294013149332994,0.914743678445454,28,"B4GAT1;CHST1;B4GALT6;B4GALT5;ST3GAL3;B4GALT3;ACAN;CHST5;B4GALT2;CHST2;B3GNT2"
"Signaling By ERBB2 TMD/JMD Mutants R-HSA-9665686",0.598802395209581,0.726448049122468,0.0697792517076235,0.313421049972833,0.90752591785707,21,"GRB2;CDC37;PLCG1;HSP90AA1;EGFR;NRG3;HRAS;SOS1;HBEGF"
"NOTCH4 Intracellular Domain Regulates Transcription R-HSA-9013695",0.6,0.727102803738318,0.0702812841717392,-0.311832751425119,-0.90078976590635,19,"RBPJ;MAML3;ACTA2;MAML1;NOTCH1;FLT4"
"RHO GTPases Activate CIT R-HSA-5625900",0.601577909270217,0.728258734562597,0.0689567351672811,0.319667248874854,0.901622659091613,19,"PPP1CB;MYH10;MYL12B;PPP1R12A;RHOB;MYH9;PPP1R12B"
"Deposition Of New CENPA-containing Nucleosomes At Centromere R-HSA-606279",0.602803738317757,0.728605263793895,0.0774767547848578,-0.246824134744781,-0.919761365222191,49,"RSF1;H2AC19;H2AJ;H2BC17;H2AB1;H2AC6;H2BC4;H2AX;CENPI;H2BC21;KNL1;CENPK;CENPA;CENPH;CENPP;MIS18A;CENPM;CENPO"
"Synthesis Of Prostaglandins (PG) And Thromboxanes (TX) R-HSA-2162123",0.603112840466926,0.728605263793895,0.0681513438679483,-0.33116529413326,-0.905528377157958,15,"PRXL2B;PTGS2;CBR1;PTGIS;HPGD;PTGES;CYP8B1;AKR1C3"
"Recognition Of DNA Damage By PCNA-containing Replication Complex R-HSA-110314",0.605042016806723,0.730179972712974,0.0718276293603809,-0.275620821373895,-0.90037896753733,29,"POLD1;RAD18;POLD2;RPS27A;POLD4;RFC4;RFC3;CUL4A;POLE2"
"Cyclin D Associated Events In G1 R-HSA-69231",0.609154929577465,0.730637758183356,0.0628003977812234,0.258773538997812,0.90969509262538,46,"SKP1;PPP2R1A;PPP2CA;CCND2;MNAT1;UBB;PPP2CB"
"NOTCH2 Activation And Transmission Of Signal To Nucleus R-HSA-2979096",0.606854838709677,0.730637758183356,0.0696133438850965,0.315559205707979,0.896844085214956,20,"CNTN1;NEURL1;UBB;MIB2;MIB1;JAG2"
"Regulation Of Pyruvate Dehydrogenase (PDH) Complex R-HSA-204174",0.609615384615385,0.730637758183356,0.0670512579829467,-0.320999073862035,-0.895057362526778,16,"GSTZ1;PDK4;PDHA2;LDHD;PLPP6"
"SARS-CoV-2 Infection R-HSA-9694516",0.608567208271787,0.730637758183356,0.0545680646670941,0.210563589648706,0.953442454075351,273,"YWHAG;YWHAH;ISCU;HSP90AB1;YWHAB;GSK3A;GPC1;AKT3;TUSC3;MAP1LC3B;SUMO1;G3BP2;SNRPD2;YWHAE;GSK3B;VCP;CNBP;VPS41;IFNAR1;TUFM;RPS21;UBB;SDC3;FURIN;YWHAZ;RPN1;RPS15;UBE2V1;GJA1;CANX;RANBP2;YWHAQ;MGAT5;HSP90AA1;SNRPD3;UBE2N;PRKCSH;SEH1L;RPS4Y1;AKT2;CHMP4B;ZDHHC8;PIK3R4;MAP3K7;CHMP7;LARP1;ST3GAL3;NUP98;PIK3C3;UBE2I;DDX5;BECN1;MAN1B1;CREBBP;G3BP1;PATJ;ZDHHC5;GEMIN7;SEC23A;TRAF3;MGAT4A;AKT1;TOMM70;NUP133;TAB3"
"Synthesis Of Very Long-Chain Fatty acyl-CoAs R-HSA-75876",0.609803921568628,0.730637758183356,0.0679922591544058,0.302377209333586,0.907126663164723,24,"ACSL3;HACD3;ACSL6;ACSL4"
"TP53 Regulates Transcription Of Additional Cell Cycle Genes With Uncertain Roles In P53 Pathway R-HSA-6804115",0.606786427145709,0.730637758183356,0.069119845655101,0.310298766596903,0.898485194246462,21,"PLK2;CNOT6L;CNOT7;CNOT3;CNOT9;TNKS1BP1;CNOT4;CNOT6;CNOT10"
"Termination Of Translesion DNA Synthesis R-HSA-5656169",0.607966457023061,0.730637758183356,0.0714786287425507,-0.268642092152504,-0.896028174475592,31,"POLD1;POLD2;RPS27A;POLD4;RFC4;ISG15;RFC3;POLE2;UBA7;POLH;TRIM25;PCLAF;POLD3;POLE;USP43;UBA52;POLR1B;POLE3"
"ABC-family Proteins Mediated Transport R-HSA-382556",0.613312202852615,0.734087528952822,0.0574877409561325,0.230445968899156,0.921802674878382,101,"VCP;PSMD2;PSMD7;PSMC5;PSMD8;OS9;UBB;PSMA1;PSMF1;PSMC3;PSMC1;PSMD14;ABCC5;ABCA3;PSMB3;PSMB7;ABCB6;ABCA4;PSMC4;ABCB8;SEM1;PSMB1;PSMC2;PSMA6;PEX19;ABCD2;PSMB2;PSME3;PSMB5;PSMA4;ABCC9;PSMD12;SEL1L;PSMD6;ABCA6;PSMC6"
"Gastrulation R-HSA-9758941",0.615384615384615,0.735060231477837,0.0665892104103933,-0.31872808586092,-0.888725055999682,16,"TBPL2;MIXL1;BMP4;TBXT;FOXH1"
"Inflammasomes R-HSA-622312",0.614770459081836,0.735060231477837,0.0684714904492087,-0.298726030642414,-0.894500940355596,21,"RELA;TXNIP;HMOX1;P2RX7;NLRP1;CASP1;NFKB2;PYCARD"
"Glycosphingolipid Metabolism R-HSA-1660662",0.617169373549884,0.736438301567193,0.0758886900606117,-0.254399324421193,-0.918361168026647,44,"UGT8;NAT8;GBA3;GALC;NEU4;GLTP;CPTP;ARSD;GLB1L;ARSA;HEXA;NEU2;ARSH;ENPP7"
"Diseases Associated With Glycosylation Precursor Biosynthesis R-HSA-5609975",0.618677042801556,0.737483257353847,0.0668966276500666,-0.328970053394489,-0.899525777190912,15,"PMM2;PGM1;DPM2"
"Initiation Of Nuclear Envelope (NE) Reformation R-HSA-2995383",0.619329388560158,0.737507547397657,0.0675188953767744,0.314502162027727,0.887054512514393,19,"PPP2R1A;PPP2CA;KPNB1;BANF1;PPP2R2A;TMPO;EMD"
"Rev-mediated Nuclear Export Of HIV RNA R-HSA-165054",0.622844827586207,0.740183211601938,0.0716527366829457,-0.265053459113846,-0.900410075455785,34,"AAAS;NUP214;RNASE7;NUP35;NUP188;NUP37;NUP210"
"Signaling By FGFR1 In Disease R-HSA-5655302",0.622467771639042,0.740183211601938,0.0639271933359996,0.273251428066554,0.909688698363449,36,"PIK3R1;GRB2;FGF13;PLCG1;CUX1;FGFR1OP2;PIK3CA;HRAS;CEP43;LRRFIP1;SOS1;ZMYM2;MYO18A"
"Recruitment And ATM-mediated Phosphorylation Of Repair And Signal Proteins At DNA Double Strand Breaks R-HSA-5693565",0.627208480565371,0.743853960182711,0.0615706755421678,0.249471924531602,0.904050775079161,56,"UBE2V2;SUMO1;APBB1;UBB;MAPK8;PPP5C;EYA2;UIMC1;BABAM1;KAT5;UBE2N;HERC2;H4C15;UBE2I;BAZ1B;H2BC3"
"Sensory Perception Of Taste R-HSA-9717189",0.626760563380282,0.743853960182711,0.0614364107201271,0.256699233347205,0.902403057750909,46,"GNB1;SCN1B;SCN2A;SCN2B;SCN3A"
"CD209 (DC-SIGN) Signaling R-HSA-5621575",0.633064516129032,0.747939937740341,0.0675188953767744,0.30791039367006,0.875105559730529,20,"PRKCA;PRKACB;ARHGEF7;RPS6KA5"
"Glutathione Conjugation R-HSA-156590",0.631970260223048,0.747939937740341,0.0636424081651019,0.276819641357952,0.907633086885409,34,"PRNP;MGST3;GGT7;HPGDS;MGST1;GSTP1;MGST2;GSTA4;GCLM;GSTK1"
"N-glycan Antennae Elongation In medial/trans-Golgi R-HSA-975576",0.633858267716535,0.747939937740341,0.0662842187012672,0.297414048372484,0.902615783370789,26,"CHGA;MAN2A2;B4GALT6;MGAT5;ST8SIA3;B4GALT5"
"NCAM1 Interactions R-HSA-419037",0.633333333333333,0.747939937740341,0.0633597010643758,0.270208913649343,0.900513535454554,37,"PRNP;CACNB3;CACNB1;CACNB4;CACNB2;GFRA2;CACNA1D"
"PI3K/AKT Signaling In Cancer R-HSA-2219528",0.632329635499208,0.747939937740341,0.0560595875032335,0.22763431816977,0.917197589888588,105,"CLSTN1;PIK3R1;GRB2;GSK3A;AKT3;PIK3R2;FGF13;RNMT;GSK3B;PTEN"
"Carboxyterminal Post-Translational Modifications Of Tubulin R-HSA-8955332",0.638888888888889,0.750252812210048,0.0629394692018967,0.269141019535059,0.896954611023242,37,"TUBB2A;TUBB4B;TUBA1C;TUBB2B;TUBB4A;AGBL4;TPGS2;TTLL1"
"Nucleotide Salvage R-HSA-8956321",0.638506876227898,0.750252812210048,0.0658311958368866,0.293916886001404,0.871307997967227,23,"DCK;HPRT1;UPP1;GMPR2;AMPD2;DGUOK;TK2;CDA;UPP2;UCKL1"
"SUMOylation Of DNA Methylation Proteins R-HSA-4655427",0.637295081967213,0.750252812210048,0.0679922591544058,0.335627619086811,0.877387883553238,15,"SUMO1;RING1;DNMT3A;PCGF2;UBE2I;PHC2;SCMH1;PHC1"
"Synthesis Of Substrates In N-glycan Biosythesis R-HSA-446219",0.639032815198618,0.750252812210048,0.0596037042575973,0.240263135157178,0.890203213651095,63,"ST6GALNAC6;CTSA;PMM1;MVD;ST8SIA1;EGFL7;CMAS;ST8SIA5;GNPNAT1;ST8SIA3;ST6GAL2;UAP1;ST3GAL3;GFPT1;ST3GAL5"
"Translesion Synthesis By POLI R-HSA-5656121",0.638461538461538,0.750252812210048,0.0647943366000727,-0.312895221493709,-0.872460996002,16,"RPS27A;MAD2L2;RFC4;RFC3"
"Transcriptional Regulation Of Pluripotent Stem Cells R-HSA-452723",0.642857142857143,0.753984206748026,0.0687943095604775,-0.271304823261852,-0.886279764492206,29,"CDX2;ZIC3;LIN28A;GATA6;SALL4;TDGF1;ZSCAN10;SALL1;KLF4;FOXD3;DKK1"
"SUMOylation Of DNA Replication Proteins R-HSA-4615885",0.645011600928074,0.755751544460906,0.0736212741014394,-0.248544094939629,-0.897224258964539,44,"AAAS;NUP214;RNASE7;NUP35;AURKA;NUP188;NUP37;NUP210"
"DNA Double Strand Break Response R-HSA-5693606",0.646853146853147,0.756841348390644,0.0596037042575973,0.245432925764111,0.892424079921415,57,"UBE2V2;SUMO1;APBB1;UBB;MAPK8;PPP5C;EYA2;UIMC1;BABAM1;KAT5;UBE2N;HERC2;H4C15;UBE2I;BAZ1B;H2BC3"
"Disorders Of Transmembrane Transporters R-HSA-5619115",0.647887323943662,0.756841348390644,0.0835990603684159,-0.202505138719144,-0.935393015407296,174,"SLC6A20;SLC6A3;SLC6A2;AAAS;SLC34A3;SLC24A4;SLC6A5;CFTR;NUP214;SLC7A7;RNASE7;NUP35;SLC39A4;RPS27A;APOA1;ERLIN2;NUP188;AVPR1B;SLC2A10;SLC9A9;SLCO1B3;ABCC2;NUP37;RNF185;SLC6A19;PSME1;SLC5A1;NUP210;SLCO2A1;SLC6A18;SLC5A5;SLC7A9;SLC11A2;TAC4;SLC12A6;SLC34A1;SLC35A3;NUP43;MAP4K2;ABCG5;SLC24A1;SLC26A3;SLC16A1;SLC22A18;SLCO1B1;PSME2;NUP107;SLC2A1;PSMB8;SLC12A3;ABCA12;ABCB11;KCNJ11;SLC24A5"
"Translesion Synthesis By REV1 R-HSA-110312",0.647859922178988,0.756841348390644,0.0646484568421928,-0.315118059511002,-0.861649303526773,15,"RPS27A;MAD2L2;RFC4;RFC3"
"Late Endosomal Microautophagy R-HSA-9615710",0.650190114068441,0.757257348421029,0.0633597010643758,0.279405220698982,0.880088203519662,29,"HSPA8;PARK7;VPS28;UBB;CHMP4B;VPS37B;CHMP7"
"Metabolism Of Cofactors R-HSA-8978934",0.648915187376726,0.757257348421029,0.0652353056017703,0.306395088253249,0.86418848091521,19,"CALM1;HSP90AA1;AKT1;COQ9"
"NLRP3 Inflammasome R-HSA-844456",0.65,0.757257348421029,0.0639271933359996,-0.308992878383863,-0.861579902516123,16,"RELA;TXNIP;HMOX1;P2RX7"
"FOXO-mediated Transcription Of Cell Cycle Genes R-HSA-9617828",0.66015625,0.766086918038591,0.0639271933359996,-0.30446119285593,-0.858167817754492,17,"GADD45A;CAV1;FOXO1;MSTN;FOXO4;KLF4"
"Heparan Sulfate/Heparin (HS-GAG) Metabolism R-HSA-1638091",0.660633484162896,0.766086918038591,0.0711327399327894,-0.235033427086639,-0.895760757500765,53,"B4GALT7;XYLT1;BGN;HSPG2;SLC35D2;CSPG4;DCN;B3GALT6;B3GAT3;AGRN;NDST2"
"Oncogene Induced Senescence R-HSA-2559585",0.658995815899582,0.766086918038591,0.0673623868166279,-0.259909577046958,-0.876232863663284,32,"DAND5;TFDP1;CDKN2C;E2F1;RPS27A;ETS1;AGO3"
"Regulation Of TNFR1 Signaling R-HSA-5357905",0.661710037174721,0.766086918038591,0.0614364107201271,0.271073485545642,0.888792656661356,34,"CLIP3;MADD;UBB;USP4;RACK1;SPPL2A;TAX1BP1"
"SHC-mediated cascade:FGFR3 R-HSA-5654704",0.661224489795918,0.766086918038591,0.065981614400873,0.315483344215785,0.852439823785894,17,"GRB2;FGF13;FGFR3"
"TP53 Regulates Transcription Of Cell Cycle Genes R-HSA-6791312",0.661214953271028,0.766086918038591,0.0727141077934447,-0.240020798564567,-0.894409526028469,49,"GADD45A;TFDP1;E2F1;AURKA;CCNE2;BTG2;BAX;CNOT2;PLK3"
"FOXO-mediated Transcription Of Oxidative Stress, Metabolic And Neuronal Genes R-HSA-9615017",0.668067226890756,0.772680330804274,0.0668966276500666,-0.264894929293331,-0.865340367807178,29,"RETN;FOXO1;TRIM63;PCK1;FOXO4;POMC;MAP4K2;GLYAT;NPY;FOXO6"
"SUMOylation Of RNA Binding Proteins R-HSA-4570464",0.668997668997669,0.772990375960673,0.072003313661988,-0.246324479115007,-0.888951398566168,45,"CBX2;AAAS;NUP214;RNASE7;NUP35;NUP188;NUP37;NUP210;CBX8"
"Translesion Synthesis By Y Family DNA Polymerases Bypasses Lesions On DNA Template R-HSA-110313",0.670995670995671,0.774532095006872,0.0681513438679483,-0.248186610923111,-0.874665255306054,38,"POLD1;UFD1;POLD2;RPS27A;MAD2L2;POLD4;RFC4;ISG15"
"Amine Ligand-Binding Receptors R-HSA-375280",0.672727272727273,0.775763564498742,0.0704500850658419,-0.249574518994377,-0.879342368059207,40,"DRD4;DRD5;TAAR5;DHX34;HTR1D;CHRM2;DRD3;HTR7;HRH4;TAAR6;ADRA1D;ADRB3;ADRA2B;DRD2;HTR4;GPR143;HTR2C;HTR1B;HTR2A"
"GTP Hydrolysis And Joining Of 60S Ribosomal Subunit R-HSA-72706",0.674641148325359,0.777202586471563,0.053347785067549,0.223392786602202,0.901900386710892,108,"EIF4A2;EIF3C;RPL41;EIF3K;EIF4H;EIF1AX;RPL31;EIF3I;RPL35A;RPS21;RPS15;RPL14;RPL26;RPL27;EIF5;RPL15;RPS4Y1;RPL10A;RPL38;EIF3A;RPL36;EIF4E;RSL24D1;RPL23;EIF3H;EIF4B;EIF3L"
"Growth Hormone Receptor Signaling R-HSA-982772",0.677799607072692,0.780071145417979,0.0629394692018967,0.284033355744138,0.842008562067292,23,"MAPK1;SH2B1;MAPK3;IRS2"
"Diseases Of Carbohydrate Metabolism R-HSA-5663084",0.679389312977099,0.781130372654458,0.0614364107201271,0.270085668352063,0.870490040663484,32,"IDS;UBB;GYG1;ARSB;DCXR;PPP1R3C"
"GRB2:SOS Provides Linkage To MAPK Signaling For Integrins R-HSA-354194",0.682879377431907,0.783599049619504,0.0621124188949471,-0.30999785376277,-0.847648767588832,15,"FN1;VWF;RAP1A;FGB;RAP1B;TLN1;APBB1IP"
"N-Glycan Antennae Elongation R-HSA-975577",0.682377049180328,0.783599049619504,0.0646484568421928,0.324505508063897,0.848312786939946,15,"B4GALT6;MGAT5;ST8SIA3;B4GALT5;B4GALT3;MGAT4A;B4GALT2"
"Interleukin-7 Signaling R-HSA-1266695",0.684418145956608,0.78459329698562,0.0626618230932491,0.283732098114066,0.853250368830826,25,"PIK3R1;PIK3R2;BRWD1;IRS2"
"Inactivation Of CSF3 (G-CSF) Signaling R-HSA-9705462",0.686274509803922,0.785949315938348,0.062249042949858,0.280564276961362,0.841688224202135,24,"UBE2D2;UBE2D3;UBB;ELOB;UBE2D1;RNF7"
"Positive Epigenetic Regulation Of rRNA Expression R-HSA-5250913",0.692699490662139,0.792529711375212,0.0550211117163117,0.230490454387973,0.869568971203279,69,"H2AZ1;RBBP7;CHD3;GSK3B;POLR2E;MTA3;MTA1;KAT2A;EHMT2;DDX56;H2AZ2;POLR2F;H4C15;POLR2K;BAZ1B;H2BC3;GATAD2B"
"FLT3 Signaling R-HSA-9607240",0.694290976058932,0.793572545603108,0.0587185879555941,0.262985799831703,0.87551311855799,36,"PIK3R1;GRB2;AKT3;UBB"
"L13a-mediated Translational Silencing Of Ceruloplasmin Expression R-HSA-156827",0.698083067092652,0.796939844650874,0.0518457624865066,0.221131163637071,0.89087849280804,107,"EIF4A2;EIF3C;RPL41;EIF3K;EIF4H;EIF1AX;RPL31;EIF3I;RPL35A;RPS21;RPS15;RPL14;RPL26;RPL27;RPL15;RPS4Y1;RPL10A;RPL38;EIF3A;RPL36;EIF4E;RSL24D1;RPL23;EIF3H;EIF4B;EIF3L"
"Synthesis, Secretion, And Inactivation Of Glucagon-like Peptide-1 (GLP-1) R-HSA-381771",0.698602794411178,0.796939844650874,0.062249042949858,-0.277672059097961,-0.831457230022642,21,"CDX2;FFAR1;UCMA;SEC11A;GNB3"
"Fatty Acid Metabolism R-HSA-8978868",0.699724517906336,0.797439953512397,0.0782955249944794,-0.197150308276776,-0.914271469821537,171,"ELOVL5;ELOVL1;ALOX15;FA2H;MID1IP1;ACSM3;PRXL2B;GGT1;CYP4A22;PTGS2;ACADS;MECR;DBI;HACD1;CYP4F22;ALOX5AP;PON2;ACOT6;ALOX12;ELOVL7;THRSP;ACOT4;MAPKAPK2;SCD;SLC25A1;SLC27A3;ALOXE3;CBR1;ACOT2;PTGIS;HPGD;EPHX2;HAO2;PECR;ACOX2;MCAT;DPEP1;THEM4;PTGES;KRTAP11-1;CYP2C19;CYP1A2;CYP4F8;PON1;ACBD6;CYP4F2;GGT5;DPEP2;ACSL1;ACADL;ACAD10;HSD17B12;CYP8B1;MMUT;DECR2;AKR1C3;ACSM6;ABCC1;CYP4F11;NUDT7;AWAT1;MLYCD"
"Branched-chain Amino Acid Catabolism R-HSA-70895",0.702594810379242,0.798778012122867,0.0619762736001998,-0.276957001339571,-0.8293160713298,21,"MCCC1;LDHD;ACAD8;HSD17B10;HIBCH;BCKDHA;IVD"
"EGR2 And SOX10-mediated Initiation Of Schwann Cell Myelination R-HSA-9619665",0.701680672268908,0.798778012122867,0.0645031249656493,-0.258786883678361,-0.845387028371271,29,"MAG;GJB1;SOX10"
"Gene And Protein Expression By JAK-STAT Signaling After Interleukin-12 Stimulation R-HSA-8950505",0.702952029520295,0.798778012122867,0.0582216241124161,0.260351020629082,0.862003818215363,35,"PPIA;SOD1;HSPA9;HNRNPDL;STAT4;TCP1"
"ER-Phagosome Pathway R-HSA-1236974",0.705298013245033,0.799254910815082,0.0530212512043078,0.224025557423745,0.876640425127689,88,"PSMD2;NDUFA2;PSMD7;PSMC5;PSMD8;S100A1;UBB;PSMA1;PSMF1;PSMC3;PSMC1;PSMD14;PSMB3;PSMB7;PSMC4;SEC22B;SEM1;PSMB1;PSMC2;PSMA6;SEC61A2;TLR4;PSMB2;PSME3;PSMB5;PSMA4;PSMD12;PSMD6;PSMC6;S100A8;SEC14L2;PSMD5"
"Endogenous Sterols R-HSA-211976",0.705426356589147,0.799254910815082,0.0603786357920401,0.273584689427319,0.843638304291177,27,"ARNT2;CYP46A1;NCOA1;MIA3;CYP51A1;FDX2"
"Signaling By NOTCH2 R-HSA-1980145",0.704496788008565,0.799254910815082,0.0652353056017703,-0.256025928867534,-0.841945811295532,30,"DLL1;PSEN1;RBPJ;RPS27A;MAML3;JAG1;GZMB;PSENEN;MAML1;APH1B;ADAM10"
"TNF Signaling R-HSA-75893",0.706405693950178,0.79958821031994,0.0562940749700968,0.249147638704902,0.864862462689751,43,"CLIP3;MADD;UBB;USP4;RACK1;SPPL2A;TAX1BP1;MAP3K7;SMPD2;NSMAF;TAB3;TAB2;USP2"
"Deactivation Of Beta-Catenin Transactivating Complex R-HSA-3769402",0.709677419354839,0.801736252068826,0.0564118388217596,0.248812159412736,0.854408854232751,41,"UBB;KMT2D;YWHAZ;SOX9;TLE2;CTNNBIP1;CTNNB1;BTRC;CTBP1;AKT2"
"Transport Of Vitamins, Nucleosides, And Related Molecules R-HSA-425397",0.709090909090909,0.801736252068826,0.0678338263479455,-0.240940690965448,-0.868187547462233,43,"APOD;SLC35D2;SLCO1A2;SLC35B3;SLC35B2;SLCO3A1;SLCO1B3;SLC28A1;SLCO2A1;LCN1;SLCO2B1;SLC29A4;SLC35A3;LCN9;SLCO1B1;SLC28A3;LCN12;SLC27A1;SLC29A3;SLC5A6;SLC16A2;SLC35A1;SLC28A2"
"Phase II - Conjugation Of Compounds R-HSA-156580",0.710569105691057,0.801967259517856,0.0518457624865066,0.223570609840959,0.883832977958352,93,"SULT4A1;PRNP;UGP2;PODXL2;MGST3;SULT1C4;MAT2B;TPST1;GGT7;HPGDS;PAPSS1"
"Keratan Sulfate/Keratin Metabolism R-HSA-1638074",0.713221601489758,0.803480303480304,0.0579754757571486,0.259735820712708,0.845517478791465,33,"B4GAT1;CHST1;B4GALT6;B4GALT5;ST3GAL3;B4GALT3;ACAN;CHST5;HEXB;B4GALT2;CHST2;B3GNT2;OMD;GNS"
"Peroxisomal Protein Import R-HSA-9033241",0.713286713286713,0.803480303480304,0.0687943095604775,-0.224332066472771,-0.879231848737887,62,"DHRS4;PEX6;RPS27A;DAO;AGPS;ACOT4;PEX12;ACOT2;PEX10;NANOS2;BAAT;EPHX2;HAO2;PECR;ACOX2;DDO;KRTAP11-1;GLYAT;LONP2;DECR2;NUDT7;PEX2;MLYCD"
"Constitutive Signaling By NOTCH1 HD+PEST Domain Mutants R-HSA-2894862",0.715547703180212,0.805249922479564,0.0553642837725362,0.237461112304736,0.860525299723905,56,"FBXW7;SKP1;NEURL1;UBB;MIB2;KAT2A;MIB1;CCNC;JAG2;RBX1;CDK8;CREBBP;CUL1;TBL1XR1;HDAC4;HDAC3;TBL1X;HDAC5;HDAC9;NCOR1;EP300"
"IL-6-type Cytokine Receptor Ligand Interactions R-HSA-6788467",0.718367346938775,0.807644213754866,0.0619762736001998,0.30393702814446,0.821241537671352,17,"CNTFR;CCM2;IL6ST;LIFR;CRLF1"
"PI3K Cascade R-HSA-109704",0.719789842381786,0.808464625658849,0.0546808488785442,0.242960486698783,0.849024748251309,44,"PIK3R1;GRB2;PIK3R2;FGF13;IRS2;FGFR3;AKT2;PIK3R4;TRIB3;PIK3C3;PIK3CB;PIK3CA"
"Mitochondrial tRNA Aminoacylation R-HSA-379726",0.720558882235529,0.808550207277752,0.0607719451853533,0.28347335571989,0.820810910307446,21,"GARS1;PPA2;DTD1;FARS2;MARS2;KARS1;VARS2;EARS2;CARS2;TARS2"
"FOXO-mediated Transcription Of Cell Death Genes R-HSA-9614657",0.724066390041494,0.80913961550583,0.0623861492893626,0.311372042619192,0.826737792041534,16,"PINK1;STK11;NFYA;NFYC;CREBBP;FOXO3;EP300"
"FRS-mediated FGFR2 Signaling R-HSA-5654700",0.723577235772358,0.80913961550583,0.0614364107201271,-0.269335078077723,-0.831900558009891,24,"FGF1;FGF6;FGF3;FGF18;PTPN11;FGF22;FGF4;FGF5;FGF8;FGF9"
"FRS-mediated FGFR4 Signaling R-HSA-5654712",0.724550898203593,0.80913961550583,0.0605092988656667,-0.27217432619053,-0.814994897480194,21,"FGF1;FGF6;FGF18;PTPN11;FGFR4;FGF19;FGF4;FGF8;FGF9"
"Nonhomologous End-Joining (NHEJ) R-HSA-5693571",0.723255813953488,0.80913961550583,0.0679922591544058,-0.234200523090297,-0.866748291309902,48,"DCLRE1C;H2BC17;TP53BP1;PAXIP1;BARD1;H3-4;NHEJ1;H2BC4;ARTN;ATM;H2AX"
"Vpr-mediated Nuclear Import Of PICs R-HSA-180910",0.72198275862069,0.80913961550583,0.0643583367917361,-0.248425457807389,-0.84392328233457,34,"AAAS;NUP214;RNASE7;NUP35;NUP188;NUP37;NUP210"
"RUNX1 Regulates Transcription Of Genes Involved In Differentiation Of HSCs R-HSA-8939236",0.727124183006536,0.811237018708057,0.051011413203915,0.220691491963535,0.87300817849749,94,"H2AZ1;PSMD2;LDB2;PSMD7;PSMC5;PSMD8;MNAT1;UBB;PSMA1;PSMF1;PSMC3;PSMC1;PSMD14;PSMB3;PSMB7;KMT2A;H2AZ2;PSMC4;H4C15;SEM1;PSMB1;H2BC3;PSMC2;PSMA6"
"Translesion Synthesis By POLK R-HSA-5655862",0.730769230769231,0.814525016530747,0.0583452776743612,-0.29151831992676,-0.812854739493823,16,"RPS27A;MAD2L2;RFC4;RFC3"
"GPVI-mediated Activation Cascade R-HSA-114604",0.732824427480916,0.816036361517394,0.0578529757032509,0.256847861586837,0.827824396759951,32,"PIK3R1;PRKCZ;PIK3R2;GP6;VAV2;PIK3CB;RHOB;PIK3CA;VAV3"
"Nonsense Mediated Decay (NMD) Independent Of Exon Junction Complex (EJC) R-HSA-975956",0.735368956743003,0.818089201638784,0.0716527366829457,-0.208327052054274,-0.880918506174289,91,"RPL11;RPL30;RPL12;RPL21;RPS16;RPS13;RPS27A;RPS12;RPS6;RPS19;RPL19;RPL39;RPS29;RPLP2;RPS9;RPL32;RPS27;RPS7;RPS2;RPS23;RPS17;RPLP0;RPL28;RPS5;RPL3L;RPS3;RPL18A;RPL8;RPL13A;RPS10;RPL37;RPL5;RPL27A;RPS28"
"Gamma Carboxylation, Hypusine Formation And Arylsulfatase Activation R-HSA-163841",0.736559139784946,0.81863287250384,0.0546808488785442,0.244384972794938,0.839206110707211,41,"DPH1;FN3K;FURIN;TPST1;ARSB;SUMF2;GAS6;DPH7;EIF5A2;PROS1;TPST2"
"SARS-CoV-2-host Interactions R-HSA-9705683",0.744318181818182,0.826469379811435,0.0766746872490091,-0.193745518703581,-0.910825381259014,188,"IFNA14;CAV1;ATG14;AAAS;IFNA4;CRB3;HLA-C;NUP214;HLA-B;RPS16;TLR2;RNASE7;NUP35;RPS13;VPS18;RPS27A;RPS12;STING1;NUP188;RPS6;HLA-G;RPS19;GEMIN2;IL17RA;NUP37;MASP2;RPS29;IFNA8;PTPN11;NUP210;TLR1;RPS9;IL17F;IFNA2;MAVS;ISG15;HLA-A;IFNA5;PTPN6;IFNB1;RPS27;NOD1;SIKE1;SNRPG;IRF3;NUP43;B2M;RPS7;RPS2;IFNA16;RPS23;RPS17"
"Interactions Of Rev With Host Cellular Proteins R-HSA-177243",0.745098039215686,0.82654887049877,0.0633597010643758,-0.243603469088142,-0.83811602445918,36,"AAAS;NUP214;RNASE7;NUP35;NUP188;NUP37;NUP210"
"Sulfur Amino Acid Metabolism R-HSA-1614635",0.75,0.831196581196581,0.0597317976364411,-0.265441457057781,-0.819874254112581,24,"VSIG2;MPST;MAT1A;APIP;AHCY;GOLT1A;MTAP;ADO;MRI1;ADI1"
"Acyl Chain Remodelling Of PG R-HSA-1482925",0.752016129032258,0.832221545409975,0.059221919380382,-0.288034368019973,-0.821424490505595,18,"PLA2G3;PLA2R1;PLA2G5;PLA2G2A;PLA2G2D;PLA2G4F;PLA2G4D;PLA2G2F;LPCAT1"
"DNA Replication R-HSA-69306",0.752351097178683,0.832221545409975,0.0475434194201301,0.206477475413046,0.876758839757483,151,"SKP1;H2AZ1;PSMD2;PSMD7;PSMC5;PSMD8;UBB;PSMA1;ANAPC5;PSMF1;PSMC3;PSMC1;PSMD14;ANAPC16;PSMB3;PSMB7;KPNB1;UBE2D1;H2AZ2;PSMC4;KPNA1;H4C15;ANAPC11;RBX1;ANAPC15;CDC16;UBE2E1;SEM1;LRIG1;PSMB1;CUL1;H2BC3;PSMC2;PSMA6;FZR1;KPNA6;PSMB2;PSME3;SLC25A2;PSMB5;PSMA4;GINS3;RPA3"
"Regulation Of KIT Signaling R-HSA-1433559",0.753112033195021,0.832274377593361,0.0605092988656667,0.302167292231732,0.802297848918802,16,"GRB2;PRKCA;CBL"
"PIWI-interacting RNA (piRNA) Biogenesis R-HSA-5601884",0.754201680672269,0.832690029654246,0.0610363728309177,-0.250906157747239,-0.81964281992599,29,"FKBP6;TDRD9;PIWIL1;MOV10L1;PIWIL4;POLR2B;HENMT1;POLR2L;POLR2G;POLR2D"
"Antigen Presentation: Folding, Assembly, Peptide Loading Of Class I MHC R-HSA-983170",0.759259259259259,0.836513573576191,0.0597317976364411,-0.24861993467429,-0.810603042609273,28,"ATG14;HLA-C;HLA-B;HLA-G;HLA-A"
"Regulated Necrosis R-HSA-5218859",0.759815242494226,0.836513573576191,0.0652353056017703,-0.220233506050461,-0.84589893609315,55,"CASP5;TRADD;TNFRSF10A;RPS27A;IL18;IRF1;CASP4;HMGB1;BAX;CASP1;GZMB;CFLAR;CHMP6;MLKL"
"Tristetraprolin (TTP, ZFP36) Binds And Destabilizes mRNA R-HSA-450513",0.759183673469388,0.836513573576191,0.0593487680335629,0.294300451017792,0.795203389355868,17,"YWHAB;XRN1;EXOSC3;EXOSC4;TNPO1"
"Amyloid Fiber Formation R-HSA-977225",0.765202702702703,0.839529379003063,0.0501934252649434,0.223597167187475,0.852643595897088,75,"SNCA;APP;CST3;H2AZ1;SORL1;GGA2;ITM2B;UBB;FURIN;GGA3"
"Integrin Signaling R-HSA-354192",0.765432098765432,0.839529379003063,0.0593487680335629,-0.251874979596881,-0.812326214552075,27,"FN1;VWF;CSK;RAP1A;FGB;RAP1B;SYK;TLN1;RASGRP2;APBB1IP;RAPGEF3;ITGB3"
"Nuclear Signaling By ERBB4 R-HSA-1251985",0.763598326359833,0.839529379003063,0.0602484086158019,-0.238442700787774,-0.803861607966571,32,"SPARC;PSEN1;S100B;BTC;EREG;NRG1;PSENEN;PGR;APH1B"
"Response Of EIF2AK4 (GCN2) To Amino Acid Deficiency R-HSA-9633012",0.764550264550265,0.839529379003063,0.0716527366829457,-0.206749725446578,-0.875571982348331,97,"RPL11;RPL30;RPL12;RPL21;RPS16;RPS13;RPS27A;RPS12;RPS6;RPS19;RPL19;ATF3;RPL39;RPS29;RPLP2;RPS9;RPL32;RPS27;RPS7;RPS2;RPS23;RPS17;RPLP0;RPL28;RPS5;RPL3L;GCN1;RPS3;RPL18A;RPL8;RPL13A;RPS10;RPL37;RPL5;RPL27A;RPS28"
"Butyrate Response Factor 1 Binds And Destabilizes mRNA R-HSA-450385",0.771428571428571,0.845311871227364,0.0585937568945671,0.290705801999608,0.785490604095365,17,"YWHAB;AKT1;ZFP36L1;XRN1"
"SHC-mediated cascade:FGFR2 R-HSA-5654699",0.772357723577236,0.845536082002471,0.0583452776743612,-0.265173337391999,-0.800351905309438,22,"FGF1;FGF6;FGF3;FGF18"
"IRS-mediated Signaling R-HSA-112399",0.773684210526316,0.84619444581463,0.0514264916187015,0.233360437543399,0.824130787519032,47,"PIK3R1;GRB2;PIK3R2;FGF13;IRS2;FGFR3;AKT2;PIK3R4;TRIB3;PIK3C3;PIK3CB;PIK3CA"
"Ovarian Tumor Domain Proteases R-HSA-5689896",0.775925925925926,0.846576349110642,0.05378728077603,0.243650715436975,0.812004179325176,37,"OTUB1;VCP;PTEN;UBB;UBE2D1;TNIP1;OTUD5;TRAF3"
"SHC-mediated cascade:FGFR1 R-HSA-5654688",0.776209677419355,0.846576349110642,0.0577308549299813,0.274085432017313,0.778972357966286,20,"GRB2;FGF13"
"Transport Of Mature mRNA Derived From An Intronless Transcript R-HSA-159231",0.774774774774775,0.846576349110642,0.0630790410571939,-0.231108286910133,-0.823415427693841,41,"AAAS;NUP214;RNASE7;NUP35;NUP188;NUP37;NUP210"
"HDACs Deacetylate Histones R-HSA-3214815",0.777972027972028,0.847706215353274,0.051011413203915,0.226970738400407,0.825293312848927,57,"RBBP7;CHD3;H2AC21;MTA3;MTA1;SUDS3;BRMS1L;H4C15;GPS2;SAP18;SAP30;TBL1XR1;H2BC3;GATAD2B"
"Antiviral Mechanism By IFN-stimulated Genes R-HSA-1169410",0.783050847457627,0.848538619769886,0.0492917662312669,0.220931643178466,0.849244340696445,80,"EIF4A2;SGIP1;EIF4G2;MAPK3;UBB;PLCG1;EIF4G3;IFIT1;ARIH1;RANBP2;KPNB1;UBE2N;SEH1L;KPNA1;NUP98;KPNA5;EIF4E;UBE2E1;EIF2AK2"
"Cap-dependent Translation Initiation R-HSA-72737",0.781350482315113,0.848538619769886,0.0469758727821845,0.209572014107376,0.853428952715306,115,"EIF4A2;EIF3C;RPL41;EIF3K;EIF4H;EIF1AX;RPL31;EIF3I;RPL35A;RPS21;RPS15;RPL14;RPL26;RPL27;EIF5;RPL15;RPS4Y1;RPL10A;RPL38;EIF3A;RPL36;EIF4E;RSL24D1;RPL23;EIF3H;EIF4B;EIF3L;EIF2B5"
"FRS-mediated FGFR1 Signaling R-HSA-5654693",0.784552845528455,0.848538619769886,0.057609110864425,-0.263339036438187,-0.79481557847608,22,"FGF1;FGF6;FGF3;PTPN11;FGF22;FGF4;FGF5;FGF8;FGF9;KL"
"FRS-mediated FGFR3 Signaling R-HSA-5654706",0.783037475345168,0.848538619769886,0.0562940749700968,0.274193605982524,0.773364080937379,19,"GRB2;FGF13;FGFR3"
"Notch-HLH Transcription Pathway R-HSA-350054",0.779835390946502,0.848538619769886,0.0584693210386381,-0.244345501245404,-0.796666635026251,28,"RBPJ;MAML3;NOTCH3;HDAC10;MAML1;NOTCH1"
"Nucleotide Catabolism R-HSA-8956319",0.784386617100372,0.848538619769886,0.053457214108991,0.247118094769204,0.810247994254799,34,"GDA;ENTPD6;UPP1;NT5C2"
"Synthesis Of Bile Acids And Bile Salts R-HSA-192105",0.78448275862069,0.848538619769886,0.0603786357920401,-0.238966646667507,-0.811790863158993,34,"OSBPL9;CYP27A1;AKR1D1;PTGIS;BAAT;CYP7B1;ACOX2;AKR1C2;SLC27A5;ABCB11;CYP8B1;AKR1C3;AKR1C1;AMACR;SYCP2;CH25H"
"TNFR1-induced NFkappaB Signaling Pathway R-HSA-5357956",0.781376518218624,0.848538619769886,0.057609110864425,-0.248596163295401,-0.79560677007396,26,"TRADD;TNF;SHARPIN;OTUD7B"
"Eukaryotic Translation Elongation R-HSA-156842",0.788029925187032,0.851510113604877,0.0672065093710464,-0.207056068112586,-0.865705063385105,87,"RPL11;RPL30;RPL12;RPL21;RPS16;RPS13;RPS27A;RPS12;RPS6;RPS19;RPL19;EEF1D;RPL39;RPS29;RPLP2;RPS9;RPL32;RPS27;RPS7;RPS2;RPS23;RPS17;RPLP0;RPL28;RPS5;RPL3L;RPS3;RPL18A;RPL8;RPL13A;RPS10;RPL37;RPL5;RPL27A;RPS28"
"SHC-mediated cascade:FGFR4 R-HSA-5654719",0.788954635108481,0.851720683785012,0.0559428593065705,0.270147938803423,0.761953261678728,19,"GRB2;FGF13"
"ERCC6 (CSB) And EHMT2 (G9a) Positively Regulate rRNA Expression R-HSA-427389",0.797491039426523,0.859346300102265,0.051011413203915,0.236024997054906,0.81049836061046,41,"H2AZ1;RBBP7;CHD3;MTA3;MTA1;EHMT2;H2AZ2;H4C15;H2BC3;GATAD2B"
"TNFR2 Non-Canonical NF-kB Pathway R-HSA-5668541",0.797427652733119,0.859346300102265,0.0460457683018055,0.212841750198302,0.846980262627949,99,"SKP1;PSMD2;PSMD7;PSMC5;PSMD8;UBE2M;UBB;PSMA1;PSMF1;PSMC3;PSMC1;PSMD14;TNFSF12;PSMB3;PSMB7;BTRC"
"Aberrant Regulation Of Mitotic Cell Cycle Due To RB1 Defects R-HSA-9687139",0.801104972375691,0.86244419074025,0.0520570030732099,0.240947782175206,0.802145759644986,36,"CCND2;ANAPC5;ANAPC16;UBE2D1;CCND3;ANAPC11;ANAPC15;CDC16;UBE2E1"
"E2F Mediated Regulation Of DNA Replication R-HSA-113510",0.803921568627451,0.863374265288141,0.0547939500773363,0.260078452938155,0.765061919283825,22,"PPP2R1A;PPP2CA;PPP2CB"
"Nuclear Receptor Transcription Pathway R-HSA-383280",0.805357142857143,0.863374265288141,0.0503964322442957,0.224679922811674,0.806458546133352,53,"NR1D2;THRA;NR2F1;NR1D1;NR3C1;RORA;NR2F6;THRB;NR2E1"
"Transcriptional Activity Of SMAD2/SMAD3:SMAD4 Heterotrimer R-HSA-2173793",0.80565371024735,0.863374265288141,0.0498907356726307,0.225225686218024,0.801298772133813,50,"MAPK1;UBE2D3;MAPK3;UBB;FURIN;NEDD4L;SMAD4;SKIL;CCNC;UBE2D1;TRIM33;CDK9;CCNK;CDK8;SKI;CCNT1;SMAD3"
"Transcriptional Regulation Of White Adipocyte Differentiation R-HSA-381340",0.805,0.863374265288141,0.0662842187012672,-0.206615569904196,-0.855168730238032,84,"RELA;CDK19;EBF1;CD36;PLIN1;TNF;ADIRF;TGFB1;MED26;MED30;PCK1;ZNF467;HELZ2;MED27;MBD4;SLC2A4;KLF4;CDK4;CEBPD;MED11;FABP4;PPARGC1A;MED18;ADIPOQ;MED23"
"WNT Ligand Biogenesis And Trafficking R-HSA-3238698",0.805668016194332,0.863374265288141,0.0561766586307176,-0.245069188994875,-0.784319047068996,26,"WNT8A;WNT6;WNT2;WNT9B;WNT9A;WNT7B;WNT3A"
"FGFR2 Mutant Receptor Activation R-HSA-1839126",0.810752688172043,0.86802604320805,0.0587185879555941,-0.224782626084353,-0.759161204621739,33,"FGF1;FGF6;FGF3;FGF18;POLR2B;FGF22;FGF4;FGF5;POLR2L;FGF8;POLR2G;POLR2D;FGF9;GTF2F2"
"Metabolism Of Steroid Hormones R-HSA-196071",0.813653136531365,0.870332915061506,0.0514264916187015,0.236730799011748,0.783798934777466,35,"CHGA;TSPOAP1;STARD3NL;AKR1B1;STARD3;FDX2"
"Purine Catabolism R-HSA-74259",0.815352697095436,0.870554983998512,0.0567672387487446,0.286558551895804,0.760854386579261,16,"GDA;NT5C2;NT5C1A"
"Transport Of Mature mRNAs Derived From Intronless Transcripts R-HSA-159234",0.815242494226328,0.870554983998512,0.0618406035753285,-0.224862733373205,-0.801053406064654,42,"AAAS;NUP214;RNASE7;NUP35;NUP188;NUP37;NUP210"
"Interleukin-12 Signaling R-HSA-9020591",0.817863397548161,0.872437463380899,0.0487989701682839,0.227036349104412,0.793377893505989,44,"PPIA;SOD1;HSPA9;HNRNPDL;STAT4;TCP1"
"Acyl Chain Remodelling Of PS R-HSA-1482801",0.821138211382114,0.87513086089765,0.0554793308704233,-0.253616856494095,-0.765471884579313,22,"PLAAT3;PLA2R1;LPCAT3;PLA2G4E;PLA2G5;PLA2G2A;PLA2G2D;PLA2G4F"
"Regulation Of Complement Cascade R-HSA-977606",0.830626450116009,0.884435280369875,0.0611692626746689,-0.222455232444294,-0.803045556689234,44,"C1QA;C3AR1;C3;C1QC;SERPING1;C4B;C5;C8G;C1S;CFHR5;CFH;IGLL5;C5AR2;CR1;C1QB;AKR1C1;TTF2;C5AR1;C4BPA"
"Nonsense Mediated Decay (NMD) Enhanced By Exon Junction Complex (EJC) R-HSA-975957",0.8352,0.887685245901639,0.0437125833579551,0.202987751079037,0.821744925701622,111,"PPP2R1A;RPL41;NCBP2;PPP2CA;RPL31;SMG7;RPL35A;RPS21;MAGOH;RPS15;RNPS1;RPL14;RPL26;RPL27;GSPT1;SMG5;RPL15;RPS4Y1;RPL10A;SMG1;RPL38;PPP2R2A;RPL36;RSL24D1;PNRC2;RPL23"
"Regulation Of RUNX1 Expression And Activity R-HSA-8934593",0.83469387755102,0.887685245901639,0.0549073703290958,0.271508502275551,0.733619267322838,17,"CCND2;TNRC6A;TNRC6C;CCND3;AGO1"
"Signaling By Non-Receptor Tyrosine Kinases R-HSA-9006927",0.842756183745583,0.894901243340396,0.0478299633114229,0.216867369033004,0.773308298123685,51,"KHDRBS3;SYNGAP1;ARHGAP35;UBB;NR3C1;KHDRBS2;KHDRBS1;CBL;EGFR;HIF1A;NRG3;AKT1;HRAS"
"Diseases Of Mitotic Cell Cycle R-HSA-9675126",0.844444444444444,0.895878787878788,0.0498907356726307,0.233817421282766,0.781605245022599,38,"CCND2;ANAPC5;ANAPC16;UBE2D1;CCND3;ANAPC11;ANAPC15;CDC16;UBE2E1"
"Synthesis Of PA R-HSA-1483166",0.845982142857143,0.896694968859478,0.0584693210386381,-0.219939417366741,-0.774031197768599,39,"GPAT2;PLA2R1;GPAT3;PLA2G5;PLA2G2A;MIGA2;LIPH;PLA2G2D;AGPAT4;AGPAT3;PLA2G4D;PLD2;PLA2G2F;LPCAT1;PLD6;GPD1"
"TAK1-dependent IKK And NF-kappa-B Activation R-HSA-445989",0.846867749419954,0.896819113950169,0.0602484086158019,-0.218765526017534,-0.789726012262517,44,"RELA;USP18;S100B;RPS27A;HMGB1;SAA2;NFKBIB"
"Metalloprotease DUBs R-HSA-5689901",0.850840336134454,0.900209131703452,0.0553642837725362,-0.229528234608641,-0.749806904527163,29,"H2AC19;BARD1;RPS27A;H2AC6"
"Glyoxylate Metabolism And Glycine Degradation R-HSA-389661",0.857142857142857,0.904417463187807,0.0504983044100709,0.231996048276122,0.743887931802742,31,"NDUFAB1;PDHB;GOT2;PDHA1;DBT;ALDH4A1;LIAS;PDHX;GRHPR"
"SUMOylation Of Transcription Factors R-HSA-3232118",0.856565656565657,0.904417463187807,0.0532386494755899,-0.249037391406295,-0.719393112114052,19,"TP53BP1;HIC1;MITF;TFAP2C;TFAP2B;PIAS2"
"Transport Of Mature Transcript To Cytoplasm R-HSA-72202",0.857142857142857,0.904417463187807,0.0442407423477375,0.208206855397705,0.806117524431838,82,"SRSF5;NCBP2;SRSF9;WDR33;MAGOH;RNPS1;THOC7;RANBP2;FIP1L1;SEH1L;FYTTD1;SRSF6;NXF1;SRSF1;DDX39A;NUP98;U2AF1L4;EIF4E;NUP133;UPF3B;CPSF4;SLBP"
"GRB2 Events In ERBB2 Signaling R-HSA-1963640",0.858606557377049,0.905143498156293,0.05378728077603,0.268980473435954,0.703160869022754,15,"GRB2;EGFR;NRG3;HRAS;SOS1;HBEGF"
"HCMV Late Events R-HSA-9610379",0.86,0.905794223826715,0.0630790410571939,-0.196434865890937,-0.819742603520875,86,"H2AC19;H2BC17;AAAS;NUP214;RNASE7;NUP35;MVB12B;NUP188;H2AC6;NUP37;H2BC18;NUP210;H2BC4"
"Formation Of Senescence-Associated Heterochromatin Foci (SAHF) R-HSA-2559584",0.861224489795918,0.906265987007968,0.053457214108991,0.26334961452616,0.71157385363335,17,"HMGA1;H1-0;H1-2"
"Plasma Lipoprotein Assembly R-HSA-8963898",0.863070539419087,0.907390377929797,0.0541200569620232,0.272483695041559,0.723483606655994,16,"PRKCA;PRKACB;TRNP1;ZDHHC8;APOE;P4HB"
"Activation Of IRF3/IRF7 Mediated By TBK1/IKK Epsilon R-HSA-936964",0.864754098360656,0.907525209340724,0.053457214108991,0.268073736563147,0.700790504069071,15,"NDUFA2;UBB;TRAF3;TLR4;SARM1;TICAM1"
"Viral Messenger RNA Synthesis R-HSA-168325",0.86405529953917,0.907525209340724,0.0589694466690997,-0.213584176687899,-0.779230512576307,46,"AAAS;NUP214;RNASE7;NUP35;NUP188;NUP37;NUP210;POLR2B;NUP43;NUP107;POLR2L;POLR2G;POLR2D;GTF2F2;NUP54"
"Hyaluronan Metabolism R-HSA-2142845",0.869230769230769,0.911403690648974,0.0502948063662358,-0.253598610023726,-0.70712136423749,16,"CD44"
"DDX58/IFIH1-mediated Induction Of Interferon-Alpha/Beta R-HSA-168928",0.871074380165289,0.912516877605828,0.0432768714901103,0.202205516820031,0.77456028751442,74,"HSP90AB1;UBE2K;APP;UBE2D2;UBE2D3;PCBP2;UBB;NKIRAS1;HSP90AA1;ATG5;UBE2D1;TAX1BP1;ATG12;OTUD5;CREBBP;RNF216;UBE2L6;TRAF3;TOMM70"
"Formation Of Ternary Complex, And Subsequently, 43S Complex R-HSA-72695",0.876146788990826,0.917007446414613,0.0580983576873206,-0.2045155907104,-0.765846251414186,50,"RPS16;RPS13;RPS27A;RPS12;RPS6;RPS19;RPS29;RPS9;EIF3J;RPS27;EIF3F;RPS7;RPS2;RPS23;RPS17"
"Response Of EIF2AK1 (HRI) To Heme Deficiency R-HSA-9648895",0.881147540983607,0.921415036136083,0.0525898950623616,0.257996616854661,0.674447193118089,15,"ASNS;ATF5;TRIB3;ATF4;EIF2AK1"
"Glycerophospholipid Biosynthesis R-HSA-1483206",0.88301282051282,0.922538909166035,0.0412376090540065,0.190988678226214,0.78953438433623,126,"PLD3;LPCAT4;CDS2;MGLL;PITPNM2;STARD7;PITPNM3;LPIN1;PITPNM1;CDIPT;LPIN2;OSBPL10;CSNK2B;ETNPPL;OSBPL8;GPD2;CPNE6;PRKCSH;SELENOI;PCTP;LCLAT1;PISD;CHKA;PLA2G4B;GPD1L;MBOAT7;PLAAT1;PITPNB;GNPAT;PGS1;DGAT1;GPAT4;AGK;CHPT1;PCYT1B;PTDSS1;AGPAT1"
"ZBP1(DAI) Mediated Induction Of Type I IFNs R-HSA-1606322",0.884231536926148,0.92298587083436,0.051218434854034,-0.237341601600375,-0.710692286709933,21,"RELA;NFKBIB;IRF3;NFKB2;IKBKB;RIPK3;MYD88;DTX4"
"Telomere Extension By Telomerase R-HSA-171319",0.892494929006085,0.930778893789188,0.051530912208539,-0.227532855108941,-0.695828358452803,23,"TINF2;WRAP53;POT1;SHQ1"
"Glycosaminoglycan Metabolism R-HSA-1630316",0.898701298701299,0.9364146567718,0.0628003977812234,-0.181813467187176,-0.806835492087896,120,"CD44;B4GALT7;XYLT1;BGN;HSPG2;SLC35D2;CSPG4;DCN;B3GALT6;B3GNT3;CHST3;SLC35B3;SLC35B2;B3GAT3;CHST13;OGN;LYVE1;AGRN"
"IGF1R Signaling Cascade R-HSA-2428924",0.899821109123435,0.936745079702987,0.0454059226590179,0.204008393964866,0.72883374422107,52,"PIK3R1;GRB2;PIK3R2;FGF13;IRS2;FGFR3;AKT2;PIK3R4;TRIB3;PIK3C3;PIK3CB;PIK3CA"
"IRS-related Events Triggered By IGF1R R-HSA-2428928",0.901060070671378,0.937198843559268,0.044774889329693,0.205527062091638,0.732870893916079,51,"PIK3R1;GRB2;PIK3R2;FGF13;IRS2;FGFR3;AKT2;PIK3R4;TRIB3;PIK3C3;PIK3CB;PIK3CA"
"DNA Damage Bypass R-HSA-73893",0.902777777777778,0.938149302463639,0.0571258510018113,-0.201925491837172,-0.740866590178922,47,"POLD1;UFD1;RAD18;POLD2;RPS27A;MAD2L2;POLD4;RFC4;ISG15;RFC3;CUL4A;POLE2"
"NoRC Negatively Regulates rRNA Expression R-HSA-427413",0.911111111111111,0.945125925925926,0.0427591434738678,0.200587036455568,0.756613820276067,70,"H2AZ1;POLR2E;ERCC3;MNAT1;SIN3B;GTF2H1;UBTF;SUDS3;H2AZ2;POLR2F;H4C15;POLR2K;GTF2H4;SAP18;SAP30;H2BC3"
"Transcriptional Regulation By RUNX1 R-HSA-8878171",0.910631741140216,0.945125925925926,0.0380056241581377,0.184696569963971,0.810833204780744,199,"PRKCB;CBX6;SMARCA2;H2AZ1;CCND2;PSMD2;LDB2;PSMD7;PSMC5;PSMD8;MNAT1;UBB;PSMA1;KMT2D;PSMF1;SIN3B;SMARCC2;PSMC3;PSMC1;TNRC6A;PSMD14;RING1;CSNK2B;PRMT6;ARID1A;PSMB3;PSMB7;SMARCD3;KMT2A;DPY30;H2AZ2;PSMC4;TNRC6C;CCND3;H4C15;SMARCA4;SEM1;AGO1;PSMB1;CREBBP;H2BC3;PSMC2;PSMA6;KMT2B;ACTL6B"
"Metabolism Of Amino Acids And Derivatives R-HSA-71291",0.916666666666667,0.949201419698314,0.0336033244336697,0.179541333507719,0.836144492289878,361,"CHGA;CKB;OAZ1;GLUL;NDUFAB1;OAT;SARS1;SERINC1;RPL41;CKMT1A;ECHS1;OAZ2;PSMD2;PSMD7;PSMC5;PSMD8;ASNS;PDHB;RPL31;PPM1K;AZIN1;CRYM;RPL35A;SERINC3;RPS21;GOT2;PSMA1;MARS1;NAT8L;PSMF1;RIDA;PSMC3;PSMC1;RPS15;PSMD14;CDO1;PAPSS1;GSR;RPL14;ASRGL1;GLUD1;RPL26;TSTD1;RPL27;RIMKLA;KYAT3;PDHA1;SLC3A2;PSMB3;PSMB7;IARS1;RPL15;RPS4Y1;SLC6A11;DBT;PSMC4;SOAT1;PSAT1;RPL10A;TXN2;ALDH4A1;RPL38;SLC25A12;NAALAD2;LIAS;ALDH18A1;RPL36;GLS2;PDHX;SEM1;DIDO1;ALDH7A1;RSL24D1;PSMB1;RPL23;LARS1;GRHPR;PSMC2;PSMA6;PRODH;TXNRD1;ALDH6A1;BBOX1"
"Peroxisomal Lipid Metabolism R-HSA-390918",0.915966386554622,0.949201419698314,0.0519512476197082,-0.211309708427054,-0.6902918878036,29,"ACOT6;ACOT4;HAO2;PECR;ACOX2;KRTAP11-1;DECR2;NUDT7;MLYCD;AMACR;ABCD1;SYCP2"
"Cytosolic Sensors Of Pathogen-Associated DNA R-HSA-1834949",0.919720767888307,0.951519624224871,0.0432768714901103,0.197623029041718,0.729971504355803,62,"POLR2E;UBB;POLR3H;XRCC6;CRCP;NKIRAS1;CTNNB1;DHX9;DHX36;XRCC5;TRIM32;POLR2F;POLR2K;PRKDC;CREBBP"
"Signaling By Type 1 Insulin-like Growth Factor 1 Receptor (IGF1R) R-HSA-2404192",0.921428571428571,0.952442110590915,0.0442407423477375,0.197957605439341,0.710542360353507,53,"PIK3R1;GRB2;PIK3R2;FGF13;IRS2;FGFR3;AKT2;PIK3R4;TRIB3;PIK3C3;PIK3CB;PIK3CA"
"RIP-mediated NFkB Activation Via ZBP1 R-HSA-1810476",0.923828125,0.95407736449115,0.0482149710025564,-0.22567045699575,-0.636084756139488,17,"RELA"
"TP53 Regulates Transcription Of Genes Involved In Cytochrome C Release R-HSA-6803204",0.924901185770751,0.954341011312525,0.048701086452153,-0.227676599277038,-0.671990398820402,20,"BAX;TP53AIP1;ATM;TP53INP1;PMAIP1;STEAP3;TP73;PRELID3A"
"Caspase Activation Via Death Receptors In Presence Of Ligand R-HSA-140534",0.928015564202335,0.956708624932972,0.0478299633114229,-0.233532628868842,-0.63856456633387,15,"TRADD;TNFRSF10A"
"Interleukin-12 Family Signaling R-HSA-447115",0.930973451327434,0.958910871755618,0.0433636987883266,0.19605139331657,0.707471978738659,54,"PPIA;SOD1;HSPA9;CANX;HNRNPDL;STAT4;TCP1"
"Translesion Synthesis By POLH R-HSA-110320",0.936758893280632,0.964019072714725,0.0481183992657975,0.225854793217011,0.629491482988525,18,"VCP;UBB;RCHY1"
"Senescence-Associated Secretory Phenotype (SASP) R-HSA-2559582",0.938775510204082,0.965243189786928,0.0411544018789903,0.191279081430947,0.730784209806831,77,"MAPK1;H2AZ1;MAPK3;UBB;ANAPC5;ANAPC16;EHMT2;UBE2D1;JUN;H2AZ2;CXCL8;H4C15;ANAPC11;ANAPC15;CDC16;UBE2E1;H2BC3"
"Transcriptional Regulation By E2F6 R-HSA-8953750",0.942271880819367,0.967985286017783,0.0451344222209097,0.203482090096647,0.66239482611848,33,"RBBP7;CBX5;EHMT2;RING1;PCGF2;EED;L3MBTL2;MAX;RYBP"
"Influenza Infection R-HSA-168255",0.944794952681388,0.969723579401213,0.0373806494758473,0.181954774209683,0.774636475959162,155,"CLTC;RPL41;CLTA;POLR2E;RAN;SLC25A6;IPO5;RPL31;RPL35A;RPS21;POLR2A;PABPN1;RPS15;RPL14;CANX;RANBP2;RPL26;RPL27;HSP90AA1;KPNB1;RPL15;SEH1L;RPS4Y1;BLOC1S6;POLR2F;KPNA1;RPL10A;RPL38;POLR2K;NUP98;KPNA5;RPL36;EIF2AK2;RSL24D1;RPL23"
"Antigen processing-Cross Presentation R-HSA-1236975",0.949468085106383,0.973663668997495,0.0613026075396207,-0.180264525030461,-0.773565394766956,103,"NCF1;FCGR1A;CYBA;HLA-C;CD36;HLA-B;STX4;TLR2;RPS27A;VAMP3;HLA-G;PSME1;HMGB1;TLR1;ITGB5;FGB;HLA-A;TIRAP"
"Synthesis Of PC R-HSA-1483191",0.960905349794239,0.98452725479357,0.0487989701682839,-0.19886716828328,-0.641369834625083,27,"SLC44A1;PEMT;SLC44A2;SLC44A4;PHOSPHO1;MFSD2A;SLC44A5"
"Dual Incision In GG-NER R-HSA-5696400",0.965703971119134,0.985119348160864,0.0425877779273254,0.183928516141708,0.621802312127875,39,"ERCC3;CUL4B;UBB;DDB1;GTF2H1"
"Interleukin-6 Family Signaling R-HSA-6783589",0.964705882352941,0.985119348160864,0.0464154956843849,0.190334734971714,0.571001079743267,24,"CNTFR;CCM2;CBL;IL6ST"
"Striated Muscle Contraction R-HSA-390522",0.964618249534451,0.985119348160864,0.0440640346597561,0.196743393000011,0.640458359427622,33,"TMOD2;TPM3;TPM1;TMOD1;TNNT1"
"Vitamin B5 (Pantothenate) Metabolism R-HSA-199220",0.96530612244898,0.985119348160864,0.0482149710025564,0.213561937205349,0.577046945445666,17,"FASN;AASDHPPT;PANK4;SLC25A16;PPCS;PDZD11"
"rRNA Processing R-HSA-72312",0.963687150837989,0.985119348160864,0.0629394692018967,-0.167123450099969,-0.789857697310956,197,"RPL11;FCF1;RPP25;RPL30;RPL12;RPL21;RPS16;EXOSC6;RIOK3;RPS13;RPS27A;DHX37;MRM1;C1D;RPS12;RPS6;RPS19;RPL19;RPL39;RPS29;RPLP2;RPS9;HSD17B10;RPL32;BMS1;RPS27;RIOK2;EXOSC5;RRP36;TRMT10C;NOC4L;RPS7;RPS2;DCAF13;RPS23;RPS17;RPLP0;NOP14;UTP20;RPL28;RPS5;RPL3L;RPS3;RIOK1;WDR43;EXOSC2;RPL18A;RPP38;RPL8;PES1;RPL13A;PRORP;RPS10;RPL37;MRM3;LTV1;RRP7A;RPL5;RPL27A;EXOSC9;RPS28"
"SRP-dependent Cotranslational Protein Targeting To Membrane R-HSA-1799339",0.966929133858268,0.985507684901833,0.0362254755857254,0.177526118039739,0.716110227738468,106,"SRP14;RPL41;RPL31;RPL35A;RPS21;SPCS1;SRPRB;RPN1;RPS15;SRP68;RPL14;RPL26;RPL27;RPL15;SSR3;RPS4Y1;RPL10A;RPL38;SSR1;RPL36;SPCS3;SSR2;SRPRA;SPCS2;RSL24D1;RPL23"
"Biosynthesis Of N-glycan Precursor (Dolichol LLO) And Transfer To Protein R-HSA-446193",0.969594594594595,0.985856492166204,0.0393561959521291,0.180783477797943,0.689382054912966,75,"ST6GALNAC6;CTSA;PMM1;MVD;ST8SIA1;EGFL7;CMAS;ST8SIA5;GNPNAT1;ST8SIA3;ST6GAL2;UAP1;ST3GAL3;GFPT1;ST3GAL5;ALG13"
"Estrogen-dependent Gene Expression R-HSA-9018519",0.97172236503856,0.985856492166204,0.0585937568945671,-0.167077867425312,-0.736198054121132,116,"H2AC19;GATA3;H2AJ;DAND5;H2BC17;H2AB1;CTSD;CBFB;MYC;ZNF217;KDM1A;H2AC6;TGFA;H2BC4;SMC1A;AGO3;TFF1;KDM4B;H2AX;POLR2B;MBD4;AXIN1;H2BC21;FOXA1;PGR;KCTD6;FOSB;RUNX1;KANK1;H3-3B;POLR2L;POLR2G;POLR2D;GTF2F2;MOV10;CXCL12"
"Formation Of A Pool Of Free 40S Subunits R-HSA-72689",0.973544973544973,0.985856492166204,0.0598603117764473,-0.173722920340202,-0.735705556140703,97,"RPL11;RPL30;RPL12;RPL21;RPS16;RPS13;RPS27A;RPS12;RPS6;RPS19;RPL19;RPL39;RPS29;RPLP2;RPS9;RPL32;EIF3J;RPS27;EIF3F;RPS7;RPS2;RPS23;RPS17;RPLP0;RPL28;RPS5;RPL3L;RPS3;RPL18A;RPL8;RPL13A;RPS10;RPL37;RPL5;RPL27A;RPS28;EIF3B"
"Major Pathway Of rRNA Processing In Nucleolus And Cytosol R-HSA-6791226",0.974431818181818,0.985856492166204,0.0632191170859458,-0.163515396301179,-0.758297809855648,177,"RPL11;FCF1;RPP25;RPL30;RPL12;RPL21;RPS16;EXOSC6;RIOK3;RPS13;RPS27A;DHX37;C1D;RPS12;RPS6;RPS19;RPL19;RPL39;RPS29;RPLP2;RPS9;RPL32;BMS1;RPS27;RIOK2;EXOSC5;RRP36;NOC4L;RPS7;RPS2;DCAF13;RPS23;RPS17;RPLP0;NOP14;UTP20;RPL28;RPS5;RPL3L;RPS3;RIOK1;WDR43;EXOSC2;RPL18A;RPP38;RPL8;PES1;RPL13A;RPS10;RPL37;LTV1;RRP7A;RPL5;RPL27A;EXOSC9;RPS28"
"Negative Epigenetic Regulation Of rRNA Expression R-HSA-5250941",0.97319932998325,0.985856492166204,0.0387962208304479,0.177212199055553,0.674532353592658,73,"H2AZ1;POLR2E;ERCC3;MNAT1;SIN3B;GTF2H1;UBTF;SUDS3;H2AZ2;POLR2F;H4C15;POLR2K;GTF2H4;SAP18;SAP30;H2BC3"
"PERK Regulates Gene Expression R-HSA-381042",0.973282442748092,0.985856492166204,0.044774889329693,0.188079867869318,0.606184151971108,32,"ASNS;HSPA5;NFYA;CXCL8;PARN;NFYC;ATF4"
"Regulation Of TP53 Activity Thru Methylation R-HSA-6804760",0.970355731225296,0.985856492166204,0.0465084048719156,0.210498397225114,0.586690883768964,18,"UBB;EHMT2;SMYD2"
"Regulation Of TP53 Activity Thru Phosphorylation R-HSA-6804756",0.974874371859296,0.985856492166204,0.0573667426768556,-0.169962873840222,-0.710497295935378,88,"HIPK2;TPX2;TAF2;BLM;BARD1;RPS27A;AURKA;RMI2;PLK3;ARTN;TAF7L;RFC4;ATM;TAF1;TP53INP1"
"TRP Channels R-HSA-3295583",0.970414201183432,0.985856492166204,0.0464154956843849,0.186641430416863,0.561275479231394,25,"TRPM2;TRPC5;TRPM3;TRPV1"
"DNA Repair R-HSA-73894",0.980519480519481,0.9889941519155,0.0694481442003175,-0.16019186099292,-0.790636486085213,300,"H2AC19;TIPIN;POLD1;H2AJ;SIRT6;DCLRE1C;H2BC17;TP53BP1;FANCC;BLM;PAXIP1;BARD1;EME1;FANCE;UFD1;RAD51;TINF2;RAD18;H3-4;H2AB1;POLD2;RPS27A;MAD2L2;RNF4;ADPRS;FANCF;EME2;FAAP24;MCRS1;RMI2;H2AC6;NHEJ1;POT1;H2BC4;FANCL;TDG;ARTN;POLD4;RFC4;ISG15;FAAP20;ATM;ABL1;DDB2;XAB2;ELL;KDM4B;EYA4;H2AX;ASCC3"
"Diseases Associated With N-glycosylation Of Proteins R-HSA-3781860",0.980237154150198,0.9889941519155,0.0460457683018055,0.199248753572397,0.555336424715102,18,"CTSA;EGFL7;MAN1B1;ALG13;DPAGT1"
"NOD1/2 Signaling Pathway R-HSA-168638",0.97951582867784,0.9889941519155,0.0433636987883266,0.175790189735149,0.572249440270848,33,"AAMP;UBE2V1;UBE2N;MAPK11;MAP3K7;TAB3;TAB2;MAPK13;IRAK1"
"Activated TAK1 Mediates P38 MAPK Activation R-HSA-450302",0.986193293885602,0.99385800860492,0.0456790414930062,0.190915049582798,0.538476604254314,19,"UBE2V1;UBE2N;MAPK11;MAP3K7;TAB3;TAB2;IRAK1;MAPK14"
"ATF4 Activates Genes In Response To Endoplasmic Reticulum Stress R-HSA-380994",0.994186046511628,0.994475138121547,0.0445070537769277,0.165731767812653,0.511058085367711,27,"ASNS;NFYA;CXCL8;PARN;NFYC;ATF4"
"Defects In Vitamin And Cofactor Metabolism R-HSA-3296482",0.994011976047904,0.994475138121547,0.0458620343117985,0.162796587475999,0.471385449337117,21,"ACACA;LMBRD1;CD320;MTRR"
"HDMs Demethylate Histones R-HSA-3214842",0.989878542510121,0.994475138121547,0.0466948041282054,-0.170733840462345,-0.546416314523556,26,"KDM1A;UTY;JMJD6;KDM4B;KDM2B;KDM4A"
"KSRP (KHSRP) Binds And Destabilizes mRNA R-HSA-450604",0.991836734693878,0.994475138121547,0.0469758727821845,0.183909813584559,0.496926547657264,17,"YWHAZ;MAPK11;PARN;AKT1;MAPK14;EXOSC3;EXOSC4"
"NR1H2 And NR1H3-mediated Signaling R-HSA-9024446",0.993006993006993,0.994475138121547,0.0530212512043078,-0.158346477073331,-0.571450806505685,45,"APOD;PLIN1;KDM1A;SCD;AGO3;ABCG1;PCK1"
"NR1H3 And NR1H2 Regulate Gene Expression Linked To Cholesterol Transport And Efflux R-HSA-9029569",0.994475138121547,0.994475138121547,0.0421619430092452,0.146659189811704,0.488247063983695,36,"NCOA1;TNRC6A;TNRC6C;GPS2;APOE;AGO1;TBL1XR1;ARL4C;HDAC3;TBL1X;KDM3A;NCOR1;EP300"
"Nucleotide-binding Domain, Leucine Rich Repeat Containing NLR Signaling Pathways R-HSA-168643",0.991071428571429,0.994475138121547,0.0409055783172035,0.154785622868185,0.555582300449927,53,"HSP90AB1;APP;AAMP;UBE2V1;UBE2N;MAPK11;TXN2;MAP3K7;TAB3;TAB2;AIM2;MAPK13;IRAK1;SUGT1"
"rRNA Modification In Nucleus And Cytosol R-HSA-6790901",0.990632318501171,0.994475138121547,0.053347785067549,-0.163167420434613,-0.632542841550396,59,"FCF1;DHX37;RPS6;RPS9;BMS1;RRP36;NOC4L;RPS7;RPS2;DCAF13;NOP14;UTP20;WDR43;RRP7A;WDR75;TBL3;EMG1;BUD23;MPHOSPH10;RCL1;UTP25;NOL6;RRP9;HEATR1;UTP11;IMP4;DIMT1"
"rRNA Processing In Nucleus And Cytosol R-HSA-8868773",0.994334277620397,0.994475138121547,0.0621124188949471,-0.152953744073043,-0.718783026168281,187,"RPL11;FCF1;RPP25;RPL30;RPL12;RPL21;RPS16;EXOSC6;RIOK3;RPS13;RPS27A;DHX37;C1D;RPS12;RPS6;RPS19;RPL19;RPL39;RPS29;RPLP2;RPS9;RPL32;BMS1;RPS27;RIOK2;EXOSC5;RRP36;NOC4L;RPS7;RPS2;DCAF13;RPS23;RPS17;RPLP0;NOP14;UTP20;RPL28;RPS5;RPL3L;RPS3;RIOK1;WDR43;EXOSC2;RPL18A;RPP38;RPL8;PES1;RPL13A;RPS10;RPL37;LTV1;RRP7A;RPL5;RPL27A;EXOSC9;RPS28"
