"pathway","pval","padj","log2err","ES","NES","size","leadingEdge"
"L13a-mediated Translational Silencing Of Ceruloplasmin Expression R-HSA-156827",3.60307515230889e-45,3.86970271357975e-42,1.75065026404932,-0.703271236943378,-4.93346756848898,107,"RPL23;EIF4H;RPL18;RPL36;RPL27;EIF3C;FAU;RPLP2;RPLP1;RPS12;EIF3K;RSL24D1;EIF3A;RPS15;RPL15;RPS14;RPS3;PABPC1;EIF1AX;EIF4A2;RPS6;RPS17;RPS16;RPL35A;RPL9;RPS20;RPL38;RPL29;RPL28;EIF4A1;RPS19;RPLP0;RPS21;RPS25;RPS29;RPL19;EIF4B;RPL8;RPS7;RPS9;RPL41;RPL31;RPL26;RPL39;EIF3G;RPL37;RPS8;UBA52;RPS5;RPL37A;RPL5;RPS13;RPL27A;RPL18A;RPS23;RPL30;RPS27;RPS27A;EIF4G1;RPS11;RPL4;RPL22;RPL14;RPL34;RPS2;RPS4Y1;EIF3J;RPL7A"
"SRP-dependent Cotranslational Protein Targeting To Membrane R-HSA-1799339",4.33104578805734e-43,2.32577158818679e-40,1.70874828719195,-0.691403732842022,-4.94547719621229,106,"RPL23;RPL18;RPL36;RPL27;SRP14;FAU;RPLP2;RPLP1;RPS12;RSL24D1;RPS15;RPL15;RPS14;SPCS1;RPS3;RPS6;RPS17;RPS16;RPL35A;RPL9;RPS20;RPL38;RPL29;RPL28;RPS19;SEC61G;RPLP0;RPS21;RPS25;RPS29;RPL19;RPL8;RPS7;RPS9;SSR4;RPL41;RPL31;RPL26;RPL39;RPL37;RPS8;UBA52;RPS5;RPL37A;SSR1;RPL5;RPS13;RPL27A;DDOST;RPL18A;RPS23;RPL30;RPS27;RPS27A;RPS11;RPL4;RPL22;RPL14;RPL34;SPCS3;RPS2;RPS4Y1;RPL7A;RPN1;RPL11"
"Formation Of A Pool Of Free 40S Subunits R-HSA-72689",1.28362373106505e-42,4.59537295721288e-40,1.7026781142338,-0.716896073353462,-5.19908566226175,97,"RPL23;RPL18;RPL36;RPL27;EIF3C;FAU;RPLP2;RPLP1;RPS12;EIF3K;RSL24D1;EIF3A;RPS15;RPL15;RPS14;RPS3;EIF1AX;RPS6;RPS17;RPS16;RPL35A;RPL9;RPS20;RPL38;RPL29;RPL28;RPS19;RPLP0;RPS21;RPS25;RPS29;RPL19;RPL8;RPS7;RPS9;RPL41;RPL31;RPL26;RPL39;EIF3G;RPL37;RPS8;UBA52;RPS5;RPL37A;RPL5;RPS13;RPL27A;RPL18A;RPS23;RPL30;RPS27;RPS27A;RPS11;RPL4;RPL22;RPL14;RPL34;RPS2;RPS4Y1;EIF3J;RPL7A"
"Eukaryotic Translation Elongation R-HSA-156842",2.93920091319452e-41,7.89175445192729e-39,1.67199671627594,-0.739083907941793,-5.33248960063735,87,"RPL23;RPL18;RPL36;RPL27;FAU;RPLP2;RPLP1;RPS12;RSL24D1;RPS15;RPL15;RPS14;RPS3;RPS6;RPS17;RPS16;EEF1B2;EEF1D;RPL35A;RPL9;EEF1A2;RPS20;RPL38;RPL29;RPL28;RPS19;RPLP0;RPS21;RPS25;RPS29;RPL19;RPL8;RPS7;RPS9;RPL41;RPL31;RPL26;RPL39;RPL37;RPS8;UBA52;RPS5;RPL37A;RPL5;RPS13;RPL27A;RPL18A;RPS23;RPL30;RPS27;RPS27A;RPS11;RPL4;RPL22;RPL14;RPL34;RPS2;RPS4Y1;RPL7A;RPL11"
"Nonsense Mediated Decay (NMD) Independent Of Exon Junction Complex (EJC) R-HSA-975956",1.22435580455237e-38,2.62991626817849e-36,1.61530228892975,-0.704013045176185,-5.03990594089586,91,"RPL23;RPL18;RPL36;RPL27;FAU;RPLP2;RPLP1;RPS12;RSL24D1;RPS15;RPL15;RPS14;RPS3;PABPC1;RPS6;RPS17;RPS16;RPL35A;RPL9;RPS20;RPL38;RPL29;RPL28;RPS19;RPLP0;RPS21;RPS25;RPS29;RPL19;RPL8;RPS7;RPS9;RPL41;NCBP2;RPL31;RPL26;RPL39;RPL37;RPS8;UBA52;RPS5;RPL37A;RPL5;RPS13;RPL27A;RPL18A;RPS23;RPL30;RPS27;RPS27A;EIF4G1;RPS11;RPL4;RPL22;RPL14;RPL34;RPS2;RPS4Y1;RPL7A;RPL11"
"Nonsense Mediated Decay (NMD) Enhanced By Exon Junction Complex (EJC) R-HSA-975957",6.31511699157764e-38,1.1304059414924e-35,1.60243114923556,-0.631113291613283,-4.57688933869134,111,"RPL23;RPL18;PPP2CA;RPL36;RPL27;FAU;RPLP2;RPLP1;RPS12;RSL24D1;RPS15;RPL15;RPS14;RPS3;PABPC1;RPS6;RPS17;RPS16;RPL35A;RPL9;RPS20;RPL38;RPL29;RPL28;RPS19;RPLP0;RPS21;RPS25;RPS29;RPL19;RPL8;RPS7;RPS9;RPL41;NCBP2;RPL31;RPL26;RPL39;RPL37;PPP2R1A;RBM8A;RPS8;UBA52;RPS5;RPL37A;RPL5;RPS13;RPL27A;RPL18A;RPS23;RPL30;RPS27;RPS27A;EIF4G1;RPS11;RPL4;RPL22;RPL14;RPL34;RPS2;RPS4Y1;RPL7A;MAGOH;RPL11"
"Peptide Chain Elongation R-HSA-156902",1.48324653224971e-37,2.27572396519455e-35,1.5959566534683,-0.73105571422943,-5.2309360530382,83,"RPL23;RPL18;RPL36;RPL27;FAU;RPLP2;RPLP1;RPS12;RSL24D1;RPS15;RPL15;RPS14;RPS3;RPS6;RPS17;RPS16;RPL35A;RPL9;RPS20;RPL38;RPL29;RPL28;RPS19;RPLP0;RPS21;RPS25;RPS29;RPL19;RPL8;RPS7;RPS9;RPL41;RPL31;RPL26;RPL39;RPL37;RPS8;UBA52;RPS5;RPL37A;RPL5;RPS13;RPL27A;RPL18A;RPS23;RPL30;RPS27;RPS27A;RPS11;RPL4;RPL22;RPL14;RPL34;RPS2;RPS4Y1;RPL7A;RPL11"
"Eukaryotic Translation Termination R-HSA-72764",7.17751993165071e-35,8.56517378510318e-33,1.53645895003215,-0.678705862012526,-4.99895932018185,89,"RPL23;RPL18;RPL36;RPL27;FAU;RPLP2;RPLP1;RPS12;RSL24D1;RPS15;RPL15;RPS14;RPS3;RPS6;RPS17;RPS16;RPL35A;RPL9;RPS20;RPL38;RPL29;RPL28;RPS19;RPLP0;RPS21;RPS25;RPS29;RPL19;RPL8;RPS7;RPS9;RPL41;RPL31;RPL26;RPL39;RPL37;RPS8;UBA52;RPS5;RPL37A;RPL5;RPS13;RPL27A;RPL18A;RPS23;RPL30;RPS27;RPS27A;RPS11;RPL4;RPL22;RPL14;RPL34;RPS2;RPS4Y1;RPL7A;RPL11"
"Respiratory Electron Transport, ATP Synthesis By Chemiosmotic Coupling, Heat Production By Uncoupling Proteins R-HSA-163200",7.09345309228554e-35,8.56517378510318e-33,1.53645895003215,-0.60697186557765,-4.4018135846047,111,"COX8A;COX6C;ATP5MC2;ATP5F1B;ATP5F1A;ATP5MC3;UQCRB;NDUFA1;UQCRC1;NDUFB8;COX4I1;NDUFS5;NDUFA13;COX5B;COX6B1;ATP5ME;UQCRQ;NDUFV2;TMEM126B;COX6A1;ATP5F1D;NDUFB2;ATP5PO;NDUFAB1;ACAD9;NDUFB6;UQCR11;UQCRC2;SDHB;ATP5PF;COX7C;CCNI;NDUFV1;NDUFA10;NDUFS4;NDUFB10;NDUFB4;ATP5MC1;ATP5PB;ATP5MF;COX7B;CYCS;NDUFA2;COA1;NDUFS2;SDHA;NDUFAF3;ATP5F1C;NDUFS6;TRAP1;NDUFA12;COX14;NDUFA11;NDUFB3;NDUFA5;NDUFS8;UQCR10"
"Viral mRNA Translation R-HSA-192823",6.43382454614135e-34,6.90992756255581e-32,1.51610760180865,-0.669000064536452,-4.92747196539616,89,"RPL23;RPL18;RPL36;RPL27;FAU;RPLP2;RPLP1;RPS12;RSL24D1;RPS15;RPL15;RPS14;RPS3;RPS6;RPS17;RPS16;RPL35A;RPL9;RPS20;RPL38;RPL29;RPL28;RPS19;RPLP0;RPS21;RPS25;RPS29;RPL19;RPL8;RPS7;RPS9;RPL41;RPL31;RPL26;RPL39;RPL37;RPS8;UBA52;RPS5;RPL37A;RPL5;RPS13;RPL27A;RPL18A;RPS23;RPL30;RPS27;RPS27A;RPS11;RPL4;RPL22;RPL14;RPL34;RPS2;RPS4Y1;RPL7A;RPL11"
"Selenocysteine Synthesis R-HSA-2408557",7.10884510312419e-34,6.94081785523216e-32,1.51610760180865,-0.668720577825726,-4.92541342608532,89,"RPL23;RPL18;RPL36;RPL27;FAU;RPLP2;RPLP1;SARS1;RPS12;RSL24D1;RPS15;RPL15;RPS14;RPS3;RPS6;RPS17;RPS16;RPL35A;RPL9;RPS20;RPL38;RPL29;RPL28;RPS19;RPLP0;RPS21;RPS25;RPS29;RPL19;RPL8;RPS7;RPS9;RPL41;RPL31;RPL26;RPL39;RPL37;RPS8;UBA52;RPS5;RPL37A;RPL5;RPS13;RPL27A;RPL18A;RPS23;RPL30;RPS27;RPS27A;RPS11;RPL4;RPL22;RPL14;RPL34;RPS2;RPS4Y1;RPL7A"
"Response Of EIF2AK4 (GCN2) To Amino Acid Deficiency R-HSA-9633012",9.60119772724821e-33,8.59307196588715e-31,1.48853970961455,-0.630006404237314,-4.56894295442506,97,"RPL23;RPL18;RPL36;RPL27;FAU;RPLP2;RPLP1;RPS12;RSL24D1;RPS15;RPL15;RPS14;RPS3;RPS6;RPS17;RPS16;RPL35A;RPL9;RPS20;RPL38;RPL29;RPL28;RPS19;RPLP0;RPS21;RPS25;RPS29;RPL19;RPL8;RPS7;RPS9;RPL41;RPL31;RPL26;RPL39;RPL37;RPS8;UBA52;RPS5;RPL37A;RPL5;RPS13;RPL27A;RPL18A;RPS23;RPL30;RPS27;RPS27A;ASNS;RPS11;RPL4;RPL22;RPL14;RPL34;RPS2;RPS4Y1;RPL7A;ATF4;RPL11"
"Respiratory Electron Transport R-HSA-611105",2.0626927159462e-27,1.70410152071248e-25,1.3575740855908,-0.602605454635922,-4.43844723089936,89,"COX8A;COX6C;UQCRB;NDUFA1;UQCRC1;NDUFB8;COX4I1;NDUFS5;NDUFA13;COX5B;COX6B1;UQCRQ;NDUFV2;TMEM126B;COX6A1;NDUFB2;NDUFAB1;ACAD9;NDUFB6;UQCR11;UQCRC2;SDHB;COX7C;CCNI;NDUFV1;NDUFA10;NDUFS4;NDUFB10;NDUFB4;COX7B;CYCS;NDUFA2;COA1;NDUFS2;SDHA;NDUFAF3;NDUFS6;TRAP1;NDUFA12;COX14;NDUFA11;NDUFB3;NDUFA5;NDUFS8;UQCR10;COX16;UQCRFS1;NDUFB1;NDUFC1;NDUFS7"
"Translation Initiation Complex Formation R-HSA-72649",1.51413603319904e-26,1.16155864261126e-24,1.33449749081658,-0.736030561496566,-5.01782902054737,57,"EIF4H;EIF3C;FAU;RPS12;EIF3K;EIF3A;RPS15;RPS14;RPS3;PABPC1;EIF1AX;EIF4A2;RPS6;RPS17;RPS16;RPS20;EIF4A1;RPS19;RPS21;RPS25;RPS29;EIF4B;RPS7;RPS9;EIF3G;RPS8;RPS5;RPS13;RPS23;RPS27;RPS27A;EIF4G1;RPS11;RPS2;RPS4Y1;EIF3J"
"Selenoamino Acid Metabolism R-HSA-2408522",1.81567273418045e-26,1.3000216776732e-24,1.33449749081658,-0.525793539982617,-3.83236136762587,112,"RPL23;RPL18;RPL36;RPL27;FAU;RPLP2;RPLP1;SARS1;RPS12;RSL24D1;RPS15;RPL15;RPS14;RPS3;RPS6;RPS17;RPS16;RPL35A;RPL9;PAPSS1;RPS20;RPL38;RPL29;RPL28;RPS19;RPLP0;RPS21;RPS25;RPS29;RPL19;RPL8;RPS7;RPS9;RPL41;RPL31;RPL26;RPL39;RPL37;RPS8;UBA52;RPS5;RPL37A;RPL5;RPS13;RPL27A;RPL18A;RPS23;RPL30;RPS27;RPS27A;RPS11;RPL4;RPL22;RPL14;RPL34;RPS2;RPS4Y1;RPL7A;RPL11;TXNRD1"
"mRNA Activation Upon Binding Of Cap-Binding Complex And eIFs, Subsequent Binding To 43S R-HSA-72662",2.00938453041023e-26,1.34879936603787e-24,1.33449749081658,-0.720645290085344,-4.94740323478845,58,"EIF4H;EIF3C;FAU;RPS12;EIF3K;EIF3A;RPS15;RPS14;RPS3;PABPC1;EIF1AX;EIF4A2;RPS6;RPS17;RPS16;RPS20;EIF4A1;RPS19;RPS21;RPS25;RPS29;EIF4B;RPS7;RPS9;EIF3G;RPS8;RPS5;RPS13;RPS23;RPS27;RPS27A;EIF4G1;RPS11;RPS2;RPS4Y1;EIF3J"
"Ribosomal Scanning And Start Codon Recognition R-HSA-72702",4.93029238859657e-26,3.11478472079571e-24,1.32671609800481,-0.728541598896703,-4.96677362171857,57,"EIF4H;EIF3C;FAU;RPS12;EIF3K;EIF3A;RPS15;RPS14;RPS3;EIF1AX;EIF4A2;RPS6;RPS17;RPS16;RPS20;EIF4A1;RPS19;RPS21;RPS25;RPS29;EIF4B;RPS7;RPS9;EIF3G;RPS8;RPS5;RPS13;RPS23;RPS27;RPS27A;EIF4G1;RPS11;RPS2;RPS4Y1;EIF3J"
"Olfactory Signaling Pathway R-HSA-381753",7.5444391284239e-22,4.50151534662626e-20,1.21254456769062,0.422051876994353,2.12886225330215,381,"OR9A2;OR10Z1;OR2L5;OR4D11;OR13F1;OR7G2;OR9G9;OR3A1;OR5H15;OR2T5;OR56A1;OR4K15;OR4D2;OR1L8;OR2G6;OR13D1;OR1J1;OR5D14;OR2T1;OR52H1;OR4D5;OR4C3;RTP1;OR5B17;OR6C6;OR14K1;OR8H3;OR4C45;OR1L1;OR1I1;OR2C3;OR5B12;OR9Q2;OR8H2;OR8J3;OR2D3;OR6P1;OR8I2;OR5H2;OR3A2;OR11H1;OR52K1;OR2A5;OR5J2;OR4D10;OR5B21;OR2A7;OR2J2;OR11L1;OR13C5;OR1A2;OR2L13;OR4F17;OR51E1;OR51G2;OR5D18;OR6V1;OR10A4;OR1K1;OR4C15;OR51F2;GNG13;OR6B3;OR8G1;OR2M5;OR6X1;OR4C11;OR5B2;OR11A1;OR2AJ1;OR5A2;OR6Q1;OR2T34;OR4F6;OR2T27;OR51F1;OR5AN1;OR2M2;OR10Q1;OR6C65;OR52A5;OR10G2;OR2T10;OR6C3;OR5M8;OR10X1;OR5K4;OR4E2;OR52N2;OR4K14;OR7G1;OR2S2;OR8J1;OR1G1;OR4N2;OR2G2;OR7D2;OR4D1;OR6C76;OR52W1;OR52I2;OR1F1;OR4E1;OR10K2;CNGA4;OR5AL1;OR10H5;OR4C6;OR6C75;OR5AS1;OR6C74;OR5H14;OR8B4;OR2W3;OR12D3;OR5A1;OR6N2;OR1N1;OR4K13;OR2W1;OR10T2;OR6J1;OR2A4;OR2AK2;OR13G1;OR5T2;OR10AC1;OR52R1;OR5T1;OR6T1;OR6C68;OR2AG2;OR8D2;OR8D1;OR52N5;OR52D1;RTP2;OR51I1;OR2J1;OR5AU1;OR6S1;OR52L1;OR5P3;OR52E6;OR2AP1;OR2T3;OR2D2;OR5B3;OR4F21;OR5M3;OR13J1;OR7G3;OR51L1;OR4A15;OR52E5;OR14A2;OR7E24;OR4L1;OR5D13;OR2B6;OR4C5;OR5D16;OR51B2;OR52N1;OR5AC2;OR10H2;OR1D2;OR52E2;OR5K3;OR51M1;OR51D1;OR11H4;OR2AE1;OR10G4;OR2L8;OR8U1;OR2L2;OR5AP2;OR4P4;OR8B2;OR2T6;OR10V1;OR14J1;OR13C4;OR9I1;OR8U3;OR10J4;OR52E8;OR51A2;OR1M1;OR8S1;OR51Q1;OR2F2;OR1D5;OR52A1;OR1L4;OR1S2;OR6N1;OR1C1;OR5T3;OR10H3;OR52B2;OR4K2;OR10G6;OR51I2;OR4D9;OR4K1;OR7A5;OR1B1;OR13C2;OR52E4;OR2K2;OR7C2;OR51B4;OR2B2;OR56A3;OR1E1;OR2A1;OR8K3;OR2C1;OR4K5;OR56B4;OR2J3;OR2V2;OR5AR1;OR6M1;OR5H1;OR51B5;OR10A5;OR5M10;OR4N4;OR8B12;OR11H7;OR10G7;OR6K2;OR1J2;OR2A14;OR5M1;CNGA2;OR4K3;OR56B1;OR14A16;OR5W2;OR10W1;OR6F1;OR1J4;OR4D6;OR52I1;OR10J1;OR5AK2;OR13A1;GNAL;OR7C1;OR10H1;OR5V1;OR5K2;OR13C8;OR52B6;OR6B2;OR6C1"
"Expression And Translocation Of Olfactory Receptors R-HSA-9752946",2.39986009750848e-21,1.35655249722322e-19,1.19534448258848,0.425100891766861,2.14211423871649,373,"OR9A2;OR10Z1;OR2L5;OR4D11;OR13F1;OR7G2;OR9G9;OR3A1;OR5H15;OR2T5;OR56A1;OR4K15;OR4D2;OR1L8;OR2G6;OR13D1;OR1J1;OR5D14;OR2T1;OR52H1;OR4D5;OR4C3;RTP1;OR5B17;OR6C6;OR14K1;OR8H3;OR4C45;OR1L1;OR1I1;OR2C3;OR5B12;OR9Q2;OR8H2;OR8J3;OR2D3;OR6P1;OR8I2;OR5H2;OR3A2;OR11H1;OR52K1;OR2A5;OR5J2;OR4D10;OR5B21;OR2A7;OR2J2;OR11L1;OR13C5;OR1A2;OR2L13;OR4F17;OR51E1;OR51G2;OR5D18;OR6V1;OR10A4;OR1K1;OR4C15;OR51F2;OR6B3;OR8G1;OR2M5;OR6X1;OR4C11;OR5B2;OR11A1;OR2AJ1;OR5A2;OR6Q1;OR2T34;OR4F6;OR2T27;OR51F1;OR5AN1;OR2M2;OR10Q1;OR6C65;OR52A5;OR10G2;OR2T10;OR6C3;OR5M8;OR10X1;OR5K4;OR4E2;OR52N2;OR4K14;OR7G1;OR2S2;OR8J1;OR1G1;OR4N2;OR2G2;OR7D2;OR4D1;OR6C76;OR52W1;OR52I2;OR1F1;OR4E1;OR10K2;OR5AL1;OR10H5;OR4C6;OR6C75;OR5AS1;OR6C74;OR5H14;OR8B4;OR2W3;OR12D3;OR5A1;OR6N2;OR1N1;OR4K13;OR2W1;OR10T2;OR6J1;OR2A4;OR2AK2;OR13G1;OR5T2;OR10AC1;OR52R1;OR5T1;OR6T1;OR6C68;OR2AG2;OR8D2;OR8D1;OR52N5;OR52D1;RTP2;OR51I1;OR2J1;OR5AU1;OR6S1;OR52L1;OR5P3;OR52E6;OR2AP1;OR2T3;OR2D2;OR5B3;OR4F21;OR5M3;OR13J1;OR7G3;OR51L1;OR4A15;OR52E5;OR14A2;OR7E24;OR4L1;OR5D13;OR2B6;OR4C5;OR5D16;OR51B2;OR52N1;OR5AC2;OR10H2;OR1D2;OR52E2;OR5K3;OR51M1;OR51D1;OR11H4;OR2AE1;OR10G4;OR2L8;OR8U1;OR2L2;OR5AP2;OR4P4;OR8B2;OR2T6;OR10V1;OR14J1;OR13C4;OR9I1;OR8U3;OR10J4;OR52E8;OR51A2;OR1M1;OR8S1;OR51Q1;OR2F2;OR1D5;OR52A1;OR1L4;OR1S2;OR6N1;OR1C1;OR5T3;OR10H3;OR52B2;OR4K2;OR10G6;OR51I2;OR4D9;OR4K1;OR7A5;OR1B1;OR13C2;OR52E4;OR2K2;OR7C2;OR51B4;OR2B2;OR56A3;OR1E1;OR2A1;OR8K3;OR2C1;OR4K5;OR56B4;OR2J3;OR2V2;OR5AR1;OR6M1;OR5H1;OR51B5;OR10A5;OR5M10;OR4N4;OR8B12;OR11H7;OR10G7;OR6K2;OR1J2;OR2A14;OR5M1;OR4K3;OR56B1;OR14A16;OR5W2;OR10W1;OR6F1;OR1J4;OR4D6;OR52I1;OR10J1;OR5AK2;OR13A1;OR7C1;OR10H1;OR5V1;OR5K2;OR13C8;OR52B6;OR6B2;OR6C1"
"Formation Of Ternary Complex, And Subsequently, 43S Complex R-HSA-72695",5.86142883843869e-21,3.14758728624157e-19,1.18665095279281,-0.710078593460668,-4.565583339555,50,"EIF3C;FAU;RPS12;EIF3K;EIF3A;RPS15;RPS14;RPS3;EIF1AX;RPS6;RPS17;RPS16;RPS20;RPS19;RPS21;RPS25;RPS29;RPS7;RPS9;EIF3G;RPS8;RPS5;RPS13;RPS23;RPS27;RPS27A;RPS11;RPS2;RPS4Y1;EIF3J"
"SARS-CoV-2 Modulates Host Translation Machinery R-HSA-9754678",1.53698435952484e-15,7.86057715299847e-14,1.01754479730988,-0.626328574710179,-4.00435217550073,47,"SNRPD3;FAU;RPS12;RPS15;RPS14;RPS3;RPS6;RPS17;RPS16;RPS20;RPS19;RPS21;RPS25;RPS29;RPS7;RPS9;RPS8;RPS5;RPS13;RPS23;RPS27;RPS27A;RPS11;RPS2;RPS4Y1;SNRPD2"
"Complex I Biogenesis R-HSA-6799198",8.22964900283552e-15,4.01756501320243e-13,0.986546283587582,-0.583844512727866,-3.7442339107627,51,"NDUFA1;NDUFB8;NDUFS5;NDUFA13;NDUFV2;TMEM126B;NDUFB2;NDUFAB1;ACAD9;NDUFB6;NDUFV1;NDUFA10;NDUFS4;NDUFB10;NDUFB4;NDUFA2;COA1;NDUFS2;NDUFAF3;NDUFS6;NDUFA12;NDUFA11;NDUFB3;NDUFA5;NDUFS8;NDUFB1;NDUFC1;NDUFS7"
"L1CAM Interactions R-HSA-373760",1.16027274359014e-12,5.41796924615572e-11,0.910119734774459,-0.380228814191819,-2.7420245253148,99,"NCAM1;DPYSL2;CLTC;CLTA;CNTN1;AP2M1;KCNQ3;DNM1;SPTAN1;GAP43;CHL1;DNM2;SCN8A;NRCAM;AP2A1;ITGAV;RNASE1;NFASC;CNTNAP1;HSPA8;MAP2K1;DLG1;SPTBN2;AP2B1;AP2S1;ANK3;LLGL1;ALCAM;CSNK2B;RANBP9;MAPK1;SHTN1;SCN1B;L1CAM;MAPK3;SPTBN4;SCN2A;SPTBN1;DNM3"
"Cristae Formation R-HSA-8949613",1.78194015278467e-11,7.97418218371139e-10,0.863415391606693,-0.678995448129141,-3.76914201978739,29,"ATP5MC2;ATP5F1B;ATP5F1A;ATP5MC3;ATP5ME;ATP5F1D;ATP5PO;ATP5PF;HSPA9;ATP5MC1;ATP5PB;ATP5MF"
"Prefoldin Mediated Transfer Of Substrate To CCT/TriC R-HSA-389957",2.45551359917563e-10,1.05488864220585e-08,0.814035837847908,-0.669727123103906,-3.69309894753889,26,"TUBA1C;TUBB4B;TUBB4A;TUBB2B;PFDN2;TUBA4A;TUBB2A;PFDN5;VBP1;CCT2;TUBA3D;CCT7;PFDN6"
"TP53 Regulates Metabolic Genes R-HSA-5628897",3.57843719902558e-10,1.47816982759749e-08,0.814035837847908,-0.384623848113453,-2.70338380054395,81,"COX8A;YWHAE;COX6C;PRDX1;COX4I1;PRDX2;PRDX5;COX5B;COX6B1;COX6A1;YWHAH;YWHAQ;COX7C;YWHAG;YWHAB;RRAGA;COX7B;CYCS"
"Formation Of ATP By Chemiosmotic Coupling R-HSA-163210",6.68241260633159e-10,2.65811523674079e-08,0.801215574617779,-0.831096382641109,-3.6580160755362,16,"ATP5MC2;ATP5F1B;ATP5F1A;ATP5MC3;ATP5ME;ATP5F1D;ATP5PO;ATP5PF;ATP5MC1;ATP5PB;ATP5MF;ATP5F1C"
"Integration Of Energy Metabolism R-HSA-163685",8.45961241857676e-10,3.13297370260395e-08,0.801215574617779,-0.325378947691956,-2.37180195644651,105,"GNAS;VAMP2;SNAP25;PPP2CA;GNAI1;STXBP1;PRKAR1A;GNAI2;MARCKS;AHCYL1;PPP2CB;PRKACB;TALDO1;GNG7;ACACA;GNB1;ACSL3;KCNC2;PLCB1;FASN;PRKAR1B;GNAQ;ADCY1;STX1A;PPP2R1A;PPP2R5D;SYT5;PRKAR2B;GNB2;ACSL4;RAPGEF4;GNG2"
"Iron Uptake And Transport R-HSA-917937",8.19322764409901e-10,3.13297370260395e-08,0.801215574617779,-0.446677670020204,-3.04518900804952,57,"ATP6AP1;SLC22A17;ATP6V0C;ATP6V0A1;ATP6V1B2;SKP1;ATP6V0E2;ATP6V1F;NEDD8;ATP6V0B;ATP6V1E1;FTH1;ATP6V0D1;ATP6V1A;TF;ATP6V1G2;SLC11A2;ATP6V1H;FBXL5;UBA52;ATP6V1G1;RPS27A;CUL1;TFRC"
"MHC Class II Antigen Presentation R-HSA-2132295",9.9658472301453e-10,3.56777330839202e-08,0.788186810800237,-0.342473319353993,-2.40048225651928,101,"DYNC1H1;CTSB;RAB7A;CLTC;CLTA;KIF5C;CD74;CANX;OSBPL1A;KLC1;AP2M1;HLA-DRB1;DNM1;ACTR10;DNM2;DYNC1I2;CTSF;AP2A1;SPTBN2;DYNLL1;DYNC1LI2;AP2B1;DCTN1;AP2S1;DYNLL2;KIF5A;CAPZB;DCTN3;HLA-DQB2;HLA-DRA;LGMN;CTSA;DNM3;KIF3A;ACTR1B"
"Macroautophagy R-HSA-1632852",1.15295689683807e-09,3.99443776517448e-08,0.788186810800237,-0.315531171396769,-2.29981804565855,112,"GABARAPL2;DYNC1H1;SQSTM1;TOMM7;GABARAP;GABARAPL1;VCP;WIPI1;TOMM20;PINK1;ULK1;DYNC1I2;RRAGA;HSP90AA1;PARK7;MAP1LC3A;HSPA8;DYNLL1;DYNC1LI2;VDAC1;DYNLL2;ATG9A;ATG12;CHMP4B;UBA52;WIPI2;ATG13;CSNK2B;TOMM5;RPS27A;LAMTOR1"
"Opioid Signaling R-HSA-111885",2.24003256339311e-09,7.51810929088812e-08,0.774939030136436,-0.351313049234199,-2.55645960302547,88,"PDE4C;PPP2CA;GNAI1;PRKAR1A;GNAI2;PPP3R1;AHCYL1;PPP2CB;PRKACB;CALM1;GNG7;CAMK2D;GNB1;PLCB1;CAMKK2;CAMK2G;PRKAR1B;GNAQ;PDE4D;ADCY1;PPP3CB;PPP2R1A;PPP2R5D;PRKAR2B;CAMK4;GNB2;GRK2;MAPK1;CAMK2A;GNG2"
"Post NMDA Receptor Activation Events R-HSA-438064",2.38162763835083e-09,7.75111540481452e-08,0.774939030136436,-0.428655678852635,-2.93189724052825,61,"GRIA2;PRKAR1A;PRKACB;MAPT;CALM1;NRGN;CAMK2D;GIT1;RASGRF2;RNASE1;CAMKK2;DLG1;CAMK2G;PRKAR1B;ADCY1;RASGRF1;GRIN2B;LLGL1;GRIA1;PRKAR2B;CAMK4;MAPK1;CAMK2A;MAPK3;NEFL;PRKCA;CAMK2B;GPRIN1;GRIN2A"
"Negative Regulation Of NOTCH4 Signaling R-HSA-9604323",4.11803768497711e-09,1.30081543343101e-07,0.761460801445585,-0.451521850336514,-2.96197344463821,52,"PSMB7;SKP1;PSMC5;FBXW7;RBX1;PSMD8;PSMB6;PSMA1;SEM1;PSMD14;PSMD7;PSMD2;UBA52;PSMD3;RPS27A;CUL1;YWHAZ;PSMB1;PSMC4;PSMD4;PSMB5;PSME1;PSMC1;PSMB2"
"Nuclear Events Mediated By NFE2L2 R-HSA-9759194",5.01649349995126e-09,1.53934686255647e-07,0.761460801445585,-0.372485638531208,-2.67341575419594,76,"PRDX1;PSMB7;SKP1;SQSTM1;PSMC5;RBX1;TALDO1;PSMD8;PSMB6;PSMA1;GCLC;SEM1;GSK3B;PSMD14;PSMD7;PSMD2;UBA52;PSMD3;RPS27A;CUL1;ATF4;PSMB1;PSMC4;TXNRD1;PSMD4;PSMB5;PSME1;EP300;PSMC1;PSMB2"
"EPH-Ephrin Signaling R-HSA-2682334",6.58447764681246e-09,1.96436916463238e-07,0.761460801445585,-0.349328640399765,-2.52040576464998,87,"MYL12B;CLTC;CLTA;CLTB;AP2M1;ARPC5;DNM1;RHOA;ARPC2;PSENEN;WASL;ACTR3;MYL6;ACTR2;GIT1;NGEF;CDC42;AP2A1;RNASE1;AP2B1;EPHA4;AP2S1;GRIN2B;ARPC1A;FYN;MYH10"
"GSK3B And BTRC:CUL1-mediated-degradation Of NFE2L2 R-HSA-9762114",8.74524134755059e-09,2.50029279298e-07,0.747739663149885,-0.463533700693742,-2.98037676490926,50,"PSMB7;SKP1;PSMC5;RBX1;PSMD8;PSMB6;PSMA1;SEM1;GSK3B;PSMD14;PSMD7;PSMD2;UBA52;PSMD3;RPS27A;CUL1;PSMB1;PSMC4;PSMD4;PSMB5;PSME1;PSMC1;PSMB2"
"Keratinization R-HSA-6805567",9.26281216661117e-09,2.50029279298e-07,0.747739663149885,0.394941440376693,1.92328626078677,192,"KRTAP15-1;KRTAP10-6;SPINK9;KRTAP4-4;SPRR2B;KRTAP1-4;KRTAP20-1;SPRR2A;KLK13;KRT24;PERP;KRTAP13-1;SPRR2E;LIPM;KRT72;KRT16;PI3;KRTAP25-1;KRTAP9-1;KRTAP12-4;KRTAP9-6;KRTAP21-1;KRT19;KRTAP3-2;CSTA;KRTAP13-3;KRT84;KRT31;LORICRIN;DSC3;CDSN;KRTAP26-1;KRT23;LCE3D;KRTAP6-3;KRT86;TGM1;KRTAP13-4;KRT2;KRTAP19-4;KRT4;KRT10;KRTAP9-4;KRT34;KRT27;KRTAP6-1;SPINK6;KRTAP5-4;KRT5;KRTAP3-1;KRTAP1-5;KRT32;DSG2;KRTAP23-1;KRT17;LCE1A;KRTAP5-10;CELA2A;KRTAP5-2;LCE1F;LCE5A;KRTAP21-3;KRTAP10-7;KRT83;RPTN;KRT18;LCE2A;KRT14;KRT8;DSPP;KRT3;PPL;KRT6A;KRT80;KRT26;KRTAP4-2;KRTAP8-1;SPRR2F;KRTAP12-1;LCE3B;KRT9;KRTAP22-1;KRTAP10-8;KRTAP29-1;KRTAP10-2;TCHH;KRTAP13-2;SPRR2G;KRTAP4-1;KRT25;KRTAP12-3;SPINK5;KRTAP19-2;KLK5;KRT20;KRT76;KRTAP10-4;KRTAP10-11;CASP14;SPRR1B;KRTAP10-1;KRT36;KRTAP4-3;LCE3E;KRTAP17-1;KRTAP20-2;LIPN;TGM5;EVPL;PKP1;PRSS8;KRTAP5-11;DSG1;KRT39;KRT81;KRTAP1-3;KRTAP3-3;KRT1;KRTAP9-3;KRT75;LIPK;KLK12;KRTAP19-5;FLG;LIPJ;SPRR3;LCE1D;KRT38;KRT82;KRTAP19-8;KRT40;KRTAP12-2;KRT7;KRTAP24-1;KRTAP1-1;KRT33B;LCE2D;KRTAP5-7;KRTAP9-2;KRTAP5-1;KRT73;LCE3C;PKP3;LCE2C;LELP1;KRTAP21-2;DSG3"
"RHO GTPases Activate WASPs And WAVEs R-HSA-5663213",9.3120774412663e-09,2.50029279298e-07,0.747739663149885,-0.538299160569755,-3.14958723771593,33,"GRB2;ABI2;ARPC5;ARPC2;WASL;ACTR3;ACTR2;CDC42;RNASE1;CYFIP2;ARPC1A;MAPK1;MAPK3;WASF1"
"Selective Autophagy R-HSA-9663891",9.18737095091201e-09,2.50029279298e-07,0.747739663149885,-0.402111265797773,-2.77505926086671,60,"DYNC1H1;SQSTM1;TOMM7;VCP;TOMM20;PINK1;ULK1;DYNC1I2;HSP90AA1;PARK7;MAP1LC3A;HSPA8;DYNLL1;DYNC1LI2;VDAC1;DYNLL2;ATG12;UBA52;CSNK2B;TOMM5;RPS27A"
"Signaling By ALK Fusions And Activated Point Mutants R-HSA-9725370",1.95679476825708e-08,5.12584775880026e-07,0.73376198835648,-0.422718222268287,-2.85628801154794,55,"GRB2;PIK3R1;CLTC;SKP1;SQSTM1;PRKAR1A;KLC1;TPM3;RBX1;RPS6;PPM1B;DCTN1;NPM1;STAT3;MAPK1;CUL1;MAPK3;MECP2"
"Cooperation Of Prefoldin And TriC/CCT In Actin And Tubulin Folding R-HSA-389958",2.21164317623235e-08,5.52396458435707e-07,0.73376198835648,-0.564783948521165,-3.21747935295998,30,"TUBA1C;TUBB4B;TUBB4A;TUBB2B;PFDN2;TUBA4A;TUBB2A;PFDN5;VBP1;CCT2;TUBA3D;CCT7;PFDN6"
"Regulation Of Insulin Secretion R-HSA-422356",2.17090557922279e-08,5.52396458435707e-07,0.73376198835648,-0.345291757972563,-2.41284077058554,77,"GNAS;VAMP2;SNAP25;GNAI1;STXBP1;PRKAR1A;GNAI2;MARCKS;AHCYL1;PRKACB;GNG7;GNB1;ACSL3;KCNC2;PLCB1;PRKAR1B;GNAQ;STX1A;SYT5;PRKAR2B;GNB2;ACSL4;RAPGEF4;GNG2"
"GLI3 Is Processed To GLI3R By Proteasome R-HSA-5610785",2.38863481908244e-08,5.83044044476033e-07,0.73376198835648,-0.404227578689583,-2.77511954620935,58,"PSMB7;SKP1;PSMC5;RBX1;PRKACB;PSMD8;PSMB6;PSMA1;SEM1;GSK3B;PSMD14;PSMD7;PSMD2;UBA52;PSMD3;RPS27A;CUL1;PSMB1;PSMC4;PSMD4;PRKCA;PSMB5;PSME1;PSMC1;PSMB2"
"Degradation Of GLI2 By Proteasome R-HSA-5610783",3.52064953575644e-08,8.40261689200537e-07,0.719512826338911,-0.400396095309577,-2.74881549131706,58,"PSMB7;SKP1;PSMC5;RBX1;PRKACB;PSMD8;PSMB6;PSMA1;SEM1;GSK3B;PSMD14;PSMD7;PSMD2;UBA52;PSMD3;RPS27A;CUL1;PSMB1;PSMC4;PSMD4;PRKCA;PSMB5;PSME1;PSMC1;PSMB2"
"DARPP-32 Events R-HSA-180024",4.54273272467773e-08,1.06062933615302e-06,0.719512826338911,-0.620857164014544,-3.28911512725846,24,"PDE4C;PPP2CA;PRKAR1A;PPP3R1;PPP2CB;PRKACB;CALM1;PRKAR1B;PDE4D;PPP3CB;PPP2R1A;PPP2R5D;PRKAR2B"
"AUF1 (hnRNP D0) Binds And Destabilizes mRNA R-HSA-450408",4.92163757945253e-08,1.12464654475149e-06,0.719512826338911,-0.40888000014416,-2.65007882106504,53,"PSMB7;HNRNPD;PSMC5;PABPC1;PSMD8;PSMB6;HSPA8;PSMA1;SEM1;PSMD14;PSMD7;PSMD2;UBA52;PSMD3;RPS27A;EIF4G1;PSMB1;PSMC4;PSMD4;PSMB5;PSME1;PSMC1;PSMB2"
"Protein Folding R-HSA-391251",5.10516183480934e-08,1.14227996053859e-06,0.719512826338911,-0.311231942389543,-2.2280549006774,91,"TUBA1C;TUBB4B;TUBB4A;TUBB2B;ARL2;FBXW7;PFDN2;TUBA4A;TBCA;TUBB2A;PFDN5;GNG7;GNB1;VBP1;USP11;TBCB;GNAQ;STAT3;CCT2;FBXL5;TUBA3D;CSNK2B;CCT7;PFDN6;GNB2;GNG2;FBXW4;GNG3;FBXL3;CCT3"
"Glutamate Binding, Activation Of AMPA Receptors And Synaptic Plasticity R-HSA-399721",5.95215061274544e-08,1.28460873815748e-06,0.719512826338911,-0.544584063741916,-3.17956771854729,31,"TSPAN7;GRIA2;AP2M1;CAMK2D;PRKCB;AP2A1;DLG1;CAMK2G;NSF;AP2B1;EPB41L1;AP2S1;LLGL1;GRIA1;CAMK2A;PRKCA;CAMK2B"
"HSP90 Chaperone Cycle For Steroid Hormone Receptors (SHR) In Presence Of Ligand R-HSA-3371497",5.98048760780949e-08,1.28460873815748e-06,0.704975715167238,-0.467805119291348,-2.89855072263388,38,"DYNC1H1;HSP90AB1;DNAJA2;ACTR10;DYNC1I2;HSP90AA1;HSPA2;HSPA8;DYNLL1;DYNC1LI2;DCTN1;DYNLL2;STIP1;CAPZB;DCTN3"
"Degradation Of GLI1 By Proteasome R-HSA-5610780",1.03508826154354e-07,2.17977410372111e-06,0.704975715167238,-0.388843342033186,-2.6695030615868,58,"PSMB7;SKP1;PSMC5;RBX1;PRKACB;PSMD8;PSMB6;PSMA1;SEM1;PSMD14;PSMD7;PSMD2;UBA52;PSMD3;RPS27A;CUL1;PSMB1;PSMC4;PSMD4;PRKCA;PSMB5;PSME1;PSMC1;PSMB2"
"Degradation Of Beta-Catenin By Destruction Complex R-HSA-195253",1.94269494142682e-07,4.01241224440847e-06,0.690132458796796,-0.32370206348322,-2.31619117580118,83,"PSMB7;SKP1;PPP2CA;PSMC5;PPP2CB;RBX1;TLE5;PSMD8;PSMB6;TLE4;PSMA1;SEM1;GSK3B;PSMD14;PSMD7;PPP2R1A;PSMD2;PPP2R5D;PPP2R5B;UBA52;PSMD3;CTNNB1;RPS27A;CUL1;PSMB1;PSMC4;PSMD4;PSMB5"
"Activation Of NMDA Receptors And Postsynaptic Events R-HSA-442755",2.09830987758924e-07,4.25204680854876e-06,0.690132458796796,-0.332276359325614,-2.31591917129183,74,"GRIA2;PRKAR1A;PRKACB;MAPT;CALM1;NRGN;CAMK2D;GIT1;RASGRF2;RNASE1;CAMKK2;DLG1;CAMK2G;PRKAR1B;ADCY1;RASGRF1;GRIN2B;LLGL1;GRIA1;PRKAR2B;CAMK4;MAPK1;CAMK2A;MAPK3;NEFL"
"RAF Activation R-HSA-5673000",2.22522240042437e-07,4.42572010751069e-06,0.690132458796796,-0.5211264305091,-3.04260973841821,31,"PPP1CB;PPP2CA;PPP2CB;CALM1;YWHAB;CAMK2D;PPP1CC;MAP2K1;CAMK2G;PPP2R1A;PPP2R5D;PPP2R5B;CAMK2A;CAMK2B;MAP2K2"
"Uptake And Actions Of Bacterial Toxins R-HSA-5339562",2.30200174471851e-07,4.4951815887776e-06,0.690132458796796,-0.545792924356543,-3.06511494199453,28,"VAMP2;HSP90AB1;SNAP25;SYT1;CALM1;MAP2K7;SV2B;HSP90AA1;STX1B;MAP2K4;MAP2K1;CD9;STX1A;VAMP1"
"KEAP1-NFE2L2 Pathway R-HSA-9755511",2.50420022628624e-07,4.80269829112753e-06,0.674962860011025,-0.293760464123172,-2.13978044144843,98,"PRDX1;PSMB7;SKP1;SQSTM1;VCP;PSMC5;RBX1;TALDO1;PSMD8;PSMB6;PSMA1;GCLC;SEM1;GSK3B;PSMD14;PSMD7;PSMD2;UBA52;CSNK2B;PSMD3;RPS27A;CUL1;ATF4;PSMB1;PSMC4;TXNRD1;PSMD4;PSMB5;PSME1;EP300;PSMC1;PSMB2"
"Downstream Signaling Events Of B Cell Receptor (BCR) R-HSA-1168372",3.64599917749525e-07,6.86983002917526e-06,0.674962860011025,-0.318204494015318,-2.2455244007357,78,"PPIA;PSMB7;SKP1;PSMC5;PPP3R1;CALM1;PSMD8;PSMB6;FBXW11;PRKCB;PSMA1;SEM1;PSMD14;PPP3CB;PSMD7;PSMD2;UBA52;PSMD3;RPS27A;CUL1;PSMB1;PSMC4;FKBP1A;PSMD4;PSMB5;PSME1;MAP3K7;PSMC1;PSMB2"
"PINK1-PRKN Mediated Mitophagy R-HSA-5205685",4.56386060606389e-07,8.45101084640107e-06,0.674962860011025,-0.604855916234889,-3.00042233409487,21,"SQSTM1;TOMM7;TOMM20;PINK1;MAP1LC3A;VDAC1;ATG12;UBA52;TOMM5;RPS27A"
"PCP/CE Pathway R-HSA-4086400",4.77143748218339e-07,8.54087309310826e-06,0.659444398037935,-0.313510934467655,-2.26198105488522,87,"PSMB7;CLTC;CLTA;CLTB;AP2M1;PSMC5;RHOA;PFN1;PSMD8;PSMB6;PRKCB;AP2A1;RNASE1;PSMA1;SEM1;AP2B1;AP2S1;PSMD14;PSMD7;PSMD2;UBA52;PSMD3;RPS27A;PSMB1;PSMC4;PSMD4;PRKCA;PSMB5"
"Recycling Pathway Of L1 R-HSA-437239",4.74027690295255e-07,8.54087309310826e-06,0.674962860011025,-0.5333221022287,-2.99508013293563,28,"DPYSL2;CLTC;CLTA;AP2M1;DNM1;DNM2;AP2A1;AP2B1;AP2S1;MAPK1;SHTN1;L1CAM;DNM3"
"NIK To Noncanonical NF-kB Signaling R-HSA-5676590",7.13475342108631e-07,1.25618445479454e-05,0.659444398037935,-0.368604561072217,-2.51293188137939,57,"PSMB7;SKP1;PSMC5;PSMD8;PSMB6;FBXW11;PSMA1;SEM1;PSMD14;PSMD7;PSMD2;UBA52;PSMD3;RPS27A;CUL1;PSMB1;UBA3;PSMC4;PSMD4;PSMB5;PSME1;PSMC1;PSMB2"
"Serotonin Neurotransmitter Release Cycle R-HSA-181429",8.36117771621292e-07,1.44837175277624e-05,0.659444398037935,-0.651239982089602,-3.07432982832902,18,"VAMP2;SNAP25;RAB3A;STXBP1;SYN1;TSPOAP1;SYT1;SYN2;STX1A;PPFIA2;CPLX1"
"FBXL7 Down-Regulates AURKA During Mitotic Entry And In Early Mitosis R-HSA-8854050",9.21383178960069e-07,1.54619614719237e-05,0.659444398037935,-0.375344387873775,-2.4327240573254,53,"PSMB7;SKP1;PSMC5;RBX1;PSMD8;PSMB6;PSMA1;SEM1;PSMD14;PSMD7;PSMD2;UBA52;PSMD3;RPS27A;CUL1;PSMB1;PSMC4;PSMD4;PSMB5;PSME1;PSMC1;PSMB2"
"Glutamate Neurotransmitter Release Cycle R-HSA-210500",9.17181159471904e-07,1.54619614719237e-05,0.659444398037935,-0.572586223528758,-2.96089069781733,23,"VAMP2;SNAP25;RAB3A;STXBP1;ARL6IP5;TSPOAP1;SYT1;SLC1A3;STX1A;SLC17A7;PPFIA2;CPLX1"
"Fcgamma Receptor (FCGR) Dependent Phagocytosis R-HSA-2029480",1.04561809723869e-06,1.69154292381613e-05,0.643551836150722,-0.302124944206367,-2.12585952682066,82,"GRB2;PIK3R1;HSP90AB1;PLD3;ABI2;ARPC5;ARPC2;AHCYL1;WASL;ACTR3;ACTR2;CDC42;HSP90AA1;RNASE1;CYFIP2;MYO5A;ARPC1A;FYN;MAPK1;MAPK3;WASF1"
"Mitophagy R-HSA-5205647",1.05524558562087e-06,1.69154292381613e-05,0.643551836150722,-0.527565877485777,-2.92689751487006,27,"SQSTM1;TOMM7;TOMM20;PINK1;ULK1;MAP1LC3A;VDAC1;ATG12;UBA52;CSNK2B;TOMM5;RPS27A"
"Transferrin Endocytosis And Recycling R-HSA-917977",1.04368890560596e-06,1.69154292381613e-05,0.643551836150722,-0.499645300980624,-2.91719162475294,31,"ATP6AP1;ATP6V0C;ATP6V0A1;ATP6V1B2;ATP6V0E2;ATP6V1F;ATP6V0B;ATP6V1E1;ATP6V0D1;ATP6V1A;TF;ATP6V1G2;ATP6V1H;ATP6V1G1;TFRC"
"Autodegradation Of Cdh1 By Cdh1:APC/C R-HSA-174084",1.39591375068118e-06,2.14173052604512e-05,0.643551836150722,-0.3399037030686,-2.38131915754165,62,"PSMB7;PSMC5;PSMD8;PSMB6;PSMA1;SEM1;ANAPC11;PSMD14;PSMD7;PSMD2;UBA52;UBE2E1;PSMD3;RPS27A;PSMB1;PSMC4;PSMD4;PSMB5;ANAPC5;PSME1;PSMC1;PSMB2;PSMC6;PSMA5;PSMF1;CDC16;PSMC3;PSMD10;FZR1;PSMA2;PSMB3;PSMC2;UBE2S;PSMA4;PSMA3;PSME3;CDC27;ANAPC7;PSMA7;ANAPC15;UBB;PSMD11;PSMD12;UBE2D1;ANAPC16;CDC26;PSMD6;PSMB10;ANAPC10;ANAPC4;PSMD13;PSMB4;PSME2"
"Insulin Receptor Recycling R-HSA-77387",1.37950031401752e-06,2.14173052604512e-05,0.643551836150722,-0.535765451680553,-2.95438956773768,26,"ATP6AP1;ATP6V0C;ATP6V0A1;ATP6V1B2;ATP6V0E2;ATP6V1F;ATP6V0B;ATP6V1E1;ATP6V0D1;ATP6V1A;ATP6V1G2;ATP6V1H;ATP6V1G1"
"Semaphorin Interactions R-HSA-373755",1.39039705664498e-06,2.14173052604512e-05,0.643551836150722,-0.342194796585928,-2.31551602678833,63,"MYL12B;DPYSL2;HSP90AB1;RHOA;SEMA4D;MYL6;CRMP1;HSP90AA1;RNASE1;GSK3B;PLXNB1;FYN;MYH10;CDK5R1;RHOB;SEMA6A;PLXNB3;RND1;MYH9;PLXNA1"
"Chaperonin-mediated Protein Folding R-HSA-390466",1.61907577491248e-06,2.44913715810705e-05,0.643551836150722,-0.29511946950293,-2.16034431542413,85,"TUBA1C;TUBB4B;TUBB4A;TUBB2B;FBXW7;PFDN2;TUBA4A;TUBB2A;PFDN5;GNG7;GNB1;VBP1;USP11;GNAQ;STAT3;CCT2;FBXL5;TUBA3D;CSNK2B;CCT7;PFDN6;GNB2;GNG2;FBXW4;GNG3;FBXL3;CCT3"
"COPI-independent Golgi-to-ER Retrograde Traffic R-HSA-6811436",1.88564838493767e-06,2.81275884086536e-05,0.643551836150722,-0.451506115487083,-2.68265764873581,34,"DYNC1H1;PAFAH1B2;ACTR10;DYNC1I2;RAB6B;DYNLL1;DYNC1LI2;DCTN1;DYNLL2;CAPZB;PAFAH1B1;DCTN3;BICD1;RAB6A"
"GABA Synthesis, Release, Reuptake And Degradation R-HSA-888590",2.08786884103716e-06,3.07174128119714e-05,0.627256739718528,-0.601434165113216,-2.89281113919111,19,"VAMP2;SNAP25;RAB3A;STXBP1;SYT1;HSPA8;DNAJC5;STX1A;CPLX1"
"Dopamine Neurotransmitter Release Cycle R-HSA-212676",2.12046365517659e-06,3.07753779143198e-05,0.627256739718528,-0.556420200587442,-2.8772948567357,23,"VAMP2;SNAP25;RAB3A;STXBP1;SYN1;TSPOAP1;SYT1;SYN2;STX1A;PPFIA2;CPLX1"
"Class A/1 (Rhodopsin-like Receptors) R-HSA-373076",2.49359427709029e-06,3.57082700479329e-05,0.627256739718528,0.319897975528081,1.60036516159586,318,"NPW;CHRM4;INSL3;CCR2;GHSR;HCRTR1;PRLHR;GNRH2;PTGFR;ADORA2B;CCL5;PTGDR2;AGTR2;OPN1LW;F2RL2;PROK1;CYSLTR1;S1PR4;P2RY14;SFTPA2;CCR9;P2RY6;MC2R;CCL20;GPR65;LPAR3;HTR6;ADRA2B;PNOC;DRD2;GNRHR;MC1R;CCL1;NMUR1;ADRA1A;FFAR2;GAL;P2RY1;GALR2;QRFP;OXER1;LPAR5;C5AR2;CHRM5;PMCH;RLN2;AGTR1;HTR7;NMS;UTS2B;PTAFR;NPSR1;LTB4R2;C5;LHB;EDN3;BDKRB1;GPHA2;CCL13;CYSLTR2;NPFFR1;CCR7;NLRP3;RRH;CCL22;EDNRA;ADORA2A;P2RY10;FPR2;CCR5;F2RL3;HCAR2;LPAR6;SUCNR1;PTGDR;TAAR6;SSTR5;RXFP2;CXCR2;TAAR1;ACKR3;CXCL1;CCL17;XK;RHO;GPR143;HTR2A;CCKAR;ADRA2C;FPR3;FSHR;FSHB;HTR1A;HCAR1;CXCR1;GPR39;F2R;NTS;CXCL5;PRLH;AVPR2;S1PR3;HTR2C;OPN1MW3;CX3CR1;CCL3;PTGER1;FFAR3;PTGER4;MRLN;GPR183;CCL28;GPBAR1;NPS;CCR6;NPY1R;CXCL6;GPNMB;ADRB3;CXCL9;PTGER2;PPY;UTS2R;ANXA1;ACKR1;CCL27;DRD5;CCL7;TACR3;CXCR3;RXFP4;LPAR4;OPN3;HTR1F;CXCL13;NPY5R;GPR4;CCR1;P2RY4;BDKRB2;POMC;CXCL11;CCRL2;HTR1E;NMBR;CCL11;TSHB;UCMA;PYY;CHRM2;HRH4;NPFFR2;NPBWR1;CCL25;TAAR8;DHX34;ACKR2;TAC1;MTNR1B;CMKLR1;CCL16;LHCGR;CXCL10;RXFP3;GPR31;OXTR;ADORA1;CXCR5;QRFPR;XCL1;ACKR4;PTGIR;CXCL2;MC3R;PROKR2;GHRL;GNRH1;MCHR2;P2RY13;GPR132;CCR8;PDYN;GPR55;NPBWR2;TTF2;ADRA1D;LTB4R;PROK2;XCR1;PF4;AVPR1A;HCRT;RGR;MLNR;BRS3;NTSR2;CORT;CCR3;SSTR1;PLPPR3;DRD3;TRHR;CCL23;SSTR2;TAAR5;TBXA2R;NPY2R;GPHB5;MTNR1A;NPY;OXGR1;GPER1;TAC3;ADORA3;APLN;P2RY12;P2RY2;HTR1D;TSHR;MC5R;UTS2;CD200R1;EDN2;GPR68;OPN4;INSL5;PLPPR5;CCL21;CXCL8;CCKBR;PTGER3;TACR2;KNG1"
"SCF(Skp2)-mediated Degradation Of P27/P21 R-HSA-187577",2.58932267141589e-06,3.61160071311775e-05,0.627256739718528,-0.352548449155704,-2.42032989290198,58,"PSMB7;SKP1;CDKN1B;PSMC5;PSMD8;PSMB6;PSMA1;SEM1;PSMD14;PSMD7;PSMD2;UBA52;PSMD3;RPS27A;CUL1;PSMB1;PSMC4;PSMD4;PSMB5;PSME1;PSMC1;PSMB2"
"Vif-mediated Degradation Of APOBEC3G R-HSA-180585",2.58075941244809e-06,3.61160071311775e-05,0.627256739718528,-0.378261097285101,-2.48138450988177,52,"PSMB7;PSMC5;RBX1;PSMD8;ELOB;PSMB6;PSMA1;SEM1;PSMD14;PSMD7;PSMD2;UBA52;PSMD3;RPS27A;PSMB1;PSMC4;PSMD4;PSMB5;PSME1;PSMC1;PSMB2"
"Hh Mutants Are Degraded By ERAD R-HSA-5362768",2.98592007240643e-06,4.11138225354424e-05,0.627256739718528,-0.367181824113165,-2.4298788173643,54,"PSMB7;VCP;PSMC5;PSMD8;PSMB6;PSMA1;SEM1;ERLEC1;PSMD14;OS9;PSMD7;PSMD2;UBA52;PSMD3;RPS27A;PSMB1;PSMC4;PSMD4;PSMB5;PSME1;PSMC1;PSMB2"
"Mitochondrial Protein Import R-HSA-1268020",3.27878328645714e-06,4.34915930941949e-05,0.627256739718528,-0.335496593171892,-2.27019155806283,63,"ATP5F1B;ATP5F1A;NDUFB8;TOMM7;TIMM17A;TOMM20;CMC2;CCNI;HSPA9;SLC25A6;ATP5MC1;VDAC1;IDH3G;CHCHD10;CHCHD2;TOMM5"
"Post-chaperonin Tubulin Folding Pathway R-HSA-389977",3.2695145472657e-06,4.34915930941949e-05,0.627256739718528,-0.569274684701298,-2.82391960195242,21,"TUBA1C;TUBB4B;TUBB4A;TUBB2B;ARL2;TUBA4A;TBCA;TUBB2A;TBCB"
"XBP1(S) Activates Chaperone Genes R-HSA-381038",3.28009221660129e-06,4.34915930941949e-05,0.627256739718528,-0.381542868045109,-2.40564375364181,46,"GSK3A;ADD1;TSPYL2;WIPI1;KLHDC3;ATP6V0D1;HDGF;DCTN1;ACADVL;PPP2R5B;PDIA6;CTDSP2;SSR1"
"SCF-beta-TrCP Mediated Degradation Of Emi1 R-HSA-174113",3.96086607287703e-06,5.12526525574691e-05,0.610526878385931,-0.358033104066475,-2.32052422713807,53,"PSMB7;SKP1;PSMC5;PSMD8;PSMB6;PSMA1;SEM1;PSMD14;PSMD7;PSMD2;UBA52;PSMD3;RPS27A;CUL1;PSMB1;PSMC4;PSMD4;PSMB5;PSME1;PSMC1;PSMB2"
"WNT5A-dependent Internalization Of FZD4 R-HSA-5099900",3.95702350947808e-06,5.12526525574691e-05,0.610526878385931,-0.675832407611861,-2.91125599211615,15,"CLTC;CLTA;CLTB;AP2M1;PRKCB;AP2A1;AP2B1;AP2S1"
"Hedgehog Off State R-HSA-5610787",4.44384341377624e-06,5.68177122189962e-05,0.610526878385931,-0.265067190220222,-1.92232469870217,97,"GNAS;PSMB7;SKP1;PRKAR1A;PSMC5;RBX1;PRKACB;PSMD8;PSMB6;PSMA1;SEM1;PRKAR1B;ADCY1;GSK3B;PSMD14;PSMD7;PSMD2;UBA52;PRKAR2B;PSMD3;RPS27A;CUL1;KIF3A;PSMB1;PSMC4;PSMD4;PRKCA;PSMB5"
"N-glycan Trimming In ER And Calnexin/Calreticulin Cycle R-HSA-532668",4.53199109270357e-06,5.72630403948663e-05,0.610526878385931,-0.437822132441971,-2.60135323109455,34,"MARCHF6;CALR;RAD23B;CANX;VCP;PDIA3;AMFR;OS9;UBA52;RPS27A"
"VLDLR Internalisation And Degradation R-HSA-8866427",4.89784041152825e-06,6.11660535114109e-05,0.610526878385931,-0.671885313346503,-2.89425325341637,15,"CLTC;CLTA;AP2M1;AP2A1;AP2B1;AP2S1;NR1H2;UBA52;RPS27A"
"RHO GTPases Activate PAKs R-HSA-5627123",5.05794619506694e-06,6.24394737184125e-05,0.610526878385931,-0.56106689675008,-2.78320440082543,21,"MYL12B;PPP1CB;CTTN;CALM1;MYL6;CDC42;RNASE1;MYLK;MYH10"
"Translocation Of SLC2A4 (GLUT4) To Plasma Membrane R-HSA-1445148",5.17827742262646e-06,6.31985221806912e-05,0.610526878385931,-0.361855164457771,-2.32060137247349,51,"YWHAE;VAMP2;YWHAH;YWHAQ;CALM1;YWHAG;YWHAB;RNASE1;MYO5A;RAB14;RAB11A;YWHAZ;RAB4A;KIF3A;RHOQ;EXOC5;EXOC4;KIFAP3;MYH9;EXOC7;EXOC2"
"trans-Golgi Network Vesicle Budding R-HSA-199992",6.00205165008987e-06,7.24292524965901e-05,0.610526878385931,-0.304767984215063,-2.18770552024733,70,"APP;VAMP2;DNAJC6;CLTC;CLTA;CLTB;DNM2;TPD52;FTH1;HSPA8;RAB5C;SORT1;CTSZ;TGOLN2;ARRB1;TFRC"
"DAG And IP3 Signaling R-HSA-1489509",6.93278227775153e-06,7.92107251734589e-05,0.610526878385931,-0.394918019270713,-2.42658368263154,39,"PRKAR1A;AHCYL1;PRKACB;CALM1;CAMK2D;CAMKK2;CAMK2G;PRKAR1B;ADCY1;PRKAR2B;CAMK4;GRK2;CAMK2A;PRKCA;CAMK2B"
"Formation Of Tubulin Folding Intermediates By CCT/TriC R-HSA-389960",6.80946122071212e-06,7.92107251734589e-05,0.610526878385931,-0.519114385276583,-2.75011238712337,24,"TUBA1C;TUBB4B;TUBB4A;TUBB2B;TUBA4A;TUBB2A;CCT2;TUBA3D;CCT7"
"Long-term Potentiation R-HSA-9620244",6.84407195913703e-06,7.92107251734589e-05,0.610526878385931,-0.530369191125932,-2.74258293316203,23,"GRIA2;CALM1;NRGN;CAMK2D;DLG1;CAMK2G;GRIN2B;LLGL1;GRIA1;CAMK2A;NEFL;CAMK2B;GPRIN1;GRIN2A"
"Trafficking Of GluR2-containing AMPA Receptors R-HSA-416993",6.81304147143987e-06,7.92107251734589e-05,0.610526878385931,-0.632594184261041,-2.87126374360155,17,"TSPAN7;GRIA2;AP2M1;PRKCB;AP2A1;NSF;AP2B1;AP2S1;GRIA1"
"Vpu Mediated Degradation Of CD4 R-HSA-180534",6.92074903510805e-06,7.92107251734589e-05,0.610526878385931,-0.373179052554071,-2.39942462806571,50,"PSMB7;SKP1;PSMC5;PSMD8;PSMB6;PSMA1;SEM1;PSMD14;PSMD7;PSMD2;UBA52;PSMD3;RPS27A;PSMB1;PSMC4;PSMD4;PSMB5;PSME1;PSMC1;PSMB2"
"GPCR Ligand Binding R-HSA-500792",7.01651515424421e-06,7.93235502700872e-05,0.610526878385931,0.295055879088005,1.49823251781278,447,"NPW;CHRM4;INSL3;GPRC6A;CCR2;WNT4;TAS2R3;GHSR;FZD10;TAS2R1;HCRTR1;PRLHR;GNRH2;PTGFR;ADORA2B;CCL5;PTGDR2;AGTR2;OPN1LW;CASR;F2RL2;PROK1;CYSLTR1;CALCA;S1PR4;GNGT2;P2RY14;CRH;SFTPA2;CCR9;P2RY6;MC2R;CCL20;GPR65;GCG;LPAR3;HTR6;ADRA2B;PNOC;DRD2;GNRHR;MC1R;CCL1;NMUR1;GNG11;GNG13;ADRA1A;FFAR2;UBD;GAL;P2RY1;GALR2;QRFP;OXER1;LPAR5;C5AR2;WNT7B;CHRM5;PMCH;RLN2;AGTR1;FZD2;HTR7;NMS;UTS2B;PTAFR;NPSR1;LTB4R2;C5;LHB;EDN3;BDKRB1;ADGRE1;ADM2;RAMP2;GPHA2;CCL13;CYSLTR2;GLP2R;CPAMD8;NPFFR1;CCR7;NLRP3;RRH;CCL22;EDNRA;GRM2;ADORA2A;UCN3;P2RY10;FPR2;GIPR;CCR5;F2RL3;HCAR2;LPAR6;GRM8;SUCNR1;PTGDR;GHRHR;IAPP;TAAR6;SSTR5;UCN;RXFP2;CXCR2;PTHLH;TAAR1;ACKR3;CXCL1;PTH2R;CCL17;XK;IHH;RHO;GPR143;HTR2A;CCKAR;ADRA2C;GHRH;FPR3;SHH;FSHR;FSHB;HTR1A;HCAR1;CXCR1;TAS2R50;GPR39;F2R;NTS;CXCL5;WNT6;PRLH;AVPR2;S1PR3;WNT8B;HTR2C;OPN1MW3;CX3CR1;CCL3;PTGER1;FFAR3;PTGER4;MRLN;TAS2R41;GPR183;CCL28;GPBAR1;TAS2R43;NPS;CCR6;TAS2R14;NPY1R;CXCL6;GPNMB;ADRB3;CALCR;RAMP3;CXCL9;PTGER2;PPY;UTS2R;ANXA1;ACKR1;CCL27;PTCH2;DRD5;CCL7;UCN2;TACR3;CXCR3;RXFP4;LPAR4;OPN3;HTR1F;TAS1R2;GRM1;CXCL13;TAS2R39;NPY5R;TAS2R19;GPR4;CCR1;P2RY4;BDKRB2;POMC;CXCL11;CCRL2;HTR1E;NMBR;CCL11;TSHB;UCMA;PYY;CHRM2;SCTR;HRH4;NPFFR2;NPBWR1;CCL25;TAS2R30;GRM6;TAAR8;DHX34;ACKR2;DHH;TAC1;MTNR1B;WNT9B;CMKLR1;CCL16;LHCGR;CXCL10;RXFP3;GPR31;FZD7;OXTR;ADORA1;TAS2R16;CXCR5;QRFPR;XCL1;TAS2R45;ACKR4;WNT5A;PTGIR;CXCL2;MC3R;PROKR2;GHRL;FZD9;GNRH1;MCHR2;TAS2R5;TAS1R3;P2RY13;GPR132;GRM4;CCR8;ADGRE2;PDYN;GPR55;NPBWR2;CALCB;TTF2;CALCRL;ADRA1D;LTB4R;PROK2;XCR1;PF4;TAS2R9;AVPR1A;HCRT;RGR;MLNR;CD55;BRS3;GNG8;TAS2R13;NTSR2;CORT;CCR3;SSTR1;PLPPR3;PTH2;RAMP1;GNB4;DRD3;TRHR;CCL23;WNT9A;WNT16;WNT3A;SSTR2;TAAR5;TBXA2R;NPY2R;GPHB5;TAS2R4;MTNR1A;ADM;NPY;OXGR1;GPER1;TAC3;ADORA3;APLN;P2RY12;SMOX;VIPR1;P2RY2;HTR1D;TSHR;MC5R;UTS2;CD200R1;EDN2;GPR68;WNT2;OPN4"
"Ion Homeostasis R-HSA-5578775",7.61009837494177e-06,8.5137975569661e-05,0.610526878385931,-0.364443363312548,-2.33699512540435,49,"ATP1B1;ATP2B4;ASPH;ATP2A2;ATP2B1;ATP1A3;AHCYL1;CALM1;CAMK2D;CAMK2G;SRI;SLC8A2;ATP1B2;SLC8A1;ATP1A2;CAMK2A;FXYD7;RYR2;PRKCA;CAMK2B"
"G-protein Mediated Events R-HSA-112040",8.59895862150596e-06,9.52090882422412e-05,0.593325476396405,-0.361962587592627,-2.37446664342568,52,"GNAI1;PRKAR1A;GNAI2;AHCYL1;PRKACB;CALM1;CAMK2D;PLCB1;CAMKK2;CAMK2G;PRKAR1B;GNAQ;ADCY1;PRKAR2B;CAMK4;GRK2;MAPK1;CAMK2A"
"Dectin-1 Mediated Noncanonical NF-kB Signaling R-HSA-5607761",8.70646469221598e-06,9.5415745708571e-05,0.593325476396405,-0.325007271590425,-2.24294745158823,60,"PSMB7;SKP1;PSMC5;PSMD8;PSMB6;FBXW11;PSMA1;SEM1;PSMD14;PSMD7;PSMD2;UBA52;PSMD3;RPS27A;CUL1;PSMB1;UBA3;PSMC4;PSMD4;PSMB5;PSME1;PSMC1;PSMB2"
"Regulation Of PLK1 Activity At G2/M Transition R-HSA-2565942",8.90504880875209e-06,9.66062870767651e-05,0.593325476396405,-0.279358859371909,-2.04497292172545,85,"YWHAE;TUBB4B;DYNC1H1;TUBB4A;SKP1;PPP1CB;TUBA4A;YWHAG;OPTN;DYNC1I2;FBXW11;CSNK1E;HSP90AA1;DYNLL1;DCTN1;PPP2R1A;PAFAH1B1;UBA52;DCTN3;PRKAR2B;SSNA1;RPS27A;CUL1"
"Ras Activation Upon Ca2+ Influx Thru NMDA Receptor R-HSA-442982",1.14416383473923e-05,0.000122883195850994,0.593325476396405,-0.56425043964715,-2.71396281053886,19,"CALM1;CAMK2D;RASGRF2;DLG1;CAMK2G;RASGRF1;GRIN2B;LLGL1;CAMK2A;NEFL;CAMK2B;GPRIN1;HRAS"
"ER-Phagosome Pathway R-HSA-1236974",1.24323099170849e-05,0.000131223834822669,0.593325476396405,-0.273194237281723,-1.98799911620844,88,"PSMB7;CALR;HMGB1;HLA-B;PSMC5;S100A1;PDIA3;PSMD8;PSMB6;B2M;SEC61G;NDUFA2;PSMA1;SEM1;PSMD14;PSMD7;PSMD2;UBA52;PSMD3;RPS27A;PSMB1;PSMC4;PSMD4;PSMB5;HLA-A;HLA-C;PSME1;PSMC1;PSMB2;HLA-E"
"RHO GTPases Activate PKNs R-HSA-5625740",1.24625988379071e-05,0.000131223834822669,0.593325476396405,-0.323034481560835,-2.22125719549858,59,"YWHAE;MYL12B;PPP1CB;YWHAH;YWHAQ;H3-3B;RHOA;YWHAG;YWHAB;H2AZ1;MYL6;RNASE1;H4C15;H2AC6;MYH10;RHOB;YWHAZ"
"CaM Pathway R-HSA-111997",1.27918008021348e-05,0.000133382466616434,0.593325476396405,-0.41420618003697,-2.42351947390498,33,"PRKAR1A;PRKACB;CALM1;CAMK2D;CAMKK2;CAMK2G;PRKAR1B;ADCY1;PRKAR2B;CAMK4;GRK2;CAMK2A;PRKCA;CAMK2B"
"Lysosome Vesicle Biogenesis R-HSA-432720",1.42391755898114e-05,0.000147046870994783,0.593325476396405,-0.418742514872068,-2.48799024385431,34,"APP;VAMP2;DNAJC6;CLTC;CLTA;CLTB;DNM2;HSPA8;CTSZ"
"Sema4D In Semaphorin Signaling R-HSA-400685",1.5139945692004e-05,0.000154860015935355,0.593325476396405,-0.51291991612129,-2.65235128957394,23,"MYL12B;RHOA;SEMA4D;MYL6;RNASE1;PLXNB1;MYH10;RHOB;RND1;MYH9;RNMT"
"FCGR3A-mediated Phagocytosis R-HSA-9664422",1.57284120862037e-05,0.000159361458307384,0.575610261071129,-0.318248829939831,-2.13034547396758,56,"GRB2;ABI2;ARPC5;ARPC2;WASL;ACTR3;ACTR2;CDC42;RNASE1;CYFIP2;MYO5A;ARPC1A;FYN;MAPK1;MAPK3;WASF1"
"Mitochondrial Biogenesis R-HSA-1592230",1.62197806259218e-05,0.000162804153198505,0.575610261071129,-0.265969503602634,-1.95897929181874,89,"ATP5MC2;ATP5F1B;ATP5F1A;ATP5MC3;ATP5ME;ATP5F1D;ATP5PO;ATP5PF;CALM1;HSPA9;GLUD1;ATP5MC1;ATP5PB;ATP5MF;CYCS;IDH2;MEF2C;ATP5F1C;CAMK4"
"Infection With Mycobacterium Tuberculosis R-HSA-9635486",1.68648590874044e-05,0.00016719253303152,0.575610261071129,-0.495624534445788,-2.67925438229579,25,"PGK1;RAB7A;GSK3A;ENO1;B2M;ATP6V1H;UBA52;MAPK1;RPS27A;MAPK3;KPNB1"
"Neurotransmitter Release Cycle R-HSA-112310",1.6968329702454e-05,0.00016719253303152,0.575610261071129,-0.357515378720314,-2.29871210279004,50,"VAMP2;SNAP25;RAB3A;STXBP1;SYN1;ARL6IP5;TSPOAP1;SYT1;SLC1A3;SYN2;HSPA8;DNAJC5;STX1A;SLC17A7;PPFIA2;CPLX1"
"IRE1alpha Activates Chaperones R-HSA-381070",1.72775538536859e-05,0.000168691753080533,0.575610261071129,-0.365418611138781,-2.36882250125685,48,"GSK3A;ADD1;TSPYL2;WIPI1;KLHDC3;ATP6V0D1;HDGF;DCTN1;ACADVL;PPP2R5B;PDIA6;CTDSP2;SSR1"
"Response Of Mtb To Phagocytosis R-HSA-9637690",1.91450594849301e-05,0.00018358744541799,0.575610261071129,-0.534832471281937,-2.65306703424936,21,"PGK1;RAB7A;GSK3A;ENO1;ATP6V1H;UBA52;MAPK1;RPS27A;MAPK3;KPNB1"
"Unblocking Of NMDA Receptors, Glutamate Binding And Activation R-HSA-438066",1.91450594849301e-05,0.00018358744541799,0.575610261071129,-0.53417460097213,-2.6498036309867,21,"GRIA2;CALM1;CAMK2D;DLG1;CAMK2G;GRIN2B;LLGL1;GRIA1;CAMK2A;NEFL;CAMK2B;GPRIN1;GRIN2A"
"Gene And Protein Expression By JAK-STAT Signaling After Interleukin-12 Stimulation R-HSA-8950505",2.2244890882289e-05,0.000211424892102464,0.575610261071129,-0.410665782448433,-2.45359665071412,35,"HNRNPA2B1;PPIA;HNRNPDL;PDCD4;TALDO1;HSPA9;SOD1;CDC42;RPLP0"
"Regulation Of Actin Dynamics For Phagocytic Cup Formation R-HSA-2029482",2.37064095875192e-05,0.000221855579553446,0.575610261071129,-0.329768973571742,-2.24817339418605,57,"GRB2;HSP90AB1;ABI2;ARPC5;ARPC2;WASL;ACTR3;ACTR2;CDC42;HSP90AA1;RNASE1;CYFIP2;MYO5A;ARPC1A;MAPK1;MAPK3;WASF1"
"Ubiquitin-dependent Degradation Of Cyclin D R-HSA-75815",2.37554857063746e-05,0.000221855579553446,0.575610261071129,-0.351958011536908,-2.26297996939239,50,"PSMB7;PSMC5;PSMD8;PSMB6;PSMA1;SEM1;GSK3B;PSMD14;PSMD7;PSMD2;UBA52;PSMD3;RPS27A;PSMB1;PSMC4;PSMD4;PSMB5;PSME1;PSMC1;PSMB2"
"Ca-dependent Events R-HSA-111996",2.51045125251293e-05,0.000232433159068869,0.575610261071129,-0.406280949235866,-2.42739867527007,35,"PRKAR1A;PRKACB;CALM1;CAMK2D;CAMKK2;CAMK2G;PRKAR1B;ADCY1;PRKAR2B;CAMK4;GRK2;MAPK1;CAMK2A;PRKCA;CAMK2B"
"Regulation Of Activated PAK-2p34 By Proteasome Mediated Degradation R-HSA-211733",2.73190095196591e-05,0.000250774497641999,0.575610261071129,-0.357325251895077,-2.31635738069965,48,"PSMB7;PSMC5;PSMD8;PSMB6;PSMA1;SEM1;PSMD14;PSMD7;PSMD2;UBA52;PSMD3;RPS27A;PSMB1;PSMC4;PSMD4;PSMB5;PSME1;PSMC1;PSMB2"
"Regulation Of Ornithine Decarboxylase (ODC) R-HSA-350562",2.89266752650954e-05,0.00026157028739391,0.575610261071129,-0.349827189955381,-2.24927945285553,50,"PSMB7;OAZ1;PSMC5;PSMD8;PSMB6;AZIN1;PSMA1;OAZ2;SEM1;PSMD14;PSMD7;PSMD2;PSMD3;PSMB1;PSMC4;PSMD4;PSMB5;PSME1;PSMC1;PSMB2"
"Spry Regulation Of FGF Signaling R-HSA-1295596",2.89821826814481e-05,0.00026157028739391,0.575610261071129,-0.624651078358404,-2.69078424528159,15,"GRB2;PPP2CA;PPP2CB;PPP2R1A;UBA52;MAPK1;RPS27A;MAPK3"
"Signaling By NOTCH4 R-HSA-9013694",2.96361385407386e-05,0.00026524343993961,0.575610261071129,-0.2759708307389,-1.93010024763908,79,"PSMB7;SKP1;PSMC5;FBXW7;RBX1;PSENEN;PSMD8;PSMB6;PSMA1;SEM1;PSMD14;PSMD7;PSMD2;UBA52;PSMD3;RPS27A;CUL1;YWHAZ;PSMB1;PSMC4;PSMD4;PSMB5;PSME1;EP300;PSMC1;PSMB2"
"Cellular Response To Hypoxia R-HSA-1234174",3.04204160089698e-05,0.000270012618129203,0.575610261071129,-0.27626118732793,-2.02534034471661,72,"PSMB7;HIGD1A;PSMC5;RBX1;PSMD8;ELOB;PSMB6;PSMA1;SEM1;PSMD14;PSMD7;UBE2D2;PSMD2;UBA52;PSMD3;RPS27A;MIA3;PSMB1;PSMC4;PSMD4;PSMB5;PSME1;EP300;PSMC1;PSMB2"
"Activation Of BAD And Translocation To Mitochondria R-HSA-111447",3.61714316424395e-05,0.000318427193311312,0.557332238758646,-0.61839234238648,-2.66382374087825,15,"YWHAE;YWHAH;YWHAQ;PPP3R1;YWHAG;YWHAB"
"RHO GTPases Activate CIT R-HSA-5625900",3.88246133458733e-05,0.000338135838097305,0.557332238758646,-0.531052063978559,-2.55428343662256,19,"MYL12B;PPP1CB;CDKN1B;RHOA;MYL6;RNASE1;LLGL1;MYH10;RHOB"
"mRNA Splicing - Minor Pathway R-HSA-72165",3.9039891921849e-05,0.000338135838097305,0.557332238758646,-0.33660117861039,-2.15845695876541,49,"SNRPD3;POLR2E;POLR2A;SRSF1;POLR2I;TXNL4A;SF3B1;SRSF2;POLR2F;NCBP2;YBX1"
"Regulation Of RUNX2 Expression And Activity R-HSA-8939902",4.04618304019988e-05,0.000347648046813974,0.557332238758646,-0.285521971654758,-2.05597369549521,71,"PSMB7;SKP1;PSMC5;FBXW7;RBX1;PSMD8;PSMB6;STUB1;PSMA1;SEM1;GSK3B;PSMD14;PSMD7;PSMD2;UBA52;PSMD3;RPS27A;CUL1;PSMB1;CBFB;PSMC4;PSMD4;PSMB5"
"Regulation Of mRNA Stability By Proteins That Bind AU-rich Elements R-HSA-450531",4.28248321061935e-05,0.000365030711762316,0.557332238758646,-0.267556444858245,-1.93041946179466,87,"PSMB7;HNRNPD;PSMC5;PABPC1;YWHAB;PSMD8;PSMB6;HSPA8;PSMA1;SEM1;ZFP36;PSMD14;PSMD7;PSMD2;UBA52;PSMD3;RPS27A;EIF4G1;YWHAZ;XPO1;KHSRP;PSMB1;PSMC4;PSMD4;PRKCA;PSMB5;PSME1;ENPP2;PSMC1;PSMB2"
"APC/C:Cdc20 Mediated Degradation Of Securin R-HSA-174154",4.68688923772103e-05,0.000394148060336752,0.557332238758646,-0.285036777254631,-1.98460914914272,66,"PSMB7;PSMC5;PSMD8;PSMB6;PSMA1;SEM1;ANAPC11;PSMD14;PSMD7;PSMD2;UBA52;UBE2E1;PSMD3;RPS27A;PSMB1;PSMC4;PSMD4;PSMB5;ANAPC5;PSME1;PSMC1;PSMB2;PSMC6;PSMA5;PSMF1;CDC16;PSMC3;PSMD10;PSMA2;PSMB3;PSMC2;UBE2S;PSMA4;PSMA3;PSME3;CDC27;ANAPC7;PSMA7;ANAPC15;UBB;PSMD11;PSMD12;UBE2D1;ANAPC16;CDC26;PSMD6;PSMB10;ANAPC10;ANAPC4;PSMD13;PSMB4;PSME2;PTTG1;PSMB8;ANAPC2;PSMA6;ANAPC1;UBE2C;PSMA8;PSME4;PSMD5;PSMB9;CDC23;PSMB11"
"PLC Beta Mediated Events R-HSA-112043",4.69748153846409e-05,0.000394148060336752,0.557332238758646,-0.345078319185569,-2.20621439599539,47,"PRKAR1A;AHCYL1;PRKACB;CALM1;CAMK2D;PLCB1;CAMKK2;CAMK2G;PRKAR1B;GNAQ;ADCY1;PRKAR2B;CAMK4;GRK2;MAPK1;CAMK2A"
"Nuclear Events Stimulated By ALK Signaling In Cancer R-HSA-9725371",4.78043303854425e-05,0.000394937314107425,0.557332238758646,-0.526422416725787,-2.53201550453589,19,"CLTC;SKP1;RBX1;RPS6;NPM1;STAT3;MAPK1;CUL1;MAPK3;MECP2"
"Sema4D Induced Cell Migration And Growth-Cone Collapse R-HSA-416572",4.78043303854425e-05,0.000394937314107425,0.557332238758646,-0.526384632397067,-2.53183376739266,19,"MYL12B;RHOA;SEMA4D;MYL6;PLXNB1;MYH10;RHOB;RND1;MYH9"
"CREB1 Phosphorylation Thru NMDA Receptor-Mediated Activation Of RAS Signaling R-HSA-442742",4.98951771463616e-05,0.000407681568322124,0.557332238758646,-0.456273833687136,-2.53137438737235,27,"CALM1;CAMK2D;RASGRF2;DLG1;CAMK2G;RASGRF1;GRIN2B;LLGL1;MAPK1;CAMK2A;MAPK3;NEFL;CAMK2B;GPRIN1"
"Hh Mutants Abrogate Ligand Secretion R-HSA-5387390",5.01061145423839e-05,0.000407681568322124,0.557332238758646,-0.317212747963903,-2.16257233827957,57,"PSMB7;VCP;PSMC5;PSMD8;PSMB6;PSMA1;SEM1;ERLEC1;PSMD14;OS9;PSMD7;PSMD2;UBA52;PSMD3;RPS27A;PSMB1;PSMC4;PSMD4;PSMB5;PSME1;PSMC1;PSMB2"
"Regulation Of PTEN Stability And Activity R-HSA-8948751",5.11653587910161e-05,0.0004131698897861,0.557332238758646,-0.283360932879544,-1.97294084405111,66,"PSMB7;PSMC5;PSMD8;PSMB6;STUB1;PSMA1;SEM1;PSMD14;PSMD7;PSMD2;UBA52;CSNK2B;PSMD3;PREX2;RPS27A;PSMB1;PSMC4;PSMD4;PSMB5;PSME1;PSMC1;PSMB2"
"Defective CFTR Causes Cystic Fibrosis R-HSA-5678895",5.35919004972286e-05,0.000429535083089728,0.557332238758646,-0.301222090511388,-2.07127032618509,59,"PSMB7;VCP;PSMC5;PSMD8;PSMB6;PSMA1;SEM1;ERLEC1;PSMD14;OS9;PSMD7;PSMD2;UBA52;PSMD3;RPS27A;PSMB1;PSMC4;PSMD4;PSMB5;PSME1;PSMC1;PSMB2"
"Antimicrobial Peptides R-HSA-6803157",5.55488613960258e-05,0.000441922052883938,0.557332238758646,0.410079883003222,1.84842577198616,84,"CCR2;DEFB131A;DEFB119;REG3G;DEFB128;DEFB132;RNASE7;HTN1;DEFB126;ITLN1;SEMG1;RNASE6;PI3;DEFB107A;BPIFB6;GNLY;RNASE3;S100A7;DEFA6;DEFB1;PLA2G2A;TSPAN32;DEFB115;DEFB127;DEFB103A;DEFB118;TLR1;REG3A;DEFA5;BPIFB2;RO60;DEFB135;HTN3;DEFB104A;DEFB105A;EPPIN;SLC11A1;CCR6;BPIFA2;LYZ;DEFB136;BPIFB4;PGLYRP3;LCN2;DEFB106A;LEAP2;RNASE8;TRIM21;DEFB123;DEFB124;DEFB113;DEFB129;DEFB130A;BPIFA1;PRTN3;BPI;TLR2;DEFB121;PGLYRP2;PGLYRP1"
"Golgi-to-ER Retrograde Transport R-HSA-8856688",5.69479078304825e-05,0.000449720978014252,0.557332238758646,-0.230742524713693,-1.68181742516359,112,"DYNC1H1;PAFAH1B2;ARF5;ARF3;KIF1A;KIF5C;KLC1;ACTR10;COPA;DYNC1I2;RAB6B;KIF21A;DYNLL1;DYNC1LI2;NSF;DCTN1;DYNLL2;KIF5A;CAPZB;KIF1B;KIFC2;UBE2Z;PAFAH1B1;RAB1A;DCTN3;COPE;BICD1;KDELR1;RAB6A;KIF3A"
"Interleukin-1 Signaling R-HSA-9020702",6.49862952531658e-05,0.000505762906535507,0.538434096309916,-0.23130675247271,-1.71442600620866,113,"APP;PSMB7;HMGB1;SKP1;SQSTM1;PSMC5;RBX1;S100B;PSMD8;PSMB6;FBXW11;MAP2K4;MAP2K1;PSMA1;TOLLIP;SEM1;SAA2;PSMD14;PSMD7;PSMD2;UBA52;PSMD3;RPS27A;CUL1"
"Regulation Of RUNX3 Expression And Activity R-HSA-8941858",6.46349563408022e-05,0.000505762906535507,0.538434096309916,-0.319595254418458,-2.07139653382077,53,"PSMB7;PSMC5;PSMD8;PSMB6;PSMA1;SEM1;PSMD14;PSMD7;PSMD2;UBA52;PSMD3;RPS27A;PSMB1;CBFB;PSMC4;PSMD4;PSMB5;PSME1;EP300;PSMC1;PSMB2"
"Degradation Of DVL R-HSA-4641258",6.74386786217359e-05,0.000521072955681614,0.538434096309916,-0.326518119008785,-2.16078086866456,54,"PSMB7;PSMC5;RBX1;PSMD8;PSMB6;PSMA1;SEM1;PSMD14;PSMD7;PSMD2;UBA52;PSMD3;RPS27A;PSMB1;PSMC4;PSMD4;PSMB5;HECW1;PSME1;PSMC1;PSMB2"
"Calnexin/calreticulin Cycle R-HSA-901042",7.24075429834892e-05,0.000555469294030482,0.538434096309916,-0.461762370328907,-2.49620179853776,25,"MARCHF6;CALR;CANX;PDIA3;AMFR;OS9;UBA52;RPS27A"
"EPHB-mediated Forward Signaling R-HSA-3928662",7.6583610169041e-05,0.000580616322821326,0.538434096309916,-0.428540011747704,-2.44132051437682,30,"ARPC5;RHOA;ARPC2;WASL;ACTR3;ACTR2;CDC42;RNASE1;GRIN2B;ARPC1A;FYN"
"Oxygen-dependent Proline Hydroxylation Of Hypoxia-inducible Factor Alpha R-HSA-1234176",7.6766776387922e-05,0.000580616322821326,0.538434096309916,-0.299884008093343,-2.02921328391179,63,"PSMB7;PSMC5;RBX1;PSMD8;ELOB;PSMB6;PSMA1;SEM1;PSMD14;PSMD7;UBE2D2;PSMD2;UBA52;PSMD3;RPS27A;PSMB1;PSMC4;PSMD4;PSMB5;PSME1;PSMC1;PSMB2;EPAS1;PSMC6"
"Signaling By ERBB4 R-HSA-1236394",8.49244613803086e-05,0.00063782427638078,0.538434096309916,-0.298080164054094,-1.99533719728745,56,"STMN1;GRB2;PIK3R1;APOE;ADAP1;PSENEN;S100B;GFAP;GABRA1;GABRB2;GABRB3;LLGL1;UBA52;RPS27A"
"COPI-mediated Anterograde Transport R-HSA-6807878",8.77120436417418e-05,0.000654185658827991,0.538434096309916,-0.268755268569711,-1.8687031181037,80,"DYNC1H1;ARF5;ARF3;SPTAN1;ACTR10;COPA;DYNC1I2;SPTBN2;DYNLL1;DYNC1LI2;NSF;DCTN1;DYNLL2;ANK3;CAPZB;RAB1A;DCTN3;COPE;SPTBN4;KDELR1;SPTBN1;DCTN5;RAB1B;STX5;NAPG;YKT6;ANK2"
"Insertion Of Tail-Anchored Proteins Into Endoplasmic Reticulum Membrane R-HSA-9609523",9.2935764407616e-05,0.000688365592922618,0.538434096309916,-0.495877633369817,-2.45982933489754,21,"APP;VAMP2;PRNP;SEC61G;STX1A;GET1;CAMLG;STX5"
"Formation Of RNA Pol II Elongation Complex R-HSA-112382",9.49894084043946e-05,0.000698757702919999,0.538434096309916,-0.296436956003499,-1.98433762555601,56,"POLR2E;POLR2A;ELOB;POLR2I;SSRP1;MLLT1;POLR2F;NCBP2;SUPT6H;CDK9;POLR2C;MNAT1;CDK7;POLR2L;SUPT4H1;ELOC;SUPT16H;PAF1;ERCC3;CTDP1;POLR2J;AFF4;POLR2G;GTF2F1;DMAP1;POLR2K;NELFE;SUPT5H;GTF2H1;MLLT3;CCNK;CCNH;NELFCD;CTR9;NCBP1;TCEA1;POLR2H;EAF1;CCNT1;LEO1;GTF2H4;ELOA2;CDC73;ELOA;RTF1;NELFB;CCNT2;POLR2B;GTF2H3;GTF2H5;IWS1;NELFA"
"APC/C:Cdc20 Mediated Degradation Of Mitotic Proteins R-HSA-176409",0.000107385252787367,0.000779268658740757,0.538434096309916,-0.264332934981747,-1.84236312499189,74,"PSMB7;PSMC5;BUB3;PSMD8;PSMB6;PSMA1;SEM1;ANAPC11;PSMD14;PSMD7;PSMD2;UBA52;UBE2E1;PSMD3;RPS27A;PSMB1;PSMC4;PSMD4;PSMB5;ANAPC5;PSME1;PSMC1;PSMB2;PSMC6;PSMA5;PSMF1;CDC16;PSMC3;PSMD10;PSMA2;PSMB3;PSMC2;UBE2S;PSMA4;PSMA3;PSME3;CDC27;ANAPC7;PSMA7;ANAPC15;UBB;CCNA2;PSMD11;PSMD12;UBE2D1;ANAPC16;CDC26;PSMD6;PSMB10;ANAPC10;ANAPC4;PSMD13;PSMB4;PSME2;BUB1B;CCNA1;PTTG1;PSMB8;ANAPC2;PSMA6;NEK2;CDK1;ANAPC1;UBE2C;PSMA8;PSME4;PSMD5;PSMB9;CCNB1;CDC23;PSMB11"
"Activation Of NF-kappaB In B Cells R-HSA-1169091",0.000106680269232981,0.000779268658740757,0.538434096309916,-0.29718342322456,-2.0486953787918,65,"PSMB7;SKP1;PSMC5;PSMD8;PSMB6;FBXW11;PRKCB;PSMA1;SEM1;PSMD14;PSMD7;PSMD2;UBA52;PSMD3;RPS27A;CUL1;PSMB1;PSMC4;PSMD4;PSMB5;PSME1;MAP3K7;PSMC1;PSMB2"
"APC:Cdc20 Mediated Degradation Of Cell Cycle Proteins Before Cycle Checkpoint Satisfied R-HSA-179419",0.000112190028353909,0.00080362190747657,0.538434096309916,-0.261101727917981,-1.91420252965098,72,"PSMB7;PSMC5;BUB3;PSMD8;PSMB6;PSMA1;SEM1;ANAPC11;PSMD14;PSMD7;PSMD2;UBA52;UBE2E1;PSMD3;RPS27A;PSMB1;PSMC4;PSMD4;PSMB5;ANAPC5;PSME1;PSMC1;PSMB2;PSMC6;PSMA5;PSMF1;CDC16;PSMC3;PSMD10;PSMA2;PSMB3;PSMC2;UBE2S;PSMA4;PSMA3;PSME3;CDC27;ANAPC7;PSMA7;ANAPC15;UBB;CCNA2;PSMD11;PSMD12;UBE2D1;ANAPC16;CDC26;PSMD6;PSMB10;ANAPC10;ANAPC4;PSMD13;PSMB4;PSME2;BUB1B;CCNA1;PSMB8;ANAPC2;PSMA6;NEK2;CDK1;ANAPC1;UBE2C;PSMA8;PSME4;PSMD5;PSMB9;CDC23;PSMB11"
"Signaling By Insulin Receptor R-HSA-74752",0.00011223769657494,0.00080362190747657,0.538434096309916,-0.253129303295475,-1.76882502729696,77,"ATP6AP1;GRB2;ATP6V0C;ATP6V0A1;PIK3R1;ATP6V1B2;ATP6V0E2;ATP6V1F;ATP6V0B;ATP6V1E1;ATP6V0D1;ATP6V1A;ATP6V1G2"
"CLEC7A (Dectin-1) Signaling R-HSA-5607764",0.000131568065462613,0.000929632252018724,0.518848077743792,-0.237340868759691,-1.72881449668266,98,"PSMB7;SKP1;PSMC5;PPP3R1;AHCYL1;CALM1;PSMD8;PSMB6;FBXW11;PSMA1;SEM1;PSMD14;PPP3CB;PSMD7;UBE2D2;PSMD2;UBA52;PSMD3;RPS27A;CUL1;PSMB1;UBA3;PSMC4;PSMD4;PSMB5;CDC34;PSME1;MAP3K7;PSMC1;PSMB2"
"Immunoregulatory Interactions Between A Lymphoid And A non-Lymphoid Cell R-HSA-198933",0.000131551564966467,0.000929632252018724,0.518848077743792,0.368055735855483,1.72159338944124,115,"ULBP1;HLA-G;ITGAL;CD300C;RAET1E;TREML4;ULBP3;CD1D;CD247;SIGLEC5;TREML1;HCST;SLAMF7;CD33;LILRA2;CLEC4G;CD40;CLEC1B;ICAM5;CD300LF;CD160;TREM1;SH2D1A;ITGB7;KLRD1;FCGR2B;ICAM2;LILRB4;KIR2DS2;LILRA5;LAIR2;ICAM1;PILRA;CD1E;CD3D;SIGLEC9;KLRK1;TARP;CD1B;CD8A;CD8B;SLAMF6;CD3E;ITGA4;LILRB2;CD96;VCAM1;LILRA6;CD300LB;CD300LD;KLRB1;SIGLEC10;KIR3DL1;JAML;KLRF1;CD300E;SELL;SIGLEC1;SIGLEC11;LILRA3;MICB;LILRB5;NCR1;NCR2;COLEC12;SIGLEC8;CLEC2D"
"GPER1 Signaling R-HSA-9634597",0.000146684708475264,0.00102549449468049,0.518848077743792,-0.328538917277946,-2.01782823784644,43,"GNAS;GNAI1;PRKAR1A;GNAI2;PRKACB;GNG7;GNB1;PRKAR1B;ADCY1;PRKAR2B;GNAZ;GNB2;GNG2;GNG3"
"Regulation Of RAS By GAPs R-HSA-5658442",0.00014704483443277,0.00102549449468049,0.518848077743792,-0.279023069746869,-1.89787142860872,64,"PSMB7;PSMC5;RBX1;PSMD8;PSMB6;PSMA1;SEM1;PSMD14;RASA3;PSMD7;PSMD2;UBA52;PSMD3;RPS27A;PSMB1;PSMC4;PSMD4;PSMB5;PSME1;PSMC1;NF1;PSMB2;HRAS;PSMC6"
"Cytoprotection By HMOX1 R-HSA-9707564",0.000150255148824396,0.00103855622898984,0.518848077743792,-0.301691768684954,-2.05675931321323,57,"COX8A;COX6C;COX4I1;COX5B;COX6B1;COX6A1;COX7C;COX7B;CYCS;STAT3;NCOR2;COX14;FABP1"
"FCERI Mediated NF-kB Activation R-HSA-2871837",0.000150851742758301,0.00103855622898984,0.518848077743792,-0.249514541600115,-1.74356568011263,77,"PSMB7;SKP1;PSMC5;PSMD8;PSMB6;FBXW11;PSMA1;SEM1;PSMD14;PSMD7;UBE2D2;PSMD2;UBA52;PSMD3;RPS27A;CUL1;PSMB1;PSMC4;PSMD4;PSMB5;CDC34;PSME1;MAP3K7;PSMC1;PSMB2;UBE2V1"
"Downstream TCR Signaling R-HSA-202424",0.000165449112421935,0.00113179838688636,0.518848077743792,-0.241743795142613,-1.78062411275802,90,"PSMB7;PIK3R1;SKP1;HLA-DRB1;PSMC5;PSMD8;PSMB6;FBXW11;PSMA1;SEM1;PSMD14;PSMD7;UBE2D2;PSMD2;UBA52;PSMD3;HLA-DQB2;HLA-DRA;RPS27A;CUL1;PSMB1;PSMC4;PSMD4;PSMB5;CDC34;PSME1;MAP3K7;PSMC1;PSMB2"
"EPHA-mediated Growth Cone Collapse R-HSA-3928663",0.000169714659484759,0.00115363002713058,0.518848077743792,-0.566897990891251,-2.4420036007634,15,"MYL12B;RHOA;MYL6;NGEF;FYN;MYH10;MYH9"
"Norepinephrine Neurotransmitter Release Cycle R-HSA-181430",0.000170824137200397,0.00115386870033476,0.518848077743792,-0.517627527077093,-2.44358115321971,18,"VAMP2;SNAP25;RAB3A;STXBP1;TSPOAP1;SYT1;STX1A;PPFIA2;CPLX1"
"Aggrephagy R-HSA-9646399",0.000182119004080849,0.0012224738148927,0.518848077743792,-0.457622633339999,-2.36640446886166,23,"DYNC1H1;VCP;DYNC1I2;HSP90AA1;PARK7;DYNLL1;DYNC1LI2;DYNLL2;UBA52;RPS27A"
"Regulation Of Apoptosis R-HSA-169911",0.000191233207531056,0.00127567990613885,0.518848077743792,-0.311078194182306,-1.994965265862,51,"PSMB7;PSMC5;PSMD8;PSMB6;PSMA1;SEM1;PSMD14;PSMD7;PSMD2;UBA52;PSMD3;RPS27A;PSMB1;PSMC4;PSMD4;PSMB5;PSME1;PSMC1;PSMB2"
"Deregulated CDK5 Triggers Neurodegenerative Pathways In Alzheimers Disease Models R-HSA-8862803",0.000205076176959459,0.0013595790991016,0.518848077743792,-0.474581884455675,-2.35419055556475,21,"APP;YWHAE;PRDX1;CAPNS1;PRDX2"
"Acetylcholine Neurotransmitter Release Cycle R-HSA-264642",0.000206470963871435,0.00136042831409768,0.518848077743792,-0.539977776577767,-2.45088976600287,17,"VAMP2;SNAP25;RAB3A;STXBP1;TSPOAP1;SYT1;STX1A;PPFIA2;CPLX1"
"Cargo Recognition For Clathrin-Mediated Endocytosis R-HSA-8856825",0.000221138387957096,0.00144020772443572,0.518848077743792,-0.232111100368249,-1.64875962902894,102,"GRB2;VAMP2;CLTC;CLTA;CLTB;AP2M1;NEDD8;EPN1;SYT1;AP2A1;TF;AP2B1;EPS15;AP2S1;UBQLN2;UBA52;GPS1;TGOLN2;GRK2;RPS27A;ARRB1;TFRC;SCARB2;SNAP91;PICALM;REPS2"
"Role Of GTSE1 In G2/M Progression After G2 Checkpoint R-HSA-8852276",0.000221260963251298,0.00144020772443572,0.518848077743792,-0.286929058057963,-1.96983699126467,58,"PSMB7;HSP90AB1;PSMC5;PSMD8;PSMB6;HSP90AA1;PSMA1;SEM1;PSMD14;PSMD7;PSMD2;UBA52;PSMD3;RPS27A;PSMB1;PSMC4;PSMD4;PSMB5;PSME1;PSMC1;PSMB2;MAPRE1"
"Regulation Of APC/C Activators Between G1/S And Early Anaphase R-HSA-176408",0.000240618819980896,0.00155677477505712,0.518848077743792,-0.25049580737963,-1.75193160292149,79,"PSMB7;SKP1;PSMC5;BUB3;PSMD8;PSMB6;PSMA1;SEM1;ANAPC11;PSMD14;PSMD7;PSMD2;UBA52;UBE2E1;PSMD3;RPS27A;CUL1;PSMB1;PSMC4;PSMD4;PSMB5;ANAPC5"
"mRNA 3-End Processing R-HSA-72187",0.000256662358634987,0.00165063097708968,0.49849310876659,-0.285023413572537,-1.95675428355636,58,"SRSF5;SRSF9;SRSF1;NUDT21;CSTF3;SRSF4;SRSF2;NCBP2;RBM8A;SRSF11;SRSF3;WDR33;MAGOH;DDX39B;CPSF2;PABPN1;U2AF2;CHTOP;CSTF2;THOC1;RNPS1;THOC7;FIP1L1;SYMPK;SRSF7;CPSF1;CPSF7;U2AF1;EIF4A3;SRSF6;PCF11;CASC3;POLDIP3;SARNP;ALYREF;U2AF1L4;DDX39A;PAPOLA;SRRM1;DHX38;THOC5;FYTTD1;NCBP1;CSTF2T;UPF3B;THOC3;THOC2;CPSF4"
"Impaired BRCA2 Binding To PALB2 R-HSA-9709603",0.000284779836186067,0.00182055680990379,0.49849310876659,0.548063282811153,1.93294412575031,24,"ATM;RAD51AP1;RMI2;MRE11;BRCA2;RMI1;RBBP8;RAD51;PALB2;XRCC2;RAD51D;BARD1;BLM;WRN;DNA2;RAD50"
"Ubiquitin Mediated Degradation Of Phosphorylated Cdc25A R-HSA-69601",0.000297992026558965,0.00189374814511437,0.49849310876659,-0.309680217519684,-1.99114697262868,50,"PSMB7;PSMC5;PSMD8;PSMB6;PSMA1;SEM1;PSMD14;PSMD7;PSMD2;UBA52;PSMD3;RPS27A;PSMB1;PSMC4;PSMD4;PSMB5;PSME1;PSMC1;PSMB2"
"Cdc20:Phospho-APC/C Mediated Degradation Of Cyclin A R-HSA-174184",0.000338105185456252,0.00213602923047068,0.49849310876659,-0.259334547345648,-1.86740447533935,71,"PSMB7;PSMC5;BUB3;PSMD8;PSMB6;PSMA1;SEM1;ANAPC11;PSMD14;PSMD7;PSMD2;UBA52;UBE2E1;PSMD3;RPS27A;PSMB1;PSMC4;PSMD4;PSMB5;ANAPC5;PSME1;PSMC1;PSMB2;PSMC6;PSMA5;PSMF1;CDC16;PSMC3;PSMD10;PSMA2;PSMB3;PSMC2;UBE2S;PSMA4;PSMA3;PSME3;CDC27;ANAPC7;PSMA7;ANAPC15;UBB;CCNA2;PSMD11;PSMD12;UBE2D1;ANAPC16;CDC26;PSMD6;PSMB10;ANAPC10;ANAPC4;PSMD13;PSMB4;PSME2;BUB1B;CCNA1;PSMB8;ANAPC2;PSMA6;CDK1;ANAPC1;UBE2C;PSMA8;PSME4;PSMD5;PSMB9;CDC23;PSMB11"
"Autodegradation Of E3 Ubiquitin Ligase COP1 R-HSA-349425",0.000350732704982494,0.00219004026250697,0.49849310876659,-0.307351447124498,-1.97617370711156,50,"PSMB7;PSMC5;PSMD8;PSMB6;PSMA1;SEM1;PSMD14;PSMD7;PSMD2;UBA52;PSMD3;RPS27A;PSMB1;PSMC4;PSMD4;PSMB5;PSME1;PSMC1;PSMB2"
"Degradation Of AXIN R-HSA-4641257",0.000350732704982494,0.00219004026250697,0.49849310876659,-0.292917272593024,-1.89848821206521,53,"PSMB7;PSMC5;PSMD8;PSMB6;PSMA1;SEM1;PSMD14;PSMD7;PSMD2;UBA52;PSMD3;RPS27A;PSMB1;PSMC4;PSMD4;PSMB5;PSME1;PSMC1;PSMB2"
"Chaperone Mediated Autophagy R-HSA-9613829",0.000372466526155146,0.00231023651118521,0.49849310876659,-0.494157081238146,-2.3327834538903,18,"HSP90AB1;LAMP2;GFAP;HSP90AA1;RNASE1;PARK7;HSPA8;UBA52;RPS27A"
"RNA Polymerase II Transcription Termination R-HSA-73856",0.000374284127510453,0.00231023651118521,0.49849310876659,-0.258968590712902,-1.79350396300782,67,"SRSF5;SNRPD3;SRSF9;SRSF1;NUDT21;CSTF3;SRSF4;SRSF2;NCBP2;RBM8A;SRSF11;SRSF3;WDR33;MAGOH;DDX39B;CPSF2;PABPN1;U2AF2;SNRPG;CHTOP;CSTF2;THOC1;RNPS1;THOC7;FIP1L1;SYMPK;SRSF7;CPSF1;SNRPE;CPSF7;SNRPB;U2AF1;EIF4A3;SRSF6;PCF11;CASC3;POLDIP3;SARNP;ALYREF;U2AF1L4;DDX39A;PAPOLA;SRRM1;DHX38;SLBP;THOC5;FYTTD1;NCBP1;CSTF2T;UPF3B;THOC3;THOC2;CPSF4;ZNF473"
"Defective Intrinsic Pathway For Apoptosis R-HSA-9734009",0.000460462195680154,0.00282592227520277,0.49849310876659,-0.422264388904758,-2.23703014114958,24,"APP;YWHAE;PRDX1;CAPNS1;PRDX2"
"FGFR2 Alternative Splicing R-HSA-6803529",0.000466254097094811,0.00284520966068083,0.49849310876659,-0.413865311626815,-2.23727917564913,25,"POLR2E;POLR2A;TIAL1;POLR2I;PTBP1;HNRNPH1;POLR2F;NCBP2"
"RHOBTB2 GTPase Cycle R-HSA-9013418",0.000521690517422868,0.00316551195317605,0.477270815362862,-0.446951151936561,-2.24554133041694,22,"HSP90AB1;CDC37;HSP90AA1;CCT2;HNRNPC;CCT7;ACTN1;TXNL1;DDX39B;MSI2;RBMX"
"Beta Defensins R-HSA-1461957",0.00052661435932968,0.00317743720179818,0.477270815362862,0.495466802843297,1.87525902252427,32,"CCR2;DEFB131A;DEFB119;DEFB128;DEFB132;DEFB126;DEFB107A;DEFB1;DEFB115;DEFB127;DEFB103A;DEFB118;TLR1;DEFB135;DEFB104A;DEFB105A;CCR6;DEFB136;DEFB106A;DEFB123;DEFB124;DEFB113;DEFB129;DEFB130A;TLR2;DEFB121"
"HSF1-dependent Transactivation R-HSA-3371571",0.000550118162705419,0.00328103984562561,0.477270815362862,-0.343176417296397,-2.05036928828674,35,"HSP90AB1;DNAJB6;CAMK2D;HSPB8;HSP90AA1;HSPA2;TNFRSF21;HSPA8;CAMK2G;HSBP1;CRYAB;CAMK2A;PTGES3;CAMK2B;MRPL18;EP300"
"Sealing Of Nuclear Envelope (NE) By ESCRT-III R-HSA-9668328",0.000552949918117538,0.00328103984562561,0.477270815362862,-0.399702989876017,-2.21752341779494,27,"TUBA1C;TUBB4B;TUBB4A;TUBB2B;TUBA4A;TUBB2A"
"TBC/RABGAPs R-HSA-8854214",0.00054865633521488,0.00328103984562561,0.477270815362862,-0.30442906159119,-1.86974974529457,43,"GABARAPL2;RAB7A;GABARAP;ULK1;OPTN;RAB6B;RAB5C;GGA3;RAB11A;RAB4A;RAB6A;TBC1D25"
"Metabolism Of Polyamines R-HSA-351202",0.000556718466676762,0.00328525073192771,0.477270815362862,-0.276177169354971,-1.89602268944224,58,"PSMB7;OAZ1;PSMC5;PSMD8;PSMB6;AZIN1;PSMA1;OAZ2;SEM1;PSMD14;PSMD7;PSMD2;SLC38A1;PSMD3;PSMB1;PSMC4;PSMD4;PSMB5;PSME1;PSMC1;PSMB2"
"Diseases Of DNA Repair R-HSA-9675135",0.000574816053766874,0.00337351061063182,0.477270815362862,0.441948886800451,1.82658294271237,50,"ATM;RAD51AP1;RMI2;NEIL1;MRE11;BRCA2;RMI1;RBBP8;RHNO1;POLR1B;OGG1;RAD51;SERPINA2;RFC4;PALB2;XRCC2;RAD51D;RAD9B;NEIL3;BARD1;BLM;WRN;MLH1;RFC3;DNA2;NTHL1;RAD50;TOPBP1;RAD17;MUTYH;MSH3"
"Constitutive Signaling By Ligand-Responsive EGFR Cancer Variants R-HSA-1236382",0.000585983712231536,0.00342036145074277,0.477270815362862,-0.507920682575043,-2.30538673416143,17,"GRB2;PIK3R1;CDC37;HSP90AA1;UBA52;RPS27A"
"Signaling By FGFR2 R-HSA-5654738",0.000592800142277429,0.00344144515030248,0.477270815362862,-0.249787124133087,-1.79303830669774,70,"GRB2;PIK3R1;PPP2CA;POLR2E;POLR2A;PPP2CB;TIAL1;POLR2I;PTBP1;HNRNPH1;POLR2F;NCBP2;PPP2R1A;UBA52;MAPK1;RPS27A;MAPK3"
"Defensins R-HSA-1461973",0.00061283853135848,0.00353864829397316,0.477270815362862,0.4606077095903,1.83374069122788,39,"CCR2;DEFB131A;DEFB119;DEFB128;DEFB132;DEFB126;DEFB107A;DEFA6;DEFB1;TSPAN32;DEFB115;DEFB127;DEFB103A;DEFB118;TLR1;DEFA5;DEFB135;DEFB104A;DEFB105A;CCR6;DEFB136;DEFB106A;DEFB123;DEFB124;DEFB113;DEFB129;DEFB130A;TLR2;DEFB121;DEFA4;PRSS2;CD4;DEFB116;DEFB125"
"Interleukin-12 Family Signaling R-HSA-447115",0.000633241615360953,0.00363690638982708,0.477270815362862,-0.296334746227197,-1.96103803461843,54,"HNRNPA2B1;PPIA;HNRNPDL;CANX;PDCD4;TALDO1;HSPA9;SOD1;CDC42;RPLP0;STAT3;EBI3"
"Plasma Lipoprotein Clearance R-HSA-8964043",0.000691741499834929,0.00395175729161018,0.477270815362862,-0.34448803354791,-2.0468016409884,34,"CLTC;CLTA;APOE;AP2M1;HDLBP;AP2A1;NCEH1;AP2B1;AP2S1;NR1H2;UBA52;RPS27A"
"Homologous DNA Pairing And Strand Exchange R-HSA-5693579",0.000740306460821824,0.00420682084086053,0.477270815362862,0.458992710867224,1.85007098943815,42,"ATM;RAD51AP1;RMI2;MRE11;BRCA2;RMI1;RBBP8;RHNO1;POLR1B;RAD51;SERPINA2;RFC4;PALB2;XRCC2;RAD51D;XRCC3;RAD9B;BARD1;BLM;WRN;RFC3;DNA2;RAD50;TOPBP1;RAD17;CHEK1"
"Cyclin E Associated Events During G1/S Transition R-HSA-69202",0.000794124081428626,0.00448889086028602,0.477270815362862,-0.227511942449231,-1.59910027073026,81,"PSMB7;SKP1;CDKN1B;PSMC5;PSMD8;PSMB6;PSMA1;SEM1;PSMD14;PSMD7;PSMD2;UBA52;PSMD3;RPS27A;CUL1;MAX;PSMB1;PSMC4;PSMD4;PSMB5"
"Amino Acids Regulate mTORC1 R-HSA-9639288",0.000833209335922534,0.00468516663236021,0.477270815362862,-0.292224282430428,-1.93383644605006,54,"ATP6V0C;ATP6V1B2;ATP6V0E2;ATP6V1F;ATP6V0B;ATP6V1E1;RRAGA;ATP6V0D1;ATP6V1A;ATP6V1G2;FNIP2;ATP6V1H;ATP6V1G1;LAMTOR1"
"Activation Of APC/C And APC/C:Cdc20 Mediated Degradation Of Mitotic Proteins R-HSA-176814",0.000844182829770684,0.00469768061748038,0.477270815362862,-0.236827545798993,-1.69889946208627,75,"PSMB7;PSMC5;BUB3;PSMD8;PSMB6;PSMA1;SEM1;ANAPC11;PSMD14;PSMD7;PSMD2;UBA52;UBE2E1;PSMD3;RPS27A;PSMB1;PSMC4;PSMD4;PSMB5;ANAPC5;PSME1;PSMC1;PSMB2;PSMC6;PSMA5;PSMF1;CDC16;PSMC3;PSMD10;PSMA2;PSMB3;PSMC2;UBE2S;PSMA4;PSMA3;PSME3;CDC27;ANAPC7;PSMA7;ANAPC15;UBB;CCNA2;PSMD11;PSMD12;UBE2D1;ANAPC16;CDC26;PSMD6;PSMB10;ANAPC10;ANAPC4;PSMD13;PSMB4;PSME2;BUB1B;CCNA1;PTTG1;PSMB8;ANAPC2;PSMA6;NEK2;CDK1;ANAPC1;UBE2C;PSMA8;PSME4;PSMD5;PSMB9;CCNB1;CDC23;PSMB11"
"Loss Of Nlp From Mitotic Centrosomes R-HSA-380259",0.000843098630988803,0.00469768061748038,0.477270815362862,-0.249779598538315,-1.76502102192646,68,"YWHAE;TUBB4B;DYNC1H1;TUBB4A;TUBA4A;YWHAG;DYNC1I2;CSNK1E;HSP90AA1;DYNLL1;DCTN1;PPP2R1A;PAFAH1B1;DCTN3;PRKAR2B;SSNA1"
"Ion Transport By P-type ATPases R-HSA-936837",0.000857780730135189,0.00474874486683089,0.477270815362862,-0.291553164154463,-1.91258236845494,52,"ATP1B1;ATP2B4;ATP8A1;ATP2A2;ATP2B1;ATP1A3;CALM1;CAMK2D;ATP9A;CAMK2G;SRI;ATP1B2;ATP2C1;ATP1A2;CAMK2A;FXYD7"
"Nuclear Envelope (NE) Reassembly R-HSA-2995410",0.000978354389798637,0.00538847494689095,0.45505986738723,-0.243983799937489,-1.75138050457921,70,"TUBA1C;TUBB4B;TUBB4A;TUBB2B;PPP2CA;RAN;TUBA4A;TUBB2A;SIRT2;RANGAP1;PPP2R1A;CHMP4B;TUBA3D;BANF1;KPNB1"
"Signaling By ERBB2 ECD Mutants R-HSA-9665348",0.00100950408464015,0.00553167034134451,0.45505986738723,-0.507950782755156,-2.18807909082294,15,"GRB2;PIK3R1;CDC37;HSP90AA1"
"Golgi Associated Vesicle Biogenesis R-HSA-432722",0.00102393677296444,0.00558227458966402,0.45505986738723,-0.289882041032742,-1.91833632490125,54,"VAMP2;DNAJC6;CLTC;CLTA;DNM2;TPD52;FTH1;HSPA8;RAB5C;SORT1;TGOLN2;ARRB1;TFRC;GAK;PICALM;BLOC1S1;IGF2R;AP1M1"
"MAPK6/MAPK4 Signaling R-HSA-5687128",0.00105522853721335,0.00572381539882395,0.45505986738723,-0.21509730401093,-1.58428375650538,89,"PSMB7;SEPTIN7;PSMC5;PRKACB;PSMD8;PSMB6;CDC42;RNASE1;PSMA1;SEM1;PSMD14;PSMD7;PSMD2;UBA52;PSMD3;RPS27A;XPO1;PSMB1;PSMC4;PSMD4;PRKCA;PSMB5;MAPKAPK5;CCND3;PSME1;PSMC1;PSMB2;TNRC6B"
"Chemokine Receptors Bind Chemokines R-HSA-380108",0.00121355869709692,0.00651681020341044,0.45505986738723,0.421707480684373,1.76066290032363,53,"CCR2;CCL5;CCR9;CCL20;CCL1;CCL13;CCR7;CCL22;CCR5;CXCR2;ACKR3;CXCL1;CCL17;CXCR1;CXCL5;CX3CR1;CCL3;CCL28;CCR6;CXCL6;CXCL9;CCL27;CCL7;CXCR3;CXCL13;CCR1;CXCL11;CCRL2;CCL11;CCL25;ACKR2;CCL16;CXCL10;CXCR5;XCL1;ACKR4;CXCL2;CCR8;XCR1;PF4"
"Recruitment Of NuMA To Mitotic Centrosomes R-HSA-380320",0.00121341419737882,0.00651681020341044,0.45505986738723,-0.231801825021528,-1.6211885824286,79,"YWHAE;TUBB4B;DYNC1H1;TUBB4A;NUMA1;TUBA4A;YWHAG;DYNC1I2;CSNK1E;HSP90AA1;DYNLL1;DCTN1;PPP2R1A;PAFAH1B1;DCTN3;PRKAR2B;SSNA1"
"Antigen processing-Cross Presentation R-HSA-1236975",0.00136770611722863,0.00727186321734433,0.45505986738723,-0.218320594483173,-1.57885341792779,103,"PSMB7;CALR;HMGB1;HLA-B;PSMC5;S100A1;PDIA3;PSMD8;PSMB6;B2M;ITGAV;SEC61G;NDUFA2;PSMA1;SEM1;PSMD14;PSMD7;PSMD2;UBA52;PSMD3;RPS27A;PSMB1;PSMC4;PSMD4;PSMB5;HLA-A;HLA-C"
"Glycolysis R-HSA-70171",0.00136324342819486,0.00727186321734433,0.45505986738723,-0.239803625000163,-1.66077573576573,67,"PGK1;ENO2;PKM;ALDOC;PPP2CA;ENO1;PPP2CB;PRKACB;TPI1;PFKP;PFKM;PGAM4;PPP2R1A;PPP2R5D;PFKL"
"Hedgehog Ligand Biogenesis R-HSA-5358346",0.00140455207656474,0.00739459644261372,0.45505986738723,-0.258302693228818,-1.74784664144865,63,"PSMB7;VCP;PSMC5;PSMD8;PSMB6;PSMA1;SEM1;ERLEC1;PSMD14;OS9;PSMD7;PSMD2;UBA52;PSMD3;RPS27A;PSMB1;PSMC4;PSMD4;PSMB5;PSME1;PSMC1;PSMB2"
"Platelet Homeostasis R-HSA-418346",0.00140456021815009,0.00739459644261372,0.45505986738723,-0.226559295875205,-1.62110378987152,83,"GNAS;ATP2B4;PPP2CA;ATP2A2;ATP2B1;PPP2CB;CALM1;GNG7;GNB1;KCNMB4;SRI;SLC8A2;SLC8A1;PPP2R1A;PPP2R5D;PPP2R5B;GNB2;GNG2;PDE2A;KCNMA1;GNG3"
"Basigin Interactions R-HSA-210991",0.00143893951551703,0.00753863921787945,0.45505986738723,-0.379570098414767,-2.05188560873684,25,"ATP1B1;PPIA;BSG;MAG;SLC7A10;ATP1B2;L1CAM;DEAF1;SLC16A1"
"Peptide Ligand-Binding Receptors R-HSA-375276",0.00144793629571641,0.00754894942523995,0.45505986738723,0.303878479831676,1.47985306870575,191,"NPW;INSL3;CCR2;GHSR;HCRTR1;PRLHR;CCL5;AGTR2;F2RL2;PROK1;SFTPA2;CCR9;MC2R;CCL20;PNOC;MC1R;CCL1;NMUR1;GAL;GALR2;QRFP;C5AR2;PMCH;RLN2;AGTR1;NMS;UTS2B;NPSR1;C5;EDN3;BDKRB1;CCL13;NPFFR1;CCR7;NLRP3;CCL22;EDNRA;FPR2;CCR5;F2RL3;SSTR5;RXFP2;CXCR2;ACKR3;CXCL1;CCL17;XK;CCKAR;FPR3;CXCR1;F2R;NTS;CXCL5;PRLH;AVPR2;CX3CR1;CCL3;MRLN;CCL28;NPS;CCR6;NPY1R;CXCL6;GPNMB;CXCL9;PPY;UTS2R;ANXA1;ACKR1;CCL27;CCL7;TACR3;CXCR3;RXFP4;CXCL13;NPY5R;CCR1;BDKRB2;POMC;CXCL11;CCRL2;NMBR;CCL11;UCMA;PYY;NPFFR2;NPBWR1;CCL25;ACKR2;TAC1;CCL16;CXCL10;RXFP3;OXTR;CXCR5;QRFPR;XCL1;ACKR4;CXCL2;MC3R;PROKR2;GHRL;MCHR2;CCR8;PDYN;NPBWR2;TTF2;PROK2;XCR1;PF4;AVPR1A;HCRT;MLNR;BRS3;NTSR2;CORT;CCR3;SSTR1;TRHR;CCL23;SSTR2;NPY2R;NPY;GPER1;TAC3;APLN;MC5R;UTS2;CD200R1;EDN2;INSL5;CCL21;CXCL8;CCKBR;TACR2;KNG1;KEL;GALR1;OXT;PENK;CXCL16;CXCR6;NMUR2;OPRL1;GRPR;AGXT"
"Aflatoxin Activation And Detoxification R-HSA-5423646",0.00149147834609602,0.00772725787205109,0.45505986738723,0.561407500011161,1.84861891887709,19,"AKR7A2;DPEP3;DPEP2;GGT5;CYP3A4;CYP2A13;CYP1A2;CYP3A5;AKR7L;GGT1;AKR7A3;ACY1;GGT6;ACY3"
"Defective HDR Thru Homologous Recombination (HRR) Due To BRCA1 Loss-Of-Function R-HSA-9701192",0.00149652666423336,0.00772725787205109,0.45505986738723,0.520859212873286,1.85944244181245,25,"ATM;RAD51AP1;RMI2;MRE11;BRCA2;RMI1;RBBP8;RAD51;PALB2;XRCC2;RAD51D;BARD1;BLM;WRN;DNA2;RAD50"
"Interleukin-12 Signaling R-HSA-9020591",0.00151455044118266,0.00778290513794342,0.45505986738723,-0.301839071460984,-1.86189692078426,44,"HNRNPA2B1;PPIA;HNRNPDL;PDCD4;TALDO1;HSPA9;SOD1;CDC42;RPLP0"
"Defective Homologous Recombination Repair (HRR) Due To BRCA2 Loss Of Function R-HSA-9701190",0.00154374424698047,0.00789514914884296,0.45505986738723,0.454904399331726,1.8210373501937,40,"ATM;RAD51AP1;RMI2;MRE11;BRCA2;RMI1;RBBP8;RHNO1;POLR1B;RAD51;SERPINA2;RFC4;PALB2;XRCC2;RAD51D;RAD9B;BARD1;BLM;WRN;RFC3;DNA2;RAD50;TOPBP1;RAD17"
"MyD88-independent TLR4 Cascade R-HSA-166166",0.00160192647074082,0.0081154199508285,0.45505986738723,-0.198170637951722,-1.44453570256527,105,"APP;HMGB1;SKP1;PPP2CA;PPP2CB;S100B;MAP2K7;FBXW11;MAPK10;MAP2K4;MAP2K1;NDUFA2;SAA2;MEF2C;PPP2R1A;UBE2D2;PPP2R5D;UBA52;MAPK1;RPS27A;CUL1;MAPK3"
"Sensory Processing Of Sound By Inner Hair Cells Of Cochlea R-HSA-9662360",0.00159457908007415,0.0081154199508285,0.45505986738723,-0.238074642293329,-1.64880155261038,67,"VAMP2;SYP;ATP2B4;SNAP25;RAB3A;SYN1;CABP1;ATP2B1;SPTAN1;PCLO;EPB41L1;DNAJC5;BSN;STX1A;CAPZB"
"CDK-mediated Phosphorylation And Removal Of Cdc6 R-HSA-69017",0.00163703124250749,0.00825432654672792,0.45505986738723,-0.238489059427554,-1.71730122906033,71,"PSMB7;PSMC5;PSMD8;PSMB6;PSMA1;SEM1;ANAPC11;PSMD14;PSMD7;PSMD2;UBA52;UBE2E1;PSMD3;RPS27A;PSMB1;PSMC4;PSMD4;PSMB5;ANAPC5;PSME1;PSMC1;PSMB2"
"Pyruvate Metabolism And Citric Acid (TCA) Cycle R-HSA-71406",0.00170464636856152,0.00855509439175266,0.45505986738723,-0.275230009977449,-1.76506846283825,51,"LDHB;BSG;MPC2;SDHB;MDH2;PDHX;IDH2;VDAC1;IDH3G;SDHA;PDHB;IDH3A;IDH3B;ACO2;LDHA;SLC16A1"
"MAP Kinase Activation R-HSA-450294",0.00185510134701043,0.00926687835669394,0.45505986738723,-0.246123206182075,-1.68342094747628,61,"SKP1;PPP2CA;PPP2CB;MAP2K7;FBXW11;MAPK10;MAP2K4;MAP2K1;MEF2C;PPP2R1A;PPP2R5D;UBA52;MAPK1;RPS27A;CUL1;MAPK3"
"p53-Dependent G1 DNA Damage Response R-HSA-69563",0.00186631361444889,0.00927972602739866,0.45505986738723,-0.246547199330165,-1.67697562010451,64,"PSMB7;CDKN1B;PSMC5;PSMD8;PSMB6;PSMA1;SEM1;PCBP4;PSMD14;PSMD7;PSMD2;UBA52;PSMD3;RPS27A;PSMB1;PSMC4;PSMD4;PSMB5;PSME1;PSMC1;PSMB2"
"APC/C-mediated Degradation Of Cell Cycle Proteins R-HSA-174143",0.00187648365021847,0.00928729696006743,0.45505986738723,-0.215766279627417,-1.56087623636661,86,"PSMB7;SKP1;PSMC5;BUB3;PSMD8;PSMB6;PSMA1;SEM1;ANAPC11;PSMD14;PSMD7;PSMD2;UBA52;UBE2E1;PSMD3;RPS27A;CUL1;PSMB1;PSMC4;PSMD4;PSMB5;ANAPC5"
"Cholesterol Biosynthesis R-HSA-191273",0.0019079083483594,0.00939951177127522,0.45505986738723,-0.365376331137072,-2.0148070720567,26,"DHCR24;HMGCS1;SC5D;FDPS;SREBF1;MVD;DHCR7;SREBF2;CYP51A1"
"Cross-presentation Of Soluble Exogenous Antigens (Endosomes) R-HSA-1236978",0.00197608150398551,0.0096909202524221,0.431707695803346,-0.285957191004379,-1.85371463795016,48,"PSMB7;PSMC5;PSMD8;PSMB6;PSMA1;SEM1;PSMD14;PSMD7;PSMD2;PSMD3;PSMB1;PSMC4;PSMD4;PSMB5;PSME1;PSMC1;PSMB2"
"APC/C:Cdh1 Mediated Degradation Of Cdc20 And APC/C:Cdh1 Targets In Late Mitosis/Early G1 R-HSA-174178",0.0021221185632825,0.0102664654818261,0.431707695803346,-0.22336808239157,-1.63756767052703,72,"PSMB7;PSMC5;PSMD8;PSMB6;PSMA1;SEM1;ANAPC11;PSMD14;PSMD7;PSMD2;UBA52;UBE2E1;PSMD3;RPS27A;PSMB1;PSMC4;PSMD4;PSMB5;ANAPC5;PSME1;PSMC1;PSMB2"
"AURKA Activation By TPX2 R-HSA-8854518",0.0021221185632825,0.0102664654818261,0.431707695803346,-0.234446771790463,-1.68819370713016,71,"YWHAE;TUBB4B;DYNC1H1;TUBB4A;TUBA4A;YWHAG;DYNC1I2;CSNK1E;HSP90AA1;DYNLL1;DCTN1;PPP2R1A;PAFAH1B1;DCTN3;PRKAR2B;SSNA1"
"ROS And RNS Production In Phagocytes R-HSA-1222556",0.00212153082794529,0.0102664654818261,0.431707695803346,-0.321793104236529,-1.94782595364331,36,"ATP6V0C;ATP6V0A1;ATP6V1B2;ATP6V0E2;ATP6V1F;ATP6V0B;ATP6V1E1;ATP6V0D1;ATP6V1A;ATP6V1G2"
"Activation Of Gene Expression By SREBF (SREBP) R-HSA-2426168",0.0021509869900976,0.0103044406418781,0.431707695803346,-0.30093090343954,-1.82869504033379,42,"HMGCS1;SC5D;SCD;ACACA;FDPS;FASN;SREBF1;MVD;NFYA;DHCR7;SREBF2;CYP51A1"
"Potential Therapeutics For SARS R-HSA-9679191",0.00215366316965774,0.0103044406418781,0.431707695803346,-0.212699875110979,-1.5270538837087,95,"ATP1B1;GRB2;HSP90AB1;AP2M1;ATP1A3;RBX1;AP2A1;HSP90AA1;MTA1;AP2B1;IFNGR1;AP2S1;ATP1B2;SIGMAR1;ATP1A2;FXYD7;GATAD2B;RBBP7;HDAC2;PTGES3;FKBP1A"
"Presynaptic Phase Of Homologous DNA Pairing And Strand Exchange R-HSA-5693616",0.00215875153111971,0.0103044406418781,0.431707695803346,0.436174472552267,1.73646871761088,39,"ATM;RMI2;MRE11;BRCA2;RMI1;RBBP8;RHNO1;POLR1B;RAD51;SERPINA2;RFC4;XRCC2;RAD51D;RAD9B;BARD1;BLM;WRN;RFC3;DNA2;RAD50;TOPBP1;RAD17;CHEK1"
"RHOU GTPase Cycle R-HSA-9013420",0.0021808927032055,0.0103357718967425,0.431707695803346,-0.303104379029823,-1.87805430218736,38,"GRB2;PIK3R1;CLTC;SPTAN1;GIT1;CDC42;DST;SPTBN1;TXNL1;GIT2"
"Resolution Of D-loop Structures Thru Synthesis-Dependent Strand Annealing (SDSA) R-HSA-5693554",0.00218456258897629,0.0103357718967425,0.431707695803346,0.497162861580244,1.80741476453056,27,"ATM;RAD51AP1;RMI2;MRE11;BRCA2;RMI1;RBBP8;RAD51;PALB2;XRCC2;RAD51D;XRCC3;BARD1;BLM;WRN;DNA2;RAD50"
"RHOV GTPase Cycle R-HSA-9013424",0.00222020474792682,0.01045833289155,0.431707695803346,-0.320673635578053,-1.94104976708566,36,"PIK3R1;CLTC;TPM3;SPTAN1;WASL;GIT1;CDC42;DST;SPTBN1;TXNL1;GIT2;MYO9A"
"Oncogenic MAPK Signaling R-HSA-6802957",0.00232615736094646,0.0109095764439148,0.431707695803346,-0.217553361672591,-1.5202263265817,77,"PEBP1;PPP1CB;QKI;CALM1;YWHAB;CAMK2D;PPP1CC;PAPSS1;SND1;MAP2K1;CAMK2G;MAPK1;ARRB1;CAMK2A;MAPK3;MPRIP;FAM131B;FXR1"
"FLT3 Signaling In Disease R-HSA-9682385",0.00235682217642452,0.0110053348586084,0.431707695803346,-0.359094100828225,-1.98016475678914,26,"GRB2;PIK3R1;UBA52;RPS27A;SPTBN1;GAB2;HRAS;BCL2L1;TRIP11;PTPN11;SOS1;GOLGB1;UBB;PIK3CA;NRAS;ZMYM2;MYO18A;LONP1;STAT5B;CDKN1A;ETV6;NOX4;CBL;FLT3LG"
"HSF1 Activation R-HSA-3371511",0.00252084394975839,0.0117202874547208,0.431707695803346,-0.357847170930809,-1.98531034700762,27,"YWHAE;HSP90AB1;VCP;DNAJB6;HSP90AA1;TNFRSF21;HSBP1"
"Centrosome Maturation R-HSA-380287",0.00274601225476828,0.012623516939643,0.431707695803346,-0.220561380899635,-1.54257453497602,79,"YWHAE;TUBB4B;DYNC1H1;TUBB4A;TUBA4A;YWHAG;DYNC1I2;CSNK1E;HSP90AA1;DYNLL1;DCTN1;PPP2R1A;PAFAH1B1;DCTN3;PRKAR2B;SSNA1;CDK11A"
"PKA Activation In Glucagon Signaling R-HSA-164378",0.00272697539696945,0.012623516939643,0.431707695803346,-0.456053633718349,-2.00729007885577,16,"GNAS;PRKAR1A;PRKACB;PRKAR1B;ADCY1;PRKAR2B"
"Regulation Of Cholesterol Biosynthesis By SREBP (SREBF) R-HSA-1655829",0.0027503751991401,0.012623516939643,0.431707695803346,-0.254733371715644,-1.72122193329721,55,"HMGCS1;SC5D;SCD;RAN;ACACA;FDPS;FASN;SREBF1;MVD;NFYA;KPNB1;DHCR7;SREBF2;CYP51A1"
"Cyclin A:Cdk2-associated Events At S Phase Entry R-HSA-69656",0.00282299227044537,0.0128637233387561,0.431707695803346,-0.218871291636104,-1.56609367536525,83,"PSMB7;SKP1;CDKN1B;PSMC5;PSMD8;PSMB6;PSMA1;SEM1;PSMD14;PSMD7;PSMD2;UBA52;PSMD3;RPS27A;CUL1;MAX;PSMB1;PSMC4;PSMD4;PSMB5"
"P75 NTR Receptor-Mediated Signaling R-HSA-193704",0.00282666546363729,0.0128637233387561,0.431707695803346,-0.213253952172324,-1.52962489075656,94,"YWHAE;RTN4;BEX3;SQSTM1;RHOA;PSENEN;MAG;ARHGEF2;NGEF;RASGRF2;RNASE1;ARHGDIA;ABR;PREX1;OBSCN;TRIO;UBA52;OMG;RPS27A"
"TCR Signaling R-HSA-202403",0.00288573969587616,0.0130771495078945,0.431707695803346,-0.195637770229822,-1.41878239091007,111,"PSMB7;PIK3R1;SKP1;HLA-DRB1;EVL;PSMC5;PSMD8;PSMB6;FBXW11;PSMA1;SEM1;PTPRJ;PSMD14;PSMD7;UBE2D2;PSMD2;UBA52;PSMD3;HLA-DQB2;HLA-DRA;RPS27A;CUL1"
"Formation Of Cornified Envelope R-HSA-6809371",0.00291181220551048,0.0131398584399927,0.431707695803346,0.379296620471407,1.6630370809424,70,"SPINK9;SPRR2B;SPRR2A;KLK13;PERP;SPRR2E;LIPM;PI3;CSTA;LORICRIN;DSC3;CDSN;LCE3D;TGM1;SPINK6;DSG2;LCE1A;CELA2A;LCE1F;LCE5A;RPTN;LCE2A;DSPP;PPL;SPRR2F;LCE3B;TCHH;SPRR2G;SPINK5;KLK5;CASP14;SPRR1B;LCE3E;LIPN;TGM5;EVPL;PKP1;PRSS8;DSG1;LIPK;KLK12;FLG;LIPJ;SPRR3;LCE1D"
"Signaling By NTRK2 (TRKB) R-HSA-9006115",0.00292581402358847,0.0131478002566277,0.431707695803346,-0.386288220664138,-1.99752832366811,23,"GRB2;PIK3R1;NTRK2;RNASE1;GRIN2B;FYN;CDK5R1"
"Glucagon-like Peptide-1 (GLP1) Regulates Insulin Secretion R-HSA-381676",0.00296394395467195,0.013263649197157,0.431707695803346,-0.295891966547728,-1.79807446000358,42,"GNAS;PRKAR1A;PRKACB;GNG7;GNB1;KCNC2;PRKAR1B;PRKAR2B;GNB2;RAPGEF4;GNG2;GNG3"
"Cellular Response To Heat Stress R-HSA-3371556",0.00305256412967785,0.0136035430509295,0.431707695803346,-0.206830977568301,-1.49808860807301,96,"YWHAE;HSP90AB1;VCP;DNAJB6;HSPA4;HSPA9;CAMK2D;HSPA13;HSPB8;HSP90AA1;HSPA2;TNFRSF21;HSPA8;CAMK2G;HSBP1;GSK3B;HSPA12A;CRYAB;MAPK1;CAMK2A;MAPK3"
"RHOG GTPase Cycle R-HSA-9013408",0.00309185466155286,0.0137217020930073,0.431707695803346,-0.224615449879139,-1.56553787816628,74,"PGRMC2;RAB7A;PIK3R1;DOCK4;CDC42;HSPE1;ARHGDIA;PREX1;ARHGDIG;TRIO;NDUFA5;TFRC;KTN1;LAMTOR1;ARHGAP32"
"Formation Of TC-NER Pre-Incision Complex R-HSA-6781823",0.00311083066706683,0.0137491034420978,0.431707695803346,-0.274759639219523,-1.78112662021266,48,"POLR2E;POLR2A;DDB1;RBX1;PRPF19;POLR2I;POLR2F;UBA52;GPS1;RPS27A"
"G1/S DNA Damage Checkpoints R-HSA-69615",0.00315232074942444,0.013875379036401,0.431707695803346,-0.228074478932692,-1.58800103599062,66,"PSMB7;CDKN1B;PSMC5;PSMD8;PSMB6;PSMA1;SEM1;PCBP4;PSMD14;PSMD7;PSMD2;UBA52;PSMD3;RPS27A;PSMB1;PSMC4;PSMD4;PSMB5;PSME1;PSMC1;PSMB2"
"Orc1 Removal From Chromatin R-HSA-68949",0.00329650806664827,0.0144508149533888,0.431707695803346,-0.229541515302593,-1.62201237524923,68,"PSMB7;SKP1;PSMC5;RBX1;PSMD8;PSMB6;PSMA1;SEM1;PSMD14;PSMD7;PSMD2;UBA52;PSMD3;RPS27A;CUL1;PSMB1;PSMC4;PSMD4;PSMB5;PSME1;PSMC1;PSMB2"
"RHO GTPases Activate ROCKs R-HSA-5627117",0.00332818934595145,0.0145303876323246,0.431707695803346,-0.424924284995622,-2.00595393414234,18,"MYL12B;PPP1CB;RHOA;MYL6;MYH10;RHOB"
"Toll Like Receptor 9 (TLR9) Cascade R-HSA-168138",0.00334932341459039,0.0145634548472473,0.431707695803346,-0.195386428411893,-1.38661229471439,104,"APP;HMGB1;SKP1;PPP2CA;PPP2CB;S100B;MAP2K7;FBXW11;MAPK10;MAP2K4;RBSN;MAP2K1;NDUFA2;SAA2;MEF2C;PPP2R1A;PPP2R5D;UBA52;MAPK1;RPS27A;CUL1;MAPK3"
"Stabilization Of P53 R-HSA-69541",0.0034427671960795,0.0149094030991508,0.431707695803346,-0.251535783193217,-1.69961597149726,55,"PSMB7;PSMC5;PSMD8;PSMB6;PSMA1;SEM1;PSMD14;PSMD7;PSMD2;UBA52;PSMD3;RPS27A;PSMB1;PSMC4;PSMD4;PSMB5;PSME1;PSMC1;PSMB2"
"EPH-ephrin Mediated Repulsion Of Cells R-HSA-3928665",0.00350562027819512,0.0151091767303042,0.431707695803346,-0.268225996436501,-1.72000071693237,49,"CLTC;CLTA;CLTB;AP2M1;DNM1;PSENEN;AP2A1;RNASE1;AP2B1;EPHA4;AP2S1"
"Negative Regulation Of NMDA Receptor-Mediated Neuronal Transmission R-HSA-9617324",0.00351703368954939,0.0151091767303042,0.431707695803346,-0.392437722565139,-1.94670974676969,21,"CALM1;CAMK2D;DLG1;CAMK2G;GRIN2B;LLGL1;CAMK4;CAMK2A;NEFL;CAMK2B;GPRIN1;GRIN2A"
"Signaling By BRAF And RAF1 Fusions R-HSA-6802952",0.00364574796158781,0.0155997343057582,0.431707695803346,-0.226200639402077,-1.58473094348026,62,"PEBP1;QKI;CALM1;YWHAB;CAMK2D;PAPSS1;SND1;MAP2K1;CAMK2G;MAPK1;ARRB1;CAMK2A;MAPK3;MPRIP;FAM131B;FXR1"
"LDL Clearance R-HSA-8964038",0.00376910393413076,0.0160635620049859,0.431707695803346,-0.421384618497576,-1.98924411503332,18,"CLTC;CLTA;AP2M1;AP2A1;NCEH1;AP2B1;AP2S1"
"TRAF6 Mediated Induction Of NFkB And MAP Kinases Upon TLR7/8 Or 9 Activation R-HSA-975138",0.0038016511498082,0.0161382345252728,0.431707695803346,-0.199269700637243,-1.43703576874058,99,"APP;HMGB1;SKP1;PPP2CA;PPP2CB;S100B;MAP2K7;FBXW11;MAPK10;MAP2K4;MAP2K1;NDUFA2;SAA2;MEF2C;PPP2R1A;PPP2R5D;UBA52;MAPK1;RPS27A;CUL1;MAPK3"
"Activation Of BH3-only Proteins R-HSA-114452",0.00386957989884133,0.0162977600445317,0.431707695803346,-0.341789791104812,-1.94711906882571,30,"YWHAE;YWHAH;YWHAQ;PPP3R1;YWHAG;YWHAB;DYNLL1;DYNLL2"
"Resolution Of D-loop Structures Thru Holliday Junction Intermediates R-HSA-5693568",0.00386366264493797,0.0162977600445317,0.431707695803346,0.458209505524368,1.75613268733415,33,"ATM;RAD51AP1;RMI2;MRE11;BRCA2;RMI1;RBBP8;RAD51;PALB2;XRCC2;RAD51D;XRCC3;BARD1;BLM;SLX4;WRN;DNA2;EME2;RAD50;EME1"
"Acyl Chain Remodelling Of PI R-HSA-1482922",0.00393764237682383,0.0165196402840187,0.407017918923954,0.554021975349075,1.78699394630679,17,"PLBD1;PLA2G1B;PLA2G2D;PLA2R1;PLA2G4D;PLA2G2F;PLA2G2A;PLA2G4F;PLA2G4E"
"Biological Oxidations R-HSA-211859",0.0039823653863511,0.0166422584628058,0.407017918923954,0.29141099914245,1.42419611371975,200,"UGT2B10;GSTA1;CYP4F2;ACSM2B;CHAC2;ADH7;CYP2B6;AKR7A2;CYP39A1;CYP4F11;SULT1E1;CES3;DPEP3;ADH1B;UGT2B7;CYP26C1;CHAC1;DPEP2;CYP21A2;GGT5;CYP3A4;CES1;FMO1;CYP2C18;CYP2A13;GSTO2;AOC1;CYP8B1;CYP1A2;CYP2S1;CYP4A22;AOC3;SLC26A1;ABHD14B;CYP11B1;UGT2B28;CYP2R1;SULT1B1;CYP26A1;N6AMT1;FMO4;BPNT2;AADAC;CYP4F8;CYP3A5;ADH1A;AKR7L;PAPSS2;UGT2A3;OPLAH;CYP2E1;SULT2B1;PTGS1;GLYATL3;ADH6;GGT1;AKR7A3;MTR;CYP2F1;CYP7B1;ACSM5;ACY1;MTARC2;GGT6;SULT1A2;GSTM1;ACY3;CYP24A1;TPMT;BPHL;FDXR;AS3MT;ACSM2A;MAT1A;ACSM4;GLYATL1;MTRR;NR1H4;UGT2B11;CYP4F22;POMC;GSTM5;SULT1A4;PTGIS;ALDH3A1;GLYATL2;UGT2B15;CYP11A1;UGT2A1;SULT2A1;CYP1A1;SULT6B1;CYP3A43;CYP2C19"
"Interleukin-10 Signaling R-HSA-6783783",0.0041662375668691,0.0173190343301941,0.407017918923954,0.419706378166988,1.6961877387056,43,"CCR2;IL12A;CCL5;CD86;CCL20;IL10RA;IL12B;PTAFR;IL1A;IL18;CSF3;CCL22;ICAM1;CCR5;IL10RB;CXCL1;IL1RN;CCL3;CD80;FCER2;CCR1;CSF1;CXCL10;PTGS2;IL1R1;IL1R2;IL1B;CXCL2"
"Signaling By FLT3 Fusion Proteins R-HSA-9703465",0.00417656414480472,0.0173190343301941,0.407017918923954,-0.416753452123403,-1.96738161685194,18,"GRB2;PIK3R1;SPTBN1;GAB2;HRAS;TRIP11;SOS1;GOLGB1;PIK3CA;NRAS;ZMYM2;MYO18A;LONP1;STAT5B;CDKN1A;ETV6;NOX4"
"HDR Thru Homologous Recombination (HRR) R-HSA-5685942",0.00435369489304954,0.0179841089043662,0.407017918923954,0.374321487169694,1.61886333904384,65,"ATM;RAD51AP1;RMI2;MRE11;POLE2;BRCA2;POLE;RMI1;RBBP8;RHNO1;POLR1B;RAD51;SLC19A1;SERPINA2;RFC4;PALB2;POLD1;XRCC2;POLH;RAD51D;XRCC3;RAD9B;BARD1;BLM;SLX4;WRN;RFC3;DNA2;EME2;RAD50;EME1;TOPBP1;RAD17;CHEK1"
"Citric Acid Cycle (TCA Cycle) R-HSA-71403",0.00444406028413063,0.0182870526634341,0.407017918923954,-0.391943964437958,-1.88519364551134,19,"SDHB;MDH2;IDH2;IDH3G;SDHA;IDH3A;IDH3B;ACO2"
"CRMPs In Sema3A Signaling R-HSA-399956",0.00481654239339712,0.0197441470630096,0.407017918923954,-0.436914717387877,-1.92305139719682,16,"DPYSL2;CRMP1;GSK3B;FYN;CDK5R1;PLXNA1"
"Gap Junction Trafficking R-HSA-190828",0.00524566011451188,0.0214072515740423,0.407017918923954,-0.341866951310641,-1.84806938277452,25,"CLTC;CLTA;CLTB;AP2M1;DNM1;DNM2"
"HIV Elongation Arrest And Recovery R-HSA-167287",0.00530198223342203,0.0214072515740423,0.407017918923954,-0.296126270205923,-1.73263417391515,33,"POLR2E;POLR2A;ELOB;POLR2I;SSRP1;POLR2F;CDK9;POLR2C;POLR2L;SUPT4H1;ELOC;SUPT16H;CTDP1;POLR2J;POLR2G;GTF2F1;POLR2K;NELFE;SUPT5H;CCNK;NELFCD;TCEA1;POLR2H;CCNT1;ELOA2;ELOA;NELFB;CCNT2;POLR2B"
"Mitochondrial Calcium Ion Transport R-HSA-8949215",0.00526949681821156,0.0214072515740423,0.407017918923954,-0.377787165102992,-1.87403481934235,21,"SPG7;VDAC2;AKAP1;YME1L1;AFG3L2;VDAC1;MAIP1;MCU"
"Negative Regulation Of MAPK Pathway R-HSA-5675221",0.00529834786149043,0.0214072515740423,0.407017918923954,-0.300442853944409,-1.85244982684287,40,"PEBP1;PPP2CA;PPP2CB;YWHAB;MAP2K1;PPP2R1A;PPP2R5D;PPP2R5B;UBA52;MAPK1;RPS27A;MAPK3"
"Acyl Chain Remodelling Of PC R-HSA-1482788",0.00545757170863251,0.0219529288953982,0.407017918923954,0.472522950086796,1.71783739809488,27,"PLBD1;PLA2G1B;PLA2G2D;PLA2R1;PLA2G3;PLA2G4D;PLA2G2F;PLA2G2A;TMEM86B;PLB1;PLA2G4F;PLA2G4E;LPCAT2"
"Activation Of Pre-Replicative Complex R-HSA-68962",0.00549721280254191,0.022029875186306,0.407017918923954,0.442598424411285,1.6751610480648,32,"SLC25A15;POLE2;POLE;MCM3;POLR1B;DBF4;CDT1;CDC6;ORC5;ORC6;MCM6;POLA2;MCM10;PRIM1;PRIM2;MCM4;ORC3;MCM7;POLA1;SLC25A2"
"Gluconeogenesis R-HSA-70263",0.00584860955296152,0.0233509541259505,0.407017918923954,-0.319418732843145,-1.86493428520276,31,"PGK1;ENO2;MDH1;ALDOC;ENO1;MDH2;TPI1"
"Glucose Metabolism R-HSA-70326",0.00599810323561008,0.0238591217594268,0.407017918923954,-0.206910040426522,-1.49285571906779,87,"PGK1;ENO2;MDH1;PKM;ALDOC;PPP2CA;ENO1;MDH2;PPP2CB;PRKACB;TPI1;PFKP;PFKM;PGAM4;PPP2R1A;PPP2R5D;PFKL"
"Synthesis Of Active Ubiquitin: Roles Of E1 And E2 Enzymes R-HSA-8866652",0.00609525599518284,0.0241561067853372,0.407017918923954,-0.335123955780598,-1.86029197552114,29,"UBE2L3;UBE2K;UBA1;UBE2D2;USP5;UBE2Z;UBA52;UBE2E1;RPS27A;UBE2B;UBE2W;CDC34"
"CTNNB1 S33 Mutants Not Phosphorylated R-HSA-5358747",0.00616219844889246,0.0242247244816432,0.407017918923954,-0.445691550756556,-1.91988750933168,15,"PPP2CA;PPP2CB;GSK3B;PPP2R1A;PPP2R5D;PPP2R5B;CTNNB1"
"MAP3K8 (TPL2)-dependent MAPK1/3 Activation R-HSA-5684264",0.00616219844889246,0.0242247244816432,0.407017918923954,-0.444625243588571,-1.91529422097014,15,"SKP1;FBXW11;MAP2K4;MAP2K1;UBA52;RPS27A;CUL1"
"Signal Transduction By L1 R-HSA-445144",0.00618023697203934,0.0242247244816432,0.407017918923954,-0.37684336389048,-1.79790724066678,20,"NCAM1;ITGAV;RNASE1;MAP2K1;CSNK2B;MAPK1;L1CAM;MAPK3"
"RHOBTB GTPase Cycle R-HSA-9706574",0.00624576488422472,0.0243925508569358,0.407017918923954,-0.293305238373344,-1.74269520200782,34,"HSP90AB1;CDC37;HSP90AA1;CCT2;GPS1;HNRNPC;CCT7;ACTN1;TXNL1;DDX39B;MSI2;RBMX"
"DNA Damage Recognition In GG-NER R-HSA-5696394",0.00681240770955541,0.0265091517393569,0.407017918923954,-0.289495400263087,-1.72964238765582,35,"RAD23B;DDB1;RBX1;RAD23A;PARP1;YY1;UBA52;GPS1;RPS27A"
"Glucagon Signaling In Metabolic Regulation R-HSA-163359",0.00703231144701698,0.027266073985907,0.407017918923954,-0.305433028427815,-1.81074781369434,32,"GNAS;PRKAR1A;PRKACB;GNG7;GNB1;PRKAR1B;ADCY1;PRKAR2B;GNB2;GNG2;GNG3"
"Gap Junction Trafficking And Regulation R-HSA-157858",0.00728617411440427,0.0281105124778625,0.407017918923954,-0.328047220827712,-1.8199823687925,27,"CLTC;CLTA;CLTB;AP2M1;DNM1;DNM2"
"VEGFR2 Mediated Cell Proliferation R-HSA-5218921",0.00730245156547825,0.0281105124778625,0.407017918923954,-0.398615370514876,-1.8817565832985,18,"PRKCZ;AHCYL1;CALM1;PRKCB"
"Formation Of HIV Elongation Complex In Absence Of HIV Tat R-HSA-167152",0.00764008768932266,0.0293051934940448,0.407017918923954,-0.268788196955154,-1.65802231577115,44,"POLR2E;POLR2A;ELOB;POLR2I;SSRP1;POLR2F;NCBP2;CDK9;POLR2C;MNAT1;CDK7;POLR2L;SUPT4H1;ELOC;SUPT16H;ERCC3;CTDP1;POLR2J;POLR2G;GTF2F1;POLR2K;NELFE;SUPT5H;GTF2H1;CCNK;CCNH;NELFCD;NCBP1;TCEA1;POLR2H;CCNT1;GTF2H4;ELOA2;ELOA;NELFB;CCNT2;POLR2B;GTF2H3;GTF2H5"
"Drug ADME R-HSA-9748784",0.00770157930880096,0.0294310254931558,0.407017918923954,0.343096299228245,1.54043581843293,82,"UGT2B10;GSTA1;ADAL;ACSM2B;SULT1E1;UGT2B7;GGT5;PCK1;CYP3A4;CES1;SLCO1B1;BCHE;UGT2B28;PON1;ADH1A;UGT2A3;CYP2E1;SLC28A3;GLYATL3;GGT1;ACSM5;SLC22A1;ACY1;GGT6;GSTM1;TPMT;ACSM2A;ACSM4;GLYATL1;ABCC2;PON3;SLC22A2;XDH;UGT2B11;ABCG2;SLC29A1;NUDT15;SULT1A4;GLYATL2;UGT2B15;VAV3;ABCB1;SLCO1B3;UGT2A1;SULT2A1;CYP2C19;UGT3A2;UGT2B4;GSTA2;SLC28A2;GSTT1"
"MyD88 Cascade Initiated On Plasma Membrane R-HSA-975871",0.00779214751698852,0.0294310254931558,0.407017918923954,-0.198338586874244,-1.42394869398763,95,"APP;HMGB1;SKP1;PPP2CA;PPP2CB;S100B;MAP2K7;FBXW11;MAPK10;MAP2K4;MAP2K1;SAA2;MEF2C;PPP2R1A;PPP2R5D;UBA52;MAPK1;RPS27A;CUL1;MAPK3"
"Processing Of SMDT1 R-HSA-8949664",0.00783731218905265,0.0294310254931558,0.380730400722792,-0.434649804404909,-1.87232342411231,15,"SPG7;YME1L1;AFG3L2;MAIP1;MCU;PMPCA;MICU1;PMPCB;SMDT1;PARL;MICU3;PHB2;MICU2;MCUB;STOML2"
"Signaling By FGFR R-HSA-190236",0.00781243325264195,0.0294310254931558,0.407017918923954,-0.197355490041823,-1.42805523784025,84,"GRB2;PIK3R1;PPP2CA;POLR2E;POLR2A;PPP2CB;TIAL1;POLR2I;PTBP1;HNRNPH1;POLR2F;NCBP2;PPP2R1A;UBA52;MAPK1;RPS27A;MAPK3"
"Signaling By VEGF R-HSA-194138",0.0077740439238841,0.0294310254931558,0.407017918923954,-0.192384358107173,-1.36656783066608,102,"PRKCZ;PIK3R1;AAMP;ABI2;RHOA;AHCYL1;PRKACB;CALM1;PRKCB;CDC42;HSP90AA1;ITGAV;RNASE1"
"Toll Like Receptor 3 (TLR3) Cascade R-HSA-168164",0.0077740439238841,0.0294310254931558,0.407017918923954,-0.192482513823131,-1.36726506221413,102,"APP;HMGB1;SKP1;PPP2CA;PPP2CB;S100B;MAP2K7;FBXW11;MAPK10;MAP2K4;MAP2K1;SAA2;MEF2C;PPP2R1A;UBE2D2;PPP2R5D;UBA52;MAPK1;RPS27A;CUL1;MAPK3"
"Antigen Activates B Cell Receptor Leading To Second Messenger Generation R-HSA-983695",0.00795616713641845,0.0297732526289666,0.380730400722792,-0.308186346325977,-1.79935371472695,31,"GRB2;PIK3R1;CD22;CLSTN1;AHCYL1;CALM1"
"Amyloid Fiber Formation R-HSA-977225",0.00812493058274761,0.030299220298163,0.380730400722792,-0.207021521237403,-1.48508379751154,75,"APP;SNCA;ITM2B;APOE;H3-3B;CST3;PSENEN;H2AZ1;B2M;H4C15;SAA2;GGA3;UBA52;H2AC6;RPS27A;TSPAN15"
"Signaling By PDGFR In Disease R-HSA-9671555",0.00822871853840125,0.0305800820423631,0.380730400722792,-0.372859657550807,-1.7934008961977,19,"GRB2;PIK3R1;STAT3;HRAS;PIK3CB;KANK1;FIP1L1;WDR48;SOS1;STAT1;PIK3R2;PDGFRA;GOLGA4;PIK3CA;NRAS"
"ER Quality Control Compartment (ERQC) R-HSA-901032",0.00830850337118356,0.0307701124850039,0.380730400722792,-0.367849745175181,-1.75499898286678,20,"MARCHF6;AMFR;OS9;UBA52;RPS27A;UGGT1;SEL1L;RNF103;RNF5;UBB;EDEM2;EDEM3;SYVN1;RNF139;MAN1B1;TRIM13;UGGT2"
"Negative Regulation Of MET Activity R-HSA-6807004",0.00929562174652527,0.0343075524253201,0.380730400722792,-0.364225986277873,-1.73771014887316,20,"GRB2;EPS15;PTPRJ;UBA52;RPS27A;RNMT;SH3GL1;SH3GL2;SOS1;SH3KBP1;HGS;UBB;STAM2;USP8;STAM;CBL;SH3GL3;PTPN1;PTPN2;LRIG1"
"Asymmetric Localization Of PCP Proteins R-HSA-4608870",0.00963587140911357,0.0353532194833406,0.380730400722792,-0.219197367454068,-1.49925496960598,61,"PSMB7;PSMC5;PSMD8;PSMB6;PSMA1;SEM1;PSMD14;PSMD7;PSMD2;UBA52;PSMD3;RPS27A;PSMB1;PSMC4;PSMD4;PSMB5;PSME1;PSMC1;PSMB2"
"Post-translational Modification: Synthesis Of GPI-anchored Proteins R-HSA-163125",0.00964477961696351,0.0353532194833406,0.380730400722792,0.336630719354498,1.53746293822788,91,"GPIHBP1;LYPD5;TECTA;RAET1G;LY6D;PIGH;SPRN;MSLN;FOLR2;CD109;OTOA;PSCA;XPNPEP2;GPLD1;LYPD6B;GP2;SPACA4;LY6K;LY6G6C;LYPD2;PIGB;PLAUR;NRN1L;LY6G6F;RAET1L;CD52;VNN2;LYPD3;LYPD4;TEX101;CNTN5;ALPP;PRSS21;ALPL;LYPD8;LYPD1;RTN4RL2;TECTB;CPM;ALPG;PRSS41;PIGV;ART4;DPM1;CNTN3;PIGF;RECK;PRND;PIGL;PLET1;PIGW;VNN1;PIGQ;ULBP2;CEACAM7;PIGA;CEACAM5"
"Listeria Monocytogenes Entry Into Host Cells R-HSA-8876384",0.00989577997395556,0.0361498901089397,0.380730400722792,-0.390482267171228,-1.84336237702445,18,"GRB2;EPS15;UBA52;CTNNB1;RPS27A"
"MyD88 Dependent Cascade Initiated On Endosome R-HSA-975155",0.00996979521465369,0.0362968137645358,0.380730400722792,-0.194401874180093,-1.36986060224627,100,"APP;HMGB1;SKP1;PPP2CA;PPP2CB;S100B;MAP2K7;FBXW11;MAPK10;MAP2K4;MAP2K1;NDUFA2;SAA2;MEF2C;PPP2R1A;PPP2R5D;UBA52;MAPK1;RPS27A;CUL1;MAPK3"
"Unfolded Protein Response (UPR) R-HSA-381119",0.0101561632284345,0.0368504030653334,0.380730400722792,-0.189214346779606,-1.39364469247589,89,"CALR;GSK3A;ADD1;TSPYL2;WIPI1;KLHDC3;ATP6V0D1;HDGF;DCTN1;ACADVL;PPP2R5B;PDIA6;CTDSP2;SSR1;NFYA;ASNS"
"PKA-mediated Phosphorylation Of CREB R-HSA-111931",0.0101979411945344,0.0368774035115485,0.380730400722792,-0.363167884258064,-1.74678487175805,19,"PRKAR1A;PRKACB;CALM1;PRKAR1B;ADCY1;PRKAR2B"
"Resolution Of D-Loop Structures R-HSA-5693537",0.0103038046884046,0.0371351887092166,0.380730400722792,0.434310811812953,1.67720237824614,34,"ATM;RAD51AP1;RMI2;MRE11;BRCA2;RMI1;RBBP8;RAD51;PALB2;XRCC2;RAD51D;XRCC3;BARD1;BLM;SLX4;WRN;DNA2;EME2;RAD50;EME1"
"Acyl Chain Remodelling Of PG R-HSA-1482925",0.0104397848110607,0.0373744296235972,0.380730400722792,0.509760891657515,1.66040918379164,18,"PLA2G1B;PLA2G2D;PLA2R1;PLA2G3;PLA2G4D;PLA2G2F;PLA2G2A"
"Platelet Calcium Homeostasis R-HSA-418360",0.0104283358365872,0.0373744296235972,0.380730400722792,-0.322838097574866,-1.78023705065655,26,"ATP2B4;ATP2A2;ATP2B1;CALM1;SRI;SLC8A2;SLC8A1"
"Sensory Processing Of Sound R-HSA-9659379",0.0106739421259447,0.0380857602766267,0.380730400722792,-0.20245426859328,-1.45232028162011,75,"VAMP2;SYP;ATP2B4;SNAP25;RAB3A;SYN1;CABP1;ATP2B1;SPTAN1;PCLO;EPB41L1;DNAJC5;BSN;STX1A;CAPZB"
"Switching Of Origins To A Post-Replicative State R-HSA-69052",0.0111774432464649,0.0397502451877592,0.380730400722792,-0.188074462418046,-1.38524895601318,89,"PSMB7;SKP1;PSMC5;RBX1;PSMD8;PSMB6;PSMA1;SEM1;ANAPC11;PSMD14;PSMD7;PSMD2;UBA52;UBE2E1;PSMD3;RPS27A;CUL1;PSMB1;PSMC4;PSMD4;PSMB5;ANAPC5"
"Formation Of Incision Complex In GG-NER R-HSA-5696395",0.0113542470744484,0.0402457470559656,0.380730400722792,-0.281336192982125,-1.73464329449753,40,"UBE2V2;RAD23B;DDB1;RBX1;RAD23A;PARP1;UBA52;RPS27A"
"Activation Of ATR In Response To Replication Stress R-HSA-176187",0.0119846929157496,0.0423406585247206,0.380730400722792,0.426645794877922,1.65851270124657,35,"SLC25A15;CDC25C;MCM3;POLR1B;DBF4;SERPINA2;CDC6;ORC5;ORC6;MCM6;RFC4;MCM10;CDC25A;RAD9B;MCM4;RFC3;CLSPN;RAD17;ORC3;MCM7;CHEK1;SLC25A2"
"Impaired BRCA2 Binding To RAD51 R-HSA-9709570",0.0120886815744546,0.0425680131507024,0.380730400722792,0.429862361691093,1.66002354934997,34,"ATM;RMI2;MRE11;BRCA2;RMI1;RBBP8;RHNO1;POLR1B;RAD51;SERPINA2;RFC4;RAD9B;BARD1;BLM;WRN;RFC3;DNA2;RAD50;TOPBP1;RAD17"
"Interaction Between L1 And Ankyrins R-HSA-445095",0.012250710463272,0.0429975916259939,0.380730400722792,-0.313478947532303,-1.74013931421527,29,"KCNQ3;SPTAN1;SCN8A;NRCAM;NFASC;SPTBN2;ANK3;SCN1B;L1CAM;SPTBN4;SCN2A;SPTBN1"
"Signaling By FGFR3 R-HSA-5654741",0.0125343976051179,0.0438499772895654,0.380730400722792,-0.259817813314326,-1.60984794624782,38,"GRB2;PIK3R1;PPP2CA;PPP2CB;PPP2R1A;UBA52;MAPK1;RPS27A;MAPK3"
"Nephrin Family Interactions R-HSA-373753",0.0134251015016176,0.046813503288108,0.380730400722792,-0.339839090435573,-1.70739625562638,22,"PIK3R1;SPTAN1;WASL;FYN;ACTN1;SPTBN1;PIK3CB;IQGAP1;ACTN2;ACTN4;PIK3R2;MAGI2;KIRREL3;PIK3CA;CASK;KIRREL1;NCK1;NCK2;CD2AP"
"PKA Activation R-HSA-163615",0.0138897147601513,0.0482768726614966,0.380730400722792,-0.392354758408463,-1.78084784918429,17,"PRKAR1A;PRKACB;CALM1;PRKAR1B;ADCY1;PRKAR2B"
"Attenuation Phase R-HSA-3371568",0.0139624394961978,0.0483730968352144,0.380730400722792,-0.313822491104502,-1.69646622820019,25,"HSP90AB1;DNAJB6;HSP90AA1;HSPA2;TNFRSF21;HSPA8;HSBP1"
"G1/S-Specific Transcription R-HSA-69205",0.0140410808227324,0.048489134416767,0.380730400722792,0.433043102333298,1.59716138069877,29,"TK1;SLC25A15;TYMS;CDT1;RBL1;CDC6;LIN37;CDC25A;HDAC1;E2F5;RRM2;FBXO5;RBL2;CCNE1;POLA1;E2F4;LIN9;TFDP1;DHFR;CDK1;LIN52;LIN54"
"Assembly Of HIV Virion R-HSA-175474",0.0140895932968185,0.0485007153871254,0.380730400722792,-0.394321187701702,-1.73557877722137,16,"PPIA;VPS28;UBA52;RPS27A;SGIP1;FURIN;MVB12B;UBAP1;VPS37D;UBB;NMT2;VPS37B;TSG101;VPS37C"
"Signaling By FGFR2 IIIa TM R-HSA-8851708",0.0142770622422345,0.0489890250739932,0.380730400722792,-0.349499863135304,-1.68104367172632,19,"POLR2E;POLR2A;POLR2I;POLR2F;NCBP2"
"Regulation Of Signaling By CBL R-HSA-912631",0.0146770242089,0.0502010318482757,0.380730400722792,-0.378535147708333,-1.78696322043468,18,"GRB2;PIK3R1;CLSTN1"
"Pausing And Recovery Of Tat-mediated HIV Elongation R-HSA-167238",0.01514372374559,0.0516328866754402,0.380730400722792,-0.289930346933417,-1.69276560427149,31,"POLR2E;POLR2A;ELOB;POLR2I;SSRP1;POLR2F"
"Detoxification Of Reactive Oxygen Species R-HSA-3299685",0.0153171547447793,0.0520589373287754,0.380730400722792,-0.274540433607148,-1.63120269879164,34,"PRDX1;PRDX2;PRDX5;SOD1;GSTP1;ATOX1;CYCS;GPX1"
"Beta-catenin Phosphorylation Cascade R-HSA-196299",0.0155717205610457,0.0527571857494102,0.380730400722792,-0.388707309636382,-1.76429254773435,17,"PPP2CA;PPP2CB;GSK3B;PPP2R1A;PPP2R5D;PPP2R5B;CTNNB1"
"Antigen Presentation: Folding, Assembly, Peptide Loading Of Class I MHC R-HSA-983170",0.0159229860339121,0.0537513570653717,0.352487857583619,-0.298584034188989,-1.67681613995387,28,"CALR;HLA-B;CANX;PDIA3;B2M"
"VEGFA-VEGFR2 Pathway R-HSA-4420097",0.0159652541004223,0.0537513570653717,0.352487857583619,-0.193017814752427,-1.409388603979,93,"PRKCZ;PIK3R1;ABI2;RHOA;AHCYL1;PRKACB;CALM1;PRKCB;CDC42;HSP90AA1;ITGAV;RNASE1"
"Toll Like Receptor 7/8 (TLR7/8) Cascade R-HSA-168181",0.0163595612982439,0.054906777607231,0.352487857583619,-0.190039005317587,-1.33203153218459,101,"APP;HMGB1;SKP1;PPP2CA;PPP2CB;S100B;MAP2K7;FBXW11;MAPK10;MAP2K4;MAP2K1;NDUFA2;SAA2;MEF2C;PPP2R1A;PPP2R5D;UBA52;MAPK1;RPS27A;CUL1;MAPK3"
"Formation Of HIV-1 Elongation Complex Containing HIV-1 Tat R-HSA-167200",0.016639024659071,0.0553260448416167,0.352487857583619,-0.25798781843002,-1.56773876872469,42,"POLR2E;POLR2A;ELOB;POLR2I;SSRP1;POLR2F;NCBP2;CDK9;POLR2C;MNAT1;CDK7;POLR2L;SUPT4H1;ELOC;SUPT16H;ERCC3;CTDP1;POLR2J;POLR2G;GTF2F1;POLR2K;NELFE;SUPT5H;GTF2H1;CCNH;NELFCD;NCBP1;TCEA1;POLR2H;CCNT1;GTF2H4;ELOA2;ELOA;NELFB;POLR2B;GTF2H3;GTF2H5"
"Signaling To ERKs R-HSA-187687",0.0166318352911066,0.0553260448416167,0.352487857583619,-0.274183923445643,-1.60424954992917,33,"GRB2;YWHAB;RALGDS;MAP2K1;KIDINS220;MAPK1;MAPK3;CRKL;RAPGEF1;MAP2K2;RAP1A;SHC3"
"TRAF6 Mediated IRF7 Activation R-HSA-933541",0.0165952114965307,0.0553260448416167,0.352487857583619,0.467583366163243,1.61561884316174,22,"IFNA6;IRF3;SIKE1;TRIM25;IRF7;TANK;IFNA8;IFNA14;RNF135;TRAF6"
"Interleukin-17 Signaling R-HSA-448424",0.0170053137103638,0.0563694658176874,0.352487857583619,-0.202762613883116,-1.43278425483401,68,"SKP1;PPP2CA;PPP2CB;MAP2K7;FBXW11;MAPK10;MAP2K4;MAP2K1;MEF2C;PPP2R1A;PPP2R5D;UBA52;MAPK1;RPS27A;CUL1;MAPK3"
"ABC Transporter Disorders R-HSA-5619084",0.0185125201702818,0.061176758962716,0.352487857583619,-0.196630547696309,-1.41126301148238,76,"PSMB7;VCP;PSMC5;LMBRD1;PSMD8;PSMB6;PSMA1;SEM1;ERLEC1;PSMD14;OS9;PSMD7;PSMD2;UBA52;PSMD3;RPS27A;PSMB1;PSMC4;PSMD4;PSMB5;ABCA3;PSME1;PSMC1;PSMB2"
"Vasopressin Regulates Renal Water Homeostasis Via Aquaporins R-HSA-432040",0.022414439336927,0.0738438891038638,0.352487857583619,-0.251854401615163,-1.53046725961268,42,"GNAS;PRKAR1A;PRKACB;GNG7;GNB1;AQP4;PRKAR1B;ADCY1;PRKAR2B;GNB2;RAB11A;GNG2;GNG3"
"Signaling By EGFR R-HSA-177929",0.0230332809738621,0.0756505925563543,0.352487857583619,-0.236854431609918,-1.5354064900293,48,"GRB2;PIK3R1;AAMP;EPN1;CDC42;PTPRK;EPS15;UBA52;RPS27A"
"RNA Polymerase II Pre-transcription Events R-HSA-674695",0.0232868758888445,0.0762503192213995,0.352487857583619,-0.18801095945178,-1.32676692188508,78,"POLR2E;POLR2A;ELOB;POLR2I;SSRP1;MLLT1;POLR2F;NCBP2;TAF6;TAF15;SUPT6H;CDK9;TAF7;TAF10;TAF13;POLR2C;MNAT1;CDK7;POLR2L;SUPT4H1;ELOC;SUPT16H;PAF1;TAF2;ERCC3;CTDP1;POLR2J;AFF4;POLR2G;GTF2F1;TAF1L;DMAP1;POLR2K;NELFE;SUPT5H;GTF2H1;TAF9;MLLT3;TAF11;CCNK;CCNH;NELFCD;TAF12;CTR9;NCBP1;TCEA1;POLR2H;EAF1;CCNT1;LEO1;GTF2H4;TBP;ELOA2;GTF2A1;CDC73;GTF2E1;ELOA;RTF1;GTF2E2;NELFB;GTF2A2;CCNT2;POLR2B;GTF2H3;GTF2H5;IWS1;NELFA;TAF9B;TAF1"
"Early Phase Of HIV Life Cycle R-HSA-162594",0.0244094926728416,0.0796832678742609,0.352487857583619,-0.390436109405667,-1.68186587420733,15,"PPIA;XRCC6;CXCR4;PSIP1;BANF1"
"UCH Proteinases R-HSA-5689603",0.0245246677543995,0.0798166459643184,0.352487857583619,-0.176497565988767,-1.28223732896453,92,"PSMB7;UCHL1;NEDD8;PSMC5;PSMD8;PSMB6;PSMA1;SEM1;PSMD14;YY1;PSMD7;PSMD2;UBA52;H2AC6;PSMD3;RPS27A;PSMB1;PSMC4;FOXK1;PSMD4;INO80B;PSMB5"
"Signaling By ERBB2 R-HSA-1227986",0.0252571502606882,0.0819522035648916,0.352487857583619,-0.235915255268349,-1.52931828876438,48,"GRB2;PIK3R1;CDC37;RHOA;HSP90AA1;STUB1;UBA52;FYN;RPS27A;MATK"
"Nuclear Signaling By ERBB4 R-HSA-1251985",0.0254618128325602,0.0823674306691856,0.352487857583619,-0.270143141436584,-1.60153309306044,32,"STMN1;APOE;ADAP1;PSENEN;S100B;GFAP"
"MyD88:MAL(TIRAP) Cascade Initiated On Plasma Membrane R-HSA-166058",0.0263323262122962,0.084927682738757,0.352487857583619,-0.169824668057243,-1.23158349381471,111,"APP;HMGB1;SKP1;PPP2CA;PPP2CB;S100A1;S100B;MAP2K7;FBXW11;MAPK10;MAP2K4;MAP2K1;NDUFA2;SAA2;MEF2C;PPP2R1A;PPP2R5D;UBA52;MAPK1;RPS27A;CUL1;MAPK3"
"Complement Cascade R-HSA-166658",0.0266254544801104,0.0856159823701754,0.352487857583619,0.354163335212785,1.47997288418341,54,"C1R;CFI;COLEC11;CFHR4;FCN1;MASP1;AKR1C1;C4BPA;FCN2;CR1;C5AR2;CFHR3;C5;C8A;MASP2;VTN;FCN3"
"Abortive Elongation Of HIV-1 Transcript In Absence Of Tat R-HSA-167242",0.0267476765019907,0.0857522524272776,0.352487857583619,-0.315338915911699,-1.63064360338362,23,"POLR2E;POLR2A;POLR2I;POLR2F;NCBP2"
"Amine Ligand-Binding Receptors R-HSA-375280",0.0274377598592187,0.0876944825374519,0.352487857583619,0.387536181352732,1.55135422262676,40,"CHRM4;HTR6;ADRA2B;DRD2;ADRA1A;CHRM5;HTR7;TAAR6;TAAR1;GPR143;HTR2A;ADRA2C;HTR1A;HTR2C;ADRB3;DRD5;HTR1F;HTR1E;CHRM2;HRH4;TAAR8;DHX34"
"Synaptic Adhesion-Like Molecules R-HSA-8849932",0.0275167975932228,0.0876944825374519,0.352487857583619,-0.334838697775089,-1.6609864930766,21,"RTN3;PTPRS;FLOT1;DLG1;GRIN2B;LLGL1;GRIA1"
"Eicosanoid Ligand-Binding Receptors R-HSA-391903",0.0281899166011443,0.0895738770107367,0.352487857583619,0.509317202813728,1.5839662792367,15,"PTGFR;PTGDR2;CYSLTR1;OXER1;LTB4R2;CYSLTR2;PTGDR;PTGER1;PTGER4;PTGER2"
"Signaling By NTRK3 (TRKC) R-HSA-9034015",0.0283183394037914,0.089716508907587,0.352487857583619,-0.369602339786072,-1.62678039362504,16,"GRB2;PIK3R1;PTPRS"
"Carboxyterminal Post-Translational Modifications Of Tubulin R-HSA-8955332",0.0290203563427009,0.0916701844472375,0.352487857583619,-0.262697705837159,-1.61613053950253,37,"TUBA1C;TUBB4B;TUBB4A;TUBB2B;TUBB2A;AGBL5"
"Transport Of Bile Salts And Organic Acids, Metal Ions And Amine Compounds R-HSA-425366",0.0296827021494371,0.0934874548636229,0.266350657088526,0.316010278118732,1.42768771657367,86,"SLC30A8;SLC6A5;SLC13A4;SLC13A2;SLC47A2;SLC10A6;SLC18A2;SLC39A4;SLC6A18;SLC30A1;SLC6A19;SLC44A3;SLC22A5;SLC22A12;SLC44A5;EMB;SLC39A2;RHBG;RSC1A1;HEPH;SLC22A11;SLC13A5;SLC22A4;RHAG;SLC30A7;SLC22A1;SLC11A1;SLC6A12;RHCG;SLC30A6;SLC6A3;SLC22A2;SLC14A1;SLC16A8;SLC6A6;SLC16A3;SLC6A20;SLC5A7;SLC22A18;SLC6A9;SLC39A14;SLC6A13"
"SLC Transporter Disorders R-HSA-5619102",0.0303643724696356,0.0953547837204347,0.261663521711573,0.300825391431992,1.38794110838303,98,"SLC6A5;RNASE7;SLC4A1;SLC2A2;SLC39A4;SLC6A18;SLC5A2;SLC6A19;TAC4;SLC22A5;SLC26A3;SLC22A12;NUP210;MAP4K2;SLCO1B1;SLC24A4;SLC2A10;HEPH;NLRP3;SLC35A2;SLC26A4;SLC7A7;NUP37;RHAG;SLC36A2;SLC12A3;AVPR2;SLC34A3;SLC12A1;SLC7A9;SLC34A1;SLC6A3;SLCO2A1;NUP85;NUP35;SLC6A20;NUP58;SLC5A7;SLC12A6;NUP42;SLCO1B3;SLC22A18;SLC2A9;NDC1;NUP205;SLC9A7;NUP153;SLC35C1;NUP214;NUP107;AVPR1A;SLC24A5;SLC17A8;SLC26A2;SLC6A14;SLC1A1;SLC34A2;NUP155;SLC5A5;SLC24A1;SLC35A3;SLC2A1;AAAS;SLC9A9;NUP88"
"Na+/Cl- Dependent Neurotransmitter Transporters R-HSA-442660",0.0305525228536271,0.09566591704022,0.352487857583619,0.470073921353486,1.54787305881649,19,"SLC6A5;SLC18A2;SLC6A18;SLC6A19;SLC22A1;SLC6A12;SLC6A3;SLC22A2;SLC6A6;SLC6A20;SLC6A9;SLC6A13"
"Signaling By FLT3 ITD And TKD Mutants R-HSA-9703648",0.0306929401616461,0.0958262143418834,0.352487857583619,-0.379172325538929,-1.63334532694352,15,"GRB2;PIK3R1"
"Retrograde Transport At Trans-Golgi-Network R-HSA-6811440",0.0315380106499521,0.0981791983711551,0.321775918075361,-0.230159718618354,-1.45116665991183,46,"RAB6B;NSF;TMF1;TGOLN2;VPS53;RAB6A;NAPG;NAA38;IGF2R;VAMP3;COG6;PLIN3;STX10;RHOBTB3;RAB9B;VTI1A;ARFIP2;STX16;STX6;M6PR;COG2;GOLGA4;VPS52;VPS54;SCOC;NAA30;RABEPK;RAB43;COG8;VAMP4;VPS51;NAA35;COG1;GCC2;ARFRP1;RAB9A;GCC1;COG7;COG5;RIC1;COG3"
"RUNX1 Regulates Transcription Of Genes Involved In Differentiation Of HSCs R-HSA-8939236",0.0318018144442283,0.0987143026390208,0.321775918075361,-0.18060488554837,-1.29544013376029,94,"PSMB7;H3-3B;PSMC5;H2AZ1;PSMD8;PSMB6;TAL1;PSMA1;H4C15;SEM1;PSMD14;PSMD7;PSMD2;UBA52;H2AC6;PSMD3;RPS27A;PSMB1;CBFB;PSMC4;PSMD4;PSMB5;H2BC4;PSME1;PSMC1;PSMB2"
"Paradoxical Activation Of RAF Signaling By Kinase Inactive BRAF R-HSA-6802955",0.0321923317626561,0.0996385138705841,0.321775918075361,-0.260020611286978,-1.60321715105018,40,"PEBP1;CALM1;YWHAB;CAMK2D;MAP2K1;CAMK2G;MAPK1;ARRB1;CAMK2A;MAPK3;CAMK2B;MAP2K2;RAP1A"
"Budding And Maturation Of HIV Virion R-HSA-162588",0.0335758402674631,0.103621989790964,0.321775918075361,-0.289226093091327,-1.59488923644898,26,"PPIA;VPS28;VTA1;CHMP4B;UBA52;RPS27A;CHMP6;SGIP1;CHMP7;MVB12B;UBAP1;VPS4A;VPS37D;UBB;VPS37B;TSG101;CHMP2B;NEDD4L;PDCD6IP;VPS4B;VPS37C"
"Signaling By FGFR4 R-HSA-5654743",0.0339951351810595,0.104316500527023,0.321775918075361,-0.236929851762551,-1.45582142156245,39,"GRB2;PIK3R1;PPP2CA;PPP2CB;PPP2R1A;UBA52;MAPK1;RPS27A;MAPK3"
"Transcriptional Regulation By MECP2 R-HSA-8986944",0.033912750737228,0.104316500527023,0.321775918075361,-0.200470505234582,-1.3834915343099,60,"GRIA2;CALM1;CAMK2D;CAMK2G;MEF2C;NCOR2;GRIN2B;CAMK4;CAMK2A;MECP2;HDAC2;FOXG1;PRKCA;RBFOX1;CAMK2B;MOBP;GPRIN1;GRIN2A;RNMT;TNRC6B;PTPN4;GPS2;SLC2A3"
"Cytochrome P450 - Arranged By Substrate Type R-HSA-211897",0.0345549738219895,0.104393777211913,0.248911114434702,0.332878501490989,1.42449752164467,62,"CYP4F2;CYP2B6;CYP39A1;CYP4F11;CYP26C1;CYP21A2;CYP3A4;CYP2C18;CYP2A13;CYP8B1;CYP1A2;CYP2S1;CYP4A22;CYP11B1;CYP2R1;CYP26A1;CYP4F8;CYP3A5;CYP2E1;CYP2F1;CYP7B1;CYP24A1;FDXR;NR1H4;CYP4F22;POMC;PTGIS;CYP11A1;CYP1A1;CYP3A43;CYP2C19;CYP11B2;CYP2A7;CYP2C8;AHRR;CYP2C9;CYP2U1;TBXAS1;CYP4F12"
"Insulin Processing R-HSA-264876",0.0345011563327097,0.104393777211913,0.321775918075361,-0.285567103998733,-1.58430573828207,27,"VAMP2;CPE;KIF5C;MYO5A;STX1A;KIF5A;EXOC5;EXOC4;EXOC7;EXOC2"
"Protein-protein Interactions At Synapses R-HSA-6794362",0.0343800853678031,0.104393777211913,0.321775918075361,-0.181346675535919,-1.31963629350269,88,"RTN3;STXBP1;SYT1;DLGAP4;PTPRS;FLOT1;DLG1;EPB41L1;STX1A;GRIN2B;DLGAP1;LLGL1;LRRC4B;GRIA1;NRXN1;APBA2;NRXN2;PDLIM5;PPFIA2"
"Signaling By EGFR In Cancer R-HSA-1643713",0.0346035239175428,0.104393777211913,0.321775918075361,-0.304698605537102,-1.57562167879753,23,"GRB2;PIK3R1;CDC37;HSP90AA1;UBA52;RPS27A"
"Xenobiotics R-HSA-211981",0.0345596432552954,0.104393777211913,0.257206466468838,0.443351536086511,1.53189173884341,22,"CYP2B6;CYP3A4;CYP2C18;CYP2A13;CYP1A2;CYP2S1;CYP3A5;CYP2E1;CYP2F1;CYP1A1;CYP3A43;CYP2C19;CYP2A7;CYP2C8;AHRR;CYP2C9"
"mRNA Decay By 5 To 3 Exoribonuclease R-HSA-430039",0.0345596918307226,0.104393777211913,0.321775918075361,-0.374423654721543,-1.61288966927455,15,"EDC3;DCP1B;EDC4;DDX6;LSM5;LSM3;LSM1;LSM2;XRN1;LSM7;DCP1A;DCP2;PATL1"
"Role Of Nef In HIV-1 Replication And Disease Pathogenesis R-HSA-164952",0.0352808352778048,0.106138983440791,0.321775918075361,-0.284951034437239,-1.58088782869868,27,"AP2M1;B2M;AP2A1;RNASE1;AP2B1;AP2S1;ATP6V1H;FYN"
"G Alpha (Z) Signaling Events R-HSA-418597",0.0360938310542212,0.108281493162664,0.321775918075361,-0.219329850711771,-1.40225753751748,47,"GNAS;GNAI1;GNAI2;GNG7;GNB1;PRKCB;ADCY1;RGS4;GNAZ;GNB2;GNG2;GNG3"
"Fertilization R-HSA-1187000",0.0364640883977901,0.109087551362748,0.248911114434702,0.42952158553368,1.53337148710509,25,"IZUMO2;CATSPER3;ADAM30;ADAM21;CATSPERG;ADAM20;ZP2;IZUMO3;KCNU1;CATSPERB;ZP4;IZUMO4;ZP3;B4GALT1;CATSPERD"
"Intrinsic Pathway For Apoptosis R-HSA-109606",0.0367215341705064,0.109552576942011,0.321775918075361,-0.212482897829703,-1.43573738192142,55,"YWHAE;YWHAH;YWHAQ;PPP3R1;YWHAG;YWHAB;CYCS;DYNLL1;DYNLL2;STAT3;SEPTIN4;MAPK1;MAPK3;YWHAZ"
"JNK (c-Jun Kinases) Phosphorylation And Activation Mediated By Activated Human TAK1 R-HSA-450321",0.0377695369147143,0.112366987940175,0.321775918075361,-0.343092961299632,-1.61965013485316,18,"MAP2K7;MAPK10;MAP2K4;MAP3K7;UBE2V1;UBE2N;NOD1;IRAK1;MAPK8;TAB2;MAPK9;RIPK2;IRAK2;TAB3;NOD2;TAB1;IKBKG"
"Inhibition Of DNA Recombination At Telomere R-HSA-9670095",0.0379313411619417,0.11253663096112,0.321775918075361,-0.222677739576594,-1.37159808956159,45,"TERF2IP;POLR2E;POLR2A;H3-3B;H2AZ1;POLR2I;H4C15;POLR2F;H2AC6;ATRX"
"FCERI Mediated MAPK Activation R-HSA-2871796",0.0380525673843215,0.112585282013116,0.321775918075361,-0.279158905803708,-1.54962682733995,29,"GRB2;MAP2K7;MAPK10;RNASE1;MAP2K4;MAPK1;MAPK3"
"Elastic Fibre Formation R-HSA-1566948",0.0385026737967914,0.113604043015808,0.237793834423688,0.373060063941025,1.4852018437321,39,"MFAP2;LOXL1;FBLN1;FBLN2;TGFB3;TGFB1;ITGB6;GDF5;VTN;BMP4;ITGB5;LOX;MFAP4;FBN2;ITGA5;EFEMP2;LOXL4;LOXL3;FBN1;ITGB3;MFAP5"
"RAC2 GTPase Cycle R-HSA-9013404",0.0403829068554301,0.118825320445841,0.321775918075361,-0.17725733295083,-1.27891146653331,87,"PGRMC2;RAB7A;PIK3R1;ABI2;ARHGAP26;DOCK4;GIT1;CDC42;ARHGDIA;ABR;PREX1"
"Signaling By ERBB2 KD Mutants R-HSA-9664565",0.0410553132613515,0.120473788094786,0.321775918075361,-0.301350416537124,-1.59646416452508,24,"GRB2;PIK3R1;CDC37;HSP90AA1"
"Diseases Of Programmed Cell Death R-HSA-9645723",0.0413113328198455,0.120894745091319,0.321775918075361,-0.189707600673071,-1.3405334349428,68,"APP;YWHAE;PRDX1;CAPNS1;PRDX2;H3-3B;H2AZ1"
"Signaling By Erythropoietin R-HSA-9006335",0.0418226801596683,0.122058582857293,0.321775918075361,-0.299106896947435,-1.58457867032697,24,"GRB2;PIK3R1;CLSTN1"
"HDR Thru Single Strand Annealing (SSA) R-HSA-5685938",0.0439442658092176,0.127902822436584,0.222056046145248,0.377157916832524,1.47816773421091,36,"ATM;RMI2;MRE11;RMI1;RBBP8;RHNO1;POLR1B;RAD51;SERPINA2;RFC4;RAD9B;BARD1;BLM;WRN;RFC3;DNA2;RAD50;TOPBP1;RAD17"
"Signaling By ERBB2 In Cancer R-HSA-1227990",0.0441247831424755,0.128081127283834,0.321775918075361,-0.284084603217617,-1.53570871741584,25,"GRB2;PIK3R1;CDC37;HSP90AA1"
"GPVI-mediated Activation Cascade R-HSA-114604",0.0444083049741275,0.128556656448013,0.321775918075361,-0.254969979928649,-1.51157959599187,32,"PRKCZ;PIK3R1;RHOA;CDC42;GP6;RNASE1;FYN;RHOB"
"DNA Strand Elongation R-HSA-69190",0.0448087431693989,0.129367177860039,0.222056046145248,0.387615028533447,1.45344060584729,31,"MCM3;POLR1B;SLC19A1;MCM6;RFC4;POLA2;POLD1;PRIM1;PRIM2;MCM4;RFC3;DNA2;GINS1;MCM7;POLA1;LRIG1;POLD3;MCM8;RFC5;GINS2;GINS3;GINS4;RFC2;PCNA"
"RHOD GTPase Cycle R-HSA-9013405",0.0450712776956501,0.129776279477555,0.321775918075361,-0.210910559670412,-1.35608895442754,50,"PGRMC2;RAB7A;PIK3R1;ARHGAP26;CAPZB;PLXNB1;ACTN1;ARHGAP32;ADD3"
"RHOJ GTPase Cycle R-HSA-9013409",0.0455094003150418,0.130687422295066,0.321775918075361,-0.216146458245272,-1.4303804432777,54,"RAB7A;PIK3R1;WASL;ARHGAP26;GIT1;CDC42;PREX1;TRIO;GJA1;TFRC;LAMTOR1;ARHGAP32;GIT2"
"Signaling By TGF-beta Receptor Complex R-HSA-170834",0.0460947334411515,0.132015316575458,0.321775918075361,-0.169322975254943,-1.24719053246026,90,"PRKCZ;PPP1CB;NEDD8;RHOA;PPM1A;PPP1CC;ITGAV;PARP1;STUB1;SKI;NCOR2;YBX1;UBA52;MAPK1;RPS27A;MAPK3;ITGB8;XPO1;SMAD4;FKBP1A;CDK9"
"Aspirin ADME R-HSA-9749641",0.0464864864864865,0.132783208740656,0.216542836735348,0.381887276991395,1.46362029140828,33,"UGT2B10;ACSM2B;UGT2B7;CYP3A4;CES1;BCHE;UGT2B28;UGT2A3;CYP2E1;GLYATL3;ACSM5;ACSM2A;ACSM4;GLYATL1;ABCC2;UGT2B11;GLYATL2;UGT2B15;UGT2A1;CYP2C19;UGT3A2;UGT2B4;CYP2C8;CYP2C9;GLYAT;ABCC3"
"Nef-mediated Downmodulation Of Cell Surface Receptors By Recruitment To Clathrin Adapters R-HSA-164938",0.0481841749673591,0.137267384389771,0.321775918075361,-0.305868788243625,-1.45928988479417,20,"AP2M1;B2M;AP2A1;AP2B1;AP2S1;ATP6V1H"
"Cell Death Signaling Via NRAGE, NRIF And NADE R-HSA-204998",0.050072487110651,0.142269447504866,0.321775918075361,-0.193383439861969,-1.3634109034979,73,"YWHAE;BEX3;SQSTM1;PSENEN;ARHGEF2;NGEF;RASGRF2;RNASE1;ABR;PREX1;OBSCN;TRIO;UBA52"
"mTORC1-mediated Signaling R-HSA-166208",0.0502637381343223,0.142436028380639,0.321775918075361,-0.294123954535707,-1.55818053527334,24,"RPS6;YWHAB;RRAGA;EIF4B;EIF4G1;LAMTOR1;FKBP1A;EIF4E;LAMTOR2;RPS6KB1;LAMTOR5;LAMTOR4;RHEB;MLST8;LAMTOR3;EIF4EBP1;RRAGB;MTOR;RRAGC;EEF2K;AKT1S1;RPTOR;SLC38A9;RRAGD"
"Plasma Lipoprotein Assembly, Remodeling, And Clearance R-HSA-174824",0.0505143005213764,0.142769365157785,0.321775918075361,-0.18805615798624,-1.34991703935898,70,"CLTC;CLTA;APOE;AP2M1;HDLBP;PRKACB;PCSK6;AP2A1;NCEH1;AP2B1;AP2S1;NR1H2;UBA52"
"Surfactant Metabolism R-HSA-5683826",0.051819184123484,0.146072975718168,0.206587922696891,0.405692528173314,1.474878197759,27,"GATA6;ADORA2B;PGA3;SFTPA2;ADGRF5;NAPSA;DMBT1;ADORA2A;SFTPD;ADRA2C;LMCD1;CSF2RB;SLC34A1;SFTPB;CCDC59;SFTPC;SFTPA1;CSF2RA;SLC34A2;ZDHHC2"
"mRNA Capping R-HSA-72086",0.0529954630329268,0.148997715438124,0.321775918075361,-0.265374854413363,-1.49031692276146,28,"POLR2E;POLR2A;POLR2I;POLR2F;NCBP2"
"Negative Regulation Of FGFR3 Signaling R-HSA-5654732",0.055422690037896,0.15501547759434,0.321775918075361,-0.262561014158872,-1.47451469553656,28,"GRB2;PPP2CA;PPP2CB;PPP2R1A;UBA52;MAPK1;RPS27A;MAPK3"
"Nucleotide-like (Purinergic) Receptors R-HSA-418038",0.0554245283018868,0.15501547759434,0.206587922696891,0.468064697047034,1.45567181420101,15,"ADORA2B;P2RY14;P2RY6;P2RY1;ADORA2A;P2RY10;LPAR6;LPAR4;P2RY4;ADORA1;P2RY13;ADORA3;P2RY12;P2RY2"
"Sema3A PAK Dependent Axon Repulsion R-HSA-399954",0.0569163587404189,0.158774465681065,0.321775918075361,-0.335043899987305,-1.4746736934038,16,"HSP90AB1;HSP90AA1;RNASE1;FYN;PLXNA1"
"Phase I - Functionalization Of Compounds R-HSA-211945",0.0576923076923077,0.16052212036668,0.186432558434075,0.287039898340691,1.32574681162031,100,"CYP4F2;ADH7;CYP2B6;CYP39A1;CYP4F11;CES3;ADH1B;CYP26C1;CYP21A2;CYP3A4;CES1;FMO1;CYP2C18;CYP2A13;AOC1;CYP8B1;CYP1A2;CYP2S1;CYP4A22;AOC3;CYP11B1;CYP2R1;CYP26A1;FMO4;AADAC;CYP4F8;CYP3A5;ADH1A;CYP2E1;PTGS1;ADH6;CYP2F1;CYP7B1;MTARC2;CYP24A1;BPHL;FDXR;NR1H4;CYP4F22;POMC;PTGIS;ALDH3A1;CYP11A1;CYP1A1;CYP3A43;CYP2C19"
"Extra-nuclear Estrogen Signaling R-HSA-9009391",0.0588850709187473,0.16299630455344,0.321775918075361,-0.188333883373853,-1.32781002485679,73,"PRKCZ;PIK3R1;GNAI1;GNAI2;CDKN1B;CALM1;GNG7;GNB1;HSP90AA1;GNB2;MAPK1;GNG2;MAPK3;PRMT1;GNG3;XPO1"
"Formation Of Early Elongation Complex R-HSA-113418",0.0587877555085065,0.16299630455344,0.321775918075361,-0.247498132228701,-1.46728303789997,32,"POLR2E;POLR2A;POLR2I;POLR2F;NCBP2;POLR2C;MNAT1;CDK7;POLR2L;SUPT4H1;ERCC3;CTDP1;POLR2J;POLR2G;GTF2F1;POLR2K;NELFE;SUPT5H;GTF2H1;CCNH;NELFCD;NCBP1;POLR2H;GTF2H4;NELFB;POLR2B;GTF2H3;GTF2H5;NELFA"
"Common Pathway Of Fibrin Clot Formation R-HSA-140875",0.0590858416945373,0.163131604061525,0.193813302725311,0.422032409184903,1.45822876099922,22,"FGG;SERPINC1;PROCR;F2R;FAM110A;SERPIND1;F8;CD177;PF4V1;F13A1;SERPINA5;PRTN3;F13B;TTF2;PF4;F5;THBD;FGB;FGA;PROC"
"Endosomal Sorting Complex Required For Transport (ESCRT) R-HSA-917729",0.0594680724677697,0.163765922642012,0.321775918075361,-0.258901033930206,-1.45396063632168,28,"VPS28;VTA1;CHMP4B;UBA52;RPS27A;VPS36;CHMP6;SNF8;CHMP7;MVB12B;HGS;UBAP1;VPS4A;VPS37D;UBB;VPS37B;STAM2;VPS25;TSG101;CHMP2B;STAM;VPS4B;VPS37C"
"Formation Of Fibrin Clot (Clotting Cascade) R-HSA-140877",0.0631016042780749,0.172161906551056,0.183023938384487,0.357129721470785,1.406311347114,37,"FGG;GP9;SERPINC1;PROCR;F9;GP1BA;F2R;F7;FAM110A;SERPIND1;F8;CD177;ZNF160;PF4V1;F13A1;TFPI;SERPINA5;PRTN3;F13B;TTF2;PF4;F5;THBD;FGB;GP5;FGA;KNG1;PROC"
"Late SARS-CoV-2 Infection Events R-HSA-9772573",0.0631580923474079,0.172161906551056,0.287805130535564,-0.209293431033724,-1.42684109463551,57,"GSK3A;CANX;SRPK2;ST3GAL2;GSK3B;UBA52;DAD1;DDOST;RPS27A;TUSC3;PRMT1;PARP14;RPN1;MAGT1;ST6GALNAC3;GOLGA7"
"RAB GEFs Exchange GTP For GDP On RABs R-HSA-8876198",0.0627382840888729,0.172161906551056,0.287805130535564,-0.169544748041341,-1.22326517470914,87,"YWHAE;GDI1;RAB7A;RAB3A;ULK1;RAB6B;RAB39A;RAB5C;GDI2;RAB1A;RAB14;TRAPPC3;MADD;RAB21;RAB6A"
"Synthesis Of Bile Acids And Bile Salts Via 7Alpha-Hydroxycholesterol R-HSA-193368",0.0629834254143646,0.172161906551056,0.186432558434075,0.406231554637555,1.43272304833755,24,"BAAT;AKR1C1;AKR1C2;HSD3B7;AMACR;AKR1C4;SYCP2;CYP8B1"
"TNFs Bind Their Physiological Receptors R-HSA-5669034",0.0636663007683864,0.173107865886701,0.184706471207739,0.388077838296623,1.4313192675111,29,"TNFSF18;CD70;TNFRSF8;TNFSF11;TNFRSF11B;FASLG;TNFSF15;EDA2R;TNFSF4;LTA;TNFRSF9;EDARADD;TNFRSF4;TNFSF13;TNFRSF14;TNFRSF17;TNFSF8;TNFRSF13B;TNFRSF6B;TNFRSF1B;TNFSF13B"
"Sensory Processing Of Sound By Outer Hair Cells Of Cochlea R-HSA-9662361",0.065331928345627,0.177188108694958,0.178219874951973,0.32936135312928,1.37511033551984,53,"TMC2;CHRNA9;MYO3A;OTOGL;TWF2;ESPNL;GRXCR1;ESPN;USH1C;CHRNA10;MYO1E;MYO3B;SLC26A5;CLIC5;OTOG;XIRP2;PJVK;STRC;USH1G"
"Acyl Chain Remodelling Of PS R-HSA-1482801",0.0680044593088071,0.18397176145506,0.179782316298324,0.415447627633493,1.43547667458551,22,"PLA2G1B;PLA2G2D;PLA2R1;PLA1A;PLA2G4D;PLA2G2F;PLA2G2A;PLA2G4F;PLA2G4E"
"Class C/3 (Metabotropic Glutamate/Pheromone Receptors) R-HSA-420499",0.0695187165775401,0.187125567930522,0.173747838999571,0.347239157652435,1.38240537385129,39,"GPRC6A;TAS2R3;TAS2R1;CASR;UBD;GRM2;GRM8;TAS2R50;TAS2R41;TAS2R43;TAS2R14;TAS1R2;GRM1;TAS2R39;TAS2R19;TAS2R30;GRM6;TAS2R16;TAS2R45;TAS2R5;TAS1R3;GRM4;TAS2R9;TAS2R13"
"Defective B3GALTL Causes PpS R-HSA-5083635",0.0695187165775401,0.187125567930522,0.173747838999571,0.35467102092703,1.39662943528768,37,"ADAMTS19;ADAMTSL1;ADAMTSL5;ADAMTS14;THSD7A;SPON1;ADAMTS5;ADAMTSL2;THSD1;ADAMTS12;ADAMTS18;ADAMTS17;ADAMTSL4;SEMA5A;THSD7B;ADAMTS15;THBS2;ADAMTS20;ADAMTS7;ADAMTS2;CFP;ADAMTS16;SEMA5B;B3GLCT;ADAMTSL3;THBS1;SBSPON;SPON2"
"SLC-mediated Transmembrane Transport R-HSA-425407",0.0699300699300699,0.187762237762238,0.166933848713193,0.247169207541142,1.22145564182758,247,"SLC30A8;SLC6A5;SLC8B1;SLC13A4;SLC13A2;SLC4A1;SLC2A2;SLC47A2;SLC10A6;SLC18A2;SLC39A4;SLC24A3;SLC6A18;SLC30A1;SLC5A2;SLC8A3;SLC6A19;SLC5A12;SLC44A3;SLC1A5;SLC26A9;SLC22A5;SLC26A3;SLC22A12;SLCO1B1;SLC28A1;SLC44A5;CTNS;EMB;LCN15;SLC39A2;SLC24A4;RHBG;SLC2A10;SLC26A1;RSC1A1;SLC2A7;HEPH;NLRP3;SLC17A6;SLC7A3;SLC15A1;SLC22A11;SLC13A5;SLC35A2;SLC1A7;SLC22A4;SLC26A4;SLC5A4;SLC7A7;SLC4A2;RHAG;SLC30A7;SLC28A3;SLC36A2;SLC9A2;SLC12A3;SLC22A1;SLC16A2;SLC34A3;SLC11A1;SLC12A1;SLC35B4;SLC6A12;SLC7A9;SLC43A1;RHCG;SLCO4A1;SLC25A10;SLC30A6;SLC34A1;SLC6A3;SLC22A2;SLC14A1;SLCO2A1;SLC16A10;SLC16A8;SLC6A6;SLC38A5;SLC9A8;SLC16A3;SLC5A8;SLC4A9;SLC29A1;SLC6A20;SLC2A4;SLC12A4;SLC5A7;SLC12A6;SLC12A7;SLCO1B3;AHCYL2;SLC22A18;SLC6A9;SLC39A14;SLC6A13;SLC36A1;SLC2A9;SLC4A8;SLC9A3;SLC7A6;SLC39A5;SLC17A1;SLC30A5;MFSD4B;SLC9A7;SLCO1C1;SLC35C1;SLC28A2;SLC15A3;SLC15A2;SLC16A7;SLC30A10;SLC4A5;LCN9;SLC47A1;SLC14A2;SLC5A9;SLC2A14;SLC24A5;SLC7A8;SLC22A6;SLC9A5;SLC17A8;SLC26A2;SLC6A14;SLC44A4;SLC1A1;SLC34A2;SLC35B3;SLC26A7;SLC1A6;SLC5A5;SLC32A1;SLC24A1;SLC22A3;SLC31A1;SLC20A1;SLC35A3;SLC2A1;SLC13A1;SLC43A2;LCN12;SLC5A10;SLC5A3;SLC27A6;SLC9A9;SLC2A12;SLC5A6;SLC30A2;SLC38A3;CP;SLC25A22;SLC5A11;SLC35D1"
"Assembly Of Collagen Fibrils And Other Multimeric Structures R-HSA-2022090",0.0718816067653277,0.192379516132895,0.169570644405628,0.320878185409312,1.35093613725622,57,"COL9A1;LOXL1;COL6A5;COL6A3;COL4A5;LAMA4;COL8A2;COL2A1;CD151;MMP13;LAMB3;COL5A1;COL3A1;PXDN;MMP3;COL6A6;LOX;COL1A2;TLL2;COL4A4;COL18A1;MMP28;LOXL4;LOXL3;COL7A1;MMP9;MMP7;COL15A1;TLL1;COL5A2;LAMC2;LOXL2;COL24A1;COL10A1;COL8A1"
"CTLA4 Inhibitory Signaling R-HSA-389513",0.0720079753123126,0.192379516132895,0.287805130535564,-0.298247895926788,-1.47947572970093,21,"PPP2CA;PPP2CB;PPP2R1A;PPP2R5D;PPP2R5B;FYN"
"Hedgehog On State R-HSA-5632684",0.0733588270403505,0.195502184221679,0.287805130535564,-0.16862091222031,-1.22013315593392,84,"PSMB7;PSMC5;RBX1;PSMD8;PSMB6;PSMA1;SEM1;PSMD14;PSMD7;PSMD2;UBA52;PSMD3;GRK2;RPS27A;ARRB1;KIF3A;PSMB1;PSMC4;PSMD4;PSMB5;PSME1;HHIP;PSMC1;PSMB2;PSMC6;PSMA5;PSMF1;PSMC3;PSMD10;ITCH;PTCH1;PSMA2;CUL3;SPOP;PSMB3;PSMC2;ULK3;SUFU;PSMA4;PSMA3;PSME3;PSMA7;UBB;PSMD11;PSMD12;GLI3;PSMD6;PSMB10;PSMD13;PSMB4;PSME2;GPR161;CDC73;EFCAB7;GLI2;BOC;SMOX;PSMB8;NUMB;SPOPL;PSMA6;ARRB2;PSMA8;PSME4;PSMD5;PSMB9;DHH;PSMB11;EVC;DZIP1;IQCE;SMURF1;CDON;PTCH2;PSMD9;KIF7;CSNK1A1;GAS1;GLI1;SHH;GAS8;IHH;EVC2;SMURF2"
"Visual Phototransduction R-HSA-2187338",0.0739614994934144,0.196620421920612,0.163180127180689,0.286753701212271,1.31685339386286,95,"LRP2;GPIHBP1;APOA1;AKR1C1;OPN1LW;STRA6;RDH8;GPC2;DHRS9;GRK7;BCO1;APOB;AKR1C4;RPE65;APOM;GUCY2D;GUCY2F;TTR;GRK1;RDH5;RBP3;RGS9BP;PLB1;RHO;GNAT1;SDR9C7;OPN1MW3;SDC2;PPEF1;GPC3;CLPS;APOA4;RLBP1;SDC1;GUCA1C;APOC3;GPC6;CNGA1;RCVRN;LPL;CAMKMT"
"Metabolism Of Nitric Oxide: NOS3 Activation And Regulation R-HSA-202131",0.0743180203254477,0.197080379826002,0.287805130535564,-0.338379756824355,-1.45762482469096,15,"WASL;CALM1;DNM2;HSP90AA1"
"Tight Junction Interactions R-HSA-420029",0.0747252747252747,0.197672278460456,0.169570644405628,0.380811983526576,1.3966207869507,28,"CLDN1;CLDN9;CLDN16;CRB3;CLDN18;CLDN15;CLDN17;PARD6B;CLDN2;CLDN8;CLDN23;PARD6G;CLDN5;CLDN14;PARD3;CLDN20;CLDN19;CLDN12;CLDN7;F11R"
"Polo-like Kinase Mediated Events R-HSA-156711",0.0763888888888889,0.200893142616219,0.172324344900946,0.438626073276978,1.39213558578373,16,"CDC25C;PLK1;CENPF;LIN37;CDC25A;CCNB2;FOXM1;CCNB1;LIN9;LIN52;LIN54;WEE1"
"Signaling By Cytosolic FGFR1 Fusion Mutants R-HSA-1839117",0.0765039993761951,0.200893142616219,0.287805130535564,-0.32198619470524,-1.46145397760389,17,"GRB2;PIK3R1;STAT3;FGFR1OP2;GAB2;STAT1;LRRFIP1;PIK3CA;CEP43;ZMYM2;MYO18A;CUX1;STAT5B"
"TGF-beta Receptor Signaling Activates SMADs R-HSA-2173789",0.0761809781098323,0.200893142616219,0.287805130535564,-0.200365927431226,-1.23061228064794,43,"PPP1CB;NEDD8;PPP1CC;ITGAV;STUB1;UBA52;RPS27A;ITGB8;XPO1;SMAD4;FKBP1A"
"Fatty acyl-CoA Biosynthesis R-HSA-75105",0.0803695326572126,0.21052897091182,0.287805130535564,-0.243644433158324,-1.47478906203554,36,"SCD;SCD5;HACD3;ACACA;ACSL3;FASN"
"Protein Ubiquitination R-HSA-8852135",0.0829273696977876,0.216700717896409,0.287805130535564,-0.181176681125482,-1.27734961526364,73,"UBE2V2;HLA-B;VCP;RRAGA;UBE2L3;UBE2K;UBA1;RNF181;UBE2D2;USP5;UBE2Z;UBA52;UBE2E1;RPS27A;UBE2B;UBE2W;HLA-A;CDC34;H2BC4"
"MicroRNA (miRNA) Biogenesis R-HSA-203927",0.0856007262658812,0.222065652196996,0.287805130535564,-0.274661320140767,-1.455073332981,24,"POLR2E;POLR2A;RAN;POLR2I;POLR2F"
"O-glycosylation Of TSR Domain-Containing Proteins R-HSA-5173214",0.0852878464818763,0.222065652196996,0.155241966228839,0.343612820287354,1.36097250869975,38,"ADAMTS19;ADAMTSL1;ADAMTSL5;ADAMTS14;THSD7A;SPON1;ADAMTS5;ADAMTSL2;THSD1;ADAMTS12;ADAMTS18;ADAMTS17;ADAMTSL4;SEMA5A;THSD7B;ADAMTS15;THBS2;ADAMTS20;ADAMTS7;ADAMTS2;CFP;ADAMTS16;SEMA5B;B3GLCT;ADAMTSL3;THBS1;SBSPON;SPON2"
"Signal Amplification R-HSA-392518",0.0855531208510825,0.222065652196996,0.287805130535564,-0.226392941569354,-1.32462461713872,33,"AAMP;GNAI1;GNAI2;GNG7;GNB1;GNAQ;GNB2;GNG2;GNG3"
"Cobalamin (Cbl, Vitamin B12) Transport And Metabolism R-HSA-196741",0.0860335195530726,0.222650602409639,0.158514105424824,0.405637858485737,1.3821156821333,21,"CTRB1;LRP2;TCN2;CTRB2;MMUT;PRSS58;MTR;MTRR;MMACHC;TCN1;CBLIF;ABCD4;AMN;CUBN;LDLRAP1;MMADHC;ABCC1;MMAB"
"Platelet Sensitization By LDL R-HSA-432142",0.0867043570463557,0.223847306412947,0.287805130535564,-0.312186982448551,-1.41697661191114,17,"PPP2CA;PPP2CB;PPP2R1A;PPP2R5D;PPP2R5B"
"GABA Receptor Activation R-HSA-977443",0.0877788285586851,0.225340292166068,0.287805130535564,-0.176997136170332,-1.21707181351459,59,"GNAI1;GNAI2;NPTN;GNG7;GABBR2;GNB1;GABRA1;ADCY1;GABRB2;GABRB3;GNB2;GNG2;GNG3"
"Molecules Associated With Elastic Fibres R-HSA-2129379",0.0879120879120879,0.225340292166068,0.155241966228839,0.374630294871696,1.37394956007934,28,"MFAP2;FBLN1;FBLN2;TGFB3;TGFB1;ITGB6;GDF5;VTN;BMP4;ITGB5;MFAP4;EFEMP2"
"PD-1 Signaling R-HSA-389948",0.0876585928489043,0.225340292166068,0.159646701919906,0.420524790107034,1.36974655163403,18,"CD247;HLA-DQA2;PDCD1LG2;CD3D;TARP;LCK;CD3E;HLA-DQA1;PDCD1;PTPN6;CD274"
"Rap1 Signaling R-HSA-392517",0.0905232860135911,0.231480974234754,0.287805130535564,-0.312088204411698,-1.3736357088877,16,"PRKACB;YWHAB;RAP1GAP;RAPGEF4;YWHAZ;RAP1GAP2;PRKCA;RAP1A"
"Defective GALNT12 Causes CRCS1 R-HSA-5083636",0.0908045977011494,0.231648783684167,0.156312403073186,0.422088708833968,1.36144413227562,17,"MUCL1;MUC13;MUC17;MUC12;MUC6;MUC7;MUC19"
"Anchoring Of Basal Body To Plasma Membrane R-HSA-5620912",0.0915188646430436,0.232917679210021,0.287805130535564,-0.162944909606782,-1.18021930609885,96,"YWHAE;TUBB4B;DYNC1H1;TUBB4A;TUBA4A;YWHAG;MARK4;DYNC1I2;CSNK1E;HSP90AA1;DYNLL1;DCTN1;PPP2R1A;PAFAH1B1;DCTN3;PRKAR2B;SSNA1;RAB11A"
"Retinoid Metabolism And Transport R-HSA-975634",0.093048128342246,0.236249857776766,0.148261500475107,0.33175579046759,1.33721462016803,42,"LRP2;GPIHBP1;APOA1;AKR1C1;GPC2;BCO1;APOB;AKR1C4;APOM;TTR;PLB1;SDC2;GPC3;CLPS;APOA4;SDC1;APOC3;GPC6;LPL"
"Collagen Formation R-HSA-1474290",0.0934959349593496,0.236826967326277,0.143758989039275,0.282259723573487,1.2870283442452,90,"COL9A1;LOXL1;COL6A5;COL6A3;COL4A5;LAMA4;COL8A2;COL2A1;PCOLCE2;CD151;COL22A1;MMP13;LAMB3;P3H3;ADAMTS14;COL5A1;COL3A1;PXDN;MMP3;COL6A6;LOX;COL1A2;P4HA3;COL26A1;TLL2;COL4A4;COL18A1;MMP28;COL23A1;LOXL4;LOXL3;COL7A1;CRTAP;MMP9;COLGALT2;ADAMTS2;PLOD2;SERPINH1;MMP7;COL15A1;TLL1;COL5A2;LAMC2;LOXL2;COL24A1;COL10A1;COL8A1;COL28A1;COL19A1;COL12A1;COL21A1;COL17A1"
"Deadenylation Of mRNA R-HSA-429947",0.0948546207107378,0.239703206219606,0.287805130535564,-0.254214202987137,-1.37423486945968,25,"PABPC1;EIF4A2;EIF4A1;EIF4B;EIF4G1;CNOT3;EIF4E"
"Synthesis Of Leukotrienes (LT) And Eoxins (EX) R-HSA-2142691",0.0955056179775281,0.240217877535984,0.150169802128406,0.405751533608109,1.36476254733352,20,"CYP4F2;CYP4F11;DPEP3;DPEP2;GGT5;CYP4A22;CYP4F8;LTC4S;GGT1;LTA4H;CYP4F22;DPEP1;ALOX15;ABCC1;MAPKAPK2;CYP4F3;CYP4B1;ALOX5"
"Synthesis, Secretion, And Deacylation Of Ghrelin R-HSA-422085",0.095292766934558,0.240217877535984,0.152144922367565,0.417370632308011,1.37433013818473,19,"KLF4;GCG;IGF1;BCHE;GH1;UCN;MBOAT4;INS;PCSK1"
"ADP Signaling Thru P2Y Purinoceptor 12 R-HSA-392170",0.0976012668812174,0.244161282415375,0.287805130535564,-0.266475119658922,-1.33880602416893,22,"GNAI1;GNAI2;GNG7;GNB1;GNB2;GNG2;GNG3"
"Phase 0 - Rapid Depolarisation R-HSA-5576892",0.0977554482668634,0.244161282415375,0.287805130535564,-0.230867586136867,-1.3686894930848,32,"CALM1;SCN8A;CAMK2D;CACNG7;CAMK2G;SCN1B;CAMK2A;SCN2A;FGF12"
"Signaling By KIT In Disease R-HSA-9669938",0.0976444628206807,0.244161282415375,0.287805130535564,-0.277229606897926,-1.33343421685552,19,"GRB2;PIK3R1;STAT3;FYN"
"Postmitotic Nuclear Pore Complex (NPC) Reformation R-HSA-9615933",0.0994647629801056,0.247854188957386,0.287805130535564,-0.248408767681321,-1.36980887713127,26,"RAN;RANGAP1;KPNB1;AHCTF1;SUMO1;SEH1L;NUP62;NUP93;NUP98;UBE2I;TNPO1;SEC13;NUP43;NUP54;NUP133;NUP160;NUP188;NUP155;NUP107;RCC1;NUP205;NDC1;NUP58;NUP35;NUP85"
"RHOH GTPase Cycle R-HSA-9013407",0.10005077175122,0.248737335325951,0.287805130535564,-0.218160483473436,-1.29621697152551,34,"RAB7A;TMEM59;VCP;ARHGDIA;DBT;ARHGDIG;TFRC;LAMTOR1"
"Initial Triggering Of Complement R-HSA-166663",0.101123595505618,0.250823883540494,0.14551614609036,0.402697145359276,1.35448898249951,20,"C1R;COLEC11;FCN1;MASP1;FCN2;MASP2;FCN3;MBL2"
"Phase II - Conjugation Of Compounds R-HSA-156580",0.101729399796541,0.251745104565634,0.137250779610133,0.278279424271652,1.27209975673262,93,"UGT2B10;GSTA1;ACSM2B;CHAC2;SULT1E1;UGT2B7;CHAC1;GGT5;GSTO2;CYP1A2;SLC26A1;ABHD14B;UGT2B28;SULT1B1;N6AMT1;BPNT2;PAPSS2;UGT2A3;OPLAH;SULT2B1;GLYATL3;GGT1;MTR;ACSM5;GGT6;SULT1A2;GSTM1;TPMT;AS3MT;ACSM2A;MAT1A;ACSM4;GLYATL1;MTRR;UGT2B11;GSTM5;SULT1A4;GLYATL2;UGT2B15;UGT2A1;SULT2A1;SULT6B1;GSTA3;UGT3A2"
"Regulation Of MECP2 Expression And Activity R-HSA-9022692",0.102318261031472,0.252620258270808,0.287805130535564,-0.231687806307763,-1.35271506965418,31,"CALM1;CAMK2D;CAMK2G;NCOR2;CAMK4;CAMK2A;MECP2;HDAC2;FOXG1;PRKCA;CAMK2B"
"Prostacyclin Signaling Thru Prostacyclin Receptor R-HSA-392851",0.103354602032304,0.254593675648382,0.287805130535564,-0.273982330165585,-1.31781528655816,19,"GNAS;GNG7;GNB1;GNB2;GNG2;GNG3"
"Biosynthesis Of DHA-derived SPMs R-HSA-9018677",0.104166666666667,0.256006864988558,0.14551614609036,0.423930565193879,1.34549417297211,16,"HPGD;CYP3A4;CYP1A2;CYP2E1;LTC4S;LTA4H;EPHX2;CYP1A1;PTGS2;CYP2C8;CYP2C9;ALOX15;ALOX12"
"Aberrant Regulation Of Mitotic Exit In Cancer Due To RB1 Defects R-HSA-9687136",0.104858803214633,0.256503527336861,0.287805130535564,-0.275836192109777,-1.31600536072131,20,"ANAPC11;UBE2E1;ANAPC5;CDC16;SKP2;FZR1;UBE2S;CDC27;ANAPC7;ANAPC15;UBE2D1;ANAPC16;CDC26;ANAPC10;ANAPC4;ANAPC2;ANAPC1;UBE2C;CDC23;RB1"
"Gastrulation R-HSA-9758941",0.105324074074074,0.256503527336861,0.144630528034484,0.423629526898107,1.3445387210513,16,"MIXL1;TBPL2;TCF7;BMP4;TBXT;GSC;FOXH1"
"Pyruvate Metabolism R-HSA-70268",0.105061831913393,0.256503527336861,0.287805130535564,-0.250896081090195,-1.42931285982895,30,"LDHB;BSG;MPC2;PDHX;VDAC1;PDHB;LDHA;SLC16A1;HAGH"
"RAB Geranylgeranylation R-HSA-8873719",0.105319522121908,0.256503527336861,0.287805130535564,-0.172802987017567,-1.21063424655395,62,"RAB7A;RAB2A;RAB3A;RAB6B;RAB39A;RAB5C;RAB3D;RAB1A;RAB14;RAB11A;RAB4A;RAB21;RAB6A"
"Transcription Of E2F Targets Under Negative Control By DREAM Complex R-HSA-1362277",0.105625717566016,0.256656155352718,0.143758989039275,0.409101263134587,1.34710051923439,19,"RBL1;CDC6;LIN37;TOP2A;CDC25A;HDAC1;E2F5;RBL2;E2F4;LIN9;TFDP1;LIN52;LIN54"
"G0 And Early G1 R-HSA-1538133",0.108048511576626,0.261950567569518,0.13880510939114,0.367491571474444,1.33600021934913,27,"CCNE2;RBL1;CDC6;LIN37;TOP2A;CDC25A;HDAC1;E2F5;RBL2;CCNE1;E2F4;LIN9;TFDP1;CDK1;LIN52;LIN54"
"ERK/MAPK Targets R-HSA-198753",0.10899976314399,0.262479250261536,0.287805130535564,-0.264283806335717,-1.32779657802738,22,"PPP2CA;PPP2CB;MEF2C;PPP2R1A;PPP2R5D;MAPK1;MAPK3"
"RHOQ GTPase Cycle R-HSA-9013406",0.108947428485319,0.262479250261536,0.287805130535564,-0.183948935133602,-1.26285368021776,58,"RAB7A;WASL;ARHGAP26;GIT1;CDC42;PREX1;OBSCN;GJA1;TFRC;LAMTOR1;ARHGAP32;RHOQ;GIT2"
"Transcription Of E2F Targets Under Negative Control By P107 (RBL1) And P130 (RBL2) In Complex With HDAC1 R-HSA-1362300",0.108796296296296,0.262479250261536,0.142056643575821,0.420396775784009,1.33427843754308,16,"RBL1;LIN37;HDAC1;E2F5;RBL2;E2F4;LIN9;TFDP1;CDK1;LIN52;LIN54"
"Acyl Chain Remodelling Of PE R-HSA-1482839",0.109769484083425,0.263469078406537,0.137250779610133,0.36552907968317,1.34815432100564,29,"PLBD1;PLA2G1B;PLA2G2D;PLA2R1;PLA2G3;PLA2G4D;PLA2G2F;PLA2G2A;PLA2G4F;PLA2G4E;PLA2G4B;PLAAT1;PLA2G6;PLAAT5;PLAAT2;MBOAT1;PLAAT4;PLA2G4A;PLA2G10"
"Nucleotide Excision Repair R-HSA-5696398",0.109901440527122,0.263469078406537,0.287805130535564,-0.159851378268486,-1.15601505912498,103,"UBE2V2;RAD23B;POLR2E;POLR2A;DDB1;RBX1;RAD23A;PRPF19;POLR2I;PARP1;POLR2F;YY1;UBA52;GPS1"
"Defective GALNT3 Causes HFTC R-HSA-5083625",0.110344827586207,0.263942861531372,0.140406238523342,0.413974063598711,1.3352704017071,17,"MUCL1;MUC13;MUC17;MUC12;MUC6;MUC7;MUC19"
"RNA Pol II CTD Phosphorylation And Interaction With CE R-HSA-77075",0.112616846401405,0.268778873411352,0.287805130535564,-0.246401565275686,-1.35874049295505,26,"POLR2E;POLR2A;POLR2I;POLR2F"
"Arachidonic Acid Metabolism R-HSA-2142753",0.114044350580781,0.271361582295242,0.131457611642763,0.302062271216911,1.27588256294546,58,"CYP4F2;PTGES;CYP4F11;HPGD;DPEP3;GPX2;DPEP2;GGT5;CYP8B1;CYP1A2;CYP4A22;PON1;CYP4F8;LTC4S;PTGS1;GGT1;LTA4H;ALOX12B;EPHX2;FAAH2;PON3;CYP4F22;AWAT1;PTGIS;CYP1A1;CYP2C19;PTGS2;ALOX15B;DPEP1;PON2;CYP2C8;CYP2C9;CYP2U1;TBXAS1;ALOX15;ALOX12;PLA2G4A"
"Collagen Biosynthesis And Modifying Enzymes R-HSA-1650814",0.114669421487603,0.271361582295242,0.129442887745046,0.289353698469891,1.25876511287539,67,"COL9A1;COL6A5;COL6A3;COL4A5;COL8A2;COL2A1;PCOLCE2;COL22A1;P3H3;ADAMTS14;COL5A1;COL3A1;COL6A6;COL1A2;P4HA3;COL26A1;TLL2;COL4A4;COL18A1;COL23A1;COL7A1;CRTAP;COLGALT2;ADAMTS2;PLOD2;SERPINH1;COL15A1;TLL1;COL5A2;COL24A1;COL10A1;COL8A1;COL28A1;COL19A1;COL12A1;COL21A1;COL17A1;COL4A6;PCOLCE;COL6A2;COL14A1;BMP1;COL6A1;P3H1;COL25A1;COL13A1"
"MECP2 Regulates Neuronal Receptors And Channels R-HSA-9022699",0.114709644657393,0.271361582295242,0.287805130535564,-0.29902447423801,-1.41161459037052,18,"GRIA2;GRIN2B;MECP2;HDAC2;GPRIN1;GRIN2A;RNMT;PTPN4;SLC2A3"
"Transport Of Inorganic Cations/Anions And Amino Acids/Oligopeptides R-HSA-425393",0.114256825075834,0.271361582295242,0.128142916898415,0.270469137283894,1.25029981980888,104,"SLC8B1;SLC4A1;SLC24A3;SLC6A18;SLC8A3;SLC6A19;SLC5A12;SLC1A5;SLC26A9;SLC26A3;CTNS;SLC24A4;SLC26A1;SLC17A6;SLC7A3;SLC15A1;SLC1A7;SLC26A4;SLC7A7;SLC4A2;SLC36A2;SLC9A2;SLC12A3;SLC34A3;SLC12A1;SLC6A12;SLC7A9;SLC43A1;SLC25A10;SLC34A1;SLC16A10;SLC6A6;SLC38A5;SLC9A8;SLC5A8;SLC4A9;SLC6A20;SLC12A4;SLC12A6;SLC12A7;AHCYL2;SLC36A1;SLC4A8;SLC9A3;SLC7A6;SLC17A1;SLC9A7;SLC15A3;SLC15A2;SLC4A5;SLC24A5;SLC7A8;SLC9A5;SLC17A8;SLC26A2;SLC6A14;SLC1A1;SLC34A2;SLC26A7;SLC1A6;SLC5A5;SLC32A1;SLC24A1;SLC20A1;SLC43A2"
"Downstream Signal Transduction R-HSA-186763",0.124401903588249,0.293643174623692,0.287805130535564,-0.234003499831238,-1.31413873614674,28,"GRB2;PIK3R1"
"Lagging Strand Synthesis R-HSA-69186",0.126966292134831,0.297733182866395,0.128142916898415,0.391448307232244,1.31665303684017,20,"POLR1B;SLC19A1;RFC4;POLA2;POLD1;PRIM1;PRIM2;RFC3;DNA2;POLA1;LRIG1;POLD3;RFC5;RFC2;PCNA"
"Lewis Blood Group Biosynthesis R-HSA-9037629",0.126874279123414,0.297733182866395,0.130105630751129,0.402769288247712,1.31191277342051,18,"FUT7;FUT10;FUT3;FUT4;FUT5;FUT2;ST3GAL3;B3GALT1;B3GALT4;ST3GAL6;B3GALT5;FUT11"
"Resolution Of Abasic Sites (AP Sites) R-HSA-73933",0.126865671641791,0.297733182866395,0.124434168630393,0.324687386971644,1.28601315637881,38,"SMUG1;MBD4;PARG;NEIL1;POLE2;POLE;POLR1B;OGG1;SLC19A1;RFC4;POLD1;RFC3;PNKP;NTHL1;MUTYH;TDG;LRIG1;POLG2;LRIG3;POLD3;RFC5;APEX1;POLE3;RFC2"
"Pyroptosis R-HSA-5620971",0.12817679558011,0.299916946520781,0.126253987849115,0.369475020740445,1.31900812690713,25,"CASP3;BAX;BAK1;IL1A;CASP1;CHMP4C;IL18;IRF1;IRF2;GSDME;CHMP2A;TP53;GSDMD"
"Activation Of Kainate Receptors Upon Glutamate Binding R-HSA-451326",0.129056988571857,0.300058394764401,0.249246554383295,-0.239523458689801,-1.32960822544547,29,"CALM1;GNG7;GNB1;PLCB1;DLG1;LLGL1;GNB2;GRIK5;GNG2;GNG3"
"Sensory Perception Of Taste R-HSA-9717189",0.128997867803838,0.300058394764401,0.123257226381337,0.314036115927254,1.27824926437622,46,"TAS2R3;TAS2R1;CALHM1;GNG13;SCN9A;SCNN1B;CALHM3;SCNN1G;SCNN1A;OTOP1;TAS2R50;TRPM4;TAS2R41;TAS2R43;TAS2R14;TAS1R2;GRM1;TAS2R39;PLCB2;TAS2R30;TAS2R16;ITPR3;TAS2R5;TAS1R3;GRM4;TRPM5;GNAT3;TAS2R13"
"Signaling By MET R-HSA-6806834",0.129075398865133,0.300058394764401,0.249246554383295,-0.170097675542057,-1.19168120195458,62,"GRB2;PIK3R1;RNASE1;EPS15;PTPRJ;STAT3;GGA3;UBA52;RANBP9;RPS27A;RAB4A;SPINT2;CRKL;RAPGEF1;RAP1A;RNMT;PTK2;HRAS"
"E3 Ubiquitin Ligases Ubiquitinate Target Proteins R-HSA-8866654",0.129911913223269,0.301350744712293,0.249246554383295,-0.177498047204914,-1.15042021011617,53,"UBE2V2;HLA-B;VCP;RRAGA;UBE2L3;RNF181;UBE2D2;UBA52;UBE2E1;RPS27A;UBE2B"
"ABC Transporters In Lipid Homeostasis R-HSA-1369062",0.130334486735871,0.30167939386708,0.128142916898415,0.400392974987187,1.30417257124747,18,"APOA1;ABCG4;ABCG5;ABCA12;ABCA10;ABCG8;ABCA9;ABCA6;ABCA5;ABCD1;ABCA7"
"EGFR Downregulation R-HSA-182971",0.133638105777121,0.308159328736076,0.249246554383295,-0.243448645008189,-1.38688606655856,30,"GRB2;EPN1;CDC42;PTPRK;EPS15;UBA52;RPS27A"
"FGFR2 Ligand Binding And Activation R-HSA-190241",0.133707865168539,0.308159328736076,0.124434168630393,0.387101908715231,1.30203374049627,20,"FGF9;FGF18;FGF3;FGF23;FGF5;FGFR2;FGF10;FGF20;FGF22;FGFBP1;FGF6;FGFBP3;FGF16;FGF7;FGF17;FGF8;FGFBP2;FGF4"
"Aquaporin-mediated Transport R-HSA-445717",0.13491516610596,0.30961300939701,0.249246554383295,-0.190121645562443,-1.21915612586486,49,"GNAS;PRKAR1A;PRKACB;GNG7;GNB1;AQP4;PRKAR1B;ADCY1;PRKAR2B;GNB2;RAB11A;GNG2;GNG3"
"Signaling By NOTCH1 R-HSA-1980143",0.134756235783559,0.30961300939701,0.249246554383295,-0.161036736586848,-1.18060087537266,72,"SKP1;CNTN1;FBXW7;RBX1;PSENEN;TLE4;NCOR2;DNER;UBA52;RPS27A;ARRB1;CUL1"
"DAP12 Signaling R-HSA-2424491",0.135784929020387,0.31094459225564,0.249246554383295,-0.230623439602556,-1.29515667784324,28,"GRB2;PIK3R1;B2M;RNASE1"
"MAPK Targets/ Nuclear Events Mediated By MAP Kinases R-HSA-450282",0.137000026920653,0.312394965844546,0.249246554383295,-0.242371777812178,-1.38075133490034,30,"PPP2CA;PPP2CB;MAPK10;MEF2C;PPP2R1A;PPP2R5D;MAPK1;MAPK3"
"Signaling By RAF1 Mutants R-HSA-9656223",0.136751313241777,0.312394965844546,0.249246554383295,-0.204186840207603,-1.26515484510437,38,"CALM1;YWHAB;CAMK2D;MAP2K1;CAMK2G;MAPK1;ARRB1;CAMK2A;MAPK3;CAMK2B;MAP2K2;RAP1A"
"Nucleotide Salvage R-HSA-8956321",0.137320044296788,0.312461287234642,0.121543282035469,0.373625184460855,1.30189394457835,23,"ADAL;SCO2;TK1;PUDP;CDA;AMPD1;PPY;AMPD3;APRT;TK2;UPP2;ADA"
"Digestion R-HSA-8935690",0.139325842696629,0.316355084685369,0.121543282035469,0.38361716702783,1.29031266356083,20,"GUCA2B;GUCA2A;GUCY2C;TREH;PNLIPRP1;ALPP;CLPS;CEL;PNLIPRP2;LIPF;MGAM;LCT"
"Apoptotic Factor-Mediated Response R-HSA-111471",0.140449438202247,0.318233537192434,0.120985142145252,0.383130291998329,1.28867503868339,20,"APAF1;CASP3;BAX;CDKN2A;BAK1;UACA;CARD8;GSDME;GSDMD;AVEN"
"Termination Of O-glycan Biosynthesis R-HSA-977068",0.141436464088398,0.319795289328293,0.119348440591015,0.365765162797238,1.29000362733046,24,"MUCL1;MUC13;MUC17;MUC12;MUC6;ST6GALNAC4;MUC7;MUC19;ST6GALNAC2;ST3GAL1"
"Apoptotic Execution Phase R-HSA-75153",0.142929673930315,0.322492583615878,0.249246554383295,-0.184888116801819,-1.21286199502418,52,"HMGB1;ADD1;SPTAN1;MAPT;SATB1;PLEC;H1-4;BCAP31;CTNNB1;KPNB1;STK24"
"Sensory Perception Of Sweet, Bitter, And Umami (Glutamate) Taste R-HSA-9717207",0.149413020277481,0.336414221756845,0.11331290842208,0.315044836019323,1.26116259640407,40,"TAS2R3;TAS2R1;CALHM1;GNG13;SCN9A;CALHM3;TAS2R50;TRPM4;TAS2R41;TAS2R43;TAS2R14;TAS1R2;GRM1;TAS2R39;PLCB2;TAS2R30;TAS2R16;ITPR3;TAS2R5;TAS1R3;GRM4;TRPM5;GNAT3;TAS2R13"
"APC/C:Cdc20 Mediated Degradation Of Cyclin B R-HSA-174048",0.151873843858046,0.34123955712038,0.249246554383295,-0.257729992183974,-1.33274309623297,23,"ANAPC11;UBA52;UBE2E1;RPS27A;ANAPC5;CDC16;UBE2S;CDC27;ANAPC7;ANAPC15;UBB;UBE2D1;ANAPC16;CDC26;ANAPC10;ANAPC4;ANAPC2;CDK1;ANAPC1;UBE2C;CCNB1;CDC23"
"Activated Point Mutants Of FGFR2 R-HSA-2033519",0.152873563218391,0.342768699157728,0.116739204791222,0.397250597901299,1.28132898188577,17,"FGF9;FGF18;FGF3;FGF23;FGF5;FGFR2;FGF10;FGF20;FGF22;FGF6;FGF16;FGF7;FGF17;FGF8;FGF4"
"NLRP3 Inflammasome R-HSA-844456",0.153614893052976,0.343713323206034,0.249246554383295,-0.28863112722702,-1.27039092618997,16,"APP;HSP90AB1"
"Processing Of Intronless Pre-mRNAs R-HSA-77595",0.154374280501131,0.344694339414168,0.249246554383295,-0.254302901320593,-1.21327074168604,20,"NUDT21;CSTF3;NCBP2;WDR33;CPSF2;PABPN1;CSTF2;FIP1L1;SYMPK;CPSF1;CPSF7;PCF11;PAPOLA;NCBP1;CSTF2T;CPSF4;CPSF6"
"FCGR3A-mediated IL10 Synthesis R-HSA-9664323",0.155028240048704,0.344836748928821,0.249246554383295,-0.224917121663186,-1.36143193010216,36,"PRKAR1A;AHCYL1;PRKACB;CALM1;PRKAR1B;ADCY1;PRKAR2B;FYN"
"Synthesis Of PA R-HSA-1483166",0.155080213903743,0.344836748928821,0.11101149245045,0.315248659798997,1.25504693753969,39,"GPAM;PLA2G1B;PLA2G2D;PLA2R1;PLA2G4D;PLA2G2F;PLA2G2A;GPD1;ACP6;GNPAT;ALPP;PLD2;GPAT3;LIPI;PLA2G4B"
"Phospholipase C-mediated Cascade; FGFR2 R-HSA-5654221",0.15916955017301,0.353198547284738,0.114266502484433,0.390577244393761,1.2722004653255,18,"FGF9;FGF18;FGF3;FGF23;FGF5;FGFR2;FGF10;FGF20;FGF22;FGF6;FGF16;FGF7;FGF17;FGF8;FGF4"
"MTOR Signaling R-HSA-165159",0.162668778135362,0.360219108695627,0.249246554383295,-0.200521538675305,-1.22666878679284,41,"RPS6;YWHAB;PPM1A;RRAGA;EIF4B;EIF4G1;LAMTOR1;FKBP1A;CAB39L;EIF4E;LAMTOR2;RPS6KB1;LAMTOR5;CAB39;AKT2;LAMTOR4;TSC2;RHEB;PRKAB1;PRKAG1;STK11;AKT1;PRKAA1;MLST8;LAMTOR3;STRADA;TSC1;STRADB;EIF4EBP1;RRAGB;PRKAA2;MTOR;PRKAG2;RRAGC;EEF2K;AKT1S1;RPTOR;SLC38A9;RRAGD"
"PCNA-Dependent Long Patch Base Excision Repair R-HSA-5651801",0.16536312849162,0.365432098765432,0.109684061970549,0.371144549238247,1.26458783643961,21,"POLE2;POLE;POLR1B;SLC19A1;RFC4;POLD1;RFC3;LRIG1;POLG2;POLD3;RFC5;APEX1;POLE3;RFC2;PCNA"
"Signaling By FGFR2 In Disease R-HSA-5655253",0.166354692711151,0.366868459900978,0.249246554383295,-0.207640419176223,-1.26178800641748,42,"GRB2;PIK3R1;POLR2E;POLR2A;POLR2I;POLR2F;NCBP2"
"Defective C1GALT1C1 Causes TNPS R-HSA-5083632",0.167243367935409,0.368072494185717,0.11101149245045,0.388536997629583,1.2655549094975,18,"MUCL1;MUC13;MUC17;MUC12;MUC6;MUC7;MUC19"
"Diseases Associated With O-glycosylation Of Proteins R-HSA-3906995",0.167868177136972,0.368692070030896,0.103576326612592,0.278861981595256,1.21649919036069,68,"ADAMTS19;MUCL1;MUC13;MUC17;ADAMTSL1;MUC12;MUC6;ADAMTSL5;ADAMTS14;THSD7A;MUC7;MUC19;NOTCH3;SPON1;ADAMTS5;POMT1;ADAMTSL2;THSD1;ADAMTS12;ADAMTS18;ADAMTS17;ADAMTSL4;SEMA5A;THSD7B;ADAMTS15;THBS2;C1GALT1;NOTCH2;ADAMTS20;NOTCH4;ADAMTS7;GALNT3;ADAMTS2;LFNG;POMT2;MUC5B;CFP;ADAMTS16;SEMA5B;B3GLCT;MUC15;ADAMTSL3;THBS1;SBSPON;SPON2;GALNT12;MUC1;ADAMTS8;MUC16;C1GALT1C1;ADAMTS9"
"IL-6-type Cytokine Receptor Ligand Interactions R-HSA-6788467",0.168965517241379,0.370344827586207,0.110122263835536,0.39105710144174,1.26135190304746,17,"CNTF;JAK2;IL11;CLCF1;OSMR;IL31RA;CTF1"
"Activated TAK1 Mediates P38 MAPK Activation R-HSA-450302",0.171004637758782,0.373290611692951,0.249246554383295,-0.2572912317581,-1.23753352306802,19,"MAP3K7;UBE2V1;UBE2N;NOD1;IRAK1;TAB2;RIPK2;IRAK2;TAB3;MAPK11;NOD2;TAB1;MAPKAPK3;MAPKAPK2;IKBKG;MAP2K3;MAPK14;MAP2K6"
"Smooth Muscle Contraction R-HSA-445355",0.170820524330134,0.373290611692951,0.249246554383295,-0.207497992692443,-1.26092251004763,42,"MYL12B;TPM3;MYL6B;ALDH2;CALM1;MYL6"
"Collagen Chain Trimerization R-HSA-8948216",0.172523961661342,0.375678713119305,0.103958471559957,0.305159481947972,1.23622729260063,44,"COL9A1;COL6A5;COL6A3;COL4A5;COL8A2;COL2A1;COL22A1;COL5A1;COL3A1;COL6A6;COL1A2;COL26A1;COL4A4;COL18A1;COL23A1;COL7A1;COL15A1;COL5A2;COL24A1;COL10A1;COL8A1;COL28A1;COL19A1;COL12A1;COL21A1;COL17A1;COL4A6;COL6A2;COL14A1;COL6A1;COL25A1;COL13A1"
"E2F Mediated Regulation Of DNA Replication R-HSA-113510",0.172798216276477,0.375678713119305,0.106729884364606,0.36343420723909,1.25575714611719,22,"SLC25A15;ORC5;ORC6;POLA2;PRIM1;PRIM2;RB1;ORC3;POLA1;SLC25A2;PPP2R1B;CCNB1;PPP2R3B;TFDP1;MCM8;ORC4;CDK1"
"Assembly Of Pre-Replicative Complex R-HSA-68867",0.174375130381054,0.378341191978287,0.249246554383295,-0.14892236785036,-1.06521289837782,106,"PSMB7;H3-3B;PSMC5;H2AZ1;PSMD8;PSMB6;PSMA1;H4C15;SEM1;ANAPC11;PSMD14;PSMD7;PSMD2;UBA52;UBE2E1;H2AC6;PSMD3;RPS27A;KPNB1;PSMB1;PSMC4;PSMD4;PSMB5;ANAPC5"
"Assembly And Cell Surface Presentation Of NMDA Receptors R-HSA-9609736",0.175146730006132,0.37924916940844,0.249246554383295,-0.229109526177001,-1.23852363911292,25,"CAMK2D;DLG1;CAMK2G;GRIN2B;LLGL1;CAMK2A;NEFL;CAMK2B;GPRIN1;GRIN2A"
"Transport Of Mature mRNA Derived From An Intron-Containing Transcript R-HSA-159236",0.176382607629905,0.381156781880318,0.249246554383295,-0.167262380723929,-1.1792496492295,73,"SRSF5;SRSF9;SRSF1;SRSF4;SRSF2;NCBP2;RBM8A;SRSF11;SRSF3;MAGOH;DDX39B;RANBP2;U2AF2;TPR;CHTOP;THOC1;RNPS1;POM121C;THOC7;GLE1;SRSF7;SEH1L;NUP62;U2AF1;EIF4A3;SRSF6;NUP93;CASC3;POLDIP3;NUP98;SARNP;NUP50;ALYREF;U2AF1L4;NXF1;DDX39A;SRRM1;SEC13;DHX38;THOC5;FYTTD1;NCBP1;NUP43;NUP54;NUP133;NUP160;UPF3B;THOC3;NUP188;THOC2;ZC3H11A;NUP88;AAAS;NUP155;NUP107;NUP214;LUZP4;NXF2;NUP153;NUP205;NDC1;SLU7;THOC6;NUP42;NUP58;NUP35;NUP85;NXT1"
"G Alpha (Q) Signaling Events R-HSA-416476",0.177,0.381722891566265,0.0985499803531691,0.234925610060019,1.15144034363215,210,"GPRC6A;PRKCH;MAPK7;GHSR;HCRTR1;GNRH2;PTGFR;CASR;F2RL2;PROK1;CYSLTR1;GNGT2;P2RY6;GPR65;GCG;LPAR3;GNA14;GNRHR;RASGRP2;NMUR1;GNG11;GNG13;ADRA1A;FFAR2;P2RY1;QRFP;RGS17;LPAR5;CHRM5;PMCH;AGTR1;DAGLA;NMS;UTS2B;PTAFR;NPSR1;LTB4R2;EDN3;BDKRB1;DGKK;CYSLTR2;NPFFR1;NLRP3;EDNRA;P2RY10;FPR2;F2RL3;LPAR6;BTK;MMP3;GPR143;HTR2A;CCKAR;RPS6KA3;GPR39;F2R;NTS;HTR2C;RGS21;PTGER1;RGS1;FFAR3;TRPC3;RASGRP1;MRLN;NPS;PLCB3;GPNMB;PLCB4;UTS2R;ANXA1;RGS19;TACR3;LPAR4;GRM1;GPR4;BDKRB2;NMBR;PLCB2;UCMA;GRK5;NPFFR2;DHX34;TAC1;OXTR;QRFPR;XCL1;GNA15;ITPR3;PROKR2;TRPC6;GHRL;GNRH1;MCHR2;RGSL1;DGKA;GPR132;HBEGF;TTF2;ADRA1D;LTB4R;PROK2;XCR1;AVPR1A;HCRT;MLNR;BRS3;GNG8;NTSR2;PIK3R3"
"ADORA2B Mediated Anti-Inflammatory Cytokine Production R-HSA-9660821",0.178247734138973,0.383643419770054,0.0985499803531691,0.249067411274484,1.17710433351684,130,"INSL3;ADORA2B;CALCA;GNGT2;CRH;MC2R;GCG;HTR6;MC1R;GNG11;GNG13;RLN2;HTR7;NPSR1;LHB;ADM2;RAMP2;GPHA2;CYSLTR2;GLP2R;CPAMD8;NLRP3;ADORA2A;GPR150;GIPR;PTGDR;GHRHR;IAPP;TAAR6;GPR45;RXFP2;PTHLH;TAAR1;PTH2R;ADCY4;GHRH;GPR84;FSHR;FSHB;GPR39;AVPR2;GPR32;PTGER4;GPR20;GPBAR1;NPS;ADRB3;CALCR;RAMP3;PTGER2;DRD5"
"Termination Of Translesion DNA Synthesis R-HSA-5656169",0.180327868852459,0.387344262295082,0.102821842840815,0.330947995835275,1.24095615536553,31,"POLE2;POLE;TRIM25;POLR1B;ISG15;USP43;SLC19A1;RFC4;POLD1;POLH"
"Synthesis Of PIPs At Early Endosome Membrane R-HSA-1660516",0.181940605614088,0.390028364130799,0.249246554383295,-0.278726775768105,-1.22679757455086,16,"MTMR10;INPP5F;MTMR2;PIK3C3;PI4K2A;FIG4;PIK3C2A;MTM1;VAC14;INPP4A;MTMR4;MTMR12;PIK3R4;INPP4B;PIKFYVE"
"Constitutive Signaling By AKT1 E17K In Cancer R-HSA-5674400",0.183390619164784,0.390796676553527,0.249246554383295,-0.225361693210124,-1.24271961415062,26,"GSK3A;CDKN1B;GSK3B;RPS6KB2;FOXO4;PDPK1;AKT3;AKT2;TSC2;CREB1;FOXO3;PRR5;AKT1;MAPKAP1;MLST8;FOXO6;NR4A1;CDKN1A;FOXO1;CASP9;BAD"
"Diseases Of Metabolism R-HSA-5668914",0.182817182817183,0.390796676553527,0.0965629554309422,0.230077628904376,1.13641100177289,241,"ADAMTS19;SP8;MUCL1;MUC13;MUC17;SFTPA2;MC2R;GPC2;TCN2;MCCC1;EXT1;G6PC1;GYS1;CYP26C1;PRELP;ADAMTSL1;CYP21A2;CHST6;MUC12;MUC6;NHLRC1;ALG9;CYP11B1;CYP2R1;ALDOB;SFTPD;VCAN;ADAMTSL5;ADAMTS14;THSD7A;MUC7;PAPSS2;MUC19;KHK;KERA;NOTCH3;OPLAH;SPON1;MMUT;ADAMTS5;POMT1;GALT;ADAMTSL2;GGT1;MTR;CYP7B1;THSD1;ACY1;SDC2;ARSB;ADAMTS12;G6PC3;GPC3;ADAMTS18;ADAMTS17;CYP24A1;TPMT;FDXR;CSF2RB;MAT1A;ACAN;MTRR;PPY;SDC1;B4GALT1;NAGLU;MMACHC;ADAMTSL4;GALNS;GPC6;SEMA5A;THSD7B;ADAMTS15;SFTPB;DOLK;CYP4F22;THBS2;MOGAT2;APRT;HGSNAT;POMC;C1GALT1;NOTCH2;CYP11A1;ADAMTS20;NOTCH4;LUM;GBE1;DPM1;CBLIF;CHST3;ABCD4;ADAMTS7;GALNT3;ST3GAL3;ALG14;AMN;CUBN;ADAMTS2;ADA;LFNG;GALK1;NUS1;ALG2;POMT2;OMD;LCT;SFTPC;CYP11B2;GYS2;SLPI;MUC5B;PGM1;GPC5;SGSH;CYP2U1;TBXAS1;CFP;SFTPA1;CSF2RA;ADAMTS16;SEMA5B;SLC26A2;PAH;SLC34A2;MMADHC;DPM2;B3GLCT;ALG6;GLB1;MUC15;HEXB;ADAMTSL3;CYP1B1;GUSB;MMAB;THBS1;PMEL;IDH1;CYP27B1;SBSPON;SPON2;GALNT12;SLC35D1;SPAM1"
"Regulation Of Gene Expression In Beta Cells R-HSA-210745",0.18314606741573,0.390796676553527,0.103576326612592,0.372239525898761,1.25204348352379,20,"SLC2A2;MAP4K2;RFX6;IAPP;PKLR;INS;NKX6-1;PAX6;NKX2-2;MAFA;FOXA3;FOXA2"
"O-linked Glycosylation R-HSA-5173105",0.185035389282103,0.393520808096988,0.0965629554309422,0.256402148041077,1.18485204650633,105,"ADAMTS19;MUCL1;B3GNT6;MUC13;MUC17;GALNTL5;CHST4;ADAMTSL1;MUC12;MUC6;B3GNT9;B3GNT8;ST6GALNAC4;GALNT5;ADAMTSL5;ADAMTS14;THSD7A;MUC7;MUC19;SPON1;GALNT14;ADAMTS5;POMT1;ST6GALNAC2;ADAMTSL2;THSD1;ST3GAL1;ADAMTS12;ADAMTS18;ADAMTS17;GALNT10;B3GNT7;ADAMTSL4;SEMA5A;THSD7B;ADAMTS15;A4GNT;THBS2;C1GALT1;GCNT4;GALNT8;ADAMTS20;GALNT9;ADAMTS7;GALNT3;ST3GAL3;ADAMTS2;B3GNTL1;GCNT1;POMT2;B3GNT5;MUC5B;CFP;ADAMTS16;SEMA5B;B3GALNT2;GCNT7;ST6GAL1;B3GLCT;B3GNT3;MUC15;ADAMTSL3;LARGE2;THBS1;SBSPON;SPON2;GALNT12;MUC1;B3GNT2;ADAMTS8;MUC16;C1GALT1C1;ADAMTS9;B3GNT4;GALNT1;POMGNT1;ADAMTS6;ADAMTS3;GALNTL6;GCNT3;GALNT6;DAG1;MUC5AC;POMK"
"Diseases Of Glycosylation R-HSA-3781865",0.18574297188755,0.394244964045907,0.0959206777921745,0.245369842225508,1.16804075163543,140,"ADAMTS19;MUCL1;MUC13;MUC17;GPC2;EXT1;PRELP;ADAMTSL1;CHST6;MUC12;MUC6;ALG9;VCAN;ADAMTSL5;ADAMTS14;THSD7A;MUC7;PAPSS2;MUC19;KERA;NOTCH3;SPON1;ADAMTS5;POMT1;GALT;ADAMTSL2;THSD1;SDC2;ADAMTS12;GPC3;ADAMTS18;ADAMTS17;ACAN;SDC1;B4GALT1;ADAMTSL4;GPC6;SEMA5A;THSD7B;ADAMTS15;DOLK;THBS2;MOGAT2;C1GALT1;NOTCH2;ADAMTS20;NOTCH4;LUM;DPM1;CHST3;ADAMTS7;GALNT3;ST3GAL3;ALG14;ADAMTS2;LFNG;GALK1;NUS1;ALG2;POMT2;OMD;SLPI;MUC5B;PGM1;GPC5;CFP;ADAMTS16;SEMA5B;SLC26A2;DPM2;B3GLCT;ALG6;GLB1;MUC15;HEXB;ADAMTSL3;THBS1;SBSPON;SPON2;GALNT12;MUC1;ADAMTS8;CSPG4;MUC16;C1GALT1C1;MOGS;ADAMTS9;PMM2;ALG13;CHST14;GNE;MPDU1;FMOD;POMGNT1;HEXA;SRD5A3;ADAMTS6;RFT1;ADAMTS3;OGN;DCN;DAG1;MUC5AC;MAN1B1;DPAGT1;GFPT1;ALG8"
"Synthesis Of Bile Acids And Bile Salts Via 27-Hydroxycholesterol R-HSA-193807",0.1875,0.397189349112426,0.105125131597001,0.399915205588584,1.243728263461,15,"AKR1C1;AKR1C2;HSD3B7;AKR1C4;CYP8B1;CYP7B1;NR1H4;PTGIS"
"Blood Group Systems Biosynthesis R-HSA-9033658",0.188405797101449,0.398322492297158,0.101350743797099,0.359619607157767,1.2425767376243,22,"FUT7;FUT10;FUT3;FUT1;FUT4;RHCE;FUT5;FUT2;ST3GAL3;B3GALT1;B3GALT4;ST3GAL6;B3GALT5"
"tRNA Processing R-HSA-72306",0.190091001011122,0.401095746730738,0.0949751525905595,0.255488661003536,1.18104945364114,104,"WDR4;QTRT2;RNASE7;THG1L;TRMT5;PYDC1;RPP25;NLRP2B;THADA;PUS3;NUP210;TRMT61A;TRIT1;TRNT1;RPP40;ALKBH8;RPP14;PUS1;TRMT10C;ADAT3;NUP37;GTPBP3;TRDMT1;PUS7;RPP38;LCMT2;CTU2;POP5;NUP85;NUP35;NUP58;PRORP;NUP42;TRMT44;COLEC12;TRMT12;NDC1;NUP205;TRMU;CDKAL1;NUP153;ZBTB8OS;RPP21;ELAC2;NUP214;NUP107;FTSJ1;NSUN6;NUP155;TRMT6;TSEN2;TP53RK;AAAS;NUP88;DUS2;TRMT13;POP7;MTO1;URM1;FAM98B;TYW5;RPP30;CPSF4;NUP188;TRMT10A;NSUN2;HSD17B10;TSEN34;NUP160;NUP133;NUP54;CTU1;EPRS1;ADAT2;RTCB;NUP43"
"Costimulation By CD28 Family R-HSA-388841",0.193245391847515,0.406952060478885,0.249246554383295,-0.169288070865222,-1.16702232144386,65,"GRB2;PIK3R1;PPP2CA;HLA-DRB1;PPP2CB;CDC42;RNASE1;PPP2R1A;PPP2R5D;PPP2R5B;HLA-DQB2;HLA-DRA;FYN"
"PI3K Events In ERBB2 Signaling R-HSA-1963642",0.195652173913043,0.411214158087297,0.276500599254472,-0.269293869667951,-1.18527925865621,16,"GRB2;PIK3R1"
"Tie2 Signaling R-HSA-210993",0.197044467845576,0.413331559504197,0.249246554383295,-0.274684370636834,-1.24675707422896,17,"GRB2;PIK3R1"
"TRP Channels R-HSA-3295583",0.2,0.418713450292398,0.0972150808846466,0.341594111759005,1.21947461728481,25,"TRPV6;TRPM6;TRPC4;TRPM1;TRPV3;TRPV4;TRPM4;TRPC3;MCOLN2;TRPA1;MCOLN3;TRPV2;TRPM8;TRPC6;TRPM5;TRPV5;TRPC4AP;TRPC7;TRPV1;MCOLN1"
"COPI-dependent Golgi-to-ER Retrograde Traffic R-HSA-6811434",0.200978100060932,0.419417475728155,0.249246554383295,-0.148512465004769,-1.04803159683081,78,"ARF5;ARF3;KIF1A;KIF5C;KLC1;COPA;KIF21A;NSF;KIF5A;KIF1B;KIFC2;UBE2Z;RAB1A;COPE"
"RA Biosynthesis Pathway R-HSA-5365859",0.201117318435754,0.419417475728155,0.09754492162472,0.35724943123983,1.2172434870675,21,"ADH7;DHRS9;CYP26C1;RDH5;CYP26A1;ADH1A;ALDH1A3"
"SUMOylation Of Transcription Factors R-HSA-3232118",0.202066590126292,0.420580460844258,0.0988903007520636,0.371789992852013,1.22424088495744,19,"HIC1;TFAP2B;MITF;CDKN2A;TFAP2A;MDM2;TP53"
"Signaling By FGFR1 R-HSA-5654736",0.202485964828258,0.420638155175143,0.249246554383295,-0.181511594533166,-1.17664710078458,48,"GRB2;PIK3R1;PPP2CA;PPP2CB;PPP2R1A;UBA52;MAPK1;RPS27A;MAPK3"
"Bile Acid And Bile Salt Metabolism R-HSA-194068",0.206382978723404,0.426293333802278,0.0931454575337804,0.295290313268249,1.19935005721644,45,"BAAT;AKR1C1;CYP39A1;AKR1C2;HSD3B7;AMACR;AKR1C4;SYCP2;SLCO1B1;CYP8B1;SLC51A;OSBPL3;CYP7B1;SLC10A2;SLC51B;NR1H4;SLC10A1;PTGIS;ACOX2;SLCO1B3;CH25H;AKR1D1;OSBPL6;OSBPL7;ABCB11"
"Late Phase Of HIV Life Cycle R-HSA-162599",0.206399007055107,0.426293333802278,NA,-0.120900742536783,-0.965133695580201,131,"PPIA;POLR2E;POLR2A;RAN;ELOB;POLR2I;SSRP1;VPS28;VTA1;POLR2F;NCBP2;RANGAP1;TAF6;CHMP4B;UBA52;TAF15;RANBP1"
"RHOB GTPase Cycle R-HSA-9013026",0.206279715128668,0.426293333802278,0.249246554383295,-0.161470119243657,-1.16809650006124,69,"PIK3R1;ARHGEF25;ARHGEF2;ARHGAP26;ABR;PREX1;FLOT1;ARHGDIG;RHOB;TFRC;ARHGAP32;ANLN;MYO9A"
"Digestion And Absorption R-HSA-8963743",0.208839779005525,0.429681844160793,0.0946646223153342,0.339056095592989,1.21041402113818,25,"GUCA2B;SLC2A2;GUCA2A;GUCY2C;TREH;RSC1A1;PNLIPRP1;ALPP;CLPS;CEL;PNLIPRP2;LIPF;MGAM"
"Processive Synthesis On Lagging Strand R-HSA-69183",0.20872641509434,0.429681844160793,0.0985499803531691,0.391993780145698,1.21909278930913,15,"POLR1B;POLA2;POLD1;PRIM1;PRIM2;DNA2;POLA1;LRIG1;POLD3"
"Constitutive Signaling By Aberrant PI3K In Cancer R-HSA-2219530",0.210849539406346,0.432987390673835,0.0897104652742981,0.264923688338488,1.18212443986678,78,"FGF9;RAC2;FGF18;FGF3;CD86;FGF19;PDGFB;ESR1;FGF23;KIT;PDGFA;TRAT1;FGFR4;EPGN;FGF5;FGFR2;AREG;CD28;BTC;LCK;FGF10;EGF;EREG;ICOS;CD80;STRN;FGF20;FGF22;NRG4;KL;TGFA;FLT3;ERBB2;FRS2"
"Metabolism Of Fat-Soluble Vitamins R-HSA-6806667",0.212153518123667,0.433180377309541,0.0916795246008379,0.293288179500346,1.1937970847385,46,"LRP2;GPIHBP1;APOA1;AKR1C1;GPC2;BCO1;APOB;AKR1C4;APOM;TTR;PLB1;SDC2;GPC3;CLPS;APOA4;SDC1;APOC3;GPC6;LPL"
"Phospholipase C-mediated Cascade: FGFR1 R-HSA-5654219",0.211805555555556,0.433180377309541,0.0965629554309422,0.384904552708201,1.22163126544667,16,"FGF9;FGF3;FGF23;FGF5;FGF10;FGF20;FGF22;KL;FGF6"
"TP53 Regulates Transcription Of Cell Death Genes R-HSA-5633008",0.211927582534611,0.433180377309541,0.0916795246008379,0.295482772055672,1.19702610902582,44,"TP53I3;APAF1;PERP;ATM;BAX;TNFRSF10A;TNFRSF10D;TP73;NLRC4;CASP1;CASP6;BID;IGFBP3;CREBBP;PRELID3A;PPP1R13B;BBC3;TP53"
"Interferon Gamma Signaling R-HSA-877300",0.212896622313204,0.433872812835637,0.0891647117820678,0.261116045175351,1.17905791136739,85,"HLA-G;IRF4;IRF3;OAS2;MID1;GBP2;TRIM5;TRIM31;TRIM25;GBP7;IRF7;TRIM62;PTAFR;JAK2;SP100;HLA-DQA2;GBP4;SOCS1;IRF1;TRIM29;ICAM1;OAS1;TRIM38;OASL;IRF2;VCAM1;HLA-DQA1;TRIM26;GBP5;IRF8;GBP1;PTPN6;TRIM48;PML;TRIM21;IRF5;TRIM14;PTPN2;CIITA;PTPN1;FCGR1A"
"Canonical Retinoid Cycle In Rods (Twilight Vision) R-HSA-2453902",0.213732004429679,0.434750327192188,0.0934449219410994,0.350527749871736,1.22141111987193,23,"STRA6;RDH8;DHRS9;RPE65;TTR;RDH5;RBP3;RHO;SDR9C7;RLBP1;NAPEPLD;HSD17B1;HSD17B6;RDH10;RBP4;CYP4V2;RDH12;RDH16"
"YAP1- And WWTR1 (TAZ)-stimulated Gene Expression R-HSA-2032785",0.214622641509434,0.435736705068303,0.096887770327544,0.389685726188537,1.21191478782282,15,"NPPA;RUNX2;TEAD3;TEAD2;GATA4;NKX2-5;YAP1;TBX5;TEAD4;WWTR1"
"Regulation Of Complement Cascade R-HSA-977606",0.217252396166134,0.439414451002689,0.0902635484340068,0.294190033942415,1.19178911580643,44,"C1R;CFI;CFHR4;AKR1C1;C4BPA;CR1;C5AR2;CFHR3;C5;C8A"
"Triglyceride Catabolism R-HSA-163560",0.21716710320721,0.439414451002689,0.249246554383295,-0.240451370325415,-1.24339391417124,23,"PPP1CB;PRKACB;LIPE;PPP1CC"
"Transport Of Mature Transcript To Cytoplasm R-HSA-72202",0.217992527034999,0.440082657961633,0.249246554383295,-0.155848881735675,-1.09660865921692,82,"SRSF5;SRSF9;SRSF1;SRSF4;SRSF2;NCBP2;RBM8A;SRSF11;SRSF3;WDR33;MAGOH;DDX39B;CPSF2;EIF4E;RANBP2;U2AF2;TPR;CHTOP;THOC1;RNPS1;POM121C;THOC7;FIP1L1;GLE1;SYMPK;SRSF7;SEH1L;CPSF1;NUP62;U2AF1;EIF4A3;SRSF6;NUP93;CASC3;POLDIP3;NUP98;SARNP;NUP50;ALYREF;U2AF1L4;NXF1;DDX39A;SRRM1;SEC13;DHX38;SLBP;THOC5;FYTTD1;NCBP1;NUP43;NUP54;NUP133;NUP160;UPF3B;THOC3;NUP188;THOC2;CPSF4;ZC3H11A;NUP88;AAAS;NUP155;NUP107;NUP214;LUZP4;NXF2;NUP153;NUP205;NDC1;SLU7;THOC6;NUP42;NUP58;NUP35;NUP85;NXT1"
"TRAF6 Mediated NF-kB Activation R-HSA-933542",0.218544899394956,0.440370022420605,0.249246554383295,-0.23092968879109,-1.22339626046107,24,"APP;HMGB1;S100B;SAA2"
"GAB1 Signalosome R-HSA-180292",0.21969696969697,0.440737700960749,0.266350657088526,-0.250359918460952,-1.13635151035682,17,"GRB2;PIK3R1"
"Negative Regulation Of TCF-dependent Signaling By WNT Ligand Antagonists R-HSA-3772470",0.220518867924528,0.440737700960749,0.0952879846194844,0.386059713684204,1.20063796170498,15,"WNT4;KREMEN2;KREMEN1;SOST;DKK4;WIF1;WNT5A;LRP5;LRP6;WNT9A;WNT3A"
"TGF-beta Receptor Signaling In EMT (Epithelial To Mesenchymal Transition) R-HSA-2173791",0.220779220779221,0.440737700960749,0.245041785430996,-0.268961876114393,-1.15859622100058,15,"PRKCZ;RHOA;UBA52;RPS27A;FKBP1A"
"Translation Of Structural Proteins R-HSA-9683701",0.219737407515086,0.440737700960749,0.249246554383295,-0.223009221630739,-1.23793676432516,29,"GSK3A;CANX;ST3GAL2;GSK3B;UBA52;RPS27A;PARP14;ST6GALNAC3"
"Zinc Transporters R-HSA-435354",0.220689655172414,0.440737700960749,0.0937465422491719,0.372772177990403,1.20237401233178,17,"SLC30A8;SLC39A4;SLC30A1;SLC39A2;SLC30A7;SLC30A6;SLC39A14;SLC39A5;SLC30A5"
"Biosynthesis Of Specialized Proresolving Mediators (SPMs) R-HSA-9018678",0.222606689734717,0.44356138177196,0.0934449219410994,0.370767214069824,1.20767461248084,18,"HPGD;CYP3A4;CYP1A2;CYP2E1;LTC4S;LTA4H;EPHX2;CYP1A1;PTGS2;CYP2C8;CYP2C9;ALOX15;ALOX12"
"Metabolism Of Water-Soluble Vitamins And Cofactors R-HSA-196849",0.224572004028197,0.446648763567193,0.0852884689790502,0.243602160856109,1.14498287269706,120,"CTRB1;LRP2;NMRK2;SP8;SLC22A13;ACP5;SLC25A19;SLC52A2;TCN2;AOX1;MCCC1;PPCDC;SLC19A3;QPRT;GSTO2;CYP8B1;FOLR2;CTRB2;SHMT1;SLC52A1;SLC19A1;NADK;ENPP3;SLC23A1;RNLS;NADSYN1;VNN2;SLC25A16;MMUT;PRSS58;MTR;MTHFR;SLC19A2;PANK1;NMNAT3;MTRR;MMACHC;SLC52A3;NUDT12;MTHFD2;CD38;SLC5A8;FLAD1;PTGIS;TCN1;CBLIF;ABCD4;AMN;CUBN;PTGS2;MOCOS;LDLRAP1;VNN1;THTPA;ALDH1L2;DHFR;PARP9;PARP10;NNMT;PANK2;ENPP1"
"Anti-inflammatory Response Favoring Leishmania Infection R-HSA-9662851",0.22567703109328,0.448016878732315,0.0847985102819124,0.235887167766337,1.13165158431104,162,"INSL3;ADORA2B;CYSLTR1;CALCA;GNGT2;CD247;CRH;MC2R;GCG;HTR6;DPEP3;MC1R;GNG11;GNG13;DPEP2;GGT5;RLN2;HTR7;NPSR1;LHB;ADM2;RAMP2;GPHA2;CYSLTR2;GLP2R;CPAMD8;NLRP3;ADAM17;ADORA2A;GPR150;GIPR;PTGDR;GHRHR;TARP;IAPP;TAAR6;GPR45;RXFP2;PTHLH;TAAR1;PTH2R;ADCY4;GHRH;GPR84;FSHR;FSHB;GGT1;GPR39;AVPR2;GPR32;PTGER4;RHBDF2;GPR20;GPBAR1;NPS;ADRB3;CALCR;RAMP3;PTGER2"
"Negative Regulation Of FGFR1 Signaling R-HSA-5654726",0.227228455498555,0.450264504069093,0.249246554383295,-0.202789732714568,-1.20223103258575,32,"GRB2;PPP2CA;PPP2CB;PPP2R1A;UBA52;MAPK1;RPS27A;MAPK3"
"Interleukin Receptor SHC Signaling R-HSA-912526",0.22947611855021,0.453390265827595,0.249246554383295,-0.232983968337724,-1.29257828649206,27,"GRB2;PIK3R1;CLSTN1"
"Signaling By CSF3 (G-CSF) R-HSA-9674555",0.229650190512301,0.453390265827595,0.249246554383295,-0.221116252518517,-1.22742878604239,29,"GRB2;ELOB;STAT3;UBE2D2;UBA52;RPS27A"
"Phosphorylation Of APC/C R-HSA-176412",0.232142857142857,0.457470511140236,0.282013350011725,-0.239216984467018,-1.14129633071824,20,"ANAPC11;UBE2E1;ANAPC5;CDC16;UBE2S;CDC27;ANAPC7;ANAPC15;UBE2D1;ANAPC16;CDC26;ANAPC10;ANAPC4;ANAPC2;CDK1;ANAPC1;UBE2C;CCNB1;CDC23"
"Activation Of SMO R-HSA-5635838",0.232987312572088,0.458293724729711,0.0908241419007155,0.368307785098707,1.19966368320526,18,"EVC2;IHH;GAS8;SHH;GAS1;CSNK1A1;CDON;IQCE;EVC;DHH;ARRB2;SMOX;BOC;EFCAB7"
"SARS-CoV-1 Infection R-HSA-9678108",0.233761354802912,0.458975676523451,0.249246554383295,-0.179817297182887,-1.15307943368802,49,"GSK3A;CANX;VCP;DDX5;ST3GAL2;GSK3B;CHMP4B;UBA52;RPS27A;PARP14"
"Neurexins And Neuroligins R-HSA-6794361",0.236432884230923,0.463373937343087,0.249246554383295,-0.175079363244931,-1.19358944552938,57,"STXBP1;SYT1;DLGAP4;EPB41L1;STX1A;GRIN2B;DLGAP1;LLGL1;NRXN1;APBA2;NRXN2;PDLIM5;NLGN3;DLGAP3;GPRIN1;GRIN2A"
"Adrenaline,noradrenaline Inhibits Insulin Secretion R-HSA-400042",0.236959035459456,0.463559205980793,0.249246554383295,-0.209018551544222,-1.17382592720042,28,"GNAI1;GNAI2;GNG7;GNB1;GNB2;GNG2;GNG3"
"TP53 Regulates Transcription Of Genes Involved In G2 Cell Cycle Arrest R-HSA-6804114",0.238754325259516,0.466222082415854,0.0894366833718621,0.365361866149144,1.19006814349515,18,"BAX;CDC25C;RBL1;REXO2;TP53;RBL2;E2F4;CCNB1;TFDP1;CDK1"
"tRNA Modification In Nucleus And Cytosol R-HSA-6782315",0.241711229946524,0.471139493579976,0.0845557442441281,0.290457822439894,1.17075408438648,42,"WDR4;QTRT2;THG1L;TRMT5;THADA;PUS3;TRMT61A;TRIT1;ALKBH8;PUS1;ADAT3;TRDMT1;PUS7;LCMT2;CTU2;TRMT44;TRMT12;TRMU;CDKAL1;FTSJ1;NSUN6;TRMT6;TP53RK;DUS2;TRMT13;URM1;TYW5;TRMT10A;NSUN2;CTU1;EPRS1;ADAT2"
"Regulation Of Beta-Cell Development R-HSA-186712",0.24332977588047,0.473435107419609,0.0840745577910723,0.293707958447634,1.17574849389894,40,"SLC2A2;INSM1;MAP4K2;RFX6;IAPP;PKLR;PAX4;INS;CREBBP;FGF10;MAML2;NKX6-1;PAX6;NKX2-2;MAML3;ONECUT1;MAFA;FOXA3;ONECUT3;FOXA2"
"Cytosolic tRNA Aminoacylation R-HSA-379716",0.244502401835225,0.474856382587761,0.249246554383295,-0.231078352291944,-1.19492526304872,23,"SARS1;PPA1;AARS1;YARS1;HARS1;IARS1;GARS1;VARS1;LARS1;KARS1;FARSA;WARS1;DARS1;CARS1;EPRS1;AIMP2;NARS1;AIMP1;QARS1;EEF1E1"
"FCERI Mediated Ca+2 Mobilization R-HSA-2871809",0.246171511498906,0.47647045406917,0.249246554383295,-0.218346941326248,-1.21205618345808,29,"GRB2;PPP3R1;AHCYL1;CALM1"
"FLT3 Signaling R-HSA-9607240",0.24622076537094,0.47647045406917,0.249246554383295,-0.210362953443253,-1.27333499384327,36,"GRB2;PIK3R1;CDKN1B;PTPRJ;UBA52;FYN;RPS27A"
"FGFR1 Ligand Binding And Activation R-HSA-190242",0.247685185185185,0.476727399442453,0.0875697115548511,0.377059753452249,1.19673300956792,16,"FGF9;FGF3;FGF23;FGF5;FGF10;FGF20;FGF22;KL;FGF6;ANOS1;FGF17;FGFR1;FGF8;FGF4"
"Phospholipase C-mediated Cascade; FGFR4 R-HSA-5654228",0.247641509433962,0.476727399442453,0.0886261133285098,0.378942815897154,1.17850455241665,15,"FGF9;FGF18;FGF19;FGF23;FGFR4;FGF20;FGF6;FGF16;FGF17;FGF8;KLB;FGF4"
"Synthesis Of Bile Acids And Bile Salts R-HSA-192105",0.247288503253796,0.476727399442453,0.0840745577910723,0.304324745622308,1.17522790875561,34,"BAAT;AKR1C1;CYP39A1;AKR1C2;HSD3B7;AMACR;AKR1C4;SYCP2;CYP8B1;OSBPL3;CYP7B1;NR1H4;PTGIS;ACOX2;CH25H;AKR1D1;OSBPL6;OSBPL7;ABCB11"
"Interleukin-4 And Interleukin-13 Signaling R-HSA-6785807",0.249494949494949,0.47817122013902,0.0797705918628453,0.245535818270923,1.13592637324497,106,"MMP2;IRF4;IL12A;IL13RA2;TWIST1;CD36;IL6R;FASLG;GATA3;IL12B;POU2F1;JAK2;IL1A;SOCS1;IL18;NANOS2;CCL22;ICAM1;IL2RG;TGFB1;LBP;MMP3;IL4R;HIF1A;RORC;HMOX1;VCAM1;COL1A2;F13A1;ANXA1;RNASEH2A;TP53;LCN2;FCER2;BATF;POMC;CCL11"
"NR1H2 And NR1H3-mediated Signaling R-HSA-9024446",0.249771000463678,0.47817122013902,0.249246554383295,-0.16992057587584,-1.04663689191232,45,"APOE;SCD;APOD;FASN;SREBF1;NCOR2;NR1H2"
"Plasma Lipoprotein Remodeling R-HSA-8963899",0.24972972972973,0.47817122013902,0.0833634065110386,0.306988364240127,1.17656289224375,33,"GPIHBP1;APOA1;APOB;CETP;LIPC;APOA5;LIPG;CREB3L3;ANGPTL4;APOA4;LPA;APOC3;MBTPS2;LPL"
"Signaling By NOTCH2 R-HSA-1980145",0.251703455577533,0.481013365285178,0.203508959461977,-0.223801351496299,-1.27495873331623,30,"CNTN1;PSENEN;UBA52;RPS27A;EP300;GZMB;PSEN1;RBPJ;NEURL1;NCSTN;MIB2;CREB1;ADAM10;UBB;MIB1;JAG1;MAML1;JAG2;MAMLD1;DLL4;APH1A;APH1B;NEURL1B;NOTCH2;MAML3;FCER2;DLL1;HES5;MAML2;PSEN2"
"Senescence-Associated Secretory Phenotype (SASP) R-HSA-2559582",0.254336836358438,0.485182526197091,0.203508959461977,-0.134742681829754,-0.941559214056592,77,"H3-3B;CDKN1B;H2AZ1;CDKN2D;IGFBP7;H4C15;ANAPC11;STAT3;UBA52;UBE2E1;H2AC6;MAPK1;RPS27A;MAPK3"
"Negative Regulation Of FGFR4 Signaling R-HSA-5654733",0.255081975063145,0.485741207833011,0.203508959461977,-0.222282153187402,-1.26630411555535,30,"GRB2;PPP2CA;PPP2CB;PPP2R1A;UBA52;MAPK1;RPS27A;MAPK3"
"RET Signaling R-HSA-8853659",0.256746866830697,0.488046256594989,0.203508959461977,-0.202232921465359,-1.24691379885424,40,"GRB2;PIK3R1;CLSTN1;PRKACB;RAP1GAP"
"Collagen Degradation R-HSA-1442490",0.258271077908218,0.490076214970717,0.0808589150280032,0.290609637785937,1.163345541419,40,"MMP2;COL9A1;TMPRSS6;MMP13;ADAM17;CTSK;MMP3;MMP10;COL26A1;MMP15;COL18A1;MMP28;COL23A1;MMP19;MMP9;MMP7;COL15A1;MMP14;MMP1;COL19A1;COL12A1;COL17A1;PRSS2;PHYKPL;ELANE;COL14A1;MMP12;COL25A1;COL13A1;MMP11"
"Conversion From APC/C:Cdc20 To APC/C:Cdh1 In Late Anaphase R-HSA-176407",0.258928571428571,0.490457294028723,0.266350657088526,-0.235773887507806,-1.12486942886338,20,"ANAPC11;UBE2E1;ANAPC5;CDC16;FZR1;UBE2S;CDC27;ANAPC7;ANAPC15;UBE2D1;ANAPC16;CDC26;ANAPC10;ANAPC4;CDC14A;ANAPC2;ANAPC1;UBE2C;CDC23"
"Signaling To RAS R-HSA-167044",0.259541984732824,0.490753682399742,0.245041785430996,-0.235407621804149,-1.13227653184175,19,"GRB2;RALGDS;SHC3;HRAS;SRC;RALA;SOS1;RALB;NRAS;SHC1;MAPK11;SHC2;MAPKAPK3;MAPKAPK2;MAPK14;NGF;MAPK13;MAPK12;NTRK1"
"Nuclear Events (Kinase And Transcription Factor Activation) R-HSA-198725",0.260808966979207,0.49228265471998,0.203508959461977,-0.153282326790662,-1.0484126377194,61,"PPP2CA;PPP2CB;DNM2;ID2;TF;MEF2C;PPP2R1A;PPP2R5D;MAPK1;CDK5R1;MEF2D;MAPK3"
"RHOBTB1 GTPase Cycle R-HSA-9013422",0.262626262626263,0.494843168527379,0.282013350011725,-0.22131110115527,-1.14441799995811,23,"CCT2;GPS1;HNRNPC;CCT7;TXNL1;RBMX;VIM;RHOBTB1;COPS4;CUL3;TRA2B;ROCK2;CPSF7;DBN1;MYO6;COPS2;SRRM1;ROCK1;RNF20"
"Activation Of Matrix Metalloproteinases R-HSA-1592389",0.264864864864865,0.497933006220299,0.0802023444698144,0.301555992152829,1.15574279559091,33,"CTRB1;MMP2;CTRB2;MMP13;TPSAB1;CTSK;MMP3;PRSS58;MMP10;MMP15;MMP24;COL18A1;MMP28;MMP16;MMP9;MMP7;MMP14"
"Interleukin-6 Family Signaling R-HSA-6783589",0.265193370165746,0.497933006220299,0.0813027345384498,0.330285533031863,1.16487183308398,24,"CNTF;IL6R;JAK2;IL11;CLCF1;OSMR;IL31RA;CTF1"
"Signaling By FGFR In Disease R-HSA-1226099",0.266945368740029,0.500347863921102,0.203508959461977,-0.152803484766491,-1.04513747847487,61,"GRB2;PIK3R1;POLR2E;POLR2A;POLR2I;POLR2F;NCBP2;STAT3"
"Regulation Of Necroptotic Cell Death R-HSA-5675482",0.271739130434783,0.508445690046962,0.287857117255149,-0.206336481174118,-1.15876370561413,28,"CDC37;FASN;HSP90AA1;FLOT1;STUB1;UBA52;RPS27A"
"Cytosolic Sulfonation Of Small Molecules R-HSA-156584",0.272625698324022,0.508522727272727,0.080419996876154,0.339268836431402,1.15597883550962,21,"SULT1E1;SLC26A1;ABHD14B;SULT1B1;BPNT2;PAPSS2;SULT2B1;SULT1A2;SULT1A4;SULT2A1;SULT6B1"
"NRIF Signals Cell Death From Nucleus R-HSA-205043",0.272727272727273,0.508522727272727,0.219250346703755,-0.26439692257544,-1.13893195483884,15,"SQSTM1;PSENEN;UBA52;RPS27A"
"Reproduction R-HSA-1474165",0.275201612903226,0.512247022977582,0.0745500777420554,0.240723262849965,1.12008267574713,110,"IZUMO2;PRDM9;ATM;MND1;MRE11;H2BC1;BRCA2;SMC1B;CATSPER3;RBBP8;SYCP2;ADAM30;POLR1B;POT1;ADAM21;SYCE3;RAD51;SERPINA2;CATSPERG;ADAM20;ZP2;SPO11;IZUMO3;KCNU1;SYNE2;BLM;H2BC9;PMEPA1;CATSPERB;TEX15;H3C7;MLH1;H2AC20;ZP4;IZUMO4;ZP3;B4GALT1;H2AC14;CATSPERD;RAD50;STAG3;H2BC21;H2BC15;PSMC3IP;SYCP1;H2AC4;H2BC17;IZUMO1;H2BC13"
"Role Of Phospholipids In Phagocytosis R-HSA-2029485",0.278350515463918,0.517211857453715,0.276500599254472,-0.213797361734514,-1.13263432784109,24,"PIK3R1;PLD3;AHCYL1"
"Metabolism Of Vitamins And Cofactors R-HSA-196854",0.279279279279279,0.518041357419596,0.0734381410838857,0.226441683542542,1.09916257775902,183,"CTRB1;LRP2;NMRK2;GPIHBP1;SP8;SLC22A13;ACP5;APOA1;SLC25A19;AKR1C1;SLC52A2;GPC2;TCN2;AOX1;MCCC1;GCHFR;BCO1;PPCDC;APOB;SLC19A3;QPRT;AKR1C4;GSTO2;APOM;CYP8B1;FOLR2;CTRB2;TTR;SHMT1;SLC52A1;PRKG2;SLC19A1;NADK;ENPP3;SLC23A1;RNLS;PLB1;NADSYN1;VNN2;SLC25A16;MMUT;PDSS1;PRSS58;PDSS2;MTR;MTHFR;SLC19A2;COQ2;PANK1;SDC2;GPC3;CLPS;APOA4;NMNAT3;MTRR;SDC1;APOC3;MMACHC;SLC52A3;NUDT12;GPC6;MTHFD2;CD38;SLC5A8;LPL;FLAD1;PTGIS;TCN1"
"Signaling By ERBB2 TMD/JMD Mutants R-HSA-9665686",0.285235563305814,0.528177577569731,0.203508959461977,-0.242925120852411,-1.20504394278789,21,"GRB2;CDC37;HSP90AA1"
"Apoptotic Cleavage Of Cellular Proteins R-HSA-111465",0.288947923313391,0.532628501601008,0.203508959461977,-0.182084220437954,-1.1282055859717,38,"ADD1;SPTAN1;MAPT;SATB1;PLEC;BCAP31;CTNNB1;STK24"
"Downstream Signaling Of Activated FGFR3 R-HSA-5654708",0.288659793814433,0.532628501601008,0.271288554688953,-0.209423625614053,-1.10946358508373,24,"GRB2;PIK3R1"
"Processing Of Capped Intronless Pre-mRNA R-HSA-75067",0.289127017163303,0.532628501601008,0.203508959461977,-0.212205716737277,-1.17796589947308,29,"SNRPD3;NUDT21;CSTF3;NCBP2;WDR33;CPSF2;PABPN1;SNRPG;CSTF2;FIP1L1;SYMPK;CPSF1;SNRPE;CPSF7;SNRPB;PCF11;PAPOLA;SLBP;NCBP1;CSTF2T;CPSF4;ZNF473;CPSF6;SNRPF;COLEC12;LSM10;LSM11;CPSF3;CSTF1"
"Defects Of Contact Activation System (CAS) And Kallikrein/Kinin System (KKS) R-HSA-9651496",0.29127358490566,0.535664092788834,0.0797705918628453,0.368089691108149,1.14475155213478,15,"GP9;F9;GP1BA;FAM110A;F8;ZNF160;GGCX;TTF2;GP5;F12;KLKB1"
"NOTCH1 Intracellular Domain Regulates Transcription R-HSA-2122947",0.293646160850064,0.539104233765759,0.203508959461977,-0.176779918395107,-1.11460478513313,46,"SKP1;FBXW7;RBX1;TLE4;NCOR2;UBA52;RPS27A;CUL1;HDAC2;HDAC5"
"Oncogene Induced Senescence R-HSA-2559585",0.295404814004376,0.541243438612713,0.0751181635276301,0.301045605744647,1.13940729252548,32,"E2F2;CDKN2A;DAND5;AGO3;ETS1;CDKN2B;MDM2;AGO4;RB1;TP53;TNRC6C;CDK6;TFDP1;E2F3;CDK4"
"Regulation Of HSF1-mediated Heat Shock Response R-HSA-3371453",0.295819272314397,0.541243438612713,0.203508959461977,-0.14224294377891,-0.994826664388799,79,"YWHAE;DNAJB6;HSPA4;HSPA9;HSPA13;HSPA2;TNFRSF21;HSPA8;HSBP1;GSK3B;HSPA12A"
"Assembly Of Active LPL And LIPC Lipase Complexes R-HSA-8963889",0.29735935706085,0.543135968509103,0.077274697304471,0.343702746925098,1.13175438593736,19,"GPIHBP1;LIPC;APOA5;CREB3L3;ANGPTL4;APOA4;MBTPS2;LPL;PCSK5;CIDEC;APOC2;ANGPTL8;LMF2;FGF21"
"TP53 Regulates Transcription Of Genes Involved In Cytochrome C Release R-HSA-6803204",0.298876404494382,0.544980065241029,0.0758886900606117,0.338933338110642,1.14001670377639,20,"ATM;BAX;TP73;BID;CREBBP;PRELID3A;PPP1R13B;BBC3;TP53;TP53INP1;TP63;TRIAP1"
"Growth Hormone Receptor Signaling R-HSA-982772",0.300110741971207,0.546303282842502,0.0749278818393739,0.325985203263797,1.13589281398065,23,"PRLR;PRL;JAK2;GH1;SOCS1;ADAM17;GHR;STAT5A;PTPN6;CISH;PTPN1;IRS1;LYN"
"Telomere C-strand (Lagging Strand) Synthesis R-HSA-174417",0.301621621621622,0.548124571271779,0.0734381410838857,0.293985670787678,1.12672879949812,33,"DSCC1;POLR1B;POT1;SLC19A1;RFC4;POLA2;POLD1;STN1;BLM;PRIM1;WRN;PRIM2;RFC3;DNA2"
"MET Activates PTK2 Signaling R-HSA-8874081",0.302298850574713,0.548427306616962,0.0764767053228531,0.353691582433191,1.14082968689021,17,"LAMA4;LAMB3;LAMA2;LAMB1;ITGA3;LMNB2;LAMC2;LAMA1;LAMA5;LAMC3;ITGA2"
"Striated Muscle Contraction R-HSA-390522",0.304864864864865,0.552149856433162,0.0728938564822936,0.292907959134095,1.12259836431605,33,"TNNI1;MYBPC3;MYL3;TNNT2;MYL4;TTR;TMOD4;MYH3;MYH6;ACTN3;MYL2;DES;MYL1;MYBPC1;TNNC2"
"Downregulation Of SMAD2/3:SMAD4 Transcriptional Activity R-HSA-2173795",0.309138361220409,0.558947137964175,0.203508959461977,-0.214642439879899,-1.22278195120598,30,"PPM1A;PARP1;SKI;NCOR2;UBA52;MAPK1;RPS27A;MAPK3;SMAD4"
"Intrinsic Pathway Of Fibrin Clot Formation R-HSA-140837",0.312849162011173,0.563843523418988,0.0732558655828455,0.331573961922154,1.12976035883444,21,"GP9;SERPINC1;F9;GP1BA;FAM110A;SERPIND1;F8;ZNF160;SERPINA5;TTF2;GP5;KNG1;PROC;F12;KLKB1;PROS1"
"O-linked Glycosylation Of Mucins R-HSA-913709",0.312896405919662,0.563843523418988,0.0704500850658419,0.262639981112198,1.1057462230415,57,"MUCL1;B3GNT6;MUC13;MUC17;GALNTL5;CHST4;MUC12;MUC6;B3GNT9;B3GNT8;ST6GALNAC4;GALNT5;MUC7;MUC19;GALNT14;ST6GALNAC2;ST3GAL1;GALNT10;B3GNT7;A4GNT;C1GALT1;GCNT4;GALNT8;GALNT9;GALNT3;ST3GAL3;B3GNTL1;GCNT1;B3GNT5;MUC5B;GCNT7;ST6GAL1;B3GNT3;MUC15"
"Paracetamol ADME R-HSA-9753281",0.31672203765227,0.569781354168406,0.0721797965581253,0.319880162093811,1.11461984721832,23,"SULT1E1;GGT5;CYP2E1;GGT1;ACY1;GGT6;GSTM1;ABCC2;ABCG2;SULT1A4;UGT2B15;SULT2A1"
"p75NTR Signals Via NF-kB R-HSA-193639",0.318181818181818,0.571450288841593,0.20207170902116,-0.257033448466685,-1.10721261454018,15,"SQSTM1;UBA52;RPS27A;NFKBIA;NFKB1;IRAK1;UBB;PRKCI;RIPK2;NGFR;MYD88;RELA;IKBKB;NGF"
"Downregulation Of TGF-beta Receptor Signaling R-HSA-2173788",0.319587628865979,0.572061855670103,0.257206466468838,-0.2018039363852,-1.09091468106837,25,"PPP1CB;PPP1CC;STUB1;UBA52;RPS27A;XPO1"
"NCAM Signaling For Neurite Out-Growth R-HSA-375165",0.319487375285222,0.572061855670103,0.203508959461977,-0.169277584929638,-1.15403628955436,57,"NCAM1;GRB2;PRNP;SPTAN1;PTPRA;SPTBN2;FYN;MAPK1;MAPK3;SPTBN4;SPTBN1"
"Cellular Hexose Transport R-HSA-189200",0.321787709497207,0.574086378737542,0.0718276293603809,0.329900796190552,1.12405943978046,21,"SLC2A2;SLC5A2;SLC2A10;SLC2A7;SLC5A4;SLC2A4;SLC2A9;MFSD4B;SLC5A9;SLC2A14;SLC2A1;SLC5A10;SLC2A12;FGF21;SLC5A1;SLC2A6;SLC2A8;SLC50A1"
"NOTCH2 Activation And Transmission Of Signal To Nucleus R-HSA-2979096",0.321428571428571,0.574086378737542,0.237793834423688,-0.223681389365352,-1.06717651968325,20,"CNTN1;PSENEN;UBA52;RPS27A;PSEN1;NEURL1;NCSTN;MIB2;ADAM10;UBB;MIB1;JAG1;JAG2;DLL4;APH1A;APH1B;NEURL1B;NOTCH2;DLL1;PSEN2"
"Negative Regulation Of FGFR2 Signaling R-HSA-5654727",0.324675324675325,0.578277443949086,0.287857117255149,-0.185092923441779,-1.08297829936559,33,"GRB2;PPP2CA;PPP2CB;PPP2R1A;UBA52;MAPK1;RPS27A;MAPK3"
"PI-3K cascade:FGFR3 R-HSA-5654710",0.325925925925926,0.579543782192789,0.213927855492356,-0.233760015578237,-1.10351853130533,18,"GRB2;PIK3R1"
"Signaling By FGFR3 In Disease R-HSA-5655332",0.327102803738318,0.580675059859427,0.241339976815091,-0.221833464812716,-1.10041757782071,21,"GRB2;PIK3R1"
"Dual Incision In TC-NER R-HSA-6782135",0.328309670586717,0.581855752822003,0.203508959461977,-0.146792893537981,-1.00402654327396,61,"POLR2E;POLR2A;DDB1;RBX1;PRPF19;POLR2I"
"G-protein Beta:Gamma Signaling R-HSA-397795",0.329545454545455,0.582745523602822,0.266350657088526,-0.185677952512942,-1.10078451009273,32,"RHOA;GNG7;GNB1;PLCB1;CDC42;GNB2;GNG2;GNG3"
"RHO GTPases Activate NADPH Oxidases R-HSA-5668599",0.329896907216495,0.582745523602822,0.252961123069611,-0.199657012509518,-1.05772299680334,24,"PRKCZ;PDZD2;PRKCB;RNASE1;MAPK1;MAPK3"
"Nucleotide Catabolism R-HSA-8956319",0.331887201735358,0.58529861192738,0.0687943095604775,0.286817196532412,1.1076180262195,34,"SCO2;ENTPD8;ENTPD2;ENTPD7;DPYD;NT5C3A;ITPA;DPYS;AGXT2;UPB1;NUDT1;ENTPD4;PPY;XDH;NUDT15;UPP2"
"FOXO-mediated Transcription Of Oxidative Stress, Metabolic And Neuronal Genes R-HSA-9615017",0.332601536772777,0.585596804088463,0.0692836467392548,0.302847532488558,1.11697052908687,29,"TRIM63;G6PC1;PCK1;MAP4K2;SIN3A;INS;RETN;HDAC1;ABCA6;POMC;IGFBP1;PPARGC1A"
"Transcription Of HIV Genome R-HSA-167172",0.340236882160756,0.598059593192556,0.203508959461977,-0.157257721167981,-1.11123240387129,68,"POLR2E;POLR2A;ELOB;POLR2I;SSRP1;POLR2F;NCBP2;TAF6;TAF15;CDK9;RNMT;TAF7;TAF10;TAF13;POLR2C;MNAT1;CDK7;POLR2L;SUPT4H1;ELOC;SUPT16H;TAF2;ERCC3;CTDP1;POLR2J;POLR2G;GTF2F1;TAF1L;POLR2K;NELFE;SUPT5H;GTF2H1;RNGTT;TAF9;TAF11;CCNK;CCNH;NELFCD;TAF12;NCBP1;TCEA1;POLR2H;CCNT1;GTF2H4;TBP;ELOA2;GTF2A1;GTF2E1;ELOA;GTF2E2;NELFB;GTF2A2;CCNT2;POLR2B"
"Meiotic Recombination R-HSA-912446",0.341412012644889,0.598167213018942,0.065981614400873,0.260593369403194,1.08799843159988,53,"PRDM9;ATM;MND1;MRE11;H2BC1;BRCA2;RBBP8;POLR1B;RAD51;SPO11;BLM;H2BC9;TEX15;H3C7;MLH1;H2AC20;H2AC14;RAD50;H2BC21;H2BC15;PSMC3IP;H2AC4;H2BC17;H2BC13"
"Translesion Synthesis By Y Family DNA Polymerases Bypasses Lesions On DNA Template R-HSA-110313",0.341151385927505,0.598167213018942,0.0665892104103933,0.278042780854996,1.10126444254794,38,"POLE2;POLE;TRIM25;POLR1B;ISG15;USP43;SLC19A1;RFC4;POLD1;POLH;SPRTN;RFC3;NPLOC4;REV1;REV3L;PCLAF;POLD3;RFC5;POLE3;RFC2;PCNA;UBE2L6;UBA7"
"Gap-filling DNA Repair Synthesis And Ligation In TC-NER R-HSA-6782210",0.342280294867002,0.598711786135441,0.203508959461977,-0.149444099754491,-1.03134696358931,60,"POLR2E;POLR2A;DDB1;RBX1;PRPF19;POLR2I"
"Other Semaphorin Interactions R-HSA-416700",0.343511450381679,0.599888288959226,0.211400189384923,-0.220721445034035,-1.0616381507569,19,"SEMA4D;SEMA6A;PLXNB3;PLXNA1;PLXNA2;ITGB1;PLXNA4;SEMA4A;TREM2;PLXND1;SEMA7A;SEMA3E;PTPRC;ITGA1;SEMA6D;TYROBP;CD72;SEMA5A;PLXNC1"
"RIPK1-mediated Regulated Necrosis R-HSA-5213460",0.348314606741573,0.607288778637093,0.257206466468838,-0.192073553932493,-1.09421079626218,30,"CDC37;FASN;HSP90AA1;FLOT1;STUB1;UBA52;RPS27A"
"RUNX1 Interacts With Co-Factors Whose Precise Effect On RUNX1 Targets Is Not Known R-HSA-8939243",0.35,0.609238249594814,0.271288554688953,-0.182100289584572,-1.08196260899822,34,"CBX6;ARID1A;CBX4;CSNK2B;SMARCA2;CBFB;SMARCB1;SMARCE1;PHC2;EP300;RING1"
"Transcriptional Regulation Of Pluripotent Stem Cells R-HSA-452723",0.351262349066959,0.610446218281415,0.0665892104103933,0.298217795155523,1.09989500558525,29,"GATA6;KLF4;NR5A1;ZSCAN10;PRDM14;DPPA4;EPHA1;CDX2;GSC;HIF3A"
"Laminin Interactions R-HSA-3000157",0.354515050167224,0.615103657317607,0.0668966276500666,0.319589369572938,1.10426213787929,22,"LAMA4;LAMB3;LAMA2;NID2;LAMB1;COL18A1;ITGA3;LMNB2;LAMC2;NID1;LAMA1;ITGA1;LAMA5;LAMC3;ITGA2"
"HDR Thru Homologous Recombination (HRR) Or Single Strand Annealing (SSA) R-HSA-5693567",0.356854838709677,0.617169237961664,0.0617054053637522,0.232351483722182,1.07897710354394,109,"ATM;RAD51AP1;RMI2;MRE11;H2BC1;POLE2;BRCA2;POLE;RMI1;RBBP8;RHNO1;POLR1B;BRCC3;RAD51;SLC19A1;SERPINA2;RFC4;PALB2;POLD1;XRCC2;POLH;RAD51D;RNF168;XRCC3;RAD9B;BARD1;BLM;H2BC9;SLX4;TIMELESS;WRN;RFC3;DNA2;CLSPN;EME2;RAD50;EME1;TOPBP1;RAD17;CHEK1;H2BC21;H2BC15;ABRAXAS1;H2BC17;H2BC13;MUS81;GEN1;RAD52;POLD3;ERCC4;RFC5;H3-4;SIRT6;H2BC11;RAD9A;RNF4;TP53BP1;POLE3;H2BC14;RFC2"
"Mitochondrial Translation Termination R-HSA-5419276",0.356607573550175,0.617169237961664,NA,-0.0659252130873254,-0.463873456948477,82,"MRPL10;MRPL33;MRPL41;MRPS21;MRPS18B;MRPS35;MRPS16;DLGAP3;MRPS18A;MRPS34;MRPS30;MRPL21;MRPL18;MRPS36;MRPL50;MRPL55;MRPS14;MRPL42;GADD45GIP1;MRPS2;CHCHD1;MRPL53;MRPL16;PTCD3;MRPL24;MRPL19;MRPL15;MRPS22;MRPS23;MRPL9;MRPL43;MRPL30;MRPL46;MRPS26;MRPL1;MRPL20;MRPL57;MRPL52;MRPL36;MRPS7;MRPL3;MRPS10;MRPL49;MRPS27;MRPS5;MRPS17;MRPL14;MRPL54;MRPL4;MRPL23;MRPS11;MTRF1L;MRRF;MRPL45;AURKAIP1;MRPS6;MRPL48;ERAL1;OXA1L;MRPL38;MRPS15;MRPL13;MRPS33;MRPL11;MRPS24;MRPL17;MRPL34;MRPL58;MRPS9;MRPS18C;MRPL47;MRPL39;MRPL51;MRPS25;MRPL12;MRPL35"
"Extracellular Matrix Organization R-HSA-1474244",0.361,0.621267692307692,0.0607719451853533,0.211152168489163,1.05233611232778,290,"CTRB1;MMP2;COL9A1;ITGAL;CASP3;ITGA9;MFAP2;FGG;CAPN13;CEACAM1;LOXL1;TMPRSS6;MATN1;COL6A5;ICAM5;COL6A3;PDGFB;OPTC;ITGB7;COL4A5;FBLN1;ICAM2;CEACAM8;LAMA4;CAPN8;COL8A2;PDGFA;CTRB2;TTR;COL2A1;PCOLCE2;CD151;COL22A1;MMP13;HAPLN1;CAPN7;LAMB3;FBLN2;TGFB3;LAMA2;TPSAB1;ICAM1;ADAM17;COMP;CTSK;TGFB1;VCAN;ITGB6;P3H3;GDF5;VTN;ADAMTS14;CAPN6;DSPP;COL5A1;BMP4;COL3A1;ASPN;ITGB5;PXDN;MMP3;IBSP;COL6A6;ITGA4;LOX;ADAMTS5;NID2;PRSS58;MATN3;VCAM1;COL1A2;KLK7;P4HA3;SDC2;MMP10;MFAP4;FBN2;CAPNS2;ITGA5;COL26A1;EFEMP2;TLL2;COL4A4;ADAMTS18;LAMB1;MMP15;MMP24;ACAN;SDC1;COL18A1;ITGAE;MMP28;COL23A1;LOXL4;LOXL3;FBN1;COL7A1;MMP16;LUM;ITGB3;MMP19;CRTAP;MFAP5;CAPN9;MMP9;COLGALT2;ADAMTS2;PLOD2;SERPINH1;MMP7;COL15A1;DDR2;MMP14;MADCAM1;ITGA3;ITGA2B;BMP10;TLL1;ADAM12;COL5A2;LMNB2;LAMC2;ICAM3;LOXL2;COL24A1;COL10A1;MMP1;COL8A1;COL28A1;KDR;COL19A1;F11R;ITGA11;COL12A1;COL21A1;COL17A1;ADAMTS16;MUSK;PRSS2;TNNI3;COL4A6;PHYKPL;NID1;BMP2;LAMA1;ITGA1;CAPN15;FGB;LAMA5;PCOLCE;TNXB;ELANE;TNN;ITGAD;SH3PXD2A;THBS1;LAMC3;ADAM8;ITGA10;COL6A2;FGA;COL14A1;BMP1;SMIM6;COL6A1;CAPN14;SCUBE1;ITGA2;P3H1;KLK2;MMP12;MATN4;COL25A1;COL13A1;CAPN12;MMP11;CAPN5"
"Metabolism Of Amine-Derived Hormones R-HSA-209776",0.361014994232987,0.621267692307692,0.0676760401641789,0.336390449690089,1.09570153604582,18,"TPH2;TPO;AANAT;ASMT;TPH1;DUOX1;TH"
"NOTCH3 Activation And Transmission Of Signal To Nucleus R-HSA-9013507",0.360824742268041,0.621267692307692,0.241339976815091,-0.194241904353421,-1.02903537719565,24,"PSENEN;YBX1;UBA52;RPS27A;PSEN1;NEURL1;NCSTN;MIB2;ADAM10;WWP2;UBB;MIB1;JAG1;EGFR;JAG2;DLL4;APH1A;APH1B;NEURL1B;DLL1;EGF;PSEN2;TACC3;NOTCH3"
"Notch-HLH Transcription Pathway R-HSA-350054",0.361538461538462,0.621267692307692,0.0652353056017703,0.298603823757002,1.0951239072362,28,"HDAC4;NOTCH3;CREBBP;HDAC3;HDAC1;MAML2;HDAC10;MAML3;NOTCH2;NOTCH4"
"Late Endosomal Microautophagy R-HSA-9615710",0.362637362637363,0.622160587016817,0.248911114434702,-0.195115845882935,-1.08309906269631,29,"RNASE1;PARK7;HSPA8;VPS28;CHMP4B;UBA52;RPS27A"
"Signaling By Retinoic Acid R-HSA-5362517",0.381003201707577,0.652627493834032,0.0613026075396207,0.267361652982321,1.0702810454363,40,"ADH7;PDHA2;DHRS9;RARG;CYP26C1;RDH5;CYP26A1;RXRB;ADH1A;ALDH1A3"
"ECM Proteoglycans R-HSA-3000178",0.384941675503712,0.654157214384472,0.0605092988656667,0.255047932275269,1.06835815174699,55,"COL9A1;ITGA9;MATN1;LAMA4;HAPLN1;TGFB3;LAMA2;COMP;TGFB1;VCAN;ITGB6;VTN;DSPP;ASPN;ITGB5;IBSP;MATN3"
"Interleukin-20 Family Signaling R-HSA-8854691",0.384530386740331,0.654157214384472,0.0625237414724762,0.299936916144562,1.07076042424005,25,"IL20RB;JAK2;IL20;IL22;IL22RA2;IL10RB;IL20RA;STAT5A;IL26"
"Phase 4 - Resting Membrane Potential R-HSA-5576886",0.383467278989667,0.654157214384472,0.0645031249656493,0.323700627091287,1.06589082490247,19,"KCNK6;KCNJ14;KCNK7;KCNK12;KCNK3;KCNK2;KCNK17;KCNK16;KCNJ12;KCNK18;KCNK15;KCNK5;KCNK10"
"Phototransduction Cascade R-HSA-2514856",0.383606557377049,0.654157214384472,0.0621124188949471,0.286270015672451,1.07342707167242,31,"GRK7;GUCY2D;GUCY2F;GRK1;RGS9BP;RHO;GNAT1;PPEF1;GUCA1C;CNGA1;RCVRN;CAMKMT;METAP1;GRK4;GUCA1B;PDE6G;PDE6A;SLC24A1;CNGB1;PDE6B"
"RHOF GTPase Cycle R-HSA-9035034",0.384615384615385,0.654157214384472,0.287857117255149,-0.169726386259446,-1.04648724610755,40,"RAB7A;PIK3R1;FARP1;CAPZB;ACTN1;ARHGAP32;ADD3;FAM169A"
"CD28 Co-Stimulation R-HSA-389356",0.3875,0.657464454976303,0.257206466468838,-0.176916721668994,-1.05116404915709,34,"GRB2;PIK3R1;CDC42;RNASE1"
"DAP12 Interactions R-HSA-2172127",0.390899880933084,0.66218686454595,0.203508959461977,-0.189758711116904,-1.17000117305329,40,"GRB2;PIK3R1;HLA-B;B2M;RNASE1"
"G Beta:Gamma Signaling Thru PI3Kgamma R-HSA-392451",0.391752577319588,0.662586248883838,0.231126709673834,-0.18877847073761,-1.02050142770356,25,"RHOA;GNG7;GNB1;GNB2;GNG2;GNG3"
"APC-Cdc20 Mediated Degradation Of Nek2A R-HSA-179409",0.402061855670103,0.676666056947747,0.227987202850442,-0.185677586870929,-1.00373862418721,25,"BUB3;ANAPC11;UBA52;UBE2E1;RPS27A;ANAPC5;CDC16;UBE2S;CDC27;ANAPC7;ANAPC15;UBB;UBE2D1;ANAPC16;CDC26;ANAPC10;ANAPC4;BUB1B;ANAPC2;NEK2;ANAPC1;UBE2C;CDC23"
"Gap-filling DNA Repair Synthesis And Ligation In GG-NER R-HSA-5696397",0.401104972375691,0.676666056947747,0.0605092988656667,0.296332115053644,1.04512277875304,24,"POLE2;POLE;POLR1B;SLC19A1;RFC4;POLD1;RFC3;LRIG1;LRIG3;POLD3;RFC5;POLE3;RFC2;PCNA"
"RND1 GTPase Cycle R-HSA-9696273",0.401405503431546,0.676666056947747,0.203508959461977,-0.181639251342763,-1.10378427161831,42,"PIK3R1;TMEM59;STMN2;STIP1;DST;KIDINS220;TFRC;TXNL1;PKP4;RND1;PLXNA1;UBXN11;RBMX;ALDH3A2"
"Signaling By High-Kinase Activity BRAF Mutants R-HSA-6802948",0.402597402597403,0.676666056947747,0.257206466468838,-0.179304119166974,-1.04910801792903,33,"PEBP1;YWHAB;MAP2K1;MAPK1;ARRB1;MAPK3"
"p130Cas Linkage To MAPK Signaling For Integrins R-HSA-372708",0.406839622641509,0.682727741745283,0.0629394692018967,0.342372951985025,1.06477300957247,15,"FGG;APBB1IP;ITGB3;CRK;ITGA2B;FGB;RAP1B;FGA"
"Negative Regulation Of PI3K/AKT Network R-HSA-199418",0.412121212121212,0.690511984115728,0.0550211117163117,0.223616287225835,1.04387409328281,113,"THEM4;FGF9;RAC2;IRAK4;FGF18;FGF3;CD86;FGF19;PDGFB;ESR1;FGF23;KIT;PIP5K1A;PDGFA;TRAT1;PIP5K1B;FGFR4;EPGN;FGF5;TRAF6;FGFR2;AREG;CD28;BTC;LCK;INS;FGF10;EGF;EREG;IL33;ICOS;CD80;IL1RL1;STRN;FGF20;FGF22;NRG4;KL;TRIB3;TGFA;FLT3;ERBB2;FRS2"
"Kinesins R-HSA-983189",0.421390374331551,0.704942775750912,0.0566484183613995,0.258822018526581,1.04323902442618,42,"KIF4A;KIF16B;KIF4B;KIF26B;KIF9;KIF27;KIF20A;KIF2B;KIF25;KLC3;KIF18B;KIF26A;KIF13B;KIF22;KIF20B;KIF6;KIF15;KIF11;KIF2C;KIF12;KIF18A;KLC4;KIF23;CENPE;KIF21B;KIF1C;KIFC1"
"Activation Of HOX Genes During Differentiation R-HSA-5619507",0.424489795918367,0.709023391627257,0.0541200569620232,0.230080002725745,1.04405762838556,88,"HOXD1;HOXC4;HOXA3;POLR2D;RARG;HOXB4;H2BC1;HOXA2;HOXA1;HOXB2;MAFB;HOXD3;HOXB3;KDM6A;SUZ12;CREBBP;H2BC9;HDAC3;PAXIP1;PAX6;H3C7;H2AC20;AJUBA;H2AC14;EZH2;ZNF335;NCOA3;H2BC21;H2BC15;RBBP5;H2AC4;HOXA4;H2BC17;EGR2;H2BC13;PKNOX1;HOXB1;MEIS1"
"Defective Pyroptosis R-HSA-9710421",0.425668449197861,0.709888065898296,0.0561766586307176,0.262373897132471,1.04454545911922,39,"H2BC1;POLA2;DNMT1;SUZ12;H2BC9;GSDME;PRIM1;H3C7;PRIM2;H2AC20;H2AC14;EZH2;DNMT3B;H2BC21;POLA1;H2BC15;H2AC4;H2BC17;H2BC13"
"Adherens Junctions Interactions R-HSA-418990",0.428571428571429,0.712516585581601,0.227987202850442,-0.188180404354588,-1.0446000356965,29,"CADM2;CADM3;CTNNB1;NECTIN1;CTNNA1;CDH2;FZR1;JUP;CADM1;CDH10;NECTIN2;PVR;CDH19;CDH11;CDH9;NECTIN3;ANG;CDH18;CDH13;CDH5;CDH8;CDH6;CDH17;CDH4;AFDN;CDH24;NECTIN4;CDH12;CDH15"
"Myogenesis R-HSA-525793",0.428571428571429,0.712516585581601,0.227987202850442,-0.188180404354588,-1.0446000356965,29,"SPAG9;CDC42;MEF2C;CTNNB1;MEF2D;CTNNA1;ABL1;CTNNA2;CDH2;BNIP2;MEF2A;TCF12;NEO1;MYOG;MAPK11;NTN3;MYOD1;BOC;MEF2B;MYF6;TCF7L2;MAPK14;CDH4;MAP2K6;MYF5;CDON;MAPK12;TCF7L1;CDH15"
"Class B/2 (Secretin Family Receptors) R-HSA-373080",0.431472081218274,0.716230317200041,0.0531298054705469,0.229283186822651,1.04718429374052,91,"WNT4;FZD10;CALCA;GNGT2;CRH;GCG;GNG11;GNG13;WNT7B;FZD2;ADGRE1;ADM2;RAMP2;CYSLTR2;GLP2R;CPAMD8;UCN3;GIPR;GHRHR;IAPP;UCN;PTHLH;PTH2R;IHH;GHRH;SHH;WNT6;WNT8B;CALCR;RAMP3;PTCH2;UCN2;SCTR;DHH;WNT9B;FZD7;WNT5A;FZD9;ADGRE2;CALCB;CALCRL;CD55;GNG8;PTH2;RAMP1;GNB4;WNT9A;WNT16;WNT3A;ADM;SMOX;VIPR1;WNT2;WNT1;GNG4;GNG5;SCT;FZD8;ADCYAP1;PTH1R;VIPR2;FZD6;GNB3;CRHR2;FZD4;WNT8A;GNG10"
"Inactivation, Recovery And Regulation Of Phototransduction Cascade R-HSA-2514859",0.433734939759036,0.717767835595077,0.0564118388217596,0.27992888837664,1.03919825492044,30,"GRK7;GUCY2D;GUCY2F;GRK1;RGS9BP;RHO;GNAT1;PPEF1;GUCA1C;CNGA1;RCVRN;CAMKMT;METAP1;GRK4;GUCA1B;PDE6G;PDE6A;CNGB1;PDE6B"
"Resolution Of AP Sites Via Multiple-Nucleotide Patch Replacement Pathway R-HSA-110373",0.433149171270718,0.717767835595077,0.0568864160475701,0.290051212544377,1.0354689358934,25,"PARG;POLE2;POLE;POLR1B;SLC19A1;RFC4;POLD1;RFC3;LRIG1;POLG2;POLD3;RFC5;APEX1;POLE3;RFC2;PCNA"
"IRS-related Events Triggered By IGF1R R-HSA-2428928",0.438947368421053,0.725276113360324,0.0540088272801684,0.25098795431909,1.04176005342896,51,"THEM4;FGF9;FGF18;FGF3;FGF19;IGF1;FGF23;FGFR4;FGF5;FGFR2;TLR9;FGF10;IGF2;FGF20;FGF22;KL;TRIB3;IRS4;FLT3;FRS2"
"Base Excision Repair R-HSA-73884",0.440660474716202,0.72698824861014,0.0529129848430583,0.23721595270618,1.0355356620752,69,"SMUG1;MBD4;PARG;NEIL1;H2BC1;POLE2;POLE;POLR1B;POT1;OGG1;SLC19A1;RFC4;POLD1;NEIL3;H2BC9;H2AC20;RFC3;PNKP;H2AC14;NTHL1;H2BC21;MUTYH;H2BC15;H2AC4;TDG;H2BC17;LRIG1;H2BC13;POLG2;LRIG3;POLD3;RFC5;H3-4;H2AB1;APEX1;H2BC11;POLE3;ACD;H2BC14;RFC2"
"Glycerophospholipid Biosynthesis R-HSA-1483206",0.444556451612903,0.732290842074016,0.0514264916187015,0.218013106290377,1.02907522816679,126,"PLBD1;GPAM;PLA2G1B;PLA2G2D;PLA2R1;PLA1A;PLA2G3;PLA2G4D;SLC44A3;PLA2G2F;PLA2G2A;SLC44A5;TMEM86B;BCHE;GPD1;LPIN3;PLB1;PLA2G4F;ACP6;PLA2G4E;LPCAT2;SH2D3C;GNPAT;ALPP;PLD2;GPAT3;LIPI;CHEK2;PITPNB;DGAT2L6;PLA2G4B;ABHD3;PHOSPHO1;PGS1;LIPH;PLAAT1;PLA2G6;DGAT2;PLAAT5;PNPLA3;OSBPL5;PLAAT2;CHKA;STARD10;ETNK1;GPAT2;ETNK2;MBOAT1;ACHE;GPCPD1;CPNE1;PLAAT4;SELENOI;PLD4;PLA2G4A;PCYT1B;SLC44A4;PLA2G10;MFSD2A;PLA2G15"
"RHOC GTPase Cycle R-HSA-9013106",0.445571000979471,0.732838062866694,0.203508959461977,-0.14603352484195,-1.02957988640527,73,"PIK3R1;RHOA;ARHGEF25;ARHGAP26;ARHGDIA;ABR;PREX1;FLOT1"
"Dectin-2 Family R-HSA-5621480",0.448732083792723,0.735333617733959,0.0551351763385257,0.281596494481469,1.02373226380609,27,"MUCL1;MUC13;MUC17;MUC12;MUC6;CLEC4A;MUC7;MUC19;SYK;CLEC6A;LYN;MUC5B;PLCG2;CLEC4E;MUC15;CLEC4D;CLEC4C;MUC1;MUC16;CLEC10A"
"Homology Directed Repair R-HSA-5693538",0.449596774193548,0.735333617733959,0.0509082865515105,0.219124416308958,1.02376616455709,114,"ATM;RAD51AP1;RMI2;MRE11;H2BC1;POLE2;BRCA2;POLE;RMI1;RBBP8;RHNO1;POLR1B;BRCC3;RAD51;SLC19A1;SERPINA2;RFC4;PALB2;POLD1;XRCC2;POLH;RAD51D;RNF168;XRCC3;RAD9B;BARD1;BLM;H2BC9;SLX4;TIMELESS;WRN;RFC3;DNA2;CLSPN;EME2;RAD50;EME1;TOPBP1;RAD17;CHEK1;H2BC21;H2BC15;ABRAXAS1;H2BC17;H2BC13;MUS81;LRIG3;GEN1;RAD52;POLD3;ERCC4;RFC5;H3-4;SIRT6;H2BC11;RAD9A;RNF4;TP53BP1;POLE3;H2BC14;RFC2"
"RUNX2 Regulates Bone Development R-HSA-8941326",0.447859495060373,0.735333617733959,0.0550211117163117,0.278329742371263,1.02654334688623,29,"SMAD6;ZNF521;HDAC4;SP7;BGLAP;RUNX2;AREG;IHH;HDAC3;RB1"
"Recycling Of Bile Acids And Salts R-HSA-159418",0.449826989619377,0.735333617733959,0.0571258510018113,0.315778444801358,1.02856346646514,18,"BAAT;SLCO1B1;SLC51A;SLC10A2;SLC51B;NR1H4;SLC10A1;SLCO1B3;ABCB11;ABCC3;STARD5;ALB;RXRA"
"G Alpha (12/13) Signaling Events R-HSA-416482",0.451049054764157,0.735593692022263,0.203508959461977,-0.124181858556987,-0.876333926022427,78,"RHOA;GNG7;ARHGEF2;GNB1;NGEF;RASGRF2;ABR;PREX1;OBSCN;TRIO;PLXNB1;GNB2;RHOB;GNG2"
"Regulation Of TP53 Activity Thru Phosphorylation R-HSA-6804756",0.452040816326531,0.735593692022263,0.051218434854034,0.22564099602911,1.0239142923756,88,"TPX2;ATM;RMI2;TAF5;MRE11;TAF7L;TAF3;RMI1;AURKB;RBBP8;RHNO1;POLR1B;PLK3;SERPINA2;PRKAG3;TAF4;RFC4;PRKAB2;RAD9B;BARD1;BLM;WRN;CHEK2;MDM2;RFC3;DNA2;TP53;RAD50;TOPBP1;RAD17;CHEK1"
"STING Mediated Induction Of Host Immune Responses R-HSA-1834941",0.451388888888889,0.735593692022263,0.0571258510018113,0.324834242068552,1.03097680556523,16,"CGAS;IRF3;MRE11;NLRC3;NLRP4;DDX41;TRIM21;TREX1;STING1"
"TNF Receptor Superfamily (TNFSF) Members Mediating Non-Canonical NF-kB Pathway R-HSA-5676594",0.45632183908046,0.741436694663258,0.0562940749700968,0.318971585734,1.02884058415082,17,"BIRC3;CD40;TNFSF11;TANK;LTB;LTA;TNFRSF11A;MAP3K14;TNFSF13B;TNFRSF12A;TNFSF12;TNFRSF13C;TNFSF14"
"ADP Signaling Thru P2Y Purinoceptor 1 R-HSA-418592",0.457458563535912,0.742160871960074,0.0543434390269162,0.286152712865568,1.02155147877062,25,"GNGT2;GNA14;GNG11;GNG13;P2RY1"
"Gap Junction Assembly R-HSA-190861",0.459490740740741,0.744333417127535,0.0562940749700968,0.322608763571878,1.02391345935904,16,"GJB4;GJD3;GJB5;GJA3;GJB3;GJD4;GJD2;GJA4;GJB2;GJB7;GJA8;GJA5;GJC2"
"Phosphorylation Of CD3 And TCR Zeta Chains R-HSA-202427",0.462068965517241,0.747382633984213,0.0557104226766671,0.31817179741807,1.02626087261863,17,"CD247;HLA-DQA2;CD3D;TARP;LCK;CD3E;HLA-DQA1"
"Cell Junction Organization R-HSA-446728",0.465711361310133,0.752141356461779,0.0499913914024592,0.226765696712197,1.0187109771735,83,"CLDN1;CLDN9;CLDN16;CRB3;CLDN18;CLDN15;CLDN17;PARD6B;LAMA4;CD151;LAMB3;TESK1;CLDN2;CDH15;CLDN8;CDH12;PXDN;CLDN23;NECTIN4;PARD6G;CLDN5;CDH24;CLDN14;SDK1;LIMS2;FBLIM1;AFDN;ARHGEF6;CDH4;PARD3;CLDN20;CLDN19;CLDN12;PARVA;CDH17;LAMC2;CDH6;CLDN7;F11R;COL17A1;CDH8;PARD6A;CDH5;FLNC;RSU1;CDH13;CDH18;ANG"
"Metabolism Of Nucleotides R-HSA-15869",0.466531440162272,0.752334484586006,0.0494904866135495,0.221985020669153,1.01814146215457,94,"ADAL;AK6;SCO2;TK1;ENTPD8;ACOD1;PUDP;ENTPD2;TYMS;ENTPD7;DPYD;NT5C3A;AK9;CMPK1;ADSS1;ITPA;CTPS1;DPYS;DCTD;AGXT2;CDA;AMPD1;UPB1;NUDT1;ENTPD4;PAICS;RRM2;PPY;AMPD3;XDH;APRT;NUDT15;PFAS;DTYMK;AK7;TK2;UPP2"
"Defects In Vitamin And Cofactor Metabolism R-HSA-3296482",0.46927374301676,0.755622188905547,0.0536769600638126,0.294162461471418,1.00228946236012,21,"SP8;TCN2;MCCC1;MMUT;MTR;MTRR;MMACHC;CBLIF;ABCD4;AMN;CUBN"
"Disassembly Of Destruction Complex And Recruitment Of AXIN To Membrane R-HSA-4641262",0.472527472527473,0.758586704775046,0.216542836735348,-0.183441402167268,-1.01829356733164,29,"PPP2CA;PPP2CB;GSK3B;PPP2R1A;PPP2R5D;PPP2R5B;CTNNB1"
"IGF1R Signaling Cascade R-HSA-2428924",0.472515856236786,0.758586704775046,0.0508054139066364,0.244665521207294,1.0164059524136,52,"THEM4;FGF9;FGF18;FGF3;FGF19;IGF1;FGF23;FGFR4;FGF5;FGFR2;TLR9;FGF10;IGF2;FGF20;FGF22;KL;TRIB3;IRS4;FLT3;FRS2"
"Diseases Associated With Glycosaminoglycan Metabolism R-HSA-3560782",0.475987193169691,0.760729531940845,0.0509082865515105,0.252435786966066,1.01053099786693,40,"GPC2;EXT1;PRELP;CHST6;VCAN;PAPSS2;KERA;SDC2;GPC3;ACAN;SDC1;B4GALT1;GPC6;LUM;CHST3;ST3GAL3"
"G Alpha (S) Signaling Events R-HSA-418555",0.475951903807615,0.760729531940845,0.0480220415968251,0.211309350576733,1.01132386696935,152,"INSL3;ADORA2B;CALCA;GNGT2;CRH;MC2R;GCG;HTR6;MC1R;GNG11;GNG13;PDE10A;RLN2;HTR7;NPSR1;LHB;ADM2;RAMP2;GPHA2;CYSLTR2;GLP2R;CPAMD8;NLRP3;ADORA2A;GPR150;GIPR;PTGDR;GHRHR;IAPP;TAAR6;GPR45;RXFP2;PTHLH;TAAR1;PTH2R;ADCY4;GHRH;GPR84;FSHR;FSHB;GPR39;AVPR2;GPR32;ITGA5;PTGER4;GPR20;GPBAR1;NPS;ADRB3;CALCR;RAMP3;PDE3A;PTGER2"
"PI5P, PP2A And IER3 Regulate PI3K/AKT Signaling R-HSA-6811558",0.474747474747475,0.760729531940845,0.048505983646947,0.219215322400623,1.01415943257414,106,"FGF9;RAC2;IRAK4;FGF18;FGF3;CD86;FGF19;PDGFB;ESR1;FGF23;KIT;PIP5K1A;PDGFA;TRAT1;PIP5K1B;FGFR4;EPGN;FGF5;TRAF6;FGFR2;AREG;CD28;BTC;LCK;INS;FGF10;EGF;EREG;IL33;ICOS;CD80;IL1RL1;STRN;FGF20;FGF22;NRG4;KL;TGFA;FLT3;ERBB2;FRS2;FGF6;PPP2R1B;ESR2"
"Generation Of Second Messenger Molecules R-HSA-202433",0.482417582417582,0.768718818273714,0.05163559644842,0.272641025002317,0.999905831133611,28,"ZAP70;ITK;CD247;HLA-DQA2;CD3D;TARP;LCK;CD3E;LCP2;HLA-DQA1"
"ISG15 Antiviral Mechanism R-HSA-1169408",0.482150892246373,0.768718818273714,0.203508959461977,-0.128875741246723,-0.944820518317732,72,"EIF4G2;PDZD2;EIF4A2;EIF4A1;EIF4G3;PPM1B;UBA52;UBE2E1;KPNA3;RPS27A;EIF4G1;MAPK3;KPNB1"
"Global Genome Nucleotide Excision Repair (GG-NER) R-HSA-5696399",0.485221102826477,0.772040688052794,NA,-0.121800994030493,-0.851858611692775,79,"UBE2V2;RAD23B;DDB1;RBX1;RAD23A;PARP1;YY1;UBA52;GPS1;RPS27A"
"RND2 GTPase Cycle R-HSA-9696270",0.487700534759358,0.774837831851406,0.0498907356726307,0.248472773336048,1.00152411733449,42,"MUC13;DEPDC1B;RND2;CAV1;PRAG1;EPHA2;LRRC1;SCRIB;VANGL1;ANKRD26;DLG5;FRS2;DSG1;TNFAIP1;FAM83B"
"Organic Cation/Anion/Zwitterion Transport R-HSA-549132",0.48938679245283,0.776368412251609,0.0542315935495841,0.320421788571565,0.996505331895677,15,"SLC22A5;SLC22A12;RSC1A1;SLC22A11;SLC22A4;SLC22A1;SLC22A2;SLC22A18;SLC22A6;SLC22A3;SLC22A16;RUNX1;SLC22A7"
"Fanconi Anemia Pathway R-HSA-6783310",0.493548387096774,0.781815586640023,0.0495901956956338,0.256831793617296,0.998389757761717,35,"POLR1B;SERPINA2;FANCA;FANCC;FANCD2;FANCG;SLX4;FANCI;FANCB;DCLRE1B;EME2;EME1;FAAP24;FANCE;FANCM;MUS81;ERCC4;FANCF;UBE2T;DCLRE1A;ERCC1"
"Transcriptional Regulation By RUNX3 R-HSA-8878159",0.498534063858659,0.788550198209425,0.203508959461977,-0.135098900187263,-0.986472935559075,93,"PSMB7;PSMC5;PSMD8;PSMB6;PSMA1;SEM1;BRD2;PSMD14;PSMD7;PSMD2;UBA52;PSMD3;CTNNB1;RPS27A;PSMB1;CBFB;SMAD4;PSMC4;PSMD4;PSMB5;PSME1;EP300;PSMC1;PSMB2"
"Amino Acid Transport Across Plasma Membrane R-HSA-352230",0.502702702702703,0.793400640236395,0.0489954089862481,0.257916304569313,0.988489430249313,33,"SLC6A18;SLC6A19;SLC1A5;SLC7A3;SLC7A7;SLC36A2;SLC6A12;SLC7A9;SLC43A1;SLC16A10;SLC6A6;SLC38A5;SLC6A20;SLC36A1;SLC7A6"
"Cell-cell Junction Organization R-HSA-421270",0.503688092729189,0.793400640236395,0.0477342401407188,0.235045153285352,0.996707692091281,59,"CLDN1;CLDN9;CLDN16;CRB3;CLDN18;CLDN15;CLDN17;PARD6B;CLDN2;CDH15;CLDN8;CDH12;CLDN23;NECTIN4;PARD6G;CLDN5;CDH24;CLDN14;SDK1;AFDN;CDH4;PARD3;CLDN20;CLDN19;CLDN12;CDH17;CDH6;CLDN7;F11R;CDH8;PARD6A;CDH5;CDH13;CDH18;ANG;PATJ;NECTIN3;CDH9;CDH11;CLDN4"
"Initiation Of Nuclear Envelope (NE) Reformation R-HSA-2995383",0.50381679389313,0.793400640236395,0.172324344900946,-0.201068927912755,-0.967112392595357,19,"PPP2CA;SIRT2;PPP2R1A;BANF1;KPNB1"
"Peroxisomal Lipid Metabolism R-HSA-390918",0.506037321624588,0.795048463141707,0.0493910105981501,0.268889927677182,0.991727164873162,29,"DECR2;ACBD5;AMACR;SYCP2;SLC25A17;EHHADH;ACOX2;NUDT7;ACBD4;PECR;ACOT6;ABCD1;CROT;CRAT;KRTAP11-1;ACOXL;NUDT19;ACOX3;PHYH;ACOT4"
"Scavenging By Class A Receptors R-HSA-3000480",0.506343713956171,0.795048463141707,0.05163559644842,0.301145285070174,0.980899879079017,18,"COLEC11;APOA1;SCARA5;MASP1;APOB;COL3A1;COL1A2;MSR1;COLEC12;MARCO;SCGB3A2"
"Cell Recruitment (Pro-Inflammatory Response) R-HSA-9664424",0.510497237569061,0.800400048392951,0.0492917662312669,0.2738354894137,0.977579581018547,25,"PSTPIP1;MEFV;IL1A;CASP1;IL18;NLRP3"
"RAS Processing R-HSA-9648002",0.515151515151515,0.805346036787085,0.169570644405628,-0.213736350182095,-0.970121838354324,17,"ARL2;CALM1"
"SHC-mediated cascade:FGFR2 R-HSA-5654699",0.51505016722408,0.805346036787085,0.0492917662312669,0.283668713923253,0.980147183571669,22,"FGF9;FGF18;FGF3;FGF23;FGF5;FGFR2;FGF10;FGF20;FGF22"
"Signaling By WNT In Cancer R-HSA-4791275",0.519480519480519,0.810933252793718,0.224966093540314,-0.163867686405728,-0.958789482843039,33,"PPP2CA;PPP2CB;GSK3B;PPP2R1A;PPP2R5D;PPP2R5B;CTNNB1"
"Sulfur Amino Acid Metabolism R-HSA-1614635",0.523756906077348,0.81642223095366,0.0481183992657975,0.275575311248435,0.971916374961793,24,"GOLT1A;SQOR;VSIG2;GADL1;MTR;MAT1A;MTRR;SLC25A10;BHMT2;CSAD;ETHE1;ADO;BHMT"
"Signaling By NOTCH3 R-HSA-9012852",0.525423728813559,0.817833456153279,0.257206466468838,-0.151998749523464,-0.97178469561175,47,"PSENEN;YBX1;PBX1;UBA52;RPS27A;EP300;PSEN1;SNW1;RBPJ;NEURL1;NCSTN;MIB2;STAT1;KAT2B;ADAM10;KAT2A;WWP2;UBB;MIB1;PLXND1;JAG1;FABP7;HEY1;MAML1;NOTCH1;EGFR;HEY2;JAG2;MAMLD1;DLL4;APH1A;DLGAP5;PTCRA;APH1B;WWC1;NEURL1B;MAML3;DLL1;HES5;MAML2;EGF;PSEN2;CREBBP;TACC3;NOTCH3;IKZF1"
"Nitric Oxide Stimulates Guanylate Cyclase R-HSA-392154",0.527374301675978,0.819681620839363,0.0483117581055019,0.283227080176964,0.965029720299571,21,"PDE10A;PRKG2;NANOS2;NANOS1;PDE5A;PRKG1;PDE9A"
"Metabolic Disorders Of Biological Oxidation Enzymes R-HSA-5579029",0.528446389496718,0.819885490853233,0.0472587336673259,0.257540570105068,0.974748005283253,32,"CYP26C1;CYP21A2;CYP11B1;CYP2R1;OPLAH;GGT1;CYP7B1;ACY1;CYP24A1;TPMT;FDXR;MAT1A;CYP4F22;CYP11A1"
"Nuclear Pore Complex (NPC) Disassembly R-HSA-3301854",0.529032258064516,0.819885490853233,0.0464154956843849,0.250165435680979,0.97247542919884,35,"RNASE7;NUP210;NUP37;CCNB2;NUP85;NUP35;NUP58;NUP42;CCNB1;NDC1;NUP205;NUP153;NUP214;NUP107;CDK1;NUP155;AAAS;NUP88;NUP188;NUP160;NUP133;NEK7;NUP54"
"Circadian Clock R-HSA-400253",0.530390044427467,0.820805342528961,0.143902565267782,-0.14394460006271,-0.99231186501164,65,"SKP1;PPP1CB;PPP1CC;CSNK1E;HSD17B4;SREBF1;MEF2C;UBA52;BHLHE41;RPS27A;CUL1;MEF2D"
"Downregulation Of ERBB2 Signaling R-HSA-8863795",0.532608695652174,0.822027070576861,0.20207170902116,-0.175943800943801,-0.988081649940669,28,"CDC37;HSP90AA1;STUB1;UBA52;RPS27A;MATK;ERBB3;AKT3;AKT2;ERBIN;PTPN18;CUL5;UBB;USP8;AKT1;ERBB4;NRG3;EGFR;NRG1;NRG2;HBEGF;RNF41;PTPN12;ERBB2;NRG4;EREG;EGF;BTC"
"IKK Complex Recruitment Mediated By RIP1 R-HSA-937041",0.532710280373832,0.822027070576861,0.186432558434075,-0.187139454958685,-0.928315959515768,21,"NDUFA2;UBE2D2;UBA52;RPS27A;UBE2V1;UBE2N;UBE2D3;UBB;BIRC2;TICAM1;UBE2D1;LY96;RIPK3;TLR4;SARM1;IKBKG;CHUK;RIPK1;IKBKB"
"Telomere Extension By Telomerase R-HSA-171319",0.535353535353535,0.824920655623668,0.193813302725311,-0.179992586142838,-0.930756543009363,23,"TERF2IP;RUVBL2;RTEL1;NHP2"
"Signaling By Type 1 Insulin-like Growth Factor 1 Receptor (IGF1R) R-HSA-2404192",0.536354056902002,0.825278305319126,0.0448645113168564,0.236142189949699,0.985912776246888,53,"THEM4;FGF9;FGF18;FGF3;FGF19;IGF1;FGF23;FGFR4;FGF5;FGFR2;TLR9;FGF10;IGF2;FGF20;FGF22;KL;TRIB3;IRS4;FLT3;FRS2;FGF6;IRS1;CILP;FGF16;FLT3LG;FGF7;PIK3R4;FGF17;FGFR1;PDE3B"
"Defective TPR May Confer Susceptibility Towards Thyroid Papillary Carcinoma (TPC) R-HSA-5619107",0.537704918032787,0.826173221698445,0.0464154956843849,0.259583267548454,0.973359735511099,31,"RNASE7;NUP210;MAP4K2;NUP37;NUP85;NUP35;NUP58;NUP42;NDC1;NUP205;NUP153;NUP214;NUP107;NUP155;AAAS;NUP88;NUP188;NUP160;NUP133;NUP54;MAP4K5;NUP43"
"Activation Of G Protein Gated Potassium Channels R-HSA-1296041",0.538968166849616,0.826841448189763,0.0465084048719156,0.262316123804878,0.967481482139597,29,"GNGT2;KCNJ15;GNG11;GNG13;UBD;KCNJ16"
"FRS-mediated FGFR2 Signaling R-HSA-5654700",0.540331491712707,0.826841448189763,0.0466948041282054,0.271930130045922,0.959060320170905,24,"FGF9;FGF18;FGF3;FGF23;FGF5;FGFR2;FGF10;FGF20;FGF22;FRS2;FGF6"
"Regulation Of IFNA/IFNB Signaling R-HSA-912694",0.540449438202247,0.826841448189763,0.0474483193656297,0.284909536386343,0.958305348055168,20,"IFNA6;SOCS1;IFNA8;IFNA14;PTPN6;IFNB1;IFNA4;PTPN1"
"ZBP1(DAI) Mediated Induction Of Type I IFNs R-HSA-1606322",0.545251396648045,0.833001422475107,0.046788296531803,0.279603557920729,0.952683419701306,21,"IRF3;NFKBIB;NLRP4;ZBP1;IKBKB;RIPK1;CHUK;RELA;MYD88;IKBKG;TLR3;RIPK3"
"Nucleotide-binding Domain, Leucine Rich Repeat Containing NLR Signaling Pathways R-HSA-168643",0.547169811320755,0.834744854202401,0.266350657088526,-0.147165940949044,-0.953828368112073,53,"APP;HSP90AB1;AAMP"
"tRNA Processing In Nucleus R-HSA-6784531",0.5480464625132,0.834896313105215,0.0439759278026345,0.230569664179769,0.969655603639751,56,"RNASE7;PYDC1;RPP25;NLRP2B;NUP210;TRNT1;RPP40;RPP14;NUP37;RPP38;POP5;NUP85;NUP35;NUP58;NUP42;COLEC12;NDC1;NUP205;NUP153;ZBTB8OS;RPP21;ELAC2;NUP214;NUP107;NUP155;TSEN2;AAAS;NUP88;POP7;FAM98B;RPP30;CPSF4;NUP188;TSEN34;NUP160;NUP133;NUP54;RTCB;NUP43"
"Activated NOTCH1 Transmits Signal To Nucleus R-HSA-2122948",0.550561797752809,0.836747281285506,0.20207170902116,-0.175303544365975,-0.998674866690355,30,"CNTN1;PSENEN;DNER;UBA52;RPS27A;ARRB1"
"Diseases Associated With TLR Signaling Cascade R-HSA-5602358",0.550819672131148,0.836747281285506,0.0453152441270267,0.255827235060064,0.959275735321109,31,"TIRAP;IRAK4;CD36;FGG;TLR1;UNC93B1;BTK;TLR10;IKBKB;TLR2;CHUK;RELA;TLR6;MYD88;IKBKG;FGB;TLR3;TLR5;TLR4;FGA;S100A8;S100A9"
"Formation Of Senescence-Associated Heterochromatin Foci (SAHF) R-HSA-2559584",0.554022988505747,0.840424702902786,0.0473534245254193,0.29437956632026,0.9495192002073,17,"ASF1A;H1-1;EP400;RB1;TP53;H1-3;H1-5"
"Interleukin-3, Interleukin-5 And GM-CSF Signaling R-HSA-512988",0.555555555555556,0.841560883874001,0.241339976815091,-0.156216920817024,-0.963625426078123,44,"GRB2;PIK3R1;CLSTN1"
"Extension Of Telomeres R-HSA-180786",0.561643835616438,0.847198707095583,0.0427591434738678,0.233694855270876,0.965865169449238,50,"DSCC1;DKC1;POLR1B;POT1;SLC19A1;PIF1;RFC4;POLA2;POLD1;TERT;STN1;SHQ1;BLM;PRIM1;WRN;PRIM2;RFC3;DNA2"
"PIWI-interacting RNA (piRNA) Biogenesis R-HSA-5601884",0.56043956043956,0.847198707095583,0.197822021315103,-0.175531719908537,-0.974386475101946,29,"POLR2E;POLR2A;POLR2I;HSP90AA1;POLR2F"
"Platelet Aggregation (Plug Formation) R-HSA-76009",0.561629153269025,0.847198707095583,0.0435378240914002,0.241025943267579,0.944635540035841,36,"FGG;ADRA2B;GP9;RASGRP2;THPO;GP1BA;ADRA2C;APBB1IP;MPL;RASGRP1;SYK;ITGB3;CRK;PTPN1;ITGA2B;TTF2;FGB;GP5;RAP1B;FGA"
"Aberrant Regulation Of Mitotic G1/S Transition In Cancer Due To RB1 Defects R-HSA-9659787",0.564367816091954,0.849675346602476,0.0465084048719156,0.291333445912835,0.939693960469544,17,"E2F2;CCNE2;RB1;CCNE1;CDK6;TFDP1;E2F3;CDK4"
"Nicotinamide Salvaging R-HSA-197264",0.564867967853042,0.849675346602476,0.0464154956843849,0.28532296832083,0.939519755645533,19,"SLC22A13;CYP8B1;RNLS;NUDT12;SLC5A8;PTGIS;PTGS2;PARP9;PARP10;NNMT;PARP8;PARP4;PARP16;NAMPT;NAPRT;NAXE;PARP6"
"Activation Of GABAB Receptors R-HSA-991365",0.567164179104478,0.850746268656716,0.231126709673834,-0.157987740704318,-0.960058919032132,42,"GNAI1;GNAI2;GNG7;GABBR2;GNB1;ADCY1;GNB2;GNG2;GNG3"
"PI3K Cascade R-HSA-109704",0.566560170394036,0.850746268656716,0.042845050912155,0.236420271114884,0.957758840756228,44,"THEM4;FGF9;FGF18;FGF3;FGF19;FGF23;FGFR4;FGF5;FGFR2;TLR9;FGF10;FGF20;FGF22;KL;TRIB3;FLT3;FRS2;FGF6;IRS1;FGF16;FLT3LG;FGF7;PIK3R4;FGF17;FGFR1;PDE3B;FGF8;KLB"
"Inflammasomes R-HSA-622312",0.568715083798883,0.851882845188284,0.0448645113168564,0.27477484983603,0.936230731598623,21,"PSTPIP1;MEFV;NLRC4;CASP1;NLRP3;HMOX1;PANX1;NLRP1"
"Diseases Of Mitotic Cell Cycle R-HSA-9675126",0.578125,0.857605317679558,0.234392647294686,-0.15355392591259,-0.951430039054377,38,"CDKN1B;ANAPC11;UBE2E1;ATRX;ANAPC5;CCND3;CCND2;CDC16;CDK2;SKP2;FZR1;UBE2S;CDKN1C;TFDP2;CDC27;ANAPC7;ANAPC15;CCND1;DAXX;UBE2D1;E2F1;ANAPC16;CDC26;ANAPC10;ANAPC4;CDKN1A;ANAPC2;ANAPC1;CDK4;UBE2C;E2F3;TFDP1;CDK6;CDC23;CCNE1"
"Glucagon-type Ligand Receptors R-HSA-420092",0.576216216216216,0.857605317679558,0.0427591434738678,0.246758092744679,0.945724493509263,33,"GNGT2;GCG;GNG11;GNG13;CYSLTR2;GLP2R;CPAMD8;GIPR;GHRHR;GHRH"
"HS-GAG Biosynthesis R-HSA-2022928",0.576122672508215,0.857605317679558,0.0433636987883266,0.253950419391954,0.942756691525713,30,"NDST4;GPC2;EXT1;HS3ST6;NDST2;SDC2;GPC3;SDC1;GPC6;HS3ST3A1;HS3ST1;GPC5;NDST3;HS6ST3;HS6ST2;HS3ST4;GLCE;SLC35D2"
"Inwardly Rectifying K+ Channels R-HSA-1296065",0.575268817204301,0.857605317679558,0.0425877779273254,0.241207718739138,0.937653833625709,35,"GNGT2;KCNJ15;GNG11;GNG13;UBD;KCNJ14;KCNJ16"
"Phase 2 - Plateau Phase R-HSA-5576893",0.577830188679245,0.857605317679558,0.0466015072985992,0.295999242030044,0.920551702288929,15,"KCNQ1;KCNE5;AKAP9;KCNE1;KCNE3;KCNE2;CACNG4;CACNB1;CACNA2D2;CACNA1C;KCNE4;CACNB2"
"Positive Epigenetic Regulation Of rRNA Expression R-HSA-5250913",0.576904364627941,0.857605317679558,NA,-0.12306459299625,-0.890265771981387,69,"POLR2E;H3-3B;H2AZ1;MTA1;SF3B1;H4C15;POLR2F;GSK3B;H2AC6;GATAD2B;BAZ1B;RBBP7;HDAC2"
"Protein Methylation R-HSA-8876725",0.576650943396226,0.857605317679558,0.0466948041282054,0.29649806244154,0.922103023757828,15,"EEF2KMT;ETFBKMT;VCPKMT;EEF1AKMT1;METTL22;KIN;CAMKMT"
"Signaling By NODAL R-HSA-1181150",0.580357142857143,0.858544864226682,0.173747838999571,-0.191862694827686,-0.915370579126845,20,"PCSK6;DRAP1;TDGF1;MAPK1;MAPK3;SMAD4"
"Synthesis Of IP3 And IP4 In Cytosol R-HSA-1855204",0.579582875960483,0.858544864226682,0.0431901998334182,0.25795044717475,0.931302952083083,26,"INPP5D;ITPKC;PLCH1;PLCD1;PLCZ1;PLCB3;PLCB4;PLCD3;PLCD4;PLCB2;INPP5B;PLD4;PLCG2;PLCH2;INPP5J;PLCE1"
"Cooperation Of PDCL (PhLP1) And TRiC/CCT In G-protein Beta Folding R-HSA-6814122",0.581806057253502,0.85950440920256,0.143902565267782,-0.169884046120251,-1.04513586913235,37,"GNG7;GNB1;GNAQ;CCT2;CSNK2B;CCT7;GNB2;GNG2;GNG3;CCT3"
"FRS-mediated FGFR1 Signaling R-HSA-5654693",0.583054626532887,0.860165753978463,0.0436251240000606,0.267929863935715,0.925765474448415,22,"FGF9;FGF3;FGF23;FGF5;FGF10;FGF20;FGF22;KL;FRS2;FGF6"
"Stimuli-sensing Channels R-HSA-2672351",0.585612968591692,0.862754908460188,0.0390355298112393,0.207392342158972,0.957447315520362,99,"TRPV6;ANO6;WNK4;BSND;ANO5;TRPM6;RNASE3;CLCA1;TRPC4;TRPM1;ASIC5;STOML3;CLCN2;TRPV3;SCNN1B;CLCA2;SCNN1G;SCNN1A;SGK3;ASIC4;TRPV4;CLCNKB;CLCA4;CLCNKA;RYR3;SLC9C1;TRPM4;TRPC3;CLCN5;MCOLN2;CLIC2;WNK3;TRPA1;CLCN1;BEST3;ANO7;SLC9C2;OSTM1;MCOLN3;BEST4;WWP1;TRPV2;TRPM8;TRPC6;ANO9"
"Glycosphingolipid Metabolism R-HSA-1660662",0.589989350372737,0.863281420027683,0.0409883873374721,0.232201826722462,0.940669559908915,44,"NEU2;SFTPA2;ENPP7;NAT8;NEU4;ARSD;ARSJ;ARSB;ESYT3;GLTP;NEU3;ARSH;STS;SMPD2;SMPD3;GLB1;ARSL;HEXB;GLB1L;GBA3;GBA2;ARSK;GM2A;ARSA;CERK;HEXA;ESYT2;SMPD1"
"Metal Ion SLC Transporters R-HSA-425410",0.589462129527991,0.863281420027683,0.0424170054438747,0.255704326828894,0.923193570875409,26,"SLC30A8;SLC39A4;SLC30A1;SLC39A2;HEPH;SLC30A7;SLC11A1;SLC30A6;SLC39A14;SLC39A5;SLC30A5;SLC30A10;SLC31A1;SLC30A2;CP"
"Nicotinate Metabolism R-HSA-196807",0.586885245901639,0.863281420027683,0.0424170054438747,0.249602721875277,0.93593566966723,31,"NMRK2;SLC22A13;QPRT;CYP8B1;NADK;RNLS;NADSYN1;NMNAT3;NUDT12;CD38;SLC5A8;PTGIS;PTGS2;PARP9;PARP10;NNMT;PARP8;BST1;NT5E;PARP4;PARP16;NAMPT;NAPRT"
"RIP-mediated NFkB Activation Via ZBP1 R-HSA-1810476",0.589655172413793,0.863281420027683,0.0445070537769277,0.286305593554952,0.923476658401696,17,"NFKBIB;ZBP1;IKBKB;RIPK1;CHUK;RELA;MYD88;IKBKG;TLR3;RIPK3"
"Regulation Of Gene Expression In Late Stage (Branching Morphogenesis) Pancreatic Bud Precursor Cells R-HSA-210744",0.588443396226415,0.863281420027683,0.04577044581081,0.294162960272045,0.914840902873988,15,"CREBBP;MAML2;MAML3;ONECUT1;ONECUT3;NEUROG3;HNF1B;MAMLD1"
"Elevation Of Cytosolic Ca2+ Levels R-HSA-139853",0.591981132075472,0.865017327685791,0.0454967810085007,0.29370629595197,0.913420686003375,15,"P2RX2;TRPC3;ORAI1;ORAI2;ITPR3;TRPC6;TRPC7;P2RX6;P2RX4;STIM1;P2RX3"
"Signaling By BMP R-HSA-201451",0.59316427783903,0.865568524998802,0.042331839351853,0.255233343193706,0.927890131259014,27,"SMAD6;SMURF2;ACVRL1;AMHR2;BMPR1A;GDF2;FSTL1;SMAD9;SMURF1;BMPR1B;GREM2;BMP10;SMAD1;BMP2;ACVR2B"
"Pre-NOTCH Processing In Golgi R-HSA-1912420",0.594002306805075,0.86561530191133,0.0443293451680314,0.284637376854125,0.927129802057235,18,"MFNG;NOTCH3;ATP2A3;B4GALT1;NOTCH2;NOTCH4;ST3GAL3;LFNG;ST3GAL6"
"DNA Double-Strand Break Repair R-HSA-5693532",0.599397590361446,0.872294054265844,0.037536290520292,0.200217436557168,0.95591053503978,144,"ATM;RAD51AP1;RMI2;MRE11;H2BC1;POLE2;BRCA2;POLE;RMI1;RBBP8;RHNO1;CNKSR3;POLR1B;BRCC3;EYA4;RAD51;SLC19A1;SERPINA2;NHEJ1;RFC4;PALB2;POLD1;XRCC2;POLM;POLH;RAD51D;RNF168;EYA3;XRCC3;RAD9B;BARD1;BLM;H2BC9;SLX4;LIG4;PAXIP1;TIMELESS;WRN;CHEK2;RFC3;DNA2;CLSPN;EME2;TP53;RAD50;EME1;TOPBP1;RAD17;CHEK1;H2BC21;H2BC15;ABRAXAS1;H2BC17;H2BC13;TDP1;MUS81;LRIG3;GEN1;RAD52;POLD3;ERCC4;RFC5;H3-4;SIRT6;H2BC11;KDM4A;POLL;XRCC4;RAD9A;RNF4;TP53BP1;POLE3;H2BC14;RFC2"
"Polymerase Switching On C-strand Of Telomere R-HSA-174411",0.601104972375691,0.872414513961475,0.0418238690062304,0.25684912747619,0.916939082515398,25,"DSCC1;POT1;SLC19A1;RFC4;POLA2;POLD1;STN1;PRIM1;PRIM2;RFC3;POLA1;POLD3;RFC5;ACD;RFC2;PCNA;TINF2;TERF2;POLD4;CHTF18;CTC1"
"SHC-mediated cascade:FGFR4 R-HSA-5654719",0.600459242250287,0.872414513961475,0.0436251240000606,0.279512386664812,0.920386503633792,19,"FGF9;FGF18;FGF19;FGF23;FGFR4"
"Deadenylation-dependent mRNA Decay R-HSA-429914",0.60377358490566,0.875105033992819,0.252961123069611,-0.140759948872509,-0.912309135271263,53,"PABPC1;EIF4A2;EIF4A1;EIF4B;EDC3;EIF4G1;CNOT3;EIF4E;HBS1L;NT5C3B;DCP1B;EXOSC6;EXOSC3;DIS3;CNOT7;CNOT8;TNKS1BP1;CNOT4;CNOT9;EDC4;DDX6;EIF4A3;LSM5;CNOT6L;LSM3;EXOSC2;LSM1;EXOSC7;LSM2;XRN1;CNOT6;LSM7;PAIP1;PARN;DCP1A;DCP2;PATL1;CNOT1;PAN3"
"Processing Of DNA Double-Strand Break Ends R-HSA-5693607",0.604912998976459,0.875574879920103,0.0380056241581377,0.211656965094619,0.936389884937408,75,"ATM;RMI2;MRE11;H2BC1;RMI1;RBBP8;RHNO1;POLR1B;BRCC3;SERPINA2;RFC4;RNF168;RAD9B;BARD1;BLM;H2BC9;TIMELESS;WRN;RFC3;DNA2;CLSPN;RAD50;TOPBP1;RAD17;CHEK1;H2BC21;H2BC15;ABRAXAS1;H2BC17;H2BC13"
"Interactions Of Rev With Host Cellular Proteins R-HSA-177243",0.608695652173913,0.879864240154485,0.219250346703755,-0.159175996087731,-0.963498385437164,36,"RAN;NPM1;RANGAP1;RANBP1;KPNB1;XPO1;RANBP2;TPR;POM121C;SEH1L;NUP62;NUP93;NUP98;NUP50;SEC13;NUP43;NUP54;NUP133;NUP160;NUP188;NUP88;AAAS;NUP155;NUP107;NUP214;NUP153;RCC1;NUP205;NDC1;NUP42;NUP58;NUP35;NUP85"
"DDX58/IFIH1-mediated Induction Of Interferon-Alpha/Beta R-HSA-168928",0.612640163098879,0.880824009595978,0.0372254009247509,0.210250336501538,0.930940036591936,74,"IFNA6;AGER;IRF3;NLRX1;SIKE1;NFKBIB;TRIM25;IRF7;TANK;ISG15;IFNA8;HERC5;IFNA14;RNF135;TKFC;TRAF6;CASP8"
"IRAK4 Deficiency (TLR2/4) R-HSA-5603041",0.611303344867359,0.880824009595978,0.0430173196927508,0.278115380746862,0.905886151533279,18,"TIRAP;IRAK4;CD36;FGG;TLR1;BTK;TLR2;TLR6;MYD88;FGB;TLR4;FGA;S100A8;S100A9"
"Interactions Of Vpr With Host Cellular Proteins R-HSA-176033",0.611940298507463,0.880824009595978,0.222056046145248,-0.157338667752903,-0.967956020741695,37,"SLC25A5;SLC25A6;PSIP1;BANF1;RANBP2;TPR;SLC25A4;SGIP1;POM121C;SEH1L;NUP62;NUP93;NUP98;NUP50;HMGA1;SEC13;NUP43;KPNA1;NUP54;NUP133;NUP160;NUP188;NUP88;AAAS;NUP155;NUP107;NUP214;NUP153;NUP205;NDC1;NUP42;NUP58;NUP35;NUP85"
"TNFR2 Non-Canonical NF-kB Pathway R-HSA-5668541",0.611431319078791,0.880824009595978,NA,-0.116006143802062,-0.836579658142312,99,"PSMB7;SKP1;PSMC5;PSMD8;PSMB6;FBXW11;PSMA1;SEM1;PSMD14;PSMD7;PSMD2;UBA52;PSMD3;RPS27A;CUL1;PSMB1;UBA3;PSMC4;CD27;PSMD4;PSMB5"
"Transport Of Ribonucleoproteins Into Host Nucleus R-HSA-168271",0.613882863340564,0.881430742283109,0.0400031517498194,0.236555134459577,0.913518207031901,34,"RNASE7;NUP210;PBRM1;NUP37;BLOC1S6;NUP85;NUP35;NUP58;NUP42;NDC1;NUP205;NUP153;NUP214;NUP107;NUP155;AAAS;NUP88;NUP188;NUP160;NUP133;NUP54;KPNA1;NUP43"
"Downstream Signaling Of Activated FGFR1 R-HSA-5654687",0.617977528089888,0.886125320652255,0.190023305279108,-0.163835770045947,-0.93334488131151,30,"GRB2;PIK3R1"
"Defective B3GAT3 Causes JDSSDHD R-HSA-3560801",0.623595505617977,0.891799697781235,0.0409055783172035,0.268678979113978,0.903713178086762,20,"GPC2;VCAN;SDC2;GPC3;SDC1;GPC6"
"Disorders Of Transmembrane Transporters R-HSA-5619115",0.623,0.891799697781235,0.0355420211253902,0.194988915293679,0.94074440827609,174,"SLC6A5;APOA1;RNASE7;CFTR;SLC4A1;SLC2A2;SLC39A4;SLC6A18;SLC5A2;SLC6A19;TAC4;SLC22A5;SLC26A3;SLC22A12;NUP210;MAP4K2;SLCO1B1;ABCA1;SLC24A4;SLC2A10;ABCC6;HEPH;NLRP3;SLC35A2;SLC26A4;SLC7A7;NUP37;RHAG;ABCG5;ABCA12;SLC36A2;SLC12A3;AVPR2;ABCB4;SLC34A3;SLC12A1;SLC7A9;PSMD9;ABCG8;ABCC2;SLC34A1;SLC6A3;SLCO2A1;DERL1;NUP85;NUP35;SLC6A20;NUP58;SLC5A7;SLC12A6;ERLIN2;NUP42;ERLIN1;SLCO1B3;RNF185;SLC22A18;PSMB11;ABCD4;SLC2A9;PSMB9;PSMD5;NDC1;NUP205;PSME4;PSMA8;SLC9A7;DERL3;NUP153;DERL2;SLC35C1;ABCD1;ABCB11;NUP214;NUP107;KCNJ11;AVPR1A;SLC24A5;ABCC8;SLC17A8;PSMA6;SLC26A2;SLC6A14;SLC1A1;SLC34A2;NUP155;SLC5A5;SLC24A1;SLC35A3;SLC2A1;PSMB8;AAAS;SLC9A9;NUP88"
"EML4 And NUDC In Mitotic Spindle Formation R-HSA-9648025",0.627152988855116,0.894798165827257,0.0358449292332649,0.204435661924764,0.938825877727523,95,"SKA1;SGO2;CENPP;EML4;SPC25;PLK1;CENPH;MAD2L1;AURKB;SGO1;SPDL1;ERCC6L;CDC20;KIF2B;MAD1L1;CDCA8;CENPF;NUF2;CENPI;KNTC1;ZW10;B9D2;NUP37;MIS12;BUB1"
"Mismatch Repair R-HSA-5358508",0.627358490566038,0.894798165827257,0.042845050912155,0.286666780548155,0.891527934373919,15,"POLR1B;POLD1;MLH1;MSH3;LRIG1;POLD3;MSH2;PMS2;PCNA"
"Metabolism Of Porphyrins R-HSA-189445",0.628979143798024,0.895919894481536,0.0394366509525593,0.24878426230953,0.898209405947316,26,"GSTA1;ALAS2;SLCO1B1;COX10;HMOX1;ABCC2;BLVRB;ABCG2;SLCO1B3;HMBS;PPOX;ABCC1;GUSB;ALB;SLCO2B1;FECH"
"Constitutive Signaling By NOTCH1 HD+PEST Domain Mutants R-HSA-2894862",0.636363636363636,0.904260176099137,0.241339976815091,-0.137503612225465,-0.920443911809808,56,"SKP1;FBXW7;RBX1;PSENEN;NCOR2;UBA52;RPS27A;CUL1"
"Deactivation Of Beta-Catenin Transactivating Complex R-HSA-3769402",0.637912673056443,0.904260176099137,0.0373806494758473,0.226371863136793,0.911778465071283,41,"TCF7;SOX7;SOX17;PYGO1;TCF7L1;SOX6;TLE1;CHD8;HDAC1;BCL9L;BCL9"
"Defective B3GALT6 Causes EDSP2 And SEMDJL1 R-HSA-4420332",0.638202247191011,0.904260176099137,0.0398406946073899,0.266771201952629,0.89729628843187,20,"GPC2;VCAN;SDC2;GPC3;SDC1;GPC6"
"Mitochondrial tRNA Aminoacylation R-HSA-379726",0.637988826815643,0.904260176099137,0.0395979123961192,0.260433587729406,0.887366251016996,21,"LARS2;FARS2;VARS2;SARS2;WARS2;MARS2;CARS2;QARS1;RARS2;PARS2;YARS2;DARS2;TARS2;EARS2;AARS2;NARS2"
"Effects Of PIP2 Hydrolysis R-HSA-114508",0.642778390297685,0.909544125401467,0.03863723737086,0.245257631713849,0.891623849907907,27,"PRKCH;RASGRP2;DAGLA;DGKK;TRPC3;RASGRP1;ITPR3;TRPC6;DGKA;DGKI;PRKCD;TRPC7"
"GAG Synthesis Requires Tetrasaccharide Linker Sequence R-HSA-1971475",0.649835345773875,0.911126842508018,0.0379271467108098,0.245037077841429,0.884680590644359,26,"GPC2;VCAN;XYLT2;SDC2;GPC3;SDC1;GPC6"
"GRB2:SOS Provides Linkage To MAPK Signaling For Integrins R-HSA-354194",0.649350649350649,0.911126842508018,0.137250779610133,-0.205915449446872,-0.88701367279768,15,"GRB2"
"HCMV Early Events R-HSA-9609690",0.649735465650791,0.911126842508018,NA,-0.114731508810528,-0.833513043543304,92,"DYNC1H1;DYNC1I2;RNASE1;H4C15;HSD17B4;DYNLL1;DYNC1LI2;DYNLL2;NCOR2;H2AC6;RBBP7;TRIM28;RANBP2;H2BC4;DYNC1I1;TPR;GPS2;H2AC21;POM121C;DUT;PCSK2;ITGB1;CD46;TXN2;RBBP4;TBL1X;SEH1L;CREB1;NUP62;NFKB1;NUP93;H3C13;NUP98;H2AC19;NUP50;DAXX;KCNH8;SEC13;H2AC1;NCOR1;EGFR;EED;NUP43;TBL1XR1;H2BC3;NUP54;NUP133;NUP160;NUP188;H2BC5;H2AC7;CBX1;NUP88;AAAS;H2BC14;H2AC11;NUP155;H2BC11;RRM1;NUP107;NUP214;H2AC12;DYNC1LI1;NUP153;IRS1;NUP205;H2BC18;NDC1;H2BC13;H2BC17;H2AC4;NUP42;H2BC15;H2BC21;NUP58;NUP35;USH2A;NUP85;PML;EZH2;H2AC14;H2AC20;H3C7;HDAC3;H2BC9;PCSK1;SUZ12"
"Regulated Necrosis R-HSA-5218859",0.64475079533404,0.911126842508018,0.0366850427613443,0.218049734659022,0.913378161630457,55,"CASP3;BAX;TNFRSF10A;BAK1;BIRC3;FASLG;IL1A;CASP1;CHMP4C;TANK;IL18;IRF1;CASP8;MLKL;IRF2;GSDME;CHMP2A;TP53;GSDMD"
"Regulation Of KIT Signaling R-HSA-1433559",0.649305555555556,0.911126842508018,0.0404114482034376,0.275605311927919,0.874731316128582,16,"SH2B2;KIT;SOCS1;SOCS6;LCK"
"Transcription-Coupled Nucleotide Excision Repair (TC-NER) R-HSA-6781827",0.647149171017257,0.911126842508018,0.143902565267782,-0.129686818186086,-0.914330731116715,73,"POLR2E;POLR2A;DDB1;RBX1;PRPF19;POLR2I;POLR2F;UBA52;GPS1;RPS27A"
"Translesion Synthesis By POLH R-HSA-110320",0.645905420991926,0.911126842508018,0.0404934829859503,0.269919886260029,0.879191529536279,18,"POLR1B;SLC19A1;RFC4;POLH;SPRTN;RFC3;NPLOC4"
"Synthesis Of PC R-HSA-1483191",0.651598676957001,0.912408056130142,0.0380056241581377,0.244175807001755,0.887690921468609,27,"SLC44A3;SLC44A5;BCHE;LPIN3;SH2D3C;ABHD3;PHOSPHO1;CHKA;STARD10;ACHE;PCYT1B;SLC44A4;MFSD2A;CHPT1;LPCAT1;PCYT1A;CEPT1;PCTP;LPIN1;LPIN2;CHKB"
"Ca2+ Pathway R-HSA-4086398",0.653061224489796,0.913265306122449,0.252961123069611,-0.138606991956871,-0.948037031316174,61,"GNAO1;PPP3R1;CALM1;GNG7;GNB1;PLCB1;PPP3CB;GNB2;CTNNB1;CAMK2A;GNG2;GNG3"
"SHC1 Events In ERBB2 Signaling R-HSA-1250196",0.654205607476635,0.913349594567869,0.166933848713193,-0.17587778075583,-0.872451781137747,21,"GRB2;PRKCA;ERBB3;HRAS;SOS1;NRAS;SHC1;ERBB4;NRG3;EGFR;NRG1;PRKCE;PRKCD;NRG2;HBEGF;PTPN12;ERBB2;NRG4;EREG;EGF;BTC"
"Unattached Kinetochores Signal Amplification Via A MAD2 Inhibitory Signal R-HSA-141444",0.654822335025381,0.913349594567869,0.0338984188001938,0.200033276461759,0.913593832321578,91,"SKA1;SGO2;CENPP;SPC25;PLK1;CENPH;MAD2L1;AURKB;SGO1;SPDL1;ERCC6L;CDC20;KIF2B;MAD1L1;CDCA8;CENPF;NUF2;CENPI;KNTC1;ZW10;B9D2;NUP37;MIS12;BUB1"
"RNA Polymerase II Transcribes snRNA Genes R-HSA-6807505",0.656472986748216,0.914464316170667,0.0339723613634993,0.205932549240031,0.911821869657661,74,"INTS4;TAF5;POLR2D;ZC3H8;RPAP2;POU2F1;GTF2F2;GTF2B;INTS6;ICE2;INTS13;INTS14;DAND5;ELL;SNAPC5;ZNF143;TAF8;ELL3;ICE1;INTS2;SNAPC1;INTS5"
"Caspase Activation Via Death Receptors In Presence Of Ligand R-HSA-140534",0.660377358490566,0.918711506501124,0.0404934829859503,0.276326824591456,0.85937087886171,15,"TNFRSF10A;FASLG;TANK;CASP8"
"ATF4 Activates Genes In Response To Endoplasmic Reticulum Stress R-HSA-380994",0.663157894736842,0.918791348462299,0.176694268938498,-0.161356238082259,-0.895192794694115,27,"NFYA;ASNS;ATF4;KHSRP;NFYC;EXOSC6;EXOSC3;DIS3;ATF3;ATF6;CCL2;EXOSC2;CEBPB;EXOSC7;CEBPG;HERPUD1;PARN;DDIT3;DCP2;CXCL8;EXOSC5;EXOSC4;NFYB"
"Defective B4GALT7 Causes EDS, Progeroid Type R-HSA-3560783",0.662921348314607,0.918791348462299,0.0380842053196415,0.260263122489997,0.875406086251514,20,"GPC2;VCAN;SDC2;GPC3;SDC1;GPC6"
"IRS-mediated Signaling R-HSA-112399",0.661717921527041,0.918791348462299,0.0354665010333725,0.219646394389453,0.89738328082027,47,"THEM4;FGF9;FGF18;FGF3;FGF19;FGF23;FGFR4;FGF5;FGFR2;TLR9;FGF10;FGF20;FGF22;KL;TRIB3;FLT3;FRS2;FGF6;IRS1;FGF16;FLT3LG;FGF7;PIK3R4;FGF17;FGFR1;PDE3B;FGF8;KLB"
"Nuclear Receptor Transcription Pathway R-HSA-383280",0.663856691253952,0.918791348462299,0.0350150690873584,0.214555050434335,0.89578471969183,53,"PGR;MBD4;RARG;NR0B2;NR1I3;ESR1;NR5A1;ESRRA;ESRRB;RXRB;AREG;RORC;VDR;NR1H4;NR2E3;ESRRG;ESR2;PPARG;NR4A3;NR2C2AP;PPARD;NR0B1;NR2C1;NR1I2;THRB;RORB;NRBP1;NR5A2;PPARA;NRBF2;HNF1A;NR1H3;RXRA;NR2C2;RXRG;NR2E1;NR6A1;HNF4G;NR2F6"
"NOTCH4 Intracellular Domain Regulates Transcription R-HSA-9013695",0.664753157290471,0.918847993474859,0.0389556479965885,0.265443076742436,0.874058671359496,19,"FLT4;CREBBP;MAML2;HES5;MAML3;NOTCH2;NOTCH4;SMAD3;MAMLD1;ACTA2"
"Caspase Activation Via Extrinsic Apoptotic Signaling Pathway R-HSA-5357769",0.67292817679558,0.923432954999144,0.0366082221336689,0.242847722532148,0.866954737505285,25,"CASP3;TNFRSF10A;FASLG;TANK;CASP8;DAPK2;DCC"
"Condensation Of Prophase Chromosomes R-HSA-2299718",0.669156883671291,0.923432954999144,0.0352404270679709,0.222715572829242,0.891557384777195,40,"H2BC1;PLK1;H2BC9;H3C7;H2AC20;RB1;H2AC14;NCAPG2;H2BC21;H2BC15;H2AC4;H2BC17;CCNB1;H2BC13;MCPH1;SMC4;CDK1;H3-4;H2AB1;H2BC11;RAB33B;PHF8;H2BC14;NCAPH2;KMT5A;H2AX;H2AC7;H2BC5"
"FGFR1 Mutant Receptor Activation R-HSA-1839124",0.674157303370786,0.923432954999144,0.181383128498408,-0.157038666492764,-0.894622923296307,30,"GRB2;PIK3R1"
"FGFR2 Mutant Receptor Activation R-HSA-1839126",0.674594594594595,0.923432954999144,0.0354665010333725,0.228092163208798,0.874185495295067,33,"FGF9;FGF18;FGF3;POLR2D;FGF23;GTF2F2;FGF5;FGFR2"
"FRS-mediated FGFR4 Signaling R-HSA-5654712",0.671508379888268,0.923432954999144,0.0372254009247509,0.254400077601563,0.866808483068188,21,"FGF9;FGF18;FGF19;FGF23;FGFR4"
"Hyaluronan Metabolism R-HSA-2142845",0.672453703703704,0.923432954999144,0.0387962208304479,0.270651816463869,0.859009639443923,16,"HAS3;HYAL3;STAB2;HAS2;HYAL2;CEMIP;HEXB;GUSB;SPAM1;HMMR;HEXA;SLC9A1;LYVE1"
"Interleukin-2 Family Signaling R-HSA-451927",0.674840085287846,0.923432954999144,0.0347904098478036,0.217869035547426,0.880488851165678,43,"INPP5D;IL5RA;IL2RB;IL9R;JAK2;IL15RA;IL21R;IL2RG;LCK;IL3RA;STAT5A;IL15;CSF2RB;PTPN6;SYK"
"Metabolism Of Folate And Pterines R-HSA-196757",0.67688679245283,0.923432954999144,0.0393561959521291,0.272962749691824,0.848908673437653,15,"FOLR2;SHMT1;SLC19A1;MTHFR;MTHFD2;ALDH1L2;DHFR"
"Oxidative Stress Induced Senescence R-HSA-2559580",0.676565042427132,0.923432954999144,NA,-0.122422566340316,-0.890853175052674,88,"H3-3B;H2AZ1;MAP2K7;CDKN2D;MAPK10;CBX6;MAP2K4;H4C15;MINK1;CBX4;UBA52;H2AC6;MAPK1;RPS27A;MAPK3;TNIK;RBBP7;MAPKAPK5;H2BC4;PHC2;MAP3K5;RING1;TNRC6B;H2AJ;JUN;MAP4K4;FOS;TNRC6A;TXN2;PHC3;RBBP4;PHC1;AGO1;MOV10;TFDP2;H3C13;H2AC19;UBB;MDM4;H2AZ2;MAPK8;MAPK9;E2F1;KDM6B;EED;H2BC3;MAPK11;H2BC5;CBX2;H2AC7;H2AX;H2BC14;MAPKAPK3;SCMH1;MAPKAPK2;CDKN2C;H2BC11;H2AB1;MAP2K3;CBX8;MAPK14;CDK4;E2F3;TFDP1;H2BC13;CDK6;H2BC17;MAP2K6;TNRC6C;H2AC4;H2BC15;H2BC21;IFNB1;TP53;EZH2;H2AC14;AGO4;MDM2;H2AC20;H3C7;H2BC9;CDKN2B;SUZ12;RNF2"
"Rev-mediated Nuclear Export Of HIV RNA R-HSA-165054",0.675,0.923432954999144,0.191892240384838,-0.151242052733224,-0.898616066667419,34,"RAN;RANGAP1;RANBP1;XPO1;RANBP2;TPR;POM121C;SEH1L;NUP62;NUP93;NUP98;NUP50;SEC13;NUP43;NUP54;NUP133;NUP160;NUP188;NUP88;AAAS;NUP155;NUP107;NUP214;NUP153;RCC1;NUP205;NDC1;NUP42;NUP58;NUP35;NUP85"
"SHC-mediated cascade:FGFR1 R-HSA-5654688",0.67752808988764,0.923432954999144,0.0370705393657621,0.256503828137485,0.862761539745212,20,"FGF9;FGF3;FGF23;FGF5;FGF10;FGF20;FGF22;KL"
"rRNA Modification In Nucleus And Cytosol R-HSA-6790901",0.678609062170706,0.923734008582178,0.0339723613634993,0.208439756850189,0.883887653441638,59,"FCF1;UTP4;NOC4L;DHX37;KRR1;DKC1;DDX52;NOL11;UTP6;RRP9;UTP25;EMG1;UTP20;NOP14;WDR46;NOP2"
"Integrin Cell Surface Interactions R-HSA-216083",0.680124223602484,0.924624577403884,0.0330162512586498,0.204452999131089,0.886000579648471,66,"COL9A1;ITGAL;ITGA9;FGG;ICAM5;ITGB7;ICAM2;ICAM1;COMP;ITGB6;VTN;ITGB5;IBSP;ITGA4;VCAM1;ITGA5;COL4A4;COL18A1;ITGAE;COL23A1;FBN1;LUM;ITGB3;MADCAM1;ITGA3;ITGA2B;ICAM3;KDR;F11R;ITGA11;TNNI3;ITGA1;FGB;ITGAD;THBS1;ITGA10;FGA;ITGA2;COL13A1"
"Energy Dependent Regulation Of mTOR By LKB1-AMPK R-HSA-380972",0.681318681318681,0.925077450994012,0.178219874951973,-0.16072368481077,-0.892186237278165,29,"PPM1A;RRAGA;LAMTOR1;CAB39L;LAMTOR2;LAMTOR5;CAB39;LAMTOR4;TSC2;RHEB;PRKAB1;PRKAG1;STK11;PRKAA1;MLST8;LAMTOR3;STRADA;TSC1;STRADB;RRAGB;PRKAA2;MTOR;PRKAG2;RRAGC;RPTOR;SLC38A9;RRAGD"
"Binding And Uptake Of Ligands By Scavenger Receptors R-HSA-2173782",0.684491978609626,0.925874540335942,0.0342688261591917,0.219480831195441,0.873782445946438,39,"COLEC11;APOA1;SCARA5;MASP1;CD36;APOB;SSC5D;SCARF1;COL3A1;SCARB1;COL1A2;MSR1;JCHAIN;STAB2;COLEC12;MARCO;SCGB3A2;STAB1;IGLL5;HSP90B1"
"RUNX2 Regulates Osteoblast Differentiation R-HSA-8940973",0.68327796234773,0.925874540335942,0.035996889024589,0.245967776738807,0.85707273603555,23,"ZNF521;SP7;BGLAP;RUNX2;AREG;HDAC3;RB1;UCMA"
"SHC-mediated cascade:FGFR3 R-HSA-5654704",0.683908045977011,0.925874540335942,0.0376923295943841,0.262555836277933,0.846871984997637,17,"FGF9;FGF18;FGF23;FGF5"
"G2/M DNA Damage Checkpoint R-HSA-69473",0.688457609805924,0.926181688772307,0.0317812506835949,0.200364053952364,0.885934163466121,73,"ATM;RMI2;CDC25C;MRE11;H2BC1;RMI1;RBBP8;RHNO1;POLR1B;BRCC3;SERPINA2;REXO2;RFC4;RNF168;RAD9B;BARD1;BLM;H2BC9;WRN;CHEK2;RFC3;DNA2;TP53;RAD50;TOPBP1;RAD17;CHEK1;H2BC21;H2BC15;ABRAXAS1;H2BC17;CCNB1;H2BC13"
"Intraflagellar Transport R-HSA-5620924",0.686900958466454,0.926181688772307,0.0338984188001938,0.217926679049701,0.877763031892117,41,"DYNC2I2;IFT172;KIF17;DYNLT5;IFT43;IFT88;HSPB11;IFT74;WDR35;TTC30B;IFT46;DYNC2I1;DYNLT2;TTC21B;IFT20"
"Non-integrin membrane-ECM Interactions R-HSA-3000171",0.689030883919063,0.926181688772307,0.0337507376805299,0.217264813699704,0.875097176849258,41,"PDGFB;LAMA4;PDGFA;TTR;LAMB3;LAMA2;TGFB1;VTN;ITGB5;SDC2;LAMB1;SDC1;ITGB3;DDR2;LMNB2;LAMC2;TNNI3;LAMA1;LAMA5;THBS1;LAMC3;ITGA2;NTN4;ITGA6"
"SUMOylation Of Transcription Cofactors R-HSA-3899300",0.686567164179104,0.926181688772307,0.208955027549354,-0.149551797131161,-0.908795429651526,42,"DDX5;PARK7;NPM1;DDX17;NCOR2;CBX4"
"Signaling By Hippo R-HSA-2028269",0.6875,0.926181688772307,0.158514105424824,-0.180269654956097,-0.86006056885816,20,"YWHAE;YWHAB"
"Base-Excision Repair, AP Site Formation R-HSA-73929",0.691160809371672,0.92788338658147,0.0336033244336697,0.216960123478863,0.87386994843831,41,"SMUG1;MBD4;NEIL1;H2BC1;POT1;OGG1;NEIL3;H2BC9;H2AC20;H2AC14;NTHL1;H2BC21;MUTYH;H2BC15;H2AC4;TDG;H2BC17;H2BC13;H3-4;H2AB1;H2BC11;ACD;H2BC14;UNG;H2AX;H2AC7;H2BC5;TINF2;H2BC3;TERF2"
"HS-GAG Degradation R-HSA-2024096",0.694972067039106,0.93067331670823,0.0356176233437444,0.250836229477581,0.854665508052775,21,"GPC2;SDC2;GPC3;SDC1;NAGLU;GPC6;GPC5;SGSH;GLB1;HPSE2;GUSB;GLB1L"
"N-glycan Antennae Elongation In medial/trans-Golgi R-HSA-975576",0.694840834248079,0.93067331670823,0.0347904098478036,0.237376634556348,0.857023366073518,26,"MOGAT3;MGAT4C;FUCA1;LHB;CHST8;FUT3"
"Diseases Associated With Glycosylation Precursor Biosynthesis R-HSA-5609975",0.696933962264151,0.932138325618553,0.0380056241581377,0.269334209339957,0.837623985764716,15,"GALT;DOLK;DPM1;GALK1;NUS1;SLPI;PGM1;DPM2;PMM2;GNE;SRD5A3;GFPT1;DHDDS"
"Activation Of IRF3/IRF7 Mediated By TBK1/IKK Epsilon R-HSA-936964",0.700471698113208,0.933523303327291,0.037770500132479,0.267554364115522,0.832088702836532,15,"IRF3;IRF7;TANK"
"Interferon Alpha/Beta Signaling R-HSA-909733",0.701446280991736,0.933523303327291,0.0314209215415833,0.201415372783103,0.876210139344541,67,"IFNA6;HLA-G;IRF4;IRF3;OAS2;GBP2;IRF7;SOCS1;ISG15;IFNA8;IRF1;IFNA14;OAS1;RSAD2;OASL;IRF2;IRF8;XAF1;PTPN6;IFNB1;IFI35;ISG20;IRF5;RNASEL;IFNA4;PTPN1"
"RNA Polymerase III Transcription Termination R-HSA-73980",0.700934579439252,0.933523303327291,0.160801401070022,-0.170718075813195,-0.846856769943033,21,"POLR2E;NFIX;POLR2F"
"Signaling By ALK R-HSA-201556",0.699231613611416,0.933523303327291,0.0344919215094074,0.236496064299197,0.853844159799666,26,"SIN3A;IL2RG;PRDM1;HIF1A;HDAC3;HDAC1;PTPN6;CD274;FRS2;IRS1"
"Gamma Carboxylation, Hypusine Formation And Arylsulfatase Activation R-HSA-163841",0.702875399361022,0.934267548160567,0.0327971189467838,0.214902805428426,0.865583502109699,41,"DPH6;F9;BGLAP;EIF5AL1;ARSD;PROZ;F7;ARSJ;FAM110A;ARSB;F8;DNAJC24;ARSH;STS;GGCX;TTF2;DOHH;ARSL;FN3KRP;EIF5A2;ARSK;PROC;ARSA;DPH2;DPH7;PROS1"
"Diseases Of Carbohydrate Metabolism R-HSA-5663084",0.705689277899344,0.936848312069091,0.0338984188001938,0.224307593384337,0.84896674388843,32,"G6PC1;GYS1;NHLRC1;ALDOB;KHK;ARSB;G6PC3;NAGLU;GALNS;HGSNAT;GBE1;LCT;GYS2;SGSH;GLB1;GUSB;PMEL;SPAM1"
"Azathioprine ADME R-HSA-9748787",0.708379888268156,0.938101109741061,0.0347156757446657,0.249023421163169,0.848488789712424,21,"GSTA1;SLC28A3;GSTM1;TPMT;XDH;SLC29A1;NUDT15;VAV3;GSTA2;SLC28A2;VAV1"
"Intra-Golgi Traffic R-HSA-6811438",0.707692307692308,0.938101109741061,0.208955027549354,-0.143089503151327,-0.882251389426469,40,"RAB39A;NSF;STX5;NAPG;YKT6;CYTH3;MAN1A2;MAN2A1;COG6;CYTH2;TRIP11;SNAP29;VTI1A;CYTH1;STX16;STX6;MAN1A1;MAN1C1;COG2;MAN2A2;GOSR1;CUX1;BET1L;GOLIM4;COG8;VPS45;GOSR2;COG1;COG7;COG5;RAB33B;RIC1;COG3;RAB36;COG4;RAB30"
"Cell Surface Interactions At Vascular Wall R-HSA-202733",0.714285714285714,0.942435942435943,0.0292103127923884,0.186174998774858,0.882644979218152,133,"INPP5D;PSG5;IGLL1;ITGAL;EPCAM;PSG4;MERTK;CEACAM1;DOK2;TNFRSF10A;TNFRSF10D;VPREB1;ANGPT4;APOB;TREM1;PSG7;PROCR;CAV1;ANGPT2;CEACAM8;VPREB3;TGFB1;CD58;PSG9;PSG3;LCK;SLC7A7;ITGA4;CD244;SDC2;ITGA5;GYPB;CD177;PF4V1;CD48;SLC7A9;ANGPT1;PSG8;SDC1;SELPLG;PTPN6;JAML;CD2;SLC16A8;SELL;JCHAIN;SLC16A3"
"Early SARS-CoV-2 Infection Events R-HSA-9772572",0.712754555198285,0.942435942435943,0.0324330694656715,0.215541513527003,0.84475625847747,36,"TMPRSS2;GPC2;CHMP4C;HAVCR1;SDC2;GPC3;UVRAG;RB1;CHMP2A;SDC1;GPC6"
"SUMOylation Of SUMOylation Proteins R-HSA-4085377",0.713665943600868,0.942435942435943,0.0329431471724691,0.218647908876529,0.844364871405035,34,"RNASE7;NUP210;NUP37;NUP85;NUP35;NUP58;NUP42;TOPORS;NDC1;NUP205;NUP153;NUP214;NUP107;NUP155;AAAS;NUP88;NUP188;NUP160;NUP133;NUP54;NUP43"
"G-protein Activation R-HSA-202040",0.717127071823204,0.945023895874996,0.0336033244336697,0.23861850942201,0.841574797196364,24,"GNGT2;GNA14;GNG11;GNG13"
"Regulation Of RUNX1 Expression And Activity R-HSA-8934593",0.726436781609195,0.956118999323868,0.0348652196832942,0.251580079262212,0.811469758703509,17,"AGO3;AGO4;PML;TNRC6C;CDK6;AGO2"
"SARS-CoV-2 Activates/Modulates Innate And Adaptive Immune Responses R-HSA-9705671",0.729838709677419,0.958247890212162,0.0282219183873982,0.188210091207845,0.87933205460371,114,"IFNA6;HLA-G;RNASE7;MASP1;IRF3;SIKE1;NLRP12;TRIM25;NUP210;IRF7;ISG15;IFNA8;TLR1;MASP2;NLRP3;IFNA14;RNF135;TLR8;TKFC;TRAF6;SFTPD;IL17RC;NUP37;MBL2;CREBBP;PTPN6;IFNB1;NUP85;NUP35;NUP58;NUP42;TLR7;SEC24D;IFNA4;IKBKB;NDC1;NUP205;TLR2;NUP153;CHUK;IKBKE;SEC23A;NUP214;STING1;NUP107;IL17F;IFNA5;IKBKG;NUP155;SEC24B;IFIH1;PIK3R4;IFNA2;AAAS;TAB1;NUP88;SEC24C;MAVS;TRIM4;HLA-F;NOD2;NUP188;NUP160;KPNA2;SEC24A;HOXC13;TYK2;NUP133;TAB3;NUP54"
"Telomere Maintenance R-HSA-157579",0.729187284480467,0.958247890212162,NA,-0.115179891832939,-0.848349227555635,89,"TERF2IP;POLR2E;POLR2A;H3-3B;H2AZ1;RUVBL2;RTEL1;POLR2I;H4C15;POLR2F;NHP2"
"FOXO-mediated Transcription Of Cell Cycle Genes R-HSA-9617828",0.735632183908046,0.964675171571723,0.0342688261591917,0.249194657468331,0.803775597650839,17,"KLF4;CAV1;MSTN"
"Aberrant Regulation Of Mitotic Cell Cycle Due To RB1 Defects R-HSA-9687139",0.753623188405797,0.970758622861011,0.195789002148949,-0.14595943715814,-0.883498049314386,36,"CDKN1B;ANAPC11;UBE2E1;ANAPC5;CCND3;CCND2;CDC16;CDK2;SKP2;FZR1;UBE2S;CDKN1C;TFDP2;CDC27;ANAPC7;ANAPC15;CCND1;UBE2D1;E2F1;ANAPC16;CDC26;ANAPC10;ANAPC4;CDKN1A;ANAPC2;ANAPC1;CDK4;UBE2C;E2F3;TFDP1;CDK6;CDC23;CCNE1"
"CD28 Dependent PI3K/Akt Signaling R-HSA-389357",0.751937984496124,0.970758622861011,0.0314209215415833,0.23260108570196,0.810496608826587,23,"THEM4;CD86;RICTOR;CD28;LCK;MAP3K8;CD80"
"Cargo Concentration In ER R-HSA-5694530",0.75382932166302,0.970758622861011,0.0307037368093842,0.215643642210482,0.816175137031534,32,"FOLR2;CFAP73;AREG;CNIH3;F8;TGFA;COL7A1;SEC24D;LMAN1L;SEC23A;CTSC;LMAN2;F5;SEC24B;LMAN2L;SEC24C;GOSR2"
"Cleavage Of Damaged Pyrimidine R-HSA-110329",0.747593582887701,0.970758622861011,0.0299906706583812,0.205684274321677,0.81885651394073,39,"SMUG1;MBD4;NEIL1;H2BC1;POT1;OGG1;NEIL3;H2BC9;H2AC20;H2AC14;NTHL1;H2BC21;H2BC15;H2AC4;TDG;H2BC17;H2BC13;H3-4;H2AB1;H2BC11;ACD;H2BC14;UNG;H2AX;H2AC7;H2BC5;TINF2;H2BC3;TERF2"
"DNA Damage Bypass R-HSA-73893",0.750795334040297,0.970758622861011,0.0293519190331994,0.202264798861548,0.826369352892704,47,"POLE2;POLE;TRIM25;POLR1B;ISG15;USP43;SLC19A1;RFC4;POLD1;POLH;SPRTN;DTL;RFC3;NPLOC4;REV1;CUL4A;REV3L;PCLAF;POLD3;RFC5;POLE3;RFC2;RAD18;PCNA;UBE2L6;UBA7"
"Deposition Of New CENPA-containing Nucleosomes At Centromere R-HSA-606279",0.752642706131078,0.970758622861011,0.0290688186426821,0.200686860269843,0.825051340168502,49,"CENPP;H2BC1;CENPH;MIS18BP1;CENPI;MIS18A;OIP5;H2BC9;H2AC20;H2AC14;CENPA;CENPO;H2BC21;KNL1;H2BC15;H2AC4;H2BC17;H2BC13;CENPQ;HJURP;CENPU;H2AB1;H2BC11;H2BC14;CENPL;RUVBL1;CENPM;H2AX;H2AC7;H2BC5;CENPN;H2BC3"
"Endogenous Sterols R-HSA-211976",0.746416758544653,0.970758622861011,0.0315649069021069,0.222331633643648,0.808277343952149,27,"CYP39A1;CYP21A2;CYP8B1;CYP11B1;CYP7B1;FDXR;NR1H4;POMC;PTGIS;CYP11A1"
"Factors Involved In Megakaryocyte Development And Platelet Production R-HSA-983231",0.748237663645519,0.970758622861011,0.0268860833830403,0.183327161028721,0.866412810066229,130,"IFNA6;GATA6;KIF4A;KIF16B;HBD;HBE1;KIF4B;KIF26B;SH2B2;GATA3;KIF9;ZFPM1;KIF27;JAK2;SIN3A;IFNA8;KIF20A;KIF2B;KIF25;PHF21A;IRF1;KLC3;IFNA14;CAPZA2;KIF18B;HBG2;AKAP10;GATA5;MYB;KIF26A;DOCK11;IRF2;HDAC1;KIF13B;H3C7;KIF22;KIF20B;CARMIL1;KIF6;TP53;IFNB1;DOCK8;GATA4;GATA1;KIF15;KIF11;CAPZA1;EHD2;MAFF;KIF2C;CDK5;IFNA4;KIF12"
"Gastrin-CREB Signaling Pathway Via PKC And MAPK R-HSA-881907",0.75,0.970758622861011,0.138022242496643,-0.182761024967479,-0.829528816085417,17,"GRB2;MAPK1;MAPK3;PRKCA"
"Glycosaminoglycan Metabolism R-HSA-1630316",0.750251762336354,0.970758622861011,0.0267456741432593,0.184279652088607,0.86615424381502,120,"HAS3;NDST4;GPC2;EXT1;CHST9;PRELP;HYAL3;CHST6;SLC26A1;HS3ST6;VCAN;CHST5;PAPSS2;XYLT2;KERA;CHST13;NDST2;ST3GAL1;SDC2;ARSB;GPC3;ACAN;SDC1;B4GALT1;NAGLU;B3GNT7;GPC6;HS3ST3A1;HS3ST1;LUM;STAB2;CHST3;ST3GAL3;HAS2;OMD;ST3GAL6;HYAL2;GPC5;SGSH;CEMIP;SLC26A2;SLC35B3;NDST3;HS6ST3;GLB1;B3GNT3;HEXB;DSEL;CHSY3;HPSE2;HS6ST2;GUSB;B4GALT4;GLB1L;HS3ST4;SPAM1;CHPF2;HMMR;GLCE;SLC35D2;B3GNT2;CSPG4;B3GNT4;DSE;CHST14;HPSE;HS3ST5;CHST2;FMOD;CSGALNACT2;HEXA;B4GALT3;CHST12;OGN;HS3ST2;DCN;SLC9A1"
"Keratan Sulfate/Keratin Metabolism R-HSA-1638074",0.752432432432432,0.970758622861011,0.0302041948644786,0.21267711693724,0.815105824734168,33,"PRELP;CHST6;CHST5;KERA;ST3GAL1;ACAN;B4GALT1;B3GNT7;LUM;ST3GAL3;OMD;ST3GAL6;GLB1;B3GNT3;HEXB;B4GALT4;GLB1L;SLC35D2;B3GNT2;B3GNT4;CHST2;FMOD;HEXA;B4GALT3;OGN"
"SUMOylation Of DNA Methylation Proteins R-HSA-4655427",0.753246753246753,0.970758622861011,0.126253987849115,-0.187664112319811,-0.808393124305425,15,"CBX4;PHC2;RING1;SUMO1;PHC3;PHC1;UBE2I;DNMT3A;CBX2;PCGF2;SCMH1;CBX8;DNMT3B;RNF2;DNMT1"
"TAK1-dependent IKK And NF-kappa-B Activation R-HSA-445989",0.746031746031746,0.970758622861011,0.206587922696891,-0.146982814034094,-0.906664758586959,44,"APP;HMGB1;S100B;SAA2;UBA52;RPS27A"
"Thrombin Signaling Thru Proteinase Activated Receptors (PARs) R-HSA-456926",0.75382932166302,0.970758622861011,0.0307037368093842,0.215264104548432,0.814738650427256,32,"F2RL2;GNGT2;GNA14;GNG11;GNG13"
"Translesion Synthesis By REV1 R-HSA-110312",0.753537735849057,0.970758622861011,0.0343431191135615,0.255816323040971,0.795583630666048,15,"POLR1B;SLC19A1;RFC4;RFC3;REV1;REV3L;RFC5;RFC2;PCNA"
"PI-3K cascade:FGFR2 R-HSA-5654695",0.755260243632337,0.971382189239332,0.0312052969963336,0.23137778129016,0.806234014461072,23,"FGF9;FGF18;FGF3;FGF23;FGF5;FGFR2;FGF10;FGF20;FGF22;FRS2;FGF6"
"Peptide Hormone Metabolism R-HSA-2980736",0.756122448979592,0.971382189239332,0.0270265157079683,0.186492417248544,0.846265770852315,88,"SLC30A8;KLF4;GCG;CPA4;IGF1;GNG13;ANPEP;CES1;ERO1B;LHB;BCHE;GH1;ISL1;GZMH;UCN;KCTD11;SLC30A7;MBOAT4;INHBB;FSHB;INS;CDX2;PCSK1;CPB1;PAX6;SLC30A6;ENPEP;RAB27A;POMC;GATA4;TSHB;UCMA;DPP4;EXOC1"
"Insulin Receptor Signaling Cascade R-HSA-74751",0.758693361433087,0.973520513953567,0.0285038599247822,0.19646083462583,0.820239902623886,53,"THEM4;FGF9;FGF18;FGF3;FGF19;FGF23;FGFR4;FGF5;FGFR2;INS;TLR9;FGF10;FGF20;FGF22;KL;TRIB3;FLT3;FRS2"
"Cyclin D Associated Events In G1 R-HSA-69231",0.761194029850746,0.973648891612518,0.0289274314524646,0.199028350634952,0.81012288041441,46,"E2F2;CDKN2A;JAK2;CCNE2;RBL1;CDKN2B;E2F5;PTK6;RB1;RBL2;CCNE1;E2F4;PPP2R1B;CDK6;PPP2R3B;TFDP1;E2F3;CKS1B;CDK4;LYN"
"Pre-NOTCH Expression And Processing R-HSA-1912422",0.761514841351075,0.973648891612518,0.0268158762373842,0.190800948387096,0.844120948376405,75,"POGLUT1;H2BC1;MFNG;POFUT1;AGO3;NOTCH3;ATP2A3;CREBBP;H2BC9;MAML2;H3C7;H2AC20;AGO4;B4GALT1;H2AC14;TP53;MAML3;H2BC21;NOTCH2;H2BC15;NOTCH4;H2AC4;TNRC6C;ST3GAL3;H2BC17;H2BC13;TFDP1;E2F3;LFNG;ST3GAL6;AGO2;H2AB1;SIRT6;H2BC11"
"SUMOylation Of Ubiquitinylation Proteins R-HSA-3232142",0.763326226012793,0.973648891612518,0.0287861460642093,0.2020752634526,0.800374322521661,38,"RNASE7;NUP210;NUP37;MDM2;PML;NUP85;NUP35;NUP58;NUP42;NDC1;NUP205;NUP153;NUP214;NUP107;NUP155;AAAS;NUP88;NUP188;NUP160;NUP133;NUP54;NUP43;SEC13;PIAS4;VHL;NUP50;UBE2I;NUP98;PIAS1;NUP93"
"Transcriptional Regulation By E2F6 R-HSA-8953750",0.761081081081081,0.973648891612518,0.0296354881939192,0.210913452309167,0.808346407774214,33,"APAF1;RBBP8;RAD51;RNF2;SUZ12;RRM2;RYBP;EZH2;PCGF6;UXT;CHEK1"
"Translesion Synthesis By POLK R-HSA-5655862",0.762731481481482,0.973648891612518,0.0328701032730105,0.247693261388873,0.78614251305699,16,"POLR1B;SLC19A1;RFC4;RFC3;REV1;REV3L;RFC5;RFC2;PCNA"
"Meiosis R-HSA-1500620",0.764585465711361,0.974098208984581,0.0266052822097738,0.186236714748616,0.840943618627366,85,"PRDM9;ATM;MND1;MRE11;H2BC1;BRCA2;SMC1B;RBBP8;SYCP2;POLR1B;POT1;SYCE3;RAD51;SERPINA2;SPO11;SYNE2;BLM;H2BC9;PMEPA1;TEX15;H3C7;MLH1;H2AC20;H2AC14;RAD50;STAG3;H2BC21;H2BC15;PSMC3IP;SYCP1;H2AC4"
"Degradation Of Extracellular Matrix R-HSA-1474228",0.767137096774194,0.976191044947256,0.0256225253207008,0.183856590182728,0.853780005898394,109,"CTRB1;MMP2;COL9A1;CASP3;CAPN13;TMPRSS6;OPTC;LAMA4;CAPN8;CTRB2;MMP13;CAPN7;LAMB3;TPSAB1;ADAM17;CTSK;CAPN6;MMP3;ADAMTS5;PRSS58;KLK7;MMP10;CAPNS2;COL26A1;TLL2;ADAMTS18;LAMB1;MMP15;MMP24;ACAN;COL18A1;MMP28;COL23A1;MMP16;MMP19;CAPN9;MMP9;MMP7;COL15A1;MMP14;TLL1;LAMC2;MMP1;COL19A1;COL12A1;COL17A1;ADAMTS16;PRSS2;PHYKPL;NID1;CAPN15;LAMA5;ELANE;ADAM8;COL14A1;BMP1;CAPN14;SCUBE1;KLK2;MMP12;COL25A1;COL13A1;CAPN12;MMP11;CAPN5;ADAMTS8;ADAMTS9;ERC2;SCUBE3;COL16A1;CXXC1;CAPN2;KLKB1;DCN;MMP8;CTSV;CAPN11;COL9A3;CTSG;LAMC1;CAPN10"
"Regulation Of IGF Transport And Uptake By IGFBPs R-HSA-381426",0.771399798590131,0.979627099283551,0.0252712808055621,0.181588155607472,0.854378732523025,122,"VWA1;MMP2;STC2;KLK13;APOA1;SERPINA10;NOTUM;FGG;IGF1;APOB;SERPINC1;SGPP2;FGF23;KLK1;MSLN;APOA5;AMBN;PAPPA;VCAN;BPIFB2;GZMH;BMP4;AHSG;IGFBP3;MATN3;TRIM26;HRC;IGF2;SDC2;SERPIND1;GPC3;LAMB1;PAPPA2;PRSS23;FSTL1"
"SUMOylation Of DNA Damage Response And Repair Proteins R-HSA-3108214",0.771661569826707,0.979627099283551,0.0259033757772498,0.188009487100015,0.832462680977631,74,"RNASE7;SMC6;CDKN2A;NUP210;SP100;NUP37;RNF168;NSMCE4A;RNF2;BLM;PMEPA1;WRN;SMC5;PML;NUP85;NUP35;NUP58;NUP42;NSMCE2;TDG;NDC1;NUP205;NUP153;RAD52;NUP214;NUP107;CBX8;STAG2;NSMCE3;NUP155;XRCC4;SCMH1;NSMCE1;AAAS;NUP88;MDC1;PCGF2;CBX2;NUP188;CETN2;NUP160;NUP133;NUP54"
"RND3 GTPase Cycle R-HSA-9696264",0.774331550802139,0.981856063236715,0.0282219183873982,0.201952752193192,0.814014948873333,42,"MUC13;DEPDC1B;CAV1;HOMER2;EPHA2;DSPP;RND3;SCRIB;VANGL1;ANKRD26;DLG5;DSG1;TNFAIP1;FAM83B"
"RAF-independent MAPK1/3 Activation R-HSA-112409",0.776301218161683,0.98319281639817,0.0298484971250709,0.226747745965415,0.79010069368087,23,"DUSP4;IL6R;DUSP9;JAK2"
"Interleukin-7 Signaling R-HSA-1266695",0.777900552486188,0.984057942721043,0.0296354881939192,0.219696412935437,0.784305671147815,25,"TSLP;SOCS1;RAG1;IL2RG;RAG2;STAT5A;H3C7;IL7R"
"Interleukin-37 Signaling R-HSA-9008059",0.781005586592179,0.986274126238915,0.0299906706583812,0.231262788338559,0.787973606925635,21,"CASP1;IL37;PTPN20;PTPN6;PTPN12;PTPN2;IL18R1;PTPN7;SMAD3;PTPN14;IL18BP;PTPN23;PTPN9;PTPN13"
"Plasma Lipoprotein Assembly R-HSA-8963898",0.782407407407407,0.986274126238915,0.031636972118622,0.242306609090511,0.769046059358355,16,"APOA1;APOB;ABCA1;APOA4;APOC3"
"Purine Catabolism R-HSA-74259",0.782407407407407,0.986274126238915,0.031636972118622,0.242037699675331,0.768192579848058,16,"ITPA;NUDT1;PPY;XDH;NUDT15;NUDT9;ADPRM;NT5E;DNPH1;NUDT5;NT5C1A;NT5C;NUDT16"
"Export Of Viral Ribonucleoproteins From Nucleus R-HSA-168274",0.796774193548387,0.990550889406956,0.0270265157079683,0.200090125317084,0.777816207768689,35,"RNASE7;NUP210;PBRM1;NUP37;BLOC1S6;HSPA1A;NUP85;NUP35;NUP58;NUP42;NDC1;NUP205;NUP153;NUP214;NUP107;NUP155;AAAS;NUP88;NUP188;NUP160;NUP133;NUP54"
"FRS-mediated FGFR3 Signaling R-HSA-5654706",0.791044776119403,0.990550889406956,0.0307037368093842,0.233344977883535,0.768365119332899,19,"FGF9;FGF18;FGF23;FGF5"
"Fatty Acid Metabolism R-HSA-8978868",0.791791791791792,0.990550889406956,0.0235084845013289,0.178579558193127,0.860037909323109,171,"THEM4;CYP4F2;PTGES;HACD1;CYP4F11;HPGD;DECR2;ACBD5;DPEP3;MECR;OLAH;GPX2;DPEP2;SLC27A3;GGT5;SLC22A5;AMACR;SYCP2;ACOT12;ACSM6;CYP8B1;SLC25A17;CYP1A2;CYP4A22;ACOT2;CPT2;ACBD7;ACSBG2;PON1;CYP4F8;ELOVL3;ACOT9;PRKAB2;THRSP;MMUT;LTC4S;PTGS1;SLC25A20;GGT1;ACAD11;LTA4H;ALOX12B;EPHX2;FAAH2;MCAT;PON3;EHHADH;ACADL;CYP4F22;ACSL1;AWAT1;PTGIS;HACD4;ACOX2;NUDT7;CYP1A1;CYP2C19;ACBD4;ACAD10;PECR;ACSBG1;PTGS2;ALOX15B;ACSM3;ACOT6;DPEP1;ABCD1;ECI1;PON2;CYP2C8;CBR4;PPARD;CYP2C9;CYP2U1;TBXAS1;ALOX15;ALOX12;MUSK;PLA2G4A;ACBD6;CROT;PRKAG2;ABCC1"
"Inactivation Of APC/C Via Direct Inhibition Of APC/C Complex R-HSA-141430",0.794392523364486,0.990550889406956,0.150169802128406,-0.157333844282252,-0.7804635246556,21,"BUB3;ANAPC11;UBE2E1;ANAPC5;CDC16;UBE2S;CDC27;ANAPC7;ANAPC15;UBE2D1;ANAPC16;CDC26;ANAPC10;ANAPC4;BUB1B;ANAPC2;ANAPC1;UBE2C;CDC23"
"Interconversion Of Nucleotide Di- And Triphosphates R-HSA-499943",0.793478260869565,0.990550889406956,0.163180127180689,-0.13874980198476,-0.779204112555427,28,"AK5;GUK1;NME2;AK1"
"NS1 Mediated Effects On Host Pathways R-HSA-168276",0.788072417465389,0.990550889406956,0.0270967423183296,0.19631543479283,0.790717465169439,41,"RNASE7;NUP210;ISG15;KPNA4;NUP37;NUP85;NUP35;NUP58;NUP42;KPNA7;NDC1;NUP205;NUP153;NUP214;NUP107;NUP155;AAAS;NUP88;CPSF4;NUP188;NUP160;KPNA2;NUP133;NUP54;KPNA1;NUP43"
"PI3K/AKT Signaling In Cancer R-HSA-2219528",0.791708796764409,0.990550889406956,0.0240742072753014,0.181289515112895,0.837751378577536,105,"FGF9;RAC2;FGF18;FGF3;CD86;FGF19;PDGFB;ESR1;FGF23;KIT;PDGFA;RICTOR;TRAT1;FGFR4;EPGN;FGF5;FGFR2;AREG;CD28;BTC;LCK;FGF10;EGF;EREG;ICOS;MDM2;CD80;STRN;FGF20;FGF22;NRG4;KL;TGFA;FLT3;ERBB2;FRS2;AKT1S1;FGF6;ESR2"
"Regulation Of TLR By Endogenous Ligand R-HSA-5686938",0.795847750865052,0.990550889406956,0.0306322550486472,0.234674035335013,0.764387637114953,18,"CD36;FGG;APOB;TLR1;LBP;GSDME;GSDMD;TLR2;TLR6;FGB;TLR4;FGA;S100A8;S100A9"
"Signaling By FGFR1 In Disease R-HSA-5655302",0.797101449275362,0.990550889406956,0.190023305279108,-0.142208383524764,-0.860792778367288,36,"GRB2;PIK3R1"
"Sphingolipid De Novo Biosynthesis R-HSA-1660661",0.78997867803838,0.990550889406956,0.0270265157079683,0.196182344266837,0.792844960682334,43,"SPHK1;ACER1;ACER2;SPTLC3;SGPP2"
"Synthesis Of Glycosylphosphatidylinositol (GPI) R-HSA-162710",0.790080738177624,0.990550889406956,0.0309900819310557,0.235477131800872,0.767003508142345,18,"PIGH;PIGB;PIGV;PIGF;PIGL;PIGW;PIGQ;PIGA;DPM2;PIGG;PIGX;PIGM;PIGC;PIGZ;PIGO;PIGN;PIGY"
"Thromboxane Signaling Thru TP Receptor R-HSA-428930",0.797790055248619,0.990550889406956,0.0283628487151644,0.214825326644849,0.757659500688782,24,"GNGT2;GNA14;GNG11;GNG13"
"Translesion Synthesis By POLI R-HSA-5656121",0.797453703703704,0.990550889406956,0.0307037368093842,0.238797741108053,0.757909420928035,16,"POLR1B;SLC19A1;RFC4;RFC3;REV1;REV3L;RFC5;RFC2;PCNA"
"Transcriptional Regulation By AP-2 (TFAP2) Family Of Transcription Factors R-HSA-8864260",0.8,0.992147806004619,0.0268158762373842,0.199599817757818,0.775910220825132,35,"TFAP2B;TFAP2E;ESR1;TFAP2D;CITED4;KIT;TFAP2A;CREBBP;NOP2;TGFA;ERBB2;CITED1;PITX2"
"Synthesis Of PIPs At Golgi Membrane R-HSA-1660514",0.803030303030303,0.993611227482195,0.132846300606183,-0.173423932580865,-0.787148953122146,17,"ARF3;PI4KA"
"Transcriptional Regulation Of White Adipocyte Differentiation R-HSA-381340",0.802254098360656,0.993611227482195,0.0240742072753014,0.179557225395447,0.80935012109498,84,"ADIPOQ;KLF4;CD36;MBD4;ZNF467;MED18;PCK1;TGFB1;MED27;MED23;KLF5;MED9;CREBBP;HDAC3;MED8;ANGPTL4;MED26;MED22;CEBPA;CDK19;NCOA3;LPL;SLC2A4;HELZ2;PPARGC1A;EGR2;FABP4;PLIN1;LIN9;CDK4;PPARG;RELA;MED31;LEP;MED7;MED4;MED21;PPARA;MED13;WNT1;MED19;NR2F2;RXRA;TNF;MED10;MED20;MED28;CCNC;FAM120B;MED25;TBL1XR1;MED24;MED6;NCOR1;MED14;MED16;MED30;MED17"
"NOTCH3 Intracellular Domain Regulates Transcription R-HSA-9013508",0.806629834254144,0.996673943184165,0.0277995594097672,0.212114320314792,0.748098152711452,24,"HEYL;IKZF1;NOTCH3;CREBBP;MAML2;HES5;MAML3;WWC1;PTCRA;DLGAP5;MAMLD1"
"PI-3K cascade:FGFR4 R-HSA-5654720",0.807865168539326,0.996673943184165,0.0285743975105342,0.224386074786125,0.754732109791739,20,"FGF9;FGF18;FGF19;FGF23;FGFR4"
"RHO GTPases Activate Formins R-HSA-5663220",0.808467741935484,0.996673943184165,0.0227269260340067,0.176751735936614,0.825797735490587,114,"DIAPH3;SKA1;SGO2;CENPP;SCAI;SPC25;PLK1;CENPH;MAD2L1;AURKB;SGO1;SPDL1;ERCC6L;CDC20;KIF2B;MAD1L1;FMNL3;CDCA8;CENPF;NUF2;CENPI;KNTC1;ZW10;B9D2;RHOD;NUP37;MIS12;BUB1"
"Triglyceride Metabolism R-HSA-8979227",0.809217577706324,0.996673943184165,0.0260437699289678,0.197333143748307,0.773393512268959,36,"GPAM;MOGAT3;CAV1;LPIN3;GK;MOGAT1;MOGAT2;FABP2;AGMO;PNPLA5;DGAT2;FABP9;FABP4;PLIN1;PNPLA4;FABP12;GPAT2;PRKACG"
"Assembly Of ORC Complex At Origin Of Replication R-HSA-68616",0.812903225806452,0.998478164322724,0.0259735747969448,0.195975043513625,0.761819529681991,35,"SLC25A15;H2BC1;ORC5;ORC6;H2BC9;H3C7;H2AC20;H2AC14;ORC3;H2BC21;H2BC15;H2AC4;SLC25A2;H2BC17;H2BC13"
"PI-3K cascade:FGFR1 R-HSA-5654689",0.812290502793296,0.998478164322724,0.0280106629226489,0.222548271205664,0.758280937615737,21,"FGF9;FGF3;FGF23;FGF5;FGF10;FGF20;FGF22;KL;FRS2;FGF6"
"Synthesis Of Substrates In N-glycan Biosythesis R-HSA-446219",0.813471502590674,0.998478164322724,0.0239329549624917,0.183318582546443,0.79123905092726,63,"NEU2;NANP;NPL;ST6GALNAC4;GMPPB;GFPT2;NEU4;ST6GALNAC2;ST3GAL1;FUOM;DOLK;ST8SIA4;DPM1;GMDS;NEU3;ST3GAL3;GFUS;NUS1;SLC35C1;ST3GAL6;DOLPP1;SLPI;RENBP;ST8SIA2;AMDHD2;ST6GALNAC1;ST6GAL1;DPM2;GLB1;NUDT14;FPGT;FCSK"
"ABC-family Proteins Mediated Transport R-HSA-382556",1,1,NA,-0.116595784347449,-0.817249390518796,101,"PSMB7;VCP;PSMC5;PSMD8;PSMB6;PSMA1;SEM1;ERLEC1;PSMD14;OS9;PSMD7;PSMD2;UBA52;PSMD3;RPS27A;ABCA2;ABCC5;PSMB1;PSMC4;PSMD4;PSMB5"
"Activated PKN1 Stimulates Transcription Of Androgen Receptor Regulated KLK2 And KLK3 R-HSA-5625886",0.967567567567568,1,0.0157010498237903,0.141635834737878,0.542833171469024,33,"H2BC1;AREG;H2BC9;H3C7;H2AC20;PKN1;H2AC14;H2BC21;H2BC15;H2AC4;H2BC17;H2BC13;H2AB1;H2BC11;H2BC14;KLK2;H2AX;H2AC7;H2BC5;H2BC3;KLKB1"
"Antiviral Mechanism By IFN-stimulated Genes R-HSA-1169410",1,1,NA,-0.101493473216275,-0.705702146327344,80,"EIF4G2;PDZD2;EIF4A2;EIF4A1;EIF4G3;PPM1B;UBA52;UBE2E1;KPNA3;RPS27A;EIF4G1;MAPK3;KPNB1"
"Association Of TriC/CCT With Target Proteins During Biosynthesis R-HSA-390471",0.915326902465166,1,0.0189287891242153,0.164427413979656,0.644428466478123,36,"SPHK1;FBXW10;CCNE2;FBXW9;HDAC3;AP3M1;GAPDHS;KIFC3;TP53;CCNE1"
"B-WICH Complex Positively Regulates rRNA Expression R-HSA-5250924",0.915254237288136,1,0.191892240384838,-0.116123102302662,-0.768461421458875,54,"POLR2E;H3-3B;H2AZ1;SF3B1;H4C15;POLR2F;GSK3B"
"BBSome-mediated Cargo-Targeting To Cilium R-HSA-5620922",0.952380952380952,1,0.0184736429135616,0.162554900688317,0.566421241579414,23,"RAB3IP;BBS9;BBS4;LZTFL1;BBS12;TTC8;SMOX;CCT5;ARL6;SSTR3;MCHR1;MKKS;BBS5;BBS10"
"BMAL1:CLOCK,NPAS2 Activates Circadian Gene Expression R-HSA-1368108",0.967955801104972,1,0.0172342687658066,0.145243085314579,0.518510857711213,25,"MBD4;NLRP3;CREBBP;F7;KLF15;HELZ2;LIN9;PPARA;CLOCK;RXRA;NAMPT;NPAS2;BHLHE40;NOCT;TBL1XR1;SERPINE1;CHD9;NCOA2;NCOA1;SMARCD3;NCOA6"
"Biosynthesis Of N-glycan Precursor (Dolichol LLO) And Transfer To Protein R-HSA-446193",0.845445240532242,1,0.0210003441275487,0.173461241119332,0.767408488259388,75,"NEU2;NANP;ALG10B;ALG9;NPL;ST6GALNAC4;GMPPB;GFPT2;NEU4;ST6GALNAC2;ST3GAL1;FUOM;DOLK;ST8SIA4;DPM1;GMDS;NEU3;ST3GAL3;ALG14;GFUS;NUS1;ALG2;SLC35C1;ST3GAL6;DOLPP1;SLPI;RENBP;ST8SIA2;AMDHD2;ST6GALNAC1;ST6GAL1;DPM2;ALG6;GLB1;NUDT14;FPGT;FCSK;PMM2;ALG13;GNPNAT1;GNE;MPDU1;SLC35A1;SRD5A3;RFT1;ST8SIA6;DPAGT1;GFPT1;ALG8;GMPPA"
"Branched-chain Amino Acid Catabolism R-HSA-70895",0.872625698324022,1,0.024215353215022,0.199788561909702,0.680732576483534,21,"MCCC1;BCAT2;BCAT1;HIBADH;LDHD;SLC25A44;ACADSB;BCKDK;SOAT1;ACAD8;BCKDHB"
"Butyrate Response Factor 1 Binds And Destabilizes mRNA R-HSA-450385",0.975862068965517,1,0.0193046440642709,0.164609664425426,0.53094730339259,17,"EXOSC8;EXOSC1;EXOSC9;MAPKAPK2;EXOSC4;EXOSC5;DCP2;DCP1A;AKT1;XRN1;ZFP36L1;EXOSC7;EXOSC2"
"CD209 (DC-SIGN) Signaling R-HSA-5621575",0.88876404494382,1,0.0235084845013289,0.195790947554875,0.658551182675049,20,"RNASE3;ICAM2;CREBBP;PKN1;LYN;ICAM3;RELA;PRKACG;RELB"
"CDC42 GTPase Cycle R-HSA-9013148",0.998995983935743,1,0.00354273909070668,0.102812241747107,0.490638350208415,146,"DIAPH3;ARHGEF19;DEPDC1B;STARD8;SHKBP1;ARHGAP40;DNMBP;CAV1;FNBP1L;ARHGAP10;ARHGAP30;ARHGEF4;FGD4;PLEKHG2;FMNL3;ARHGAP42;SYDE1;PLEKHG4B;PAK4;ARHGAP45;GMIP;DOCK11;GNA13"
"COPII-mediated Vesicle Transport R-HSA-204005",0.987577639751553,1,0.0101263868834473,0.12606609662344,0.546309592703862,66,"NAPSA;FOLR2;TRAPPC2L;SEC22A;AREG;CNIH3;F8;TGFA;COL7A1;SEC24D;BET1;PPP6R3;LMAN1L;SEC23A;CTSC;LMAN2;TBC1D20;GORASP1;F5;TRAPPC2;SEC24B;SCFD1;TRAPPC6A;TRAPPC5;LMAN2L;STX17;SEC24C"
"Cargo Trafficking To Periciliary Membrane R-HSA-5620920",0.943396226415094,1,0.199915231309662,-0.110516501154599,-0.71058654783303,50,"CCT2;RAB11A;BBS2;CCT3;EXOC5;EXOC4;EXOC7;EXOC2;PKD1;CCT8;CYS1;CCT4;PTGES2;BBIP1;EXOC3;TCP1;BBS1;BBS7;BBS10;BBS5;PDE6D;EXOC8;ASAP1;UNC119B;MKKS;EXOC6;ARF4;MCHR1;SSTR3;ARL6;RAB8A;ARL3;CCT5;RAB11FIP3;NUDT19;SMOX;TTC8;CNGB1;INPP5E;ARL13B;PRKD2;BBS12;LZTFL1;CNGA2;EXOC1"
"Cell Cycle Checkpoints R-HSA-69620",0.993993993993994,1,0.00409492237559551,0.128818570984903,0.638677879283078,264,"SKA1;ATM;SGO2;SLC25A15;RMI2;CDC25C;CDKN2A;MRE11;CENPP;H2BC1;GTSE1;SPC25;PLK1;MCM3;RMI1;CENPH;MAD2L1;AURKB;SGO1;RBBP8;RHNO1;SPDL1;ERCC6L;POLR1B;CCNE2;BRCC3;DBF4;CDC20;KIF2B;MAD1L1;SERPINA2;CDCA8;CENPF;NUF2;CDC6;ORC5;CENPI;REXO2;KNTC1;ORC6;MCM6;RFC4;ZW10;B9D2;NUP37;RNF168;MCM10;CDC25A;MIS12;BUB1;RAD9B;BARD1;BLM;H2BC9;WRN;CHEK2;MCM4;MDM2;RFC3;PSMD9;DNA2;CCNB2;CLSPN;TP53;CENPA;RAD50;CENPO;SPC24;TOPBP1;RAD17;NUP85;ORC3;MCM7;CCNE1;CHEK1;H2BC21;KNL1;H2BC15;ABRAXAS1;SLC25A2;PSMB11;CDC23;CKAP5;H2BC17;PPP2R1B;CCNB1;PSMB9;PSMD5;H2BC13;KIF2C;CENPQ"
"Cell-Cell Communication R-HSA-1500931",0.995963673057518,1,0.0054335217582325,0.1195641873714,0.560150699550245,117,"CLDN1;CLDN9;CLDN16;CRB3;CLDN18;CLDN15;CLDN17;PARD6B;LAMA4;CD151;LAMB3;TESK1;CLDN2;CDH15;CLDN8;CDH12;PXDN;CLDN23;NECTIN4;PARD6G;NPHS1;ACTN3;CLDN5;PTPN6;CDH24;CLDN14;SDK1;FYB1;LIMS2;FBLIM1;AFDN;ARHGEF6;CDH4;PARD3;CLDN20;CLDN19;CLDN12;PARVA;CDH17;LAMC2;CDH6;CLDN7;TYROBP;F11R;COL17A1;CDH8;PARD6A;CDH5;FLNC;SIRPG;SIRPB1;RSU1;KIRREL2;CDH13;CDH18;ANG;PATJ;CD2AP;NECTIN3;NCK2;NCK1;CDH9;SKAP2;CDH11;CLDN4"
"Cell-extracellular Matrix Interactions R-HSA-446353",0.862028301886792,1,0.0277292221875017,0.225429619409925,0.701081592205863,15,"TESK1;PXDN;LIMS2;FBLIM1;ARHGEF6;PARVA;FLNC;RSU1;ILK;FERMT2;PARVB;VASP;FLNA"
"Chondroitin Sulfate Biosynthesis R-HSA-2022870",0.925842696629213,1,0.0211456362513594,0.182675981006692,0.614438434670552,20,"CHST9;VCAN;CHST13;CHST3;CHSY3;CHPF2;CSPG4;CSGALNACT2;CHST12;DCN;CHST11;CHST7"
"Chondroitin Sulfate/Dermatan Sulfate Metabolism R-HSA-1793185",0.974710221285564,1,0.0130773356900516,0.136309122216041,0.563368129238748,50,"GPC2;CHST9;HYAL3;VCAN;XYLT2;CHST13;SDC2;ARSB;GPC3;SDC1;GPC6;CHST3;GPC5;HEXB;DSEL;CHSY3;SPAM1;CHPF2;CSPG4;DSE;CHST14;CSGALNACT2;HEXA;CHST12;DCN;CHST11;B4GALT7;UST;CHST7"
"Chromatin Modifying Enzymes R-HSA-3247509",1,1,0,0.056949082565686,0.280638233264169,234,"PRDM9;UTY;ELP6;KMT5C;ING3;BRD1;DPEP3;H2BC1;JADE3;MECOM;JAK2;PHF21A;WDR77;TAF6L;PBRM1;TADA2A;GDNF;EP400;SMARCD2;KDM6A;SUV39H1;SUZ12;CREBBP;H2BC9;SETDB2;HDAC3;HDAC1;H3C7;SUPT3H;H2AC20;PADI1;KDM4D;HDAC10;H2AC14;TADA3;EZH2;SETD1B;SMARCD1;SETD6;H2BC21;HCFC1;PADI6;H2BC15;RBBP5;H2AC4;JADE2;SUV39H2;REST;H2BC17;KAT6B;DOT1L;H2BC13;H2BC18;CDK4;SUPT20H;PADI3;ENY2;H2AC12;KDM1B;RELA;VPS72;MRGBP;HMG20B;MCRS1;MSL3;H2AB1;KDM5A;H2BC11;KDM4A;KMT2C;ARID4A;H2AC11;PHF8;TRRAP;PAX3;H2BC14;SETD2;HAT1;RUVBL1;KMT5A;PHF2;JADE1;SETDB1;ATXN7;BRPF3;CLOCK;TAF5L;SAP30L;H2AX;H2AC7;BRMS1L;KDM5B;SAP130;H2BC5;KDM3A;EHMT1;KAT6A;MTA2;H2BC3;ARID5B;KMT5B;ATF7IP;TBL1XR1;WDR5;TADA1;JMJD6;YEATS2;ZZZ3;EED;SMYD3;TAF12;PHF20;KAT8;NSD1;SAP30;KDM6B;KDM7A;NCOR1;H2AC1;ELP3;SUDS3;SGF29;KDM5D;CHD3;DNMT3A;CCND1;PRMT3;PRDM16;TAF9;BRD8;ING5;PADI4;ACTL6A;SMARCA4;NCOA2;H2AZ2;AEBP2;KMT2A;KDELR2;GATAD2A;KAT14;ARID4B;H2AC19;ELP2;ARID2;H3C13;DMAP1;ASH2L;ELP5;KDM2B;KAT2A;HDAC8;SETD3;NCOA1;NSD3;DR1;MBIP;ASH1L;OGT;KDM4C;KANSL1;TADA2B;NFKB1;SMARCD3;KDM3B;KAT2B;PRMT6;KMT2D;SMYD2;KDM2A;SMARCC2;YEATS4"
"Chromosome Maintenance R-HSA-73886",0.959677419354839,1,0.0103504582782501,0.141739733371679,0.662218960550112,114,"POLR2D;CENPP;H2BC1;DSCC1;CENPH;DKC1;POLR1B;POT1;SLC19A1;PIF1;MIS18BP1;CENPI;MIS18A;RFC4;OIP5;POLA2;POLD1;TERT;STN1;SHQ1;BLM;H2BC9;PRIM1;WRN;PRIM2;H2AC20;RFC3;DNA2;H2AC14;CENPA;CENPO;H2BC21;KNL1;POLA1;H2BC15;H2AC4;H2BC17;LRIG1;H2BC13;CENPQ;HJURP;PPP6R3"
"Cilium Assembly R-HSA-5617833",1,1,0.00250132493941571,0.0931171169239245,0.451868701311112,185,"CC2D2A;HAUS1;RAB3IP;BBS9;DYNC2I2;TCTN3;PLK1;HAUS2;AKAP9;IFT172;PLK4;FBF1;CNTRL;KIF17;CNGA4;B9D1;DYNLT5;IFT43;IFT88;HAUS7;HSPB11;CEP63;BBS4;B9D2;IQCB1;RHO;TCTN2;CEP41;MKS1;NEDD1;KIF24;IFT74;C2CD3;SCLT1;WDR35;TTC30B;IFT46;NPHP1;TMEM216;OFD1;SFI1;DYNC2I1;CEP192;DYNLT2;EXOC1;CEP131;CNGA2;TUBG1;CKAP5;CEP135;TTC21B;IFT20;TMEM67;TCTN1;CEP162;NINL;LZTFL1;CEP290;CEP152;BBS12;PRKD2;CDK1;NEK2;ARL13B;HAUS8;TTC30A;IFT80;HAUS5;DYNLRB2;CEP76;HAUS6;NPHP4;INPP5E;IFT52;CNGB1;TTC8"
"Class I Peroxisomal Membrane Protein Import R-HSA-9603798",0.887640449438202,1,0.0235793094960052,0.196371989440191,0.660505541778662,20,"ACBD5;SLC25A17;PEX12;PEX13;PEX14;ABCD1;PXMP2;ABCD2;PXMP4;PEX2;GDAP1;PEX11B"
"Cleavage Of Damaged Purine R-HSA-110331",0.882863340563991,1,0.0218679438176212,0.177482585066622,0.685394435677121,34,"H2BC1;POT1;OGG1;NEIL3;H2BC9;H2AC20;H2AC14;H2BC21;MUTYH;H2BC15;H2AC4;H2BC17;H2BC13;H3-4;H2AB1;H2BC11;ACD;H2BC14;H2AX;H2AC7;H2BC5;TINF2;H2BC3;TERF2"
"Cyclin A/B1/B2 Associated Events During G2/M Transition R-HSA-69273",0.919337016574586,1,0.020562605901185,0.176552777103517,0.630284957724264,25,"CDC25C;PLK1;CDC25B;CDC25A;CCNB2;FOXM1;PPP2R1B;CCNB1;PPP2R3B"
"Cytosolic Sensors Of Pathogen-Associated DNA R-HSA-1834949",0.904712041884817,1,0.0181674946847152,0.162888581401441,0.697054268963806,62,"CGAS;POLR3G;IRF3;NFKBIB;MRE11;IRF7;NLRC3;POLR3GL;NLRP4;CREBBP;DDX41;POLR3D;POLR3C;ZBP1;TRIM21;TREX1;IKBKB;RIPK1;POLR3A;CHUK;POLR1D;RELA;STING1;MYD88;TRIM56;IKBKG;POLR3F;TLR3;AIM2"
"DNA Damage/Telomere Stress Induced Senescence R-HSA-2559586",0.909186906019007,1,0.0183973177537706,0.164292955581158,0.693957959053567,58,"ATM;MRE11;H2BC1;POT1;CCNE2;ASF1A;H1-1;EP400;H2BC9;H2AC20;RB1;H2AC14;TP53;RAD50;H1-3;H1-5;CCNE1;H2BC21;H2BC15;H2AC4;H2BC17;H2BC13;H3-4;H2AB1;H2BC11;HMGA2;ACD;H2BC14;CCNA1;H2AX;H2AC7;H2BC5;ARTN;LMNB1;TINF2;H2BC3;CDKN1A;TERF2;HIRA"
"DNA Double Strand Break Response R-HSA-5693606",0.995771670190275,1,0.0114177828322783,0.122220459535293,0.514562980614191,57,"ATM;MRE11;H2BC1;CNKSR3;BRCC3;EYA4;RNF168;EYA3;BARD1;H2BC9;CHEK2;TP53;RAD50;H2BC21;H2BC15;ABRAXAS1;H2BC17;H2BC13"
"DNA Methylation R-HSA-5334118",0.896174863387978,1,0.0214353576364558,0.176423912108227,0.661536985990221,31,"H2BC1;DNMT1;H2BC9;H3C7;H2AC20;H2AC14;DNMT3B;H2BC21;H2BC15;H2AC4;H2BC17;H2BC13;UHRF1;DNMT3L;H2AB1;H2BC11"
"DNA Repair R-HSA-73894",0.986013986013986,1,0.0054335217582325,0.139091161823027,0.695133195564339,300,"SMUG1;ATM;RAD51AP1;RMI2;POLR2D;MBD4;PARG;NEIL1;MRE11;H2BC1;POLE2;BRCA2;POLE;AQR;RMI1;INO80;TRIM25;RBBP8;RHNO1;CNKSR3;POLR1B;POT1;XAB2;BRCC3;OGG1;ISG15;USP43;EYA4;RAD51;SLC19A1;SERPINA2;ASCC2;NHEJ1;RFC4;PALB2;POLD1;FANCA;XRCC2;POLM;POLH;SPRTN;RAD51D;FANCC;RNF168;EYA3;XRCC3;RAD9B;ELL;FANCD2;NEIL3;FANCG;BARD1;BLM;H2BC9;SLX4;LIG4;PAXIP1;FANCI;FANCB;TIMELESS;WRN;MLH1;H2AC20;CHEK2;DTL;RFC3;DNA2;PNKP;H2AC14;CLSPN;ACTR5;DCLRE1B;RNF111;EME2;TP53;NTHL1;RAD50;NPLOC4;EME1;TOPBP1;RAD17;CHEK1;H2BC21;FAAP24;MUTYH;H2BC15;REV1;MSH3;ABRAXAS1;H2AC4;ERCC2;FANCE;CUL4A;TDG;H2BC17;LRIG1;H2BC13;FANCM;REV3L;TDP1;MUS81;POLG2;LRIG3;GEN1;TFPT;PCLAF;RAD52;POLD3;ERCC4;RFC5;ASCC1;MCRS1;ERCC8;ALKBH2;INO80C;H3-4;H2AB1;SIRT6;APEX1;H2BC11;KDM4A;POLL;MSH2;FANCF;XRCC4;DDB2;RAD9A;RNF4;GTF2H5;NFRKB;UBE2T;TP53BP1;POLE3;ACD;H2BC14;RFC2;RAD18;GTF2H3;ZNF830;DCLRE1A;RUVBL1;PMS2;ERCC1;EYA1;POLR2B;PCNA;UBE2L6"
"Depolymerisation Of Nuclear Lamina R-HSA-4419969",0.980519480519481,1,0.108394255853397,-0.146133647714485,-0.629494017698713,15,"PRKCB;CTDNEP1;PRKCA;LMNA;EMD;LPIN2;TMPO;LPIN1;LEMD3;LMNB1;LEMD2;CDK1;CCNB1;CNEP1R1;LPIN3"
"Diseases Associated With N-glycosylation Of Proteins R-HSA-3781860",0.82237600922722,1,0.0289981119993578,0.227584916092272,0.741296735305348,18,"ALG9;B4GALT1;MOGAT2;ALG14;ALG2;ALG6;GLB1;MOGS;ALG13;MPDU1;RFT1;MAN1B1;DPAGT1;ALG8"
"Downstream Signaling Of Activated FGFR2 R-HSA-5654696",0.863885839736553,1,0.0237915888102658,0.186908566705936,0.689361273406724,29,"FGF9;FGF18;FGF3;FGF23;FGF5;FGFR2;FGF10;FGF20;FGF22;FRS2;FGF6"
"Downstream Signaling Of Activated FGFR4 R-HSA-5654716",0.860592755214051,1,0.0240035948793451,0.192368831820308,0.694527429299852,26,"FGF9;FGF18;FGF19;FGF23;FGFR4"
"Dual Incision In GG-NER R-HSA-5696400",0.983957219251337,1,0.0135373162884418,0.127715034006208,0.508450574887356,39,"POLE2;POLE;POLR1B;SLC19A1;RFC4;POLD1;RFC3;ERCC2;CUL4A;POLD3;ERCC4;RFC5;DDB2;GTF2H5;POLE3;RFC2;GTF2H3;ERCC1;PCNA"
"EGR2 And SOX10-mediated Initiation Of Schwann Cell Myelination R-HSA-9619665",0.923076923076923,1,0.151148761385484,-0.121136849977409,-0.672437484894147,29,"SCD5;MAG;SREBF2;CYP51A1;HDAC2;MPZ;GJB1;HMGCR;TEAD1;DRP2;NAB2;SMARCA4;POU3F1;POU3F2;LAMC1;DAG1;NAB1;WWTR1;ADGRG6;SOX10;PLPPR3;PXMP2;ADGRV1;YAP1;EGR2"
"ERBB2 Regulates Cell Motility R-HSA-6785631",0.859669811320755,1,0.0278699114874201,0.226235815389094,0.703588845521489,15,"BTC;EGF;EREG;NRG4;MEMO1;ERBB2;DIAPH1;HBEGF;NRG2;NRG1;EGFR;NRG3;ERBB4"
"ERCC6 (CSB) And EHMT2 (G9a) Positively Regulate rRNA Expression R-HSA-427389",0.857142857142857,1,0.191892240384838,-0.12928650170399,-0.79089616627531,41,"H3-3B;H2AZ1;MTA1;H4C15;H2AC6;GATAD2B;RBBP7;HDAC2;H2BC4;H2AJ;EHMT2;TTF1;MTA3;RBBP4;CHD4;H3C13;H2AC19;GATAD2A;CBX3;H2AZ2;CHD3;H2BC3;MTA2;H2BC5;H2AC7;H2AX;H2BC14;H2BC11;H2AB1;H2BC13;H2BC17;H2AC4;H2BC15;H2BC21;H2AC14;H2AC20;H3C7;HDAC1;H2BC9"
"Ephrin Signaling R-HSA-3928664",0.955555555555556,1,0.118815039412263,-0.134162900048794,-0.633347178948824,18,"GIT1;RNASE1;FYN;EPHB6;ARHGEF7;SDCBP;SRC;PKN2;MYL12A;EFNB3;NCK2;EFNB2;EPHB4;EPHB1"
"Epigenetic Regulation Of Gene Expression R-HSA-212165",0.998991935483871,1,0.00458288223817775,0.091010150304164,0.423469221320631,110,"POLR1F;DPEP3;H2BC1;DPEP2;MYO1E;POLR1B;SIN3A;TAF1A;TET1;TAF1C;DNMT1;SAP30BP;MYBBP1A;SUV39H1;SUZ12;H2BC9;HDAC1;H3C7;H2AC20;H2AC14;EZH2;DNMT3B;H2BC21;H2BC15;H2AC4;POLR1G;ERCC2;TDG;H2BC17;H2BC13;UHRF1;DNMT3L;POLR1D;JARID2;PHF1;H2AB1;H2BC11;BAZ2A;PHF19;GTF2H5;H2BC14;GTF2H3;POLR1E;TET2;SAP30L;H2AX;POLR1H;H2AC7;TBP;SAP130;H2BC5;TAF1B;MTA2;H2BC3;MTF2;TAF1D;GTF2H4"
"Estrogen-dependent Gene Expression R-HSA-9018519",0.969758064516129,1,0.00918593980608508,0.13780527633073,0.644636858427986,116,"FOSB;GPAM;PGR;TFF1;POLR2D;MBD4;H2BC1;GATA3;ESR1;POU2F1;GTF2F2;DAND5;AGO3;MYB;GDNF;EBAG9;CREBBP;H2BC9;PMEPA1;HDAC1;KCTD6;ZNF217;H3C7;H2AC20;AGO4;H2AC14;NCOA3;TFF3;H2BC21;TGFA;H2BC15;H2AC4;TNRC6C;FOXA1;CITED1;H2BC17;H2BC13"
"Estrogen-dependent Nuclear Events Downstream Of ESR-membrane Signaling R-HSA-9634638",0.953591160220994,1,0.0182442460385585,0.163726980139077,0.5774426319227,24,"EPGN;AREG;BTC;EGF;EREG"
"FOXO-mediated Transcription Of Cell Death Genes R-HSA-9614657",1,1,0.114266502484433,-0.0927529586519802,-0.408246048098857,16,"PINK1;NFYA;EP300;NFYC"
"FOXO-mediated Transcription R-HSA-9614085",0.891304347826087,1,0.0183973177537706,0.163650319672131,0.707753928162605,65,"KLF4;TRIM63;G6PC1;FASLG;CAV1;PCK1;MAP4K2;SIN3A;MSTN;REXO2;INS;RETN;CREBBP;HDAC1;BBC3;ABCA6;RBL2;POMC;IGFBP1;PPARGC1A"
"Formation Of beta-catenin:TCF Transactivating Complex R-HSA-201722",0.86046511627907,1,0.0218679438176212,0.174843496131616,0.736112356740978,57,"TCF7;H2BC1;AXIN2;TERT;PYGO1;TCF7L1;TLE1;CREBBP;H2BC9;HDAC1;H3C7;BCL9L;BCL9;H2AC20;H2AC14;H2BC21;H2BC15;RBBP5;H2AC4;H2BC17;H2BC13"
"G Alpha (I) Signaling Events R-HSA-418594",0.86,1,0.0184736429135616,0.170022993716208,0.849741419138575,306,"NPW;CHRM4;CCR2;TAS2R3;TAS2R1;CCL5;PTGDR2;AGTR2;OPN1LW;CASR;S1PR4;GNGT2;P2RY14;SFTPA2;CCR9;CCL20;LPAR3;ADRA2B;PNOC;GNA14;CCL1;NMUR1;GNG11;GNG13;CCL4L1;UBD;GAL;GALR2;OXER1;RGS17;LPAR5;PMCH;NMS;C5;BDKRB1;CCL13;CCR7;RRH;RGS9BP;GRM2;FPR2;CCR5;HCAR2;GRM8;SUCNR1;SSTR5;CXCR2;ACKR3;CXCL1;RHO;ADCY4;RGS6;ADRA2C;FPR3;GNAT1;HCAR1;CXCR1;TAS2R50;CXCL5;GNAT2;S1PR3;RGS21;OPN1MW3;CX3CR1;RGS1;TAS2R41;GPR183;CCL28;TAS2R43;CCR6;PLCB3;TAS2R14;NPY1R;CXCL6;CXCL9;RGS8;PLCB4;PPY;ANXA1;RGS19;CCL27;CXCR3;RXFP4;OPN3;HTR1F;TAS1R2;CXCL13;TAS2R39;NPY5R;TAS2R19;CCR1;P2RY4;BDKRB2;POMC;CXCL11;HTR1E;PLCB2;PYY;CHRM2;HRH4;NPBWR1;CCL25;TAS2R30;GRM6;ADCY7;MTNR1B;CCL16;CXCL10;RXFP3;GPR31;PPP2R1B;GNAL;CDK5;ADORA1;TAS2R16;CXCR5;TAS2R45;ACKR4;GNA15;ADCY9;CXCL2;ITPR3;MCHR2;GPSM3;TAS2R5;TAS1R3;RGSL1;PCP2;P2RY13;GRM4;CCR8;PDYN;GPR55;NPBWR2"
"G Beta:Gamma Signaling Thru BTK R-HSA-8964315",0.818915801614764,1,0.0292103127923884,0.22864917263307,0.744763265129764,18,"GNGT2;GNG11;GNG13"
"G Beta:Gamma Signaling Thru CDC42 R-HSA-8964616",0.88876404494382,1,0.0235084845013289,0.195970078356818,0.659153696749098,20,"GNGT2;GNG11;GNG13"
"G Beta:Gamma Signaling Thru PLC Beta R-HSA-418217",0.889887640449438,1,0.0234376252595191,0.195080947103563,0.656163065947739,20,"GNGT2;GNG11;GNG13"
"G1/S Transition R-HSA-69206",0.973816717019134,1,0.00855469372683394,0.139057812119812,0.656618461349001,128,"TK1;SLC25A15;POLE2;POLE;MCM3;POLR1B;CCNE2;TYMS;DBF4;CDT1;RBL1;CDC6;ORC5;ORC6;LIN37;MCM6;POLA2;MCM10;CDC25A;HDAC1;PRIM1;PRIM2;MCM4;E2F5;PTK6;RB1;PSMD9;RRM2;FBXO5;RBL2;ORC3;MCM7;CCNE1;POLA1;E2F4;SLC25A2;PPP2R1B;CCNB1;PSMB9;PSMD5;PPP2R3B;LIN9;TFDP1;CKS1B;CDK4"
"G2/M Checkpoints R-HSA-69481",0.902610441767068,1,0.0153676328786693,0.158480552368947,0.756220074196102,143,"ATM;SLC25A15;RMI2;CDC25C;MRE11;H2BC1;GTSE1;MCM3;RMI1;RBBP8;RHNO1;POLR1B;BRCC3;DBF4;SERPINA2;CDC6;ORC5;REXO2;ORC6;MCM6;RFC4;RNF168;MCM10;CDC25A;RAD9B;BARD1;BLM;H2BC9;WRN;CHEK2;MCM4;RFC3;PSMD9;DNA2;CCNB2;CLSPN;TP53;RAD50;TOPBP1;RAD17;ORC3;MCM7;CHEK1;H2BC21;H2BC15;ABRAXAS1;SLC25A2;PSMB11;H2BC17;CCNB1;PSMB9;PSMD5;H2BC13"
"GRB2 Events In ERBB2 Signaling R-HSA-1963640",0.831168831168831,1,0.119348440591015,-0.17582123144526,-0.757378024227898,15,"GRB2;HRAS;SOS1;NRAS;ERBB4;NRG3;EGFR;NRG1;NRG2;HBEGF;ERBB2;NRG4;EREG;EGF;BTC"
"Gene Silencing By RNA R-HSA-211000",0.953488372093023,1,0.0113146012252547,0.140942187164189,0.65153456318341,104,"RNASE7;POLR2D;H2BC1;ASZ1;NUP210;TDRKH;MAEL;TDRD6;AGO3;NUP37;H2BC9;TDRD1;H3C7;H2AC20;AGO4;TDRD9;PIWIL1;TDRD12;H2AC14;NUP85;NUP35;NUP58;H2BC21;H2BC15;NUP42;H2AC4;PIWIL2;TNRC6C;DICER1;H2BC17;H2BC13;PRKRA;NDC1;NUP205;NUP153;ELAC2;NUP214;NUP107;AGO2;BCDIN3D;H2AB1;H2BC11;NUP155;MYBL1;H2BC14;ANG;HENMT1;AAAS;NUP88;PIWIL4;POLR2B;PLD6;XPO5;H2AX;FKBP6;H2AC7;H2BC5;NUP188;NUP160;DROSHA;NUP133;NUP54;H2BC3"
"Glutathione Conjugation R-HSA-156590",0.859002169197397,1,0.0234376252595191,0.185292028845236,0.715552601953469,34,"GSTA1;CHAC2;CHAC1;GGT5;GSTO2;OPLAH;GGT1;GGT6;GSTM1;GSTM5;GSTA3;GSTA2;GSTT1;GGCT;GSTM2;GSTZ1;GSTT2"
"Glycogen Metabolism R-HSA-8982491",0.872646733111849,1,0.0237208606775806,0.191453516359092,0.667118235018892,23,"PHKG1;GYS1;PHKA2;NHLRC1;PYGL;PHKA1;GBE1;GYS2;PGM1;PYGM"
"Glyoxylate Metabolism And Glycine Degradation R-HSA-389661",0.986885245901639,1,0.0150298748621405,0.131790652588069,0.494175591352447,31,"PDHA2;GLDC;LIPT1;AGXT2;LDHD;HOGA1;LIPT2;DAO;OGDH;PXMP2;GCSH;GRHPR;PRODH2;GNMT;BCKDHB"
"HATs Acetylate Histones R-HSA-3214847",1,1,NA,-0.0809364244996582,-0.574917395252845,102,"USP22;MORF4L2;SUPT7L;EPC1;RUVBL2;MEAF6;MORF4L1"
"HCMV Late Events R-HSA-9610379",0.87410440122825,1,0.0189287891242153,0.164960550909272,0.745267380714454,86,"RNASE7;H2BC1;NUP210;CHMP4C;UCN3;NUP37;VPS37A;PCSK1;H2BC9;H3C7;H2AC20;CHMP2A;H2AC14;NUP85;NUP35;NUP58;H2BC21;H2BC15;NUP42;H2AC4;H2BC17;H2BC13;NDC1;H2BC18;NUP205;IRS1;TRMU;NUP153;MVB12A;H2AC12;NUP214;NUP107;RRM1;H2BC11;NUP155;H2AC11"
"HDACs Deacetylate Histones R-HSA-3214815",0.992600422832981,1,0.0117231586093378,0.129795323492755,0.54645407798462,57,"DPEP3;H2BC1;PHF21A;H2BC9;HDAC3;HDAC1;H3C7;H2AC20;HDAC10;H2AC14;H2BC21;H2BC15;H2AC4;REST;H2BC17;H2BC13;H2BC18;H2AC12;HMG20B;H2BC11;ARID4A;H2AC11"
"HDMs Demethylate Histones R-HSA-3214842",0.99231613611416,1,0.014944717875289,0.127132417640678,0.458998219041707,26,"UTY;KDM6A;H3C7;KDM4D;KDM1B;KDM5A;KDM4A;PHF8;PHF2;KDM5B;KDM3A;ARID5B;JMJD6;KDM6B;KDM7A;KDM5D;H3C13;KDM2B;KDM4C;KDM3B;KDM2A"
"HIV Transcription Initiation R-HSA-167161",0.929787234042553,1,0.0173914717556673,0.157008314954436,0.637704398223845,45,"TAF5;POLR2D;TAF7L;TAF3;GTF2F2;GTF2B;TAF4"
"Heme Signaling R-HSA-9707616",0.926517571884984,1,0.0177038118052295,0.160131556227838,0.648706699040791,44,"APOA1;MBD4;CLEC1B;APOB;GDNF;CREBBP;HMOX1;HDAC3;RNASE12;CRTC2;HELZ2;PPARGC1A;LIN9;NFE2L2;MAFK;TLR4;PPARA;CLOCK;RXRA;NPAS2;TBL1XR1;CRTC3;LY96;NRIP1;NCOR1;CHD9;NR1D1;BRIP1;SLC46A1;SIRT1;NCOA2"
"Heparan Sulfate/Heparin (HS-GAG) Metabolism R-HSA-1638091",0.818756585879874,1,0.0244973552519294,0.184416880997962,0.769955420377113,53,"NDST4;GPC2;EXT1;HS3ST6;VCAN;XYLT2;NDST2;SDC2;GPC3;SDC1;NAGLU;GPC6;HS3ST3A1;HS3ST1;GPC5;SGSH;NDST3;HS6ST3;GLB1;HPSE2;HS6ST2;GUSB;GLB1L;HS3ST4;GLCE;SLC35D2;CSPG4;HPSE;HS3ST5;HS3ST2;DCN"
"Inactivation Of CSF3 (G-CSF) Signaling R-HSA-9705462",0.822099447513812,1,0.0268158762373842,0.20880974298094,0.736443361110026,24,"CSF3R;JAK2;SOCS1;CSF3"
"Incretin Synthesis, Secretion, And Inactivation R-HSA-400508",0.868508287292818,1,0.0238622865877092,0.197468760813114,0.696445270471482,24,"GCG;GNG13;ISL1;CDX2;PCSK1;PAX6;GATA4;UCMA;DPP4;TCF7L2;GNAT3;LEP"
"Inositol Phosphate Metabolism R-HSA-1483249",0.912076271186441,1,0.0183973177537706,0.16367969697563,0.670387022021872,48,"INPP5D;IMPA2;IPPK;ITPKC;PLCH1;PLCD1;PLCZ1;NUDT11;PLCB3;PLCB4;PLCD3;PLCD4;PPIP5K2;PLCB2;INPP5B;IPMK;NUDT4;PLD4;NUDT10;PLCG2;INPP4B;PLCH2;INPP5J;PLCE1;ISYNA1;MTMR7;INPP4A;INPP1;MIOX;IP6K3"
"Integrin Signaling R-HSA-354192",0.96361631753032,1,0.0173914717556673,0.14678036965758,0.533613887447512,27,"FGG;RASGRP2;APBB1IP;RASGRP1;SYK;ITGB3;CRK;PTPN1;ITGA2B;FGB;RAP1B;FGA"
"Interferon Signaling R-HSA-913531",0.960921843687375,1,0.00954760674075313,0.149406408519422,0.727248629745783,188,"IFNA6;HLA-G;IRF4;RNASE7;IRF3;OAS2;MID1;GBP2;TRIM5;TRIM31;TRIM25;GBP7;NUP210;IRF7;TRIM62;PTAFR;JAK2;SP100;HLA-DQA2;GBP4;SOCS1;ISG15;IFNA8;HERC5;IRF1;KPNA4;IFNA14;TRIM29;ICAM1;OAS1;TRIM38;NUP37;RSAD2;NEDD4;OASL;IRF2;VCAM1;HLA-DQA1;TRIM26;FLNB;GBP5;IRF8;GBP1;PDE12;XAF1;PTPN6;TRIM48;IFNB1;PML;NUP85;TRIM21;IFI35;ISG20;NUP35;NUP58;NUP42;IRF5;KPNA7;TRIM14;RNASEL;EIF4E3;PTPN2;IFNA4;NDC1;CIITA;PTPN1;FCGR1A;NUP205"
"KSRP (KHSRP) Binds And Destabilizes mRNA R-HSA-450604",0.960919540229885,1,0.0202691096367175,0.175742664071329,0.566856714673486,17,"EXOSC8;EXOSC1;EXOSC9;MAPK14;EXOSC4;EXOSC5;MAPK11;DCP2;PARN;AKT1;EXOSC7;EXOSC2"
"Keratan Sulfate Biosynthesis R-HSA-2022854",0.836263736263736,1,0.0256225253207008,0.196319809675393,0.719999209435916,28,"PRELP;CHST6;CHST5;KERA;ST3GAL1;ACAN;B4GALT1;B3GNT7;LUM;ST3GAL3;OMD;ST3GAL6;B3GNT3;B4GALT4;SLC35D2;B3GNT2;B3GNT4;CHST2;FMOD;B4GALT3;OGN"
"Leishmania Infection R-HSA-9658195",0.854145854145854,1,0.0188532541830902,0.16895991321891,0.834535305126796,241,"INSL3;PSTPIP1;ADORA2B;MEFV;CYSLTR1;CALCA;GNGT2;CD247;CRH;MC2R;GCG;HTR6;DPEP3;MC1R;GNG11;GNG13;DPEP2;GGT5;RLN2;HTR7;MYO1E;NPSR1;IL1A;NOXO1;LHB;CASP1;MYH2;ADM2;RAMP2;GPHA2;IL18;CYSLTR2;GLP2R;CPAMD8;NLRP3;ADAM17;ADORA2A;GPR150;GIPR;PTGDR;GHRHR;TARP;IAPP;TAAR6;GPR45;RXFP2;PTHLH;TAAR1;BTK;PTH2R;ADCY4;GHRH;GPR84;FSHR;FSHB;GGT1;GPR39;HMOX1;NOX1;AVPR2;GPR32;PTGER4;RHBDF2;GPR20;GPBAR1;NPS;DVL3;ADRB3;CALCR;RAMP3;PTGER2;DRD5;ARPC1B"
"MAP2K And MAPK Activation R-HSA-5674135",0.872727272727273,1,0.0217240006200525,0.178046596262837,0.701114843111524,37,"IL17RD;FGG;RNASE3;CNKSR1"
"MET Promotes Cell Motility R-HSA-8875878",0.973626373626374,1,0.0164369248025913,0.140250852357267,0.514367363063937,28,"TNS4;LAMA4;LAMB3;LAMA2;LAMB1;CRK;ITGA3;LMNB2;LAMC2;LAMA1;LAMA5;RAP1B;LAMC3;ITGA2"
"Meiotic Synapsis R-HSA-1221632",0.997885835095137,1,0.0112106917277743,0.113940430232879,0.479703051485934,57,"H2BC1;SMC1B;SYCP2;POT1;SYCE3;SERPINA2;SYNE2;H2BC9;PMEPA1;H2AC20;H2AC14;STAG3;H2BC21;H2BC15;SYCP1;H2AC4;H2BC17;H2BC13;STAG2;H3-4;H2AB1;H2BC11;ACD;H2BC14;TEX12;DIDO1;H2AX;FKBP6;H2AC7;H2BC5;SUN1;LMNB1;TINF2;H2BC3;TERF2;SYCP3;REC8"
"Metabolism Of Angiotensinogen To Angiotensins R-HSA-2022377",0.876585928489043,1,0.0256927476530375,0.208542469042641,0.679271078805365,18,"CPA4;ANPEP;CES1;GZMH;KCTD11;CPB1;ENPEP;AOPEP;ACE2;CPB2"
"Metabolism Of Carbohydrates R-HSA-71387",1,1,0.0014426950408889,0.112521103048704,0.559634759242579,282,"HAS3;LALBA;RNASE7;PHKG1;NDST4;GPC2;EXT1;FUT7;CHST9;G6PC1;PGAM2;GYS1;PFKFB2;PRELP;PHKA2;TAC4;PCK1;NUP210;HYAL3;MAP4K2;GOLT1A;CHST6;GNPDA2;NHLRC1;FUT10;SLC26A1;PFKFB4;HS3ST6;ALDOB;TKFC;FBP1;VCAN;FUT3;CHST5;FUT1;PAPSS2;KHK;NUP37;PKLR;XYLT2;KERA;CHST13;FUT4;NDST2;GALT;ST3GAL1;SLC25A13;SDC2;ARSB;G6PC3;GPC3;PFKFB1;SLC37A1;GAPDHS;ACAN;RPEL1;SLC25A10;SDC1;B4GALT1;NAGLU;B3GNT7;GPC6;PCK2;PYGL;HS3ST3A1;RHCE;NUP85;NUP35;NUP58;NUP42;PRPS1L1;HS3ST1;PHKA1;FUT5;LUM;GBE1;STAB2;CHST3;FUT2;ST3GAL3;PPP2R1B;NDC1;NUP205;PGM2;GALK1;B3GALT1;HAS2;DERA;NUP153;OMD;B3GALT4;ST3GAL6;HYAL2;GYS2;B3GALT5;NUP214;NUP107;ENO3;GLYCTK;BPGM;G6PC2;PGM1;GPC5;SGSH;PYGM;CEMIP;PRKACG;SLC26A2;NUP155;SLC35B3;FUT11;NDST3;HS6ST3;GLB1;B3GNT3;HEXB;DSEL;SLC2A1;CHSY3;HPSE2;HS6ST2;GUSB;B4GALT4;GLB1L;UBL4A;AAAS;NUP88;AGL;ABO;RPE;HS3ST4;SPAM1;MAN2B1;CHPF2;SHPK;HMMR;PROC;GLCE;SLC35D2;ADPGK;B3GNT2;MAN2B2;CSPG4;SORD;NUP188;B3GNT4;XYLB;DSE;NUP160;CHST14;HPSE;HS3ST5;NUP133;CHST2;FMOD;NUP54;HOOK2;CSGALNACT2;HEXA;B4GALT3;B4GALNT2;CHST12;MAP4K5;PRPS2;OGN;HS3ST2;DCN;SLC9A1;NUP43;RHD;SLC37A4;SLC25A1;CHST11;RBKS;LYVE1"
"Metabolism Of Cofactors R-HSA-8978934",0.934557979334099,1,0.0218679438176212,0.186837054614453,0.615222479038282,19,"GCHFR;PRKG2;PDSS1;PDSS2;COQ2;COQ7;DHFR;COQ9;GCH1;IDH1;COQ5;COQ3;PTS;COQ6;TACR1;NANOS3"
"Metabolism Of Non-Coding RNA R-HSA-194441",0.971578947368421,1,0.0132626420191661,0.136247978311584,0.565515988807225,51,"RNASE7;NUP210;WDR77;NUP37;GEMIN2;NUP85;NUP35;NUP58;NUP42;GEMIN5;NDC1;LIN9;NUP205;SNUPN;SNRPF;NUP153;GEMIN8;NUP214;NUP107;GEMIN4;NUP155;AAAS;NUP88;GEMIN7;NUP188;NUP160;NUP133;NUP54"
"Metabolism Of Steroid Hormones R-HSA-196071",0.834408602150538,1,0.024567800621605,0.18918980245987,0.735443063292832,35,"AKR1B15;CYP21A2;SRD5A2;LHB;HSD11B2;CYP11B1;CD163L1;HSD3B2;FDXR;POMC;STARD6;CYP11A1;HSD11B1;HSD17B1;CYP11B2"
"Metabolism Of Steroids R-HSA-8957322",0.928786359077232,1,0.0129839954274655,0.15525660336273,0.74201232959712,153,"LRP2;BAAT;GPAM;AKR1B15;AKR1C1;CYP39A1;AKR1C2;MBD4;HSD3B7;CYP21A2;AMACR;AKR1C4;SYCP2;SRD5A2;SLCO1B1;CYP8B1;LHB;SLC51A;HSD11B2;PLPP6;CYP11B1;CYP2R1;ARV1;OSBPL3;DAND5;CD163L1;IDI2;CREBBP;LBR;CYP7B1;VDR;HSD3B2;CYP24A1;FDXR;SLC10A2;SLC51B;NR1H4;SLC10A1;MBTPS2;POMC;PTGIS;SOAT2;ACOX2;STARD6;HELZ2;CYP11A1;SLCO1B3;SEC24D;INSIG2;CUBN;CH25H;LIN9;HSD11B1;LDLRAP1;AKR1D1;SH3D19;HSD17B1;OSBPL6;CYP11B2;SEC23A;OSBPL7;ABCB11"
"Metalloprotease DUBs R-HSA-5689901",0.978021978021978,1,0.14641623786055,-0.110795302193382,-0.615030970005404,29,"PSMD14;BABAM2;UBA52;H2AC6;RPS27A;EP300;BABAM1;H2AC21;STAMBP;KAT2B;STAMBPL1;H2AC19;UBB;UIMC1;H2AC1;STAM;MYSM1;BRCA1;H2AC7;ABRAXAS2;H2AC11;H2AC12;H2AC4;ABRAXAS1;H2AC14;H2AC20;BARD1;NLRP3;BRCC3"
"Miscellaneous Transport And Binding Events R-HSA-5223345",0.878787878787879,1,0.148261500475107,-0.145796870731259,-0.753927671641546,23,"ADD1;ANKH;NIPA1;TUSC3;ADD3;MAGT1"
"Mitochondrial Fatty Acid Beta-Oxidation R-HSA-77289",0.853161843515541,1,0.0231538258045259,0.184702932493144,0.723892839154522,36,"THEM4;MECR;ACOT12;ACSM6;ACOT2;ACBD7;ACOT9;MMUT;ACAD11"
"Mitochondrial Translation Elongation R-HSA-5389840",0.954529546690658,1,NA,-0.0906788467107778,-0.63804890611596,82,"MRPL10;MRPL33;MRPL41;MRPS21;MRPS18B;MRPS35;TUFM;TSFM;MRPS16;DLGAP3;MRPS18A;MRPS34;MRPS30;MRPL21;MRPL18;MRPS36;MRPL50;MRPL55;MRPS14;MRPL42;GADD45GIP1;MRPS2;CHCHD1;MRPL53;MRPL16;PTCD3;MRPL24;MRPL19;MRPL15;MRPS22;MRPS23;MRPL9;MRPL43;MRPL30;GFM1;MRPL46;MRPS26;MRPL1;MRPL20;MRPL57;MRPL52;MRPL36;MRPS7;MRPL3;MRPS10;MRPL49;MRPS27;MRPS5;MRPS17;MRPL14;MRPL54;MRPL4;MRPL23;MRPS11;MRPL45;AURKAIP1;MRPS6;MRPL48;ERAL1;OXA1L;MRPL38;MRPS15;MRPL13;MRPS33;MRPL11;MRPS24;MRPL17;MRPL34;MRPL58;MRPS9;MRPS18C;MRPL47;MRPL39;MRPL51;MRPS25;MRPL12;MRPL35"
"Mitochondrial Translation Initiation R-HSA-5368286",0.954529546690658,1,NA,-0.0915686311042211,-0.6443097484128,82,"MRPL10;MRPL33;MRPL41;MRPS21;MRPS18B;MRPS35;MRPS16;DLGAP3;MRPS18A;MRPS34;MRPS30;MRPL21;MRPL18;MRPS36;MRPL50;MRPL55;MRPS14;MRPL42;GADD45GIP1;MRPS2;CHCHD1;MRPL53;MRPL16;PTCD3;MRPL24;MRPL19;MRPL15;MRPS22;MTFMT;MRPS23;MRPL9;MRPL43;MRPL30;MRPL46;MRPS26;MRPL1;MRPL20;MRPL57;MRPL52;MRPL36;MTIF3;MRPS7;MRPL3;MRPS10;MRPL49;MRPS27;MRPS5;MRPS17;MRPL14;MRPL54;MRPL4;MRPL23;MRPS11;MRPL45;AURKAIP1;MRPS6;MRPL48;ERAL1;OXA1L;MRPL38;MRPS15;MRPL13;MRPS33;MRPL11;MRPS24;MRPL17;MRPL34;MRPL58;MTIF2;MRPS9;MRPS18C;MRPL47;MRPL39;MRPL51;MRPS25;MRPL12;MRPL35"
"Mitochondrial Translation R-HSA-5368287",0.832888601256679,1,NA,-0.0752092475838202,-0.547287963373666,88,"MRPL10;MRPL33;MRPL41;MRPS21;MRPS18B;MRPS35;TUFM;TSFM;MRPS16;DLGAP3;MRPS18A;MRPS34;MRPS30;MRPL21;MRPL18;MRPS36;MRPL50;MRPL55;MRPS14;MRPL42;GADD45GIP1;MRPS2;CHCHD1;MRPL53;MRPL16;PTCD3;MRPL24;MRPL19;MRPL15;MRPS22;MTFMT;MRPS23;MRPL9;MRPL43;MRPL30;GFM1;MRPL46;MRPS26;MRPL1;MRPL20;MRPL57;MRPL52;MRPL36;MTIF3;MRPS7;MRPL3;MRPS10;MRPL49;MRPS27;MRPS5;MRPS17;MRPL14;MRPL54;MRPL4;MRPL23;MRPS11;MTRF1L;MRRF;MRPL45;AURKAIP1;MRPS6;MRPL48;ERAL1;OXA1L;MRPL38;MRPS15;MRPL13;MRPS33;MRPL11;MRPS24;MRPL17;MRPL34;MRPL58;MTIF2;MRPS9;MRPS18C;MRPL47;MRPL39;MRPL51;MRPS25;MRPL12;MRPL35"
"Mitotic G1 Phase And G1/S Transition R-HSA-453279",0.929718875502008,1,0.0129839954274655,0.154625311974193,0.737899560191375,146,"E2F2;TK1;SLC25A15;CDKN2A;POLE2;POLE;MCM3;JAK2;POLR1B;CCNE2;TYMS;DBF4;CDT1;RBL1;CDC6;ORC5;ORC6;LIN37;MCM6;TOP2A;POLA2;MCM10;CDC25A;CDKN2B;HDAC1;PRIM1;PRIM2;MCM4;E2F5;PTK6;RB1;PSMD9;RRM2;FBXO5;RBL2;ORC3;MCM7;CCNE1;POLA1;E2F4;SLC25A2;PPP2R1B;CDK6;CCNB1;PSMB9;PSMD5;PPP2R3B;LIN9;TFDP1;E2F3;CKS1B;CDK4"
"Mitotic Spindle Checkpoint R-HSA-69618",0.910282258064516,1,0.0150298748621405,0.156443221519615,0.725159053111871,108,"SKA1;SGO2;CENPP;SPC25;PLK1;CENPH;MAD2L1;AURKB;SGO1;SPDL1;ERCC6L;CDC20;KIF2B;MAD1L1;CDCA8;CENPF;NUF2;CENPI;KNTC1;ZW10;B9D2;NUP37;MIS12;BUB1"
"MyD88 Deficiency (TLR2/4) R-HSA-5602498",0.842528735632184,1,0.0275885895800029,0.220231677064133,0.710355710079245,17,"TIRAP;CD36;FGG;TLR1;BTK;TLR2;TLR6;MYD88;FGB;TLR4;FGA;S100A8;S100A9"
"N-Glycan Antennae Elongation R-HSA-975577",0.928571428571429,1,0.111918316325105,-0.16084214613887,-0.692853222866652,15,"B4GALT5;ST3GAL4;MGAT5;B4GALT2;ST8SIA3;MGAT4A;B4GALT6;ST8SIA6;B4GALT3;MGAT4B;B4GALT4;ST6GAL1;ST8SIA2"
"NCAM1 Interactions R-HSA-419037",0.887700534759358,1,0.0207088406492443,0.172934035963725,0.680982518274948,37,"COL9A1;COL6A5;COL6A3;GFRA4;CACNA1H;COL4A5;GDNF;COL6A6;COL4A4;NRTN;ENTHD1;ST8SIA4;CACNA1S;CACNA1G;CACNA1D;ST8SIA2;CACNB1;COL6A2;COL6A1;PSPN;CACNA1C;ARTN;GFRA2;CACNB2"
"NEP/NS2 Interacts With Cellular Export Machinery R-HSA-168333",0.837310195227766,1,0.0248493879589072,0.191655695830433,0.740127531040281,34,"RNASE7;NUP210;PBRM1;NUP37;BLOC1S6;NUP85;NUP35;NUP58;NUP42;NDC1;NUP205;NUP153;NUP214;NUP107;NUP155;AAAS;NUP88;NUP188;NUP160;NUP133;NUP54"
"NGF-stimulated Transcription R-HSA-9031628",0.986096256684492,1,0.0133546284394486,0.125310863584163,0.498879251959498,39,"FOSB;FOSL1;TPH1;GDNF;ARC;RNASEH2A;ID4;ASCL1;REST;EGR2;CDK5"
"NOD1/2 Signaling Pathway R-HSA-168638",0.896216216216216,1,0.0207818350435559,0.170940828615022,0.655147422983481,33,"BIRC3;CASP1;TRAF6;CASP8;MAPK12;MAPK13;MAP2K6;IKBKB;CHUK;MAPK14;TNFAIP3;IKBKG;TAB1;CASP9;NOD2;CASP4;MAPK11;HOXC13;TAB3;IRAK2;RIPK2"
"NR1H3 And NR1H2 Regulate Gene Expression Linked To Cholesterol Transport And Efflux R-HSA-9029569",0.966773847802787,1,0.0151147394041638,0.138148423234373,0.541435119464401,36,"CETP;ABCA1;RXRB;AGO3;ABCG5;HDAC3;AGO4;ABCG8;TNRC6C;KDM1B;AGO2;APOC2;EEPD1;KDM4A;ARL4C;NR1H3;RXRA;KDM3A"
"NRAGE Signals Death Thru JNK R-HSA-193648",0.973572938689218,1,0.0134461833974729,0.144005240770235,0.606279555784182,57,"ARHGEF33;ARHGEF19;ARHGEF4;FGD4;PLEKHG2;ARHGEF38;GNA13;ARHGEF37;VAV3;TIAM1;ARHGEF6;ARHGEF10L;ECT2;ARHGEF40;NGF;AKAP13;ARHGEF39;ARHGEF16;BCL2L11;MCF2;VAV1;ARHGEF35;AATF;NGFR;TIAM2;BAD;ARHGEF26;ARHGEF5;ARHGEF18;ARHGEF10"
"Negative Epigenetic Regulation Of rRNA Expression R-HSA-5250941",0.97752808988764,1,0.00978249842757038,0.129643827367987,0.573236034518996,73,"POLR1F;H2BC1;DPEP2;POLR1B;SIN3A;TAF1A;TAF1C;DNMT1;SAP30BP;SUV39H1;H2BC9;HDAC1;H3C7;H2AC20;H2AC14;DNMT3B;H2BC21;H2BC15;H2AC4;POLR1G;ERCC2;H2BC17;H2BC13;POLR1D;H2AB1;H2BC11;BAZ2A;GTF2H5;H2BC14;GTF2H3;POLR1E;SAP30L;H2AX;POLR1H;H2AC7;TBP;SAP130;H2BC5;TAF1B;H2BC3;TAF1D;GTF2H4"
"Negative Regulators Of DDX58/IFIH1 Signaling R-HSA-936440",0.847567567567568,1,0.0240035948793451,0.188830851835146,0.723712684452848,33,"IRF3;NLRX1;TRIM25;ISG15;HERC5;RNF135"
"Netrin-1 Signaling R-HSA-373752",0.982142857142857,1,0.190023305279108,-0.100379099559566,-0.64368154280807,49,"WASL;CDC42;RNASE1;AGAP2;RGMA;TRIO;FYN"
"NoRC Negatively Regulates rRNA Expression R-HSA-427413",0.971223021582734,1,0.0111060331981493,0.136112419502541,0.596788868111145,70,"POLR1F;H2BC1;DPEP2;POLR1B;SIN3A;TAF1A;TAF1C;DNMT1;SAP30BP;H2BC9;HDAC1;H3C7;H2AC20;H2AC14;DNMT3B;H2BC21;H2BC15;H2AC4;POLR1G;ERCC2;H2BC17;H2BC13;POLR1D;H2AB1;H2BC11;BAZ2A;GTF2H5;H2BC14;GTF2H3;POLR1E;SAP30L;H2AX;POLR1H;H2AC7;TBP;SAP130;H2BC5;TAF1B;H2BC3;TAF1D;GTF2H4"
"Nonhomologous End-Joining (NHEJ) R-HSA-5693571",0.939618644067797,1,0.016356070983033,0.154443651317957,0.632558719195605,48,"ATM;MRE11;H2BC1;BRCC3;NHEJ1;POLM;RNF168;BARD1;H2BC9;LIG4;PAXIP1;RAD50;H2BC21;H2BC15;ABRAXAS1;H2BC17;H2BC13;TDP1;H3-4;H2BC11;POLL;XRCC4;TP53BP1;H2BC14;MDC1;H2AX;H2BC5;TDP2;ARTN"
"Nuclear Envelope Breakdown R-HSA-2980766",0.866807610993658,1,0.0214353576364558,0.175051432084651,0.727210424547796,52,"RNASE7;PLK1;NUP210;LPIN3;CNEP1R1;NUP37;CCNB2;NUP85;NUP35;NUP58;NUP42;CCNB1;NDC1;NUP205;VRK1;NUP153;NUP214;NUP107;CDK1;NUP155;AAAS;NUP88;LEMD2;NUP188;VRK2;NUP160;LMNB1;NUP133;NEK7;NUP54;NUP43;LEMD3;LPIN1;TMPO;LPIN2"
"Nuclear Import Of Rev Protein R-HSA-180746",0.921081081081081,1,0.0190794888813551,0.162134545741741,0.621396483683387,33,"RNASE7;NUP210;NUP37;NUP85;NUP35;NUP58;NUP42;NDC1;NUP205;RCC1;NUP153;NUP214;NUP107;NUP155;AAAS;NUP88;NUP188;NUP160;NUP133;NUP54"
"Other Interleukin Signaling R-HSA-449836",0.906077348066298,1,0.0214353576364558,0.184261718506067,0.649865841331474,24,"IL32;CASP3;CSF3R;CSF3;IL10RB;CSF1R;STXBP2;SDC1;CSF1;PRTN3;IL16;CD4;TXLNA;IFNLR1;STX3"
"Ovarian Tumor Domain Proteases R-HSA-5689896",0.894117647058824,1,0.0202691096367175,0.170821975071981,0.672665609826046,37,"TNIP3;RNF128;ESR1;TRIM25;RNF135;TRAF6;TP53;OTUB2;OTUD7A;RIPK1;YOD1;TNIP1;CDK1;TNFAIP3;IKBKG;IFIH1;ZRANB1;OTUD3;PROC;TNIP2;MAVS;TRIM4;NOD2"
"PERK Regulates Gene Expression R-HSA-381042",0.931818181818182,1,0.153158808683073,-0.111656218790933,-0.661949544558971,32,"NFYA;ASNS;ATF4;KHSRP;NFYC;EXOSC6;EXOSC3;DIS3;ATF3;ATF6;CCL2;HSPA5;EXOSC2;CEBPB;EXOSC7;CEBPG;HERPUD1;PARN;DDIT3;EIF2S1;DCP2;EIF2S2;CXCL8;EXOSC5;EXOSC4;NFYB"
"PI Metabolism R-HSA-1483255",0.998980632008155,1,0.00667841440698826,0.0952094897840287,0.42747213726276,82,"INPP5D;GDPD3;PIK3C2G;TNFAIP8;TPTE;PNPLA7;TNFAIP8L2;PIP5K1A"
"PKMTs Methylate Histone Lysines R-HSA-3214841",0.978791092258749,1,0.0132626420191661,0.132892508208565,0.542943194419963,47,"PRDM9;KMT5C;MECOM;SUV39H1;SUZ12;SETDB2;H3C7;EZH2;SETD1B;SETD6;RBBP5;SUV39H2;DOT1L;RELA;KMT2C;SETD2;KMT5A;SETDB1;EHMT1;KMT5B;ATF7IP;WDR5;EED;SMYD3;NSD1;PRDM16;AEBP2;KMT2A;H3C13;ASH2L;SETD3;NSD3;ASH1L;NFKB1;KMT2D;SMYD2"
"PPARA Activates Gene Expression R-HSA-1989781",0.987891019172553,1,0.00683906706351732,0.125112046399332,0.583415479411389,112,"APOA1;CD36;MBD4;MED18;ANKRD1;ABCA1;ESRRA;CPT2;NRF1;APOA5;RXRB;DAND5;MED27;MED23;HMGCS2;MED9;CREBBP;ABCB4;HDAC3;MED8;ANGPTL4;MED26;MED22;CDK19;NR1H4;ACSL1;NCOA3;TRIB3;HELZ2;SULT2A1;CYP1A1;PEX11A;PPARGC1A;LIN9;PPARG;AHRR;MUSK;MED31;MED7;MED4;NFYB;MED21;TIAM2;PPARA;GLIPR1;MED13;CLOCK;MED19;PLIN2;NR1H3;RXRA;AGXT;CYP7A1;NPAS2;MED10;MED20;MED28;CCNC;FAM120B;PPARGC1B;MED25;TBL1XR1;GRHL1;CPT1A;AHR;MED24;MED6;NCOR1;MED14;MED16;MED30;MED17;SLC27A1;CHD9;NR1D1;FHL2;G0S2"
"PRC2 Methylates Histones And DNA R-HSA-212300",0.935828877005348,1,0.0173129588067077,0.152953743226175,0.608929240630681,39,"H2BC1;DNMT1;SUZ12;H2BC9;H3C7;H2AC20;H2AC14;EZH2;DNMT3B;H2BC21;H2BC15;H2AC4;H2BC17;H2BC13;JARID2;PHF1;H2AB1;H2BC11;PHF19;H2BC14;H2AX;H2AC7;H2BC5;H2BC3;MTF2"
"Packaging Of Telomere Ends R-HSA-171306",0.95947426067908,1,0.0172342687658066,0.149545601801632,0.555167883259636,30,"H2BC1;POT1;H2BC9;H2AC20;H2AC14;H2BC21;H2BC15;H2AC4;H2BC17;H2BC13;H3-4;H2AB1;H2BC11;ACD;H2BC14;H2AX;H2AC7;H2BC5;TINF2;H2BC3;TERF2"
"Peroxisomal Protein Import R-HSA-9033241",0.970680628272251,1,0.0128901829648689,0.142096265211089,0.608077051301069,62,"BAAT;DECR2;AMACR;SYCP2;ACOT2;NANOS2;PEX12;PEX13;GNPAT;EPHX2;PEX14;EHHADH;ACOX2;NUDT7;HMGCL;PECR;TYSND1;DAO;GLYAT;CROT;CRAT;KRTAP11-1;IDH1;IDE;NUDT19;ACOX3;PHYH;ACOT4;PIPOX;AGXT;DDO;PEX2;ZNF260;HAO2;PEX6;HAO1;PEX7;UBE2D1;GSTK1;SLC27A2;PEX10;UBB;PAOX;MLYCD;USP9X;ACOX1"
"Phospholipid Metabolism R-HSA-1483257",0.954,1,0.0101263868834473,0.148830812912309,0.728604185400685,207,"INPP5D;PLBD1;GDPD3;PIK3C2G;GPAM;PLA2G1B;TNFAIP8;PLA2G2D;PLA2R1;PLA1A;PLA2G3;PLA2G4D;SLC44A3;TPTE;PLA2G2F;PLA2G2A;PNPLA7;TNFAIP8L2;SLC44A5;TMEM86B;BCHE;PIP5K1A;GPD1;PIP5K1B;LPIN3;PLB1;PLA2G4F;TPTE2;ACP6;PLA2G4E;LPCAT2;SH2D3C;GNPAT;PLEKHA8;ALPP;PLD2;PI4K2B;GPAT3;LIPI;CHEK2;SBF1;PITPNB;DGAT2L6;PLA2G4B;MTMR14;ABHD3;PHOSPHO1;MTMR1;PGS1;LIPH;PLAAT1;PLA2G6;TNFAIP8L1;DGAT2;PIK3R6;ENPP6;PLAAT5;PNPLA3;OSBPL5;PIKFYVE;PLAAT2;CHKA;STARD10;ETNK1;GPAT2;ETNK2;MBOAT1;ACHE;GPCPD1;CPNE1;PLAAT4;SELENOI;PIK3R5;PLD4;PLA2G4A;PCYT1B;SLC44A4;PIK3R3;PLA2G10;SBF2;MFSD2A;PLA2G15;TNFAIP8L3;INPP4B;INPP5J;INPP5E;GDPD5;CHPT1;PIK3CG;PIK3R4;RAB5A;ABHD4;MTMR12;AWAT2;MTMR6;LPCAT3;PLD6;MTMR7;PISD;LPCAT1;PCYT1A"
"Post-translational Protein Phosphorylation R-HSA-8957275",0.953488372093023,1,0.0113146012252547,0.142076040266608,0.65654320119985,105,"VWA1;STC2;APOA1;SERPINA10;NOTUM;FGG;APOB;SERPINC1;SGPP2;FGF23;MSLN;APOA5;AMBN;VCAN;BPIFB2;BMP4;AHSG;IGFBP3;MATN3;TRIM26;HRC;SDC2;SERPIND1;GPC3;LAMB1;PRSS23;FSTL1"
"Potassium Channels R-HSA-1296071",0.98685540950455,1,0.00730167173587984,0.125531419655822,0.580300879046585,102,"KCNK6;KCNQ1;GNGT2;KCNJ15;KCNH2;GNG11;GNG13;UBD;KCNJ14;KCNN4;KCNJ16;KCNK7;KCNA10;KCNG1;KCNS3;KCND1;KCNJ5;KCNJ1;KCNV2;KCNK3;KCNS2;KCNK2;KCNG4;KCNK17;KCNK16;KCNAB1;KCNG3;KCNA6;KCNJ12;KCNJ6;KCNK18;KCNJ11;KCNMB1;KCNA1;ABCC8;GNG8;KCNH4;GNB4;KCNJ8;HCN3;KCNA4;KCNK10"
"Pre-NOTCH Transcription And Translation R-HSA-1912408",0.859852476290833,1,0.0217240006200525,0.173700967868388,0.736578008004866,59,"H2BC1;AGO3;NOTCH3;CREBBP;H2BC9;MAML2;H3C7;H2AC20;AGO4;H2AC14;TP53;MAML3;H2BC21;NOTCH2;H2BC15;NOTCH4;H2AC4;TNRC6C;H2BC17;H2BC13;TFDP1;E2F3;AGO2;H2AB1;SIRT6;H2BC11"
"Presynaptic Function Of Kainate Receptors R-HSA-500657",0.913966480446927,1,0.0215798086475871,0.183411780960405,0.624932543771153,21,"GNGT2;GNG11;GNG13"
"Processive Synthesis On C-strand Of Telomere R-HSA-174414",0.939150401836969,1,0.0215798086475871,0.183769915240004,0.605122913438737,19,"POLR1B;POT1;POLD1;BLM;WRN;DNA2;LRIG1;POLD3;ACD;PCNA;TINF2;TERF2;POLD4"
"RAC3 GTPase Cycle R-HSA-9013423",0.942973523421589,1,0.0129839954274655,0.144136201167413,0.658517419889191,92,"IL32;DIAPH3;NOX3;DEPDC1B;SLC1A5;CAV1;ABL2;NCF1;NOXO1;DSG2;ARHGAP42;SYDE1;EPHA2;PAK4;BAIAP2L1;ARHGAP6;LBR;CYBB;NOX1;PKN1;NCF4;VANGL1;NCOA3;NHS;NCF2;GARRE1;TIAM1"
"RMTs Methylate Histone Arginines R-HSA-3214858",0.931034482758621,1,0.191892240384838,-0.112413486795656,-0.728719306705364,48,"H2AZ1;H4C15;ARID1A;H2AC6;SMARCA2;PRMT1;RPS2;RBBP7;SMARCB1;SMARCE1"
"RNA Polymerase I Promoter Clearance R-HSA-73854",1,1,NA,-0.0845088508686063,-0.595812592839263,73,"POLR2E;H3-3B;H2AZ1;MTA1;H4C15;POLR2F;H2AC6;MAPK3;GATAD2B;RBBP7;HDAC2"
"RNA Polymerase I Promoter Escape R-HSA-73772",0.994697773064687,1,0.0118236229287788,0.120309624821101,0.503959264694295,55,"POLR1F;H2BC1;POLR1B;TAF1A;TAF1C;H2BC9;H3C7;H2AC20;H2AC14;H2BC21;H2BC15;H2AC4;POLR1G;ERCC2;H2BC17;H2BC13;RRN3;POLR1D;H2AB1;H2BC11;GTF2H5;H2BC14;GTF2H3;POLR1E;H2AX;POLR1H;H2AC7;TBP;H2BC5;TAF1B;H2BC3;TAF1D;GTF2H4"
"RNA Polymerase I Promoter Opening R-HSA-73728",0.957189901207464,1,0.0175479783225763,0.147568253308898,0.544265256581187,29,"H2BC1;DPEP2;H2BC9;H3C7;H2AC20;H2AC14;H2BC21;H2BC15;H2AC4;H2BC17;H2BC13"
"RNA Polymerase I Transcription Initiation R-HSA-73762",1,1,0.0117231586093378,0.0815941067891007,0.330544740357289,44,"POLR1F;DPEP3;POLR1B;TAF1A;TAF1C"
"RNA Polymerase I Transcription R-HSA-73864",1,1,0.00651414071836222,0.0852457135493525,0.377448374216321,74,"POLR1F;DPEP3;H2BC1;DPEP2;POLR1B;TAF1A;CAVIN1;TAF1C;H2BC9;HDAC1;H3C7;H2AC20;H2AC14;H2BC21;H2BC15;H2AC4;POLR1G;ERCC2;H2BC17;H2BC13;RRN3;POLR1D;H2AB1;H2BC11;GTF2H5;H2BC14;GTF2H3;POLR1E;H2AX;POLR1H;H2AC7;TBP;H2BC5;TAF1B;MTA2;H2BC3;TAF1D;GTF2H4"
"RNA Polymerase I Transcription Termination R-HSA-73863",0.938529088913282,1,0.0188532541830902,0.15712061923967,0.579496553135101,29,"POLR1F;POLR1B;TAF1A;CAVIN1;TAF1C;POLR1G;ERCC2;POLR1D;GTF2H5;GTF2H3;POLR1E;POLR1H;TBP;TAF1B;TAF1D;GTF2H4;POLR2H;CCNH"
"RNA Polymerase III Abortive And Retractive Initiation R-HSA-749476",0.998930481283422,1,0.01221929569568,0.0994585233824085,0.395957639480212,39,"POLR3G;POU2F1;POLR3GL;BRF1;SNAPC5;ZNF143;POLR3D;SNAPC1;POLR3C;GTF3C4;POLR3A;POLR1D;GTF3C6;POLR3F;SNAPC2;BRF2;TBP;POLR3B;POLR3H;POLR2H;SNAPC3;CRCP;BDP1;NFIB;SSB;POLR3E;POLR3K;POLR2K;NFIA"
"RNA Polymerase III Chain Elongation R-HSA-73780",1,1,0.117249716749792,-0.113587939258643,-0.515561065558539,17,"POLR2E;POLR2F"
"RNA Polymerase III Transcription Initiation From Type 1 Promoter R-HSA-76061",1,1,0.0146874349112173,0.108784950281259,0.395483131366874,27,"POLR3G;POLR3GL;BRF1;POLR3D;POLR3C;GTF3C4;POLR3A;POLR1D;GTF3C6;POLR3F;TBP;POLR3B;POLR3H;POLR2H;CRCP;BDP1;POLR3E;POLR3K;POLR2K"
"RNA Polymerase III Transcription Initiation From Type 2 Promoter R-HSA-76066",0.998902305159166,1,0.0144273071264209,0.112497190701362,0.406159271863002,26,"POLR3G;POLR3GL;BRF1;POLR3D;POLR3C;GTF3C4;POLR3A;POLR1D;GTF3C6;POLR3F;TBP;POLR3B;POLR3H;POLR2H;CRCP;BDP1;POLR3E;POLR3K;POLR2K"
"RNA Polymerase III Transcription Initiation From Type 3 Promoter R-HSA-76071",0.945975744211687,1,0.018625883535806,0.161029403938989,0.585415654897842,27,"POLR3G;POU2F1;POLR3GL;SNAPC5;ZNF143;POLR3D;SNAPC1;POLR3C;POLR3A;POLR1D;POLR3F;SNAPC2;BRF2;TBP;POLR3B;POLR3H;POLR2H;SNAPC3;CRCP;BDP1"
"RNA Polymerase III Transcription Initiation R-HSA-76046",0.937634408602151,1,0.0175479783225763,0.157853263581912,0.613627617398023,35,"POLR3G;POU2F1;POLR3GL;BRF1;SNAPC5;ZNF143;POLR3D;SNAPC1;POLR3C;GTF3C4;POLR3A;POLR1D;GTF3C6;POLR3F;SNAPC2;BRF2;TBP;POLR3B;POLR3H;POLR2H;SNAPC3;CRCP;BDP1"
"RORA Activates Gene Expression R-HSA-1368082",1,1,0.0179363489740654,0.095041822798329,0.309573209717052,18,"MBD4;CREBBP;HELZ2;LIN9;PPARA;RXRA;TBL1XR1;CPT1A;CHD9;NCOA2;NCOA1;SMARCD3;NCOA6;TBL1X;RORA;CARM1"
"RUNX1 Regulates Genes Involved In Megakaryocyte Differentiation And Platelet Function R-HSA-8936459",0.923316062176166,1,0.0160304351647231,0.154976202355533,0.668907764639935,63,"H2BC1;ZFPM1;SIN3A;GP1BA;AGO3;H2BC9;HDAC1;H3C7;H2AC20;AGO4;H2AC14;SETD1B;H2BC21;H2BC15;GATA1;RBBP5;H2AC4;TNRC6C;H2BC17;H2BC13;ITGA2B;NR4A3;PF4;H2AB1;H2BC11;KMT2C"
"Receptor-type Tyrosine-Protein Phosphatases R-HSA-388844",0.871910112359551,1,0.024567800621605,0.204055171860709,0.686348252756512,20,"PPFIBP2;PPFIA1;IL1RAPL2;PTPRD;SLITRK3;PPFIA4;IL1RAP;SLITRK6;PPFIA3;SLITRK5;IL1RAPL1"
"Recognition Of DNA Damage By PCNA-containing Replication Complex R-HSA-110314",0.894621295279912,1,0.0217960026831818,0.178379098196265,0.657902655019479,29,"POLE2;POLE;POLR1B;SLC19A1;RFC4;POLD1;DTL;RFC3;CUL4A;POLD3;RFC5;POLE3;RFC2;RAD18;PCNA"
"Recruitment And ATM-mediated Phosphorylation Of Repair And Signal Proteins At DNA Double Strand Breaks R-HSA-5693565",0.98416050686378,1,0.0124136372369971,0.129873170208183,0.546178733888591,56,"ATM;MRE11;H2BC1;CNKSR3;BRCC3;EYA4;RNF168;EYA3;BARD1;H2BC9;CHEK2;TP53;RAD50;H2BC21;H2BC15;ABRAXAS1;H2BC17;H2BC13"
"Regulation Of FZD By Ubiquitination R-HSA-4641263",0.826636050516648,1,0.0285038599247822,0.223873565320443,0.737177377002642,19,"RSPO1;LGR6;RNF43;RSPO2;RSPO3;LRP5;RSPO4;LRP6;WNT3A;LGR4;LGR5;FZD8;FZD6;FZD4"
"Regulation Of Lipid Metabolism By PPARalpha R-HSA-400206",0.982862903225806,1,0.00745009291296373,0.129562111794378,0.605324173809216,114,"APOA1;CD36;MBD4;MED18;ANKRD1;ABCA1;SIN3A;ESRRA;CPT2;NRF1;APOA5;RXRB;DAND5;MED27;MED23;HMGCS2;MED9;CREBBP;ABCB4;HDAC3;MED8;ANGPTL4;MED26;MED22;CDK19;NR1H4;ACSL1;NCOA3;TRIB3;HELZ2;SULT2A1;CYP1A1;PEX11A;PPARGC1A;LIN9;PPARG;AHRR;MUSK;MED31;MED7;MED4;NFYB;MED21;TIAM2;PPARA;GLIPR1;MED13;CLOCK;MED19;PLIN2;NR1H3;RXRA;AGXT;CYP7A1;NPAS2;MED10;MED20;MED28;CCNC;FAM120B;PPARGC1B;MED25;TBL1XR1;GRHL1;CPT1A;AHR;MED24;MED6;NCOR1;MED14;MED16;MED30;MED17;SLC27A1;CHD9;NR1D1;FHL2;G0S2"
"Regulation Of NF-kappa B Signaling R-HSA-9758274",0.836781609195402,1,0.0279402790995263,0.223382711619752,0.720519349656801,17,"NLRX1;TANK;TRAF6;CASP8;TP53;IKBKB;CHUK;IKBKG;IKBIP;NLRC5;USP18;LRRC14"
"Regulation Of PTEN Gene Transcription R-HSA-8943724",0.996858638743455,1,0.0103504582782501,0.113695970267604,0.484592270759785,60,"DPEP3;MECOM;SNAI1;GDNF;RNF2;SUZ12;HDAC3;HDAC1;EZH2;RRAGD;TP53;SLC38A9;RPTOR;REST;PPARG;CBX8;RRAGC;SALL4;MTOR;SCMH1;RRAGB;SNAI2"
"Regulation Of Pyruvate Dehydrogenase (PDH) Complex R-HSA-204174",1,1,0.0181674946847152,0.123135701702627,0.390814870944598,16,"PDHA2;PLPP6;LDHD;PPARD;PDP2;GSTZ1;RXRA;PDK4;PDPR;PDHA1;PDK3"
"Regulation Of TNFR1 Signaling R-HSA-5357905",0.95,1,0.159646701919906,-0.118060149297963,-0.70146328402086,34,"CLIP3;RACK1;UBA52;RPS27A;MADD;FADD;CYLD;SPPL2A;USP4;USP25;CFLAR;UBB;BIRC2;TNFRSF1A;XIAP;OTUD7B;TRADD;TAX1BP1;TNF;SPPL2B;USP2;SHARPIN;IKBKG;TNFAIP3;TRAF1;OTULIN;CHUK;RIPK1;IKBKB"
"Regulation Of TP53 Activity R-HSA-5633007",0.948846539618857,1,0.0110006035430037,0.150551222251355,0.720168219199884,155,"TPX2;ATM;RMI2;TAF5;ING3;BRD1;CDKN2A;DPEP3;MRE11;TAF7L;POU4F2;TP73;TAF3;RMI1;AURKB;RBBP8;RHNO1;POLR1B;PLK3;RICTOR;SERPINA2;PRKAG3;TAF4;RFC4;PRKAB2;PRDM1;RAD9B;BARD1;BLM;HDAC1;PPP1R13B;WRN;CHEK2;MDM2;RFC3;DNA2;TP53;PPP1R13L;RAD50;BANP;PML;TOPBP1;RAD17;CHEK1"
"Regulation Of TP53 Activity Thru Acetylation R-HSA-6804758",0.88364434687157,1,0.0225128737259091,0.180680034703748,0.666389031801352,29,"ING3;BRD1;DPEP3"
"Regulation Of TP53 Activity Thru Methylation R-HSA-6804760",0.985005767012687,1,0.0189287891242153,0.16016006342166,0.521678387914942,18,"ATM;CHEK2;MDM2;TP53;SETD9;L3MBTL1"
"Regulation Of TP53 Degradation R-HSA-6804757",0.930555555555556,1,0.170932335370056,-0.11746325669334,-0.701805374400633,35,"PPP2CA;PPP2CB;PPP2R1A;UBA52;RPS27A"
"Regulation Of TP53 Expression And Degradation R-HSA-6806003",1,1,0.16823816568964,-0.108124234445311,-0.654480121847442,36,"PPP2CA;PPP2CB;PPP2R1A;UBA52;RPS27A"
"Removal Of Flap Intermediate From C-strand R-HSA-174437",0.96551724137931,1,0.019974159565129,0.171640088406508,0.553623886006931,17,"POLR1B;POT1;POLD1;WRN;DNA2;POLD3;ACD;PCNA;TINF2;TERF2;POLD4"
"Resolution Of Sister Chromatid Cohesion R-HSA-2500257",0.824064711830131,1,0.0217960026831818,0.174242181245837,0.805470709163053,104,"CDCA5;SKA1;SGO2;CENPP;SPC25;PLK1;CENPH;MAD2L1;AURKB;SGO1;SPDL1;ERCC6L;CDC20;KIF2B;MAD1L1;CDCA8;CENPF;NUF2;CENPI;KNTC1;ZW10;B9D2;NUP37;MIS12;BUB1"
"Response Of EIF2AK1 (HRI) To Heme Deficiency R-HSA-9648895",0.938679245283019,1,0.0231538258045259,0.19085670960576,0.593560536560472,15,"CHAC1;EIF2S3;TRIB3;EIF2S2;ATF5;EIF2S1;DDIT3;CEBPG;GRB10;CEBPB"
"S Phase R-HSA-69242",0.998998998998999,1,0.00250132493941571,0.117502420425623,0.563595089344682,160,"CDCA5;ESCO2;SLC25A15;POLE2;POLE;MCM3;POLR1B;CCNE2;CDT1;SLC19A1;CDC25B;CDC6;ORC5;ORC6;LIN37;MCM6;RFC4;POLA2;POLD1;CDC25A;PMEPA1;PRIM1;PRIM2;MCM4;E2F5;PTK6;RB1;RFC3;PSMD9;DNA2;ESCO1;GINS1;RBL2;ORC3;MCM7;CCNE1;POLA1;E2F4;SLC25A2;PSMB11;CDC23;PSMB9;LRIG1;PSMD5;LIN9;TFDP1;PSME4;CKS1B;PSMA8;UBE2C;CDK4;POLD3;ANAPC1;MCM8;RFC5;STAG2;ORC4;LIN52;LIN54;GINS2;PSMA6"
"SIRT1 Negatively Regulates rRNA Expression R-HSA-427359",0.932754880694143,1,0.0184736429135616,0.159236296441974,0.614931721318988,34,"H2BC1;TAF1A;TAF1C;SUV39H1;H2BC9;H3C7;H2AC20;H2AC14;H2BC21;H2BC15;H2AC4;H2BC17;H2BC13;H2AB1;H2BC11;H2BC14;H2AX;H2AC7;TBP;H2BC5;TAF1B;H2BC3;TAF1D"
"SMAD2/SMAD3:SMAD4 Heterotrimer Regulates Transcription R-HSA-2173796",0.938709677419355,1,0.0174698106128933,0.153820892260024,0.597952462190158,35,"TGIF2;RBL1;DAND5;CDKN2B;COL1A2;HDAC1;E2F5;RNASEH2A;RNF111;E2F4"
"SUMO E3 Ligases SUMOylate Target Proteins R-HSA-3108232",0.994,1,0.00382852089890286,0.121364471566614,0.58345629817802,166,"RNASE7;HIC1;PGR;TFAP2B;SMC6;MITF;ING3;CDKN2A;ESR1;HDAC4;AURKB;NUP210;SP100;NR5A1;SIN3A;CDCA8;TOP2A;AREG;TFAP2A;DNMT1;NUP37;RNF168;NSMCE4A;RNF2;SUZ12;CREBBP;BLM;VDR;PMEPA1;HDAC1;WRN;MDM2;SMC5;NR1H4;TP53;DNMT3B;PML;NUP85;NUP35;NUP58;NUP42;NSMCE2;UHRF2;PPARGC1A;ZNF131;TDG;TOPORS;NDC1;NUP205;NUP153;PPARG;IKBKE;RAD52;RELA;NUP214;NUP107;FOXL2;CBX8;STAG2;NSMCE3;NR2C1;ZBED1;IKBKG;NR1I2;NUP155;MRTFA;XRCC4;TP53BP1;SCMH1;NSMCE1;THRB;AAAS;NUP88;TFAP2C;PCNA;NR5A2;PPARA;MDC1;PCGF2"
"SUMOylation Of Chromatin Organization Proteins R-HSA-4551638",0.994697773064687,1,0.0118236229287788,0.122843378788134,0.51457278616476,55,"RNASE7;HDAC4;NUP210;NUP37;RNF2;SUZ12;HDAC1;NUP85;NUP35;NUP58;NUP42;NDC1;NUP205;NUP153;NUP214;NUP107;CBX8;ZBED1;NUP155;SCMH1;AAAS;NUP88;PCGF2;CBX2;NUP188;NUP160;NUP133;L3MBTL2;NUP54"
"SUMOylation Of DNA Replication Proteins R-HSA-4615885",0.952076677316294,1,0.0157837626630889,0.147521601147101,0.597622687068541,44,"RNASE7;AURKB;NUP210;CDCA8;TOP2A;NUP37;NUP85;NUP35;NUP58;NUP42;NDC1;NUP205;NUP153;NUP214;NUP107;NUP155;AAAS;NUP88;PCNA;NUP188;NUP160;NUP133;NUP54;AURKA;NUP43;SEC13;TOP1;INCENP;PIAS4;NUP50;UBE2I"
"SUMOylation Of Intracellular Receptors R-HSA-4090294",0.863885839736553,1,0.0237915888102658,0.186539776888631,0.68800109274429,29,"PGR;ESR1;HDAC4;NR5A1;AREG;VDR;NR1H4;PPARG;NR2C1;NR1I2;THRB;NR5A2;PPARA;NR1H3;RXRA"
"SUMOylation Of RNA Binding Proteins R-HSA-4570464",0.926595744680851,1,0.0176259777744384,0.158743238179657,0.644750956055034,45,"RNASE7;NUP210;NUP37;RNF2;NUP85;NUP35;NUP58;NUP42;NDC1;NUP205;NUP153;NUP214;NUP107;CBX8;NUP155;SCMH1;AAAS;NUP88;PCGF2;CBX2;NUP188;NUP160;NUP133;NUP54;NOP58;NUP43"
"SUMOylation R-HSA-2990846",0.995995995995996,1,0.00354273909070668,0.119527394417778,0.575496252474613,172,"RNASE7;HIC1;PGR;TFAP2B;SMC6;MITF;ING3;CDKN2A;ESR1;HDAC4;AURKB;NUP210;SP100;NR5A1;SIN3A;CDCA8;TOP2A;AREG;TFAP2A;DNMT1;NUP37;RNF168;NSMCE4A;SENP5;RNF2;SUZ12;CREBBP;BLM;VDR;PMEPA1;HDAC1;WRN;MDM2;SMC5;NR1H4;RWDD3;TP53;DNMT3B;PML;NUP85;NUP35;NUP58;NUP42;NSMCE2;UHRF2;PPARGC1A;ZNF131;TDG;TOPORS;NDC1;NUP205;NUP153;PPARG;IKBKE;RAD52;RELA;NUP214;NUP107;FOXL2;CBX8;STAG2;NSMCE3;NR2C1;ZBED1;IKBKG;NR1I2;NUP155;MRTFA;XRCC4;TP53BP1;SCMH1;NSMCE1;THRB;AAAS;NUP88;TFAP2C"
"Sialic Acid Metabolism R-HSA-4085001",0.816216216216216,1,0.0260437699289678,0.199362712994686,0.764077071087661,33,"NEU2;NANP;NPL;ST6GALNAC4;NEU4;ST6GALNAC2;ST3GAL1;ST8SIA4;NEU3;ST3GAL3;ST3GAL6;ST8SIA2;ST6GALNAC1;ST6GAL1;GLB1"
"Signaling By Activin R-HSA-1502540",0.9375,1,0.0232248320654428,0.192612255635125,0.59902024947965,15,"ACVR1C;INHBB;FOXH1;ACVR2B;INHBA;SMAD3"
"Signaling By Interleukins R-HSA-449147",1,1,0,0.122919044864905,0.624157399080871,447,"IL1RL2;IL32;CCR2;MMP2;INPP5D;IL5RA;MAPK7;IRF4;IL12A;IL13RA2;CCL5;TWIST1;AGER;CASP3;CNTF;IRAK4;IL12RB2;CD36;CD86;NLRX1;CCL20;NFKBIB;IL2RB;DUSP4;IL6R;IL10RA;TSLP;IL20RB;FASLG;GATA3;IL9R;CSF3R;TIFA;IL12B;POU2F1;PTAFR;JAK2;IL1A;IL20;CASP1;SOCS1;IRAK3;TANK;IL18;CSF3;NANOS2;IL36RN;IL15RA;CCL22;IL21R;ICAM1;RAG1;IL2RG;TRAF6;IL17RC;IL22;TGFB1;LBP;IL22RA2;CASP8;CCR5;IL10RB;CSF1R;LCK;GDNF;VAMP7;CXCL1;IL1RN;IL37;MMP3;IL11;RPS6KA3;IL36G;IL4R;CLCF1;OSMR;HIF1A;RORC;IL3RA;HMOX1;VCAM1;RAG2;IL20RA;COL1A2;CCL3;STAT5A;MAP3K8;STXBP2;IL33;H3C7;IL15;IL31RA;CD80;PTPN20;IL1RL1;IL7R;TEC;CSF2RB;F13A1;CTF1;PSMD9;SDC1;ANXA1;IL26;PTPN6;CA1;RNASEH2A;IL1F10;IL17RE;TP53;GSDMD;LCN2;FCER2;BATF;IL12RB1;SYK;CCR1;POMC;CCL11;IL27;CSF1;CRK;CISH;ALPK1;PSMB11;PTPN12;MMP9;CAPZA1;IL25;IL23R;CXCL10;MAP2K6;SERPINB2;PPP2R1B;PSMB9;PSMD5;IL31;PTPN2;PTGS2;IL18R1;IL1R1;IKBKB;IFNL3;IL1R2;VRK3;PSME4;IRS1;PRTN3;IL9;IL21;IL1B;PSMA8;IL17C;CXCL2;GSTA2;IL13;LYN;CHUK;IL2RA;IL22RA1;PELI2;IL16;MAPK14;RELA;VPS72;VAV1;ANXA2;MMP1;IFNG;MAP2K3;HSP90B1;ALOX15;PELI1;CNN2;IL17F;IL18RAP;CSF2RA;MYD88;IL36A;CSF2;TNFRSF1B;IL11RA;IKBKG;CD4;PSMA6;PIK3R3"
"Signaling By Non-Receptor Tyrosine Kinases R-HSA-9006927",0.994736842105263,1,0.0111060331981493,0.119115162421704,0.494403878087607,51,"SRMS;DOK1;BTC;PXDN;HIF1A;EGF;EREG;STAP2;PTK6;GPNMB;NRG4;CCNE1;ERBB2;CRK;PTPN1;CDK4;HBEGF;LRRK2"
"Signaling By PDGF R-HSA-186797",0.993657505285412,1,0.011622042518008,0.119733710734969,0.497405828557596,52,"COL9A1;COL6A5;COL6A3;PDGFB;COL4A5;PDGFA"
"Signaling By SCF-KIT R-HSA-1433557",0.865671641791045,1,0.184706471207739,-0.132702103872192,-0.806403318566756,42,"GRB2;PIK3R1;RNASE1;CMA1;STAT3"
"Sphingolipid Metabolism R-HSA-428157",0.840978593272171,1,0.0210730272985761,0.171784987233904,0.778397779877849,87,"NEU2;SPHK1;ACER1;ACER2;SFTPA2;ENPP7;SPTLC3;SGPP2;NAT8;CERS3;NEU4;ARSD;ARSJ;ARSB;SGMS2;ALDH3B1;SPTSSA;ESYT3;GLTP;SPTLC1;NEU3;ARSH;DEGS2;SPTSSB;STS;PRKD1;SMPD2;PRKD2;SMPD3;ORMDL2;GLB1;ARSL;HEXB;GLB1L;GBA3;GBA2;ARSK;GM2A;CSNK1G2"
"Syndecan Interactions R-HSA-3000170",0.930337078651685,1,0.0208547494438027,0.178580976667228,0.600664713339245,20,"TGFB1;VTN;ITGB5;SDC2;SDC1;ITGB3;TNNI3;THBS1;ITGA2;ITGA6"
"Synthesis Of PIPs At Plasma Membrane R-HSA-1660499",0.980769230769231,1,0.197822021315103,-0.114067814395797,-0.731524523184826,51,"PIK3R1;CLSTN1;SYNJ1;PIP4K2A;RAB14;RAB4A;PIP4K2C;PIK3CB;PLEKHA1;INPP5K;PIP4K2B;INPPL1;PLEKHA5;PIP5K1C;OCRL;PIK3C2B;MTMR2;PLEKHA4;PIK3R2;SYNJ2;PI4K2A;PLEKHA6;PTEN;MTMR9;PIK3C2A;PIK3CA;PLEKHA3;MTMR3;MTM1;PTPN13;PLEKHA2;BMX;RUFY1;INPP4A;MTMR6;RAB5A;PIK3CG;INPP5J;INPP4B;SBF2;PIK3R3;PIK3R5"
"Synthesis Of Prostaglandins (PG) And Thromboxanes (TX) R-HSA-2162123",0.831367924528302,1,0.0295645497308931,0.237810645121749,0.739586333694174,15,"PTGES;HPGD;CYP8B1;PTGS1;PTGIS;PTGS2;TBXAS1"
"Synthesis Of Very Long-Chain Fatty acyl-CoAs R-HSA-75876",0.940331491712707,1,0.0191546578437244,0.170799812649897,0.602387543364461,24,"HACD1;SLC27A3;ACSBG2;ELOVL3;ACSL1;HACD4;ACSBG1"
"Synthesis, Secretion, And Inactivation Of Glucagon-like Peptide-1 (GLP-1) R-HSA-381771",0.948603351955307,1,0.0193046440642709,0.167853087305425,0.571919951272191,21,"GCG;GNG13;CDX2;PCSK1;PAX6;UCMA;DPP4;TCF7L2;GNAT3;LEP"
"TICAM1, RIP1-mediated IKK Complex Recruitment R-HSA-168927",0.859259259259259,1,0.126253987849115,-0.154420385045401,-0.728977349215962,18,"UBE2D2;UBA52;RPS27A;UBE2V1;UBE2N;UBE2D3;UBB;BIRC2;TICAM1;UBE2D1;RIPK3;TLR3;IKBKG;CHUK;RIPK1;IKBKB"
"TNF Signaling R-HSA-75893",0.890625,1,0.186432558434075,-0.126611825357561,-0.777627559524796,43,"CLIP3;RACK1;UBA52;RPS27A;MADD;MAP3K7;FADD;CYLD;SPPL2A;USP4;USP25;CFLAR;BAG4;NSMAF;UBB;BIRC2;TAB2;TNFRSF1A;XIAP;OTUD7B;TRADD;TAX1BP1;TAB3;TNF;SPPL2B;USP2;TAB1;SHARPIN;IKBKG;SMPD3;TNFAIP3;SMPD2;TRAF1;OTULIN;CHUK;RIPK1;IKBKB"
"TNFR1-induced NFkappaB Signaling Pathway R-HSA-5357956",0.941822173435785,1,0.018625883535806,0.160883626482919,0.5808534078015,26,"BIRC3;RNF31;TANK;RBCK1;IKBKB;RIPK1;CHUK;TRAF1;TNFAIP3;IKBKG;SHARPIN;TAB1;USP2;TNF;TAB3;TRADD;OTUD7B;XIAP;TNFRSF1A;TAB2;BIRC2"
"TP53 Regulates Transcription Of Additional Cell Cycle Genes With Uncertain Roles In P53 Pathway R-HSA-6804115",0.983240223463687,1,0.0169176756264572,0.148054725399182,0.504461685484775,21,"CDC25C;PLK3;TP53;CNOT11;CNOT2;PLAGL1;RGCC;CENPJ;CNOT10"
"TP53 Regulates Transcription Of Cell Cycle Genes R-HSA-6791312",0.828752642706131,1,0.0240035948793451,0.184319971945001,0.757764806667296,49,"BAX;CDC25C;E2F7;PLK3;CCNE2;RBL1;ARID3A;REXO2;E2F8;TP53;RBL2;CCNE1;E2F4;CNOT11;CCNB1;TFDP1;CNOT2;CDK1;PLAGL1;RGCC;PCNA;CENPJ;CCNA1;CNOT10"
"TP53 Regulates Transcription Of DNA Repair Genes R-HSA-6796648",0.897959183673469,1,0.213927855492356,-0.113905092727167,-0.779082241352284,61,"POLR2E;POLR2A;ELOB;POLR2I;SSRP1"
"Transcriptional Activation Of Mitochondrial Biogenesis R-HSA-2151201",0.930232558139535,1,0.0169176756264572,0.15559722694393,0.64639245801564,52,"TWNK;MBD4;PERM1;ESRRA;NRF1;GLUD2;GDNF;PPRC1;CREBBP;HDAC3;TFB2M;GABPA;CRTC2;HCFC1;TFAM;HELZ2;PPARGC1A;LIN9;POLG2"
"Transcriptional Activity Of SMAD2/SMAD3:SMAD4 Heterotrimer R-HSA-2173793",0.993677555321391,1,0.0113146012252547,0.111166345379526,0.459452566435807,50,"ATP1B4;TGIF2;RBL1;DAND5;SMURF2;CDKN2B;COL1A2;HDAC1;E2F5;RNASEH2A;RNF111"
"Transcriptional Regulation By RUNX1 R-HSA-8878171",1,1,0.00204130030921835,0.0976656111984538,0.476874145263489,199,"GPAM;OCLN;H2BC1;CR1;TP73;GATA3;ESR1;ZFPM1;SIN3A;SERPINB13;CTSK;GP1BA;FOXP3;AGO3;RUNX2;PBRM1;MYB;PAX5;TCF7L1;SMARCD2;BLK;RNF2;CREBBP;H2BC9;CLDN5;HDAC1;KCTD6;H3C7;H2AC20;AGO4;SOCS4;PSMD9;RYBP;H2AC14;SETD1B;SMARCD1;PML;H2BC21;H2BC15;GATA1;RBBP5;H2AC4;TNRC6C;PSMB11;H2BC17;CDK6;PSMB9;PSMD5;H2BC13;SPI1;RSPO3;PSME4;PSMA8;YAP1;TJP1;ITGA2B;IL2RA;NR4A3;IFNG;CBX8;AGO2;PCGF5;PF4;CTLA4;CSF2;H2AB1;H2BC11;PSMA6;KMT2C"
"Transcriptional Regulation By Small RNAs R-HSA-5578749",0.862068965517241,1,0.287857117255149,-0.121476144828416,-0.890572213278675,72,"POLR2E;POLR2A;H3-3B;RAN;H2AZ1;POLR2I;H4C15;POLR2F"
"Transcriptional Regulation By VENTX R-HSA-8853884",0.981818181818182,1,0.0137183520206939,0.129427251065394,0.515267139239779,39,"CDKN2A;AGO3;CSF1R;AGO4;TP53;TNRC6C;CDC23;UBE2C;VENTX;RELA;ANAPC1;TCF7L2"
"Transcriptional Regulation Of Granulopoiesis R-HSA-9616222",0.925026399155227,1,0.0172342687658066,0.158746124509362,0.667603302169802,56,"IL6R;H2BC1;CSF3R;CEBPE;MYB;KLF5;GFI1;H2BC9;H3C7;H2AC20;CEBPA;H2AC14;PML;H2BC21;H2BC15;H2AC4;H2BC17;H2BC13;SPI1;TFDP1;CDK4"
"Transport Of Mature mRNA Derived From An Intronless Transcript R-HSA-159231",0.939297124600639,1,0.0167582341026205,0.150576133120795,0.606489135313978,41,"RNASE7;NUP210;NUP37;CPSF3;NUP85;NUP35;NUP58;NUP42;NDC1;NUP205;NUP153;NUP214;NUP107;NUP155;AAAS;NUP88;CPSF4;NUP188;NUP160;NUP133;NUP54;NUP43;NCBP1"
"Transport Of Mature mRNAs Derived From Intronless Transcripts R-HSA-159234",0.951871657754011,1,0.0161121851693944,0.143914440417722,0.580078778756627,42,"RNASE7;NUP210;NUP37;CPSF3;NUP85;NUP35;NUP58;NUP42;NDC1;NUP205;NUP153;NUP214;NUP107;NUP155;AAAS;NUP88;CPSF4;NUP188;NUP160;NUP133;NUP54;NUP43;NCBP1;SLBP;SEC13;NXF1;ALYREF;NUP50"
"Transport Of SLBP Dependant Mature mRNA R-HSA-159230",0.889247311827957,1,0.0209275853209046,0.1738820773578,0.675936894912015,35,"RNASE7;NUP210;NUP37;NUP85;NUP35;NUP58;NUP42;NDC1;NUP205;NUP153;NUP214;NUP107;NUP155;AAAS;NUP88;NUP188;NUP160;NUP133;NUP54;NUP43;NCBP1;SLBP;SEC13;NXF1;ALYREF;NUP50"
"Transport Of SLBP Independent Mature mRNA R-HSA-159227",0.893709327548807,1,0.0211456362513594,0.172667350087891,0.666799173163555,34,"RNASE7;NUP210;NUP37;NUP85;NUP35;NUP58;NUP42;NDC1;NUP205;NUP153;NUP214;NUP107;NUP155;AAAS;NUP88;NUP188;NUP160;NUP133;NUP54;NUP43;NCBP1;SEC13;NXF1;ALYREF;NUP50"
"Transport Of Vitamins, Nucleosides, And Related Molecules R-HSA-425397",0.909381663113006,1,0.0190041999938594,0.163970750867353,0.662666072272311,43,"SLCO1B1;SLC28A1;LCN15;NLRP3;SLC35A2;SLC28A3;SLC16A2;SLC35B4;SLCO4A1;SLCO2A1;SLC29A1;SLCO1B3;SLCO1C1;SLC35C1;SLC28A2;LCN9;SLC35B3;SLC35A3;LCN12;SLC27A6;SLC5A6;SLC35D1;SLC33A1;SLC35D2;LCN1;SLC29A4;SLCO2B1;SLC35A1;SLC29A2"
"Tristetraprolin (TTP, ZFP36) Binds And Destabilizes mRNA R-HSA-450513",0.985057471264368,1,0.0187018035626708,0.152266632859197,0.49113494274746,17,"EXOSC8;EXOSC1;EXOSC9;MAPKAPK2;EXOSC4;EXOSC5;DCP2;DCP1A;TNPO1;XRN1;EXOSC7;EXOSC2"
"VEGFR2 Mediated Vascular Permeability R-HSA-5218920",0.863157894736842,1,0.153158808683073,-0.130633275762393,-0.724744011137434,27,"CALM1;HSP90AA1;RNASE1"
"Viral Messenger RNA Synthesis R-HSA-168325",0.998933901918977,1,0.0119234526278759,0.104105105724304,0.423748314479619,46,"RNASE7;POLR2D;NUP210;GTF2F2;PBRM1;NUP37;BLOC1S6;NUP85;NUP35;NUP58;NUP42;NDC1;NUP205;NUP153;NUP214;NUP107;NUP155;AAAS;NUP88;POLR2B;NUP188;NUP160;NUP133;NUP54;NUP43;POLR2H"
"Vitamin B5 (Pantothenate) Metabolism R-HSA-199220",0.903448275862069,1,0.0238622865877092,0.200336797666841,0.646184917895298,17,"PPCDC;ENPP3;VNN2;SLC25A16;PANK1;VNN1;PANK2;ENPP1;SLC5A6;COASY;PANK4"
"Voltage Gated Potassium Channels R-HSA-1296072",0.966950959488273,1,0.0146874349112173,0.140398818849623,0.567403231043418,43,"KCNQ1;KCNH2;KCNA10;KCNG1;KCNS3;KCND1;KCNV2;KCNS2;KCNG4;KCNAB1;KCNG3;KCNA6;KCNA1;KCNH4;KCNA4;KCNB2;KCNH7;KCNA5;KCNV1;KCNQ4;KCNC3;KCNH5;KCNF1"
"Vpr-mediated Nuclear Import Of PICs R-HSA-180910",0.863340563991323,1,0.0231538258045259,0.183857151815167,0.710011456990312,34,"RNASE7;NUP210;NUP37;NUP85;NUP35;NUP58;NUP42;NDC1;NUP205;NUP153;NUP214;NUP107;NUP155;AAAS;NUP88;NUP188;NUP160;NUP133;NUP54;KPNA1;NUP43"
"VxPx Cargo-Targeting To Cilium R-HSA-5620916",0.995530726256983,1,0.0160304351647231,0.121663474763239,0.414539700610845,21,"RAB3IP;CNGA4;RHO;EXOC1;CNGA2;PRKD2;CNGB1;RAB11FIP3;RAB8A;ARF4;EXOC6;ASAP1;EXOC8"
"WNT Ligand Biogenesis And Trafficking R-HSA-3238698",0.961580680570801,1,0.0172342687658066,0.15193364458104,0.548540439719442,26,"WNT4;WNT7B;WNT6;WNT8B;WNT9B;WNT5A;WNT9A;WNT16;WNT3A;TMED5;WNT2;VPS26A;WNT1;WNT5B;WNT8A"
"cGMP Effects R-HSA-418457",0.837264150943396,1,0.0292103127923884,0.236761175905661,0.736322505493993,15,"PDE10A;PRKG2;PDE5A;PRKG1;PDE9A"
"tRNA Aminoacylation R-HSA-379724",0.888888888888889,1,0.188204146308491,-0.124045590772029,-0.758835461489836,41,"SARS1;DTD1;PPA1;AARS1"
"Antigen Processing: Ubiquitination And Proteasome Degradation R-HSA-983168",NA,NA,NA,-0.0980218185978085,NA,303,"PSMB7;UBE2V2;SKP1;WSB1;PJA2;PSMC5;HUWE1;FBXW7;TRIM9;RBX1;PSMD8;ELOB;PSMB6;FBXW11;UBE2L3;BTBD6;UBE2K;STUB1;PSMA1;UBA1;SEM1;ANAPC11;PSMD14;TRIP12;PSMD7;UBE2D2;UBE2Z;MGRN1;PSMD2;FBXL5;UBA52;UBE2E1;FBXL16;RNF130;PSMD3;ZBTB16;RPS27A;CUL1;FBXL19;FBXO21;ARIH2;RNF220;FBXW4;UBE2B;UBE3C;FBXL3;FBXO41"
"Apoptosis R-HSA-109581",NA,NA,NA,-0.209875926369688,NA,176,"YWHAE;PSMB7;HMGB1;ADD1;YWHAH;YWHAQ;PSMC5;PPP3R1;SPTAN1;MAPT;YWHAG;YWHAB;PSMD8;SATB1;PSMB6;FASN;CYCS;PLEC;NDUFA2;PSMA1;H1-4;DYNLL1;SEM1;DYNLL2;BCAP31;STAT3;PSMD14;PSMD7;SEPTIN4;PSMD2;UBA52;APPL1;PSMD3;CTNNB1;MAPK1;RPS27A;MAPK3;YWHAZ;KPNB1;STK24"
"Asparagine N-linked Glycosylation R-HSA-446203",NA,NA,NA,-0.134405884373961,NA,279,"DYNC1H1;MARCHF6;ARF5;CALR;RAD23B;ARF3;CANX;VCP;SPTAN1;CHGA;ACTR10;PDIA3;AMFR;COPA;DYNC1I2;ST3GAL2;CMAS;SPTBN2;DYNLL1;DYNC1LI2;NSF;DCTN1;B4GALT5;DYNLL2;ANK3;OS9;CTSZ;CAPZB;UBA52;DAD1;RAB1A;DCTN3;GRIA1;COPE;EGFL7;DDOST;MVD;TRAPPC3;DPM3;RPS27A;ALG5;TUSC3;SPTBN4;MIA3;KDELR1;CTSA;SPTBN1;PPP6C"
"Autophagy R-HSA-9612973",NA,NA,NA,-0.335412899459561,NA,125,"GABARAPL2;DYNC1H1;HSP90AB1;SQSTM1;TOMM7;GABARAP;GABARAPL1;VCP;WIPI1;TOMM20;LAMP2;PINK1;ULK1;DYNC1I2;RRAGA;GFAP;HSP90AA1;RNASE1;PARK7;MAP1LC3A;HSPA8;VPS28;DYNLL1;DYNC1LI2;VDAC1;DYNLL2;ATG9A;ATG12;CHMP4B;UBA52;WIPI2;ATG13;CSNK2B;TOMM5"
"Beta-catenin Independent WNT Signaling R-HSA-3858494",NA,NA,NA,-0.251626003168348,NA,141,"PSMB7;CLTC;CLTA;GNAO1;CLTB;AP2M1;PSMC5;PPP3R1;RHOA;PFN1;CALM1;GNG7;PSMD8;GNB1;PSMB6;PLCB1;PRKCB;AP2A1;RNASE1;PSMA1;SEM1;AP2B1;AP2S1;PSMD14;PPP3CB;PSMD7;PSMD2;UBA52;GNB2;PSMD3;CTNNB1;RPS27A;CAMK2A;GNG2"
"C-type Lectin Receptors (CLRs) R-HSA-5621481",NA,NA,NA,-0.138554237676703,NA,138,"PSMB7;SKP1;PSMC5;PPP3R1;AHCYL1;PRKACB;CALM1;PSMD8;PSMB6;FBXW11;PSMA1;SEM1;PSMD14;PPP3CB;PSMD7;UBE2D2;PSMD2;UBA52;PSMD3;FYN;RPS27A;CUL1"
"Cap-dependent Translation Initiation R-HSA-72737",NA,NA,NA,-0.657763882664985,NA,115,"RPL23;EIF4H;RPL18;RPL36;RPL27;EIF3C;FAU;RPLP2;RPLP1;RPS12;EIF3K;RSL24D1;EIF3A;RPS15;RPL15;RPS14;RPS3;PABPC1;EIF1AX;EIF4A2;RPS6;RPS17;RPS16;RPL35A;RPL9;RPS20;RPL38;RPL29;RPL28;EIF4A1;RPS19;RPLP0;RPS21;RPS25;RPS29;RPL19;EIF4B;RPL8;RPS7;RPS9;RPL41;RPL31;RPL26;RPL39;EIF3G;RPL37;RPS8;UBA52;RPS5;RPL37A;RPL5;RPS13;RPL27A;RPL18A;RPS23;RPL30;RPS27;RPS27A;EIF4G1;RPS11;RPL4;RPL22;RPL14;RPL34;RPS2;RPS4Y1;EIF3J;RPL7A"
"Cardiac Conduction R-HSA-5576891",NA,NA,NA,-0.15148871327138,NA,125,"ATP1B1;ATP2B4;ASPH;ATP2A2;KCNK4;ATP2B1;ATP1A3;AHCYL1;CALM1;SCN8A;CAMK2D;CACNG7;CAMK2G;SRI;SLC8A2;ATP1B2;SLC8A1;KCNK1;ATP1A2;SCN1B;CAMK2A;FXYD7;SCN2A;FGF12"
"Cellular Response To Chemical Stress R-HSA-9711123",NA,NA,NA,-0.278949881513563,NA,180,"COX8A;COX6C;PRDX1;PSMB7;COX4I1;PRDX2;SKP1;PRDX5;COX5B;COX6B1;COX6A1;SQSTM1;VCP;PSMC5;RBX1;COX7C;TALDO1;PSMD8;SOD1;PSMB6;GSTP1;COX7B;ATOX1;CYCS;PSMA1;GPX1;GCLC;SEM1;GSK3B;STAT3;PSMD14;NCOR2;PSMD7;PSMD2;UBA52;CSNK2B;COX14;PSMD3;FABP1;RPS27A;CUL1"
"Cellular Response To Starvation R-HSA-9711097",NA,NA,NA,-0.502264186255634,NA,151,"RPL23;ATP6V0C;ATP6V1B2;ATP6V0E2;RPL18;RPL36;RPL27;FAU;ATP6V1F;RPLP2;RPLP1;RPS12;RSL24D1;RPS15;RPL15;ATP6V0B;RPS14;ATP6V1E1;RPS3;RPS6;RPS17;RPS16;RRAGA;RPL35A;RPL9;ATP6V0D1;RPS20;ATP6V1A;RPL38;ATP6V1G2;RPL29;RPL28;RPS19;RPLP0;RPS21;RPS25;RPS29;RPL19;RPL8;RPS7;RPS9;RPL41;RPL31;RPL26;RPL39;FNIP2;ATP6V1H;RPL37;RPS8;UBA52;RPS5;RPL37A;RPL5;RPS13;RPL27A;RPL18A;RPS23;RPL30;ATP6V1G1;RPS27;RPS27A;ASNS;RPS11;RPL4;RPL22;RPL14;RPL34;LAMTOR1;RPS2;RPS4Y1;RPL7A;ATF4"
"Cellular Senescence R-HSA-2559583",NA,NA,NA,-0.0892442524431814,NA,160,"TERF2IP;H3-3B;CDKN1B;H2AZ1;MAP2K7;CDKN2D;IGFBP7;MAPK10;CBX6;MAP2K4;H1-4;H4C15;ANAPC11;MINK1;STAT3;CBX4;UBA52;UBE2E1;H2AC6;MAPK1;RPS27A;MAPK3;TNIK"
"Citric Acid (TCA) Cycle And Respiratory Electron Transport R-HSA-1428517",NA,NA,NA,-0.519210952658827,NA,159,"COX8A;COX6C;ATP5MC2;ATP5F1B;ATP5F1A;ATP5MC3;UQCRB;NDUFA1;UQCRC1;NDUFB8;COX4I1;LDHB;NDUFS5;NDUFA13;COX5B;COX6B1;ATP5ME;UQCRQ;NDUFV2;TMEM126B;BSG;COX6A1;ATP5F1D;NDUFB2;ATP5PO;NDUFAB1;ACAD9;NDUFB6;MPC2;UQCR11;UQCRC2;SDHB;MDH2;ATP5PF;COX7C;CCNI;NDUFV1;NDUFA10;PDHX;NDUFS4;NDUFB10;NDUFB4;ATP5MC1;ATP5PB;ATP5MF;COX7B;CYCS;NDUFA2;COA1;IDH2;VDAC1;NDUFS2;IDH3G;SDHA;NDUFAF3;ATP5F1C;NDUFS6;TRAP1;NDUFA12;PDHB;COX14;NDUFA11;NDUFB3;NDUFA5;NDUFS8;IDH3A;UQCR10;IDH3B;ACO2;COX16;UQCRFS1;LDHA;SLC16A1;NDUFB1;NDUFC1;NDUFS7"
"Class I MHC Mediated Antigen Processing And Presentation R-HSA-983169",NA,NA,NA,-0.105452116495182,NA,374,"PSMB7;UBE2V2;CALR;HMGB1;SKP1;WSB1;HLA-B;CANX;PJA2;PSMC5;HUWE1;FBXW7;TRIM9;RBX1;S100A1;PDIA3;PSMD8;ELOB;PSMB6;B2M;FBXW11;UBE2L3;BTBD6;ITGAV;UBE2K;SEC61G;STUB1;NDUFA2;PSMA1;UBA1;SEM1;ANAPC11;PSMD14;TRIP12;PSMD7;UBE2D2;UBE2Z;MGRN1;PSMD2;FBXL5;UBA52;UBE2E1;FBXL16;RNF130;PSMD3;ZBTB16;RPS27A;CUL1;FBXL19;FBXO21;ARIH2;RNF220;FBXW4;UBE2B;UBE3C;FBXL3;FBXO41"
"Clathrin-mediated Endocytosis R-HSA-8856828",NA,NA,NA,-0.323883920635628,NA,139,"GRB2;VAMP2;DNAJC6;CLTC;CLTA;CLTB;CTTN;AP2M1;NEDD8;ARPC5;DNM1;ARPC2;WASL;EPN1;SYT1;PACSIN1;DNM2;ACTR3;ACTR2;AP2A1;TF;HSPA8;AMPH;AP2B1;SYNJ1;EPS15;AP2S1;BIN1;RAB5C;UBQLN2;UBA52;GPS1;ARPC1A;TGOLN2;GRK2;RPS27A;ARRB1;TFRC;SCARB2;DNM3;GAK;SNAP91;PICALM;REPS2"
"DNA Replication Pre-Initiation R-HSA-69002",NA,NA,NA,-0.107591002498672,NA,123,"PSMB7;H3-3B;PSMC5;H2AZ1;PSMD8;PSMB6;PSMA1;H4C15;SEM1;ANAPC11;PSMD14;PSMD7;PSMD2;UBA52;UBE2E1;H2AC6;PSMD3;RPS27A;KPNB1"
"DNA Replication R-HSA-69306",NA,NA,NA,-0.0972892495009337,NA,151,"PSMB7;SKP1;H3-3B;PSMC5;RBX1;H2AZ1;PSMD8;PSMB6;PSMA1;H4C15;SEM1;ANAPC11;PSMD14;PSMD7;PSMD2;UBA52;UBE2E1;H2AC6;PSMD3;RPS27A;CUL1;KPNB1"
"Death Receptor Signaling R-HSA-73887",NA,NA,NA,-0.166365607288499,NA,138,"YWHAE;RTN4;BEX3;SQSTM1;CLIP3;RACK1;RHOA;PSENEN;MAG;ARHGEF2;NGEF;FASN;RASGRF2;RNASE1;ARHGDIA;ABR;PREX1;OBSCN"
"Deubiquitination R-HSA-5688426",NA,NA,NA,-0.0987926631274822,NA,260,"JOSD2;PSMB7;UCHL1;RAD23B;FKBP8;USP22;VCP;NEDD8;PSMC5;RHOA;TOMM20;RAD23A;VDAC2;PSMD8;PSMB6;USP11;PSMA1;SEM1;VDAC1;PSMD14;YY1;PSMD7;BABAM2;USP5;PSMD2;UBA52;MAT2B;H2AC6;PSMD3;RPS27A;ARRB1"
"Diseases Of Signal Transduction By Growth Factor Receptors And Second Messengers R-HSA-5663202",NA,NA,NA,-0.162525457348577,NA,421,"PEBP1;GRB2;PSMB7;PIK3R1;CLTC;SKP1;CLSTN1;PPP1CB;PPP2CA;GSK3A;POLR2E;SQSTM1;POLR2A;PRKAR1A;KLC1;CDC37;TPM3;VCP;CDKN1B;PSMC5;FBXW7;PPP2CB;RBX1;PSENEN;QKI;CALM1;RPS6;YWHAB;CAMK2D;PSMD8;POLR2I;PSMB6;PPP1CC;PAPSS1;HSP90AA1;RNASE1;SND1;MAP2K1;PSMA1;SEM1;CAMK2G;PPM1B;DCTN1;NPM1;ERLEC1;POLR2F;NCBP2;GSK3B;STAT3;PSMD14;NCOR2;OS9;RPS6KB2;PSMD7;PPP2R1A;PSMD2;PPP2R5D;PPP2R5B;UBA52;PSMD3;CTNNB1;FYN;MAPK1;RPS27A;ARRB1;CUL1;CAMK2A;MAPK3;MECP2;MPRIP;SPTBN1;FAM131B;FXR1"
"ER To Golgi Anterograde Transport R-HSA-199977",NA,NA,NA,-0.170586416508203,NA,133,"DYNC1H1;ARF5;ARF3;SPTAN1;ACTR10;COPA;DYNC1I2;SPTBN2;DYNLL1;DYNC1LI2;NSF;DCTN1;DYNLL2;ANK3;CTSZ;CAPZB;RAB1A;DCTN3;GRIA1;COPE;TRAPPC3;SPTBN4;MIA3;KDELR1;SPTBN1;PPP6C;PPP6R1;SERPINA1;DCTN5;RAB1B;STX5;NAPG;YKT6"
"ESR-mediated Signaling R-HSA-8939211",NA,NA,NA,-0.13786325946855,NA,185,"PRKCZ;PIK3R1;HSP90AB1;POLR2E;GNAI1;POLR2A;H3-3B;GNAI2;CDKN1B;DDX5;USF2;CALM1;GNG7;H2AZ1;POLR2I;GNB1;HSP90AA1;H4C15;SMC1A;POLR2F;YY1;KDM4B;GNB2;H2AC6;MAPK1;GNG2;MAPK3;PRMT1;CXXC5;GNG3;XPO1;KAT5;PTGES3;CBFB;PPID"
"Fc Epsilon Receptor (FCERI) Signaling R-HSA-2454202",NA,NA,NA,-0.258147922827685,NA,129,"GRB2;PSMB7;PIK3R1;SKP1;PSMC5;PPP3R1;AHCYL1;CALM1;PSMD8;MAP2K7;PSMB6;FBXW11;MAPK10;RNASE1;MAP2K4;PSMA1;SEM1;PSMD14;PPP3CB;PSMD7;UBE2D2;PSMD2;UBA52;PSMD3;FYN;MAPK1;RPS27A;CUL1;MAPK3"
"G2/M Transition R-HSA-69275",NA,NA,NA,-0.228159099536715,NA,179,"YWHAE;TUBB4B;DYNC1H1;TUBB4A;PSMB7;HSP90AB1;SKP1;PPP1CB;PPP2CA;PSMC5;TUBA4A;PPP2CB;RBX1;YWHAG;OPTN;PSMD8;DYNC1I2;PSMB6;FBXW11;CSNK1E;HSP90AA1;PSMA1;DYNLL1;SEM1;DCTN1;PSMD14;PSMD7;PPP2R1A;PSMD2;PAFAH1B1;UBA52;DCTN3;PRKAR2B;PSMD3;SSNA1;CDK11A;RPS27A;CUL1"
"GTP Hydrolysis And Joining Of 60S Ribosomal Subunit R-HSA-72706",NA,NA,NA,-0.69380977661261,NA,108,"RPL23;EIF4H;RPL18;RPL36;RPL27;EIF3C;FAU;RPLP2;RPLP1;RPS12;EIF3K;RSL24D1;EIF3A;RPS15;RPL15;RPS14;RPS3;EIF1AX;EIF4A2;RPS6;RPS17;RPS16;RPL35A;RPL9;RPS20;RPL38;RPL29;RPL28;EIF4A1;RPS19;RPLP0;RPS21;RPS25;RPS29;RPL19;EIF4B;RPL8;RPS7;RPS9;RPL41;RPL31;RPL26;RPL39;EIF3G;RPL37;RPS8;UBA52;RPS5;RPL37A;RPL5;RPS13;RPL27A;RPL18A;RPS23;RPL30;RPS27;RPS27A;EIF4G1;RPS11;RPL4;RPL22;RPL14;RPL34;RPS2;RPS4Y1;EIF3J;RPL7A"
"HCMV Infection R-HSA-9609646",NA,NA,NA,-0.101893672535919,NA,116,"DYNC1H1;HNRNPK;DYNC1I2;RNASE1;VPS28;H4C15;HSD17B4;DYNLL1;DYNC1LI2;DYNLL2;NCOR2;CHMP4B;H2AC6;RBBP7;TRIM28;VPS36;RANBP2;H2BC4;CHMP1A;DYNC1I1;TARBP1;TPR;CEBPD;GPS2;H2AC21;CHMP6;POM121C;DUT;PCSK2;ITGB1;CD46;TXN2;SNF8;RBBP4;TBL1X;CHMP7;MVB12B;SEH1L;CREB1;NUP62;UBAP1;NFKB1;VPS4A;NUP93;VPS37D;H3C13;NUP98;H2AC19;VPS37B;NUP50;VPS25;DAXX;KCNH8;TSG101;SEC13;H2AC1;NCOR1;CHMP2B;EGFR;EED;NUP43;TBL1XR1;VPS37C;H2BC3;NUP54;NUP133;NUP160;NUP188;H2BC5;H2AC7;CBX1;NUP88;AAAS;H2BC14;H2AC11;NUP155;H2BC11;RRM1;NUP107;NUP214;H2AC12;DYNC1LI1;MVB12A;NUP153;TRMU;IRS1;NUP205;H2BC18;NDC1;H2BC13;H2BC17;H2AC4;NUP42;H2BC15;H2BC21;NUP58;NUP35;USH2A;NUP85;PML;EZH2;H2AC14;CHMP2A;H2AC20;H3C7;HDAC3;H2BC9;PCSK1;SUZ12;VPS37A;NUP37"
"HIV Infection R-HSA-162906",NA,NA,NA,-0.214636029832174,NA,224,"PPIA;PSMB7;SKP1;POLR2E;XRCC6;POLR2A;AP2M1;SLC25A5;RAN;PSMC5;RBX1;SLC25A6;PSMD8;ELOB;POLR2I;SSRP1;PSMB6;B2M;AP2A1;RNASE1;VPS28;PSMA1;VTA1;SEM1;AP2B1;CXCR4;AP2S1;PSIP1;NPM1;POLR2F;NCBP2;PSMD14;RANGAP1;ATP6V1H;PSMD7;TAF6;PSMD2;CHMP4B;UBA52;TAF15;RANBP1;PSMD3;BANF1;FYN;RPS27A"
"HIV Life Cycle R-HSA-162587",NA,NA,NA,-0.135444799756987,NA,144,"PPIA;POLR2E;XRCC6;POLR2A;RAN;ELOB;POLR2I;SSRP1;VPS28;VTA1;CXCR4;PSIP1;POLR2F;NCBP2;RANGAP1;TAF6;CHMP4B;UBA52;TAF15;RANBP1;BANF1;RPS27A"
"Host Interactions Of HIV Factors R-HSA-162909",NA,NA,NA,-0.293571026838323,NA,128,"PPIA;PSMB7;SKP1;AP2M1;SLC25A5;RAN;PSMC5;RBX1;SLC25A6;PSMD8;ELOB;PSMB6;B2M;AP2A1;RNASE1;PSMA1;SEM1;AP2B1;AP2S1;PSIP1;NPM1;PSMD14;RANGAP1;ATP6V1H;PSMD7;PSMD2;UBA52;RANBP1;PSMD3;BANF1;FYN;RPS27A;KPNB1;XPO1;PSMB1;PSMC4;PSMD4;CDK9;PSMB5;HLA-A;RANBP2;AP1M1;PSME1"
"Influenza Infection R-HSA-168255",NA,NA,NA,-0.475553101657666,NA,155,"RPL23;CLTC;CALR;CLTA;RPL18;RPL36;RPL27;POLR2E;CANX;POLR2A;FAU;RPLP2;RAN;RPLP1;RPS12;RSL24D1;RPS15;RPL15;RPS14;RPS3;RPS6;RPS17;RPS16;SLC25A6;POLR2I;RPL35A;RPL9;RPS20;RPL38;RPL29;HSP90AA1;RPL28;RPS19;PARP1;RPLP0;RPS21;RPS25;RPS29;RPL19;RPL8;RPS7;RPS9;RPL41;POLR2F;RPL31;RPL26;RPL39;RPL37;RPS8;UBA52;RPS5;RPL37A;RPL5;RPS13;RPL27A;KPNA3;RPL18A;RPS23;RPL30;RPS27;RPS27A;RPS11;RPL4;RPL22;KPNB1;RPL14;RPL34;RPS2;RPS4Y1;XPO1;RPL7A"
"Influenza Viral RNA Transcription And Replication R-HSA-168273",NA,NA,NA,-0.479200958415617,NA,135,"RPL23;RPL18;RPL36;RPL27;POLR2E;POLR2A;FAU;RPLP2;RPLP1;RPS12;RSL24D1;RPS15;RPL15;RPS14;RPS3;RPS6;RPS17;RPS16;POLR2I;RPL35A;RPL9;RPS20;RPL38;RPL29;HSP90AA1;RPL28;RPS19;PARP1;RPLP0;RPS21;RPS25;RPS29;RPL19;RPL8;RPS7;RPS9;RPL41;POLR2F;RPL31;RPL26;RPL39;RPL37;RPS8;UBA52;RPS5;RPL37A;RPL5;RPS13;RPL27A;RPL18A;RPS23;RPL30;RPS27;RPS27A;RPS11;RPL4;RPL22;RPL14;RPL34;RPS2;RPS4Y1;RPL7A"
"Interleukin-1 Family Signaling R-HSA-446652",NA,NA,NA,-0.153417423977159,NA,151,"APP;PSMB7;HMGB1;SKP1;SQSTM1;PSMC5;RBX1;S100B;PSMD8;PSMB6;FBXW11;MAP2K4;MAP2K1;PSMA1;TOLLIP;SEM1;SAA2;STAT3;PSMD14;PSMD7;PSMD2;UBA52;PSMD3;RPS27A;CUL1"
"Intra-Golgi And Retrograde Golgi-to-ER Traffic R-HSA-6811442",NA,NA,NA,-0.16140929091897,NA,178,"DYNC1H1;PAFAH1B2;ARF5;ARF3;KIF1A;KIF5C;KLC1;ACTR10;COPA;DYNC1I2;RAB6B;RAB39A;KIF21A;DYNLL1;DYNC1LI2;NSF;DCTN1;DYNLL2;KIF5A;CAPZB;KIF1B;KIFC2;UBE2Z;PAFAH1B1;RAB1A;DCTN3;TMF1;COPE;TGOLN2;BICD1;VPS53;KDELR1;RAB6A;KIF3A"
"Intracellular Signaling By Second Messengers R-HSA-9006925",NA,NA,NA,-0.136761615509105,NA,304,"GRB2;PSMB7;PIK3R1;CLSTN1;PPP2CA;GSK3A;PRKAR1A;CDKN1B;PSMC5;AHCYL1;PPP2CB;PRKACB;CALM1;CAMK2D;PSMD8;RRAGA;PSMB6;MTA1;RNASE1;CBX6;CAMKK2;STUB1;PSMA1;SEM1;CAMK2G;PRKAR1B;ADCY1;GSK3B;PSMD14;CBX4;RPS6KB2;PSMD7;PPP2R1A;PIP4K2A;PSMD2;PPP2R5D;PPP2R5B;UBA52;CSNK2B;PRKAR2B;CAMK4;PSMD3;GRK2;FYN;MAPK1;PREX2;RPS27A;CAMK2A;MAPK3;GATAD2B;LAMTOR1"
"Ion Channel Transport R-HSA-983712",NA,NA,NA,-0.192890971501868,NA,173,"ATP1B1;ATP6AP1;ATP2B4;ATP6V0C;ATP6V0A1;ATP8A1;TTYH1;ASPH;ATP6V1B2;ATP6V0E2;ATP2A2;ATP6V1F;TTYH3;ATP2B1;ATP1A3;ATP6V0B;ATP6V1E1;CALM1;CAMK2D;ATP6V0D1;ATP6V1A;ATP9A;ATP6V1G2;CAMK2G;SRI;ATP1B2;ATP6V1H;CLCN3;NALCN;ATP2C1;UBA52;TTYH2;ATP6V1G1;ATP1A2;RPS27A;CAMK2A;FXYD7"
"M Phase R-HSA-68886",NA,NA,NA,-0.153068947811141,NA,369,"TUBA1C;YWHAE;TUBB4B;DYNC1H1;TUBB4A;PSMB7;ENSA;RAB2A;TUBB2B;PPP2CA;H3-3B;RAN;PSMC5;NUMA1;TUBA4A;TUBB2A;PPP2CB;YWHAG;H2AZ1;BUB3;PSMD8;DYNC1I2;PSMB6;PPP1CC;PRKCB;CSNK1E;HSP90AA1;PSMA1;H4C15;SMC1A;DYNLL1;SIRT2;SEM1;DYNC1LI2;ANAPC11;BIRC5;DCTN1;DYNLL2;PSMD14;RANGAP1;RCC2;PSMD7;PPP2R1A;TAOK1;PSMD2;PPP2R5D;PAFAH1B1;PPP2R5B;CHMP4B;UBA52;RAB1A;DCTN3;UBE2E1;TUBA3D;CSNK2B;PRKAR2B;H2AC6;PSMD3;ARPP19;BANF1;SSNA1;CENPT;MAPK1;CTDNEP1;RPS27;RPS27A"
"MAPK Family Signaling Cascades R-HSA-5683057",NA,NA,NA,-0.1472739217077,NA,314,"PEBP1;NCAM1;GRB2;PSMB7;PIK3R1;PPP1CB;PPP2CA;SEPTIN7;ARL2;PSMC5;SPTAN1;PPP2CB;RBX1;PTPRA;PRKACB;PEA15;CALM1;YWHAB;CAMK2D;PSMD8;RALGDS;PSMB6;PPP1CC;CDC42;RASGRF2;RNASE1;MAP2K1;PSMA1;DLG1;SPTBN2;SEM1;CAMK2G;PSMD14;RASGRF1;GRIN2B;RASA3;PSMD7;PPP2R1A;PSMD2;PPP2R5D;PPP2R5B;LLGL1;UBA52;PSMD3;RANBP9;FYN;MAPK1;RAPGEF2;RPS27A;ARRB1;CAMK2A;MAPK3;SPTBN4"
"MAPK1/MAPK3 Signaling R-HSA-5684996",NA,NA,NA,-0.157376428229328,NA,273,"PEBP1;NCAM1;GRB2;PSMB7;PIK3R1;PPP1CB;PPP2CA;ARL2;PSMC5;SPTAN1;PPP2CB;RBX1;PTPRA;PEA15;CALM1;YWHAB;CAMK2D;PSMD8;RALGDS;PSMB6;PPP1CC;RASGRF2;MAP2K1;PSMA1;DLG1;SPTBN2;SEM1;CAMK2G;PSMD14;RASGRF1;GRIN2B;RASA3;PSMD7;PPP2R1A;PSMD2;PPP2R5D;PPP2R5B;LLGL1;UBA52;PSMD3;RANBP9;FYN;MAPK1;RAPGEF2;RPS27A;ARRB1;CAMK2A;MAPK3;SPTBN4"
"Major Pathway Of rRNA Processing In Nucleolus And Cytosol R-HSA-6791226",NA,NA,NA,-0.315586859709162,NA,177,"RPL23;RPL18;RPL36;RPL27;FAU;RPLP2;RPLP1;RPS12;RSL24D1;RPS15;RPL15;RPS14;RPS3;RPS6;RPS17;RPS16;RPL35A;RPL9;RPS20;CSNK1E;RPL38;RPL29;RPL28;RPS19;RPLP0;RPS21;EBNA1BP2;RPS25;RPS29;RPL19;RPL8;RPS7;RPS9;DNAJC5;RPL41;RPL31;PNO1;RPL26;RPL39;RPL37;RPS8;UBA52;RPS5;RPL37A;RPL5;RPS13;RPL27A;RPL18A;RPS23;RPL30;RPS27;RPS27A;SENP3;RPS11;RPL4;RPL22;RPL14;RPL34;RPS2;RPS4Y1;RPL7A;LAS1L"
"Metabolism Of Amino Acids And Derivatives R-HSA-71291",NA,NA,NA,-0.239393831921008,NA,361,"SERINC1;OAT;GLUL;RPL23;PSMB7;CKB;RPL18;RPL36;RPL27;NDUFAB1;OAZ1;FAU;RPLP2;RPLP1;SARS1;PSMC5;RPS12;RSL24D1;ECHS1;CHGA;RPS15;RPL15;RPS14;RPS3;SERINC3;SLC36A4;RPS6;RPS17;RPS16;PDHX;PSMD8;PSMB6;RPL35A;RPL9;PAPSS1;GLUD1;RPS20;RPL38;RPL29;RPL28;RPS19;RPLP0;RPS21;QDPR;AZIN1;RPS25;RPS29;RPL19;PSAT1;PSMA1;NAT8L;RPL8;OAZ2;RPS7;SEM1;RPS9;ENOPH1;DBT;ALDH9A1;SBDS;RPL41;PSMD14;RPL31;RPL26;RPL39;RPL37;PSMD7;RPS8;PSMD2;UBA52;RPS5;SLC38A1;RPL37A;PDHB;RPL5;RPS13;RPL27A;PSMD3;SLC6A8;RPL18A;RPS23;RPL30;RPS27;RPS27A;ASNS;RPS11;RPL4;RPL22;RPL14;RPL34;GATM"
"Mitotic Anaphase R-HSA-68882",NA,NA,NA,-0.186189808374085,NA,224,"TUBA1C;TUBB4B;DYNC1H1;TUBB4A;PSMB7;TUBB2B;PPP2CA;RAN;PSMC5;TUBA4A;TUBB2A;PPP2CB;BUB3;PSMD8;DYNC1I2;PSMB6;PPP1CC;PSMA1;SMC1A;DYNLL1;SIRT2;SEM1;DYNC1LI2;ANAPC11;BIRC5;DYNLL2;PSMD14;RANGAP1;RCC2;PSMD7;PPP2R1A;TAOK1;PSMD2;PPP2R5D;PAFAH1B1;PPP2R5B;CHMP4B;UBA52;UBE2E1;TUBA3D;PSMD3;BANF1;CENPT;RPS27;RPS27A"
"Mitotic G2-G2/M Phases R-HSA-453274",NA,NA,NA,-0.224983537917515,NA,181,"YWHAE;TUBB4B;DYNC1H1;TUBB4A;PSMB7;HSP90AB1;SKP1;PPP1CB;PPP2CA;PSMC5;TUBA4A;PPP2CB;RBX1;YWHAG;OPTN;PSMD8;DYNC1I2;PSMB6;FBXW11;CSNK1E;HSP90AA1;PSMA1;DYNLL1;SEM1;DCTN1;PSMD14;PSMD7;PPP2R1A;PSMD2;PAFAH1B1;UBA52;DCTN3;PRKAR2B;PSMD3;SSNA1;CDK11A;RPS27A;CUL1"
"Mitotic Metaphase And Anaphase R-HSA-2555396",NA,NA,NA,-0.184589748514526,NA,225,"TUBA1C;TUBB4B;DYNC1H1;TUBB4A;PSMB7;TUBB2B;PPP2CA;RAN;PSMC5;TUBA4A;TUBB2A;PPP2CB;BUB3;PSMD8;DYNC1I2;PSMB6;PPP1CC;PSMA1;SMC1A;DYNLL1;SIRT2;SEM1;DYNC1LI2;ANAPC11;BIRC5;DYNLL2;PSMD14;RANGAP1;RCC2;PSMD7;PPP2R1A;TAOK1;PSMD2;PPP2R5D;PAFAH1B1;PPP2R5B;CHMP4B;UBA52;UBE2E1;TUBA3D;PSMD3;BANF1;CENPT;RPS27;RPS27A"
"Mitotic Prometaphase R-HSA-68877",NA,NA,NA,-0.13991706523577,NA,183,"YWHAE;TUBB4B;DYNC1H1;TUBB4A;PPP2CA;NUMA1;TUBA4A;PPP2CB;YWHAG;BUB3;DYNC1I2;PPP1CC;CSNK1E;HSP90AA1;SMC1A;DYNLL1;DYNC1LI2;BIRC5;DCTN1;DYNLL2;RANGAP1;RCC2;PPP2R1A;TAOK1;PPP2R5D;PAFAH1B1;PPP2R5B;DCTN3;CSNK2B;PRKAR2B;SSNA1;CENPT;RPS27"
"Mitotic Prophase R-HSA-68875",NA,NA,NA,-0.125010228103671,NA,108,"ENSA;RAB2A;PPP2CA;H3-3B;NUMA1;PPP2CB;H2AZ1;PRKCB;H4C15;PPP2R1A;RAB1A;H2AC6;ARPP19;BANF1;MAPK1;CTDNEP1;MAPK3;PRKCA;RAB1B;RANBP2;H2BC4;TPR;H2AJ;POM121C;NCAPD3;PPP2R2D;USO1;SEH1L;NEK6;NUP62;NUP93;LMNA;NEK9;GORASP2;H3C13;NUP98;H2AC19;H2AZ2;EMD;NUP50;SET;SEC13;LPIN2;TMPO;GOLGA2;LPIN1;LEMD3;NUP43;H2BC3;NUP54;NEK7;NUP133;LMNB1;NUP160;VRK2;NUP188;H2BC5;H2AC7;H2AX;LEMD2;KMT5A;NUP88;AAAS;NCAPH2;H2BC14;PHF8;NUP155;RAB33B;H2BC11;H2AB1;BLZF1;H3-4;GORASP1;CDK1;SMC4;MCPH1;NUP107;NUP214;NUP153;VRK1;NUP205;NDC1;H2BC13;CCNB1;PPP2R1B;H2BC17;H2AC4;NUP42;H2BC15;H2BC21;NUP58;NUP35;NUP85;NCAPG2;H2AC14;CCNB2;MASTL;RB1;H2AC20;H3C7"
"Muscle Contraction R-HSA-397014",NA,NA,NA,-0.126761611886948,NA,194,"ATP1B1;MYL12B;ATP2B4;ASPH;ATP2A2;KCNK4;TPM3;ATP2B1;ATP1A3;MYL6B;AHCYL1;ALDH2;CALM1;SCN8A;TMOD2;CAMK2D;MYL6;CACNG7;CAMK2G;SRI;SLC8A2;ATP1B2;SLC8A1"
"Neddylation R-HSA-8951664",NA,NA,NA,-0.112563249914596,NA,234,"PSMB7;SKP1;WSB1;SQSTM1;VCP;NEDD8;PSMC5;FBXW7;DDB1;RBX1;PSMD8;ELOB;PSMB6;FBXW11;BTBD6;PSMA1;SEM1;BIRC5;PSMD14;PSMD7;UBE2D2;PSMD2;FBXL5;UBA52;GPS1;FBXL16;PSMD3;ZBTB16;RPS27A;CUL1;FEM1C;FBXL19;FBXO21;DCAF8;FBXW4;FBXL3;FBXO41;RBBP7;PSMB1;UBA3;PSMC4;PSMD4;CAND1;PSMB5"
"Neuronal System R-HSA-112316",NA,NA,NA,-0.189662999209814,NA,386,"VAMP2;GLUL;SNAP25;RTN3;TSPAN7;GRIA2;RAB3A;GNAI1;STXBP1;SYN1;PRKAR1A;GNAI2;ARL6IP5;AP2M1;KCNK4;TSPOAP1;KCNQ3;NPTN;ALDH2;SYT1;PRKACB;MAPT;CALM1;GNG7;SLC1A3;DLGAP4;NRGN;CAMK2D;GABBR2;SYN2;GNB1;GIT1;KCNC2;PLCB1;PRKCB;AP2A1;RASGRF2;PTPRS;RNASE1;CAMKK2;FLOT1;HSPA8;DLG1;KCNMB4;GABRA1;CAMK2G;NSF;AP2B1;PRKAR1B;EPB41L1;AP2S1;ADCY1;DNAJC5;GABRB2;STX1A;RASGRF1;GRIN2B;DLGAP1;GABRB3;LLGL1;LRRC4B;GRIA1;SLC38A1;KCNK1;SLC17A7;PRKAR2B;CAMK4;GNB2;NRXN1;GRIK5;MAPK1;HCN2;CAMK2A;APBA2;GNG2;MAPK3;NRXN2;KCNMA1;PDLIM5;PPFIA2;CPLX1;GNG3;NEFL"
"Neurotransmitter Receptors And Postsynaptic Signal Transmission R-HSA-112314",NA,NA,NA,-0.223313691612328,NA,182,"TSPAN7;GRIA2;GNAI1;PRKAR1A;GNAI2;AP2M1;NPTN;PRKACB;MAPT;CALM1;GNG7;NRGN;CAMK2D;GABBR2;GNB1;GIT1;PLCB1;PRKCB;AP2A1;RASGRF2;RNASE1;CAMKK2;DLG1;GABRA1;CAMK2G;NSF;AP2B1;PRKAR1B;EPB41L1;AP2S1;ADCY1;GABRB2;RASGRF1;GRIN2B;GABRB3;LLGL1;GRIA1;PRKAR2B;CAMK4;GNB2;GRIK5;MAPK1;CAMK2A;GNG2;MAPK3"
"Neutrophil Degranulation R-HSA-6798695",NA,NA,NA,-0.184073668672423,NA,458,"ATP6AP2;TUBB4B;DYNC1H1;PPIA;CTSB;PAFAH1B2;PSMB7;ATP6V0C;ATP6V0A1;ATP8A1;RAB7A;PKM;HSP90AB1;SNAP25;HMGB1;TMEM30A;PRDX5;CD63;ALDOC;RAB3A;CD47;SRP14;LAMP1;HLA-B;XRCC6;YPEL5;SVIP;VCP;HUWE1;ARPC5;SIRPA;CST3;SPTAN1;RHOA;PDXK;LAMP2;ACTR10;FTH1;DDX3X;ACTR2;ITM2C;B2M;TIMP2;GSTP1;HSP90AA1;DPP7;ITGAV;RNASE1;NFASC;HSPA8;SLC2A5;NDUFA2;TOLLIP;DYNLL1;PTPRN2;PTPRJ;DNAJC5;RAB5C;NME2;DEGS1;PSMD14;PGAM4;CTSZ;PSMD7;RCAN1;RAB3D;GDI2;PSMD2;CCT2;RAB14;PFKL;CSNK2B;EGFL7;DDOST;PSMD3"
"Organelle Biogenesis And Maintenance R-HSA-1852241",NA,NA,NA,-0.147856418130071,NA,274,"YWHAE;TUBB4B;ATP5MC2;DYNC1H1;ATP5F1B;ATP5F1A;TUBB4A;ATP5MC3;ATP5ME;ATP5F1D;ATP5PO;TUBA4A;ATP5PF;DYNLRB1;CALM1;YWHAG;MARK4;HSPA9;DYNC1I2;GLUD1;ATP5MC1;ATP5PB;ATP5MF;CSNK1E;HSP90AA1;CYCS;IDH2;DYNLL1;DCTN1;DYNLL2;MEF2C;PPP2R1A;ATP5F1C;PAFAH1B1;CCT2;DCTN3;PRKAR2B;CAMK4;SSNA1;RAB11A;BBS2;MEF2D"
"PIP3 Activates AKT Signaling R-HSA-1257604",NA,NA,NA,-0.103106400318038,NA,266,"GRB2;PSMB7;PIK3R1;CLSTN1;PPP2CA;GSK3A;CDKN1B;PSMC5;PPP2CB;PSMD8;RRAGA;PSMB6;MTA1;RNASE1;CBX6;STUB1;PSMA1;SEM1;GSK3B;PSMD14;CBX4;RPS6KB2;PSMD7;PPP2R1A;PIP4K2A;PSMD2;PPP2R5D;PPP2R5B;UBA52;CSNK2B;PSMD3;FYN;MAPK1;PREX2;RPS27A;MAPK3;GATAD2B;LAMTOR1"
"PTEN Regulation R-HSA-6807070",NA,NA,NA,-0.165703966227413,NA,137,"PSMB7;PSMC5;PSMD8;RRAGA;PSMB6;MTA1;CBX6;STUB1;PSMA1;SEM1;PSMD14;CBX4;PSMD7;PSMD2;UBA52;CSNK2B;PSMD3;MAPK1;PREX2;RPS27A;MAPK3;GATAD2B;LAMTOR1;RBBP7;HDAC2;PSMB1;PSMC4;PSMD4;HDAC5;PSMB5;PSME1;LAMTOR2;PHC2;PSMC1;RING1;PSMB2;TNRC6B;USP7"
"Platelet Activation, Signaling And Aggregation R-HSA-76002",NA,NA,NA,-0.164598392298162,NA,253,"APP;PPIA;GRB2;TMX3;PRKCZ;PIK3R1;AAMP;CD63;GNAI1;APLP2;CLU;GNAI2;HABP4;RHOA;TMSB4X;TUBA4A;LAMP2;PFN1;CALM1;GNG7;SOD1;GNB1;DGKZ;PRKCB;CDC42;TF;GP6;RNASE1;SCG3;FAM3C;ENDOD1;CD9;GNAQ;CYRIB;SELENOP;GNB2;FYN;MAPK1;RAPGEF4;RHOB;ARRB1;GNG2;MAPK3;ACTN1;YWHAZ;DGKH;CALU;GNG3"
"Platelet Degranulation R-HSA-114608",NA,NA,NA,-0.191591425237281,NA,124,"APP;PPIA;TMX3;CD63;APLP2;CLU;HABP4;TMSB4X;TUBA4A;LAMP2;PFN1;CALM1;SOD1;TF;SCG3;FAM3C;ENDOD1;CD9;CYRIB"
"Processing Of Capped Intron-Containing Pre-mRNA R-HSA-72203",NA,NA,NA,-0.219543195900311,NA,240,"HNRNPA2B1;HNRNPU;SRSF5;SNRPD3;HNRNPD;SRSF9;POLR2E;SNRNP70;POLR2A;SRSF1;SNRPN;DDX5;FUS;HNRNPUL1;PRPF19;HNRNPK;SRRM2;POLR2I;SART1;TXNL4A;NUDT21;PCBP2;CSTF3;SF3B1;SRSF4;HSPA8;PTBP1;HNRNPH1;HNRNPL;SRSF2;POLR2F;NCBP2;PUF60;YBX1;RBM8A;HNRNPA0;PLRG1;HNRNPC;PCBP1;SRSF11;SRSF3;U2SURP;WDR33;MAGOH;PPIL4;SNRPD2;HNRNPA3;PRPF8;DDX39B;DHX9;CPSF2;EIF4E;RBM42;RANBP2;SF3B5;EFTUD2;HNRNPA1;PABPN1;U2AF2;RBMX;SF3A1;SNRPG"
"Programmed Cell Death R-HSA-5357801",NA,NA,NA,-0.195763307768411,NA,205,"YWHAE;PSMB7;HMGB1;ADD1;YWHAH;YWHAQ;CDC37;PSMC5;PPP3R1;SPTAN1;MAPT;YWHAG;YWHAB;PSMD8;SATB1;PSMB6;FASN;HSP90AA1;CYCS;PLEC;FLOT1;STUB1;NDUFA2;PSMA1;H1-4;DYNLL1;SEM1;DYNLL2;BCAP31;STAT3;PSMD14;PSMD7;SEPTIN4;PSMD2;CHMP4B;UBA52;APPL1;PSMD3;CTNNB1;MAPK1;RPS27A;MAPK3;YWHAZ;KPNB1;STK24"
"Protein Localization R-HSA-9609507",NA,NA,NA,-0.195951417330169,NA,160,"APP;ATP5F1B;ATP5F1A;VAMP2;NDUFB8;PRNP;TOMM7;TIMM17A;TOMM20;CMC2;CCNI;HSPA9;SLC25A6;ATP5MC1;SEC61G;HSD17B4;VDAC1;IDH3G;CHCHD10;STX1A;FIS1;UBE2D2;UBA52;CHCHD2;TOMM5;RPS27A;ACAA1;ACO2;GET1;AGPS"
"RAC1 GTPase Cycle R-HSA-9013149",NA,NA,NA,-0.102355495322914,NA,176,"RAB7A;PIK3R1;ABI2;WASL;ARHGEF25;ARHGAP26;DOCK4;GIT1;NGEF;CDC42;RASGRF2;RNASE1;ARHGDIA;FARP1;ABR;PREX1;PLEKHG4;CYFIP2"
"RAF/MAP Kinase Cascade R-HSA-5673001",NA,NA,NA,-0.16137230399619,NA,267,"PEBP1;NCAM1;GRB2;PSMB7;PIK3R1;PPP1CB;PPP2CA;ARL2;PSMC5;SPTAN1;PPP2CB;RBX1;PTPRA;PEA15;CALM1;YWHAB;CAMK2D;PSMD8;RALGDS;PSMB6;PPP1CC;RASGRF2;MAP2K1;PSMA1;DLG1;SPTBN2;SEM1;CAMK2G;PSMD14;RASGRF1;GRIN2B;RASA3;PSMD7;PPP2R1A;PSMD2;PPP2R5D;PPP2R5B;LLGL1;UBA52;PSMD3;RANBP9;FYN;MAPK1;RAPGEF2;RPS27A;ARRB1;CAMK2A;MAPK3;SPTBN4"
"RHO GTPase Cycle R-HSA-9012999",NA,NA,NA,-0.11724169781693,NA,434,"PGRMC2;ATP6AP1;GRB2;RAB7A;PIK3R1;CKB;CLTC;HSP90AB1;TMEM59;CDC37;TPM3;VCP;ABI2;SPTAN1;RHOA;WASL;ARHGEF25;ARHGEF2;ARHGAP26;STMN2;DOCK4;GIT1;NGEF;CDC42;HSPE1;HSP90AA1;RASGRF2;RNASE1;ARHGDIA;FARP1;ABR;PREX1;FLOT1;PLEKHG4;OBSCN;DBT;ARHGDIG;CYFIP2;BCAP31;STIP1;EMC3;DST;CAPZB;TRIO;GJA1;CCT2;GPS1;PLXNB1;HNRNPC;CCT7;KIDINS220;NDUFA5;PREX2;RHOB;TFRC;ACTN1;KTN1;LAMTOR1;ARHGAP32;SPTBN1;ADD3;ANLN;TXNL1;WASF1;RHOQ;FAM169A;GIT2;ARMCX3;MYO9A;C1QBP"
"RHO GTPase Effectors R-HSA-195258",NA,NA,NA,-0.231718451846372,NA,258,"YWHAE;MYL12B;DYNC1H1;GRB2;PRKCZ;PPP1CB;PPP2CA;CTTN;PDZD2;YWHAH;YWHAQ;H3-3B;KLC1;CDKN1B;EVL;ABI2;ARPC5;RHOA;ARPC2;PPP2CB;WASL;PFN1;CALM1;ACTR3;YWHAG;YWHAB;H2AZ1;BUB3;DYNC1I2;MYL6;ACTR2;PPP1CC;PRKCB;CDC42;RNASE1;H4C15;DYNLL1;DYNC1LI2;BIRC5;CYFIP2;DYNLL2;RANGAP1;RCC2;KIF5A;PPP2R1A;TAOK1;PPP2R5D;PAFAH1B1;PPP2R5B;LLGL1;MYLK;ARPC1A;H2AC6;CTNNB1;CENPT;MAPK1;MYH10;RPS27;RHOB;MAPK3;YWHAZ;KTN1"
"RHOA GTPase Cycle R-HSA-8980692",NA,NA,NA,-0.150063582129741,NA,147,"PGRMC2;ATP6AP1;PIK3R1;RHOA;ARHGEF25;ARHGEF2;ARHGAP26;NGEF;RASGRF2;ARHGDIA;FARP1;ABR;PREX1;FLOT1;PLEKHG4;OBSCN;BCAP31;EMC3;TRIO;PREX2;TFRC;KTN1;ARHGAP32;ANLN;MYO9A;C1QBP"
"Rab Regulation Of Trafficking R-HSA-9007101",NA,NA,NA,-0.185756435089694,NA,118,"YWHAE;GABARAPL2;GDI1;RAB7A;RAB3A;GABARAP;ULK1;OPTN;RAB6B;RAB39A;RAB5C;GGA3;GDI2;RAB1A;RAB14;TRAPPC3;RAB11A;RAB4A;MADD;RAB21;RAB6A"
"Regulation Of Expression Of SLITs And ROBOs R-HSA-9010553",NA,NA,NA,-0.48696483206383,NA,165,"RPL23;PSMB7;RPL18;RPL36;RPL27;FAU;RPLP2;RPLP1;PSMC5;RPS12;RSL24D1;RPS15;RBX1;RPL15;RPS14;RPS3;PABPC1;RPS6;RPS17;RPS16;PSMD8;ELOB;PSMB6;RPL35A;RPL9;RPS20;RPL38;RPL29;RPL28;RPS19;RPLP0;RPS21;RPS25;RPS29;RPL19;PSMA1;RPL8;RPS7;SEM1;RPS9;RPL41;NCBP2;PSMD14;RPL31;RPL26;RPL39;RPL37;PSMD7;RBM8A;RPS8;PSMD2;UBA52;RPS5;RPL37A;RPL5;RPS13;RPL27A;PSMD3;RPL18A;RPS23;RPL30;RPS27;RPS27A;EIF4G1;RPS11;RPL4;RPL22;RPL14;RPL34;RPS2;RPS4Y1;RPL7A;PSMB1;MAGOH;RPL11;PSMC4;PSMD4;PSMB5"
"Response To Elevated Platelet Cytosolic Ca2+ R-HSA-76005",NA,NA,NA,-0.196498423073674,NA,129,"APP;PPIA;TMX3;CD63;APLP2;CLU;HABP4;TMSB4X;TUBA4A;LAMP2;PFN1;CALM1;SOD1;PRKCB;TF;SCG3;FAM3C;ENDOD1;CD9;CYRIB"
"SARS-CoV Infections R-HSA-9679506",NA,NA,NA,-0.179400025498002,NA,357,"ATP1B1;YWHAE;GRB2;SNRPD3;HSP90AB1;GSK3A;CNBP;YWHAH;YWHAQ;HLA-B;CANX;FAU;AP2M1;VCP;DDX5;RPS12;ATP1A3;RPS15;RBX1;RPS14;RPS3;YWHAG;RPS6;RPS17;YWHAB;RPS16;SRPK2;B2M;ST3GAL2;AP2A1;RPS20;HSP90AA1;MTA1;ISCU;RPS19;RPS21;RPS25;RPS29;RPS7;RPS9;AP2B1;IFNGR1;AP2S1;ATP1B2;GPC1;GSK3B;RPS8;SIGMAR1;GJA1;CHMP4B;UBA52;DAD1;RPS5;RPS13;DDOST;RPS23;ATP1A2;RPS27;RPS27A;TUSC3;RPS11;YWHAZ;FXYD7;GATAD2B;PRMT1;TUFM;RPS2;PARP14;RPS4Y1;RBBP7;HDAC2;RPN1;PTGES3;G3BP2;MAGT1;SNRPD2;FKBP1A;ST6GALNAC3;GOLGA7"
"SARS-CoV-2 Infection R-HSA-9694516",NA,NA,NA,-0.174677472491848,NA,273,"YWHAE;SNRPD3;HSP90AB1;GSK3A;CNBP;YWHAH;YWHAQ;HLA-B;CANX;FAU;VCP;DDX5;RPS12;RPS15;RPS14;RPS3;YWHAG;RPS6;RPS17;YWHAB;RPS16;SRPK2;B2M;ST3GAL2;RPS20;HSP90AA1;ISCU;RPS19;RPS21;RPS25;RPS29;RPS7;RPS9;GPC1;GSK3B;RPS8;GJA1;CHMP4B;UBA52;DAD1;RPS5;RPS13;DDOST;RPS23;RPS27;RPS27A;TUSC3;RPS11;YWHAZ;PRMT1;TUFM;RPS2;PARP14;RPS4Y1"
"SARS-CoV-2-host Interactions R-HSA-9705683",NA,NA,NA,-0.180807046790903,NA,188,"YWHAE;SNRPD3;HSP90AB1;CNBP;YWHAH;YWHAQ;HLA-B;FAU;RPS12;RPS15;RPS14;RPS3;YWHAG;RPS6;RPS17;YWHAB;RPS16;B2M;RPS20;HSP90AA1;RPS19;RPS21;RPS25;RPS29;RPS7;RPS9;RPS8;GJA1;RPS5;RPS13;RPS23;RPS27;RPS27A;RPS11;YWHAZ;TUFM;RPS2;RPS4Y1"
"Separation Of Sister Chromatids R-HSA-2467813",NA,NA,NA,-0.165683587710344,NA,167,"DYNC1H1;PSMB7;PPP2CA;PSMC5;PPP2CB;BUB3;PSMD8;DYNC1I2;PSMB6;PPP1CC;PSMA1;SMC1A;DYNLL1;SEM1;DYNC1LI2;ANAPC11;BIRC5;DYNLL2;PSMD14;RANGAP1;RCC2;PSMD7;PPP2R1A;TAOK1;PSMD2;PPP2R5D;PAFAH1B1;PPP2R5B;UBA52;UBE2E1;PSMD3;CENPT;RPS27;RPS27A"
"Signaling By B Cell Receptor (BCR) R-HSA-983705",NA,NA,NA,-0.284574705027694,NA,108,"PPIA;GRB2;PSMB7;PIK3R1;SKP1;CD22;CLSTN1;PSMC5;PPP3R1;AHCYL1;CALM1;PSMD8;PSMB6;FBXW11;PRKCB;PSMA1;SEM1;PSMD14;PPP3CB;PSMD7;PSMD2;UBA52;PSMD3;FYN;RPS27A;CUL1"
"Signaling By Hedgehog R-HSA-5358351",NA,NA,NA,-0.186985071941225,NA,134,"GNAS;PSMB7;SKP1;PRKAR1A;VCP;PSMC5;RBX1;PRKACB;PSMD8;PSMB6;PSMA1;SEM1;PRKAR1B;ADCY1;ERLEC1;GSK3B;PSMD14;OS9;PSMD7;PSMD2;UBA52;PRKAR2B;PSMD3;GRK2;RPS27A;ARRB1;CUL1"
"Signaling By NOTCH R-HSA-157118",NA,NA,NA,-0.130460998668864,NA,198,"PSMB7;SKP1;CNTN1;ATP2A2;H3-3B;PSMC5;FBXW7;RBX1;PSENEN;H2AZ1;PSMD8;PSMB6;TLE4;PSMA1;H4C15;SEM1;PSMD14;NCOR2;DNER;PSMD7;YBX1;PBX1;PSMD2;UBA52;H2AC6;PSMD3;RPS27A;ARRB1;CUL1;YWHAZ"
"Signaling By NTRK1 (TRKA) R-HSA-187037",NA,NA,NA,-0.290922289847188,NA,114,"GRB2;PIK3R1;CLTC;CLTA;PPP2CA;NTRK2;AP2M1;DNM1;RHOA;PPP2CB;DNM2;ID2;YWHAB;RALGDS;AP2A1;TF;MAP2K1;AP2B1;AP2S1;STAT3;MEF2C;PPP2R1A;PPP2R5D;KIDINS220;MAPK1;CDK5R1;MEF2D;MAPK3"
"Signaling By NTRKs R-HSA-166520",NA,NA,NA,-0.283914661390885,NA,132,"GRB2;PIK3R1;CLTC;CLTA;PPP2CA;NTRK2;AP2M1;DNM1;RHOA;PPP2CB;DNM2;ID2;YWHAB;PCSK6;RALGDS;AP2A1;TF;PTPRS;RNASE1;MAP2K1;AP2B1;AP2S1;STAT3;MEF2C;GRIN2B;PPP2R1A;PPP2R5D;KIDINS220;FYN;MAPK1;CDK5R1;MEF2D;MAPK3"
"Signaling By Nuclear Receptors R-HSA-9006931",NA,NA,NA,-0.12284336808189,NA,255,"PRKCZ;PIK3R1;HSP90AB1;APOE;POLR2E;GNAI1;SCD;POLR2A;H3-3B;APOD;GNAI2;CDKN1B;DDX5;USF2;CALM1;GNG7;H2AZ1;PDHX;POLR2I;GNB1;FASN;HSP90AA1;H4C15;SMC1A;SREBF1;POLR2F;NCOR2;YY1;KDM4B;NR1H2;PDHB;GNB2;H2AC6;MAPK1;GNG2;MAPK3;PRMT1;CXXC5;GNG3;XPO1;KAT5"
"Signaling By ROBO Receptors R-HSA-376176",NA,NA,NA,-0.453580075541162,NA,205,"RPL23;PSMB7;RPL18;RPL36;RPL27;FAU;RPLP2;EVL;RPLP1;PSMC5;RPS12;RSL24D1;NELL2;RHOA;RPS15;RBX1;RPL15;RPS14;PRKACB;PFN1;RPS3;PABPC1;RPS6;RPS17;RPS16;PSMD8;ELOB;PSMB6;RPL35A;RPL9;CDC42;RPS20;RPL38;RPL29;RPL28;RNASE1;RPS19;RPLP0;RPS21;RPS25;RPS29;RPL19;PSMA1;RPL8;RPS7;SEM1;RPS9;CXCR4;GPC1;RPL41;NCBP2;PSMD14;RPL31;PPP3CB;RPL26;RPL39;RPL37;PSMD7;RBM8A;RPS8;PSMD2;UBA52;RPS5;RPL37A;RPL5;RPS13;RPL27A;PSMD3;RPL18A;RPS23;RPL30;RPS27;RPS27A;EIF4G1;RPS11;RPL4;RPL22;RPL14;RPL34;RPS2;RPS4Y1;RPL7A;PSMB1;MAGOH;RPL11;PSMC4;PSMD4;PRKCA;PSMB5"
"Signaling By Receptor Tyrosine Kinases R-HSA-9006934",NA,NA,NA,-0.173746672883622,NA,494,"ATP6AP1;STMN1;GRB2;ATP6V0C;PRKCZ;ATP6V0A1;PIK3R1;CLTC;CLTA;ATP6V1B2;ATP6V0E2;AAMP;APOE;PPP2CA;POLR2E;POLR2A;NTRK2;ATP6V1F;ADAP1;AP2M1;CDC37;ABI2;DNM1;RHOA;AHCYL1;PPP2CB;PSENEN;ATP6V0B;EPN1;PRKACB;ATP6V1E1;CALM1;DNM2;ID2;S100B;YWHAB;TIAL1;PCSK6;RALGDS;POLR2I;ATP6V0D1;PRKCB;CDC42;AP2A1;ATP6V1A;TF;GFAP;ATP6V1G2;HSP90AA1;PTPRS;ITGAV;RNASE1;STUB1;PTPRK;MAP2K1;PTBP1;HNRNPH1;CMA1;GABRA1;PTPRZ1;AP2B1;EPS15;CYFIP2;PTPRJ;AP2S1;POLR2F;NCBP2;GABRB2;PTN;STAT3;MEF2C;GGA3;ATP6V1H;GRIN2B;PPP2R1A;PPP2R5D;GABRB3;LLGL1;UBA52;KIDINS220;CTNNB1;RANBP9;FYN;MAPK1;ATP6V1G1;CDK5R1;RPS27A;MEF2D;MAPK3;RAB4A"
"Signaling By TGFB Family Members R-HSA-9006936",NA,NA,NA,-0.112001493422454,NA,118,"PRKCZ;PPP1CB;NEDD8;RHOA;PPM1A;PPP1CC;ITGAV;PARP1;STUB1;DRAP1;SKI;NCOR2;YBX1;UBA52;MAPK1;RPS27A;MAPK3;ITGB8;XPO1;BMPR2;SMAD4;FKBP1A;CDK9"
"Signaling By WNT R-HSA-195721",NA,NA,NA,-0.16758994662121,NA,290,"PSMB7;CLTC;CLTA;GNAO1;CLTB;SKP1;PPP2CA;H3-3B;AP2M1;PSMC5;WNT3;PPP3R1;RHOA;PPP2CB;RBX1;PFN1;CALM1;GNG7;H2AZ1;TLE5;PSMD8;GNB1;PSMB6;PLCB1;PRKCB;AP2A1;CSNK1E;RNASE1;TLE4;PSMA1;H4C15;SEM1;AP2B1;AP2S1;GSK3B;PSMD14;PPP3CB;PSMD7;PPP2R1A;PSMD2;PPP2R5D;PPP2R5B;UBA52;CSNK2B;GNB2;H2AC6;PSMD3;WNT10B;CTNNB1;SOX9;RPS27A;CUL1;CAMK2A;GNG2;YWHAZ"
"Synthesis Of DNA R-HSA-69239",NA,NA,NA,-0.10472404306585,NA,118,"PSMB7;SKP1;PSMC5;RBX1;PSMD8;PSMB6;PSMA1;SEM1;ANAPC11;PSMD14;PSMD7;PSMD2;UBA52;UBE2E1;PSMD3;RPS27A;CUL1"
"TCF Dependent Signaling In Response To WNT R-HSA-201681",NA,NA,NA,-0.107147936002241,NA,194,"PSMB7;PPP2CA;H3-3B;PSMC5;WNT3;PPP2CB;RBX1;H2AZ1;PSMD8;PSMB6;CSNK1E;TLE4;PSMA1;H4C15;SEM1;GSK3B;PSMD14;PSMD7;PPP2R1A;PSMD2;PPP2R5D;PPP2R5B;UBA52;CSNK2B;H2AC6;PSMD3;CTNNB1;SOX9;RPS27A;YWHAZ"
"Toll Like Receptor 4 (TLR4) Cascade R-HSA-166016",NA,NA,NA,-0.151731277794215,NA,138,"APP;HMGB1;SKP1;PPP2CA;DNM1;PPP2CB;DNM2;S100A1;S100B;MAP2K7;FBXW11;MAPK10;MAP2K4;MAP2K1;NDUFA2;SAA2;MEF2C;PPP2R1A;UBE2D2;PPP2R5D;UBA52;MAPK1;RPS27A;CUL1;MAPK3"
"Toll-like Receptor Cascades R-HSA-168898",NA,NA,NA,-0.139327174733753,NA,160,"APP;CTSB;HMGB1;SKP1;PPP2CA;DNM1;PPP2CB;DNM2;S100A1;S100B;MAP2K7;FBXW11;MAPK10;MAP2K4;RBSN;MAP2K1;NDUFA2;SAA2;MEF2C;PPP2R1A;UBE2D2;PPP2R5D;UBA52;MAPK1;RPS27A;CUL1;MAPK3;LGMN;DNM3;SIGIRR"
"Transcriptional Regulation By RUNX2 R-HSA-8878166",NA,NA,NA,-0.151585161494606,NA,116,"PSMB7;SKP1;PSMC5;FBXW7;RBX1;PSMD8;PSMB6;STUB1;PSMA1;SEM1;GSK3B;PSMD14;PSMD7;PSMD2;UBA52;SATB2;PSMD3;MAPK1;SOX9;RPS27A;CUL1;MAPK3;PSMB1;CBFB;SMAD4;PSMC4;PSMD4;PSMB5"
"Transcriptional Regulation By TP53 R-HSA-3700989",NA,NA,NA,-0.13189006865106,NA,351,"COX8A;YWHAE;COX6C;PRDX1;COX4I1;PRDX2;BNIP3L;PRDX5;COX5B;COX6B1;PPP2CA;PDZD2;COX6A1;POLR2E;YWHAH;YWHAQ;POLR2A;CDKN1B;PPP2CB;COX7C;YWHAG;YWHAB;MEAF6;RRAGA;ELOB;POLR2I;SSRP1;FASN;COX7B;NUAK1;CYCS;BIRC5;NPM1;PCBP4;POLR2F;NDRG1;PPP2R1A;PIP4K2A;TAF6;UBA52;TAF15;CSNK2B;COX14;PLK2;CDK5R1;RPS27A;YWHAZ;GATAD2B;LAMTOR1;PRMT1;CNOT3;COX16;KAT5;SESN3;RBBP7;HDAC2"
"Translation R-HSA-72766",NA,NA,NA,-0.370970048132727,NA,276,"RPL23;EIF4H;RPL18;RPL36;RPL27;SRP14;EIF3C;FAU;RPLP2;RPLP1;SARS1;MRPL10;RPS12;EIF3K;RSL24D1;EIF3A;RPS15;RPL15;RPS14;SPCS1;DTD1;MRPL33;RPS3;PABPC1;EIF1AX;EIF4A2;RPS6;RPS17;PPA1;AARS1;RPS16;EEF1B2;EEF1D;RPL35A;RPL9;EEF1A2;RPS20;RPL38;RPL29;RPL28;EIF4A1;RPS19;SEC61G;RPLP0;RPS21;RPS25;RPS29;RPL19;EIF4B;RPL8;RPS7;RPS9;MRPL41;SSR4;RPL41;MRPS21;RPL31;RPL26;YARS1;RPL39;EIF3G;RPL37;RPS8;UBA52;RPS5;RPL37A;SSR1;RPL5;RPS13;RPL27A;MRPS18B;DDOST;RPL18A;RPS23;RPL30;RPS27;RPS27A;EIF4G1;RPS11;RPL4;RPL22;MRPS35;RPL14;RPL34;SPCS3;TUFM;TSFM;RPS2;RPS4Y1;EIF3J;MRPS16;RPL7A;RPN1;RPL11;DLGAP3;MRPS18A;MRPS34;MRPS30;MRPL21;EIF4E;RPL36A;MRPL18"
"Transmission Across Chemical Synapses R-HSA-112315",NA,NA,NA,-0.255525168522379,NA,246,"VAMP2;GLUL;SNAP25;TSPAN7;GRIA2;RAB3A;GNAI1;STXBP1;SYN1;PRKAR1A;GNAI2;ARL6IP5;AP2M1;TSPOAP1;NPTN;ALDH2;SYT1;PRKACB;MAPT;CALM1;GNG7;SLC1A3;NRGN;CAMK2D;GABBR2;SYN2;GNB1;GIT1;PLCB1;PRKCB;AP2A1;RASGRF2;RNASE1;CAMKK2;HSPA8;DLG1;GABRA1;CAMK2G;NSF;AP2B1;PRKAR1B;EPB41L1;AP2S1;ADCY1;DNAJC5;GABRB2;STX1A;RASGRF1;GRIN2B;GABRB3;LLGL1;GRIA1;SLC38A1;SLC17A7;PRKAR2B;CAMK4;GNB2;GRIK5;MAPK1;CAMK2A;GNG2;MAPK3;PPFIA2;CPLX1;GNG3;NEFL"
"Transport To Golgi And Subsequent Modification R-HSA-948021",NA,NA,NA,-0.133990947415758,NA,164,"DYNC1H1;ARF5;ARF3;SPTAN1;CHGA;ACTR10;COPA;DYNC1I2;SPTBN2;DYNLL1;DYNC1LI2;NSF;DCTN1;B4GALT5;DYNLL2;ANK3;CTSZ;CAPZB;RAB1A;DCTN3;GRIA1;COPE;TRAPPC3;SPTBN4;MIA3;KDELR1;SPTBN1;PPP6C;PPP6R1;SERPINA1;DCTN5;RAB1B;STX5;NAPG;YKT6"
"Ub-specific Processing Proteases R-HSA-5689880",NA,NA,NA,-0.0889712715469474,NA,183,"PSMB7;FKBP8;USP22;PSMC5;TOMM20;VDAC2;PSMD8;PSMB6;USP11;PSMA1;SEM1;VDAC1;PSMD14;PSMD7;USP5;PSMD2;UBA52;MAT2B;H2AC6;PSMD3;RPS27A;ARRB1"
"mRNA Splicing - Major Pathway R-HSA-72163",NA,NA,NA,-0.322684780706057,NA,180,"HNRNPA2B1;HNRNPU;SRSF5;SNRPD3;HNRNPD;SRSF9;POLR2E;SNRNP70;POLR2A;SRSF1;SNRPN;DDX5;FUS;HNRNPUL1;PRPF19;HNRNPK;SRRM2;POLR2I;SART1;TXNL4A;NUDT21;PCBP2;CSTF3;SF3B1;SRSF4;HSPA8;PTBP1;HNRNPH1;HNRNPL;SRSF2;POLR2F;NCBP2;PUF60;YBX1;RBM8A;HNRNPA0;PLRG1;HNRNPC;PCBP1;SRSF11;SRSF3;U2SURP;WDR33;MAGOH;PPIL4;SNRPD2;HNRNPA3;PRPF8;DHX9;CPSF2;RBM42;SF3B5;EFTUD2;HNRNPA1;PABPN1;U2AF2;RBMX;SF3A1;SNRPG"
"mRNA Splicing R-HSA-72172",NA,NA,NA,-0.305294184062749,NA,188,"HNRNPA2B1;HNRNPU;SRSF5;SNRPD3;HNRNPD;SRSF9;POLR2E;SNRNP70;POLR2A;SRSF1;SNRPN;DDX5;FUS;HNRNPUL1;PRPF19;HNRNPK;SRRM2;POLR2I;SART1;TXNL4A;NUDT21;PCBP2;CSTF3;SF3B1;SRSF4;HSPA8;PTBP1;HNRNPH1;HNRNPL;SRSF2;POLR2F;NCBP2;PUF60;YBX1;RBM8A;HNRNPA0;PLRG1;HNRNPC;PCBP1;SRSF11;SRSF3;U2SURP;WDR33;MAGOH;PPIL4;SNRPD2;HNRNPA3;PRPF8;DHX9;CPSF2;RBM42;SF3B5;EFTUD2;HNRNPA1;PABPN1;U2AF2;RBMX;SF3A1;SNRPG"
"rRNA Processing In Nucleus And Cytosol R-HSA-8868773",NA,NA,NA,-0.3057973285925,NA,187,"RPL23;RPL18;RPL36;RPL27;FAU;RPLP2;RPLP1;RPS12;RSL24D1;RPS15;RPL15;RPS14;RPS3;RPS6;RPS17;RPS16;RPL35A;RPL9;RPS20;CSNK1E;RPL38;RPL29;RPL28;RPS19;RPLP0;RPS21;EBNA1BP2;RPS25;RPS29;RPL19;RPL8;RPS7;RPS9;DNAJC5;RPL41;NHP2;RPL31;PNO1;RPL26;RPL39;RPL37;RPS8;TSR3;UBA52;RPS5;RPL37A;RPL5;RPS13;RPL27A;RPL18A;RPS23;RPL30;RPS27;RPS27A;SENP3;RPS11;RPL4;RPL22;RPL14;RPL34;RPS2;RPS4Y1"
"rRNA Processing R-HSA-72312",NA,NA,NA,-0.281950688958093,NA,197,"RPL23;RPL18;RPL36;RPL27;FAU;RPLP2;RPLP1;RPS12;RSL24D1;RPS15;RPL15;RPS14;RPS3;RPS6;RPS17;RPS16;RPL35A;RPL9;RPS20;CSNK1E;RPL38;RPL29;RPL28;RPS19;RPLP0;RPS21;EBNA1BP2;RPS25;RPS29;RPL19;RPL8;RPS7;RPS9;DNAJC5;RPL41;NHP2;RPL31;PNO1;RPL26;RPL39;RPL37;RPS8;TSR3;UBA52;RPS5;RPL37A;RPL5;RPS13;RPL27A;RPL18A;RPS23;RPL30;RPS27;RPS27A;SENP3;RPS11;RPL4;RPL22;RPL14;RPL34;RPS2;RPS4Y1"
