"pathway","pval","padj","log2err","ES","NES","size","leadingEdge"
"GTP Hydrolysis And Joining Of 60S Ribosomal Subunit R-HSA-72706",3.73551509455319e-40,4.35934611534358e-37,1.64704014100292,0.816846583269504,3.5508080511941,108,"RPL21;RPS28;RPS12;RPL30;RPL32;RPS27A;RPS3A;RPL39;RPL19;RPL37;RPS27;RPSA;RPL7;RPS2;RPS6;RPL18A;RPS9;RPS23;RPL5;RPL34;RPL37A;RPS11;RPS24;RPS10;RPS7;RPS8;RPS13;RPL7A;RPL12;RPL6;RPS19;RPS16;RPS29;RPL27A;RPS14;RPS3;RPS17;RPS20;RPS4X;RPL28;RPL9;RPS5;RPL4;RPS15A;RPL22;RPL38;RPL36A;RPL26;RPL29;EIF3L;RPLP0;RPS25;RPL35;RPL31;RPL11;RPL14;RPL18;EIF4B;EIF3F;EIF3J;FAU;RPS15;RPL36AL;RPS21;RPLP2;RPL15;EIF5;UBA52;RPL10A"
"L13a-mediated Translational Silencing Of Ceruloplasmin Expression R-HSA-156827",2.68839221727392e-39,1.56867685877933e-36,1.63441895776255,0.817901307354259,3.54466974459163,107,"RPL21;RPS28;RPS12;RPL30;RPL32;RPS27A;RPS3A;RPL39;RPL19;RPL37;RPS27;RPSA;RPL7;RPS2;RPS6;RPL18A;RPS9;RPS23;RPL5;RPL34;RPL37A;RPS11;RPS24;RPS10;RPS7;RPS8;RPS13;RPL7A;RPL12;RPL6;RPS19;RPS16;RPS29;RPL27A;RPS14;RPS3;RPS17;RPS20;RPS4X;RPL28;RPL9;RPS5;RPL4;RPS15A;RPL22;RPL38;RPL36A;RPL26;RPL29;EIF3L;RPLP0;RPS25;RPL35;RPL31;RPL11;RPL14;RPL18;EIF4B;EIF3F;EIF3J;FAU;RPS15;RPL36AL;RPS21;RPLP2;RPL15;PABPC1;UBA52;RPL10A"
"Viral mRNA Translation R-HSA-192823",5.74587731207881e-39,2.23514627439866e-36,1.62807167569582,0.84704230920846,3.5486096750476,89,"RPL21;RPS28;RPS12;RPL30;RPL32;RPS27A;RPS3A;RPL39;RPL19;RPL37;RPS27;RPSA;RPL7;RPS2;RPS6;RPL18A;RPS9;RPS23;RPL5;RPL34;RPL37A;RPS11;RPS24;RPS10;RPS7;RPS8;RPS13;RPL7A;RPL12;RPL6;RPS19;RPS16;RPS29;RPL27A;RPS14;RPS3;RPS17;RPS20;RPS4X;RPL28;RPL9;RPS5;RPL4;RPS15A;RPL22;RPL38;RPL36A;RPL26;RPL29;RPLP0;RPS25;RPL35;RPL31;RPL11;RPL14;RPL18;FAU;RPS15;RPL36AL;RPS21;RPLP2;RPL15;UBA52;RPL10A"
"Cap-dependent Translation Initiation R-HSA-72737",1.37472402738642e-38,4.01075734989988e-36,1.61530228892975,0.803255392725926,3.52209521477524,115,"RPL21;RPS28;RPS12;RPL30;RPL32;RPS27A;RPS3A;RPL39;RPL19;RPL37;RPS27;RPSA;RPL7;RPS2;RPS6;RPL18A;RPS9;RPS23;RPL5;RPL34;RPL37A;RPS11;RPS24;RPS10;RPS7;RPS8;RPS13;RPL7A;RPL12;RPL6;RPS19;RPS16;RPS29;RPL27A;RPS14;RPS3;RPS17;RPS20;RPS4X;RPL28;RPL9;RPS5;RPL4;RPS15A;RPL22;RPL38;RPL36A;RPL26;RPL29;EIF3L;RPLP0;RPS25;RPL35;RPL31;RPL11;RPL14;RPL18;EIF4B;EIF3F;EIF3J;FAU;RPS15;RPL36AL;RPS21;RPLP2;RPL15;EIF5;PABPC1;UBA52;RPL10A"
"Nonsense Mediated Decay (NMD) Independent Of Exon Junction Complex (EJC) R-HSA-975956",1.88725388985908e-38,4.40485057893108e-36,1.61530228892975,0.845527433430199,3.55023568364488,91,"RPL21;RPS28;RPS12;RPL30;RPL32;RPS27A;RPS3A;RPL39;RPL19;RPL37;RPS27;RPSA;RPL7;RPS2;RPS6;RPL18A;RPS9;RPS23;RPL5;RPL34;RPL37A;RPS11;RPS24;RPS10;RPS7;RPS8;RPS13;RPL7A;RPL12;RPL6;RPS19;RPS16;RPS29;RPL27A;RPS14;RPS3;RPS17;RPS20;RPS4X;RPL28;RPL9;RPS5;RPL4;RPS15A;RPL22;RPL38;RPL36A;RPL26;RPL29;RPLP0;RPS25;RPL35;RPL31;RPL11;RPL14;RPL18;FAU;RPS15;RPL36AL;RPS21;RPLP2;RPL15;PABPC1;UBA52;RPL10A"
"Peptide Chain Elongation R-HSA-156902",5.73980909715745e-38,1.11639286939712e-35,1.60243114923556,0.857353352801695,3.56886858692445,83,"RPL21;RPS28;RPS12;RPL30;RPL32;RPS27A;RPS3A;RPL39;RPL19;RPL37;RPS27;RPSA;RPL7;RPS2;RPS6;RPL18A;RPS9;RPS23;RPL5;RPL34;RPL37A;RPS11;RPS24;RPS10;RPS7;RPS8;RPS13;RPL7A;RPL12;RPL6;RPS19;RPS16;RPS29;RPL27A;RPS14;RPS3;RPS17;RPS20;RPS4X;RPL28;RPL9;RPS5;RPL4;RPS15A;RPL22;RPL38;RPL36A;RPL26;RPL29;RPLP0;RPS25;RPL35;RPL31;RPL11;RPL14;RPL18;FAU;RPS15;RPL36AL;RPS21;RPLP2;RPL15;UBA52;RPL10A"
"Formation Of A Pool Of Free 40S Subunits R-HSA-72689",8.27880005997946e-38,1.38019423857086e-35,1.60243114923556,0.828750930924676,3.52287452673694,97,"RPL21;RPS28;RPS12;RPL30;RPL32;RPS27A;RPS3A;RPL39;RPL19;RPL37;RPS27;RPSA;RPL7;RPS2;RPS6;RPL18A;RPS9;RPS23;RPL5;RPL34;RPL37A;RPS11;RPS24;RPS10;RPS7;RPS8;RPS13;RPL7A;RPL12;RPL6;RPS19;RPS16;RPS29;RPL27A;RPS14;RPS3;RPS17;RPS20;RPS4X;RPL28;RPL9;RPS5;RPL4;RPS15A;RPL22;RPL38;RPL36A;RPL26;RPL29;EIF3L;RPLP0;RPS25;RPL35;RPL31;RPL11;RPL14;RPL18;EIF3F;EIF3J;FAU;RPS15;RPL36AL;RPS21;RPLP2;RPL15;UBA52;RPL10A"
"Eukaryotic Translation Elongation R-HSA-156842",1.33381575654729e-36,1.72951443098965e-34,1.57637362160047,0.842242195444712,3.52289338340207,87,"RPL21;RPS28;RPS12;RPL30;RPL32;RPS27A;RPS3A;RPL39;RPL19;RPL37;RPS27;RPSA;RPL7;RPS2;RPS6;RPL18A;RPS9;RPS23;RPL5;RPL34;RPL37A;RPS11;RPS24;RPS10;RPS7;RPS8;RPS13;RPL7A;RPL12;RPL6;RPS19;RPS16;EEF1D;RPS29;RPL27A;RPS14;RPS3;RPS17;RPS20;RPS4X;RPL28;RPL9;RPS5;RPL4;RPS15A;RPL22;RPL38;RPL36A;RPL26;RPL29;RPLP0;RPS25;RPL35;RPL31;RPL11;RPL14;RPL18;EEF1G;FAU;RPS15;RPL36AL;RPS21;RPLP2;EEF1B2;RPL15;UBA52;RPL10A"
"Selenocysteine Synthesis R-HSA-2408557",1.29467657488159e-36,1.72951443098965e-34,1.57637362160047,0.835632714498903,3.50081017585548,89,"RPL21;RPS28;RPS12;RPL30;RPL32;RPS27A;RPS3A;RPL39;RPL19;RPL37;RPS27;RPSA;RPL7;RPS2;RPS6;RPL18A;RPS9;RPS23;RPL5;RPL34;RPL37A;RPS11;RPS24;RPS10;RPS7;RPS8;RPS13;RPL7A;RPL12;RPL6;RPS19;RPS16;RPS29;RPL27A;RPS14;RPS3;RPS17;RPS20;RPS4X;RPL28;RPL9;RPS5;RPL4;RPS15A;RPL22;RPL38;RPL36A;RPL26;RPL29;RPLP0;RPS25;RPL35;RPL31;RPL11;RPL14;RPL18;FAU;RPS15;RPL36AL;RPS21;RPLP2;RPL15;UBA52;RPL10A"
"Eukaryotic Translation Termination R-HSA-72764",1.78356854456492e-36,2.08142449150726e-34,1.56979165706381,0.834919256313572,3.49782120518461,89,"RPL21;RPS28;RPS12;RPL30;RPL32;RPS27A;RPS3A;RPL39;RPL19;RPL37;RPS27;RPSA;RPL7;RPS2;RPS6;RPL18A;RPS9;RPS23;RPL5;RPL34;RPL37A;RPS11;RPS24;RPS10;RPS7;RPS8;RPS13;RPL7A;RPL12;RPL6;RPS19;RPS16;RPS29;RPL27A;RPS14;RPS3;RPS17;RPS20;RPS4X;RPL28;RPL9;RPS5;RPL4;RPS15A;RPL22;RPL38;RPL36A;RPL26;RPL29;RPLP0;RPS25;RPL35;RPL31;RPL11;RPL14;RPL18;FAU;RPS15;RPL36AL;RPS21;RPLP2;RPL15;UBA52;RPL10A"
"Nonsense Mediated Decay (NMD) Enhanced By Exon Junction Complex (EJC) R-HSA-975957",2.55739543640256e-36,2.7131640675289e-34,1.56979165706381,0.790606537839304,3.46291547343406,111,"RPL21;RPS28;RPS12;RPL30;RPL32;RPS27A;RPS3A;RPL39;RPL19;RPL37;RPS27;RPSA;RPL7;RPS2;RPS6;RPL18A;RPS9;RPS23;RPL5;RPL34;RPL37A;RPS11;RPS24;RPS10;RPS7;RPS8;RPS13;RPL7A;CASC3;RPL12;RPL6;RPS19;RPS16;RPS29;RPL27A;RPS14;RPS3;RPS17;RPS20;RPS4X;RPL28;RPL9;RPS5;RPL4;RPS15A;RPL22;RPL38;RPL36A;RPL26;RPL29;RPLP0;RPS25;RPL35;RPL31;UPF3A;RPL11;RPL14;RPL18;FAU;RPS15;RPL36AL;RPS21;RPLP2;RPL15;PABPC1;UBA52;RPL10A"
"Response Of EIF2AK4 (GCN2) To Amino Acid Deficiency R-HSA-9633012",3.12953789712896e-35,3.04347560495791e-33,1.54318309134871,0.815569746190608,3.46684362746537,97,"RPL21;RPS28;RPS12;RPL30;RPL32;RPS27A;RPS3A;RPL39;RPL19;RPL37;RPS27;RPSA;RPL7;RPS2;RPS6;RPL18A;RPS9;RPS23;RPL5;RPL34;RPL37A;RPS11;RPS24;RPS10;RPS7;RPS8;RPS13;RPL7A;RPL12;RPL6;RPS19;RPS16;RPS29;RPL27A;RPS14;RPS3;RPS17;RPS20;ATF4;RPS4X;RPL28;RPL9;RPS5;RPL4;RPS15A;RPL22;RPL38;RPL36A;RPL26;RPL29;RPLP0;RPS25;RPL35;RPL31;RPL11;RPL14;RPL18;FAU;RPS15;RPL36AL;RPS21;RPLP2;RPL15;UBA52;RPL10A"
"Selenoamino Acid Metabolism R-HSA-2408522",6.17899163056231e-34,5.54683325605094e-32,1.51610760180865,0.779661226663378,3.41890577376019,112,"RPL21;RPS28;RPS12;RPL30;RPL32;RPS27A;RPS3A;RPL39;RPL19;RPL37;RPS27;RPSA;RPL7;RPS2;RPS6;RPL18A;RPS9;RPS23;RPL5;RPL34;RPL37A;RPS11;RPS24;RPS10;RPS7;RPS8;RPS13;RPL7A;RPL12;RPL6;RPS19;RPS16;RPS29;RPL27A;RPS14;RPS3;RPS17;RPS20;RPS4X;RPL28;RPL9;RPS5;RPL4;RPS15A;RPL22;RPL38;RPL36A;RPL26;RPL29;RPLP0;RPS25;RPL35;RPL31;RPL11;RPL14;RPL18;DARS1;FAU;RPS15;RPL36AL;RPS21;RPLP2;RPL15;UBA52;RPL10A"
"Influenza Viral RNA Transcription And Replication R-HSA-168273",1.25085909890284e-33,1.04268040601401e-31,1.50926283727233,0.743871729119543,3.36596570800989,135,"RPL21;RPS28;RPS12;RPL30;RPL32;RPS27A;RPS3A;RPL39;RPL19;RPL37;RPS27;RPSA;RPL7;RPS2;RPS6;RPL18A;RPS9;RPS23;RPL5;RPL34;RPL37A;RPS11;RPS24;RPS10;RPS7;RPS8;RPS13;RPL7A;RPL12;RPL6;RPS19;RPS16;HSP90AA1;RPS29;RPL27A;RPS14;RPS3;RPS17;RPS20;AAAS;RPS4X;RPL28;RPL9;RPS5;RPL4;RPS15A;RPL22;RPL38;RPL36A;RPL26;RPL29;RPLP0;RPS25;RPL35;RPL31;RNASE7;RPL11;RPL14;POM121C;RPL18;FAU;RPS15;RPL36AL;RPS21;NUP214;POLR2J;RPLP2;NUP50;POLR2L;RPL15;UBA52;RPL10A"
"Influenza Infection R-HSA-168255",9.77968367460437e-32,7.6085938988422e-30,1.46752397671296,0.696103522332663,3.20241417358107,155,"RPL21;RPS28;HSPA1A;RPS12;RPL30;RPL32;RPS27A;RPS3A;RPL39;RPL19;RPL37;RPS27;RPSA;RPL7;RPS2;RPS6;RPL18A;RPS9;RPS23;RPL5;RPL34;RPL37A;RPS11;RPS24;RPS10;RPS7;RPS8;RPS13;RPL7A;RPL12;RPL6;RPS19;RPS16;HSP90AA1;RPS29;RPL27A;RPS14;RPS3;RPS17;RPS20;AAAS;RPS4X;RPL28;RPL9;RPS5;RPL4;RPS15A;RPL22;RPL38;RPL36A;RPL26;RPL29;RPLP0;RPS25;RPL35;RPL31;RNASE7;RPL11;RPL14;POM121C;RPL18;FAU;RPS15;RPL36AL;RPS21;NUP214;POLR2J;RPLP2;NUP50;POLR2L;RPL15;UBA52;RPL10A;CALR;RPLP1"
"SRP-dependent Cotranslational Protein Targeting To Membrane R-HSA-1799339",1.0101706336505e-30,7.36793205918834e-29,1.43902565267782,0.767240273277225,3.31860007278217,106,"RPL21;RPS28;RPS12;RPL30;RPL32;RPS27A;RPS3A;RPL39;RPL19;RPL37;RPS27;RPSA;RPL7;RPS2;RPS6;RPL18A;RPS9;RPS23;RPL5;RPL34;RPL37A;RPS11;RPS24;RPS10;RPS7;RPS8;RPS13;RPL7A;RPL12;RPL6;RPS19;RPS16;RPS29;RPL27A;RPS14;RPS3;RPS17;RPS20;RPS4X;RPL28;RPL9;RPS5;RPL4;RPS15A;RPL22;RPL38;RPL36A;RPL26;RPL29;RPLP0;RPS25;RPL35;RPL31;RPL11;RPL14;RPL18;FAU;RPS15;RPL36AL;RPS21;RPLP2;RPL15;UBA52;RPL10A"
"rRNA Processing R-HSA-72312",8.90878000209505e-29,6.11561544849701e-27,1.39518713415833,0.639148817448127,3.03776847081781,197,"FCF1;RPL21;RPS28;RPS12;RPL30;RPL32;RPS27A;RPS3A;RPL39;RPL19;RPL37;RPS27;RPSA;RPL7;RPS2;RPS6;RPL18A;RPS9;RPS23;RPL5;RPL34;RPL37A;RPS11;RPS24;RPS10;RPS7;RPS8;RPS13;RPL7A;RPP25;RPL12;RPL6;RPS19;RPS16;RPS29;RPL27A;RPS14;RPS3;RPS17;RPS20;RPS4X;RPL28;RPL9;RPS5;RPL4;RPS15A;RPL22;RPL38;EXOSC6;RPL36A;RPL26;RPL29;RPLP0;RPS25;RPL35;RPL31;RPL11;RPL14;C1D;RPL18;FAU;RPS15;RPL36AL;RPS21;NOP14;RPLP2;RPL15;UBA52;RPL10A;EXOSC3;MPHOSPH10;RPLP1"
"Major Pathway Of rRNA Processing In Nucleolus And Cytosol R-HSA-6791226",3.37157946221018e-28,2.18590735133293e-26,1.38026491759359,0.659874028110332,3.09590373853547,177,"FCF1;RPL21;RPS28;RPS12;RPL30;RPL32;RPS27A;RPS3A;RPL39;RPL19;RPL37;RPS27;RPSA;RPL7;RPS2;RPS6;RPL18A;RPS9;RPS23;RPL5;RPL34;RPL37A;RPS11;RPS24;RPS10;RPS7;RPS8;RPS13;RPL7A;RPP25;RPL12;RPL6;RPS19;RPS16;RPS29;RPL27A;RPS14;RPS3;RPS17;RPS20;RPS4X;RPL28;RPL9;RPS5;RPL4;RPS15A;RPL22;RPL38;EXOSC6;RPL36A;RPL26;RPL29;RPLP0;RPS25;RPL35;RPL31;RPL11;RPL14;C1D;RPL18;FAU;RPS15;RPL36AL;RPS21;NOP14;RPLP2;RPL15;UBA52;RPL10A;EXOSC3;MPHOSPH10;RPLP1"
"rRNA Processing In Nucleus And Cytosol R-HSA-8868773",3.85927207614018e-28,2.37040553308189e-26,1.38026491759359,0.648705701281059,3.06000770527973,187,"FCF1;RPL21;RPS28;RPS12;RPL30;RPL32;RPS27A;RPS3A;RPL39;RPL19;RPL37;RPS27;RPSA;RPL7;RPS2;RPS6;RPL18A;RPS9;RPS23;RPL5;RPL34;RPL37A;RPS11;RPS24;RPS10;RPS7;RPS8;RPS13;RPL7A;RPP25;RPL12;RPL6;RPS19;RPS16;RPS29;RPL27A;RPS14;RPS3;RPS17;RPS20;RPS4X;RPL28;RPL9;RPS5;RPL4;RPS15A;RPL22;RPL38;EXOSC6;RPL36A;RPL26;RPL29;RPLP0;RPS25;RPL35;RPL31;RPL11;RPL14;C1D;RPL18;FAU;RPS15;RPL36AL;RPS21;NOP14;RPLP2;RPL15;UBA52;RPL10A;EXOSC3;MPHOSPH10;RPLP1"
"Cellular Response To Starvation R-HSA-9711097",7.19208532642076e-24,4.19658178796651e-22,1.26273988547916,0.64488411410319,2.94344565360946,151,"RPL21;RPS28;RPS12;RPL30;RPL32;SESN2;RPS27A;RPS3A;RPL39;RPL19;RPL37;RPS27;RPSA;RPL7;RPS2;RPS6;RPL18A;RPS9;RPS23;RPL5;RPL34;RPL37A;RPS11;RPS24;RPS10;RPS7;RPS8;RPS13;RPL7A;RPL12;RPL6;RPS19;RPS16;RPS29;RPL27A;RPS14;RPS3;RPS17;RPS20;ATF4;RPS4X;RPL28;RPL9;RPS5;RPL4;RPS15A;RPL22;RPL38;RPL36A;RPL26;RPL29;RPLP0;RPS25;RPL35;RPL31;RPL11;RPL14;RPL18;FAU;RPS15;RPL36AL;RPS21;RPLP2;RPL15;UBA52;RPL10A"
"Regulation Of Expression Of SLITs And ROBOs R-HSA-9010553",3.10848250814572e-23,1.72742813666955e-21,1.24623277191648,0.634644910426352,2.93172576190664,165,"RPL21;RPS28;RPS12;RPL30;RPL32;RPS27A;RPS3A;RPL39;RPL19;RPL37;RPS27;RPSA;RPL7;RPS2;RPS6;RPL18A;RPS9;RPS23;RPL5;RPL34;RPL37A;RPS11;RPS24;RPS10;RPS7;RPS8;RPS13;RPL7A;CASC3;RPL12;RPL6;RPS19;RPS16;RPS29;RPL27A;RPS14;RPS3;RPS17;RPS20;RPS4X;RPL28;RPL9;RPS5;RPL4;RPS15A;RPL22;RPL38;RPL36A;RPL26;RPL29;RPLP0;RPS25;RPL35;RPL31;UPF3A;RPL11;RPL14;RPL18;FAU;RPS15;RPL36AL;RPS21;RPLP2;RPL15;PABPC1;UBA52;RPL10A;PSMD10;RPLP1"
"mRNA Activation Upon Binding Of Cap-Binding Complex And eIFs, Subsequent Binding To 43S R-HSA-72662",8.30117423359301e-23,4.40339560481956e-21,1.23789667319529,0.828309776434802,3.20754307514013,58,"RPS28;RPS12;RPS27A;RPS3A;RPS27;RPSA;RPS2;RPS6;RPS9;RPS23;RPS11;RPS24;RPS10;RPS7;RPS8;RPS13;RPS19;RPS16;RPS29;RPS14;RPS3;RPS17;RPS20;RPS4X;RPS5;RPS15A;EIF3L;RPS25;EIF4B;EIF3F;EIF3J;FAU;RPS15;RPS21;PABPC1"
"Ribosomal Scanning And Start Codon Recognition R-HSA-72702",1.1644070212926e-22,5.82485958225086e-21,1.22950405660873,0.828627555027007,3.18422931320218,57,"RPS28;RPS12;RPS27A;RPS3A;RPS27;RPSA;RPS2;RPS6;RPS9;RPS23;RPS11;RPS24;RPS10;RPS7;RPS8;RPS13;RPS19;RPS16;RPS29;RPS14;RPS3;RPS17;RPS20;RPS4X;RPS5;RPS15A;EIF3L;RPS25;EIF4B;EIF3F;EIF3J;FAU;RPS15;RPS21;EIF5"
"Translation Initiation Complex Formation R-HSA-72649",1.19791456704388e-22,5.82485958225086e-21,1.22950405660873,0.828572976052413,3.1840195784791,57,"RPS28;RPS12;RPS27A;RPS3A;RPS27;RPSA;RPS2;RPS6;RPS9;RPS23;RPS11;RPS24;RPS10;RPS7;RPS8;RPS13;RPS19;RPS16;RPS29;RPS14;RPS3;RPS17;RPS20;RPS4X;RPS5;RPS15A;EIF3L;RPS25;EIF4B;EIF3F;EIF3J;FAU;RPS15;RPS21;PABPC1"
"Formation Of Ternary Complex, And Subsequently, 43S Complex R-HSA-72695",6.87897645789364e-22,3.21110621054475e-20,1.21254456769062,0.84761326452786,3.17248626536997,50,"RPS28;RPS12;RPS27A;RPS3A;RPS27;RPSA;RPS2;RPS6;RPS9;RPS23;RPS11;RPS24;RPS10;RPS7;RPS8;RPS13;RPS19;RPS16;RPS29;RPS14;RPS3;RPS17;RPS20;RPS4X;RPS5;RPS15A;EIF3L;RPS25;EIF3F;EIF3J;FAU;RPS15;RPS21"
"Signaling By ROBO Receptors R-HSA-376176",3.53821091597523e-20,1.58811236113196e-18,1.16017957183021,0.568795350465095,2.72368514911013,205,"RPL21;RPS28;RPS12;RPL30;RPL32;RPS27A;RPS3A;RPL39;RPL19;RPL37;RPS27;RPSA;RPL7;RPS2;RPS6;RPL18A;RPS9;RPS23;RPL5;RPL34;RPL37A;RPS11;RPS24;RPS10;RPS7;RPS8;RPS13;RPL7A;CASC3;RPL12;RPL6;RPS19;RPS16;RPS29;RPL27A;RPS14;RPS3;RPS17;RPS20;RNASE1;RPS4X;RPL28;RPL9;MYO9B;RPS5;NCK2;RPL4;RPS15A;RPL22;RPL38;RPL36A;RPL26;RPL29;RPLP0;RPS25;RPL35;RPL31;UPF3A;PFN1;RPL11;RPL14;RPL18;FAU;RPS15;CXCR4;RPL36AL;RPS21;RPLP2;RPL15;PABPC1;UBA52;RPL10A;PSMD10;RPLP1;PKN1"
"SARS-CoV-2 Modulates Host Translation Machinery R-HSA-9754678",1.08591468427467e-19,4.69356457980939e-18,1.14219120216838,0.84125384453777,3.1086818472389,47,"RPS28;RPS12;RPS27A;RPS3A;RPS27;RPSA;RPS2;RPS6;RPS9;RPS23;RPS11;RPS24;RPS10;RPS7;RPS8;RPS13;RPS19;RPS16;RPS29;RPS14;RPS3;RPS17;RPS20;RPS4X;RPS5;RPS15A;RPS25;SMN1;FAU;RPS15;RPS21"
"Transmission Across Chemical Synapses R-HSA-112315",6.13163251372642e-19,2.55557683697097e-17,1.12391496374483,-0.518164936005015,-2.52414313144655,246,"GABBR2;SYN1;RAB3A;CPLX1;CAMK2A;SLC17A7;TSPAN7;GLUL;STXBP1;SNAP25;SYT1;PRKCB;PLCB1;GABRA3;NPTN;AP2M1;NSF;GABRG2;GRIA2;CAMKK2;NEFL;SYN2;ARL6IP5;PRKAR2B;CACNA2D1;GNG3;NRGN;VAMP2;GABRB2;GNB5;GRIA1;GNB1;GABRB3;AP2A1;EPB41L1;PRKAR1B;GABRA2;PRKCG;HTR3E;AP2S1;DNAJC5;CAMK2G;SYN3;STX1A;CACNA1A;GABRA1;SLC1A1;ADCY1;GABRA4;ARHGEF9;GABRB1;SLC1A2;CHRNA4;GLRB;CHRND;CHRNB2;GNB2;PPFIA3;CACNA1B;CACNB3;SLC6A13;CREB1;NBEA;CACNB1;GRIN2B;GRIA3;CAMKK1;MAPK3;PRKAR2A;RASGRF1;SLC6A1;CAMK2D;CALM1;PRKACB;CACNG8;PRKAR1A;GAD1;CACNG3;GABRA5;SLC6A11;RPS6KA6;PPFIA2;ADCY9;PRKAG1;GRIK5;RIMS1;GRIA4;LIN7A;GNG2"
"Translation R-HSA-72766",4.90456980748657e-18,1.97366653977132e-16,1.0959292864312,0.501000907406034,2.49416141390797,276,"RPL21;RPS28;AURKAIP1;RPS12;RPL30;RPL32;RPS27A;RPS3A;GFM2;RPL39;RPL19;RPL37;RPS27;RPSA;RPL7;RPS2;RPS6;RPL18A;RPS9;RPS23;RPL5;RPL34;RPL37A;RPS11;RPS24;RPS10;RPS7;RPS8;RPS13;RPL7A;RPL12;RPL6;RPS19;RPS16;EEF1D;RPS29;RPL27A;RPS14;RPS3;RPS17;RPS20;RPS4X;RPL28;RPL9;RPS5;RPL4;RPS15A;MRPL14;RPL22;RPL38;RPL36A;RPL26;RPL29;EIF3L;RPLP0;RPS25;RPL35;RPL31;MRPL43;RPL11;RPL14;RPL18;EIF4B;EIF3F;EIF3J;EEF1G;DARS1;FAU;RPS15;RPL36AL;RPS21;RPLP2;EEF1B2;RPL15;EIF5;PABPC1;UBA52;RPL10A"
"Neuronal System R-HSA-112316",8.80148726739206e-18,3.42377854701551e-16,1.0864405425825,-0.447564223650613,-2.28407522504393,386,"GABBR2;SYN1;RAB3A;CPLX1;CAMK2A;SLC17A7;TSPAN7;GLUL;STXBP1;SNAP25;SYT1;PRKCB;DLGAP1;PLCB1;GABRA3;NPTN;AP2M1;NSF;GABRG2;GRIA2;KCNAB2;CAMKK2;NEFL;SYN2;KCNC2;ARL6IP5;PRKAR2B;CACNA2D1;GNG3;NRGN;VAMP2;NRXN3;HCN1;KCNC1;GABRB2;GNB5;GRIA1;GNB1;KCNV1;GABRB3;AP2A1;EPB41L1;NRXN1;PRKAR1B;GABRA2;PRKCG;HTR3E;AP2S1;DNAJC5;NLGN4X;CAMK2G;SYN3;STX1A;CACNA1A;GABRA1;SLC1A1;ADCY1;GABRA4;KCNA2;ARHGEF9;HCN2;GABRB1;SLC1A2;CHRNA4;KCND2;GLRB;SLITRK4;CHRND;CHRNB2;GNB2;PPFIA3;KCNB1;KCNMB1;CACNA1B;CACNB3;KCNA5;SLC6A13;CREB1;NBEA;CACNB1;GRIN2B;SYT7;SHANK2;GRIA3;CAMKK1;MAPK3;LRRC4B;LRFN3;KCNH1;PANX2;DLGAP4;PRKAR2A;RASGRF1;SLC6A1;CAMK2D;CALM1;PRKACB;CACNG8;KCNQ2;PRKAR1A;GAD1;KCNN1;KCNA4;CACNG3;GABRA5;NRXN2;SLC6A11;NLGN3;RPS6KA6;PPFIA2;ADCY9;SLITRK5;PRKAG1;KCNQ5;ABCC8;GRIK5;RIMS1;GRIA4;SHANK3;LIN7A;GNG2;NTRK3;RTN3"
"Metabolism Of Amino Acids And Derivatives R-HSA-71291",5.45517496632585e-16,2.05360941474267e-14,1.02766987054358,0.443218666709404,2.28064085613895,361,"RPL21;RPS28;RPS12;RPL30;RPL32;RPS27A;RPS3A;RPL39;RPL19;RPL37;RPS27;RPSA;RPL7;RPS2;RPS6;RPL18A;RPS9;RPS23;RPL5;RPL34;RPL37A;RPS11;RPS24;RPS10;RPS7;RPS8;RPS13;RPL7A;RPL12;RPL6;RPS19;RPS16;RPS29;RPL27A;RPS14;MPST;RPS3;RPS17;RPS20;QDPR;RPS4X;SLC6A8;RPL28;RPL9;RPS5;SLC44A1;RPL4;RPS15A;RPL22;RPL38;RPL36A;RPL26;RPL29;ASPA;RPLP0;OCA2;FOLH1;RPS25;PRODH2;RPL35;RPL31;PSPH;ACAD8;RPL11;RPL14;PSAT1;RPL18;DARS1;FAU;ASL;RPS15;DUOX1;RPL36AL;RPS21;RPLP2;SARDH;GCDH;CARNS1;RPL15;KYAT1;GOLT1A;UBA52;PHGDH;RPL10A;SERINC5;TMLHE;PSMD10;RPLP1;PDHA2"
"SARS-CoV-2-host Interactions R-HSA-9705683",1.18459098803621e-13,4.32005525949457e-12,0.943632225232838,0.507637903320329,2.39995810373773,188,"RPS28;RPS12;RPS27A;RPS3A;RPS27;RPSA;RPS2;RPS6;RPS9;RPS23;ATG14;IFNA14;RPS11;RPS24;RPS10;RPS7;RPS8;RPS13;RPS19;RPS16;HSP90AA1;RPS29;RPS14;HLA-C;RPS3;RPS17;RPS20;AAAS;RPS4X;PTPN11;RPS5;RPS15A;RPS25;IFNA4;RNASE7;SMN1;CRB3;POM121C;G3BP1;B2M;FAU;RPS15;RPS21;NUP214;NUP50;YWHAQ"
"Neurotransmitter Receptors And Postsynaptic Signal Transmission R-HSA-112314",1.02561289713712e-11,3.62694015442127e-10,0.875325132024659,-0.483012863144283,-2.27195468997877,182,"GABBR2;CAMK2A;TSPAN7;PRKCB;PLCB1;GABRA3;NPTN;AP2M1;NSF;GABRG2;GRIA2;CAMKK2;NEFL;PRKAR2B;GNG3;NRGN;GABRB2;GNB5;GRIA1;GNB1;GABRB3;AP2A1;EPB41L1;PRKAR1B;GABRA2;PRKCG;HTR3E;AP2S1;CAMK2G;GABRA1;ADCY1;GABRA4;ARHGEF9;GABRB1;CHRNA4;GLRB;CHRND;CHRNB2;GNB2;CREB1;NBEA;GRIN2B;GRIA3;CAMKK1;MAPK3;PRKAR2A;RASGRF1;CAMK2D;CALM1;PRKACB;CACNG8;PRKAR1A;CACNG3;GABRA5;RPS6KA6;ADCY9;PRKAG1;GRIK5;GRIA4;LIN7A;GNG2;AKAP5;ARHGEF7;GNG4;PRKCA"
"SARS-CoV-2 Infection R-HSA-9694516",3.79541148533504e-10,1.30271917746647e-08,0.814035837847908,0.413883301103244,2.06142699485643,273,"MAN2A1;RPS28;RPS12;RPS27A;RPS3A;RPS27;RPSA;RPS2;RPS6;RPS9;ZDHHC20;RPS23;ATG14;IFNA14;RPS11;RPS24;RPS10;RPS7;RPS8;RPS13;RPS19;RPS16;HSP90AA1;RPS29;RPS14;HLA-C;RPS3;RPS17;RPS20;AAAS;RPS4X;PTPN11;RPS5;RPS15A;ZDHHC11;RPS25;IFNA4;RNASE7;SMN1;CRB3;GOLGA7;POM121C;G3BP1;B2M;FAU;RPS15;RPS21;NUP214;NUP50;YWHAQ;DAD1;UBA52;ZDHHC3;STAT2;HLA-B;NUP62;GJA1"
"Neurotransmitter Release Cycle R-HSA-112310",5.69689568348165e-09,1.89950778932088e-07,0.761460801445585,-0.649384882626084,-2.45224527766244,50,"SYN1;RAB3A;CPLX1;SLC17A7;STXBP1;SNAP25;SYT1;SYN2;ARL6IP5;VAMP2;DNAJC5;SYN3;STX1A;SLC1A1;SLC1A2;PPFIA3;SLC6A13;SLC6A1;GAD1;SLC6A11;PPFIA2;RIMS1;LIN7A"
"Opioid Signaling R-HSA-111885",9.06273308732223e-09,2.93783597580696e-07,0.747739663149885,-0.542023451477558,-2.26172530382171,88,"CAMK2A;PLCB1;PPP3R1;CAMKK2;ITPR1;PRKAR2B;GNG3;PPP3CB;GNB5;GNB1;PRKAR1B;PRKCG;PDE1B;PDE4B;CAMK2G;ADCY1;PPP2R1A;PLA2G4A;PPP2CA;GNB2;PPP3CA;CREB1;NBEA;GRK2;CAMKK1;PPP1R1B;PRKAR2A;CAMK2D;CALM1;PRKACB;PRKAR1A;PDE1A;PDYN;ADCY9;PDE4A;GNG2;PDE4D;GNG4;PRKCA"
"SARS-CoV Infections R-HSA-9679506",3.64970515896298e-08,1.15113673527292e-06,0.719512826338911,0.356264407344923,1.82571073095129,357,"MAN2A1;RPS28;RPS12;CD79B;RPS27A;RPS3A;RPS27;RPSA;RPS2;RPS6;RPS9;ZDHHC20;RPS23;ATG14;IFNA14;RPS11;RPS24;RPS10;RPS7;RPS8;RPS13;RPS19;RPS16;HSP90AA1;RPS29;RPS14;HLA-C;RPS3;RPS17;RPS20;AAAS;RPS4X;PTPN11;RPS5;RPS15A;ZDHHC11;FKBP4;RPS25;KDM1A;ITGB1;IFNA4;RNASE7;SMN1;CRB3;GOLGA7;POM121C;TLR9;G3BP1;B2M;FAU;PDCD1;RPS15;RPS21;NUP214;NUP50;YWHAQ;DAD1;FXYD4;UBA52;CHD4;PTGES3;ZDHHC3;STAT2;HLA-B;NUP62;GJA1;FNTA;GEMIN2;NUP188;AP2A2;PRMT1;IL17RA;RBBP4;CAV1;COMT"
"Phase 0 - Rapid Depolarisation R-HSA-5576892",4.98546471720422e-08,1.5310624539414e-06,0.719512826338911,-0.704246361483639,-2.37486597434083,32,"CAMK2A;SCN1B;FGF12;SCN8A;FGF14;SCN2B;SCN2A;FGF13;SCN1A;CAMK2G;SCN3A;CACNB1;CAMK2D;CALM1;CACNG8;SCN4B;SCN3B"
"Glutamate Neurotransmitter Release Cycle R-HSA-210500",1.66396095929841e-07,4.97908317820833e-06,0.690132458796796,-0.756562690893703,-2.37038880150299,23,"RAB3A;CPLX1;SLC17A7;STXBP1;SNAP25;SYT1;ARL6IP5;VAMP2;STX1A;SLC1A1;SLC1A2;PPFIA3;PPFIA2;RIMS1"
"Olfactory Signaling Pathway R-HSA-381753",2.05078046908179e-07,5.98315201854611e-06,0.690132458796796,0.341255089057274,1.76178046925742,381,"OR2A14;OR4Q3;OR5V1;OR2A1;OR2B11;OR5L1;OR2M5;OR4C46;OR5D16;OR9G4;OR4X1;OR2A2;OR9Q2;RTP2;OR9Q1;OR4F17;OR10AD1;OR4X2;OR6T1;OR4F21;OR13C9;OR6C74;OR2Z1;OR2H2;OR10J5;OR4F15;OR5W2;OR2S2;OR5H15;OR4L1;OR2T8;OR8B2;OR5A1;OR2A4;OR10G4;OR10T2;OR8G1;ANO2;OR1C1;OR7C1;OR2T35;OR51B6;OR4C15;OR10K1;OR51E2;OR10D3;OR6N2;OR2T34;OR1E1;OR6S1;OR7D4;OR2J2;OR10A7;OR2F1;OR51L1;OR10H2;LHX2;OR4C13;OR2T27;RTP1;OR1J1;OR52E4;OR6P1;OR51Q1;OR2L13;OR4D11;OR5AU1;OR4C5;OR9G9;OR52J3;OR2T5;OR10Z1;OR1L8;OR5B3;OR52K1;OR52E2;OR4A47;OR5T2;OR2T11;OR1F1;OR56A1;OR8B4;OR4D9;OR51S1;OR2G2;OR6F1;OR1N1;OR10H3;OR10G7;OR7D2;OR5H14;OR10J4;OR2C3;OR10G3;OR4K14;OR5H2;OR2L5;OR4K15;OR4P4;OR4C3;OR13D1;OR4A5;OR2AJ1;OR51B2;OR1A2;OR11H4;OR11H6;OR5T1;OR1K1;OR13C5;OR14A2;EBF1;OR4S1;OR6M1;OR56B4;OR5M10"
"Expression And Translocation Of Olfactory Receptors R-HSA-9752946",2.45601178009049e-07,6.8242041603943e-06,0.674962860011025,0.34750266866851,1.79060780854601,373,"OR2A14;OR4Q3;OR5V1;OR2A1;OR2B11;OR5L1;OR2M5;OR4C46;OR5D16;OR9G4;OR4X1;OR2A2;OR9Q2;RTP2;OR9Q1;OR4F17;OR10AD1;OR4X2;OR6T1;OR4F21;OR13C9;OR6C74;OR2Z1;OR2H2;OR10J5;OR4F15;OR5W2;OR2S2;OR5H15;OR4L1;OR2T8;OR8B2;OR5A1;OR2A4;OR10G4;OR10T2;OR8G1;OR1C1;OR7C1;OR2T35;OR51B6;OR4C15;OR10K1;OR51E2;OR10D3;OR6N2;OR2T34;OR1E1;OR6S1;OR7D4;OR2J2;OR10A7;OR2F1;OR51L1;OR10H2;LHX2;OR4C13;OR2T27;RTP1;OR1J1;OR52E4;OR6P1;OR51Q1;OR2L13;OR4D11;OR5AU1;OR4C5;OR9G9;OR52J3;OR2T5;OR10Z1;OR1L8;OR5B3;OR52K1;OR52E2;OR4A47;OR5T2;OR2T11;OR1F1;OR56A1;OR8B4;OR4D9;OR51S1;OR2G2;OR6F1;OR1N1;OR10H3;OR10G7;OR7D2;OR5H14;OR10J4;OR2C3;OR10G3;OR4K14;OR5H2;OR2L5;OR4K15;OR4P4;OR4C3;OR13D1;OR4A5;OR2AJ1;OR51B2;OR1A2;OR11H4;OR11H6;OR5T1;OR1K1;OR13C5;OR14A2;EBF1;OR4S1;OR6M1;OR56B4;OR5M10"
"Glutamate Binding, Activation Of AMPA Receptors And Synaptic Plasticity R-HSA-399721",2.42266966072117e-07,6.8242041603943e-06,0.674962860011025,-0.683064471767093,-2.29354543847507,31,"CAMK2A;TSPAN7;PRKCB;AP2M1;NSF;GRIA2;GRIA1;AP2A1;EPB41L1;PRKCG;AP2S1;CAMK2G;GRIA3;CAMK2D;CACNG8;CACNG3;GRIA4;AKAP5;PRKCA"
"Transferrin Endocytosis And Recycling R-HSA-917977",3.68167326923199e-07,9.99189001207844e-06,0.674962860011025,-0.678741161110198,-2.27902893257251,31,"ATP6V1G2;ATP6V1A;ATP6V1B2;ATP6V1D;ATP6V0A1;ATP6AP1;ATP6V0C;ATP6V0E2;ATP6V0A4;STEAP2;ATP6V0D1;ATP6V1H;TFRC;ATP6V1G1;ATP6V1C1"
"Serotonin Neurotransmitter Release Cycle R-HSA-181429",3.87176035163134e-07,1.02689643871677e-05,0.674962860011025,-0.799423858434596,-2.36909734200492,18,"SYN1;RAB3A;CPLX1;STXBP1;SNAP25;SYT1;SYN2;VAMP2;SYN3;STX1A;PPFIA3;PPFIA2;RIMS1"
"GABA Synthesis, Release, Reuptake And Degradation R-HSA-888590",4.19669714772932e-07,1.08834346031114e-05,0.674962860011025,-0.787026527782333,-2.36976772747116,19,"RAB3A;CPLX1;STXBP1;SNAP25;SYT1;VAMP2;DNAJC5;STX1A;SLC6A13;SLC6A1;GAD1;SLC6A11;RIMS1"
"Insulin Receptor Recycling R-HSA-77387",7.67865781976107e-07,1.9480421034046e-05,0.659444398037935,-0.712425162162799,-2.29992386531499,26,"ATP6V1G2;ATP6V1A;ATP6V1B2;ATP6V1D;ATP6V0A1;ATP6AP1;ATP6V0C;ATP6V0E2;ATP6V0A4;ATP6V0D1;ATP6V1H;ATP6V1G1;ATP6V1C1"
"DARPP-32 Events R-HSA-180024",8.56918560923077e-07,2.12771055446219e-05,0.659444398037935,-0.723197406142331,-2.28496922225144,24,"PPP3R1;PRKAR2B;PPP3CB;PRKAR1B;PDE4B;PPP2R1A;PPP2CA;PPP3CA;PPP1R1B;PRKAR2A;CALM1;PRKACB;PRKAR1A;PDE4A;PDE4D;PRKCA"
"Citric Acid (TCA) Cycle And Respiratory Electron Transport R-HSA-1428517",1.05191637250534e-06,2.55747168065361e-05,0.643551836150722,-0.428065088358588,-1.97435420090151,159,"ATP5F1B;ATP5F1A;PDHB;CYCS;ATP5MC3;COX7C;MDH2;COX5A;LDHB;COX6C;NDUFA13;COX8A;BSG;PDK3;NDUFA9;NDUFAF4;IDH3B;ATP5F1D;NDUFC1;NDUFS5;NDUFAB1;NDUFA8;UQCRC1;SUCLA2;COX7B;NDUFS8;LDLR;NDUFB2;NDUFA1;NDUFB6;NDUFV2;NDUFB10;NDUFB4;SDHB;COA1;UQCRFS1;GLO1;UQCRQ;COX14;NDUFB3;COX6B1;NDUFS4;NDUFB8;ATP5PD;ADHFE1;ETFDH;IDH3A;SLC25A14;NDUFS3;ACAD9;CS;PPARD;COX6A1;VDAC1;PDK2;NDUFV1;NDUFA5;COX7A2L;TRAP1;ECSIT;PDPK1;ATP5PO;COX4I1;UCP2;UCP1;IDH3G;ATP5MC2;FAHD1;ATP5PF;UQCR11;NDUFA7;SDHA;PDP2;LDHC;ATP5F1E;NDUFAF6;NDUFB5;NDUFAF7;DLAT;NUBPL;ATP5MF;IDH2;SUCLG1;NDUFA10;PDHA1;COX5B"
"Attenuation Phase R-HSA-3371568",1.69886442973209e-06,4.04607099897419e-05,0.643551836150722,0.716014006330746,2.29809047150281,25,"HSPA2;HSPA1A;HSP90AA1;HSPA1B;DNAJB1;SERPINH1;FKBP4;HSBP1;PTGES3"
"Respiratory Electron Transport, ATP Synthesis By Chemiosmotic Coupling, Heat Production By Uncoupling Proteins R-HSA-163200",2.96894978489696e-06,6.9295287979495e-05,0.627256739718528,-0.456875799286286,-1.98458232561064,111,"ATP5F1B;ATP5F1A;CYCS;ATP5MC3;COX7C;COX5A;COX6C;NDUFA13;COX8A;NDUFA9;NDUFAF4;ATP5F1D;NDUFC1;NDUFS5;NDUFAB1;NDUFA8;UQCRC1;COX7B;NDUFS8;NDUFB2;NDUFA1;NDUFB6;NDUFV2;NDUFB10;NDUFB4;SDHB;COA1;UQCRFS1;UQCRQ;COX14;NDUFB3;COX6B1;NDUFS4;NDUFB8;ATP5PD;ETFDH;SLC25A14;NDUFS3;ACAD9;COX6A1;NDUFV1;NDUFA5;COX7A2L;TRAP1;ECSIT"
"Dopamine Neurotransmitter Release Cycle R-HSA-212676",3.77345922418321e-06,8.63456257768981e-05,0.627256739718528,-0.714189112912644,-2.23762801917144,23,"SYN1;RAB3A;CPLX1;STXBP1;SNAP25;SYT1;SYN2;VAMP2;SYN3;STX1A;PPFIA3;PPFIA2;RIMS1;LIN7A"
"Respiratory Electron Transport R-HSA-611105",3.877981010196e-06,8.70308430557447e-05,0.610526878385931,-0.480584551912824,-2.01247431614531,89,"CYCS;COX7C;COX5A;COX6C;NDUFA13;COX8A;NDUFA9;NDUFAF4;NDUFC1;NDUFS5;NDUFAB1;NDUFA8;UQCRC1;COX7B;NDUFS8;NDUFB2;NDUFA1;NDUFB6;NDUFV2;NDUFB10;NDUFB4;SDHB;COA1;UQCRFS1;UQCRQ;COX14;NDUFB3;COX6B1;NDUFS4;NDUFB8;ETFDH;NDUFS3;ACAD9;COX6A1;NDUFV1;NDUFA5;COX7A2L;TRAP1;ECSIT"
"Trafficking Of GluR2-containing AMPA Receptors R-HSA-416993",5.62776653722511e-06,0.00012391704809324,0.610526878385931,-0.761798903024277,-2.21374063802639,17,"TSPAN7;PRKCB;AP2M1;NSF;GRIA2;GRIA1;AP2A1;PRKCG;AP2S1;GRIA3;GRIA4;PRKCA"
"Organelle Biogenesis And Maintenance R-HSA-1852241",7.19508506090853e-06,0.00015549378270519,0.610526878385931,-0.343182127312773,-1.69652572830476,274,"MEF2C;APOO;ATP5F1B;ATP5F1A;ARL6;PRKAR2B;CYCS;TUBA4A;ATP5MC3;IFT57;YWHAG;DCTN3;HAUS3;HAUS8;DCTN1;HSPA9;TUBB4B;CRTC1;MTX2;PPP2R1A;ATP5F1D;EXOC1;RAB11A;IFT81;KIFAP3;PTGES2;SIRT4;CETN2;MARK4;SIRT3;DYNC1H1;TTC8;CREB1;TMEM11;IFT122;DYNLRB1;CEP89;NCOA2;IMMT;CEP63;CALM1;TBL1XR1;KIF3C;TTBK2;PRKAG1;MKKS;ATP5PD;B9D1;CEP290;EXOC7;DYNLRB2;FBF1;KIF3B;HAUS7;IFT140;MCHR1;PRKCA;EXOC8;CEP76;TRAF3IP1;CCT2;PDE6D;TRIP11;DNAJC11;MAPK11;BBS10;EXOC6;SAMM50;IFT74;PRKAA2;NR1D1;ATP5PO;SMOX;IQCB1;DYNLT2B;IFT22;CEP152;AHI1;CEP83;CHCHD6;PAFAH1B1;TMEM216;BBS5;CHD9;ATP5MC2;PCNT;TMEM67;TCP1;ATP5PF;RPGRIP1L;BBS7;HAUS2;CARM1;IFT27;PPARGC1B;SSNA1;EXOC4;ATP5F1E;CEP97;ODF2;BBS12;HAUS6;C2CD3;EXOC5;TTC21B;ATP5MF;PRKAG2;HDAC3;IDH2;CEP131;CEP72;HSPB11;KIF3A;CHCHD3;PRKAG3;SMARCD3;DYNC2H1;TCTN1;PPRC1;PPARA;DYNC2LI1;IFT88;NUDT19;SSBP1;KIF17;MICOS13;ATAT1;INPP5E;MEF2D;BBS2;ATP5PB;WDR35;CEP164;CEP43;DCTN2;TTC30A;ASAP1;GDNF;NINL;DYNLT5"
"Ca-dependent Events R-HSA-111996",9.55525999924137e-06,0.000202745243983903,0.593325476396405,-0.622684745404752,-2.13748379691818,35,"CAMK2A;CAMKK2;PRKAR2B;PRKAR1B;PRKCG;PDE1B;CAMK2G;ADCY1;PLA2G4A;CREB1;NBEA;GRK2;CAMKK1;PRKAR2A;CAMK2D;CALM1;PRKACB;PRKAR1A;PDE1A;ADCY9"
"PLC Beta Mediated Events R-HSA-112043",9.98279654647973e-06,0.000208034349459676,0.593325476396405,-0.571540540522892,-2.13404089239912,47,"CAMK2A;PLCB1;CAMKK2;ITPR1;PRKAR2B;PRKAR1B;PRKCG;PDE1B;CAMK2G;ADCY1;PLA2G4A;CREB1;NBEA;GRK2;CAMKK1;PRKAR2A;CAMK2D;CALM1;PRKACB;PRKAR1A;PDE1A;ADCY9"
"Integration Of Energy Metabolism R-HSA-163685",1.01725183374705e-05,0.000208268928067159,0.593325476396405,-0.449935491732667,-1.94653362741024,105,"STXBP1;SNAP25;PLCB1;ACACA;ITPR1;KCNC2;PRKAR2B;GNG3;VAMP2;GNAS;SYT5;GNB5;ACSL4;GNB1;PRKAR1B;MLXIPL;ACSL3;STX1A;CACNA1A;ADCY1;PPP2R1A;PPP2CA;GNB2;KCNB1;CACNB3;PRKAR2A;PRKACB;PRKAR1A;ADCY9;ABCC8;ACLY;GNG2;AKAP5;STK11;GNG4;PRKCA"
"Acetylcholine Neurotransmitter Release Cycle R-HSA-264642",1.04643014819539e-05,0.000210548962576555,0.593325476396405,-0.752995894984415,-2.188159639475,17,"RAB3A;CPLX1;STXBP1;SNAP25;SYT1;VAMP2;STX1A;PPFIA3;PPFIA2;RIMS1;TSPOAP1"
"DAG And IP3 Signaling R-HSA-1489509",1.10541044177627e-05,0.000218646438229307,0.593325476396405,-0.607180095385836,-2.15306175143191,39,"CAMK2A;CAMKK2;ITPR1;PRKAR2B;PRKAR1B;PRKCG;PDE1B;CAMK2G;PRKCE;ADCY1;CREB1;NBEA;GRK2;CAMKK1;PRKAR2A;CAMK2D;CALM1;PRKACB;PRKAR1A;PDE1A;ADCY9"
"Regulation Of Insulin Secretion R-HSA-422356",1.17877730104525e-05,0.000229272185053302,0.593325476396405,-0.493301193663399,-2.01717779385497,77,"STXBP1;SNAP25;PLCB1;ITPR1;KCNC2;PRKAR2B;GNG3;VAMP2;GNAS;SYT5;GNB5;ACSL4;GNB1;PRKAR1B;ACSL3;STX1A;CACNA1A;GNB2;KCNB1;CACNB3;PRKAR2A;PRKACB;PRKAR1A;ABCC8;GNG2;AKAP5;GNG4;PRKCA"
"Beta-catenin Independent WNT Signaling R-HSA-3858494",1.66234832805662e-05,0.000318026311285586,0.575610261071129,-0.405641550864514,-1.83904955622938,141,"CLTC;CAMK2A;NLK;PRKCB;PLCB1;AP2M1;PPP3R1;ITPR1;GNG3;GNAO1;PPP3CB;GNB5;GNB1;AP2A1;PRKCG;CLTB;AP2S1;PSMD7;RORA;PSMD2;PSMC5;PSMC4;PSMD12;GNB2;PPP3CA;PSMF1;FZD1;PSMC2;PSMD11;AGO4;PSMB5;CALM1;CLTA;PARD6A;PSMA6;PSMA1;PSMC3;GNG2;PSMA3;PSMA5;GNG4;PRKCA;PSMD8;FZD4"
"Norepinephrine Neurotransmitter Release Cycle R-HSA-181430",1.72941335506346e-05,0.00032552022344501,0.575610261071129,-0.745270934158453,-2.2086148299923,18,"RAB3A;CPLX1;STXBP1;SNAP25;SYT1;VAMP2;STX1A;PPFIA3;PPFIA2;RIMS1;TSPOAP1"
"G-protein Mediated Events R-HSA-112040",2.43507887283895e-05,0.000451069372159215,0.575610261071129,-0.537698482131198,-2.0628246621335,52,"CAMK2A;PLCB1;CAMKK2;ITPR1;PRKAR2B;PRKAR1B;PRKCG;PDE1B;CAMK2G;ADCY1;PLA2G4A;CREB1;NBEA;GRK2;CAMKK1;PRKAR2A;CAMK2D;CALM1;PRKACB;PRKAR1A;PDE1A;ADCY9"
"CaM Pathway R-HSA-111997",3.54590474837053e-05,0.00064657356896069,0.557332238758646,-0.614953618814678,-2.06856171434912,33,"CAMK2A;CAMKK2;PRKAR2B;PRKAR1B;PRKCG;PDE1B;CAMK2G;ADCY1;CREB1;NBEA;GRK2;CAMKK1;PRKAR2A;CAMK2D;CALM1;PRKACB;PRKAR1A;PDE1A;ADCY9"
"Keratinization R-HSA-6805567",4.00641298524957e-05,0.000719305223659423,0.557332238758646,0.362744235288196,1.72550907931403,192,"PKP4;KRTAP10-3;KRTAP12-3;PCSK6;KRTAP9-2;KRTAP5-1;KRT18;KRTAP12-2;KRTAP10-2;KRT34;KRT8;KRTAP10-1;KRTAP21-1;KRTAP10-6;LCE1D;KRT28;JUP;KRT12;KRTAP9-4;KRT77;KRTAP9-6;KLK14;KRTAP5-7;KRTAP19-1;KRTAP10-7;KRTAP12-4;PI3;LCE5A;KRTAP2-3;KRT75;KRTAP8-1;LIPN;KRT72;LCE3D;KRTAP10-12;KRT84;KRT80;KRT35;LCE4A"
"Gluconeogenesis R-HSA-70263",5.02951577220367e-05,0.000889309834266921,0.557332238758646,-0.615944081856264,-2.06817335359647,31,"MDH1;ENO2;PGK1;TPI1;MDH2;ALDOC;ENO1;SLC37A2;GOT2;FBP1;ENO3;SLC25A1;GNPDA1;SLC25A11"
"GABA Receptor Activation R-HSA-977443",8.19323322793417e-05,0.00142709002641779,0.538434096309916,-0.502541540768884,-1.95410750757877,59,"GABBR2;GABRA3;NPTN;GABRG2;GNG3;GABRB2;GNB5;GNB1;GABRB3;GABRA2;GABRA1;ADCY1;GABRA4;ARHGEF9;GABRB1;GNB2"
"Post NMDA Receptor Activation Events R-HSA-438064",8.60034529578211e-05,0.00147597102355555,0.538434096309916,-0.487171722408961,-1.90650000175807,61,"CAMK2A;GRIA2;CAMKK2;NEFL;PRKAR2B;NRGN;GRIA1;PRKAR1B;CAMK2G;ADCY1;CREB1;GRIN2B;CAMKK1;MAPK3;PRKAR2A;RASGRF1;CAMK2D;CALM1;PRKACB;PRKAR1A;RPS6KA6;PRKAG1;ARHGEF7;PRKCA"
"HSF1-dependent Transactivation R-HSA-3371571",0.000105968540251601,0.00179225052860317,0.538434096309916,0.590813177134517,2.06712551447152,35,"CRYAB;HSPA2;HSPA1A;HSP90AA1;HSPA1B;DNAJB1;SERPINH1;FKBP4;HSBP1;HSPB8;PTGES3"
"Activation Of NMDA Receptors And Postsynaptic Events R-HSA-442755",0.000138080933559994,0.00230200642092162,0.518848077743792,-0.465535091238198,-1.89615253748511,74,"CAMK2A;GRIA2;CAMKK2;NEFL;PRKAR2B;NRGN;GRIA1;PRKAR1B;CAMK2G;ADCY1;CREB1;NBEA;GRIN2B;GRIA3;CAMKK1;MAPK3;PRKAR2A;RASGRF1;CAMK2D;CALM1;PRKACB;PRKAR1A;RPS6KA6;PRKAG1;GRIA4;LIN7A;ARHGEF7;PRKCA"
"MAPK Targets/ Nuclear Events Mediated By MAP Kinases R-HSA-450282",0.000141904100283944,0.0023324237328361,0.518848077743792,-0.607269175971698,-2.03432126974492,30,"MEF2C;MAPK10;PPP2R1A;MAPK8;PPP2CA;CREB1;MAPK3;RPS6KA5;DUSP3;FOS;MAPK9;MAPK11;JUN"
"Interaction Between L1 And Ankyrins R-HSA-445095",0.000152620595592535,0.00247372548689567,0.518848077743792,-0.604068767001332,-2.00485857899869,29,"SPTBN2;SCN1B;NRCAM;SCN8A;SCN2B;SCN2A;SCN1A;SCN3A;L1CAM;SPTAN1;KCNQ2;SCN4B;SCN3B;ANK2;KCNQ3;SPTBN4;SCN10A"
"Ion Transport By P-type ATPases R-HSA-936837",0.000207581358298185,0.00327361412343218,0.518848077743792,-0.505467303116768,-1.93917307454285,52,"ATP1A3;CAMK2A;ATP2B1;FXYD7;ATP13A2;CAMK2G;ATP1B3;ATP1B1;ATP9B;ATP2B3;ATP2A2;CAMK2D;CALM1;ATP9A;PDZD11;ATP4B;CUTC;ATP8B1;ATP1B2;FXYD3;ATP8A2;ATP1A2;SRI;ATP7B;ATP7A;ATP12A"
"Signaling By NTRK1 (TRKA) R-HSA-187037",0.000205399152744014,0.00327361412343218,0.518848077743792,-0.394525371291434,-1.7298493436365,114,"DNM1;CLTC;MEF2C;SHC3;AP2M1;EGR3;AP2A1;AP2S1;GRB2;PPP2R1A;CDK5R1;SHC2;ID2;YWHAB;PPP2CA;PIK3R2;MAP2K5;CREB1;MAPK13;RAPGEF1;SH3GL2;CDK5R2;MAPK3;RPS6KA5;PIK3R1;CLTA;RIT2;DUSP3;FOS;RALA"
"Ca2+ Pathway R-HSA-4086398",0.000298082681858466,0.00463816652971773,0.49849310876659,-0.465297597634621,-1.82089770383625,61,"CAMK2A;NLK;PLCB1;PPP3R1;ITPR1;GNG3;GNAO1;PPP3CB;GNB5;GNB1;GNB2;PPP3CA;AGO4;CALM1;GNG2;GNG4;PRKCA;FZD4"
"Antigen Processing: Ubiquitination And Proteasome Degradation R-HSA-983168",0.000311704954579364,0.00478631160518576,0.49849310876659,-0.306397159238059,-1.5256216361363,303,"PJA2;FBXW7;FBXL16;FBXO21;ASB5;UBE2W;PSMD7;PSMD2;PSMC5;UBE2K;MIB2;ASB17;ANAPC13;UBAC1;PSMC4;LNX1;PSMD12;HACE1;FBXO41;RNF6;ASB8;LMO7;HERC3;PSMF1;PJA1;UBE2D1;PSMC2;UBE3C;UBE2V2;PSMD11;FBXO11;ASB9;UBE2M;FBXO2;PSMB5;LRSAM1;TRIM32;SIAH2;LRRC41;FBXO6;RNF115;UBA1;UBE2D2;TRIM9;GLMN;TRIM37;UBE2N;PSMA6;PSMA1;PSMC3;FBXL12;THOP1;STUB1;GAN;HECW2;UBA6;PSMA3;SOCS3;PSMA5;KLHL3;FBXO22;UBE2U;PSMD8;NEDD4L;UBE2D4;FBXL19;UBE2L6;ASB6;FBXO15;CUL7;UBE2O;RNF41;FBXO44;ASB14;ANAPC4;UBE2G2;PSMA7;HUWE1;ZNRF2;KBTBD13;RBX1;TRAF7;FBXL5;KBTBD6;FBXW8;UBE3A;CUL3;TRAIP;UBE2E2;PSMC6;UBE2E3;ANAPC11;PSMD5;PSMB7;FBXO10;CBLB;RNF114;UBE2D3;CUL2;PSMB6;RNF14;FBXO32"
"Neddylation R-HSA-8951664",0.000333875800102635,0.00506016959376331,0.49849310876659,-0.327006754963095,-1.58757002770185,234,"RBBP7;FBXW7;FBXL16;FBXO21;ASB5;COPS4;PSMD7;FEM1B;OBSL1;VCP;PSMD2;PSMC5;DDB1;ASB17;PSMC4;DCUN1D5;PSMD12;EPAS1;FBXO41;ASB8;LMO7;PSMF1;UBE2D1;NAE1;PSMC2;PSMD11;FBXO11;ASB9;FEM1C;UBE2M;FBXO2;PSMB5;LRRC41;FBXO6;DCAF6;UBE2D2;DCAF8;PSMA6;PSMA1;PSMC3;FBXL12;GAN;WSB2;COMMD9;PSMA3;SOCS3;PSMA5;CCDC22;NUB1;KLHL3;FBXO22;CUL9;GPS1;PSMD8;COPS8;FBXL19;ASB6;FBXO15;CUL7;COPS7A;FBXO44;ASB14;COMMD10;COPS5;DDA1;PSMA7;KBTBD13;RBX1;FBXL5;KBTBD6;FBXW8;DCUN1D4;CUL3"
"Glucagon-like Peptide-1 (GLP1) Regulates Insulin Secretion R-HSA-381676",0.000445711891119085,0.00664086920374063,0.49849310876659,-0.510693829209578,-1.85749779173818,42,"ITPR1;KCNC2;PRKAR2B;GNG3;GNAS;GNB5;GNB1;PRKAR1B;GNB2;KCNB1;PRKAR2A;PRKACB;PRKAR1A;GNG2;AKAP5;GNG4;PRKCA"
"Ion Homeostasis R-HSA-5578775",0.00044955327086162,0.00664086920374063,0.49849310876659,-0.513878571185878,-1.92847834601138,49,"ATP1A3;CAMK2A;ITPR1;SLC8A2;ATP2B1;FXYD7;CAMK2G;ATP1B3;ATP1B1;ATP2B3;ATP2A2;ASPH;RYR2;CAMK2D;CALM1"
"L1CAM Interactions R-HSA-373760",0.000505464449135582,0.00729547127941043,0.477270815362862,-0.399015371930726,-1.70531756040423,99,"DNM1;CLTC;SPTBN2;SCN1B;AP2M1;NRCAM;SCN8A;CNTNAP1;SCN2B;AP2A1;AP2S1;SCN2A;SCN1A;GAP43;CNTN1;CHL1;SCN3A;L1CAM;EGFR;SH3GL2;MAPK3;SPTAN1;RPS6KA5;KCNQ2;CNTN6;CLTA;RPS6KA6;SCN4B;RANBP9;SCN3B;ITGA1;ANK2;CSNK2B;KCNQ3;SPTBN4;MAP2K1;SCN10A"
"Signaling By NTRKs R-HSA-166520",0.000506369471835685,0.00729547127941043,0.477270815362862,-0.366809163683287,-1.6329122240166,132,"DNM1;CLTC;MEF2C;SHC3;AP2M1;EGR3;AP2A1;AP2S1;GRB2;PPP2R1A;CDK5R1;SHC2;ID2;PTPRU;YWHAB;PPP2CA;PIK3R2;FURIN;MAP2K5;CREB1;MAPK13;GRIN2B;RAPGEF1;SH3GL2;CDK5R2;MAPK3;RPS6KA5;PIK3R1;CLTA;RIT2;DUSP3;FOS;RALA;FRS3;NELFB;NTRK3;VGF;DOCK3;EGR4;MAP2K1;MAPK11;ID1;DNAL4"
"Ion Channel Transport R-HSA-983712",0.00053300181183128,0.00758552578545249,0.477270815362862,-0.351127916435925,-1.64069202373273,173,"ATP1A3;CAMK2A;ATP6V1G2;ATP6V1A;ATP6V1B2;ATP6V1D;ATP6V0A1;ATP6AP1;ATP6V0C;TRPM2;ATP2B1;FXYD7;ATP6V0E2;ATP6V0A4;TRPC5;ATP13A2;CAMK2G;ATP1B3;ATP6V0D1;ATP1B1;ATP6V1H;TTYH3;TRPV1;WNK2;ATP9B;ATP2B3;ATP2A2;ANO9;ATP6V1G1;ASPH;RYR2;CAMK2D;CALM1;ATP6V1C1;ATP9A;PDZD11;STOM;ATP6V1F;UNC80;TSC22D3;TRPV2;ATP4B;SLC9B2;TRPM3;NEDD4L;CUTC;ATP8B1;ATP1B2;CLCN7;FXYD3;ATP8A2;CLCN4;ATP1A2;CLCN3;SLC9C2;SRI;TRPM8;SLC17A3;ATP7B;SCNN1D;ATP7A;ATP12A;UNC79;ASIC2;ANO5;ATP6V1E2"
"Muscle Contraction R-HSA-397014",0.000587907675582848,0.00816771735006171,0.477270815362862,-0.326902640701996,-1.55188332194813,194,"ATP1A3;CAMK2A;SCN1B;FGF12;ITPR1;SLC8A2;SCN8A;FGF14;ATP2B1;TMOD2;FXYD7;SCN2B;ANXA6;SCN2A;FGF13;SCN1A;CAMK2G;ATP1B3;ATP1B1;TNNT1;MMP12;KCND2;HIPK1;GUCY1B1;SCN3A;ATP2B3;KCNA5;CACNB1;ATP2A2;GUCY1A1;ASPH;RYR2;CAMK2D;DES;CALM1;CACNG8;NEB;SCN4B;TMOD3;KCNIP2;SCN3B;MYL12A;KCNIP4;TMOD4;ITGA1"
"WNT5A-dependent Internalization Of FZD4 R-HSA-5099900",0.000583447082356303,0.00816771735006171,0.477270815362862,-0.693809639029698,-1.93807251161039,15,"CLTC;PRKCB;AP2M1;AP2A1;PRKCG;CLTB;AP2S1;CLTA;PRKCA;FZD4"
"ROS And RNS Production In Phagocytes R-HSA-1222556",0.00062389965760304,0.00856577529909115,0.477270815362862,-0.541405258620552,-1.87036015974776,36,"ATP6V1G2;ATP6V1A;ATP6V1B2;ATP6V1D;ATP6V0A1;ATP6V0C;ATP6V0E2;ATP6V0A4;ATP6V0D1;ATP6V1H;ATP6V1G1;ATP6V1C1"
"Regulation Of Ornithine Decarboxylase (ODC) R-HSA-350562",0.000828246653415539,0.0112391144713481,0.477270815362862,-0.494286211852197,-1.86655258115415,50,"PSMD7;PSMD2;PSMC5;PSMC4;PSMD12;PSMF1;PSMC2;PSMD11;PSMB5;OAZ1;PSMA6;PSMA1;PSMC3;PSMA3;PSMA5;PSMD8;OAZ2;PSMA7;PSMC6;PSMD5;PSMB7;PSMB6;PSMB1;PSMD9;PSMB4;PSMB3;PSME3;PSMC1;PSMB9;PSME4"
"Platelet Homeostasis R-HSA-418346",0.000844872042443954,0.011332938776231,0.477270815362862,-0.41401788379378,-1.71211569034549,83,"ITPR1;SLC8A2;GNG3;GNAS;GNB5;ATP2B1;GNB1;PDE1B;PPP2R1A;PDE2A;PLA2G4A;GUCY1B1;PPP2CA;PPP2R5B;GNB2;KCNMB1;ATP2B3;ATP2A2;GUCY1A1;CALM1;PDE1A"
"Cardiac Conduction R-HSA-5576891",0.000858468543721027,0.0113844635286641,0.477270815362862,-0.378492708019739,-1.67564711531074,125,"ATP1A3;CAMK2A;SCN1B;FGF12;ITPR1;SLC8A2;SCN8A;FGF14;ATP2B1;FXYD7;SCN2B;SCN2A;FGF13;SCN1A;CAMK2G;ATP1B3;ATP1B1;MMP12;KCND2;HIPK1;SCN3A;ATP2B3;KCNA5;CACNB1;ATP2A2;ASPH;RYR2;CAMK2D;CALM1;CACNG8;SCN4B;KCNIP2;SCN3B;KCNIP4"
"CREB1 Phosphorylation Thru NMDA Receptor-Mediated Activation Of RAS Signaling R-HSA-442742",0.000948137994642586,0.0124323262893022,0.477270815362862,-0.575588582430444,-1.86997160232517,27,"CAMK2A;NEFL;CAMK2G;CREB1;GRIN2B;MAPK3;RASGRF1;CAMK2D;CALM1;RPS6KA6"
"Activation Of BAD And Translocation To Mitochondria R-HSA-111447",0.00100865144820865,0.0130788471117722,0.45505986738723,-0.681739965043785,-1.90435735105293,15,"PPP3R1;YWHAH;YWHAG;YWHAB;AKT1;BCL2"
"Cristae Formation R-HSA-8949613",0.00102857225657441,0.0131905914661795,0.45505986738723,-0.561979254497774,-1.86516666834501,29,"APOO;ATP5F1B;ATP5F1A;ATP5MC3;HSPA9;MTX2;ATP5F1D;TMEM11;IMMT;ATP5PD;DNAJC11;SAMM50;ATP5PO;CHCHD6;ATP5MC2;ATP5PF"
"Hedgehog Off State R-HSA-5610787",0.00104661906301931,0.0132761352885167,0.45505986738723,-0.397023414047476,-1.6912762046443,97,"PRKAR2B;GNAS;IFT57;PRKAR1B;PSMD7;ADCY1;PSMD2;PSMC5;PSMC4;GSK3B;PSMD12;PSMF1;IFT122;PSMC2;PSMD11;PSMB5;PRKAR2A;GPR161;PRKACB;PRKAR1A;ADCY9;PSMA6;PSMA1;PSMC3;PSMA3;PSMA5;IFT140;PRKCA;SUFU;KIF7;PSMD8;PSMA7;RBX1;SMOX;ADCY2;PSMC6;PSMD5;PSMB7;GLI3;RPGRIP1L;PSMB6;PSMB1;ADCY10;PSMD9;PSMB4;TTC21B;PSMB3;PSME3;GLI2;KIF3A;BTRC;DYNC2H1;PSMC1;PSMB9;GLI1;IFT88;PSME4"
"Signaling By Hedgehog R-HSA-5358351",0.00109304948355991,0.0137160080356388,0.45505986738723,-0.368626682327591,-1.64855511441952,134,"PRKAR2B;GNAS;IFT57;PRKAR1B;PSMD7;ADCY1;VCP;PSMD2;PSMC5;PSMC4;GSK3B;PSMD12;GPC5;ERLEC1;PSMF1;IFT122;PSMC2;PSMD11;GRK2;PSMB5;PRKAR2A;P4HB;GPR161;PRKACB;OS9;PRKAR1A;ADCY9;PSMA6;PSMA1;PSMC3;PSMA3;GAS1;PSMA5;IFT140;PRKCA;SUFU;KIF7;PSMD8;PSMA7;RBX1;SMOX;BOC;CUL3;ADCY2;PSMC6;PSMD5;PSMB7;EVC;GLI3;RPGRIP1L;PSMB6;PSMB1;CDON;ADCY10;PSMD9;PSMB4;TTC21B;PSMB3;ULK3;PSME3;GLI2;KIF3A;SEL1L;BTRC;EVC2;DYNC2H1;PSMC1;ADAM17;HHAT;PSMB9;GLI1;IFT88;GAS8;ARRB1;SHH;PSME4"
"Mitochondrial Biogenesis R-HSA-1592230",0.0012173678576718,0.0151134924457765,0.45505986738723,-0.396957325382961,-1.66228069287557,89,"MEF2C;APOO;ATP5F1B;ATP5F1A;CYCS;ATP5MC3;HSPA9;CRTC1;MTX2;ATP5F1D;SIRT4;SIRT3;CREB1;TMEM11;NCOA2;IMMT;CALM1;TBL1XR1;PRKAG1;ATP5PD;DNAJC11;MAPK11;SAMM50;PRKAA2;NR1D1;ATP5PO;CHCHD6;CHD9;ATP5MC2;ATP5PF;CARM1;PPARGC1B;ATP5F1E;ATP5MF;PRKAG2;HDAC3;IDH2;CHCHD3;PRKAG3;SMARCD3;PPRC1;PPARA;SSBP1;MICOS13;MEF2D;ATP5PB"
"Glucose Metabolism R-HSA-70326",0.00131570429149471,0.0161623885070982,0.45505986738723,-0.399559405042993,-1.66719570649756,87,"MDH1;ENO2;PFKM;PGK1;PKM;TPI1;MDH2;PFKP;PPP2R1A;ALDOC;ENO1;PGM2L1;PPP2CA;NUP98;SLC37A2;NUP88;GOT2;FBP1;PRKACB;ENO3;PRKCA;PFKL;SLC25A1;GNPDA1;SLC25A11"
"Iron Uptake And Transport R-HSA-917937",0.00147949404312826,0.0177996860652647,0.45505986738723,-0.443982146680708,-1.72291026752848,57,"ATP6V1G2;ATP6V1A;ATP6V1B2;ATP6V1D;ATP6V0A1;ATP6AP1;ATP6V0C;ATP6V0E2;ATP6V0A4;SLC22A17;STEAP2;ATP6V0D1;ATP6V1H;TFRC;SLC40A1;ATP6V1G1;ATP6V1C1"
"Long-term Potentiation R-HSA-9620244",0.00146987203630779,0.0177996860652647,0.45505986738723,-0.590098571259636,-1.84883957659139,23,"CAMK2A;GRIA2;NEFL;NRGN;GRIA1;CAMK2G;GRIN2B;CAMK2D;CALM1"
"Complex I Biogenesis R-HSA-6799198",0.00156068594325415,0.0185849030181387,0.45505986738723,-0.46991734170022,-1.78963087885576,51,"NDUFA13;NDUFA9;NDUFAF4;NDUFC1;NDUFS5;NDUFAB1;NDUFA8;NDUFS8;NDUFB2;NDUFA1;NDUFB6;NDUFV2;NDUFB10;NDUFB4;COA1;NDUFB3;NDUFS4;NDUFB8;NDUFS3;ACAD9;NDUFV1;NDUFA5;ECSIT"
"Glucagon Signaling In Metabolic Regulation R-HSA-163359",0.00159189966211924,0.0187651202595268,0.45505986738723,-0.535137301030688,-1.80459486526988,32,"PRKAR2B;GNG3;GNAS;GNB1;PRKAR1B;ADCY1;GNB2;PRKAR2A;PRKACB;PRKAR1A;ADCY9;GNG2;GNG4;PRKCA"
"Protein-protein Interactions At Synapses R-HSA-6794362",0.0018833948465994,0.021979217859815,0.45505986738723,-0.390947274964844,-1.63132303932193,88,"STXBP1;SYT1;DLGAP1;NRXN3;GRIA1;EPB41L1;NRXN1;NLGN4X;STX1A;SLITRK4;PPFIA3;GRIN2B;SYT7;SHANK2;GRIA3;LRRC4B;LRFN3;DLGAP4;NRXN2;NLGN3;PPFIA2;SLITRK5;GRIA4;SHANK3;LIN7A;NTRK3;RTN3;SLITRK2"
"Clathrin-mediated Endocytosis R-HSA-8856828",0.00200506232402474,0.0231674032884838,0.431707695803346,-0.356546086159039,-1.61723388785693,139,"DNM1;CLTC;SYT1;AMPH;PACSIN1;AP2M1;VAMP2;UBQLN2;AP2A1;SNAP91;CLTB;AP2S1;COPS4;GRB2;EPN1;ARPC2;SYNJ1;WASL;ACTR2;AGFG1;VAMP4;TOR1A;LDLR;EGFR;TFRC;OCRL;REPS2;SH3GL2;GRK2"
"Vasopressin Regulates Renal Water Homeostasis Via Aquaporins R-HSA-432040",0.00206002374793845,0.0235690952337664,0.431707695803346,-0.480710991729731,-1.74844408632126,42,"PRKAR2B;GNG3;GNAS;GNB5;GNB1;PRKAR1B;ADCY1;RAB11A;GNB2;PRKAR2A;PRKACB;PRKAR1A;ADCY9;GNG2;GNG4;PRKCA"
"HSF1 Activation R-HSA-3371511",0.00208644030845865,0.0236395712618568,0.431707695803346,0.576396141649711,1.8808589229186,27,"HSPA1A;HSP90AA1;HSPA1B;DNAJB1;SERPINH1;FKBP4;HSBP1;PTGES3"
"Metabolism Of Polyamines R-HSA-351202",0.00211104756680337,0.0236883895236494,0.431707695803346,-0.443394711818849,-1.72417280134758,58,"PSMD7;PSMD2;PSMC5;PSMC4;PSMD12;PSMF1;PSMC2;PSMD11;PSMB5;OAZ1;PSMA6;PSMA1;PSMC3;PSMA3;PSMA5;PSMD8;OAZ2;PSMA7;SMOX;PSMC6;PSMD5;PSMB7;PSMB6;PSMB1;PSMD9;PSMB4;PSMB3;PSME3;PSMC1;PSMB9;PSME4;AZIN2"
"NLRP3 Inflammasome R-HSA-844456",0.00213778294287149,0.0237599304222003,0.431707695803346,0.663077934754767,1.8898686381733,16,"P2RX7;RELA;TXNIP;HMOX1;SUGT1;CASP1;NFKB2;TXN2"
"ER To Golgi Anterograde Transport R-HSA-199977",0.00220648277351757,0.0242921263839151,0.431707695803346,-0.349554832563199,-1.56084605331898,133,"SPTBN2;NSF;ARF5;ARF3;DCTN3;GRIA1;DCTN1;CNIH2;TRAPPC3;F5;TRAPPC6B;CTSZ;PTGES2;DYNC1H1;STX5;LMAN1;TMED9;SPTAN1;SEC24A;SEC23A;MCFD2;COPZ2;YKT6;SEC16A;ARFGAP2;KDELR1;ANK2;COG7;CFAP73;F8;GOLGA2;DYNC1I1;CAPZA2;SPTBN4;RAB1A;TRAPPC1;SEC23IP;CNIH1;COG6;GOSR2;ARCN1;COPA;COG3;LMAN1L;CAPZA1;INS;CAPZA3;AREG;DCTN4;SEC13;COG4;TRAPPC5;PPP6C"
"HSP90 Chaperone Cycle For Steroid Hormone Receptors (SHR) In Presence Of Ligand R-HSA-3371497",0.00236914753523201,0.0258392072300538,0.431707695803346,0.499638531839584,1.77699578625517,38,"DYNC1LI2;HSPA2;HSPA1A;HSP90AA1;HSPA1B;DNAJB1;FKBP4;DNAJA1;DYNLL2;FKBP5;PTGES3;STIP1;DCTN5"
"Chaperone Mediated Autophagy R-HSA-9613829",0.00286972454234742,0.0310089679714763,0.431707695803346,0.641214994811423,1.85435040549136,18,"LAMP2;RPS27A;GFAP;HSP90AA1;RNASE1;UBA52;PLIN3;CFTR;HDAC6"
"Transport To Golgi And Subsequent Modification R-HSA-948021",0.00303824880791044,0.0325287739342338,0.431707695803346,-0.326473921864138,-1.51577056227867,164,"SPTBN2;NSF;CHGA;ARF5;ARF3;DCTN3;GRIA1;DCTN1;CNIH2;TRAPPC3;F5;TRAPPC6B;CTSZ;PTGES2;MAN1A1;DYNC1H1;STX5;MGAT5;LMAN1;ST8SIA3;TMED9;SPTAN1;SEC24A;SEC23A;MCFD2;COPZ2;YKT6;SEC16A;B4GALT6;ARFGAP2;KDELR1;ST8SIA6;ANK2;COG7;CFAP73;F8;GOLGA2;DYNC1I1;CAPZA2;SPTBN4;RAB1A;TRAPPC1;B4GALT1;SEC23IP;CNIH1;COG6;B4GALT4;GOSR2;ARCN1;COPA;COG3;LMAN1L;CAPZA1;INS;CAPZA3;MAN1A2;AREG;DCTN4;SEC13;COG4;MAN1C1;TRAPPC5;PPP6C"
"Cell Recruitment (Pro-Inflammatory Response) R-HSA-9664424",0.00313950035115778,0.0327124724089387,0.431707695803346,0.559374091141258,1.79534514337903,25,"P2RX7;RELA;TXNIP;HMOX1;C3;SUGT1;IL18;CASP1;C3AR1;NFKB2;TXN2"
"G Alpha (Z) Signaling Events R-HSA-418597",0.00312062789070224,0.0327124724089387,0.431707695803346,-0.464928550570955,-1.73596878719145,47,"PRKCB;RGS4;GNG3;GNAS;GNB5;GNB1;PRKCG;PRKCE;ADCY1;GNB2;RGS20;ADCY9;GNG2;GNG4;PRKCA"
"GPER1 Signaling R-HSA-9634597",0.00313540933540029,0.0327124724089387,0.431707695803346,-0.472861429864484,-1.73576578132179,43,"PRKAR2B;GNG3;GNAS;GNB5;GNB1;PRKAR1B;ADCY1;GNB2;PRKAR2A;PRKACB;PRKAR1A;ADCY9;GNG2;GNG4;PRKCA;GPER1"
"Signaling By Insulin Receptor R-HSA-74752",0.00324076750765702,0.0334688113401393,0.431707695803346,-0.402047493504632,-1.64402861049222,77,"ATP6V1G2;ATP6V1A;ATP6V1B2;ATP6V1D;ATP6V0A1;ATP6AP1;ATP6V0C;ATP6V0E2;ATP6V0A4;FGF13;GRB2;ATP6V0D1;ATP6V1H;PIK3R2;ATP6V1G1;TRIB3;MAPK3;ATP6V1C1;PIK3R1;FLT3;ATP6V1F;PDE3B;FGF8"
"Intraflagellar Transport R-HSA-5620924",0.00350968208476707,0.0359280613414314,0.431707695803346,-0.472106404938303,-1.69086812758996,41,"IFT57;IFT81;KIFAP3;IFT122;DYNLRB1;KIF3C;DYNLRB2;KIF3B;IFT140;TRAF3IP1;TRIP11;IFT74;DYNLT2B;IFT22;IFT27;TTC21B;HSPB11;KIF3A;DYNC2H1;DYNC2LI1;IFT88;KIF17;WDR35;TTC30A;DYNLT5;TTC26"
"Intracellular Signaling By Second Messengers R-HSA-9006925",0.00379076370393596,0.038462956564977,0.431707695803346,-0.280035156028771,-1.39384205013205,304,"CAMK2A;CAMKK2;ITPR1;PRKAR2B;RBBP7;GSK3A;PRKAR1B;PRKCG;PDE1B;FGF13;CBX6;PSMD7;CAMK2G;PRKCE;GRB2;PTEN;ADCY1;PPP2R1A;PSMD2;PSMC5;CD86;PSMC4;GSK3B;AKT1;PPP2CA;PPP2R5B;PSMD12;RNMT;PIK3R2;EGFR;CREB1;NBEA;NR4A1;LAMTOR3;PSMF1;PSMC2;PSMD11;TRIB3;GRK2;AGO4;CAMKK1;PSMB5;MAPK3;CHD3;PRKAR2A;CAMK2D;CALM1;PRKACB;MTA2;PIP5K1C;TRIM27;PRKAR1A;PDE1A;HOXC13;PIK3R1;CD19;ADCY9;FLT3;PSMA6;PSMA1;PIP4K2B;PSMC3;STUB1;RRAGB;CNOT6L;NRG3;PSMA3;PSMA5;FGF8;PRKCA;CSNK2B;PSMD8;VAPA;IRAK1"
"Unblocking Of NMDA Receptors, Glutamate Binding And Activation R-HSA-438066",0.00382322447432505,0.038462956564977,0.431707695803346,-0.579429314685176,-1.78820109537965,21,"CAMK2A;GRIA2;NEFL;GRIA1;CAMK2G;GRIN2B;GRIA3;CAMK2D;CALM1;GRIA4"
"tRNA Aminoacylation R-HSA-379724",0.00404447568459439,0.0403410523412107,0.407017918923954,-0.468896599039134,-1.6793720783225,41,"GARS1;WARS1;MARS2;HARS1;KARS1;SARS1;NARS1;EEF1E1;MARS1;DTD1;AIMP1;YARS1;AARS1;FARS2;YARS2"
"PKA Activation R-HSA-163615",0.00424093058601423,0.0419420846938865,0.407017918923954,-0.610184900588424,-1.77315969579394,17,"PRKAR2B;PRKAR1B;ADCY1;NBEA;PRKAR2A;CALM1;PRKACB;PRKAR1A;ADCY9;PRKCA"
"TP53 Regulates Metabolic Genes R-HSA-5628897",0.00491351854075214,0.0481855137567878,0.407017918923954,-0.394745352142898,-1.62971483346823,81,"YWHAH;CYCS;PRDX2;YWHAG;COX7C;COX5A;COX6C;COX8A;PTEN;GSR;YWHAB;AKT1;COX7B;LAMTOR3;AGO4;PRDX5;UBL4A;COX14;COX6B1;PRKAG1;RRAGB;COX6A1;GNPDA1;COX7A2L;PRKAA2;SESN3;LAMTOR5;COX4I1"
"PKA Activation In Glucagon Signaling R-HSA-164378",0.00496180959012557,0.0482535982639712,0.407017918923954,-0.60378910516598,-1.71626457542445,16,"PRKAR2B;GNAS;PRKAR1B;ADCY1;PRKAR2A;PRKACB;PRKAR1A;ADCY9;PRKCA"
"Cargo Concentration In ER R-HSA-5694530",0.0052185962877319,0.0500856533761422,0.407017918923954,-0.503249657875668,-1.69706306550134,32,"GRIA1;CNIH2;F5;CTSZ;STX5;LMAN1;SEC24A;SEC23A;MCFD2;CFAP73;F8;CNIH1;GOSR2;LMAN1L;AREG;SEC24B;SEC24D"
"Cellular Response To Heat Stress R-HSA-3371556",0.00523603231524365,0.0500856533761422,0.407017918923954,0.363437419692054,1.54169919819907,96,"CRYAB;HSPA2;HSPA1A;HSP90AA1;AAAS;HSPA1B;DNAJB1;SERPINH1;FKBP4;RNASE7;HSBP1;POM121C;ST13;HSPB8;NUP214;NUP50;PTGES3;NUP62;ATM;BAG2;NUP188"
"Inflammasomes R-HSA-622312",0.00528481607200087,0.0501413037075205,0.407017918923954,0.576755428869204,1.76074910086061,21,"P2RX7;RELA;TXNIP;NLRP1;HMOX1;SUGT1;BCL2L1;CASP1;NFKB2;TXN2"
"COPII-mediated Vesicle Transport R-HSA-204005",0.00538871510465457,0.0506989361785464,0.407017918923954,-0.406367059353833,-1.63063010096088,66,"NSF;GRIA1;CNIH2;TRAPPC3;F5;TRAPPC6B;CTSZ;STX5;LMAN1;SEC24A;SEC23A;MCFD2;YKT6;SEC16A;F8;GOLGA2;RAB1A;TRAPPC1;SEC23IP;CNIH1;GOSR2;LMAN1L;AREG;SEC13;TRAPPC5;PPP6C;SEC24B;SEC24D"
"Signaling By Receptor Tyrosine Kinases R-HSA-9006934",0.00543047731132674,0.0506989361785464,0.407017918923954,-0.252986816381434,-1.31518744904713,494,"DNM1;CLTC;MEF2C;PTK2B;ATP6V1G2;PRKCB;SHC3;AP2M1;ATP6V1A;GABRG2;ATP6V1B2;EGR3;ITPR1;ATP6V1D;ATP6V0A1;ATP6AP1;ATP6V0C;CYFIP2;GABRB2;GABRB3;AP2A1;ATP6V0E2;AP2S1;BAIAP2;ATP6V0A4;FGF13;FLRT2;PRKCE;GRB2;SPINT2;GABRA1;PPP2R1A;VEGFC;ATP6V0D1;NCKAP1;EPN1;CDK5R1;SHC2;GABRB1;ID2;ATP6V1H;PTPRU;WASF1;YWHAB;AKT1;PPP2CA;TIA1;RNMT;PRKCZ;PIK3R2;FLRT3;DIAPH1;FURIN;EGFR;MAP2K5;CREB1;MAPK13;GGA3;VAV3;GRIN2B;ATP6V1G1;RAPGEF1;SH3GL2;POLR2K;CDK5R2;TRIB3;PTPN2;MAPK3;TEC;RPS6KA5;CALM1;PRKACB;ATP6V1C1;CDC37;HOXC13;SPRED1;PIK3R1;CLTA;RIT2;PTN;DUSP3;PDGFD;FOS;RANBP9;POLR2G;RALA;FLT3;POLR2C;FRS3;NELFB;STUB1;NTRK3;ATP6V1F;NRG3;PDE3B;PLG;USP8;JAK2;THBS4;FGF8;ARHGEF7;POLR2H;PRKCA;STAT5A;VGF;MATK;DOCK3;ABI2;SYNGAP1;HGS;EGR4;PIK3R4;ADAP1;RNF41;MAP2K1"
"Cilium Assembly R-HSA-5617833",0.0055487072814804,0.051391598392759,0.407017918923954,-0.317094241797024,-1.4990321577675,185,"ARL6;PRKAR2B;TUBA4A;IFT57;YWHAG;DCTN3;HAUS3;HAUS8;DCTN1;TUBB4B;PPP2R1A;EXOC1;RAB11A;IFT81;KIFAP3;PTGES2;CETN2;MARK4;DYNC1H1;TTC8;IFT122;DYNLRB1;CEP89;CEP63;KIF3C;TTBK2;MKKS;B9D1;CEP290;EXOC7;DYNLRB2;FBF1;KIF3B;HAUS7;IFT140;MCHR1;PRKCA;EXOC8;CEP76;TRAF3IP1;CCT2;PDE6D;TRIP11;BBS10;EXOC6;IFT74;SMOX;IQCB1;DYNLT2B;IFT22;CEP152;AHI1;CEP83;PAFAH1B1;TMEM216;BBS5;PCNT;TMEM67;TCP1;RPGRIP1L;BBS7;HAUS2;IFT27;SSNA1;EXOC4;CEP97;ODF2;BBS12;HAUS6;C2CD3;EXOC5;TTC21B;CEP131;CEP72;HSPB11;KIF3A;DYNC2H1;TCTN1;DYNC2LI1;IFT88;NUDT19;KIF17;ATAT1;INPP5E;BBS2;WDR35;CEP164;CEP43;DCTN2;TTC30A;ASAP1;NINL;DYNLT5"
"XBP1(S) Activates Chaperone Genes R-HSA-381038",0.0056044347535021,0.0514990185617082,0.407017918923954,-0.447542789483208,-1.66544204270887,46,"GSK3A;DCTN1;ATP6V0D1;PPP2R5B;SRPRA;EXTL1;KLHDC3;SRPRB;SSR1;TSPYL2;ACADVL;TATDN2;WFS1;CUL7;SERP1;PLA2G4B;PDIA5"
"Binding And Uptake Of Ligands By Scavenger Receptors R-HSA-2173782",0.00574542569109599,0.0523821232930392,0.407017918923954,0.482162434388149,1.72325000297595,39,"FTH1;COL1A2;SPARC;HSP90AA1;C1D;CALR;APOB;SCARB1;HBA1"
"Regulation Of RAS By GAPs R-HSA-5658442",0.00583916263308615,0.0528240526574538,0.407017918923954,-0.412959857700229,-1.64416292605469,64,"PSMD7;PSMD2;PSMC5;PSMC4;DAB2IP;PSMD12;PSMF1;PSMC2;PSMD11;PSMB5;SPRED1;PSMA6;PSMA1;NF1;PSMC3;PSMA3;PSMA5;PSMD8;SYNGAP1;RASAL2;PSMA7;RBX1;CUL3;PSMC6;PSMD5;PSMB7;SPRED3;PSMB6;PSMB1;PSMD9;RASAL3;PSMB4;PSMB3;PSME3"
"Cytosolic tRNA Aminoacylation R-HSA-379716",0.00613897483260818,0.0551091048434903,0.407017918923954,-0.54690735989846,-1.71351706470154,23,"GARS1;WARS1;HARS1;KARS1;SARS1;NARS1;EEF1E1;MARS1;AIMP1;YARS1;AARS1"
"Asparagine N-linked Glycosylation R-HSA-446203",0.00658034337874687,0.0577388024285534,0.407017918923954,-0.277890208639066,-1.37638099883355,279,"SPTBN2;NSF;CHGA;TUSC3;ARF5;ARF3;MVD;RPN1;DCTN3;GRIA1;RAD23B;DCTN1;ALG13;CNIH2;ALG8;TRAPPC3;CTSA;VCP;F5;ST8SIA1;TRAPPC6B;CTSZ;PTGES2;MAN1A1;DYNC1H1;PMM1;STX5;MGAT5;LMAN1;ST8SIA3;TMED9;UGGT2;SPTAN1;ST6GALNAC6;ST8SIA5;SEC24A;OS9;SEC23A;CMAS;MAN1B1;MCFD2;COPZ2;EGFL7;DPM3;YKT6;SEC16A;B4GALT6;ARFGAP2;GNPNAT1;KDELR1;ST8SIA6;ANK2;COG7;ALG5;ST3GAL3;CFAP73;F8;MARCHF6;NANS;GOLGA2;DYNC1I1;CAPZA2;SPTBN4;DPAGT1;RAB1A;TRAPPC1;GFUS;B4GALT1;RPN2;GMDS;SEC23IP;CNIH1;COG6;B4GALT4;GOSR2;ARCN1;COPA;COG3;LMAN1L;CAPZA1;RNF5;INS;GMPPB;ST8SIA4"
"Gap Junction Assembly R-HSA-190861",0.00648760696186671,0.0577388024285534,0.407017918923954,0.622570740465589,1.77441723782498,16,"GJC2;GJB1;GJD4;GJB4;GJA1;GJA4;GJD3"
"Post-chaperonin Tubulin Folding Pathway R-HSA-389977",0.00654929534468909,0.0577388024285534,0.407017918923954,-0.559434097414466,-1.726493017242,21,"TUBB2A;TUBA4A;TUBB4B;TUBA8;TUBB2B;TUBB3;TUBA1C;TUBB6;TBCD;TBCA"
"IRE1alpha Activates Chaperones R-HSA-381070",0.00704686825728562,0.0609162611574246,0.407017918923954,-0.44093802822562,-1.64187230429303,48,"GSK3A;DCTN1;ATP6V0D1;PPP2R5B;SRPRA;EXTL1;KLHDC3;SRPRB;SSR1;TSPYL2;ACADVL;TATDN2;WFS1;CUL7;SERP1;PLA2G4B;PDIA5;GOSR2;ERN1"
"Metabolism Of Carbohydrates R-HSA-71387",0.0070034602826581,0.0609162611574246,0.407017918923954,-0.283849619330729,-1.40786799449894,282,"MDH1;ENO2;PFKM;PGK1;PKM;GPC1;B4GAT1;TPI1;MDH2;HS3ST5;GALE;PFKP;HS6ST3;PPP2R1A;UGP2;ALDOC;HS2ST1;ENO1;HMMR;PGM2L1;PPP2CA;HS3ST1;DSE;MAN2C1;B3GNT4;NUP98;FUT9;PYGB;GPC5;HAS2;IDS;SLC37A2;NUP88;GOT2;SPAM1;DCXR;FBP1;CALM1;ST6GALNAC6;PRKACB;UBL4A;ENO3;FUT11;CHST7;SDC1;B4GALT6;HS6ST2;HYAL2;GPC2;PHKB;RPIA;ST3GAL3;PRKCA;STAB2;PFKL;ACAN;GYG1;HS3ST3A1;SLC9A1;SLC25A1;GNPDA1;HEXB;HS6ST1;SLC25A11;GLCE;B4GALT1;HS3ST2;DERA;OMD;B3GALT2;GNS;FMOD;GYS2;NDC1;B4GALT4;GPC6;B3GNT2;NUP54;NUP43;TKT;CHSY1;LUM;RBKS;TPR"
"Nitric Oxide Stimulates Guanylate Cyclase R-HSA-392154",0.0071496685571833,0.0613504647517126,0.407017918923954,-0.554495435361465,-1.71125160527153,21,"ITPR1;PDE1B;PDE2A;GUCY1B1;KCNMB1;GUCY1A1;PDE1A;PDE11A;IRAG1;KCNMA1"
"Hh Mutants Are Degraded By ERAD R-HSA-5362768",0.00752355861661155,0.0640875394568298,0.407017918923954,-0.417432681390891,-1.60241377004975,54,"PSMD7;VCP;PSMD2;PSMC5;PSMC4;PSMD12;ERLEC1;PSMF1;PSMC2;PSMD11;PSMB5;OS9;PSMA6;PSMA1;PSMC3;PSMA3;PSMA5;PSMD8;PSMA7;PSMC6;PSMD5;PSMB7;PSMB6;PSMB1;PSMD9;PSMB4;PSMB3;PSME3;SEL1L;PSMC1;PSMB9;SHH;PSME4"
"Cross-presentation Of Soluble Exogenous Antigens (Endosomes) R-HSA-1236978",0.00759418125541206,0.0642203588772889,0.407017918923954,-0.438244001678563,-1.63184085476612,48,"PSMD7;PSMD2;PSMC5;PSMC4;PSMD12;PSMF1;PSMC2;PSMD11;PSMB5;PSMA6;PSMA1;PSMC3;PSMA3;PSMA5;PSMD8;PSMA7;PSMC6;PSMD5;PSMB7;PSMB6;PSMB1;PSMD9;PSMB4;PSMB3;PSME3;PSMC1;PSMB9;PSME4"
"Ras Activation Upon Ca2+ Influx Thru NMDA Receptor R-HSA-442982",0.00813547811513511,0.0683028989954149,0.380730400722792,-0.571109846440072,-1.71963413577465,19,"CAMK2A;NEFL;CAMK2G;GRIN2B;RASGRF1;CAMK2D;CALM1"
"LDL Clearance R-HSA-8964038",0.00847927408526829,0.0706808061250578,0.380730400722792,-0.605967449538687,-1.79578812778335,18,"CLTC;NCEH1;AP2M1;AP2A1;AP2S1;LDLR;SOAT1;CLTA;SCGB1D1"
"MECP2 Regulates Neuronal Receptors And Channels R-HSA-9022699",0.00873817826351879,0.0723223690321023,0.380730400722792,-0.603604077940526,-1.78878426204642,18,"GRIA2;SLC2A3;PTPN4;RNMT;CREB1;GRIN2B;OPRK1"
"Homology Directed Repair R-HSA-5693538",0.00880164603090815,0.0723346543526043,0.380730400722792,0.334458485841585,1.46405022939146,114,"TIPIN;XRCC2;RPS27A;SIRT6;TP53BP1;PPP4R2;BLM;POLD4;EME2;BARD1;H3-4;RNF4;FEN1;UBA52;H4C15;H2BC17;ATM;H2AX;POLE4;POLD2;RAD51D;ABL1;H2BC21;TOPBP1;BRCC3;SUMO2;SLC19A1"
"GLI3 Is Processed To GLI3R By Proteasome R-HSA-5610785",0.00892442717854938,0.0728308148067631,0.380730400722792,-0.414955568207018,-1.61358510915794,58,"PSMD7;PSMD2;PSMC5;PSMC4;GSK3B;PSMD12;PSMF1;PSMC2;PSMD11;PSMB5;PRKACB;PSMA6;PSMA1;PSMC3;PSMA3;PSMA5;PRKCA;SUFU;PSMD8;PSMA7;RBX1;PSMC6;PSMD5;PSMB7;GLI3;PSMB6;PSMB1;PSMD9;PSMB4;PSMB3;PSME3;BTRC;PSMC1;PSMB9"
"Degradation Of GLI2 By Proteasome R-HSA-5610783",0.00918884988410049,0.0743832566787909,0.380730400722792,-0.41405376473343,-1.61007838032272,58,"PSMD7;PSMD2;PSMC5;PSMC4;GSK3B;PSMD12;PSMF1;PSMC2;PSMD11;PSMB5;PRKACB;PSMA6;PSMA1;PSMC3;PSMA3;PSMA5;PRKCA;SUFU;PSMD8;PSMA7;RBX1;PSMC6;PSMD5;PSMB7;PSMB6;PSMB1;PSMD9;PSMB4;PSMB3;PSME3;GLI2;BTRC;PSMC1;PSMB9"
"HDR Thru Homologous Recombination (HRR) Or Single Strand Annealing (SSA) R-HSA-5693567",0.00924213557705628,0.0743832566787909,0.380730400722792,0.334886648911056,1.46160481115813,109,"TIPIN;XRCC2;RPS27A;SIRT6;TP53BP1;PPP4R2;BLM;POLD4;EME2;BARD1;H3-4;RNF4;UBA52;H4C15;H2BC17;ATM;H2AX;POLE4;POLD2;RAD51D;ABL1;H2BC21;TOPBP1;BRCC3;SUMO2;SLC19A1"
"Amino Acids Regulate mTORC1 R-HSA-9639288",0.0093877593998007,0.0750377754764892,0.380730400722792,-0.413443932886422,-1.58710201844581,54,"ATP6V1G2;ATP6V1A;ATP6V1B2;ATP6V1D;ATP6V0C;ATP6V0E2;ATP6V0D1;ATP6V1H;LAMTOR3;ATP6V1G1;ATP6V1C1;MIOS;RRAGB;ATP6V1F;FLCN"
"Fanconi Anemia Pathway R-HSA-6783310",0.00955380349290206,0.0758455011987531,0.380730400722792,0.473680696989125,1.65730469859838,35,"RPS27A;FANCC;EME2;FANCL;FANCE;FAAP20;UBA52"
"Mitochondrial Translation Elongation R-HSA-5389840",0.00984004076804823,0.0775900511912992,0.380730400722792,-0.368320494368844,-1.52480630194464,82,"MRPS21;MRPS18A;MRPL3;MRPL1;MRPS34;TUFM;MRPL23;MRPL16;MRPL50;MRPS27;GADD45GIP1;CHCHD1;MRPL13;MRPL54;MRPL41;MRPS36;MRPL47;ERAL1;MRPS31;MRPL21;MRPS23;MRPL55;MRPL57;OXA1L;MRPL44;DLGAP3;MRPL17;MRPL15;MRPS7;MRPL30;GFM1;PTCD3;MRPL20;MRPS18B;MRPL39;MRPL19;MRPL24;MRPS26;MRPL51;MRPS30;MRPS16"
"FCERI Mediated Ca+2 Mobilization R-HSA-2871809",0.0100607207957418,0.0787977259639643,0.380730400722792,-0.498854779849769,-1.65566130826643,29,"PPP3R1;ITPR1;PPP3CB;GRB2;PPP3CA;VAV3;TEC;CALM1"
"Hedgehog On State R-HSA-5632684",0.010181037780185,0.079208473929839,0.380730400722792,-0.362820284507498,-1.50774479379558,84,"PSMD7;PSMD2;PSMC5;PSMC4;PSMD12;PSMF1;PSMC2;PSMD11;GRK2;PSMB5;GPR161;PSMA6;PSMA1;PSMC3;PSMA3;GAS1;PSMA5;SUFU;KIF7;PSMD8;PSMA7;RBX1;SMOX;BOC;CUL3;PSMC6;PSMD5;PSMB7;EVC;GLI3;PSMB6;PSMB1;CDON;PSMD9;PSMB4;PSMB3;ULK3;PSME3;GLI2;KIF3A;EVC2;PSMC1;PSMB9;GLI1;GAS8;ARRB1;SHH;PSME4"
"RAF Activation R-HSA-5673000",0.010297229602875,0.0795819003083118,0.380730400722792,-0.485139772266803,-1.62896791986095,31,"CAMK2A;CAMK2G;PPP2R1A;YWHAB;PPP2CA;PPP2R5B;CAMK2D;CALM1;JAK2;MAP2K1;MRAS;PPP1CB"
"Cargo Recognition For Clathrin-Mediated Endocytosis R-HSA-8856825",0.0104368137541706,0.0801300108626126,0.380730400722792,-0.350545841004875,-1.50836192773237,102,"CLTC;SYT1;AP2M1;VAMP2;UBQLN2;AP2A1;SNAP91;CLTB;AP2S1;COPS4;GRB2;EPN1;AGFG1;VAMP4;TOR1A;LDLR;EGFR;TFRC;REPS2;SH3GL2;GRK2"
"Hh Mutants Abrogate Ligand Secretion R-HSA-5387390",0.0108306506844596,0.0826102571814666,0.380730400722792,-0.398214080979767,-1.54530341799501,57,"PSMD7;VCP;PSMD2;PSMC5;PSMC4;PSMD12;ERLEC1;PSMF1;PSMC2;PSMD11;PSMB5;OS9;PSMA6;PSMA1;PSMC3;PSMA3;PSMA5;PSMD8;PSMA7;PSMC6;PSMD5;PSMB7;PSMB6;PSMB1;PSMD9;PSMB4;PSMB3;PSME3;SEL1L;PSMC1;HHAT;PSMB9;SHH;PSME4"
"ERK/MAPK Targets R-HSA-198753",0.0110791695910212,0.0839570838488428,0.380730400722792,-0.528200541250934,-1.64779180092459,22,"MEF2C;PPP2R1A;PPP2CA;MAPK3;RPS6KA5;DUSP3"
"Fc Epsilon Receptor (FCERI) Signaling R-HSA-2454202",0.0111654162510702,0.0840647791290253,0.380730400722792,-0.32408120895509,-1.43854226016751,129,"PPP3R1;ITPR1;PPP3CB;MAPK10;PSMD7;GRB2;PSMD2;PSMC5;MAPK8;PSMC4;PSMD12;PIK3R2;PPP3CA;PSMF1;UBE2D1;VAV3;PSMC2;PSMD11;PSMB5;MAPK3;TEC;CALM1;UBE2D2;PIK3R1;RASGRP4;FOS;UBE2N;MS4A2;MAPK9;PSMA6;PSMA1;PSMC3;PSMA3;PSMA5"
"Cholesterol Biosynthesis R-HSA-191273",0.0117354145105501,0.0877899277808459,0.380730400722792,-0.516405513991291,-1.66711316344189,26,"MVD;HMGCS1;HMGCR;SC5D;MSMO1;IDI1;SQLE;MVK;SREBF2;DHCR24;NSDHL;PMVK;CYP51A1"
"Mitochondrial Translation Initiation R-HSA-5368286",0.0118481840027578,0.0880689855491616,0.380730400722792,-0.365371141149176,-1.5125963042802,82,"MRPS21;MRPS18A;MRPL3;MRPL1;MRPS34;MRPL23;MRPL16;MTIF2;MRPL50;MRPS27;GADD45GIP1;CHCHD1;MRPL13;MRPL54;MRPL41;MRPS36;MRPL47;ERAL1;MRPS31;MRPL21;MRPS23;MRPL55;MRPL57;OXA1L;MRPL44;DLGAP3;MRPL17;MRPL15;MRPS7;MRPL30;PTCD3;MRPL20;MRPS18B;MRPL39;MRPL19;MRPL24;MRPS26;MRPL51;MRPS30;MRPS16;MRPL18;MRPL33"
"PD-1 Signaling R-HSA-389948",0.0119411884859167,0.0881985250826886,0.380730400722792,0.584572716641466,1.69054476722287,18,"CD274;PTPN11;CSK;HLA-DPA1;PDCD1;HLA-DRB1;TARP;PTPN6;LCK"
"Platelet Degranulation R-HSA-114608",0.0122705957525373,0.0900615424101325,0.380730400722792,0.326673626718127,1.45728280592984,124,"LAMP2;ORM2;SELENOP;CD9;TGFB3;SPARC;ACTN4;SERPINA3;PDGFB;LGALS3BP;PF4;TMSB4X;PFN1;TF;TIMP1;IGF1;GTPBP2;ANXA5;TAGLN2;LHFPL2;SERPINA1;SERPING1;ABCC4;PECAM1;PPBP;FAM3C"
"Lysosome Vesicle Biogenesis R-HSA-432720",0.0123832000669849,0.0903199654885711,0.380730400722792,-0.473630301266805,-1.61224230742645,34,"CLTC;VAMP2;CLTB;AP1S1;CTSZ;SH3GL2;AP4M1;BLOC1S1;CLTA;HGS;APP;AP1M2;GNS;HSPA8;CLVS2"
"Rab Regulation Of Trafficking R-HSA-9007101",0.0127702141191123,0.0925642228385344,0.380730400722792,-0.326916726233931,-1.43673579419354,118,"RAB3A;GGA2;RAB12;ULK1;GDI1;TRAPPC11;TRAPPC3;TBC1D25;ANKRD27;DENND5B;RAB6B;TRAPPC6B;AKT1;RAB11A;TBC1D15;OPTN;RAB6A;RIC1;GGA3;TRAPPC13;RAB38;DENND3;RABGEF1;RINL"
"HS-GAG Biosynthesis R-HSA-2022928",0.0129367343044568,0.0926206683024603,0.380730400722792,-0.491153387457708,-1.64533920433836,30,"GPC1;HS3ST5;HS6ST3;HS2ST1;HS3ST1;GPC5;SDC1;HS6ST2;GPC2;HS3ST3A1;HS6ST1;GLCE;HS3ST2;GPC6"
"PCP/CE Pathway R-HSA-4086400",0.0128596014562849,0.0926206683024603,0.380730400722792,-0.362115232169152,-1.51095670058077,87,"CLTC;PRKCB;AP2M1;AP2A1;PRKCG;CLTB;AP2S1;PSMD7;RORA;PSMD2;PSMC5;PSMC4;PSMD12;PSMF1;FZD1;PSMC2;PSMD11;PSMB5;CLTA;PARD6A;PSMA6;PSMA1;PSMC3;PSMA3;PSMA5;PRKCA;PSMD8;FZD4"
"Sensory Processing Of Sound By Inner Hair Cells Of Cochlea R-HSA-9662360",0.013491516610596,0.0960036578327164,0.380730400722792,-0.391306185375239,-1.57115822749031,67,"SYN1;RAB3A;CABP1;SYP;SNAP25;VAMP2;ATP2B1;EPB41L1;EPS8L2;DNAJC5;STX1A;TMC1;GRXCR2;BSN;KCNMB1;CIB2;SPTAN1"
"RNA Polymerase I Transcription Termination R-HSA-73863",0.0136128151208789,0.0962797287640342,0.380730400722792,-0.488540683667126,-1.6214296026296,29,"TAF1B;POLR1H;POLR2K;MNAT1;GTF2H5;POLR2H;GTF2H3;TBP;POLR1E;POLR1A;UBTF;CDK7;GTF2H1;ERCC3;POLR1B"
"Signaling By WNT R-HSA-195721",0.0142033589623468,0.0998513247533661,0.380730400722792,-0.269126830347494,-1.33675487422523,290,"CLTC;CAMK2A;NLK;PRKCB;PLCB1;AP2M1;PPP3R1;ITPR1;GNG3;GNAO1;PPP3CB;GNB5;GNB1;AP2A1;PRKCG;CLTB;AP2S1;LEO1;WIF1;PSMD7;PPP2R1A;RORA;PSMD2;PSMC5;H2AC7;WNT16;TMED5;PSMC4;GSK3B;AKT1;PPP2CA;PPP2R5B;PSMD12;VPS35;GNB2;PPP3CA;PSMF1;FZD1;PSMC2;PSMD11;AGO4;PSMB5;CALM1;CLTA;H2BC14;HECW1;WNT2B;PARD6A;PSMA6;PSMA1;PSMC3;WNT10A;H2BC11;GNG2;USP8;TLE2;PSMA3;PSMA5;SRY;GNG4;PRKCA;CSNK2B"
"Negative Regulation Of NOTCH4 Signaling R-HSA-9604323",0.0144656279578231,0.100484451349879,0.380730400722792,-0.404612453814912,-1.55225386731165,52,"FBXW7;PSMD7;PSMD2;PSMC5;PSMC4;AKT1;PSMD12;PSMF1;PSMC2;PSMD11;PSMB5;PSMA6;PSMA1;PSMC3;PSMA3;PSMA5;PSMD8;PSMA7;RBX1;PSMC6;PSMD5;PSMB7;PSMB6;PSMB1;PSMD9;PSMB4;PSMB3;PSME3;PSMC1;PSMB9"
"Response To Elevated Platelet Cytosolic Ca2+ R-HSA-76005",0.0144096350737949,0.100484451349879,0.380730400722792,0.313992636717346,1.40873128755083,129,"LAMP2;ORM2;SELENOP;CD9;TGFB3;SPARC;ACTN4;SERPINA3;PDGFB;LGALS3BP;PF4;TMSB4X;STX4;PFN1;TF;TIMP1;IGF1;GTPBP2;ANXA5;TAGLN2;LHFPL2;SERPINA1;SERPING1;ABCC4;PECAM1;PPBP;FAM3C"
"G2/M Transition R-HSA-69275",0.0146912901899733,0.101448139950881,0.380730400722792,-0.294079857468542,-1.3850915191809,179,"PRKAR2B;TUBA4A;YWHAG;DCTN3;HAUS3;HAUS8;DCTN1;TUBB4B;PSMD7;PPP2R1A;PSMD2;PPME1;PSMC5;HMMR;PSMC4;PPP2CA;PSMD12;CETN2;DYNC1H1;OPTN;PSMF1;LIN52;PSMC2;PSMD11;MNAT1;PSMB5;TUBGCP2;CDC25A;CEP63;CCNB1;CENPF;PSMA6;PSMA1;PSMC3;CEP290;HAUS7;PSMA3;PSMA5;PRKCA;CEP76;CDK2;PSMD8;CCNB2;WEE1;PSMA7;TUBGCP3;RBX1;CDK7;BORA;PSMC6;CEP152;PPP1CB;PAFAH1B1;PSMD5;PSMB7;PCNT;PPP2R2A"
"G Alpha (I) Signaling Events R-HSA-418594",0.0149334543139839,0.102513771673054,0.380730400722792,-0.261316693791504,-1.30024675948436,306,"GABBR2;CAMK2A;PLCB1;RGS4;PPP3R1;CAMKK2;ITPR1;PRKAR2B;GNG3;GNAS;PPP3CB;GNB5;GNB1;PRKAR1B;PRKCG;PDE1B;PDE4B;CAMK2G;ADCY1;RGS7;PPP2R1A;RGS12;PLA2G4A;PPP2CA;GNB2;PPP3CA;TAS2R46;CXCR6;SST;CREB1;NBEA;GPSM3;RGS5;RGS20;GRK2;CAMKK1;PPP1R1B;PRKAR2A;CAMK2D;CALM1;PRKACB;CXCL8;PRKAR1A;PDE1A;NPY2R;PDYN;CCR3;GALR1;ACKR3;OPRK1;ADCY9;CXCL10;OPN5;PDE4A;GNG2;TAS2R42;PDE4D;GPR17;RGS11;GNG4;MCHR1;PRKCA;TAS2R20;GPER1;HTR1B;CCL23;MTNR1B;CX3CR1;CXCL11;NPBWR1;INSL5;SSTR1;CCL21;RGS10;APP;NPY5R;CNOT6;MCHR2;CCL1;TAS2R45;RXFP3"
"RAF/MAP Kinase Cascade R-HSA-5673001",0.0157266534688921,0.107327512270158,0.352487857583619,-0.270633528068679,-1.33204913561108,267,"CAMK2A;SPTBN2;RAPGEF2;SHC3;NEFL;GFRA2;FGF13;PSMD7;CAMK2G;GRB2;PPP2R1A;SHC2;PSMD2;PSMC5;CNKSR2;PSMC4;YWHAB;PPP2CA;DAB2IP;PPP2R5B;PSMD12;RNMT;TEK;PIK3R2;EGFR;LAMTOR3;PSMF1;PSMC2;GRIN2B;PSMD11;PSMB5;MAPK3;SPTAN1;PEBP1;RASGRF1;CAMK2D;CALM1;PAQR3;SPRED1;PIK3R1;GFRA1;RASGRP4;RANBP9;FLT3;PSMA6;PSMA1;NF1;PSMC3;FRS3;WDR83;NRG3;IL3RA;PSMA3;JAK2;PSMA5;FGF8;PSMD8;PDE6D;SYNGAP1;RASAL2;SPTBN4;MAP2K1"
"ABC Transporter Disorders R-HSA-5619084",0.0167289058344392,0.112847590224223,0.352487857583619,-0.368615923751692,-1.50973205851062,76,"PSMD7;VCP;PSMD2;PSMC5;PSMC4;PSMD12;ERLEC1;PSMF1;PSMC2;PSMD11;PSMB5;OS9;ABCC8;PSMA6;PSMA1;PSMC3;PSMA3;PSMA5;PSMD8;PSMA7;ABCB6;PSMC6;ABCA3;PSMD5;PSMB7;RNF5;PSMB6;ABCC2;PSMB1;PSMD9;PSMB4;PSMB3;PSME3;ABCA12;ABCD4;APOA1;SEL1L;PSMC1;ABCB4;PSMB9"
"Glycolysis R-HSA-70171",0.0166973268576643,0.112847590224223,0.352487857583619,-0.381574669612619,-1.53208460272322,67,"ENO2;PFKM;PGK1;PKM;TPI1;PFKP;PPP2R1A;ALDOC;ENO1;PGM2L1;PPP2CA;NUP98;NUP88;PRKACB;ENO3"
"Aquaporin-mediated Transport R-HSA-445717",0.0171792186667433,0.113450665620858,0.352487857583619,-0.418392500277668,-1.57013917715434,49,"PRKAR2B;GNG3;GNAS;GNB5;GNB1;PRKAR1B;ADCY1;RAB11A;GNB2;PRKAR2A;PRKACB;PRKAR1A;ADCY9;GNG2;GNG4;PRKCA"
"Autodegradation Of Cdh1 By Cdh1:APC/C R-HSA-174084",0.0171173115724487,0.113450665620858,0.352487857583619,-0.395399678049781,-1.55292118039822,62,"PSMD7;PSMD2;PSMC5;PSMC4;PSMD12;PSMF1;UBE2D1;PSMC2;PSMD11;PSMB5;PSMA6;PSMA1;ANAPC15;PSMC3;PSMA3;PSMA5;PSMD8;ANAPC4;PSMA7;PSMC6;ANAPC11;ANAPC16;PSMD5;PSMB7;PSMB6;CDC27;PSMB1;PSMD9;PSMB4;PSMB3;PSME3;CDC16;PSMC1;PSMB9"
"Mitochondrial Translation R-HSA-5368287",0.0172200792638895,0.113450665620858,0.352487857583619,-0.340610442865782,-1.42128030673845,88,"MRPS21;MRPS18A;MRPL3;MRPL1;MRPS34;TUFM;MRPL23;MRPL16;MTIF2;MRPL50;MRPS27;GADD45GIP1;CHCHD1;MRPL13;MRPL54;MRPL41;MTRF1L;MRPS36;MRPL47;ERAL1;MRPS31;MRPL21;MRPS23;MRPL55;MRPL57;OXA1L;MRPL44;DLGAP3;MRPL17;MRPL15;MRPS7;MRPL30;GFM1;PTCD3;MRPL20;MRPS18B;MRPL39;MRPL19;MRPL24;MRPS26;MRPL51;MRPS30;MRPS16"
"Sensory Processing Of Sound R-HSA-9659379",0.0173043860158635,0.113450665620858,0.352487857583619,-0.360304616565546,-1.46873157207916,75,"SYN1;RAB3A;CABP1;SYP;SNAP25;VAMP2;ATP2B1;EPB41L1;EPS8L2;DNAJC5;STX1A;TMC1;GRXCR2;BSN;KCNMB1;CIB2;SPTAN1"
"Translocation Of SLC2A4 (GLUT4) To Plasma Membrane R-HSA-1445148",0.0172009141779286,0.113450665620858,0.352487857583619,-0.401634837362598,-1.52958412721625,51,"YWHAH;MYO5A;VAMP2;YWHAG;EXOC1;YWHAB;AKT1;RAB11A;KIFAP3;TBC1D1;CALM1;PRKAG1;RALA;EXOC7;KIF3B;TBC1D4;EXOC8;EXOC6;PRKAA2"
"Regulation Of HSF1-mediated Heat Shock Response R-HSA-3371453",0.0174156485724563,0.113542245162327,0.352487857583619,0.360854158123763,1.49431627604706,79,"HSPA2;HSPA1A;AAAS;HSPA1B;DNAJB1;SERPINH1;FKBP4;RNASE7;HSBP1;POM121C;ST13;NUP214;NUP50;NUP62;ATM;BAG2;NUP188"
"Synthesis Of PIPs At Golgi Membrane R-HSA-1660514",0.0176547690868143,0.114461752912846,0.352487857583619,-0.561286035486283,-1.63106260901653,17,"ARF3;PI4KA;OCRL;FIG4;PIK3R4;TPTE2;VAC14;PI4K2A;TPTE;PIK3C3;INPP5E"
"CDK-mediated Phosphorylation And Removal Of Cdc6 R-HSA-69017",0.0178937461390754,0.114521246077522,0.352487857583619,-0.365839953525507,-1.48097709502627,71,"PSMD7;PSMD2;PSMC5;PSMC4;PSMD12;PSMF1;UBE2D1;PSMC2;PSMD11;PSMB5;PSMA6;PSMA1;ANAPC15;PSMC3;PSMA3;PSMA5;CDK2;PSMD8;ANAPC4;PSMA7;PSMC6;ANAPC11;ANAPC16;PSMD5;PSMB7;PSMB6;CDC27;PSMB1;PSMD9;PSMB4;PSMB3;CCNA2;PSME3;CDC16;PSMC1;PSMB9"
"Cdc20:Phospho-APC/C Mediated Degradation Of Cyclin A R-HSA-174184",0.0178937461390754,0.114521246077522,0.352487857583619,-0.366216539074342,-1.48250157196425,71,"PSMD7;PSMD2;PSMC5;PSMC4;PSMD12;PSMF1;UBE2D1;PSMC2;PSMD11;PSMB5;MAD2L1;PSMA6;PSMA1;ANAPC15;PSMC3;BUB1B;PSMA3;PSMA5;PSMD8;ANAPC4;PSMA7;PSMC6;ANAPC11;ANAPC16;PSMD5;PSMB7;PSMB6;CDC27;PSMB1;PSMD9;PSMB4;PSMB3;CCNA2;PSME3;CDC16"
"Mitotic G2-G2/M Phases R-HSA-453274",0.0179583445005883,0.114521246077522,0.352487857583619,-0.288559599207235,-1.35740493024921,181,"PRKAR2B;TUBA4A;YWHAG;DCTN3;HAUS3;HAUS8;DCTN1;TUBB4B;PSMD7;PPP2R1A;PSMD2;PPME1;PSMC5;HMMR;PSMC4;PPP2CA;PSMD12;CETN2;DYNC1H1;OPTN;PSMF1;LIN52;PSMC2;PSMD11;MNAT1;PSMB5;TUBGCP2;CDC25A;CEP63;CCNB1;CENPF;PSMA6;PSMA1;PSMC3;CEP290;HAUS7;PSMA3;PSMA5;PRKCA;CEP76;CDK2;PSMD8;CCNB2;WEE1;PSMA7;TUBGCP3;RBX1;CDK7;BORA;PSMC6;CEP152;PPP1CB;PAFAH1B1;PSMD5;PSMB7;PCNT;PPP2R2A"
"PI Metabolism R-HSA-1483255",0.0181628199957873,0.115195711603716,0.352487857583619,-0.355400895972101,-1.4713205867723,82,"ARF3;PLEKHA3;PI4KA;PTEN;PLEKHA5;MTMR4;INPP5J;SYNJ1;MTMR6;PIK3R2;OCRL;PLEKHA6;INPP5F;FIG4;PIP5K1C;PIK3R1;PIP4K2B;PIP4P1;CLSTN1;PIK3R4;TPTE2;BMX;VAC14"
"Chaperonin-mediated Protein Folding R-HSA-390466",0.0184318939254098,0.116098374702223,0.352487857583619,-0.353702282977777,-1.47722938512677,85,"TUBB2A;GNG3;TUBA4A;GNB5;FBXW7;GNB1;TUBB4B;RGS7;GNB2;NOP56;TUBA8;FBXO6;USP11;TUBB2B;PFDN6;ARFGEF2;GNG2;CCT6B;RGS11;GNG4;CSNK2B;CCT2;TUBB3"
"Receptor-type Tyrosine-Protein Phosphatases R-HSA-388844",0.0185041111350587,0.116098374702223,0.352487857583619,-0.53565661626367,-1.63151136014746,20,"SLITRK4;PPFIA3;LRRC4B;PPFIA2;SLITRK5;NTRK3;SLITRK2;SLITRK3;IL1RAP"
"Citric Acid Cycle (TCA Cycle) R-HSA-71403",0.0186687673215934,0.116505088044382,0.352487857583619,-0.530100725156237,-1.59615406398568,19,"MDH2;IDH3B;SUCLA2;LDLR;SDHB;IDH3A;CS;IDH3G;FAHD1;SDHA;IDH2;SUCLG1;NNT"
"Inositol Phosphate Metabolism R-HSA-1483249",0.0196635083885304,0.122060182390505,0.352487857583619,-0.40849935808322,-1.52108400597087,48,"PLCB1;ITPKA;IP6K1;PTEN;NUDT10;INPP5J;INPP5A;SYNJ1;OCRL;MIOX;CALM1;IP6K2;NUDT3;IMPA1;PLCH2;PLCD4"
"APC:Cdc20 Mediated Degradation Of Cell Cycle Proteins Before Cycle Checkpoint Satisfied R-HSA-179419",0.0208090456911254,0.127429431147477,0.352487857583619,-0.36597789151206,-1.4824898135326,72,"PSMD7;PSMD2;PSMC5;PSMC4;PSMD12;PSMF1;UBE2D1;PSMC2;PSMD11;PSMB5;MAD2L1;PSMA6;PSMA1;ANAPC15;PSMC3;BUB1B;PSMA3;PSMA5;PSMD8;ANAPC4;PSMA7;PSMC6;ANAPC11;ANAPC16;PSMD5;PSMB7;PSMB6;CDC27;PSMB1;PSMD9;PSMB4;PSMB3;CCNA2;PSME3;CDC16"
"Dectin-2 Family R-HSA-5621480",0.0209652534535695,0.127429431147477,0.352487857583619,0.490083000601402,1.59920741664516,27,"CLEC10A;MUC5B;MUC5AC;MUC21;CLEC6A;CLEC4E;MUCL1;MUC17"
"MAPK1/MAPK3 Signaling R-HSA-5684996",0.02089113609313,0.127429431147477,0.352487857583619,-0.262997517991993,-1.29859855486752,273,"CAMK2A;SPTBN2;RAPGEF2;SHC3;NEFL;GFRA2;FGF13;PSMD7;CAMK2G;GRB2;PPP2R1A;SHC2;PSMD2;PSMC5;CNKSR2;PSMC4;YWHAB;PPP2CA;DAB2IP;PPP2R5B;PSMD12;RNMT;TEK;PIK3R2;EGFR;LAMTOR3;PSMF1;PSMC2;GRIN2B;PSMD11;PSMB5;MAPK3;SPTAN1;PEBP1;RASGRF1;CAMK2D;CALM1;PAQR3;SPRED1;PIK3R1;GFRA1;RASGRP4;RANBP9;FLT3;PSMA6;PSMA1;NF1;PSMC3;FRS3;WDR83;NRG3;IL3RA;PSMA3;JAK2;PSMA5;FGF8;PSMD8;PDE6D;SYNGAP1;RASAL2;SPTBN4;MAP2K1;ACTN2;PSMA7;RBX1;NRG4;CUL3;RASGRP1;PSMC6;IL6;FGF10;VCL;MRAS;PPP1CB;PSMD5;PSMB7;SOS1;RASGEF1A;RET;SPRED3;PSMB6;AREG;KLB;EPGN;PIK3CA;PSMB1;ARTN;TLN1"
"Ubiquitin Mediated Degradation Of Phosphorylated Cdc25A R-HSA-69601",0.0207416467472042,0.127429431147477,0.352487857583619,-0.410535392175466,-1.55028782423206,50,"PSMD7;PSMD2;PSMC5;PSMC4;PSMD12;PSMF1;PSMC2;PSMD11;PSMB5;CDC25A;PSMA6;PSMA1;PSMC3;PSMA3;PSMA5;PSMD8;CHEK2;PSMA7;PSMC6;PSMD5;PSMB7;PSMB6;PSMB1;PSMD9;PSMB4;PSMB3;PSME3;PSMC1;PSMB9;PSME4"
"RAB GEFs Exchange GTP For GDP On RABs R-HSA-8876198",0.0211966737325176,0.128168488320456,0.352487857583619,-0.352781218537185,-1.47200973235728,87,"RAB3A;RAB12;ULK1;GDI1;TRAPPC11;TRAPPC3;ANKRD27;DENND5B;RAB6B;TRAPPC6B;AKT1;RAB6A;RIC1;TRAPPC13;RAB38;DENND3;RABGEF1;RINL;RAB18;CHML;DENND2C;RAB1A;TRAPPC1;RAB3GAP2;RAB32;GAPVD1;ALS2;RAB14;RAB7A;RAB3GAP1;DENND6B;RIN1;DENND4C;TRAPPC5;HPS4"
"Presynaptic Function Of Kainate Receptors R-HSA-500657",0.0218904890411815,0.131181056035568,0.352487857583619,-0.507388896382798,-1.56587414081417,21,"PLCB1;GNG3;GNB5;GNB1;GNB2;GNG2;GNG4"
"Regulation Of PTEN Stability And Activity R-HSA-8948751",0.0220321225218264,0.131181056035568,0.352487857583619,-0.371554175224169,-1.49093635498314,66,"PSMD7;PTEN;PSMD2;PSMC5;PSMC4;AKT1;PSMD12;PSMF1;PSMC2;PSMD11;PSMB5;TRIM27;PSMA6;PSMA1;PSMC3;STUB1;PSMA3;PSMA5;CSNK2B;PSMD8"
"Vif-mediated Degradation Of APOBEC3G R-HSA-180585",0.0220240749814645,0.131181056035568,0.352487857583619,-0.392110955802817,-1.50429316206519,52,"PSMD7;PSMD2;PSMC5;PSMC4;PSMD12;PSMF1;PSMC2;PSMD11;PSMB5;PSMA6;PSMA1;PSMC3;APOBEC3G;PSMA3;PSMA5;PSMD8;PSMA7;RBX1;PSMC6;PSMD5;PSMB7;PSMB6;PSMB1;PSMD9;PSMB4;PSMB3;PSME3;PSMC1;PSMB9"
"PKA-mediated Phosphorylation Of CREB R-HSA-111931",0.0222737181404554,0.131946340456403,0.352487857583619,-0.521960608139813,-1.57164385254755,19,"PRKAR2B;PRKAR1B;ADCY1;CREB1;NBEA;PRKAR2A;CALM1;PRKACB;PRKAR1A;ADCY9;PRKCA"
"MAP Kinase Activation R-HSA-450294",0.0226308215033978,0.132714415550076,0.352487857583619,-0.367705983278447,-1.43898224285342,61,"MEF2C;MAPK10;PPP2R1A;MAPK8;PPP2CA;CREB1;MAPK3;RPS6KA5;DUSP3;FOS;NOD2;UBE2N;MAPK9;IRAK1;MAP2K1;MAPK11;JUN"
"Phase 4 - Resting Membrane Potential R-HSA-5576886",0.0225655770135607,0.132714415550076,0.352487857583619,0.541155922186814,1.57518689455954,19,"KCNJ2;KCNK6;KCNK13;KCNJ12;KCNK7;KCNJ14;KCNJ4;KCNK5"
"Prostacyclin Signaling Thru Prostacyclin Receptor R-HSA-392851",0.023046208576397,0.134474627043277,0.352487857583619,-0.51930565043335,-1.56364967081609,19,"GNG3;GNAS;GNB5;GNB1;GNB2;GNG2;GNG4"
"Response Of Mtb To Phagocytosis R-HSA-9637690",0.0232334474678718,0.134892702462718,0.352487857583619,-0.504279745203273,-1.55627885903601,21,"PGK1;GSK3A;ENO1;ATP6V1H;KPNA1;CTSG;MAPK3;TRIM27;KPNB1;HGS"
"Uptake And Actions Of Bacterial Toxins R-HSA-5339562",0.0233592603602971,0.134951766536964,0.352487857583619,-0.480090922831626,-1.57261777370206,28,"SV2B;SNAP25;SYT1;VAMP2;SV2A;STX1A;FURIN;CALM1;PDCD6IP"
"Degradation Of GLI1 By Proteasome R-HSA-5610780",0.0248459502931243,0.142833615724513,0.352487857583619,-0.389174098158427,-1.5133319752083,58,"PSMD7;PSMD2;PSMC5;PSMC4;PSMD12;PSMF1;PSMC2;PSMD11;PSMB5;PRKACB;PSMA6;PSMA1;PSMC3;PSMA3;PSMA5;PRKCA;SUFU;PSMD8;PSMA7;RBX1;PSMC6;PSMD5;PSMB7;PSMB6;PSMB1;PSMD9;PSMB4;PSMB3;PSME3;BTRC;PSMC1;PSMB9;GLI1;PSME4"
"MHC Class II Antigen Presentation R-HSA-2132295",0.0250227889601303,0.143145072139569,0.352487857583619,-0.329329434549035,-1.4096722401351,101,"DNM1;CLTC;SPTBN2;AP2M1;DCTN3;AP2A1;CTSB;AP2S1;DCTN1;CTSA;AP1S1;KIFAP3;DYNC1H1;KLC1;SH3GL2;CTSV;CTSS;ACTR1B;SEC24A;SEC23A;CLTA;KIF3C;CENPE"
"Class I MHC Mediated Antigen Processing And Presentation R-HSA-983169",0.0253870599183829,0.144198553423385,0.352487857583619,-0.251426279423375,-1.27836943355122,374,"PJA2;FBXW7;FBXL16;FBXO21;ASB5;UBE2W;PSMD7;PSMD2;PSMC5;UBE2K;MIB2;ASB17;ANAPC13;UBAC1;PSMC4;LNX1;PSMD12;HACE1;FBXO41;RNF6;ASB8;LMO7;HERC3;PSMF1;PJA1;UBE2D1;PSMC2;UBE3C;UBE2V2;PSMD11;FBXO11;ASB9;UBE2M;FBXO2;PSMB5;CTSV;CTSS;LRSAM1;TRIM32;SIAH2;LRRC41;FBXO6;RNF115;SEC24A;SEC23A;UBA1;UBE2D2;TRIM9;GLMN;TRIM37;UBE2N;PSMA6;PSMA1;PSMC3;S100A9;FBXL12;THOP1;STUB1;GAN;HECW2;UBA6;PSMA3;SOCS3;PSMA5;KLHL3;FBXO22;UBE2U;PSMD8;NEDD4L;UBE2D4;FBXL19;BECN1;UBE2L6;ASB6;FBXO15;CUL7;PIK3R4;UBE2O;TLR6;RNF41;FBXO44;ASB14;ANAPC4;UBE2G2;PSMA7;HUWE1;ZNRF2;TLR4;KBTBD13;RBX1;TRAF7;FBXL5;KBTBD6;FBXW8;UBE3A;CUL3;TRAIP;UBE2E2;PSMC6;UBE2E3;S100A8;ANAPC11;PSMD5;PSMB7;FBXO10;CBLB"
"Regulation Of IFNA/IFNB Signaling R-HSA-912694",0.0254540719839052,0.144198553423385,0.352487857583619,0.513117775070856,1.52685153176983,20,"IFNA14;USP18;PTPN11;IFNA4;STAT2;SOCS1;PTPN6;IFNA8;IFNA5"
"HIV Infection R-HSA-162906",0.0264415518337426,0.146939480904655,0.352487857583619,-0.278858076845036,-1.34567640735102,224,"AP2M1;SLC25A4;RNGTT;AP2A1;AP2S1;SUPT4H1;NMT2;PSMD7;VPS28;PSMD2;SLC25A5;PSMC5;ATP6V1H;AP1S1;PSMC4;PSMD12;RNMT;NUP98;FURIN;KPNA1;PSMF1;PSMC2;POLR2K;PSMD11;MNAT1;NUP88;PSMB5;PDCD6IP;VTA1;TAF11;TAF9B;DOCK2;POLR2G;GTF2H5;PSMA6;NELFA;PSMA1;POLR2C;PSMC3;NELFB;CHMP5;GTF2A2;APOBEC3G;PSMA3;PSMA5;KPNB1;RCC1;POLR2H;GTF2H3;PSMD8;NEDD4L;PPIA;TBP;VPS37B;CD247;CD8B;ELOA;PSMA7;TAF13;RBX1;CDK7;AP1M2;GTF2H1;PSMC6;ERCC3;NDC1;GTF2A1;NELFE;GTF2B;PSMD5;PSMB7;NUP54;NUP43;XRCC4;TPR;CCNK;PSMB6"
"NRIF Signals Cell Death From Nucleus R-HSA-205043",0.0261728680173524,0.146939480904655,0.352487857583619,0.567658618348291,1.60297957801978,15,"RPS27A;PSEN1;APH1B;UBA52;PSENEN;NGF"
"Recycling Pathway Of L1 R-HSA-437239",0.0263297709235181,0.146939480904655,0.352487857583619,-0.474673642133755,-1.55487256856393,28,"DNM1;CLTC;AP2M1;AP2A1;AP2S1;L1CAM;SH3GL2;RPS6KA5;CLTA;RPS6KA6"
"Regulation Of APC/C Activators Between G1/S And Early Anaphase R-HSA-176408",0.026201610347048,0.146939480904655,0.352487857583619,-0.348540558187494,-1.43365625127613,79,"PSMD7;PSMD2;PSMC5;PSMC4;PSMD12;PSMF1;UBE2D1;PSMC2;PSMD11;PSMB5;CCNB1;MAD2L1;PSMA6;PSMA1;ANAPC15;PSMC3;BUB1B;PSMA3;PSMA5;CDK2;PSMD8;ANAPC4;PSMA7;PSMC6;ANAPC11;ANAPC16;PSMD5;PSMB7;PSMB6;CDC27;PSMB1;PSMD9;PSMB4;PSMB3;CCNA2;PSME3;CDC16;BTRC;PSMC1;PSMB9"
"Cyclin D Associated Events In G1 R-HSA-69231",0.0268745674142768,0.148638010296024,0.352487857583619,0.398691657384428,1.4664880025562,46,"PTK6;CKS1B;RPS27A;CDKN1C;CDK4;TFDP1;UBA52;CCND1;E2F1;CCNE1;ABL1;CUL1;CCND2;CDKN2C;CDKN2D;CCNE2;PPP2R1B;CDKN1B;CDK6"
"Pyruvate Metabolism And Citric Acid (TCA) Cycle R-HSA-71406",0.0270679436431145,0.149001369016578,0.352487857583619,-0.38760277832885,-1.47614450302647,51,"PDHB;MDH2;LDHB;BSG;PDK3;IDH3B;SUCLA2;LDLR;SDHB;GLO1;ADHFE1;IDH3A;CS;PPARD;VDAC1;PDK2;PDPK1;IDH3G;FAHD1;SDHA;PDP2;LDHC;DLAT;IDH2;SUCLG1;PDHA1;NNT;D2HGDH;LDHAL6A"
"Activation Of Kainate Receptors Upon Glutamate Binding R-HSA-451326",0.0273600742557386,0.149201900263771,0.352487857583619,-0.458726696766139,-1.52247923360238,29,"PLCB1;GNG3;GNB5;GNB1;GNB2;CALM1;GRIK5;GNG2;GNG4;NCALD"
"Neurexins And Neuroligins R-HSA-6794361",0.0273118201565221,0.149201900263771,0.352487857583619,-0.37403241000216,-1.45146439873535,57,"STXBP1;SYT1;DLGAP1;NRXN3;EPB41L1;NRXN1;NLGN4X;STX1A;GRIN2B;SYT7;SHANK2;DLGAP4;NRXN2;NLGN3;SHANK3;LIN7A"
"APC/C:Cdc20 Mediated Degradation Of Mitotic Proteins R-HSA-176409",0.0275092688112087,0.149317752105491,0.352487857583619,-0.361362828566264,-1.47185262128419,74,"PSMD7;PSMD2;PSMC5;PSMC4;PSMD12;PSMF1;UBE2D1;PSMC2;PSMD11;PSMB5;CCNB1;MAD2L1;PSMA6;PSMA1;ANAPC15;PSMC3;BUB1B;PSMA3;PSMA5;PSMD8;ANAPC4;PSMA7;PSMC6;ANAPC11;ANAPC16;PSMD5;PSMB7;PSMB6;CDC27;PSMB1;PSMD9;PSMB4;PSMB3;CCNA2;PSME3;CDC16"
"Nuclear Signaling By ERBB4 R-HSA-1251985",0.0282996120121884,0.152528915510786,0.352487857583619,0.449581780114716,1.54142717225985,32,"S100B;PSEN1;SPARC;GFAP;APH1B;PSENEN"
"Switching Of Origins To A Post-Replicative State R-HSA-69052",0.0283622747779268,0.152528915510786,0.352487857583619,-0.331118467767876,-1.3865768454936,89,"PSMD7;PSMD2;PSMC5;ORC4;PSMC4;PSMD12;SLC25A2;PSMF1;UBE2D1;PSMC2;PSMD11;PSMB5;PSMA6;PSMA1;ANAPC15;PSMC3;PSMA3;PSMA5;CDK2;PSMD8;ANAPC4;PSMA7;RBX1;PSMC6;MCM6;ANAPC11;ANAPC16;PSMD5;PSMB7;ORC6;PSMB6;CDC27;PSMB1;PSMD9;PSMB4;PSMB3;CCNA2;PSME3;CDC16"
"Degradation Of DVL R-HSA-4641258",0.0287784863304993,0.154057309851801,0.352487857583619,-0.382915633593129,-1.46991194362758,54,"PSMD7;PSMD2;PSMC5;PSMC4;PSMD12;PSMF1;PSMC2;PSMD11;PSMB5;HECW1;PSMA6;PSMA1;PSMC3;PSMA3;PSMA5;PSMD8;PSMA7;RBX1;CUL3;PSMC6;PSMD5;PSMB7;DVL2;PSMB6;PSMB1;PSMD9;PSMB4;PSMB3;PSME3;PSMC1;PSMB9"
"Deactivation Of Beta-Catenin Transactivating Complex R-HSA-3769402",0.029220169350364,0.155707477771118,0.352487857583619,0.412481533347665,1.49102447930383,41,"RPS27A;SOX3;TLE4;TCF7L1;SOX2;CBY1;UBA52;PROC;PYGO2;MEN1"
"Mitochondrial Calcium Ion Transport R-HSA-8949215",0.0294216517486072,0.156068489048293,0.352487857583619,-0.496077513165965,-1.53096560694134,21,"MICU3;AFG3L2;PARL;MICU2;MCUB;MCU;VDAC1;SPG7;PMPCB"
"Hedgehog Ligand Biogenesis R-HSA-5358346",0.0299633735636593,0.158222882121224,0.352487857583619,-0.374718109136941,-1.48765834509276,63,"PSMD7;VCP;PSMD2;PSMC5;PSMC4;PSMD12;GPC5;ERLEC1;PSMF1;PSMC2;PSMD11;PSMB5;P4HB;OS9;PSMA6;PSMA1;PSMC3;PSMA3;PSMA5;PSMD8;PSMA7;PSMC6;PSMD5;PSMB7;PSMB6;PSMB1;PSMD9;PSMB4;PSMB3;PSME3;SEL1L;PSMC1;ADAM17;HHAT;PSMB9;SHH;PSME4"
"Protein Folding R-HSA-391251",0.0301237298628074,0.158353120495028,0.352487857583619,-0.330977094472268,-1.3944032411762,91,"TUBB2A;GNG3;TUBA4A;GNB5;FBXW7;GNB1;TUBB4B;RGS7;GNB2;NOP56;TUBA8;FBXO6;USP11;TUBB2B;PFDN6;ARFGEF2;GNG2;CCT6B;RGS11;GNG4;CSNK2B;CCT2;TUBB3"
"Activation Of BH3-only Proteins R-HSA-114452",0.0302838374520407,0.158480889266957,0.352487857583619,-0.457890101880872,-1.53390886664292,30,"PPP3R1;YWHAH;YWHAG;MAPK8;YWHAB;AKT1;BCL2"
"rRNA Modification In Nucleus And Cytosol R-HSA-6790901",0.0310850444778422,0.161947530828758,0.352487857583619,0.37496394225072,1.4636467125029,59,"FCF1;RPS2;RPS6;RPS9;RPS7;RPS14;NOP14;MPHOSPH10;TRMT112;PNO1;NOC4L;IMP4;DHX37"
"Activation Of APC/C And APC/C:Cdc20 Mediated Degradation Of Mitotic Proteins R-HSA-176814",0.0314934779893018,0.162356847025811,0.321775918075361,-0.346705687164889,-1.41329743096933,75,"PSMD7;PSMD2;PSMC5;PSMC4;PSMD12;PSMF1;UBE2D1;PSMC2;PSMD11;PSMB5;CCNB1;MAD2L1;PSMA6;PSMA1;ANAPC15;PSMC3;BUB1B;PSMA3;PSMA5;PSMD8;ANAPC4;PSMA7;PSMC6;ANAPC11;ANAPC16;PSMD5;PSMB7;PSMB6;CDC27;PSMB1;PSMD9;PSMB4;PSMB3;CCNA2;PSME3;CDC16"
"Deregulated CDK5 Triggers Neurodegenerative Pathways In Alzheimers Disease Models R-HSA-8862803",0.0315809805268715,0.162356847025811,0.321775918075361,-0.494081652042812,-1.52480609627076,21,"PRDX2;CDK5R1;CAPN1;CAPNS1;LMNB1;CDC25A;ERC2;GOLGA2;JUN;APP"
"GSK3B And BTRC:CUL1-mediated-degradation Of NFE2L2 R-HSA-9762114",0.0314679895410866,0.162356847025811,0.321775918075361,-0.398213694453625,-1.50375790667534,50,"PSMD7;PSMD2;PSMC5;PSMC4;GSK3B;PSMD12;PSMF1;PSMC2;PSMD11;PSMB5;PSMA6;PSMA1;PSMC3;PSMA3;PSMA5;PSMD8;PSMA7;RBX1;PSMC6;PSMD5;PSMB7;PSMB6;PSMB1;PSMD9;PSMB4;PSMB3;PSME3;BTRC;PSMC1;PSMB9"
"RND3 GTPase Cycle R-HSA-9696264",0.0318863232323428,0.163207628123439,0.321775918075361,0.40447609750791,1.46019326288898,42,"PKP4;ARHGAP21;VANGL2;KTN1;DST;FLOT2;UBXN11;ARHGAP5;PICALM;CAV1"
"Orc1 Removal From Chromatin R-HSA-68949",0.0321981946857279,0.164084249773993,0.321775918075361,-0.35355089878285,-1.42768365951853,68,"PSMD7;PSMD2;PSMC5;ORC4;PSMC4;PSMD12;SLC25A2;PSMF1;PSMC2;PSMD11;PSMB5;PSMA6;PSMA1;PSMC3;PSMA3;PSMA5;CDK2;PSMD8;PSMA7;RBX1;PSMC6;MCM6;PSMD5;PSMB7;ORC6;PSMB6;PSMB1;PSMD9;PSMB4;PSMB3;CCNA2;PSME3"
"Regulation Of Apoptosis R-HSA-169911",0.0324277718314372,0.164535694466466,0.321775918075361,-0.378756298394807,-1.44245361262039,51,"PSMD7;PSMD2;PSMC5;PSMC4;PSMD12;PSMF1;PSMC2;PSMD11;PSMB5;PSMA6;PSMA1;PSMC3;PSMA3;PSMA5;PSMD8;PSMA7;PSMC6;PSMD5;PSMB7;PSMB6;PSMB1;PSMD9;PSMB4;PSMB3;PSME3;PSMC1;PSMB9;ARHGAP10;PSME4"
"Keratan Sulfate/Keratin Metabolism R-HSA-1638074",0.0325751965804952,0.164568200906658,0.321775918075361,-0.439839404844918,-1.47951800833045,33,"B4GAT1;B3GNT4;B4GALT6;ST3GAL3;ACAN;HEXB;B4GALT1;OMD;GNS;FMOD;B4GALT4;B3GNT2;LUM;CHST5"
"Vpu Mediated Degradation Of CD4 R-HSA-180534",0.033619596233281,0.169112365535513,0.321775918075361,-0.393626240607255,-1.48643449442441,50,"PSMD7;PSMD2;PSMC5;PSMC4;PSMD12;PSMF1;PSMC2;PSMD11;PSMB5;PSMA6;PSMA1;PSMC3;PSMA3;PSMA5;PSMD8;PSMA7;PSMC6;PSMD5;PSMB7;PSMB6;PSMB1;PSMD9;PSMB4;PSMB3;PSME3;BTRC;PSMC1;PSMB9;PSME4"
"EPH-Ephrin Signaling R-HSA-2682334",0.0338074352688428,0.169327368921629,0.321775918075361,-0.341537300786565,-1.42509352625264,87,"DNM1;CLTC;EPHA4;AP2M1;EPHB6;AP2A1;CLTB;AP2S1;ARPC2;WASL;ACTR2;NGEF;VAV3;GRIN2B;EPHA10;CLTA;MYL12A;EFNA3;EFNB3;EPHA7;ARHGEF7;LIMK1;SYNGAP1;EPHA3;KALRN;EFNB1;VPS72;MYH11"
"DNA Double-Strand Break Repair R-HSA-5693532",0.0340473461519893,0.1698002263221,0.321775918075361,0.295912340589574,1.33978167205833,144,"TIPIN;XRCC2;RPS27A;SIRT6;TP53BP1;PPP4R2;BLM;POLD4;EME2;BARD1;KDM4B;H3-4;UBXN1;RNF4;FEN1;UBA52;H4C15;H2BC17;ATM;H2AX;POLE4;POLL;POLD2;DCLRE1C;RAD51D;ABL1;SMARCA5;H2BC21;TOPBP1;BRCC3;SUMO2;SLC19A1"
"G Beta:Gamma Signaling Thru PLC Beta R-HSA-418217",0.0345533622780177,0.171590526716794,0.321775918075361,-0.50777469601007,-1.54658816820823,20,"PLCB1;GNG3;GNB5;GNB1;GNB2;GNG2;GNG4"
"Estrogen-dependent Gene Expression R-HSA-9018519",0.0351592157175137,0.173125758406492,0.321775918075361,0.311323882436582,1.37191604927589,116,"H2AC19;CTSD;HSP90AA1;RAD21;GATA3;CBFB;FKBP4;KDM1A;H2AJ;KAT2B;DAND5;KDM4B;AXIN1;POLR2J;POLR2L;CCND1;PTGES3;H4C15;H2BC17;H2AX;H3-3B;PRMT1;GPAM;H2AB1;GTF2F2;H2AC6;H2BC21"
"Immunoregulatory Interactions Between A Lymphoid And A non-Lymphoid Cell R-HSA-198933",0.0350357511962626,0.173125758406492,0.321775918075361,0.316426082396872,1.38745758912118,115,"KIR3DL1;CD99;ULBP1;KIR2DS1;HLA-C;FCGR1A;HCST;ITGB1;LILRB2;B2M;PIANP;C3;HLA-B;SIGLEC10;TREM1;KLRB1;TARP;LILRA5;SIGLEC6;CXADR;CD22;TYROBP;RAET1E;LILRB4;CD300E;COLEC12;TREML4"
"Transcriptional Regulation By MECP2 R-HSA-8986944",0.0355214816890806,0.174174660214946,0.321775918075361,-0.375576794760489,-1.46204795207268,60,"MEF2C;CAMK2A;GRIA2;RBFOX1;SLC2A3;CAMK2G;PTEN;PTPN4;RNMT;SST;CREB1;GRIN2B;AGO4;CAMK2D;CALM1;GAD1;TBL1XR1;OPRK1"
"Processing Of DNA Double-Strand Break Ends R-HSA-5693607",0.0375038251889511,0.183125372366134,0.321775918075361,0.344941879687883,1.41305389378984,75,"TIPIN;RPS27A;SIRT6;TP53BP1;PPP4R2;BLM;BARD1;H3-4;RNF4;UBA52;H4C15;H2BC17;ATM;H2AX;H2BC21;TOPBP1;BRCC3;SUMO2"
"Keratan Sulfate Biosynthesis R-HSA-2022854",0.0382650816630157,0.186063959586414,0.321775918075361,-0.459885162009987,-1.506430438995,28,"B4GAT1;B3GNT4;B4GALT6;ST3GAL3;ACAN;B4GALT1;OMD;FMOD;B4GALT4;B3GNT2;LUM;CHST5"
"Anchoring Of Basal Body To Plasma Membrane R-HSA-5620912",0.0384483796512697,0.18617949814536,0.321775918075361,-0.318771623513612,-1.35692084369312,96,"PRKAR2B;TUBA4A;YWHAG;DCTN3;HAUS3;HAUS8;DCTN1;TUBB4B;PPP2R1A;RAB11A;CETN2;MARK4;DYNC1H1;CEP89;CEP63;TTBK2;B9D1;CEP290;FBF1;HAUS7;PRKCA;CEP76;IQCB1;CEP152;AHI1;CEP83;PAFAH1B1;TMEM216;PCNT;TMEM67;RPGRIP1L;HAUS2;SSNA1;CEP97;ODF2;HAUS6;C2CD3;CEP131;CEP72"
"Cooperation Of Prefoldin And TriC/CCT In Actin And Tubulin Folding R-HSA-389958",0.0388595922678608,0.187393157754519,0.321775918075361,-0.449304324997785,-1.50514694487635,30,"TUBB2A;TUBA4A;TUBB4B;TUBA8;TUBB2B;PFDN6;CCT6B;CCT2;TUBB3;TUBA1C;VBP1;TUBB6;TCP1;CCT7"
"Nef-mediated Downmodulation Of Cell Surface Receptors By Recruitment To Clathrin Adapters R-HSA-164938",0.0398285890888069,0.191275569821554,0.321775918075361,-0.50406215636104,-1.53528045646066,20,"AP2M1;AP2A1;AP2S1;ATP6V1H;AP1S1"
"Meiosis R-HSA-1500620",0.04011500676227,0.191861528244136,0.321775918075361,0.334167221544304,1.38652905996088,85,"SUN2;HSPA2;H2AC19;RAD21;BLM;H2AJ;TINF2;LMNA;H3-4;CDK4;PRDM9;H4C15;H2BC17;ATM;H2AX;H3-3B;H2AB1;TERF1;H2AC6;H2BC21;POT1;RAD51;STAG2;SYCP2;MRE11;H2AZ2"
"APC/C:Cdc20 Mediated Degradation Of Securin R-HSA-174154",0.0405696368131633,0.193243943514129,0.321775918075361,-0.352279580879774,-1.41359314273617,66,"PSMD7;PSMD2;PSMC5;PSMC4;PSMD12;PSMF1;UBE2D1;PSMC2;PSMD11;PSMB5;PSMA6;PSMA1;ANAPC15;PSMC3;PSMA3;PSMA5;PSMD8;ANAPC4;PSMA7;PSMC6;ANAPC11;ANAPC16;PSMD5;PSMB7;PSMB6;CDC27;PSMB1;PSMD9;PSMB4;PSMB3;PSME3;CDC16;PSMC1;PSMB9"
"Mitochondrial Translation Termination R-HSA-5419276",0.0413722735127043,0.196266029224902,0.321775918075361,-0.333956653008245,-1.38254378148551,82,"MRPS21;MRPS18A;MRPL3;MRPL1;MRPS34;MRPL23;MRPL16;MRPL50;MRPS27;GADD45GIP1;CHCHD1;MRPL13;MRPL54;MRPL41;MTRF1L;MRPS36;MRPL47;ERAL1;MRPS31;MRPL21;MRPS23;MRPL55;MRPL57;OXA1L;MRPL44;DLGAP3;MRPL17;MRPL15;MRPS7;MRPL30;PTCD3;MRPL20;MRPS18B;MRPL39;MRPL19;MRPL24;MRPS26;MRPL51;MRPS30;MRPS16"
"Oxygen-dependent Proline Hydroxylation Of Hypoxia-inducible Factor Alpha R-HSA-1234176",0.0426908955585314,0.201701518691523,0.321775918075361,-0.36478840403905,-1.44823668840472,63,"PSMD7;PSMD2;WTIP;PSMC5;PSMC4;PSMD12;EPAS1;PSMF1;UBE2D1;PSMC2;PSMD11;PSMB5;UBE2D2;PSMA6;PSMA1;PSMC3;PSMA3;PSMA5;PSMD8;PSMA7;RBX1;PSMC6;PSMD5;PSMB7;UBE2D3;CUL2;PSMB6;PSMB1;PSMD9;PSMB4;PSMB3;PSME3"
"Transcriptional Activation Of Mitochondrial Biogenesis R-HSA-2151201",0.0435540069686411,0.204949702146791,0.287857117255149,-0.370515448145212,-1.42144422856842,52,"MEF2C;ATP5F1B;CYCS;CRTC1;SIRT4;SIRT3;CREB1;NCOA2;CALM1;TBL1XR1"
"Mitochondrial Protein Import R-HSA-1268020",0.0437515254530492,0.205052330135375,0.321775918075361,-0.363100439478034,-1.44153534543734,63,"ATP5F1B;ATP5F1A;SLC25A4;HSPA9;MTX2;COX17;TIMM50;CHCHD4;NDUFB8;PITRM1;CS;COA6;TIMM17A;OTC;VDAC1;TOMM20;SAMM50;TIMM23;TOMM22;PMPCB;IDH3G;PAM16;TIMM17B;TIMM10;HSCB;CHCHD10;COA4;GRPEL2;CHCHD3;SLC25A6"
"Export Of Viral Ribonucleoproteins From Nucleus R-HSA-168274",0.0446341609015019,0.208352263088211,0.321775918075361,0.424462835229614,1.48510221268861,35,"HSPA1A;AAAS;RNASE7;POM121C;NUP214;NUP50;NUP62;NUP188"
"APC/C-mediated Degradation Of Cell Cycle Proteins R-HSA-174143",0.0451263537906137,0.209636072916686,0.287857117255149,-0.317979359116823,-1.33024011016414,86,"PSMD7;PSMD2;PSMC5;PSMC4;PSMD12;PSMF1;UBE2D1;PSMC2;PSMD11;PSMB5;CCNB1;MAD2L1;PSMA6;PSMA1;ANAPC15;PSMC3;BUB1B;PSMA3;PSMA5;CDK2;PSMD8;ANAPC4;PSMA7;PSMC6;ANAPC11;ANAPC16;PSMD5;PSMB7;RB1;PSMB6;CDC27;PSMB1;PSMD9;PSMB4;PSMB3;CCNA2;PSME3;CDC16;BTRC;PSMC1;PSMB9"
"G Alpha (12/13) Signaling Events R-HSA-416482",0.0452684579048885,0.209636072916686,0.321775918075361,-0.336196671446051,-1.37993662988093,78,"PLEKHG5;ABR;GNG3;ARHGEF3;GNB5;GNB1;ARHGEF9;NGEF;ARHGEF11;GNB2;VAV3;ARHGEF16;ECT2;ARHGEF12;GNG2;ARHGEF5;ARHGEF7;GNG4;ARHGEF6;ARHGEF17;KALRN;TIAM2;AKAP13;TRIO"
"Potassium Channels R-HSA-1296071",0.0458553791887125,0.211143758684576,0.282013350011725,-0.309563434514533,-1.33201893795482,102,"GABBR2;KCNAB2;KCNC2;GNG3;HCN1;KCNC1;GNB5;GNB1;KCNV1;KCNA2;HCN2;KCND2;GNB2;KCNB1;KCNMB1;KCNA5;KCNH1;KCNQ2;KCNN1;KCNA4;KCNQ5;ABCC8;GNG2"
"Regulation Of Activated PAK-2p34 By Proteasome Mediated Degradation R-HSA-211733",0.0459558823529412,0.211143758684576,0.287857117255149,-0.394250739499047,-1.46802799644062,48,"PSMD7;PSMD2;PSMC5;PSMC4;PSMD12;PSMF1;PSMC2;PSMD11;PSMB5;PSMA6;PSMA1;PSMC3;PSMA3;PSMA5;PSMD8;PSMA7;PSMC6;PSMD5;PSMB7;PSMB6;PSMB1;PSMD9;PSMB4;PSMB3;PSME3;PSMC1;PSMB9;PSME4"
"Signaling By B Cell Receptor (BCR) R-HSA-983705",0.0462633451957295,0.211722838601633,0.282013350011725,-0.303650387948434,-1.31995910221635,108,"PRKCB;PPP3R1;ITPR1;PPP3CB;PSMD7;GRB2;PSMD2;PSMC5;PSMC4;PSMD12;PPP3CA;PSMF1;PSMC2;PSMD11;PSMB5;CALM1;REL;NFKBIE;PIK3R1;CD19;PSMA6;PSMA1;PSMC3;PSMA3;PSMA5;PSMD8;CLSTN1;PPIA"
"cGMP Effects R-HSA-418457",0.0465116279069767,0.21202761627907,0.282013350011725,-0.544525868366052,-1.5210665259954,15,"ITPR1;PDE1B;PDE2A;KCNMB1;PDE1A;PDE11A;IRAG1;KCNMA1"
"Defective Intrinsic Pathway For Apoptosis R-HSA-9734009",0.0471014492753623,0.213880900016918,0.282013350011725,-0.455811883913539,-1.44015467565699,24,"PRDX2;CDK5R1;CAPN1;CAPNS1;LMNB1;CDC25A;ERC2;GOLGA2;JUN;APP"
"Downstream Signaling Events Of B Cell Receptor (BCR) R-HSA-1168372",0.0474452554744526,0.214607027669326,0.282013350011725,-0.331868903405727,-1.36217308207785,78,"PRKCB;PPP3R1;PPP3CB;PSMD7;PSMD2;PSMC5;PSMC4;PSMD12;PPP3CA;PSMF1;PSMC2;PSMD11;PSMB5;CALM1;REL;NFKBIE;PSMA6;PSMA1;PSMC3;PSMA3;PSMA5;PSMD8;PPIA;PSMA7;RASGRP1;PSMC6;PSMD5;PSMB7"
"Base Excision Repair R-HSA-73884",0.0478529463686472,0.215615399274947,0.321775918075361,0.348996267510286,1.39886678898054,69,"H2AC19;ADPRS;H2AJ;POLD4;TINF2;H3-4;FEN1;H4C15;H2BC17;TDG;H2AX;POLE4;POLD2;H2AB1;TERF1;H2AC6;H2BC21;UNG;SLC19A1;POT1;PNKP;POLD1;H2AZ2"
"COPI-mediated Anterograde Transport R-HSA-6807878",0.0481216047115898,0.21599197191702,0.321775918075361,-0.335384210945761,-1.38355321676547,80,"SPTBN2;NSF;ARF5;ARF3;DCTN3;DCTN1;PTGES2;DYNC1H1;STX5;TMED9;SPTAN1;COPZ2;YKT6;ARFGAP2;KDELR1;ANK2;COG7;GOLGA2;DYNC1I1;CAPZA2;SPTBN4;RAB1A;COG6;GOSR2;ARCN1;COPA;COG3;CAPZA1;INS;CAPZA3"
"Golgi-to-ER Retrograde Transport R-HSA-8856688",0.0486486486486487,0.217520969245107,0.276500599254472,-0.301066703087758,-1.31218707876244,112,"NSF;ARF5;ARF3;DCTN3;DCTN1;KIFC2;PLA2G4A;RAB6B;KIFAP3;PTGES2;DYNC1H1;RAB6A;KLC1;TMED9;KIF21A;COPZ2;KIF3C;RAB18;PLA2G6;CENPE;PAFAH1B3;ARFGAP2;KIF3B;KDELR1;KIF27;DYNC1I1;CAPZA2;PAFAH1B2;RAB1A;RAB3GAP2;KIF20A"
"RAB Geranylgeranylation R-HSA-8873719",0.0501153209547453,0.222374827202235,0.321775918075361,-0.360392072365307,-1.4154297878645,62,"RAB3A;RAB12;RAB40A;RAB6B;RAB22A;RAB11A;RAB6A;RAB2A;RAB40C;RAB38;RAB15;RAB3C;RAB3D;RAB18;CHML;RAB24;RAB33A;RAB1A;RAB32;RAB37;RAB14;RAB7A;RABGGTB;RAB20"
"Signaling To ERKs R-HSA-187687",0.05,0.222374827202235,0.276500599254472,-0.423823717615119,-1.42564494145362,33,"SHC3;GRB2;SHC2;YWHAB;MAPK13;RAPGEF1;MAPK3;RIT2;RALA;MAP2K1;MAPK11"
"Prefoldin Mediated Transfer Of Substrate To CCT/TriC R-HSA-389957",0.0504504504504504,0.223013923013923,0.271288554688953,-0.448317295668596,-1.44730380439042,26,"TUBB2A;TUBA4A;TUBB4B;TUBB2B;PFDN6;CCT6B;CCT2;TUBB3;TUBA1C;VBP1;TUBB6;TCP1;CCT7"
"CRMPs In Sema3A Signaling R-HSA-399956",0.0507880910683012,0.223659253874368,0.266350657088526,-0.533235901080573,-1.51571778877584,16,"PLXNA4;PLXNA1;CDK5R1;PLXNA2;GSK3B"
"DNA Replication Pre-Initiation R-HSA-69002",0.0510018214936248,0.223756111590452,0.271288554688953,-0.296398931960039,-1.3111001818835,123,"PSMD7;PSMD2;PSMC5;H2AC7;ORC4;RPA4;PSMC4;PSMD12;SLC25A2;KPNA1;PSMF1;UBE2D1;PSMC2;PSMD11;PSMB5;H2BC14;PSMA6;PSMA1;ANAPC15;PSMC3;H2BC11;PSMA3;PSMA5;KPNB1;CDK2;CDC45;PSMD8;RPA3;ANAPC4;PSMA7;POLR1A;H2AZ1;H2AC4;KPNA6;PSMC6;H2BC3;MCM6;POLR1B;ANAPC11;ANAPC16;PSMD5;PSMB7;ORC6"
"VEGFR2 Mediated Cell Proliferation R-HSA-5218921",0.0515098046062756,0.22513835945889,0.321775918075361,-0.515804572715121,-1.52858990799479,18,"PRKCB;ITPR1;PRKCZ;CALM1;PRKCA;SYNGAP1;PDPK1"
"Adherens Junctions Interactions R-HSA-418990",0.0530035335689046,0.229944697676252,0.261663521711573,-0.430063093466251,-1.4273469007952,29,"CADM3;CADM2;NECTIN3;CDH12;CDH8;CADM1;CDH2;NECTIN1;CDH10;CDH18;NECTIN2;CDH11;CDH17"
"Regulation Of Cholesterol Biosynthesis By SREBP (SREBF) R-HSA-1655829",0.0529100529100529,0.229944697676252,0.261663521711573,-0.354630962962162,-1.37067640656529,55,"ACACA;MVD;HMGCS1;HMGCR;SC5D;NCOA2;SEC24A;SEC23A;TBL1XR1;INSIG2;MBTPS1;IDI1;ELOVL6;KPNB1;SQLE;MVK;SREBF2;CHD9;CARM1;MBTPS2;PMVK;CYP51A1;SEC24B;SEC24D;LMBR1;SMARCD3;PPARA;SREBF1"
"Cellular Response To Chemical Stress R-HSA-9711123",0.0561594202898551,0.240373846213262,0.257206466468838,-0.268245908536031,-1.2611982260244,180,"CYCS;PRDX2;COX7C;COX5A;COX6C;FBXL17;PSMD7;COX8A;GPX1;VCP;PSMD2;PSMC5;GSR;PSMC4;GSK3B;AKT1;COX7B;PSMD12;PSMF1;GPX3;PSMC2;PSMD11;PSMB5;NCOA2;P4HB;SIN3B;PRDX5;UBL4A;TBL1XR1;COX14;COX6B1;PSMA6;PSMA1;PSMC3;PSMA3;PSMA5;TXNRD2;CSNK2B;PSMD8;COX6A1;HMOX2;COX7A2L;PSMA7;SOD3;RBX1;CUL3;GCLM;PSMC6;COX4I1;ATP7A;PSMD5;PSMB7;CHD9"
"Defective CFTR Causes Cystic Fibrosis R-HSA-5678895",0.05638504750028,0.240373846213262,0.321775918075361,-0.359033686806529,-1.39608443470941,59,"PSMD7;VCP;PSMD2;PSMC5;PSMC4;PSMD12;ERLEC1;PSMF1;PSMC2;PSMD11;PSMB5;OS9;PSMA6;PSMA1;PSMC3;PSMA3;PSMA5;PSMD8;PSMA7;PSMC6;PSMD5;PSMB7;RNF5;PSMB6;PSMB1;PSMD9;PSMB4;PSMB3;PSME3;SEL1L;PSMC1;PSMB9"
"EPH-ephrin Mediated Repulsion Of Cells R-HSA-3928665",0.0560578661844485,0.240373846213262,0.257206466468838,-0.373090252393123,-1.40012935582753,49,"DNM1;CLTC;EPHA4;AP2M1;EPHB6;AP2A1;CLTB;AP2S1;VAV3;EPHA10;CLTA;EFNA3;EFNB3;EPHA7;EPHA3;EFNB1"
"NRAGE Signals Death Thru JNK R-HSA-193648",0.0564373897707231,0.240373846213262,0.252961123069611,-0.351544977660491,-1.36420001578331,57,"PLEKHG5;ABR;ARHGEF3;ARHGEF9;MAGED1;MAPK8;NGEF;ARHGEF11;VAV3;ARHGEF16;ECT2;ARHGEF12;ARHGEF5;ARHGEF7;ARHGEF6;ARHGEF17;KALRN;TIAM2;AKAP13;TRIO"
"Voltage Gated Potassium Channels R-HSA-1296072",0.0558464223385689,0.240373846213262,0.252961123069611,-0.392430376683388,-1.4405218450434,43,"KCNAB2;KCNC2;KCNC1;KCNV1;KCNA2;KCND2;KCNB1;KCNA5;KCNH1;KCNQ2;KCNA4;KCNQ5;KCNQ3;KCNS1;KCNG3;KCNH6;KCND3;KCNAB1;KCNA1;KCNV2;KCNC3;KCNG1;KCNS2;KCNG4;KCNB2;KCNH5;KCND1;KCNA6"
"Autodegradation Of E3 Ubiquitin Ligase COP1 R-HSA-349425",0.0572450805008945,0.240944452703037,0.252961123069611,-0.366374432478564,-1.38352461835662,50,"PSMD7;PSMD2;PSMC5;PSMC4;PSMD12;PSMF1;PSMC2;PSMD11;PSMB5;PSMA6;PSMA1;PSMC3;PSMA3;PSMA5;PSMD8;PSMA7;PSMC6;PSMD5;PSMB7;PSMB6;PSMB1;PSMD9;PSMB4;PSMB3;PSME3;PSMC1;PSMB9;PSME4"
"Intra-Golgi And Retrograde Golgi-to-ER Traffic R-HSA-6811442",0.0575539568345324,0.240944452703037,0.252961123069611,-0.268608562738201,-1.26347701234708,178,"NSF;ARF5;ARF3;DCTN3;DCTN1;GCC2;KIFC2;PLA2G4A;NAA30;RAB6B;CYTH3;VAMP4;KIFAP3;PTGES2;MAN1A1;DYNC1H1;STX5;RAB6A;KLC1;RIC1;TMED9;KIF21A;COPZ2;KIF3C;RAB18;VPS53;PLA2G6;CENPE;YKT6;PAFAH1B3;ARFGAP2;KIF3B;KDELR1;KIF27;VPS51;COG7;VPS54;DYNC1I1;TRIP11;CAPZA2;PAFAH1B2;ARFRP1;RAB1A;RAB3GAP2;KIF20A;RABEPK;ARFIP2;COG6;GOSR2;PAFAH1B1;VTI1A;ARCN1;COPA;COG3;CAPZA1;TMF1;CAPZA3;RAB3GAP1;MAN1A2;DCTN4;KIF19"
"MAPK Family Signaling Cascades R-HSA-5683057",0.0571955719557196,0.240944452703037,0.257206466468838,-0.239625255008834,-1.19653397849949,314,"CAMK2A;SPTBN2;RAPGEF2;SHC3;NEFL;GFRA2;FGF13;PSMD7;CAMK2G;GRB2;PPP2R1A;SHC2;PSMD2;PSMC5;CNKSR2;PSMC4;YWHAB;PPP2CA;DAB2IP;PPP2R5B;PSMD12;RNMT;TEK;PIK3R2;EGFR;CCND3;LAMTOR3;PSMF1;PSMC2;GRIN2B;PSMD11;AGO4;PSMB5;MAPK3;SPTAN1;PEBP1;RASGRF1;CAMK2D;CALM1;PRKACB;PAQR3;SPRED1;PIK3R1;GFRA1;RASGRP4;RANBP9;FLT3;PSMA6;PSMA1;NF1;PSMC3;FRS3;WDR83;NRG3;IL3RA;PSMA3;JAK2;PSMA5;FGF8;MMP10;ARHGEF7;PRKCA;PSMD8;PDE6D;SYNGAP1;RASAL2;KALRN;SPTBN4;MAP2K1;JUN;CDC42EP3;ACTN2;PSMA7;RBX1;RAG1;NRG4;CUL3;RASGRP1;PSMC6;IL6;FGF10;VCL;MRAS;PPP1CB;PSMD5;PSMB7"
"SUMOylation Of Transcription Cofactors R-HSA-3899300",0.0576036866359447,0.240944452703037,0.287857117255149,0.396683312092585,1.43206064186958,42,"HIPK2;DDX17;CBX2;PIAS2;NPM1;PHC3;CBX4;CASP8AP2;NCOR2;SUMO2;ZNF350"
"Stabilization Of P53 R-HSA-69541",0.0570250955882053,0.240944452703037,0.321775918075361,-0.363955113756182,-1.40671497860048,55,"PSMD7;PSMD2;PSMC5;PSMC4;PSMD12;PSMF1;PSMC2;PSMD11;PSMB5;PSMA6;PSMA1;PSMC3;PSMA3;PSMA5;PSMD8;CHEK2;PSMA7;PSMC6;PSMD5;PSMB7;PSMB6;PSMB1;PSMD9;PSMB4;PSMB3;PSME3;PSMC1;PSMB9"
"G-protein Beta:Gamma Signaling R-HSA-397795",0.0581818181818182,0.242493506493506,0.252961123069611,-0.418182205800941,-1.41019783125216,32,"PLCB1;GNG3;GNB5;GNB1;AKT1;GNB2;GNG2;GNG4;ARHGEF6"
"Gastrin-CREB Signaling Pathway Via PKC And MAPK R-HSA-881907",0.0594405594405594,0.244041601540529,0.245041785430996,-0.520382954970454,-1.51220077920963,17,"GRB2;EGFR;CREB1;MAPK3;PRKCA;CCKBR;SOS1;GAST"
"Infection With Mycobacterium Tuberculosis R-HSA-9635486",0.0596745027124774,0.244041601540529,0.248911114434702,-0.443724901878713,-1.41419239114417,25,"PGK1;GSK3A;ENO1;ATP6V1H;KPNA1;CTSG;MAPK3;TRIM27;KPNB1;HGS"
"RNA Pol II CTD Phosphorylation And Interaction With CE R-HSA-77075",0.0594594594594595,0.244041601540529,0.248911114434702,-0.441863017400577,-1.42646744232688,26,"RNGTT;RNMT;POLR2K;MNAT1;POLR2G;GTF2H5;POLR2C;POLR2H;GTF2H3;CDK7;GTF2H1;ERCC3"
"Sealing Of Nuclear Envelope (NE) By ESCRT-III R-HSA-9668328",0.0593525179856115,0.244041601540529,0.248911114434702,-0.42871871151362,-1.39282091477689,27,"TUBB2A;TUBA4A;TUBB4B;TUBA8;TUBB2B;TUBB3;TUBA1C;TUBB6;CC2D1B"
"Transport Of Mature mRNA Derived From An Intron-Containing Transcript R-HSA-159236",0.0598079674726575,0.244041601540529,0.321775918075361,0.338128826641842,1.38173342405699,73,"NXF2;CASC3;AAAS;RNASE7;POM121C;NUP214;NUP50;ZC3H11A;THOC6;NUP62;POLDIP3;NUP188;SRRM1;NXT1;RANBP2;RBM8A;U2AF1;THOC1"
"mRNA Capping R-HSA-72086",0.0595667870036101,0.244041601540529,0.248911114434702,-0.435218267285078,-1.42562991721543,28,"RNGTT;RNMT;POLR2K;MNAT1;POLR2G;GTF2H5;POLR2C;POLR2H;GTF2H3;CDK7;GTF2H1;ERCC3"
"Processing Of SMDT1 R-HSA-8949664",0.0608228980322004,0.247318195134417,0.245041785430996,-0.52878487025772,-1.4770959697752,15,"MICU3;AFG3L2;PARL;MICU2;MCUB;MCU;SPG7;PMPCB"
"UCH Proteinases R-HSA-5689603",0.0611510791366906,0.247789268585132,0.245041785430996,-0.310267757727188,-1.31012569077569,92,"UCHL1;PSMD7;PSMD2;INO80C;PSMC5;H2AC7;PSMC4;PSMD12;PSMF1;PSMC2;PSMD11;PSMB5;TGFBR1;ADRM1;H2AC21;YY1;PSMA6;PSMA1;PSMC3;ASXL2;PSMA3;PSMA5;PSMD8;INO80D;PSMA7;H2AC4;PSMC6;PSMD5;PSMB7;PSMB6;FOXK1;PSMB1;PSMD9;PSMB4;PSMB3;PSME3;PSMC1;H2AC12;PSMB9;NEDD8;UCHL3;PSME4"
"Formation Of Tubulin Folding Intermediates By CCT/TriC R-HSA-389960",0.0615942028985507,0.247863568215892,0.245041785430996,-0.44844327529833,-1.41687328145733,24,"TUBB2A;TUBA4A;TUBB4B;TUBA8;TUBB2B;CCT6B;CCT2;TUBB3;TUBA1C;TUBB6;TCP1;CCT7"
"G Beta:Gamma Signaling Thru PI3Kgamma R-HSA-392451",0.0614828209764919,0.247863568215892,0.245041785430996,-0.441169053670746,-1.40604666600383,25,"GNG3;GNB5;GNB1;AKT1;GNB2;GNG2;GNG4"
"G Beta:Gamma Signaling Thru BTK R-HSA-8964315",0.0626086956521739,0.251080233079337,0.237793834423688,-0.491103157270114,-1.45538711693834,18,"GNG3;GNB5;GNB1;GNB2;GNG2;GNG4"
"Asymmetric Localization Of PCP Proteins R-HSA-4608870",0.0634057971014493,0.252999510663206,0.241339976815091,-0.34774267117687,-1.36085772780859,61,"PSMD7;PSMD2;PSMC5;PSMC4;PSMD12;PSMF1;FZD1;PSMC2;PSMD11;PSMB5;PARD6A;PSMA6;PSMA1;PSMC3;PSMA3;PSMA5;PSMD8;FZD4;PSMA7;PSMC6;PSMD5;PSMB7;DVL2;PSMB6;FZD8;FZD7;PSMB1;PSMD9;PSMB4;PSMB3;PSME3"
"Global Genome Nucleotide Excision Repair (GG-NER) R-HSA-5696399",0.0635208711433757,0.252999510663206,0.241339976815091,-0.324756248638452,-1.33582395237642,79,"RAD23B;COPS4;INO80C;DDB1;CETN2;SUMO1;UBE2V2;MNAT1;YY1;UBE2N;GTF2H5;GTF2H3;GPS1;COPS8;RPA3;COPS7A;POLK;INO80D;COPS5;RBX1;POLR1A;CDK7;XRCC1;GTF2H1;ERCC3;POLR1B"
"Platelet Activation, Signaling And Aggregation R-HSA-76002",0.0641592920353982,0.254673108181326,0.266350657088526,0.247949105017317,1.2252743157306,253,"LAMP2;ORM2;SELENOP;CD9;TGFB3;SPARC;ACTN4;SERPINA3;PDGFB;RAC2;RNASE1;PTPN11;LGALS3BP;PF4;CSK;TMSB4X;STX4;PFN1;TF;TIMP1;GP9;IGF1;PTK2;GNAI1;GNG5;DAGLA;TBXA2R;GTPBP2;RAP1A;ANXA5;TAGLN2;LHFPL2;SERPINA1;GNA13;RAPGEF4;RAP1B;PRKCH;GNA15;SERPING1;ABCC4;DGKQ;CDC42;LCP2;PECAM1;PPBP;FAM3C;RHOG;ARRB2"
"Mitochondrial tRNA Aminoacylation R-HSA-379726",0.0646319569120287,0.254676393565282,0.237793834423688,-0.463891926177298,-1.43163631784618,21,"GARS1;MARS2;KARS1;DTD1;FARS2;YARS2;AARS2;PARS2;EARS2"
"Pre-NOTCH Transcription And Translation R-HSA-1912408",0.0644444444444444,0.254676393565282,0.266350657088526,0.356563770439804,1.39182287040522,59,"SIRT6;H2AC19;H2AJ;KAT2B;TFDP1;RBPJ;CCND1;E2F1;H4C15;H2BC17;H2AX;H3-3B;ELF3;H2AB1;H2AC6;H2BC21"
"Sialic Acid Metabolism R-HSA-4085001",0.0648148148148148,0.254676393565282,0.241339976815091,-0.411104568855484,-1.3828606673908,33,"CTSA;ST8SIA1;ST8SIA3;ST6GALNAC6;ST8SIA5;CMAS;EGFL7;ST8SIA6;ST3GAL3;NANS"
"Phospholipid Metabolism R-HSA-1483257",0.0661764705882353,0.258338767866651,0.237793834423688,-0.256737147988942,-1.22766681508788,207,"PITPNM2;ARF3;PLD3;PLEKHA3;PI4KA;PTEN;PLEKHA5;GPD1L;MTMR4;LIPI;PTDSS1;INPP5J;SYNJ1;PLA2G4A;MTMR6;PIK3R2;OCRL;CPNE6;PLEKHA6;INPP5F;OSBPL10;FIG4;PIP5K1C;LPCAT4;PIK3R1;PITPNM1;SELENOI;CRLS1;PLA2G6;DDHD1;LCLAT1;PIP4K2B;PISD;AGPAT4;PLAAT4;PIP4P1;CSNK2B;PCYT1B;CDIPT;MGLL;AWAT2;CLSTN1;PIK3R4;MIGA1;TPTE2;CHEK2;LPIN2;BMX;PNPLA3;PLA2G4B;PCYT1A;VAC14;GPD2;PITPNM3;ABHD3"
"Ubiquitin-dependent Degradation Of Cyclin D R-HSA-75815",0.0661896243291592,0.258338767866651,0.234392647294686,-0.361466016767069,-1.36498917108744,50,"PSMD7;PSMD2;PSMC5;PSMC4;GSK3B;PSMD12;PSMF1;PSMC2;PSMD11;PSMB5;PSMA6;PSMA1;PSMC3;PSMA3;PSMA5;PSMD8;PSMA7;PSMC6;PSMD5;PSMB7;PSMB6;PSMB1;PSMD9;PSMB4;PSMB3;PSME3;PSMC1;PSMB9"
"Cellular Response To Hypoxia R-HSA-1234174",0.0672727272727273,0.261690909090909,0.234392647294686,-0.335310913396233,-1.35826514389285,72,"PSMD7;PSMD2;WTIP;PSMC5;PSMC4;PSMD12;EPAS1;PSMF1;UBE2D1;PSMC2;PSMD11;PSMB5;UBE2D2;PSMA6;PSMA1;PSMC3;PSMA3;PSMA5;PSMD8;PSMA7;RBX1;PSMC6;PSMD5;PSMB7;UBE2D3;CUL2;PSMB6;PSMB1;PSMD9;PSMB4;PSMB3;PSME3;PSMC1;MIA3;PSMB9"
"Chromosome Maintenance R-HSA-73886",0.0675675675675676,0.261964622429739,0.261663521711573,0.296909662581938,1.29968494749904,114,"RSF1;H2AC19;BLM;H2AJ;POLD4;TINF2;NPM1;CTC1;H3-4;ATRX;FEN1;POLR2J;POLR2L;RUVBL2;H4C15;H2BC17;H2AX;H3-3B;POLD2;RBBP4;H2AB1;TERF1;SMARCA5;H2AC6;H2BC21;SLC19A1;POT1"
"Formation Of ATP By Chemiosmotic Coupling R-HSA-163210",0.0683012259194396,0.263932220688695,0.227987202850442,-0.516057158563949,-1.46688738263012,16,"ATP5F1B;ATP5F1A;ATP5MC3;ATP5F1D;ATP5PD;ATP5PO;ATP5MC2;ATP5PF;ATP5F1E;ATP5MF"
"Signaling To RAS R-HSA-167044",0.0688468158347676,0.265162488710145,0.224966093540314,-0.479482034561849,-1.44373920229679,19,"SHC3;GRB2;SHC2;MAPK13;RALA;MAPK11"
"Cleavage Of Damaged Pyrimidine R-HSA-110329",0.0691964285714286,0.265632342575188,0.257206466468838,0.390693388948195,1.39633935713389,39,"H2AC19;H2AJ;TINF2;H3-4;H4C15;H2BC17;TDG;H2AX;H2AB1;TERF1;H2AC6;H2BC21;UNG;POT1"
"GRB2 Events In ERBB2 Signaling R-HSA-1963640",0.0697674418604651,0.266946244757911,0.227987202850442,-0.517504356348639,-1.44558523153495,15,"GRB2;EGFR;NRG3;NRG4;SOS1"
"G2/M Checkpoints R-HSA-69481",0.0707803992740472,0.26993701291769,0.227987202850442,-0.272360841164938,-1.23661935373107,143,"YWHAH;BABAM1;YWHAG;PSMD7;PSMD2;EXO1;PSMC5;ORC4;PSMC4;YWHAB;PSMD12;SLC25A2;PSMF1;PSMC2;UBE2V2;PSMD11;PSMB5;CDC25A;CCNB1;H2BC14;UBE2N;PSMA6;PSMA1;PSMC3;H2BC11;PSMA3;PSMA5;CDK2;CDC45;PSMD8;RPA3;CHEK2;CCNB2;WEE1;PSMA7;POLR1A;HUS1;PSMC6;H2BC3;MCM6;MDC1;POLR1B;PSMD5;PSMB7;ORC6"
"Aggrephagy R-HSA-9646399",0.0733333333333333,0.278762214983713,0.248911114434702,0.457788952445286,1.44444505148067,23,"DYNC1LI2;RPS27A;HSP90AA1;DYNLL2;UBA52;CFTR;UBE2V1;HDAC6;DYNC1I2"
"Initial Triggering Of Complement R-HSA-166663",0.0740740740740741,0.280663780663781,0.252961123069611,0.476683080584664,1.4184351568389,20,"C4B;C1QB;C3;C1QC;GZMM;HNRNPC;C1S"
"Interleukin-17 Signaling R-HSA-448424",0.0743362831858407,0.280687606112054,0.219250346703755,-0.335757595714381,-1.35583203044003,68,"MEF2C;MAPK10;PPP2R1A;MAPK8;PPP2CA;CREB1;MAPK3;RPS6KA5;DUSP3;FOS;NOD2;UBE2N;MAPK9;IRAK1;IL17RC;MAP2K1;MAPK11;JUN;IL17RE;IL17C"
"Telomere Maintenance R-HSA-157579",0.0745614035087719,0.280687606112054,0.245041785430996,0.312101122096059,1.30752035574025,89,"H2AC19;BLM;H2AJ;POLD4;TINF2;CTC1;H3-4;ATRX;FEN1;POLR2J;POLR2L;RUVBL2;H4C15;H2BC17;H2AX;H3-3B;POLD2;H2AB1;TERF1;H2AC6;H2BC21;SLC19A1;POT1"
"RHOD GTPase Cycle R-HSA-9013405",0.075134168157424,0.281534325889165,0.219250346703755,-0.358371461509101,-1.35330333003871,50,"ACTN1;PLXNA1;AKAP12;PIK3R2;DIAPH1;TMPO;ARHGAP26;LMNB1;LMAN1;DBN1;ARHGAP32;PIK3R1;SLC4A7;VANGL1;MCAM;DIAPH2"
"SCF-beta-TrCP Mediated Degradation Of Emi1 R-HSA-174113",0.0752688172043011,0.281534325889165,0.219250346703755,-0.352327272315896,-1.34609554485478,53,"PSMD7;PSMD2;PSMC5;PSMC4;PSMD12;PSMF1;PSMC2;PSMD11;PSMB5;PSMA6;PSMA1;PSMC3;PSMA3;PSMA5;PSMD8;PSMA7;PSMC6;PSMD5;PSMB7;PSMB6;PSMB1;PSMD9;PSMB4;PSMB3;PSME3;BTRC;PSMC1;PSMB9"
"Gamma Carboxylation, Hypusine Formation And Arylsulfatase Activation R-HSA-163841",0.075812274368231,0.281760905056451,0.219250346703755,-0.38093069976363,-1.36431866272824,41,"DPH1;PROS1;FURIN;ARSL;TPST2;SUMF2;DOHH;ARSF;DNAJC24;ARSI;F8;F9"
"Reproduction R-HSA-1474165",0.0757238307349666,0.281760905056451,0.245041785430996,0.298046450689565,1.3026678626647,110,"SUN2;HSPA2;CD9;H2AC19;RAD21;BLM;H2AJ;TINF2;LMNA;H3-4;CDK4;PRDM9;H4C15;H2BC17;IZUMO4;IZUMO2;ATM;H2AX;H3-3B;H2AB1;TERF1;H2AC6;H2BC21;POT1;RAD51;STAG2;SYCP2;MRE11;ACR;H2AZ2"
"Base-Excision Repair, AP Site Formation R-HSA-73929",0.078125,0.28834186619779,0.241339976815091,0.37527237938622,1.35652207149801,41,"H2AC19;H2AJ;TINF2;H3-4;H4C15;H2BC17;TDG;H2AX;H2AB1;TERF1;H2AC6;H2BC21;UNG;POT1"
"Meiotic Synapsis R-HSA-1221632",0.0781609195402299,0.28834186619779,0.245041785430996,0.359323472377158,1.38079928277023,57,"SUN2;HSPA2;H2AC19;RAD21;H2AJ;TINF2;LMNA;H3-4;H4C15;H2BC17;H2AX;H2AB1;TERF1;H2AC6;H2BC21;POT1;STAG2;SYCP2;H2AZ2"
"Protein Localization R-HSA-9609507",0.0783242258652095,0.28834186619779,0.216542836735348,-0.270548777388768,-1.24627554122064,160,"ATP5F1B;ATP5F1A;SLC25A4;VAMP2;FIS1;HSPA9;MTX2;STX1A;IDE;COX17;PEX19;TIMM50;STX5;PRNP;UBE2D1;CHCHD4;ZNF260;UBL4A;GET4;UBE2D2;ABCD3;NDUFB8;PITRM1;ABCD2;GDAP1;HAO1;CS;COA6;ACOX1;VAPA;TIMM17A;OTC;VDAC1;SERP1;SLC27A2;TOMM20;APP;SAMM50;TYSND1;TIMM23;TOMM22;ACOT8;ATAD1;PMPCB;IDH3G;PAM16;TIMM17B;HSD17B4;UBE2D3"
"Interleukin-10 Signaling R-HSA-6783783",0.0792540792540792,0.290847517262612,0.245041785430996,0.366618966046099,1.3274631285869,43,"CCL3;CCR1;TIMP1;TNF;CCL5;IL12B;IL18;CD80;CCR2;CCL19;TNFRSF1B;CCL2"
"Insertion Of Tail-Anchored Proteins Into Endoplasmic Reticulum Membrane R-HSA-9609523",0.0807899461400359,0.294630834829443,0.211400189384923,-0.449533152470044,-1.3873231044466,21,"VAMP2;STX1A;STX5;PRNP;UBL4A;GET4;VAPA;SERP1;APP"
"Negative Regulation Of NMDA Receptor-Mediated Neuronal Transmission R-HSA-9617324",0.0807899461400359,0.294630834829443,0.211400189384923,-0.450674123297376,-1.3908443023417,21,"CAMK2A;NEFL;CAMK2G;GRIN2B;CAMK2D;CALM1"
"G1/S DNA Damage Checkpoints R-HSA-69615",0.0811287477954145,0.294944699929124,0.208955027549354,-0.335148971630265,-1.34485310476541,66,"PSMD7;PSMD2;PSMC5;PSMC4;PSMD12;PSMF1;PSMC2;PSMD11;PSMB5;CDC25A;PSMA6;PSMA1;PSMC3;PSMA3;PSMA5;CDK2;PSMD8;CHEK2;PSMA7;PSMC6;PSMD5;PSMB7;PSMB6;PSMB1;PSMD9;PSMB4;PSMB3;CCNA2;ZNF385A;PSME3"
"AURKA Activation By TPX2 R-HSA-8854518",0.0827338129496403,0.297078029883785,0.208955027549354,-0.325819650239436,-1.318968675958,71,"PRKAR2B;TUBA4A;YWHAG;DCTN3;HAUS3;HAUS8;DCTN1;TUBB4B;PPP2R1A;HMMR;CETN2;DYNC1H1;CEP63;CEP290;HAUS7;PRKCA;CEP76"
"G Alpha (S) Signaling Events R-HSA-418555",0.0824372759856631,0.297078029883785,0.208955027549354,-0.268098573295672,-1.23125047948348,152,"CHGA;PRKAR2B;GNG3;GNAS;GNB5;GNB1;PRKAR1B;PDE1B;ADCY1;PDE2A;GPR83;GNB2;GRK5;GRK2;PRKAR2A;PRKACB;PTHLH;PRKAR1A;PDE1A;TAAR8;ADCY9;PTGER2;PDE4A;GNG2;HRH2;PDE3B;PDE4D;GNG4;PRKCA;GPER1;PDE11A;GRK3;RXFP2;LHCGR"
"Inhibition Of DNA Recombination At Telomere R-HSA-9670095",0.0823529411764706,0.297078029883785,0.241339976815091,0.367253400743983,1.33501499702367,45,"H2AC19;H2AJ;TINF2;H3-4;ATRX;POLR2J;POLR2L;H4C15;H2BC17;H2AX;H3-3B;H2AB1;TERF1;H2AC6;H2BC21;POT1;POLR2I;H2AZ2"
"SMAD2/SMAD3:SMAD4 Heterotrimer Regulates Transcription R-HSA-2173796",0.0825892857142857,0.297078029883785,0.234392647294686,0.389254979915354,1.36191766155366,35,"RPS27A;COL1A2;DAND5;TFDP1;SMAD7;UBA52;YBX1;MEN1"
"Signaling By PDGFR In Disease R-HSA-9671555",0.0843373493975904,0.301907014561313,0.20207170902116,-0.468594574261776,-1.41095663253268,19,"GRB2;PIK3R2;PIK3R1;FIP1L1;SOS1;PIK3CA;WDR48;PIK3CB"
"Regulated Necrosis R-HSA-5218859",0.0850574712643678,0.303553727723294,0.234392647294686,0.353414385982003,1.34622586751802,55,"RPS27A;HSP90AA1;CASP5;FLOT2;HMGB1;UBA52;TRADD;SDCBP;IL18;CASP1;CFLAR;CHMP6;RRM1;CHMP2A;PELI1"
"Signaling By Activin R-HSA-1502540",0.0858676207513417,0.305510711636633,0.204294756516886,-0.504390842548501,-1.40895423191059,15,"ACVR2A;ACVR1B;MAPK3"
"Class A/1 (Rhodopsin-like Receptors) R-HSA-373076",0.0873362445414847,0.307919629546564,0.224966093540314,0.232066518574424,1.17630309046006,318,"LPAR1;CCL3;DRD4;GPR4;SSTR4;CCR1;DRD5;GALR3;PF4;PRLH;P2RY4;TACR2;GALR2;APLN;GPR37;PTGER3;GPBAR1;NMBR;PTGDR;LPAR2;NPFFR1;TBXA2R;CXCR4;CXCR1;ACKR2;OPRL1;RHO;ANXA1;CCL5;C3;NMUR1;OXER1;SSTR5;AVPR1B;INSL3;S1PR3;DHX34;HCRTR1;RGR;CCR7;S1PR5;PPBP;PRLHR;UCMA;HCRT;C3AR1;P2RY14;AGXT;XCR1;PROKR2"
"FLT3 Signaling In Disease R-HSA-9682385",0.087248322147651,0.307919629546564,0.227987202850442,0.433867549639516,1.40653227936027,26,"GAB2;RPS27A;PTPN11;SPTBN1;UBA52;MYO18A;BCL2L1;ETV6;STAT5B;LONP1;GOLGB1"
"Interferon Signaling R-HSA-913531",0.0870535714285714,0.307919629546564,0.227987202850442,0.259727409089894,1.22791244729958,188,"RPS27A;IFNA14;IFITM3;TRIM48;HLA-C;USP18;AAAS;FCGR1A;PTPN11;TRIM22;MT2A;IFNA4;NCAM1;RNASE7;POM121C;CD44;B2M;HLA-DPA1;NUP214;SMAD7;HLA-DRB1;NUP50;UBA52;STAT2;HERC5;HLA-B;NUP62;TRIM62;NUP188"
"Formation Of Incision Complex In GG-NER R-HSA-5696395",0.0876565295169946,0.308117981766062,0.20207170902116,-0.373438941278445,-1.33344421393133,40,"RAD23B;DDB1;CETN2;SUMO1;UBE2V2;MNAT1;UBE2N;GTF2H5;GTF2H3;RPA3;RBX1;POLR1A;CDK7;GTF2H1;ERCC3;POLR1B"
"Packaging Of Telomere Ends R-HSA-171306",0.0884353741496599,0.309922167065024,0.227987202850442,0.418448958972521,1.3911136002634,30,"H2AC19;H2AJ;TINF2;H3-4;H4C15;H2BC17;H2AX;H2AB1;TERF1;H2AC6;H2BC21;POT1"
"Extra-nuclear Estrogen Signaling R-HSA-9009391",0.0895795246800731,0.311128884826325,0.20207170902116,-0.315786335566581,-1.2791247794591,73,"GNG3;GNB5;GNB1;MMP7;AKT1;PRKCZ;GNB2;PIK3R2;BCL2;EGFR;CREB1;MAPK3;CALM1;PIK3R1;FOS;GNG2;GNG4;UHMK1"
"RHOF GTPase Cycle R-HSA-9035034",0.0894454382826476,0.311128884826325,0.199915231309662,-0.373384490074067,-1.33324978417216,40,"ACTN1;AKAP12;PIK3R2;DIAPH1;TMPO;LMNB1;ARHGAP32;PIK3R1;SLC4A7;FARP1;VANGL1;FAM169A;MCAM;DIAPH2"
"Regulation Of Necroptotic Cell Death R-HSA-5675482",0.0892857142857143,0.311128884826325,0.224966093540314,0.424731288471293,1.39620937604666,28,"RPS27A;HSP90AA1;FLOT2;UBA52;TRADD;SDCBP;CFLAR"
"Regulation Of RUNX2 Expression And Activity R-HSA-8939902",0.0899280575539568,0.311412590995453,0.199915231309662,-0.320616982130577,-1.29790746537126,71,"FBXW7;PSMD7;PSMD2;PSMC5;PSMC4;GSK3B;PSMD12;PSMF1;PSMC2;PSMD11;PSMB5;PSMA6;PSMA1;PSMC3;STUB1;PSMA3;PSMA5;PSMD8;PSMA7;RBX1;PSMC6;PSMD5;PSMB7;ESR1;PSMB6;PPARGC1B;PSMB1;PSMD9;PSMB4;PSMB3;DLX5;PSME3;PSMC1;PSMB9;NKX3-2;PSME4"
"APC/C:Cdh1 Mediated Degradation Of Cdc20 And APC/C:Cdh1 Targets In Late Mitosis/Early G1 R-HSA-174178",0.0909090909090909,0.311524148002366,0.199915231309662,-0.318708886605836,-1.29101426297468,72,"PSMD7;PSMD2;PSMC5;PSMC4;PSMD12;PSMF1;UBE2D1;PSMC2;PSMD11;PSMB5;PSMA6;PSMA1;ANAPC15;PSMC3;PSMA3;PSMA5;PSMD8;ANAPC4;PSMA7;PSMC6;ANAPC11;ANAPC16;PSMD5;PSMB7;RB1;PSMB6;CDC27;PSMB1;PSMD9;PSMB4;PSMB3;PSME3;CDC16"
"FBXL7 Down-Regulates AURKA During Mitotic Entry And In Early Mitosis R-HSA-8854050",0.0913978494623656,0.311524148002366,0.197822021315103,-0.343732666979386,-1.31325914284361,53,"PSMD7;PSMD2;PSMC5;PSMC4;PSMD12;PSMF1;PSMC2;PSMD11;PSMB5;PSMA6;PSMA1;PSMC3;PSMA3;PSMA5;PSMD8;PSMA7;RBX1;PSMC6;PSMD5;PSMB7;PSMB6;PSMB1;PSMD9;PSMB4;PSMB3;PSME3;PSMC1;PSMB9"
"Formation Of Early Elongation Complex R-HSA-113418",0.0909090909090909,0.311524148002366,0.199915231309662,-0.401195498883544,-1.35291510395593,32,"SUPT4H1;POLR2K;MNAT1;POLR2G;GTF2H5;NELFA;POLR2C;NELFB;POLR2H;GTF2H3;CDK7;GTF2H1;ERCC3;NELFE"
"Interleukin-4 And Interleukin-13 Signaling R-HSA-6785807",0.0909090909090909,0.311524148002366,0.224966093540314,0.293280244275203,1.26854633925817,106,"COL1A2;HSP90AA1;RHOU;GATA3;ITGB1;SOCS5;TIMP1;ZEB1;SOX2;ALOX15;CCND1;ITGAX;TNF;HMOX1;ANXA1;BATF;IL12B;LAMA5;BCL2L1;IL18;VIM;TWIST1;FSCN1;IRF4;BIRC5;FOXO3;SOCS1;CEBPD;TNFRSF1B;CCL2;IL13;MMP2;LONP1;HSP90B1;ITGB2;IL10;JAK3;FOXO1"
"Regulation Of RUNX3 Expression And Activity R-HSA-8941858",0.0913978494623656,0.311524148002366,0.197822021315103,-0.342534988032717,-1.30868331116394,53,"PSMD7;PSMD2;PSMC5;PSMC4;PSMD12;PSMF1;PSMC2;PSMD11;PSMB5;PSMA6;PSMA1;PSMC3;PSMA3;PSMA5;PSMD8;PSMA7;PSMC6;PSMD5;PSMB7;PSMB6;PSMB1;PSMD9;PSMB4;PSMB3;PSME3;PSMC1;PSMB9"
"SHC1 Events In ERBB2 Signaling R-HSA-1250196",0.0915619389587074,0.311524148002366,0.197822021315103,-0.444566435485221,-1.37199511097508,21,"PRKCE;GRB2;EGFR;NRG3;PRKCA;NRG4;SOS1"
"Nuclear Envelope (NE) Reassembly R-HSA-2995410",0.0930232558139535,0.313751848366716,0.195789002148949,-0.324604946215631,-1.31484050482005,70,"TUBB2A;TUBA4A;TUBB4B;PPP2R1A;VRK1;PPP2CA;NUP98;TMPO;TUBA8;SUMO1;LMNB1;CCNB1;TUBB2B;KPNB1;RCC1;TUBB3;CCNB2;NDC1;TUBA1C;TUBB6;PPP2R2A;NUP54;NUP43;CC2D1B"
"Oncogene Induced Senescence R-HSA-2559585",0.0929203539823009,0.313751848366716,0.219250346703755,0.401446122321997,1.37639021089241,32,"RPS27A;DAND5;CDK4;TFDP1;UBA52;E2F1"
"Synthesis Of Prostaglandins (PG) And Thromboxanes (TX) R-HSA-2162123",0.0925507900677201,0.313751848366716,0.222056046145248,0.513576351049411,1.4502596734663,15,"PTGDS;CBR1;PRXL2B;PTGES3;HPGD"
"Apoptosis R-HSA-109581",0.0940325497287523,0.314429757975513,0.195789002148949,-0.258054821948378,-1.21195432046205,176,"DAPK1;PPP3R1;YWHAH;CYCS;YWHAG;DNM1L;PSMD7;BCAP31;PSMD2;PSMC5;STK24;MAGED1;MAPK8;PSMC4;YWHAB;AKT1;PSMD12;BCL2;KPNA1;H1-3;PSMF1;PSMC2;LMNB1;PSMD11;GSDME;PSMB5;MAPK3;SPTAN1;SATB1;PSMA6;PSMA1;PSMC3;H1-4;PSMA3;PSMA5;KPNB1;PSMD8;DBNL;H1-5;BMF;BMX;PSMA7;TLR4"
"Digestion And Absorption R-HSA-8963743",0.0935412026726058,0.314429757975513,0.219250346703755,0.431733970196817,1.38567641744577,25,"AMY1A;NPC1L1;PMEL;CEL;LIPF;SLC2A5"
"Loss Of Nlp From Mitotic Centrosomes R-HSA-380259",0.0938053097345133,0.314429757975513,0.193813302725311,-0.328063522712644,-1.32476238152233,68,"PRKAR2B;TUBA4A;YWHAG;DCTN3;HAUS3;HAUS8;DCTN1;TUBB4B;PPP2R1A;CETN2;DYNC1H1;CEP63;CEP290;HAUS7;PRKCA;CEP76"
"CLEC7A (Dectin-1) Signaling R-HSA-5607764",0.0944741532976827,0.315003819709702,0.193813302725311,-0.292097810828241,-1.24813988012553,98,"PPP3R1;ITPR1;PPP3CB;PSMD7;PSMD2;PSMC5;PSMC4;PSMD12;PPP3CA;PSMF1;UBE2D1;PSMC2;PSMD11;UBE2M;PSMB5;CALM1;UBE2D2;UBE2N;PSMA6;PSMA1;PSMC3;PSMA3;PSMA5"
"trans-Golgi Network Vesicle Budding R-HSA-199992",0.0948121645796064,0.315230188217666,0.193813302725311,-0.323418004211703,-1.31003269322681,70,"CLTC;VAMP2;CLINT1;CLTB;TPD52;AP1S1;CTSZ;PTGES2;TFRC;OCRL;SH3GL2;AP4M1;BLOC1S1;CLTA"
"Aberrant Regulation Of Mitotic G1/S Transition In Cancer Due To RB1 Defects R-HSA-9659787",0.0953488372093023,0.316113900634249,0.222056046145248,0.494495297608495,1.41306841780249,17,"CDKN1C;CDK4;TFDP1;CCND1;E2F1;CCNE1;CCND2;CCNE2;CDKN1B;CDK6"
"Depolymerisation Of Nuclear Lamina R-HSA-4419969",0.0966010733452594,0.317559021391317,0.191892240384838,-0.498666599977103,-1.39296425922452,15,"PRKCB;TMPO;LMNB1;CCNB1;PRKCA;LPIN2;CNEP1R1;LPIN3"
"RHO GTPase Cycle R-HSA-9012999",0.0966010733452594,0.317559021391317,0.191892240384838,-0.221521733951943,-1.14453409478189,434,"STMN2;CLTC;PTK2B;PLEKHG5;ACTN1;DBT;ABR;ARHGAP44;CKB;ATP6AP1;RND1;ARHGEF3;ARHGEF25;ARHGDIG;CYFIP2;BAIAP2;COPS4;PLXNA1;BCAP31;GRB2;NCKAP1;ARHGEF9;VCP;WASL;WASF1;NGEF;ARHGEF11;TXNL1;AKAP12;GFOD1;PIK3R2;DIAPH1;TFRC;TMPO;OCRL;STX5;ARHGAP26;VAV3;RAPGEF1;LMNB1;EMC3;LMAN1;RHOH;RHOBTB2;ARMCX3;DBN1;SPTAN1;IQGAP2;CDC37;GMIP;ARHGEF16;ARHGAP32;PIK3R1;STK38;TMOD3;FAF2;SH3BP1;DOCK2;ARHGAP29;ABCD3;ECT2;DOCK8;SLITRK5;YKT6;ARHGEF12;PARD6A;SLC4A7;PCDH7;RHOBTB1;SWAP70;FARP1;FRS3;VANGL1;ARFGAP2;STOM;FAM169A;MCAM;NDUFS3;ARHGEF5;DIAPH2;GOPC;ARHGEF7;KIF14;PLEKHG4;GPS1;CCT2;ARHGEF6;ARHGEF17;DOCK3;ABI2;RASAL2;ARHGAP11B;HGS;KALRN;NSFL1C;STARD13;WDR11;TIAM2;NDUFA5;AKAP13;HMOX2;WIPF2;CDC42EP3;TRIO;SAMM50;SLITRK3"
"Synthesis Of PIPs At Plasma Membrane R-HSA-1660499",0.0962566844919786,0.317559021391317,0.191892240384838,-0.346660936194212,-1.32022179403199,51,"PLEKHA3;PTEN;PLEKHA5;INPP5J;SYNJ1;MTMR6;PIK3R2;OCRL;PLEKHA6;PIP5K1C;PIK3R1;PIP4K2B"
"RIPK1-mediated Regulated Necrosis R-HSA-5213460",0.0975056689342404,0.317694585016553,0.216542836735348,0.407516039592318,1.35476763138412,30,"RPS27A;HSP90AA1;FLOT2;UBA52;TRADD;SDCBP;CFLAR;RRM1;PELI1"
"TBC/RABGAPs R-HSA-8854214",0.0977312390924956,0.317694585016553,0.188204146308491,-0.359252323460613,-1.31873282644768,43,"GGA2;ULK1;TBC1D25;RAB6B;RAB11A;TBC1D15;OPTN;RAB6A;GGA3;RABGEF1"
"YAP1- And WWTR1 (TAZ)-stimulated Gene Expression R-HSA-2032785",0.0970654627539503,0.317694585016553,0.216542836735348,0.50617575492723,1.42936154197391,15,"HIPK2;CCN2;KAT2B;TEAD2;NPPA;YAP1"
"p53-Dependent G1 DNA Damage Response R-HSA-69563",0.0975609756097561,0.317694585016553,0.188204146308491,-0.327247247725695,-1.30290579660795,64,"PSMD7;PSMD2;PSMC5;PSMC4;PSMD12;PSMF1;PSMC2;PSMD11;PSMB5;PSMA6;PSMA1;PSMC3;PSMA3;PSMA5;CDK2;PSMD8;CHEK2;PSMA7;PSMC6;PSMD5;PSMB7;PSMB6;PSMB1;PSMD9;PSMB4;PSMB3;CCNA2;ZNF385A;PSME3"
"Toll-like Receptor Cascades R-HSA-168898",0.0983606557377049,0.318852459016393,0.191892240384838,-0.265720702289373,-1.22403514536439,160,"DNM1;MEF2C;MAPK10;CTSB;PPP2R1A;NKIRAS1;MAPK8;PPP2CA;PTPN4;CREB1;IKBIP;CD180;UBE2D1;S100A12;GSDME;CTSV;MAPK3;RBSN;CTSS;RPS6KA5;HOXC13;UBE2D2;DUSP3;FOS;NOD2;UBE2N;MAPK9;TIFA;S100A9;EEA1;IRAK1;PIK3R4;TLR6;MAP2K1;MAPK11;JUN;APP;NLRC5;ECSIT;TLR4;LGMN"
"SLC Transporter Disorders R-HSA-5619102",0.0997732426303855,0.322375690607735,0.213927855492356,0.292556089047222,1.24441153123205,98,"SLC24A4;SLC34A3;AAAS;SLC6A3;RNASE7;SLC4A1;SLC6A20;POM121C;SLC16A1;SLC7A7;SLC39A4;NUP214;SLC6A2;NUP50;NUP62;AVPR1B;NUP188;SLC6A18;SLCO1B3;SLC2A10;RANBP2;SLC9A9"
"TP53 Regulates Transcription Of Cell Death Genes R-HSA-5633008",0.1,0.322375690607735,0.216542836735348,0.357273266739087,1.30091866201871,44,"NDRG1;PIDD1;ATM;CASP6;TMEM219;CRADD;CASP1;TP53AIP1;BIRC5;STEAP3"
"Metabolism Of Non-Coding RNA R-HSA-194441",0.102040816326531,0.327299150965044,0.211400189384923,0.349338248846137,1.31035603904526,51,"PHAX;AAAS;RNASE7;SMN1;POM121C;NUP214;NUP50;NUP62;GEMIN2;NUP188;SNRPG;RANBP2"
"Transcriptional Regulation Of Granulopoiesis R-HSA-9616222",0.102088167053364,0.327299150965044,0.213927855492356,0.343450452956747,1.30800165729286,56,"H2AC19;DEK;CBFB;H2AJ;CDK4;TFDP1;GATA2;E2F1;H4C15;H2BC17;CSF3R;H2AX;H3-3B;H2AB1;H2AC6;H2BC21;RXRA"
"N-Glycan Antennae Elongation R-HSA-975577",0.103756708407871,0.329032822586918,0.184706471207739,-0.492573152596116,-1.37594295798323,15,"MGAT5;ST8SIA3;B4GALT6;ST8SIA6;B4GALT1;B4GALT4"
"Nucleotide Excision Repair R-HSA-5696398",0.103690685413005,0.329032822586918,0.183023938384487,-0.285616123194128,-1.23243125136064,103,"PRPF19;RAD23B;COPS4;INO80C;DDB1;CETN2;SUMO1;UBE2V2;POLR2K;MNAT1;POLR2G;YY1;UBE2N;GTF2H5;POLR2C;POLR2H;GTF2H3;GPS1;COPS8;RPA3;COPS7A;POLK;INO80D;COPS5;RBX1;POLR1A;CDK7;XRCC1;GTF2H1;ERCC3;POLR1B"
"RND2 GTPase Cycle R-HSA-9696270",0.1036866359447,0.329032822586918,0.211400189384923,0.357035884942822,1.28893004312305,42,"PKP4;VANGL2;KTN1;DST;UBXN11;ARHGAP5"
"Transport Of Mature Transcript To Cytoplasm R-HSA-72202",0.103139013452915,0.329032822586918,0.208955027549354,0.306431500568823,1.26866540136435,82,"NXF2;CASC3;AAAS;RNASE7;POM121C;NUP214;NUP50;ZC3H11A;THOC6;NUP62;POLDIP3;NUP188;SRRM1;NXT1;RANBP2;RBM8A;U2AF1;THOC1"
"Diseases Associated With N-glycosylation Of Proteins R-HSA-3781860",0.104347826086957,0.330010604453871,0.181383128498408,-0.462022423828734,-1.36920619104699,18,"ALG13;ALG8;CTSA;MAN1B1;EGFL7;DPAGT1;B4GALT1"
"Assembly Of Pre-Replicative Complex R-HSA-68867",0.104982206405694,0.331119553717418,0.183023938384487,-0.286969705271085,-1.24136719859809,106,"PSMD7;PSMD2;PSMC5;H2AC7;ORC4;PSMC4;PSMD12;SLC25A2;KPNA1;PSMF1;UBE2D1;PSMC2;PSMD11;PSMB5;H2BC14;PSMA6;PSMA1;ANAPC15;PSMC3;H2BC11;PSMA3;PSMA5;KPNB1;PSMD8;ANAPC4;PSMA7;H2AZ1;H2AC4;KPNA6;PSMC6;H2BC3;MCM6;ANAPC11;ANAPC16;PSMD5;PSMB7;ORC6"
"COPI-dependent Golgi-to-ER Retrograde Traffic R-HSA-6811434",0.105839416058394,0.332080063934903,0.184706471207739,-0.305896759250491,-1.25556907281683,78,"NSF;ARF5;ARF3;KIFC2;KIFAP3;PTGES2;KLC1;TMED9;KIF21A;COPZ2;KIF3C;CENPE;ARFGAP2;KIF3B;KDELR1;KIF27"
"SARS-CoV-2 Activates/Modulates Innate And Adaptive Immune Responses R-HSA-9705671",0.105855855855856,0.332080063934903,0.206587922696891,0.286495554126934,1.25409848903591,114,"ATG14;IFNA14;HSP90AA1;HLA-C;AAAS;PTPN11;IFNA4;RNASE7;POM121C;G3BP1;B2M;NUP214;NUP50;STAT2;HLA-B;NUP62;NUP188;IL17RA"
"Transcription Of HIV Genome R-HSA-167172",0.106194690265487,0.332249875441885,0.181383128498408,-0.319879000351211,-1.29171223548505,68,"RNGTT;SUPT4H1;RNMT;POLR2K;MNAT1;TAF11;TAF9B;POLR2G;GTF2H5;NELFA;POLR2C;NELFB;GTF2A2;POLR2H;GTF2H3;TBP;ELOA;TAF13;CDK7;GTF2H1;ERCC3;GTF2A1;NELFE;GTF2B"
"Formation Of Senescence-Associated Heterochromatin Foci (SAHF) R-HSA-2559584",0.106643356643357,0.332761489847051,0.179782316298324,-0.47234580976487,-1.3726077973161,17,"H1-3;LMNB1;H1-4;H1-5;EP400;UBN1;RB1;HMGA1"
"RET Signaling R-HSA-8853659",0.107334525939177,0.334025044722719,0.181383128498408,-0.361347790936404,-1.29027015605678,40,"SHC3;RAP1GAP;GFRA2;GRB2;PIK3R2;PRKACB;PIK3R1;GFRA1;SHANK3;PRKCA;DOK4;CLSTN1;DOK6;SOS1;RET;PIK3CA;ARTN;GFRA3;DOK5;PIK3CB"
"Activated PKN1 Stimulates Transcription Of Androgen Receptor Regulated KLK2 And KLK3 R-HSA-5625886",0.11038961038961,0.34261881735286,0.197822021315103,0.385509443287388,1.33853999586683,33,"H2AC19;KLK2;KDM1A;H2AJ;H4C15;PKN1;H2BC17;H2AX;H3-3B;H2AB1;H2AC6;H2BC21"
"Scavenging By Class A Receptors R-HSA-3000480",0.112412177985948,0.347970853341119,0.204294756516886,0.476650898000682,1.37844216547888,18,"FTH1;COL1A2;CALR;APOB;COLEC12;HSP90B1;APOE"
"Striated Muscle Contraction R-HSA-390522",0.112962962962963,0.348750734861846,0.179782316298324,-0.388531328717826,-1.30692950951328,33,"TMOD2;TNNT1;DES;NEB;TMOD3;TMOD4;TNNT3;MYL1;ACTN2;TNNC2;MYH8"
"RNA Polymerase I Transcription Initiation R-HSA-73762",0.113636363636364,0.349904053729911,0.173747838999571,-0.350520603262555,-1.29694756323364,44,"RBBP7;TAF1B;POLR1H;POLR2K;MNAT1;CHD3;MTA2;GTF2H5;POLR2H;GTF2H3;TBP;POLR1E;POLR1A;UBTF;CDK7;GTF2H1;ERCC3;POLR1B"
"Activation Of Matrix Metalloproteinases R-HSA-1592389",0.114814814814815,0.350756253635835,0.178219874951973,-0.388459641593101,-1.30668837060934,33,"KLKB1;MMP7;MMP17;FURIN;MMP24;CTSG;CTSV;MMP1;PLG;CTRB2;MMP10;PRSS2;MMP16;MMP15;MMP14"
"RHO GTPases Activate WASPs And WAVEs R-HSA-5663213",0.114814814814815,0.350756253635835,0.178219874951973,-0.387695452277847,-1.30411781453538,33,"CYFIP2;BAIAP2;GRB2;NCKAP1;ARPC2;WASL;ACTR2;WASF1;MAPK3"
"Signaling By ALK Fusions And Activated Point Mutants R-HSA-9725370",0.114638447971781,0.350756253635835,0.173747838999571,-0.327844176689566,-1.2671433827005,55,"CLTC;DCTN1;GCC2;ATIC;GRB2;LMO7;KLC1;MAPK3;BCL11A;CEBPB;PRKAR1A;PIK3R1;EIF2AK3;FRS3"
"ADP Signaling Thru P2Y Purinoceptor 1 R-HSA-418592",0.115732368896926,0.350804349357695,0.175204047558551,-0.414206630909169,-1.32011492551599,25,"GNG3;GNB5;GNB1;PLA2G4A;GNB2;GNG2;GNG4"
"Signaling By Non-Receptor Tyrosine Kinases R-HSA-9006927",0.115646258503401,0.350804349357695,0.197822021315103,0.340789430352621,1.27828970798451,51,"PTK6;RPS27A;RNASE1;ELMO1;ERBB3;CDK4;UBA52;CCND1;PELP1;CCNE1"
"Synthesis Of DNA R-HSA-69239",0.115596330275229,0.350804349357695,0.176694268938498,-0.275231486112774,-1.20958915850743,118,"PSMD7;PSMD2;PSMC5;ORC4;PSMC4;PSMD12;SLC25A2;PSMF1;UBE2D1;PSMC2;PSMD11;PSMB5;GINS3;GINS4;PSMA6;PSMA1;ANAPC15;PSMC3;PSMA3;PSMA5;CDK2;CDC45;PSMD8;RPA3;ANAPC4;PSMA7;RBX1;POLR1A;PSMC6;MCM6;POLR1B;ANAPC11;ANAPC16;PSMD5;PSMB7;ORC6;PSMB6;CDC27;PSMB1;PSMD9;PSMB4;PSMB3;CCNA2;PSME3;CDC16;RFC2;PSMC1;PSMB9;RFC5;POLD3"
"Amino Acid Transport Across Plasma Membrane R-HSA-352230",0.121212121212121,0.357693785682916,0.188204146308491,0.378367970453657,1.3137438535575,33,"SLC36A1;SLC6A20;SLC38A2;SLC7A7;SLC38A3;SLC16A10;SLC6A6;SLC6A18;SLC38A1;SLC6A15;SLC36A4;SLC38A4;SLC3A1;SLC7A8;SLC7A5;SLC7A2"
"Aspirin ADME R-HSA-9749641",0.121212121212121,0.357693785682916,0.188204146308491,0.380157121558715,1.31995602385441,33,"ACSM5;SLCO2B1;SLC16A1;CES1;ABCC3;ACSM4;ACSM2B;UGT2A3;UGT2B10"
"Cleavage Of Damaged Purine R-HSA-110331",0.120087336244541,0.357693785682916,0.190023305279108,0.376765960661898,1.31306168230482,34,"H2AC19;H2AJ;TINF2;H3-4;H4C15;H2BC17;H2AX;H2AB1;TERF1;H2AC6;H2BC21;POT1"
"DNA Damage Recognition In GG-NER R-HSA-5696394",0.11913357400722,0.357693785682916,0.172324344900946,-0.378714248658591,-1.30000867396166,35,"RAD23B;COPS4;INO80C;DDB1;CETN2;YY1;GPS1;COPS8;COPS7A;INO80D;COPS5;RBX1"
"Detoxification Of Reactive Oxygen Species R-HSA-3299685",0.121323529411765,0.357693785682916,0.172324344900946,-0.380413244428731,-1.29493050873843,34,"CYCS;PRDX2;GPX1;GSR;GPX3;P4HB;PRDX5"
"Fcgamma Receptor (FCGR) Dependent Phagocytosis R-HSA-2029480",0.118705035971223,0.357693785682916,0.172324344900946,-0.296357889515089,-1.22688903949801,82,"ITPR1;MYO5A;PLD3;CYFIP2;BAIAP2;PRKCE;GRB2;NCKAP1;ARPC2;WASL;ACTR2;WASF1;NF2;PIK3R2;VAV3;MAPK3;PIK3R1;PLA2G6;MYO10;LIMK1;ABI2;MYH2;VPS72;CD247;WIPF2"
"G Beta:Gamma Signaling Thru CDC42 R-HSA-8964616",0.119298245614035,0.357693785682916,0.169570644405628,-0.432868131353009,-1.31843657355406,20,"GNG3;GNB5;GNB1;GNB2;GNG2;GNG4;ARHGEF6"
"G-protein Activation R-HSA-202040",0.121376811594203,0.357693785682916,0.170932335370056,-0.41780198305908,-1.32006097391579,24,"GNG3;GNB5;GNB1;GNB2;PDYN;GNG2;GNG4"
"Interleukin-1 Signaling R-HSA-9020702",0.120287253141831,0.357693785682916,0.170932335370056,-0.276180799338008,-1.2073991607683,113,"TOLLIP;PSMD7;PSMD2;PSMC5;NKIRAS1;PSMC4;PSMD12;IKBIP;PSMF1;PSMC2;S100A12;PSMD11;PSMB5;HOXC13;NOD2;UBE2N;PSMA6;PSMA1;TIFA;PSMC3;PSMA3;PSMA5;PSMD8;IRAK1;MAP2K1;APP;IL1RAP;PSMA7;NLRC5;RBX1;AGER;PSMC6;PSMD5;PSMB7;TAB3;PSMB6;IL1R2;IL1A;PSMB1;CASP8;MYD88;PSMD9;MAP2K4;PSMB4;PSMB3;PSME3;BTRC;PSMC1;NKIRAS2;N4BP1;PSMB9;SAA2;PSME4;PELI2"
"NIK To Noncanonical NF-kB Signaling R-HSA-5676590",0.119929453262787,0.357693785682916,0.169570644405628,-0.326691082258994,-1.26775237279709,57,"PSMD7;PSMD2;PSMC5;PSMC4;PSMD12;PSMF1;PSMC2;PSMD11;UBE2M;PSMB5;PSMA6;PSMA1;PSMC3;PSMA3;PSMA5;PSMD8;PSMA7;PSMC6;PSMD5;PSMB7;PSMB6;PSMB1;PSMD9;PSMB4;PSMB3;PSME3;BTRC;PSMC1;PSMB9"
"RUNX1 Interacts With Co-Factors Whose Precise Effect On RUNX1 Targets Is Not Known R-HSA-8939243",0.120087336244541,0.357693785682916,0.190023305279108,0.376026237218236,1.310483682669,34,"HIPK2;CBX2;CBFB;PHC3;SMARCE1;CBX4"
"Retrograde Transport At Trans-Golgi-Network R-HSA-6811440",0.12212389380531,0.358988876752636,0.16823816568964,-0.345455792576402,-1.28554545928092,46,"NSF;GCC2;NAA30;RAB6B;VAMP4;RAB6A;RIC1;VPS53;VPS51;COG7;VPS54;ARFRP1;RABEPK;ARFIP2;COG6;VTI1A;COG3;TMF1"
"Role Of GTSE1 In G2/M Progression After G2 Checkpoint R-HSA-8852276",0.122557726465364,0.359358961771558,0.16823816568964,-0.32549411317423,-1.265707691081,58,"PSMD7;PSMD2;PSMC5;PSMC4;PSMD12;PSMF1;PSMC2;PSMD11;PSMB5;CCNB1;PSMA6;PSMA1;PSMC3;PSMA3;PSMA5;PSMD8;CCNB2;PSMA7;PSMC6;PSMD5;PSMB7;PSMB6;PSMB1;PSMD9;PSMB4;PSMB3;PSME3;GTSE1;PSMC1;PSMB9"
"HIV Transcription Initiation R-HSA-167161",0.123050259965338,0.3598988806505,0.165656695205483,-0.345441814377038,-1.28750886529862,45,"POLR2K;MNAT1;TAF11;TAF9B;POLR2G;GTF2H5;POLR2C;GTF2A2;POLR2H;GTF2H3;TBP;TAF13;CDK7;GTF2H1;ERCC3;GTF2A1;GTF2B"
"Activation Of IRF3/IRF7 Mediated By TBK1/IKK Epsilon R-HSA-936964",0.124153498871332,0.361314546590634,0.190023305279108,0.489780891588998,1.38306499988656,15,"RPS27A;PTPN11;UBA52"
"Chemokine Receptors Bind Chemokines R-HSA-380108",0.123873873873874,0.361314546590634,0.190023305279108,0.333682022981399,1.26897764332701,53,"CCL3;CCR1;PF4;CXCR4;CXCR1;ACKR2;CCL5;CCR7;PPBP;XCR1;CCR2;CXCR3;CXCR2;CCL19;CCL2"
"Early SARS-CoV-2 Infection Events R-HSA-9772572",0.125,0.361703446565832,0.16823816568964,-0.367692079069124,-1.27024369415611,36,"GPC1;VCP;FURIN;GPC5;ISCU;HOXC13;SDC1;GPC2;BECN1;PIK3R4"
"FCERI Mediated NF-kB Activation R-HSA-2871837",0.125230202578269,0.361703446565832,0.169570644405628,-0.298938883008413,-1.22240303544824,77,"PSMD7;PSMD2;PSMC5;PSMC4;PSMD12;PSMF1;UBE2D1;PSMC2;PSMD11;PSMB5;UBE2D2;RASGRP4;UBE2N;PSMA6;PSMA1;PSMC3;PSMA3;PSMA5;PSMD8;PSMA7;PDPK1;RASGRP1;PSMC6;PSMD5;PSMB7;TAB3;PSMB6;PSMB1;PSMD9;PSMB4;PSMB3;PSME3;BTRC;PSMC1;PSMB9"
"JNK (c-Jun Kinases) Phosphorylation And Activation Mediated By Activated Human TAK1 R-HSA-450321",0.125217391304348,0.361703446565832,0.16440575583821,-0.450045648892399,-1.33371294754658,18,"MAPK10;MAPK8;NOD2;UBE2N;MAPK9;IRAK1"
"Late Endosomal Microautophagy R-HSA-9615710",0.126146788990826,0.361703446565832,0.190023305279108,0.393784264043598,1.29806787827647,29,"RPS27A;RNASE1;MVB12B;VPS37D;UBA52;PLIN3;CFTR;CHMP6;HDAC6;CHMP2A"
"Meiotic Recombination R-HSA-912446",0.126126126126126,0.361703446565832,0.188204146308491,0.332282723199227,1.26365616953582,53,"H2AC19;BLM;H2AJ;H3-4;CDK4;PRDM9;H4C15;H2BC17;ATM;H2AX;H3-3B;H2AB1;H2AC6;H2BC21;RAD51;MRE11;H2AZ2;H3C13;HID1"
"Regulation Of NF-kappa B Signaling R-HSA-9758274",0.125581395348837,0.361703446565832,0.191892240384838,0.468619011013242,1.33912441159132,17,"RPS27A;USP18;UBA52"
"Cellular Hexose Transport R-HSA-189200",0.128089887640449,0.362264853790278,0.186432558434075,0.438112231822302,1.3374919066988,21,"SLC50A1;FGF21;SLC5A10;SLC45A3;SLC2A11;SLC2A10"
"Degradation Of AXIN R-HSA-4641257",0.127240143369176,0.362264853790278,0.165656695205483,-0.32905884515123,-1.25719659037915,53,"PSMD7;PSMD2;PSMC5;PSMC4;PSMD12;PSMF1;PSMC2;PSMD11;PSMB5;PSMA6;PSMA1;PSMC3;PSMA3;PSMA5;PSMD8;PSMA7;PSMC6;PSMD5;PSMB7;PSMB6;PSMB1;PSMD9;PSMB4;PSMB3;PSME3;PSMC1;PSMB9"
"Glycosaminoglycan Metabolism R-HSA-1630316",0.128205128205128,0.362264853790278,0.166933848713193,-0.271321397549165,-1.19746093634967,120,"GPC1;B4GAT1;HS3ST5;HS6ST3;HS2ST1;HMMR;HS3ST1;DSE;B3GNT4;GPC5;HAS2;IDS;SPAM1;CHST7;SDC1;B4GALT6;HS6ST2;HYAL2;GPC2;ST3GAL3;STAB2;ACAN;HS3ST3A1;SLC9A1;HEXB;HS6ST1;GLCE;B4GALT1;HS3ST2;OMD;GNS;FMOD;B4GALT4;GPC6;B3GNT2;CHSY1;LUM"
"PTEN Regulation R-HSA-6807070",0.12707182320442,0.362264853790278,0.16823816568964,-0.263958059136218,-1.18693764588476,137,"RBBP7;CBX6;PSMD7;PTEN;PSMD2;PSMC5;PSMC4;AKT1;PSMD12;LAMTOR3;PSMF1;PSMC2;PSMD11;AGO4;PSMB5;MAPK3;CHD3;MTA2;TRIM27;PSMA6;PSMA1;PSMC3;STUB1;RRAGB;CNOT6L;PSMA3;PSMA5;CSNK2B;PSMD8;VAPA;JUN;PSMA7;LAMTOR5;PSMC6;PSMD5;PSMB7;RCOR1;PSMB6;PSMB1;SNAI2;NR2E1;PSMD9;MLST8;PSMB4;SLC38A9;PSMB3;HDAC3;RING1;TNRC6A;RNF2;PSME3;GATAD2B;MTA3;MOV10;PSMC1;PSMB9"
"Synthesis Of PIPs At Early Endosome Membrane R-HSA-1660516",0.12784588441331,0.362264853790278,0.163180127180689,-0.47848649793551,-1.36009315040534,16,"MTMR4;INPP5F;FIG4;PIK3R4;VAC14;MTMR12;PI4K2A;INPP4B;PIK3C3"
"Telomere C-strand (Lagging Strand) Synthesis R-HSA-174417",0.127705627705628,0.362264853790278,0.183023938384487,0.371439813037834,1.28968837071469,33,"BLM;POLD4;TINF2;CTC1;FEN1;POLD2;TERF1;SLC19A1;POT1;POLD1"
"RNA Polymerase II Pre-transcription Events R-HSA-674695",0.12956204379562,0.365214746641278,0.165656695205483,-0.297095181601543,-1.21944254203862,78,"LEO1;SUPT4H1;POLR2K;MNAT1;DMAP1;TAF11;TAF9B;POLR2G;GTF2H5;NELFA;POLR2C;NELFB;GTF2A2;SUPT6H;POLR2H;GTF2H3;TBP;ELOA;TAF13;CDK7;GTF2H1;ERCC3;GTF2A1;NELFE;GTF2B;RTF1;CCNK;CDK9"
"Glyoxylate Metabolism And Glycine Degradation R-HSA-389661",0.130198915009042,0.365245513979691,0.16440575583821,-0.388417774167143,-1.30420165443394,31,"DBT;PDHB;NDUFAB1;LIAS;DHTKD1;GOT2;GNMT;HAO1"
"VEGFA-VEGFR2 Pathway R-HSA-4420097",0.130198915009042,0.365245513979691,0.16440575583821,-0.286932276057115,-1.20982791406463,93,"PTK2B;PRKCB;ITPR1;CYFIP2;BAIAP2;NCKAP1;SHC2;WASF1;AKT1;PRKCZ;PIK3R2;MAPK13;VAV3;TRIB3;CALM1;PRKACB;HOXC13;PIK3R1"
"Neutrophil Degranulation R-HSA-6798695",0.130671506352087,0.365692201229942,0.16440575583821,-0.218368494219112,-1.13173895669825,458,"RAB3A;PTPRN2;SNAP25;PKM;KCNAB2;OSTF1;ATP6V1D;ATP6V0A1;TOLLIP;ATP6V0C;TRPM2;CTSB;SLC2A3;SIRPA;DNAJC5;TUBB4B;CAB39;PSMD7;QPCT;GGH;CTSA;RAP2C;VCP;PSMD2;MMP12;ALDOC;DDX3X;MS4A3;SYNGR1;ACTR2;CAPN1;ATP6AP2;MNDA;SRP14;CTSZ;PSMD12;TSPAN14;PTGES2;DIAPH1;PYGB;DYNC1H1;RAB6A;LAMTOR3;DSN1;PSMC2;SCAMP1;S100A12;CTSG;PSMD11;SLCO4C1;CTSS;SPTAN1;ACTR1B;PRDX5;IQGAP2;PDXK;CD47;RAB3D;APEH;FAF2;EGFL7;DOCK2;SIGLEC9;RAB18;ADAM8;NAPRT;ALOX5;CYSTM1;ACLY;PSMC3;LGALS3;CEP290;S100A9;ORMDL3;STOM;FOLR3;DNASE1L1;CRACR2A;CRISP3;RAB24;COMMD9;PSMA5;KPNB1;CSNK2B;PFKL;GYG1;CCT2;VAPA;LYZ;DBNL;YPEL5;GNPDA1;KCMF1;HEXB;PPIA;PAFAH1B2;HMOX2;FUCA2;PTPRB;SLC27A2;PRSS2;DPP7;HEBP2;TRAPPC1;FLG2;TINAGL1;MCEMP1;HUWE1;CD93;B4GALT1;DERA;TBC1D10C;GNS;ITM2C;NCSTN;NME2"
"ECM Proteoglycans R-HSA-3000178",0.131034482758621,0.365830721003135,0.186432558434075,0.332901608988544,1.26808860967412,55,"TGFB3;SPARC;LRP4;ITGB1;NCAM1;COL9A2;BGN;ITGAX;LAMA5;BCAN;AGRN"
"Signaling By VEGF R-HSA-194138",0.132275132275132,0.368413077243626,0.160801401070022,-0.279758543260429,-1.2037716220003,102,"PTK2B;PRKCB;ITPR1;CYFIP2;BAIAP2;VEGFC;NCKAP1;SHC2;WASF1;AKT1;PRKCZ;PIK3R2;MAPK13;VAV3;TRIB3;CALM1;PRKACB;HOXC13;PIK3R1"
"Oxidative Stress Induced Senescence R-HSA-2559580",0.135076252723312,0.375319016495487,0.178219874951973,0.290423192759652,1.21904823032022,88,"MAP4K4;RPS27A;H2AC19;CBX2;H2AJ;PHC3;CDK4;TFDP1;UBA52;E2F1;H4C15;H2BC17;H2AX;H3-3B;CBX4;RBBP4;H2AB1;H2AC6;H2BC21"
"DDX58/IFIH1-mediated Induction Of Interferon-Alpha/Beta R-HSA-168928",0.135555555555556,0.37575613618369,0.179782316298324,0.303196399793671,1.23900980341631,74,"S100B;RPS27A;IFNA14;RELA;HSP90AA1;IFNA4;HMGB1;UBA52;PCBP2;HERC5;NFKBIB"
"Host Interactions Of HIV Factors R-HSA-162909",0.136200716845878,0.376649849666208,0.159646701919906,-0.267093786912822,-1.18771259029805,128,"AP2M1;SLC25A4;AP2A1;AP2S1;PSMD7;PSMD2;SLC25A5;PSMC5;ATP6V1H;AP1S1;PSMC4;PSMD12;NUP98;KPNA1;PSMF1;PSMC2;PSMD11;NUP88;PSMB5;DOCK2;PSMA6;PSMA1;PSMC3;APOBEC3G;PSMA3;PSMA5;KPNB1;RCC1;PSMD8;PPIA;CD247;CD8B;PSMA7;RBX1;AP1M2;PSMC6;NDC1;PSMD5;PSMB7;NUP54;NUP43;TPR;PSMB6;CDK9;HMGA1;PSMB1;SEC13"
"RHOC GTPase Cycle R-HSA-9013106",0.138461538461538,0.381996726677578,0.176694268938498,0.302131868361439,1.23463505059266,73,"ANLN;FMNL2;ARHGAP21;ERBIN;MYO9B;PREX1;FLOT2;RTKN;JUP;ARHGAP5;ARHGEF40;PKN1;ACBD5;VAMP3;CAV1;CAVIN1"
"Cyclin A/B1/B2 Associated Events During G2/M Transition R-HSA-69273",0.141048824593128,0.388216929953257,0.157402899305283,-0.407896604632081,-1.30000428689464,25,"PPP2R1A;PPME1;PPP2CA;MNAT1;CDC25A;CCNB1;CDK2;CCNB2;WEE1;CDK7;PPP2R2A"
"Recruitment Of NuMA To Mitotic Centrosomes R-HSA-380320",0.141560798548094,0.388709298601473,0.157402899305283,-0.291724096231064,-1.19995238541094,79,"PRKAR2B;TUBA4A;YWHAG;DCTN3;HAUS3;HAUS8;DCTN1;TUBB4B;PPP2R1A;CETN2;DYNC1H1;TUBGCP2;CEP63;CEP290;HAUS7;PRKCA;CEP76"
"RNA Polymerase III Transcription Initiation From Type 3 Promoter R-HSA-76071",0.14568345323741,0.399090586685581,0.154190966581424,-0.396004032463714,-1.28653749868794,27,"POLR2K;POLR3G;POLR3C;POLR3E;POLR3F;POLR2H;TBP;POLR3B;SNAPC1;BDP1;POLR3GL;POLR3H;CRCP;BRF2;SNAPC5"
"Signaling By CSF3 (G-CSF) R-HSA-9674555",0.146788990825688,0.401177405839761,0.175204047558551,0.386834150709773,1.27515757003718,29,"GAB2;RPS27A;PTPN11;UBA52;CSF3R"
"Downregulation Of ERBB2 Signaling R-HSA-8863795",0.149553571428571,0.404289493575208,0.170932335370056,0.393354443588903,1.29306499698941,28,"RPS27A;ERBIN;HSP90AA1;ERBB3;UBA52"
"Golgi Associated Vesicle Biogenesis R-HSA-432722",0.148479427549195,0.404289493575208,0.152144922367565,-0.320618372656459,-1.2307692190362,54,"CLTC;VAMP2;CLINT1;TPD52;AP1S1;TFRC;OCRL;SH3GL2;BLOC1S1;CLTA"
"Polymerase Switching On C-strand Of Telomere R-HSA-174411",0.149220489977728,0.404289493575208,0.170932335370056,0.406517508965625,1.30474265250814,25,"POLD4;TINF2;CTC1;POLD2;TERF1;SLC19A1;POT1;POLD1"
"TRAF6 Mediated IRF7 Activation R-HSA-933541",0.149659863945578,0.404289493575208,0.172324344900946,0.426266677763398,1.3183950008032,22,"IFNA14;IFNA4;IFNA8;IKBKE;IFNA5"
"p75NTR Signals Via NF-kB R-HSA-193639",0.148984198645598,0.404289493575208,0.172324344900946,0.465753492704918,1.31521536547744,15,"RPS27A;RELA;UBA52;NGF"
"Intrinsic Pathway For Apoptosis R-HSA-109606",0.151675485008818,0.406270478374836,0.149207542435322,-0.318841019008446,-1.23234547415066,55,"PPP3R1;YWHAH;CYCS;YWHAG;MAPK8;YWHAB;AKT1;BCL2;GSDME;MAPK3"
"Peptide Ligand-Binding Receptors R-HSA-375276",0.150776053215078,0.406270478374836,0.169570644405628,0.243942031140505,1.15864032198964,191,"CCL3;SSTR4;CCR1;GALR3;PF4;PRLH;TACR2;GALR2;APLN;GPR37;NMBR;NPFFR1;CXCR4;CXCR1;ACKR2;OPRL1;ANXA1;CCL5;C3;NMUR1;SSTR5;AVPR1B;INSL3;HCRTR1;CCR7;PPBP;PRLHR;UCMA;HCRT;C3AR1;AGXT;XCR1;PROKR2;CCR2;CXCR3"
"Plasma Lipoprotein Remodeling R-HSA-8963899",0.151515151515152,0.406270478374836,0.166933848713193,0.364305096260499,1.2649156863306,33,"FGF21;APOC3;PCSK6;APOA5;APOB"
"Regulation Of TP53 Degradation R-HSA-6804757",0.151785714285714,0.406270478374836,0.169570644405628,0.357877136346818,1.25213348012392,35,"SGK1;RPS27A;PRR5;UBA52;ATM"
"Activation Of NF-kappaB In B Cells R-HSA-1169091",0.152364273204904,0.406885827986551,0.148261500475107,-0.309797168407715,-1.23728257663167,65,"PRKCB;PSMD7;PSMD2;PSMC5;PSMC4;PSMD12;PSMF1;PSMC2;PSMD11;PSMB5;REL;NFKBIE;PSMA6;PSMA1;PSMC3;PSMA3;PSMA5;PSMD8"
"HCMV Infection R-HSA-9609646",0.153674832962138,0.409448698782683,0.16823816568964,0.270718545314803,1.19297984544973,116,"DYNC1LI2;H2AC19;AAAS;RNASE1;ITGB1;RNASE7;POM121C;MVB12B;VPS37D;H2BC18;NUP214;DYNLL2;NUP50;H4C15;H2BC17;NUP62;NUP188;VPS25;RBBP4;CHMP6;H2AC6;H2BC21;RANBP2;NCOR2;HNRNPK;DYNC1I2;TXN2;RRM1;SNF8;CHMP2A;CEBPD;IRS1;NUP35;GPS2;H3C13"
"Activated NOTCH1 Transmits Signal To Nucleus R-HSA-2122948",0.154195011337868,0.409898811460803,0.169570644405628,0.381403090799953,1.26795637895028,30,"RPS27A;PSEN1;APH1B;DNER;UBA52;PSENEN;ARRB2;DTX4;NUMB;DLL1;JAG1"
"Toll Like Receptor 9 (TLR9) Cascade R-HSA-168138",0.154657293497364,0.410193321616872,0.147331213699377,-0.273384802083118,-1.18216968657967,104,"MEF2C;MAPK10;PPP2R1A;NKIRAS1;MAPK8;PPP2CA;CREB1;IKBIP;S100A12;MAPK3;RBSN;RPS6KA5;HOXC13;DUSP3;FOS;NOD2;UBE2N;MAPK9;TIFA;EEA1;IRAK1;PIK3R4;MAP2K1;MAPK11;JUN;APP;NLRC5;ECSIT;TLR4"
"Recruitment And ATM-mediated Phosphorylation Of Repair And Signal Proteins At DNA Double Strand Breaks R-HSA-5693565",0.155452436194896,0.4113673311552,0.170932335370056,0.318872024195181,1.21439681479806,56,"RPS27A;TP53BP1;BARD1;KDM4B;H3-4;UBXN1;UBA52;H4C15;H2BC17;ATM;H2AX;ABL1;SMARCA5;H2BC21;BRCC3"
"Centrosome Maturation R-HSA-380287",0.156079854809437,0.41209319131813,0.149207542435322,-0.289928372324175,-1.19256601173304,79,"PRKAR2B;TUBA4A;YWHAG;DCTN3;HAUS3;HAUS8;DCTN1;TUBB4B;PPP2R1A;CETN2;DYNC1H1;TUBGCP2;CEP63;CEP290;HAUS7;PRKCA;CEP76"
"AUF1 (hnRNP D0) Binds And Destabilizes mRNA R-HSA-450408",0.157706093189964,0.413786630514131,0.147331213699377,-0.320366861978037,-1.22398814827224,53,"HNRNPD;PSMD7;PSMD2;PSMC5;PSMC4;PSMD12;PSMF1;PSMC2;PSMD11;PSMB5;PSMA6;PSMA1;PSMC3;PSMA3;PSMA5;PSMD8;PSMA7;PSMC6;PSMD5;PSMB7;HSPA8;PSMB6;PSMB1;PSMD9;PSMB4;PSMB3;PSME3"
"Acyl Chain Remodelling Of PI R-HSA-1482922",0.158139534883721,0.413786630514131,0.169570644405628,0.44698954254525,1.27731610131256,17,"PLAAT3;PLA2G12A;PLA2G5;PLBD1;PLA2G4C;PLA2G4E;PLA2G2A"
"CTLA4 Inhibitory Signaling R-HSA-389513",0.157989228007181,0.413786630514131,0.147331213699377,-0.411869799375182,-1.27108865176534,21,"PPP2R1A;CD86;AKT1;PPP2CA;PPP2R5B"
"NOTCH3 Activation And Transmission Of Signal To Nucleus R-HSA-9013507",0.157777777777778,0.413786630514131,0.165656695205483,0.408411328169927,1.30420281613594,24,"RPS27A;PSEN1;APH1B;UBA52;YBX1;PSENEN"
"GAG Synthesis Requires Tetrasaccharide Linker Sequence R-HSA-1971475",0.158836689038031,0.414681020374458,0.165656695205483,0.395492559091674,1.28212642561405,26,"XYLT1;B4GALT7;B3GAT3;BGN;B3GAT2;SDC4;BCAN;AGRN;HSPG2"
"Transcriptional Regulation By Small RNAs R-HSA-5578749",0.15929203539823,0.414941529709229,0.16440575583821,0.297870743887202,1.20813510732399,72,"H2AC19;AAAS;H2AJ;RNASE7;POM121C;NUP214;POLR2J;NUP50;POLR2L;H4C15;H2BC17;NUP62;H2AX;H3-3B;NUP188;H2AB1;H2AC6;H2BC21;RANBP2;POLR2I;H2AZ2;NUP35;H3C13;AGO2"
"DAP12 Interactions R-HSA-2172127",0.160270880361174,0.415635816403311,0.165656695205483,0.342546212455987,1.22725189120984,40,"KLRC2;HLA-C;RNASE1;B2M;SIGLEC16;HLA-B;TREM1;LCP2;GRAP2;TYROBP;CD300E"
"FLT3 Signaling R-HSA-9607240",0.16,0.415635816403311,0.16440575583821,0.35303036504283,1.24350511264266,36,"GAB2;RPS27A;PTPN11;CSK;UBA52"
"Condensation Of Prophase Chromosomes R-HSA-2299718",0.162528216704289,0.417930729984301,0.16440575583821,0.340434506155664,1.21968620968567,40,"H2AC19;H2AJ;H3-4;KMT5A;PLK1;H4C15;H2BC17;H2AX;H3-3B;H2AB1;H2AC6;H2BC21"
"Gene And Protein Expression By JAK-STAT Signaling After Interleukin-12 Stimulation R-HSA-8950505",0.162946428571429,0.417930729984301,0.163180127180689,0.354896205655325,1.24170385849777,35,"AURKAIP1;SNRPA1;RPLP0;BOLA2B;HNRNPA2B1;TOX4;RAP1B;CDC42;TALDO1;PSME2;HNRNPDL;PDCD4;IL10"
"RHOA GTPase Cycle R-HSA-8980692",0.161524500907441,0.417930729984301,0.14641623786055,-0.253485749444986,-1.15646762576101,147,"PLEKHG5;ABR;ARHGAP44;ATP6AP1;ARHGEF3;ARHGEF25;BCAP31;NGEF;ARHGEF11;PIK3R2;DIAPH1;TFRC;TMPO;STX5;ARHGAP26;VAV3;EMC3;LMAN1;GMIP;ARHGAP32;PIK3R1;FAF2;DOCK2;ARHGAP29;ABCD3;ECT2;YKT6;ARHGEF12;PCDH7;FARP1;VANGL1;STOM;MCAM;ARHGEF5;ARHGEF7;PLEKHG4;ARHGEF17;ARHGAP11B;KALRN;STARD13;AKAP13;HMOX2"
"Signaling By NTRK3 (TRKC) R-HSA-9034015",0.162872154115587,0.417930729984301,0.142901149386948,-0.452289733655954,-1.28562910635575,16,"GRB2;PTPRU;PIK3R1;NELFB;NTRK3"
"Transcriptional Regulation By E2F6 R-HSA-8953750",0.162337662337662,0.417930729984301,0.160801401070022,0.358766777016379,1.24568590623775,33,"EPC1;E2F6;PHC3;TFDP1;E2F1;CBX3;RBBP4;MAX"
"CTNNB1 S33 Mutants Not Phosphorylated R-HSA-5358747",0.164579606440072,0.421193861218341,0.143758989039275,-0.46444020526108,-1.29735700467064,15,"PPP2R1A;GSK3B;PPP2CA;PPP2R5B"
"DNA Double Strand Break Response R-HSA-5693606",0.16551724137931,0.422666566060515,0.16440575583821,0.311485451152133,1.19696852726832,57,"RPS27A;TP53BP1;BARD1;KDM4B;H3-4;UBXN1;UBA52;H4C15;H2BC17;ATM;H2AX;ABL1;SMARCA5;H2BC21;BRCC3"
"CDC42 GTPase Cycle R-HSA-9013148",0.166666666666667,0.424672489082969,0.143758989039275,-0.255236656818298,-1.16468441661617,146,"ABR;ARHGAP44;ARHGEF25;ARHGDIG;BAIAP2;ARHGEF9;WASL;NGEF;ARHGEF11;PIK3R2;TFRC;TMPO;ARHGAP26;VAV3;IQGAP2;GMIP;ARHGEF16;ARHGAP32;PIK3R1;ARHGAP29;ECT2;DOCK8;YKT6;ARHGEF12;PARD6A;FARP1;VANGL1;ARFGAP2;STOM;ARHGEF5;ARHGEF7;PLEKHG4;ARHGEF6;ARHGAP11B;STARD13;WIPF2;CDC42EP3;TRIO"
"Signaling By ERBB4 R-HSA-1236394",0.167053364269142,0.424730449024157,0.16440575583821,0.313539538591338,1.19408849973465,56,"S100B;RPS27A;PSEN1;SPARC;GFAP;ERBB3;APH1B;UBA52"
"IL-6-type Cytokine Receptor Ligand Interactions R-HSA-6788467",0.167832167832168,0.424859305553449,0.140406238523342,-0.437955767803659,-1.27267245594093,17,"CCM2;CLCF1;JAK2;IL31RA;LIF;OSMR;CNTF;IL11;IL31"
"SUMOylation Of Chromatin Organization Proteins R-HSA-4551638",0.167816091954023,0.424859305553449,0.163180127180689,0.315829718237592,1.20305837364534,55,"AAAS;CBX2;PIAS2;RNASE7;POM121C;PHC3;NUP214;NUP50;H4C15;NUP62;CBX4;NUP188"
"Assembly Of Active LPL And LIPC Lipase Complexes R-HSA-8963889",0.168646080760095,0.425040359097531,0.165656695205483,0.434214558933751,1.26390390387944,19,"FGF21;PCSK6;APOA5;GPIHBP1;PCSK5"
"Metalloprotease DUBs R-HSA-5689901",0.169724770642202,0.425040359097531,0.161978948883402,0.379612961339549,1.25135368852047,29,"RPS27A;H2AC19;KAT2B;BARD1;UBA52;H2AC6;BRCC3;PSMD14"
"Other Interleukin Signaling R-HSA-449836",0.168478260869565,0.425040359097531,0.142901149386948,-0.393617606043544,-1.24364953124401,24,"SNAP25;VAMP2;STX1A;IFNL1;STX3;SDC1"
"Platelet Calcium Homeostasis R-HSA-418360",0.169369369369369,0.425040359097531,0.142056643575821,-0.391212071326615,-1.26295087123521,26,"ITPR1;SLC8A2;ATP2B1;ATP2B3;ATP2A2;CALM1"
"Synthesis Of IP3 And IP4 In Cytosol R-HSA-1855204",0.169369369369369,0.425040359097531,0.142056643575821,-0.391698985062719,-1.26452277602113,26,"PLCB1;ITPKA;PTEN;INPP5J;SYNJ1;OCRL;CALM1"
"Cell Surface Interactions At Vascular Wall R-HSA-202733",0.171428571428571,0.427631203243675,0.157402899305283,0.259130976657323,1.16802123458204,133,"MAG;CD99;SELENOP;PSG5;PTPN11;JAM3;PF4;ITGB1;OLR1;SLC16A1;CD44;CD48;SLC7A7;YES1;PROC;ITGAX;APOB;CD177;SLC16A3;TREM1;GYPC;CAV1;PECAM1;ITGA6;PSG2;SDC4;SELPLG"
"Deposition Of New CENPA-containing Nucleosomes At Centromere R-HSA-606279",0.171492204899777,0.427631203243675,0.158514105424824,0.320581990998616,1.20018314706007,49,"RSF1;H2AC19;H2AJ;NPM1;H4C15;H2BC17;H2AX;RBBP4;H2AB1;SMARCA5;H2AC6;H2BC21"
"Formation Of beta-catenin:TCF Transactivating Complex R-HSA-201722",0.172413793103448,0.428099779897285,0.160801401070022,0.310076159487992,1.19155293639087,57,"H2AC19;TLE4;H2AJ;TCF7L1;H3-4;H4C15;H2BC17;H2AX;H3-3B;PYGO2;H2AB1;MEN1;H2AC6;H2BC21"
"Pre-NOTCH Expression And Processing R-HSA-1912422",0.172185430463576,0.428099779897285,0.157402899305283,0.290454733072214,1.18984737924184,75,"SIRT6;H2AC19;H2AJ;KAT2B;TFDP1;ATP2A3;RBPJ;CCND1;E2F1;H4C15;H2BC17;H2AX;H3-3B;ELF3;H2AB1;H2AC6;H2BC21"
"Activation Of G Protein Gated Potassium Channels R-HSA-1296041",0.174911660777385,0.429217698333885,0.138022242496643,-0.37097712080084,-1.23124502354573,29,"GABBR2;GNG3;GNB5;GNB1;GNB2"
"Degradation Of Beta-Catenin By Destruction Complex R-HSA-195253",0.175182481751825,0.429217698333885,0.140406238523342,-0.282881751015318,-1.16981971886744,83,"PSMD7;PPP2R1A;PSMD2;PSMC5;PSMC4;GSK3B;PPP2CA;PPP2R5B;PSMD12;PSMF1;PSMC2;PSMD11;PSMB5;PSMA6;PSMA1;PSMC3;TLE2;PSMA3;PSMA5;PSMD8;PSMA7;RBX1;TLE5;LEF1;PSMC6;ZRANB1;PSMD5;PSMB7;PSMB6;PSMB1;PSMD9;PSMB4;PSMB3;PSME3;BTRC;AMER1;TCF7;TLE1;PSMC1;PSMB9"
"Estrogen-dependent Nuclear Events Downstream Of ESR-membrane Signaling R-HSA-9634638",0.173913043478261,0.429217698333885,0.140406238523342,-0.392838372331772,-1.24118751322069,24,"AKT1;BCL2;EGFR;CREB1;MAPK3;FOS;UHMK1;AREG;SRF;EPGN"
"Nuclear Import Of Rev Protein R-HSA-180746",0.175324675324675,0.429217698333885,0.154190966581424,0.355807865195102,1.23541217135009,33,"AAAS;RNASE7;NPM1;POM121C;NUP214;NUP50;NUP62;NUP188"
"Processive Synthesis On C-strand Of Telomere R-HSA-174414",0.173396674584323,0.429217698333885,0.163180127180689,0.432611008799669,1.25923631908102,19,"BLM;POLD4;TINF2;FEN1;POLD2;TERF1;POT1;POLD1"
"Transcriptional Regulation By RUNX1 R-HSA-8878171",0.175438596491228,0.429217698333885,0.155241966228839,0.23845382031025,1.13623309915616,199,"HIPK2;RPS27A;H2AC19;PTPN11;KMT2E;LMO1;GATA3;PF4;CBX2;CBFB;ELF2;H2AJ;IL2RA;TCF7L1;KAT2B;AXIN1;NFATC2;PHC3;CLDN5;GATA2;UBA52;CCND1;PSMD10;H4C15;H2BC17;SMARCE1;H2AX;H3-3B;CBX4;PRMT1;PAX5;GPAM;H2AB1;ABL1;H2AC6;TNFRSF18;H2BC21"
"VLDLR Internalisation And Degradation R-HSA-8866427",0.175313059033989,0.429217698333885,0.13880510939114,-0.458159724269077,-1.27981324787401,15,"CLTC;AP2M1;AP2A1;AP2S1"
"Costimulation By CD28 Family R-HSA-388841",0.176334106728538,0.429607312217545,0.159646701919906,0.300717859369756,1.1847621302964,65,"PRR5;RNASE1;CD274;PTPN11;MAP3K14;CSK;YES1;HLA-DPA1;PDCD1;HLA-DRB1;PKN1;CDC42;CD80;GRAP2;TARP"
"HDR Thru Homologous Recombination (HRR) R-HSA-5685942",0.176334106728538,0.429607312217545,0.159646701919906,0.301242423799124,1.18682879860841,65,"XRCC2;RPS27A;BLM;POLD4;EME2;BARD1;UBA52;ATM;POLE4;POLD2;RAD51D;TOPBP1;SLC19A1;RAD51;POLD1;MRE11"
"SUMOylation Of DNA Damage Response And Repair Proteins R-HSA-3108214",0.177777777777778,0.432222222222222,0.155241966228839,0.291102926825976,1.1895899172484,74,"RAD21;AAAS;CBX2;BLM;PIAS2;RNASE7;POM121C;PHC3;NUP214;NUP50;TDG;NUP62;CBX4;NUP188"
"RHOBTB GTPase Cycle R-HSA-9706574",0.178308823529412,0.432612052097346,0.139599673451922,-0.35940175784384,-1.22340719715241,34,"ACTN1;COPS4;TXNL1;RHOBTB2;DBN1;CDC37;STK38;TMOD3;RHOBTB1;GPS1;CCT2;CUL3;ROCK2;DDX39B;TRA2B;CCT7"
"Autophagy R-HSA-9612973",0.179203539823009,0.433113402061856,0.154190966581424,0.260026076252359,1.15935534472038,125,"LAMP2;DYNC1LI2;RPS27A;ATG14;GFAP;MFN1;HSP90AA1;RNASE1;ATG4C;MVB12B;TOMM40;VPS37D;DYNLL2;UBA52;PLIN3;RB1CC1;ATM;GABARAP;RRAGC;PRKAB2"
"Fatty acyl-CoA Biosynthesis R-HSA-75105",0.179347826086957,0.433113402061856,0.138022242496643,-0.3471268905711,-1.19919837527167,36,"ACACA;HACD3;ACSL6;ACSL4;ACSL3;ACSL5;HACD4;ACSBG1;ACLY;TECRL;ELOVL6;SLC25A1;SLC27A2;HACD2"
"Insulin Processing R-HSA-264876",0.179856115107914,0.433113402061856,0.137250779610133,-0.385462225880142,-1.25228928816012,27,"MYO5A;VAMP2;PCSK2;STX1A;EXOC1;CLTRN;CPE;EXOC7;EXOC8;EXOC6;PCSK1"
"Regulation Of TP53 Expression And Degradation R-HSA-6806003",0.18,0.433113402061856,0.154190966581424,0.347321607007899,1.22339672960763,36,"SGK1;RPS27A;PRR5;UBA52;ATM"
"Signaling By ERBB2 R-HSA-1227986",0.181222707423581,0.435158229554154,0.152144922367565,0.32396168192097,1.21173473657095,48,"PTK6;RPS27A;ERBIN;HSP90AA1;ERBB3;YES1;UBA52"
"RHOH GTPase Cycle R-HSA-9013407",0.181985294117647,0.436092070298345,0.138022242496643,-0.358680879541604,-1.22095332016383,34,"DBT;ARHGDIG;VCP;TFRC;RHOH;DBN1;SLC4A7;VANGL1;STOM;NSFL1C;WDR11;ROCK2;MTR;RAB7A"
"Nuclear Pore Complex (NPC) Disassembly R-HSA-3301854",0.183035714285714,0.436815293602103,0.153158808683073,0.347287555070256,1.21508286160095,35,"AAAS;NEK7;RNASE7;POM121C;NUP214;NUP50;NUP62;NUP188"
"Transport Of SLBP Dependant Mature mRNA R-HSA-159230",0.183035714285714,0.436815293602103,0.153158808683073,0.34717807565521,1.21469981717861,35,"AAAS;RNASE7;POM121C;NUP214;NUP50;NUP62;NUP188;RANBP2"
"Interferon Gamma Signaling R-HSA-877300",0.183856502242152,0.437878649217535,0.153158808683073,0.282083963852549,1.17042482929063,85,"TRIM48;HLA-C;FCGR1A;PTPN11;TRIM22;MT2A;NCAM1;CD44;B2M;HLA-DPA1;SMAD7;HLA-DRB1;HLA-B;TRIM62;TRIM35;IRF4;GBP1"
"Cooperation Of PDCL (PhLP1) And TRiC/CCT In G-protein Beta Folding R-HSA-6814122",0.184782608695652,0.438574384550085,0.135740943810425,-0.343324914353682,-1.19885585470481,37,"GNG3;GNB5;GNB1;RGS7;GNB2;GNG2;CCT6B;RGS11;GNG4;CSNK2B;CCT2"
"DNA Replication R-HSA-69306",0.186379928315412,0.438574384550085,0.134273452883202,-0.247822418795658,-1.13767497310932,151,"PSMD7;PSMD2;PSMC5;H2AC7;ORC4;RPA4;PSMC4;PSMD12;SLC25A2;KPNA1;PSMF1;UBE2D1;PSMC2;PSMD11;PSMB5;GINS3;GINS4;H2BC14;PSMA6;PSMA1;ANAPC15;PSMC3;H2BC11;PSMA3;PSMA5;KPNB1;CDK2;CDC45;PSMD8;RPA3;ANAPC4;PSMA7;RBX1;POLR1A;H2AZ1;H2AC4;KPNA6;PSMC6;H2BC3;MCM6;POLR1B;ANAPC11;ANAPC16;PSMD5;PSMB7;ORC6"
"Late SARS-CoV-2 Infection Events R-HSA-9772573",0.186206896551724,0.438574384550085,0.154190966581424,0.306586254545173,1.1781420166697,57,"MAN2A1;RPS27A;ZDHHC20;ZDHHC11;GOLGA7;DAD1;UBA52;ZDHHC3;PRMT1;PARP16;SRPK2"
"Paradoxical Activation Of RAF Signaling By Kinase Inactive BRAF R-HSA-6802955",0.186046511627907,0.438574384550085,0.134273452883202,-0.334359756388857,-1.1939035629275,40,"CAMK2A;CAMK2G;CNKSR2;YWHAB;MAPK3;PEBP1;CAMK2D;CALM1"
"Regulation Of IGF Transport And Uptake By IGFBPs R-HSA-381426",0.184981684981685,0.438574384550085,0.136490437780413,-0.260453052801806,-1.15109529237026,122,"SCG3;CHGB;APLP2;KLKB1;SPARCL1;CHRDL1;SHISA5;F5;PPP3CA;CTSG;P4HB;ITIH2;GOLM1;ENAM;MBTPS1;AMELX;MMP1;WFS1;KLK1;PLG;APOL1;VGF;PAPPA;FUCA2;MATN3;CDH2;APP;SGPP2;IGFBP4;NUCB1;CP;GAS6;LAMB1;SCG2;IL6;IGFBP6;PENK"
"SUMO E3 Ligases SUMOylate Target Proteins R-HSA-3108232",0.18640350877193,0.438574384550085,0.150169802128406,0.243617594513593,1.13145830164237,166,"HIPK2;TP53BP1;RELA;RAD21;DDX17;AAAS;CBX2;BLM;PIAS2;RNASE7;NPM1;POM121C;PHC3;NUP214;NUP50;AURKA;H4C15;SP3;TDG;NUP62;CBX4;CASP8AP2;NUP188"
"Inactivation, Recovery And Regulation Of Phototransduction Cascade R-HSA-2514859",0.18716577540107,0.439481810649996,0.133554954557592,-0.367111764400684,-1.22980599089176,30,"GNB5;GNB1;NMT2;CALM1;GRK4;GUCA1C;RCVRN;PRKCA;PPEF1;PDE6G;GNGT1;CAMKMT;CNGA1"
"RAS Processing R-HSA-9648002",0.188372093023256,0.439972413793103,0.154190966581424,0.430699759535644,1.23076646167988,17,"GOLGA7;FNTA;BCL2L1;ABHD17B;ABHD17A;RCE1;PRKCQ;ABHD17C"
"RUNX1 Regulates Genes Involved In Megakaryocyte Differentiation And Platelet Function R-HSA-8936459",0.188505747126437,0.439972413793103,0.153158808683073,0.299954459999063,1.18140599202485,63,"H2AC19;KMT2E;PF4;CBFB;H2AJ;KAT2B;H4C15;H2BC17;H2AX;H3-3B;PRMT1;H2AB1;H2AC6;H2BC21"
"SIRT1 Negatively Regulates rRNA Expression R-HSA-427359",0.187772925764192,0.439972413793103,0.149207542435322,0.349971211965367,1.2196796853256,34,"H2AC19;H2AJ;RRP8;H4C15;H2BC17;H2AX;TAF1A;H3-3B;H2AB1;H2AC6;H2BC21;SIRT1;H2AZ2;H3C13"
"COPI-independent Golgi-to-ER Retrograde Traffic R-HSA-6811436",0.189338235294118,0.440154821888915,0.135002033828631,-0.354608205763426,-1.20708989767595,34,"DCTN3;DCTN1;PLA2G4A;RAB6B;DYNC1H1;RAB6A;RAB18;PLA2G6;PAFAH1B3;DYNC1I1;CAPZA2;PAFAH1B2;RAB3GAP2;PAFAH1B1;CAPZA1;CAPZA3;RAB3GAP1;DCTN4"
"Defective TPR May Confer Susceptibility Towards Thyroid Papillary Carcinoma (TPC) R-HSA-5619107",0.189309576837416,0.440154821888915,0.150169802128406,0.359521126570714,1.21780833196742,31,"AAAS;RNASE7;POM121C;NUP214;NUP50;NUP62;NUP188;RANBP2"
"Beta-catenin Phosphorylation Cascade R-HSA-196299",0.190559440559441,0.442113055930153,0.130777137971974,-0.427435609330569,-1.24210152411377,17,"PPP2R1A;GSK3B;PPP2CA;PPP2R5B"
"Inwardly Rectifying K+ Channels R-HSA-1296065",0.193140794223827,0.447212910434932,0.132147260608774,-0.355352012271103,-1.21981335505181,35,"GABBR2;GNG3;GNB5;GNB1;GNB2;ABCC8;GNG2;GNG4"
"Regulation Of Actin Dynamics For Phagocytic Cup Formation R-HSA-2029482",0.194003527336861,0.447435012652404,0.130105630751129,-0.306414200150488,-1.1890662169699,57,"MYO5A;CYFIP2;BAIAP2;GRB2;NCKAP1;ARPC2;WASL;ACTR2;WASF1;NF2;VAV3;MAPK3;MYO10;LIMK1;ABI2;MYH2;VPS72;CD247;WIPF2"
"Signaling By NOTCH3 R-HSA-9012852",0.193693693693694,0.447435012652404,0.149207542435322,0.323852443871464,1.19673059443828,47,"RPS27A;PSEN1;KAT2B;APH1B;RBPJ;HEYL;UBA52;YBX1;PSENEN"
"Formation Of RNA Pol II Elongation Complex R-HSA-112382",0.194395796847636,0.447455414045741,0.129442887745046,-0.306664119187786,-1.19197340945311,56,"LEO1;SUPT4H1;POLR2K;MNAT1;DMAP1;POLR2G;GTF2H5;NELFA;POLR2C;NELFB;SUPT6H;POLR2H;GTF2H3;ELOA;CDK7;GTF2H1;ERCC3;NELFE;RTF1;CCNK;CDK9"
"FCERI Mediated MAPK Activation R-HSA-2871796",0.196113074204947,0.450519601569238,0.129442887745046,-0.36393091992041,-1.20785921541233,29,"MAPK10;GRB2;MAPK8;VAV3;MAPK3;FOS;MAPK9;JUN;SOS1;MAP3K1;VAV2;MAP2K4"
"Transport Of SLBP Independent Mature mRNA R-HSA-159227",0.196506550218341,0.450536628889594,0.14551614609036,0.349164318311568,1.21686759174731,34,"AAAS;RNASE7;POM121C;NUP214;NUP50;NUP62;NUP188;RANBP2"
"ATF4 Activates Genes In Response To Endoplasmic Reticulum Stress R-HSA-380994",0.199551569506726,0.453950646421734,0.14641623786055,0.373976820985704,1.22033717766134,27,"ATF4;KHSRP;EXOSC6;NFYA;EXOSC3;DDIT3;HERPUD1;EXOSC2;CCL2"
"HS-GAG Degradation R-HSA-2024096",0.199281867145422,0.453950646421734,0.129442887745046,-0.394811905449613,-1.21844557032383,21,"GPC1;GPC5;IDS;SDC1;GPC2;GPC6;GPC4;HPSE2;GPC3;HPSE"
"NEP/NS2 Interacts With Cellular Export Machinery R-HSA-168333",0.198689956331878,0.453950646421734,0.144630528034484,0.347193687579887,1.20999977465683,34,"AAAS;RNASE7;POM121C;NUP214;NUP50;NUP62;NUP188;RANBP2"
"Netrin-1 Signaling R-HSA-373752",0.198915009041591,0.453950646421734,0.130105630751129,-0.316884387177711,-1.1892005487815,49,"TRPC5;ABLIM2;RGMB;WASL;NTN1;MAPK8;ABLIM1;MAPK13;SIAH2;SLIT3;MYO10;SLIT2;NTN4;MAPK11;TRIO;AGAP2"
"Phototransduction Cascade R-HSA-2514856",0.200723327305606,0.455601787640623,0.129442887745046,-0.364686443473817,-1.2245182753236,31,"GNB5;GNB1;NMT2;CALM1;GRK4;GUCA1C;RCVRN;PRKCA;PPEF1;PDE6G;GNGT1;CAMKMT;CNGA1"
"Toll Like Receptor 3 (TLR3) Cascade R-HSA-168164",0.201058201058201,0.455601787640623,0.127505315300183,-0.26328333879546,-1.13288054796751,102,"MEF2C;MAPK10;PPP2R1A;NKIRAS1;MAPK8;PPP2CA;CREB1;IKBIP;UBE2D1;S100A12;MAPK3;RPS6KA5;HOXC13;UBE2D2;DUSP3;FOS;NOD2;UBE2N;MAPK9;TIFA;IRAK1;MAP2K1;MAPK11;JUN;APP;NLRC5"
"HCMV Early Events R-HSA-9609690",0.201793721973094,0.456382313067056,0.14551614609036,0.273343100267442,1.1502238544458,92,"DYNC1LI2;H2AC19;AAAS;RNASE1;ITGB1;RNASE7;POM121C;H2BC18;NUP214;DYNLL2;NUP50;H4C15;H2BC17;NUP62;NUP188;RBBP4;H2AC6;H2BC21;RANBP2;NCOR2;DYNC1I2;TXN2;RRM1;IRS1;NUP35;GPS2;H3C13"
"G1/S Transition R-HSA-69206",0.202508960573477,0.457114036729685,0.128142916898415,-0.256065226907172,-1.13867079219796,128,"CABLES1;PSMD7;PPP2R1A;PSMD2;PSMC5;ORC4;RPA4;PSMC4;AKT1;PPP2CA;PSMD12;SLC25A2;PSMF1;LIN52;PSMC2;PSMD11;MNAT1;PSMB5;CDC25A;CCNB1;PSMA6;PSMA1;PSMC3;RBL2;PSMA3;PSMA5;CDK2;CDC45;PSMD8;RPA3;WEE1;PSMA7;POLR1A;CDK7;PSMC6;MCM6;POLR1B;PSMD5;PSMB7;ORC6"
"Mitotic Anaphase R-HSA-68882",0.203296703296703,0.458006279434851,0.129442887745046,-0.228163007914991,-1.10103885193208,224,"TUBB2A;TUBA4A;CLIP1;TUBB4B;PSMD7;PPP2R1A;PSMD2;PSMC5;VRK1;PSMC4;PPP2CA;PPP2R5B;PSMD12;NUP98;DYNC1H1;TMPO;TUBA8;SUMO1;PSMF1;UBE2D1;DSN1;PSMC2;LMNB1;PSMD11;PSMB5;CCNB1;MAD2L1;TUBB2B;CENPQ;ESPL1;CENPE;CENPF;PSMA6;PSMA1;ANAPC15;PSMC3;ITGB3BP;BUB1B;SMC3;PSMA3;PSMA5;KPNB1;RCC1;PSMD8;TUBB3;DYNC1I1;CCNB2;ANAPC4;PSMA7;PDS5B;PSMC6;NDC1;TUBA1C;ANAPC11;PAFAH1B1;ANAPC16;PSMD5;PSMB7;TUBB6;PPP2R2A;NUP54;NUP43"
"ADP Signaling Thru P2Y Purinoceptor 12 R-HSA-392170",0.206773618538324,0.460505368004245,0.126253987849115,-0.388811691381449,-1.21294975511508,22,"GNG3;GNB5;GNB1;GNB2;GNG2;GNG4"
"Acyl Chain Remodelling Of PC R-HSA-1482788",0.20627802690583,0.460505368004245,0.143758989039275,0.370398473945444,1.20866054509279,27,"PLAAT3;PLA2G3;TMEM86B;PLA2G12A;PLA2G5;PLBD1;PLA2G4C;PLA2G4E;PLA2G2A"
"Hyaluronan Metabolism R-HSA-2142845",0.206654991243433,0.460505368004245,0.125033367555272,-0.426723479721203,-1.21295728174166,16,"HMMR;HAS2;SPAM1;HYAL2;STAB2;SLC9A1;HEXB"
"Interactions Of Rev With Host Cellular Proteins R-HSA-177243",0.206666666666667,0.460505368004245,0.142901149386948,0.338095815363881,1.1909000374998,36,"AAAS;RNASE7;NPM1;POM121C;NUP214;NUP50;NUP62;NUP188"
"Mitotic Metaphase And Anaphase R-HSA-2555396",0.206204379562044,0.460505368004245,0.128142916898415,-0.227766028194346,-1.10148147593409,225,"TUBB2A;TUBA4A;CLIP1;TUBB4B;PSMD7;PPP2R1A;PSMD2;PSMC5;VRK1;PSMC4;PPP2CA;PPP2R5B;PSMD12;NUP98;DYNC1H1;TMPO;TUBA8;SUMO1;PSMF1;UBE2D1;DSN1;PSMC2;LMNB1;PSMD11;PSMB5;CCNB1;MAD2L1;TUBB2B;CENPQ;ESPL1;CENPE;CENPF;PSMA6;PSMA1;ANAPC15;PSMC3;ITGB3BP;BUB1B;SMC3;PSMA3;PSMA5;KPNB1;RCC1;PSMD8;TUBB3;DYNC1I1;CCNB2;ANAPC4;PSMA7;PDS5B;PSMC6;NDC1;TUBA1C;ANAPC11;PAFAH1B1;ANAPC16;PSMD5;PSMB7;TUBB6;PPP2R2A;NUP54;NUP43"
"Signaling By MET R-HSA-6806834",0.205816554809843,0.460505368004245,0.143758989039275,0.295901303363307,1.16612568305874,62,"RPS27A;RNASE1;PTPN11;CRKL;ITGB1;SH3GL3;PTK2;RAP1A;UBA52;RAB4A;RAP1B;LAMA5;HPN;SH3GL1;RANBP10"
"Plasma Lipoprotein Clearance R-HSA-8964043",0.207720588235294,0.461733193277311,0.128142916898415,-0.347182250618897,-1.18181187170287,34,"CLTC;NCEH1;AP2M1;AP2A1;AP2S1;LDLR;SOAT1;CLTA"
"RHO GTPase Effectors R-HSA-195258",0.210526315789474,0.466193947867772,0.140406238523342,0.223640039671637,1.10946427792838,258,"DYNC1LI2;FMNL2;RPS27;NDE1;H2AC19;RHPN2;KIF5B;MYLK;RAC2;RNASE1;KLK2;KTN1;AHCTF1;DVL3;KDM1A;ITGB1;RTKN;H2AJ;PFN1;PPP1R14A;PTK2;B9D2;NCF1;CDC20;DYNLL2;LIN7B;YWHAQ;PLK1;CDC25C;ARPC5;H4C15;PKN1;H2BC17;RCC2;WIPF1;H2AX;H3-3B;MAPRE1;CLASP2;CDC42;H2AB1;CFTR;ABL1;MEN1;RHOG;BUB3;ACTR3;H2AC6;H2BC21;CYBA;NUDC;RANBP2"
"RHOBTB1 GTPase Cycle R-HSA-9013422",0.210144927536232,0.466193947867772,0.126253987849115,-0.384431116872804,-1.20446226777077,23,"COPS4;TXNL1;DBN1;STK38;RHOBTB1;GPS1;CCT2;CUL3;ROCK2;TRA2B;CCT7"
"Formation Of TC-NER Pre-Incision Complex R-HSA-6781823",0.211397058823529,0.466337631199704,0.126875729929857,-0.314225576950687,-1.170047124699,48,"PRPF19;COPS4;DDB1;POLR2K;MNAT1;POLR2G;GTF2H5;POLR2C;POLR2H;GTF2H3;GPS1;COPS8;COPS7A;COPS5;RBX1;CDK7;GTF2H1;ERCC3"
"Interleukin-12 Family Signaling R-HSA-447115",0.212189616252822,0.466337631199704,0.142056643575821,0.30566879431416,1.16211424643403,54,"AURKAIP1;SNRPA1;RPLP0;BOLA2B;HNRNPA2B1;TOX4;IL6ST;IL12B;RAP1B;CDC42"
"RORA Activates Gene Expression R-HSA-1368082",0.212173913043478,0.466337631199704,0.122679189568808,-0.410056705114067,-1.21520547567759,18,"RORA;NCOA2;TBL1XR1;CHD9;CARM1;SMARCD3;PPARA;SREBF1;CREBBP"
"SUMOylation Of Transcription Factors R-HSA-3232118",0.211401425178147,0.466337631199704,0.14641623786055,0.41131401244997,1.19724540635486,19,"TP53BP1;PIAS2;SP3;SUMO2;MITF;HIC1;MDM2;PIAS1"
"Digestion R-HSA-8935690",0.215277777777778,0.468160787355246,0.142901149386948,0.41079918127362,1.22238867887749,20,"AMY1A;PMEL;CEL;LIPF"
"E2F Mediated Regulation Of DNA Replication R-HSA-113510",0.213903743315508,0.468160787355246,0.12384217120105,-0.387886926083578,-1.21006482684144,22,"PPP2R1A;ORC4;PPP2CA;SLC25A2;CCNB1"
"Gap Junction Trafficking And Regulation R-HSA-157858",0.215827338129496,0.468160787355246,0.12384217120105,-0.371201974408581,-1.20596059765477,27,"DNM1;CLTC;AP2M1;CLTB;GJB6"
"Initiation Of Nuclear Envelope (NE) Reformation R-HSA-2995383",0.215146299483649,0.468160787355246,0.120985142145252,-0.403927958240191,-1.21624291668814,19,"PPP2R1A;VRK1;PPP2CA;TMPO;LMNB1;CCNB1;KPNB1;CCNB2"
"Thrombin Signaling Thru Proteinase Activated Receptors (PARs) R-HSA-456926",0.214545454545455,0.468160787355246,0.125033367555272,-0.353836498354737,-1.19321065238062,32,"GNG3;GNB5;GNB1;GNB2;F2R;MAPK3;GNG2;GNG4"
"Toll Like Receptor 4 (TLR4) Cascade R-HSA-166016",0.215579710144928,0.468160787355246,0.124434168630393,-0.247599269526716,-1.12133772436905,138,"DNM1;MEF2C;MAPK10;PPP2R1A;NKIRAS1;MAPK8;PPP2CA;PTPN4;CREB1;IKBIP;CD180;UBE2D1;S100A12;MAPK3;RPS6KA5;HOXC13;UBE2D2;DUSP3;FOS;NOD2;UBE2N;MAPK9;TIFA;S100A9;IRAK1;TLR6;MAP2K1;MAPK11;JUN;APP;NLRC5;ECSIT;TLR4"
"Transcriptional Regulation By RUNX2 R-HSA-8878166",0.215189873417722,0.468160787355246,0.124434168630393,-0.255838411229047,-1.12253519941784,116,"FBXW7;PSMD7;PSMD2;PSMC5;PSMC4;GSK3B;AKT1;PSMD12;MAF;PSMF1;PSMC2;PSMD11;PSMB5;MAPK3;CCNB1;PSMA6;PSMA1;PSMC3;LGALS3;STUB1;ITGBL1;PSMA3;PSMA5;PSMD8;PSMA7;RBX1;SATB2;PSMC6;PSMD5;PSMB7;ESR1;GLI3;RB1;WWTR1;PSMB6;AREG;RUNX1;PPARGC1B;PSMB1;PPM1D;PSMD9;PSMB4;PSMB3;HDAC3;DLX5;PSME3"
"Negative Regulation Of FGFR3 Signaling R-HSA-5654732",0.216517857142857,0.468787271402067,0.139599673451922,0.364242264251499,1.19736520078572,28,"FGF1;RPS27A;PTPN11;FGF18;UBA52"
"Apoptotic Factor-Mediated Response R-HSA-111471",0.217592592592593,0.470241769547325,0.142056643575821,0.407999590004976,1.21405811536063,20,"SEPTIN4;CARD8;DIABLO"
"RHOU GTPase Cycle R-HSA-9013420",0.219378427787934,0.473224815579518,0.12384217120105,-0.335788609772795,-1.17722812739999,38,"CLTC;PTK2B;GRB2;TXNL1;PIK3R2;SPTAN1;PIK3R1;PARD6A;VANGL1;ARHGEF7;ARHGEF6;HGS"
"FCGR3A-mediated IL10 Synthesis R-HSA-9664323",0.221014492753623,0.47499799823845,0.122679189568808,-0.339732827553649,-1.1736545508143,36,"ITPR1;PRKAR2B;PRKAR1B;ADCY1;CREB1;PRKAR2A;CALM1;PRKACB;PRKAR1A;ADCY9"
"Gap Junction Trafficking R-HSA-190828",0.220614828209765,0.47499799823845,0.122679189568808,-0.38248982517556,-1.21903052581258,25,"DNM1;CLTC;AP2M1;CLTB;GJB6"
"Biosynthesis Of N-glycan Precursor (Dolichol LLO) And Transfer To Protein R-HSA-446193",0.222222222222222,0.475368807985218,0.122679189568808,-0.278384616773148,-1.13479610595414,75,"MVD;ALG13;ALG8;CTSA;ST8SIA1;PMM1;ST8SIA3;ST6GALNAC6;ST8SIA5;CMAS;EGFL7;DPM3;GNPNAT1;ST8SIA6;ALG5;ST3GAL3;NANS;DPAGT1;GFUS"
"Downstream TCR Signaling R-HSA-202424",0.222627737226277,0.475368807985218,0.122679189568808,-0.266689570278554,-1.11902887091077,90,"PSMD7;PTEN;PSMD2;PSMC5;PSMC4;PSMD12;PIK3R2;PSMF1;UBE2D1;PSMC2;PSMD11;PSMB5;UBE2D2;PIK3R1;UBE2N;PSMA6;PSMA1;PSMC3;PSMA3;PSMA5;PSMD8;CD247;PSMA7;PDPK1;PSMC6;PSMD5;PSMB7;HLA-DQB2;PSMB6;PIK3CA;PSMB1;PSMD9;PSMB4;PSMB3;PSME3;PIK3CB;BTRC;PSMC1;PSMB9"
"MyD88 Cascade Initiated On Plasma Membrane R-HSA-975871",0.222816399286988,0.475368807985218,0.120985142145252,-0.265836907493906,-1.12898629496985,95,"MEF2C;MAPK10;PPP2R1A;NKIRAS1;MAPK8;PPP2CA;CREB1;IKBIP;S100A12;MAPK3;RPS6KA5;HOXC13;DUSP3;FOS;NOD2;UBE2N;MAPK9;TIFA;IRAK1;MAP2K1;MAPK11;JUN;APP;NLRC5;ECSIT"
"SUMOylation Of Ubiquitinylation Proteins R-HSA-3232142",0.221978021978022,0.475368807985218,0.136490437780413,0.328681106908149,1.16897497846501,38,"AAAS;PIAS2;RNASE7;POM121C;NUP214;NUP50;NUP62;NUP188"
"Interleukin-12 Signaling R-HSA-9020591",0.223255813953488,0.475437107452045,0.140406238523342,0.321804384116614,1.17176785332352,44,"AURKAIP1;SNRPA1;RPLP0;BOLA2B;HNRNPA2B1;TOX4;IL12B;RAP1B;CDC42;TALDO1;PSME2;HNRNPDL;PDCD4;IL10"
"Negative Regulation Of FGFR4 Signaling R-HSA-5654733",0.224489795918367,0.476311430586706,0.138022242496643,0.353239042989966,1.17432634568853,30,"FGF1;RPS27A;PTPN11;FGF18;UBA52"
"SUMOylation R-HSA-2990846",0.224669603524229,0.476311430586706,0.135740943810425,0.237089041522137,1.10832612509252,172,"HIPK2;TP53BP1;RELA;RAD21;DDX17;AAAS;CBX2;BLM;PIAS2;RNASE7;NPM1;POM121C;PHC3;NUP214;NUP50;AURKA;H4C15;SP3;TDG;NUP62;CBX4;CASP8AP2;NUP188;SAE1;HNRNPC;NFKB2;RANBP2;RXRA;NCOR2;SUMO2;ZNF350;BIRC5;HNRNPK;STAG2"
"Vpr-mediated Nuclear Import Of PICs R-HSA-180910",0.224890829694323,0.476311430586706,0.135002033828631,0.336996152303578,1.17446048973377,34,"AAAS;RNASE7;POM121C;NUP214;NUP50;BANF1;NUP62;NUP188"
"Na+/Cl- Dependent Neurotransmitter Transporters R-HSA-442660",0.225653206650831,0.477060311886812,0.141225119642531,0.404021131515562,1.17601742011193,19,"SLC6A3;SLC6A20;SLC6A9;SLC6A2;SLC6A6;SLC6A18;SLC6A15;SLC6A5;SLC22A1"
"Synthesis Of Very Long-Chain Fatty acyl-CoAs R-HSA-75876",0.226449275362319,0.47787758471578,0.120985142145252,-0.380062447865478,-1.20082150258051,24,"HACD3;ACSL6;ACSL4;ACSL3;ACSL5;HACD4;ACSBG1;TECRL;ELOVL6;HACD2"
"FCGR3A-mediated Phagocytosis R-HSA-9664422",0.227670753064799,0.47958803037296,0.118287526124085,-0.297429779138532,-1.15608043370587,56,"MYO5A;CYFIP2;BAIAP2;GRB2;NCKAP1;ARPC2;WASL;ACTR2;WASF1;VAV3;MAPK3;MYO10;ABI2;MYH2;CD247;WIPF2"
"NOTCH2 Activation And Transmission Of Signal To Nucleus R-HSA-2979096",0.231481481481481,0.485861310951239,0.137250779610133,0.403546862267716,1.20080842007332,20,"RPS27A;PSEN1;APH1B;UBA52;PSENEN;DLL1;JAG1"
"RHO GTPases Activate PKNs R-HSA-5625740",0.231111111111111,0.485861310951239,0.134273452883202,0.291121916537091,1.13637496320151,59,"H2AC19;RNASE1;KLK2;KDM1A;H2AJ;PPP1R14A;YWHAQ;CDC25C;H4C15;PKN1;H2BC17;H2AX;H3-3B;H2AB1;H2AC6;H2BC21"
"PERK Regulates Gene Expression R-HSA-381042",0.232300884955752,0.486705803848048,0.133554954557592,0.342236408133793,1.1733849594604,32,"ATF4;KHSRP;EXOSC6;NFYA;EXOSC3;DDIT3;HERPUD1;EIF2S2;EXOSC2;CCL2"
"MAP3K8 (TPL2)-dependent MAPK1/3 Activation R-HSA-5684264",0.234762979683973,0.490982790844438,0.134273452883202,0.424373390861452,1.19836439898554,15,"RPS27A;UBA52;CUL1;FBXW11;TNIP2"
"MyD88-independent TLR4 Cascade R-HSA-166166",0.237676056338028,0.493537291363841,0.115734447701689,-0.256246160536587,-1.1085850695139,105,"MEF2C;MAPK10;PPP2R1A;NKIRAS1;MAPK8;PPP2CA;CREB1;IKBIP;UBE2D1;S100A12;MAPK3;RPS6KA5;HOXC13;UBE2D2;DUSP3;FOS;NOD2;UBE2N;MAPK9;TIFA;IRAK1;MAP2K1;MAPK11;JUN;APP;NLRC5;TLR4"
"Peptide Hormone Metabolism R-HSA-2980736",0.237569060773481,0.493537291363841,0.118815039412263,-0.266520334346961,-1.11212122378159,88,"CHGA;MYO5A;VAMP2;PCSK2;GNB1;STX1A;SPCS1;MMP12;EXOC1;ATP6AP2;CTSZ;CLTRN;SPCS2;CPE;CTSG"
"Programmed Cell Death R-HSA-5357801",0.237132352941176,0.493537291363841,0.118815039412263,-0.228241536023134,-1.09037461904269,205,"DAPK1;PPP3R1;YWHAH;CYCS;YWHAG;DNM1L;PSMD7;BCAP31;PSMD2;PSMC5;STK24;MAGED1;MAPK8;PSMC4;YWHAB;AKT1;PSMD12;BCL2;KPNA1;H1-3;PSMF1;PSMC2;LMNB1;PSMD11;GSDME;PSMB5;MAPK3;SPTAN1;PDCD6IP;CDC37;SATB1;PSMA6;PSMA1;PSMC3;STUB1;H1-4;PSMA3;PSMA5;KPNB1"
"SUMOylation Of RNA Binding Proteins R-HSA-4570464",0.237647058823529,0.493537291363841,0.136490437780413,0.320517894576086,1.16512521111226,45,"AAAS;CBX2;RNASE7;POM121C;PHC3;NUP214;NUP50;NUP62;CBX4;NUP188;HNRNPC;RANBP2;SUMO2;HNRNPK"
"G1/S-Specific Transcription R-HSA-69205",0.240825688073394,0.495684772973505,0.133554954557592,0.353839291422737,1.16639353119786,29,"E2F6;TFDP1;DHFR;E2F1;RBBP4;SLC25A15;CCNE1;CDT1;LIN37"
"Glucagon-type Ligand Receptors R-HSA-420092",0.240740740740741,0.495684772973505,0.118287526124085,-0.346145575761743,-1.16435364181157,33,"GNG3;GNAS;GNB5;GNB1;GNB2"
"MicroRNA (miRNA) Biogenesis R-HSA-203927",0.240942028985507,0.495684772973505,0.116739204791222,-0.373148943040833,-1.17897802580912,24,"POLR2K;AGO4;DROSHA;POLR2G;POLR2C;BCDIN3D;POLR2H"
"RNA Polymerase III Chain Elongation R-HSA-73780",0.241258741258741,0.495684772973505,0.114266502484433,-0.404793689226777,-1.17630550044174,17,"POLR2K;POLR3G;POLR3C;POLR3E;POLR3F;POLR2H;POLR3B;POLR3GL;POLR3H;CRCP"
"Regulation Of TP53 Activity Thru Methylation R-HSA-6804760",0.241217798594848,0.495684772973505,0.135002033828631,0.405868596624519,1.17374453625843,18,"RPS27A;KMT5A;UBA52;ATM"
"Signaling By NOTCH4 R-HSA-9013694",0.23956442831216,0.495684772973505,0.117249716749792,-0.271750408274819,-1.11779436412233,79,"FBXW7;PSMD7;PSMD2;PSMC5;PSMC4;AKT1;PSMD12;PSMF1;PSMC2;PSMD11;PSMB5;PSMA6;PSMA1;PSMC3;HES5;PSMA3;PSMA5;PSMD8;PSMA7;RBX1;NCSTN;MAML2;PSMC6;PSMD5;PSMB7"
"Assembly And Cell Surface Presentation Of NMDA Receptors R-HSA-9609736",0.242314647377939,0.496107357000095,0.116234148779716,-0.372204995053968,-1.18625181891426,25,"CAMK2A;NEFL;CAMK2G;NBEA;GRIN2B;CAMK2D;LIN7A"
"S Phase R-HSA-69242",0.242258652094718,0.496107357000095,0.116739204791222,-0.236229397393641,-1.08818425620137,160,"CABLES1;PSMD7;PSMD2;PSMC5;ORC4;PSMC4;GSK3B;AKT1;PSMD12;SLC25A2;PSMF1;UBE2D1;LIN52;PSMC2;PSMD11;MNAT1;PSMB5;CDC25A;GINS3;GINS4;PSMA6;PSMA1;ANAPC15;PSMC3;RBL2;SMC3;PSMA3;PSMA5;CDK2;CDC45;PSMD8;RPA3;ANAPC4;WEE1;PSMA7;RBX1;POLR1A;CDK7;PDS5B;PSMC6;ESCO1;MCM6;POLR1B;ANAPC11;ANAPC16;PSMD5;PSMB7;ORC6"
"RNA Polymerase III Transcription Initiation From Type 2 Promoter R-HSA-76066",0.246846846846847,0.504321521175454,0.114750719227023,-0.368345861862254,-1.18913183219858,26,"POLR2K;POLR3G;POLR3C;POLR3E;POLR3F;GTF3C2;POLR2H;TBP;POLR3B;BDP1;POLR3GL;POLR3H;CRCP"
"Signaling By ERBB2 TMD/JMD Mutants R-HSA-9665686",0.247191011235955,0.504321521175454,0.130105630751129,0.383632253900845,1.17117258426401,21,"ERBIN;HSP90AA1;ERBB3"
"TRP Channels R-HSA-3295583",0.247739602169982,0.504558666199597,0.114750719227023,-0.370646333522426,-1.18128422014091,25,"TRPM2;TRPC5;TRPV1;TRPV2;TRPM3;TRPM8;MCOLN1;TRPV6;MCOLN2;TRPV5;TRPM4;TRPC1;TRPC6;MCOLN3;TRPV3;TRPC4"
"Negative Regulation Of FGFR2 Signaling R-HSA-5654727",0.248917748917749,0.506074935517444,0.126875729929857,0.33210671300053,1.15311862261097,33,"FGF1;RPS27A;PTPN11;FGF18;UBA52"
"RHOB GTPase Cycle R-HSA-9013026",0.250564334085779,0.508536657179311,0.129442887745046,0.282145210041627,1.13091055905215,69,"ANLN;ARHGAP21;ERBIN;RHPN2;MYO9B;PREX1;FLOT2;RTKN;JUP;ARHGAP5;PKN1;VAMP3;CAV1;CAVIN1"
"Interferon Alpha/Beta Signaling R-HSA-909733",0.253393665158371,0.513386123680241,0.128788713061714,0.278594015531096,1.11269352150129,67,"IFNA14;IFITM3;HLA-C;USP18;PTPN11;IFNA4;STAT2;HLA-B;BST2;XAF1;IRF4"
"Activation Of Gene Expression By SREBF (SREBP) R-HSA-2426168",0.255281690140845,0.516314960822125,0.11101149245045,-0.31076316524514,-1.13030912100472,42,"ACACA;MVD;HMGCS1;HMGCR;SC5D;NCOA2;TBL1XR1;IDI1;ELOVL6;SQLE;MVK;SREBF2;CHD9;CARM1;PMVK;CYP51A1"
"DNA Repair R-HSA-73894",0.256818181818182,0.518523906888959,0.128142916898415,0.215939095443325,1.08306638020447,300,"TIPIN;XRCC2;RPS27A;SIRT6;TP53BP1;H2AC19;FANCC;PPP4R2;BLM;ADPRS;H2AJ;POLD4;TINF2;EME2;BARD1;KDM4B;H3-4;UBXN1;FANCL;FANCE;RNF4;FEN1;FAAP20;POLR2J;POLR2L;UBA52;UFD1;TCEA1;H4C15;RAD18;H2BC17;TDG;UVSSA;HMGN1;ATM;H2AX;POLE4;POLL;POLD2;H2AB1;DCLRE1C;TFPT;RAD51D;ABL1;TERF1;SMARCA5;H2AC6;H2BC21;TOPBP1;MAD2L2;BRCC3;UNG;SUMO2;SLC19A1;POT1"
"Deadenylation Of mRNA R-HSA-429947",0.258589511754069,0.520299931408618,0.111918316325105,-0.367892175918004,-1.17250646457278,25,"NLRP4;EIF4A2;TNKS1BP1;CNOT10;CNOT6L;TUT4;PARN;CNOT6"
"Unfolded Protein Response (UPR) R-HSA-381119",0.258241758241758,0.520299931408618,0.112843355675562,-0.262074472637037,-1.09745130799593,89,"GSK3A;DCTN1;ATP6V0D1;PPP2R5B;SRPRA;ASNS;EXTL1;KLHDC3;SRPRB;SSR1;CEBPB;CXCL8;TSPYL2;ACADVL;EIF2AK3;TATDN2;MBTPS1;WFS1;CUL7;SERP1;EXOSC9;PARN;PLA2G4B;PDIA5"
"Adrenaline,noradrenaline Inhibits Insulin Secretion R-HSA-400042",0.259927797833935,0.521021971469199,0.11146266692298,-0.349842186106223,-1.14596634449259,28,"GNG3;GNB5;GNB1;GNB2;CACNB3;GNG2;GNG4"
"Cargo Trafficking To Periciliary Membrane R-HSA-5620920",0.261180679785331,0.521021971469199,0.110564716336619,-0.295308120342602,-1.11515984270686,50,"ARL6;EXOC1;RAB11A;PTGES2;TTC8;MKKS;EXOC7;MCHR1;EXOC8;CCT2;PDE6D;BBS10;EXOC6;SMOX;BBS5;TCP1;BBS7;EXOC4;BBS12;EXOC5"
"Defective GALNT3 Causes HFTC R-HSA-5083625",0.26046511627907,0.521021971469199,0.128788713061714,0.40313532983899,1.15199842233258,17,"MUC5B;MUC5AC;MUC21;MUCL1;MUC17"
"PRC2 Methylates Histones And DNA R-HSA-212300",0.261160714285714,0.521021971469199,0.12563992130984,0.315140063944227,1.12631154440487,39,"JARID2;H2AC19;H2AJ;H4C15;H2BC17;H2AX;H3-3B;RBBP4;H2AB1;H2AC6;H2BC21;PHF19"
"RNA Polymerase III Transcription Initiation From Type 1 Promoter R-HSA-76061",0.260791366906475,0.521021971469199,0.11101149245045,-0.357885367738422,-1.16269761942233,27,"POLR2K;POLR3G;POLR3C;POLR3E;POLR3F;GTF3C2;POLR2H;TBP;POLR3B;BDP1;POLR3GL;POLR3H;CRCP"
"ABC-family Proteins Mediated Transport R-HSA-382556",0.263716814159292,0.521661389458,0.109250039480711,-0.254867501886734,-1.09094300305797,101,"PSMD7;VCP;PSMD2;PSMC5;PSMC4;PSMD12;ABCA6;ABCA4;PEX19;ERLEC1;PSMF1;PSMC2;PSMD11;PSMB5;OS9;ABCD3;PSMA6;PSMA1;ABCD2;PSMC3;PSMA3;PSMA5;PSMD8;PSMA7;ABCB6;ABCA5;ABCA7;PSMC6;ABCA3;PSMD5;PSMB7;RNF5;PSMB6;ABCC2;PSMB1;PSMD9;PSMB4;PSMB3;PSME3;ABCA12;APOA1;SEL1L;PSMC1;ABCB4;PSMB9;ABCB1;PSME4"
"Activation Of HOX Genes During Differentiation R-HSA-5619507",0.263616557734205,0.521661389458,0.123257226381337,0.263980166383651,1.10805391130021,88,"HOXB3;H2AC19;PIAS2;H2AJ;PKNOX1;POLR2J;HOXB1;POLR2L;AJUBA;H4C15;H2BC17;HOXD4;H2AX;H3-3B;HOXD1;RBBP4;H2AB1;H2AC6;H2BC21;RXRA;PAXIP1;POLR2I;PAX6;HOXA1;H2AZ2"
"Nuclear Events (Kinase And Transcription Factor Activation) R-HSA-198725",0.26268115942029,0.521661389458,0.11101149245045,-0.289465351153644,-1.13279500245717,61,"MEF2C;EGR3;PPP2R1A;CDK5R1;ID2;PPP2CA;CREB1;CDK5R2;MAPK3;RPS6KA5;DUSP3;FOS;VGF;EGR4;MAPK11;ID1"
"Nucleotide-binding Domain, Leucine Rich Repeat Containing NLR Signaling Pathways R-HSA-168643",0.263513513513513,0.521661389458,0.12563992130984,0.293684184239828,1.11686767141138,53,"P2RX7;RELA;TXNIP;NLRP1;HMOX1;SUGT1;BCL2L1;UBE2V1;CASP1;NFKB2;TXN2;NOD1;CYLD"
"Sphingolipid Metabolism R-HSA-428157",0.263736263736264,0.521661389458,0.12384217120105,0.263617041188522,1.10264569405089,87,"UGT8;DEGS2;GLTP;FA2H;PLPP2;NAT8;CPTP;CERS4;GM2A;CERS2;ACER2;KDSR;ARSA;DEGS1;PLPP3;SMPD3;NEU2;ALDH3B1;HEXA;NEU3;ARSH;SGPL1;NEU4"
"Synthesis Of Substrates In N-glycan Biosythesis R-HSA-446219",0.264550264550265,0.522386055380979,0.108820126769161,-0.282813281628968,-1.1227894469457,63,"MVD;CTSA;ST8SIA1;PMM1;ST8SIA3;ST6GALNAC6;ST8SIA5;CMAS;EGFL7;DPM3;GNPNAT1;ST8SIA6;ALG5;ST3GAL3;NANS"
"Cell Death Signaling Via NRAGE, NRIF And NADE R-HSA-204998",0.26508226691042,0.522552374129157,0.11101149245045,-0.272751547993272,-1.10480798052284,73,"PLEKHG5;ABR;ARHGEF3;ARHGEF9;BEX3;MAGED1;MAPK8;NGEF;ARHGEF11;VAV3;ARHGEF16;ECT2;ARHGEF12;ITGB3BP;ARHGEF5;ARHGEF7;ARHGEF6;ARHGEF17;KALRN;TIAM2;AKAP13;TRIO"
"Nuclear Receptor Transcription Pathway R-HSA-383280",0.267025089605735,0.524545632206371,0.109250039480711,-0.295167696561585,-1.12771264828559,53,"RORA;RORB;NR4A1;NR2F6;NR1H4;PPARD;ESRRG;NR1D1;RARA;VDR;ESR1;NR2F1;AREG;RXRG;NR1I2;NR2E1;NR0B1;NR5A1;ESRRB;NR1H2;NR6A1;NR3C2;PPARA;RARB;PPARG;NR3C1;NR1D2;ESR2"
"TAK1-dependent IKK And NF-kappa-B Activation R-HSA-445989",0.267441860465116,0.524545632206371,0.126875729929857,0.307740633764143,1.12055832550608,44,"S100B;RPS27A;RELA;USP18;HMGB1;UBA52;NFKBIB;UBE2V1;NFKB2"
"TRAF6 Mediated NF-kB Activation R-HSA-933542",0.266666666666667,0.524545632206371,0.12384217120105,0.360477167099079,1.15113196930648,24,"S100B;RELA;HMGB1;NFKBIB;NFKB2"
"Regulation Of Lipid Metabolism By PPARalpha R-HSA-400206",0.268817204301075,0.526358519159991,0.108820126769161,-0.247592690932251,-1.08560332253504,114,"HMGCS1;CCNC;RORA;HMGCR;MED6;TRIB3;ARNT2;NCOA2;SIN3B;MED24;TBL1XR1;PLIN2;MED4;NR1H4;CDK8;ACOX1;G0S2;MED16;CYP7A1;CYP1A1;TIAM2;NR1D1;SREBF2;ACADM;AHR;CHD9;GLIPR1;CARM1;PPARGC1B;MUSK;TNFRSF21;HDAC3;APOA1;NR1H2;MED14;SMARCD3;MED8;ABCB4;MIA3;MED17;PPARA;SREBF1;MED29;THRAP3;MED19;SULT2A1;PPARG;CREBBP;MED22;TXNRD1;PPARGC1A;HMGCS2;MED12;GRHL1;ANGPTL4"
"RHOG GTPase Cycle R-HSA-9013408",0.271111111111111,0.529960915689559,0.122679189568808,0.270435646056483,1.10513323009517,74,"ARHGAP21;ERBIN;DOCK5;HSPE1;KTN1;PREX1;ITGB1;STBD1;ARHGAP5;ANKLE2;CDC42EP1;CDC42;VAMP3;CAV1;RHOG;ARHGEF26"
"Metabolism Of Porphyrins R-HSA-189445",0.272930648769575,0.532625530291127,0.122679189568808,0.357671767392845,1.15951719982714,26,"SLCO2B1;CPOX;HMOX1;GSTA1;SLCO1B3;ABCC1;ALAD"
"Toll Like Receptor 7/8 (TLR7/8) Cascade R-HSA-168181",0.274336283185841,0.534474862233516,0.106729884364606,-0.253028946831887,-1.08307319322355,101,"MEF2C;MAPK10;PPP2R1A;NKIRAS1;MAPK8;PPP2CA;CREB1;IKBIP;S100A12;MAPK3;RPS6KA5;HOXC13;DUSP3;FOS;NOD2;UBE2N;MAPK9;TIFA;IRAK1;MAP2K1;MAPK11;JUN;APP;NLRC5;ECSIT;TLR4"
"tRNA Processing In Nucleus R-HSA-6784531",0.276102088167053,0.537018561484919,0.124434168630393,0.289357899280206,1.10199479590424,56,"RPP25;AAAS;RNASE7;POM121C;NUP214;NUP50;NUP62;NUP188;POP7;TSEN34;RANBP2;RPP30;PYDC1;COLEC12;NUP35"
"Organic Cation/Anion/Zwitterion Transport R-HSA-549132",0.277280858676207,0.537721728513905,0.106729884364606,-0.413485838812344,-1.15502220358756,15,"SLC22A3;SLC22A6;SLC22A15;RUNX1;SLC22A5"
"SUMOylation Of Intracellular Receptors R-HSA-4090294",0.277385159010601,0.537721728513905,0.105920292736253,-0.337578987584489,-1.12039914380636,29,"RORA;SUMO1;NR1H4;RARA;VDR;ESR1;PIAS3;AREG;NR1I2;NR5A1;NR1H2;NR3C2;PPARA;PPARG;NR3C1"
"RNA Polymerase III Transcription Initiation R-HSA-76046",0.277978339350181,0.537977980135424,0.107140237276725,-0.330469316676502,-1.13439877078649,35,"POLR2K;POLR3G;POLR3C;POLR3E;POLR3F;GTF3C2;POLR2H;TBP;POLR3B;SNAPC1;BDP1;POLR3GL;POLR3H;CRCP;BRF2;SNAPC5"
"M Phase R-HSA-68886",0.280442804428044,0.539426119730245,0.107972360317345,-0.209141654255876,-1.06047877527996,369,"PRKCB;TUBB2A;PRKAR2B;TUBA4A;YWHAG;DCTN3;HAUS3;HAUS8;DCTN1;CLIP1;TUBB4B;PSMD7;PPP2R1A;PSMD2;PSMC5;VRK1;H2AC7;PSMC4;PPP2CA;PPP2R5B;PSMD12;NUP98;CETN2;DYNC1H1;TMPO;TUBA8;SUMO1;PSMF1;UBE2D1;DSN1;PSMC2;LMNB1;RAB2A;ENSA;PSMD11;MCPH1;NUP88;PSMB5;MAPK3;TUBGCP2;CEP63;CCNB1;MAD2L1;TUBB2B;H2BC14;CENPQ;ESPL1;CENPE;CENPF;PSMA6;PSMA1;ANAPC15;PSMC3;CEP290;H2BC11;ITGB3BP;BUB1B;HAUS7;SMC3;PSMA3;PSMA5;KPNB1;RCC1;PRKCA;CSNK2B;CEP76;NCAPH;PSMD8;TUBB3;GOLGA2;DYNC1I1;CCNB2;ANAPC4;LPIN2;RAB1A;KIF20A;PSMA7;TUBGCP3;SMC4;H2AZ1;H2AC4;PDS5B;PHF8;PSMC6;CEP152;H2BC3;NDC1;TUBA1C;ANAPC11;PAFAH1B1;ANAPC16;PSMD5;PSMB7;PCNT;TUBB6;PPP2R2A;NUP54;NUP43;CNEP1R1;RB1;TPR;CC2D1B;LPIN3;PSMB6"
"Nuclear Events Mediated By NFE2L2 R-HSA-9759194",0.28,0.539426119730245,0.107140237276725,-0.265649242798865,-1.08801370838955,76,"PSMD7;PSMD2;PSMC5;GSR;PSMC4;GSK3B;PSMD12;PSMF1;PSMC2;PSMD11;PSMB5;UBL4A;PSMA6;PSMA1;PSMC3;PSMA3;PSMA5;PSMD8;PSMA7;RBX1;GCLM;PSMC6;PSMD5;PSMB7;TKT;GSTA3;PSMB6"
"Role Of Nef In HIV-1 Replication And Disease Pathogenesis R-HSA-164952",0.280575539568345,0.539426119730245,0.106323255932708,-0.349709595794069,-1.13613617982867,27,"AP2M1;AP2A1;AP2S1;ATP6V1H;AP1S1;DOCK2;CD247;CD8B;AP1M2"
"TRAF6 Mediated Induction Of NFkB And MAP Kinases Upon TLR7/8 Or 9 Activation R-HSA-975138",0.279279279279279,0.539426119730245,0.106729884364606,-0.253963451977403,-1.08539260595988,99,"MEF2C;MAPK10;PPP2R1A;NKIRAS1;MAPK8;PPP2CA;CREB1;IKBIP;S100A12;MAPK3;RPS6KA5;HOXC13;DUSP3;FOS;NOD2;UBE2N;MAPK9;TIFA;IRAK1;MAP2K1;MAPK11;JUN;APP;NLRC5;ECSIT;TLR4"
"MyD88 Dependent Cascade Initiated On Endosome R-HSA-975155",0.281138790035587,0.539620013111069,0.105520936843198,-0.25362660445649,-1.08618571589969,100,"MEF2C;MAPK10;PPP2R1A;NKIRAS1;MAPK8;PPP2CA;CREB1;IKBIP;S100A12;MAPK3;RPS6KA5;HOXC13;DUSP3;FOS;NOD2;UBE2N;MAPK9;TIFA;IRAK1;MAP2K1;MAPK11;JUN;APP;NLRC5;ECSIT;TLR4"
"Synthesis Of Glycosylphosphatidylinositol (GPI) R-HSA-162710",0.283372365339578,0.542123853034898,0.123257226381337,0.388804695267269,1.12439688740879,18,"PIGM;PIGN;DPM2;PIGG;PIGH;PIGQ"
"Tie2 Signaling R-HSA-210993",0.283216783216783,0.542123853034898,0.103958471559957,-0.387744577645492,-1.12676183347149,17,"GRB2;TEK;PIK3R2;PIK3R1"
"Gap-filling DNA Repair Synthesis And Ligation In GG-NER R-HSA-5696397",0.286666666666667,0.547528641571195,0.118815039412263,0.350062892217631,1.11787548083134,24,"RPS27A;POLD4;UBA52;POLE4;POLD2;SLC19A1;POLD1"
"RHO GTPases Activate Formins R-HSA-5663220",0.288288288288288,0.54972619678502,0.119348440591015,0.248552986382862,1.08800963986341,114,"DYNC1LI2;FMNL2;RPS27;NDE1;RNASE1;AHCTF1;DVL3;ITGB1;PFN1;B9D2;CDC20;DYNLL2;PLK1;RCC2;MAPRE1;CLASP2;CDC42"
"C-type Lectin Receptors (CLRs) R-HSA-5621481",0.291666666666667,0.55338197929126,0.104343952581949,-0.238608011113175,-1.08061774458912,138,"PPP3R1;ITPR1;PPP3CB;PSMD7;PSMD2;PSMC5;PSMC4;PSMD12;PPP3CA;PSMF1;UBE2D1;PSMC2;PSMD11;UBE2M;PSMB5;CD209;RPS6KA5;CALM1;PRKACB;UBE2D2;UBE2N;PSMA6;PSMA1;PSMC3;MUC4;PSMA3;PSMA5;ARHGEF7;PRKCA;PSMD8"
"PI3K Events In ERBB2 Signaling R-HSA-1963642",0.290718038528897,0.55338197929126,0.102449405629826,-0.39761385011739,-1.13021344674149,16,"GRB2;EGFR;PIK3R1;NRG3;NRG4"
"Rev-mediated Nuclear Export Of HIV RNA R-HSA-165054",0.292576419213974,0.55338197929126,0.116234148779716,0.318503576832114,1.1100122783931,34,"AAAS;RNASE7;POM121C;NUP214;NUP50;NUP62;NUP188"
"SUMOylation Of SUMOylation Proteins R-HSA-4085377",0.292576419213974,0.55338197929126,0.116234148779716,0.318617885797774,1.11041065494094,34,"AAAS;RNASE7;POM121C;NUP214;NUP50;NUP62;NUP188;RANBP2;SUMO2;NUP35;TOPORS"
"VEGFR2 Mediated Vascular Permeability R-HSA-5218920",0.291479820627803,0.55338197929126,0.118287526124085,0.34596174909966,1.12892019179766,27,"PRR5;HSP90AA1;RNASE1;JUP;PKN1;CAV1"
"Common Pathway Of Fibrin Clot Formation R-HSA-140875",0.295900178253119,0.556960496808694,0.102449405629826,-0.363146779374881,-1.13288465053242,22,"F5;PROS1;F2R;SERPINE2;F13A1"
"Disassembly Of Destruction Complex And Recruitment Of AXIN To Membrane R-HSA-4641262",0.295871559633028,0.556960496808694,0.118815039412263,0.342295350935831,1.12834016110908,29,"WNT8A;DVL3;AXIN1;LRP6;PROC;FZD2;CAV1;FRAT1;LRP5"
"RHOBTB2 GTPase Cycle R-HSA-9013418",0.295900178253119,0.556960496808694,0.102449405629826,-0.362609674230427,-1.13120907963814,22,"ACTN1;TXNL1;RHOBTB2;DBN1;CDC37;STK38;TMOD3;CCT2;CUL3;DDX39B;TRA2B;CCT7"
"Aberrant Regulation Of Mitotic Exit In Cancer Due To RB1 Defects R-HSA-9687136",0.296491228070175,0.557174336808204,0.101350743797099,-0.371230636244888,-1.13070011996299,20,"UBE2D1;ANAPC15;ANAPC4;ANAPC11;ANAPC16;RB1;CDC27;CDC16"
"Amyloid Fiber Formation R-HSA-977225",0.298013245033113,0.559134175166628,0.115734447701689,0.268053005504893,1.09807873579598,75,"RPS27A;H2AC19;NAT8;APH1B;B2M;GGA1;UBA52;H4C15;H2BC17;H2AX;H3-3B;SIAH1;PSENEN;H2AB1;GSN;H2AC6;H2BC21;SEMG1;PRL;HSPG2"
"MET Promotes Cell Motility R-HSA-8875878",0.299107142857143,0.559740655471289,0.116234148779716,0.34419215305911,1.13145493234671,28,"RNASE1;CRKL;ITGB1;PTK2;RAP1A;RAP1B;LAMA5"
"Post-translational Protein Phosphorylation R-HSA-8957275",0.299295774647887,0.559740655471289,0.100990587455923,-0.247807506266986,-1.0720773376108,105,"SCG3;CHGB;APLP2;SPARCL1;CHRDL1;SHISA5;F5;PPP3CA;P4HB;ITIH2;GOLM1;ENAM;MBTPS1;AMELX;WFS1;APOL1;VGF;FUCA2;MATN3;CDH2;APP;SGPP2;IGFBP4;NUCB1;CP;GAS6;LAMB1;SCG2;IL6;PENK"
"HCMV Late Events R-HSA-9610379",0.301339285714286,0.562660714285714,0.115734447701689,0.260189599200335,1.08178339521589,86,"H2AC19;AAAS;RNASE7;POM121C;MVB12B;VPS37D;H2BC18;NUP214;NUP50;H4C15;H2BC17;NUP62;NUP188;VPS25;CHMP6;H2AC6;H2BC21;RANBP2;HNRNPK;TXN2;RRM1;SNF8;CHMP2A;CEBPD;IRS1;NUP35;H3C13"
"Cyclin E Associated Events During G1/S Transition R-HSA-69202",0.303249097472924,0.565322199282592,0.101713902282311,-0.258963435384236,-1.06913621574144,81,"CABLES1;PSMD7;PSMD2;PSMC5;PSMC4;AKT1;PSMD12;PSMF1;LIN52;PSMC2;PSMD11;MNAT1;PSMB5;CDC25A;PSMA6;PSMA1;PSMC3;RBL2;PSMA3;PSMA5;CDK2;PSMD8"
"G Alpha (Q) Signaling Events R-HSA-416476",0.304744525547445,0.566300734576224,0.102080107662747,-0.220978993802019,-1.05828931742181,210,"DGKZ;PLCB1;RGS4;ITPR1;GNG3;CHRM1;ARHGEF25;GNB5;GNB1;PRKCE;GRB2;FFAR3;DGKE;GNB2;PIK3R2;EGFR;CREB1;F2R;GRK5;RGS5;GRK2;MAPK3;UTS2;PIK3R1;GNG2;TRHR;GPR17;GNG4;MCHR1;MLNR;PRKCA;CCL23;MGLL;KALRN;TRIO;APP;EDN1;MCHR2;DGKA;EDN3;RASGRP1;DGKI;GRM5;GPR68;CCKBR"
"Signaling By KIT In Disease R-HSA-9669938",0.304647160068847,0.566300734576224,0.0985499803531691,-0.37329967306554,-1.12401994936429,19,"GRB2;PIK3R2;PIK3R1;JAK2;STAT5A;SOS1;PIK3CA"
"Effects Of PIP2 Hydrolysis R-HSA-114508",0.305755395683453,0.566724941724942,0.100990587455923,-0.339473845694356,-1.10288228529494,27,"DGKZ;ITPR1;PRKCE;DGKE;MGLL;DGKA;RASGRP1;DGKI"
"Heme Signaling R-HSA-9707616",0.305944055944056,0.566724941724942,0.0992333343771191,-0.294052127980106,-1.08801076826232,44,"MEF2C;CRTC1;RORA;CREB1;NCOA2;TBL1XR1;TLR4;NR1D1;CHD9;NRIP1;CARM1;HDAC3;APOA1;LY96;SMARCD3;PPARA;CLEC1B;BRIP1;MEF2D;GDNF;CREBBP;PPARGC1A"
"Interleukin-1 Family Signaling R-HSA-446652",0.306451612903226,0.566765502786156,0.100633389423036,-0.233496864756898,-1.07191084900374,151,"TOLLIP;PSMD7;PSMD2;PSMC5;NKIRAS1;MAPK8;PSMC4;PTPN4;PSMD12;IKBIP;PSMF1;PSMC2;S100A12;CTSG;PSMD11;PTPN2;PSMB5;HOXC13;NOD2;UBE2N;PSMA6;PSMA1;TIFA;ALOX5;PSMC3;PSMA3;PSMA5;PSMD8;IRAK1;MAP2K1;APP;IL4;IL1RAP;PSMA7;NLRC5;RBX1;AGER;PSMC6;PTPN5;PSMD5;PSMB7;PTPN23;IL36G;TAB3;PSMB6;IL1R2;IL1A;PSMB1;CASP8;IL18R1;MYD88;PSMD9;MAP2K4;PSMB4;PSMB3;PSME3;BTRC;IL1RL1;PSMC1;NKIRAS2;N4BP1;PSMB9"
"Branched-chain Amino Acid Catabolism R-HSA-70895",0.307001795332136,0.566884644228803,0.100633389423036,-0.359501829255808,-1.10947366412677,21,"DBT;ECHS1;SOAT1"
"Platelet Sensitization By LDL R-HSA-432142",0.307692307692308,0.567262121764492,0.0988903007520636,-0.380502474155986,-1.1057167272947,17,"PPP2R1A;PLA2G4A;PPP2CA;PPP2R5B"
"Defective C1GALT1C1 Causes TNPS R-HSA-5083632",0.309133489461358,0.569020161200955,0.117249716749792,0.378563102894817,1.09477889481284,18,"MUC5B;MUC5AC;MUC21;MUCL1;MUC17"
"Activation Of ATR In Response To Replication Stress R-HSA-176187",0.310469314079422,0.569766389362035,0.10027910675413,-0.323756397023149,-1.1113553975628,35,"ORC4;SLC25A2;CDC25A;CDK2;CDC45;RPA3;POLR1A;HUS1;MCM6;POLR1B;ORC6"
"Activation Of GABAB Receptors R-HSA-991365",0.313380281690141,0.569766389362035,0.0982123351217438,-0.30091877219745,-1.09450305227782,42,"GABBR2;GNG3;GNB5;GNB1;ADCY1;GNB2;ADCY9;GNG2;GNG4"
"Azathioprine ADME R-HSA-9748787",0.312387791741472,0.569766389362035,0.0995791200495904,-0.357543287994998,-1.10342932784767,21,"GMPS;SLC29A2;VAV3;SLC28A3;TPMT;NME2;HPRT1;IMPDH2;VAV2;SLC28A2;SLC29A1;GUK1"
"Cytoprotection By HMOX1 R-HSA-9707564",0.313932980599647,0.569766389362035,0.0982123351217438,-0.281297130772516,-1.09159730511148,57,"CYCS;COX7C;COX5A;COX6C;COX8A;COX7B;NCOA2;SIN3B;TBL1XR1;COX14;COX6B1;COX6A1;HMOX2;COX7A2L"
"Dectin-1 Mediated Noncanonical NF-kB Signaling R-HSA-5607761",0.311355311355311,0.569766389362035,0.100990587455923,-0.281242490082132,-1.09482271641043,60,"PSMD7;PSMD2;PSMC5;PSMC4;PSMD12;PSMF1;PSMC2;PSMD11;UBE2M;PSMB5;PSMA6;PSMA1;PSMC3;PSMA3;PSMA5;PSMD8;PSMA7;PSMC6;PSMD5;PSMB7;PSMB6;PSMB1;PSMD9;PSMB4;PSMB3;PSME3;BTRC;PSMC1;PSMB9"
"Phase 2 - Plateau Phase R-HSA-5576893",0.313769751693002,0.569766389362035,0.11378726182188,0.395068834526438,1.11561289336295,15,"KCNE1;KCNQ1;CACNG6;KCNE3;CACNA2D2"
"RAF-independent MAPK1/3 Activation R-HSA-112409",0.313333333333333,0.569766389362035,0.112843355675562,0.34501648178868,1.08861812225251,23,"PTPN11;DUSP2;IL6ST;DUSP6;DUSP10"
"RUNX2 Regulates Osteoblast Differentiation R-HSA-8940973",0.311111111111111,0.569766389362035,0.11331290842208,0.345192001827404,1.08917193433123,23,"SP7;CBFB;YES1;ABL1;UCMA;HDAC6;YAP1"
"Synaptic Adhesion-Like Molecules R-HSA-8849932",0.312387791741472,0.569766389362035,0.0995791200495904,-0.358598123834676,-1.10668470094694,21,"GRIA1;GRIN2B;GRIA3;LRFN3;GRIA4;RTN3"
"Chromatin Modifying Enzymes R-HSA-3247509",0.314732142857143,0.570329830301686,0.112843355675562,0.217049108474383,1.05543918187782,234,"RPS2;H2AC19;RELA;KMT2E;KDM1A;H2AJ;KAT2B;KAT6B;KAT7;EPC1;KDM4B;SETD7;KMT5A;CDK4;H2BC18;PRDM9;HAT1;CCND1;CHD4;RUVBL2;ATXN7;PADI4;BRD1;H4C15;H2BC17;SMARCE1;H2AX;SGF29;PRMT1;HDAC10;RBBP4;H2AB1;KAT6A;KMT5C;SUPT7L;H2AC6;H2BC21;SUDS3;NFKB2;JMJD6;ELP6;PHF2;NCOR2;ING4"
"FGFR2 Alternative Splicing R-HSA-6803529",0.316258351893096,0.572206971564717,0.112378519110475,0.340018323472709,1.09130947495467,25,"HNRNPA1;POLR2J;POLR2L;TIAL1;GTF2F2;PTBP1;HNRNPH1;POLR2I;HNRNPM"
"Ephrin Signaling R-HSA-3928664",0.318501170960187,0.573597016219967,0.115240003147781,0.377438814205932,1.09152752794994,18,"RNASE1;NCK2;EPHB1;PKN1;EPHB4;SDCBP;EPHB3;EPHB2"
"Mitotic Prophase R-HSA-68875",0.318181818181818,0.573597016219967,0.11331290842208,0.247562990102401,1.07614903023138,108,"H2AC19;AAAS;NEK7;H2AJ;RNASE7;LMNA;POM121C;H3-4;KMT5A;NUP214;NUP50;PPP2R2D;PLK1;H4C15;BANF1;H2BC17;NUP62;RAB1B;H2AX;H3-3B;NUP188"
"PKMTs Methylate Histone Lysines R-HSA-3214841",0.317567567567568,0.573597016219967,0.112843355675562,0.291857612665522,1.07850022720586,47,"RELA;KMT2E;SETD7;KMT5A;PRDM9;H4C15;RBBP4;KMT5C;NFKB2"
"MyD88:MAL(TIRAP) Cascade Initiated On Plasma Membrane R-HSA-166058",0.319419237749546,0.574364022270756,0.0988903007520636,-0.245718755616963,-1.06735594275348,111,"MEF2C;MAPK10;PPP2R1A;NKIRAS1;MAPK8;PPP2CA;CREB1;IKBIP;S100A12;MAPK3;RPS6KA5;HOXC13;DUSP3;FOS;NOD2;UBE2N;MAPK9;TIFA;S100A9;IRAK1;TLR6;MAP2K1;MAPK11;JUN;APP;NLRC5;ECSIT;TLR4"
"CD28 Dependent PI3K/Akt Signaling R-HSA-389357",0.320652173913043,0.57569397993311,0.0985499803531691,-0.347669065898082,-1.08928297727756,23,"CD86;AKT1;PIK3R2;TRIB3;HOXC13;PIK3R1"
"Signaling By NOTCH2 R-HSA-1980145",0.321995464852608,0.577217676625182,0.112378519110475,0.328391381716542,1.09172148124563,30,"RPS27A;PSEN1;APH1B;RBPJ;UBA52;PSENEN"
"Activation Of SMO R-HSA-5635838",0.325217391304348,0.578076935708108,0.0952879846194844,-0.371072739180972,-1.09967626160866,18,"GRK2;GAS1;SMOX;BOC;EVC;CDON;KIF3A;EVC2;GAS8;ARRB1;SHH"
"B-WICH Complex Positively Regulates rRNA Expression R-HSA-5250924",0.325056433408578,0.578076935708108,0.11146266692298,0.28118708831585,1.0690378845454,54,"H2AC19;DEK;H2AJ;KAT2B;SF3B1;POLR2L;H4C15;H2BC17;H2AX;TAF1A;H3-3B;H2AB1;SMARCA5;H2AC6;H2BC21"
"Constitutive Signaling By Aberrant PI3K In Cancer R-HSA-2219530",0.328193832599119,0.578076935708108,0.109250039480711,0.259917336694192,1.07337001825951,78,"FGF1;GAB2;PDGFB;RAC2;RNASE1;PTPN11;ERBB3;FGF18;TRAT1"
"Degradation Of Extracellular Matrix R-HSA-1474228",0.327927927927928,0.578076935708108,0.096887770327544,-0.244761623871157,-1.06190546757979,109,"CTSB;KLKB1;BSG;MMP12;ADAMTS16;MMP7;CAPN1;MMP17;CAPNS1;FURIN;MMP24;CTSG;CTSV;CTSS;COL14A1;TLL1;ADAM8;ERC2;MMP1;PLG;CTRB2;MMP10;ACAN;TMPRSS6;PRSS2;CAPN10;COL12A1;ADAMTS9;MMP16;SCUBE3;LAMB1;LAMA4;NCSTN;COL23A1"
"Downstream Signal Transduction R-HSA-186763",0.330357142857143,0.578076935708108,0.109684061970549,0.333188161377411,1.09528176409431,28,"PDGFB;PTPN11;NCK2;CRKL"
"ERCC6 (CSB) And EHMT2 (G9a) Positively Regulate rRNA Expression R-HSA-427389",0.328125,0.578076935708108,0.110122263835536,0.300040232589186,1.08457541828769,41,"H2AC19;H2AJ;CHD4;H4C15;H2BC17;CBX3;H2AX;H3-3B;RBBP4;H2AB1;H2AC6;H2BC21"
"Gene Silencing By RNA R-HSA-211000",0.323325635103926,0.578076935708108,0.11331290842208,0.24712288064915,1.06324516178878,104,"H2AC19;HSP90AA1;AAAS;H2AJ;RNASE7;POM121C;TDRD9;NUP214;POLR2J;NUP50;POLR2L;H4C15;H2BC17;NUP62;H2AX;H3-3B;NUP188;H2AB1;HENMT1;H2AC6;H2BC21;RANBP2"
"Lewis Blood Group Biosynthesis R-HSA-9037629",0.330434782608696,0.578076935708108,0.0943563635421779,-0.369000543244502,-1.09353529667071,18,"FUT9;ST6GALNAC6;FUT11;ST3GAL3;B3GALT2;FUT10;FUT6;FUT3"
"Nucleotide Catabolism R-HSA-8956319",0.327205882352941,0.578076935708108,0.0982123351217438,-0.321678124306979,-1.09499556931672,34,"ENTPD6;ENTPD1;ENTPD4;NUDT16;NT5C2;ADPRM;ENTPD3;GDA;UPP1;NUDT9;DPYS;NT5M;NT5C1A;ITPA"
"Regulation Of PLK1 Activity At G2/M Transition R-HSA-2565942",0.323741007194245,0.578076935708108,0.09754492162472,-0.25477287504845,-1.06405300634841,85,"PRKAR2B;TUBA4A;YWHAG;DCTN3;HAUS3;HAUS8;DCTN1;TUBB4B;PPP2R1A;CETN2;DYNC1H1;OPTN;CEP63;CCNB1;CEP290;HAUS7;PRKCA;CEP76"
"Resolution Of AP Sites Via Multiple-Nucleotide Patch Replacement Pathway R-HSA-110373",0.329621380846325,0.578076935708108,0.109684061970549,0.335673349863634,1.0773640180758,25,"ADPRS;POLD4;FEN1;POLE4;POLD2;SLC19A1;POLD1"
"SLC-mediated Transmembrane Transport R-HSA-425407",0.327472527472527,0.578076935708108,0.109250039480711,0.212848328894358,1.04758473260799,247,"SLC36A1;SLC50A1;FGF21;APOD;SLC5A10;SLC24A4;SLC34A3;SLC6A3;SLC44A1;SLC12A2;SLC13A2;SLC4A1;SLC6A20;SLCO2B1;SLCO3A1;SLC38A2;SLC16A1;SLC6A9;SLC7A7;SLC44A2;SLC39A4;SLC6A2;SLC39A2;SLC38A3;SLC12A4;SLC16A10;SLC32A1;SLC11A1;SLC16A3;SLC5A11;SLC6A6;SLC45A3;SLC4A5;SLCO1A2;SLC2A11;SLC25A22;SLC26A6;SLC26A9;SLC30A6"
"Signaling By NOTCH1 R-HSA-1980143",0.327433628318584,0.578076935708108,0.109684061970549,0.263994473106397,1.0707362090589,72,"RPS27A;PSEN1;TLE4;KAT2B;APH1B;DNER;RBPJ;HEYL;UBA52;PSENEN;HDAC10;ARRB2;CUL1;NCOR2;HDAC6;DTX4;NUMB;DLL1;HDAC7;JAG1"
"Tight Junction Interactions R-HSA-420029",0.330357142857143,0.578076935708108,0.109684061970549,0.333004181545886,1.09467697143422,28,"CLDN11;CRB3;CLDN5;PARD6G;CLDN2;CLDN16;CLDN3;CLDN10;CLDN15;CLDN7;CLDN1"
"Transcription-Coupled Nucleotide Excision Repair (TC-NER) R-HSA-6781827",0.330895795246801,0.578076935708108,0.0972150808846466,-0.260178683900789,-1.05388031140564,73,"PRPF19;COPS4;DDB1;POLR2K;MNAT1;POLR2G;GTF2H5;POLR2C;POLR2H;GTF2H3;GPS1;COPS8;RPA3;COPS7A;POLK;COPS5;RBX1;POLR1A;CDK7;XRCC1;GTF2H1;ERCC3;POLR1B"
"Transcriptional Activity Of SMAD2/SMAD3:SMAD4 Heterotrimer R-HSA-2173793",0.329571106094808,0.578076935708108,0.110564716336619,0.288328352432995,1.07916873920083,50,"RPS27A;COL1A2;DAND5;TFDP1;SMAD7;UBA52;YBX1;PPM1A;MEN1;SKI;NCOR2"
"Viral Messenger RNA Synthesis R-HSA-168325",0.329519450800915,0.578076935708108,0.11146266692298,0.292089122056131,1.07437711634751,46,"AAAS;RNASE7;POM121C;NUP214;POLR2J;NUP50;POLR2L;NUP62;NUP188;GTF2F2;RANBP2"
"Eicosanoid Ligand-Binding Receptors R-HSA-391903",0.331828442437923,0.578839749364808,0.110122263835536,0.388559056961654,1.09723029481427,15,"PTGER3;PTGDR;TBXA2R;OXER1;PTGFR;PTGIR;PTGER1;LTB4R;PTGER4"
"Formation Of HIV Elongation Complex In Absence Of HIV Tat R-HSA-167152",0.333916083916084,0.581612044671746,0.0940503465727813,-0.290066060196163,-1.07326207488695,44,"SUPT4H1;POLR2K;MNAT1;POLR2G;GTF2H5;NELFA;POLR2C;NELFB;POLR2H;GTF2H3;ELOA;CDK7;GTF2H1;ERCC3;NELFE;CCNK;CDK9"
"BBSome-mediated Cargo-Targeting To Cilium R-HSA-5620922",0.342391304347826,0.582302015598482,0.0946646223153342,-0.343624764670492,-1.07661176515573,23,"ARL6;TTC8;MKKS;MCHR1;CCT2;BBS10;SMOX;BBS5;TCP1;BBS7;BBS12"
"Calnexin/calreticulin Cycle R-HSA-901042",0.34075723830735,0.582302015598482,0.107554375265169,0.333114728443326,1.06915196711841,25,"RPS27A;RNF185;UBA52;CALR"
"Cyclin A:Cdk2-associated Events At S Phase Entry R-HSA-69656",0.339416058394161,0.582302015598482,0.0956031492204301,-0.255310222553752,-1.05580134349367,83,"CABLES1;PSMD7;PSMD2;PSMC5;PSMC4;AKT1;PSMD12;PSMF1;LIN52;PSMC2;PSMD11;MNAT1;PSMB5;CDC25A;PSMA6;PSMA1;PSMC3;RBL2;PSMA3;PSMA5;CDK2;PSMD8"
"Extracellular Matrix Organization R-HSA-1474244",0.34075723830735,0.582302015598482,0.107554375265169,0.208872339472321,1.04670154113825,290,"PSEN1;TGFB3;COL1A2;SPARC;CTSD;COL16A1;PDGFB;KLK2;JAM3;DST;SERPINH1;LRP4;CAPN3;ITGB1;NCAM1;COL6A2;DDR1;CAPN14;TIMP1;COL9A2;SPOCK3;CD44;CXXC1;BGN;PLEC;CAPN12;COLGALT1;PPIB;ITGAX;ITGB4;P4HA1;BMP7;ADAM12;COL5A2;CD151;LAMA5;ADAM15;CAPN15;PECAM1;BMP4;ITGA6;ADAMTS3;ITGA10;FBN3;SDC4;BCAN;AGRN;SH3PXD2A;COL4A5;CTRB1;COL6A1"
"Formation Of HIV-1 Elongation Complex Containing HIV-1 Tat R-HSA-167200",0.338028169014085,0.582302015598482,0.0937465422491719,-0.294382136258104,-1.07072797192973,42,"SUPT4H1;POLR2K;MNAT1;POLR2G;GTF2H5;NELFA;POLR2C;NELFB;POLR2H;GTF2H3;ELOA;CDK7;GTF2H1;ERCC3;NELFE"
"IGF1R Signaling Cascade R-HSA-2428924",0.341121495327103,0.582302015598482,0.110564716336619,0.284567866815858,1.06733762527689,52,"FGF1;GAB2;PTPN11;IGF1;TLR9;FGF18;IGF1R"
"IRS-related Events Triggered By IGF1R R-HSA-2428928",0.340136054421769,0.582302015598482,0.108820126769161,0.284670273209392,1.0677886342783,51,"FGF1;GAB2;PTPN11;IGF1;TLR9;FGF18;IGF1R"
"MAPK6/MAPK4 Signaling R-HSA-5687128",0.340659340659341,0.582302015598482,0.0956031492204301,-0.249603978297332,-1.04523042518061,89,"PSMD7;PSMD2;PSMC5;PSMC4;PSMD12;CCND3;PSMF1;PSMC2;PSMD11;AGO4;PSMB5;PRKACB;PSMA6;PSMA1;PSMC3;PSMA3;PSMA5;MMP10;ARHGEF7;PRKCA;PSMD8;KALRN;JUN;CDC42EP3;PSMA7;RAG1"
"Mitotic G1 Phase And G1/S Transition R-HSA-453279",0.342391304347826,0.582302015598482,0.0946646223153342,-0.230620684039148,-1.05235791832587,146,"CABLES1;PSMD7;PPP2R1A;PSMD2;PSMC5;ORC4;RPA4;PSMC4;AKT1;PPP2CA;PSMD12;SLC25A2;CCND3;PSMF1;LIN52;PSMC2;PSMD11;MNAT1;PSMB5;CDC25A;CCNB1;PSMA6;PSMA1;PSMC3;RBL2;PSMA3;JAK2;PSMA5;CDK2;CDC45;PSMD8;RPA3;WEE1;PSMA7;POLR1A;CDK7;PSMC6;MCM6;POLR1B;PSMD5;PSMB7;ORC6;PPP2R2A;RB1;PSMB6;TOP2A"
"Negative Regulation Of PI3K/AKT Network R-HSA-199418",0.337078651685393,0.582302015598482,0.108820126769161,0.240577037860373,1.05435252868977,113,"PIP4K2A;FGF1;GAB2;PHLPP1;PDGFB;RAC2;RNASE1;PTPN11;ERBB3"
"Phosphorylation Of CD3 And TCR Zeta Chains R-HSA-202427",0.341860465116279,0.582302015598482,0.110122263835536,0.380269877228396,1.08665816712884,17,"CSK;HLA-DPA1;HLA-DRB1;TARP;LCK"
"Removal Of Flap Intermediate From C-strand R-HSA-174437",0.33953488372093,0.582302015598482,0.110564716336619,0.381489218094076,1.09014255227095,17,"POLD4;TINF2;FEN1;POLD2;TERF1;POT1;POLD1"
"Resolution Of Abasic Sites (AP Sites) R-HSA-73933",0.338461538461538,0.582302015598482,0.107140237276725,0.300467062618469,1.06862995977443,38,"ADPRS;POLD4;FEN1;TDG;POLE4;POLD2;UNG;SLC19A1;PNKP;POLD1"
"Signaling By Hippo R-HSA-2028269",0.335087719298246,0.582302015598482,0.0940503465727813,-0.358657699101331,-1.09240526994655,20,"STK24;YWHAB;DVL2;MOB1B;WWTR1;WWC1;STK4;LATS1"
"Signaling By RAF1 Mutants R-HSA-9656223",0.340036563071298,0.582302015598482,0.0956031492204301,-0.311616080838169,-1.09248260553286,38,"CAMK2A;CAMK2G;CNKSR2;YWHAB;MAPK3;CAMK2D;CALM1"
"TNFR2 Non-Canonical NF-kB Pathway R-HSA-5668541",0.342342342342342,0.582302015598482,0.0943563635421779,-0.245883226259694,-1.05085922259231,99,"PSMD7;PSMD2;PSMC5;PSMC4;PSMD12;PSMF1;PSMC2;PSMD11;UBE2M;PSMB5;TNFRSF4;PSMA6;PSMA1;PSMC3;TNFSF11;PSMA3;PSMA5;PSMD8;PSMA7;LTBR;EDA;TNFRSF14;PSMC6;PSMD5;PSMB7;TNFRSF11A;PSMB6;TNFRSF1A;PSMB1;TNFSF9;PSMD9;TNFSF13B;PSMB4;TNFRSF25;EDAR;PSMB3;PSME3;BTRC;PSMC1;PSMB9"
"Transport Of Ribonucleoproteins Into Host Nucleus R-HSA-168271",0.342794759825328,0.582302015598482,0.105920292736253,0.309764321829378,1.07955522527762,34,"AAAS;RNASE7;POM121C;NUP214;NUP50;NUP62;NUP188"
"Defective GALNT12 Causes CRCS1 R-HSA-5083636",0.344186046511628,0.58381557598702,0.109684061970549,0.380192830170359,1.0864379976653,17,"MUC5B;MUC5AC;MUC21;MUCL1;MUC17"
"Chondroitin Sulfate/Dermatan Sulfate Metabolism R-HSA-1793185",0.345372460496614,0.584977737880332,0.107554375265169,0.284990669210964,1.06667630353095,50,"XYLT1;B4GALT7;B3GAT3;BGN;B3GAT2;CSGALNACT2;HYAL3;SDC4;BCAN;CHST11;AGRN;HEXA;HSPG2;CHST3"
"PPARA Activates Gene Expression R-HSA-1989781",0.345945945945946,0.585099882491187,0.0937465422491719,-0.241915559143832,-1.05437920435724,112,"HMGCS1;CCNC;RORA;HMGCR;MED6;TRIB3;ARNT2;NCOA2;MED24;TBL1XR1;PLIN2;MED4;NR1H4;CDK8;ACOX1;G0S2;MED16;CYP7A1;CYP1A1;TIAM2;NR1D1;SREBF2;ACADM;AHR;CHD9;GLIPR1;CARM1;PPARGC1B;MUSK;TNFRSF21;HDAC3;APOA1;NR1H2;MED14;SMARCD3;MED8;ABCB4;MIA3;MED17;PPARA;SREBF1;MED29;THRAP3;MED19;SULT2A1;PPARG;CREBBP;MED22;TXNRD1;PPARGC1A;HMGCS2;MED12;GRHL1;ANGPTL4"
"Signaling By ERBB2 In Cancer R-HSA-1227990",0.347438752783964,0.586774275685798,0.106323255932708,0.33026698915343,1.06001197478646,25,"ERBIN;HSP90AA1;ERBB3"
"Signaling By PDGF R-HSA-186797",0.350467289719626,0.591033709686133,0.108820126769161,0.28215104388977,1.05827277170959,52,"PDGFB;PTPN11;NCK2;CRKL;COL6A2;COL9A2;CXXC1"
"GPCR Ligand Binding R-HSA-500792",0.353603603603604,0.5947335199375,0.105920292736253,0.197028546066425,1.02922567262678,447,"LPAR1;CCL3;WNT8A;DRD4;GPR4;SSTR4;CCR1;TAS1R3;DRD5;GALR3;GRM4;PF4;PRLH;P2RY4;UCN;TACR2;GALR2;APLN;PTH1R;GPR37;PTGER3;TAS2R60;GPBAR1;NMBR;PTGDR;LPAR2;NPFFR1;GNG5;TBXA2R;CXCR4;WNT9B;CXCR1;ACKR2;OPRL1;DHH;RHO;ANXA1;CCL5;C3;NMUR1;FZD2;OXER1;SSTR5;AVPR1B;INSL3;S1PR3;DHX34;HCRTR1;RGR;CCR7;TAS2R3;PTH2;S1PR5;PPBP;PRLHR;TAS2R38;ADGRE5;VIPR2;UCMA;HCRT;C3AR1;P2RY14;AGXT;XCR1;PROKR2;ADCYAP1R1"
"RNA Polymerase III Transcription Termination R-HSA-73980",0.353680430879713,0.5947335199375,0.0922597260527354,-0.348826467750048,-1.07652798351593,21,"POLR2K;POLR3G;POLR3C;POLR3E;POLR3F;POLR2H;POLR3B;POLR3GL;POLR3H;CRCP"
"Interleukin-20 Family Signaling R-HSA-8854691",0.354430379746835,0.595137054913032,0.0925528864684773,-0.336211998015759,-1.07153880116295,25,"IFNL1;STAT4;IL26;IL22;JAK2;SOCS3;STAT5A"
"Defective B3GALTL Causes PpS R-HSA-5083635",0.355072463768116,0.595358570714643,0.0925528864684773,-0.308203121004276,-1.07621410683186,37,"ADAMTS16;ADAMTSL3;THSD4;ADAMTS2;ADAMTS15;ADAMTS9;THSD7B;ADAMTS8;ADAMTS6;SPON2;ADAMTS1;ADAMTS17;ADAMTSL2;ADAMTSL4"
"Activation Of Pre-Replicative Complex R-HSA-68962",0.356363636363636,0.595827890775642,0.0925528864684773,-0.31581915845706,-1.06500823360243,32,"ORC4;RPA4;SLC25A2;CDK2;CDC45;RPA3;POLR1A;MCM6;POLR1B;ORC6"
"KEAP1-NFE2L2 Pathway R-HSA-9755511",0.35650623885918,0.595827890775642,0.0913924325943768,-0.243882501670828,-1.04211488452111,98,"FBXL17;PSMD7;VCP;PSMD2;PSMC5;GSR;PSMC4;GSK3B;AKT1;PSMD12;PSMF1;PSMC2;PSMD11;PSMB5;UBL4A;PSMA6;PSMA1;PSMC3;PSMA3;PSMA5;CSNK2B;PSMD8;PSMA7;RBX1;CUL3;GCLM;PSMC6;PSMD5;PSMB7;TKT;GSTA3;PSMB6"
"Thromboxane Signaling Thru TP Receptor R-HSA-428930",0.356884057971014,0.595827890775642,0.0922597260527354,-0.341609632518136,-1.07932839595244,24,"GNG3;GNB5;GNB1;GNB2;GNG2;GNG4"
"RNA Polymerase I Promoter Opening R-HSA-73728",0.357798165137615,0.596165709218491,0.106323255932708,0.326863599002331,1.07747103473843,29,"H2AC19;H2AJ;H4C15;H2BC17;H2AX;H3-3B;H2AB1;H2AC6;H2BC21"
"Signaling By Type 1 Insulin-like Growth Factor 1 Receptor (IGF1R) R-HSA-2404192",0.358108108108108,0.596165709218491,0.105125131597001,0.27743517362063,1.05507341885407,53,"FGF1;GAB2;PTPN11;IGF1;TLR9;FGF18;IGF1R"
"Assembly Of HIV Virion R-HSA-175474",0.359628770301624,0.596993989960164,0.106729884364606,0.376608766134017,1.07338980634464,16,"RPS27A;MVB12B;VPS37D;UBA52"
"PINK1-PRKN Mediated Mitophagy R-HSA-5205685",0.359550561797753,0.596993989960164,0.104732821580651,0.350535430725819,1.07013287361746,21,"RPS27A;MFN1;TOMM40;UBA52"
"Negative Regulation Of FGFR1 Signaling R-HSA-5654726",0.360619469026549,0.597788239139179,0.103576326612592,0.31005507743492,1.06304868745653,32,"FGF1;RPS27A;PTPN11;UBA52"
"Transport Of Mature mRNA Derived From An Intronless Transcript R-HSA-159231",0.361607142857143,0.598575227963526,0.103958471559957,0.2931589494603,1.05970118571073,41,"AAAS;RNASE7;POM121C;NUP214;NUP50;NUP62;NUP188"
"Signaling By ERBB2 KD Mutants R-HSA-9664565",0.362222222222222,0.598744098205855,0.103576326612592,0.330287699956542,1.05472624951078,24,"ERBIN;HSP90AA1;ERBB3"
"Anti-inflammatory Response Favoring Leishmania Infection R-HSA-9662851",0.367753623188406,0.605182730369143,0.0905428948469474,-0.224116862457192,-1.03480600730789,162,"CHGA;ITPR1;PRKAR2B;GNG3;GNAS;GNB5;GNB1;PRKAR1B;ADCY1;GPR83;PLK2;GNB2;FURIN;CREB1;PRKAR2A;CALM1;PRKACB;PTHLH;PRKAR1A;TAAR8;ADCY9;PTGER2;GNG2;GGT5;HRH2;GNG4;PRKCA"
"Diseases Of Mitotic Cell Cycle R-HSA-9675126",0.367032967032967,0.605182730369143,0.102080107662747,0.29601797684559,1.05280650708357,38,"CDKN1C;CDK4;ATRX;TFDP1;CCND1;E2F1;CCNE1;UBE2S;CCND2;ANAPC7;CCNE2;CDKN1B;CDK6"
"ESR-mediated Signaling R-HSA-8939211",0.367579908675799,0.605182730369143,0.104343952581949,0.220097282594036,1.03391956697052,185,"H2AC19;CTSD;HSP90AA1;RAD21;GATA3;CBFB;FKBP4;KDM1A;H2AJ;KAT2B;DAND5;KDM4B;AXIN1;PTK2;GNAI1;GNG5;POLR2J;POLR2L;CCND1;FKBP5;IGF1R;PTGES3;H4C15;H2BC17;H2AX;H3-3B;PRMT1;S1PR3;GPAM;CAV1;H2AB1"
"Senescence-Associated Secretory Phenotype (SASP) R-HSA-2559582",0.368191721132898,0.605182730369143,0.101350743797099,0.252949138010542,1.04274356544219,77,"RPS27A;H2AC19;RELA;H2AJ;CDK4;UBA52;H4C15;H2BC17;H2AX;H3-3B;H2AB1;MAPK7;UBE2S;H2AC6;H2BC21"
"Acyl Chain Remodelling Of PE R-HSA-1482839",0.371559633027523,0.609859482057833,0.103958471559957,0.325197337694153,1.07197838183567,29,"PLAAT3;PLA2G3;PLA2G12A;PLA2G5;PLBD1;PLAAT5;ABHD4;PLA2G4C;PLA2G4E;PLA2G2A"
"RHOQ GTPase Cycle R-HSA-9013406",0.375854214123007,0.616041949271839,0.102821842840815,0.266310485881434,1.0312595349325,58,"ARHGAP21;PREX1;JUP;ARHGAP5;PKN1;CDC42EP1;GJA1;CDC42EP2;CDC42;VAMP3;CAV1;CFTR;SYDE1;CDC42BPB;ARHGAP33;PLEKHG3;TRIP10;STEAP3;RHOQ"
"Constitutive Signaling By AKT1 E17K In Cancer R-HSA-5674400",0.376576576576577,0.61636025927751,0.0888945288620449,-0.324298727671225,-1.0469343628993,26,"GSK3A;GSK3B;AKT1;CREB1;NR4A1"
"PIP3 Activates AKT Signaling R-HSA-1257604",0.378427787934186,0.617381919756221,0.0894366833718621,-0.209022878989275,-1.02882763372199,266,"RBBP7;GSK3A;FGF13;CBX6;PSMD7;GRB2;PTEN;PPP2R1A;PSMD2;PSMC5;CD86;PSMC4;GSK3B;AKT1;PPP2CA;PPP2R5B;PSMD12;RNMT;PIK3R2;EGFR;CREB1;NR4A1;LAMTOR3;PSMF1;PSMC2;PSMD11;TRIB3;AGO4;PSMB5;MAPK3;CHD3;MTA2;PIP5K1C;TRIM27;HOXC13;PIK3R1;CD19;FLT3;PSMA6;PSMA1;PIP4K2B;PSMC3;STUB1;RRAGB;CNOT6L;NRG3;PSMA3;PSMA5;FGF8;CSNK2B;PSMD8;VAPA;IRAK1"
"Resolution Of D-loop Structures Thru Holliday Junction Intermediates R-HSA-5693568",0.378787878787879,0.617381919756221,0.0992333343771191,0.306227176876388,1.06326143550487,33,"XRCC2;BLM;EME2;BARD1;ATM;RAD51D;RAD51;MRE11"
"Transport Of Mature mRNAs Derived From Intronless Transcripts R-HSA-159234",0.377880184331797,0.617381919756221,0.103197466945307,0.291633419828487,1.05282155729487,42,"AAAS;RNASE7;POM121C;NUP214;NUP50;NUP62;NUP188"
"Resolution Of D-Loop Structures R-HSA-5693537",0.379912663755459,0.618351574062232,0.0995791200495904,0.302715008610878,1.05498776420042,34,"XRCC2;BLM;EME2;BARD1;ATM;RAD51D;RAD51;MRE11"
"Collagen Degradation R-HSA-1442490",0.381037567084079,0.618457358535633,0.0878312634480124,-0.294018840095822,-1.0498576280513,40,"CTSB;MMP12;MMP7;FURIN;COL14A1;MMP1;MMP10;TMPRSS6;PRSS2;COL12A1;COL23A1;MMP15;COL15A1;MMP14;COL26A1;COL13A1;ADAM9;COL19A1;COL17A1;ADAM17;MMP19;COL25A1"
"RNA Polymerase III Abortive And Retractive Initiation R-HSA-749476",0.38086642599278,0.618457358535633,0.0883594442500905,-0.29746325657387,-1.05480526297324,39,"POLR2K;POLR3G;POLR3C;POLR3E;POLR3F;GTF3C2;POLR2H;TBP;POLR3B;SNAPC1;BDP1;POLR3GL;POLR3H;CRCP;BRF2;SNAPC5"
"Paracetamol ADME R-HSA-9753281",0.382222222222222,0.619518518518519,0.10027910675413,0.330269076756509,1.04208616444287,23,"SULT1A4;ABCC3;SLC38A3;ABCC4;SLC38A1;ABCC1;GGT1;ABCC5;ACY1"
"Nuclear Envelope Breakdown R-HSA-2980766",0.383177570093458,0.620205581552102,0.103197466945307,0.273647720267043,1.0263790890391,52,"AAAS;NEK7;RNASE7;LMNA;POM121C;NUP214;NUP50;PLK1;BANF1;NUP62;NUP188"
"Cellular Senescence R-HSA-2559583",0.384105960264901,0.620847168461412,0.0995791200495904,0.222966098938354,1.02799375507988,160,"MAP4K4;RPS27A;H2AC19;RELA;CBX2;H2AJ;TINF2;DAND5;H3-4;PHC3;CDK4;TFDP1;UBA52;E2F1;H4C15;H2BC17;ATM;H2AX;H3-3B;CBX4;RBBP4;H2AB1;CCNE1;MAPK7;UBE2S;TERF1;H2AC6;H2BC21"
"Antigen Presentation: Folding, Assembly, Peptide Loading Of Class I MHC R-HSA-983170",0.388392857142857,0.623941727571492,0.0995791200495904,0.321848708501847,1.05800584199052,28,"ATG14;HLA-C;B2M;CALR;HLA-B"
"Class I Peroxisomal Membrane Protein Import R-HSA-9603798",0.392982456140351,0.623941727571492,0.0850427463764322,-0.341139500009699,-1.03904806318472,20,"FIS1;PEX19;ABCD3;ABCD2;GDAP1"
"DNA Methylation R-HSA-5334118",0.387527839643653,0.623941727571492,0.0995791200495904,0.308404117685385,1.04465934370188,31,"H2AC19;H2AJ;H4C15;H2BC17;H2AX;H3-3B;H2AB1;H2AC6;H2BC21"
"Diseases Associated With Glycosylation Precursor Biosynthesis R-HSA-5609975",0.388261851015801,0.623941727571492,0.10027910675413,0.371906426243454,1.05020585776925,15,"DPM2;DPM1;PMM2;NUS1;PGM1;GALK1;SRD5A3;GNE;DOLK"
"Extension Of Telomeres R-HSA-180786",0.395033860045147,0.623941727571492,0.0992333343771191,0.274821411082695,1.02861433223924,50,"BLM;POLD4;TINF2;CTC1;FEN1;RUVBL2;POLD2;TERF1;SLC19A1;POT1;POLD1;WRAP53;SHQ1;DKC1;CHTF8;DSCC1;NHP2;RFC4;RTEL1;TERT;STN1;GAR1"
"Formation Of Cornified Envelope R-HSA-6809371",0.395033860045147,0.623941727571492,0.0992333343771191,0.255484999926202,1.02725003458435,70,"PKP4;PCSK6;LCE1D;JUP;KLK14;PI3;LCE5A;LIPN;LCE3D;LCE4A;CELA2A;LCE3A;LORICRIN;LCE3E;TGM1;SPRR2A;CSTA;PERP;SPINK5"
"Impaired BRCA2 Binding To PALB2 R-HSA-9709603",0.388888888888889,0.623941727571492,0.0992333343771191,0.32282961754191,1.03090993635482,24,"XRCC2;BLM;BARD1;ATM;RAD51D;RAD51;MRE11"
"Molecules Associated With Elastic Fibres R-HSA-2129379",0.392857142857143,0.623941727571492,0.0988903007520636,0.319816188407912,1.05132438552808,28,"TGFB3;ITGB1;BMP7;BMP4"
"Other Semaphorin Interactions R-HSA-416700",0.391923990498812,0.623941727571492,0.102821842840815,0.357832670317377,1.04157288060611,19,"PLXNB3;ITGB1;SEMA4D;SEMA6A"
"RMTs Methylate Histone Arginines R-HSA-3214858",0.395196506550218,0.623941727571492,0.0972150808846466,0.274261223653382,1.02583691263934,48,"RPS2;H2AC19;H2AJ;CDK4;CCND1;H4C15;SMARCE1;H2AX;PRMT1;H2AB1;H2AC6"
"RND1 GTPase Cycle R-HSA-9696273",0.392605633802817,0.623941727571492,0.0852884689790502,-0.284826043436136,-1.03597051002359,42,"STMN2;PLEKHG5;RND1;PLXNA1;TXNL1;PIK3R2;TFRC;PIK3R1;FRS3;VANGL1;KIF14;RASAL2"
"Rap1 Signaling R-HSA-392517",0.392294220665499,0.623941727571492,0.0850427463764322,-0.367798863882631,-1.04546464247578,16,"RAP1GAP;RAP1GAP2;YWHAB;PRKACB;PRKCA"
"Regulation Of MECP2 Expression And Activity R-HSA-9022692",0.392405063291139,0.623941727571492,0.086794975677172,-0.311183978329424,-1.04487149240479,31,"CAMK2A;CAMK2G;CREB1;AGO4;CAMK2D;CALM1;TBL1XR1"
"Regulation Of Pyruvate Dehydrogenase (PDH) Complex R-HSA-204174",0.390542907180385,0.623941727571492,0.0852884689790502,-0.368753958614574,-1.0481794898299,16,"PDHB;PDK3;PPARD;PDK2;PDPK1;PDP2;DLAT;PDHA1"
"Signaling By Nuclear Receptors R-HSA-9006931",0.38716814159292,0.623941727571492,0.0992333343771191,0.208407877955464,1.03177819869964,255,"CRABP2;APOD;H2AC19;CTSD;SCD;HSP90AA1;RAD21;GATA3;CBFB;FKBP4;KDM1A;H2AJ;KAT2B;DAND5;KDM4B;AXIN1;PTK2;GNAI1;GNG5;POLR2J;POLR2L;CCND1;DHRS4;FKBP5;IGF1R;PTGES3;H4C15;H2BC17;PDHA2;ALDH1A1;H2AX;H3-3B;PLIN1;PRMT1;S1PR3;ALDH1A2;GPAM;CAV1;H2AB1;GTF2F2;APOC1"
"TCR Signaling R-HSA-202403",0.395644283121597,0.623941727571492,0.0865399737444125,-0.236859087386856,-1.02887121450193,111,"PSMD7;PTEN;PSMD2;PSMC5;PSMC4;PSMD12;PIK3R2;PSMF1;UBE2D1;PSMC2;PSMD11;PSMB5;PTPN22;EVL;UBE2D2;PIK3R1;UBE2N;PSMA6;PSMA1;PSMC3;PSMA3;PSMA5;ARHGEF7;PSMD8"
"Ub-specific Processing Proteases R-HSA-5689880",0.394077448747153,0.623941727571492,0.0999276973731092,0.218690316689441,1.02602557982288,183,"USP17L12;USP17L11;USP17L3;RPS27A;USP17L15;H2AC19;CCP110;FOXO4;USP18;GATA3;USP17L17;AXIN1;H2BC18;CDC20;SMAD7;UBA52;UFD1;ATXN7;PSMD10;MUL1;H2BC17"
"VxPx Cargo-Targeting To Cilium R-HSA-5620916",0.391382405745063,0.623941727571492,0.0865399737444125,-0.33872476921971,-1.04535270825917,21,"EXOC1;RAB11A;PTGES2;EXOC7;EXOC8;EXOC6"
"Leishmania Infection R-HSA-9658195",0.396330275229358,0.624180069085912,0.0870515867946735,-0.210457088838957,-1.02248419223419,241,"CHGA;ITPR1;PRKAR2B;GNG3;MYO5A;GNAS;CYFIP2;GNB5;GNB1;PRKAR1B;BAIAP2;GRB2;ADCY1;NCKAP1;GPR83;ARPC2;WASL;MAPK8;ACTR2;WASF1;PLK2;GNB2;FURIN;CREB1;VAV3;CTSG;MAPK3;PRKAR2A;CALM1;PRKACB;PTHLH;PRKAR1A;ENTPD1;TAAR8;ADCY9;MYO10;PTGER2;GNG2;GGT5;HRH2;GNG4;PRKCA;ABI2;MYH2;RXFP2;CD247;LHCGR;WIPF2;JUN"
"Signaling By ERBB2 ECD Mutants R-HSA-9665348",0.397291196388262,0.624811796548001,0.0988903007520636,0.365878376288952,1.03318358300759,15,"ERBIN;HSP90AA1"
"Signaling By FGFR3 R-HSA-5654741",0.397802197802198,0.624811796548001,0.0972150808846466,0.289302427525707,1.02892223458784,38,"FGF1;RPS27A;PTPN11;FGF18;UBA52"
"Signaling By FGFR4 R-HSA-5654743",0.399553571428571,0.625877876318313,0.0978773277424561,0.287039716594553,1.02588081774447,39,"FGF1;RPS27A;PTPN11;FGF18;UBA52"
"Visual Phototransduction R-HSA-2187338",0.399286987522282,0.625877876318313,0.0850427463764322,-0.239905647937826,-1.01885848417747,95,"GPC1;RDH11;GNB5;GNB1;NMT2;HSD17B6;LDLR;ABCA4;GPC5;CALM1;BCO1;SDC1;RBP1;GRK4;GUCA1C;GPC2;RCVRN;PRKCA;AWAT2;AKR1C3"
"FGFR1 Mutant Receptor Activation R-HSA-1839124",0.401360544217687,0.627692451187663,0.0985499803531691,0.316025979019837,1.05061328992318,30,"FGF1;GAB2;FGFR1OP2;MYO18A;ERLIN2"
"Positive Epigenetic Regulation Of rRNA Expression R-HSA-5250913",0.401805869074492,0.627692451187663,0.0982123351217438,0.256112071179516,1.02656304374226,69,"H2AC19;DEK;H2AJ;KAT2B;SF3B1;POLR2L;CHD4;H4C15;H2BC17;CBX3;H2AX;TAF1A;H3-3B;RBBP4;H2AB1;SMARCA5;H2AC6;H2BC21"
"SUMOylation Of DNA Replication Proteins R-HSA-4615885",0.402325581395349,0.627692451187663,0.0999276973731092,0.281168738728544,1.02380360760479,44,"AAAS;RNASE7;POM121C;NUP214;NUP50;AURKA;NUP62;NUP188;RANBP2;SUMO2;BIRC5"
"Defective HDR Thru Homologous Recombination (HRR) Due To BRCA1 Loss-Of-Function R-HSA-9701192",0.403118040089087,0.628089122542009,0.0972150808846466,0.318360868337588,1.02179855639307,25,"XRCC2;BLM;BARD1;ATM;RAD51D;RAD51;MRE11"
"Abortive Elongation Of HIV-1 Transcript In Absence Of Tat R-HSA-167242",0.403985507246377,0.628601449275362,0.0852884689790502,-0.329376216947144,-1.03196959819768,23,"SUPT4H1;POLR2K;POLR2G;NELFA;POLR2C;NELFB;POLR2H"
"PI3K/AKT Signaling In Cancer R-HSA-2219528",0.405529953917051,0.630164389109452,0.0988903007520636,0.236294873312268,1.01955468695423,105,"FGF1;GAB2;PRR5;FOXO4;PDGFB;RAC2;RNASE1;PTPN11;ERBB3"
"FRS-mediated FGFR4 Signaling R-HSA-5654712",0.406741573033708,0.631206669854172,0.0972150808846466,0.334027325743088,1.01973606840274,21,"FGF1;PTPN11;FGF18"
"Interleukin-6 Family Signaling R-HSA-6783589",0.409420289855072,0.634519891448698,0.0845557442441281,-0.327804344339709,-1.03571007220833,24,"CCM2;CLCF1;JAK2;SOCS3;IL31RA;IL6;LIF;OSMR;CNTF;IL11;IL31;CBL"
"Nuclear Events Stimulated By ALK Signaling In Cancer R-HSA-9725371",0.410926365795724,0.636009375177202,0.0999276973731092,0.352399118460952,1.02575699589664,19,"RPS6;KIF5B;NPM1"
"Biosynthesis Of DHA-derived SPMs R-HSA-9018677",0.411558669001751,0.636144326788137,0.0824344091527096,-0.363244610249606,-1.03251922144882,16,"GPX4;ALOX5;CYP2E1;CYP1A1;LTA4H;CYP2C9;CYP3A4;LTC4S"
"Termination Of O-glycan Biosynthesis R-HSA-977068",0.413333333333333,0.638042328042328,0.0956031492204301,0.317155958399107,1.01279192218269,24,"MUC5B;MUC5AC;MUC21;MUCL1;MUC17"
"FRS-mediated FGFR3 Signaling R-HSA-5654706",0.415676959619952,0.640812433126136,0.0992333343771191,0.350580642466435,1.02046380878144,19,"FGF1;PTPN11;FGF18"
"ER Quality Control Compartment (ERQC) R-HSA-901032",0.418981481481481,0.64505460275579,0.0972150808846466,0.33960691572241,1.01054643721666,20,"RPS27A;RNF185;UBA52"
"RUNX2 Regulates Bone Development R-HSA-8941326",0.419724770642202,0.645347572252239,0.0965629554309422,0.314939089865013,1.03816316063391,29,"SP7;CBFB;YES1;ABL1;UCMA;HDAC6"
"Constitutive Signaling By NOTCH1 HD+PEST Domain Mutants R-HSA-2894862",0.424593967517401,0.650547000209045,0.0965629554309422,0.264471233322861,1.00721605842853,56,"RPS27A;PSEN1;KAT2B;APH1B;RBPJ;HEYL;UBA52;PSENEN;HDAC10;CUL1;NCOR2;HDAC6;DLL1;HDAC7;JAG1"
"ISG15 Antiviral Mechanism R-HSA-1169408",0.424778761061947,0.650547000209045,0.0937465422491719,0.250705854456042,1.01683884905025,72,"RPS27A;USP18;AAAS;RNASE7;POM121C;NUP214;NUP50;UBA52;HERC5;NUP62;NUP188"
"PI-3K cascade:FGFR3 R-HSA-5654710",0.423887587822014,0.650547000209045,0.0972150808846466,0.34871788781288,1.00846855095471,18,"FGF1;PTPN11;FGF18"
"Pyruvate Metabolism R-HSA-70268",0.429590017825312,0.656551391567925,0.0810802057550866,-0.305644301428422,-1.02389307406761,30,"PDHB;LDHB;BSG;PDK3;GLO1;PPARD;VDAC1;PDK2;PDPK1"
"Selective Autophagy R-HSA-9663891",0.429824561403509,0.656551391567925,0.0925528864684773,0.25673272551684,1.00885739783532,60,"DYNC1LI2;RPS27A;MFN1;HSP90AA1;TOMM40;DYNLL2;UBA52;PLIN3;ATM;PRKAB2;CFTR;UBE2V1;HDAC6;NBR1;DYNC1I2;TOMM7"
"Signaling By Erythropoietin R-HSA-9006335",0.432971014492754,0.660493037794828,0.0815265143256594,-0.322982053885705,-1.02047386536553,24,"GRB2;RAPGEF1;PIK3R1;JAK2;STAT5A;CLSTN1"
"FRS-mediated FGFR1 Signaling R-HSA-5654693",0.437641723356009,0.665984179338104,0.0934449219410994,0.322379144878575,0.997082519330861,22,"FGF1;PTPN11"
"Metabolism Of Nitric Oxide: NOS3 Activation And Regulation R-HSA-202131",0.438282647584973,0.665984179338104,0.0802023444698144,-0.364861295636999,-1.01919547934437,15,"WASL;AKT1;DDAH2;CALM1"
"Signaling By FGFR2 R-HSA-5654738",0.437923250564334,0.665984179338104,0.0931454575337804,0.249436161189783,1.00292895975422,70,"FGF1;HNRNPA1;RPS27A;PTPN11;POLR2J;POLR2L;FGF18;UBA52;TIAL1"
"ADORA2B Mediated Anti-Inflammatory Cytokine Production R-HSA-9660821",0.43978102189781,0.666265557614777,0.0810802057550866,-0.228706045390885,-1.01496599293345,130,"CHGA;PRKAR2B;GNG3;GNAS;GNB5;GNB1;PRKAR1B;ADCY1;GPR83;GNB2;CREB1;PRKAR2A;PRKACB;PTHLH;PRKAR1A;TAAR8;ADCY9;PTGER2;GNG2;HRH2;GNG4;PRKCA"
"PI-3K cascade:FGFR4 R-HSA-5654720",0.439814814814815,0.666265557614777,0.0943563635421779,0.332308063309472,0.988827711948724,20,"FGF1;PTPN11;FGF18"
"Signaling By FLT3 ITD And TKD Mutants R-HSA-9703648",0.440180586907449,0.666265557614777,0.0928481214159878,0.356409814433229,1.0064458381776,15,"GAB2;PTPN11;BCL2L1;STAT5B;LONP1"
"Arachidonic Acid Metabolism R-HSA-2142753",0.441913439635535,0.667332245908094,0.0931454575337804,0.25874245964139,1.00195314395494,58,"FA2H;PTGDS;CBR1;PRXL2B;ALOX15;PTGES3;ALOXE3;HPGD;CYP2J2;CYP4F22;PON2;ABCC1"
"Cell-cell Junction Organization R-HSA-421270",0.442028985507246,0.667332245908094,0.080419996876154,-0.257415173944253,-1.00094595801881,59,"CADM3;CADM2;PRKCI;F11R;CLDN20;NECTIN3;CDH12;PARD6A;PATJ;CDH8;CADM1;CDH2;CLDN8;NECTIN1;CDH10;CDH18;NECTIN2;CLDN14;CDH11;CDH17"
"Signaling By FGFR1 R-HSA-5654736",0.444852941176471,0.670727884176927,0.0808589150280032,-0.267563697332525,-0.996297429941178,48,"FGF13;FLRT2;GRB2;PPP2R1A;PPP2CA;FLRT3;MAPK3;SPRED1;PIK3R1;FRS3;FGF8"
"NR1H2 And NR1H3-mediated Signaling R-HSA-9024446",0.447058823529412,0.673184060721063,0.0943563635421779,0.273578309508094,0.994493571233932,45,"APOD;SCD;KDM1A;PLIN1;APOC1;RXRB;RXRA;NCOR2;GPS2;AGO2;ABCG5;ABCG1;APOE;NCOR1"
"Energy Dependent Regulation Of mTOR By LKB1-AMPK R-HSA-380972",0.448763250883392,0.674682099061332,0.0782955249944794,-0.301501379308755,-1.00066028887364,29,"CAB39;LAMTOR3;PRKAG1;RRAGB;STK11;PRKAA2;LAMTOR5;STRADA;MLST8;SLC38A9;PRKAG2;PRKAG3;CAB39L;RRAGD"
"Phospholipase C-mediated Cascade; FGFR4 R-HSA-5654228",0.44920993227991,0.674682099061332,0.0916795246008379,0.352715571793593,0.996013871999025,15,"FGF1;FGF18;FGFR4;FGF16;FGF23;FGF4;FGF9"
"Transcriptional Regulation Of Pluripotent Stem Cells R-HSA-452723",0.451834862385321,0.677752293577982,0.0922597260527354,0.307728507615873,1.01439424436192,29,"ZIC3;CDX2;SOX2;DKK1;LIN28A;TDGF1;GATA6"
"Signal Amplification R-HSA-392518",0.455555555555556,0.682456140350877,0.0799858801499946,-0.300429674694635,-1.01057592623902,33,"GNG3;GNB5;GNB1;PLA2G4A;GNB2"
"CD28 Co-Stimulation R-HSA-389356",0.456331877729258,0.682742693987236,0.0888945288620449,0.28770916303717,1.0026911055564,34,"PRR5;RNASE1;MAP3K14;YES1;PKN1;CDC42;CD80;GRAP2"
"Biosynthesis Of Specialized Proresolving Mediators (SPMs) R-HSA-9018678",0.459130434782609,0.686050214329455,0.0762797180809272,-0.337460050192743,-1.00006485859701,18,"GPX4;ALOX5;CYP2E1;CYP1A1;LTA4H;CYP2C9;CYP3A4;LTC4S"
"Signaling By FGFR1 In Disease R-HSA-5655302",0.46,0.686470588235294,0.0894366833718621,0.282663783922984,0.9956476702068,36,"FGF1;GAB2;FGFR1OP2;MYO18A;ERLIN2"
"PI-3K cascade:FGFR1 R-HSA-5654689",0.460674157303371,0.686598648241422,0.0899860794997137,0.320835199258971,0.979462455563255,21,"FGF1;PTPN11"
"Sensory Perception Of Sweet, Bitter, And Umami (Glutamate) Taste R-HSA-9717207",0.461538461538462,0.687009419152276,0.0774767547848578,-0.282434571000948,-1.00849349889995,40,"SCN1B;SCN2B;GNB1;SCN2A;TAS2R46;SCN3A"
"Metabolism Of Cofactors R-HSA-8978934",0.462994836488812,0.687847095725113,0.0753093764172773,-0.332036180636497,-0.999773956085471,19,"AKT1;COQ6;CALM1;COQ3;PDSS1;GCH1;PTS"
"NCAM Signaling For Neurite Out-Growth R-HSA-375165",0.46384479717813,0.687847095725113,0.0764767053228531,-0.253831364164227,-0.98501407502274,57,"SPTBN2;GFRA2;GRB2;CACNB3;CREB1;CACNB1;PRNP;MAPK3;SPTAN1;RPS6KA5;GFRA1"
"Sphingolipid De Novo Biosynthesis R-HSA-1660661",0.463869463869464,0.687847095725113,0.0916795246008379,0.275256986026646,0.996657384578374,43,"DEGS2;FA2H;PLPP2;CERS4;CERS2;ACER2;KDSR;DEGS1;PLPP3;ALDH3B1;SGPL1"
"Generation Of Second Messenger Molecules R-HSA-202433",0.466517857142857,0.68954389473445,0.0888945288620449,0.303957527330194,0.999192574453008,28,"HLA-DPA1;HLA-DRB1;PKN1;LCP2;GRAP2;TARP"
"Semaphorin Interactions R-HSA-373755",0.465608465608466,0.68954389473445,0.0762797180809272,-0.247909936012929,-0.984220607833679,63,"RND1;PLXNA4;PLXNA1;CDK5R1;PLXNA2;GSK3B;ARHGEF11;RNMT;PIP5K1C;ARHGEF12;ITGA1;ARHGEF7;LIMK1;CRMP1;VPS72;MYH11"
"Synthesis, Secretion, And Inactivation Of Glucagon-like Peptide-1 (GLP-1) R-HSA-381771",0.466786355475763,0.68954389473445,0.0770736734944102,-0.321027554827305,-0.990736593127231,21,"GNB1;SPCS1;SPCS2;GPR119;DPP4"
"RNA Polymerase I Promoter Clearance R-HSA-73854",0.46800731261426,0.690473494084502,0.0778840111977068,-0.245047300953641,-0.992589100560644,73,"RBBP7;TAF1B;H2AC7;POLR1H;POLR2K;MNAT1;MAPK3;CHD3;MTA2;H2BC14;GTF2H5;H2BC11;POLR2H;GTF2H3;TBP;POLR1E;POLR1A;UBTF;CDK7;H2AZ1;H2AC4;GTF2H1;ERCC3;H2BC3;POLR1B"
"Diseases Of Programmed Cell Death R-HSA-9645723",0.469026548672566,0.691103513006168,0.0760837160951725,-0.244696150754325,-0.988114291836664,68,"PRDX2;RBBP7;DNMT3A;CDK5R1;H2AC7;CAPN1;CAPNS1;LMNB1;GSDME;CDC25A;H2BC14;ERC2;H2BC11;GOLGA2;JUN;APP;H2AZ1;H2AC4"
"P75 NTR Receptor-Mediated Signaling R-HSA-193704",0.470588235294118,0.691244883697714,0.0891647117820678,0.234031361241677,0.986872847702849,94,"MAG;RPS27A;PSEN1;RELA;RNASE1;PREX1;ARHGEF15;ARHGEF35;APH1B;UBA52;ARHGEF40;GNA13;SOS2;PSENEN;ARHGEF37;NGF;ARHGEF26;ARHGEF19"
"RNA Polymerase I Promoter Escape R-HSA-73772",0.470899470899471,0.691244883697714,0.0756946307932749,-0.255655172252638,-0.98812723484741,55,"TAF1B;H2AC7;POLR1H;POLR2K;MNAT1;H2BC14;GTF2H5;H2BC11;POLR2H;GTF2H3;TBP;POLR1E;POLR1A;UBTF;CDK7;H2AZ1;H2AC4;GTF2H1;ERCC3;H2BC3;POLR1B"
"Synthesis, Secretion, And Deacylation Of Ghrelin R-HSA-422085",0.470308788598575,0.691244883697714,0.0919686140000427,0.338858494945762,0.986343193273732,19,"GH1;UCN;IGF1;SEC11A"
"Signaling By Cytosolic FGFR1 Fusion Mutants R-HSA-1839117",0.472093023255814,0.692126329321024,0.0905428948469474,0.349518508578892,0.998783139695883,17,"GAB2;FGFR1OP2;MYO18A"
"Incretin Synthesis, Secretion, And Inactivation R-HSA-400508",0.472826086956522,0.69233129671049,0.0768736734126542,-0.314554155577892,-0.993845605808659,24,"GNB1;SPCS1;SPCS2;GPR119;DPP4"
"Blood Group Systems Biosynthesis R-HSA-9033658",0.474153297682709,0.693404634581105,0.0758886900606117,-0.315142503901435,-0.983128932094241,22,"FUT9;ST6GALNAC6;FUT11;ST3GAL3;B3GALT2;FUT1;FUT10;FUT6;ABO;FUT3;RHCE"
"FOXO-mediated Transcription Of Cell Death Genes R-HSA-9614657",0.477958236658933,0.695056581298392,0.0897104652742981,0.344148957131587,0.980874625519815,16,"FOXO4;NFYA;DDIT3;FOXO3;FOXO1"
"Pre-NOTCH Processing In Golgi R-HSA-1912420",0.478260869565217,0.695056581298392,0.0741758965588009,-0.334156673767726,-0.990275282985055,18,"FURIN;RAB6A;ATP2A2;ST3GAL3;B4GALT1"
"Regulation Of FZD By Ubiquitination R-HSA-4641263",0.477434679334917,0.695056581298392,0.0911073131586733,0.3383830265992,0.984959208589142,19,"RPS27A;LRP6;UBA52;LRP5;LGR6"
"Regulation Of Signaling By CBL R-HSA-912631",0.478260869565217,0.695056581298392,0.0741758965588009,-0.334067820131448,-0.990011964707382,18,"GRB2;PIK3R2;RAPGEF1;PIK3R1;CLSTN1"
"Resolution Of D-loop Structures Thru Synthesis-Dependent Strand Annealing (SDSA) R-HSA-5693554",0.477578475336323,0.695056581298392,0.0878312634480124,0.299794331986712,0.978269637169617,27,"XRCC2;BLM;BARD1;ATM;RAD51D;RAD51;MRE11"
"PI5P, PP2A And IER3 Regulate PI3K/AKT Signaling R-HSA-6811558",0.479545454545455,0.695191981931112,0.0883594442500905,0.226820344696121,0.981082509136019,106,"PIP4K2A;FGF1;GAB2;PDGFB;RAC2;RNASE1;PTPN11;ERBB3"
"Plasma Lipoprotein Assembly, Remodeling, And Clearance R-HSA-174824",0.479427549194991,0.695191981931112,0.0755015292281669,-0.244422549336699,-0.990054747797284,70,"CLTC;NCEH1;AP2M1;AP2A1;AP2S1;FURIN;LDLR;TRNP1;SOAT1;P4HB;PRKACB;CLTA;MBTPS1;SCGB1D1;PRKCA;ANGPTL3"
"Carboxyterminal Post-Translational Modifications Of Tubulin R-HSA-8955332",0.482222222222222,0.696785076634127,0.086794975677172,0.277893032141895,0.980929929039868,37,"NICN1;AGTPBP1;TTLL7;TTLL11;VASH1;TUBB8"
"Role Of Phospholipids In Phagocytosis R-HSA-2029485",0.481884057971014,0.696785076634127,0.0758886900606117,-0.312567564350416,-0.98756889660945,24,"ITPR1;PLD3;PRKCE;PIK3R2;PIK3R1;PLA2G6"
"Signaling By FLT3 Fusion Proteins R-HSA-9703465",0.482435597189696,0.696785076634127,0.0897104652742981,0.339486167521678,0.981771040129327,18,"GAB2;SPTBN1;MYO18A;ETV6;STAT5B;LONP1;GOLGB1"
"Spry Regulation Of FGF Signaling R-HSA-1295596",0.483069977426637,0.696838892035704,0.0875697115548511,0.345311730405653,0.975106576381286,15,"RPS27A;PTPN11;UBA52"
"Downstream Signaling Of Activated FGFR1 R-HSA-5654687",0.484848484848485,0.698540965207632,0.0747385227439092,-0.292747270437035,-0.980688667355619,30,"FGF13;FLRT2;GRB2;FLRT3;PIK3R1;FRS3;FGF8"
"Basigin Interactions R-HSA-210991",0.485523385300668,0.698650789945598,0.0865399737444125,0.302558525287124,0.971079975931504,25,"MAG;ITGB1;SLC16A1;SLC7A7;SLC16A3;CAV1;ITGA6"
"Constitutive Signaling By Ligand-Responsive EGFR Cancer Variants R-HSA-1236382",0.490697674418605,0.703222903885481,0.0883594442500905,0.344963846141507,0.985767748699959,17,"RPS27A;HSP90AA1;UBA52"
"FOXO-mediated Transcription Of Cell Cycle Genes R-HSA-9617828",0.490697674418605,0.703222903885481,0.0883594442500905,0.344806237759436,0.985317367415924,17,"FOXO4;PCBP4;CAV1;GADD45A;FOXO3;FOXO1;CDKN1B"
"FRS-mediated FGFR2 Signaling R-HSA-5654700",0.491111111111111,0.703222903885481,0.0857844408075645,0.303532365501861,0.969286938366264,24,"FGF1;PTPN11;FGF18"
"NR1H3 And NR1H2 Regulate Gene Expression Linked To Cholesterol Transport And Efflux R-HSA-9029569",0.491111111111111,0.703222903885481,0.0857844408075645,0.278711692421992,0.981726924362407,36,"APOD;KDM1A;APOC1;RXRB;RXRA;NCOR2;GPS2;AGO2;ABCG5;ABCG1;APOE;NCOR1"
"PI3K Cascade R-HSA-109704",0.493023255813954,0.703980311976169,0.0880945010398517,0.263318914300339,0.958808065328837,44,"FGF1;GAB2;PTPN11;TLR9;FGF18"
"Recognition Of DNA Damage By PCNA-containing Replication Complex R-HSA-110314",0.493119266055046,0.703980311976169,0.0873098257637931,0.298162941723338,0.982862375375756,29,"RPS27A;POLD4;UBA52;RAD18;POLE4;POLD2;SLC19A1;POLD1;CUL4A"
"Signaling By EGFR R-HSA-177929",0.493449781659389,0.703980311976169,0.0845557442441281,0.259439254586088,0.970397347451503,48,"RPS27A;PTPN11;CSK;SH3GL3;UBA52;PTPN3;ADAM12;CDC42;SH3GL1"
"Interleukin-3, Interleukin-5 And GM-CSF Signaling R-HSA-512988",0.495348837209302,0.705826731408127,0.0878312634480124,0.261860187408258,0.953496486732381,44,"GAB2;PTPN11;CRKL;IL2RA;YES1"
"Diseases Of Signal Transduction By Growth Factor Receptors And Second Messengers R-HSA-5663202",0.497277676950998,0.707711035368067,0.0743625384422526,-0.192842639358903,-0.992979777919694,421,"CLTC;CAMK2A;GSK3A;FBXW7;DCTN1;GCC2;FGF13;CCNC;ATIC;PSMD7;CAMK2G;GRB2;PTEN;PPP2R1A;VCP;PSMD2;PSMC5;CD86;MIB2;CNKSR2;AGTRAP;PSMC4;YWHAB;GSK3B;AKT1;PPP2CA;PPP2R5B;PSMD12;RNMT;PIK3R2;LMO7;EGFR;CREB1;ERLEC1;NR4A1;KLC1;PSMF1;PSMC2;POLR2K;PSMD11;PSMB5;MAPK3;BCL11A;PEBP1;CAMK2D;CALM1;JAG2;TGFBR1;CEBPB;OS9;PRKAR1A;CDC37;TBL1XR1;SPRED1;PIK3R1;EIF2AK3;POLR2G;CD19;FLT3;PSMA6;PSMA1;NF1;POLR2C;PSMC3;FRS3;HES5;NRG3;CDK8;PSMA3;JAK2;TRAK1;PSMA5;FGF8;POLR2H;STAT5A;PSMD8;FZD4;FIP1L1;CLSTN1;NEURL1;TRIP11"
"Glycosphingolipid Metabolism R-HSA-1660662",0.502325581395349,0.714024303883523,0.0870515867946735,0.260571971994775,0.94880578180672,44,"UGT8;GLTP;NAT8;CPTP;GM2A;ARSA;SMPD3;NEU2;HEXA;NEU3;ARSH;NEU4"
"RNA Polymerase I Transcription R-HSA-73864",0.503623188405797,0.714997884269544,0.0736212741014394,-0.238449560842441,-0.971219459850045,74,"RBBP7;TAF1B;H2AC7;POLR1H;POLR2K;MNAT1;MAPK3;CHD3;MTA2;H2BC14;GTF2H5;H2BC11;POLR2H;GTF2H3;TBP;POLR1E;POLR1A;UBTF;CDK7;H2AZ1;H2AC4;GTF2H1;ERCC3;H2BC3;POLR1B"
"DNA Damage/Telomere Stress Induced Senescence R-HSA-2559586",0.505694760820046,0.715328225305446,0.0855356947987884,0.247703035590586,0.959204127614584,58,"H2AC19;H2AJ;TINF2;H3-4;H4C15;H2BC17;ATM;H2AX;H2AB1;CCNE1;TERF1;H2AC6;H2BC21;HMGA2;POT1"
"Metabolism Of Steroids R-HSA-8957322",0.505415162454874,0.715328225305446,0.0732558655828455,-0.215500123931091,-0.989772998732301,153,"CHGA;ACACA;MVD;HMGCS1;HMGCR;SC5D;MSMO1;NCOA2;SEC24A;SEC23A;TBL1XR1;INSIG2;STARD3NL;CYP21A2;MBTPS1;NR1H4;IDI1;ELOVL6;KPNB1;SQLE;CYP24A1;TSPOAP1;CYP7A1;OSBPL7;STARD6;MVK;AKR1C3;SLC27A2;AKR1D1;LGMN;SREBF2;FDXR;VDR;ACOT8;CUBN;CHD9;HSD17B4;SERPINA6;DHCR24;CARM1;NSDHL;MBTPS2;FDX2;SLC51B;PMVK;AKR1B1;CYP51A1;STARD3;OSBPL6;SEC24B;HSD17B12;SEC24D;SLCO1B1;PTGIS;FDX1;SLC51A;LMBR1;GC;SMARCD3;LHB;CYP39A1;PPARA;SREBF1"
"Regulation Of RUNX1 Expression And Activity R-HSA-8934593",0.504651162790698,0.715328225305446,0.086794975677172,0.33865053620541,0.967726851393873,17,"PTPN11;CBFB;CCND1;CCND2;AGO2;CDK6;SRC"
"Metabolism Of Nucleotides R-HSA-15869",0.507142857142857,0.715641734323717,0.0725351864394589,-0.232077284032995,-0.982632150563557,94,"GMPS;ATIC;GMPR2;ENTPD6;GSR;ENTPD1;COASY;DTYMK;DCK;ENTPD4;NUDT16;AMPD1;AK7;NT5C2;NME2;TK2;ADPRM;ENTPD3;GDA;UPP1;UMPS;NUDT9;AK5;DPYS;HPRT1;ADA;NT5M;IMPDH2;GLRX;NT5C1A;ITPA;DGUOK;CTPS2;NME3;GUK1"
"Signal Transduction By L1 R-HSA-445144",0.506944444444444,0.715641734323717,0.0862865626267245,0.321678018560612,0.957196572089384,20,"RNASE1;ITGB1;NCAM1;PKN1"
"Negative Regulation Of MAPK Pathway R-HSA-5675221",0.508050089445438,0.716056104327085,0.0725351864394589,-0.272676220759108,-0.973649206489119,40,"PPP2R1A;YWHAB;PPP2CA;PPP2R5B;MAPK3;PEBP1;PAQR3"
"Integrin Cell Surface Interactions R-HSA-216083",0.510344827586207,0.718422694563454,0.0855356947987884,0.246883862613259,0.978957701541242,66,"COL16A1;JAM3;ITGB1;COL9A2;CD44;CXXC1;ITGAX;PECAM1;ITGA6;ITGA10;AGRN"
"Late Phase Of HIV Life Cycle R-HSA-162599",0.512773722627737,0.719239103733857,0.0730744399126987,-0.221616912561356,-0.984582574404422,131,"RNGTT;SUPT4H1;NMT2;VPS28;RNMT;NUP98;FURIN;POLR2K;MNAT1;NUP88;PDCD6IP;VTA1;TAF11;TAF9B;POLR2G;GTF2H5;NELFA;POLR2C;NELFB;CHMP5;GTF2A2;RCC1;POLR2H;GTF2H3;NEDD4L;PPIA;TBP;VPS37B;ELOA;TAF13;CDK7;GTF2H1;ERCC3;NDC1;GTF2A1;NELFE;GTF2B;NUP54;NUP43;TPR;CCNK;CDK9"
"PCNA-Dependent Long Patch Base Excision Repair R-HSA-5651801",0.512359550561798,0.719239103733857,0.0840745577910723,0.30940431676408,0.94456566037507,21,"POLD4;FEN1;POLE4;POLD2;SLC19A1;POLD1;POLE3;POLE2;RFC4"
"Phosphorylation Of APC/C R-HSA-176412",0.512280701754386,0.719239103733857,0.0711327399327894,-0.31513127420985,-0.959831799329506,20,"UBE2D1;CCNB1;ANAPC15;ANAPC4;ANAPC11;ANAPC16;CDC27;CDC16"
"ERBB2 Regulates Cell Motility R-HSA-6785631",0.513416815742397,0.719276619413418,0.072003313661988,-0.340260739673323,-0.950476830018296,15,"DIAPH1;EGFR;NRG3;NRG4"
"Inactivation Of APC/C Via Direct Inhibition Of APC/C Complex R-HSA-141430",0.515260323159785,0.72013029596104,0.072003313661988,-0.310705327675436,-0.958880735247901,21,"UBE2D1;MAD2L1;ANAPC15;BUB1B;ANAPC4;ANAPC11;ANAPC16;CDC27"
"TGF-beta Receptor Signaling Activates SMADs R-HSA-2173789",0.515151515151515,0.72013029596104,0.0857844408075645,0.265283584105668,0.960545441272603,43,"RPS27A;TGFB3;ITGB1;SMAD7;UBA52"
"Aberrant Regulation Of Mitotic Cell Cycle Due To RB1 Defects R-HSA-9687139",0.52,0.721693455919823,0.0826646449123753,0.272099787443026,0.958437319671732,36,"CDKN1C;CDK4;TFDP1;CCND1;E2F1;CCNE1;UBE2S;CCND2;ANAPC7;CCNE2;CDKN1B;CDK6"
"Bile Acid And Bile Salt Metabolism R-HSA-194068",0.52,0.721693455919823,0.0857844408075645,0.262738084579022,0.955087910667949,45,"HSD3B7;ABCC3;OSBPL1A;ACOX2;SLCO1A2;OSBPL9;SLCO1B3;BAAT;CYP27A1;CYP7B1;RXRA;STARD5;AKR1C1;SYCP2"
"DAP12 Signaling R-HSA-2424491",0.520089285714286,0.721693455919823,0.0828962134571565,0.285961492933004,0.940034625323689,28,"KLRC2;RNASE1;B2M;LCP2;GRAP2;TYROBP"
"Interactions Of Vpr With Host Cellular Proteins R-HSA-176033",0.517777777777778,0.721693455919823,0.0828962134571565,0.273973068327814,0.967092914860893,37,"AAAS;RNASE7;POM121C;NUP214;NUP50;BANF1;NUP62;NUP188"
"PI-3K cascade:FGFR2 R-HSA-5654695",0.52,0.721693455919823,0.0826646449123753,0.30206250465567,0.953086979834637,23,"FGF1;PTPN11;FGF18"
"RAC1 GTPase Cycle R-HSA-9013149",0.518987341772152,0.721693455919823,0.072003313661988,-0.207661243811021,-0.975280910192161,176,"ABR;ARHGAP44;ARHGEF25;CYFIP2;BAIAP2;NCKAP1;WASL;WASF1;NGEF;ARHGEF11;PIK3R2;TFRC;TMPO;ARHGAP26;VAV3;IQGAP2;GMIP;ARHGAP32;PIK3R1;SH3BP1;DOCK2;ARHGAP29;ECT2;DOCK8;YKT6;PARD6A;SWAP70;FARP1;VANGL1;MCAM;ARHGEF5;ARHGEF7;PLEKHG4;ARHGEF6;DOCK3;ABI2;KALRN;TIAM2;WIPF2;TRIO;NOXA1;MPP7;ARHGAP25;FAM13A;FMNL1;DOCK7;ALS2;OPHN1;SOS1;RAB7A;ARHGAP1"
"HDMs Demethylate Histones R-HSA-3214842",0.52572706935123,0.728441778427015,0.0824344091527096,0.290437195203752,0.941552993581457,26,"KDM1A;KDM4B;H4C15;JMJD6;PHF2;ARID5B;H3C13;UTY;KDM5A"
"Regulation Of TP53 Activity R-HSA-5633007",0.526200873362445,0.728441778427015,0.0810802057550866,0.211678130355273,0.973822173195258,155,"HIPK2;PIP4K2A;SGK1;RPS27A;PRR5;BLM;BARD1;KMT5A;BANP;TAF2;AURKA;UBA52;CHD4;BRD1"
"p130Cas Linkage To MAPK Signaling For Integrins R-HSA-372708",0.528216704288939,0.730365988039327,0.0826646449123753,0.33648254998028,0.950174345186231,15,"PTK2;RAP1A;RAP1B;CRK;SRC;FN1"
"Phospholipase C-mediated Cascade: FGFR1 R-HSA-5654219",0.533642691415313,0.736558871891973,0.0835990603684159,0.332233591661338,0.946914099412238,16,"FGF1;FGF3;FGF23;FGF4;FGF9"
"TP53 Regulates Transcription Of Genes Involved In G2 Cell Cycle Arrest R-HSA-6804114",0.533957845433255,0.736558871891973,0.0840745577910723,0.327192946986527,0.946219877619699,18,"TFDP1;AURKA;CDC25C;PRMT1;GADD45A"
"Budding And Maturation Of HIV Virion R-HSA-162588",0.536912751677852,0.738476018792524,0.0813027345384498,0.288282455787583,0.934567657745739,26,"RPS27A;MVB12B;VPS37D;UBA52"
"Epigenetic Regulation Of Gene Expression R-HSA-212165",0.536748329621381,0.738476018792524,0.0810802057550866,0.21779766430417,0.951925504216082,110,"JARID2;H2AC19;DEK;H2AJ;KAT2B;SF3B1;RRP8;POLR2L;CHD4;H4C15;H2BC17;TDG;CBX3;H2AX;TAF1A;H3-3B;SAP30BP;RBBP4;H2AB1;SMARCA5;H2AC6;H2BC21;SUDS3;PHF19;TET1;MYO1E;ARID4B"
"Protein Methylation R-HSA-8876725",0.5372460496614,0.738476018792524,0.0817515582532145,0.333839819220345,0.942711684880453,15,"RPS2;EEF2KMT;METTL22"
"Antiviral Mechanism By IFN-stimulated Genes R-HSA-1169410",0.543429844097996,0.739140592147274,0.080419996876154,0.229501971824839,0.950358481681061,80,"RPS27A;USP18;AAAS;RNASE7;POM121C;NUP214;NUP50;UBA52;HERC5;NUP62;NUP188"
"FGFR1 Ligand Binding And Activation R-HSA-190242",0.54292343387471,0.739140592147274,0.0826646449123753,0.32854843069761,0.936410854217471,16,"FGF1;FGF3;FGF23;FGF4;FGF9"
"Metal Ion SLC Transporters R-HSA-425410",0.540540540540541,0.739140592147274,0.0697792517076235,-0.290359077053863,-0.937366907142468,26,"SLC39A10;SLC40A1;HEPH;SLC39A14;SLC30A10;CP;SLC39A8;SLC39A1;SLC41A2;SLC30A2;SLC30A3;SLC30A7;SLC30A5;SLC41A1;SLC30A1;SLC31A1"
"N-glycan Trimming In ER And Calnexin/Calreticulin Cycle R-HSA-532668",0.539301310043668,0.739140592147274,0.0797705918628453,0.271692471374145,0.946871561606457,34,"RPS27A;RNF185;UBXN1;UBA52;CALR"
"Polo-like Kinase Mediated Events R-HSA-156711",0.542907180385289,0.739140592147274,0.0681513438679483,-0.331096603287164,-0.941138828778491,16,"LIN52;CDC25A;CCNB1;CENPF;CCNB2;WEE1"
"RAC2 GTPase Cycle R-HSA-9013404",0.540659340659341,0.739140592147274,0.0799858801499946,0.229078475642535,0.95817931051864,87,"ARHGAP21;ERBIN;RAC2;PREX1;ITGB1;DOCK10;STBD1;NCF1;ANKLE2;PKN1;CDC42EP1;CDC42;VAMP3;CAV1;SYDE1;DEF6;CYBA"
"Signaling By EGFR In Cancer R-HSA-1643713",0.54,0.739140592147274,0.0806388495950661,0.29737049309811,0.938282444164635,23,"RPS27A;HSP90AA1;UBA52"
"Signaling By FGFR2 IIIa TM R-HSA-8851708",0.541567695961995,0.739140592147274,0.0840745577910723,0.323351808213062,0.941206609309754,19,"FGF1;POLR2J;POLR2L;GTF2F2;FGFR2;POLR2I"
"Transport Of Inorganic Cations/Anions And Amino Acids/Oligopeptides R-HSA-425393",0.543057996485061,0.739140592147274,0.0683110858318647,-0.222966047019612,-0.964149067229217,104,"SLC17A7;SLC12A5;SLC4A4;SLC8A2;SLC1A4;SLC4A10;SLC1A1;SLC1A2;SLC4A9;CALM1;SLC43A2;SLC7A1;SLC9A7;SLC4A8;SLC20A2;SLC4A7;SLC17A1;SLC5A8;SLC43A1"
"Assembly Of ORC Complex At Origin Of Replication R-HSA-68616",0.544642857142857,0.739928072509563,0.080419996876154,0.270329737516773,0.945824364398159,35,"H2AC19;H2AJ;H4C15;H2BC17;H2AX;H3-3B;H2AB1;SLC25A15;H2AC6;H2BC21"
"Sema3A PAK Dependent Axon Repulsion R-HSA-399954",0.546409807355517,0.741465401376614,0.0678338263479455,-0.330239472253992,-0.93870244227177,16,"PLXNA4;PLXNA1;PLXNA2;ARHGEF7;LIMK1;VPS72;SEMA3A"
"Miscellaneous Transport And Binding Events R-HSA-5223345",0.547101449275362,0.741541685603191,0.0694481442003175,-0.301784504813195,-0.945521923412991,23,"TUSC3;ADD2;LRRC8B;MMGT1;NIPAL2;NIPAL4;ANKH"
"KSRP (KHSRP) Binds And Destabilizes mRNA R-HSA-450604",0.548837209302326,0.743026012471901,0.0822054920415869,0.329972365805104,0.94292813525585,17,"KHSRP;EXOSC6;EXOSC3;EXOSC2;YWHAZ"
"Synthesis Of Active Ubiquitin: Roles Of E1 And E2 Enzymes R-HSA-8866652",0.549469964664311,0.743026012471901,0.0679922591544058,-0.283621964280057,-0.941319861813149,29,"UBE2W;UBE2K;USP5;UBE2D1;UBA1;UBE2D2;UBA6"
"IRS-mediated Signaling R-HSA-112399",0.551801801801802,0.745315628128128,0.0802023444698144,0.252808266698313,0.934201340796003,47,"FGF1;GAB2;PTPN11;TLR9;FGF18"
"NoRC Negatively Regulates rRNA Expression R-HSA-427413",0.552772808586762,0.745623125993601,0.0683110858318647,-0.236363983613904,-0.957412827991026,70,"TAF1B;H2AC7;POLR1H;POLR2K;MNAT1;SIN3B;H2BC14;GTF2H5;H2BC11;POLR2H;GTF2H3;TBP;POLR1E;POLR1A;UBTF;CDK7;H2AZ1;H2AC4;GTF2H1;ERCC3;H2BC3;POLR1B"
"Potential Therapeutics For SARS R-HSA-9679191",0.554367201426025,0.745623125993601,0.0679922591544058,-0.227345095046641,-0.96551490519487,95,"ATP1A3;AP2M1;RBBP7;FXYD7;AP2A1;AP2S1;GRB2;ATP1B3;ATP1B1;FURIN;CHD3;MTA2;ZBP1;IFNAR1;JAK2;ATP1B2;IFNAR2;FXYD3;S1PR1;ATP1A2;RBX1;CUL3;ROCK2;IFNGR2;ARID4A"
"Regulation Of TNFR1 Signaling R-HSA-5357905",0.554585152838428,0.745623125993601,0.0782955249944794,0.268343413001936,0.935199805982291,34,"RPS27A;UBA52;TNF;OTUD7B;TRADD;CFLAR"
"Signaling By WNT In Cancer R-HSA-4791275",0.554112554112554,0.745623125993601,0.0778840111977068,0.268178064658558,0.931149863667641,33,"CTBP2;AXIN1;LRP6;PROC;DKK1;DKK4;TNKS2;LRP5"
"Downstream Signaling Of Activated FGFR3 R-HSA-5654708",0.56,0.748300376366569,0.0787113806986485,0.291412709762685,0.930584561484459,24,"FGF1;PTPN11;FGF18"
"Formation Of Fibrin Clot (Clotting Cascade) R-HSA-140877",0.561594202898551,0.748300376366569,0.0681513438679483,-0.267306254205158,-0.933406386939156,37,"KLKB1;F5;PROS1;F2R;SERPINE2;F13A1;F8;F9;TFPI"
"Negative Regulation Of MET Activity R-HSA-6807004",0.564912280701754,0.748300376366569,0.0662842187012672,-0.302500508282924,-0.921360813493687,20,"GRB2;RNMT;SH3GL2;PTPN2;USP8;HGS;STAM2;SOS1;STAM"
"Nonhomologous End-Joining (NHEJ) R-HSA-5693571",0.558951965065502,0.748300376366569,0.0778840111977068,0.249523510384962,0.933308851008929,48,"TP53BP1;BARD1;H3-4;H4C15;H2BC17;ATM;H2AX;POLL;DCLRE1C;H2BC21;BRCC3;PAXIP1;MRE11;TDP1;H2BC5;H2BC4;RNF8;NSD2;H2BC15"
"O-glycosylation Of TSR Domain-Containing Proteins R-HSA-5173214",0.564899451553931,0.748300376366569,0.0683110858318647,-0.266443636441592,-0.934114303037301,38,"ADAMTS16;ADAMTSL3;THSD4;ADAMTS2;ADAMTS15;ADAMTS9;THSD7B;ADAMTS8;ADAMTS6;SPON2;ADAMTS1;ADAMTS17;ADAMTSL2;ADAMTSL4"
"Peroxisomal Protein Import R-HSA-9033241",0.563758389261745,0.748300376366569,0.0787113806986485,0.239015333046123,0.941942179172182,62,"RPS27A;PEX6;UBA52;DHRS4;AGPS;ACOX2;PEX12;ACOT2;BAAT;AGXT;LONP2;ZFAND6;DECR2;SYCP2"
"Processing Of Capped Intron-Containing Pre-mRNA R-HSA-72203",0.562637362637363,0.748300376366569,0.0778840111977068,0.19827286856852,0.969960366251735,240,"NXF2;HNRNPA1;CASC3;SNRPC;AAAS;SNRPA1;RNASE7;POM121C;SF3B1;HNRNPA2B1;NUP214;PCF11;POLR2J;NUP50;POLR2L;ZC3H11A;THOC6;PCBP2;NUP62;LSM2;YBX1;POLDIP3;NUP188;SRRM1;PRPF31;PPWD1;PCBP1;GTF2F2;HNRNPC;CWC15;NXT1;SNRPG;SNRPB2;RANBP2;PTBP1;RBM8A;U2AF1;HNRNPH1;CSTF1;PRPF6;HNRNPUL1;THOC1;DDX46;HNRNPK;SRRM2;POLR2I;HNRNPM;PLRG1;HNRNPU;COLEC12;DDX23;HNRNPA3;NUP35;SUGP1"
"Purine Catabolism R-HSA-74259",0.562171628721541,0.748300376366569,0.066436413766281,-0.324942534643842,-0.923645949365968,16,"NUDT16;NT5C2;ADPRM;GDA;NUDT9;NT5C1A;ITPA"
"RHO GTPases Activate NADPH Oxidases R-HSA-5668599",0.561594202898551,0.748300376366569,0.0681513438679483,-0.296428628126856,-0.936577324685232,24,"PRKCB;PRKCZ;MAPK3;S100A9;PRKCA;PIK3R4;MAPK11;NOXA1;S100A8"
"RHOJ GTPase Cycle R-HSA-9013409",0.561717352415027,0.748300376366569,0.0675188953767744,-0.243927110661354,-0.936371727555716,54,"WASL;PIK3R2;TFRC;TMPO;OCRL;ARHGAP26;ARHGAP32;PIK3R1;DOCK8;SLC4A7;VANGL1;STOM;ARHGEF7;WIPF2;TRIO;MPP7;OPHN1;RAB7A;ARHGAP1;RHOJ"
"Regulation Of mRNA Stability By Proteins That Bind AU-rich Elements R-HSA-450531",0.561243144424132,0.748300376366569,0.0686325631836726,-0.230431804366946,-0.961496363324799,87,"HNRNPD;PSMD7;PSMD2;PSMC5;PSMC4;YWHAB;AKT1;PSMD12;PSMF1;PSMC2;PSMD11;PSMB5;PSMA6;PSMA1;PSMC3;PSMA3;PSMA5;PRKCA;PSMD8;MAPK11;EXOSC9;PARN;PSMA7;PSMC6;PSMD5;PSMB7;HSPA8"
"SCF(Skp2)-mediated Degradation Of P27/P21 R-HSA-187577",0.563055062166963,0.748300376366569,0.0670512579829467,-0.240450914710656,-0.935010987169008,58,"PSMD7;PSMD2;PSMC5;PSMC4;PSMD12;PSMF1;PSMC2;PSMD11;PSMB5;PSMA6;PSMA1;PSMC3;PSMA3;PSMA5;CDK2;PSMD8"
"Triglyceride Catabolism R-HSA-163560",0.563405797101449,0.748300376366569,0.0679922591544058,-0.297469255476574,-0.932001802970447,23,"FABP3;PRKACB;PNPLA4;FABP9;PRKCA;MGLL;GPD2;PPP1CB;PPP1CA"
"EGR2 And SOX10-mediated Initiation Of Schwann Cell Myelination R-HSA-9619665",0.56651376146789,0.749570929289147,0.0797705918628453,0.279555001299857,0.921523281993578,29,"MAG;SOX10;GJB1;SCD5"
"Defective Pyroptosis R-HSA-9710421",0.569196428571429,0.751416552197802,0.0780892306943345,0.260712836789389,0.931788469467345,39,"H2AC19;H2AJ;H4C15;H2BC17;H2AX;H3-3B;RBBP4;H2AB1;H2AC6;H2BC21"
"Platelet Aggregation (Plug Formation) R-HSA-76009",0.568888888888889,0.751416552197802,0.0778840111977068,0.264871153998341,0.932975366434948,36,"CSK;GP9;PTK2;RAP1A;RAPGEF4;RAP1B"
"Signaling By BMP R-HSA-201451",0.570143884892086,0.751816851603463,0.0670512579829467,-0.285618574868874,-0.927917336105121,27,"CHRDL1;ACVR2A;BMPR2;UBE2D1"
"Endogenous Sterols R-HSA-211976",0.573741007194245,0.755706270198288,0.0667426134241917,-0.284577545832673,-0.92453524202905,27,"ARNT2;NCOA2;CYP21A2;NR1H4;CYP7A1;FDXR;AHR;FDX2;CYP51A1;PTGIS;FDX1;MIA3;CYP39A1"
"Apoptotic Execution Phase R-HSA-75153",0.574912891986063,0.756396104788879,0.0650877566917313,-0.243094552728824,-0.932607130694812,52,"DNM1L;BCAP31;STK24;KPNA1;H1-3;LMNB1;SPTAN1;SATB1;H1-4;KPNB1;DBNL;H1-5;BMX"
"Drug ADME R-HSA-9748784",0.576233183856502,0.756427587807129,0.0776798560117236,0.225999016983668,0.935664685442934,82,"ACSM5;RNASE1;SULT1A4;SLCO2B1;SLC16A1;CES1;ABCC3;ACSM4;SLC38A3;GSTA1;ACSM2B;ABCC4;UGT2A3;SLCO1B3;SLC38A1;UGT2B10"
"Signaling By NTRK2 (TRKB) R-HSA-9006115",0.576086956521739,0.756427587807129,0.0668966276500666,-0.294705480460123,-0.923342611303023,23,"GRB2;CDK5R1;GRIN2B;PIK3R1;FRS3;DOCK3;SOS1;PIK3CA;CDK5"
"EML4 And NUDC In Mitotic Spindle Formation R-HSA-9648025",0.578231292517007,0.758197661086907,0.0780892306943345,0.221072818539329,0.93341548664114,95,"DYNC1LI2;RPS27;NDE1;AHCTF1;NEK7;B9D2;CDC20;DYNLL2;PLK1;RCC2;MAPRE1;CLASP2;BUB3;NUDC;RANBP2;BIRC5;DYNC1I2;TAOK1;PPP2R5A;CENPL"
"Response Of EIF2AK1 (HRI) To Heme Deficiency R-HSA-9648895",0.581395348837209,0.761490877769948,0.0658311958368866,-0.327174248951907,-0.9139213160648,15,"ATF5;ASNS;TRIB3;CEBPB"
"Pyroptosis R-HSA-5620971",0.583518930957684,0.763415462362799,0.0766746872490091,0.285713437114738,0.917014641624756,25,"CASP5;HMGB1;IL18;CASP1;CHMP6;CHMP2A"
"Downstream Signaling Of Activated FGFR4 R-HSA-5654716",0.588366890380313,0.76803597435551,0.0764767053228531,0.279113082226423,0.904841950197436,26,"FGF1;PTPN11;FGF18"
"Signaling By NODAL R-HSA-1181150",0.587962962962963,0.76803597435551,0.0782955249944794,0.301878478276507,0.898280354644083,20,"PCSK6;DAND5;CFC1;TDGF1;FOXO3"
"Heparan Sulfate/Heparin (HS-GAG) Metabolism R-HSA-1638091",0.589605734767025,0.768793175947618,0.0652353056017703,-0.240044367504924,-0.917109400989403,53,"GPC1;HS3ST5;HS6ST3;HS2ST1;HS3ST1;GPC5;IDS;SDC1;HS6ST2;GPC2;HS3ST3A1;HS6ST1;GLCE;HS3ST2"
"Antigen Activates B Cell Receptor Leading To Second Messenger Generation R-HSA-983695",0.593128390596745,0.772523249806252,0.0653834195468773,-0.270339209343294,-0.907725823927327,31,"ITPR1;GRB2;CALM1;PIK3R1;CD19"
"Circadian Clock R-HSA-400253",0.595446584938704,0.774677998465404,0.0636424081651019,-0.229309523092641,-0.915827213775064,65,"MEF2C;CRTC1;RORA;CREB1;NCOA2;TBL1XR1;NR1D1;CRY1;SERPINE1;PPP1CB;CHD9;HSD17B4;NRIP1;CARM1;PPP1CA;HDAC3;BTRC;SMARCD3;PPARA;SREBF1;MEF2D;ELOVL3;NR3C1;GDNF;CREBBP;RBM4;PPARGC1A;CRY2;SKP1"
"Endosomal Sorting Complex Required For Transport (ESCRT) R-HSA-917729",0.598214285714286,0.776547354203083,0.0755015292281669,0.270501505873992,0.889213366162298,28,"RPS27A;MVB12B;VPS37D;UBA52;VPS25;CHMP6;SNF8;CHMP2A"
"Intrinsic Pathway Of Fibrin Clot Formation R-HSA-140837",0.597845601436266,0.776547354203083,0.0646484568421928,-0.29408859860555,-0.907599151159352,21,"KLKB1;PROS1;SERPINE2;F8;F9"
"Sema4D Induced Cell Migration And Growth-Cone Collapse R-HSA-416572",0.598967297762478,0.776660929432014,0.0625237414724762,-0.301431917907083,-0.907623321285938,19,"RND1;ARHGEF11;ARHGEF12;LIMK1;MYH11;ROCK2"
"RUNX1 Regulates Transcription Of Genes Involved In Differentiation Of HSCs R-HSA-8939236",0.6,0.777136514983352,0.0642140881844605,-0.223920041507664,-0.948093790642924,94,"TAL1;PSMD7;PSMD2;PSMC5;H2AC7;PSMC4;GATA1;PSMD12;LDB2;PSMF1;PSMC2;PSMD11;MNAT1;PSMB5;H2BC14;PSMA6;PSMA1;PSMC3;H2BC11;PSMA3;PSMA5;PSMD8;PSMA7;CDK7;H2AZ1;H2AC4;PSMC6;H2BC3;PSMD5;PSMB7"
"Activated Point Mutants Of FGFR2 R-HSA-2033519",0.604651162790698,0.777363974929603,0.0770736734944102,0.317827385491357,0.90822267253621,17,"FGF1;FGF18;FGFR2;FGF3;FGF16;FGF23;FGF4;FGF9"
"Early Phase Of HIV Life Cycle R-HSA-162594",0.602708803611738,0.777363974929603,0.0756946307932749,0.318353689035348,0.898981263766905,15,"FEN1;CXCR4;BANF1"
"RA Biosynthesis Pathway R-HSA-5365859",0.603231597845601,0.777363974929603,0.0642140881844605,-0.292013355338196,-0.90119465592618,21,"RDH11;ALDH8A1;CRABP1;ADH1A;AKR1C3"
"Signaling By NOTCH R-HSA-157118",0.605504587155963,0.777363974929603,0.0650877566917313,-0.199477349606645,-0.949047374571835,198,"FBXW7;CCNC;PSMD7;PSMD2;PSMC5;DLGAP5;MIB2;H2AC7;CNTN1;PSMC4;AKT1;PSMD12;FURIN;EGFR;CREB1;NBEA;RAB6A;ATP2A2;PSMF1;PRKCI;PSMC2;PSMD11;AGO4;PSMB5;JAG2;TBL1XR1;H2BC14;PSMA6;PSMA1;PSMC3;H2BC11;HES5;CDK8;TLE2;PSMA3;PSMA5;ST3GAL3;PSMD8;NEURL1;JUN;PSMA7;RBX1;B4GALT1;H2AZ1;H2AC4;NCSTN;MAML2;PSMC6;H2BC3;MIB1;PBX1;PSMD5;PSMB7"
"Signaling By SCF-KIT R-HSA-1433557",0.601382488479263,0.777363974929603,0.0768736734126542,0.254984662087212,0.920516411263313,42,"GAB2;RNASE1;PTPN11;YES1;GRAP2;SOCS1;PTPN6;LCK;STAT5B;FES"
"Syndecan Interactions R-HSA-3000170",0.601754385964912,0.777363974929603,0.0632191170859458,-0.29400656704726,-0.895489833470937,20,"ACTN1;FGF13;SDC1;PRKCA"
"Translesion Synthesis By REV1 R-HSA-110312",0.604966139954853,0.777363974929603,0.0755015292281669,0.317227392334262,0.895800777199316,15,"RPS27A;UBA52;MAD2L2;SLC19A1"
"Transport Of Bile Salts And Organic Acids, Metal Ions And Amine Compounds R-HSA-425366",0.604910714285714,0.777363974929603,0.0749278818393739,0.223974068431,0.931211043532333,86,"SLC6A3;SLC44A1;SLC13A2;SLC6A20;SLC16A1;SLC6A9;SLC44A2;SLC39A4;SLC6A2;SLC39A2;SLC11A1;SLC16A3;SLC5A11;SLC6A6"
"NOTCH1 Intracellular Domain Regulates Transcription R-HSA-2122947",0.608695652173913,0.780602006688963,0.0758886900606117,0.245709341378077,0.903780639933223,46,"RPS27A;TLE4;KAT2B;RBPJ;HEYL;UBA52;HDAC10;CUL1;NCOR2;HDAC6"
"ABC Transporters In Lipid Homeostasis R-HSA-1369062",0.612173913043478,0.781438328646043,0.0619762736001998,-0.301612116492554,-0.893829294635004,18,"ABCA6;PEX19;ABCD3;ABCD2;ABCA5;ABCA7;ABCA3"
"CD209 (DC-SIGN) Signaling R-HSA-5621575",0.614035087719298,0.781438328646043,0.062249042949858,-0.29162423153493,-0.888233678437959,20,"CD209;RPS6KA5;PRKACB;ARHGEF7;PRKCA"
"Elevation Of Cytosolic Ca2+ Levels R-HSA-139853",0.613995485327314,0.781438328646043,0.0747385227439092,0.314812629326303,0.888981862340279,15,"P2RX7;ITPR3"
"Protein Ubiquitination R-HSA-8852135",0.612431444241316,0.781438328646043,0.0643583367917361,-0.227022436012204,-0.919577545606472,73,"UBE2W;LEO1;VCP;UBE2K;USP5;UBE2D1;UBE2V2;UBA1;UBE2D2;H2BC14;HLTF;UBE2N;H2BC11;UBA6"
"Regulation Of TP53 Activity Thru Acetylation R-HSA-6804758",0.6113074204947,0.781438328646043,0.0628003977812234,-0.274417904701018,-0.910772283761309,29,"RBBP7;AKT1;CHD3;MTA2;PIP4K2B;MEAF6;PIP4P1"
"Sensory Perception Of Taste R-HSA-9717189",0.612389380530973,0.781438328646043,0.0628003977812234,-0.24450494511546,-0.909876831477339,46,"SCN1B;SCN2B;GNB1;SCN2A;TAS2R46;SCN3A"
"Signaling By FGFR In Disease R-HSA-1226099",0.613333333333333,0.781438328646043,0.0739901439101341,0.231744196383676,0.913124727821967,61,"FGF1;GAB2;POLR2J;POLR2L;FGF18;FGFR1OP2;MYO18A;GTF2F2;ERLIN2;FGFR2;POLR2I;FGFR4;STAT5B;FGF3"
"Integrin Signaling R-HSA-354192",0.616591928251121,0.782984526952185,0.0741758965588009,0.274359891963612,0.895273603695196,27,"CSK;PTK2;RAP1A;RAPGEF4;RAP1B"
"Translesion Synthesis By POLH R-HSA-110320",0.615925058548009,0.782984526952185,0.0764767053228531,0.309121800914775,0.893959345166458,18,"RPS27A;UBA52;UFD1;SLC19A1;NPLOC4"
"Translesion Synthesis By POLI R-HSA-5656121",0.619489559164733,0.785809038636134,0.0756946307932749,0.312357657279382,0.890264793087875,16,"RPS27A;UBA52;MAD2L2;SLC19A1"
"Mitophagy R-HSA-5205647",0.621076233183857,0.78696630198215,0.0738052724171275,0.273315635182659,0.891866051939816,27,"RPS27A;MFN1;TOMM40;UBA52"
"Myogenesis R-HSA-525793",0.623853211009174,0.788772153031101,0.0747385227439092,0.265342195797556,0.874672282684254,29,"TCF7L1;SPAG9;MYOD1;CDC42;NEO1;ABL1;CTNNA1;TCF12;MEF2B;BNIP2"
"Regulation Of Complement Cascade R-HSA-977606",0.623255813953488,0.788772153031101,0.0755015292281669,0.244858946872082,0.891590844329161,44,"C4B;C1QB;C3;C1QC;SERPING1;CPNE1;HNRNPC;C3AR1;C1S;AKR1C1;C8G"
"Fatty Acid Metabolism R-HSA-8978868",0.626593806921676,0.78881874075253,0.0630790410571939,-0.20228229819447,-0.942270641882556,171,"ACACA;ECHS1;HACD3;ACSL6;ACSL4;ACSL3;GPX1;PLA2G4A;NDUFAB1;GPX4;ACSL5;PTGES2;ACOXL;HPGDS;ACADVL;HACD4;MCEE;ACSBG1;ACOT7;ALOX5;ACLY;GGT5;TECRL;ELOVL6;ACOT1;CYP4B1;ACOX1;PPARD;ACOT13;SLC25A1;ACAD11;CYP1A1;AKR1C3;ACBD4;CYP4F3;SLC27A2;HACD2;THEM5"
"GPVI-mediated Activation Cascade R-HSA-114604",0.626106194690266,0.78881874075253,0.0727141077934447,0.263263831858078,0.902621151141277,32,"RAC2;RNASE1;PTPN11;CDC42;LCP2;RHOG;RHOA;PTPN6;LCK"
"Negative Regulation Of TCF-dependent Signaling By WNT Ligand Antagonists R-HSA-3772470",0.625282167042889,0.78881874075253,0.0738052724171275,0.312020989564234,0.881098706191245,15,"LRP6;DKK1;DKK4;LRP5;WNT9A;SFRP2;KREMEN2;WNT4;SOST"
"Termination Of Translesion DNA Synthesis R-HSA-5656169",0.625835189309577,0.78881874075253,0.0730744399126987,0.265092797464115,0.897950617188149,31,"RPS27A;POLD4;UBA52;POLE4;POLD2;SLC19A1;POLD1"
"Phospholipase C-mediated Cascade; FGFR2 R-HSA-5654221",0.627634660421546,0.789277638698215,0.0755015292281669,0.306589121727746,0.88663500821949,18,"FGF1;FGF18;FGFR2;FGF3;FGF16;FGF23;FGF4;FGF9"
"Mitochondrial Fatty Acid Beta-Oxidation R-HSA-77289",0.628623188405797,0.789669817943558,0.0626618230932491,-0.259540200030542,-0.89661790730834,36,"ECHS1;NDUFAB1;ACADVL;MCEE;ACOT7;ACOT1;ACOT13;ACAD11;THEM5;ACADM;PCCB;PCTP"
"Chondroitin Sulfate Biosynthesis R-HSA-2022870",0.62962962962963,0.790083632019116,0.0747385227439092,0.295810436532241,0.880224073450556,20,"BGN;CSGALNACT2;BCAN;CHST11;CHST3;DCN;CSGALNACT1;NCAN;CHST12"
"HIV Life Cycle R-HSA-162587",0.631294964028777,0.791322473707393,0.0621124188949471,-0.204702617762127,-0.932688184786399,144,"RNGTT;SUPT4H1;NMT2;VPS28;RNMT;NUP98;FURIN;KPNA1;POLR2K;MNAT1;NUP88;PDCD6IP;VTA1;TAF11;TAF9B;POLR2G;GTF2H5;NELFA;POLR2C;NELFB;CHMP5;GTF2A2;RCC1;POLR2H;GTF2H3;NEDD4L;PPIA;TBP;VPS37B;ELOA;TAF13;CDK7;GTF2H1;ERCC3;NDC1;GTF2A1;NELFE;GTF2B;NUP54;NUP43;XRCC4;TPR;CCNK"
"Processive Synthesis On Lagging Strand R-HSA-69183",0.636568848758465,0.797077088520524,0.0728938564822936,0.30829123069284,0.870566447702544,15,"POLD4;FEN1;POLD2;POLD1"
"Mitotic Prometaphase R-HSA-68877",0.63943161634103,0.799803532979616,0.0609039347452418,-0.197809374027666,-0.934184111583157,183,"PRKAR2B;TUBA4A;YWHAG;DCTN3;HAUS3;HAUS8;DCTN1;CLIP1;TUBB4B;PPP2R1A;PPP2CA;PPP2R5B;NUP98;CETN2;DYNC1H1;DSN1;TUBGCP2;CEP63;CCNB1;MAD2L1;CENPQ;CENPE;CENPF;CEP290;ITGB3BP;BUB1B;HAUS7;SMC3;PRKCA;CSNK2B;CEP76;NCAPH"
"Amine Ligand-Binding Receptors R-HSA-375280",0.641083521444695,0.801011209342569,0.0725351864394589,0.24858778407139,0.890623854649902,40,"DRD4;DRD5;DHX34"
"Cell Cycle Checkpoints R-HSA-69620",0.645756457564576,0.805632467852318,0.062249042949858,-0.191489032631163,-0.939441387723001,264,"YWHAH;BABAM1;YWHAG;CLIP1;PSMD7;PPP2R1A;PSMD2;EXO1;PSMC5;ORC4;PSMC4;YWHAB;PPP2CA;PPP2R5B;PSMD12;NUP98;SLC25A2;DYNC1H1;PSMF1;UBE2D1;DSN1;PSMC2;UBE2V2;PSMD11;PSMB5;CDC25A;CCNB1;MAD2L1;H2BC14;CENPQ;CENPE;UBE2N;CENPF;PSMA6;PSMA1;ANAPC15;PSMC3;H2BC11;ITGB3BP;BUB1B;PSMA3;PSMA5;CDK2;CDC45;PSMD8;RPA3;DYNC1I1;CHEK2;CCNB2;ANAPC4;WEE1;PSMA7;POLR1A;HUS1;PSMC6;H2BC3;MCM6;MDC1;POLR1B;ANAPC11;PAFAH1B1;ANAPC16;PSMD5;PSMB7;ORC6"
"Recycling Of Bile Acids And Salts R-HSA-159418",0.646370023419204,0.805632467852318,0.0739901439101341,0.30373857050199,0.878391406831303,18,"ABCC3;SLCO1A2;SLCO1B3;BAAT;RXRA;STARD5;SLC27A5;SLC10A2;ALB"
"Vitamin B5 (Pantothenate) Metabolism R-HSA-199220",0.646853146853147,0.805632467852318,0.0596037042575973,-0.301044446395678,-0.874816598176477,17,"PPCS;COASY;PDZD11;AASDHPPT"
"Kinesins R-HSA-983189",0.647887323943662,0.806060242049311,0.0598603117764473,-0.249572773203881,-0.907747163935164,42,"KIFC2;KIFAP3;KLC1;KIF21A;KIF3C;CENPE;KIF3B;KIF27"
"Metabolism Of Fat-Soluble Vitamins R-HSA-6806667",0.649885583524027,0.807685277926028,0.0725351864394589,0.24066852858048,0.885239265028858,46,"APOC3;C1D;LRP2;APOM;APOB;LRP10;TTPA;SDC4;AGRN;GPIHBP1;HSPG2;AKR1C1"
"Growth Hormone Receptor Signaling R-HSA-982772",0.652173913043478,0.808903696470115,0.0609039347452418,-0.280101105670018,-0.877585601511113,23,"SH2B1;MAPK3;GH2;JAK2;SOCS3;STAT5A;GHR;SOCS2"
"Signaling By BRAF And RAF1 Fusions R-HSA-6802952",0.652252252252252,0.808903696470115,0.060640400949416,-0.226495855759916,-0.889556140806245,62,"CAMK2A;CAMK2G;CNKSR2;AGTRAP;YWHAB;MAPK3;PEBP1;CAMK2D;CALM1"
"Cytochrome P450 - Arranged By Substrate Type R-HSA-211897",0.657657657657658,0.814741493085442,0.0602484086158019,-0.225879729476996,-0.887136322056603,62,"ARNT2;NCOA2;CYP3A43;CYP21A2;NR1H4;CYP2E1;CYP4B1;CYP24A1;CYP7A1;CYP1A1;CYP4F3;FDXR;AHR;CYP2U1;CYP2C9;CYP3A4;FDX2;CYP51A1;PTGIS;CYP2F1;FDX1;CYP2C8;CYP3A5;MIA3;CYP39A1"
"SUMOylation Of DNA Methylation Proteins R-HSA-4655427",0.661896243291592,0.818255207543737,0.0596037042575973,-0.309392278979967,-0.864249554148817,15,"DNMT3A;PCGF2;SUMO1"
"Transport Of Vitamins, Nucleosides, And Related Molecules R-HSA-425397",0.661431064572426,0.818255207543737,0.0584693210386381,-0.243575578073134,-0.894110043414171,43,"SLC25A4;SLC25A5;SLC29A2;SLCO4C1;LCN15;PDZD11;SLC28A3;ARL2BP"
"Regulation Of Gene Expression In Late Stage (Branching Morphogenesis) Pancreatic Bud Precursor Cells R-HSA-210744",0.665914221218962,0.8223512128704,0.070619624712259,0.298821909195153,0.843826557761891,15,"KAT2B;RBPJ;ONECUT1"
"E3 Ubiquitin Ligases Ubiquitinate Target Proteins R-HSA-8866654",0.666666666666667,0.822410147991543,0.0704500850658419,0.231595558321094,0.880747434870618,53,"RPS27A;WAC;RNF144A;UBA52;RAD18;H2BC17;PEX12;HLA-B"
"APC/C:Cdc20 Mediated Degradation Of Cyclin B R-HSA-174048",0.668888888888889,0.822775282633094,0.0696133438850965,0.271465448679536,0.856545187249796,23,"RPS27A;CDC20;UBA52;UBE2S;ANAPC7"
"Intra-Golgi Traffic R-HSA-6811438",0.669051878354204,0.822775282633094,0.0590954798717342,-0.246349307852856,-0.879643290648276,40,"NSF;CYTH3;MAN1A1;STX5;RIC1;YKT6;COG7;TRIP11;COG6;GOSR2;VTI1A;COG3;MAN1A2;SNAP29;COG4;MAN1C1"
"mRNA Splicing - Minor Pathway R-HSA-72165",0.669077757685353,0.822775282633094,0.0596037042575973,-0.234503419270527,-0.880042078978339,49,"PRPF8;POLR2K;SNRNP200;SNRPB;SNRNP25;POLR2G;POLR2C;POLR2H;SF3B3;SNRNP35;DDX42"
"RAC3 GTPase Cycle R-HSA-9013423",0.672661870503597,0.826312003029156,0.0590954798717342,-0.215227857365041,-0.908813559520684,92,"ABR;BAIAP2;NCKAP1;WASF1;PIK3R2;TFRC;TMPO;OCRL;ARHGAP26;RAPGEF1;LMAN1;ARHGAP32;PIK3R1;SLITRK5;YKT6;SWAP70;VANGL1;MCAM"
"NS1 Mediated Effects On Host Pathways R-HSA-168276",0.674107142857143,0.827216651644885,0.0694481442003175,0.241562121299314,0.873190693427386,41,"AAAS;RNASE7;POM121C;NUP214;NUP50;NUP62;NUP188"
"APC-Cdc20 Mediated Degradation Of Nek2A R-HSA-179409",0.674832962138085,0.827237465141959,0.0692836467392548,0.269745842726663,0.865765676951422,25,"RPS27A;CDC20;UBA52;UBE2S;BUB3;ANAPC7"
"Activated TAK1 Mediates P38 MAPK Activation R-HSA-450302",0.676419965576592,0.828059990324141,0.0567672387487446,-0.281722434886468,-0.848277295277127,19,"NOD2;UBE2N;IRAK1;MAPK11;TAB3"
"Translesion Synthesis By Y Family DNA Polymerases Bypasses Lesions On DNA Template R-HSA-110313",0.676923076923077,0.828059990324141,0.0684714904492087,0.243460432403229,0.865882302767034,38,"RPS27A;POLD4;UBA52;UFD1;POLE4;POLD2;MAD2L2;SLC19A1;POLD1;NPLOC4"
"Cell Junction Organization R-HSA-446728",0.6784140969163,0.828340925305966,0.0684714904492087,0.213882889721051,0.890321270584263,83,"CLDN11;DST;ITGB1;JUP;CRB3;PLEC;CLDN5;FLNC;ITGB4;PARD6G;CD151;CLDN2;ITGA6;CLDN16;CDH24;LIMS2;CTNNA1;CLDN3;FERMT2;CLDN10;CLDN15;CDH19;CLDN7;FLNA;CLDN1;PARVA"
"Collagen Biosynthesis And Modifying Enzymes R-HSA-1650814",0.678733031674208,0.828340925305966,0.0697792517076235,0.221462855076921,0.884513917599804,67,"COL1A2;COL16A1;SERPINH1;COL6A2;COL9A2;COLGALT1;PPIB;P4HA1;COL5A2;ADAMTS3;COL4A5;COL6A1"
"Defective B3GALT6 Causes EDSP2 And SEMDJL1 R-HSA-4420332",0.680701754385965,0.828340925305966,0.0573667426768556,-0.281144140275957,-0.856313251385904,20,"GPC1;GPC5;SDC1;GPC2;GPC6;CSPG5;GPC4;GPC3"
"RHO GTPases Activate ROCKs R-HSA-5627117",0.68,0.828340925305966,0.0570059526582387,-0.286314314678219,-0.848494168300611,18,"LIMK1;VPS72;MYH11;ROCK2;PPP1CB;PPP1R12A;MYH14;RHOB;MYL12B;RHOC;MYL9;MYH9;PPP1R12B;MYH10"
"Separation Of Sister Chromatids R-HSA-2467813",0.679856115107914,0.828340925305966,0.0585937568945671,-0.198536700950975,-0.924213787644192,167,"CLIP1;PSMD7;PPP2R1A;PSMD2;PSMC5;PSMC4;PPP2CA;PPP2R5B;PSMD12;NUP98;DYNC1H1;PSMF1;UBE2D1;DSN1;PSMC2;PSMD11;PSMB5;MAD2L1;CENPQ;ESPL1;CENPE;CENPF;PSMA6;PSMA1;ANAPC15;PSMC3;ITGB3BP;BUB1B;SMC3;PSMA3;PSMA5"
"Cell-Cell Communication R-HSA-1500931",0.685352622061483,0.832264838653226,0.0584693210386381,-0.206537108706778,-0.906819165920308,117,"CADM3;PTK2B;ACTN1;CADM2;SIRPA;GRB2;WASL;SKAP2;PIK3R2;PRKCI;SPTAN1;F11R;CD47;PIK3R1;CLDN20;NECTIN3;CDH12;PARD6A;PATJ;ARHGEF6;CDH8;CADM1;CDH2;CLDN8;KIRREL1;ACTN2;NECTIN1;CDH10;LAMA4;CDH18;NECTIN2"
"Diseases Associated With O-glycosylation Of Proteins R-HSA-3906995",0.684955752212389,0.832264838653226,0.0574877409561325,-0.217451156189485,-0.878095526001811,68,"B4GAT1;ADAMTS16;ADAMTSL3;THSD4;MUC4;GALNT12;ADAMTS2;ADAMTS15;ADAMTS9;THSD7B;MUC15;MUC1;POMGNT1;ADAMTS8;LARGE1;MUC7;ADAMTS6;MUC16;C1GALT1C1;SPON2;POMT2;ADAMTS1;ADAMTS17;ADAMTSL2;ADAMTSL4;NOTCH3"
"Defects Of Contact Activation System (CAS) And Kallikrein/Kinin System (KKS) R-HSA-9651496",0.686940966010733,0.832461170648521,0.0578529757032509,-0.302975223163918,-0.846324292257172,15,"KLKB1;TPST2;F8;F9"
"Diseases Of Glycosylation R-HSA-3781865",0.686813186813187,0.832461170648521,0.0589694466690997,-0.202074128966814,-0.914280212151551,140,"GPC1;B4GAT1;ALG13;GALE;ALG8;CTSA;ADAMTS16;GPC5;ADAMTSL3;MAN1B1;THSD4;EGFL7;DPM3;SDC1;MUC4;GPC2;GALNT12;ST3GAL3;ACAN;ADAMTS2;HEXB;ADAMTS15;DPAGT1;ADAMTS9;B4GALT1;THSD7B;OMD;MUC15;FMOD;MUC1;GPC6;CHSY1;LUM;POMGNT1;ADAMTS8;CSPG5;LARGE1;MUC7;GPC4;ADAMTS6;MUC16;C1GALT1C1;SPON2;GPC3;POMT2;ADAMTS1;ADAMTS17;ADAMTSL2;MOGAT2;ADAMTSL4;NOTCH3;CHST6"
"Collagen Formation R-HSA-1474290",0.691629955947137,0.832953724035406,0.0675188953767744,0.211399619060794,0.886621130105182,90,"COL1A2;COL16A1;DST;SERPINH1;COL6A2;COL9A2;PLEC;COLGALT1;PPIB;ITGB4;P4HA1;COL5A2;CD151;ITGA6;ADAMTS3"
"Downstream Signaling Of Activated FGFR2 R-HSA-5654696",0.690366972477064,0.832953724035406,0.0696133438850965,0.256094151531706,0.844187089916244,29,"FGF1;PTPN11;FGF18"
"FGFR2 Mutant Receptor Activation R-HSA-1839126",0.69047619047619,0.832953724035406,0.0667426134241917,0.247691194835966,0.86001673029012,33,"FGF1;POLR2J;POLR2L;FGF18;GTF2F2;FGFR2;POLR2I;FGF3;FGF16"
"Metabolism Of Amine-Derived Hormones R-HSA-209776",0.690866510538642,0.832953724035406,0.070619624712259,0.296506453199744,0.85747661263513,18,"DUOX1;DIO3;AANAT;ASMT"
"Nephrin Family Interactions R-HSA-373753",0.691622103386809,0.832953724035406,0.0573667426768556,-0.269726122795748,-0.841446494139177,22,"ACTN1;WASL;PIK3R2;SPTAN1;PIK3R1;KIRREL1;ACTN2;NCK1;PIK3CA;CASK;PIK3CB;KIRREL3"
"Sulfur Amino Acid Metabolism R-HSA-1614635",0.690217391304348,0.832953724035406,0.0582216241124161,-0.271074629005783,-0.856470417275723,24,"GOT2;TSTD1;SQOR;CDO1;GADL1;BHMT2;ENOPH1"
"SHC-mediated cascade:FGFR3 R-HSA-5654704",0.693023255813954,0.833771277871014,0.070113215764256,0.294711135169452,0.842165738474597,17,"FGF1;FGF18"
"EPHB-mediated Forward Signaling R-HSA-3928662",0.693877551020408,0.833939342987452,0.0687943095604775,0.257255610225876,0.85523400275152,30,"RNASE1;PTK2;YES1;ARPC5;PKN1;CDC42;ACTR3;ARPC3;RHOA"
"Acyl Chain Remodelling Of PS R-HSA-1482801",0.696145124716553,0.834944872090666,0.0686325631836726,0.270809173617906,0.837582385146388,22,"PLAAT3;PLA2G12A;PLA2G5"
"Canonical Retinoid Cycle In Rods (Twilight Vision) R-HSA-2453902",0.695652173913043,0.834944872090666,0.0578529757032509,-0.274831005872197,-0.861073836268235,23,"RDH11;HSD17B6;ABCA4;RBP1;RBP4;RBP3"
"RHOV GTPase Cycle R-HSA-9013424",0.697463768115942,0.835667574323721,0.0577308549299813,-0.248830022695812,-0.859618102316141,36,"CLTC;WASL;TXNL1;SPTAN1;PIK3R1;PARD6A;VANGL1;ARHGEF7"
"Insulin Receptor Signaling Cascade R-HSA-74751",0.698198198198198,0.835689535689536,0.0681513438679483,0.227054956844815,0.86347973279553,53,"FGF1;GAB2;PTPN11;TLR9;FGF18"
"Apoptotic Cleavage Of Cellular Proteins R-HSA-111465",0.701098901098901,0.837443620862249,0.0667426134241917,0.240348967590799,0.854816182945546,38,"LMNA;PTK2;PLEC;PROC;FNTA;CASP6;GSN;VIM"
"Xenobiotics R-HSA-211981",0.700534759358289,0.837443620862249,0.0567672387487446,-0.268904507702308,-0.838883356639771,22,"ARNT2;CYP3A43;CYP2E1;CYP1A1;AHR;CYP2C9;CYP3A4;CYP2F1;CYP2C8;CYP3A5;MIA3"
"Death Receptor Signaling R-HSA-73887",0.702222222222222,0.837927743694615,0.0672065093710464,0.199680618121864,0.902338417490705,138,"MAG;RPS27A;PSEN1;RELA;RNASE1;PREX1;ARHGEF15;ARHGEF35;APH1B;UBA52;ARHGEF40;TNF;OTUD7B;GNA13;TRADD;SOS2;PSENEN;ARHGEF37;NGF;CFLAR;ARHGEF26;ARHGEF19;SMPD3"
"Metabolism Of Angiotensinogen To Angiotensins R-HSA-2022377",0.704918032786885,0.840285336325123,0.0696133438850965,0.291679069876231,0.843516146495294,18,"CTSD;KCTD11;CES1;AGXT"
"Diseases Of Carbohydrate Metabolism R-HSA-5663084",0.710176991150443,0.843132901544503,0.066436413766281,0.247473430937437,0.848482495803104,32,"RPS27A;PMEL;UBA52;HGSNAT;TALDO1;GAA;NHLRC1"
"Negative Epigenetic Regulation Of rRNA Expression R-HSA-5250941",0.709323583180987,0.843132901544503,0.0573667426768556,-0.21799807407458,-0.883023446606237,73,"TAF1B;H2AC7;POLR1H;POLR2K;MNAT1;SIN3B;H2BC14;GTF2H5;H2BC11;POLR2H;GTF2H3;TBP;POLR1E;POLR1A;UBTF;CDK7;H2AZ1;H2AC4;GTF2H1;ERCC3;H2BC3;POLR1B"
"O-linked Glycosylation Of Mucins R-HSA-913709",0.708045977011494,0.843132901544503,0.0684714904492087,0.225139158550386,0.865159146418257,57,"MUC5B;GALNTL5;MUC5AC;MUC21;B3GNT6;B3GNT9;GALNT2"
"Signaling By Retinoic Acid R-HSA-5362517",0.710196779964222,0.843132901544503,0.0562940749700968,-0.241829130644298,-0.863503023851079,40,"PDHB;RDH11;PDK3;ALDH8A1;CRABP1;ADH1A;PPARD;PDK2;AKR1C3;PDPK1;RARA"
"Factors Involved In Megakaryocyte Development And Platelet Production R-HSA-983231",0.711678832116788,0.844033736870215,0.0571258510018113,-0.203930481939243,-0.905015447830002,130,"PRKAR2B;PRKAR1B;CABLES1;KIFC2;MICAL1;GATA1;KIFAP3;SH2B1;KLC1;RBSN;PRKAR2A;PRKACB;PRKAR1A;KIF21A;KIF3C;DOCK2;DOCK8;CENPE;KIF3B;KIF27;JAK2;PRKCA;CDK2;RAD51B;EHD3;DOCK3;CAPZA2;WEE1;KIF20A"
"Tristetraprolin (TTP, ZFP36) Binds And Destabilizes mRNA R-HSA-450513",0.713953488372093,0.845871797898713,0.0686325631836726,0.289836971303062,0.828237341063945,17,"EXOSC6;EXOSC3;EXOSC2"
"TP53 Regulates Transcription Of DNA Repair Genes R-HSA-6796648",0.715579710144927,0.846938663021431,0.0565299525056311,-0.221894819949836,-0.868364182823694,61,"SUPT4H1;POLR2K;MNAT1;FOS;POLR2G;GTF2H5;NELFA;POLR2C;NELFB;POLR2H;GTF2H3;JUN;ELOA;CDK7;GTF2H1;ERCC3;MDC1;NELFE;CCNK;CDK9"
"Glycogen Metabolism R-HSA-8982491",0.717777777777778,0.846963262554769,0.066132620475844,0.261715255516455,0.82578075269941,23,"RPS27A;UBA52;PHKA2;PGM1;GAA;NHLRC1;PHKG1"
"Lagging Strand Synthesis R-HSA-69186",0.717592592592593,0.846963262554769,0.0681513438679483,0.276633765950035,0.823161289280501,20,"POLD4;FEN1;POLD2;SLC19A1;POLD1"
"Retinoid Metabolism And Transport R-HSA-975634",0.716589861751152,0.846963262554769,0.0679922591544058,0.233666566967347,0.8435562668606,42,"APOC3;C1D;LRP2;APOM;APOB;LRP10;SDC4;AGRN;GPIHBP1;HSPG2;AKR1C1"
"Assembly Of Collagen Fibrils And Other Multimeric Structures R-HSA-2022090",0.719540229885058,0.84818530128875,0.0676760401641789,0.223652277354215,0.859445396421197,57,"COL1A2;DST;COL6A2;COL9A2;PLEC;ITGB4;COL5A2;CD151;ITGA6;COL4A5;COL6A1;MMP28;CTSL"
"Listeria Monocytogenes Entry Into Host Cells R-HSA-8876384",0.721311475409836,0.84855896351137,0.0684714904492087,0.288695971953196,0.834889229021498,18,"RPS27A;SH3GL3;UBA52;SH3GL1"
"Unattached Kinetochores Signal Amplification Via A MAD2 Inhibitory Signal R-HSA-141444",0.720982142857143,0.84855896351137,0.066132620475844,0.208260142880219,0.874451332388818,91,"DYNC1LI2;RPS27;NDE1;AHCTF1;B9D2;CDC20;DYNLL2;PLK1;RCC2;MAPRE1;CLASP2;BUB3;NUDC;RANBP2;BIRC5;DYNC1I2;TAOK1;PPP2R5A;CENPL"
"Cell-extracellular Matrix Interactions R-HSA-446353",0.729119638826185,0.856880783998145,0.066132620475844,0.278947778366055,0.787705105853642,15,"ITGB1;FLNC;LIMS2;FERMT2;FLNA;PARVA"
"Signaling By Interleukins R-HSA-449147",0.731981981981982,0.859379248463756,0.0658311958368866,0.176867695275718,0.923910652899651,447,"CCL3;AURKAIP1;GAB2;S100B;RPS27A;COL1A2;CCR1;RELA;HSP90AA1;USP18;RHOU;PTPN11;GATA3;SNRPA1;CRKL;RPLP0;ITGB1;IL2RA;SOCS5;STX4;TIMP1;HMGB1;BOLA2B;ZEB1;CSF1R;YES1;HNRNPA2B1;SOX2;TOX4;IL36RN;ALOX15;UBA52;CCND1;CRLF2;PSMD10;SIGIRR;ITGAX;TNF;IL32;STAT2;HMOX1;CSF3R;ANXA1;CCL5;IL6ST;BATF;IL12B;IL25;NFKBIB;RAP1B;SOS2;IL1F10;RAG2;LAMA5;IL17RA;BCL2L1;CDC42;IL18;DUSP6;CD80;VIM;TWIST1;FSCN1;MAPK7;UBE2V1;CASP1;IRF4;NFKB2;IL1RL2;CUL1;CCR2;IL33;TALDO1;IL2RB;LIFR;BIRC5;TXLNA;FOXO3;IL36A;PTPN18;PSMD14;FBXW11;SOCS1;CCL19;NOD1;TNIP2;IL22RA2;PSME2;PTPN6;CEBPD;PELI1;IRS1;TNFRSF1B;CCL2;YWHAZ;IL21R;HNRNPDL;LCK;H3C13;IL9R;PDCD4;IL13;MMP2;STAT5B;PTPN13"
"Collagen Chain Trimerization R-HSA-8948216",0.734883720930233,0.859621946595895,0.0672065093710464,0.232043824004275,0.844927872181939,44,"COL1A2;COL16A1;COL6A2;COL9A2;COL5A2;COL4A5;COL6A1"
"Glycerophospholipid Biosynthesis R-HSA-1483206",0.734290843806104,0.859621946595895,0.0549073703290958,-0.201565981757572,-0.893632263035653,126,"PITPNM2;PLD3;GPD1L;LIPI;PTDSS1;PLA2G4A;CPNE6;OSBPL10;LPCAT4;PITPNM1;SELENOI;CRLS1;PLA2G6;DDHD1;LCLAT1;PISD;AGPAT4;PLAAT4;CSNK2B;PCYT1B;CDIPT;MGLL;AWAT2;MIGA1;CHEK2;LPIN2;PNPLA3;PLA2G4B;PCYT1A;GPD2;PITPNM3;ABHD3;LPGAT1"
"Macroautophagy R-HSA-1632852",0.735135135135135,0.859621946595895,0.0550211117163117,-0.203920373388609,-0.888778720172676,112,"ATG4D;ULK1;MAP1LC3A;VCP;WIPI2;PINK1;EPAS1;AMBRA1;DYNC1H1;GABARAPL1;LAMTOR3;PLIN2;ATG9A;ATG5;PRKAG1;UBE2N;ATG4A;RRAGB;GABARAPL2;MTERF3;CSNK2B;BECN1;DYNC1I1;PIK3R4;VDAC1;TOMM20;PRKAA2;ATG16L1;PARK7;TOMM22;LAMTOR5"
"Translesion Synthesis By POLK R-HSA-5655862",0.733178654292343,0.859621946595895,0.0672065093710464,0.285690831224725,0.814260456947572,16,"RPS27A;UBA52;MAD2L2;SLC19A1"
"Disorders Of Transmembrane Transporters R-HSA-5619115",0.740540540540541,0.860427126126396,0.0546808488785442,-0.193740070741016,-0.906819596026698,174,"SLC4A4;PSMD7;SLC1A1;BSG;VCP;PSMD2;PSMC5;PSMC4;PSMD12;NUP98;ERLEC1;PSMF1;PSMC2;SLC40A1;PSMD11;NUP88;PSMB5;OS9;SLC9A7;SLC20A2;HEPH;ABCC8;PSMA6;PSMA1;PSMC3;PSMA3;PSMA5;PSMD8;PSMA7;ABCB6;CP;PSMC6;SLC3A2;NDC1;ABCA3;SLC26A4;PSMD5;PSMB7;NUP54;NUP43;RNF5;TPR;PSMB6;SLC2A9;SLC26A3;ABCC2;PSMB1;SEC13;SLC5A7;RHAG;PSMD9;SLC12A6;SLC35A1;PSMB4;SLC22A5;PSMB3;NUP85;SLCO1B1;PSME3;ABCA12;SLC34A2;ABCD4;APOA1;SEL1L;SLC27A4;PSMC1;ABCB4;PSMB9"
"Elastic Fibre Formation R-HSA-1566948",0.741071428571429,0.860427126126396,0.0647943366000727,0.232765951514627,0.831906216728152,39,"TGFB3;ITGB1;BMP7;BMP4;FBN3"
"FGFR2 Ligand Binding And Activation R-HSA-190241",0.738425925925926,0.860427126126396,0.0667426134241917,0.271590320237031,0.808153832539727,20,"FGF1;FGF18;FGFR2;FGF3;FGF16;FGF23;FGF4;FGF9"
"Inactivation Of CSF3 (G-CSF) Signaling R-HSA-9705462",0.742222222222222,0.860427126126396,0.0645031249656493,0.255142717308893,0.814761558945748,24,"RPS27A;UBA52;CSF3R;ELOC;SOCS1;STAT5B"
"Metabolism Of Vitamins And Cofactors R-HSA-196854",0.740674955595027,0.860427126126396,0.0540088272801684,-0.191264988121614,-0.903277278357713,183,"GPC1;ACACA;RDH11;PPCS;SLC2A3;RFK;AKT1;LDLR;NMNAT2;GPC5;NFS1;COQ6;CALM1;NMRK1;COQ3;PDXK;COASY;PDZD11;SLC25A32;BCO1;NAPRT;SDC1;RBP1;ALDH1L1;CTRB2;GPC2;SLC5A8;PNPO;AASDHPPT;PDSS1;AKR1C3;MTHFR;RBP4;CD320;GCH1;MOCS1;PTS;NADK2;LRP12;GPC6;PCCB;CUBN;MTR;NUDT12;TCN1;NMNAT3;AMN;SLC52A1;PRSS3;GPC4;DHFR2;GPC3;MOCS2;PTGIS;PANK1;CD38;SHMT2;ABCD4;APOA1;RETSAT"
"Plasma Lipoprotein Assembly R-HSA-8963898",0.74245939675174,0.860427126126396,0.0665892104103933,0.279698899738387,0.797182579967241,16,"APOC3;APOB;APOC1;SAR1B;APOE"
"RHO GTPases Activate PAKs R-HSA-5627123",0.739325842696629,0.860427126126396,0.0652353056017703,0.267424381000882,0.816407119597815,21,"MYLK;RNASE1;PKN1;CDC42"
"Synthesis Of PA R-HSA-1483166",0.738839285714286,0.860427126126396,0.0649407684612899,0.234321915074604,0.837467235210986,39,"GPAT2;AGPAT3;PLA2G12A;PLA2G5;GPD1;GPAM;AGPAT1;MIGA2;LIPH;GPAT3;GPAT4;DDHD2;PLA2G2A"
"Transcription Of E2F Targets Under Negative Control By P107 (RBL1) And P130 (RBL2) In Complex With HDAC1 R-HSA-1362300",0.74245939675174,0.860427126126396,0.0665892104103933,0.278958915869366,0.795073518221229,16,"TFDP1;E2F1;RBBP4;LIN37"
"NGF-stimulated Transcription R-HSA-9031628",0.743303571428571,0.860550860969388,0.0646484568421928,0.231830746696189,0.828563791870435,39,"SGK1;FOSL1;TF;SH3GL3;CHD4;DNM2;ID3"
"TGF-beta Receptor Signaling In EMT (Epithelial To Mesenchymal Transition) R-HSA-2173791",0.747763864042934,0.864856718868289,0.0538979025357319,-0.285767673826106,-0.798257104245151,15,"PRKCZ;F11R;TGFBR1;PARD6A;CGN"
"Acyl Chain Remodelling Of PG R-HSA-1482925",0.749565217391304,0.866081790787774,0.0524827622635459,-0.272268654462344,-0.806869771013679,18,"PLA2G4A;LPCAT4;CRLS1;PLA2G4B;LPGAT1;PLA2G2E;LPCAT1"
"Translation Of Structural Proteins R-HSA-9683701",0.750883392226148,0.86674670497321,0.0531298054705469,-0.250207750718586,-0.830420612623757,29,"GSK3A;GSK3B;SUMO1;HOXC13;ST3GAL3"
"Downregulation Of SMAD2/3:SMAD4 Transcriptional Activity R-HSA-2173795",0.752834467120181,0.867283142279617,0.0647943366000727,0.24433568926441,0.812282341913471,30,"RPS27A;SMAD7;UBA52;PPM1A;SKI;NCOR2"
"SHC-mediated cascade:FGFR1 R-HSA-5654688",0.752314814814815,0.867283142279617,0.0658311958368866,0.268697550480363,0.799546003794338,20,"FGF1;FGF3;FGF23;FGF4;FGF9"
"SHC-mediated cascade:FGFR4 R-HSA-5654719",0.755344418052256,0.868563932319555,0.0668966276500666,0.277019358581167,0.806342950868986,19,"FGF1;FGF18"
"Transcriptional Regulation By TP53 R-HSA-3700989",0.755434782608696,0.868563932319555,0.0540088272801684,-0.180329997526014,-0.912233827505994,351,"YWHAH;CYCS;PRDX2;RBBP7;YWHAG;COX7C;COX5A;COX6C;SUPT4H1;SMYD2;COX8A;PTEN;PPP2R1A;CDK5R1;EXO1;GSR;HIPK1;YWHAB;AKT1;PPP2CA;PLK2;COX7B;LAMTOR3;POLR2K;MNAT1;AGO4;CHD3;MTA2;PRDX5;UBL4A;CCNB1;TAF11;COX14;TAF9B;TNKS1BP1;FOS;POLR2G;COX6B1;PRKAG1;CNOT10;GTF2H5;NELFA;PIP4K2B;POLR2C;NELFB;RRAGB;CNOT6L;MEAF6;RBL2;STK11;PIP4P1;POLR2H;CSNK2B;CDK2;GTF2H3;RPA3;COX6A1;GNPDA1;TBP;CHEK2;MAPK11;COX7A2L;JUN;ELOA;TTC5;PRKAA2;TAF13;CNOT6;POLR1A;CDK7;PDPK1;SESN3;GTF2H1;HUS1;NUAK1;LAMTOR5;ERCC3;COX4I1;PLAGL1;MDC1;POLR1B;NELFE"
"Cytosolic Sensors Of Pathogen-Associated DNA R-HSA-1834949",0.758558558558559,0.871297084486061,0.0535669384770951,-0.214030831327547,-0.840600105862861,62,"NKIRAS1;POLR2K;NLRP4;POLR3G;TRIM32;POLR3C;DHX36;ZBP1;POLR3E;AIM2;POLR3F;POLR2H;POLR3B;STAT6;TLR3;PRKDC;POLR3GL;POLR3H;CRCP;RIPK1;MYD88;XRCC6;DHX9"
"NCAM1 Interactions R-HSA-419037",0.764444444444444,0.877194362504097,0.0630790410571939,0.230092951145394,0.812201229012382,37,"CNTN2;NCAM1;COL6A2;COL9A2;ST8SIA2;AGRN;COL4A5;COL6A1"
"O-linked Glycosylation R-HSA-5173105",0.765845070422535,0.87793830764548,0.0520570030732099,-0.201559743770809,-0.871997933906461,105,"B4GAT1;ADAMTS16;B3GNT4;ADAMTSL3;GCNT4;THSD4;B4GALT6;MUC4;GCNT1;GALNT12;ST3GAL3;GALNT18;ADAMTS2;ADAMTS15;GALNTL6;ADAMTS9;GALNT11;THSD7B;MUC15;MUC1;GALNT10;B3GNT2;GALNT9;POMGNT1;ADAMTS8;LARGE1;MUC7;ADAMTS6;MUC16;C1GALT1C1;GALNT6;SPON2;ST6GALNAC2;LARGE2;POMT2;ADAMTS1;B3GNT8;ADAMTS17;ADAMTSL2;ADAMTSL4"
"Signaling By FGFR R-HSA-190236",0.768888888888889,0.880562643114164,0.0628003977812234,0.202884150734379,0.843702876150419,84,"FGF1;HNRNPA1;RPS27A;PTPN11;POLR2J;POLR2L;FGF18;UBA52;TIAL1"
"Interleukin-2 Family Signaling R-HSA-451927",0.771378708551483,0.881683597335535,0.0513223330421143,-0.226615608970804,-0.831853889368076,43,"PTK2B;GRB2;PIK3R2;STAT4;PIK3R1;IL3RA;JAK2;STAT5A;CLSTN1"
"N-glycan Antennae Elongation In medial/trans-Golgi R-HSA-975576",0.771171171171171,0.881683597335535,0.052805004567129,-0.248287915016143,-0.801548473500487,26,"CHGA;MGAT5;ST8SIA3;B4GALT6;ST8SIA6;B4GALT1;B4GALT4;LHB;MOGAT2;CHST10;MGAT4A;FUT3"
"Resolution Of Sister Chromatid Cohesion R-HSA-2500257",0.775981524249423,0.886076750292638,0.0642140881844605,0.198426617094043,0.853729691241693,104,"DYNC1LI2;RPS27;NDE1;RAD21;AHCTF1;B9D2;CDC20;DYNLL2;PLK1;RCC2;MAPRE1;CLASP2;BUB3;NUDC;RANBP2;BIRC5;STAG2;DYNC1I2;TAOK1;PPP2R5A;CENPL"
"Oncogenic MAPK Signaling R-HSA-6802957",0.777163904235727,0.886559409817296,0.053457214108991,-0.207978711762471,-0.850454132993814,77,"CAMK2A;CAMK2G;CNKSR2;AGTRAP;YWHAB;MAPK3;PEBP1;CAMK2D;CALM1;SPRED1;NF1;JAK2;TRAK1"
"Deadenylation-dependent mRNA Decay R-HSA-429914",0.78673835125448,0.888210624417521,0.05163559644842,-0.21689471515662,-0.828664235543767,53,"NT5C3B;NLRP4;LSM1;EIF4A2;TNKS1BP1;CNOT10;CNOT6L;TUT4;EXOSC9;PARN;CNOT6"
"Defective B4GALT7 Causes EDS, Progeroid Type R-HSA-3560783",0.787037037037037,0.888210624417521,0.0636424081651019,0.261108237023149,0.77696297229513,20,"B4GALT7;BGN;SDC4;BCAN;AGRN;HSPG2"
"Diseases Associated With TLR Signaling Cascade R-HSA-5602358",0.788418708240535,0.888210624417521,0.0617054053637522,0.229125824226746,0.77611944664774,31,"RELA;HMGB1;TIRAP;S100A1;NFKB2;TLR1;NFKBIA;UNC93B1;TLR2"
"Downregulation Of TGF-beta Receptor Signaling R-HSA-2173788",0.78173719376392,0.888210624417521,0.0621124188949471,0.243408267517736,0.781233628562742,25,"RPS27A;SMAD7;UBA52"
"GRB2:SOS Provides Linkage To MAPK Signaling For Integrins R-HSA-354194",0.787810383747178,0.888210624417521,0.0623861492893626,0.262347643997934,0.740828910329811,15,"PTK2;RAP1A;RAP1B"
"Gap-filling DNA Repair Synthesis And Ligation In TC-NER R-HSA-6782210",0.782051282051282,0.888210624417521,0.0529129848430583,-0.214292135853847,-0.834197913026542,60,"PRPF19;DDB1;POLR2K;MNAT1;POLR2G;GTF2H5;POLR2C;POLR2H;GTF2H3;RPA3;POLK;RBX1;POLR1A;CDK7;XRCC1;GTF2H1;ERCC3;POLR1B"
"HATs Acetylate Histones R-HSA-3214847",0.784832451499118,0.888210624417521,0.051011413203915,-0.19904689149608,-0.856477863509974,102,"RBBP7;USP22;ATXN7L3;H2AC7;ENY2;JADE1;DMAP1;NCOA2;KANSL3;KAT14;H2AC21;H2BC14;MORF4L2;H2BC11;MEAF6;YEATS4;MSL2;ELP5;KAT8;VPS72;H2AC4;SUPT3H;MRGBP;H2BC3;SUPT20H;EP400;MSL3"
"HDACs Deacetylate Histones R-HSA-3214815",0.788505747126437,0.888210624417521,0.0632191170859458,0.214398701142791,0.823885984420466,57,"H2AC19;KDM1A;H2BC18;CHD4;H4C15;H2BC17;HDAC10;RBBP4;H2AC6;H2BC21;SUDS3;NCOR2;ARID4B;GPS2;H3C13;SAP18;SAP30L;H2BC5;NCOR1;H2BC4"
"MAP2K And MAPK Activation R-HSA-5674135",0.786231884057971,0.888210624417521,0.0521630305460055,-0.23097958350374,-0.806557329292659,37,"CNKSR2;YWHAB;LAMTOR3;MAPK3;PEBP1;WDR83;MAP2K1;VCL;TLN1;ITGB3;ARRB1;FGG;MAP2K2;VWF;APBB1IP;KSR2;BRAF"
"PIWI-interacting RNA (piRNA) Biogenesis R-HSA-5601884",0.786697247706422,0.888210624417521,0.0632191170859458,0.239559363997456,0.789681924189358,29,"HSP90AA1;TDRD9;POLR2J;POLR2L;HENMT1"
"Presynaptic Phase Of Homologous DNA Pairing And Strand Exchange R-HSA-5693616",0.783482142857143,0.888210624417521,0.0621124188949471,0.226348198705226,0.80896914872132,39,"XRCC2;BLM;BARD1;ATM;RAD51D;TOPBP1;RAD51;MRE11"
"Synthesis Of Bile Acids And Bile Salts Via 27-Hydroxycholesterol R-HSA-193807",0.779964221824687,0.888210624417521,0.0519512476197082,-0.276835908070355,-0.773307307186158,15,"NCOA2;NR1H4;CYP7A1;AKR1C3;AKR1D1"
"tRNA Processing R-HSA-72306",0.787528868360277,0.888210624417521,0.0635007968065945,0.197409779133971,0.849354750165696,104,"RPP25;AAAS;RNASE7;POM121C;NUP214;ADAT3;NUP50;CTU1;NUP62;TRMT12;LCMT2;NUP188;TRMT112;DUS2;POP7;TSEN34;RANBP2;RPP30;PYDC1;COLEC12;TRMT10A;WDR4;NUP35"
"TP53 Regulates Transcription Of Cell Cycle Genes R-HSA-6791312",0.790645879732739,0.888572345203722,0.0615706755421678,0.217910956132743,0.815807077295843,49,"NPM1;TFDP1;AURKA;CDC25C;E2F1;PCBP4;PRMT1;CCNE1;CNOT2"
"Telomere Extension By Telomerase R-HSA-171319",0.791111111111111,0.888572345203722,0.0614364107201271,0.242347100939019,0.764669109689559,23,"TINF2;RUVBL2;TERF1;POT1;WRAP53;SHQ1;DKC1;NHP2;RTEL1;TERT;GAR1"
"Transcriptional Regulation By AP-2 (TFAP2) Family Of Transcription Factors R-HSA-8864260",0.790613718411552,0.888572345203722,0.0517405459873163,-0.232428157771742,-0.797853849561884,35,"CHGA;EGFR;SUMO1;YY1;KCTD1;YEATS4;CITED1;KDM5B;ESR1"
"Laminin Interactions R-HSA-3000157",0.793650793650794,0.890003981939542,0.062249042949858,0.248262978030583,0.767849532216332,22,"ITGB1;ITGB4;LAMA5;ITGA6;HSPG2"
"TICAM1, RIP1-mediated IKK Complex Recruitment R-HSA-168927",0.793911007025761,0.890003981939542,0.0637845390312975,0.266868417972769,0.771765418907864,18,"RPS27A;UBA52;UBE2V1"
"Synthesis Of Bile Acids And Bile Salts Via 7Alpha-Hydroxycholesterol R-HSA-193368",0.797777777777778,0.893480486244402,0.0610363728309177,0.242524330902832,0.774466557434357,24,"HSD3B7;ACOX2;BAAT;CYP27A1;CYP7B1;RXRA;AKR1C1;SYCP2;SLC27A5"
"Synthesis Of Bile Acids And Bile Salts R-HSA-192105",0.799126637554585,0.894133064262896,0.0601186142531851,0.225709156713364,0.78661576673485,34,"HSD3B7;OSBPL1A;ACOX2;OSBPL9;BAAT;CYP27A1;CYP7B1;RXRA;AKR1C1;SYCP2;SLC27A5"
"Association Of TriC/CCT With Target Proteins During Biosynthesis R-HSA-390471",0.804444444444444,0.898108765494726,0.060640400949416,0.221982763360293,0.781906398118419,36,"FBXW4;CCT5;CCT3;KIF13A;CCT4;CCNE1;LONP2;FBXW10;CCNE2;WRAP53;XRN2"
"GAB1 Signalosome R-HSA-180292",0.804651162790698,0.898108765494726,0.0628003977812234,0.26265170863201,0.75055280837797,17,"PTPN11;CSK"
"SHC-mediated cascade:FGFR2 R-HSA-5654699",0.804988662131519,0.898108765494726,0.0615706755421678,0.245291008482878,0.75865756390487,22,"FGF1;FGF18;FGFR2;FGF3;FGF16;FGF23;FGF4;FGF9"
"Sensory Processing Of Sound By Outer Hair Cells Of Cochlea R-HSA-9662361",0.810810810810811,0.9037404166344,0.0609039347452418,0.209963242202885,0.798480714949297,53,"WHRN;RDX;SPTBN1;XIRP2;FSCN2;RIPOR2;TPRN;GSN;TWF1;OTOG;MYO1E;GRXCR1;MYO7A;KCNQ4"
"EGFR Downregulation R-HSA-182971",0.811791383219955,0.903799058084772,0.0611692626746689,0.228342392780997,0.759113390780815,30,"RPS27A;SH3GL3;UBA52;PTPN3;CDC42;SH3GL1"
"NOD1/2 Signaling Pathway R-HSA-168638",0.812962962962963,0.903799058084772,0.05163559644842,-0.232785176345912,-0.783035482229227,33,"MAPK13;HOXC13;NOD2;UBE2N;IRAK1;MAPK11"
"TCF Dependent Signaling In Response To WNT R-HSA-201681",0.813186813186813,0.903799058084772,0.0596037042575973,0.181730654457964,0.863210818104482,194,"WNT8A;RPS27A;H2AC19;SOX3;TLE4;DVL3;H2AJ;TCF7L1;AXIN1;H3-4;LRP6;SOX2;CBY1;UBA52;PROC;PSMD10;H4C15;H2BC17;DKK1;FZD2;H2AX;H3-3B;RNF146;PYGO2;CAV1;H2AB1;MEN1;DKK4;FRAT1;H2AC6;H2BC21"
"Caspase Activation Via Extrinsic Apoptotic Signaling Pathway R-HSA-5357769",0.815551537070524,0.90476353652216,0.0503964322442957,-0.24266648494886,-0.773400580286078,25,"DAPK1;MAGED1;TLR4;DAPK3;CASP8;RIPK1;CASP9;TICAM1;LY96;DAPK2;TNFRSF10B;APPL1;CASP3;FASN;NDUFA2;FADD;DCC;TANK"
"Complement Cascade R-HSA-166658",0.817155756207675,0.90476353652216,0.060640400949416,0.210166571764933,0.799026828107311,54,"C4B;C1QB;C3;C1QC;SERPING1;GZMM;CPNE1;HNRNPC;C3AR1;C1S;AKR1C1;C8G"
"ER-Phagosome Pathway R-HSA-1236974",0.815837937384899,0.90476353652216,0.051218434854034,-0.20231131845232,-0.844193414410023,88,"PSMD7;PSMD2;PSMC5;PSMC4;PSMD12;PSMF1;PSMC2;PSMD11;PSMB5;PSMA6;PSMA1;PSMC3;S100A9;PSMA3;PSMA5;PSMD8;TLR6;PSMA7;TLR4;PSMC6;S100A8;PSMD5;PSMB7;PSMB6;PSMB1;MYD88;PSMD9;PSMB4;PSMB3;PSME3;SEC14L2;LY96;PSMC1;PSMB9;PSME4;FGG"
"NOTCH4 Intracellular Domain Regulates Transcription R-HSA-9013695",0.817102137767221,0.90476353652216,0.0630790410571939,0.262604800936593,0.764385316550115,19,"KAT2B;RBPJ;NOTCH2;NOTCH4;MAML3;HEY1;EP300;MAML1"
"MET Activates PTK2 Signaling R-HSA-8874081",0.825581395348837,0.91313398461227,0.0615706755421678,0.254241392981048,0.726519513243314,17,"ITGB1;PTK2;LAMA5"
"Phase II - Conjugation Of Compounds R-HSA-156580",0.826280623608018,0.91313398461227,0.059476028695732,0.195520513130237,0.826277423124977,93,"ACSM5;CHAC1;SULT1A4;MAT2A;GGCT;ACSM4;SLC38A3;GSTA1;ACSM2B;COMT;TRMT112;UGT2A3;MGST1;SLC38A1;UGT2B10;SULT1A2;ESD"
"SARS-CoV-1 Infection R-HSA-9678108",0.828209764918626,0.914399995894074,0.0496901392724606,-0.211034222453208,-0.791967112637491,49,"GSK3A;VCP;GSK3B;SUMO1;HOXC13;ST3GAL3;BECN1;PIK3R4"
"Deubiquitination R-HSA-5688426",0.829694323144105,0.914592175484305,0.0583452776743612,0.175656049252253,0.873229476743653,260,"USP17L12;USP17L11;USP17L3;RPS27A;USP17L15;H2AC19;CCP110;FOXO4;USP18;GATA3;USP17L17;KAT2B;BARD1;AXIN1;H2BC18;CDC20;SMAD7;UBA52;UFD1;ATXN7;PROC;PSMD10;MUL1;H2BC17;OTUD7B"
"Pausing And Recovery Of Tat-mediated HIV Elongation R-HSA-167238",0.830734966592428,0.914592175484305,0.059221919380382,0.222804822165944,0.754708273820559,31,"ELOA2;CTDP1;POLR2J;POLR2L;TCEA1;GTF2F2;ELOC;POLR2I"
"TNF Receptor Superfamily (TNFSF) Members Mediating Non-Canonical NF-kB Pathway R-HSA-5676594",0.830232558139535,0.914592175484305,0.0613026075396207,0.253275960900569,0.723760697155364,17,"MAP3K14;TNFRSF13C;TNFSF14"
"Sema4D In Semaphorin Signaling R-HSA-400685",0.835144927536232,0.918580707290087,0.0493910105981501,-0.244111653621771,-0.764826942996483,23,"RND1;ARHGEF11;RNMT;ARHGEF12;LIMK1;MYH11;ROCK2"
"Non-integrin membrane-ECM Interactions R-HSA-3000171",0.837053571428571,0.919813105326877,0.0589694466690997,0.214322620725479,0.77472625592888,41,"PDGFB;ITGB1;DDR1;ITGB4;LAMA5;ITGA6;SDC4;AGRN;HSPG2"
"TP53 Regulates Transcription Of Genes Involved In Cytochrome C Release R-HSA-6803204",0.837962962962963,0.919946169123027,0.060640400949416,0.249142367066895,0.74135690335873,20,"ATM;TP53AIP1;STEAP3;PRELID1;BID;TP63;BAX;AIFM2;TP53;PMAIP1;BBC3;TP73;TRIAP1;BNIP3L;CREBBP;PRELID3A;TP53INP1;PPP1R13B;ZNF420;TP53BP2"
"Interleukin-37 Signaling R-HSA-9008059",0.840449438202247,0.92180873532145,0.0590954798717342,0.241866174793995,0.738381692621571,21,"PTPN11;SIGIRR;CASP1;PTPN18;PTPN6;PTPN13"
"Conversion From APC/C:Cdc20 To APC/C:Cdh1 In Late Anaphase R-HSA-176407",0.842105263157895,0.921891971956157,0.0475434194201301,-0.245400369907122,-0.747444312516022,20,"UBE2D1;ANAPC15;ANAPC4;ANAPC11;ANAPC16;CDC27;CDC16;CDC14A"
"Synthesis Of Leukotrienes (LT) And Eoxins (EX) R-HSA-2142691",0.842105263157895,0.921891971956157,0.0475434194201301,-0.244072191103298,-0.743398924592204,20,"ALOX5;GGT5;CYP4B1;CYP4F3;LTA4H;LTC4S"
"MTOR Signaling R-HSA-165159",0.850180505415162,0.929860027947043,0.0484087618816951,-0.21694712953971,-0.777004893120999,41,"CAB39;YWHAB;AKT1;LAMTOR3;PRKAG1;RRAGB;STK11;PRKAA2;LAMTOR5;EEF2K;STRADA;MLST8;SLC38A9;PRKAG2;PRKAG3;CAB39L"
"Diseases Associated With Glycosaminoglycan Metabolism R-HSA-3560782",0.857787810383747,0.930333062005421,0.0583452776743612,0.21195176639609,0.759366756064451,40,"B4GALT7;B3GAT3;BGN;PRELP;SDC4;BCAN;AGRN;HEXA;HSPG2;CHST3"
"FOXO-mediated Transcription R-HSA-9614085",0.853828306264501,0.930333062005421,0.0598603117764473,0.197865888906253,0.779548020675823,65,"TXNIP;FOXO4;KAT2B;RETN;NFYA;YWHAQ;PCBP4;CAV1;DDIT3;TRIM63;GADD45A;FOXO3;TXN2;SIRT1;YWHAZ;FOXO6;FOXO1;NPY;CDKN1B"
"HIV Elongation Arrest And Recovery R-HSA-167287",0.854978354978355,0.930333062005421,0.0565299525056311,0.21106308662669,0.732839073128282,33,"ELOA2;CTDP1;POLR2J;POLR2L;TCEA1;GTF2F2;ELOC;POLR2I"
"NOTCH3 Intracellular Domain Regulates Transcription R-HSA-9013508",0.853333333333333,0.930333062005421,0.0578529757032509,0.225571128164354,0.720328943639161,24,"KAT2B;RBPJ;HEYL"
"Nucleotide Salvage R-HSA-8956321",0.853260869565217,0.930333062005421,0.0484087618816951,-0.241396923598798,-0.756321414342989,23,"GMPR2;DCK;AMPD1;TK2;UPP1;HPRT1;ADA;DGUOK;AMPD3;UPP2;PPY;UCK2;TK1"
"TP53 Regulates Transcription Of Additional Cell Cycle Genes With Uncertain Roles In P53 Pathway R-HSA-6804115",0.856373429084381,0.930333062005421,0.0478299633114229,-0.24148012637323,-0.74524193986914,21,"PLK2;TNKS1BP1;CNOT10;CNOT6L;CNOT6;PLAGL1"
"Transcription Of E2F Targets Under Negative Control By DREAM Complex R-HSA-1362277",0.857482185273159,0.930333062005421,0.0607719451853533,0.246960844813516,0.718849171321295,19,"TFDP1;E2F1;RBBP4;MAX;LIN37"
"WNT Ligand Biogenesis And Trafficking R-HSA-3238698",0.857657657657658,0.930333062005421,0.047925896705813,-0.228707564685731,-0.738337181412725,26,"WNT16;TMED5;VPS35;WNT2B;WNT10A"
"mTORC1-mediated Signaling R-HSA-166208",0.853333333333333,0.930333062005421,0.0578529757032509,0.224187752175916,0.715911331453966,24,"RPS6;EIF4B;RRAGC;LAMTOR4;RPTOR;RHEB;AKT1S1"
"Signaling By FGFR2 In Disease R-HSA-5655253",0.862676056338028,0.934765977480482,0.0466015072985992,-0.20600244408732,-0.749272975506884,42,"FGF13;GRB2;POLR2K;PIK3R1;POLR2G;POLR2C;FGF8;POLR2H"
"DNA Damage Bypass R-HSA-73893",0.867117117117117,0.937136363636364,0.0577308549299813,0.206015452628708,0.761288048780878,47,"RPS27A;POLD4;UBA52;UFD1;RAD18;POLE4;POLD2;MAD2L2;SLC19A1;POLD1;CUL4A;NPLOC4"
"Defective Homologous Recombination Repair (HRR) Due To BRCA2 Loss Of Function R-HSA-9701190",0.866817155756208,0.937136363636364,0.0578529757032509,0.21038454295136,0.753751811667012,40,"XRCC2;BLM;BARD1;ATM;RAD51D;TOPBP1;RAD51;MRE11"
"Metabolic Disorders Of Biological Oxidation Enzymes R-HSA-5579029",0.867272727272727,0.937136363636364,0.0478299633114229,-0.216685833516098,-0.730709935163816,32,"FMO3;PRNP;CYP21A2;CYP24A1;TPMT;FDXR;GCLM;CYP2U1;FDX2;OPLAH"
"Butyrate Response Factor 1 Binds And Destabilizes mRNA R-HSA-450385",0.868881118881119,0.938005796238914,0.0459538081039063,-0.237967154584824,-0.691517877655891,17,"YWHAB;AKT1"
"Surfactant Metabolism R-HSA-5683826",0.87219730941704,0.940715582337972,0.0572461135202884,0.215952816943126,0.704683382359851,27,"NAPSA;SFTPC;ADA2;GATA6;SLC34A1;CSF2RA;ADGRF5;SFTPB;ZDHHC2;ADRA2C"
"Postmitotic Nuclear Pore Complex (NPC) Reformation R-HSA-9615933",0.875675675675676,0.941855772823515,0.0469758727821845,-0.22479057316199,-0.725691948251198,26,"NUP98;SUMO1;KPNB1;RCC1;NDC1;NUP54;NUP43;SEC13;NUP85;NUP155;NUP107"
"TNF Signaling R-HSA-75893",0.874125874125874,0.941855772823515,0.0589694466690997,0.206213522126509,0.746663082358264,43,"RPS27A;UBA52;TNF;OTUD7B;TRADD;CFLAR;SMPD3"
"Triglyceride Metabolism R-HSA-8979227",0.875555555555556,0.941855772823515,0.0566484183613995,0.206485234819267,0.727318300656168,36,"GPAT2;PNPLA5;PLIN3;PLIN1;GPAM;CAV1"
"Dual Incision In TC-NER R-HSA-6782135",0.878623188405797,0.943344472103469,0.0470699590082662,-0.195837393045739,-0.766390931599623,61,"PRPF19;DDB1;POLR2K;MNAT1;POLR2G;GTF2H5;POLR2C;POLR2H;GTF2H3;RPA3;POLK;RBX1;POLR1A;CDK7;GTF2H1;ERCC3;POLR1B"
"Glutathione Conjugation R-HSA-156590",0.878676470588235,0.943344472103469,0.0477342401407188,-0.212337214661019,-0.722798013560241,34,"MGST3;GGT7;PRNP;HPGDS;GGT5;MGST2;GCLM;GSTA3;GSTT2;OPLAH;GSTK1"
"Signaling By FGFR3 In Disease R-HSA-5655332",0.880898876404494,0.944861202908129,0.0568864160475701,0.232166447789504,0.708769859343754,21,"FGF1;FGF18"
"Cytosolic Sulfonation Of Small Molecules R-HSA-156584",0.883303411131059,0.946570322121163,0.0464154956843849,-0.2346227470139,-0.724079093994748,21,"SULT4A1;TPST2"
"Defective B3GAT3 Causes JDSSDHD R-HSA-3560801",0.884210526315789,0.946673104780299,0.0453152441270267,-0.232089963753852,-0.706903267772261,20,"GPC1;GPC5;SDC1;GPC2;GPC6;CSPG5;GPC4;GPC3"
"G2/M DNA Damage Checkpoint R-HSA-69473",0.886654478976234,0.948419593918666,0.0470699590082662,-0.191080836628435,-0.773992429319902,73,"YWHAH;BABAM1;YWHAG;EXO1;YWHAB;UBE2V2;CCNB1;H2BC14;UBE2N;H2BC11;RPA3;CHEK2;WEE1;POLR1A;HUS1;H2BC3;MDC1;POLR1B"
"Diseases Of Metabolism R-HSA-5668914",0.889908256880734,0.951028329468696,0.0470699590082662,-0.174639877961426,-0.848469944796709,241,"GPC1;ACACA;B4GAT1;ALG13;GALE;ALG8;FMO3;CTSA;ADAMTS16;GPC5;ADAMTSL3;IDS;PRNP;SPAM1;DCXR;MAN1B1;SFTPA1;THSD4;EGFL7;DPM3;CYP21A2;SDC1;MUC4;GPC2;RPIA;GALNT12;ST3GAL3;CYP24A1;ACAN;GYG1;ADAMTS2;HEXB;ADAMTS15;DPAGT1;ADAMTS9;CD320;TPMT;B4GALT1;THSD7B;OMD;MUC15;GNS;FMOD;GYS2;FDXR;GCLM;ABCA3;MUC1;GPC6;PCCB;CUBN;MTR;CYP2U1;CHSY1;LUM;HPRT1;GALNS;POMGNT1;ADA;FDX2;ADAMTS8;AMN;OPLAH;CSPG5;LARGE1;MUC7;GPC4;ADAMTS6;MUC16;C1GALT1C1;SPON2;GPC3;SLC34A2;POMT2;FDX1;ABCD4;ADAMTS1;ADAMTS17;CSF2RB;ARSB;ADAMTSL2;MOGAT2;ADAMTSL4;NOTCH3;CHST6;CBLIF"
"Interleukin Receptor SHC Signaling R-HSA-912526",0.89237668161435,0.952793767103336,0.0561766586307176,0.212773631929203,0.694309269715843,27,"GAB2;IL2RA"
"IKK Complex Recruitment Mediated By RIP1 R-HSA-937041",0.896629213483146,0.954763768654624,0.0560595875032335,0.223923455315792,0.68360522133602,21,"RPS27A;UBA52;UBE2V1"
"Metabolism Of Steroid Hormones R-HSA-196071",0.897321428571429,0.954763768654624,0.0557104226766671,0.201807689264883,0.706080770776378,35,"HSD3B1;CYP11B1;SRD5A1;HSD3B2;AKR1B15"
"Nucleotide-like (Purinergic) Receptors R-HSA-418038",0.896162528216704,0.954763768654624,0.0562940749700968,0.231469647890092,0.653634255706113,15,"P2RY4;P2RY14;P2RY1"
"mRNA 3-End Processing R-HSA-72187",0.89749430523918,0.954763768654624,0.0566484183613995,0.193670243168243,0.749967783802804,58,"CASC3;PCF11;ZC3H11A;THOC6;POLDIP3;SRRM1;RBM8A;U2AF1;CSTF1;THOC1;COLEC12"
"Homologous DNA Pairing And Strand Exchange R-HSA-5693579",0.900921658986175,0.955795978215333,0.0570059526582387,0.201658375858902,0.728003962776922,42,"XRCC2;BLM;BARD1;ATM;RAD51D;TOPBP1;RAD51;MRE11"
"Negative Regulators Of DDX58/IFIH1 Signaling R-HSA-936440",0.9004329004329,0.955795978215333,0.0541200569620232,0.199861191172938,0.693944604119937,33,"RPS27A;UBA52;PCBP2;HERC5"
"Signaling By TGFB Family Members R-HSA-9006936",0.899343544857768,0.955795978215333,0.0546808488785442,0.179142253140154,0.794129055513214,118,"RPS27A;TGFB3;COL1A2;AMH;ITGB1;DAND5;GDF2;TFDP1;SMAD7;UBA52;YBX1;FSTL3;PPM1A"
"Biological Oxidations R-HSA-211859",0.901960784313726,0.956029278196292,0.0543434390269162,0.173165586148622,0.828303930936339,200,"AURKAIP1;ACSM5;CHAC1;SULT1A4;CYP2W1;MAT2A;CYP11B1;CES1;GGCT;ACSM4;AOC1;SLC38A3;PTGES3;AKR7A3;ALDH1A1;GSTA1;CYP2J2;ACSM2B;COMT;AHRR;AKR7L;TRMT112;UGT2A3;MGST1;EPHX1;SLC38A1;UGT2B10;CYP27A1;CYP7B1;SULT1A2;ESD;CYP4F22;RXRA;CYP26C1"
"Aflatoxin Activation And Detoxification R-HSA-5423646",0.903614457831325,0.956912951260578,0.0434506826723125,-0.225162542317723,-0.677973241541702,19,"MGST3;GGT7;GGT5;MGST2;CYP3A4;AKR7A2;CYP3A5"
"Notch-HLH Transcription Pathway R-HSA-350054",0.908482142857143,0.961195521953115,0.0551351763385257,0.207086672233317,0.680751245021595,28,"KAT2B;RBPJ;HDAC10;NCOR2;HDAC6;HDAC7;NCOR1;NOTCH2;HDAC11;NOTCH4"
"Interconversion Of Nucleotide Di- And Triphosphates R-HSA-499943",0.910714285714286,0.962684394409938,0.0550211117163117,0.205325345442333,0.674961276053907,28,"AK2;AK8;AK4;RRM2B;TXN2;RRM1;CMPK1"
"Transcriptional Regulation By RUNX3 R-HSA-8878159",0.913200723327306,0.96443913495291,0.0452247443372884,-0.185836735478122,-0.78356632836706,93,"PSMD7;PSMD2;PSMC5;PSMC4;PSMD12;PSMF1;PSMC2;PSMD11;PSMB5;PSMA6;PSMA1;PSMC3;TEAD4;PSMA3;PSMA5;PSMD8;PSMA7;LEF1;MAML2;PSMC6;PSMD5;PSMB7;WWTR1;PSMB6;ITGAL;RUNX1;PSMB1;PSMD9;PSMB4;PSMB3;PSME3;TCF7;PSMC1;PSMB9"
"Regulation Of TP53 Activity Thru Phosphorylation R-HSA-6804756",0.915032679738562,0.965500124100273,0.0536769600638126,0.184281984860751,0.773521650904484,88,"HIPK2;RPS27A;BLM;BARD1;TAF2;AURKA;UBA52;ATM;PRKAB2"
"G0 And Early G1 R-HSA-1538133",0.92152466367713,0.971471799919793,0.0546808488785442,0.198479705785155,0.647666246647323,27,"TFDP1;E2F1;RBBP4;MAX;CCNE1;LIN37;CCNE2"
"Signaling By TGF-beta Receptor Complex R-HSA-170834",0.922907488986784,0.972051479826333,0.05378728077603,0.182531435453651,0.765546448478209,90,"RPS27A;TGFB3;COL1A2;ITGB1;DAND5;TFDP1;SMAD7;UBA52"
"Defensins R-HSA-1461973",0.924107142857143,0.97243736313281,0.0543434390269162,0.196778652186471,0.703287499774316,39,"TSPAN32;DEFB104A;DEFB103A;CCR2;DEFB105A;DEFB119;DEFB131A;TLR1;DEFB128;DEFA5;DEFA4;TLR2;DEFB1;DEFB106A"
"Fertilization R-HSA-1187000",0.928730512249443,0.976422079094685,0.0540088272801684,0.202121580620848,0.648721497628492,25,"CD9;IZUMO4;IZUMO2;ACR;HVCN1;CATSPER1;CATSPERD"
"DNA Strand Elongation R-HSA-69190",0.930957683741648,0.977882643498203,0.0538979025357319,0.193576945047415,0.655704488924308,31,"POLD4;FEN1;POLD2;MCM5;MCM3;SLC19A1;POLD1"
"RIP-mediated NFkB Activation Via ZBP1 R-HSA-1810476",0.932558139534884,0.978682867659361,0.055826471778749,0.216061957951477,0.617418063521253,17,"RELA;NFKBIB;NFKB2"
"Metabolism Of Water-Soluble Vitamins And Cofactors R-HSA-196849",0.934065934065934,0.979384496904713,0.044774889329693,-0.17798478103837,-0.785525301297245,120,"ACACA;PPCS;SLC2A3;RFK;NMNAT2;NFS1;NMRK1;PDXK;COASY;PDZD11;SLC25A32;NAPRT;ALDH1L1;CTRB2;SLC5A8;PNPO;AASDHPPT;MTHFR;CD320;MOCS1;NADK2;PCCB;CUBN;MTR;NUDT12;TCN1;NMNAT3;AMN;SLC52A1;PRSS3;DHFR2;MOCS2;PTGIS;PANK1;CD38;SHMT2;ABCD4"
"Mitotic Spindle Checkpoint R-HSA-69618",0.936363636363636,0.980912355149339,0.0545680646670941,0.176899289672404,0.768976004655756,108,"DYNC1LI2;RPS27;NDE1;AHCTF1;B9D2;CDC20;DYNLL2;PLK1;RCC2;MAPRE1;CLASP2;UBE2S;BUB3;NUDC;RANBP2;BIRC5;DYNC1I2;ANAPC7;TAOK1;PPP2R5A;CENPL"
"Defects In Vitamin And Cofactor Metabolism R-HSA-3296482",0.938958707360862,0.982748709856615,0.0436251240000606,-0.206504375867202,-0.637301810190704,21,"ACACA;CD320;PCCB;CUBN;MTR;AMN;ABCD4;CBLIF"
"FOXO-mediated Transcription Of Oxidative Stress, Metabolic And Neuronal Genes R-HSA-9615017",0.945229681978799,0.986657458738156,0.0425877779273254,-0.19907514906736,-0.660715372612965,29,"PLXNA4;ABCA6;SIRT3"
"STING Mediated Induction Of Host Immune Responses R-HSA-1834941",0.943957968476357,0.986657458738156,0.0422468188360053,-0.21757652514278,-0.618459126459145,16,"NLRP4;STAT6;PRKDC;XRCC6;XRCC5;STING1;DDX41"
"Signaling By High-Kinase Activity BRAF Mutants R-HSA-6802948",0.944444444444444,0.986657458738156,0.044774889329693,-0.193045958475138,-0.649361946322395,33,"CNKSR2;YWHAB;MAPK3;PEBP1;MAP2K1;VCL;TLN1;ITGB3;ARRB1;FGG;MAP2K2;VWF;APBB1IP;KSR2;BRAF"
"Processing Of Capped Intronless Pre-mRNA R-HSA-75067",0.948763250883392,0.987695551990115,0.0424170054438747,-0.194756820001099,-0.646383164843956,29,"SNRPB;FIP1L1;PABPN1;WDR33;ZNF473;SNRPF;LSM11;NUDT21"
"TNFR1-induced NFkappaB Signaling Pathway R-HSA-5357956",0.948545861297539,0.987695551990115,0.0532386494755899,0.19105215603251,0.619361887572303,26,"TNF;OTUD7B;TRADD;CYLD;MAP3K7;TNFAIP3"
"ZBP1(DAI) Mediated Induction Of Type I IFNs R-HSA-1606322",0.947935368043088,0.987695551990115,0.0431901998334182,-0.198665895916664,-0.613111148658022,21,"NKIRAS1;NLRP4;ZBP1;TLR3;RIPK1;MYD88;DHX9;TICAM1;NKIRAS2"
"Antigen processing-Cross Presentation R-HSA-1236975",0.956063268892794,0.99020787446013,0.0418238690062304,-0.174026842505629,-0.750924411692888,103,"PSMD7;PSMD2;PSMC5;PSMC4;PSMD12;PSMF1;PSMC2;PSMD11;PSMB5;CTSV;CTSS;PSMA6;PSMA1;PSMC3;S100A9;PSMA3;PSMA5;PSMD8;TLR6;PSMA7;TLR4;PSMC6;S100A8;PSMD5;PSMB7"
"Antimicrobial Peptides R-HSA-6803157",0.957777777777778,0.99020787446013,0.0524827622635459,0.174394861730355,0.725228885031987,84,"RNASE7;TSPAN32;DEFB104A;CHAMP1;PI3;REG3A;BPIFA2;SLC11A1;RNASE8;DEFB103A;SEMG1;PGLYRP3;CCR2;DEFB105A;DEFB119;DEFB131A;TLR1;DEFB128;EPPIN;PLA2G2A;BPIFB2;PGLYRP4;DEFA5;HTN3;ITLN1;RO60;DEFA4;TLR2;LTF"
"Beta Defensins R-HSA-1461957",0.957964601769911,0.99020787446013,0.0522693317499306,0.178012370291108,0.610329681276411,32,"DEFB104A;DEFB103A;CCR2;DEFB105A;DEFB119;DEFB131A;TLR1;DEFB128;TLR2;DEFB1;DEFB106A;DEFB132;DEFB118"
"Cobalamin (Cbl, Vitamin B12) Transport And Metabolism R-HSA-196741",0.957303370786517,0.99020787446013,0.0530212512043078,0.194579891943211,0.594023658271034,21,"LRP2;CTRB1;ABCC1;TCN2;MMACHC;MMAB;LDLRAP1"
"Mismatch Repair R-HSA-5358508",0.957066189624329,0.99020787446013,0.0425877779273254,-0.207287925983833,-0.579033511122494,15,"EXO1;RPA3;POLR1A;POLR1B"
"Peroxisomal Lipid Metabolism R-HSA-390918",0.954063604240283,0.99020787446013,0.0421619430092452,-0.193289308219248,-0.641512604162214,29,"ACOXL;ACOX1;ACBD4;SLC27A2;ACOT8;HSD17B4;ALDH3A2;NUDT19;EHHADH"
"Stimuli-sensing Channels R-HSA-2672351",0.957494407158837,0.99020787446013,0.052805004567129,0.175384520178413,0.749555200278792,99,"TTYH2;SGK1;RPS27A;WNK1;ANO8;SGK3;ANO2;UBA52;CLCA1;TRPV4;RYR3;WNK4;TRPM1;NALCN;OSTM1;RYR1;BSND;CLCNKB;CLCN2;ASIC4;CLCNKA"
"Zinc Transporters R-HSA-435354",0.952797202797203,0.99020787446013,0.0417397034728504,-0.206087425506289,-0.598877350726468,17,"SLC39A10;SLC39A14;SLC39A8;SLC39A1;SLC30A2;SLC30A3;SLC30A7;SLC30A5;SLC30A1"
"Dual Incision In GG-NER R-HSA-5696400",0.962053571428571,0.992675966275104,0.0524827622635459,0.181843055631892,0.649907632386294,39,"RPS27A;POLD4;UBA52;POLE4;POLD2;SLC19A1;POLD1;CUL4A"
"Interleukin-7 Signaling R-HSA-1266695",0.962025316455696,0.992675966275104,0.042845050912155,-0.187759509885328,-0.598406961431632,25,"PIK3R2;PIK3R1;STAT5A;RAG1;SOS1;SOCS2;TSLP;SMARCA4"
"BMAL1:CLOCK,NPAS2 Activates Circadian Gene Expression R-HSA-1368108",0.963833634719711,0.993634144627122,0.0427591434738678,-0.185911251520707,-0.592516390708535,25,"NCOA2;TBL1XR1;SERPINE1;CHD9;HSD17B4;CARM1;SMARCD3;PPARA;CREBBP;NOCT;CLOCK;NCOA6;BHLHE40;MBD4;LIN9"
"Class C/3 (Metabotropic Glutamate/Pheromone Receptors) R-HSA-420499",0.971119133574007,0.995721475472678,0.042331839351853,-0.176628425933471,-0.626324728005653,39,"GABBR2;TAS2R46;TAS2R42;TAS2R20;TAS2R45;TAS2R50;GRM3;GRM5;TAS2R4;TAS2R1;TAS1R1"
"Diseases Of DNA Repair R-HSA-9675135",0.970654627539503,0.995721475472678,0.0525898950623616,0.172339972980987,0.64504204940795,50,"XRCC2;BLM;BARD1;ATM;RAD51D;TOPBP1;RAD51;MRE11;MSH3"
"Gastrulation R-HSA-9758941",0.969837587006961,0.995721475472678,0.0538979025357319,0.195321796441214,0.556695552812265,16,"SOX2;BMP4"
"Regulation Of PTEN Gene Transcription R-HSA-8943724",0.967032967032967,0.995721475472678,0.0431901998334182,-0.169602064722008,-0.66022809410321,60,"RBBP7;CBX6;PTEN;LAMTOR3;MAPK3;CHD3;MTA2"
"Signaling By ALK R-HSA-201556",0.969369369369369,0.995721475472678,0.042331839351853,-0.184310780447837,-0.59501093602579,26,"PIK3R2;PIK3R1;PTN;MYCN;PIK3CA;HDAC3;PRDM1;PIK3CB"
"Transcriptional Regulation By VENTX R-HSA-8853884",0.969314079422383,0.995721475472678,0.0424170054438747,-0.178221887443062,-0.631975145492575,39,"UBE2D1;AGO4;CEBPB;ANAPC15;ANAPC4;LEF1;IL6;ANAPC11;ANAPC16;CDC27;TNRC6A;CDC16;MOV10"
"tRNA Modification In Nucleus And Cytosol R-HSA-6782315",0.971830985915493,0.995721475472678,0.0411544018789903,-0.168064056404003,-0.611283308678644,42,"QTRT1;FTSJ1;NSUN2;METTL1;TRMT44;ALKBH8;NSUN6;URM1;TRMT9B;TRMT5;TRMT11;PUS3;TYW5;QTRT2;ADAT1;TYW3"
"IRAK4 Deficiency (TLR2/4) R-HSA-5603041",0.97423887587822,0.995810663101735,0.0541200569620232,0.190561040694837,0.551089643789833,18,"HMGB1;TIRAP;S100A1;TLR1"
"MyD88 Deficiency (TLR2/4) R-HSA-5602498",0.974418604651163,0.995810663101735,0.05378728077603,0.192703073440475,0.550667778660657,17,"HMGB1;TIRAP;S100A1;TLR1"
"Regulation Of KIT Signaling R-HSA-1433559",0.974477958236659,0.995810663101735,0.0536769600638126,0.186073093919814,0.530335404294501,16,"YES1;SOCS1;PTPN6;LCK;FYN;SRC"
"Phase I - Functionalization Of Compounds R-HSA-211945",0.976868327402135,0.997379998318716,0.0414044273760278,-0.168875120939544,-0.723227535724996,100,"FMO3;NQO2;CYB5B;ARNT2;NCOA2;BPHL;CYP3A43;CYP21A2;NR1H4;CYP2E1;CYP4B1;CYP24A1;ADH1A;CYP7A1;CYP1A1;CYP4F3;SMOX;FDXR;AHR;CYP2U1;CYP2C9;CYP3A4;FDX2;MTARC2;CYP51A1;ALDH2;PTGIS;CYP2F1;FDX1;ADH5;CYP2C8;ALDH3A1;CYP3A5;MIA3;CYP39A1"
"Caspase Activation Via Death Receptors In Presence Of Ligand R-HSA-140534",0.985688729874776,0.997699356538782,0.0412376090540065,-0.186965208618896,-0.522264481592585,15,"TLR4;CASP8;RIPK1;TICAM1;LY96;TNFRSF10B;FASN;NDUFA2;FADD;TANK"
"HDR Thru Single Strand Annealing (SSA) R-HSA-5685938",0.989130434782609,0.997699356538782,0.0416556773979467,-0.158522030492852,-0.547636517294985,36,"EXO1;RAD52;RPA3;POLR1A;HUS1;POLR1B;KAT5;ARTN;WRN;RAD50;RFC2;RFC5;BRIP1;RHNO1;RAD17"
"Impaired BRCA2 Binding To RAD51 R-HSA-9709570",0.988970588235294,0.997699356538782,0.042331839351853,-0.1655492269801,-0.563531233084488,34,"EXO1;RPA3;POLR1A;HUS1;POLR1B;KAT5;ARTN;BRCA2;WRN;RAD50;RFC2;RFC5;BRIP1;RHNO1;RAD17"
"Metabolism Of Folate And Pterines R-HSA-196757",0.986455981941309,0.997699356538782,0.0518457624865066,0.183372121251138,0.51781432720782,15,"DHFR;ALDH1L2;SLC19A1;MTHFD2"
"Nicotinate Metabolism R-HSA-196807",0.989150090415913,0.997699356538782,0.0415717899246479,-0.155960541234297,-0.523673244202914,31,"NMNAT2;NMRK1;NAPRT;SLC5A8;NADK2;NUDT12;NMNAT3;PTGIS;CD38;NADSYN1;NAXE;PARP14;NT5E;RNLS"
"Ovarian Tumor Domain Proteases R-HSA-5689896",0.984444444444444,0.997699356538782,0.051218434854034,0.169071601890182,0.596802997061509,37,"RPS27A;UBA52;PROC;OTUD7B;OTUD7A;RHOA;NOD1;TNIP2"
"Post-translational Modification: Synthesis Of GPI-anchored Proteins R-HSA-163125",0.982142857142857,0.997699356538782,0.051530912208539,0.162222260539347,0.681145561075249,91,"PIGM;PIGN;RAET1L;GP2;CEACAM7;DPM2;IZUMO1R;PIGG;CPM;DPM1;MELTF;PIGH;ULBP2;PRSS41;GPIHBP1"
"RNA Polymerase II Transcribes snRNA Genes R-HSA-6807505",0.98,0.997699356538782,0.0514264916187015,0.168029277436722,0.686650376279975,74,"PHAX;DAND5;PCF11;POLR2J;POLR2L;INTS13;ELL2;GTF2F2;INTS10"
"Regulation Of Gene Expression In Beta Cells R-HSA-210745",0.988425925925926,0.997699356538782,0.0529129848430583,0.183290371148441,0.545405358268894,20,"HNF1A;MAFA;PKLR;PAX6;FOXO1;SLC2A2;RFX6"
"Regulation Of TLR By Endogenous Ligand R-HSA-5686938",0.979130434782609,0.997699356538782,0.0402477565068868,-0.187791251465171,-0.556520486602804,18,"GSDME;S100A9;TLR6;TLR4;S100A8"
"Smooth Muscle Contraction R-HSA-445355",0.981566820276498,0.997699356538782,0.0530212512043078,0.172310547699577,0.6220557961913,42,"TRIM72;MYLK;PKN1;ANXA1"
"Synthesis Of PC R-HSA-1483191",0.987410071942446,0.997699356538782,0.0414044273760278,-0.167226040809124,-0.543283791631013,27,"CSNK2B;PCYT1B;LPIN2;PCYT1A;ABHD3;PCTP;LPIN3;LPCAT1;STARD7;LPIN1;STARD10;SLC44A3;BCHE"
"TNFs Bind Their Physiological Receptors R-HSA-5669034",0.987632508833922,0.997699356538782,0.0405756447890657,-0.167620453027717,-0.556319613967932,29,"TNFRSF4;TNFSF11;EDA;TNFRSF14;TNFRSF1A;TNFSF9;TNFSF13B;TNFRSF25;EDAR"
"mRNA Splicing - Major Pathway R-HSA-72163",0.98,0.997699356538782,0.0514264916187015,0.161805297105066,0.759531202863551,180,"HNRNPA1;CASC3;SNRPC;SNRPA1;SF3B1;HNRNPA2B1;PCF11;POLR2J;POLR2L;PCBP2;LSM2;YBX1;SRRM1;PRPF31;PPWD1;PCBP1;GTF2F2;HNRNPC;CWC15;SNRPG;SNRPB2;PTBP1;RBM8A;U2AF1;HNRNPH1;CSTF1;PRPF6;HNRNPUL1;DDX46;HNRNPK;SRRM2;POLR2I;HNRNPM;PLRG1;HNRNPU;COLEC12;DDX23;HNRNPA3;SUGP1;LSM3"
"RHO GTPases Activate CIT R-HSA-5625900",0.990498812351544,0.997896218595699,0.0540088272801684,0.170431791551958,0.49608978385396,19,"RNASE1;RHOA;CDKN1B;LLGL1;MYL6"
"mRNA Decay By 5 To 3 Exoribonuclease R-HSA-430039",0.991055456171735,0.997896218595699,0.0409883873374721,-0.176385769542754,-0.49271211029604,15,"LSM1;PATL1;DCP1B;LSM6"
"Class B/2 (Secretin Family Receptors) R-HSA-373080",0.993303571428571,0.998040770630219,0.051011413203915,0.1544734573516,0.648609564613162,91,"WNT8A;UCN;PTH1R;GNG5;WNT9B;DHH;FZD2;PTH2;ADGRE5;VIPR2;ADCYAP1R1;PTCH1;WNT10B;GNG11;WNT2;UCN2;CALCRL;GHRH;GHRHR;GNB3;CD55;CPAMD8;SCTR;SCT;ADGRE1"
"Processing Of Intronless Pre-mRNAs R-HSA-77595",0.99537037037037,0.998040770630219,0.0525898950623616,0.158630399310685,0.472026267535429,20,"PCF11;CSTF1;COLEC12;PAPOLA;CSTF2T"
"RNA Polymerase II Transcription Termination R-HSA-73856",0.995475113122172,0.998040770630219,0.051530912208539,0.161548708637185,0.645219177320887,67,"CASC3;PCF11;ZC3H11A;THOC6;POLDIP3;SRRM1;SNRPG;RBM8A;U2AF1;CSTF1;THOC1;COLEC12"
"Transcriptional Regulation Of White Adipocyte Differentiation R-HSA-381340",0.994565217391304,0.998040770630219,0.0414044273760278,-0.149025433663639,-0.619293714667813,84,"CCNC;MED6;CCND3;NCOA2;CEBPB;MED24;TBL1XR1;ZNF638;MED4;CDK8;MED16;SREBF2;CHD9;CARM1;WNT1;SLC2A4;NR2F2;HDAC3;LEP;MED14;KLF5;SMARCD3;MED8;MED17;PPARA;SREBF1;MED29;THRAP3;MED19;PPARG;CREBBP;MED22;PPARGC1A;MED12;ANGPTL4"
"mRNA Splicing R-HSA-72172",0.993303571428571,0.998040770630219,0.051011413203915,0.150245917755115,0.710317148328393,188,"HNRNPA1;CASC3;SNRPC;SNRPA1;SF3B1;HNRNPA2B1;PCF11;POLR2J;POLR2L;PCBP2;LSM2;YBX1;SRRM1;PRPF31;PPWD1;PCBP1;GTF2F2;HNRNPC;CWC15;SNRPG;SNRPB2;PTBP1;RBM8A;U2AF1;HNRNPH1;CSTF1;PRPF6;HNRNPUL1;DDX46;HNRNPK;SRRM2;POLR2I;HNRNPM;PLRG1;HNRNPU;COLEC12;DDX23;HNRNPA3;SUGP1;LSM3"
"Nicotinamide Salvaging R-HSA-197264",0.997624703087886,0.999337363522372,0.0536769600638126,0.135866158361814,0.395476762410445,19,"SLC22A13;NAXD;PARP16;PARP6;CYP8B1;NNMT;PARP4;PTGS2;PARP9"
"EPHA-mediated Growth Cone Collapse R-HSA-3928663",1,1,0.0405756447890657,-0.156649859527045,-0.437582255446295,15,"NGEF;MYH11;ROCK2"
"Regulation Of Beta-Cell Development R-HSA-186712",1,1,0.051218434854034,0.145257061001632,0.520417381198573,40,"KAT2B;RBPJ;ONECUT1;HNF1A;MAFA;PKLR;PAX6;PTF1A;FOXO1;SLC2A2;RFX6"
