"pathway","pval","padj","log2err","ES","NES","size","leadingEdge"
"Eukaryotic Translation Elongation R-HSA-156842",3.68892789987143e-31,3.92870821336308e-28,1.45334466856494,-0.687163500228101,-4.52805103630095,87,"RPS12;RPL23;RPL30;RPS16;RPL19;RPLP2;RPS29;RPS7;RPL18;RPS13;EEF1D;RPS3;RPS6;RPL27A;RPS9;RPL21;RPS27A;RPS25;RPS17;RPLP0;RPL39;RPLP1;RPS20;RPL11;RPL12;RPL9;RPS14;RSL24D1;RPL27;RPS23;RPS2;RPL32;RPL28;FAU;RPL37;RPS27;RPS8;RPL8;EEF1B2;RPL35;RPL34;RPS19;RPS4X;RPL37A;RPL5;RPL29;RPL36;RPL35A;RPL36AL;RPL18A;RPS15;RPL36A;RPS3A;RPL15;RPL39L;UBA52"
"Translation Initiation Complex Formation R-HSA-72649",9.0048083584764e-22,4.79506045088868e-19,1.20397524075264,-0.707488684425688,-4.18007387748449,57,"RPS12;RPS16;RPS29;EIF4A1;RPS7;RPS13;RPS3;RPS6;RPS9;RPS27A;RPS25;RPS17;RPS20;EIF4B;RPS14;EIF3B;EIF3A;EIF4H;RPS23;RPS2;FAU;EIF3G;EIF3H;RPS27;RPS8;EIF1AX;EIF3J;EIF3K;PABPC1;RPS19;RPS4X;EIF3F;EIF4E;RPS15;EIF4G1;EIF3C;RPS3A"
"Ribosomal Scanning And Start Codon Recognition R-HSA-72702",2.24712956973091e-21,7.86733456256587e-19,1.19534448258848,-0.70032221783404,-4.13773205569559,57,"RPS12;RPS16;RPS29;EIF4A1;RPS7;RPS13;RPS3;RPS6;RPS9;RPS27A;RPS25;RPS17;RPS20;EIF4B;RPS14;EIF3B;EIF3A;EIF4H;RPS23;RPS2;FAU;EIF3G;EIF3H;RPS27;RPS8;EIF1AX;EIF3J;EIF3K;RPS19;RPS4X;EIF3F;EIF4E;RPS15;EIF4G1;EIF3C;RPS3A"
"mRNA Activation Upon Binding Of Cap-Binding Complex And eIFs, Subsequent Binding To 43S R-HSA-72662",2.9548674413393e-21,7.86733456256587e-19,1.19534448258848,-0.697021493181827,-4.06459115656276,58,"RPS12;RPS16;RPS29;EIF4A1;RPS7;RPS13;RPS3;RPS6;RPS9;RPS27A;RPS25;RPS17;RPS20;EIF4B;RPS14;EIF3B;EIF3A;EIF4H;RPS23;RPS2;FAU;EIF3G;EIF3H;RPS27;RPS8;EIF1AX;EIF3J;EIF3K;PABPC1;RPS19;RPS4X;EIF3F;EIF4E;RPS15;EIF4G1;EIF3C;RPS3A"
"Formation Of Ternary Complex, And Subsequently, 43S Complex R-HSA-72695",6.82608341631396e-19,1.45395576767487e-16,1.12391496374483,-0.701237030579908,-3.94839511350052,50,"RPS12;RPS16;RPS29;RPS7;RPS13;RPS3;RPS6;RPS9;RPS27A;RPS25;RPS17;RPS20;RPS14;EIF3B;EIF3A;RPS23;RPS2;FAU;EIF3G;EIF3H;RPS27;RPS8;EIF1AX;EIF3J;EIF3K;RPS19;RPS4X"
"SARS-CoV-2 Modulates Host Translation Machinery R-HSA-9754678",3.54627637288992e-14,6.29464056187961e-12,0.965327754226083,-0.635091625541299,-3.62496963981473,47,"RPS12;SNRPD3;RPS16;RPS29;RPS7;RPS13;RPS3;RPS6;RPS9;RPS27A;RPS25;RPS17;RPS20;SMN1;RPS14;RPS23;RPS2;FAU;RPS27;RPS8;SNRPG;RPS19;RPS4X"
"Complex I Biogenesis R-HSA-6799198",2.37645516907877e-06,0.000339128227273582,0.627256739718528,-0.395506937320614,-2.23389315556235,51,"TMEM126B;ACAD9;NDUFS4;NDUFV2;NDUFA12;NDUFB8;NDUFB2;NDUFAF3;NDUFA1;NDUFA10;NDUFV1;NDUFB3;NDUFA13;NDUFA3;NDUFS5;NDUFB1;NDUFB6;NDUFB4;NDUFA2;NDUFS7;NDUFS6;NDUFS2;NDUFA5"
"Formation Of ATP By Chemiosmotic Coupling R-HSA-163210",2.54744208280625e-06,0.000339128227273582,0.627256739718528,-0.687401987546027,-2.76988480449504,16,"ATP5MC2;ATP5F1A;ATP5MC1;ATP5F1B;ATP5PO;ATP5F1C;ATP5ME;ATP5PB;ATP5MC3;ATP5F1D;ATP5PF"
"Prefoldin Mediated Transfer Of Substrate To CCT/TriC R-HSA-389957",6.72585027641671e-06,0.000795892282709311,0.610526878385931,-0.541920233072629,-2.62386782058197,26,"TUBB4A;PFDN2;TUBA1C;VBP1;TUBB4B;CCT3;TUBB2B;TUBB;TUBA3D;PFDN5;CCT8;CCT7;CCT5"
"Cooperation Of Prefoldin And TriC/CCT In Actin And Tubulin Folding R-HSA-389958",9.81243051086362e-06,0.00104502384940698,0.593325476396405,-0.473086891086801,-2.34070379905509,30,"TUBB4A;PFDN2;TUBA1C;VBP1;TUBB4B;CCT3;TUBB2B;TUBB;TUBA3D;PFDN5"
"RHO GTPases Activate PAKs R-HSA-5627123",1.63589133147823e-05,0.00158384024365846,0.575610261071129,-0.565140540802771,-2.46911613026879,21,"MYLK;RNASE1;PPP1CB;CTTN;MYL6;CDC42;MYL12B"
"RHO GTPases Activate CIT R-HSA-5625900",1.84119794049305e-05,0.00163406317218759,0.575610261071129,-0.594907849339125,-2.5749147663115,19,"RNASE1;RHOA;PPP1CB;CDKN1B;MYL6;MYL12B;LLGL1"
"Nuclear Events Mediated By NFE2L2 R-HSA-9759194",2.69889638966032e-05,0.00221101896537557,0.575610261071129,-0.30669678696153,-1.95810759422163,76,"PRDX1;RBX1;PSMB7;GCLC;TALDO1;RPS27A;PSMB6;SEM1;PSMD3;SQSTM1;PHGDH;PSMA2;PSMD14;MYC;ATF4;PSME1;PSMD4;PSMA1;SLC7A11;SKP1;PSME2"
"Semaphorin Interactions R-HSA-373755",3.02449752351199e-05,0.00230077847324305,0.575610261071129,-0.33015810986847,-2.05263218526888,63,"RNASE1;PLXNB3;RHOA;SEMA4D;SEMA6A;ITGB1;DPYSL2;MYL6;PLXNB1;MYL12B;DPYSL5;FYN;TLN1"
"Gene And Protein Expression By JAK-STAT Signaling After Interleukin-12 Stimulation R-HSA-8950505",5.76651020793882e-05,0.00409422224763656,0.557332238758646,-0.435867001863149,-2.2601796084813,35,"HNRNPA2B1;HNRNPDL;PDCD4;CDC42;TALDO1;RPLP0;SNRPA1;TOX4;AURKAIP1;PPIA;HSPA9;PSME2"
"EPHB-mediated Forward Signaling R-HSA-3928662",8.23995694801707e-05,0.00542051894101378,0.538434096309916,-0.429993818549439,-2.12749113030107,30,"ARPC5;RNASE1;RHOA;CDC42;YES1;FYN;ACTR3;PTK2;WASL"
"mRNA Splicing - Minor Pathway R-HSA-72165",8.65247154903608e-05,0.00542051894101378,0.538434096309916,-0.359284744276374,-2.03232065518395,49,"YBX1;SF3B1;SNRPD3;POLR2I;SRSF1;POLR2L;TXNL4A;PRPF6;SNRPG;POLR2F;SF3B5;POLR2A;SNRPE;SRSF6;POLR2E;SF3B2"
"Olfactory Signaling Pathway R-HSA-381753",0.000103217711537115,0.00553394198390329,0.538434096309916,0.321707332254798,1.40033170860494,381,"OR52N1;OR51I2;OR5B2;OR2AG2;OR2L2;OR52E8;OR51M1;OR5L2;OR10G2;OR2T1;GNG13;OR2D2;OR6C6;OR2B2;OR2D3;OR5K4;OR1Q1;OR3A2;OR9A4;OR52W1;OR8J3;OR10W1;OR11A1;OR3A1;OR5AP2;OR2H1;OR2V2;OR8I2;OR4C45;OR8D2;OR6J1;OR2F2;OR51G2;OR4K13;OR4Q2;OR10Z1;OR5J2;OR2L5;OR6C3;OR2AP1;OR2K2;OR10V1;CNGA4;OR52A5;OR6C1;OR10X1;OR13J1;OR4C11;OR1S2;OR2AE1;OR52B6;OR7G3;OR52L1;OR6K3;OR2T6;OR4E2;OR4D5;OR8H2;OR1N2;OR5B12;OR2A5;OR1L1;OR6C2;OR6C75;OR5AL1;OR10H1;OR6B2;OR2T10;OR5H2;OR5M3;OR4K17;OR8U3;OR5D18;OR4C3;OR2W1;OR9A2;OR2W3;OR2G3;OR8H3;OR1G1;OR7G1;OR51A2;OR8J1;OR1D2;OR4C15;OR52E6;OR6N2;OR52I1;OR5D14;OR4C6;OR52H1;OR1L4;OR7G2;GNAL;OR51L1;OR2A12;OR10Q1;OR5K1;OR2A7;OR51B4;OR1J1;OR6X1;OR12D3;OR5H14;OR5C1;OR52E5;OR8D1;OR5M1;GNB1;OR6B3;OR52I2;OR51F2;OR10J1;OR4K15;OR5A2;OR51E1;OR10A5;OR4D10;OR6Y1;OR2L8;OR2J1;OR13C2;OR7A5;OR5M8;OR6K6;OR9I1;OR4S2;OR1L8;OR4D6;OR5T3;OR1J4;OR2C1;OR2AG1;OR52K1;OR5P3;OR2C3;OR51G1;OR8K5;OR4C5;OR5M9;OR11H1;OR8B8;OR5AU1;OR56A3;OR13C5;OR5AN1;OR5AC2;OR5AS1;CNGA2;OR5M10;OR2L13;OR10AG1;OR13G1;OR51B5;OR2M4;OR14K1;OR52N5;OR6N1;OR2T35;RTP1;OR13D1;OR5K3;OR2S2;CNGB1;OR5T1;OR10H5;OR51V1;OR8K1;OR4K14;LDB2;OR10H3;OR51D1;OR6K2;OR14I1;OR6B1;OR1I1;LHX2;OR56B1;OR5K2;OR5P2;OR11L1;OR2G6;OR10K2;OR1N1;OR56A1;OR4C16;OR10J4;OR2AK2;OR6C68;OR2T3;OR9G9;OR5B3;OR13A1;OR4A15;OR13C3;OR52N2;OR2B6;OR4N4;OR10A2;OR51E2;OR4D1;OR51F1;OR6P1;OR10G6;OR2AT4;OR6C65;OR5T2;OR2M2"
"RHO GTPases Activate PKNs R-HSA-5625740",0.000103923793124944,0.00553394198390329,0.538434096309916,-0.333789522365341,-1.99080886703327,59,"RNASE1;H3-3B;RHOA;YWHAE;H2AC6;PPP1CB;YWHAQ;MYL6;MYL12B;PPP1R14A;KDM1A"
"Sema4D In Semaphorin Signaling R-HSA-400685",0.00010213594143991,0.00553394198390329,0.538434096309916,-0.469968338334051,-2.20335115909378,23,"RNASE1;RHOA;SEMA4D;MYL6;PLXNB1;MYL12B"
"Cristae Formation R-HSA-8949613",0.000163149491478915,0.00827400992500213,0.518848077743792,-0.427874477287626,-2.13418230792943,29,"ATP5MC2;ATP5F1A;ATP5MC1;ATP5F1B;ATP5PO;ATP5F1C;ATP5ME;ATP5PB;ATP5MC3;MICOS13;HSPA9;ATP5F1D;ATP5PF"
"Antigen Presentation: Folding, Assembly, Peptide Loading Of Class I MHC R-HSA-983170",0.000173895382323283,0.00841811737155891,0.518848077743792,-0.423435004292194,-2.09794871428364,28,"HLA-B;B2M;CALR;PDIA3;CANX;HLA-C;HLA-A;SAR1B"
"Interleukin-12 Family Signaling R-HSA-447115",0.000202824511791442,0.00917176758062186,0.518848077743792,-0.318535676214835,-1.81982305204973,54,"HNRNPA2B1;HNRNPDL;PDCD4;CANX;CDC42;TALDO1;RPLP0;SNRPA1;TOX4;AURKAIP1;PPIA;STAT1;STAT3;HSPA9;EBI3;PSME2"
"Signaling By ALK Fusions And Activated Point Mutants R-HSA-9725370",0.00020668772012669,0.00917176758062186,0.518848077743792,-0.332425367676674,-1.96174616357287,55,"RBX1;PRKAR1A;RPS6;NPM1;HIP1;RRBP1;PPM1B;SQSTM1;TPM4;RNF213;ALK;GRB2;FN1;STAT3;TPM3;MECP2;SKP1;TPR;CLTC;KIF5B"
"Expression And Translocation Of Olfactory Receptors R-HSA-9752946",0.000248354604182293,0.0105799061381657,0.49849310876659,0.317508258736656,1.38059460256058,373,"OR52N1;OR51I2;OR5B2;OR2AG2;OR2L2;OR52E8;OR51M1;OR5L2;OR10G2;OR2T1;OR2D2;OR6C6;OR2B2;OR2D3;OR5K4;OR1Q1;OR3A2;OR9A4;OR52W1;OR8J3;OR10W1;OR11A1;OR3A1;OR5AP2;OR2H1;OR2V2;OR8I2;OR4C45;OR8D2;OR6J1;OR2F2;OR51G2;OR4K13;OR4Q2;OR10Z1;OR5J2;OR2L5;OR6C3;OR2AP1;OR2K2;OR10V1;OR52A5;OR6C1;OR10X1;OR13J1;OR4C11;OR1S2;OR2AE1;OR52B6;OR7G3;OR52L1;OR6K3;OR2T6;OR4E2;OR4D5;OR8H2;OR1N2;OR5B12;OR2A5;OR1L1;OR6C2;OR6C75;OR5AL1;OR10H1;OR6B2;OR2T10;OR5H2;OR5M3;OR4K17;OR8U3;OR5D18;OR4C3;OR2W1;OR9A2;OR2W3;OR2G3;OR8H3;OR1G1;OR7G1;OR51A2;OR8J1;OR1D2;OR4C15;OR52E6;OR6N2;OR52I1;OR5D14;OR4C6;OR52H1;OR1L4;OR7G2;OR51L1;OR2A12;OR10Q1;OR5K1;OR2A7;OR51B4;OR1J1;OR6X1;OR12D3;OR5H14;OR5C1;OR52E5;OR8D1;OR5M1;OR6B3;OR52I2;OR51F2;OR10J1;OR4K15;OR5A2;OR51E1;OR10A5;OR4D10;OR6Y1;OR2L8;OR2J1;OR13C2;OR7A5;OR5M8;OR6K6;OR9I1;OR4S2;OR1L8;OR4D6;OR5T3;OR1J4;OR2C1;OR2AG1;OR52K1;OR5P3;OR2C3;OR51G1;OR8K5;OR4C5;OR5M9;OR11H1;OR8B8;OR5AU1;OR56A3;OR13C5;OR5AN1;OR5AC2;OR5AS1;OR5M10;OR2L13;OR10AG1;OR13G1;OR51B5;OR2M4;OR14K1;OR52N5;OR6N1;OR2T35;RTP1;OR13D1;OR5K3;OR2S2;OR5T1;OR10H5;OR51V1;OR8K1;OR4K14;LDB2;OR10H3;OR51D1;OR6K2;OR14I1;OR6B1;OR1I1;LHX2;OR56B1;OR5K2;OR5P2;OR11L1;OR2G6;OR10K2;OR1N1;OR56A1;OR4C16;OR10J4;OR2AK2;OR6C68;OR2T3;OR9G9;OR5B3;OR13A1;OR4A15;OR13C3;OR52N2;OR2B6;OR4N4;OR10A2;OR51E2;OR4D1;OR51F1;OR6P1;OR10G6;OR2AT4;OR6C65;OR5T2;OR2M2"
"Chaperone Mediated Autophagy R-HSA-9613829",0.000336647430165867,0.0137895966587173,0.49849310876659,-0.518898892516756,-2.1916733479313,18,"LAMP2;RNASE1;GFAP;RPS27A;PLIN3"
"Post-chaperonin Tubulin Folding Pathway R-HSA-389977",0.000615414383351925,0.024274678454437,0.477270815362862,-0.469758754006634,-2.05239021643209,21,"TUBB4A;TUBA1C;TBCB;TUBB4B;ARL2;TUBB2B;TUBB;TUBA3D"
"GSK3B And BTRC:CUL1-mediated-degradation Of NFE2L2 R-HSA-9762114",0.000776207785207259,0.0285055617670942,0.477270815362862,-0.312378208819679,-1.75888114785906,50,"RBX1;PSMB7;RPS27A;PSMB6;SEM1;PSMD3;PSMA2;PSMD14;PSME1;PSMD4;PSMA1;SKP1;PSME2"
"RHO GTPases Activate WASPs And WAVEs R-HSA-5663213",0.000775648161685004,0.0285055617670942,0.477270815362862,-0.383613990554069,-1.95239988150406,33,"ARPC5;RNASE1;CDC42;WASF2;ABL1;ACTR3;GRB2;PTK2;WASL;WIPF1"
"Basigin Interactions R-HSA-210991",0.00103713780211421,0.0356307019113431,0.45505986738723,-0.404412850653426,-1.94426880811411,25,"MAG;ITGB1;ATP1B1;SLC16A1;SLC7A10;PPIA;SLC7A11"
"Interleukin-12 Signaling R-HSA-9020591",0.00102087225042896,0.0356307019113431,0.45505986738723,-0.322445716351513,-1.78002284377659,44,"HNRNPA2B1;HNRNPDL;PDCD4;CDC42;TALDO1;RPLP0;SNRPA1;TOX4;AURKAIP1;PPIA"
"Blood Group Systems Biosynthesis R-HSA-9033658",0.00111460285990957,0.0357233007370651,0.45505986738723,0.570667788846841,1.81909972872701,22,"FUT10;B3GALT4;FUT4;ST3GAL3;FUT11;FUT9;FUT5;FUT7;ST6GALNAC6;FUT2;FUT3;B3GALT1;ABO;B3GALT5"
"Formation Of Tubulin Folding Intermediates By CCT/TriC R-HSA-389960",0.0011466514098603,0.0357233007370651,0.45505986738723,-0.411432018873062,-1.98336938220144,24,"TUBB4A;TUBA1C;TUBB4B;CCT3;TUBB2B;TUBB;TUBA3D;CCT8;CCT7;CCT5"
"N-glycan Trimming In ER And Calnexin/Calreticulin Cycle R-HSA-532668",0.00117400518854204,0.0357233007370651,0.45505986738723,-0.365151118143935,-1.88551401721024,34,"CALR;PDIA3;CANX;RAD23B;MARCHF6;RPS27A;UBXN1;VCP"
"Negative Regulation Of NOTCH4 Signaling R-HSA-9604323",0.00116266006298854,0.0357233007370651,0.45505986738723,-0.29922360714249,-1.70707029014364,52,"RBX1;PSMB7;RPS27A;PSMB6;SEM1;PSMD3;PSMA2;PSMD14;PSME1;PSMD4;PSMA1;SKP1;PSME2;YWHAZ;UBA52;PSMD10"
"GPCR Ligand Binding R-HSA-500792",0.001224148231351,0.036214385177467,0.45505986738723,0.301281081213932,1.31606497813308,447,"HTR6;CCL23;RXFP2;ADRA2B;GPNMB;GPR35;CCR3;GNRH2;CCL17;GIPR;NPS;PLPPR2;FFAR3;GNG13;C5AR2;TAS2R50;AGTR2;LPAR4;QRFP;CRHR2;PLPPR3;LPAR6;ACKR3;MC1R;MTNR1B;TAS2R1;UTS2;CCKAR;IAPP;PTGDR2;BDKRB2;SFTPA2;UBD;FSHB;CXCL8;ADRA1B;HTR1F;TAS1R1;GABBR2;FZD7;CCL20;GRM2;DRD2;GPR183;GPR31;SHH;CYSLTR2;ADRA1A;GNRHR;WNT7B;TRHR;TAAR1;CASR;CHRM1;PTAFR;CXCL11;CXCL5;CCL1;TAS2R14;GLP2R;ADORA2B;PMCH;CCL11;NPY2R;RLN2;PTH2R;P2RY6;RAMP1;EDN3;GNB5;HCAR2;CX3CR1;LPAR3;CCL7;P2RY14;CALCA;F2RL3;CCL13;NPFFR2;SMOX;RXFP3;PLPPR4;NPSR1;OPN5;FZD10;GCG;TAS2R19;CHRM4;TSHB;PTHLH;GHRH;HRH4;QRFPR;CCKBR;HTR2C;GPHA2;CNOT6;EDNRA;CYSLTR1;WNT8B;KEL;TACR3;WNT4;OPN3;SUCNR1;HCRTR1;HRH2;CXCL10;ACKR1;FPR3;FPR2;GPRC6A;NMUR2;WNT5A;GNG10;OPN1MW3;FZD9;UCN3;NTS;GNB1;RHO;CXCL1;ADRB2;S1PR3;TAS2R13;PPY;NPW;CXCL6;ADRA2C;SSTR1;GNG3;AVPR2;AVPR1A;GNG4;UTS2B;NLRP3;MC5R;PTGER1;CCR7;LPAR5;CXCR6;CCR2;TAS2R46;FZD8;TAS2R45;MRLN;SSTR2;CCR5;LHB;HTR7;OXER1;CCR8;OPN4;P2RY2;INSL5;PDYN;MC2R;TAC3;TAS2R9;RXFP1;UTS2R;CHRM5;CRH;NMS;CHGA;TAAR6;CXCL16;DHH;FFAR2;RXFP4;XK;GNGT2;INSL3;PROK1;MCHR2;GNG2;NPBWR2;LHCGR;OPN1SW;GNGT1;P2RY12;CCL22;TAS2R43;PYY;GRM5;OPN1LW;PTGER2;CD200R1;CCL28;TAS2R4;GAL;F2RL2;GHSR;PNOC;ADORA1;PRLHR;OXGR1;PENK;MCHR1;SCTR"
"FCGR3A-mediated Phagocytosis R-HSA-9664422",0.00129581681180701,0.037298510934445,0.45505986738723,-0.291654362872597,-1.68068605589575,56,"ARPC5;RNASE1;MYO9B;CDC42;YES1;WASF2;ABL1;FYN;ACTR3;GRB2;PTK2;WASL;WIPF1"
"Lewis Blood Group Biosynthesis R-HSA-9037629",0.00137779232547273,0.0376243288879091,0.45505986738723,0.597264243309484,1.80711202065339,18,"FUT10;B3GALT4;FUT4;ST3GAL3;FUT11;FUT9;FUT5;FUT7;ST6GALNAC6;FUT2;FUT3;B3GALT1;B3GALT5"
"Nuclear Signaling By ERBB4 R-HSA-1251985",0.00134305471462423,0.0376243288879091,0.45505986738723,-0.376656786484275,-1.89586291367412,32,"S100B;SPARC;PSENEN;GFAP;APOE;WWOX;STMN1;PSEN1"
"RHOG GTPase Cycle R-HSA-9013408",0.00147479479189379,0.0383086939845582,0.45505986738723,-0.263549819991569,-1.70353780582626,74,"PGRMC2;KTN1;PREX1;VAMP3;ITGB1;RAB7A;CDC42;ERBIN;HSPE1;ARHGDIA;DOCK4;MAP3K11;PLEKHG3;ARHGAP1;RHOG;CDC42EP1;DOCK5;LAMTOR1;TFRC;NDUFA5;ARHGAP21;ARHGAP5;ELMO2;ESYT1;STBD1;PIK3R1;NDUFS3"
"trans-Golgi Network Vesicle Budding R-HSA-199992",0.00144286984793808,0.0383086939845582,0.45505986738723,-0.261702698720225,-1.64981950603409,70,"FTH1;SORT1;APP;IGF2R;DNM2;STX4;DNAJC6;HIP1R;RAB5C;CLTA;PICALM;CTSZ;AP3B1"
"Class A/1 (Rhodopsin-like Receptors) R-HSA-373076",0.00153708308429541,0.0387277459962675,0.45505986738723,0.313546369140549,1.35493567798902,318,"HTR6;CCL23;RXFP2;ADRA2B;GPNMB;GPR35;CCR3;GNRH2;CCL17;NPS;PLPPR2;FFAR3;C5AR2;AGTR2;LPAR4;QRFP;PLPPR3;LPAR6;ACKR3;MC1R;MTNR1B;UTS2;CCKAR;PTGDR2;BDKRB2;SFTPA2;FSHB;CXCL8;ADRA1B;HTR1F;CCL20;DRD2;GPR183;GPR31;CYSLTR2;ADRA1A;GNRHR;TRHR;TAAR1;CHRM1;PTAFR;CXCL11;CXCL5;CCL1;ADORA2B;PMCH;CCL11;NPY2R;RLN2;P2RY6;EDN3;HCAR2;CX3CR1;LPAR3;CCL7;P2RY14;F2RL3;CCL13;NPFFR2;RXFP3;PLPPR4;NPSR1;OPN5;CHRM4;TSHB;HRH4;QRFPR;CCKBR;HTR2C;GPHA2;CNOT6;EDNRA;CYSLTR1;KEL;TACR3;OPN3;SUCNR1;HCRTR1;HRH2;CXCL10;ACKR1;FPR3;FPR2;NMUR2;OPN1MW3;NTS;RHO;CXCL1;ADRB2;S1PR3;PPY;NPW;CXCL6;ADRA2C;SSTR1;AVPR2;AVPR1A;UTS2B;NLRP3;MC5R;PTGER1;CCR7;LPAR5;CXCR6;CCR2;MRLN;SSTR2;CCR5;LHB;HTR7;OXER1;CCR8;OPN4;P2RY2;INSL5;PDYN;MC2R;TAC3;RXFP1;UTS2R;CHRM5;NMS;CHGA;TAAR6;CXCL16;FFAR2;RXFP4;XK;INSL3;PROK1;MCHR2;NPBWR2;LHCGR;OPN1SW;P2RY12;CCL22;PYY;OPN1LW;PTGER2;CD200R1;CCL28;GAL;F2RL2;GHSR;PNOC;ADORA1;PRLHR;OXGR1;PENK;MCHR1"
"EPHA-mediated Growth Cone Collapse R-HSA-3928663",0.00156365547214977,0.0387277459962675,0.45505986738723,-0.516180541369424,-1.98601753181999,15,"RHOA;MYL6;MYL12B;YES1;FYN;MYH14;ROCK1"
"Sema4D Induced Cell Migration And Growth-Cone Collapse R-HSA-416572",0.00170708465720806,0.0405326461756637,0.45505986738723,-0.455383188489003,-1.97101601142587,19,"RHOA;SEMA4D;MYL6;PLXNB1;MYL12B"
"Signaling By ERBB4 R-HSA-1236394",0.00171264702150692,0.0405326461756637,0.45505986738723,-0.286791869354133,-1.65266547368031,56,"S100B;SPARC;PSENEN;ERBB3;GFAP;APOE;WWOX;STMN1;PSEN1;RPS27A;LLGL1"
"Late SARS-CoV-2 Infection Events R-HSA-9772573",0.00188209838156962,0.0435746690515576,0.45505986738723,-0.283527498453833,-1.67517292633092,57,"DAD1;SRPK2;GOLGA7;CANX;ZDHHC20;RPS27A;MAGT1;DDOST;ST6GALNAC3;MAN2A1;ZDHHC3;ZDHHC11;PRMT1"
"NIK To Noncanonical NF-kB Signaling R-HSA-5676590",0.00193846446745538,0.0436288628722601,0.45505986738723,-0.283166916043868,-1.67304248785783,57,"FBXW11;PSMB7;RPS27A;PSMB6;SEM1;PSMD3;UBA3;PSMA2;PSMD14;PSME1;PSMD4;PSMA1;NFKB2;SKP1;PSME2"
"SCF(Skp2)-mediated Degradation Of P27/P21 R-HSA-187577",0.00196637128438355,0.0436288628722601,0.431707695803346,-0.284134153287859,-1.65689175732492,58,"PSMB7;CDKN1B;RPS27A;PSMB6;SEM1;PSMD3;PSMA2;PSMD14;PSME1;PSMD4;PSMA1;SKP1;PSME2;CDK2;CCND1;UBA52;PSMD10;CKS1B;PSMD8"
"Keratinization R-HSA-6805567",0.00253438170945597,0.05508401062389,0.431707695803346,0.330955477179588,1.39267399532048,192,"SPRR2B;KRTAP12-1;KRTAP1-1;KRTAP10-4;KRT14;KRTAP6-1;LCE1A;SPINK9;KRT2;KRTAP19-8;KRT81;KRTAP25-1;KRTAP4-1;RPTN;KRT5;KRTAP13-1;KRT23;KRTAP1-4;LIPM;KRT1;KRT25;PRSS8;SPRR1B;CASP14;KRTAP21-3;LCE2D;KRTAP1-5;KRT71;KRT32;KRTAP19-5;KRTAP9-1;KRTAP15-1;KLK13;KRTAP5-2;KRT15;PKP3;KRTAP6-3;KRT19;KRTAP4-3;KRTAP19-2;DSG4;KRTAP5-10;PPL;KRT86;KRT26;TCHH;KRTAP2-2;SPRR1A;KRT7;KRTAP5-4;KRT84;SPRR2A;KRT40;KRTAP10-5;PERP;KRTAP3-2;CDSN;TGM1;KRT20;KRT4;KRTAP19-4;SPRR2E;LCE3B;LCE3C;KRT39;DSG3;KRT9;SPRR2G;LIPJ;CSTA;KRTAP10-8;KLK5;KRT3;KRTAP9-6;KRT73;KRTAP1-3;KRT83;LELP1;KRTAP13-4;LCE2B;KRT76;KRTAP3-3;KRT74;KRT17;LCE3E;LIPK;KRTAP26-1;KRTAP10-6;LCE1F;DSG2;KRT80;SPRR2F;KRT6A;KRT33B;KRTAP13-2;LORICRIN;KRT78;KRT27;KLK8;SPRR3;LCE2C;KRTAP22-1;KRTAP19-7;PKP1;KRTAP20-1;KRTAP24-1;DSPP;KRTAP10-11;KRTAP13-3;KRTAP21-2;KRTAP27-1;KRTAP4-4;KRT10;CELA2A;KRTAP19-6;KRT38;KRTAP23-1;KRTAP20-2;KRT24"
"FGFR2 Alternative Splicing R-HSA-6803529",0.00260304538290268,0.0554448666558272,0.431707695803346,-0.375503609458249,-1.80528376886223,25,"TIAL1;POLR2I;HNRNPH1;POLR2L;POLR2F;HNRNPA1;POLR2A;POLR2E;PTBP1;NCBP2;POLR2C"
"Amyloid Fiber Formation R-HSA-977225",0.00268621189018743,0.0560944247656786,0.431707695803346,-0.243967102738868,-1.50142095562197,75,"H3-3B;B2M;TSPAN15;PSENEN;APP;H2AC6;ITM2B;HSPG2;APOE;RPS27A;MFGE8;BACE1;H2AB1;SAA2"
"Calnexin/calreticulin Cycle R-HSA-901042",0.00334675264962568,0.0685440686894489,0.431707695803346,-0.367285324656047,-1.76577326673229,25,"CALR;PDIA3;CANX;MARCHF6;RPS27A"
"Antimicrobial Peptides R-HSA-6803157",0.00348368574645197,0.0687060244439138,0.431707695803346,0.388312891679252,1.53431774214727,84,"DEFB118;REG3G;HTN1;DEFB107A;DEFB126;HTN3;LYZ;DEFB129;DCD;ELANE;DEFB115;DEFB124;LEAP2;BPIFB4;DEFB128;BPIFB2;DEFB136;GNLY;ATP7A;S100A8;DEFB127;S100A9;RNASE6;BPIFB1;DEFB130A;RNASE3;DEFB131A;PGLYRP2;CTSG;PRSS3;DEFB132;RO60;LCN2;ITLN1;CCR2;SEMG1;PRTN3;PRSS2;CHGA;BPIFA1;DEFA5;BPIFB6;BPI;DEFB1;SLC11A1;PGLYRP1;DEFB106A;RNASE7;CCR6;DEFB134;TRIM21;DEFB135;DEFB121;DEFB119"
"RHOC GTPase Cycle R-HSA-9013106",0.00345870749917464,0.0687060244439138,0.431707695803346,-0.249327282393931,-1.53076582386654,73,"ANLN;RHOA;PREX1;VAMP3;MYO9B;FMNL2;RTKN;ERBIN;ARHGDIA"
"RNA Polymerase II Transcription Termination R-HSA-73856",0.00355225334944694,0.0687845421301999,0.431707695803346,-0.24922314666869,-1.59721071210517,67,"SNRPD3;SRSF5;SRSF1;DDX39B;CPSF2;SRSF9;CSTF3;SRSF4;SNRPG;THOC1;U2AF1;SNRPE;SRRM1;RBM8A;SRSF6;POLDIP3;CHTOP;SRSF3;CPSF7;PCF11;CASC3;NCBP2;NUDT21;SRSF2"
"Aggrephagy R-HSA-9646399",0.00387251223804337,0.0736468845270748,0.431707695803346,-0.362891135810161,-1.70134142982169,23,"DYNC1LI2;DYNC1I2;RPS27A;DYNC1H1;VCP"
"Nuclear Events Stimulated By ALK Signaling In Cancer R-HSA-9725371",0.00434487991946067,0.0811806511267652,0.407017918923954,-0.423493172719038,-1.8329877897522,19,"RBX1;RPS6;NPM1;ALK;FN1;STAT3;MECP2;SKP1;CLTC;KIF5B"
"NR1H2 And NR1H3-mediated Signaling R-HSA-9024446",0.0048743367739689,0.0895029080047737,0.407017918923954,-0.289326019107068,-1.63275330746185,45,"SCD;APOD;SREBF1;APOE;NR1H2;KDM1A;NCOR2;ABCG1;GPS2;FASN"
"Golgi Associated Vesicle Biogenesis R-HSA-432722",0.00507493571644701,0.0916068904748485,0.407017918923954,-0.265849472353927,-1.5188220167798,54,"FTH1;SORT1;IGF2R;DNM2;DNAJC6;HIP1R;RAB5C;CLTA;PICALM;AP3B1"
"RET Signaling R-HSA-8853659",0.00537857329481691,0.0954696759830002,0.407017918923954,0.448559843079836,1.60667669631876,40,"DOK6;DOK2;SHC3;GDNF;GFRA2;NRTN;GRB7;GFRA4;PRKACG;PSPN;RET;IRS2;PIK3R2;DOK1;SHANK3;DOK4;GFRA3;PIK3R3;PIK3CA;DOK5;MAPK7;SOS1;SHC1;PDLIM7"
"RHO GTPases Activate ROCKs R-HSA-5627117",0.00614839445864319,0.107344919646803,0.407017918923954,-0.410211516337312,-1.73261045713629,18,"RHOA;PPP1CB;MYL6;MYL12B"
"FBXL7 Down-Regulates AURKA During Mitotic Entry And In Early Mitosis R-HSA-8854050",0.00625742403059725,0.107486396654614,0.407017918923954,-0.272123544370575,-1.54925315352445,53,"RBX1;PSMB7;RPS27A;PSMB6;SEM1;PSMD3;PSMA2;PSMD14;PSME1;PSMD4;PSMA1;SKP1;PSME2"
"Potassium Channels R-HSA-1296071",0.00707666196839822,0.117760078067877,0.407017918923954,0.357224070988771,1.43916310708172,102,"KCNV1;GNG13;KCNG1;KCNJ6;KCNK10;KCNG3;KCNQ2;UBD;KCNS1;GABBR2;KCNC1;KCNJ14;KCNMB1;KCNB1;KCNAB1;KCNN1;KCNJ15;KCNS2;KCNC3;KCNAB2;KCNJ1;GNB5;KCND1;KCND3;KCNV2;KCNA4;ABCC8;KCNK3;KCNK16;GNG10;KCNQ5;GNB1;HCN1;KCNN2;GNG3;GNG4;KCNK18;KCNG4;KCNA6;KCNA2;KCNMB3;KCNJ4;GNGT2;KCNA1;KCNH5;GNG2;GNGT1;KCNN4"
"Vif-mediated Degradation Of APOBEC3G R-HSA-180585",0.00703234317099,0.117760078067877,0.407017918923954,-0.26739771227072,-1.52550360123275,52,"RBX1;PSMB7;RPS27A;PSMB6;SEM1;PSMD3;PSMA2;PSMD14;PSME1;PSMD4;PSMA1;PSME2"
"Degradation Of GLI1 By Proteasome R-HSA-5610780",0.00723902744603796,0.118608680462006,0.407017918923954,-0.262733158547273,-1.53209461001293,58,"RBX1;PSMB7;RPS27A;PSMB6;SEM1;PSMD3;PSMA2;PRKACB;PSMD14;PSME1;PSMD4;PSMA1;SKP1;PSME2"
"Dectin-1 Mediated Noncanonical NF-kB Signaling R-HSA-5607761",0.00798388803318917,0.12690807097532,0.380730400722792,-0.262472732134579,-1.60649167962034,60,"FBXW11;PSMB7;RPS27A;PSMB6;SEM1;PSMD3;UBA3;PSMA2;PSMD14;PSME1;PSMD4;PSMA1;NFKB2;RELA;SKP1;PSME2"
"EPH-Ephrin Signaling R-HSA-2682334",0.00794776378835788,0.12690807097532,0.380730400722792,-0.223918268839769,-1.47550524573856,87,"ARPC5;RNASE1;RHOA;PSENEN;MYL6;CDC42;MYL12B;PSEN1;YES1;CLTA;FYN;ACTR3;PTK2;WASL;CLTCL1;MYH14;EFNA1"
"Recycling Pathway Of L1 R-HSA-437239",0.00826188771618007,0.129395741437232,0.380730400722792,-0.325966180569325,-1.61503022304093,28,"SHTN1;RDX;DNM2;DPYSL2;CLTA"
"Signaling By NOTCH4 R-HSA-9013694",0.00881636363316613,0.136078656077129,0.380730400722792,-0.228439703027192,-1.49220437095677,79,"PSENEN;RBX1;PSMB7;PSEN1;RPS27A;PSMB6;SEM1;PSMD3;PSMA2;PSMD14;RBPJ;PSME1;PSMD4;PSMA1;SKP1;PSME2;NCSTN;YWHAZ"
"AUF1 (hnRNP D0) Binds And Destabilizes mRNA R-HSA-450408",0.00983978888562509,0.148196815367449,0.380730400722792,-0.261918757411483,-1.49115528325753,53,"PSMB7;RPS27A;PSMB6;SEM1;PSMD3;HNRNPD;PABPC1;PSMA2;PSMD14;PSME1;PSMD4;PSMA1;PSME2;EIF4G1;UBA52;PSMD10"
"TRAF6 Mediated IRF7 Activation R-HSA-933541",0.00987978769116326,0.148196815367449,0.380730400722792,0.514192032169061,1.63907373872011,22,"IFNA6;TRAF6;TANK;IRF3;TRIM25;IFNA8;CREBBP;TRIM4;RNF135;SIKE1;IFNA5;IRF7"
"Complement Cascade R-HSA-166658",0.0101442213575454,0.150049940913692,0.380730400722792,0.406605893774442,1.52851236211266,54,"VTN;CR1;COLEC11;C5AR2;C4BPA;CFHR4;ELANE;FCN3;C8B;CFHR3;AKR1C1;C8A;MASP1;C1R;CD19;CFI;FCN2"
"GLI3 Is Processed To GLI3R By Proteasome R-HSA-5610785",0.0103027039083823,0.150244100007986,0.380730400722792,-0.255681493929105,-1.49097373508093,58,"RBX1;PSMB7;RPS27A;PSMB6;SEM1;PSMD3;PSMA2;PRKACB;PSMD14;PSME1;PSMD4;PSMA1;SKP1;PSME2"
"Phase I - Functionalization Of Compounds R-HSA-211945",0.0104394961507897,0.150244100007986,0.380730400722792,0.357465295372087,1.43873719571225,100,"FMO3;CYP21A2;CYP3A5;CYP3A43;CYP1A1;CYP26C1;CYP24A1;CYP39A1;ADH1A;CYP2F1;ADH7;CYP3A4;CYP8B1;MTARC2;SMOX;CYP4F2;NR1H4;AOC1;CYP11A1;CYP2C9;CYP2C19;CYP2R1;CES3;ADH6;BPHL;CYP2U1;FMO4;PTGS1;CYP2C8;CMBL;TBXAS1;AHR;CYP4F8;AADAC;CYP2E1;CYP4B1;ALDH3A1;CYP19A1;AOC2;NCOA1;PTGIS;CYP1A2;CYP7A1;CYP4F22;FMO1;CYP2B6;FDX2;FDXR;MTARC1"
"Regulation Of mRNA Stability By Proteins That Bind AU-rich Elements R-HSA-450531",0.0107367025388578,0.152461176051781,0.380730400722792,-0.220237533642486,-1.45125110997775,87,"ENPP2;PSMB7;RPS27A;PSMB6;KHSRP;SEM1;ZFP36;PSMD3;HNRNPD;PABPC1;PSMA2;PSMD14;PSME1;PSMD4;PSMA1;PSME2;EXOSC3;YWHAZ;EIF4G1;EXOSC6;UBA52;PSMD10;ANP32A;PSMD8;DIS3;XPO1;MAPKAPK2;PSMC5"
"TRP Channels R-HSA-3295583",0.0109328822564021,0.15320420530353,0.380730400722792,0.491903521186492,1.6103256537651,25,"TRPC4;TRPC7;TRPM1;TRPV1;TRPV2;TRPV6;TRPC5;TRPM2;MCOLN2;TRPA1;TRPM4;TRPM8;MCOLN3;TRPM7;TRPM3;TRPM6;TRPV5;TRPC3;TRPC4AP"
"Carboxyterminal Post-Translational Modifications Of Tubulin R-HSA-8955332",0.0124532328043292,0.171039815265866,0.380730400722792,-0.286452671281708,-1.51798616795825,37,"TUBB4A;TUBA1C;AGTPBP1;TUBB4B;SVBP;TTLL7;TUBB2B;AGBL5;TUBB;TUBA3D"
"Signal Transduction By L1 R-HSA-445144",0.0125268597096127,0.171039815265866,0.380730400722792,-0.375254080284784,-1.64709789764675,20,"RNASE1;NCAM1;ITGAV;ITGB1"
"Abortive Elongation Of HIV-1 Transcript In Absence Of Tat R-HSA-167242",0.0131481770828643,0.175759491372062,0.380730400722792,-0.326596257974589,-1.53118026230207,23,"POLR2I;POLR2L;POLR2F;POLR2A;POLR2E;CTDP1;NCBP2;POLR2C;POLR2H;POLR2G;POLR2J;NCBP1;POLR2D;NELFCD;NELFB;NELFE;POLR2B;POLR2K;GTF2F2;GTF2F1;NELFA;SUPT5H;SUPT4H1"
"Defective Intrinsic Pathway For Apoptosis R-HSA-9734009",0.0132025909011877,0.175759491372062,0.380730400722792,-0.332894553777689,-1.60476782354653,24,"PRDX1;YWHAE;APP;CAPNS1;LMNA"
"VLDLR Internalisation And Degradation R-HSA-8866427",0.0137111052205658,0.180275642714846,0.380730400722792,-0.431411918814719,-1.65986813824688,15,"NR1H2;RPS27A;CLTA"
"Degradation Of GLI2 By Proteasome R-HSA-5610783",0.014392258687879,0.186923847592575,0.380730400722792,-0.247993468554736,-1.44614200427526,58,"RBX1;PSMB7;RPS27A;PSMB6;SEM1;PSMD3;PSMA2;PRKACB;PSMD14;PSME1;PSMD4;PSMA1;SKP1;PSME2"
"Deregulated CDK5 Triggers Neurodegenerative Pathways In Alzheimers Disease Models R-HSA-8862803",0.0152019380010957,0.192738856799607,0.380730400722792,-0.369916285089996,-1.61617544738057,21,"PRDX1;YWHAE;APP;CAPNS1;LMNA"
"Oxygen-dependent Proline Hydroxylation Of Hypoxia-inducible Factor Alpha R-HSA-1234176",0.015041422638354,0.192738856799607,0.380730400722792,-0.231684788559125,-1.44041185001674,63,"RBX1;PSMB7;RPS27A;PSMB6;SEM1;PSMD3;PSMA2;PSMD14;PSME1;PSMD4;PSMA1;PSME2;EPAS1;AJUBA;UBA52;PSMD10"
"Formation Of HIV Elongation Complex In Absence Of HIV Tat R-HSA-167152",0.0155409555556204,0.193812492197103,0.380730400722792,-0.263023371142355,-1.45198892507577,44,"POLR2I;SSRP1;POLR2L;CDK9;CDK7;POLR2F;ELOA2;POLR2A;POLR2E;CTDP1;NCBP2;POLR2C;ELOB;ELOC;CCNH;POLR2H;POLR2G;GTF2H1;POLR2J;NCBP1;POLR2D;ELL;ELOA;TCEA1;MNAT1;NELFCD;SUPT16H;NELFB;NELFE;POLR2B;GTF2H3;POLR2K;GTF2F2;GTF2F1;ERCC2;ERCC3;CCNT2;NELFA;GTF2H5;CCNK;SUPT5H;SUPT4H1;GTF2H4"
"mRNA 3-End Processing R-HSA-72187",0.015650586224367,0.193812492197103,0.352487857583619,-0.246158777359987,-1.43544323863009,58,"SRSF5;SRSF1;DDX39B;CPSF2;SRSF9;CSTF3;SRSF4;THOC1;U2AF1;SRRM1;RBM8A;SRSF6;POLDIP3;CHTOP;SRSF3;CPSF7;PCF11;CASC3;NCBP2;NUDT21;SRSF2"
"TRAF6 Mediated NF-kB Activation R-HSA-933542",0.0166219140405342,0.203475154634126,0.352487857583619,-0.326652721652851,-1.57467814127253,24,"HMGB1;S100B;APP;NFKBIA;SAA2;NFKB1;NFKB2;RELA"
"Gap Junction Trafficking R-HSA-190828",0.0177255656685441,0.214519629965904,0.352487857583619,-0.313007738360508,-1.50482651925968,25,"DNM2;GJB1;CLTA;MYO6;GJA1;CLTCL1;GJC2"
"Cyclin D Associated Events In G1 R-HSA-69231",0.0184426402454331,0.21511673394154,0.352487857583619,-0.25354480281737,-1.43582020349323,46,"CDKN2D;CDKN1B;PPP2CB;RPS27A;ABL1;PPP2CA;CDK7;CDKN1C;SKP1;CDK2;E2F1;TFDP1;CCND1;UBA52;CDKN2C;PPP2R2A;CKS1B"
"Cytochrome P450 - Arranged By Substrate Type R-HSA-211897",0.0184066800575848,0.21511673394154,0.352487857583619,0.372495799377645,1.41929575746181,62,"CYP21A2;CYP3A5;CYP3A43;CYP1A1;CYP26C1;CYP24A1;CYP39A1;CYP2F1;CYP3A4;CYP8B1;CYP4F2;NR1H4;CYP11A1;CYP2C9;CYP2C19;CYP2R1;CYP2U1;CYP2C8;TBXAS1;AHR;CYP4F8;CYP2E1;CYP4B1;CYP19A1;NCOA1;PTGIS;CYP1A2;CYP7A1;CYP4F22;CYP2B6;FDX2;FDXR"
"Fatty acyl-CoA Biosynthesis R-HSA-75105",0.0185828540118513,0.21511673394154,0.352487857583619,-0.291393837696904,-1.50847716374165,36,"SCD;SCD5;ELOVL1;ELOVL5;ELOVL4;FASN;HSD17B3"
"Formation Of Early Elongation Complex R-HSA-113418",0.0185662481754901,0.21511673394154,0.352487857583619,-0.306425659729672,-1.54236181299726,32,"POLR2I;POLR2L;CDK7;POLR2F;POLR2A;POLR2E;CTDP1;NCBP2;POLR2C;CCNH;POLR2H;POLR2G;GTF2H1;POLR2J;NCBP1;POLR2D;MNAT1;NELFCD;NELFB;NELFE;POLR2B;GTF2H3;POLR2K;GTF2F2;GTF2F1;ERCC2;ERCC3;NELFA;GTF2H5;SUPT5H;SUPT4H1;GTF2H4"
"Activation Of Gene Expression By SREBF (SREBP) R-HSA-2426168",0.0204139144237418,0.228116105217768,0.352487857583619,-0.270380524540062,-1.49928274475915,42,"SCD;SREBF1;SC5D;FDPS;FDFT1;DHCR7;FASN;HMGCS1"
"MECP2 Regulates Neuronal Receptors And Channels R-HSA-9022699",0.020428180235008,0.228116105217768,0.352487857583619,-0.364508521813699,-1.53957471074603,18,"HDAC2;MECP2;FKBP5;NOTCH1;OPRM1;RNMT;SLC2A3;PTPN1;GRIA2;HDAC1;GRIN2A;PTPN4;GRIN2B;CREB1;OPRK1;SIN3A;TRPC3;GPRIN1"
"Regulation Of RUNX3 Expression And Activity R-HSA-8941858",0.020562578498503,0.228116105217768,0.352487857583619,-0.24381166111243,-1.38806800314964,53,"PSMB7;RPS27A;PSMB6;CBFB;SEM1;PSMD3;PSMA2;PSMD14;PSME1;PSMD4;PSMA1;PSME2"
"Ubiquitin-dependent Degradation Of Cyclin D R-HSA-75815",0.0201455207706368,0.228116105217768,0.352487857583619,-0.248867377169802,-1.40127616351682,50,"PSMB7;RPS27A;PSMB6;SEM1;PSMD3;PSMA2;PSMD14;PSME1;PSMD4;PSMA1;PSME2;CCND1;UBA52;PSMD10"
"Cholesterol Biosynthesis R-HSA-191273",0.0209796429278536,0.228756797302938,0.352487857583619,-0.329627704729183,-1.59599046949643,26,"SREBF1;SC5D;DHCR24;FDPS;FDFT1;DHCR7;HMGCS1"
"Degradation Of DVL R-HSA-4641258",0.0212647163690055,0.228756797302938,0.352487857583619,-0.237510303744336,-1.3569177901497,54,"RBX1;PSMB7;RPS27A;PSMB6;SEM1;PSMD3;PSMA2;PSMD14;PSME1;PSMD4;PSMA1;PSME2"
"Other Semaphorin Interactions R-HSA-416700",0.0210940199582621,0.228756797302938,0.352487857583619,-0.365637991457539,-1.58257562809833,19,"PLXNB3;SEMA4D;SEMA6A;ITGB1"
"Activation Of NF-kappaB In B Cells R-HSA-1169091",0.0219651968758866,0.232007225037753,0.352487857583619,-0.244261599525772,-1.50681097979713,65,"FBXW11;PSMB7;RPS27A;PSMB6;NFKBIA;SEM1;PSMD3;PSMA2;PSMD14;PSME1;PSMD4;NFKB1;PSMA1;RELA;SKP1;PSME2;CARD11"
"Formation Of HIV-1 Elongation Complex Containing HIV-1 Tat R-HSA-167200",0.0222204102853059,0.232007225037753,0.352487857583619,-0.266754982798201,-1.47917881093025,42,"POLR2I;SSRP1;POLR2L;CDK9;CDK7;POLR2F;ELOA2;POLR2A;POLR2E;CTDP1;NCBP2;POLR2C;ELOB;ELOC;CCNH;POLR2H;POLR2G;GTF2H1;POLR2J;NCBP1;POLR2D;ELL;ELOA;TCEA1;MNAT1;NELFCD;SUPT16H;NELFB;NELFE;POLR2B;GTF2H3;POLR2K;GTF2F2;GTF2F1;ERCC2;ERCC3;NELFA;GTF2H5"
"Regulation Of Actin Dynamics For Phagocytic Cup Formation R-HSA-2029482",0.0221560950096267,0.232007225037753,0.352487857583619,-0.23703865549878,-1.40050168096868,57,"ARPC5;RNASE1;MYO9B;CDC42;WASF2;ABL1;ACTR3;GRB2;PTK2;WASL;WIPF1"
"Inhibition Of DNA Recombination At Telomere R-HSA-9670095",0.0228240267449665,0.2359960046931,0.352487857583619,-0.254023216164719,-1.43352902599319,45,"H3-3B;H2AC6;POLR2I;TERF2IP;POLR2L;H2AB1;POLR2F;POLR2A;TINF2;H2BC4;POLR2E;H2BC17;H2AC19;H2AJ"
"Iron Uptake And Transport R-HSA-917937",0.0230728846956135,0.236275213469504,0.352487857583619,-0.235625137284751,-1.39215015437627,57,"TF;FTH1;RPS27A;ATP6AP1;ATP6V0B;ATP6V1G1;ATP6V0E2;SLC11A2;FBXL5;ATP6V0E1;SLC22A17;ATP6V0D1;ATP6V1E1;FLVCR1;SKP1;ATP6V0A1;NEDD8;TFRC;UBA52;STEAP3"
"Signaling By FGFR2 IIIa TM R-HSA-8851708",0.0236703414919712,0.240084892275708,0.352487857583619,-0.360552953071842,-1.56056626910074,19,"POLR2I;POLR2L;FGF1;POLR2F;POLR2A;POLR2E;NCBP2;POLR2C;POLR2H;POLR2G;FGFR2;POLR2J;NCBP1;POLR2D;POLR2B;POLR2K;GTF2F2;GTF2F1"
"Hh Mutants Are Degraded By ERAD R-HSA-5362768",0.0240660247180545,0.241795437025736,0.352487857583619,-0.235434873857769,-1.34506067199148,54,"PSMB7;RPS27A;PSMB6;SEM1;PSMD3;VCP;PSMA2;PSMD14;PSME1;PSMD4;PSMA1;ERLEC1;PSME2"
"Sealing Of Nuclear Envelope (NE) By ESCRT-III R-HSA-9668328",0.0244529423467835,0.243386762610509,0.352487857583619,-0.313202136878884,-1.52969216920142,27,"TUBB4A;TUBA1C;TUBB4B;TUBB2B;TUBB;TUBA3D;CHMP6"
"Formation Of RNA Pol II Elongation Complex R-HSA-112382",0.0255817267920524,0.247677627577598,0.352487857583619,-0.234865215882573,-1.35343318529824,56,"POLR2I;SSRP1;POLR2L;CDK9;CDK7;POLR2F;ELOA2;POLR2A;POLR2E;CTDP1;PAF1;NCBP2;EAF1;POLR2C;ELOB;ELOC;SUPT6H;MLLT1;CCNH;POLR2H;POLR2G;GTF2H1;CTR9;POLR2J;NCBP1;AFF4;POLR2D;MLLT3;ELL;ELOA;TCEA1;CDC73;DMAP1;MNAT1;NELFCD;IWS1;RTF1;SUPT16H;NELFB;NELFE;POLR2B;GTF2H3;POLR2K;GTF2F2;GTF2F1;ERCC2;ERCC3;CCNT2;NELFA;GTF2H5"
"GAG Synthesis Requires Tetrasaccharide Linker Sequence R-HSA-1971475",0.0252108622237668,0.247677627577598,0.352487857583619,-0.324021733557543,-1.56884749445567,26,"HSPG2;BGN;BCAN;XYLT1;AGRN;B3GAT3;CSPG4;B3GAT2;NCAN;B4GALT7;DCN"
"Vpu Mediated Degradation Of CD4 R-HSA-180534",0.025458019892856,0.247677627577598,0.352487857583619,-0.244723580505762,-1.37794404358284,50,"PSMB7;RPS27A;PSMB6;SEM1;PSMD3;PSMA2;PSMD14;PSME1;PSMD4;PSMA1;SKP1;PSME2"
"Autodegradation Of Cdh1 By Cdh1:APC/C R-HSA-174084",0.0267400482242514,0.256559922151602,0.352487857583619,-0.233019882103912,-1.42914341105938,62,"PSMB7;RPS27A;UBE2E1;PSMB6;SEM1;PSMD3;ANAPC11;PSMA2;PSMD14;PSME1;PSMD4;PSMA1;PSME2;UBA52;PSMD10;FZR1;CDC27;PSMD8"
"Voltage Gated Potassium Channels R-HSA-1296072",0.02711157455683,0.257802025919857,0.282013350011725,0.40730885435717,1.48140535160407,43,"KCNV1;KCNG1;KCNG3;KCNQ2;KCNS1;KCNC1;KCNB1;KCNAB1;KCNS2;KCNC3;KCNAB2;KCND1;KCND3;KCNV2;KCNA4;KCNQ5;KCNG4;KCNA6;KCNA2;KCNA1;KCNH5"
"Intraflagellar Transport R-HSA-5620924",0.0273684210526316,0.257941313460643,0.282013350011725,0.415239000896742,1.49499309627101,41,"WDR35;IFT20;KIF3C;KIF17;DYNLRB2;IFT88;HSPB11;KIF3B;TTC21B;TRAF3IP1;IFT74;DYNC2I2;IFT57;TTC30A;TTC26;IFT81;DYNLT2B;IFT140;TRIP11;DYNLT5"
"G Alpha (Q) Signaling Events R-HSA-416476",0.027972027972028,0.261317629738682,0.271288554688953,0.301981882895115,1.278319003259,210,"CCL23;GPNMB;GNRH2;ITPR1;NPS;FFAR3;GNG13;TRPC7;GNA14;LPAR4;QRFP;EGFR;LPAR6;RGS4;UTS2;CCKAR;BDKRB2;ADRA1B;CYSLTR2;ADRA1A;GNRHR;TRHR;CASR;CHRM1;PTAFR;PLCB4;PMCH;P2RY6;EDN3;GNB5;MGLL;LPAR3;F2RL3;NPFFR2;NPSR1;DGKA;GCG;RPS6KA3;QRFPR;PIK3R2;CCKBR;HTR2C;EDNRA;RASGRP1;CYSLTR1;BTK;TACR3;DGKE;RGS21;HCRTR1;FPR2;GPRC6A;NMUR2;GNG10;NTS;GNB1;GNG3;AVPR1A;GNG4;RGS1;UTS2B;DGKK;NLRP3;PTGER1;LPAR5;PIK3R3;DGKZ;PIK3CA;MRLN;GRK5;PRKCH;PRKCE;MAPK1;OPN4;P2RY2;TAC3;UTS2R;CHRM5;MAPK7;NMS;FFAR2;MMP3;GNGT2;PROK1;MCHR2;GNG2;MAPK3;GNGT1;SOS1;GRM5;CD200R1;F2RL2;GHSR"
"Regulation Of Beta-Cell Development R-HSA-186712",0.0284810126582278,0.263758943313154,0.276500599254472,0.417538055500476,1.49556112511718,40,"FGF10;IAPP;INS;SLC2A2;PAX4;INSM1;CREBBP;NEUROG3;FOXA3;AKT3;RFX6;NR5A2;HNF1B;MAML3;MAML2;MAMLD1;AKT1"
"Aflatoxin Activation And Detoxification R-HSA-5423646",0.0293122886133033,0.264555825196339,0.282013350011725,0.495826478513457,1.52896264713671,19,"AKR7A2;CYP3A5;DPEP3;GGT6;CYP3A4;DPEP2"
"Inactivation, Recovery And Regulation Of Phototransduction Cascade R-HSA-2514859",0.0291576673866091,0.264555825196339,0.276500599254472,0.439412760050906,1.4976761388814,30,"PPEF1;GRK4;RGS9BP;NMT1;GNAT1;RCVRN;GRK7;GNB5;CALM1;CNGA1;GNB1;RHO;GUCA1C;METAP1;GUCY2D;PDE6G;GNGT1;CAMKMT;CNGB1"
"Phase 0 - Rapid Depolarisation R-HSA-5576892",0.0288461538461538,0.264555825196339,0.276500599254472,0.436322839987452,1.50927031661323,32,"CAMK2A;SCN4B;SCN2B;FGF12;CACNB1;FGF14;SCN1B;SCN10A;SCN1A;CALM1;SCN11A;SCN5A;CAMK2B;RANGRF;SCN3B;FGF13;SCN9A;CACNG8;SCN2A;SCN7A;SCN4A;CACNB2;CAMK2G;SCN3A;CACNA2D2"
"SUMOylation Of Transcription Cofactors R-HSA-3899300",0.0301690228897981,0.270000078803655,0.352487857583619,-0.262129308182053,-1.45352905621268,42,"CBX4;DDX5;NPM1;DDX17;PIAS2;CBX2;ZNF350;NCOR2;HIPK2;TRIM28;SUMO2;RING1"
"Fcgamma Receptor (FCGR) Dependent Phagocytosis R-HSA-2029480",0.0304790693728437,0.270501740683988,0.352487857583619,-0.208631362967905,-1.39458467983564,82,"ARPC5;RNASE1;MYO9B;CDC42;YES1;WASF2;ABL1;PLPP4;FYN;ACTR3;GRB2;PTK2;WASL;WIPF1;AHCYL1"
"Regulation Of Complement Cascade R-HSA-977606",0.0308201224231097,0.271268019674478,0.352487857583619,0.403641341877327,1.4734669795169,44,"VTN;CR1;C5AR2;C4BPA;CFHR4;ELANE;C8B;CFHR3;AKR1C1;C8A;C1R;CD19;CFI"
"Regulation Of Activated PAK-2p34 By Proteasome Mediated Degradation R-HSA-211733",0.0327315444018997,0.285730285147731,0.321775918075361,-0.246463644479018,-1.41084405317108,48,"PSMB7;RPS27A;PSMB6;SEM1;PSMD3;PSMA2;PSMD14;PSME1;PSMD4;PSMA1;PSME2"
"TNF Receptor Superfamily (TNFSF) Members Mediating Non-Canonical NF-kB Pathway R-HSA-5676594",0.0335056554190218,0.290109943262262,0.321775918075361,0.513249621234821,1.52911019880811,17,"TNFSF12;TNFSF11;TANK;TNFSF13B;CD40;TRAF3"
"Insertion Of Tail-Anchored Proteins Into Endoplasmic Reticulum Membrane R-HSA-9609523",0.0346278363197326,0.295029165444121,0.321775918075361,-0.33977034753935,-1.48446693366707,21,"APP;SEC61G;GET1;SEC61B;CAMLG;ALDH3A2;VAPA;VAMP2"
"Sphingolipid De Novo Biosynthesis R-HSA-1660661",0.0344963040436096,0.295029165444121,0.321775918075361,-0.250340126947399,-1.35109851437923,43,"FA2H;SGPP1;DEGS1;PLPP2;KDSR;PLPP1;CERS2;CERS4;ALDH3A2;ALDH3B2;DEGS2;SPTLC2;VAPA"
"Peptide Ligand-Binding Receptors R-HSA-375276",0.034965034965035,0.295537795537796,0.241339976815091,0.299717000881371,1.26062023164048,191,"CCL23;RXFP2;GPNMB;CCR3;CCL17;NPS;C5AR2;AGTR2;QRFP;ACKR3;MC1R;UTS2;CCKAR;BDKRB2;SFTPA2;CXCL8;CCL20;TRHR;CXCL11;CXCL5;CCL1;PMCH;CCL11;NPY2R;RLN2;EDN3;CX3CR1;CCL7;F2RL3;CCL13;NPFFR2;RXFP3;NPSR1;QRFPR;CCKBR;CNOT6;EDNRA;KEL;TACR3;HCRTR1;CXCL10;ACKR1;FPR3;FPR2;NMUR2;NTS;CXCL1;PPY;NPW;CXCL6;SSTR1;AVPR2;AVPR1A;UTS2B;NLRP3;MC5R;CCR7;CXCR6;CCR2;MRLN;SSTR2;CCR5;CCR8;INSL5;PDYN;MC2R;TAC3;RXFP1;UTS2R;NMS;CXCL16;RXFP4;XK;INSL3;PROK1;MCHR2;NPBWR2;CCL22;PYY;CD200R1;CCL28;GAL;F2RL2;GHSR;PNOC;PRLHR;PENK;MCHR1;GALR2"
"HSP90 Chaperone Cycle For Steroid Hormone Receptors (SHR) In Presence Of Ligand R-HSA-3371497",0.0355886571426717,0.298440313834215,0.321775918075361,-0.265690170606933,-1.44275277178752,38,"HSPA2;DYNC1LI2;DYNC1I2;DYNC1H1;ACTR10;CAPZB;DNAJA2"
"ECM Proteoglycans R-HSA-3000178",0.0371091749023333,0.30875993180457,0.321775918075361,-0.238962667342865,-1.41019350951868,55,"NCAM1;SPARC;ITGAV;ITGB1;HSPG2;COL9A2;BGN;BCAN;TNR"
"Role Of Nef In HIV-1 Replication And Disease Pathogenesis R-HSA-164952",0.0382222056912613,0.315555419079018,0.321775918075361,-0.305182011800962,-1.49052154715532,27,"RNASE1;B2M;HLA-A;FYN"
"Selective Autophagy R-HSA-9663891",0.0398148090056341,0.325190839694657,0.321775918075361,-0.231601368394738,-1.41754028423822,60,"DYNC1LI2;DYNC1I2;RPS27A;DYNC1H1;TOMM7;ATG12;SQSTM1;VCP;PLIN3;NBR1;PINK1;TOMM40;CSNK2B;TOMM20;EPAS1"
"cGMP Effects R-HSA-418457",0.04,0.325190839694657,0.241339976815091,0.515657622481792,1.49851071344159,15,"ITPR1;PDE1B;KCNMB1;PDE11A;PDE1A;PDE2A;PDE10A;PDE5A;KCNMB3;IRAG1;PRKG1"
"HIV Elongation Arrest And Recovery R-HSA-167287",0.0411809542140098,0.327296389835227,0.321775918075361,-0.26985285866997,-1.3734136456541,33,"POLR2I;SSRP1;POLR2L;CDK9;POLR2F;ELOA2;POLR2A;POLR2E;CTDP1;POLR2C;ELOB;ELOC;POLR2H;POLR2G;POLR2J;POLR2D;ELL;ELOA;TCEA1;NELFCD;SUPT16H;NELFB;NELFE;POLR2B;POLR2K;GTF2F2;GTF2F1;CCNT2;NELFA;CCNK;SUPT5H;SUPT4H1"
"HS-GAG Biosynthesis R-HSA-2022928",0.041036717062635,0.327296389835227,0.231126709673834,0.427534613427178,1.45719115894947,30,"HS6ST3;SDC1;GPC3;HS3ST6;GLCE;HS3ST1;HS6ST1;GPC6;GPC2;HS6ST2;HS3ST2;HS3ST3A1;EXT1;NDST4;HS3ST4;HS3ST5"
"Regulation Of PTEN Stability And Activity R-HSA-8948751",0.0407513799243091,0.327296389835227,0.321775918075361,-0.215649325969726,-1.35196775882694,66,"PSMB7;PREX2;TNKS2;RPS27A;PSMB6;SEM1;PSMD3;PSMA2;PSMD14;PSME1;PSMD4;CSNK2B;PSMA1"
"Infection With Mycobacterium Tuberculosis R-HSA-9635486",0.0424775091056872,0.33332734896794,0.321775918075361,-0.284918189380679,-1.36978225984202,25,"B2M;RAB7A;RPS27A;RNF213;PGK1;ENO1;KPNB1"
"Regulation Of RUNX2 Expression And Activity R-HSA-8939902",0.0425657459714927,0.33332734896794,0.321775918075361,-0.21005184341922,-1.31667123547351,71,"RBX1;PSMB7;RPS27A;PSMB6;CBFB;SEM1;PSMD3;PSMA2;PSMD14;STAT1;PSME1;PSMD4;PSMA1;SKP1;PSME2"
"Ca2+ Pathway R-HSA-4086398",0.0430769230769231,0.334868051656373,0.219250346703755,0.35727045612778,1.36093201114606,61,"CAMK2A;ITPR1;AXIN2;GNG13;AGO4;TCF7;TNRC6C;GNB5;CALM1;WNT5A;GNG10;FZD9;GNB1;LEF1;PPP3CA;GNAT2;GNG3;GNG4;PPP3R1;PDE6G;GNGT2;GNG2;GNGT1;PRKG1;FZD6;PLCB2;NFATC1;FZD4"
"SCF-beta-TrCP Mediated Degradation Of Emi1 R-HSA-174113",0.0439605762108486,0.339260968583723,0.321775918075361,-0.232347700445141,-1.32280140794651,53,"PSMB7;RPS27A;PSMB6;SEM1;PSMD3;PSMA2;PSMD14;PSME1;PSMD4;PSMA1;SKP1;PSME2;UBA52;PSMD10;FZR1;PSMD8"
"Activation Of ATR In Response To Replication Stress R-HSA-176187",0.0457933972310969,0.346733668341709,0.216542836735348,0.411455988311929,1.44384594844114,35,"MCM6;ORC6;RAD17;ORC4;CDC6;SERPINA2;CDC25A;POLR1B;CHEK1;MCM4;RFC3;SLC25A2;CDC7;ORC5;POLR1A;RFC4;CDC25C;CDC45;RAD9B;DBF4;MCM7;SLC25A15;HUS1;RAD9A;ORC3;RFC2"
"Caspase Activation Via Extrinsic Apoptotic Signaling Pathway R-HSA-5357769",0.0461538461538462,0.346733668341709,0.219250346703755,0.448412782675798,1.46795169442439,25,"CASP3;DCC;TANK;FASLG;CASP8;TICAM1;RIPK1;DAPK2;CASP9;TLR4;UNC5B"
"Polo-like Kinase Mediated Events R-HSA-156711",0.0460829493087558,0.346733668341709,0.224966093540314,0.500818363642253,1.4699443928478,16,"CENPF;CCNB1;CCNB2;FOXM1;WEE1;CDC25A;LIN54;LIN52;CDC25C;LIN37;LIN9"
"Post-translational Modification: Synthesis Of GPI-anchored Proteins R-HSA-163125",0.0462311557788945,0.346733668341709,0.208955027549354,0.334528085514755,1.33048007830799,91,"FOLR2;LYPD4;PLAUR;RTN4RL2;TECTA;LY6G6F;SPRN;VNN2;LYPD5;ALPP;CNTN3;LYPD2;LY6H;LY6D;GPIHBP1;RAET1G;MSLN;OTOA;THY1;PRND;ART4;CD52;RTN4RL1;RECK;VNN1;CNTN4;CNTN5;DPM1;PIGW;PIGA;PIGF;PIGB;NRN1;LYPD6B;TECTB;PIGZ;GP2;LYPD1;PSCA;SPACA4;CPM;NRN1L;LYPD8;MDGA1;CD109;LSAMP;XPNPEP2"
"Biological Oxidations R-HSA-211859",0.047952047952048,0.357125392090427,0.204294756516886,0.29398013341869,1.24022100847821,200,"FMO3;CYP21A2;AKR7A2;CYP3A5;UGT2B11;SULT1E1;CYP3A43;DPEP3;CYP1A1;CYP26C1;CYP24A1;CYP39A1;ADH1A;UGT2B7;GSTO2;CYP2F1;ADH7;GGT6;CHAC2;CYP3A4;UGT3A2;OPLAH;AS3MT;CYP8B1;DPEP2;MAT1A;UGT2B10;BPNT2;MTARC2;SMOX;CYP4F2;SULT1B1;MTR;ABHD14B;NR1H4;AOC1;GSTA2;CYP11A1;ACSM2A;CYP2C9;GSTT1;ABHD10;CYP2C19;CYP2R1;TPMT;CES3;ADH6;BPHL;CYP2U1;FMO4;SULT6B1;PTGS1;CYP2C8;CMBL;TBXAS1;AHR;GLYATL3;CYP4F8;GGT5;AADAC;GSTM1;PAPSS2;CYP2E1;CYP4B1;ALDH3A1;GSTK1;CYP19A1"
"Nuclear Receptor Transcription Pathway R-HSA-383280",0.0486039296794209,0.35946656325405,0.206587922696891,0.369682384719756,1.3881694681946,53,"NR2E3;NR1I2;NR5A1;ESRRB;PPARD;NR1D2;THRB;AREG;ESR2;NR1I3;RORC;NR1H4;NR5A2;ESRRG;RORB;RXRB;ESR1;NR2E1;NR4A2;VDR;NR2F6"
"Visual Phototransduction R-HSA-2187338",0.0492462311557789,0.361705077109686,0.20207170902116,0.331937656165784,1.32648595902225,95,"AKR1C4;PPEF1;HSD17B6;BCO1;SDC1;RBP4;LRP8;GRK4;RGS9BP;ABCA4;APOA1;RLBP1;NMT1;GPC3;AKR1C1;GNAT1;GPIHBP1;RCVRN;GRK7;GNB5;GPC6;RBP3;PLB1;GPC2;RDH8;DHRS9;APOC2;CALM1;CNGA1;OPN1MW3;RIMBP2;GNB1;RHO;GUCA1C;DHRS3;METAP1;GUCY2D;PDE6G;RPE65;NAPEPLD;OPN1SW;GNGT1;TTR;CAMKMT;OPN1LW;LDLR;GPC5;CNGB1"
"Degradation Of AXIN R-HSA-4641257",0.0497517246574814,0.36291497780971,0.321775918075361,-0.230298311270338,-1.31113383008511,53,"PSMB7;TNKS2;RPS27A;PSMB6;SEM1;PSMD3;PSMA2;PSMD14;PSME1;PSMD4;PSMA1;PSME2"
"Gap Junction Trafficking And Regulation R-HSA-157858",0.0510559664916807,0.367677520921369,0.321775918075361,-0.29390367606758,-1.43543768973053,27,"DNM2;GJB1;CLTA;MYO6;GJA1;CLTCL1;GJC2"
"NLRP3 Inflammasome R-HSA-844456",0.0513830701554723,0.367677520921369,0.321775918075361,-0.353131518497827,-1.42294268098824,16,"APP;TXNIP;SUGT1;P2RX7;NFKB1;NFKB2;RELA;HSP90AB1"
"O-linked Glycosylation Of Mucins R-HSA-913709",0.051440329218107,0.367677520921369,0.199915231309662,0.361891850721099,1.36822573172246,57,"MUC19;B3GNT7;CHST4;GALNT18;MUC17;B4GALT6;ST3GAL3;GALNT9;B3GNT2;MUC15;B3GNT8;MUC13;MUC4;GCNT4;B3GNT4;ST6GALNAC2;MUC1;GALNTL6;A4GNT;ST6GALNAC4;GALNT10;GALNT11;GALNT12;MUC7;GALNT14;GALNT3;MUC12;ST3GAL1;B3GNT6"
"PCP/CE Pathway R-HSA-4086400",0.0532451185283389,0.378040341551206,0.321775918075361,-0.195852033895299,-1.29056331534909,87,"RNASE1;RHOA;PSMB7;PFN1;RPS27A;CLTA;PSMB6;SEM1;PSMD3;PSMA2;PSMD14;PSME1;PSMD4;PSMA1"
"Neuronal System R-HSA-112316",0.0539460539460539,0.380480446705612,0.191892240384838,0.271610381616246,1.18218996917956,386,"CAMK2A;SLITRK3;KCNV1;GLRA3;CACNG3;LRFN3;GNG13;GABRA5;SYN2;ABAT;CHRNA9;GRIN2D;LRFN4;SYT7;KIF17;ADCY7;SHANK2;KCNG1;KCNJ6;KCNK10;KCNG3;KCNQ2;GABRB1;SLITRK5;GABRB2;GABRA3;LRRTM1;UBD;KCNS1;NBEA;GABRR3;CACNA1A;SHANK1;GABBR2;KCNC1;NLGN4X;GRIN3B;KCNJ14;ACHE;CHRNB2;CAMKK1;SLC5A7;KCNMB1;KCNB1;KCNAB1;NRGN;SLC1A1;KCNN1;APBA1;EPB41;SLITRK4;KCNJ15;SLC17A7;SIPA1L1;PRKAG3;KCNS2;KCNC3;BCHE;KCNAB2;CHRNA5;PRKAR1B;DLGAP1;CACNB1;HOMER1;KCNJ1;GNB5;KCND1;CHRNA6;CPLX1;CACNA1E;PRKACG;CACNB3;KCND3;SLC6A11;SLC18A2;KCNV2;ADCY1;ERBB4;CHRNA3;SLC6A12;RPS6KA3;GLRB;LRTOMT;PANX1;KCNA4;GNAL;SHANK3;ABCC8;LRRTM4;KCNK3;DLGAP3;KCNK16;GABRB3;CALM1;SYT10;GNG10;HTR3C;KCNQ5;GNB1;GRIK3;CACNG2;CACNA2D3;GAD1;PRKAA2;HCN1;PRKAG2;KCNN2;NEFL;GNG3;GNG4;PPM1E;GRIA4;GLS2;CHRNB3;SYN3;CACNA2D1;CACNB4;PRKAG1;KCNK18;NRXN2;CAMK2B;ARHGEF9;HOMER2;MAPK1;KCNG4;CAMK1;KCNA6;KCNA2;KCNMB3;LGALS12;KCNJ4;PRKCG;GJD2;AKAP5;RIMS1;PRKAB2;GNGT2;KCNA1;KCNH5;GABRG2;GNG2;MAPK3;GABRA6;GNGT1;KCNN4;GRIA1;SLC6A13;GRM5;CHRNE;SYT12;PPFIA4;GPRIN1;KCNJ8;KCNA10;CACNG8;SLC6A4;PPFIA1;GRIN3A;PLCB2;LRRTM3;SYT9;GABRA2;STXBP1;HCN3;GNAT3;CHRND;GABRA4;HTR3A;CHRNG;MDM2;GRM1;CACNB2;LIN7A;KCNA5;KCNH1;GNAI3;KCNK7;PRKCB;CAMK2G;SYN1;SLC1A7;HTR3E;SYT1;HTR3D;KCNJ5;CACNA1B;GABRR2;CREB1;GNB4;PPFIA3;EPB41L1;NPTN;IL1RAPL2;KCNF1;LRRTM2;NTRK3;GRIA3;NCALD;NSF;GABRR1;KCNH7"
"Phototransduction Cascade R-HSA-2514856",0.0545454545454545,0.382177033492823,0.197822021315103,0.419966636845276,1.44552954650866,31,"PPEF1;GRK4;RGS9BP;NMT1;GNAT1;RCVRN;GRK7;GNB5;CALM1;CNGA1;GNB1;RHO;GUCA1C;METAP1;GUCY2D;PDE6G;GNGT1;CAMKMT;CNGB1"
"RUNX1 Interacts With Co-Factors Whose Precise Effect On RUNX1 Targets Is Not Known R-HSA-8939243",0.054964819555131,0.382598253766108,0.321775918075361,-0.257553451089688,-1.32991689763649,34,"CBX4;CBFB;SMARCB1;SMARCE1;CBX2;HIPK2;CSNK2B;RING1;CBX8;SMARCA2"
"p53-Dependent G1 DNA Damage Response R-HSA-69563",0.0562328290174504,0.388882875997303,0.321775918075361,-0.208604448419604,-1.30077825359167,64,"PSMB7;CDKN1B;RPS27A;PSMB6;PCBP4;SEM1;PSMD3;PSMA2;PSMD14;PSME1;PSMD4;PSMA1;PSME2;CDK2"
"Activation Of Pre-Replicative Complex R-HSA-68962",0.0587606837606838,0.391125801282051,0.190023305279108,0.411441657892529,1.42320461906873,32,"MCM6;GMNN;ORC6;ORC4;CDC6;POLR1B;POLE;POLA1;PRIM2;MCM4;SLC25A2;CDC7;ORC5;POLE2;POLR1A;CDC45;RPA4;DBF4;MCM7;SLC25A15;CDT1;ORC3;PRIM1"
"Acyl Chain Remodelling Of PG R-HSA-1482925",0.0582191780821918,0.391125801282051,0.197822021315103,0.469480806087287,1.42048417873688,18,"PLA2G2D;PLA2G10;PLA2G4B;PLA2G1B;PLA2G4D;PLA2G4F;PLA2R1;PLA2G2F;PLA2G4A;LPCAT1"
"Acyl Chain Remodelling Of PI R-HSA-1482922",0.0571428571428571,0.391125801282051,0.199915231309662,0.484173313879926,1.44248397195755,17,"PLA2G2D;PLA2G10;PLA2G1B;PLA2G4D;PLA2G4F;PLA2R1;PLA2G2F;PLBD1;PLA2G4A"
"Cellular Response To Hypoxia R-HSA-1234174",0.0586744553767239,0.391125801282051,0.321775918075361,-0.207912012386436,-1.30237164179391,72,"RBX1;PSMB7;RPS27A;HIGD1A;PSMB6;SEM1;PSMD3;PSMA2;PSMD14;PSME1;PSMD4;PSMA1;PSME2;EPAS1;CITED2;AJUBA;UBA52;PSMD10"
"Miscellaneous Transport And Binding Events R-HSA-5223345",0.0577656015973716,0.391125801282051,0.321775918075361,-0.266325799160023,-1.24861444997751,23,"ADD1;NIPA1;ADD3;MAGT1;LRRC8D"
"RHOB GTPase Cycle R-HSA-9013026",0.0573738636343169,0.391125801282051,0.321775918075361,-0.207063946759227,-1.31455518785728,69,"ANLN;PREX1;VAMP3;MYO9B;RTKN;ARHGEF2;ERBIN"
"Inwardly Rectifying K+ Channels R-HSA-1296065",0.0596379126730564,0.392064055535834,0.188204146308491,0.402743308383418,1.41327216176117,35,"GNG13;KCNJ6;UBD;GABBR2;KCNJ14;KCNJ15;KCNJ1;GNB5;ABCC8;GNG10;GNB1;GNG3;GNG4;KCNJ4;GNGT2;GNG2;GNGT1;KCNJ8"
"mTORC1-mediated Signaling R-HSA-166208",0.059472196906939,0.392064055535834,0.321775918075361,-0.290628320685319,-1.40101714598379,24,"RPS6;EIF4B;RPS6KB1;RRAGA;LAMTOR4;EIF4E;LAMTOR1;EIF4G1"
"Common Pathway Of Fibrin Clot Formation R-HSA-140875",0.0621531631520533,0.406092753110041,0.188204146308491,0.449243122103802,1.43203814464957,22,"F5;F13A1;F8;FGG;THBD;PROCR;FGA;PF4V1;FAM110A;PRTN3;PROS1;SERPIND1;F13B"
"RHOQ GTPase Cycle R-HSA-9013406",0.0638575431131024,0.414684654972281,0.287805130535564,-0.21742218129946,-1.26786947604188,58,"PREX1;VAMP3;RAB7A;CDC42;OBSCN;GJA1;CDC42BPB;WASL;PLEKHG3;ARHGAP1;CDC42EP1;GIT2;RHOQ;LAMTOR1;FNBP1;TFRC;STEAP3;IQGAP1;ARHGAP21;ARHGAP5;CDC42EP2"
"Regulation Of RAS By GAPs R-HSA-5658442",0.0644929363356111,0.416272589075308,0.287805130535564,-0.20684790747102,-1.28982513018145,64,"RBX1;PSMB7;RASA3;RPS27A;PSMB6;SEM1;PSMD3;PSMA2;PSMD14;PSME1;PSMD4;PSMA1;NF1;PSME2"
"Xenobiotics R-HSA-211981",0.0665926748057714,0.427236136555099,0.181383128498408,0.445797891469179,1.42105589151502,22,"CYP3A5;CYP3A43;CYP1A1;CYP2F1;CYP3A4;CYP2C9;CYP2C19;CYP2C8;AHR;CYP2E1;CYP1A2;CYP2B6"
"Hh Mutants Abrogate Ligand Secretion R-HSA-5387390",0.0672810893865644,0.429068025129887,0.287805130535564,-0.214289227308392,-1.26609064005777,57,"PSMB7;RPS27A;PSMB6;SEM1;PSMD3;VCP;PSMA2;PSMD14;PSME1;PSMD4;PSMA1;ERLEC1;PSME2"
"DNA Damage Recognition In GG-NER R-HSA-5696394",0.0679381581717479,0.430679395553045,0.287805130535564,-0.266233627579278,-1.38054914360234,35,"RBX1;RAD23B;RPS27A;PARP1;RAD23A;YY1;DDB1;GPS1"
"Pausing And Recovery Of Tat-mediated HIV Elongation R-HSA-167238",0.0694369837852285,0.437576258764902,0.287805130535564,-0.266910868071613,-1.32839363681437,31,"POLR2I;SSRP1;POLR2L;CDK9;POLR2F;ELOA2;POLR2A;POLR2E;CTDP1;POLR2C;ELOB;ELOC;POLR2H;POLR2G;POLR2J;POLR2D;ELL;ELOA;TCEA1;NELFCD;SUPT16H;NELFB;NELFE;POLR2B;POLR2K;GTF2F2;GTF2F1;NELFA"
"FCERI Mediated NF-kB Activation R-HSA-2871837",0.0711472954119561,0.445716880080784,0.287805130535564,-0.208940374004492,-1.34148670607823,77,"FBXW11;PSMB7;RPS27A;PSMB6;NFKBIA;SEM1;PSMD3;PRKCQ;PSMA2;PSMD14;PSME1;PSMD4;NFKB1;PSMA1;RELA;SKP1;PSME2;CARD11"
"Autodegradation Of E3 Ubiquitin Ligase COP1 R-HSA-349425",0.0726085245352277,0.452210986140453,0.287805130535564,-0.221284159890642,-1.24596571131552,50,"PSMB7;RPS27A;PSMB6;SEM1;PSMD3;PSMA2;PSMD14;PSME1;PSMD4;PSMA1;PSME2"
"APC/C:Cdc20 Mediated Degradation Of Securin R-HSA-174154",0.0762076257000577,0.469139429887638,0.287805130535564,-0.201980232222217,-1.26627227169331,66,"PSMB7;RPS27A;UBE2E1;PSMB6;SEM1;PSMD3;ANAPC11;PSMA2;PSMD14;PSME1;PSMD4;PSMA1"
"FOXO-mediated Transcription Of Cell Cycle Genes R-HSA-9617828",0.0759819909749444,0.469139429887638,0.287805130535564,-0.311699548516784,-1.2972992044422,17,"CDKN1B;GADD45A;PCBP4"
"Cargo Concentration In ER R-HSA-5694530",0.077991452991453,0.477361479516652,0.163180127180689,0.397795848182382,1.37600283714444,32,"F5;FOLR2;CNIH3;F8;COL7A1;SEC24D;AREG;LMAN2L;CFAP73;CNIH2"
"Downstream Signaling Events Of B Cell Receptor (BCR) R-HSA-1168372",0.0792346520073532,0.479459684021768,0.287805130535564,-0.197199808593796,-1.28674792453214,78,"FBXW11;PSMB7;RPS27A;PSMB6;NFKBIA;SEM1;PSMD3;PSMA2;PPIA;PSMD14;PSME1;PSMD4;NFKB1;PSMA1;RELA;SKP1;PSME2;CARD11"
"TP53 Regulates Transcription Of Genes Involved In Cytochrome C Release R-HSA-6803204",0.0788288288288288,0.479459684021768,0.166933848713193,0.447223351284712,1.39519944172792,20,"TP53BP2;BBC3;PMAIP1;CREBBP;TP73;PPP1R13B;BID;TP53;TRIAP1;TP63;ATM;BAX"
"Caspase Activation Via Death Receptors In Presence Of Ligand R-HSA-140534",0.0811428571428571,0.488232445520581,0.165656695205483,0.477858606940204,1.38866606599121,15,"TANK;FASLG;CASP8;TICAM1;RIPK1;TLR4;TNFSF10;TNFRSF10A"
"Activated NOTCH1 Transmits Signal To Nucleus R-HSA-2122948",0.0827611757064739,0.489670289596637,0.287805130535564,-0.245075769346428,-1.21256749060984,30,"DNER;PSENEN;PSEN1;RPS27A;CNTN1"
"Activation Of G Protein Gated Potassium Channels R-HSA-1296041",0.0822510822510823,0.489670289596637,0.159646701919906,0.408584167827434,1.3851133414114,29,"GNG13;KCNJ6;UBD;GABBR2;KCNJ15;GNB5;GNG10;GNB1;GNG3;GNG4;KCNJ4;GNGT2;GNG2;GNGT1"
"Myogenesis R-HSA-525793",0.0825476898773923,0.489670289596637,0.287805130535564,-0.254695971021944,-1.27039041613726,29,"SPAG9;CTNNA1;CDC42;ABL1;MYOD1;CTNNB1"
"Synthesis Of Glycosylphosphatidylinositol (GPI) R-HSA-162710",0.0848964171695282,0.499528642461588,0.287805130535564,-0.309679494050809,-1.30799333608154,18,"PIGN;PIGC;PIGM;PIGX;PIGY;PIGL;PIGO;PIGG;DPM2;PIGQ;PIGH;PIGV;PIGP;PIGZ;PIGB;PIGF;PIGA;PIGW"
"Nitric Oxide Stimulates Guanylate Cyclase R-HSA-392154",0.0864745011086474,0.50601837187203,0.157402899305283,0.436609237315715,1.37572464952351,21,"ITPR1;PDE1B;KCNMB1;PDE11A;PDE1A;PDE2A;PDE10A;PDE5A;NANOS1;KCNMB3;IRAG1;NANOS2;PRKG1"
"Acyl Chain Remodelling Of PE R-HSA-1482839",0.0887445887445888,0.511027605145252,0.153158808683073,0.403533227485658,1.36799049279181,29,"PLA2G2D;PLA2G10;PLAAT1;PLA2G4B;PLA2G1B;PLA2G6;PLA2G4D;PLA2G4F;PLA2R1;PLA2G2F;PLBD1;PLAAT5;PLA2G4A;LPCAT3;PLAAT4;PLAAT2"
"Defective B3GAT3 Causes JDSSDHD R-HSA-3560801",0.0885835782250681,0.511027605145252,0.287805130535564,-0.300152259308716,-1.31745444288339,20,"HSPG2;BGN;BCAN;AGRN;B3GAT3;CSPG4;NCAN;DCN"
"Keratan Sulfate/Keratin Metabolism R-HSA-1638074",0.0887700534759358,0.511027605145252,0.152144922367565,0.390157687397749,1.35462987280849,33,"HEXB;CHST2;CHST5;B3GNT7;CHST6;B4GALT6;ACAN;ST3GAL3;B3GNT2;B4GALT1;LUM;B3GNT4"
"Kinesins R-HSA-983189",0.0904311251314406,0.51228270353715,0.149207542435322,0.370634881910261,1.33692283399097,42,"KIF3C;KIF20A;KIF15;KIF2B;KIF3B;KIF22;KIF26B;KIF11;KIF16B;KIF18A;KIF4A;KIFC2;KIF19;KIF9;KIF21B;KIF4B;KIF23;KIF27;KIF12"
"MAP3K8 (TPL2)-dependent MAPK1/3 Activation R-HSA-5684264",0.0901179144103854,0.51228270353715,0.287805130535564,-0.345144443081602,-1.32795186961481,15,"FBXW11;RPS27A;MAP2K4;NFKB1;SKP1;TNIP2;UBA52"
"Synthesis Of Prostaglandins (PG) And Thromboxanes (TX) R-HSA-2162123",0.0901179144103854,0.51228270353715,0.287805130535564,-0.345691537929863,-1.33005683071491,15,"PTGDS;CBR1;PRXL2B"
"Signaling By NODAL R-HSA-1181150",0.0912082295279518,0.513951134641633,0.287805130535564,-0.299474699828473,-1.31448043979036,20,"PCSK6;TDGF1;DRAP1;SMAD4;SMAD2;DAND5;CFC1;ACVR2A;LEFTY2;NODAL;ACVR1B;FURIN;FOXO3;ACVR2B;SMAD3;MAPK3;FOXH1;ACVR1C;LEFTY1;MAPK1"
"Keratan Sulfate Biosynthesis R-HSA-2022854",0.0938864628820961,0.526258331418065,0.149207542435322,0.403427265268926,1.35403326530398,28,"CHST2;CHST5;B3GNT7;CHST6;B4GALT6;ACAN;ST3GAL3;B3GNT2;B4GALT1;LUM;B3GNT4"
"Apoptotic Execution Phase R-HSA-75153",0.0961884342214793,0.532301715179195,0.287805130535564,-0.207139154215338,-1.18172860578511,52,"HMGB1;LMNA;ADD1;FNTA;H1-4;PRKCQ;PTK2;CTNNB1"
"EGR2 And SOX10-mediated Initiation Of Schwann Cell Myelination R-HSA-9619665",0.096862170537612,0.532301715179195,0.287805130535564,-0.251064637507444,-1.25227779631014,29,"MAG;SCD5;GJB1;SOX10"
"Formation Of TC-NER Pre-Incision Complex R-HSA-6781823",0.0969638805115153,0.532301715179195,0.287805130535564,-0.215742615033553,-1.23498614198889,48,"RBX1;POLR2I;RPS27A;POLR2L;DDB1;CDK7;POLR2F;GPS1;POLR2A;POLR2E;COPS3"
"PINK1-PRKN Mediated Mitophagy R-HSA-5205685",0.0964971285381794,0.532301715179195,0.287805130535564,-0.291902944719463,-1.27533280174164,21,"RPS27A;TOMM7;ATG12;SQSTM1;PINK1;TOMM40;TOMM20;UBA52;MFN2;MFN1"
"CD28 Dependent PI3K/Akt Signaling R-HSA-389357",0.098233995584989,0.536508745118017,0.14641623786055,0.41772680483498,1.34745023659304,23,"CD86;TRIB3;RICTOR;AKT3;PIK3R2;AKT1;MAPKAP1;PIK3R3;PIK3CA;THEM4;HOXC13;CD28;LCK;MLST8;MAP3K8"
"Regulation Of Cholesterol Biosynthesis By SREBP (SREBF) R-HSA-1655829",0.100303409030967,0.545015972540714,0.287805130535564,-0.215288101706585,-1.27048248615177,55,"SCD;SREBF1;SC5D;FDPS;FDFT1;SAR1B;DHCR7;FASN"
"Beta Defensins R-HSA-1461957",0.101495726495726,0.547059554591831,0.141225119642531,0.38881898846407,1.34495127012209,32,"DEFB118;DEFB107A;DEFB126;DEFB129;DEFB115;DEFB124;DEFB128;DEFB136;DEFB127;DEFB130A;DEFB131A;DEFB132;CCR2;DEFB1;DEFB106A;CCR6;DEFB134;DEFB135;DEFB121;DEFB119;DEFB116;DEFB123;DEFB112;DEFB125"
"Processing Of Intronless Pre-mRNAs R-HSA-77595",0.101706846769185,0.547059554591831,0.287805130535564,-0.29478268986029,-1.29388586091605,20,"CPSF2;CSTF3;CPSF7;PCF11;NCBP2;NUDT21;CSTF2;SYMPK;PABPN1;CSTF2T;COLEC12;FIP1L1;NCBP1;PAPOLA;CSTF1;CPSF1;CPSF4;WDR33;CPSF3"
"Regulation Of Apoptosis R-HSA-169911",0.102350762762155,0.547756594681885,0.287805130535564,-0.211705459041517,-1.19574988785761,51,"PSMB7;RPS27A;PSMB6;SEM1;PSMD3;PSMA2;PSMD14;PSME1;PSMD4;PSMA1;PSME2"
"Downregulation Of SMAD2/3:SMAD4 Transcriptional Activity R-HSA-2173795",0.103348125081287,0.550328766057853,0.287805130535564,-0.234566901718492,-1.16057250439501,30,"PPM1A;RPS27A;PARP1;NCOR2;SKI;SMAD7;STAT1"
"Defective B4GALT7 Causes EDS, Progeroid Type R-HSA-3560783",0.104331503633016,0.552801250592844,0.287805130535564,-0.292686704221007,-1.28468597816636,20,"HSPG2;BGN;BCAN;AGRN;CSPG4;NCAN;B4GALT7;DCN"
"GRB2:SOS Provides Linkage To MAPK Signaling For Integrins R-HSA-354194",0.105431867581785,0.555866034527727,0.287805130535564,-0.336248146259311,-1.29372314528035,15,"RAP1A;TLN1;GRB2;PTK2;FN1;VWF"
"Gap Junction Assembly R-HSA-190861",0.106622996452922,0.559138537038265,0.287805130535564,-0.314951768488746,-1.26909746187983,16,"GJB1;GJA1;GJC2;GJA5;GJD4;GJA4;GJA8;GJA3;GJB7;GJD3;GJB6;GJB5;GJB2;GJB4;GJB3;GJD2"
"Synthesis, Secretion, And Deacylation Of Ghrelin R-HSA-422085",0.107102593010147,0.559138537038265,0.141225119642531,0.437105320332032,1.34788628000686,19,"CRHR2;INS;ACHE;BCHE;SPCS2;PCSK1;GCG;KLF4;LEP"
"Cdc20:Phospho-APC/C Mediated Degradation Of Cyclin A R-HSA-174184",0.110224218964997,0.572628259501082,0.287805130535564,-0.192228105780228,-1.20494642375143,71,"PSMB7;BUB3;RPS27A;UBE2E1;PSMB6;SEM1;PSMD3;ANAPC11;PSMA2;PSMD14;PSME1;PSMD4;PSMA1"
"Glycosaminoglycan Metabolism R-HSA-1630316",0.113226452905812,0.579741213195622,0.128142916898415,0.300785054460055,1.22726190518543,120,"HAS3;ARSB;HS6ST3;HEXB;CHST2;CHST5;B3GNT7;DSE;SDC1;IDS;CHST6;GPC3;B4GALT6;HS3ST6;GLCE;NAGLU;HS3ST1;ACAN;ST3GAL3;STAB2;SPAM1;B3GNT2;HS6ST1;GPC6;B4GALT1;LUM;GPC2;DSEL;CHST15;B3GNT4;HS6ST2;HS3ST2;HS3ST3A1;CHST9;HAS2;SLC9A1;CHORDC1;HMMR;SGSH;EXT1;CHPF2;NDST4;HS3ST4;PAPSS2;HS3ST5;CHST7"
"RHOH GTPase Cycle R-HSA-9013407",0.112835512787457,0.579741213195622,0.287805130535564,-0.236151400407335,-1.21940411387798,34,"TMEM59;VAMP3;RAB7A;ARHGDIA;VCP"
"Ubiquitin Mediated Degradation Of Phosphorylated Cdc25A R-HSA-69601",0.112634314863687,0.579741213195622,0.287805130535564,-0.208793749213849,-1.17563702881414,50,"PSMB7;RPS27A;PSMB6;SEM1;PSMD3;PSMA2;PSMD14;PSME1;PSMD4;PSMA1;PSME2"
"mRNA Capping R-HSA-72086",0.115685149457278,0.589496096516753,0.287805130535564,-0.248989126055078,-1.23364013740677,28,"POLR2I;POLR2L;CDK7;POLR2F;POLR2A;POLR2E;NCBP2;POLR2C;CCNH;POLR2H;POLR2G;GTF2H1;POLR2J;NCBP1;POLR2D;RNMT;MNAT1;POLR2B;GTF2H3;POLR2K;GTF2F2;GTF2F1;ERCC2;ERCC3;GTF2H5"
"Metabolism Of Folate And Pterines R-HSA-196757",0.116571428571429,0.591183673469388,0.135740943810425,0.459221080661811,1.334505065392,15,"FOLR2;MTHFR;SHMT1"
"Signaling By NTRK2 (TRKB) R-HSA-9006115",0.117660101629151,0.59387681627984,0.287805130535564,-0.243599860547935,-1.14206849975469,23,"RNASE1;NTRK2;FYN;GRB2"
"O-linked Glycosylation R-HSA-5173105",0.120603015075377,0.603015075376884,0.12384217120105,0.302071699381318,1.21873726708975,105,"MUC19;ADAMTSL2;B3GNT7;ADAMTS16;THSD7A;CHST4;GALNT18;ADAMTS15;MUC17;B4GALT6;ADAMTSL4;ADAMTS17;ADAMTS2;ADAMTSL1;LARGE2;ST3GAL3;GALNT9;ADAMTS19;B3GNT2;MUC15;B3GNT8;MUC13;MUC4;GCNT4;B3GNT4;ST6GALNAC2;ADAMTS6;MUC1;B3GALNT2;GALNTL6;A4GNT;ST6GALNAC4;GALNT10;CFP;THSD1;GALNT11;GALNT12;MUC7;GALNT14;POMGNT1;GALNT3;MUC12;B3GLCT;ST3GAL1;B3GNT6;THSD7B;ADAMTS12;POMK;POMT2;ADAMTS10;B3GNT9;ADAMTS18;ADAMTS7;ADAMTS8;MUCL1"
"Regulation Of Ornithine Decarboxylase (ODC) R-HSA-350562",0.120469554414078,0.603015075376884,0.287805130535564,-0.205750841854341,-1.15850359172343,50,"PSMB7;PSMB6;SEM1;PSMD3;PSMA2;PSMD14;PSME1;PSMD4;PSMA1;PSME2;AZIN1;OAZ2;PSMD10"
"Formation Of Incision Complex In GG-NER R-HSA-5696395",0.121992413065432,0.607111775302269,0.287805130535564,-0.225183792948917,-1.24201211339269,40,"RBX1;RAD23B;RPS27A;PARP1;RAD23A;DDB1;CDK7;UBE2V2"
"NOTCH3 Activation And Transmission Of Signal To Nucleus R-HSA-9013507",0.124158730856714,0.61501882959256,0.287805130535564,-0.270315907241317,-1.30309812885479,24,"YBX1;PSENEN;PSEN1;RPS27A"
"Interleukin-10 Signaling R-HSA-6783783",0.125130344108446,0.615947743018604,0.12384217120105,0.353417688936869,1.28540013344152,43,"IL12A;CSF2;CD86;CXCL8;CCL20;IL10RA;PTAFR;CSF3;IL1RN;CXCL10;CXCL1;TYK2;IL1R2;CCR2;ICAM1;CCR5;IL1A;CCL22;IL10RB;FCER2"
"XBP1(S) Activates Chaperone Genes R-HSA-381038",0.125502967356842,0.615947743018604,0.249246554383295,-0.208934694393238,-1.18319386588485,46,"LMNA;HDGF;ADD1;PDIA6;TLN1;MYDGF;ATP6V0D1;SSR1;WIPI1;HYOU1"
"Cross-presentation Of Soluble Exogenous Antigens (Endosomes) R-HSA-1236978",0.126345991589552,0.617240738728773,0.249246554383295,-0.208266343250782,-1.19218934894906,48,"PSMB7;PSMB6;SEM1;PSMD3;PSMA2;PSMD14;PSME1;PSMD4;PSMA1;PSME2"
"Disassembly Of Destruction Complex And Recruitment Of AXIN To Membrane R-HSA-4641262",0.127550292991358,0.620278822081262,0.249246554383295,-0.239571210975806,-1.19495007787084,29,"PPP2CB;PPP2CA;CTNNB1;WNT8A;AXIN1;PPP2R5A;DVL2;GSK3B;LRP6;CAV1;FZD2;LRP5;DVL3;FZD1;PPP2R1B;PPP2R5D;WNT1;PPP2R5B;FRAT2;WNT3A;PROC;PPP2R1A;AMER1;PPP2R5E;PPP2R5C;FRAT1;CSNK1G2"
"Cell Death Signaling Via NRAGE, NRIF And NADE R-HSA-204998",0.128466694628627,0.621895589906761,0.249246554383295,-0.190223333397688,-1.16789215713298,73,"RNASE1;PSENEN;YWHAE;PREX1;ARHGEF2;OBSCN;CASP2;PSEN1;RPS27A;ARHGEF15"
"Defensins R-HSA-1461973",0.130939809926082,0.630999536521619,0.121543282035469,0.361585957261451,1.29307940146947,39,"DEFB118;DEFB107A;DEFB126;DEFB129;DEFB115;DEFB124;DEFB128;DEFB136;DEFB127;DEFB130A;DEFB131A;PRSS3;DEFB132;CCR2;PRSS2;DEFA5;DEFB1;DEFB106A;CCR6;DEFB134;DEFB135;DEFB121;DEFB119;DEFB116;DEFB123;DEFB112;DEFB125;DEFA6"
"Acyl Chain Remodelling Of PC R-HSA-1482788",0.132034632034632,0.633409383409383,0.122679189568808,0.390920888871158,1.30384696007914,27,"PLA2G2D;PLA2G10;PLA2G4B;PLA2G1B;PLA2G6;PLA2G4D;PLB1;PLA2G4F;PLA2R1;PLA2G2F;PLBD1;PLA2G4A;LPCAT3;LPCAT1"
"Amine Ligand-Binding Receptors R-HSA-375280",0.132911392405063,0.634756201396378,0.120433371642259,0.358126980956328,1.28275922043052,40,"HTR6;ADRA2B;ADRA1B;HTR1F;DRD2;ADRA1A;TAAR1;CHRM1;CHRM4;HRH4;HTR2C;HRH2;ADRB2;ADRA2C;HTR7;CHRM5;TAAR6;CHRM2;HRH3;DRD1;ADRA2A;TAAR5;ADRB3;TAAR8"
"Defective CFTR Causes Cystic Fibrosis R-HSA-5678895",0.136467683682873,0.640323290937092,0.249246554383295,-0.205145009265113,-1.22353901518095,59,"PSMB7;RPS27A;PSMB6;SEM1;PSMD3;VCP;PSMA2;PSMD14;PSME1;PSMD4;PSMA1;ERLEC1;PSME2"
"Diseases Of Carbohydrate Metabolism R-HSA-5663084",0.136752136752137,0.640323290937092,0.119348440591015,0.375130381952926,1.29760145115854,32,"ARSB;IDS;GYG2;GYS2;G6PC1;KHK;NAGLU;SPAM1;GBE1;SGSH;UBB;LCT;G6PC3;NHLRC1;GYS1"
"G1/S DNA Damage Checkpoints R-HSA-69615",0.138853580707765,0.640323290937092,0.249246554383295,-0.191019814160577,-1.1975582528761,66,"PSMB7;CDKN1B;RPS27A;PSMB6;PCBP4;SEM1;PSMD3;PSMA2;PSMD14;PSME1;PSMD4;PSMA1;PSME2;CDK2"
"Interferon Alpha/Beta Signaling R-HSA-909733",0.138019009776715,0.640323290937092,0.249246554383295,-0.185661044456504,-1.18985661239874,67,"HLA-B;IRF9;HLA-C;HLA-A;IFITM1;USP18;IFITM3;IFITM2;STAT2;STAT1;IFI6;PTPN11;IFI27;IFNAR2;IFIT1;KPNB1;IFNA14;HLA-E"
"RAC2 GTPase Cycle R-HSA-9013404",0.138171271421194,0.640323290937092,0.249246554383295,-0.181703268110307,-1.19733028775981,87,"PGRMC2;PREX1;VAMP3;ITGB1;RAB7A;DOCK10;CDC42;ERBIN;WASF2;ARHGDIA"
"Role Of GTSE1 In G2/M Progression After G2 Checkpoint R-HSA-8852276",0.137322944356934,0.640323290937092,0.249246554383295,-0.196950549937963,-1.1484917917003,58,"PSMB7;MAPRE1;RPS27A;PSMB6;SEM1;PSMD3;PSMA2;PSMD14;PSME1;PSMD4;PSMA1;PSME2;HSP90AB1;UBA52;PSMD10"
"Synthesis Of Bile Acids And Bile Salts Via 27-Hydroxycholesterol R-HSA-193807",0.137142857142857,0.640323290937092,0.12384217120105,0.448735404649742,1.30403349441795,15,"AKR1C4;AKR1C1;CYP8B1;AKR1C2;NR1H4;NCOA1;PTGIS;CYP7A1"
"TAK1-dependent IKK And NF-kappa-B Activation R-HSA-445989",0.138887023668045,0.640323290937092,0.249246554383295,-0.212158121211757,-1.17119342295111,44,"HMGB1;S100B;APP;RPS27A;NFKBIA;USP18;SAA2;NFKB1;NFKB2;RELA"
"G Beta:Gamma Signaling Thru BTK R-HSA-8964315",0.14041095890411,0.640517385694398,0.122107920287081,0.424668173693463,1.28489687783422,18,"GNG13;GNB5;BTK;GNG10;GNB1;GNG3;GNG4;GNGT2;GNG2;GNGT1"
"NR1H3 And NR1H2 Regulate Gene Expression Linked To Cholesterol Transport And Efflux R-HSA-9029569",0.140733397420178,0.640517385694398,0.249246554383295,-0.232650076572206,-1.20437456888488,36,"APOD;APOE;NR1H2;KDM1A;NCOR2;ABCG1;GPS2"
"Transferrin Endocytosis And Recycling R-HSA-917977",0.13955974687003,0.640517385694398,0.249246554383295,-0.238292569093534,-1.18596269522854,31,"TF;ATP6AP1;ATP6V0B;ATP6V1G1;ATP6V0E2;ATP6V0E1;ATP6V0D1;ATP6V1E1;ATP6V0A1;TFRC;STEAP3"
"G Beta:Gamma Signaling Thru PI3Kgamma R-HSA-392451",0.145054945054945,0.649483793517407,0.117249716749792,0.391250155515715,1.28082059861425,25,"GNG13;PIK3R5;PIK3R6;GNB5;AKT3;GNG10;GNB1;AKT1;GNG3;GNG4;GNGT2;GNG2;GNGT1"
"GPVI-mediated Activation Cascade R-HSA-114604",0.143941029131955,0.649483793517407,0.249246554383295,-0.239187738212817,-1.20392670079291,32,"RNASE1;RHOA;CDC42;FYN;PRKCZ;GP6;PTPN11;RHOG"
"HSF1-dependent Transactivation R-HSA-3371571",0.143671324304597,0.649483793517407,0.249246554383295,-0.242623165725962,-1.25811756653965,35,"HSPA2;CRYAB;HSPB8;HSBP1"
"Nucleotide-like (Purinergic) Receptors R-HSA-418038",0.145142857142857,0.649483793517407,0.119887845115423,0.445763157544258,1.29539608863477,15,"LPAR4;LPAR6;ADORA2B;P2RY6;P2RY14;P2RY2;P2RY12;ADORA1;P2RY10;P2RY13;P2RY1"
"Interaction Between L1 And Ankyrins R-HSA-445095",0.146103896103896,0.651048742052926,0.115734447701689,0.373824303025765,1.26727629271111,29,"ANK1;L1CAM;SCN4B;SPTBN4;KCNQ2;SPTA1;SCN2B;SCN1B;SPTBN2;SCN10A;SCN1A;SCN11A;SCN5A;SCN3B;SCN9A;SPTBN5;SCN2A;SCN7A;SCN4A"
"Surfactant Metabolism R-HSA-5683826",0.147186147186147,0.653138528138528,0.115240003147781,0.383082521206635,1.27770348158434,27,"DMBT1;SLC34A1;SFTPA2;LMCD1;SLC34A2;SFTPA1;ADORA2B;CKAP4;PGA3;SFTPD;ADRA2C;P2RY2"
"Fertilization R-HSA-1187000",0.148351648351648,0.65383707201889,0.115734447701689,0.390374038777502,1.27795248891698,25,"CATSPER3;ADAM20;ZP4;KCNU1;SPAM1;B4GALT1;ADAM2;ZP3;IZUMO2;CATSPERB;CATSPER4;ADAM30;CATSPERG;ADAM21"
"Regulation Of Gene Expression In Late Stage (Branching Morphogenesis) Pancreatic Bud Precursor Cells R-HSA-210744",0.148571428571429,0.65383707201889,0.118287526124085,0.442128266314543,1.28483302660981,15,"CREBBP;NEUROG3;HNF1B;MAML3;MAML2;MAMLD1"
"Activation Of SMO R-HSA-5635838",0.154109589041096,0.662863070539419,0.115734447701689,0.417427608103182,1.26298946706738,18,"IQCE;SHH;CSNK1A1;BOC;SMOX;CDON;EVC2;DHH;ARRB1;ARRB2;GAS1;GAS8;EVC"
"CD28 Co-Stimulation R-HSA-389356",0.153170045298697,0.662863070539419,0.249246554383295,-0.226211356904553,-1.16807716888205,34,"RNASE1;CDC42;PRR5;YES1;FYN;GRB2"
"DAP12 Interactions R-HSA-2172127",0.153764267551675,0.662863070539419,0.249246554383295,-0.213782586331768,-1.1791282062502,40,"RNASE1;HLA-B;B2M;HLA-C;FYN;GRB2"
"GAB1 Signalosome R-HSA-180292",0.152,0.662863070539419,0.116739204791222,0.427388109503959,1.27330540550525,17,"EGFR;PXDN;AREG;EREG;BTC;PIK3CA;EPGN;EGF"
"Glycogen Metabolism R-HSA-8982491",0.154525386313466,0.662863070539419,0.11331290842208,0.399596034070604,1.2889662918873,23,"GYG2;PHKA1;GYS2;PHKB;PYGB;GBE1;PHKG1;CALM1;UBB;NHLRC1;GYS1;PYGL"
"Inositol Phosphate Metabolism R-HSA-1483249",0.155601659751037,0.662863070539419,0.108820126769161,0.335977015630777,1.2435761589768,48,"PLCH1;ITPKA;INPP4A;MIOX;NUDT10;IMPA2;NUDT11;INPP5J;INPP5D;PLCB4;PLCD4;IP6K1;PPIP5K2;INPP5A;CALM1;PLCZ1;MTMR7;INPP4B;PLCD1"
"NOTCH4 Intracellular Domain Regulates Transcription R-HSA-9013695",0.155580608793687,0.662863070539419,0.114266502484433,0.412283588480198,1.27134437979919,19,"HES5;FLT4;CREBBP;MAML3;MAML2;MAMLD1;NOTCH2;SMAD3"
"Signaling By Activin R-HSA-1502540",0.153142857142857,0.662863070539419,0.116234148779716,0.440260737204687,1.27940595202238,15,"INHBB;FST;MAPK1;ACVR1C;FOXH1;MAPK3;INHBA;SMAD3;ACVR2B"
"ADORA2B Mediated Anti-Inflammatory Cytokine Production R-HSA-9660821",0.158316633266533,0.666958917835671,0.105520936843198,0.287680668959637,1.18006905343545,130,"HTR6;RXFP2;GIPR;NPS;GNG13;ADCY7;CRHR2;MC1R;IAPP;FSHB;CYSLTR2;TAAR1;GLP2R;ADORA2B;PRKAR1B;GPR150;RLN2;PTH2R;RAMP1;GNB5;CALCA;PRKACG;NPSR1;GCG;ADCY1;TSHB;PTHLH;GHRH;GPHA2;HRH2;GNG10;GNB1;ADRB2;GNG3;AVPR2;GNG4;NLRP3;MC5R;LHB;HTR7;GPR45;MC2R;RXFP1;CRH;GPR25;CHGA;TAAR6;GNGT2;INSL3;GNG2;LHCGR;GNGT1;GPR83;PTGER2;SCTR;RAMP3;DRD1;GNAT3;CALCR;RAMP2;GNAI3;TAAR5;ADRB3;GPR39;CREB1;GNB4;TAAR8;GHRHR;PTGDR;GPHB5;ADCY2;ADCY9;POMC;ADCYAP1"
"G Alpha (I) Signaling Events R-HSA-418594",0.158841158841159,0.666958917835671,0.105125131597001,0.260166961360793,1.12288496135564,306,"CAMK2A;CCL23;ADRA2B;CCR3;ITPR1;RGS11;GNG13;TAS2R50;GNA14;AGTR2;PDE1B;ADCY7;ACKR3;RGS4;MTNR1B;TAS2R1;RGS9BP;PTGDR2;BDKRB2;SFTPA2;UBD;CXCL8;NBEA;HTR1F;TAS1R1;GABBR2;CCL20;GRM2;CAMKK1;GPR183;GPR31;CASR;GNAT1;PPP1CA;CXCL11;CXCL5;CCL1;PLCB4;TAS2R14;PMCH;PRKAR1B;NPY2R;RGS20;GNB5;HCAR2;CX3CR1;LPAR3;P2RY14;CCL13;PRKACG;RXFP3;OPN5;ADCY1;TAS2R19;CHRM4;HRH4;PDE1A;CNOT6;RGS6;GNAL;OPN3;RGS8;SUCNR1;PDE4B;RGS21;CXCL10;FPR3;FPR2;CALM1;NMUR2;GNG10;OPN1MW3;GNB1;RHO;CXCL1;S1PR3;TAS2R13;PPY;NPW;CXCL6;PPP3CA;ADRA2C;SSTR1;GNAT2;GNG3;GNG4;RGS1;CCR7;LPAR5;CXCR6;CCR2;TAS2R46;TAS2R45;SSTR2;CCR5;CAMK2B;OXER1;CCR8;MAPK1;INSL5;PPP3R1;PPP1R1B;PDYN;PRKCG;TAS2R9;NMS;CXCL16;PDE4A;RXFP4;GNGT2;PLA2G4A;MCHR2;GNG2;NPBWR2;OPN1SW;GNGT1;P2RY12;TAS2R43;PYY;OPN1LW;CCL28;TAS2R4;GAL;PNOC;ADORA1;OXGR1;PENK;MCHR1;GPSM3;GALR2;CHRM2"
"Glycerophospholipid Biosynthesis R-HSA-1483206",0.160320641282565,0.666958917835671,0.104732821580651,0.287761287325906,1.17885686696247,126,"GNPAT;PLA2G2D;PLA2G10;PLAAT1;PLA2G4B;PLA2G1B;PLA2G6;PLA2G4D;PCTP;PITPNM2;OSBPL10;GPAM;PCYT1B;ALPP;PISD;DGAT2L6;CHPT1;ACHE;BCHE;MGLL;ABHD3;LIPI;ACP6;PLB1;PLA2G4F;CHKA;LPIN1;PLA2R1;ETNK1;GPCPD1;PLA2G15;PLA1A;PLD2;HADHA;STARD10;GPAT3;LPIN3;PLA2G2F;CHEK2;PLBD1;PHOSPHO1;SLC44A5;AGPAT2;PGS1;LPIN2;PLAAT5;CDS2;PLA2G4A;SELENOI;GPD1L;LPCAT3;PLAAT4;LPCAT1;PLAAT2;PITPNB;LIPH;PLD3;PCYT1A;MBOAT1;DGAT2;OSBPL5;STARD7;PITPNM3;CPNE6;GPD1;DGAT1;PLD6;PLA2G2E;GPD2;AWAT2;SLC44A3;PNPLA8;PLA2G3;PTPMT1"
"Sensory Perception Of Taste R-HSA-9717189",0.158498435870699,0.666958917835671,0.107972360317345,0.341480201253746,1.25322621780425,46,"GNG13;TAS2R50;SCN4B;TAS2R1;TAS1R1;SCN2B;TAS2R14;OTOP1;SCNN1G;SCN1B;CALHM1;TRPM4;GNB1;TAS2R13;TAS2R46;TAS2R43;SCN9A;TAS2R4;TAS2R41;SCN2A;PLCB2;GNAT3;SCNN1B;SCNN1A;GRM1;TAS2R30;TAS2R16;TRPM5;SCN3A"
"Smooth Muscle Contraction R-HSA-445355",0.159875805008533,0.666958917835671,0.249246554383295,-0.212193444582805,-1.1766304934691,42,"MYLK;MYL6;MYL12B;TLN1;TPM4;TRIM72"
"p130Cas Linkage To MAPK Signaling For Integrins R-HSA-372708",0.15981725790932,0.666958917835671,0.249246554383295,-0.311485200205693,-1.19844709153465,15,"RAP1A;TLN1;PTK2;FN1;BCAR1;VWF"
"Activation Of Matrix Metalloproteinases R-HSA-1592389",0.163636363636364,0.675475687103594,0.107554375265169,0.362110718288506,1.25725062481642,33,"CTRB2;MMP24;CTSK;MMP17;ELANE;MMP10;PLG;MMP2;MMP13;MMP16;CTSV;TPSAB1;CTSG;MMP9;MMP1;PRSS2;MMP3;MMP8;MMP7;MMP15"
"Acyl Chain Remodelling Of PS R-HSA-1482801",0.16315205327414,0.675475687103594,0.110122263835536,0.3964808843872,1.26384962202198,22,"PLA2G2D;PLA2G10;PLA2G4B;PLA2G1B;PLA2G4D;OSBPL10;PLA2G4F;PLA2R1;PLA1A;PLA2G2F;PLA2G4A;LPCAT3"
"G1/S-Specific Transcription R-HSA-69205",0.165584415584416,0.680508399990896,0.107554375265169,0.368179218835814,1.24813927752408,29,"CDC6;E2F4;CDC25A;LIN54;TK1;POLA1;TYMS;RBL1;CCNE1;LIN52;CDC45;FBXO5;LIN37;RRM2;LIN9;CDK1;SLC25A15;TFDP2;CDT1;E2F5"
"MET Promotes Cell Motility R-HSA-8875878",0.166133506101064,0.680508399990896,0.249246554383295,-0.235362875968472,-1.16612759460817,28,"RNASE1;ITGB1;RAP1A;CRKL;GRB2;PTK2"
"Collagen Degradation R-HSA-1442490",0.167721518987342,0.684380910810418,0.105125131597001,0.346849886424372,1.24236629345276,40,"CTSK;ELANE;MMP10;ADAM17;COL26A1;COL19A1;MMP2;MMP12;MMP13;MMP19;COL23A1;MMP9;TMPRSS6;MMP1;COL12A1;PRSS2;COL14A1;MMP3;MMP8;COL9A1;MMP7;MMP15"
"NOTCH1 Intracellular Domain Regulates Transcription R-HSA-2122947",0.168925964546402,0.68666470321343,0.103958471559957,0.338463618089753,1.24215541166257,46,"HDAC4;HDAC3;NBEA;TLE1;HES5;CCNC;CREBBP;HDAC10;TBL1XR1;CDK8;MAML3;MAML2;UBB;MAMLD1"
"Notch-HLH Transcription Pathway R-HSA-350054",0.170305676855895,0.689640858751059,0.106323255932708,0.368911632631034,1.23818756327002,28,"HDAC4;HDAC3;CREBBP;HDAC10;TBL1XR1;MAML3;MAML2;MAMLD1"
"APC:Cdc20 Mediated Degradation Of Cell Cycle Proteins Before Cycle Checkpoint Satisfied R-HSA-179419",0.172505781663549,0.692372798194397,0.249246554383295,-0.186789164083812,-1.17005702318437,72,"PSMB7;BUB3;RPS27A;UBE2E1;PSMB6;SEM1;PSMD3;ANAPC11;PSMA2;PSMD14;PSME1;PSMD4;PSMA1"
"Diseases Of DNA Repair R-HSA-9675135",0.172199170124481,0.692372798194397,0.102449405629826,0.329805672938235,1.22556279686979,50,"OGG1;RAD17;NEIL3;RHNO1;PALB2;RAD51B;SERPINA2;RBBP8;POLR1B;MLH1;RMI1;RAD50;RFC3;RAD51AP1;DNA2;NEIL1;POLR1A;ATM;WRN;RFC4;BRCA2;RAD51D;RMI2;RAD9B;MUTYH;RAD51;HUS1;NTHL1;RAD9A;RFC2;XRCC2"
"Downregulation Of ERBB2 Signaling R-HSA-8863795",0.173580786026201,0.692372798194397,0.105125131597001,0.368016179855273,1.23518213217929,28,"EGFR;NRG4;NRG2;EREG;RNF41;ERBB4;AKT3;BTC;UBB;AKT1;EGF"
"Sensory Perception Of Sweet, Bitter, And Umami (Glutamate) Taste R-HSA-9717207",0.172995780590717,0.692372798194397,0.103197466945307,0.345200311968399,1.23645775554384,40,"GNG13;TAS2R50;SCN4B;TAS2R1;TAS1R1;SCN2B;TAS2R14;SCN1B;CALHM1;TRPM4;GNB1;TAS2R13;TAS2R46;TAS2R43;SCN9A;TAS2R4;TAS2R41;SCN2A;PLCB2;GNAT3;GRM1;TAS2R30;TAS2R16;TRPM5;SCN3A"
"G-protein Activation R-HSA-202040",0.174585635359116,0.693782468871114,0.105520936843198,0.383146941509096,1.24472866284918,24,"GNG13;GNA14;GNB5;GNG10;GNB1;GNG3;GNG4;PDYN;GNGT2;GNG2;GNGT1"
"Canonical Retinoid Cycle In Rods (Twilight Vision) R-HSA-2453902",0.178807947019868,0.706598497874956,0.103958471559957,0.390380523252879,1.2592400639126,23,"HSD17B6;RBP4;ABCA4;RLBP1;RBP3;RDH8;DHRS9;RHO;RPE65;NAPEPLD;TTR;RDH5;RDH12;SDR9C7;RDH10;STRA6"
"Transcriptional Activity Of SMAD2/SMAD3:SMAD4 Heterotrimer R-HSA-2173793",0.17913764734858,0.706598497874956,0.249246554383295,-0.192218534433105,-1.08230839071956,50,"YBX1;PPM1A;RPS27A;PARP1;NCOR2;SKI;SMAD7;CDK9;MYC;STAT1"
"Defective GALNT12 Causes CRCS1 R-HSA-5083636",0.180571428571429,0.709625724828677,0.105520936843198,0.418849171920813,1.24786558829903,17,"MUC19;MUC17;MUC15;MUC13;MUC4;MUC1;GALNT12;MUC7;MUC12"
"Defective GALNT3 Causes HFTC R-HSA-5083625",0.181714285714286,0.711491596638655,0.105125131597001,0.418497264392969,1.24681716007308,17,"MUC19;MUC17;MUC15;MUC13;MUC4;MUC1;MUC7;GALNT3;MUC12"
"Uptake And Actions Of Bacterial Toxins R-HSA-5339562",0.187060161148245,0.729740189094804,0.249246554383295,-0.226384294970672,-1.12164236719549,28,"CD9;ANTXR1;MAP2K4;SYT2;PDZD3;HSP90AB1;VAMP2;MAP2K7;VAMP1;HSP90AA1;ANTXR2;STX1B;TXNRD1;MAP2K2;SNAP25;HBEGF;MAP2K6;MAP2K3;STX1A;SV2B;FURIN;GUCY2C;SYT1;MAP2K1;PDCD6IP"
"Cilium Assembly R-HSA-5617833",0.188811188811189,0.731214240305149,0.0946646223153342,0.270696877326314,1.13542651713021,185,"B9D1;WDR35;TCTN1;IFT20;TMEM67;IQCB1;KIF3C;SFI1;BBS12;CEP63;KIF17;NEDD1;DYNLRB2;HAUS2;CEP192;INPP5E;CEP70;CEP89;AHI1;IFT88;CNGA4;HSPB11;UNC119B;KIF3B;TUBG1;HAUS7;AKAP9;FBF1;TTC21B;CEP152;TRAF3IP1;SMOX;BBS9;LZTFL1;MKS1;TTC8;IFT74;KIF24;HAUS6;DYNC2I2;EXOC1;IFT57;CEP164;CEP135;MKKS;DCTN3;RHO;CEP131;TTC30A;HAUS3;TMEM216;TTC26;PKD1;PLK4;CC2D2A;CEP97;IFT81;RPGRIP1L;RAB3IP;NINL;ARF4;ODF2;DYNLT2B;IFT140;ACTR1A;CNGA2;CEP76;C2CD3;TRIP11;DYNLT5;BBS4;CENPJ;BBS7;MCHR1;CNGB1;YWHAG;CEP83;ARL3;BBS5;TUBA4A;EXOC6"
"Insulin Receptor Signaling Cascade R-HSA-74751",0.188210961737332,0.731214240305149,0.096887770327544,0.321643809382157,1.20778304369733,53,"FGF20;FLT3;FGF17;TRIB3;FGF10;FGF7;INS;FGF19;KL;IRS2;PIK3R2;FGF3;TLR9;KLB;FGF8;FGFR4;PIK3CA;THEM4;MAPK1;FGF23;MAPK3;FGF13;SOS1;SHC1;FGF5;FGF18"
"Inflammasomes R-HSA-622312",0.190940415993888,0.734121093983721,0.249246554383295,-0.267607349970684,-1.16918461282659,21,"APP;TXNIP;SUGT1;P2RX7;NFKB1;NFKB2;RELA;BCL2L1;HSP90AB1"
"Phospholipid Metabolism R-HSA-1483257",0.190809190809191,0.734121093983721,0.0940503465727813,0.26704407490131,1.12909453201108,207,"GNPAT;PLA2G2D;PLA2G10;PLAAT1;TNFAIP8;PLA2G4B;INPP4A;PLA2G1B;PLA2G6;PLA2G4D;PIP5K1C;PCTP;PIK3R5;PITPNM2;OSBPL10;GPAM;PCYT1B;INPP5E;ALPP;PIP5K1B;PISD;DGAT2L6;CHPT1;MTMR6;ACHE;MTMR3;PLEKHA6;PIK3R6;INPP5J;INPP5D;VAC14;PNPLA7;BCHE;MGLL;ABHD3;LIPI;RUFY1;ACP6;PLB1;PLA2G4F;CHKA;PIK3R2;LPIN1;PLA2R1;PIK3C2G;TPTE2;SBF1;TPTE;ETNK1;GPCPD1;PLA2G15;MTMR7;PLA1A;PLD2;HADHA;INPP4B;STARD10;GPAT3;LPIN3;MTMR1;PIK3R3;PLA2G2F;PIK3CA;CHEK2;PLBD1;PI4KA;PHOSPHO1;PLEKHA3;SLC44A5;AGPAT2;PGS1;LPIN2;PLAAT5;SACM1L;CDS2;PTEN;PLA2G4A;SELENOI;GDPD3;GPD1L;PIP4K2B;LPCAT3;MTMR4;PLAAT4;MTMR14;LPCAT1;PLAAT2;SYNJ1;PIKFYVE;PITPNB;PLEKHA8;LIPH;BMX;PLD3;PCYT1A;MBOAT1"
"Metabolic Disorders Of Biological Oxidation Enzymes R-HSA-5579029",0.192307692307692,0.73671831765357,0.09754492162472,0.355486083128903,1.22965048827374,32,"FMO3;CYP21A2;CYP26C1;CYP24A1;OPLAH;MAT1A;CYP11A1;CYP2R1;TPMT;CYP2U1;TBXAS1;CYP19A1;CYP4F22;FDX2;FDXR;CYP17A1"
"Chemokine Receptors Bind Chemokines R-HSA-380108",0.194415718717684,0.742124517685781,0.0949751525905595,0.319133909852544,1.19835828872047,53,"CCR3;CCL17;ACKR3;CXCL8;CCL20;CXCL11;CXCL5;CCL1;CCL11;CX3CR1;CCL7;CCL13;CNOT6;CXCL10;CXCL1;CXCL6;CCR7;CXCR6;CCR2;CCR5;CCR8;CXCL16;CCL22;CCL28"
"COPI-independent Golgi-to-ER Retrograde Traffic R-HSA-6811436",0.195914411457227,0.743874919406834,0.249246554383295,-0.218723418552043,-1.12941204635572,34,"DYNC1LI2;DYNC1I2;DYNC1H1;ACTR10;CAPZB;PAFAH1B2"
"Synthesis Of PC R-HSA-1483191",0.196969696969697,0.743874919406834,0.096887770327544,0.367040522231112,1.22419825279438,27,"PCTP;PCYT1B;CHPT1;ACHE;BCHE;ABHD3;CHKA;LPIN1;STARD10;LPIN3;PHOSPHO1;SLC44A5;LPIN2"
"TNFs Bind Their Physiological Receptors R-HSA-5669034",0.196969696969697,0.743874919406834,0.096887770327544,0.359879478261608,1.22000289264967,29,"TNFSF11;TNFSF13B;TNFRSF9;FASLG;TNFRSF8;TNFSF4;TNFRSF11B;TNFRSF14;TNFSF13;TNFRSF25;TNFRSF17;EDA;EDARADD;TNFSF18;TNFRSF4;TNFSF15;TNFRSF1B"
"Anti-inflammatory Response Favoring Leishmania Infection R-HSA-9662851",0.1998001998002,0.751898278400045,0.0913924325943768,0.273496325113735,1.13512239140006,162,"HTR6;RXFP2;ITPR1;GIPR;NPS;GNG13;DPEP3;ADCY7;CRHR2;MC1R;IAPP;FSHB;CYSLTR2;TAAR1;RHBDF2;CD247;GLP2R;ADORA2B;DPEP2;PRKAR1B;GPR150;RLN2;PTH2R;RAMP1;ADAM17;GNB5;CALCA;PRKACG;NPSR1;GCG;ADCY1;TSHB;PTHLH;GHRH;GPHA2;CYSLTR1;HRH2;CALM1;GNG10;GNB1;ADRB2;GGT5;GNG3;AVPR2;GNG4;NLRP3;MC5R;LHB;HTR7;GPR45;MC2R;RXFP1;CRH;GPR25;CHGA;TAAR6;CD163;GNGT2;INSL3;GNG2;LHCGR;GNGT1"
"PI3K Events In ERBB2 Signaling R-HSA-1963642",0.202764976958525,0.76036866359447,0.0988903007520636,0.414463479617915,1.2164854808314,16,"EGFR;NRG4;NRG2;EREG;ERBB4;BTC;PIK3CA;EGF"
"Regulation Of APC/C Activators Between G1/S And Early Anaphase R-HSA-176408",0.203693844130544,0.761171733329929,0.249246554383295,-0.17674583666368,-1.15453183716738,79,"PSMB7;BUB3;RPS27A;UBE2E1;PSMB6;SEM1;PSMD3;ANAPC11;PSMA2;PSMD14;PSME1;PSMD4;PSMA1;SKP1;PSME2;CDK2"
"ADP Signaling Thru P2Y Purinoceptor 1 R-HSA-418592",0.213186813186813,0.762983867721903,0.0931454575337804,0.367366127894628,1.20263237523927,25,"GNG13;GNA14;GNB5;GNG10;GNB1;GNG3;GNG4;GNGT2;PLA2G4A;GNG2;GNGT1"
"APC/C:Cdh1 Mediated Degradation Of Cdc20 And APC/C:Cdh1 Targets In Late Mitosis/Early G1 R-HSA-174178",0.209598178229005,0.762983867721903,0.249246554383295,-0.18123269139408,-1.13525098972605,72,"PSMB7;RPS27A;UBE2E1;PSMB6;SEM1;PSMD3;ANAPC11;PSMA2;PSMD14;PSME1;PSMD4;PSMA1"
"CDK-mediated Phosphorylation And Removal Of Cdc6 R-HSA-69017",0.207358985503979,0.762983867721903,0.249246554383295,-0.175717725891248,-1.10145415283061,71,"PSMB7;RPS27A;UBE2E1;PSMB6;SEM1;PSMD3;ANAPC11;PSMA2;PSMD14;PSME1;PSMD4;PSMA1;PSME2;CDK2;UBA52;PSMD10;FZR1;CDC27;PSMD8"
"Class C/3 (Metabotropic Glutamate/Pheromone Receptors) R-HSA-420499",0.213305174234424,0.762983867721903,0.0908241419007155,0.336194591754734,1.20227650646606,39,"TAS2R50;TAS2R1;UBD;TAS1R1;GABBR2;GRM2;CASR;TAS2R14;TAS2R19;GPRC6A;TAS2R13;TAS2R46;TAS2R45;TAS2R9;TAS2R43;GRM5;TAS2R4;TAS2R41;TAS2R42;GRM1;TAS2R30;TAS2R16"
"DARPP-32 Events R-HSA-180024",0.21544502408886,0.762983867721903,0.249246554383295,-0.245290528787742,-1.18245956130047,24,"PDE4C;PRKAR1A;PPP2CB;PPP2CA;PDE4D;PRKACB"
"G Alpha (S) Signaling Events R-HSA-418555",0.212787212787213,0.762983867721903,0.0878312634480124,0.273727633801048,1.13319233716064,152,"HTR6;RXFP2;GIPR;NPS;GNG13;PDE1B;ADCY7;CRHR2;MC1R;IAPP;FSHB;CYSLTR2;TAAR1;GLP2R;ADORA2B;PRKAR1B;GPR150;RLN2;PTH2R;RAMP1;GNB5;GRK3;CALCA;PRKACG;PDE11A;NPSR1;GCG;ADCY1;TSHB;PTHLH;GHRH;PDE1A;GPHA2;PDE2A;GRK6;HRH2;GNG10;GNB1;ADRB2;GNG3;AVPR2;GNG4;NLRP3;MC5R;GRK5;PDE10A;LHB;HTR7;GPR45;MC2R;RXFP1;CRH;GPR25;CHGA;TAAR6;PDE4A;GNGT2;INSL3;GNG2;LHCGR;GNGT1;GPR83;PTGER2;SHC1;SCTR;RAMP3;DRD1;GNAT3;CALCR;ARRB1;RAMP2;GNAI3;ARRB2;TAAR5;ADRB3;PDE8B;GPR39;GNB4;TAAR8;GHRHR;PTGDR;PDE3B;GPHB5;ADCY2;ADCY9;POMC"
"GABA Receptor Activation R-HSA-977443",0.216410256410256,0.762983867721903,0.0883594442500905,0.309393617612888,1.17480546628549,59,"GNG13;GABRA5;ADCY7;KCNJ6;GABRB1;GABRB2;GABRA3;UBD;GABRR3;GABBR2;KCNJ15;GNB5;ADCY1;GNAL;GABRB3;GNG10;GNB1;GNG3;GNG4;ARHGEF9;KCNJ4;GNGT2;GABRG2;GNG2;GABRA6;GNGT1;GABRA2;GNAT3;GABRA4;GNAI3;KCNJ5;GABRR2;GNB4;NPTN;GABRR1;ADCY2;ADCY9"
"Homologous DNA Pairing And Strand Exchange R-HSA-5693579",0.20925341745531,0.762983867721903,0.0916795246008379,0.33390728686505,1.20444215597048,42,"XRCC3;RAD17;RHNO1;PALB2;RAD51B;SERPINA2;RBBP8;POLR1B;RMI1;RAD50;CHEK1;RFC3;RAD51AP1;DNA2;POLR1A;ATM;WRN;RFC4;BRCA2;RAD51D;RMI2;RAD9B;RAD51;HUS1;RAD9A;RFC2;XRCC2"
"IL-6-type Cytokine Receptor Ligand Interactions R-HSA-6788467",0.206857142857143,0.762983867721903,0.0972150808846466,0.410014342142439,1.22154422777597,17,"IL31RA;CLCF1;JAK2;CNTF;CRLF1;TYK2;CCM2;IL31;IL11"
"IRE1alpha Activates Chaperones R-HSA-381070",0.218507117047118,0.762983867721903,0.249246554383295,-0.193727682437227,-1.10896497241582,48,"LMNA;HDGF;ADD1;PDIA6;TLN1;MYDGF;ATP6V0D1;SSR1;WIPI1;HYOU1"
"Mitophagy R-HSA-5205647",0.206245818701912,0.762983867721903,0.249246554383295,-0.239607449714033,-1.17025267823002,27,"RPS27A;TOMM7;ATG12;SQSTM1;PINK1;TOMM40;CSNK2B;TOMM20;UBA52;MFN2;MFN1"
"NRIF Signals Cell Death From Nucleus R-HSA-205043",0.21259842519685,0.762983867721903,0.276500599254472,-0.300175835249704,-1.15493402725532,15,"PSENEN;PSEN1;RPS27A;SQSTM1"
"Nuclear Envelope (NE) Reassembly R-HSA-2995410",0.208083775806135,0.762983867721903,0.249246554383295,-0.17625150413856,-1.11112025560924,70,"TUBB4A;TUBA1C;SIRT2;LMNA;TUBB4B;PPP2CA;TUBB2B;TUBB;TUBA3D;CHMP6"
"RHOD GTPase Cycle R-HSA-9013405",0.218507117047118,0.762983867721903,0.249246554383295,-0.187274095454348,-1.05446816287737,50,"PGRMC2;VAMP3;PLXNB1;RAB7A;ADD3"
"RNA Pol II CTD Phosphorylation And Interaction With CE R-HSA-77075",0.208312282122008,0.762983867721903,0.249246554383295,-0.241900789052055,-1.17123454233902,26,"POLR2I;POLR2L;CDK7;POLR2F;POLR2A;POLR2E;POLR2C;CCNH;POLR2H;POLR2G;GTF2H1;POLR2J;POLR2D;RNMT;MNAT1;POLR2B;GTF2H3;POLR2K;GTF2F2;GTF2F1;ERCC2;ERCC3;GTF2H5"
"Sialic Acid Metabolism R-HSA-4085001",0.217112299465241,0.762983867721903,0.0905428948469474,0.346472156594121,1.20295344313004,33,"NPL;ST8SIA4;NEU2;ST3GAL3;ST8SIA1;NEU4;ST8SIA5;ST6GALNAC6;ST6GALNAC2;ST6GALNAC4;ST8SIA3;ST6GALNAC5;GLB1;ST3GAL1;GNE;CTSA"
"Spry Regulation Of FGF Signaling R-HSA-1295596",0.21259842519685,0.762983867721903,0.276500599254472,-0.30230382635046,-1.16312152619212,15,"PPP2CB;RPS27A;PPP2CA;GRB2;PTPN11"
"Synthesis Of PA R-HSA-1483166",0.21752903907075,0.762983867721903,0.0897104652742981,0.334732813144459,1.19704899203278,39,"GNPAT;PLA2G2D;PLA2G10;PLA2G4B;PLA2G1B;PLA2G4D;GPAM;ALPP;LIPI;ACP6;PLA2R1;PLD2;GPAT3;PLA2G2F;AGPAT2;PLA2G4A;GPD1L"
"Translocation Of SLC2A4 (GLUT4) To Plasma Membrane R-HSA-1445148",0.214023704400485,0.762983867721903,0.249246554383295,-0.185838857266299,-1.04965074468006,51,"RNASE1;YWHAE;STX4;YWHAQ"
"Transmission Across Chemical Synapses R-HSA-112315",0.214785214785215,0.762983867721903,0.0873098257637931,0.259146654105903,1.10620444306873,246,"CAMK2A;GLRA3;CACNG3;GNG13;GABRA5;SYN2;ABAT;CHRNA9;GRIN2D;KIF17;ADCY7;KCNJ6;GABRB1;GABRB2;GABRA3;UBD;NBEA;GABRR3;CACNA1A;GABBR2;GRIN3B;ACHE;CHRNB2;CAMKK1;SLC5A7;NRGN;SLC1A1;APBA1;KCNJ15;SLC17A7;PRKAG3;BCHE;CHRNA5;PRKAR1B;CACNB1;GNB5;CHRNA6;CPLX1;CACNA1E;PRKACG;CACNB3;SLC6A11;SLC18A2;ADCY1;ERBB4;CHRNA3;SLC6A12;RPS6KA3;GLRB;LRTOMT;GNAL;GABRB3;CALM1;GNG10;HTR3C;GNB1;GRIK3;CACNG2;CACNA2D3;GAD1;PRKAA2;PRKAG2;NEFL;GNG3;GNG4;PPM1E;GRIA4;GLS2;CHRNB3;SYN3;CACNA2D1;CACNB4;PRKAG1;CAMK2B;ARHGEF9;MAPK1;CAMK1;LGALS12;KCNJ4;PRKCG;AKAP5;RIMS1;PRKAB2;GNGT2;GABRG2;GNG2;MAPK3;GABRA6;GNGT1;GRIA1;SLC6A13;CHRNE;PPFIA4;GPRIN1;CACNG8;SLC6A4;PPFIA1;GRIN3A;PLCB2;GABRA2;STXBP1;GNAT3;CHRND;GABRA4;HTR3A;CHRNG;MDM2;CACNB2;LIN7A;GNAI3;PRKCB;CAMK2G;SYN1;SLC1A7;HTR3E;SYT1;HTR3D;KCNJ5;CACNA1B;GABRR2;CREB1;GNB4;PPFIA3;EPB41L1;NPTN;GRIA3;NCALD;NSF;GABRR1;RPS6KA6;ADCY2;ADCY9;CHRNA2;CACNA2D2;GRIK5;PLCB1;GRIK4;MPP3;HRAS"
"Activation Of APC/C And APC/C:Cdc20 Mediated Degradation Of Mitotic Proteins R-HSA-176814",0.220984924483739,0.763440860215054,0.249246554383295,-0.173017490388323,-1.06478325496286,75,"PSMB7;BUB3;RPS27A;UBE2E1;PSMB6;SEM1;PSMD3;ANAPC11;PSMA2;PSMD14;PSME1;PSMD4;PSMA1"
"Interleukin-6 Family Signaling R-HSA-6783589",0.222099447513812,0.763440860215054,0.0911073131586733,0.367702787490165,1.19455527217795,24,"IL6R;IL31RA;CLCF1;JAK2;CNTF;CRLF1;TYK2;CBL;CCM2;IL31;IL11"
"Ovarian Tumor Domain Proteases R-HSA-5689896",0.219745222929936,0.763440860215054,0.0894366833718621,0.337646156578816,1.19299655143604,37,"TNIP3;OTUB1;TRAF6;NOD2;ZRANB1;TRIM25;OTUB2;TRAF3;UBE2D1;RIPK1;RNF128;ESR1;TP53;TRIM4;UBB;RNF135"
"RAS Processing R-HSA-9648002",0.220472440944882,0.763440860215054,0.271288554688953,-0.283031038072906,-1.17798034123446,17,"GOLGA7;FNTA;ARL2;PRKCQ;BCL2L1;ABHD17B"
"Signaling By FLT3 Fusion Proteins R-HSA-9703465",0.222222222222222,0.763440860215054,0.271288554688953,-0.28314931932683,-1.19593783221163,18,"GAB2;GRB2;PIK3R1;GOLGB1;ZMYM2;CDKN1A;STAT5B;MYO18A;NRAS;ETV6;LONP1;SPTBN1;HRAS;NOX4;STAT5A;SOS1;TRIP11;PIK3CA"
"Intrinsic Pathway For Apoptosis R-HSA-109606",0.22463768115942,0.769257654131134,0.086794975677172,0.312492951217882,1.1737514638469,55,"CASP3;GSDME;TP53BP2;BBC3;NMT1;PMAIP1;BAK1;CASP8;TP73;PPP1R13B;AKT3;BID;MAPK8;CASP9;TP53;UACA;AKT1;MAPK1;PPP3R1;REXO2;TP63;CASP7;APAF1;MAPK3;GSDMD;BCL2L11;BAX;YWHAG;CDKN2A"
"Prostacyclin Signaling Thru Prostacyclin Receptor R-HSA-392851",0.225479143179256,0.769664382967652,0.0913924325943768,0.38659562498115,1.19213131157256,19,"GNG13;GNB5;GNG10;GNB1;GNG3;GNG4;GNGT2;GNG2;GNGT1"
"Cyclin E Associated Events During G1/S Transition R-HSA-69202",0.22684077263139,0.771838411669108,0.249246554383295,-0.180091371773637,-1.18011961447548,81,"PSMB7;CDKN1B;RPS27A;PSMB6;SEM1;PSMD3;CDK7;PSMA2;PSMD14;MYC;PSME1;PSMD4;PSMA1;SKP1;PSME2;CDK2;E2F1;TFDP1;CCND1;UBA52;PSMD10;CKS1B;PSMD8"
"Beta-catenin Phosphorylation Cascade R-HSA-196299",0.228346456692913,0.772028496437945,0.266350657088526,-0.279046458969589,-1.16139645035183,17,"PPP2CB;PPP2CA;CTNNB1;AXIN1;PPP2R5A;GSK3B;PPP2R1B;PPP2R5D;PPP2R5B;FRAT2;PROC;PPP2R1A;AMER1;PPP2R5E;PPP2R5C;FRAT1"
"Hyaluronan Metabolism R-HSA-2142845",0.228110599078341,0.772028496437945,0.0919686140000427,0.407279547767173,1.1954000312768,16,"HAS3;HEXB;STAB2;SPAM1;HAS2;SLC9A1;CHORDC1;HMMR"
"PIWI-interacting RNA (piRNA) Biogenesis R-HSA-5601884",0.229437229437229,0.773261548578004,0.0880945010398517,0.349966693038081,1.18639823504225,29,"TDRD1;TDRD6;MYBL1;ASZ1;MAEL;TDRD12;PIWIL2;TDRKH"
"ERBB2 Regulates Cell Motility R-HSA-6785631",0.232,0.774545454545455,0.0905428948469474,0.409947894507042,1.1913162631341,15,"EGFR;NRG4;DIAPH1;NRG2;EREG;ERBB4;MEMO1;BTC;EGF"
"Metabolism Of Carbohydrates R-HSA-71387",0.230769230769231,0.774545454545455,0.0833634065110386,0.254394030093178,1.09469027909055,282,"HAS3;ARSB;NDC1;TAC4;HS6ST3;HEXB;SLC25A10;CHST2;UBL4A;CHST5;B3GNT7;DSE;SDC1;IDS;GYG2;PHKA1;LALBA;GYS2;FBP1;CHST6;FUT10;B3GALT4;GPC3;FUT4;B4GALT6;G6PC1;HS3ST6;GLCE;KHK;PHKB;NAGLU;GNPDA2;HS3ST1;ACAN;PYGB;ST3GAL3;FUT11;FUT9;FUT5;STAB2;NUP107;SPAM1;B3GNT2;HS6ST1;GPC6;PRKACG;B4GALT1;SLC37A1;LUM;PFKFB1;GPC2;FUT7;DSEL;RPEL1;CHST15;NUP85;B3GNT4;SLC37A2;GBE1;PHKG1;HS6ST2;ST6GALNAC6;HS3ST2;FUT2;HS3ST3A1;PFKFB2;CHST9;PCK2;HAS2;SLC9A1;CHORDC1;CALM1;HMMR;HOOK2;SGSH;FUT3;UBB;EXT1;GALT;CHPF2;NDST4;HS3ST4;PAPSS2;PRPS1L1;G6PC3;NHLRC1;DERA;HS3ST5;B3GALT1;TPI1;NUP42;CHST7;ABO;GOLT1A;B3GALT5;GYS1;OMD;NUP210;PYGL"
"Regulation Of Lipid Metabolism By PPARalpha R-HSA-400206",0.231927710843373,0.774545454545455,0.0833634065110386,0.278074213135485,1.12847817711021,114,"MED18;MED7;HDAC3;MED6;CYP1A1;MED19;TRIB3;ANKRD1;ABCA1;APOA1;TIAM2;NPAS2;MED31;MED23;HMGCS2;NRF1;MED8;CCNC;CREBBP;NCOA3;NR1H4;G0S2;CLOCK;GLIPR1;TBL1XR1;CDK8;RXRB;ACOX1;AHR;NCOA6;MED17;NCOA1;PPARGC1A;CYP7A1;MED24;MED12;PEX11A;MED9;ABCB4;MED25;SULT2A1;MED27;NR1D1;SIN3A;PPARG;MED22;PPARGC1B;MUSK;MED21;MED26;LIN9;PPARA;MED4;ANGPTL4;AGXT"
"Diseases Of Metabolism R-HSA-5668914",0.234765234765235,0.781328046953047,0.0824344091527096,0.257354892089022,1.09800030633862,241,"FMO3;CYP21A2;ARSB;HEXB;MAN1B1;AMN;MUC19;ADAMTSL2;CYP26C1;CYP24A1;SDC1;IDS;GYG2;ADAMTS16;MMUT;THSD7A;GYS2;CHST6;SFTPA2;ALG9;ADAMTS15;GPC3;MUC17;G6PC1;ADAMTSL4;KHK;SLC34A2;NAGLU;SFTPA1;ADAMTS17;ADAMTS2;OPLAH;ADAMTSL1;ACAN;CD320;ST3GAL3;MAT1A;SPAM1;ALG13;ADAMTS19;GPC6;MUC15;B4GALT1;LUM;MUC13;MUC4;GPC2;MTR;CYP11A1;HLCS;CYP2R1;TPMT;GBE1;ADAMTS6;MUC1;MOGAT2;CYP2U1;SFTPD;SGSH;PPY;UBB;SP8;TBXAS1;EXT1;GALT;LCT;SRD5A3;ALG12;PAPSS2;G6PC3;CFP;NHLRC1;THSD1;CYP19A1;HPRT1;GYS1;DPM1;OMD;MC2R;GALNT12;MUC7;POMGNT1;GALNT3;MUC12;CYP4F22;CBLIF;B3GLCT;NOTCH2;GLB1;ALG14;GPC5;GNE;THSD7B;MTRR;ADAMTS12;FDX2;FDXR;CTSA;PRELP;FMOD;POMT2;CYP17A1;ADAMTS10;GALE;IDUA"
"PPARA Activates Gene Expression R-HSA-1989781",0.235943775100402,0.782804113650865,0.0824344091527096,0.27830134663866,1.12843664380745,112,"MED18;MED7;HDAC3;MED6;CYP1A1;MED19;TRIB3;ANKRD1;ABCA1;APOA1;TIAM2;NPAS2;MED31;MED23;HMGCS2;NRF1;MED8;CCNC;CREBBP;NCOA3;NR1H4;G0S2;CLOCK;GLIPR1;TBL1XR1;CDK8;RXRB;ACOX1;AHR;NCOA6;MED17;NCOA1;PPARGC1A;CYP7A1;MED24;MED12;PEX11A;MED9;ABCB4;MED25;SULT2A1;MED27;NR1D1;PPARG;MED22;PPARGC1B;MUSK;MED21;MED26;LIN9;PPARA;MED4;ANGPTL4;AGXT;ACADM;GRHL1;MED10;RORA;SREBF2;MED16;HMGCR;MED20;ACSL1;ESRRA;NCOA2;CD36;ARNT2;ALAS1;HELZ2"
"Integrin Cell Surface Interactions R-HSA-216083",0.239054390021651,0.785780633867463,0.249246554383295,-0.17937040152483,-1.1245247285561,66,"JAM3;ITGAV;ITGB1;CD44;HSPG2;COL9A2;CD47"
"Senescence-Associated Secretory Phenotype (SASP) R-HSA-2559582",0.237783553601118,0.785780633867463,0.249246554383295,-0.181656148941772,-1.16631029327781,77,"H3-3B;H2AC6;CDKN2D;CDKN1B;RPS27A;UBE2E1;IGFBP7;H2AB1;ANAPC11;RPS6KA1;NFKB1;STAT3;RELA;H2BC4;CDK2;H2BC17;H2AC19;H2AJ;UBA52;CDKN2C;FZR1;H2AX;CDC27"
"Transport Of Inorganic Cations/Anions And Amino Acids/Oligopeptides R-HSA-425393",0.238430583501006,0.785780633867463,0.0819778796501272,0.28099255880431,1.13357697692077,104,"SLC25A10;SLC8A3;SLC8B1;SLC9A7;SLC4A8;SLC43A1;SLC34A1;AHCYL2;SLC4A10;SLC9A8;SLC1A5;SLC4A9;SLC1A1;SLC34A2;SLC4A7;SLC17A7;SLC25A22;SLC43A2;SLC5A8;SLC26A4;SLC24A3;SLC17A1;SLC6A14;SLC8A2;SLC17A6;SLC6A12;SLC1A4;SLC12A5;SLC9A1;CALM1;SLC12A3;SLC6A18;SLC26A3;SLC20A1;SLC9A3;SLC24A5;SLC15A3;SLC15A1;SLC9A2;SLC3A1;SLC17A8;SLC4A3;SLC12A1;SLC9A4;SLC7A3;SLC15A2;SLC8A1;SLC7A6;SLC1A7;SLC4A1;SLC36A2;SLC7A8;SLC5A12;SLC7A1;SLC24A1;SLC16A10;SLC12A6;CTNS;SLC7A9;SLC7A7;SLC4A2"
"Tie2 Signaling R-HSA-210993",0.241142857142857,0.790206593406593,0.0883594442500905,0.3994466275826,1.19006013223458,17,"DOK2;GRB7;TEK;ANGPT2;PIK3R2;PIK3CA;SOS1;SHC1;ANGPT4;GRB14"
"Nucleotide Catabolism R-HSA-8956319",0.242811501597444,0.79080810153296,0.0840745577910723,0.335226326084302,1.17146979384626,34,"NT5C3A;ENTPD4;XDH;DPYS;NT5M;NT5C1A;ENTPD7;PPY;SAMHD1;NUDT5;ENTPD2;ADPRM;ENTPD8;NT5C2;ENTPD3;ENTPD1;NUDT15;UPB1;AGXT2;UPP2;NUDT16;NUDT9;ITPA;NUDT18;NUDT1"
"RNA Polymerase III Chain Elongation R-HSA-73780",0.242285714285714,0.79080810153296,0.0880945010398517,0.398564224336117,1.1874312129956,17,"POLR3G;POLR3B;POLR1D;POLR3F;CRCP;POLR3C;POLR3D"
"Hedgehog Ligand Biogenesis R-HSA-5358346",0.245451797068056,0.796709776990005,0.249246554383295,-0.178311969853546,-1.10858669649488,63,"PSMB7;RPS27A;PSMB6;SEM1;PSMD3;VCP;PSMA2;PSMD14;PSME1;PSMD4;PSMA1;ERLEC1;PSME2;P4HB;UBA52;PSMD10"
"RA Biosynthesis Pathway R-HSA-5365859",0.246119733924612,0.796709776990005,0.0855356947987884,0.372987161155809,1.17525601316309,21,"SDR16C5;CYP26C1;CRABP1;ADH1A;ADH7;DHRS9;DHRS3;RDH5;ALDH1A3;CYP26A1;RDH10;CYP26B1;ALDH1A2"
"Formation Of Fibrin Clot (Clotting Cascade) R-HSA-140877",0.250530785562633,0.808531171588496,0.0822054920415869,0.331780229495561,1.17227062091692,37,"F5;F13A1;F9;F8;FGG;THBD;GP1BA;PROCR;TFPI;FGA;PF4V1;FAM110A;PRTN3;PROS1;SERPIND1;F13B;F7;SERPINC1;PRCP;GP5;F12;ZNF160;KLKB1;TTF2"
"APC/C:Cdc20 Mediated Degradation Of Mitotic Proteins R-HSA-176409",0.254944374174322,0.812376600478318,0.203508959461977,-0.174170242815947,-1.12580457575875,74,"PSMB7;BUB3;RPS27A;UBE2E1;PSMB6;SEM1;PSMD3;ANAPC11;PSMA2;PSMD14;PSME1;PSMD4;PSMA1"
"DNA Strand Elongation R-HSA-69190",0.257754010695187,0.812376600478318,0.0810802057550866,0.336323976528156,1.15763063685901,31,"MCM6;GINS3;LRIG1;GINS1;POLR1B;GINS4;POLA1;PRIM2;MCM4;RFC3;DNA2;POLR1A;RFC4;CDC45;POLD3"
"Defective B3GALT6 Causes EDSP2 And SEMDJL1 R-HSA-4420332",0.254385964912281,0.812376600478318,0.266350657088526,-0.264250279605902,-1.1598703461429,20,"HSPG2;BGN;BCAN;AGRN;CSPG4;NCAN;DCN"
"FGFR1 Ligand Binding And Activation R-HSA-190242",0.258064516129032,0.812376600478318,0.0850427463764322,0.398372020043003,1.16925568158272,16,"FGF20;FGF17;FGF10;KL;ANOS1;FGF3;FGF8;FGF23;FGF13;FGF5;FGFR1"
"HIV Transcription Initiation R-HSA-167161",0.260113071139067,0.812376600478318,0.203508959461977,-0.189651021418436,-1.07025746747609,45,"POLR2I;TAF10;TAF2;POLR2L;TAF15;TAF7;CDK7;POLR2F;POLR2A"
"NOTCH2 Activation And Transmission Of Signal To Nucleus R-HSA-2979096",0.254385964912281,0.812376600478318,0.266350657088526,-0.26395951111683,-1.15859407976176,20,"PSENEN;PSEN1;RPS27A;CNTN1"
"PI3K Cascade R-HSA-109704",0.259105098855359,0.812376600478318,0.0793434960134973,0.317514843368087,1.15906768873923,44,"FGF20;FLT3;FGF17;TRIB3;FGF10;FGF7;FGF19;KL;IRS2;PIK3R2;FGF3;TLR9;KLB;FGF8;FGFR4;PIK3CA;THEM4;FGF23;FGF13;FGF5;FGF18"
"PLC Beta Mediated Events R-HSA-112043",0.258566978193146,0.812376600478318,0.0793434960134973,0.315221272790394,1.16176886762278,47,"CAMK2A;ITPR1;GNA14;PDE1B;ADCY7;NBEA;CAMKK1;PLCB4;PRKAR1B;PRKACG;ADCY1;PDE1A;CALM1;CAMK2B;MAPK1;PRKCG;PLA2G4A"
"Retinoid Metabolism And Transport R-HSA-975634",0.257623554153523,0.812376600478318,0.0802023444698144,0.323398751690083,1.1665366556711,42,"AKR1C4;BCO1;SDC1;RBP4;LRP8;APOA1;GPC3;AKR1C1;GPIHBP1;GPC6;PLB1;GPC2"
"Signaling By Cytosolic FGFR1 Fusion Mutants R-HSA-1839117",0.259842519685039,0.812376600478318,0.248911114434702,-0.273849061674251,-1.13976478803953,17,"GAB2;GRB2;STAT1;STAT3;FGFR1OP2"
"Termination Of O-glycan Biosynthesis R-HSA-977068",0.256353591160221,0.812376600478318,0.083129129135339,0.359660687111487,1.16842891759602,24,"MUC19;MUC17;ST3GAL3;MUC15;MUC13;MUC4;ST6GALNAC2;MUC1;ST6GALNAC4;MUC7;MUC12;ST3GAL1"
"Signaling By NTRK3 (TRKC) R-HSA-9034015",0.261194029850746,0.813367373658026,0.241339976815091,-0.283118971061093,-1.14082727430852,16,"GRB2;PIK3R1;PTPRS;SRC;IRS1;PLCG1;NRAS;NELFB;HRAS;NTRK3;NTF3;BAX;SHC1;SOS1;PTPRU;PIK3CA"
"G-protein Beta:Gamma Signaling R-HSA-397795",0.262820512820513,0.81604619869926,0.0799858801499946,0.336303702559013,1.16329733198023,32,"GNG13;PIK3R5;PIK3R6;ARHGEF6;GNB5;AKT3;BTK;GNG10;GNB1;AKT1;GNG3;GNG4;GNGT2;GNG2;GNGT1"
"Cellular Hexose Transport R-HSA-189200",0.266075388026608,0.818989272394038,0.0813027345384498,0.367421442911446,1.15771883088049,21,"SLC5A4;MFSD4B;SLC5A2;SLC2A2;SLC2A14;SLC2A12;SLC2A9"
"GRB2 Events In ERBB2 Signaling R-HSA-1963640",0.265142857142857,0.818989272394038,0.083129129135339,0.400038674654884,1.16251988456252,15,"EGFR;NRG4;NRG2;EREG;ERBB4;BTC;EGF;SOS1"
"Signaling By Hippo R-HSA-2028269",0.265765765765766,0.818989272394038,0.0822054920415869,0.371896963522751,1.16020425676951,20,"CASP3;MOB1B;LATS1;WWC1;AMOT"
"Impaired BRCA2 Binding To PALB2 R-HSA-9709603",0.267403314917127,0.820704698520866,0.0808589150280032,0.35670925209182,1.1588405968566,24,"PALB2;RAD51B;RBBP8;RMI1;RAD50;RAD51AP1;DNA2;ATM;WRN;BRCA2;RAD51D;RMI2;RAD51"
"Activated Point Mutants Of FGFR2 R-HSA-2033519",0.272,0.825154958677686,0.0817515582532145,0.389077164042704,1.15916668039553,17,"FGF20;FGF17;FGF10;FGF7;FGF3;FGF8;FGF23;FGF13;FGF5;FGF18"
"Class B/2 (Secretin Family Receptors) R-HSA-373080",0.272361809045226,0.825154958677686,0.0749278818393739,0.281754143930704,1.12058835031353,91,"GIPR;GNG13;CRHR2;IAPP;FZD7;SHH;CYSLTR2;WNT7B;GLP2R;PTH2R;RAMP1;GNB5;CALCA;SMOX;FZD10;GCG;PTHLH;GHRH;WNT8B;WNT4;WNT5A;GNG10;FZD9;UCN3;GNB1;GNG3;GNG4;FZD8;CRH;DHH;GNGT2;GNG2;GNGT1;SCTR;WNT7A;FZD6;RAMP3;FZD4;CALCR;RAMP2;WNT16"
"Formation Of Senescence-Associated Heterochromatin Foci (SAHF) R-HSA-2559584",0.272,0.825154958677686,0.0817515582532145,0.388924168779775,1.15871086590053,17,"EP400;H1-5;TP53;ASF1A;RB1;HIRA;H1-3;H1-1;LMNB1;HMGA1;CABIN1"
"Glucagon-type Ligand Receptors R-HSA-420092",0.272727272727273,0.825154958677686,0.0780892306943345,0.332349922174073,1.15392095899831,33,"GIPR;GNG13;CYSLTR2;GLP2R;GNB5;GCG;GHRH;GNG10;GNB1;GNG3;GNG4;GNGT2;GNG2;GNGT1;SCTR"
"NCAM1 Interactions R-HSA-419037",0.26963906581741,0.825154958677686,0.0782955249944794,0.327870958648772,1.15845809396236,37,"CACNA1G;CACNA1S;ST8SIA4;GDNF;GFRA2;NRTN;COL6A5;GFRA4;CACNB1;CACNB3;PSPN;CACNA1D;COL6A6;CACNA1H;ENTHD1"
"Thrombin Signaling Thru Proteinase Activated Receptors (PARs) R-HSA-456926",0.27457264957265,0.828384905934481,0.0776798560117236,0.334807622564451,1.15812228974056,32,"GNG13;GNA14;GNB5;F2RL3;GNG10;GNB1;GNG3;GNG4;MAPK1;GNGT2;GNG2;MAPK3;GNGT1;F2RL2;ARRB1;ARRB2;GNB4;TTF2"
"G2/M DNA Damage Checkpoint R-HSA-69473",0.275862068965517,0.829924021040327,0.0747385227439092,0.292259088848404,1.13962457008543,73,"ABRAXAS1;H2BC1;CCNB1;RAD17;H2BC14;WEE1;RHNO1;H2BC15;SERPINA2;RBBP8;BRCC3;POLR1B;H2BC11;H2BC9;RNF168;RMI1;RAD50;H2BC3;CHEK1;TP53;RFC3;CHEK2;MDC1;DNA2;REXO2;POLR1A;ATM;BABAM1;WRN;H2BC13;RFC4;CDC25C;YWHAG;H3-4;RMI2;RAD9B;UIMC1"
"Apoptotic Factor-Mediated Response R-HSA-111471",0.289414414414414,0.83757160693302,0.0776798560117236,0.364137601396082,1.13599743108343,20,"CASP3;GSDME;BAK1;CASP9;UACA;MAPK1;CASP7;APAF1;MAPK3;GSDMD;BAX;CDKN2A"
"Biosynthesis Of N-glycan Precursor (Dolichol LLO) And Transfer To Protein R-HSA-446193",0.288032454361055,0.83757160693302,0.0725351864394589,0.289172709689273,1.12974105770432,75,"PMM1;NPL;GFUS;GMPPB;ST8SIA4;ALG9;GNPNAT1;FCSK;NEU2;ST3GAL3;ST8SIA1;NEU4;ALG13;ST8SIA5;SLC35C1;ST6GALNAC6;ST6GALNAC2;ST6GALNAC4;ALG10B;SRD5A3;ALG12;DOLPP1;DPM1;ST8SIA3;ST6GALNAC5;GLB1;ALG14;ST3GAL1;GNE;GMDS;CTSA"
"CTNNB1 S33 Mutants Not Phosphorylated R-HSA-5358747",0.283464566929134,0.83757160693302,0.237793834423688,-0.289535897466379,-1.11399660075122,15,"PPP2CB;PPP2CA;CTNNB1;AXIN1;PPP2R5A;GSK3B;PPP2R1B;PPP2R5D;PPP2R5B;PROC;PPP2R1A;AMER1;PPP2R5E;PPP2R5C"
"Cytoprotection By HMOX1 R-HSA-9707564",0.286749314916133,0.83757160693302,0.203508959461977,-0.171002977500502,-1.01034135945533,57,"COX8A;COX16;COX6C;TXNIP;COX14;NCOR2;COX5B;COX6A1;STAT3;COX6B1;COX4I1;SIN3B;HBA1;COX18;COX7B"
"DAG And IP3 Signaling R-HSA-1489509",0.282998944033791,0.83757160693302,0.0755015292281669,0.320722653272621,1.14694679979397,39,"CAMK2A;ITPR1;PDE1B;ADCY7;NBEA;CAMKK1;PRKAR1B;PRKACG;ADCY1;PDE1A;CALM1;CAMK2B;PRKCE;PRKCG"
"ER Quality Control Compartment (ERQC) R-HSA-901032",0.283783783783784,0.83757160693302,0.0787113806986485,0.366423478081983,1.14312866398276,20,"MAN1B1;UGGT2;RNF139;SEL1L;EDEM1;UBB"
"G Beta:Gamma Signaling Thru CDC42 R-HSA-8964616",0.28490990990991,0.83757160693302,0.0785029047348687,0.366203424191396,1.1424421634581,20,"GNG13;ARHGEF6;GNB5;GNG10;GNB1;GNG3;GNG4;GNGT2;GNG2;GNGT1"
"Metabolism Of Polyamines R-HSA-351202",0.281160898463283,0.83757160693302,0.203508959461977,-0.173127589918899,-1.00957126548437,58,"PSMB7;SLC38A1;PSMB6;SEM1;PSMD3;PSMA2;PSMD14;PSME1;PSMD4;PSMA1;PSME2;AZIN1;OAZ2;PSMD10"
"NOTCH3 Intracellular Domain Regulates Transcription R-HSA-9013508",0.280662983425414,0.83757160693302,0.0782955249944794,0.354166887678178,1.15058122293441,24,"WWC1;HES5;IKZF1;CREBBP;MAML3;MAML2;MAMLD1"
"Neurotransmitter Receptors And Postsynaptic Signal Transmission R-HSA-112314",0.287,0.83757160693302,0.072003313661988,0.260330885313568,1.08911426992697,182,"CAMK2A;GLRA3;CACNG3;GNG13;GABRA5;CHRNA9;GRIN2D;KIF17;ADCY7;KCNJ6;GABRB1;GABRB2;GABRA3;UBD;NBEA;GABRR3;GABBR2;GRIN3B;CHRNB2;CAMKK1;NRGN;APBA1;KCNJ15;PRKAG3;CHRNA5;PRKAR1B;GNB5;CHRNA6;PRKACG;ADCY1;ERBB4;CHRNA3;RPS6KA3;GLRB;GNAL;GABRB3;CALM1;GNG10;HTR3C;GNB1;GRIK3;CACNG2;PRKAA2;PRKAG2;NEFL;GNG3;GNG4;PPM1E;GRIA4;CHRNB3;PRKAG1;CAMK2B;ARHGEF9;MAPK1;CAMK1;LGALS12;KCNJ4;PRKCG;AKAP5;PRKAB2;GNGT2;GABRG2;GNG2;MAPK3;GABRA6;GNGT1;GRIA1;CHRNE;GPRIN1;CACNG8;GRIN3A;PLCB2;GABRA2;GNAT3;CHRND;GABRA4;HTR3A;CHRNG;MDM2;LIN7A;GNAI3;PRKCB;CAMK2G;HTR3E;HTR3D;KCNJ5;GABRR2;CREB1;GNB4;EPB41L1;NPTN;GRIA3;NCALD;NSF;GABRR1;RPS6KA6;ADCY2;ADCY9;CHRNA2;GRIK5;PLCB1;GRIK4;MPP3;HRAS"
"Plasma Lipoprotein Clearance R-HSA-8964043",0.288761587260893,0.83757160693302,0.203508959461977,-0.206806948642625,-1.06787951931847,34,"APOE;NR1H2;RPS27A;CLTA;NPC2;HDLBP"
"Stabilization Of P53 R-HSA-69541",0.288826060171847,0.83757160693302,0.203508959461977,-0.183800071949783,-1.08466176493065,55,"PSMB7;RPS27A;PSMB6;SEM1;PSMD3;PSMA2;PSMD14;PSME1;PSMD4;PSMA1;PSME2;UBA52;PSMD10;MDM4;PSMD8"
"Synthesis Of Substrates In N-glycan Biosythesis R-HSA-446219",0.288659793814433,0.83757160693302,0.0732558655828455,0.295948089524809,1.12770042932241,63,"PMM1;NPL;GFUS;GMPPB;ST8SIA4;GNPNAT1;FCSK;NEU2;ST3GAL3;ST8SIA1;NEU4;ST8SIA5;SLC35C1;ST6GALNAC6;ST6GALNAC2;ST6GALNAC4;SRD5A3;DOLPP1;DPM1;ST8SIA3;ST6GALNAC5;GLB1;ST3GAL1;GNE;GMDS;CTSA"
"Trafficking Of GluR2-containing AMPA Receptors R-HSA-416993",0.283464566929134,0.83757160693302,0.237793834423688,-0.26850313521625,-1.11751494464394,17,"PICK1;AP2A2;AP2B1;AP2A1;AP2S1;PRKCA;AP2M1;GRIP2;TSPAN7;GRIA2;NSF;GRIA3;PRKCB;GRIA1;PRKCG;LGALS12;GRIA4"
"Aspirin ADME R-HSA-9749641",0.294117647058824,0.840928465636833,0.0741758965588009,0.328492458456559,1.14052782141881,33,"UGT2B11;UGT2B7;CYP3A4;UGT3A2;BCHE;UGT2B10;ACSM2A;CYP2C9;CYP2C19;CYP2C8;GLYATL3;CYP2E1;SLCO2B1;UGT2A3;UGT2B28;ACSM4;ABCC2;ALB;UGT2B15;UGT3A1;GLYATL1;UGT2B4;GLYATL2;ACSM2B"
"Ca-dependent Events R-HSA-111996",0.291799787007455,0.840928465636833,0.0743625384422526,0.321820157150041,1.12930360288137,35,"CAMK2A;PDE1B;ADCY7;NBEA;CAMKK1;PRKAR1B;PRKACG;ADCY1;PDE1A;CALM1;CAMK2B;MAPK1;PRKCG;PLA2G4A"
"Costimulation By CD28 Family R-HSA-388841",0.296101572407336,0.840928465636833,0.203508959461977,-0.18193188481299,-1.12230887762804,65,"RNASE1;CDC42;HLA-DRB1;PPP2CB;PRR5;YES1;PPP2CA;FYN;ICOSLG;GRB2"
"Defective Homologous Recombination Repair (HRR) Due To BRCA2 Loss Of Function R-HSA-9701190",0.294303797468354,0.840928465636833,0.0734381410838857,0.31909409059929,1.14294903390997,40,"RAD17;RHNO1;PALB2;RAD51B;SERPINA2;RBBP8;POLR1B;RMI1;RAD50;RFC3;RAD51AP1;DNA2;POLR1A;ATM;WRN;RFC4;BRCA2;RAD51D;RMI2;RAD9B;RAD51;HUS1;RAD9A;RFC2;XRCC2"
"FCERI Mediated Ca+2 Mobilization R-HSA-2871809",0.292207792207792,0.840928465636833,0.0751181635276301,0.33437895347961,1.13355530150498,29,"ITPR1;VAV2;TEC;BTK;CALM1;PPP3CA;VAV3;SPNS1;TXK;PPP3R1;SOS1;SHC1;VAV1;NFATC1;ITK;PPP3CB;SYK;LCP2;IGLL5;PLCG2"
"Orc1 Removal From Chromatin R-HSA-68949",0.295972101931567,0.840928465636833,0.203508959461977,-0.170430721646801,-1.08414262125956,68,"RBX1;PSMB7;RPS27A;PSMB6;SEM1;PSMD3;PSMA2;PSMD14;PSME1;PSMD4;PSMA1;SKP1;PSME2;CDK2"
"Signaling By Insulin Receptor R-HSA-74752",0.295731707317073,0.840928465636833,0.0713052987340038,0.286156158236704,1.11790498160189,77,"FGF20;FLT3;FGF17;TRIB3;FGF10;FGF7;INS;ATP6V1G3;FGF19;KL;IRS2;PIK3R2;ATP6V1A;FGF3;TLR9;KLB;ATP6V0A2;FGF8;FGFR4;PIK3CA;ATP6V1H;THEM4;MAPK1;ATP6V0A4;ATP6V1B1;FGF23;ATP6V1E2;MAPK3;FGF13;SOS1;SHC1;ATP6V0D2;ATP6V1C2;FGF5;ATP6V1D;FGF18"
"Cobalamin (Cbl, Vitamin B12) Transport And Metabolism R-HSA-196741",0.298226164079823,0.844709746662264,0.0753093764172773,0.360428382068952,1.13568419360212,21,"CTRB2;AMN;MMUT;TCN1;CD320;MTR;PRSS3;CBLIF;MTRR;CTRB1;ABCC1;TCN2;CUBN"
"Phospholipase C-mediated Cascade; FGFR2 R-HSA-5654221",0.300228310502283,0.848125068129792,0.0764767053228531,0.373418368661235,1.12983295132709,18,"FGF20;FGF17;FGF10;FGF7;FGF3;FGF8;FGF23;FGF13;FGF5;FGF18"
"Telomere Extension By Telomerase R-HSA-171319",0.302083333333333,0.851107804232804,0.266350657088526,-0.227305149524651,-1.06567405465756,23,"TERF2IP;RUVBL2;NHP2;PPP6C;RTEL1;TINF2;CDK2"
"Activation Of IRF3/IRF7 Mediated By TBK1/IKK Epsilon R-HSA-936964",0.310857142857143,0.85219089075953,0.0747385227439092,0.391540556589754,1.13782419422559,15,"TANK;IRF3;TRAF3;TICAM1;UBB;TLR4;IRF7"
"Assembly And Cell Surface Presentation Of NMDA Receptors R-HSA-9609736",0.310989010989011,0.85219089075953,0.0727141077934447,0.343041756068697,1.12300261396304,25,"CAMK2A;GRIN2D;KIF17;NBEA;GRIN3B;APBA1"
"Assembly Of Collagen Fibrils And Other Multimeric Structures R-HSA-2022090",0.309670781893004,0.85219089075953,0.0696133438850965,0.295678614485707,1.11788946850635,57,"COL8A2;COL3A1;COL7A1;LAMC2;PXDN;COL6A5;LOXL4;LOX;COL24A1;MMP13;LAMB3;TLL1;COL2A1;CTSV;COL6A6;MMP9;LAMA4;COL5A1;MMP3;CTSS;COL9A1;MMP7;LOXL3;LOXL2;COL4A3;COL15A1;MMP28;COL10A1;COL4A4;LOXL1;COL6A3;TLL2;COL4A5;COL1A1;COL11A1;COL18A1"
"Azathioprine ADME R-HSA-9748787",0.311529933481153,0.85219089075953,0.0730744399126987,0.357825305052572,1.12748208308779,21,"XDH;VAV2;GSTA2;SLC28A2;TPMT;GSTM1;VAV3;SLC29A2;HPRT1;SLC29A1;VAV1;GSTA1;NUDT15;SLC28A3"
"Biosynthesis Of DHA-derived SPMs R-HSA-9018677",0.307603686635945,0.85219089075953,0.0756946307932749,0.385057234664241,1.13017565670674,16,"CYP1A1;CYP3A4;LTC4S;CYP2C9;CYP2C8;CYP2E1;CYP1A2;EPHX2"
"Constitutive Signaling By Aberrant PI3K In Cancer R-HSA-2219530",0.315096251266464,0.85219089075953,0.0679922591544058,0.283043653957967,1.10851535736292,78,"FGF20;FLT3;EGFR;NRG4;FGF17;CD86;FGF10;FGF7;NRG2;AREG;ESR2;CD19;EREG;FGF19;ERBB4;KL;IRS2;PIK3R2;FGF3;ESR1;BTC;KLB;FGF8;FGFR4;PIK3R3;PIK3CA;EPGN;EGF;KITLG;FGF23;CD28;FGF13;SOS1;LCK;FGF5;FGF18;VAV1"
"Cooperation Of PDCL (PhLP1) And TRiC/CCT In G-protein Beta Folding R-HSA-6814122",0.318471337579618,0.85219089075953,0.0697792517076235,0.315017598187998,1.11304364334507,37,"RGS11;GNG13;GNA14;RGS9BP;CCT6B;GNB5;RGS6;GNG10;GNB1;GNG3;GNG4;GNGT2;GNG2;GNGT1"
"Endogenous Sterols R-HSA-211976",0.313852813852814,0.85219089075953,0.0714786287425507,0.333645767685052,1.11281600017748,27,"CYP21A2;CYP39A1;CYP8B1;NR1H4;CYP11A1;AHR;CYP19A1;NCOA1;PTGIS;CYP7A1;FDX2;FDXR"
"Formation Of Cornified Envelope R-HSA-6809371",0.306122448979592,0.85219089075953,0.0697792517076235,0.28965096074127,1.12137461397584,70,"SPRR2B;LCE1A;SPINK9;RPTN;LIPM;PRSS8;SPRR1B;CASP14;LCE2D;KLK13;PKP3;DSG4;PPL;TCHH;SPRR1A;SPRR2A;PERP;CDSN;TGM1;SPRR2E;LCE3B;LCE3C;DSG3;SPRR2G;LIPJ;CSTA;KLK5;LELP1;LCE2B;LCE3E;LIPK;LCE1F;DSG2;SPRR2F;LORICRIN;KLK8;SPRR3;LCE2C;PKP1;DSPP"
"Lysosome Vesicle Biogenesis R-HSA-432720",0.312625658705875,0.85219089075953,0.203508959461977,-0.20348903257581,-1.05074694888104,34,"APP;DNM2;DNAJC6;CLTA;CTSZ"
"Metabolism Of Fat-Soluble Vitamins R-HSA-6806667",0.312825860271116,0.85219089075953,0.0697792517076235,0.306966995505165,1.12656337133236,46,"AKR1C4;BCO1;SDC1;RBP4;LRP8;APOA1;GPC3;AKR1C1;GPIHBP1;GPC6;PLB1;GPC2"
"Phospholipase C-mediated Cascade; FGFR4 R-HSA-5654228",0.309714285714286,0.85219089075953,0.0749278818393739,0.391672884811385,1.13820874251724,15,"FGF20;FGF17;FGF19;KLB;FGF8;FGFR4;FGF23;FGF13;FGF18"
"RHOBTB GTPase Cycle R-HSA-9706574",0.317398477521791,0.85219089075953,0.203508959461977,-0.202786293991185,-1.04711825000568,34,"DDX39B;MYO6;GPS1;HNRNPC;RHOBTB1;SRRM1;CDC37;VIM;ROCK1;CCT7;CPSF7;HSP90AB1"
"RHOBTB1 GTPase Cycle R-HSA-9013422",0.3125,0.85219089075953,0.261663521711573,-0.224879448404144,-1.0543016473281,23,"MYO6;GPS1;HNRNPC;RHOBTB1;SRRM1;VIM;ROCK1;CCT7;CPSF7"
"RHOJ GTPase Cycle R-HSA-9013409",0.317915975836637,0.85219089075953,0.203508959461977,-0.171903446948901,-0.982099899144195,54,"PREX1;VAMP3;RAB7A;CDC42;GJA1;CDC42BPB;WASL;ARHGAP1;CDC42EP1;GIT2;NIPSNAP2;LAMTOR1;FNBP1;TFRC;STEAP3;ARHGAP21"
"RNA Polymerase III Transcription Initiation From Type 1 Promoter R-HSA-76061",0.314935064935065,0.85219089075953,0.0713052987340038,0.333133483461705,1.11110736744302,27,"POLR3G;POLR3B;GTF3C6;POLR1D;POLR3F;GTF3C4;CRCP;POLR3C;POLR3D"
"RNA Polymerase III Transcription Initiation From Type 2 Promoter R-HSA-76066",0.31664853101197,0.85219089075953,0.0713052987340038,0.338192574578608,1.1163489593152,26,"POLR3G;POLR3B;GTF3C6;POLR1D;POLR3F;GTF3C4;CRCP;POLR3C;POLR3D"
"RNA Polymerase III Transcription Initiation From Type 3 Promoter R-HSA-76071",0.318181818181818,0.85219089075953,0.0707899094502623,0.33196026602125,1.10719430974568,27,"POLR3G;POLR3B;POLR1D;POLR3F;CRCP;POLR3C;POU2F1;POLR3D;POLR3GL;BRF2;BDP1;POLR3H;SNAPC4;SNAPC1;SNAPC5;POLR2K;TBP"
"SUMOylation Of Intracellular Receptors R-HSA-4090294",0.310606060606061,0.85219089075953,0.072003313661988,0.329186984813691,1.11595436237512,29,"HDAC4;NR1I2;NR5A1;THRB;AREG;NR1H4;NR5A2;UBE2I;ESR1;NR4A2;VDR"
"TP53 Regulates Transcription Of Cell Death Genes R-HSA-5633008",0.317377731529657,0.85219089075953,0.0689567351672811,0.30599917130446,1.11703046219108,44,"TP53BP2;BBC3;TP53I3;NLRC4;PMAIP1;CREBBP;TP73;PPP1R13B;BID;CASP1;PERP;TP53;TRIAP1;TNFRSF10D;TP63;RABGGTA;APAF1;ATM;CASP6;BAX;TNFRSF10A"
"Scavenging By Class A Receptors R-HSA-3000480",0.325342465753425,0.86839530332681,0.0723570851036907,0.368651511623925,1.11541011461896,18,"COLEC11;SCARA5;COL3A1;APOA1;MARCO;MASP1"
"Presynaptic Phase Of Homologous DNA Pairing And Strand Exchange R-HSA-5693616",0.327349524815206,0.871568109820486,0.0681513438679483,0.311482156098411,1.11390155476896,39,"RAD17;RHNO1;RAD51B;SERPINA2;RBBP8;POLR1B;RMI1;RAD50;CHEK1;RFC3;DNA2;POLR1A;ATM;WRN;RFC4;BRCA2;RAD51D;RMI2;RAD9B;RAD51;HUS1;RAD9A;RFC2;XRCC2;TOPBP1;TOP3A;EXO1;RRAD"
"Glucagon Signaling In Metabolic Regulation R-HSA-163359",0.332264957264957,0.875896483879157,0.0679922591544058,0.320255696069145,1.10778618835853,32,"GNG13;ADCY7;CYSLTR2;PRKAR1B;PRKACG;GCG;ADCY1;GNG10;GNB1;GNG3;GNG4"
"PKA Activation R-HSA-163615",0.331428571428571,0.875896483879157,0.0714786287425507,0.373579750109526,1.11299566979964,17,"ADCY7;NBEA;PRKAR1B;PRKACG;ADCY1;CALM1"
"Resolution Of D-loop Structures Thru Holliday Junction Intermediates R-HSA-5693568",0.33048128342246,0.875896483879157,0.0683110858318647,0.319538225934082,1.10943867142942,33,"XRCC3;SPIDR;PALB2;RAD51B;RBBP8;RMI1;RAD50;SLX4;RAD51AP1;DNA2;ATM;WRN;GEN1;BRCA2;RAD51D;RMI2;RAD51;SLX1A;EME2;XRCC2"
"SLC Transporter Disorders R-HSA-5619102",0.331991951710262,0.875896483879157,0.0650877566917313,0.27217009736514,1.09018580688832,98,"NDC1;TAC4;SLC9A7;RHAG;SLC22A5;SLC34A1;SLC5A2;SLC2A2;SLC5A7;SLC1A1;SLC34A2;NUP107;HEPH;SLC26A4;SLC6A14;SLC35C1;NUP85;SLCO2A1;SLC2A9;SLC12A3;SLCO1B1;SLC22A12;AVPR2;AVPR1A;SLC6A18;NLRP3;SLC26A3;NUP42;SLC24A5;NUP210;SLC22A18;NUP88;SLC3A1;SLC2A10;SLC6A5;SLC17A8;SLC40A1;SLC12A1;RNASE7;NUP43;SLC29A3;NUP58;SLC4A1;SLC36A2;NUP153;NUP205;NUP160;CP;SLC24A1;SLC12A6;SLC7A9;SEC13;SLC7A7;SLC35A2;NUP214"
"Signaling By EGFR In Cancer R-HSA-1643713",0.333333333333333,0.876543209876543,0.0694481442003175,0.340784586002826,1.09925976911673,23,"EGFR;AREG;EREG;BTC;UBB;PIK3CA;EPGN;CBL;EGF;SOS1;SHC1"
"TGF-beta Receptor Signaling Activates SMADs R-HSA-2173789",0.339156876502543,0.889660279495586,0.203508959461977,-0.18213335350427,-0.982983057247674,43,"PPP1CB;ITGAV;ITGB1;RPS27A;SMAD7;PPP1CC;ITGB8;LTBP4;NEDD8;SMAD4"
"CaM Pathway R-HSA-111997",0.341176470588235,0.890129929336677,0.0667426134241917,0.316077204016516,1.09742198219987,33,"CAMK2A;PDE1B;ADCY7;NBEA;CAMKK1;PRKAR1B;PRKACG;ADCY1;PDE1A;CALM1"
"FGFR2 Ligand Binding And Activation R-HSA-190241",0.342342342342342,0.890129929336677,0.069119845655101,0.350867317734675,1.09459822350006,20,"FGF20;FGF17;FGF10;FGF7;FGFBP3;FGF3;FGF8;FGF23;FGF13;FGF5;FGF18"
"IRS-mediated Signaling R-HSA-112399",0.342679127725857,0.890129929336677,0.0650877566917313,0.301826794747849,1.11240263212054,47,"FGF20;FLT3;FGF17;TRIB3;FGF10;FGF7;FGF19;KL;IRS2;PIK3R2;FGF3;TLR9;KLB;FGF8;FGFR4;PIK3CA;THEM4;FGF23;FGF13;SOS1;FGF5;FGF18"
"Presynaptic Function Of Kainate Receptors R-HSA-500657",0.341463414634146,0.890129929336677,0.0684714904492087,0.351505373520979,1.10756842838646,21,"GNG13;GNB5;GNG10;GNB1;GRIK3;GNG3;GNG4;GNGT2;GNG2;GNGT1;PLCB2"
"Thromboxane Signaling Thru TP Receptor R-HSA-428930",0.343646408839779,0.890470621446143,0.0679922591544058,0.339191234737061,1.10192985072908,24,"GNG13;GNA14;GNB5;GNG10;GNB1;GNG3;GNG4;GNGT2;GNG2;GNGT1"
"FOXO-mediated Transcription Of Cell Death Genes R-HSA-9614657",0.347926267281106,0.898635263042043,0.0694481442003175,0.376046150356526,1.10372735965295,16,"BBC3;FASLG;STK11;CREBBP"
"Resolution Of D-loop Structures Thru Synthesis-Dependent Strand Annealing (SDSA) R-HSA-5693554",0.348484848484849,0.898635263042043,0.0662842187012672,0.326333963436294,1.0884287801188,27,"XRCC3;PALB2;RAD51B;RBBP8;RMI1;RAD50;RAD51AP1;DNA2;ATM;WRN;BRCA2;RAD51D;RMI2"
"Cardiac Conduction R-HSA-5576891",0.351703406813627,0.901153846153846,0.0621124188949471,0.261207473311153,1.06939617520929,125,"CAMK2A;ITPR1;ORAI2;SLC8A3;SCN4B;PLN;KCNK10;TNNI3;KCNJ14;SCN2B;AKAP9;FGF12;CACNB1;CORIN;KCND1;NPPA;KCND3;FGF14;SCN1B;SLC8A2;MMP12;SCN10A;SCN1A;NPPC;SLN;KCNK3;HIPK1;KCNK16;CALM1;NPRL2;SCN11A;SCN5A;DMPK;FXYD7;KCNK18;KCNIP2;CAMK2B;FKBP1B;RYR2;NANOS1;RANGRF;KCNJ4;SCN3B;FGF13;SCN9A;ORAI1;KCNE4;KCNE5;CLIC2;CACNG8;SCN2A;FXYD1;ATP1A3;SCN7A;SCN4A;CACNB2;KCNA5;KCNK7;SLC8A1;CAMK2G"
"ISG15 Antiviral Mechanism R-HSA-1169408",0.350401432859984,0.901153846153846,0.203508959461977,-0.16672869797376,-1.04439722179521,72,"EIF4A1;RPS27A;UBE2E1;PPM1B;EIF4G3;USP18;PDZD2;POM121C;STAT1;KPNA3;EIF4G2;GNL3;IFIT1;KPNB1;EIF4E;TPR;EIF4G1;AAAS;NUP188;UBA52;NUP50;HERC5"
"MET Activates PTK2 Signaling R-HSA-8874081",0.352,0.901153846153846,0.0684714904492087,0.368287490213602,1.09722858835079,17,"LAMB1;LAMA2;LAMC2;LMNB2;LAMB3;LAMA4;LAMC3;SOS1;LAMA5"
"Defective Pyroptosis R-HSA-9710421",0.353748680042239,0.901297474270297,0.0643583367917361,0.305189699727286,1.09139889515305,39,"DNMT3B;H2BC1;EED;GSDME;H2BC14;H2BC15;H3C7;H2BC11;H2BC9;POLA1;PRIM2;H2BC3;DNMT1;H2AC20;SUZ12"
"Gamma Carboxylation, Hypusine Formation And Arylsulfatase Activation R-HSA-163841",0.353684210526316,0.901297474270297,0.0642140881844605,0.302189227619695,1.08797778648749,41,"ARSB;DPH1;F9;F8;STS;ARSI;EIF5AL1;ARSF;DPH6;PROZ;DPH7;ARSK;BGLAP;FAM110A;PROS1;F7;DOHH;DNAJC24;DPH3;FN3KRP;ARSL;DPH2;ARSJ;ICMT;TTF2;FURIN;PROC;ARSH;GAS6"
"ABC Transporters In Lipid Homeostasis R-HSA-1369062",0.355022831050228,0.902385000163468,0.0679922591544058,0.361826596390669,1.09476031598106,18,"ABCD2;APOA1;ABCA6;ABCG4;ABCA10;ABCA7;ABCG8;ABCD1;ABCA12"
"STING Mediated Induction Of Host Immune Responses R-HSA-1834941",0.355990783410138,0.902690915075708,0.0683110858318647,0.372790957649768,1.09417309284824,16,"NLRP4;IRF3;CGAS;NLRC3;DDX41;DTX4"
"Processing Of Capped Intronless Pre-mRNA R-HSA-75067",0.358974358974359,0.908094281015896,0.271288554688953,-0.207900681098243,-1.03698158913107,29,"SNRPD3;CPSF2;CSTF3;SNRPG;SNRPE;CPSF7;PCF11;NCBP2;NUDT21"
"GPER1 Signaling R-HSA-9634597",0.360134930901117,0.908871330354716,0.203508959461977,-0.179792826139147,-0.970351110925517,43,"GNAI1;GNAI2;ITGB1;PRKAR1A"
"RAB Geranylgeranylation R-HSA-8873719",0.363168724279835,0.912204460750058,0.0618406035753285,0.282727329411867,1.07725697799332,62,"RAB41;RAB39B;RAB38;RAB6B;RAB32;RAB44;RAB10;RAB15;RAB8B;CHML;RAB22A;RAB30;RAB33B;RAB2B;RAB40C;RAB23;RAB17;RAB40A;RAB3B;RAB25;RAB31;RAB19;RAB29;RABGGTA"
"Synthesis Of Leukotrienes (LT) And Eoxins (EX) R-HSA-2142691",0.362612612612613,0.912204460750058,0.0662842187012672,0.347671074625793,1.08462692708111,20,"DPEP3;DPEP2;CYP4F2;LTC4S;CYP4F8;GGT5;CYP4B1;CYP4F22;ABCC1;ALOX5;PTGR1;CYP4F11"
"Initiation Of Nuclear Envelope (NE) Reformation R-HSA-2995383",0.365217391304348,0.91304347826087,0.219250346703755,-0.242094965348894,-1.04784951454084,19,"SIRT2;LMNA;PPP2CA"
"Triglyceride Catabolism R-HSA-163560",0.364583333333333,0.91304347826087,0.241339976815091,-0.220361587432414,-1.0331205732073,23,"LIPE;PPP1CB;PLIN3;PPP1CC;PRKACB"
"Heme Signaling R-HSA-9707616",0.36732570239334,0.916163637116879,0.0618406035753285,0.298003197999569,1.08784167152097,44,"HDAC3;CLEC1B;GDNF;APOA1;NPAS2;CRTC1;RNASE12;CREBBP;CLOCK;TBL1XR1;TLR4;NCOA6;NCOA1;PPARGC1A;MEF2C;NR1D1;LIN9;PPARA"
"Attenuation Phase R-HSA-3371568",0.369565217391304,0.919595692807802,0.245041785430996,-0.219833389582189,-1.05687838963588,25,"HSPA2;HSBP1"
"tRNA Processing R-HSA-72306",0.371227364185111,0.921578421578422,0.0597317976364411,0.262279465572211,1.0580848295659,104,"TRNT1;NDC1;PUS3;TRMT5;GTPBP3;TRDMT1;RPP14;QTRT2;ELAC2;PUS1;NUP107;ZBTB8OS;ADAT2;QTRT1;TYW5;NUP85;RPP40;ALKBH8;FAM98B;TRMT61B;TSEN2;WDR4;TRMU;TRMT10C;NUP42;TRMT9B;NUP210;POP5;THADA;RTRAF;TRIT1;NUP88;LCMT2;RPP38;TRMT61A;NSUN6;DDX1;RNASE7;METTL1;NUP43;THG1L;NUP58;FTSJ1;NUP153;CPSF4;NUP205;NUP160;TRMT6;NLRP2B;TRMT44;TRMT12;SEC13;RTCB;CPSF1;NUP214;EPRS1;URM1;NUP155"
"Resolution Of D-Loop Structures R-HSA-5693537",0.372736954206603,0.923174084255888,0.062249042949858,0.305778981817614,1.06856416969566,34,"XRCC3;SPIDR;PALB2;RAD51B;RBBP8;RMI1;RAD50;SLX4;RAD51AP1;DNA2;ATM;WRN;GEN1;BRCA2;RAD51D;RMI2;RAD51;SLX1A;EME2;XRCC2"
"Diseases Associated With O-glycosylation Of Proteins R-HSA-3906995",0.374108053007136,0.924420130980509,0.059989249649033,0.278246858243947,1.07496657090367,68,"MUC19;ADAMTSL2;ADAMTS16;THSD7A;ADAMTS15;MUC17;ADAMTSL4;ADAMTS17;ADAMTS2;ADAMTSL1;ADAMTS19;MUC15;MUC13;MUC4;ADAMTS6;MUC1;CFP;THSD1;GALNT12;MUC7;POMGNT1;GALNT3;MUC12;B3GLCT;NOTCH2;THSD7B;ADAMTS12;POMT2;ADAMTS10;LFNG;ADAMTS18;ADAMTS7;ADAMTS8;MUCL1;MUC6;ADAMTSL3"
"Regulation Of Pyruvate Dehydrogenase (PDH) Complex R-HSA-204174",0.377880184331797,0.92942816700546,0.0653834195468773,0.367657592210605,1.07910622970676,16,"PPARD;PDK3;PDK2;PDP2;PDPR;PLPP6"
"Signaling By FGFR2 R-HSA-5654738",0.377421383990476,0.92942816700546,0.203508959461977,-0.157239757060485,-0.99126688257725,70,"TIAL1;POLR2I;PPP2CB;RPS27A;HNRNPH1;PPP2CA;POLR2L;FGF1;GRB2;POLR2F;HNRNPA1;POLR2A"
"Phospholipase C-mediated Cascade: FGFR1 R-HSA-5654219",0.379032258064516,0.93011372082652,0.0652353056017703,0.366960068629297,1.07705893880919,16,"FGF20;FGF17;FGF10;KL;FGF3;FGF8;FGF23;FGF13;FGF5;FGFR1"
"Mitochondrial Protein Import R-HSA-1268020",0.380571031652528,0.931742870597568,0.203508959461977,-0.153552967348673,-0.954657037045048,63,"TIMM17A;ATP5F1A;ATP5MC1;ATP5F1B;CMC2;TOMM7;NDUFB8;COA4"
"Cargo Trafficking To Periciliary Membrane R-HSA-5620920",0.384854771784232,0.935777013584949,0.059476028695732,0.290257222658308,1.07860016610264,50,"BBS12;INPP5E;CNGA4;UNC119B;SMOX;BBS9;LZTFL1;TTC8;EXOC1;MKKS;RHO;PKD1;RAB3IP;ARF4;CNGA2;BBS4;BBS7;MCHR1;CNGB1;ARL3;BBS5;EXOC6;RAB11FIP3;BBS10;PRKD2;PDE6D;ARL6"
"Drug ADME R-HSA-9748784",0.383451059535822,0.935777013584949,0.0583452776743612,0.271380192931795,1.06914220896552,82,"UGT2B11;SULT1E1;ABCG2;ADH1A;UGT2B7;GGT6;CYP3A4;UGT3A2;BCHE;XDH;UGT2B10;VAV2;GSTA2;SLC28A2;ACSM2A;CYP2C9;GSTT1;CYP2C19;TPMT;SLCO1B1;CYP2C8;GLYATL3;GGT5;GSTM1;CYP2E1;VAV3;SLC29A2;HPRT1;SLCO2B1;UGT2A3;ADAL;PON1;SULT2A1;SLC29A1;NT5C2;VAV1;GSTA1;UGT2B28;ABCC1;NUDT15;SLC28A3;ACSM4;ABCC2;ALB;PON3;UGT2B15;UGT3A1;SLC22A3;GLYATL1"
"Late Endosomal Microautophagy R-HSA-9615710",0.384615384615385,0.935777013584949,0.261663521711573,-0.202861782261849,-1.01184821633386,29,"RNASE1;RPS27A;MVB12B;PLIN3;CHMP6"
"IGF1R Signaling Cascade R-HSA-2428924",0.386128364389234,0.936735098119668,0.059221919380382,0.287497525347177,1.07634321212944,52,"FGF20;FLT3;FGF17;TRIB3;FGF10;FGF7;FGF19;KL;IRS2;PIK3R2;IRS4;FGF3;TLR9;KLB;FGF8;FGFR4;PIK3CA;THEM4;FGF23;FGF13;SOS1;SHC1;FGF5;FGF18"
"HDR Thru Single Strand Annealing (SSA) R-HSA-5685938",0.388123011664899,0.939434107779813,0.0601186142531851,0.300766229136313,1.060134011621,36,"RAD17;RHNO1;SERPINA2;RBBP8;POLR1B;RMI1;RAD50;RFC3;DNA2;POLR1A;ATM;WRN;RAD52;RFC4;RMI2;RAD9B;RAD51;HUS1;RAD9A;RFC2;ERCC4;TOPBP1;TOP3A;ERCC1;EXO1;RRAD"
"SHC-mediated cascade:FGFR2 R-HSA-5654699",0.389567147613762,0.940791410903984,0.0621124188949471,0.33408279425255,1.06494519626774,22,"FGF20;FGF17;FGF10;FGF7;FGF3;FGF8;FGF23;FGF13;SOS1;SHC1;FGF5;FGF18"
"Cytosolic Sulfonation Of Small Molecules R-HSA-156584",0.394678492239468,0.950978719988763,0.0614364107201271,0.338215790797275,1.06569389854993,21,"SULT1E1;BPNT2;SULT1B1;ABHD14B;SULT6B1;PAPSS2;SULT1A2;SULT2A1"
"Synthesis Of Bile Acids And Bile Salts Via 7Alpha-Hydroxycholesterol R-HSA-193368",0.395580110497238,0.95099958844144,0.0611692626746689,0.325250309121653,1.05663999501002,24,"AKR1C4;AKR1C1;BAAT;CYP8B1;SYCP2;AKR1C2;NR1H4;NCOA1;PTGIS;CYP7A1"
"Regulation Of TP53 Degradation R-HSA-6804757",0.396825396825397,0.951084026410591,0.287857117255149,-0.203127831883384,-1.05331530392381,35,"SGK1;PPP2CB;PRR5;RPS27A;PPP2CA"
"Transport Of Mature mRNA Derived From An Intron-Containing Transcript R-HSA-159236",0.397401306810059,0.951084026410591,0.203508959461977,-0.154193274145177,-0.946682577474991,73,"SRSF5;SRSF1;DDX39B;SRSF9;SRSF4;POM121C;NXF2;THOC1;U2AF1;SRRM1;RBM8A;SRSF6;POLDIP3;TPR;CHTOP;SRSF3;AAAS;NUP188;NUP50;CASC3;NCBP2;NUP62"
"Collagen Chain Trimerization R-HSA-8948216",0.399583766909469,0.952028437938668,0.0578529757032509,0.290260125261976,1.05957607824508,44,"COL8A2;COL3A1;COL7A1;COL6A5;COL26A1;COL19A1;COL22A1;COL24A1;COL2A1;COL6A6;COL23A1;COL5A1;COL12A1;COL14A1;COL4A6;COL9A1;COL4A3;COL15A1;COL25A1;COL17A1;COL10A1;COL4A4;COL6A3;COL4A5;COL13A1;COL1A1;COL11A1;COL18A1"
"Impaired BRCA2 Binding To RAD51 R-HSA-9709570",0.399361022364217,0.952028437938668,0.0589694466690997,0.300250488284108,1.04924449616159,34,"RAD17;RHNO1;SERPINA2;RBBP8;POLR1B;RMI1;RAD50;RFC3;DNA2;POLR1A;ATM;WRN;RFC4;BRCA2;RMI2;RAD9B;RAD51;HUS1;RAD9A;RFC2;TOPBP1;TOP3A;EXO1;RRAD"
"Negative Regulation Of PI3K/AKT Network R-HSA-199418",0.402414486921529,0.954658102811459,0.0559428593065705,0.258009979717317,1.04502222413267,113,"FGF20;FLT3;EGFR;NRG4;PIP5K1C;FGF17;CD86;TRIB3;TRAF6;FGF10;FGF7;PIP5K1B;INS;NRG2;IL1RL1;AREG;ESR2;CD19;EREG;IRAK4;FGF19;ERBB4;KL;IRS2;AKT3;PIK3R2;FGF3;ESR1;PHLPP2;BTC;KLB;AKT1;FGF8;FGFR4;PIK3R3;PIK3CA;EPGN;EGF;THEM4;MAPK1;KITLG;FGF23;PTEN;CD28;MAPK3;FGF13;SOS1;LCK;PIP4K2B;IRAK1;FGF5;FGF18;VAV1"
"SHC-mediated cascade:FGFR4 R-HSA-5654719",0.402480270574972,0.954658102811459,0.0613026075396207,0.342993457139408,1.05767684241214,19,"FGF20;FGF17;FGF19;KLB;FGF8;FGFR4;FGF23;FGF13;SOS1;SHC1;FGF18"
"Glucagon-like Peptide-1 (GLP1) Regulates Insulin Secretion R-HSA-381676",0.404837013669821,0.95598984381011,0.0577308549299813,0.292435249947704,1.05484772804953,42,"ITPR1;GNG13;KCNB1;PRKAR1B;GNB5;PRKACG;GCG;GNG10;GNB1;GNG3;GNG4;AKAP5;GNGT2;GNG2;GNGT1"
"Vasopressin Regulates Renal Water Homeostasis Via Aquaporins R-HSA-432040",0.404837013669821,0.95598984381011,0.0577308549299813,0.292525721084059,1.05517406788939,42,"GNG13;ADCY7;MINDY4;PRKAR1B;GNB5;PRKACG;ADCY1;GNG10;GNB1;GNG3;AVPR2;GNG4;NLRP3;MYO5B;GNGT2;GNG2;GNGT1"
"Citric Acid Cycle (TCA Cycle) R-HSA-71403",0.408695652173913,0.960840771667147,0.206587922696891,-0.235321307258029,-1.01853137348843,19,"IDH2;DLST;MDH2;IDH3A;IDH3B;SDHA;ACO2;SUCLG1;SUCLG2;SDHB;SUCLA2;OGDH;IDH3G;LDHD;CS;SDHD;FAHD1;LDLR"
"IRS-related Events Triggered By IGF1R R-HSA-2428928",0.407867494824017,0.960840771667147,0.0566484183613995,0.282901008437918,1.05639586728648,51,"FGF20;FLT3;FGF17;TRIB3;FGF10;FGF7;FGF19;KL;IRS2;PIK3R2;IRS4;FGF3;TLR9;KLB;FGF8;FGFR4;PIK3CA;THEM4;FGF23;FGF13;SOS1"
"Elevation Of Cytosolic Ca2+ Levels R-HSA-139853",0.413714285714286,0.966333887141755,0.060640400949416,0.36484112029676,1.06023513205805,15,"ITPR1;ORAI2;TRPC7;P2RX4;ORAI1;P2RX3;TRPC3;P2RX6"
"Transcription Of E2F Targets Under Negative Control By DREAM Complex R-HSA-1362277",0.413754227733935,0.966333887141755,0.059989249649033,0.33986597542273,1.04803273720271,19,"TOP2A;CDC6;E2F4;CDC25A;LIN54;RBL1;LIN52"
"Transport Of Bile Salts And Organic Acids, Metal Ions And Amine Compounds R-HSA-425366",0.413306451612903,0.966333887141755,0.0547939500773363,0.265890031244291,1.05084643663251,86,"RHCG;RHAG;SLC30A8;SLC22A16;EMB;SLC22A5;SLC13A4;SLC16A7;SLC5A7;RHBG;HEPH;SLC14A1;RSC1A1;SLC6A14;SLC6A11;SLC18A2;SLC2A13;SLC6A12;SLC5A3;SLC22A6;SLC30A1;SLC41A1;SLC22A4;SLC22A12;SLC6A18;SLC44A5;SLC47A2;SLC22A18;SLC6A13;SLC30A7;SLC31A1;SLC6A5;SLC40A1;SLC11A1;SLC13A5"
"CRMPs In Sema3A Signaling R-HSA-399956",0.417910447761194,0.968777989252127,0.188204146308491,-0.250163790136879,-1.00803444489405,16,"DPYSL2;DPYSL5;FYN"
"Defective HDR Thru Homologous Recombination (HRR) Due To BRCA1 Loss-Of-Function R-HSA-9701192",0.418681318681319,0.968777989252127,0.0582216241124161,0.319109298441383,1.0446558471378,25,"PALB2;RAD51B;RBBP8;RMI1;RAD50;RAD51AP1;DNA2;ATM;WRN;BRCA2;RAD51D;RMI2"
"Effects Of PIP2 Hydrolysis R-HSA-114508",0.422077922077922,0.968777989252127,0.0571258510018113,0.309863832575209,1.03349559372054,27,"ITPR1;TRPC7;MGLL;DGKA;RASGRP1;DGKE;DGKK;DGKZ;PRKCH;PRKCE"
"Metabolism Of Cofactors R-HSA-8978934",0.41826381059752,0.968777989252127,0.059476028695732,0.33832684511102,1.04328657527377,19,"GCH1;PDSS2;CALM1;AKT1;COQ2;COQ3;PTS;PDSS1;IDH1;COQ6;PRKG2;NANOS3;COQ9;COQ5;TACR1;GCHFR"
"Processing Of DNA Double-Strand Break Ends R-HSA-5693607",0.420892494929006,0.968777989252127,0.0542315935495841,0.268719840253465,1.0498357084951,75,"ABRAXAS1;H2BC1;RAD17;H2BC14;RHNO1;H2BC15;SERPINA2;TIMELESS;RBBP8;BRCC3;POLR1B;H2BC11;H2BC9;RNF168;RMI1;RAD50;UBE2I;H2BC3;CHEK1;UBB;RFC3;MDC1;DNA2;POLR1A;ATM;BABAM1;WRN;CCNA2;H2BC13;RFC4;H3-4;RMI2;RAD9B;UIMC1"
"Signaling By Type 1 Insulin-like Growth Factor 1 Receptor (IGF1R) R-HSA-2404192",0.421923474663909,0.968777989252127,0.0550211117163117,0.279445727836016,1.04932786476543,53,"FGF20;FLT3;FGF17;TRIB3;FGF10;FGF7;FGF19;KL;IRS2;PIK3R2;IRS4;FGF3;TLR9;KLB;FGF8;FGFR4;PIK3CA;THEM4;FGF23;FGF13;SOS1;SHC1;FGF5;FGF18"
"Stimuli-sensing Channels R-HSA-2672351",0.41608040201005,0.968777989252127,0.0543434390269162,0.259828225450353,1.04315297367899,99,"TRPC4;TRPC7;NEDD4L;TRPM1;TRPV1;TRPV2;TRPV6;STOML3;CLCA1;WNK4;SLC9C1;SLC9C2;BSND;TRPC5;ANO5;SLC17A3;SCNN1G;TRPM2;MCOLN2;BEST2;TRPA1;CLCA2;TRPM4;RNASE3;CALM1;UBB;ASIC5;ASIC2;WNK3;TRPM8;MCOLN3;ANO1;FKBP1B;RYR2;TRPM7;ANO9;ASIC1;TRPM3;TRPM6;SLC9B2;SGK3;ANO3;CLIC2;TRPV5;ASIC4;TRPC3;CLCA4;SCNN1B;TRPC4AP;SCNN1A"
"Transcriptional Regulation Of White Adipocyte Differentiation R-HSA-381340",0.420523138832998,0.968777989252127,0.0538979025357319,0.265738632437225,1.04999732756535,84,"MED18;MED7;HDAC3;ZNF467;MED6;MED19;CEBPA;MED31;MED23;ADIPOQ;MED8;KLF5;CCNC;CREBBP;NCOA3;NR2F2;TBL1XR1;CDK8;KLF4;LEP;NCOA6;MED17;NCOA1;PPARGC1A;MED24;MED12;MED9;MED25;MED27;PPARG;MED22;MED21;MED26;LIN9;PPARA;MED4;ANGPTL4;SLC2A4;PLIN1;MED10;EGR2;FABP4;SREBF2;MED16;CCND3;MED20;PCK1;NCOA2;LPL;CD36"
"G Beta:Gamma Signaling Thru PLC Beta R-HSA-418217",0.425675675675676,0.973939256112372,0.0585937568945671,0.332690618191673,1.03789250591622,20,"GNG13;GNB5;GNG10;GNB1;GNG3;GNG4;GNGT2;GNG2;GNGT1;PLCB2"
"PKA-mediated Phosphorylation Of CREB R-HSA-111931",0.426155580608794,0.973939256112372,0.0585937568945671,0.335888244335068,1.03576674795658,19,"ADCY7;NBEA;PRKAR1B;PRKACG;ADCY1;CALM1"
"TICAM1, RIP1-mediated IKK Complex Recruitment R-HSA-168927",0.431506849315068,0.984057375846998,0.0585937568945671,0.342812718990366,1.03723099492389,18,"TLR3;TRAF6;UBE2D1;TICAM1;RIPK1;BIRC3;UBB;IKBKB;RIPK3;CHUK;IKBKG"
"Biosynthesis Of Specialized Proresolving Mediators (SPMs) R-HSA-9018678",0.436073059360731,0.992345744058073,0.0580983576873206,0.341153676112394,1.03221131333212,18,"CYP1A1;CYP3A4;LTC4S;CYP2C9;CYP2C8;CYP2E1;CYP1A2;EPHX2;ALOX5;PTGR1"
"Loss Of Nlp From Mitotic Centrosomes R-HSA-380259",0.438138009949598,0.994918935173395,0.203508959461977,-0.157080844986617,-0.999221486525076,68,"TUBB4A;YWHAE;DYNC1I2;MAPRE1;TUBB4B;DYNC1H1;SSNA1;TUBB;NDE1;CCP110"
"YAP1- And WWTR1 (TAZ)-stimulated Gene Expression R-HSA-2032785",0.441142857142857,0.99961094224924,0.057609110864425,0.358623050905483,1.04216530589141,15,"TEAD3;TEAD4;RUNX2;NPPA;HIPK1"
"ABC Transporter Disorders R-HSA-5619084",0.973496432212029,1,0.0100128309769611,0.148028661109163,0.576914296637838,76,"PSMA6;PSMD9;ABCA1;APOA1;DERL3;ERLIN1;ABCB6;PSMD5;ABCC6;ABCC8;SEL1L;ABCG8;ABCD1;PSMB11;UBB"
"ABC-family Proteins Mediated Transport R-HSA-382556",0.92354124748491,1,0.0137183520206939,0.177744836374638,0.715804368337575,101,"PSMA6;ABCD2;PSMD9;ABCC10;EIF2S3;ABCA4;APOA1;ABCA6;ABCG4;ABCC11;DERL3;ERLIN1;ABCB6;PSMD5;ABCC6;ABCA10;ABCA7;SEL1L;ABCG8;ABCD1;PSMB11;UBB"
"ADP Signaling Thru P2Y Purinoceptor 12 R-HSA-392170",0.910099889012209,1,0.0214353576364558,0.208691952189657,0.665240760097643,22,"GNG13;GNB5;GNG10;GNB1;GNG3;GNG4;GNGT2;GNG2;GNGT1;P2RY12;GNAT3;GNAI3;GNB4"
"APC-Cdc20 Mediated Degradation Of Nek2A R-HSA-179409",0.947252747252747,1,0.0183208529217527,0.182746848026602,0.598251333538187,25,"MAD2L1;BUB1B;UBE2D1;ANAPC1;UBE2C;UBB"
"APC/C:Cdc20 Mediated Degradation Of Cyclin B R-HSA-174048",0.972406181015453,1,0.016838053046391,0.171955462053491,0.554672157366041,23,"CCNB1;UBE2D1;ANAPC1;UBE2C;UBB"
"ATF4 Activates Genes In Response To Endoplasmic Reticulum Stress R-HSA-380994",0.995670995670996,1,0.0135373162884418,0.137594467547057,0.458921826236987,27,"EXOSC8;CXCL8"
"AURKA Activation By TPX2 R-HSA-8854518",0.969418960244648,1,0.0104610403416792,0.154464835099262,0.59938092139445,71,"SFI1;CEP63;NEDD1;HAUS2;CEP192;CEP70;TUBG1;HAUS7;AKAP9;CEP152;HAUS6;CEP164;CEP135;HMMR;DCTN3;CEP131;HAUS3;PLK4;NINL;ODF2;ACTR1A;CEP76;CENPJ;YWHAG;TUBA4A;NEK2;CEP43"
"Aberrant Regulation Of Mitotic Cell Cycle Due To RB1 Defects R-HSA-9687139",0.915254237288136,1,0.191892240384838,-0.143585235919995,-0.743306897454241,36,"CDKN1B;UBE2E1;ANAPC11;CDKN1C;CDK2;E2F1;TFDP1;CCND1;FZR1;CDC27"
"Aberrant Regulation Of Mitotic Exit In Cancer Due To RB1 Defects R-HSA-9687136",0.921052631578947,1,0.133554954557592,-0.145958404802744,-0.640653344827126,20,"UBE2E1;ANAPC11;FZR1;CDC27;CDC26;SKP2;CDC16;ANAPC5;ANAPC7;ANAPC10;UBE2S;ANAPC15;ANAPC4;ANAPC16;CDC23;ANAPC2;RB1;UBE2C;ANAPC1;UBE2D1"
"Aberrant Regulation Of Mitotic G1/S Transition In Cancer Due To RB1 Defects R-HSA-9659787",0.795275590551181,1,0.136490437780413,-0.185658053569361,-0.772712204236158,17,"CDKN1B;CDKN1C;CDK2;E2F1;TFDP1;CCND1"
"Acetylcholine Neurotransmitter Release Cycle R-HSA-264642",0.729142857142857,1,0.0344174840212229,0.276609772257457,0.824095734997825,17,"SLC5A7;CPLX1;RIMS1;PPFIA4;PPFIA1;STXBP1;SYT1;PPFIA3;RAB3A;STX1A;UNC13B;SH2D3C"
"Activated PKN1 Stimulates Transcription Of Androgen Receptor Regulated KLK2 And KLK3 R-HSA-5625886",0.936898395721925,1,0.0172342687658066,0.183729128690958,0.63790865659945,33,"H2BC1;H2BC14;H2BC15;AREG;H3C7;H2BC11;H2BC9;H2BC3"
"Activated TAK1 Mediates P38 MAPK Activation R-HSA-450302",0.541149943630214,1,0.0475434194201301,0.312643838492303,0.96408879240442,19,"TRAF6;NOD2;TAB3;MAPK11;IRAK1;RIPK2;TAB2;IKBKG;MAPK14;MAP2K3;MAP2K6;MAPKAPK3"
"Activation Of BAD And Translocation To Mitochondria R-HSA-111447",0.47244094488189,1,0.181383128498408,-0.255903419811982,-0.984594802529672,15,"YWHAE;YWHAQ"
"Activation Of BH3-only Proteins R-HSA-114452",0.474082073434125,1,0.05163559644842,0.293276142637464,0.999590182316103,30,"TP53BP2;BBC3;PMAIP1;TP73;PPP1R13B;AKT3;BID;MAPK8;TP53;AKT1;PPP3R1;REXO2;TP63;BCL2L11;YWHAG"
"Activation Of GABAB Receptors R-HSA-991365",0.559411146161935,1,0.042845050912155,0.263948922652672,0.952094254817371,42,"GNG13;ADCY7;KCNJ6;UBD;GABBR2;KCNJ15;GNB5;ADCY1;GNAL;GNG10;GNB1;GNG3;GNG4;KCNJ4;GNGT2;GNG2;GNGT1"
"Activation Of HOX Genes During Differentiation R-HSA-5619507",0.916414904330312,1,0.0144273071264209,0.177990402338615,0.704640255759778,88,"HOXA3;HDAC3;H2BC1;EED;HOXD3;H2BC14;H2BC15;H3C7;HOXB4;CREBBP;NCOA3;HOXC4;H2BC11;H2BC9;CNOT6;HOXA2;H2BC3;PAGR1;MAFB;H2AC20;SUZ12;NCOA6;KDM6A"
"Activation Of Kainate Receptors Upon Glutamate Binding R-HSA-451326",0.739177489177489,1,0.0311335139616949,0.244374640077097,0.828437812637801,29,"GNG13;GNB5;CALM1;GNG10;GNB1;GRIK3;GNG3;GNG4;GNGT2;GNG2;GNGT1;PLCB2;GNB4;NCALD;GRIK5;PLCB1;GRIK4;MPP3"
"Activation Of NMDA Receptors And Postsynaptic Events R-HSA-442755",0.711812627291242,1,0.0299906706583812,0.226756415390294,0.883922932458875,74,"CAMK2A;GRIN2D;KIF17;NBEA;GRIN3B;CAMKK1;NRGN;APBA1;PRKAG3;PRKAR1B;PRKACG;ADCY1;ERBB4;RPS6KA3;CALM1;PRKAA2;PRKAG2;NEFL;PPM1E;GRIA4;PRKAG1;CAMK2B;MAPK1;CAMK1;PRKAB2;MAPK3;GRIA1"
"Adherens Junctions Interactions R-HSA-418990",0.659090909090909,1,0.0366082221336689,0.261331106711893,0.885920774554652,29,"CDH18;CADM3;CDH12;NECTIN3;CDH15;CADM1;CDH9;PVR;NECTIN2;CDH17;CDH24;NECTIN4;AFDN;CDH2;CDH4;CDH8;CDH11;ANG;CDH10;CDH5"
"Adrenaline,noradrenaline Inhibits Insulin Secretion R-HSA-400042",0.84825327510917,1,0.0244973552519294,0.217066230998419,0.728544951839316,28,"GNG13;GNB5;CACNB3;CACNA1D;GNG10;GNB1;ADRA2C;GNG3;GNG4;GNGT2;GNG2;GNGT1"
"Amino Acid Transport Across Plasma Membrane R-HSA-352230",0.99144385026738,1,0.0128901829648689,0.138757641871492,0.481767379782424,33,"SLC43A1;SLC1A5;SLC43A2;SLC6A14;SLC6A12;SLC1A4;SLC6A18;SLC3A1;SLC7A3;SLC7A6;SLC36A2;SLC7A8;SLC7A1;SLC16A10;SLC7A9;SLC7A7;SLC38A5"
"Amino Acids Regulate mTORC1 R-HSA-9639288",0.96583850931677,1,0.0123167455730572,0.158433318901187,0.595582332225953,54,"RRAGD;FLCN;ATP6V1G3;DEPDC5;ATP6V1A;NPRL2;SESN1;ATP6V1H;NPRL3;ATP6V1B1;ATP6V1E2;RRAGB;ATP6V0D2;ATP6V1C2;ATP6V1D;RPTOR;MLST8"
"Anchoring Of Basal Body To Plasma Membrane R-HSA-5620912",0.686116700201207,1,0.0312052969963336,0.226230190637963,0.905032123542013,96,"B9D1;TCTN1;TMEM67;IQCB1;SFI1;CEP63;NEDD1;HAUS2;CEP192;CEP70;CEP89;AHI1;TUBG1;HAUS7;AKAP9;FBF1;CEP152;MKS1;KIF24;HAUS6;CEP164;CEP135;DCTN3;CEP131;HAUS3;TMEM216;PLK4;CC2D2A;CEP97;RPGRIP1L;RAB3IP;NINL;ODF2;ACTR1A;CEP76;C2CD3;CENPJ;YWHAG;CEP83;TUBA4A;NEK2;CEP43"
"Antigen Activates B Cell Receptor Leading To Second Messenger Generation R-HSA-983695",0.959358288770053,1,0.0155348639580133,0.169742342381715,0.584254913793918,31,"ITPR1;ORAI2;DAPP1;CD79A;CD19;BTK;CALM1;SOS1;ORAI1;VAV1;SYK;BLNK;BLK;NCK1;IGLL5;PLCG2;STIM1;PTPN6"
"Antigen Processing: Ubiquitination And Proteasome Degradation R-HSA-983168",0.988011988011988,1,0.00502537209391229,0.167472102566743,0.722360124245813,303,"PSMA6;FBXL18;FBXL16;ASB14;PSMD9;RNF182;CBLL2;NEDD4L;ASB9;ASB6;HERC6;ASB11;ASB2;FBXL22;TRIM63;TRIM32;RNF114;ASB5;FBXO9;TRIM39;UBE2J2;ATG7;TRIM71;TRAIP;KLHL11;HERC3;PSMD5;UBE2D1;UBR1;SPSB4;GAN;LNX1;KLHL13;TRAF7;RNF41;MYLIP;SH3RF1;MIB2;FBXW10;KLHL3;SMURF1;UBE2Q1;ASB15;UBE3B;LMO7;ANAPC1;UBE2C;UBE3D;UBE2A;FBXL12;TRIM4;FBXO27;LRSAM1;PSMB11;HECTD2;UBB;TRIM37;UBE2J1;FBXL13;UBE2R2;UBE2U;RNF144B;FBXW12;ZNRF2;UBE2D4;FBXO31;HERC4;RNF34;UBE3A;UBE2L6;BTRC;KBTBD8;CUL7;FBXO6;NEDD4;PJA1;CUL3;PSMB9;RNF111;SMURF2;PRKN;RNF123;THOP1;PSMB3;ZNRF1;RNF19B;KBTBD7;LRRC41;KLHL42;ASB17;DET1;UBAC1;FBXL15;SOCS1;KLHL9;DZIP3;FBXO44;UBE2M;ASB13;FBXW8;HACE1;RNF217;TRIM21;ASB1;TRIM36;RNF14;AREL1;FBXW5;SPSB2;FBXO41;PSMD13;FBXW2;GLMN;UBR2;PSMC3;RBBP6;FBXW9;PSMF1;KBTBD6;ANAPC2;RBCK1;CBLB;KLHL25;ASB8;RNF25;TRIM69;UBE2W;KLHL21;UBE2K;CDC23;UNKL;UBOX5;FBXL14;FBXO17;FBXO40;UBE2O;ASB4;LRR1;FBXL20;UBE2E2;UBE2E3;LONRF1;PSMB4;HERC2;FBXO15;ANAPC13;UBE2D3;FBXO11;ASB12;PSMA8;FBXO22;LTN1;SIAH2;UBE2D2"
"Antiviral Mechanism By IFN-stimulated Genes R-HSA-1169410",0.844272696767608,1,0.143902565267782,-0.144235687162089,-0.949837033780695,80,"EIF4A1;RPS27A;UBE2E1;PPM1B;EIF4G3;USP18;PDZD2;POM121C;STAT1;KPNA3;FLNA;EIF4G2;GNL3;IFIT1;KPNB1;EIF4E;TPR;EIF4G1;AAAS;NUP188;UBA52;NUP50;HERC5"
"Apoptosis R-HSA-109581",0.984015984015984,1,0.00581457622839549,0.156789480466459,0.654312185452852,176,"CASP3;PSMA6;DCC;PSMD9;GSDME;TP53BP2;BBC3;NMT1;TANK;OMA1;FASLG;H1-5;PMAIP1;PSMD5;BAK1;CASP8;TICAM1;GAS2;STK26;TP73;PPP1R13B;AKT3;BID;RIPK1;DAPK2;MAPK8;CASP9;TP53;UACA;PSMB11;UBB;AKT1;DSG3;TLR4;UNC5B;OCLN;MAPK1;PPP3R1;REXO2;DFFB;TP63;CASP7;APAF1;MAPK3;CASP6;GSDMD;MED12;PSMB9;BCL2L11;DSG2;H1-3;BAX;YWHAG;PSMB3;TNFSF10;TNFRSF10A;CDKN2A;TJP1;H1-1;PKP1;LMNB1;BMX;DSPP"
"Apoptotic Cleavage Of Cellular Proteins R-HSA-111465",0.59375,1,0.231126709673834,-0.171894390439286,-0.933422217669857,38,"LMNA;ADD1;FNTA;PRKCQ;PTK2;CTNNB1"
"Aquaporin-mediated Transport R-HSA-445717",0.549792531120332,1,0.0430173196927508,0.260748627922798,0.967678017042138,49,"GNG13;ADCY7;MINDY4;PRKAR1B;AQP5;GNB5;PRKACG;ADCY1;GNG10;GNB1;GNG3;AVPR2;GNG4;NLRP3;MYO5B;GNGT2;GNG2;GNGT1"
"Arachidonic Acid Metabolism R-HSA-2142753",0.635149023638232,1,0.0359208664409425,0.243981671752212,0.92355600378579,58,"GPX2;DPEP3;CYP1A1;CYP8B1;DPEP2;ALOX12B;CYP4F2;LTC4S;ALOX15B;CYP2C9;CYP2C19;PTGES;CYP2U1;PTGS1;CYP2C8;TBXAS1;FAAH2;CYP4F8;GGT5;CYP4B1;PTGIS;CYP1A2;PLA2G4A;CYP4F22"
"Asparagine N-linked Glycosylation R-HSA-446203",0.92007992007992,1,0.0134461833974729,0.189554348758358,0.815826176124887,279,"COPZ2;F5;PMM1;FOLR2;NPL;MAN1B1;GFUS;CNIH3;ANK1;TRAPPC5;CHST8;GMPPB;F8;UGGT2;SPTBN4;ST8SIA4;SPTA1;ALG9;TMED7;COL7A1;CAPZA1;INS;GNPNAT1;B4GALT6;MGAT4C;SEC24D;FCSK;NEU2;COG3;AREG;ST3GAL3;ST8SIA1;NEU4;ALG13;TRAPPC2L;LMAN2L;MOGAT1;CFAP73;B4GALT1;ARCN1;CNIH2;ST8SIA5;SLC35C1;COG4;PPP6R3;TRAPPC2;TRAPPC6B;SPTBN2;MAN1A1;RNF139;ST6GALNAC6;ST6GALNAC2;COG8;MAN1A2;ENGASE;GOLGA2;MOGAT2;SEL1L;GOSR2;EDEM1;DCTN3;ASGR2;FUT3;UBB;ST6GALNAC4;ALG10B;CAPZA3;SRD5A3;ALG12;DOLPP1;MOGAT3;FUCA1;LHB;SEC22A;SEC23A;CTSC;DPM1;ARF4;ST8SIA3;CHGA;ST6GALNAC5;ACTR1A;COG7;GLB1;GRIA1;ALG14;COPG1;ST3GAL1;CHST10;GNE;NGLY1;TBC1D20;BET1;GMDS;CTSA;SPTBN5"
"Assembly Of Active LPL And LIPC Lipase Complexes R-HSA-8963889",0.860202931228861,1,0.0254820564855004,0.228165423852791,0.703585680790878,19,"PCSK5;GPIHBP1;CREB3L3;LIPC;APOC2;ANGPTL8;MBTPS2;ANGPTL4;APOA4;FURIN;CIDEC;LPL;LMF1"
"Assembly Of HIV Virion R-HSA-175474",0.873134328358209,1,0.12563992130984,-0.177438370846731,-0.714987527017888,16,"RPS27A;MVB12B;PPIA;UBA52;SGIP1;MVB12A;VPS37C;VPS37D;VPS28;NMT2;FURIN;UBAP1;VPS37B;UBB;TSG101;VPS37A"
"Assembly Of ORC Complex At Origin Of Replication R-HSA-68616",0.850905218317359,1,0.0229405670056901,0.208694648858265,0.732333303621569,35,"ORC6;H2BC1;ORC4;H2BC14;H2BC15;H3C7;H2BC11;H2BC9;H2BC3;SLC25A2;H2AC20;ORC5;H2BC13;KPNA1;H2AC4;H2BC21;SLC25A15;ORC3;H2AC14;H3C13;KPNA6;H2BC5"
"Assembly Of Pre-Replicative Complex R-HSA-68867",0.991967871485944,1,0.00523322083191526,0.14026238916038,0.566670375137825,106,"PSMA6;MCM6;GMNN;PSMD9;ORC6;H2BC1;ORC4;H2BC14;CDC6;H2BC15;PSMD5;H3C7;UBE2D1;H2BC11;H2BC9;ANAPC1;H2BC3;UBE2C;MCM4;UBB;SLC25A2"
"Association Of TriC/CCT With Target Proteins During Biosynthesis R-HSA-390471",0.990455991516437,1,0.01221929569568,0.139503217860693,0.491717791619711,36,"HDAC3;CCT6B;FBXW10;KIFC3;TP53;CCNE2;CCNE1;FBXO6;AP3M1;DCAF7;FBXW5;WRAP53;FBXW2;FBXW9;CCT6A;SPHK1"
"Asymmetric Localization Of PCP Proteins R-HSA-4608870",0.462183556375207,1,NA,-0.141739784328098,-0.848247262412414,61,"PSMB7;RPS27A;PSMB6;SEM1;PSMD3;PSMA2;PSMD14;PSME1;PSMD4;PSMA1"
"B-WICH Complex Positively Regulates rRNA Expression R-HSA-5250924",0.940993788819876,1,0.0145143429459948,0.167840424655784,0.630945512292348,54,"H2BC1;H2BC14;TAF1B;H2BC15;POLR1D;H3C7;POLR1B;DDX56;POLR1H;H2BC11;H2BC9;H2BC3;TAF1C;H2AC20;POLR1A;H2BC13;POLR1F;MYO1E;POLR1E"
"BBSome-mediated Cargo-Targeting To Cilium R-HSA-5620922",0.473509933774834,1,0.0526973085708419,0.309016132102672,0.996785112885683,23,"BBS12;SMOX;BBS9;LZTFL1;TTC8;MKKS;RAB3IP;BBS4;BBS7;MCHR1;BBS5"
"BMAL1:CLOCK,NPAS2 Activates Circadian Gene Expression R-HSA-1368108",0.879120879120879,1,0.0228693972350018,0.209520780021025,0.685900125802955,25,"NPAS2;CREBBP;CLOCK;TBL1XR1;NLRP3;NCOA6;NCOA1;F7;LIN9;PPARA"
"Base Excision Repair R-HSA-73884",0.903061224489796,1,0.0165175643261291,0.183668841233023,0.709832982100111,69,"OGG1;H2BC1;NEIL3;H2BC14;LRIG3;LRIG1;H2BC15;SMUG1;POLR1B;POLE;PARG;H2BC11;H2BC9;H2BC3;RFC3;H2AC20;POLE2;NEIL1;POLR1A;H2BC13;RFC4;H3-4;POLD3;MUTYH;H2AC4;H2BC21;MPG;ACD;NTHL1;POLG2;H2AC14;RFC2"
"Base-Excision Repair, AP Site Formation R-HSA-73929",0.761052631578947,1,0.0282923737721473,0.226503532403215,0.815485097720889,41,"OGG1;H2BC1;NEIL3;H2BC14;H2BC15;SMUG1;H2BC11;H2BC9;H2BC3;H2AC20;NEIL1;H2BC13;H3-4;MUTYH;H2AC4;H2BC21;MPG;ACD;NTHL1"
"Beta-catenin Independent WNT Signaling R-HSA-3858494",0.965965965965966,1,0.00881182919930239,0.16650849957012,0.687280180740379,141,"CAMK2A;PSMA6;ITPR1;AXIN2;GNG13;PSMD9;AGO4;TCF7;FZD7;PARD6A;TNRC6C;PSMD5;GNB5;NCOA3;SMURF1;PRICKLE1;WNT4;CALM1;WNT5A;GNG10;FZD9;GNB1;PSMB11;UBB;LEF1;PPP3CA;GNAT2;GNG3;GNG4;FZD8;PPP3R1;PRKCG;PDE6G;SCRIB;GNGT2;GNG2;GNGT1;PSMB9;SMURF2;PRKG1;PSMB3;FZD6;PLCB2;NFATC1;FZD4"
"Bile Acid And Bile Salt Metabolism R-HSA-194068",0.80062630480167,1,0.0252009996957834,0.214007729587401,0.782407356526286,45,"AKR1C4;CYP39A1;SLC51A;OSBPL7;AKR1C1;BAAT;CYP8B1;SYCP2;AKR1C2;NR1H4"
"Binding And Uptake Of Ligands By Scavenger Receptors R-HSA-2173782",0.644139387539599,1,0.0365314928349125,0.249886442521905,0.893627103161864,39,"JCHAIN;COLEC11;SCARF1;SCARA5;COL3A1;APOA1;MARCO;MASP1;STAB2"
"Branched-chain Amino Acid Catabolism R-HSA-70895",0.752771618625277,1,0.0314209215415833,0.254824550505156,0.802934032245845,21,"BCAT2;SLC25A44;HIBADH;BCAT1;PPM1K;SOAT1"
"Budding And Maturation Of HIV Virion R-HSA-162588",0.957562568008705,1,0.0169176756264572,0.175164444612983,0.578205023266345,26,"NEDD4L;CHMP4C;VPS4B;VPS37A;TSG101;UBB;VPS4A;VPS37B;PDCD6IP;CHMP2A;CHMP5;UBAP1;CHMP7;CHMP2B;VPS28;VPS37D;VPS37C;MVB12A"
"Butyrate Response Factor 1 Binds And Destabilizes mRNA R-HSA-450385",0.893714285714286,1,0.0241447930798382,0.223203847813489,0.664984962450982,17,"EXOSC8;EXOSC1;AKT1;EXOSC4;EXOSC9;DCP1A;EXOSC7"
"C-type Lectin Receptors (CLRs) R-HSA-5621481",0.996993987975952,1,0.00354273909070668,0.125155984879393,0.515465275573995,138,"PSMA6;CCL17;ITPR1;PSMD9;CLEC7A;MUC19;TRAF6;MUC17;TAB3;PSMD5;UBE2D1;CREBBP;MUC15;CASP8;PRKACG;MUC13;MUC4;MUC1;RNASE3;CALM1;PSMB11;UBB;PPP3CA;CLEC4A;PPP3R1;BTRC;MUC7;MUC12;CCL22;PSMB9;MALT1;CLEC4D;PSMB3;NFATC1;UBE2M;IKBKB;MUCL1;RPS6KA5;CHUK;MUC6;TAB2;ICAM3;PSMD13;IKBKG;CARD9;PSMC3;PPP3CB;SYK;PSMF1"
"CD209 (DC-SIGN) Signaling R-HSA-5621575",0.921052631578947,1,0.133554954557592,-0.150996998284734,-0.662769178251199,20,"FYN;PRKACB;NFKB1;RELA;PKN1;PKN2;PRKCA;EP300;NRAS;LYN;ARHGEF7;ICAM2;RELB;CD209;HRAS;ICAM3;RPS6KA5;RNASE3;PRKACG;CREBBP"
"CDC42 GTPase Cycle R-HSA-9013148",0.994,1,0.00382852089890286,0.136758977943878,0.565528329263122,146,"DOCK8;SHKBP1;ARHGEF4;ARHGAP30;GMIP;FGD1;PARD6A;ARHGEF6;IQGAP3;VANGL1;ITSN1;STARD8;ARHGAP32;ARHGEF11;ARHGAP20;IQGAP2;VAV2;PIK3R2;BAIAP2;SYDE1;DIAPH3;ECT2;ARHGDIG;FGD4;PLEKHG1;KCTD3;NGEF;ARHGEF16;CDC42EP5;ARHGAP35;VAV3;WAS;ARAP2;PLEKHG4B;ARHGEF9;FMNL1;SCRIB;DNMBP;ABR;ARHGAP11B;CDC42EP3;CPNE8;OPHN1;WIPF3;MCF2L;WDR91;SRGAP1;DEPDC1B;SPATA13;DEF6;TIAM1;TAGAP;DOCK6;WIPF2;TMPO;STARD13;ARHGAP44;EGR2;ARHGEF26;CDC42BPA;ARHGAP31"
"COPI-dependent Golgi-to-ER Retrograde Traffic R-HSA-6811434",0.727456940222898,1,0.0286449572929609,0.222857009547479,0.872799704656306,78,"COPZ2;KIF3C;KIF20A;KIF15;TMED7;KIF2B;KIF3B;KIF22;ARCN1;KIF26B;KIF11;KIF16B;KIF18A;KIF4A;KIFC2;KIF19;KIF9;KIF21B;RINT1;KIF4B;KIF23;KIF27;KIF12;ARF4"
"COPI-mediated Anterograde Transport R-HSA-6807878",0.975733063700708,1,0.00881182919930239,0.151021557363163,0.593934436417965,80,"COPZ2;FOLR2;ANK1;SPTBN4;SPTA1;TMED7;CAPZA1;INS;COG3;ARCN1;COG4;SPTBN2;COG8;GOLGA2;GOSR2;DCTN3;CAPZA3"
"COPII-mediated Vesicle Transport R-HSA-204005",0.563524590163934,1,0.0413209506074822,0.252324621594906,0.968555409440293,66,"F5;FOLR2;CNIH3;TRAPPC5;F8;COL7A1;SEC24D;AREG;TRAPPC2L;LMAN2L;CNIH2;PPP6R3;TRAPPC2;TRAPPC6B;GOLGA2;GOSR2;SEC22A;SEC23A;CTSC"
"CREB1 Phosphorylation Thru NMDA Receptor-Mediated Activation Of RAS Signaling R-HSA-442742",0.765151515151515,1,0.0294227657846801,0.240874890387363,0.80339527134983,27,"CAMK2A;GRIN2D;RPS6KA3;CALM1;NEFL;CAMK2B;MAPK1;MAPK3;GPRIN1;CAMK2G;CREB1;RPS6KA6;MPP3;HRAS;GRIN2B"
"CTLA4 Inhibitory Signaling R-HSA-389513",0.48,1,0.204294756516886,-0.225019721152612,-0.983117973340369,21,"PPP2CB;YES1;PPP2CA;FYN"
"Cargo Recognition For Clathrin-Mediated Endocytosis R-HSA-8856825",0.975855130784708,1,0.00815591848796014,0.156005596367757,0.628506075106611,102,"EGFR;FCHO2;NECAP1;SH3GL2;AREG;ITSN1;GRK3;STON1;EREG;COPS4;DAB2;CD3D;SNAP91;WNT5A;BTC;ADRB2;UBB;REPS2;AVPR2;NLRP3;AGFG1;EPGN;CBL;EGF;ITSN2;VAMP4;VAMP7;NECAP2;SYT12;LDLR;CHRM2;CFTR;UBQLN2;STAM;SYT9;TOR1A;FZD4;COPS5;ARRB1;ARRB2;SYT1;SLC2A8"
"Cell Cycle Checkpoints R-HSA-69620",0.975024975024975,1,0.00730167173587984,0.175246590724846,0.751223895002843,264,"SGO2;CENPQ;PSMA6;ABRAXAS1;CENPO;MCM6;PSMD9;ORC6;H2BC1;CENPF;MAD1L1;CLIP1;CCNB1;RAD17;ORC4;SPC25;MAD2L1;H2BC14;CCNB2;KIF2B;WEE1;RHNO1;CDC6;AURKB;H2BC15;BUB1B;SERPINA2;NUP107;PSMD5;UBE2D1;RBBP8;BRCC3;CDC25A;POLR1B;SPC24;SKA2;KNTC1;CENPP;H2BC11;H2BC9;ZWILCH;NUP85;BUB1;RNF168;RMI1;RAD50;CENPH;SPDL1;NUF2;KIF18A;CDCA8;ANAPC1;H2BC3;UBE2C;CHEK1;TP53;MCM4;PSMB11;UBB;NDC80;CCNE2;RFC3;SLC25A2;CCNE1;CDC7;CHEK2;MDC1;ORC5;DNA2;REXO2;CENPU;POLR1A;ATM;DSN1;BABAM1;WRN;CCNA2;H2BC13;MIS12;PSMB9;RFC4;GTSE1;CDC25C;SGO1;ERCC6L;YWHAG;KNL1;PSMB3;CDC45;H3-4;RMI2;CDKN2A;PHF20"
"Cell Junction Organization R-HSA-446728",0.827620967741935,1,0.0213630317196063,0.201076742300772,0.793665337011557,83,"CLDN18;CLDN16;CDH18;CADM3;LAMC2;PARD6A;CDH12;PXDN;NECTIN3;ARHGEF6;CLDN14;ACTN1;CDH15;CADM1;LAMB3;CDH9;PARVB;CLDN9;PVR;LAMA4;CLDN12;CLDN20;NECTIN2;PATJ;CDH17;CDH24;CLDN15;CLDN3;TESK1;NECTIN4;CLDN17;F11R;PRKCI;AFDN;CDH2;CDH4;COL17A1;PARD3;PARD6G;CDH8;CLDN8;SDK1;ILK;CDH11;ANG;CLDN23;CLDN6;CLDN2;CDH10;CLDN1;CDH5"
"Cell Recruitment (Pro-Inflammatory Response) R-HSA-9664424",0.971428571428571,1,0.0165979932903048,0.167183557264977,0.547302386659339,25,"MEFV;CASP1;P2RX4;CTSG;PSTPIP1;NLRP3;IL1A;GSDMD"
"Cell-Cell Communication R-HSA-1500931",0.979959919839679,1,0.00699634910626994,0.154347590836104,0.628107246652964,117,"CLDN18;CLDN16;SIRPB1;CDH18;CADM3;ACTN3;LAMC2;PARD6A;CDH12;PXDN;NECTIN3;ARHGEF6;CLDN14;ACTN1;PTK2B;CDH15;PIK3R2;CADM1;LAMB3;CDH9;PARVB;CLDN9;PVR;LAMA4;CLDN12;CLDN20;KIRREL1;PIK3CA;NECTIN2;SIRPG;PATJ;FYB1;CDH17;CDH24;CLDN15;CLDN3;TESK1;NECTIN4;SKAP2;CLDN17;F11R;PRKCI;AFDN;CDH2;CDH4;COL17A1;PARD3;PARD6G;CDH8;CLDN8;SDK1;ILK;NCK1;CDH11;ANG;CLDN23;CLDN6;SPTBN1;CLDN2;CDH10;CLDN1;PTPN6;CDH5"
"Cell-cell Junction Organization R-HSA-421270",0.597948717948718,1,0.03863723737086,0.25009365268086,0.949636235290392,59,"CLDN18;CLDN16;CDH18;CADM3;PARD6A;CDH12;NECTIN3;CLDN14;CDH15;CADM1;CDH9;CLDN9;PVR;CLDN12;CLDN20;NECTIN2;PATJ;CDH17;CDH24;CLDN15;CLDN3;NECTIN4;CLDN17;F11R;PRKCI;AFDN;CDH2;CDH4;PARD3;PARD6G;CDH8;CLDN8;SDK1;CDH11;ANG;CLDN23;CLDN6;CLDN2;CDH10;CLDN1;CDH5"
"Cell-extracellular Matrix Interactions R-HSA-446353",0.869714285714286,1,0.0256225253207008,0.237610467224458,0.690500470153107,15,"PXDN;ARHGEF6;ACTN1;PARVB"
"Cellular Response To Heat Stress R-HSA-3371556",0.992957746478873,1,0.0054335217582325,0.137580924742487,0.550391422680757,96,"CAMK2A;NDC1;BAG1;DNAJB1;SERPINA2;HSPA4L;NUP107;CREBBP;POLR1B;NUP85;HSPH1;BAG2;UBB;BAG4;AKT1S1;NUP42;DNAJC2;CAMK2B;MAPK1;NUP210;POLR1A;ATM;MAPK3;COL4A6;NUP88;CCAR2;HSPA12B;BAG5;RPTOR;MLST8;RNASE7;NUP43;NUP58;CAMK2G;HSPA1B;HSPA12A;NUP153;NUP205;NUP160;HSPA1L;DEDD2;SEC13;HSF1;NUP214;HSPA6;HSPA1A;PTGES3;NUP155"
"Cellular Senescence R-HSA-2559583",1,1,0,0.112990689096039,0.468764986693982,160,"RNF2;H2BC1;AGO4;EED;E2F2;EP400;CXCL8;H2BC14;SCMH1;H1-5;H2BC15;TNRC6C;H3C7;UBE2D1;H2BC11;H2BC9;RPS6KA3;RAD50;ETS1;MAPK8;ANAPC1;H2BC3;UBE2C;MAPK11;TP53;VENTX;UBB;CCNE2;CCNE1;H2AC20;SUZ12;ASF1A;MAPK1;MAPK7;IL1A;RB1;ATM;HIRA;MAPK3;CCNA2;H2BC13"
"Centrosome Maturation R-HSA-380287",0.91304347826087,1,0.0150298748621405,0.176624849076494,0.694277410981811,79,"SFI1;CEP63;NEDD1;HAUS2;CEP192;CEP70;TUBG1;HAUS7;AKAP9;CEP152;TUBGCP5;TUBGCP6;MZT2B;NME7;HAUS6;CEP164;CEP135;DCTN3;MZT2A;CEP131;HAUS3;PLK4;NINL;ODF2;TUBGCP2;ACTR1A;CEP76;CENPJ;YWHAG;TUBA4A;NEK2;CEP43"
"Chondroitin Sulfate Biosynthesis R-HSA-2022870",0.833333333333333,1,0.141225119642531,-0.177047598627787,-0.777112742550127,20,"BGN;BCAN;CSPG4;NCAN;DCN;CSGALNACT2;CHST11;CSGALNACT1;CHPF;CSPG5;VCAN;CHST13;CHSY1;CHST3;CHST12;CHSY3;CHST7;CHPF2;CHST9;CHST15"
"Chondroitin Sulfate/Dermatan Sulfate Metabolism R-HSA-1793185",0.744813278008299,1,0.0286449572929609,0.225234495737747,0.836974743607899,50,"ARSB;HEXB;DSE;SDC1;IDS;GPC3;SPAM1;GPC6;GPC2;DSEL;CHST15"
"Chromatin Modifying Enzymes R-HSA-3247509",1,1,0,0.122016665765264,0.519995038468065,234,"PHF21A;HDAC3;H2BC1;DPEP3;EED;EP400;KDM4D;GDNF;TADA2A;H2BC14;VPS72;UTY;H2BC15;JAK2;SETD2;H3C7;SUV39H2;KAT14;PBRM1;KDM1B;CREBBP;PRMT6;PADI1;CLOCK;H2BC11;H2BC9;NSD1;SETDB2;SUPT3H;JADE2;SMYD2;HDAC10;SETD1B;TBL1XR1;ELP6;ENY2;H2BC3;CHD3;PADI3;TRRAP;KDM3B;SETD6;ASH1L;MECOM;TAF5L;H2AC20;SUZ12;KDM6A;ING5;SMARCD2;YEATS2;KMT2B;ZZZ3;REST;PAX3;NCOA1;KDM4A;TAF9;ING3;H2BC13;DOT1L;KDM3A;H2AC11;SAP30L;NSD3;TADA3;KDM6B;KMT2D;H2AC21;PHF20;MSL3;PHF8;SMARCA4;JADE1;MTA3;PADI6;SETDB1;ASH2L;KMT2A;H2AC4;BRD1;H2BC21;HMG20B;YEATS4;BRPF3;MSL2;ELP3;ACTL6B;SMARCD1;SUDS3;KMT2C;MTA2;PRDM16;MRGBP;H2AC14;KAT6B;KDM5C;SUPT20H;SUV39H1;H3C13;KDM7A;H2AC12;WDR77;NCOA2;PRDM9"
"Circadian Clock R-HSA-400253",0.815950920245399,1,0.0230116943194552,0.208467631051985,0.800701399956671,65,"HDAC3;CREM;ELOVL3;PER2;GDNF;NPAS2;CRTC1;RNASE12;PPP1CA;CREBBP;RBM4;CLOCK;TBL1XR1;UBB;NLRP3;NCOA6;CRY1;BTRC;NCOA1;PPARGC1A;HIF1A;MEF2C;F7;NR1D1;NFIL3;LIN9;PPARA"
"Class I MHC Mediated Antigen Processing And Presentation R-HSA-983169",1,1,0,0.119614287401235,0.52025541353795,374,"PSMA6;CYBB;FBXL18;FBXL16;ASB14;PSMD9;RNF182;CBLL2;NEDD4L;ASB9;ASB6;HERC6;ASB11;ASB2;FBXL22;TRIM63;TRIM32;FGG;RNF114;ASB5;FBXO9;TRIM39;UBE2J2;ATG7;SEC24D;TRIM71;TRAIP;KLHL11;HERC3;PSMD5;UBE2D1;UBR1;SPSB4;GAN;LNX1;KLHL13;NCF4;TRAF7;RNF41;MYLIP;S100A8;SH3RF1;MIB2;FBXW10;S100A9;KLHL3;SMURF1;UBE2Q1;ASB15;BTK;UBE3B;LMO7;CTSV;FGA;ANAPC1;CD207;UBE2C;UBE3D;UBE2A;BECN1;FBXL12;TRIM4;FBXO27;LRSAM1;PSMB11;HECTD2;UBB;TRIM37;UBE2J1;FBXL13;TLR4;UBE2R2;UBE2U;RNF144B;FBXW12;ZNRF2;SEC14L2;UBE2D4;FBXO31;HERC4;RNF34;SEC23A;UBE3A;UBE2L6;BTRC;KBTBD8;CUL7;FBXO6;NEDD4;HLA-G;PJA1;CUL3;CTSS;PSMB9;RNF111;SMURF2;PRKN;RNF123;THOP1;PSMB3;ZNRF1;RNF19B;KBTBD7;LRRC41;KLHL42;ASB17;DET1;UBAC1;FBXL15;SOCS1;KLHL9;DZIP3;FBXO44;UBE2M;IKBKB;ERAP2;ASB13;FBXW8;HACE1;RNF217;TRIM21;ASB1;SEC24A;TRIM36;RNF14;CHUK;AREL1;ERAP1;MYD88;FBXW5;SPSB2;FBXO41;PSMD13;FBXW2;IKBKG;GLMN;TIRAP;UBR2;PSMC3;RBBP6;MRC1;FBXW9;PSMF1;KBTBD6;ANAPC2;RBCK1;CBLB;KLHL25;ASB8;RNF25;SEC24C;TRIM69;UBE2W;SEC13;KLHL21;UBE2K;CDC23;UNKL;UBOX5;FBXL14;FBXO17;FBXO40;UBE2O;ASB4;LRR1;FBXL20;UBE2E2;SEC24B;UBE2E3;LONRF1;CD36;PSMB4;HERC2;FBXO15;ANAPC13;UBE2D3;FBXO11;SEC14L3;ASB12;PSMA8;FBXO22;NCF1;NCF2;LTN1;SIAH2;UBE2D2"
"Class I Peroxisomal Membrane Protein Import R-HSA-9603798",0.695945945945946,1,0.0359208664409425,0.275102159859219,0.858234210604483,20,"PEX13;ABCD2;ABCD1;PXMP4;SLC25A17;PEX14"
"Cleavage Of Damaged Purine R-HSA-110331",0.789137380191693,1,0.0270265157079683,0.224388454920262,0.784139778332374,34,"OGG1;H2BC1;NEIL3;H2BC14;H2BC15;H2BC11;H2BC9;H2BC3;H2AC20;H2BC13;H3-4;MUTYH;H2AC4;H2BC21;MPG;ACD"
"Cleavage Of Damaged Pyrimidine R-HSA-110329",0.796198521647307,1,0.0261139619405561,0.219927853007424,0.786491208583291,39,"OGG1;H2BC1;NEIL3;H2BC14;H2BC15;SMUG1;H2BC11;H2BC9;H2BC3;H2AC20;NEIL1;H2BC13;H3-4;H2AC4;H2BC21;ACD;NTHL1"
"Collagen Biosynthesis And Modifying Enzymes R-HSA-1650814",0.797546012269939,1,0.024285888595648,0.212523225930102,0.816836767467324,67,"COL8A2;P4HA3;P3H2;PCOLCE2;COL3A1;P3H3;COL7A1;ADAMTS2;COL6A5;COL26A1;COL19A1;COL22A1;COL24A1;TLL1;COL2A1;COL6A6;COL23A1;COL5A1;COL12A1;COL14A1;COL4A6;PLOD2;COL9A1;P3H1;COL4A3;COL15A1;COL25A1;COL17A1;COL10A1;COL4A4;COL6A3;TLL2;COL4A5;COL13A1;COL1A1;COL11A1;COL18A1"
"Collagen Formation R-HSA-1474290",0.539156626506024,1,0.0424170054438747,0.248863391361097,0.989182241970849,90,"COL8A2;P4HA3;P3H2;PCOLCE2;COL3A1;P3H3;COL7A1;LAMC2;PXDN;ADAMTS2;COL6A5;LOXL4;COL26A1;COL19A1;LOX;COL22A1;COL24A1;MMP13;LAMB3;TLL1;COL2A1;CTSV;COL6A6;COL23A1;MMP9;LAMA4;COL5A1;COL12A1;COL14A1;MMP3;COL4A6;CTSS;PLOD2;COL9A1;MMP7;LOXL3;P3H1;LOXL2;COL4A3;COL15A1;COL25A1;MMP28;COL17A1;COL10A1;COL4A4;LOXL1;COL6A3;TLL2;COL4A5;COL13A1;COL1A1;COL11A1;COL18A1"
"Condensation Of Prophase Chromosomes R-HSA-2299718",0.738396624472574,1,0.0299195667151671,0.232017498735481,0.831053234272952,40,"H2BC1;CCNB1;H2BC14;H2BC15;H3C7;RAB33B;H2BC11;H2BC9;NCAPG2;H2BC3;MCPH1;H2AC20;SMC4;RB1;H2BC13;H3-4;PHF8;SET;H2AC4;CDK1;H2BC21"
"Constitutive Signaling By AKT1 E17K In Cancer R-HSA-5674400",0.506024096385542,1,0.219250346703755,-0.202313308737972,-0.97955999439845,26,"CDKN1B;PRR5;RPS6KB2"
"Constitutive Signaling By Ligand-Responsive EGFR Cancer Variants R-HSA-1236382",0.728,1,0.0344919215094074,0.277665499960568,0.82724103492831,17,"EGFR;UBB;PIK3CA;CBL;EGF;SOS1;SHC1"
"Constitutive Signaling By NOTCH1 HD+PEST Domain Mutants R-HSA-2894862",0.484037075180227,1,0.048505983646947,0.269404775448189,1.01543878750196,56,"HDAC4;HDAC3;HES5;ADAM17;CCNC;CREBBP;PSEN2;MIB2;HDAC10;TBL1XR1;CDK8;MAML3;MAML2;UBB;MAMLD1;NEURL1"
"Conversion From APC/C:Cdc20 To APC/C:Cdh1 In Late Anaphase R-HSA-176407",0.913288288288288,1,0.0220834140571177,0.204990491274143,0.639507347198293,20,"CDC14A;UBE2D1;ANAPC1;UBE2C"
"Cyclin A/B1/B2 Associated Events During G2/M Transition R-HSA-69273",0.812087912087912,1,0.0271669768425399,0.232406455671141,0.760820082696609,25,"CCNB1;CCNB2;FOXM1;WEE1;CDC25A"
"Cytosolic Sensors Of Pathogen-Associated DNA R-HSA-1834949",0.467078189300412,1,0.0500922874402106,0.270355805233227,1.03011858929359,62,"POLR3G;TLR3;TRIM32;NLRP4;POLR3B;IRF3;POLR1D;POLR3F;CGAS;NLRC3;CREBBP;TICAM1;ZBP1;RIPK1;CRCP;POLR3C;POLR3D;DDX41;UBB;DTX4;IRF7"
"Cytosolic tRNA Aminoacylation R-HSA-379716",0.736203090507726,1,0.0322878452489437,0.253681553126788,0.818293834208258,23,"WARS1;NARS1;MARS1;RARS1;GARS1;AIMP1;EEF1E1"
"DAP12 Signaling R-HSA-2424491",0.453488372093023,1,0.227987202850442,-0.201165071349725,-0.99669134228143,28,"RNASE1;B2M;FYN;GRB2"
"DDX58/IFIH1-mediated Induction Of Interferon-Alpha/Beta R-HSA-168928",0.923625254582485,1,0.0146874349112173,0.176241332913092,0.687009254141125,74,"AGER;IFNA6;TRAF6;TANK;RNF216;IRF3;TRIM25;NLRX1;IFNA8;TRAF3;UBE2D1;CREBBP;CASP8;DHX58;RIPK1;TRIM4;UBB;RNF135;SIKE1;IFNA5;IRF7;UBE2L6;HOXC13;NLRC5;TKFC;TAX1BP1"
"DNA Damage Bypass R-HSA-73893",0.933541017653167,1,0.0153676328786693,0.176110842927447,0.649068169647173,47,"REV1;TRIM25;POLR1B;POLE;UBB;RFC3;SPRTN;USP1;POLE2;UBE2L6;DTL;USP43;PCLAF;POLR1A;RFC4"
"DNA Damage/Telomere Stress Induced Senescence R-HSA-2559586",0.766700924974306,1,0.0266754763765933,0.218428745385196,0.826829235782818,58,"H2BC1;EP400;H2BC14;H1-5;H2BC15;H2BC11;H2BC9;RAD50;H2BC3;TP53;CCNE2;CCNE1;H2AC20;ASF1A;RB1;ATM;HIRA;CCNA2;H2BC13;H1-3;H3-4;H1-1;LMNB1;HMGA1;H2AC4;H2BC21;ACD;CABIN1"
"DNA Double Strand Break Response R-HSA-5693606",0.488683127572016,1,0.0480220415968251,0.268422420562586,1.01484037856381,57,"ABRAXAS1;H2BC1;H2BC14;CNKSR3;H2BC15;BRCC3;H2BC11;H2BC9;RNF168;RAD50;MAPK8;UBE2I;H2BC3;TP53;UBB;CHEK2;MDC1;EYA4;KDM4A;ATM;BABAM1;EYA1;H2BC13;PPP5C;H3-4"
"DNA Double-Strand Break Repair R-HSA-5693532",0.713713713713714,1,0.0289981119993578,0.218224277867937,0.900981397812649,144,"XRCC3;ABRAXAS1;H2BC1;RAD17;SPIDR;H2BC14;RHNO1;LRIG3;CNKSR3;H2BC15;PALB2;RAD51B;SERPINA2;LIG4;TIMELESS;RBBP8;BRCC3;POLR1B;POLE;H2BC11;H2BC9;RNF168;RMI1;RAD50;MAPK8;SLX4;UBE2I;H2BC3;CHEK1;TP53;TDP2;UBB;RFC3;RAD51AP1;CHEK2;MDC1;POLE2;DNA2;EYA4;POLR1A;KDM4A;ATM;BABAM1;WRN;XRCC4;CCNA2;EYA1;H2BC13;GEN1;RAD52;RFC4;BRCA2;PPP5C;H3-4;RAD51D;RMI2;POLD3;RAD9B;POLM;UIMC1;NHEJ1"
"DNA Methylation R-HSA-5334118",0.844919786096257,1,0.0235793094960052,0.214383695161233,0.737910915907926,31,"DNMT3B;H2BC1;H2BC14;H2BC15;H3C7;H2BC11;H2BC9;H2BC3;DNMT1;H2AC20"
"DNA Repair R-HSA-73894",0.999000999000999,1,0.0014426950408889,0.147219589630996,0.634850230946115,300,"XRCC3;ABRAXAS1;AQR;FANCB;OGG1;REV1;H2BC1;INO80C;INO80;RAD17;FANCI;SPIDR;NEIL3;H2BC14;RHNO1;LRIG3;CNKSR3;LRIG1;H2BC15;SMUG1;PALB2;TRIM25;RAD51B;SERPINA2;LIG4;TIMELESS;ACTR5;RBBP8;BRCC3;POLR1B;POLE;MLH1;PARG;H2BC11;H2BC9;RNF168;RMI1;RAD50;XPC;COPS4;MAPK8;SLX4;DCLRE1B;UBE2I;H2BC3;CHEK1;TP53;TDP2;XPA;UBB;RFC3;XAB2;FANCG;RAD51AP1;SPRTN;ALKBH2;H2AC20;CHEK2;MDC1;ASCC2;USP1;POLE2;UBE2L6;DTL;DNA2;GTF2H4;USP43;EYA4;ACTR8;PCLAF;NEIL1;POLR1A;KDM4A;ATM;BABAM1;FANCD2;WRN;XRCC4;CCNA2;EYA1;H2BC13;GEN1;RAD52;RNF111;RFC4;BRCA2;PPP5C;H3-4;RAD51D;RMI2;FANCA;POLN;POLD3;RAD9B;POLM;UIMC1;NHEJ1;COPS5;MUTYH;GTF2H5;SUMO1;ERCC8;NFRKB;RAD51;H2AC4;ERCC3;ERCC2;H2BC21;FAAP24;MPG;ACD;HUS1;POLR2K;NTHL1;ALKBH3;ASCC1;COPS8;PIAS1;RAD9A;EYA3;GTF2H3;POLG2;EYA2;CUL4A;SLX1A;EME2;POLR2B;USP32;DCLRE1A;H2AC14;RFC2;XRCC2;CETN2;LRIF1"
"DNA Replication Pre-Initiation R-HSA-69002",0.98997995991984,1,0.00523322083191526,0.145245147591439,0.593724523930526,123,"PSMA6;MCM6;GMNN;PSMD9;ORC6;H2BC1;ORC4;H2BC14;CDC6;H2BC15;PSMD5;H3C7;UBE2D1;POLR1B;POLE;H2BC11;H2BC9;POLA1;PRIM2;ANAPC1;H2BC3;UBE2C;MCM4;UBB;SLC25A2;CDC7"
"DNA Replication R-HSA-69306",0.984015984015984,1,0.00581457622839549,0.153571192472977,0.635614078587041,151,"PSMA6;MCM6;GMNN;PSMD9;ORC6;H2BC1;ORC4;H2BC14;GINS3;CDC6;LRIG1;H2BC15;PSMD5;H3C7;GINS1;UBE2D1;POLR1B;POLE;GINS4;H2BC11;H2BC9;POLA1;PRIM2;ANAPC1;H2BC3;UBE2C;MCM4;PSMB11;UBB;CCNE2;RFC3;SLC25A2;CCNE1;CDC7"
"Deactivation Of Beta-Catenin Transactivating Complex R-HSA-3769402",0.951578947368421,1,0.014944717875289,0.165299374550493,0.595130571158358,41,"TCF7;PYGO1;SOX7;TLE1;BCL9L;SRY;UBB;LEF1;AKT1;BTRC;BCL9;KMT2D;CHD8;ASH2L;SOX6;SOX13"
"Deadenylation Of mRNA R-HSA-429947",0.804347826086957,1,0.161978948883402,-0.164626566793099,-0.791464213576728,25,"EIF4A1;EIF4B;PABPC1;CNOT8;EIF4E;EIF4G1;CNOT7;CNOT3"
"Deadenylation-dependent mRNA Decay R-HSA-429914",1,1,0.241339976815091,-0.100690871523573,-0.573253044310595,53,"EIF4A1;EIF4B;PABPC1;HBS1L;EDC3;CNOT8;EIF4E;EXOSC3;EIF4G1;EXOSC6;LSM5;CNOT7;DIS3;CNOT3;LSM2"
"Dectin-2 Family R-HSA-5621480",0.688311688311688,1,0.034566432206351,0.257821590764976,0.859917970442548,27,"MUC19;MUC17;MUC15;MUC13;MUC4;MUC1;CLEC4A;MUC7;MUC12;CLEC4D;MUCL1;MUC6;SYK"
"Defective B3GALTL Causes PpS R-HSA-5083635",0.569002123142251,1,0.0425023180036553,0.265598515491032,0.938432459169333,37,"ADAMTSL2;ADAMTS16;THSD7A;ADAMTS15;ADAMTSL4;ADAMTS17;ADAMTS2;ADAMTSL1;ADAMTS19;ADAMTS6;CFP;THSD1;B3GLCT;THSD7B;ADAMTS12;ADAMTS10;ADAMTS18;ADAMTS7;ADAMTS8;ADAMTSL3;ADAMTS20;SEMA5B;THSD4;SBSPON;ADAMTS5;SPON1;SEMA5A"
"Defective C1GALT1C1 Causes TNPS R-HSA-5083632",0.461187214611872,1,0.0554793308704233,0.335944806618508,1.01645110203225,18,"MUC19;MUC17;MUC15;MUC13;MUC4;MUC1;MUC7;MUC12;MUCL1;MUC6;C1GALT1C1;C1GALT1"
"Defective TPR May Confer Susceptibility Towards Thyroid Papillary Carcinoma (TPC) R-HSA-5619107",0.820320855614973,1,0.0252009996957834,0.22249236968476,0.765821058234538,31,"NDC1;NUP107;NUP85;NUP42;NUP210;NUP88;RNASE7;NUP43;NUP58;NUP153;NUP205;NUP160;SEC13;NUP214;NUP155;NUP37;MAP4K2"
"Defects In Vitamin And Cofactor Metabolism R-HSA-3296482",0.668514412416851,1,0.0370705393657621,0.277633363638114,0.874802979971969,21,"AMN;MMUT;CD320;MTR;HLCS;SP8;CBLIF;MTRR;TCN2;CUBN;ACACA;MMACHC;PROC"
"Defects Of Contact Activation System (CAS) And Kallikrein/Kinin System (KKS) R-HSA-9651496",0.643428571428571,1,0.0402477565068868,0.306220881573204,0.88988361988807,15,"F9;F8;GP1BA;FAM110A;GP5;F12;ZNF160;KLKB1;TTF2"
"Degradation Of Extracellular Matrix R-HSA-1474228",0.513052208835341,1,0.0446854397644147,0.245583356805551,0.992624323600372,109,"CTRB2;MMP24;CASP3;LAMB1;OPTC;CTSK;MMP17;ADAMTS16;ELANE;MMP10;LAMC2;ERC2;ACAN;PLG;ADAM17;CAPNS2;KLK7;COL26A1;COL19A1;MMP2;CAPN10;MMP12;MMP13;LAMB3;MMP16;MMP19;TLL1;CAPN7;CTSV;CAPN6;TPSAB1;COL23A1;CTSG;MMP9;LAMA4;TMPRSS6;MMP1;COL12A1;PRSS2;COL14A1;MMP3;MMP8;ADAM8;CTSS;CAPN13;CAPN14;COL9A1;CAPN9;MMP7;MMP15;LAMA5"
"Depolymerisation Of Nuclear Lamina R-HSA-4419969",0.68,1,0.0376923295943841,0.294272343942645,0.855160945639258,15,"CCNB1;CNEP1R1;LPIN1;LPIN3;LPIN2;LMNB1;PRKCB;CDK1;TMPO"
"Deposition Of New CENPA-containing Nucleosomes At Centromere R-HSA-606279",0.862033195020747,1,0.020635764771317,0.195680687006024,0.726200941818556,49,"CENPQ;CENPO;H2BC1;H2BC14;H2BC15;OIP5;CENPP;H2BC11;H2BC9;CENPH;H2BC3;MIS18BP1;H2AC20;CENPU;H2BC13;KNL1;CENPW;H2AC4;H2BC21;ITGB3BP;MIS18A;H2AC14;HJURP;CENPL;CENPA"
"Detoxification Of Reactive Oxygen Species R-HSA-3299685",0.539936102236422,1,0.0450442767152794,0.2745051194286,0.959275661380772,34,"CYBB;GPX8;GPX2;GPX7;GSR;NCF4;ATP7A;GPX5;GPX6"
"Deubiquitination R-HSA-5688426",1,1,0,0.11865303975301,0.507946472834452,260,"TNIP3;PSMA6;IDE;AXIN2;ABRAXAS1;PSMD9;H2BC1;INO80C;INO80;OTUB1;TRAF6;NOD2;H2BC14;USP28;TANK;CNKSR3;ZRANB1;H2BC15;AREG;TRIM25;OTUB2;TRAF3;PSMD5;UBE2D1;ACTR5;KDM1B;BRCC3;CDC25A;USP26;H2BC11;H2BC9;RIPK1;RNF128;ASXL2;H2BC3;USP24;ESR1;TP53;BECN1;TRIM4;BIRC3;TRRAP;UCHL3;MBD6;PSMB11;ADRB2;UBB;RNF135;NLRP3;ATXN3L;H2AC20;SENP8;MBD5;TNIP1;ACTR8;PTEN;BABAM1;HIF1A;CCNA2;H2BC13;PSMB9;SMAD3;H2AC11;SMURF2;MUL1;USP37;TAF9B;PRKN;RNF123;TADA3;CFTR;ASXL1;PSMB3;H2AC21;STAM;VCPIP1;UIMC1;ABRAXAS2;MDM2;ARRB1;RIPK2;NFRKB;USP20;ARRB2;H2AC4;CDK1;H2BC21;TNKS;USP33;PSMD13;IKBKG;PSMC3;PSMF1;CYLD;SUDS3;POLG2;STAMBPL1;STAM2;IFIH1;FOXK2;USP32;H2AC14"
"Digestion And Absorption R-HSA-8963743",0.815384615384615,1,0.0269562963008323,0.23127918651641,0.757129784985013,25,"GUCA2A;ALPP;SLC2A2;CHIT1;RSC1A1"
"Digestion R-HSA-8935690",0.779279279279279,1,0.0304894126298511,0.252679358285881,0.788281959347413,20,"GUCA2A;ALPP;CHIT1;LCT;PNLIPRP2;TREH;GUCA2B;GUCY2C;CEL;AMY2B;PNLIPRP1;CLPS;PNLIP"
"Diseases Associated With Glycosaminoglycan Metabolism R-HSA-3560782",0.621308016877637,1,0.0381628909049257,0.253213009816234,0.906972499551341,40,"HEXB;SDC1;CHST6;GPC3;ACAN;ST3GAL3;GPC6;B4GALT1;LUM;GPC2"
"Diseases Associated With Glycosylation Precursor Biosynthesis R-HSA-5609975",0.755428571428571,1,0.0327241935806629,0.27120218822656,0.788118640834505,15,"GALT;SRD5A3;DPM1;GNE;GALE;SLPI;PGM1;GFPT1"
"Diseases Associated With N-glycosylation Of Proteins R-HSA-3781860",0.453196347031963,1,0.0562940749700968,0.339057129478657,1.02586789889517,18,"MAN1B1;ALG9;ALG13;B4GALT1;MOGAT2;ALG12;GLB1;ALG14;CTSA;DPAGT1;ALG6;ALG2;ALG8;EGFL7;MOGS;MPDU1;ALG3"
"Diseases Associated With TLR Signaling Cascade R-HSA-5602358",0.631016042780749,1,0.0380842053196415,0.259431712250017,0.892966660818097,31,"TLR3;FGG;TRAF3;TICAM1;IRAK4;S100A8;TLR5;S100A9;BTK;FGA"
"Diseases Of Glycosylation R-HSA-3781865",0.651651651651652,1,0.0334561741060507,0.226585646777463,0.934380133939062,140,"HEXB;MAN1B1;MUC19;ADAMTSL2;SDC1;ADAMTS16;THSD7A;CHST6;ALG9;ADAMTS15;GPC3;MUC17;ADAMTSL4;ADAMTS17;ADAMTS2;ADAMTSL1;ACAN;ST3GAL3;ALG13;ADAMTS19;GPC6;MUC15;B4GALT1;LUM;MUC13;MUC4;GPC2;ADAMTS6;MUC1;MOGAT2;EXT1;GALT;SRD5A3;ALG12;PAPSS2;CFP;THSD1;DPM1;OMD;GALNT12;MUC7;POMGNT1;GALNT3;MUC12;B3GLCT;NOTCH2;GLB1;ALG14;GPC5;GNE;THSD7B;ADAMTS12;CTSA;PRELP;FMOD;POMT2;ADAMTS10;GALE;LFNG;ADAMTS18;ADAMTS7;ADAMTS8;MUCL1"
"Diseases Of Mitotic Cell Cycle R-HSA-9675126",0.90625,1,0.184706471207739,-0.13353691103642,-0.725133143215765,38,"CDKN1B;UBE2E1;ANAPC11;CDKN1C;CDK2;E2F1;TFDP1;CCND1;FZR1;CDC27"
"Diseases Of Programmed Cell Death R-HSA-9645723",0.657492354740061,1,0.0338984188001938,0.23457983631514,0.906265335171369,68,"DNMT3B;H2BC1;EED;GSDME;H2BC14;TANK;FASLG;CDK5R1;ERC2;H2BC15;CAPNS2;H3C7;CDC25A;CASP8;H2BC11;H2BC9;POLA1;RIPK1;PRIM2;GOLGA2;H2BC3;TP53;DNMT1;H2AC20;SUZ12"
"Disorders Of Transmembrane Transporters R-HSA-5619115",0.879120879120879,1,0.0169176756264572,0.194670117895151,0.811653726838913,174,"PSMA6;NDC1;TAC4;PSMD9;SLC9A7;RHAG;ABCA1;SLC22A5;SLC34A1;APOA1;SLC5A2;SLC2A2;DERL3;SLC5A7;SLC1A1;ERLIN1;SLC34A2;ABCB6;NUP107;HEPH;PSMD5;SLC26A4;SLC6A14;SLC35C1;ABCC6;NUP85;SLCO2A1;ABCC8;SLC2A9;SEL1L;SLC12A3;SLCO1B1;ABCG8;ABCD1;PSMB11;SLC22A12;UBB;AVPR2;AVPR1A;SLC6A18;NLRP3;SLC26A3;ABCA12;NUP42;SLC24A5;NUP210;SLC22A18;NUP88;PSMB9;SLC3A1;ABCB4;SLC2A10;CFTR;SLC6A5;ABCG5;PSMB3;SLC17A8;SLC40A1;SLC12A1;RNASE7;NUP43;SLC29A3;DERL1;NUP58;SLC4A1;ABCC2;SLC36A2;PSMD13;NUP153;PSMC3;NUP205;PSMF1;NUP160;CP;SLC24A1;ABCB11;SLC12A6;SLC7A9;SEC13;SLC7A7;SLC35A2;NUP214"
"Dopamine Neurotransmitter Release Cycle R-HSA-212676",0.495584988962472,1,0.0506004243853618,0.304042867942487,0.980742987047174,23,"SYN2;APBA1;CPLX1;SLC18A2;SYN3;RIMS1;PPFIA4;PPFIA1;STXBP1;LIN7A;SYN1;SYT1;PPFIA3;RAB3A;STX1A;UNC13B"
"Downregulation Of TGF-beta Receptor Signaling R-HSA-2173788",0.740659340659341,1,0.0317812506835949,0.250581800307336,0.820320009965051,25,"NEDD4L;ZFYVE9;PPP1CA;SMURF1;PMEPA1;UBB;SRFBP1;SMAD3;SMURF2;MTMR4"
"Downstream Signal Transduction R-HSA-186763",0.895348837209302,1,0.158514105424824,-0.154698584041652,-0.766468743022778,28,"CRKL;GRB2;STAT1;STAT3;BCAR1;PTPN11"
"Downstream Signaling Of Activated FGFR1 R-HSA-5654687",0.482721382289417,1,0.0508054139066364,0.291672093989328,0.994123009752339,30,"FGF20;FGF17;FGF10;FLRT2;FLRT3;KL;FGF3;FGF8;PIK3CA;FGF23;FGF13;SOS1;SHC1;FGF5"
"Downstream Signaling Of Activated FGFR2 R-HSA-5654696",0.546536796536797,1,0.0452247443372884,0.281705318945882,0.954990002900192,29,"FGF20;FGF17;FGF10;FGF7;FGF3;FGF8;PIK3CA;FGF23;FGF13;SOS1;SHC1;FGF5;FGF18"
"Downstream Signaling Of Activated FGFR3 R-HSA-5654708",0.761325966850829,1,0.0307037368093842,0.246212926040345,0.799871414865794,24,"FGF20;FGF17;FGF8;PIK3CA;FGF23;FGF13;SOS1;SHC1;FGF5;FGF18"
"Downstream Signaling Of Activated FGFR4 R-HSA-5654716",0.579978237214363,1,0.0427591434738678,0.282916317745661,0.93388607742849,26,"FGF20;FGF17;FGF19;KLB;FGF8;FGFR4;PIK3CA;FGF23;FGF13;SOS1;SHC1;FGF18"
"Dual Incision In GG-NER R-HSA-5696400",0.690909090909091,1,0.231126709673834,-0.152063100284381,-0.824259113870886,39,"RBX1;RPS27A;PARP1;DDB1;POLD2;UBA52;POLE4;ERCC5;RPA3;CUL4B;POLD1;PCNA;GTF2H1;DDB2;PARP2;POLK;RFC5;POLD4;POLE3;SLC19A1;CHD1L;ERCC1;ERCC4;RFC2;CUL4A;GTF2H3;ERCC2;ERCC3;GTF2H5;POLD3;RFC4;POLR1A;GTF2H4;POLE2;RFC3;UBB;XPA;POLE;POLR1B"
"Dual Incision In TC-NER R-HSA-6782135",0.481285530111697,1,NA,-0.137018434595065,-0.819992160960683,61,"RBX1;POLR2I;RPS27A;POLR2L;DDB1;CDK7;POLR2F;POLR2A"
"E2F Mediated Regulation Of DNA Replication R-HSA-113510",0.562708102108768,1,0.0450442767152794,0.293416402745351,0.935314221460944,22,"ORC6;CCNB1;ORC4;POLA1;PRIM2;SLC25A2;ORC5;RB1;PPP2R3B;CDK1;SLC25A15;TFDP2;ORC3;PRIM1;PPP2R1A"
"E3 Ubiquitin Ligases Ubiquitinate Target Proteins R-HSA-8866654",0.75387797311272,1,0.0278699114874201,0.221208730167175,0.830646030237426,53,"PEX13;H2BC1;H2BC14;UBE2J2;H2BC15;SELENOS;LEO1;HLTF;UBE2D1;H2BC11;H2BC9;H2BC3;UBE2A;UBB"
"EGFR Downregulation R-HSA-182971",0.817494600431965,1,0.0259033757772498,0.224983958963127,0.766825949549373,30,"EGFR;SH3GL2;AREG;SPRY1;EREG;BTC;UBB;EPGN;CBL;EGF"
"EML4 And NUDC In Mitotic Spindle Formation R-HSA-9648025",0.721608040201005,1,0.0286449572929609,0.222768117249166,0.890223733764203,95,"SGO2;CENPQ;CENPO;CENPF;MAD1L1;CLIP1;SPC25;MAD2L1;KIF2B;AURKB;BUB1B;NUP107;SPC24;SKA2;KNTC1;CENPP;ZWILCH;NUP85;BUB1;CENPH;SPDL1;NUF2;KIF18A;CDCA8"
"EPH-ephrin Mediated Repulsion Of Cells R-HSA-3928665",0.808091286307054,1,0.0243564001293776,0.208314583722383,0.773087263788471,49,"EFNB2;EFNB3;EFNB1;EPHA6;EPHB6;EPHA5;EFNA4;VAV2;PSEN2;MMP2;DNM1;MMP9;VAV3;EPHA10;EPHA1;APH1A;EPHA2;EFNA2;EPHB2"
"ER To Golgi Anterograde Transport R-HSA-199977",0.853707414829659,1,0.0190794888813551,0.197389652745974,0.810937931451405,133,"COPZ2;F5;FOLR2;CNIH3;ANK1;TRAPPC5;F8;SPTBN4;SPTA1;TMED7;COL7A1;CAPZA1;INS;SEC24D;COG3;AREG;TRAPPC2L;LMAN2L;CFAP73;ARCN1;CNIH2;COG4;PPP6R3;TRAPPC2;TRAPPC6B;SPTBN2"
"ERCC6 (CSB) And EHMT2 (G9a) Positively Regulate rRNA Expression R-HSA-427389",0.946315789473684,1,0.0153676328786693,0.171377822158915,0.617014924966673,41,"H2BC1;DPEP3;H2BC14;H2BC15;H3C7;H2BC11;H2BC9;H2BC3;CHD3"
"ERK/MAPK Targets R-HSA-198753",0.920792079207921,1,0.142901149386948,-0.152237722154815,-0.692079734372452,22,"PPP2CB;PPP2CA;KCNH8;RPS6KA1;DUSP6"
"ESR-mediated Signaling R-HSA-8939211",0.987012987012987,1,0.00523322083191526,0.150408361086617,0.630881461443589,185,"GNG13;H2BC1;EGFR;AGO4;TFF3;GDNF;GPAM;MYB;H2BC14;EBAG9;H2BC15;AREG;ESR2;TNRC6C;H3C7;FOSB;GNB5;CREBBP;NCOA3;EREG;H2BC11;H2BC9;MMP2;ERBB4;AKT3;PIK3R2;CCNT1;NR5A2;PMEPA1;H2BC3;POU2F1;CALM1;ESR1;GNG10;GNB1;BTC;S1PR3;MMP9;AKT1;GNG3;GNG4;H2AC20;PIK3R3;PIK3CA;EPGN;UHMK1;EGF;MAPK1;ZDHHC21;NCOA1;MMP3;GNGT2;GNG2;MAPK3;GNGT1;GREB1;H2BC13;SHC1;USF1;MMP7"
"Early Phase Of HIV Life Cycle R-HSA-162594",0.677165354330709,1,0.149207542435322,-0.230626495082827,-0.887341202985965,15,"XRCC6;CXCR4;PPIA;FEN1"
"Early SARS-CoV-2 Infection Events R-HSA-9772572",0.904559915164369,1,0.0190041999938594,0.192633701783895,0.678990921394334,36,"MAP1LC3B;SDC1;GPC3;GPC6;TMPRSS2;CHMP4C;GPC2;HAVCR1;BECN1;HOXC13;RB1;ACE2;GPC5"
"Eicosanoid Ligand-Binding Receptors R-HSA-391903",0.626285714285714,1,0.041488040200221,0.308549577750565,0.896650854615118,15,"PTGDR2;CYSLTR2;CYSLTR1;PTGER1;OXER1;PTGER2;PTGDR;LTB4R2;PTGFR;PTGER4;LTB4R"
"Elastic Fibre Formation R-HSA-1566948",0.684266103484689,1,0.0336769978828608,0.242636437165953,0.867700121214533,39,"VTN;MFAP2;LOXL4;LOX;FBN1;ITGB6;FBLN2;MFAP5;FBN2;EFEMP1;BMP10;FBLN1;ITGB3;TGFB2;LOXL3;BMP4;LOXL2;FBLN5;EFEMP2;SMIM6;LOXL1;FURIN;ITGA8"
"Endosomal Sorting Complex Required For Transport (ESCRT) R-HSA-917729",0.96943231441048,1,0.0162749990509926,0.16822434090643,0.564615664906294,28,"CHMP4C;VPS4B;VPS37A;TSG101;UBB;VPS4A;VPS37B;STAM;CHMP2A;CHMP5;STAM2;UBAP1;CHMP7;CHMP2B;VPS36;VPS28;VPS37D;VPS37C;MVB12A"
"Energy Dependent Regulation Of mTOR By LKB1-AMPK R-HSA-380972",0.66991341991342,1,0.0358449292332649,0.259652523925583,0.880230325450019,29,"RRAGD;PRKAG3;STK11;STRADA;PRKAA2;PRKAG2;PRKAG1;CAB39;PRKAB2;RRAGB;RPTOR;MLST8"
"Ephrin Signaling R-HSA-3928664",0.485159817351598,1,0.0531298054705469,0.331395847390616,1.00268754763523,18,"EFNB2;EFNB3;EFNB1;EPHB6"
"Epigenetic Regulation Of Gene Expression R-HSA-212165",0.98894472361809,1,0.00599657425469861,0.14462253291566,0.585544895653104,110,"DNMT3B;H2BC1;DPEP3;EED;H2BC14;TAF1B;H2BC15;POLR1D;DPEP2;H3C7;POLR1B;DDX56;POLR1H;H2BC11;H2BC9;H2BC3;CHD3;TAF1C;TET1;DNMT1;H2AC20;SUZ12;GTF2H4;UBTF;POLR1A;H2BC13;POLR1F;MYO1E;SAP30L;POLR1E;DNMT3L;SIN3A;MTA3;GTF2H5;H2AC4;ERCC3;ERCC2;H2BC21;POLR2K;BAZ2A;TBP;MYBBP1A;GTF2H3;SUDS3;MTA2;H2AC14;SUV39H1;SAP30BP;H3C13;UHRF1"
"Estrogen-dependent Nuclear Events Downstream Of ESR-membrane Signaling R-HSA-9634638",0.502762430939227,1,0.0499913914024592,0.300556315537624,0.976416670002679,24,"EGFR;AREG;EREG;AKT3;BTC;AKT1;EPGN;UHMK1;EGF;MAPK1;MAPK3"
"Export Of Viral Ribonucleoproteins From Nucleus R-HSA-168274",0.804046858359957,1,0.0260437699289678,0.219107563669446,0.768873408246775,35,"NDC1;NUP107;PBRM1;BLOC1S6;NUP85;NUP42;NUP210;NUP88;RNASE7;NUP43;NUP58;NUP153;NUP205;NUP160;SEC13;NUP214;HSPA1A;NUP155"
"Extension Of Telomeres R-HSA-180786",0.988589211618257,1,0.0102389179310485,0.140689966450657,0.522806012518395,50,"PIF1;LRIG1;POLR1B;PPP6R3;POLA1;PRIM2;RFC3;DNA2;POLR1A;WRN;CCNA2;DKC1;RFC4;POLD3;STN1;DSCC1;ACD;WRAP53;SHQ1;TERT;RFC2;PRIM1;ANKRD28;CCNA1;SLC19A1;POLD4;RFC5;CHTF8;RUVBL1;GAR1;BLM"
"Extra-nuclear Estrogen Signaling R-HSA-9009391",0.503042596348884,1,0.0460457683018055,0.256448221467573,0.999984962968079,73,"GNG13;EGFR;AREG;ESR2;GNB5;EREG;MMP2;AKT3;PIK3R2;CALM1;ESR1;GNG10;GNB1;BTC;S1PR3;MMP9;AKT1;GNG3;GNG4;PIK3R3;PIK3CA;EPGN;UHMK1;EGF;MAPK1;ZDHHC21;MMP3;GNGT2;GNG2;MAPK3;GNGT1;SHC1;MMP7"
"Extracellular Matrix Organization R-HSA-1474244",0.832167832167832,1,0.0204893625108019,0.204055333334617,0.878882606079716,290,"VTN;CTRB2;MMP24;CASP3;LAMB1;LAMA2;COL8A2;ITGAL;OPTC;P4HA3;P3H2;CTSK;MMP17;SDC1;PCOLCE2;ADAMTS16;TNNI3;ELANE;ITGA1;COL3A1;FGG;MMP10;ASPN;P3H3;COL7A1;LAMC2;PXDN;NTN4;ERC2;ITGB7;ADAMTS2;COL6A5;ACAN;PLG;MFAP2;LMNB2;LOXL4;ADAM17;CAPNS2;KLK7;ACTN1;LUM;COL26A1;COL19A1;LOX;MMP2;CEACAM8;CAPN10;FBN1;COL22A1;COL24A1;MMP12;COMP;MMP13;LAMB3;MMP16;MMP19;CEACAM1;TLL1;CAPN7;COL2A1;CTSV;FGA;COL6A6;MATN3;ITGB6;CAPN6;TPSAB1;FBLN2;MATN1;HAPLN1;COL23A1;MFAP5;CTSG;MMP9;LAMA4;ADAM19;ITGB2;ICAM5;LAMC3;FBN2;ICAM4;TMPRSS6;EFEMP1;BMP10;COL5A1;ICAM1;FBLN1;NID2;ITGB3;MMP1;TGFB2;COL12A1;PRSS2;ITGA11;COL14A1;MMP3;MMP8;ITGAE;COL4A6;ADAM8;FGF13;TTR;CTSS;PLOD2;CAPN13;CAPN14;COL9A1;CAPN9;MMP7;IBSP;LOXL3;MMP15;BMP4;LAMA5;P3H1"
"FCERI Mediated MAPK Activation R-HSA-2871796",0.807692307692308,1,0.176694268938498,-0.164798627125007,-0.8219941432609,29,"RNASE1;GRB2;MAP2K4;MAP2K7;MAP3K1;PKN1;GRAP2;FOS;PKN2;PLCG1;JUN;MAPK10;NRAS;LYN;PLCG2;IGLL5;LCP2;HRAS;SYK;MAPK9;VAV1;SHC1;SOS1;MAPK3;MAPK1;SPNS1;VAV3;MAPK8;VAV2"
"FCGR3A-mediated IL10 Synthesis R-HSA-9664323",0.883351007423118,1,0.0204893625108019,0.19776959478359,0.697093801044947,36,"ITPR1;ADCY7;CD247;PRKAR1B;PRKACG;ADCY1"
"FGFR1 Mutant Receptor Activation R-HSA-1839124",0.975161987041037,1,0.0150298748621405,0.162952917844269,0.555401934136346,30,"FGF20;FGF17;FGF8;CPSF6;BAG4;PIK3CA;FGF23;FGF13;FGF5;CEP43;FGFR1;STAT5A;TRIM24;FGF9;CUX1;FGF6"
"FGFR2 Mutant Receptor Activation R-HSA-1839126",0.937967914438503,1,0.0171553985751332,0.182394079410454,0.633273357346206,33,"FGF20;FGF17;FGF10;FGF7"
"FLT3 Signaling In Disease R-HSA-9682385",0.855421686746988,1,0.165656695205483,-0.158146660818497,-0.765714045960954,26,"GAB2;RPS27A;GRB2;PTPN11;BCL2L1;UBA52"
"FLT3 Signaling R-HSA-9607240",0.610169491525424,1,0.237793834423688,-0.180911283034799,-0.936535038894873,36,"CDKN1B;GAB2;RPS27A;PTPRJ;FYN;GRB2"
"FOXO-mediated Transcription Of Oxidative Stress, Metabolic And Neuronal Genes R-HSA-9615017",0.734848484848485,1,0.0314209215415833,0.245975878329236,0.833866061308347,29,"TRIM63;ABCA6;INS;G6PC1;PLXNA4;PPARGC1A;SMAD3;SIN3A;FOXO3;SIRT3;NR3C1;AGRP;POMC;PCK1;IGFBP1;NPY;MAP4K2;HDAC1;ATXN3"
"FOXO-mediated Transcription R-HSA-9614085",0.98159509202454,1,0.00942834302346016,0.145335909929796,0.558219355002625,65,"BBC3;TRIM63;ABCA6;INS;G6PC1;FASLG;PLXNA4;STK11;CREBBP;AKT3;KLF4;AKT1;BTG1;MSTN;REXO2;PPARGC1A;BCL2L11;SMAD3;YWHAG;SIN3A;FOXO3;SIRT3;NR3C1;AGRP"
"FRS-mediated FGFR1 Signaling R-HSA-5654693",0.688124306326304,1,0.0357690767485421,0.266952143039148,0.850954934686069,22,"FGF20;FGF17;FGF10;KL;FGF3;FGF8;FGF23;FGF13;SOS1;FGF5;FGFR1;FRS2;HRAS;FGF9;FGF6;FGF22"
"FRS-mediated FGFR2 Signaling R-HSA-5654700",0.629834254143646,1,0.0396787203613389,0.275270533553933,0.894270803266304,24,"FGF20;FGF17;FGF10;FGF7;FGF3;FGF8;FGF23;FGF13;SOS1;FGF5;FGF18"
"FRS-mediated FGFR3 Signaling R-HSA-5654706",0.852311161217587,1,0.0259735747969448,0.230841603559595,0.71183812188881,19,"FGF20;FGF17;FGF8;FGF23;FGF13;SOS1;FGF5;FGF18;FRS2;HRAS;FGF9"
"FRS-mediated FGFR4 Signaling R-HSA-5654712",0.674057649667406,1,0.0366850427613443,0.275767998019785,0.868925345597385,21,"FGF20;FGF17;FGF19;KLB;FGF8;FGFR4;FGF23;FGF13;SOS1;FGF18"
"Factors Involved In Megakaryocyte Development And Platelet Production R-HSA-983231",0.743486973947896,1,0.0269562963008323,0.215956452800232,0.885855583417745,130,"PHF21A;KIF3C;DOCK8;KIF20A;IFNA6;KIF15;MYB;KIF2B;CAPZA1;WEE1;IRF1;GATA1;EHD3;KIF3B;RAD51B;HBG2;KIF22;PRKAR1B;IFNA8;JAK2;H3C7;HBD;PRKACG;KIF26B;ZFPM1;KIF11;SH2B2;KIF16B;HBE1;KIF18A;IRF2;KIF4A;TP53;KIFC2;KIF19;KIF9;CABLES1;KIF21B;IFNA5;KIF4B;KIF23;KIF27;KIF12"
"Fanconi Anemia Pathway R-HSA-6783310",0.865814696485623,1,0.0219398252709772,0.204963403556726,0.719239938682659,35,"FANCB;FANCI;SERPINA2;POLR1B;SLX4;DCLRE1B;UBB;FANCG;USP1;POLR1A;FANCD2;FANCA;POLN;FAAP24;SLX1A;EME2;DCLRE1A;ERCC4;FAN1;ERCC1;MUS81;CENPX"
"Fatty Acid Metabolism R-HSA-8978868",0.985014985014985,1,0.00562708211299112,0.155868124101799,0.64889444829119,171,"ACOT12;GPX2;PPARD;DPEP3;CYP1A1;ELOVL3;ACBD7;PCTP;MMUT;SLC22A5;CBR4;HACD4;CYP8B1;SYCP2;DPEP2;ALOX12B;ACADL;CYP4F2;LTC4S;ACSBG1;ALOX15B;CYP2C9;OLAH;CYP2C19;ACOXL;ACSL5;PTGES;CYP2U1;ACOT13;ABCD1;ACOX1;PTGS1;CYP2C8;TBXAS1;FAAH2;CYP4F8;HADHA;PRKAA2;PRKAG2;GGT5;CYP4B1;HSD17B8;SLC25A17;CROT;ACSBG2;MCEE;THEM4;PTGIS;PRKAB2;CYP1A2;ACOT9;PLA2G4A;CYP4F22"
"Formation Of beta-catenin:TCF Transactivating Complex R-HSA-201722",0.748971193415638,1,0.0279402790995263,0.222210205486156,0.840123148370655,57,"AXIN2;H2BC1;TCF7;PYGO1;H2BC14;TLE1;H2BC15;H3C7;LEO1;CREBBP;H2BC11;H2BC9;BCL9L;H2BC3;TRRAP;LEF1;H2AC20"
"G Alpha (12/13) Signaling Events R-HSA-416482",0.638297872340426,1,0.0350150690873584,0.236625402933958,0.926722395738415,78,"PLEKHG5;GNG13;ARHGEF4;ARHGEF38;TIAM2;ADRA1B;FGD1;ADRA1A;ARHGEF6;AKAP13;ITSN1;GNB5;ARHGEF11;VAV2;BTK;ECT2;ARHGEF33;GNG10;FGD4;GNB1;NGEF;ARHGEF16;GNG3;GNG4;ROCK2;VAV3;ARHGEF9;GNGT2;GNG2;GNGT1;SOS1;ABR;MCF2L;ARHGEF39;VAV1"
"G Alpha (Z) Signaling Events R-HSA-418597",0.681204569055036,1,0.0330894161454377,0.236287571976953,0.870853488087831,47,"ADRA2B;GNG13;ADCY7;RGS4;RGS20;GNB5;ADCY1;GNG10;GNB1;ADRA2C;GNG3;GNG4;PRKCH;PRKCE;PRKCG;GNGT2;GNG2;GNGT1;GNAT3;ADRA2A;GNAI3;RGS17;PRKCB;GNB4;ADCY2;ADCY9;RGS16"
"G-protein Mediated Events R-HSA-112040",0.656314699792961,1,0.0347156757446657,0.242293629262241,0.907107297301756,52,"CAMK2A;ITPR1;GNA14;PDE1B;ADCY7;NBEA;CAMKK1;PLCB4;PRKAR1B;PRKACG;ADCY1;PDE1A;GNAL;CALM1"
"G0 And Early G1 R-HSA-1538133",0.538961038961039,1,0.0458620343117985,0.288331809389183,0.961679367535949,27,"TOP2A;CDC6;E2F4;CDC25A;LIN54;RBL1;CCNE2;CCNE1;LIN52;CCNA2;LIN37;LIN9;CDK1;TFDP2;E2F5"
"G1/S Transition R-HSA-69206",0.912825651302605,1,0.0143399359768684,0.183164575583146,0.751083643714797,128,"PSMA6;MCM6;GMNN;PSMD9;ORC6;CCNB1;ORC4;WEE1;CDC6;E2F4;PSMD5;CDC25A;POLR1B;POLE;LIN54;TK1;AKT3;POLA1;PRIM2;TYMS;RBL1;MCM4;UBB;CABLES1;CCNE2;SLC25A2;CCNE1;AKT1;LIN52;CDC7;ORC5;POLE2;POLR1A;RB1;CCNA2;PSMB9;PPP2R3B;PSMB3;CDC45;FBXO5;LIN37;RRM2;LIN9;RPA4;CDK1;DBF4;MCM7;SLC25A15;PSMD13;PSMC3;TFDP2;CDT1;PSMF1"
"G2/M Checkpoints R-HSA-69481",0.729458917835671,1,0.0279402790995263,0.216731551769055,0.894702023731067,143,"PSMA6;ABRAXAS1;MCM6;PSMD9;ORC6;H2BC1;CCNB1;RAD17;ORC4;H2BC14;CCNB2;WEE1;RHNO1;CDC6;H2BC15;SERPINA2;PSMD5;RBBP8;BRCC3;CDC25A;POLR1B;H2BC11;H2BC9;RNF168;RMI1;RAD50;H2BC3;CHEK1;TP53;MCM4;PSMB11;UBB;RFC3;SLC25A2;CDC7;CHEK2;MDC1;ORC5;DNA2;REXO2;POLR1A;ATM;BABAM1;WRN;H2BC13;PSMB9;RFC4;GTSE1;CDC25C;YWHAG;PSMB3;CDC45;H3-4;RMI2"
"GABA Synthesis, Release, Reuptake And Degradation R-HSA-888590",0.689966178128523,1,0.0363783055518278,0.278634362808859,0.859214970166063,19,"ABAT;CPLX1;SLC6A11;SLC6A12;GAD1;RIMS1;SLC6A13;STXBP1;SYT1;RAB3A;STX1A;GAD2"
"Gap-filling DNA Repair Synthesis And Ligation In GG-NER R-HSA-5696397",0.613259668508287,1,0.0409055783172035,0.279399202751561,0.9076836022031,24,"LRIG3;LRIG1;POLR1B;POLE;UBB;RFC3;POLE2;POLR1A;RFC4;POLD3"
"Gap-filling DNA Repair Synthesis And Ligation In TC-NER R-HSA-6782210",0.48567885483678,1,NA,-0.134093872230663,-0.820735503740555,60,"RBX1;POLR2I;RPS27A;POLR2L;DDB1;CDK7;POLR2F;POLR2A"
"Gastrin-CREB Signaling Pathway Via PKC And MAPK R-HSA-881907",0.621714285714286,1,0.0418238690062304,0.306113916244248,0.911996603524067,17,"EGFR;RPS6KA3;CCKBR;MAPK1;MAPK7;MMP3;MAPK3;SOS1;GAST;CREB1;HRAS"
"Gastrulation R-HSA-9758941",0.725806451612903,1,0.0350150690873584,0.280125395742115,0.822191805769187,16,"TCF7;TBXT;GSC;LEF1;TP63;FOXH1;SMAD3;BMP4"
"Gene Silencing By RNA R-HSA-211000",0.729376257545272,1,0.0281514818960232,0.218920266988208,0.883165645009158,104,"TDRD1;NDC1;H2BC1;AGO4;TDRD6;MYBL1;H2BC14;ASZ1;ELAC2;MAEL;TDRD12;H2BC15;TNRC6C;NUP107;H3C7;BCDIN3D;PIWIL2;TDRKH;H2BC11;H2BC9;NUP85"
"Generation Of Second Messenger Molecules R-HSA-202433",0.847161572052402,1,0.024567800621605,0.217664888703462,0.730554242030991,28,"HLA-DQA2;CD247;CD3D;ENAH;WAS;SPNS1;FYB1;LCK;CD3E;ITK;ZAP70;NCK1;LCP2;PLCG2;HLA-DQA1;EVL;ARHGEF7"
"Global Genome Nucleotide Excision Repair (GG-NER) R-HSA-5696399",0.860142087528273,1,NA,-0.114641694584705,-0.748857731323636,79,"RBX1;RAD23B;RPS27A;PARP1;RAD23A;YY1;DDB1;CDK7;GPS1;UBE2V2"
"Gluconeogenesis R-HSA-70263",0.701604278074866,1,0.0330894161454377,0.247143677370664,0.85067111653376,31,"SLC25A10;FBP1;G6PC1;SLC37A1;SLC37A2;PCK2;G6PC3;TPI1;GOLT1A;SLC25A13;ALDOB;SLC25A12;PGAM2;G6PC2;ENO3;PCK1;PROC"
"Glucose Metabolism R-HSA-70326",0.877654196157735,1,0.0178589946943486,0.189824422069932,0.750445802091349,87,"NDC1;TAC4;SLC25A10;FBP1;G6PC1;GNPDA2;NUP107;PRKACG;SLC37A1;PFKFB1;NUP85;SLC37A2;PFKFB2;PCK2;HOOK2;G6PC3;TPI1;NUP42;GOLT1A;NUP210;SLC25A13;NUP88;PKLR;BPGM;RNASE7;ALDOB;PFKFB4;SLC25A12;NUP43;NUP58;PGAM2;G6PC2;ADPGK;NUP153;PGP;NUP205;NUP160;ENO3;SEC13;PPP2R1A;NUP214;PCK1;PFKP;PROC;NUP155"
"Glutamate Binding, Activation Of AMPA Receptors And Synaptic Plasticity R-HSA-399721",0.683422459893048,1,0.0343431191135615,0.249274255891438,0.85800459003554,31,"CAMK2A;CACNG3;CACNG2;GRIA4;CAMK2B;LGALS12;PRKCG;AKAP5;GRIA1;CACNG8;MDM2;PRKCB;CAMK2G;EPB41L1;GRIA3;NSF"
"Glutamate Neurotransmitter Release Cycle R-HSA-210500",0.845474613686534,1,0.0252712808055621,0.225123367357482,0.726174454445877,23,"SLC1A1;SLC17A7;CPLX1;GLS2;RIMS1;PPFIA4;PPFIA1;STXBP1;SLC1A7;SYT1;PPFIA3;RAB3A;STX1A;SLC1A2;UNC13B"
"Glutathione Conjugation R-HSA-156590",0.808306709265176,1,0.0257629629837414,0.21728265248332,0.759308098156324,34,"GSTO2;GGT6;CHAC2;OPLAH;GSTA2;GSTT1;GGT5;GSTM1;GSTK1"
"Glycolysis R-HSA-70171",0.988752556237219,1,0.00855469372683394,0.143599057182321,0.551925509161717,67,"NDC1;TAC4;GNPDA2;NUP107;PRKACG;PFKFB1;NUP85;PFKFB2;HOOK2;TPI1;NUP42;NUP210;NUP88;PKLR;BPGM;RNASE7;ALDOB;PFKFB4;NUP43;NUP58;PGAM2;ADPGK;NUP153;PGP;NUP205;NUP160;ENO3;SEC13;PPP2R1A;NUP214;PFKP;NUP155"
"Glycosphingolipid Metabolism R-HSA-1660662",0.711758584807492,1,0.0310617758113358,0.233728935002657,0.853212573029082,44,"ARSB;HEXB;SFTPA2;NEU2;NEU4;STS;B4GALNT1;B3GALNT1;ARSI;CERK;ARSF;SMPD2;ARSK;ENPP7;GLB1;CTSA;ESYT2;ESYT3;GBA2;ARSL;SMPD3;ARSJ;NEU3;HEXA;SMPD1"
"Glyoxylate Metabolism And Glycine Degradation R-HSA-389661",0.954010695187166,1,0.0159484509317776,0.173359209283632,0.596704207413488,31,"HAO1;GNMT;GCSH;LIPT1;DAO;LIPT2;GLDC;HOGA1;AGXT;AGXT2;ALDH4A1;PDHA1;LDHD"
"Golgi-to-ER Retrograde Transport R-HSA-8856688",0.961847389558233,1,0.00966564348468499,0.164706729386307,0.667841213008949,112,"COPZ2;KIF3C;KIF20A;PLA2G6;RAB6B;KIF15;TMED7;KIF2B;CAPZA1;KIF3B;KIF22;ARCN1;KIF26B;KIF11;KIF16B;BICD2;KIF18A;KIF4A;KIFC2;KIF19;KIF9;DCTN3;CAPZA3;KIF21B;RINT1;KIF4B;KIF23;KIF27;KIF12;ARF4;ACTR1A;PLA2G4A"
"Growth Hormone Receptor Signaling R-HSA-982772",0.7560706401766,1,0.0309900819310557,0.250322119619498,0.807457398954828,23,"JAK2;ADAM17;IRS2;PRLR;MAPK1;MAPK3;SOCS2;SOCS1;GH2;STAT5A;GHR;PRL;PTPN6;GH1;PTPN1;LYN"
"HATs Acetylate Histones R-HSA-3214847",0.997987927565392,1,0.00434551079568136,0.121025661376259,0.487580991898927,102,"H2BC1;EP400;GDNF;TADA2A;H2BC14;VPS72;H2BC15;H3C7;KAT14;CREBBP;CLOCK;H2BC11;H2BC9;SUPT3H;JADE2;ELP6;ENY2;H2BC3;TRRAP;TAF5L;H2AC20;ING5;YEATS2;ZZZ3;PAX3;NCOA1;TAF9;ING3;H2BC13;H2AC11;TADA3;H2AC21;PHF20;MSL3;JADE1;H2AC4;BRD1;H2BC21;YEATS4;BRPF3;MSL2;ELP3;MRGBP;H2AC14;KAT6B;SUPT20H;H3C13;H2AC12;NCOA2;HCFC1;TADA2B;H2BC5"
"HCMV Late Events R-HSA-9610379",0.90625,1,0.0153676328786693,0.179804137969835,0.710619111191059,86,"NDC1;H2BC1;H2BC14;H2BC15;NUP107;PCSK1;H3C7;CHMP4C;VPS37A;H2BC11;H2BC9;NUP85;H2BC3;TSG101;UCN3;H2AC20;TRMU;NUP42;RRM1;PCSK2;NUP210;VPS4A;VPS37B;NUP88;H2BC13;H2AC11;H2AC21;RNASE7;NUP43;NUP58;H2AC4;H2BC21;CHMP2A;NUP153;NUP205;NUP160;H2AC14;UBAP1;SEC13;H3C13;NUP214;H2AC12;CHMP7;NUP155;CHMP2B;H2BC5;VPS36;VPS28;NUP37;TARBP1;VPS37D;VPS37C;MVB12A"
"HDACs Deacetylate Histones R-HSA-3214815",0.886831275720165,1,0.0183208529217527,0.18558862600429,0.701665796309351,57,"PHF21A;HDAC3;H2BC1;DPEP3;H2BC14;H2BC15;H3C7;H2BC11;H2BC9;HDAC10;TBL1XR1;H2BC3;CHD3"
"HDMs Demethylate Histones R-HSA-3214842",0.676822633297062,1,0.0356176233437444,0.263149454262205,0.868637106465194,26,"KDM4D;UTY;H3C7;KDM1B;KDM3B;KDM6A;KDM4A;KDM3A;KDM6B;PHF8;KDM5C;H3C13;KDM7A"
"HDR Thru Homologous Recombination (HRR) Or Single Strand Annealing (SSA) R-HSA-5693567",0.60140562248996,1,0.0373806494758473,0.238183793601927,0.962716000351288,109,"XRCC3;ABRAXAS1;H2BC1;RAD17;SPIDR;H2BC14;RHNO1;H2BC15;PALB2;RAD51B;SERPINA2;TIMELESS;RBBP8;BRCC3;POLR1B;POLE;H2BC11;H2BC9;RNF168;RMI1;RAD50;SLX4;UBE2I;H2BC3;CHEK1;UBB;RFC3;RAD51AP1;MDC1;POLE2;DNA2;POLR1A;ATM;BABAM1;WRN;CCNA2;H2BC13;GEN1;RAD52;RFC4;BRCA2;H3-4;RAD51D;RMI2;POLD3;RAD9B;UIMC1"
"HDR Thru Homologous Recombination (HRR) R-HSA-5685942",0.491820040899795,1,0.0474483193656297,0.262839135040402,1.00953640777819,65,"XRCC3;RAD17;SPIDR;RHNO1;PALB2;RAD51B;SERPINA2;RBBP8;POLR1B;POLE;RMI1;RAD50;SLX4;CHEK1;UBB;RFC3;RAD51AP1;POLE2;DNA2;POLR1A;ATM;WRN;GEN1;RFC4;BRCA2;RAD51D;RMI2;POLD3;RAD9B;RAD51;HUS1;RAD9A;SLX1A;EME2;RFC2;XRCC2"
"HIV Life Cycle R-HSA-162587",1,1,0.00204130030921835,0.108074653895283,0.446207240028619,144,"NDC1;TAF11;TAF3;NEDD4L;NMT1;TAF4;LRIG1;LIG4;NUP107;CHMP4C;VPS4B;VPS37A;NUP85;RCC1;TAF7L;CCNT1;TAF5;TSG101;RNGTT;GTF2B;UBB;NUP42;CCR5;GTF2H4;NUP210;VPS4A;VPS37B;SUPT4H1;TAF9;XRCC4;NUP88;SUPT5H;TAF9B;CCNK;RNASE7;HMGA1;NUP43;GTF2H5;NELFA;PDCD6IP;NUP58;KPNA1;CCNT2;ERCC3;ERCC2;GTF2F1;GTF2F2;CHMP2A;POLR2K;CHMP5;NUP153;TBP;NUP205;GTF2H3;NUP160;RANGAP1;POLR2B;NELFE;UBAP1;FURIN;NELFB;NMT2;SEC13"
"HS-GAG Degradation R-HSA-2024096",0.573170731707317,1,0.0441523058441465,0.295819746115364,0.932106977508614,21,"SDC1;IDS;GPC3;NAGLU;GPC6;GPC2;SGSH;GLB1;GPC5;IDUA;HPSE2"
"HSF1 Activation R-HSA-3371511",0.807692307692308,1,0.176694268938498,-0.163340651322047,-0.797762485688969,27,"YWHAE;HSBP1;VCP"
"Hedgehog Off State R-HSA-5610787",0.899295065458207,1,0.0158662282151999,0.185312610237405,0.741527649886514,97,"WDR35;PSMA6;PSMD9;ADCY7;GLI2;KIF7;IFT88;PRKAR1B;TTC21B;PSMD5;CSNK1A1;ADCY10;SMOX;PRKACG;MKS1;ADCY1"
"Hedgehog On State R-HSA-5632684",0.989939637826962,1,0.00599657425469861,0.138222187325265,0.54614914651542,84,"PSMA6;PSMD9;IQCE;GLI2;KIF7;SHH;ULK3;PSMD5;CSNK1A1;BOC;SMOX;CDON"
"Heparan Sulfate/Heparin (HS-GAG) Metabolism R-HSA-1638091",0.555325749741468,1,0.0424170054438747,0.260149199325604,0.976868767909611,53,"HS6ST3;SDC1;IDS;GPC3;HS3ST6;GLCE;NAGLU;HS3ST1;HS6ST1;GPC6;GPC2;HS6ST2;HS3ST2;HS3ST3A1;SGSH;EXT1;NDST4;HS3ST4;HS3ST5"
"Homology Directed Repair R-HSA-5693538",0.671686746987952,1,0.0321428397352941,0.227592298056171,0.923612940368603,114,"XRCC3;ABRAXAS1;H2BC1;RAD17;SPIDR;H2BC14;RHNO1;LRIG3;H2BC15;PALB2;RAD51B;SERPINA2;TIMELESS;RBBP8;BRCC3;POLR1B;POLE;H2BC11;H2BC9;RNF168;RMI1;RAD50;SLX4;UBE2I;H2BC3;CHEK1;UBB;RFC3;RAD51AP1;MDC1;POLE2;DNA2;POLR1A;ATM;BABAM1;WRN;CCNA2;H2BC13;GEN1;RAD52;RFC4;BRCA2;H3-4;RAD51D;RMI2;POLD3;RAD9B;UIMC1"
"IKK Complex Recruitment Mediated By RIP1 R-HSA-937041",0.463414634146341,1,0.0538979025357319,0.322070866711151,1.01482239118898,21,"TRAF6;UBE2D1;TICAM1;RIPK1;BIRC3;UBB;TLR4;SARM1;IKBKB;RIPK3;CHUK;IKBKG"
"IRAK4 Deficiency (TLR2/4) R-HSA-5603041",0.724885844748858,1,0.0346410167413251,0.278043252712519,0.841261317527094,18,"FGG;IRAK4;S100A8;S100A9;BTK;FGA;TLR4"
"Immunoregulatory Interactions Between A Lymphoid And A non-Lymphoid Cell R-HSA-198933",0.55421686746988,1,0.0411544018789903,0.241639619652501,0.980620095320777,115,"FCGR2B;SIGLEC8;ITGAL;KLRD1;CLEC1B;CD300LF;CD8B;SLAMF7;SH2D1A;TREM1;SIGLEC9;ITGB7;CD247;CD40;SIGLEC5;ULBP3;CD96;CD19;OSCAR;CD300C;KLRF1;TREML2;KLRK1;CD3D;CLEC4G;SLAMF6;MICB;TREML4;LILRA2;JAML;SIGLEC10;CD300E;PVR;MICA;ITGB2;ICAM5;LAIR2;ICAM4;CD1D;ICAM1;NECTIN2;SELL;CLEC2D;KIR2DS2;HLA-G;CD200R1;NCR1;LILRB5;SIGLEC12;CD160;SIGLEC1;LILRA4;MADCAM1;CD300LG;SIGLEC11;SIGLEC7;ITGA4;ICAM3;CD3E;PILRA;NCR2;RAET1E;TREML1;CD226;CRTAM;CD33;HCST;LILRA5;NPDC1"
"Inactivation Of APC/C Via Direct Inhibition Of APC/C Complex R-HSA-141430",0.802660753880266,1,0.0282219183873982,0.239685033747281,0.755230491858721,21,"MAD2L1;BUB1B;UBE2D1;ANAPC1;UBE2C"
"Inactivation Of CSF3 (G-CSF) Signaling R-HSA-9705462",0.98232044198895,1,0.0161937051076875,0.164339969540409,0.533890913321701,24,"JAK2;UBE2D1;CSF3;UBB;TYK2"
"Incretin Synthesis, Secretion, And Inactivation R-HSA-400508",0.725966850828729,1,0.0330162512586498,0.253017009849818,0.821975827623786,24,"GNG13;SPCS2;PCSK1;GCG;LEP;GNB1;DPP4"
"Initial Triggering Of Complement R-HSA-166663",0.712837837837838,1,0.0347904098478036,0.271183774205853,0.846010051332957,20,"COLEC11;FCN3;MASP1;C1R;FCN2;MBL2;CFB;PIKFYVE;C1QC;MASP2;COLEC10;FCN1;IGLL5"
"Insulin Processing R-HSA-264876",0.782467532467532,1,0.0282923737721473,0.237632362287016,0.792580396711594,27,"SLC30A8;INS;CLTRN;PCSK1;EXOC1;PCSK2;SLC30A7;EXOC6;SLC30A5;MYO5A"
"Insulin Receptor Recycling R-HSA-77387",0.820457018498368,1,0.0261139619405561,0.226008852754704,0.746038696689634,26,"INS;ATP6V1G3;ATP6V1A;ATP6V0A2;ATP6V1H;ATP6V0A4;ATP6V1B1;ATP6V1E2;ATP6V0D2;ATP6V1C2;ATP6V1D"
"Integration Of Energy Metabolism R-HSA-163685",0.71356783919598,1,0.0292103127923884,0.222160162942497,0.896326502599528,105,"ITPR1;GNG13;GNA14;ADCY7;MLXIPL;CACNA1A;INS;SLC2A2;KCNB1;CYSLTR2;ADIPOQ;PRKAR1B;STK11;GNB5;SYT5;CACNA1E;PRKACG;CACNB3;PFKFB1;GCG;ADCY1;CACNA1D;ABCC8;GNG10;GNB1;ADRA2C;PRKAA2;PRKAG2;GNG3;GNG4;AKAP5;ADIPOR1;PRKAB2;GNGT2;GNG2;GNGT1"
"Integrin Signaling R-HSA-354192",0.58974358974359,1,0.208955027549354,-0.189273829366963,-0.924421198088351,27,"RAP1A;TLN1;GRB2;PTK2;FN1;BCAR1;VWF"
"Interactions Of Rev With Host Cellular Proteins R-HSA-177243",0.968186638388123,1,0.0141641602737639,0.160510883735472,0.565765137834665,36,"NDC1;NUP107;NUP85;RCC1;NUP42;NUP210;NUP88;RNASE7;NUP43;NUP58;NUP153;NUP205;NUP160;RANGAP1;SEC13;NUP214;NUP155"
"Interactions Of Vpr With Host Cellular Proteins R-HSA-176033",0.91932059447983,1,0.0180135486781383,0.187331964945014,0.661895252762844,37,"NDC1;SLC25A4;NUP107;NUP85;NUP42;NUP210;NUP88;RNASE7;HMGA1;NUP43;NUP58;KPNA1;NUP153;NUP205;NUP160;SEC13;NUP214;NUP155"
"Interconversion Of Nucleotide Di- And Triphosphates R-HSA-499943",0.581877729257642,1,0.0427591434738678,0.278293278304907,0.934042859210701,28,"GLRX;GSR;DCTD;DTYMK;TYMS;AK7;CTPS2;CTPS1;RRM1;AK6;RRM2"
"Interleukin Receptor SHC Signaling R-HSA-912526",0.874458874458874,1,0.0222983800506052,0.210647234430536,0.702576311678894,27,"CSF2;IL2RG;INPP5D;JAK2;PIK3R2;PIK3R3;PIK3CA;SOS1;IL5RA;SHC1"
"Interleukin-17 Signaling R-HSA-448424",0.951070336391437,1,0.0123167455730572,0.164923064815552,0.63715645368497,68,"DUSP3;GDNF;TRAF6;NOD2;TAB3;IL17RC;IL17RE;IL17C;RPS6KA3;MAPK8;MAPK11;UBB;MAPK1;BTRC;MAPK7;MAPK3;MEF2C;IRAK1;MEF2A;IKBKB;RIPK2;RPS6KA5;MAP2K1;MAP3K8;MAPK9;CHUK;CREB1;TAB2;IKBKG"
"Interleukin-2 Family Signaling R-HSA-451927",0.776850886339937,1,0.0267456741432593,0.222174382842314,0.808060802536147,43,"CSF2;IL2RG;INPP5D;JAK2;PTK2B;PIK3R2;HAVCR2;IL9R;PIK3R3;PIK3CA;SOS1;IL5RA;SHC1;LCK;IL9;IL15RA;IL5;IL15;STAT4;STAT5A;IL3;SYK;CSF2RB"
"Interleukin-20 Family Signaling R-HSA-8854691",0.915384615384615,1,0.0204893625108019,0.195213276513277,0.639062201398007,25,"IL22;IFNL3;JAK2;IL20RA;TYK2;IL20RB;IL10RB;IL20;IL26;STAT4;STAT5A"
"Interleukin-3, Interleukin-5 And GM-CSF Signaling R-HSA-512988",0.988553590010406,1,0.0105706949179311,0.137060919947091,0.500332148300171,44,"CSF2;IL2RG;INPP5D;JAK2;TEC;PIK3R2;CRK;PIK3R3;PIK3CA;CBL;SOS1;IL5RA;SHC1;VAV1;IL5;STAT5A;IL3;SYK;BLNK;CSF2RB"
"Interleukin-37 Signaling R-HSA-9008059",0.67,1,0.170932335370056,-0.202036987402841,-0.88270571387191,21,"SIGIRR;STAT3;PTPN11;TBK1;PTPN9;PTPN18;PTPN13;PTPN14;PTPN12;PTPN23;PTPN4;PTPN5;PTPN6;PTPN7;IL18R1;SMAD3;PTPN2;PTPN20;IL37;IL18BP;CASP1"
"Interleukin-4 And Interleukin-13 Signaling R-HSA-6785807",0.752008032128514,1,0.0264649017470855,0.215443876967871,0.870409119032861,106,"IL6R;IL4R;F13A1;LBP;IL12A;IL2RG;CXCL8;FASLG;IL23R;CCL11;JAK2;RORC;IL4;MMP2;MUC1;POU2F1;TP53;MMP9;AKT1;TYK2;ITGB2;LCN2;ICAM1;IL13RA2;MMP1;CCM2;IL1A;MMP3;CCL22;HIF1A;FGF13;NANOS2;SOS1;FCER2;LAMA5;HSP90B1;FOXO3;IRF4;RNASEH2A;SOCS1"
"Interleukin-7 Signaling R-HSA-1266695",0.502197802197802,1,0.0497903187820785,0.300080732855162,0.982362763234006,25,"IL2RG;RAG1;H3C7;IRS2;PIK3R2;PIK3R3;SOS1;SOCS2;SMARCA4;SOCS1;STAT5A;TSLP;H3C13;IL7R;RAG2"
"Intra-Golgi And Retrograde Golgi-to-ER Traffic R-HSA-6811442",0.998001998001998,1,0.00204130030921835,0.1327096330717,0.554544823788592,178,"COPZ2;KIF3C;RAB41;KIF20A;PLA2G6;RAB6B;KIF15;ALPP;TMED7;KIF2B;CAPZA1;COG3;KIF3B;GCC2;KIF22;RAB30;ARCN1;RAB33B;KIF26B;COG4;KIF11;KIF16B;BICD2;MAN1A1;GOLGA1;USP6NL;COG8;NAA30;MAN1A2;KIF18A;KIF4A;KIFC2;KIF19;KIF9;GOSR2;DCTN3;CAPZA3;KIF21B;RINT1;KIF4B;KIF23;KIF27;KIF12;ARF4;ACTR1A;PLA2G4A;VAMP4;TRIP11;COG7;COPG1;CYTH3;SCOC;STX6;VPS51;RABEPK;KLC3;KIF26A;ARFIP2;RAB18"
"Intra-Golgi Traffic R-HSA-6811438",0.70253164556962,1,0.0323604297137014,0.238898747756891,0.85570087630964,40,"RAB41;ALPP;COG3;RAB30;RAB33B;COG4;MAN1A1;COG8;MAN1A2;GOSR2;TRIP11;COG7;CYTH3;STX6;COG1;NSF;CYTH4;COG5;RIC1;CUX1;MAN2A2"
"Intracellular Signaling By Second Messengers R-HSA-9006925",0.972027972027972,1,0.00773927265828568,0.178167572824916,0.768689910877354,304,"CAMK2A;RNF2;PSMA6;FGF20;FLT3;ITPR1;HDAC3;PSMD9;EGFR;DPEP3;AGO4;PDE1B;EED;ADCY7;NRG4;PIP5K1C;FGF17;CD86;TRIB3;GDNF;TRAF6;FGF10;FGF7;NBEA;PIP5K1B;RRAGD;INS;NRG2;CAMKK1;SCMH1;IL1RL1;AREG;ESR2;PRKAR1B;TNRC6C;FRK;PSMD5;CD19;PRKACG;EREG;IRAK4;SNAI1;RICTOR;ADCY1;FGF19;ERBB4;KL;IRS2;AKT3;PIK3R2;PDE1A;CASP9;CHD3;FGF3;CALM1;ESR1;TP53;PHLPP2;PSMB11;NR2E1;BTC;KLB;UBB;AKT1;MECOM;FGF8;SALL4;FGFR4;MAPKAP1;SUZ12;PIK3R3;AKT1S1;PIK3CA;EPGN;EGF;CAMK2B;PRKCE;THEM4;MAPK1;KITLG;REST;PRKCG;HOXC13;FGF23;PTEN;CD28;MAPK3;NEDD4;FGF13;RRAGB;SOS1;PSMB9"
"Intrinsic Pathway Of Fibrin Clot Formation R-HSA-140837",0.619733924611973,1,0.0405756447890657,0.288673135821048,0.909588516829964,21,"F9;F8;GP1BA;FAM110A;PROS1;SERPIND1;SERPINC1;PRCP;GP5;F12;ZNF160;KLKB1;TTF2;PROC;GP9;KNG1"
"Ion Channel Transport R-HSA-983712",0.762237762237762,1,0.0254820564855004,0.211829392850009,0.88266523841871,173,"CAMK2A;TRPC4;ATP13A2;TRPC7;PLN;NEDD4L;TRPM1;TRPV1;TRPV2;TRPV6;STOML3;ATP8B3;CLCA1;WNK4;SLC9C1;SLC9C2;ATP4B;BSND;TRPC5;ANO5;SLC17A3;ATP6V1G3;SCNN1G;ATP7A;TRPM2;MCOLN2;BEST2;TRPA1;SLN;ATP10D;CLCA2;ATP6V1A;TRPM4;RNASE3;CALM1;ATP6V0A2;UBB;ASIC5;ASIC2;WNK3;FXYD7;ATP12A;TRPM8;MCOLN3;ATP6V1H;ANO1;CAMK2B;FKBP1B;RYR2;TRPM7;ATP9B;ATP6V0A4;ANO9;ATP6V1B1;ATP6V1E2;ASIC1;TRPM3;TRPM6;ATP13A5;SLC9B2;SGK3;ATP6V0D2;ANO3;CLIC2;TRPV5;ATP6V1C2;FXYD1;ASIC4;ATP6V1D;TRPC3;CLCA4;ATP1A3;SCNN1B;TRPC4AP;SCNN1A;ATP2C2;CAMK2G;ATP8A2;BEST4;ATP8B4;CLCN6;TRPM5;CLCN4;FXYD3;ATP6V1C1;ATP2B1;TSC22D3;ATP7B;RYR3;ATP2B3;CLCN2;CLCNKB;ATP11A;ATP11C;ATP1A4;ATP4A;PDZD11;ANO6"
"Ion Homeostasis R-HSA-5578775",0.661825726141079,1,0.0344174840212229,0.239645308382783,0.889360372312154,49,"CAMK2A;ITPR1;ORAI2;SLC8A3;PLN;TNNI3;SLC8A2;SLN;CALM1;DMPK;FXYD7;CAMK2B;FKBP1B;RYR2;NANOS1;ORAI1;CLIC2;FXYD1;ATP1A3;SLC8A1;CAMK2G;FXYD3;ATP2B1;RYR3;ATP2B3;ATP1A4"
"Ion Transport By P-type ATPases R-HSA-936837",0.765010351966874,1,0.0271669768425399,0.21905594928874,0.820109264623353,52,"CAMK2A;ATP13A2;PLN;ATP8B3;ATP4B;ATP7A;SLN;ATP10D;CALM1;FXYD7;ATP12A;CAMK2B;ATP9B;ATP13A5;FXYD1;ATP1A3;ATP2C2;CAMK2G;ATP8A2;ATP8B4;FXYD3;ATP2B1;ATP7B;ATP2B3;ATP11A;ATP11C;ATP1A4;ATP4A;PDZD11;ATP13A1;ATP11B;FXYD2"
"JNK (c-Jun Kinases) Phosphorylation And Activation Mediated By Activated Human TAK1 R-HSA-450321",0.480593607305936,1,0.0535669384770951,0.332232073038549,1.00521767301488,18,"TRAF6;NOD2;TAB3;MAPK8;IRAK1;RIPK2;MAPK9;TAB2;IKBKG"
"KSRP (KHSRP) Binds And Destabilizes mRNA R-HSA-450604",0.883428571428571,1,0.0247790185105207,0.228159729257788,0.679749881015033,17,"EXOSC8;EXOSC1;MAPK11;AKT1;EXOSC4"
"LDL Clearance R-HSA-8964038",0.595238095238095,1,0.160801401070022,-0.214125400448131,-0.904401493325853,18,"CLTA;NPC2;CLTC;AP2A2;LSR;AP2B1;AP2A1;LDLRAP1;PCSK9;AP2S1;AP2M1;APOB;NCEH1;SCGB1D1;SOAT2;SOAT1;LDLR"
"Lagging Strand Synthesis R-HSA-69186",0.57545045045045,1,0.0446854397644147,0.299107118164872,0.933122304731365,20,"LRIG1;POLR1B;POLA1;PRIM2;RFC3;DNA2;POLR1A;RFC4;POLD3;RFC2;PRIM1;SLC19A1;POLD4;RFC5"
"Laminin Interactions R-HSA-3000157",0.58046614872364,1,0.0436251240000606,0.290335149355293,0.925492207119957,22,"LAMB1;LAMA2;ITGA1;LAMC2;LMNB2;LAMB3;LAMA4;LAMC3;NID2"
"Late Phase Of HIV Life Cycle R-HSA-162599",1,1,0.00250132493941571,0.106467842040972,0.437358944405818,131,"NDC1;TAF11;TAF3;NEDD4L;NMT1;TAF4;NUP107;CHMP4C;VPS4B;VPS37A;NUP85;RCC1;TAF7L;CCNT1;TAF5;TSG101;RNGTT;GTF2B;UBB;NUP42;GTF2H4;NUP210;VPS4A;VPS37B;SUPT4H1;TAF9;NUP88;SUPT5H;TAF9B;CCNK;RNASE7;NUP43;GTF2H5;NELFA;PDCD6IP;NUP58;CCNT2;ERCC3;ERCC2;GTF2F1;GTF2F2;CHMP2A;POLR2K;CHMP5;NUP153;TBP;NUP205;GTF2H3;NUP160;RANGAP1;POLR2B;NELFE;UBAP1;FURIN;NELFB;NMT2;SEC13;NUP214;CHMP7;SUPT16H;NUP155;GTF2A1;CHMP2B"
"Leishmania Infection R-HSA-9658195",0.721278721278721,1,0.0283628487151644,0.215391596819381,0.918964614858131,241,"HTR6;RXFP2;ITPR1;GIPR;NPS;GNG13;NOXO1;DPEP3;ADCY7;CRHR2;MC1R;MYH2;NCKIPSD;IAPP;FSHB;FZD7;CYSLTR2;TAAR1;NOX1;RHBDF2;CD247;GLP2R;ADORA2B;DPEP2;PRKAR1B;GPR150;RLN2;PTH2R;RAMP1;ADAM17;GNB5;MEFV;CALCA;PRKACG;NPSR1;VAV2;GCG;ADCY1;TSHB;PTHLH;GHRH;CRK;BAIAP2;GPHA2;CASP1;MAPK8;CYSLTR1;BTK;HRH2;CALM1;WNT5A;GNG10;P2RX4;GNB1;ADRB2;CTSG;GGT5;GNG3;AVPR2;GNG4;PSTPIP1;NLRP3;MC5R;VAV3;WAS;LHB;HTR7;MAPK1;GPR45;MC2R;RXFP1;CRH;GPR25;CHGA;TAAR6;IL1A;CD163;GNGT2;INSL3;GNG2;MAPK3;LHCGR;GNGT1;GSDMD;GPR83;PTGER2;MYO1E"
"Listeria Monocytogenes Entry Into Host Cells R-HSA-8876384",0.888888888888889,1,0.128788713061714,-0.170293282170113,-0.719267767278823,18,"RPS27A;GRB2;CTNNB1;EPS15"
"Long-term Potentiation R-HSA-9620244",0.793598233995585,1,0.0285743975105342,0.238960536786565,0.770808643598191,23,"CAMK2A;GRIN2D;NRGN;ERBB4;CALM1;NEFL;CAMK2B;GRIA1;GPRIN1"
"M Phase R-HSA-68886",1,1,0,0.136932360022956,0.595156088230096,369,"SGO2;CENPQ;PSMA6;SFI1;NDC1;CENPO;PSMD9;KIF20A;H2BC1;CENPF;CEP63;MAD1L1;CLIP1;NEDD1;CCNB1;CNEP1R1;HAUS2;SPC25;CEP192;MAD2L1;CEP70;H2BC14;CCNB2;KIF2B;AURKB;H2BC15;TUBG1;BUB1B;HAUS7;AKAP9;NUP107;PSMD5;CEP152;TUBGCP5;H3C7;UBE2D1;NCAPG;SPC24;CC2D1B;CHMP4C;SKA2;RAB33B;KNTC1;CENPP;TUBGCP6;H2BC11;H2BC9;ZWILCH;NUP85;RCC1;BUB1;LPIN1;NCAPD2;CENPH;MZT2B;SPDL1;NUF2;KIF18A;PMEPA1;NME7;GOLGA2;NCAPG2;CDCA8;UBE2I;ANAPC1;H2BC3;HAUS6;UBE2C;MCPH1;CEP164;CEP135;DCTN3;MZT2A;PSMB11;UBB;CEP131;NDC80;EML4;HAUS3;LPIN3;TUBA3C;CDCA5;H2AC20;TUBA8;SMC4;NUP42;KIF23;TUBB8;MAPK1;PLK4;NIPBL;NUP210;VPS4A;LPIN2;NINL;ODF2;MASTL;CENPU;TUBGCP2;RB1;ACTR1A;DSN1;MAPK3;CEP76;NUP88;H2BC13;VRK1;MIS12;PSMB9;CENPJ;SGO1;TUBA4B;ERCC6L;YWHAG;KNL1;WAPL;PSMB3;TUBA4A;FBXO5;H3-4"
"MAP Kinase Activation R-HSA-450294",0.983589743589744,1,0.00954760674075313,0.14499633589373,0.552327100190134,61,"DUSP3;GDNF;TRAF6;NOD2;TAB3;RPS6KA3;MAPK8;MAPK11;UBB;MAPK1;BTRC;MAPK7;MAPK3;MEF2C;IRAK1;MEF2A;IKBKB;RIPK2;RPS6KA5;MAP2K1;MAP3K8;MAPK9;CHUK;CREB1;TAB2;IKBKG"
"MAP2K And MAPK Activation R-HSA-5674135",0.951167728237792,1,0.0156180851425484,0.170074649979464,0.600920422041969,37,"KSR2;CNKSR1;FGG;FGA;RNASE3;ITGB3;CNKSR2;MAPK1;MAPK3;ARRB1;VCL;MAP2K1;ARRB2;WDR83;APBB1IP;HRAS;IL17RD;LAMTOR3;BRAF"
"MAPK Family Signaling Cascades R-HSA-5683057",0.99000999000999,1,0.00458288223817775,0.163560946858423,0.706238990547,314,"CAMK2A;IL6R;PSMA6;DUSP9;FGF20;FLT3;PSMD9;SHC3;EGFR;MRAS;GRIN2D;CSF2;AGO4;RASGRP4;NRG4;KSR2;FGF17;DAB2IP;CNKSR1;SPTBN4;IL2RG;GDNF;FGF10;GFRA2;FGG;MMP10;NRTN;SPTA1;FGF7;NRG2;RASAL3;AREG;GFRA4;DNAJB1;RAG1;MAPK12;TNRC6C;JAK2;ZDHHC9;PSMD5;CDC14A;ABHD17C;PRKACG;PSPN;NCOA3;TEK;EREG;RET;FGF19;MMP2;ERBB4;KL;SPTBN2;IRS2;PIK3R2;RASGRP1;SPRED2;SHC2;FGA;FGF3;RNASE3;CALM1;PSMB11;BTC;KLB;UBB;CDC42EP5;NEFL;GFRA3;TYK2;FGF8;FGFR4;HSPB1;RASAL1;PIK3CA;EPGN;SPNS1;EGF;ITGB3;CAMK2B;SPRED3;CNKSR2;MAPK1;KITLG"
"MAPK Targets/ Nuclear Events Mediated By MAP Kinases R-HSA-450282",0.980561555075594,1,0.0146010500585968,0.158008525107463,0.538549671989213,30,"DUSP3;GDNF;RPS6KA3;MAPK8;MAPK11;MAPK1;MAPK7;MAPK3;MEF2C;MEF2A;RPS6KA5;MAPK9;CREB1"
"MAPK1/MAPK3 Signaling R-HSA-5684996",0.989010989010989,1,0.00480899561354898,0.161829417463773,0.695059769891204,273,"CAMK2A;IL6R;PSMA6;DUSP9;FGF20;FLT3;PSMD9;SHC3;EGFR;MRAS;GRIN2D;CSF2;RASGRP4;NRG4;KSR2;FGF17;DAB2IP;CNKSR1;SPTBN4;IL2RG;GDNF;FGF10;GFRA2;FGG;NRTN;SPTA1;FGF7;NRG2;RASAL3;AREG;GFRA4;MAPK12;JAK2;ZDHHC9;PSMD5;ABHD17C;PSPN;TEK;EREG;RET;FGF19;ERBB4;KL;SPTBN2;IRS2;PIK3R2;RASGRP1;SPRED2;SHC2;FGA;FGF3;RNASE3;CALM1;PSMB11;BTC;KLB;UBB;NEFL;GFRA3;TYK2;FGF8;FGFR4;RASAL1;PIK3CA;EPGN;SPNS1;EGF;ITGB3;CAMK2B;SPRED3;CNKSR2;MAPK1;KITLG"
"MTOR Signaling R-HSA-165159",0.937894736842105,1,0.0160304351647231,0.175305031063382,0.631154131994705,41,"RRAGD;PRKAG3;STK11;STRADA;AKT1;PRKAA2;PRKAG2;AKT1S1;PRKAG1;CAB39;PRKAB2;RRAGB;EEF2K;RPTOR;MLST8"
"Meiosis R-HSA-1500620",0.842741935483871,1,0.0202691096367175,0.198097416976884,0.782545584924052,85,"H2BC1;H2BC14;SYNE2;H2BC15;REC8;SYCP2;SERPINA2;H3C7;SMC1B;STAG3;SPO11;RBBP8;POLR1B;MLH1;SYNE1;H2BC11;H2BC9;RAD50;PSMC3IP;SYCP3;PMEPA1;UBE2I;H2BC3;SYCE3;SYCE1"
"Meiotic Recombination R-HSA-912446",0.841778697001034,1,0.0218679438176212,0.198240716338221,0.74440038570504,53,"H2BC1;H2BC14;H2BC15;H3C7;SPO11;RBBP8;POLR1B;MLH1;H2BC11;H2BC9;RAD50;PSMC3IP;H2BC3;H2AC20;POLR1A;MND1;ATM;H2BC13;BRCA2;H3-4"
"Meiotic Synapsis R-HSA-1221632",0.82201646090535,1,0.0229405670056901,0.20474632323409,0.774096425123264,57,"H2BC1;H2BC14;SYNE2;H2BC15;REC8;SYCP2;SERPINA2;SMC1B;STAG3;SYNE1;H2BC11;H2BC9;SYCP3;PMEPA1;UBE2I;H2BC3;SYCE3;SYCE1"
"Metabolism Of Amine-Derived Hormones R-HSA-209776",0.883561643835616,1,0.0247086313801197,0.226707848983008,0.685938399398502,18,"TPH2;TSHB;CHGA;TH;TPO;AANAT;DIDO1;TPH1;DUOX1;DDC"
"Metabolism Of Angiotensinogen To Angiotensins R-HSA-2022377",0.718036529680365,1,0.035090109926935,0.279401411358957,0.845370629014306,18,"ENPEP;MMP12;GZMH;ACE;CTSG;CPA4;CPB1;AOPEP;ACE2;CPB2;AGXT"
"Metabolism Of Nitric Oxide: NOS3 Activation And Regulation R-HSA-202131",0.677165354330709,1,0.149207542435322,-0.230909383205616,-0.888429622107522,15,"DNM2;WASL;HSP90AA1;DDAH2;CAV1;CYGB;NOSTRIN;TACR1;DDAH1;LYPLA1;NANOS3;NOSIP;ZDHHC21;AKT1;CALM1"
"Metabolism Of Non-Coding RNA R-HSA-194441",0.996894409937888,1,0.00906269502060309,0.114575651348607,0.427843100470555,51,"NDC1;GEMIN5;GEMIN8;SNUPN;NUP107;GEMIN4;NUP85;NUP42;NUP210;NUP88;GEMIN7;RNASE7;LIN9;NUP43;NUP58;NUP153;NUP205;NUP160;SEC13;SNRPF;NUP214;WDR77;NUP155;NUP37;SNRPD2;PRMT5;GEMIN2"
"Metabolism Of Nucleotides R-HSA-15869",0.56797583081571,1,0.0401660980049421,0.244366559050522,0.974262409256487,94,"NT5C3A;ENTPD4;GLRX;XDH;DPYS;GSR;NT5M;DCTD;TK1;DTYMK;NT5C1A;TYMS;ACOD1;AK7;ENTPD7;PPY;SAMHD1;CTPS2;CTPS1;HPRT1;RRM1;DGUOK;AMPD1;NUDT5;ADAL;ADSL;ENTPD2;AK6;ADPRM;ENTPD8;NT5C2;RRM2;COASY;ENTPD3;ENTPD1;NUDT15;UPB1;CDA;AGXT2;UPP2;AK9;UMPS;NUDT16;PFAS;TK2;NUDT9;AMPD3;PUDP;ITPA;PAICS;NUDT18;NUDT1;GMPR;NUDT13;ADA;UCK2;DUT;NT5E;SCO2;TXN2;DCTPP1;AK4;UCKL1"
"Metabolism Of Porphyrins R-HSA-189445",0.76822633297062,1,0.0294936424723046,0.241047366280225,0.795679730188909,26,"ABCG2;HMBS;SLCO1B1;SLCO2B1;UROS;GSTA1;ABCC1;ABCC2;ALB;COX10;GUSB;ALAS1;SLCO1B3"
"Metabolism Of Steroid Hormones R-HSA-196071",0.654952076677316,1,0.0361491929398957,0.253469413082057,0.889453053372103,35,"CYP21A2;CD163L1;HSD11B2;CYP11A1;AKR1B15;SRD5A3;CYP19A1;LHB;HSD11B1;CHGA;FDX2;FDXR;CYP17A1;STARD3NL;HSD17B2;POMC;HSD17B11;SRD5A2;HSD17B14;STARD3;AKR1B1;TSPO;HSD3B2;CYP11B1"
"Metabolism Of Steroids R-HSA-8957322",0.995004995004995,1,0.00323243877654383,0.135454661116674,0.560695083933012,153,"CYP21A2;AKR1C4;CD163L1;HSD11B2;CYP24A1;CYP39A1;SLC51A;GPAM;OSBPL7;AKR1C1;SEC24D;BAAT;CYP8B1;SYCP2;CREBBP;AKR1C2;NR1H4;CYP11A1;CYP2R1;TBL1XR1;UBE2I;SH3D19;SLCO1B1;VDR;AKR1B15;SRD5A3;NCOA6;CYP19A1;PLPP6;LHB;SEC23A;HSD11B1;NCOA1;PTGIS;CHGA;CYP7A1;OSBPL3;CH25H;SLC10A1;MBTPS2;FDX2;FDXR;IDI2;CYP17A1;SLC10A2;ARV1;STARD3NL;LIN9;SOAT2;PPARA;GC;SEC24A;HSD17B2;ELOVL6;ALB;CUBN;SREBF2;SQLE;POMC;ABCB11;OSBPL6;SEC24C;HMGCR;ACACA;INSIG2;HSD17B11;SLC27A2;MVK;SEC24B;NCOA2;HSD3B7;SRD5A2;STARD5;HELZ2;HSD17B14;STARD3;SLCO1B3;SLC51B;TM7SF2;AKR1C3;ACOT8;NSDHL;NFYC;AKR1B1;LBR;TSPO"
"Metabolism Of Vitamins And Cofactors R-HSA-196854",0.586,1,0.0383995813369433,0.231661945207263,0.970164224311109,183,"CTRB2;FOLR2;AKR1C4;AMN;BCO1;RNLS;PANK4;SDC1;RBP4;MMUT;LRP8;GSTO2;SLC23A1;APOA1;VNN2;PANK1;GPC3;TCN1;CD38;AKR1C1;MOCS2;MTHFR;SHMT1;GCH1;GPIHBP1;CD320;CYP8B1;SLC5A8;GPC6;PLB1;GPC2;ENPP3;MTR;PDSS2;NAPRT;HLCS;NADSYN1;SLC25A19;NMRK1;SLC25A16;APOC2;CALM1;RIMBP2;PARP4;PRSS3;NUDT12;SP8;SLC52A1;AKT1;NMNAT3;VNN1;PPCS;COQ2;COQ3;PTGIS;AOX1;CBLIF;TTR;PTS;SLC22A13;LDLR;GPC5;ACP5;MTRR;PPCDC;MOCS1;MTHFD2L;CTRB1;COASY;SLC52A2;PARP9;ABCC1;SLC19A2;NADK;ENPP1;APOA4;TCN2;CUBN;PDSS1;SHMT2;LRP12;IDH1;SDC3;COQ6;PRKG2;APOM;SLC19A3;UBIAD1;NANOS3;PDZD11;ACACA;SLC5A6;PARP8;PANK2;COQ9;LPL;PDXK;MMACHC;PROC;FLAD1;PARP6;NMRK2;QPRT"
"Metabolism Of Water-Soluble Vitamins And Cofactors R-HSA-196849",0.584168336673347,1,0.03863723737086,0.237806917340545,0.970298776864232,120,"CTRB2;FOLR2;AMN;RNLS;PANK4;MMUT;GSTO2;SLC23A1;VNN2;PANK1;TCN1;CD38;MOCS2;MTHFR;SHMT1;CD320;CYP8B1;SLC5A8;ENPP3;MTR;NAPRT;HLCS;NADSYN1;SLC25A19;NMRK1;SLC25A16;PARP4;PRSS3;NUDT12;SP8;SLC52A1;NMNAT3;VNN1;PPCS;PTGIS;AOX1;CBLIF;SLC22A13;ACP5;MTRR;PPCDC;MOCS1;MTHFD2L;CTRB1;COASY;SLC52A2;PARP9;ABCC1;SLC19A2;NADK;ENPP1;TCN2;CUBN;SHMT2;SLC19A3;PDZD11;ACACA;SLC5A6;PARP8;PANK2;PDXK;MMACHC;PROC;FLAD1;PARP6;NMRK2;QPRT"
"Metal Ion SLC Transporters R-HSA-425410",0.794341675734494,1,0.0277995594097672,0.232430749426546,0.767236908020483,26,"SLC30A8;HEPH;SLC30A1;SLC41A1;SLC30A7;SLC31A1;SLC40A1;SLC11A1;SLC30A5;SLC39A14;SLC30A10;SLC39A2;CP"
"Metalloprotease DUBs R-HSA-5689901",0.988095238095238,1,0.0141641602737639,0.15500998473746,0.525488784975422,29,"ABRAXAS1;BRCC3;UBB;NLRP3;H2AC20;BABAM1;H2AC11;H2AC21;STAM;UIMC1;ABRAXAS2;H2AC4;STAMBPL1;H2AC14;H2AC12"
"MicroRNA (miRNA) Biogenesis R-HSA-203927",0.536082474226804,1,0.195789002148949,-0.202262381652369,-0.97503596350925,24,"POLR2I;POLR2L;POLR2F;POLR2A;POLR2E;RAN;POLR2C;AGO2"
"Mismatch Repair R-HSA-5358508",0.699428571428571,1,0.0363783055518278,0.286949239719263,0.833879867544123,15,"LRIG1;POLR1B;MLH1;POLR1A;POLD3"
"Mitochondrial Biogenesis R-HSA-1592230",0.980904522613065,1,0.00730167173587984,0.147578880871471,0.585446481973186,89,"TWNK;HDAC3;PPRC1;GDNF;CRTC1;NRF1;PRKAG3;MAPK12;SIRT4;CHCHD6;CREBBP;APOO;APOOL;TBL1XR1;MAPK11;CALM1;ATP5F1E;SAMM50;PRKAA2;PRKAG2;NCOA6;PRKAG1;MTERF1;NCOA1;PPARGC1A;PRKAB2;DMAC2L;MEF2C;NR1D1;PPARGC1B;LIN9;PPARA;SIRT3;GLUD2;IMMT;TFB2M;CREB1;TFAM;MTX1"
"Mitochondrial Calcium Ion Transport R-HSA-8949215",0.501108647450111,1,0.0502948063662358,0.313962721961818,0.989274203839255,21,"SLC8A3;SLC8B1;MICU3;MICU2;MCUB"
"Mitochondrial Fatty Acid Beta-Oxidation R-HSA-77289",0.830328738069989,1,0.0240742072753014,0.213269058173096,0.751725959543177,36,"ACOT12;ACBD7;PCTP;MMUT;ACADL;ACOT13;HADHA;MCEE;THEM4;ACOT9"
"Mitochondrial Translation Elongation R-HSA-5389840",0.769929364278507,1,0.0254820564855004,0.215967854849857,0.850837148080854,82,"MRPS31;MRPL44;MRPL34;MRPL51;MRPL37;MRPL12;MRPL20;MRPS15;MRPL13;MRPS24;MRPS25;MRPL47;DLGAP3;MRPL38;MRPL32;MRPL35;MRPS17;MRPL54;ERAL1;OXA1L;MRPL40;MRPL15;MRPL17;MRPS7;MRPS11;MRPL3;MRPL1;MRPL39;MRPL48;MRPL16;MRPL45;MRPL57;MRPL11;MRPS6;MRPS18C;MRPL23;MRPL50;MRPL49;MRPL4;MRPL58"
"Mitochondrial Translation Initiation R-HSA-5368286",0.682139253279516,1,0.031636972118622,0.228167030232035,0.898897594846537,82,"MRPS31;MRPL44;MTIF2;MRPL34;MRPL51;MRPL37;MRPL12;MRPL20;MRPS15;MRPL13;MRPS24;MRPS25;MRPL47;DLGAP3;MRPL38;MRPL32;MRPL35;MRPS17;MRPL54;ERAL1;OXA1L;MRPL40;MRPL15;MRPL17;MRPS7;MRPS11;MRPL3;MRPL1;MRPL39;MRPL48;MRPL16;MRPL45;MRPL57;MRPL11;MRPS6;MRPS18C;MRPL23;MRPL50;MTFMT;MRPL49;MRPL4;MRPL58"
"Mitochondrial Translation R-HSA-5368287",0.72809667673716,1,0.0282923737721473,0.222022924444629,0.878959136052562,88,"MRPS31;MRPL44;MTIF2;MRPL34;MRPL51;MRPL37;MRPL12;MRPL20;MRPS15;MRPL13;MRPS24;MRPS25;MRPL47;DLGAP3;MRPL38;MRPL32;MRPL35;MRPS17;MRPL54;ERAL1;OXA1L;MRPL40;MTRF1L;MRPL15;MRPL17;MRPS7;MRPS11;MRRF;MRPL3;MRPL1;MRPL39;MRPL48"
"Mitochondrial Translation Termination R-HSA-5419276",0.644803229061554,1,0.0343431191135615,0.234553620764846,0.924058508162433,82,"MRPS31;MRPL44;MRPL34;MRPL51;MRPL37;MRPL12;MRPL20;MRPS15;MRPL13;MRPS24;MRPS25;MRPL47;DLGAP3;MRPL38;MRPL32;MRPL35;MRPS17;MRPL54;ERAL1;OXA1L;MRPL40;MTRF1L;MRPL15;MRPL17;MRPS7;MRPS11;MRRF;MRPL3;MRPL1;MRPL39;MRPL48"
"Mitochondrial tRNA Aminoacylation R-HSA-379726",0.511086474501109,1,0.0493910105981501,0.310446538976661,0.978194961369132,21,"MARS2;WARS2;VARS2;PPA2;CARS2;SARS2;YARS2;GARS1;FARS2;NARS2;LARS2;DARS2;EARS2"
"Mitotic G1 Phase And G1/S Transition R-HSA-453279",0.974,1,0.00759591053352814,0.161701320214515,0.668670377882489,146,"PSMA6;MCM6;GMNN;PSMD9;ORC6;CCNB1;E2F2;ORC4;WEE1;TOP2A;CDC6;JAK2;E2F4;PSMD5;CDC25A;POLR1B;POLE;LIN54;TK1;AKT3;POLA1;PRIM2;TYMS;RBL1;MCM4;UBB;CABLES1;CCNE2;SLC25A2;CCNE1;AKT1;LIN52;CDC7;ORC5;POLE2;POLR1A;RB1;CCNA2;PSMB9;CDK6;PPP2R3B;PSMB3;CDC45;FBXO5;LIN37;CDKN2A;RRM2;LIN9;RPA4;CDK1;DBF4;MCM7;SLC25A15;PSMD13;PSMC3;TFDP2;CDT1;PSMF1;ORC3;CDKN2B;CCND3;E2F5;PRIM1"
"Mitotic Prometaphase R-HSA-68877",0.823,1,0.0212181723861707,0.206026251577503,0.862805923392322,183,"SGO2;CENPQ;SFI1;CENPO;CENPF;CEP63;MAD1L1;CLIP1;NEDD1;CCNB1;HAUS2;SPC25;CEP192;MAD2L1;CEP70;CCNB2;KIF2B;AURKB;TUBG1;BUB1B;HAUS7;AKAP9;NUP107;CEP152;TUBGCP5;NCAPG;SPC24;SKA2;RAB33B;KNTC1;CENPP;TUBGCP6;ZWILCH;NUP85;BUB1;NCAPD2;CENPH;MZT2B;SPDL1;NUF2;KIF18A;PMEPA1;NME7;CDCA8;HAUS6;CEP164;CEP135;DCTN3;MZT2A;CEP131;NDC80;EML4"
"Mitotic Prophase R-HSA-68875",0.994984954864594,1,0.00434551079568136,0.140357785559758,0.56731019800981,108,"NDC1;H2BC1;CCNB1;CNEP1R1;H2BC14;CCNB2;H2BC15;NUP107;H3C7;RAB33B;H2BC11;H2BC9;NUP85;LPIN1;GOLGA2;NCAPG2;H2BC3;MCPH1;LPIN3;H2AC20;SMC4;NUP42;MAPK1;NUP210;LPIN2;MASTL;RB1;MAPK3;NUP88;H2BC13;VRK1;H3-4;PHF8;RNASE7;LMNB1;NUP43;SET;NUP58;PRKCB;H2AC4;CDK1;H2BC21;NUP153;TMPO;BLZF1;NUP205;NUP160;H2AC14;SEC13;PPP2R1A;H3C13;NUP214;NEK6;NEK7"
"Mitotic Spindle Checkpoint R-HSA-69618",0.713139418254764,1,0.0291395520262835,0.222653548412748,0.899940307079329,108,"SGO2;CENPQ;CENPO;CENPF;MAD1L1;CLIP1;SPC25;MAD2L1;KIF2B;AURKB;BUB1B;NUP107;UBE2D1;SPC24;SKA2;KNTC1;CENPP;ZWILCH;NUP85;BUB1;CENPH;SPDL1;NUF2;KIF18A;CDCA8;ANAPC1;UBE2C"
"Molecules Associated With Elastic Fibres R-HSA-2129379",0.609170305676856,1,0.0406579344155557,0.273508045338921,0.917982059220262,28,"VTN;MFAP2;ITGB6;FBLN2;MFAP5;EFEMP1;BMP10;FBLN1;ITGB3;TGFB2"
"Muscle Contraction R-HSA-397014",0.686313686313686,1,0.0308468245215279,0.220540380297412,0.927860736908067,194,"CAMK2A;CACNA1G;ITPR1;ORAI2;TMOD4;SLC8A3;MYH8;MYL10;SCN4B;PLN;MYL7;KCNK10;TNNI3;ITGA1;MYL4;ACTN3;KCNJ14;PXDN;SCN2B;MYL2;AKAP9;FGF12;CACNB1;CORIN;KCND1;NPPA;KCND3;FGF14;SCN1B;SLC8A2;MMP12;SCN10A;SCN1A;NPPC;SLN;KCNK3;HIPK1;KCNK16;CACNA1H;CALM1;NPRL2;SCN11A;ENTHD1;SCN5A;DMPK;FXYD7;KCNK18;KCNIP2;CAMK2B;FKBP1B;MYBPC3;PDE5A;RYR2;NANOS1;RANGRF;KCNJ4;MYL1;SCN3B;NEB;FGF13;TTR;SCN9A;ORAI1;KCNE4;DES;KCNE5;CLIC2;CACNG8;TNNT1;SCN2A;MYH3;FXYD1;ATP1A3;MYL12A;SCN7A;SCN4A;MYBPC2;TNNI1;MYL3;CACNB2;VCL;KCNA5;KCNK7;SLC8A1;CAMK2G"
"MyD88 Deficiency (TLR2/4) R-HSA-5602498",0.854857142857143,1,0.0265350909115755,0.238982010865883,0.711992401022155,17,"FGG;S100A8;S100A9;BTK;FGA;TLR4"
"MyD88 Dependent Cascade Initiated On Endosome R-HSA-975155",0.986947791164659,1,0.00617356336775808,0.145371391602177,0.585095199445295,100,"ECSIT;AGER;DUSP3;TIFA;GDNF;TRAF6;NOD2;ALPK1;TANK;TAB3;NLRX1;CASP8;TICAM1;IRAK4;RPS6KA3;MAPK8;MAPK11;TP53;TLR9;TLR7;UBB;TLR4;IRF7;MAPK1;BTRC;HOXC13;MAPK7;NLRC5;MAPK3;MEF2C;IRAK1;LRRC14;MEF2A;IKBKB;RIPK2;RPS6KA5;MAP2K1;MAP3K8;PELI2;MAPK9;CHUK;MYD88;CREB1;TAB2;IKBKG;S100A12;NKIRAS1"
"N-Glycan Antennae Elongation R-HSA-975577",0.910857142857143,1,0.0230827802358481,0.219170698489068,0.636914156679496,15,"B4GALT6;MGAT4C;B4GALT1;ST8SIA3;B4GALT4;B4GALT3;MGAT4A;MGAT4B"
"N-glycan Antennae Elongation In medial/trans-Golgi R-HSA-975576",0.529923830250272,1,0.0468819856878333,0.292059865332025,0.964068259415202,26,"CHST8;B4GALT6;MGAT4C;B4GALT1;MOGAT2;FUT3;MOGAT3;FUCA1;LHB;ST8SIA3;CHGA;CHST10"
"NCAM Signaling For Neurite Out-Growth R-HSA-375165",0.670781893004115,1,0.0333826959919392,0.236852320946441,0.895481452515096,57,"CACNA1G;CACNA1S;SPTBN4;ST8SIA4;GDNF;GFRA2;NRTN;SPTA1;COL6A5;GFRA4;CACNB1;CACNB3;PSPN;CACNA1D;SPTBN2;COL6A6;CACNA1H;ENTHD1;CACNB4;MAPK1;MAPK3;SOS1;COL9A1;SPTBN5;CACNB2;FGFR1;RPS6KA5;COL4A3;CREB1;GFRA1;COL4A4;COL6A3;HRAS"
"NEP/NS2 Interacts With Cellular Export Machinery R-HSA-168333",0.831735889243876,1,0.024215353215022,0.212177306889728,0.741467142107619,34,"NDC1;NUP107;PBRM1;BLOC1S6;NUP85;NUP42;NUP210;NUP88;RNASE7;NUP43;NUP58;NUP153;NUP205;NUP160;SEC13;NUP214;NUP155"
"NGF-stimulated Transcription R-HSA-9031628",0.896515311510032,1,0.0193046440642709,0.193354689764682,0.69146204793414,39,"GDNF;EGR4;CDK5R2;CDK5R1;TRIB1;NAB2;FOSB;ID4"
"NOD1/2 Signaling Pathway R-HSA-168638",0.458823529411765,1,0.0526973085708419,0.291297721047496,1.01138746603676,33,"TRAF6;NOD2;TAB3;MAPK12;CASP8;CASP1;CASP9;MAPK11;BIRC3;MAPK13;HOXC13;IRAK1;IKBKB;RIPK2;CHUK;TAB2;IKBKG;CARD9;CYLD"
"NRAGE Signals Death Thru JNK R-HSA-193648",0.832304526748971,1,0.0222267787552589,0.201535894734619,0.761958569921279,57,"PLEKHG5;ARHGEF4;ARHGEF38;TIAM2;FGD1;ARHGEF6;AKAP13;ITSN1;ARHGEF11;VAV2;MAPK8;ECT2;ARHGEF33;FGD4;NGEF;ARHGEF16;VAV3;ARHGEF9;SOS1;BCL2L11;NGF;ABR;MCF2L;ARHGEF39;VAV1;AATF;NGFR;TIAM1"
"NS1 Mediated Effects On Host Pathways R-HSA-168276",0.872631578947368,1,0.0207818350435559,0.200645301838236,0.722387204476414,41,"NDC1;KPNA7;NUP107;NUP85;KPNA4;NUP42;NUP210;NUP88;RNASE7;NUP43;NUP58;KPNA1;NUP153;CPSF4;NUP205;NUP160;SEC13;NUP214;KPNA5;NUP155;EIF2AK2;ISG15;NUP37"
"Na+/Cl- Dependent Neurotransmitter Transporters R-HSA-442660",0.480270574971815,1,0.0530212512043078,0.323274939096721,0.996871542875592,19,"SLC6A14;SLC6A11;SLC18A2;SLC6A12;SLC6A18;SLC6A13;SLC6A5"
"Neddylation R-HSA-8951664",1,1,0,0.108069423297181,0.460556462284822,234,"PSMA6;FBXL18;FBXL16;ASB14;PSMD9;SOCS6;COMMD10;COMMD2;ASB9;ASB6;ASB11;ASB2;FBXL22;UBD;ASB5;FBXO9;COMMD8;KLHL11;NAE1;PSMD5;UBE2D1;SPSB4;GAN;OBSL1;KLHL13;FBXW10;KLHL3;CCDC8;COPS4;DCUN1D3;COMMD9;ASB15;LMO7;WSB2;FBXL12;UCHL3;FBXO27;PSMB11;DCUN1D5;UBB;FBXL13;SENP8;FBXW12;FBXO31;BTRC;DTL;KBTBD8;CUL7;FBXO6;HIF1A;CUL3;PSMB9;SOCS2;MUL1;COMMD7;PSMB3;KBTBD7;DDA1;LRRC41;DCUN1D4;KLHL42;ASB17;FBXL15;KLHL9;FBXO44;UBE2M;COPS5;NEURL2;ASB13;ANKRD9;UBXN7;FBXW8;ERCC8;DCAF7;ASB1;CUL9;DCAF10;FBXW5;SPSB2;FBXO41;PSMD13;FBXW2;PSMC3;COPS8;FBXW9;PSMF1"
"Nef-mediated Downmodulation Of Cell Surface Receptors By Recruitment To Clathrin Adapters R-HSA-164938",0.570175438596491,1,0.173747838999571,-0.215459293941958,-0.945712701673834,20,"B2M;HLA-A"
"Negative Epigenetic Regulation Of rRNA Expression R-HSA-5250941",0.862068965517241,1,0.0192297089064582,0.194645708939786,0.75899447043215,73,"DNMT3B;H2BC1;H2BC14;TAF1B;H2BC15;POLR1D;DPEP2;H3C7;POLR1B;POLR1H;H2BC11;H2BC9;H2BC3;TAF1C;DNMT1;H2AC20;GTF2H4;UBTF;POLR1A;H2BC13;POLR1F;SAP30L;POLR1E;SIN3A;GTF2H5;H2AC4;ERCC3;ERCC2;H2BC21;POLR2K;BAZ2A;TBP;GTF2H3;SUDS3;H2AC14;SUV39H1;SAP30BP;H3C13"
"Negative Regulation Of FGFR1 Signaling R-HSA-5654726",0.842948717948718,1,0.0236501012290726,0.214127684223608,0.740682192509371,32,"FGF20;FGF17;FGF10;KL;ANOS1;FGF3;UBB;FGF8;CBL;MAPK1;FGF23;MAPK3;FGF13;FGF5;MKNK1;FGFR1;SPRY2;FRS2;PPP2R1A;FGF9;BRAF;FGF6"
"Negative Regulation Of FGFR2 Signaling R-HSA-5654727",0.885561497326203,1,0.0208547494438027,0.200939975182537,0.697664820701495,33,"FGF20;FGF17;FGF10;FGF7;FGF3;UBB;FGF8;CBL;MAPK1;FGF23;MAPK3;FGF13;FGF5;FGF18;MKNK1"
"Negative Regulation Of FGFR3 Signaling R-HSA-5654732",0.802325581395349,1,0.16823816568964,-0.162425241926204,-0.804751199150137,28,"PPP2CB;RPS27A;PPP2CA;FGF1;GRB2"
"Negative Regulation Of FGFR4 Signaling R-HSA-5654733",0.915766738660907,1,0.0193794652818346,0.197233550523112,0.672242613917499,30,"FGF20;FGF17;FGF19;KLB;UBB;FGF8;FGFR4;CBL;MAPK1;FGF23;MAPK3;FGF13;FGF18;MKNK1;SPRY2;FRS2;PPP2R1A;FGF9;BRAF;FGF6"
"Negative Regulation Of MAPK Pathway R-HSA-5675221",0.851851851851852,1,0.208955027549354,-0.132869141350484,-0.732846182632792,40,"PPP2CB;DUSP10;RPS27A;PPP2CA;PEBP1;DUSP6"
"Negative Regulation Of MET Activity R-HSA-6807004",0.912280701754386,1,0.134273452883202,-0.153735987481174,-0.674791388226127,20,"RPS27A;PTPRJ;GRB2;EPS15"
"Negative Regulation Of NMDA Receptor-Mediated Neuronal Transmission R-HSA-9617324",0.886917960088692,1,0.0228693972350018,0.215551522390226,0.679187514258023,21,"CAMK2A;GRIN2D;CALM1;NEFL;PPM1E;CAMK2B;CAMK1"
"Negative Regulation Of TCF-dependent Signaling By WNT Ligand Antagonists R-HSA-3772470",0.646857142857143,1,0.0400031517498194,0.304144531554218,0.883849707825779,15,"DKK2;WIF1;WNT4;WNT5A;KREMEN1;SOST;WNT3A;KREMEN2;WNT9A"
"Negative Regulators Of DDX58/IFIH1 Signaling R-HSA-936440",0.847058823529412,1,0.0234376252595191,0.211771169469313,0.735270793396585,33,"RNF216;IRF3;TRIM25;NLRX1;TRAF3;UBE2D1;TRIM4;UBB;RNF135;UBE2L6;NLRC5;TAX1BP1;RNF125;ATG5;CYLD;IFIH1;UBE2K;IKBKE;UBE2D3;ISG15;UBE2D2"
"Nephrin Family Interactions R-HSA-373753",0.935627081021088,1,0.0197519290144334,0.194876699664821,0.621202314943752,22,"ACTN3;ACTN1;PIK3R2;KIRREL1;PIK3CA"
"Netrin-1 Signaling R-HSA-373752",0.601659751037344,1,0.038875878582578,0.252351171032111,0.936513770860244,49,"TRPC4;UNC5C;NTN1;TRPC7;DCC;NTN4;MAPK12;TRPC5;SLIT2;AGAP2;UNC5D;MAPK8;MAPK11;EZR;UNC5B;MAPK13;ABLIM1;RGMB;ROBO1"
"Neurexins And Neuroligins R-HSA-6794361",0.509259259259259,1,0.0461379160269737,0.265060968848632,1.00213154104285,57,"GRIN2D;SYT7;SHANK2;LRRTM1;SHANK1;NLGN4X;APBA1;EPB41;SIPA1L1;DLGAP1;HOMER1;SHANK3;LRRTM4;DLGAP3;SYT10;NRXN2;HOMER2;GRM5;SYT12;GPRIN1;LRRTM3;SYT9;STXBP1;GRM1;LIN7A;SYT1;EPB41L1;LRRTM2;MPP3;NRXN1;GRIN2B;SHARPIN;STX1A;BEGAIN"
"Neurotransmitter Release Cycle R-HSA-112310",0.627593360995851,1,0.0369160593316849,0.248252188952903,0.922508834707479,50,"SYN2;ABAT;SLC5A7;SLC1A1;APBA1;SLC17A7;CPLX1;SLC6A11;SLC18A2;SLC6A12;GAD1;GLS2;SYN3;RIMS1;SLC6A13;PPFIA4;PPFIA1;STXBP1;LIN7A;SYN1;SLC1A7;SYT1;PPFIA3"
"Nicotinamide Salvaging R-HSA-197264",0.52423900789177,1,0.0489954089862481,0.315575922830962,0.973130357601796,19,"RNLS;CYP8B1;SLC5A8;NAPRT;PARP4;NUDT12;PTGIS;SLC22A13;PARP9"
"Nicotinate Metabolism R-HSA-196807",0.482352941176471,1,0.0503964322442957,0.288644910863056,0.993518795293323,31,"RNLS;CD38;CYP8B1;SLC5A8;NAPRT;NADSYN1;NMRK1;PARP4;NUDT12;NMNAT3;PTGIS;SLC22A13;PARP9;NADK;PARP8;PARP6;NMRK2;QPRT"
"NoRC Negatively Regulates rRNA Expression R-HSA-427413",0.856122448979592,1,0.0200480391102353,0.196724724013545,0.761613601714389,70,"DNMT3B;H2BC1;H2BC14;TAF1B;H2BC15;POLR1D;DPEP2;H3C7;POLR1B;POLR1H;H2BC11;H2BC9;H2BC3;TAF1C;DNMT1;H2AC20;GTF2H4;UBTF;POLR1A;H2BC13;POLR1F;SAP30L;POLR1E;SIN3A;GTF2H5;H2AC4;ERCC3;ERCC2;H2BC21;POLR2K;BAZ2A;TBP;GTF2H3;SUDS3;H2AC14;SAP30BP;H3C13"
"Non-integrin membrane-ECM Interactions R-HSA-3000171",0.615789473684211,1,0.0384786917635432,0.253319902744159,0.912032600340295,41,"VTN;LAMB1;LAMA2;SDC1;TNNI3;LAMC2;NTN4;LMNB2;ACTN1;LAMB3;LAMA4;LAMC3;ITGB3;FGF13;TTR;LAMA5"
"Nonhomologous End-Joining (NHEJ) R-HSA-5693571",0.565352697095436,1,0.0417397034728504,0.260157094685482,0.962938372233991,48,"ABRAXAS1;H2BC1;H2BC14;H2BC15;LIG4;BRCC3;H2BC11;H2BC9;RNF168;RAD50;H2BC3;TDP2;MDC1;ATM;BABAM1;XRCC4;H2BC13;H3-4;POLM;UIMC1;NHEJ1"
"Norepinephrine Neurotransmitter Release Cycle R-HSA-181430",0.769406392694064,1,0.0317812506835949,0.264377503675859,0.799913556243847,18,"CPLX1;SLC18A2;RIMS1;PPFIA4;PPFIA1;STXBP1;SYT1;PPFIA3;RAB3A;STX1A;UNC13B;SLC22A2;SLC22A1;SNAP25"
"Nuclear Envelope Breakdown R-HSA-2980766",0.756728778467909,1,0.0277292221875017,0.221474389726484,0.829163505858861,52,"NDC1;CCNB1;CNEP1R1;CCNB2;NUP107;NUP85;LPIN1;LPIN3;NUP42;NUP210;LPIN2;NUP88;VRK1;RNASE7;LMNB1;NUP43;NUP58;PRKCB;CDK1;NUP153;TMPO;NUP205;NUP160;SEC13;NUP214;NEK6;NEK7;NUP155"
"Nuclear Events (Kinase And Transcription Factor Activation) R-HSA-198725",0.481285530111697,1,NA,-0.140043379509852,-0.838095061674693,61,"TF;SGK1;DNM2;PPP2CB;PPP2CA;KCNH8"
"Nuclear Import Of Rev Protein R-HSA-180746",0.967914438502674,1,0.0148592627836833,0.165181423919288,0.57351091238655,33,"NDC1;NUP107;NUP85;RCC1;NUP42;NUP210;NUP88;RNASE7;NUP43;NUP58;NUP153;NUP205;NUP160;SEC13;NUP214;NUP155"
"Nuclear Pore Complex (NPC) Disassembly R-HSA-3301854",0.5580404685836,1,0.0435378240914002,0.27149775643478,0.952716564528493,35,"NDC1;CCNB1;CCNB2;NUP107;NUP85;NUP42;NUP210;NUP88;RNASE7;NUP43;NUP58;CDK1;NUP153;NUP205;NUP160;SEC13;NUP214;NEK6;NEK7;NUP155"
"Nucleotide Salvage R-HSA-8956321",0.592715231788079,1,0.0424170054438747,0.283410673944378,0.91419026799155,23,"TK1;PPY;HPRT1;DGUOK;AMPD1;ADAL;CDA;UPP2;TK2;AMPD3;PUDP;GMPR;ADA;UCK2;SCO2;UCKL1;GMPR2;AMPD2;UPP1"
"Nucleotide-binding Domain, Leucine Rich Repeat Containing NLR Signaling Pathways R-HSA-168643",0.958634953464323,1,0.0128901829648689,0.158791172418987,0.596266055624921,53,"TRAF6;NOD2;NLRC4;TAB3;MAPK12;MEFV;CASP8;CASP1;PANX1;CASP9;MAPK11;BIRC3;PSTPIP1;NLRP3;MAPK13;HOXC13;NLRP1;IRAK1;IKBKB;RIPK2;CHUK;TAB2;IKBKG;CARD9;CYLD;AIM2"
"O-glycosylation Of TSR Domain-Containing Proteins R-HSA-5173214",0.605543710021322,1,0.0398406946073899,0.259779153332225,0.921126523767491,38,"ADAMTSL2;ADAMTS16;THSD7A;ADAMTS15;ADAMTSL4;ADAMTS17;ADAMTS2;ADAMTSL1;ADAMTS19;ADAMTS6;CFP;THSD1;B3GLCT;THSD7B;ADAMTS12;ADAMTS10;ADAMTS18;ADAMTS7;ADAMTS8;ADAMTSL3;ADAMTS20;SEMA5B;THSD4;SBSPON;ADAMTS5;SPON1;SEMA5A"
"Oncogene Induced Senescence R-HSA-2559585",0.853632478632479,1,0.0229405670056901,0.211060797336786,0.730073622619189,32,"AGO4;E2F2;TNRC6C;ETS1;TP53;UBB;MAPK1;RB1;MAPK3;CDK6;CDKN2A;MDM2"
"Oncogenic MAPK Signaling R-HSA-6802957",0.519472391127332,1,0.143902565267782,-0.163227839644006,-1.0479926533471,77,"QKI;PPP1CB;LMNA;DUSP10;RAP1A;SND1;TLN1;FXR1;AP3B1;PPP1CC;MAP3K11;PEBP1;FN1;DUSP6;VWF;NF1"
"Opioid Signaling R-HSA-111885",0.644511581067472,1,0.0342688261591917,0.235364136428814,0.931775214341985,88,"CAMK2A;ITPR1;GNG13;GNA14;PDE1B;ADCY7;NBEA;CAMKK1;PPP1CA;PLCB4;PRKAR1B;GNB5;PRKACG;ADCY1;PDE1A;GNAL;PDE4B;CALM1;GNG10;GNB1;PPP3CA;GNG3;GNG4;CAMK2B;MAPK1;PPP3R1;PPP1R1B;PDYN;PRKCG;PDE4A;GNGT2;PLA2G4A;GNG2;GNGT1"
"Organelle Biogenesis And Maintenance R-HSA-1852241",0.674325674325674,1,0.0317090865085553,0.220007944931494,0.945570342280654,274,"B9D1;WDR35;TCTN1;TWNK;IFT20;TMEM67;IQCB1;KIF3C;SFI1;HDAC3;BBS12;CEP63;KIF17;PPRC1;NEDD1;DYNLRB2;HAUS2;GDNF;CEP192;INPP5E;CEP70;CEP89;AHI1;CRTC1;IFT88;CNGA4;HSPB11;UNC119B;NRF1;KIF3B;TUBG1;PRKAG3;HAUS7;AKAP9;MAPK12;FBF1;SIRT4;TTC21B;CEP152;CHCHD6;CREBBP;TRAF3IP1;SMOX;APOO;BBS9;LZTFL1;MKS1;TTC8;IFT74;KIF24;APOOL;TBL1XR1;HAUS6;DYNC2I2;MAPK11;EXOC1;CALM1;IFT57;CEP164;CEP135;ATP5F1E;SAMM50;MKKS;DCTN3;RHO;CEP131;TTC30A;PRKAA2;PRKAG2;HAUS3;TMEM216;NCOA6;TTC26;PRKAG1;MTERF1;PKD1;PLK4;CC2D2A;CEP97;IFT81;RPGRIP1L;RAB3IP;NINL;ARF4;NCOA1;ODF2;PPARGC1A;PRKAB2;DYNLT2B;IFT140;ACTR1A;CNGA2;CEP76;C2CD3;TRIP11;DMAC2L;DYNLT5;BBS4;MEF2C;CENPJ;BBS7;MCHR1;CNGB1;YWHAG;CEP83;ARL3;BBS5;TUBA4A;EXOC6;NR1D1"
"Organic Cation/Anion/Zwitterion Transport R-HSA-549132",0.443428571428571,1,0.0573667426768556,0.357976925096158,1.04028765218226,15,"SLC22A16;SLC22A5;RSC1A1;SLC22A6;SLC22A4;SLC22A12;SLC22A18"
"Other Interleukin Signaling R-HSA-449836",0.703867403314917,1,0.0344919215094074,0.25953810069188,0.843160881723885,24,"CASP3;SDC1;CSF3;TYK2;STX3;IL34;PRTN3;TXLNA;IL10RB;STXBP2;IL32"
"PCNA-Dependent Long Patch Base Excision Repair R-HSA-5651801",0.709534368070953,1,0.0342688261591917,0.267435153003255,0.842669143689292,21,"LRIG1;POLR1B;POLE;RFC3;POLE2;POLR1A;RFC4;POLD3;POLG2;RFC2;SLC19A1;POLE3;POLD4;RFC5;APEX1"
"PD-1 Signaling R-HSA-389948",0.916666666666667,1,0.0226556224333514,0.211008058503153,0.638436342451854,18,"HLA-DQA2;CD247;PDCD1LG2;CD3D"
"PERK Regulates Gene Expression R-HSA-381042",0.950854700854701,1,0.0161121851693944,0.173159437899404,0.598970247971704,32,"EXOSC8;EIF2S3;CXCL8"
"PI Metabolism R-HSA-1483255",0.489404641775984,1,0.0470699590082662,0.25758285096051,1.01478554972053,82,"TNFAIP8;INPP4A;PIP5K1C;PIK3R5;INPP5E;PIP5K1B;MTMR6;MTMR3;PLEKHA6;PIK3R6;INPP5J;INPP5D;VAC14;PNPLA7;RUFY1;PIK3R2;PIK3C2G;TPTE2;SBF1;TPTE;MTMR7;INPP4B;MTMR1;PIK3R3;PIK3CA;PI4KA;PLEKHA3;SACM1L;PTEN;GDPD3;PIP4K2B;MTMR4;MTMR14;SYNJ1;PIKFYVE;PITPNB;PLEKHA8;BMX"
"PI-3K cascade:FGFR1 R-HSA-5654689",0.590909090909091,1,0.0427591434738678,0.29235588346422,0.921192592689272,21,"FGF20;FGF17;FGF10;KL;FGF3;FGF8;PIK3CA;FGF23;FGF13;FGF5"
"PI-3K cascade:FGFR2 R-HSA-5654695",0.506622516556291,1,0.0495901956956338,0.30226020285694,0.974992691726206,23,"FGF20;FGF17;FGF10;FGF7;FGF3;FGF8;PIK3CA;FGF23;FGF13;FGF5;FGF18"
"PI-3K cascade:FGFR3 R-HSA-5654710",0.767123287671233,1,0.0319257308349884,0.265801747431847,0.804222818083339,18,"FGF20;FGF17;FGF8;PIK3CA;FGF23;FGF13;FGF5;FGF18"
"PI-3K cascade:FGFR4 R-HSA-5654720",0.536036036036036,1,0.047925896705813,0.306709706681406,0.956840044924236,20,"FGF20;FGF17;FGF19;KLB;FGF8;FGFR4;PIK3CA;FGF23;FGF13;FGF18"
"PI3K/AKT Signaling In Cancer R-HSA-2219528",0.523618090452261,1,0.0438002031299891,0.246369673468246,0.99400209669246,105,"FGF20;FLT3;EGFR;NRG4;FGF17;CD86;FGF10;FGF7;NRG2;AREG;ESR2;CD19;EREG;RICTOR;FGF19;ERBB4;KL;IRS2;AKT3;PIK3R2;CASP9;FGF3;ESR1;BTC;KLB;AKT1;FGF8;FGFR4;MAPKAP1;PIK3R3;AKT1S1;PIK3CA;EPGN;EGF;KITLG;FGF23;PTEN;CD28;FGF13;SOS1;LCK;FGF5;FGF18;VAV1;FOXO3;MLST8"
"PI5P, PP2A And IER3 Regulate PI3K/AKT Signaling R-HSA-6811558",0.517068273092369,1,0.0443293451680314,0.246700373758858,0.996687666461496,106,"FGF20;FLT3;EGFR;NRG4;PIP5K1C;FGF17;CD86;TRAF6;FGF10;FGF7;PIP5K1B;INS;NRG2;IL1RL1;AREG;ESR2;CD19;EREG;IRAK4;FGF19;ERBB4;KL;IRS2;PIK3R2;FGF3;ESR1;BTC;KLB;AKT1;FGF8;FGFR4;PIK3R3;PIK3CA;EPGN;EGF;MAPK1;KITLG;FGF23;CD28;MAPK3;FGF13;SOS1;LCK;PIP4K2B;IRAK1;FGF5;FGF18;VAV1"
"PIP3 Activates AKT Signaling R-HSA-1257604",0.99000999000999,1,0.00458288223817775,0.163954249332799,0.703224223488337,266,"RNF2;PSMA6;FGF20;FLT3;HDAC3;PSMD9;EGFR;DPEP3;AGO4;EED;NRG4;PIP5K1C;FGF17;CD86;TRIB3;GDNF;TRAF6;FGF10;FGF7;PIP5K1B;RRAGD;INS;NRG2;SCMH1;IL1RL1;AREG;ESR2;TNRC6C;FRK;PSMD5;CD19;EREG;IRAK4;SNAI1;RICTOR;FGF19;ERBB4;KL;IRS2;AKT3;PIK3R2;CASP9;CHD3;FGF3;ESR1;TP53;PHLPP2;PSMB11;NR2E1;BTC;KLB;UBB;AKT1;MECOM;FGF8;SALL4;FGFR4;MAPKAP1;SUZ12;PIK3R3;AKT1S1;PIK3CA;EPGN;EGF;THEM4;MAPK1;KITLG;REST;HOXC13;FGF23;PTEN;CD28;MAPK3;NEDD4;FGF13;RRAGB;SOS1;PSMB9;LCK;PIP4K2B;IRAK1;PML;FGF5;PSMB3;FGF18;VAV1;FOXO3;RPTOR;PPARG"
"PKA Activation In Glucagon Signaling R-HSA-164378",0.578341013824885,1,0.0454967810085007,0.322619425742649,0.946915389534197,16,"ADCY7;PRKAR1B;PRKACG;ADCY1"
"PKMTs Methylate Histone Lysines R-HSA-3214841",0.937694704049844,1,0.0150298748621405,0.173969604532401,0.641176493798326,47,"EED;SETD2;H3C7;SUV39H2;NSD1;SETDB2;SMYD2;SETD1B;SETD6;ASH1L;MECOM;SUZ12;KMT2B;DOT1L;NSD3;KMT2D;SETDB1;ASH2L;KMT2A;KMT2C;PRDM16;SUV39H1;H3C13;PRDM9;EZH2"
"PRC2 Methylates Histones And DNA R-HSA-212300",0.734952481520591,1,0.0302041948644786,0.2334067600089,0.834693570007766,39,"DNMT3B;H2BC1;EED;H2BC14;H2BC15;H3C7;H2BC11;H2BC9;H2BC3;DNMT1;H2AC20;SUZ12"
"Packaging Of Telomere Ends R-HSA-171306",0.985961123110151,1,0.0141641602737639,0.154089595592211,0.525192555950363,30,"H2BC1;H2BC14;H2BC15;H2BC11;H2BC9;H2BC3;H2AC20;H2BC13;H3-4;H2AC4;H2BC21;ACD"
"Paracetamol ADME R-HSA-9753281",0.821192052980132,1,0.0268158762373842,0.229893137205444,0.741560174097431,23,"SULT1E1;ABCG2;GGT6;GSTT1;GGT5;GSTM1;CYP2E1"
"Paradoxical Activation Of RAF Signaling By Kinase Inactive BRAF R-HSA-6802955",0.728902953586498,1,0.0305608138615649,0.234487867811658,0.839901740190797,40,"CAMK2A;KSR2;CNKSR1;FGG;JAK2;FGA;RNASE3;CALM1;ITGB3;CAMK2B;CNKSR2;MAPK1;MAPK3;ARRB1;VCL;MAP2K1;ARRB2;CAMK2G"
"Peptide Hormone Metabolism R-HSA-2980736",0.709969788519637,1,0.0295645497308931,0.226079918520779,0.895020234324567,88,"GNG13;ENPEP;CRHR2;SLC30A8;FSHB;INS;ACHE;CLTRN;BCHE;SPCS2;PCSK1;GCG;TSHB;MMP12;KLF4;LEP;EXOC1;GZMH;ACE;GNB1;DPP4;CTSG;CPA4;CPB1;INHBB;AOPEP;LHB;PCSK2;CHGA;ACE2;INHBA;SLC30A7;GPR119;EXOC6;SLC30A5;GNAT3;MYO5A;CPB2"
"Peroxisomal Lipid Metabolism R-HSA-390918",0.991341991341991,1,0.0138978052489646,0.150730381102446,0.510980792357083,29,"SYCP2;ACOXL;ABCD1;ACOX1;SLC25A17;CROT;NUDT7;EHHADH;ACOX3;PECR;DECR2;SLC27A2;CRAT;ACBD4;KRTAP11-1;ACBD5;ACOT8"
"Peroxisomal Protein Import R-HSA-9033241",0.995884773662551,1,0.00842359386195179,0.132099450320483,0.503329674364511,62,"PEX13;GNPAT;IDE;BAAT;HAO1;SYCP2;UBE2D1;HMGCL;ACOX1;UBB;GSTK1;CROT;DAO;NUDT7;NANOS2;EPHX2;PEX14;EHHADH;ACOX3;AGXT;PECR;DECR2;IDH1;ZNF260;SLC27A2;CRAT;TYSND1;KRTAP11-1;UBE2D3;UBE2D2;ACOT8;PIPOX"
"Phase 2 - Plateau Phase R-HSA-5576893",0.966857142857143,1,0.0195287736089407,0.186667113999664,0.542458131093748,15,"AKAP9;CACNB1;KCNE4;KCNE5;CACNG8;CACNB2;CACNA2D2;KCNQ1;KCNE2;CACNA1C;KCNE3"
"Phase 4 - Resting Membrane Potential R-HSA-5576886",0.917700112739572,1,0.0218679438176212,0.208068136451484,0.641612383524671,19,"KCNK10;KCNJ14;KCNK3;KCNK16;KCNK18;KCNJ4"
"Phase II - Conjugation Of Compounds R-HSA-156580",0.652567975830816,1,0.0336769978828608,0.232048244257035,0.924754027752016,93,"UGT2B11;SULT1E1;UGT2B7;GSTO2;GGT6;CHAC2;UGT3A2;OPLAH;AS3MT;MAT1A;UGT2B10;BPNT2;SULT1B1;MTR;ABHD14B;GSTA2;ACSM2A;GSTT1;ABHD10;TPMT;SULT6B1;GLYATL3;GGT5;GSTM1;PAPSS2;GSTK1"
"Phosphorylation Of APC/C R-HSA-176412",0.90990990990991,1,0.0222983800506052,0.207010808022292,0.645810114688036,20,"CCNB1;UBE2D1;ANAPC1;UBE2C"
"Phosphorylation Of CD3 And TCR Zeta Chains R-HSA-202427",0.960629921259842,1,0.122679189568808,-0.147578619845582,-0.61422490673913,17,"HLA-DRB1;PTPRJ;HLA-DRA;HLA-DPA1"
"Plasma Lipoprotein Assembly R-HSA-8963898",0.806451612903226,1,0.0299195667151671,0.257281416283227,0.755142787694623,16,"ABCA1;APOA1;PRKACG;APOC2"
"Plasma Lipoprotein Assembly, Remodeling, And Clearance R-HSA-174824",0.944897959183673,1,0.0129839954274655,0.168567675835384,0.652604472413804,70,"AMN;ABCA1;APOA1;PCSK5;GPIHBP1;LCAT;CREB3L3;LIPC;CETP;PRKACG;MYLIP;LIPG;LPA;CES3"
"Plasma Lipoprotein Remodeling R-HSA-8963899",0.695187165775401,1,0.0335297167141207,0.245877184277812,0.853687085050838,33,"APOA1;PCSK5;GPIHBP1;LCAT;CREB3L3;LIPC;CETP;LIPG;LPA;APOC2"
"Platelet Aggregation (Plug Formation) R-HSA-76009",0.936373276776246,1,0.0166782153543946,0.182795911381604,0.644314899971929,36,"ADRA2B;FGG;GP1BA;CRK;THPO;RASGRP1;FGA;ADRA2C;AKT1;ITGB3;SOS1;SHC1;ADRA2A;GP5;APBB1IP;SYK;TTF2"
"Platelet Calcium Homeostasis R-HSA-418360",0.5310119695321,1,0.046788296531803,0.291860635752531,0.963410617141387,26,"ITPR1;ORAI2;TRPC7;SLC8A3;SLC8A2;CALM1;P2RX4;ORAI1;P2RX3;TRPC3;P2RX6;SLC8A1;ATP2B1;ATP2B3;TRPC6;STIM1"
"Platelet Homeostasis R-HSA-418346",0.526209677419355,1,0.0437125833579551,0.250618881321569,0.989211962704343,83,"ITPR1;ORAI2;GNG13;TRPC7;SLC8A3;PDE1B;LRP8;KCNMB1;PAFAH2;GNB5;PDE11A;SLC8A2;PDE1A;PDE2A;CALM1;GNG10;P2RX4;GNB1;GNG3;GNG4;PDE10A;PDE5A;NANOS1;KCNMB3;GNGT2;PLA2G4A;GNG2;GNGT1;IRAG1;NANOS2;ORAI1;P2RX3;PRKG1"
"Platelet Sensitization By LDL R-HSA-432142",0.740157480314961,1,0.142056643575821,-0.203733123925926,-0.847940976640187,17,"PPP2CB;PPP2CA;PTPN11;PECAM1;PPP2R5A;APOB;PPP2R1B;FGR;PPP2R5D;PPP2R5B;PTPN6;MAPK14;PPP2R1A;PPP2R5E;PPP2R5C"
"Polymerase Switching On C-strand Of Telomere R-HSA-174411",0.608695652173913,1,0.188204146308491,-0.191732346791057,-0.921778872184835,25,"TERF2IP;TINF2;POLD2;CTC1;TERF2;POLA2;TERF1;POLD1;PCNA;POT1;CHTF18;CHTF8;RFC5;POLD4;SLC19A1;PRIM1;RFC2;ACD;DSCC1;STN1;POLD3;RFC4;RFC3;PRIM2;POLA1"
"Positive Epigenetic Regulation Of rRNA Expression R-HSA-5250913",0.96530612244898,1,0.0110006035430037,0.156409451953411,0.60448243133344,69,"H2BC1;DPEP3;H2BC14;TAF1B;H2BC15;POLR1D;H3C7;POLR1B;DDX56;POLR1H;H2BC11;H2BC9;H2BC3;CHD3;TAF1C"
"Post NMDA Receptor Activation Events R-HSA-438064",0.853333333333333,1,0.020562605901185,0.197375628673157,0.751852851737915,61,"CAMK2A;GRIN2D;CAMKK1;NRGN;PRKAG3;PRKAR1B;PRKACG;ADCY1;ERBB4;RPS6KA3;CALM1;PRKAA2;PRKAG2;NEFL;PRKAG1;CAMK2B;MAPK1;CAMK1;PRKAB2;MAPK3;GRIA1"
"Post-translational Protein Phosphorylation R-HSA-8957275",0.937688442211055,1,0.0123167455730572,0.17385153824438,0.701420719098351,105,"F5;LAMB1;TRIM26;VWA1;TNNI3;ENAM;STC2;FGG;APOA1;HRC;GPC3;AHSG;BPIFB2;GOLM1;CKAP4;LMNB2;MSLN;FAM20A"
"Postmitotic Nuclear Pore Complex (NPC) Reformation R-HSA-9615933",0.727965179542981,1,0.0321428397352941,0.251489811507854,0.830149478311247,26,"NDC1;NUP107;NUP85;RCC1;UBE2I;NUP43;SUMO1;NUP58;NUP205;NUP160;RANGAP1;SEC13;NUP155;NUP37"
"Pre-NOTCH Expression And Processing R-HSA-1912422",0.889452332657201,1,0.0171553985751332,0.187091049979337,0.730928035767231,75,"H2BC1;AGO4;H2BC14;H2BC15;ST3GAL3;TNRC6C;H3C7;CREBBP;B4GALT1;H2BC11;H2BC9;MAML3;H2BC3;MAML2;SEL1L;TP53"
"Pre-NOTCH Processing In Golgi R-HSA-1912420",0.930365296803653,1,0.0217960026831818,0.205332387517478,0.62126375363814,18,"ST3GAL3;B4GALT1;SEL1L;NOTCH2;LFNG;RAB6A;FURIN;ST3GAL6;ATP2A2;MFNG;NOTCH4;RFNG;ATP2A1;NOTCH1"
"Pre-NOTCH Transcription And Translation R-HSA-1912408",0.818461538461538,1,0.0230116943194552,0.205741312536856,0.781224966674881,59,"H2BC1;AGO4;H2BC14;H2BC15;TNRC6C;H3C7;CREBBP;H2BC11;H2BC9;MAML3;H2BC3;MAML2;TP53;MAMLD1;H2AC20"
"Processing Of SMDT1 R-HSA-8949664",0.810285714285714,1,0.0292811015816512,0.25623871615816,0.7446345106148,15,"MICU3;MICU2;MCUB"
"Processive Synthesis On C-strand Of Telomere R-HSA-174414",0.966178128523112,1,0.0187018035626708,0.177415652653699,0.547090398919722,19,"LRIG1;POLR1B;DNA2;POLR1A;WRN;POLD3;ACD"
"Processive Synthesis On Lagging Strand R-HSA-69183",0.470857142857143,1,0.0545680646670941,0.351669635820117,1.02195855135867,15,"LRIG1;POLR1B;POLA1;PRIM2;DNA2;POLR1A;POLD3"
"Programmed Cell Death R-HSA-5357801",0.986013986013986,1,0.0054335217582325,0.153771315750379,0.649779106776106,205,"CASP3;PSMA6;DCC;PSMD9;GSDME;TP53BP2;BBC3;ELANE;NMT1;IRF1;TANK;OMA1;FASLG;H1-5;PMAIP1;PSMD5;BAK1;CASP8;TICAM1;CHMP4C;GAS2;STK26;TP73;PPP1R13B;AKT3;BID;RIPK1;DAPK2;CASP1;MAPK8;CASP9;IRF2;TP53;BIRC3;UACA;PSMB11;UBB;AKT1;DSG3;TLR4;UNC5B;OCLN;MLKL;RRM1;MAPK1;PPP3R1;REXO2;DFFB;TP63;CASP7;IL1A;APAF1;MAPK3;CASP6;GSDMD;MED12;PSMB9;BCL2L11;DSG2;H1-3;BAX;YWHAG;PSMB3;TNFSF10;TNFRSF10A;CDKN2A;TJP1;H1-1;PKP1;LMNB1;BMX;DSPP"
"Protein Methylation R-HSA-8876725",0.922285714285714,1,0.0223699288741888,0.216110820632949,0.628022094292928,15,"KIN;CALM1;VCPKMT;METTL21A;CAMKMT"
"Protein Ubiquitination R-HSA-8852135",0.931034482758621,1,0.0137183520206939,0.172509682380548,0.672678045336963,73,"PEX13;H2BC1;H2BC14;UBE2J2;H2BC15;SELENOS;LEO1;HLTF;UBE2D1;H2BC11;H2BC9;H2BC3;UBE2C;UBE2A;UCHL3;UBB;UBE2R2"
"Protein-protein Interactions At Synapses R-HSA-6794362",0.500503524672709,1,0.0459538081039063,0.253520733769779,1.00365476080048,88,"SLITRK3;LRFN3;GRIN2D;LRFN4;SYT7;SHANK2;SLITRK5;LRRTM1;SHANK1;NLGN4X;APBA1;EPB41;SLITRK4;SIPA1L1;DLGAP1;HOMER1;SHANK3;LRRTM4;DLGAP3;SYT10;GRIA4;NRXN2;HOMER2;GRIA1;GRM5;SYT12;PPFIA4;GPRIN1;PPFIA1;LRRTM3;SYT9;STXBP1;GRM1;LIN7A;SYT1;PPFIA3;EPB41L1;IL1RAPL2;LRRTM2;NTRK3;GRIA3"
"Purine Catabolism R-HSA-74259",0.506912442396313,1,0.051530912208539,0.337900832247055,0.991767614286135,16,"XDH;NT5C1A;PPY;NUDT5;ADPRM;NT5C2;NUDT15;NUDT16;NUDT9;ITPA;NUDT18;NUDT1;NT5E"
"Pyroptosis R-HSA-5620971",0.475824175824176,1,0.0522693317499306,0.305393725522934,0.999755703155524,25,"CASP3;GSDME;ELANE;IRF1;BAK1;CHMP4C;CASP1;IRF2;TP53;TP63;IL1A;GSDMD;BAX"
"Pyruvate Metabolism And Citric Acid (TCA) Cycle R-HSA-71406",0.694444444444444,1,0.287857117255149,-0.16236326208306,-0.917056429753853,51,"MPC2;SLC16A1;IDH2;DLST;PDHX;LDHB;MDH2;MPC1;LDHA;LDHAL6A;HAGH;IDH3A;IDH3B"
"Pyruvate Metabolism R-HSA-70268",0.539473684210526,1,0.222056046145248,-0.182732443949172,-0.904109866117536,30,"MPC2;SLC16A1;PDHX;LDHB;MPC1;LDHA;LDHAL6A;HAGH"
"RAB GEFs Exchange GTP For GDP On RABs R-HSA-8876198",0.764408493427705,1,0.0259735747969448,0.214019693952379,0.846098616500823,87,"DENND2C;RAB39B;TRAPPC11;TRAPPC5;RAB38;RAB6B;RAB32;RAB10;RAB8B;ALS2;TRAPPC8;CHML;TRAPPC2L;TRAPPC2;RAB3IL1;TRAPPC6B;AKT3;SBF1;DENND2D;DENND6B;AKT1;RAB31;DENND4C;RIN3;ALS2CL;DENND4A;RAB3IP;MON1A"
"RAF Activation R-HSA-5673000",0.895522388059702,1,0.181383128498408,-0.157130231162743,-0.78202435418162,31,"PPP1CB;PPP2CB;PPP2CA;PPP1CC;MAP3K11"
"RAF-independent MAPK1/3 Activation R-HSA-112409",0.77924944812362,1,0.0294936424723046,0.243071046102587,0.784067804098027,23,"IL6R;DUSP9;JAK2;TYK2;MAPK1;DUSP8;MAPK3;MAP2K1;CDK1"
"RAF/MAP Kinase Cascade R-HSA-5673001",0.992007992007992,1,0.00409492237559551,0.157699449355638,0.676685805239267,267,"CAMK2A;PSMA6;DUSP9;FGF20;FLT3;PSMD9;SHC3;EGFR;MRAS;GRIN2D;CSF2;RASGRP4;NRG4;KSR2;FGF17;DAB2IP;CNKSR1;SPTBN4;IL2RG;GDNF;FGF10;GFRA2;FGG;NRTN;SPTA1;FGF7;NRG2;RASAL3;AREG;GFRA4;MAPK12;JAK2;ZDHHC9;PSMD5;ABHD17C;PSPN;TEK;EREG;RET;FGF19;ERBB4;KL;SPTBN2;IRS2;PIK3R2;RASGRP1;SPRED2;SHC2;FGA;FGF3;RNASE3;CALM1;PSMB11;BTC;KLB;UBB;NEFL;GFRA3;FGF8;FGFR4;RASAL1;PIK3CA;EPGN;SPNS1;EGF;ITGB3;CAMK2B;SPRED3;CNKSR2;MAPK1;KITLG"
"RHO GTPases Activate Formins R-HSA-5663220",0.897590361445783,1,0.0157837626630889,0.188153609644157,0.763563223046838,114,"SGO2;MRTFA;CENPQ;CENPO;CENPF;MAD1L1;CLIP1;SPC25;MAD2L1;KIF2B;DIAPH1;SCAI;AURKB;BUB1B;NUP107;SPC24;SKA2;KNTC1;CENPP;ZWILCH;NUP85;BUB1;CENPH;SPDL1;NUF2;KIF18A;CDCA8;DIAPH3"
"RHO GTPases Activate NADPH Oxidases R-HSA-5668599",0.723756906077348,1,0.0331626424471441,0.253819630621052,0.824583300034808,24,"CYBB;NOXO1;NOX1;NCF4;S100A8;S100A9;MAPK11;NOX3;MAPK1;MAPK3"
"RHOBTB2 GTPase Cycle R-HSA-9013418",0.603960396039604,1,0.179782316298324,-0.206073506220642,-0.936819701633136,22,"DDX39B;MYO6;HNRNPC;SRRM1;CDC37;CCT7;HSP90AB1"
"RHOF GTPase Cycle R-HSA-9035034",0.815400843881857,1,0.0247790185105207,0.213978892418021,0.766441546776945,40,"DIAPH1;BAIAP2L1;BASP1;SLC4A7;VANGL1;ARHGAP32;ACTN1;PIK3R2;SYDE1;DIAPH3;MTMR1;DIAPH2;AKAP12"
"RHOU GTPase Cycle R-HSA-9013420",0.973347547974414,1,0.0141641602737639,0.157142563995245,0.557197072406098,38,"ARHGAP30;PARD6A;ARHGEF6;VANGL1;PTK2B;PIK3R2;ITSN2;EPHA2;STAM;DEPDC1B;WWP2;ARHGAP31;STAM2;DLG5;NCK1;SPTBN1"
"RHOV GTPase Cycle R-HSA-9013424",0.525423728813559,1,0.257206466468838,-0.188918927931349,-0.977988727680024,36,"CDC42;TPM4;CCP110;DST;MAP3K11;WASL;TPM3;GIT2;CLTC;IQGAP1"
"RIP-mediated NFkB Activation Via ZBP1 R-HSA-1810476",0.8,1,0.0299195667151671,0.255408708796043,0.76093200136188,17,"TLR3;TICAM1;ZBP1;RIPK1;IKBKB;RIPK3;CHUK;MYD88;IKBKG;NKIRAS1;NFKBIB;NKIRAS2"
"RIPK1-mediated Regulated Necrosis R-HSA-5213460",0.678185745140389,1,0.0351652290409302,0.253800524392821,0.865043130232903,30,"TANK;FASLG;CASP8;RIPK1;BIRC3;UBB;MLKL;RRM1;TNFSF10;TNFRSF10A;PDCD6IP;RIPK3"
"RMTs Methylate Histone Arginines R-HSA-3214858",0.763157894736842,1,0.266350657088526,-0.151886105192505,-0.869449158406828,48,"H2AC6;SMARCB1;RPS2;SMARCE1;H2AB1;PRMT1"
"RNA Polymerase I Promoter Clearance R-HSA-73854",0.939148073022312,1,0.0129839954274655,0.168715287984224,0.657882320421497,73,"H2BC1;DPEP3;H2BC14;TAF1B;H2BC15;POLR1D;DPEP2;H3C7;POLR1B;POLR1H;H2BC11;H2BC9;H2BC3;CHD3;TAF1C;H2AC20;GTF2H4;UBTF;POLR1A;MAPK3;H2BC13;POLR1F;POLR1E;MTA3;GTF2H5;H2AC4;ERCC3;ERCC2;H2BC21;POLR2K;TBP;GTF2H3;MTA2;H2AC14"
"RNA Polymerase I Promoter Escape R-HSA-73772",0.886128364389234,1,0.0187775930480379,0.187180060567307,0.703065042707612,55,"H2BC1;H2BC14;TAF1B;H2BC15;POLR1D;H3C7;POLR1B;POLR1H;H2BC11;H2BC9;H2BC3;TAF1C;H2AC20;GTF2H4;UBTF;POLR1A;H2BC13;POLR1F;POLR1E;GTF2H5;H2AC4;ERCC3;ERCC2;H2BC21;POLR2K;TBP;GTF2H3"
"RNA Polymerase I Promoter Opening R-HSA-73728",0.798701298701299,1,0.027237219988033,0.229619122537671,0.778416138249475,29,"H2BC1;H2BC14;H2BC15;DPEP2;H3C7;H2BC11;H2BC9;H2BC3;H2AC20;UBTF;MAPK3;H2BC13"
"RNA Polymerase I Transcription Initiation R-HSA-73762",0.852237252861602,1,0.0215076161724576,0.200124433872699,0.730541484513133,44,"DPEP3;TAF1B;POLR1D;POLR1B;POLR1H;CHD3;TAF1C;GTF2H4;UBTF;POLR1A;POLR1F;POLR1E;MTA3;GTF2H5;ERCC3;ERCC2;POLR2K;TBP;GTF2H3;MTA2"
"RNA Polymerase I Transcription R-HSA-73864",0.940936863543788,1,0.0131702144400005,0.166733600396888,0.649947004800605,74,"H2BC1;DPEP3;H2BC14;TAF1B;H2BC15;POLR1D;DPEP2;H3C7;POLR1B;POLR1H;H2BC11;H2BC9;H2BC3;CHD3;TAF1C;H2AC20;GTF2H4;UBTF;POLR1A;MAPK3;H2BC13;POLR1F;POLR1E;MTA3;GTF2H5;H2AC4;ERCC3;ERCC2;H2BC21;POLR2K;TBP;GTF2H3;MTA2;H2AC14"
"RNA Polymerase I Transcription Termination R-HSA-73863",0.496753246753247,1,0.0495901956956338,0.289326549747254,0.98082621803571,29,"TAF1B;POLR1D;POLR1B;POLR1H;TAF1C;GTF2H4;UBTF;POLR1A;POLR1F;POLR1E;GTF2H5;ERCC3;ERCC2;POLR2K;TBP;GTF2H3"
"RNA Polymerase II Pre-transcription Events R-HSA-674695",0.671566960071716,1,NA,-0.138530142022242,-0.903922645784305,78,"POLR2I;TAF10;TAF2;SSRP1;POLR2L;TAF15;TAF7;CDK9;CDK7;POLR2F;ELOA2;POLR2A"
"RNA Polymerase II Transcribes snRNA Genes R-HSA-6807505",0.937881873727088,1,0.0134461833974729,0.169630152891891,0.661238103978535,74,"TAF8;TAF11;INTS2;ICE1;ICE2;RPAP2;INTS12;INTS1;INTS4;CCNT1;TAF5;POU2F1;GTF2B;INTS14;SUPT4H1;TAF9;SUPT5H;NABP1;POU2F2;CCNK;NABP2;SNAPC4;CCNT2;RPRD1A;INTS8;GTF2F1;GTF2F2;SNAPC1;SNAPC5;POLR2K;INTS5;TBP;INTS6;POLR2B;ZC3H8"
"RNA Polymerase III Abortive And Retractive Initiation R-HSA-749476",0.625131995776135,1,0.0379271467108098,0.253880140923956,0.907909099007291,39,"POLR3G;POLR3B;GTF3C6;POLR1D;POLR3F;GTF3C4;CRCP;POLR3C;POU2F1;POLR3D;POLR3GL;NFIA;BRF2;BDP1;POLR3H;SNAPC4;SNAPC1;SNAPC5;POLR2K;TBP"
"RNA Polymerase III Transcription Initiation R-HSA-76046",0.447284345047923,1,0.0536769600638126,0.289550640850449,1.01606619307122,35,"POLR3G;POLR3B;GTF3C6;POLR1D;POLR3F;GTF3C4;CRCP;POLR3C;POU2F1;POLR3D;POLR3GL;BRF2;BDP1;POLR3H;SNAPC4;SNAPC1;SNAPC5;POLR2K;TBP"
"RNA Polymerase III Transcription Termination R-HSA-73980",0.502217294900222,1,0.0501934252649434,0.313426129787412,0.987583440067031,21,"POLR3G;POLR3B;POLR1D;POLR3F;CRCP;POLR3C;POLR3D;POLR3GL;NFIA;POLR3H"
"RND1 GTPase Cycle R-HSA-9696273",0.799158780231335,1,0.0256927476530375,0.219009094359407,0.789991102811709,42,"PLEKHG5;ANKRD26;GRB7;RND1;VANGL1;MUC13;KIF14;FAM83B;PIK3R2;ARHGAP35;HOMER2;EPSTI1;EPHA2;DEPDC1B;STMN2;DSPP;FAM135A;RRAS2;FRS2;DLG5"
"RND2 GTPase Cycle R-HSA-9696270",0.635120925341746,1,0.036993251998507,0.249405534581296,0.899634574023153,42,"ANKRD26;RND2;VANGL1;CKAP4;NISCH;MUC13;KIF14;FAM83B;PIK3R2;TNFAIP1;LRRC1;ARHGAP35"
"RND3 GTPase Cycle R-HSA-9696264",0.740273396424816,1,0.0296354881939192,0.231418357761499,0.83475274939435,42,"PLEKHG5;ANKRD26;VANGL1;CKAP4;NISCH;MUC13;FAM83B;PIK3R2;TNFAIP1;RND3;ARHGAP35;HOMER2;SCRIB;EPHA2"
"RORA Activates Gene Expression R-HSA-1368082",0.992009132420091,1,0.0177814832001704,0.151626580712849,0.458768827577007,18,"CREBBP;TBL1XR1;NCOA6;NCOA1;LIN9;PPARA;RORA;NCOA2;HELZ2;CPT1A;EP300;CHD9;SMARCD3;TBL1X;MBD4;CARM1;RXRA"
"ROS And RNS Production In Phagocytes R-HSA-1222556",0.597030752916225,1,0.0402477565068868,0.261888216101678,0.923097669340761,36,"CYBB;ATP6V1G3;NCF4;ATP6V1A;ATP6V0A2;ATP6V1H;NANOS1;ATP6V0A4;ATP6V1B1;ATP6V1E2;NANOS2;ATP6V0D2;LPO;ATP6V1C2;SLC11A1;ATP6V1D"
"RUNX1 Regulates Genes Involved In Megakaryocyte Differentiation And Platelet Function R-HSA-8936459",0.905154639175258,1,0.01707634511757,0.184109788386627,0.701544273319773,63,"H2BC1;AGO4;H2BC14;GATA1;H2BC15;TNRC6C;GP1BA;H3C7;PRMT6;ZFPM1;H2BC11;H2BC9;SETD1B;H2BC3"
"RUNX2 Regulates Bone Development R-HSA-8941326",0.609307359307359,1,0.0402477565068868,0.270196551966319,0.915974916311423,29,"HDAC4;HDAC3;ZNF521;GLI2;AREG;RUNX2;BGLAP;MAPK1;RB1;MAPK3"
"RUNX2 Regulates Osteoblast Differentiation R-HSA-8940973",0.795805739514349,1,0.0284333438791734,0.237151770486582,0.764974154284496,23,"HDAC3;ZNF521;AREG;RUNX2;BGLAP;MAPK1;RB1;MAPK3"
"Rab Regulation Of Trafficking R-HSA-9007101",0.83851554663992,1,0.0202691096367175,0.200400007858951,0.81543605837753,118,"DENND2C;RAB39B;TRAPPC11;MAP1LC3B;TRAPPC5;RAB38;RAB6B;RAB32;TBC1D10C;RAB10;RAB8B;ALS2;TRAPPC8;CHML;TBC1D14;TRAPPC2L;TBC1D24;SYTL1;RAB33B;TRAPPC2;RAB3IL1;TRAPPC6B;AKT3;SBF1;DENND2D;DENND6B;AKT1;RABEP1;GGA2;RAB31;DENND4C;RIN3;ALS2CL;DENND4A;RAB3IP;MON1A"
"Rap1 Signaling R-HSA-392517",0.873134328358209,1,0.12563992130984,-0.178405052916031,-0.71888277030063,16,"RAP1A;PRKACB;SIPA1;YWHAZ;RAP1B"
"Ras Activation Upon Ca2+ Influx Thru NMDA Receptor R-HSA-442982",0.871476888387824,1,0.0247790185105207,0.223463262159699,0.68908579040364,19,"CAMK2A;GRIN2D;CALM1;NEFL;CAMK2B;GPRIN1;CAMK2G;MPP3;HRAS;GRIN2B"
"Receptor-type Tyrosine-Protein Phosphatases R-HSA-388844",0.661036036036036,1,0.0383205781976994,0.283005317684238,0.882889634686611,20,"SLITRK3;SLITRK5;SLITRK4;PPFIA4;PPFIA1;PPFIA3;IL1RAPL2;NTRK3;SLITRK2;PTPRD;IL1RAP;LRRC4B;IL1RAPL1;PTPRF"
"Recognition Of DNA Damage By PCNA-containing Replication Complex R-HSA-110314",0.884615384615385,1,0.16823816568964,-0.151981551992278,-0.758064237553332,29,"RBX1;RPS27A;DDB1;POLD2;UBA52;POLE4;RPA3;CUL4B;POLD1;UBE2B;PCNA;RAD18;WDR48;RFC5;POLD4;POLE3;SLC19A1;RFC2;CUL4A;POLD3;RFC4;POLR1A;DTL;POLE2;USP1;RFC3;UBB;POLE;POLR1B"
"Recruitment And ATM-mediated Phosphorylation Of Repair And Signal Proteins At DNA Double Strand Breaks R-HSA-5693565",0.442842430484037,1,0.0525898950623616,0.275907521084411,1.0399488955106,56,"ABRAXAS1;H2BC1;H2BC14;CNKSR3;H2BC15;BRCC3;H2BC11;H2BC9;RNF168;RAD50;MAPK8;UBE2I;H2BC3;TP53;UBB;CHEK2;MDC1;EYA4;KDM4A;ATM;BABAM1;EYA1;H2BC13;PPP5C;H3-4"
"Recruitment Of NuMA To Mitotic Centrosomes R-HSA-380320",0.935288169868554,1,0.0130773356900516,0.169544473254589,0.66644585149223,79,"SFI1;CEP63;NEDD1;HAUS2;CEP192;CEP70;TUBG1;HAUS7;AKAP9;CEP152;TUBGCP5;TUBGCP6;MZT2B;NME7;HAUS6;CEP164;CEP135;DCTN3;MZT2A;CEP131;HAUS3;PLK4;NINL;ODF2;TUBGCP2;ACTR1A;CEP76;CENPJ;YWHAG;TUBA4A;NEK2;CEP43"
"Recycling Of Bile Acids And Salts R-HSA-159418",0.776255707762557,1,0.0313490001730997,0.263250080261314,0.796502368603512,18,"SLC51A;BAAT;NR1H4;SLCO1B1;NCOA1;SLC10A1;SLC10A2;ALB;ABCB11;NCOA2;STARD5;SLCO1B3;SLC51B"
"Regulated Necrosis R-HSA-5218859",0.543478260869565,1,0.0434506826723125,0.2611364927988,0.980852014395446,55,"CASP3;GSDME;ELANE;IRF1;TANK;FASLG;BAK1;CASP8;CHMP4C;RIPK1;CASP1;IRF2;TP53;BIRC3;UBB;MLKL;RRM1;TP63;IL1A;GSDMD;BAX;TNFSF10;TNFRSF10A"
"Regulation Of FZD By Ubiquitination R-HSA-4641263",0.67869222096956,1,0.0371479221137289,0.281450594237074,0.867899283824226,19,"ZNRF3;RSPO3;RSPO2;UBB;LGR4;FZD8;RSPO1;FZD6;FZD4;RNF43"
"Regulation Of Gene Expression In Beta Cells R-HSA-210745",0.449324324324324,1,0.0560595875032335,0.328235042034704,1.02399247733112,20,"IAPP;INS;SLC2A2;FOXA3;AKT3;RFX6;AKT1"
"Regulation Of HSF1-mediated Heat Shock Response R-HSA-3371453",0.964610717896865,1,0.0101263868834473,0.153674568845117,0.604064390426323,79,"NDC1;BAG1;DNAJB1;SERPINA2;HSPA4L;NUP107;POLR1B;NUP85;HSPH1;BAG2;UBB;BAG4;NUP42;DNAJC2;MAPK1;NUP210;POLR1A;ATM;MAPK3;COL4A6;NUP88;CCAR2;HSPA12B;BAG5;RNASE7;NUP43;NUP58;HSPA1B;HSPA12A;NUP153;NUP205;NUP160;HSPA1L;DEDD2;SEC13;HSF1;NUP214;HSPA6;HSPA1A;NUP155;FKBP4;GML;NUP37"
"Regulation Of IFNA/IFNB Signaling R-HSA-912694",0.868421052631579,1,0.138022242496643,-0.172543871490549,-0.757344591078757,20,"USP18;STAT2;STAT1;PTPN11;IFNAR2;IFNA14"
"Regulation Of IGF Transport And Uptake By IGFBPs R-HSA-381426",0.848697394789579,1,0.0194541744944906,0.197776540542427,0.807748207920689,122,"PAPPA;F5;LAMB1;TRIM26;VWA1;KLK1;TNNI3;ENAM;STC2;FGG;APOA1;HRC;GPC3;AHSG;KLK13;BPIFB2;GOLM1;PLG;CKAP4;LMNB2;MSLN;FAM20A;MMP2;FBN1;FGA;MATN3;GZMH;CTSG;PAPPA2;AMBN;PPP3CA"
"Regulation Of Insulin Secretion R-HSA-422356",0.721544715447154,1,0.0292103127923884,0.224505650509474,0.877059528087146,77,"ITPR1;GNG13;GNA14;CACNA1A;INS;SLC2A2;KCNB1;PRKAR1B;GNB5;SYT5;CACNA1E;PRKACG;CACNB3;GCG;CACNA1D;ABCC8;GNG10;GNB1;ADRA2C;GNG3;GNG4;AKAP5;GNGT2;GNG2;GNGT1"
"Regulation Of KIT Signaling R-HSA-1433559",0.975806451612903,1,0.0194541744944906,0.183751390196773,0.539325921943781,16,"SOCS6;SH2B2;CBL;KITLG;SOS1;LCK;SOCS1"
"Regulation Of MECP2 Expression And Activity R-HSA-9022692",0.761497326203209,1,0.0290688186426821,0.235885903333542,0.811921740819487,31,"CAMK2A;HDAC3;AGO4;AURKB;TNRC6C;TBL1XR1;CALM1"
"Regulation Of NF-kappa B Signaling R-HSA-9758274",0.532571428571429,1,0.0488970772260102,0.327342034560769,0.975240940930886,17,"TRAF6;TANK;NLRX1;CASP8;TP53;UBB;NLRC5;LRRC14;IKBKB;CHUK;IKBKG"
"Regulation Of Necroptotic Cell Death R-HSA-5675482",0.71943231441048,1,0.0328701032730105,0.254640904576426,0.854657791346195,28,"TANK;FASLG;CASP8;RIPK1;BIRC3;UBB;MLKL;TNFSF10;TNFRSF10A;PDCD6IP;RIPK3"
"Regulation Of PTEN Gene Transcription R-HSA-8943724",0.579055441478439,1,0.0401660980049421,0.251646527432431,0.957355552670068,60,"RNF2;HDAC3;DPEP3;EED;GDNF;RRAGD;SCMH1;SNAI1;CHD3;TP53;NR2E1;MECOM;SALL4;SUZ12;MAPK1;REST;PTEN;MAPK3;RRAGB;RPTOR;PPARG;MLST8;MTA3"
"Regulation Of RUNX1 Expression And Activity R-HSA-8934593",0.955428571428571,1,0.0202691096367175,0.194365587518649,0.579067942528725,17,"AGO4;TNRC6C;CDK6;PML"
"Regulation Of Signaling By CBL R-HSA-912631",0.531746031746032,1,0.170932335370056,-0.224920576473296,-0.949997080292378,18,"YES1;CRKL;FYN;GRB2"
"Regulation Of TLR By Endogenous Ligand R-HSA-5686938",0.575342465753425,1,0.0453152441270267,0.31195573428781,0.943868586908094,18,"LBP;GSDME;FGG;S100A8;S100A9;FGA;TLR4"
"Regulation Of TNFR1 Signaling R-HSA-5357905",0.954206602768903,1,0.0156180851425484,0.17294515086971,0.604367868724906,34,"TANK;CASP8;SPPL2A;RIPK1;BIRC3;UBB;TAX1BP1;SPPL2B;IKBKB;CHUK;IKBKG;CYLD;RBCK1;SHARPIN;OTULIN;TNFRSF1A;MADD;XIAP;RNF31"
"Regulation Of TP53 Activity R-HSA-5633007",0.907092907092907,1,0.0146010500585968,0.188952988076963,0.782403093736674,155,"TAF11;TAF3;DPEP3;POU4F1;TP53BP2;RAD17;TAF4;RHNO1;CDK5R1;AURKB;PRKAG3;SERPINA2;STK11;POU4F2;RBBP8;POLR1B;RICTOR;TP73;PPP1R13B;RMI1;RAD50;TAF7L;AKT3;SMYD2;TAF5;HIPK1;CHD3;MAPK11;CHEK1;TP53;UBB;RFC3;AKT1;PRKAA2;PRKAG2;MAPKAP1;ING5;PRKAG1;CHEK2;PPP1R13L;RNF34;L3MBTL1;DNA2;TP63;POLR1A;PRKAB2;ATM;TAF9;BANP;WRN;CCNA2;ING3;RFC4;PRDM1;TAF9B;PIP4K2B;PML;RMI2;CDKN2A;PHF20;PLK3;MLST8;RAD9B"
"Regulation Of TP53 Activity Thru Acetylation R-HSA-6804758",0.705128205128205,1,0.190023305279108,-0.175521512458719,-0.875478502305251,29,"PIP4K2A;KAT6A;PDZD2;MEAF6;HDAC2;GATAD2B"
"Regulation Of TP53 Activity Thru Methylation R-HSA-6804760",0.90296803652968,1,0.0235084845013289,0.218010854887668,0.65962434703509,18,"SMYD2;TP53;UBB;CHEK2;L3MBTL1;ATM"
"Regulation Of TP53 Activity Thru Phosphorylation R-HSA-6804756",0.583081570996979,1,0.0389556479965885,0.243027270373698,0.962112539230839,88,"TAF11;TAF3;RAD17;TAF4;RHNO1;CDK5R1;AURKB;PRKAG3;SERPINA2;STK11;RBBP8;POLR1B;RMI1;RAD50;TAF7L;TAF5;HIPK1;MAPK11;CHEK1;TP53;UBB;RFC3;PRKAA2;PRKAG2;PRKAG1;CHEK2;DNA2;POLR1A;PRKAB2;ATM;TAF9;WRN;CCNA2;RFC4;TAF9B"
"Regulation Of TP53 Expression And Degradation R-HSA-6806003",0.474576271186441,1,0.271288554688953,-0.195212261469729,-1.01056783093591,36,"SGK1;PPP2CB;PRR5;RPS27A;PPP2CA"
"Removal Of Flap Intermediate From C-strand R-HSA-174437",0.858267716535433,1,0.130777137971974,-0.174908951316024,-0.727974244659128,17,"TERF2IP;FEN1;TINF2;POLD2;TERF2;RPA3;TERF1;POLD1;PCNA;POT1;POLD4;ACD;POLD3;WRN;POLR1A;DNA2"
"Reproduction R-HSA-1474165",0.642211055276382,1,0.0343431191135615,0.232293102339109,0.940503790300866,110,"CATSPER3;ADAM20;H2BC1;H2BC14;ZP4;SYNE2;H2BC15;REC8;SYCP2;SERPINA2;KCNU1;SPAM1;H3C7;SMC1B;STAG3;SPO11;RBBP8;POLR1B;B4GALT1;ADAM2;MLH1;ZP3;SYNE1;H2BC11;H2BC9;IZUMO2;RAD50;PSMC3IP;CATSPERB;SYCP3;CATSPER4;PMEPA1;UBE2I;H2BC3;SYCE3;SYCE1"
"Resolution Of AP Sites Via Multiple-Nucleotide Patch Replacement Pathway R-HSA-110373",0.993406593406593,1,0.014944717875289,0.148925954391429,0.487533173760405,25,"LRIG1;POLR1B;POLE;PARG;RFC3;POLE2;POLR1A;RFC4;POLD3"
"Resolution Of Abasic Sites (AP Sites) R-HSA-73933",0.864605543710021,1,0.0220834140571177,0.204218436314423,0.72411899076046,38,"OGG1;LRIG3;LRIG1;SMUG1;POLR1B;POLE;PARG;RFC3;POLE2;NEIL1;POLR1A;RFC4;POLD3;MUTYH;MPG;NTHL1;POLG2;RFC2"
"Resolution Of Sister Chromatid Cohesion R-HSA-2500257",0.674044265593561,1,0.0320704174637537,0.228542949139204,0.921985359627265,104,"SGO2;CENPQ;CENPO;CENPF;MAD1L1;CLIP1;CCNB1;SPC25;MAD2L1;CCNB2;KIF2B;AURKB;BUB1B;NUP107;SPC24;SKA2;KNTC1;CENPP;ZWILCH;NUP85;BUB1;CENPH;SPDL1;NUF2;KIF18A;PMEPA1;CDCA8"
"Response Of EIF2AK1 (HRI) To Heme Deficiency R-HSA-9648895",0.741714285714286,1,0.0336033244336697,0.275666314220301,0.80109147462212,15,"TRIB3;EIF2S3;ATF5"
"Response Of Mtb To Phagocytosis R-HSA-9637690",0.46,1,0.208955027549354,-0.230291729128193,-1.00615153577587,21,"RAB7A;RPS27A;RNF213;PGK1;ENO1;KPNB1"
"Retrograde Transport At Trans-Golgi-Network R-HSA-6811440",0.924921793534932,1,0.016356070983033,0.181075083577182,0.664542311082318,46,"RAB6B;COG3;GCC2;COG4;GOLGA1;USP6NL;COG8;NAA30;VAMP4;COG7;SCOC;STX6;VPS51;RABEPK;ARFIP2;COG1;SYS1;ARFRP1;RAB6A;TMF1;NSF;M6PR;VPS54;COG5;RAB9B;RIC1"
"Rev-mediated Nuclear Export Of HIV RNA R-HSA-165054",0.826411075612354,1,0.024567800621605,0.21403383247405,0.747954889263219,34,"NDC1;NUP107;NUP85;RCC1;NUP42;NUP210;NUP88;RNASE7;NUP43;NUP58;NUP153;NUP205;NUP160;RANGAP1;SEC13;NUP214;NUP155"
"Role Of Phospholipids In Phagocytosis R-HSA-2029485",0.580110497237569,1,0.0434506826723125,0.285731150670414,0.928254188086475,24,"ITPR1;PLA2G6;CD247;PIK3R2;PLD2;PIK3CA;PRKCE"
"S Phase R-HSA-69242",0.978021978021978,1,0.00683906706351732,0.161467858498827,0.669882440281196,160,"PSMA6;MCM6;GMNN;PSMD9;ORC6;ORC4;WEE1;GINS3;CDC6;LRIG1;E2F4;PSMD5;GINS1;UBE2D1;CDC25A;POLR1B;POLE;GINS4;LIN54;AKT3;POLA1;PMEPA1;PRIM2;ANAPC1;UBE2C;ESCO1;MCM4;PSMB11;UBB;CABLES1;CCNE2;RFC3;SLC25A2;CCNE1;AKT1;LIN52;CDCA5;ORC5;POLE2;DNA2;ESCO2;POLR1A;RB1;CCNA2;PSMB9;RFC4"
"SARS-CoV-1 Infection R-HSA-9678108",0.973029045643154,1,0.0118236229287788,0.152954869526132,0.567638901953528,49,"MAP1LC3B;ST3GAL3;MOGAT1;TMPRSS2;CHMP4C;ST6GALNAC2;UBE2I;BECN1;PARP4;UBB;ST6GALNAC4;HOXC13;RB1;ACE2;ST3GAL1;PARP9;SUMO1;CHMP2A;UVRAG"
"SARS-CoV-2 Activates/Modulates Innate And Adaptive Immune Responses R-HSA-9705671",0.910642570281124,1,0.0146874349112173,0.185606643773905,0.753227149917239,114,"NDC1;IFNA6;TRAF6;NOD2;MASP1;TAB3;IL17RC;SEC24D;IRF3;TRIM25;IFNA8;NUP107;TRAF3;CREBBP;NUP85;MBL2;BECN1;TRIM4;TLR7;SFTPD;RNF135;TYK2;SIKE1;NLRP3;IFNA5;TLR8;IRF7;NUP42;SEC23A;NUP210;HOXC13;TKFC;HLA-G;NUP88;NLRP12;IRAK1;RNASE7;IKBKB;NUP43;RIPK2;NUP58;IFNAR1;SEC24A;CHUK;TAB2;NUP153;IKBKG;MASP2;STING1;NUP205;NUP160;IFIH1;SEC24C;SEC13;IKBKE;NUP214;SEC24B;IFNA2"
"SHC-mediated cascade:FGFR1 R-HSA-5654688",0.458333333333333,1,0.0551351763385257,0.326298720945985,1.01795175049021,20,"FGF20;FGF17;FGF10;KL;FGF3;FGF8;FGF23;FGF13;SOS1;SHC1;FGF5"
"SHC-mediated cascade:FGFR3 R-HSA-5654704",0.603428571428571,1,0.0431901998334182,0.30993024788327,0.923366493320035,17,"FGF20;FGF17;FGF8;FGF23;FGF13;SOS1;SHC1;FGF5;FGF18"
"SHC1 Events In ERBB2 Signaling R-HSA-1250196",0.455654101995565,1,0.0546808488785442,0.323838976149262,1.02039357825781,21,"EGFR;NRG4;NRG2;EREG;ERBB4;BTC;EGF;PRKCE;SOS1;SHC1"
"SIRT1 Negatively Regulates rRNA Expression R-HSA-427359",0.846645367412141,1,0.0232248320654428,0.209609730462023,0.732494582393762,34,"H2BC1;H2BC14;TAF1B;H2BC15;H3C7;H2BC11;H2BC9;H2BC3;TAF1C"
"SLC-mediated Transmembrane Transport R-HSA-425407",0.523476523476524,1,0.0435378240914002,0.232381728713964,0.992564020094952,247,"SLC5A4;RHCG;MFSD4B;SLC25A10;SLC8A3;SLC8B1;LCN15;SLC9A7;RHAG;SLC30A8;SLC22A16;EMB;SLC4A8;SLC43A1;SLC22A5;SLC13A4;SLC25A4;SLC34A1;SLC16A7;AHCYL2;SLC4A10;SLC9A8;SLC5A2;SLC2A2;SLC1A5;SLC5A7;SLC4A9;SLC1A1;SLC34A2;SLC4A7;SLC17A7;RHBG;SLC25A22;SLC43A2;SLC5A8;HEPH;SLC14A1;SLC26A4;SLC24A3;SLC2A14;RSC1A1;SLC17A1;SLC6A14;SLC6A11;SLC18A2;SLC2A13;SLC8A2;SLC35C1;SLC28A2;SLC17A6;SLC6A12;SLC2A12;SLC1A4;SLC5A3;SLC12A5;SLC27A6;SLC22A6;SLCO2A1;SLC30A1;SLC41A1;SLC2A9;SLC22A4;SLC9A1;SLC35B4;CALM1;SLC12A3;SLCO1B1;SLC22A12;SLC6A18;NLRP3;SLC26A3;SLC20A1;SLC9A3;SLC29A2;SLC2A7;SLC24A5;SLC44A5;SLC15A3;SLC15A1;SLC9A2;SLC47A2;SLCO2B1;SLC22A18;SLC6A13;SLC30A7;SLC3A1;SLC31A1;SLC2A10;SLC6A5;SLC17A8;SLC40A1;SLC29A1;SLC4A3;SLC11A1;SLC13A5;SLC12A1;SLC30A5;SLCO1C1;SLC9A4;SLC7A3;SLC29A3;SLC28A3;SLC15A2;SLC8A1;SLC7A6;SLC1A7;SLC4A1;SLC39A14;SLC22A11;SLC2A8;SLC2A4;SLC36A2;SLC7A8;SLC5A12;SLC16A2;SLC30A10;SLC7A1;SLC28A1;SLC39A2;CP;SLC24A1;SLC16A10;SLC12A6;SLC22A3;CTNS;SLC44A3;SLC7A9;SLC7A7;PDZD11;SLC4A2;SLC35A2"
"SMAD2/SMAD3:SMAD4 Heterotrimer Regulates Transcription R-HSA-2173796",0.955271565495208,1,0.0155348639580133,0.172211676638516,0.604310396863821,35,"E2F4;CCNC;CCNT1;CDK8;RBL1;UBB;MAPK1;MAPK3;RNF111;SMAD3;TGIF2;CCNK;RNASEH2A;CCNT2;TFDP2;CDKN2B;SERPINE1;FURIN;E2F5"
"SUMO E3 Ligases SUMOylate Target Proteins R-HSA-3108232",0.994005994005994,1,0.00354273909070668,0.138583179093575,0.575790126505309,166,"MRTFA;RNF2;HDAC4;NDC1;NR1I2;TFAP2A;NR5A1;DNMT3B;TFAP2B;TOP2A;THRB;SCMH1;AURKB;AREG;NUP107;CREBBP;MITF;NR1H4;NUP85;RNF168;XPC;NR5A2;PMEPA1;FOXL2;CDCA8;UBE2I;CHD3;ESR1;TP53;NSMCE4A;NR4A2;VDR;DNMT1;SMC5;SUZ12;NUP42;MDC1;HIC1;NUP210;NCOA1;PPARGC1A;POLR1A;SMC6;WRN;XRCC4;NUP88;ING3;RAD52"
"SUMOylation Of Chromatin Organization Proteins R-HSA-4551638",0.993788819875776,1,0.00942834302346016,0.134623170584769,0.505656664976775,55,"RNF2;HDAC4;NDC1;SCMH1;NUP107;NUP85;UBE2I;CHD3;SUZ12;NUP42;NUP210;NUP88;PCGF2;RNASE7;NUP43;SUMO1;NUP58;NUP153;ZBED1;PIAS1;NUP205;NUP160;SEC13;NUP214;L3MBTL2"
"SUMOylation Of DNA Damage Response And Repair Proteins R-HSA-3108214",0.964358452138493,1,0.0108943796561199,0.154840798878766,0.603587478544398,74,"RNF2;NDC1;SCMH1;NUP107;NUP85;RNF168;XPC;PMEPA1;UBE2I;NSMCE4A;SMC5;NUP42;MDC1;NUP210;POLR1A;SMC6;WRN;XRCC4;NUP88;RAD52;PML;PCGF2;CDKN2A;RNASE7;NUP43;SUMO1;NUP58;NUP153;PIAS1;NUP205;NUP160;CETN2;SEC13;NSMCE3;NUP214;HERC2;NUP155"
"SUMOylation Of DNA Methylation Proteins R-HSA-4655427",0.677714285714286,1,0.0378487722705029,0.295256162047719,0.858019939487611,15,"RNF2;DNMT3B;SCMH1;UBE2I;DNMT1"
"SUMOylation Of DNA Replication Proteins R-HSA-4615885",0.861602497398543,1,0.0208547494438027,0.196781891767584,0.718339747702365,44,"NDC1;TOP2A;AURKB;NUP107;NUP85;CDCA8;UBE2I;NUP42;NUP210;NUP88;RNASE7;NUP43;SUMO1;NUP58;NUP153;NUP205;NUP160;RANGAP1;SEC13;NUP214;NUP155;PIAS3;NUP37"
"SUMOylation Of RNA Binding Proteins R-HSA-4570464",0.993736951983299,1,0.0103504582782501,0.125919989610333,0.46036059723068,45,"RNF2;NDC1;SCMH1;NUP107;NUP85;UBE2I;NUP42;NUP210;NUP88;PCGF2;RNASE7;NUP43;SUMO1;NUP58;NUP153;NUP205;NUP160;SEC13;NUP214"
"SUMOylation Of SUMOylation Proteins R-HSA-4085377",0.856230031948882,1,0.0225842720346634,0.207112471515874,0.723767751607536,34,"NDC1;NUP107;NUP85;UBE2I;NUP42;NUP210;NUP88;RNASE7;NUP43;SUMO1;NUP58;NUP153;NUP205;NUP160;SEC13;NUP214;NUP155"
"SUMOylation Of Transcription Factors R-HSA-3232118",0.774520856820744,1,0.0308468245215279,0.254894135253159,0.786008066662208,19,"TFAP2A;TFAP2B;MITF;FOXL2;UBE2I;TP53;HIC1;CDKN2A;MDM2;SUMO1;PIAS1"
"SUMOylation Of Ubiquitinylation Proteins R-HSA-3232142",0.845415778251599,1,0.0233667307764121,0.207932618324409,0.737288760234311,38,"NDC1;NUP107;NUP85;UBE2I;NUP42;NUP210;NUP88;PML;RNASE7;MDM2;NUP43;SUMO1;NUP58;NUP153;PIAS1;NUP205;NUP160;SEC13;NUP214;NUP155"
"SUMOylation R-HSA-2990846",0.992007992007992,1,0.00409492237559551,0.142583896237252,0.593652189445784,172,"MRTFA;RNF2;HDAC4;NDC1;NR1I2;TFAP2A;NR5A1;DNMT3B;TFAP2B;TOP2A;THRB;SCMH1;AURKB;AREG;RWDD3;NUP107;CREBBP;MITF;NR1H4;NUP85;RNF168;XPC;NR5A2;PMEPA1;FOXL2;CDCA8;UBE2I;CHD3;ESR1;TP53;NSMCE4A;NR4A2;VDR;DNMT1;SMC5;SENP5;SUZ12;NUP42;MDC1;HIC1;NUP210;NCOA1;PPARGC1A;POLR1A;SMC6;WRN;XRCC4;NUP88;ING3;RAD52"
"Sema3A PAK Dependent Axon Repulsion R-HSA-399954",0.514925373134328,1,0.16823816568964,-0.23142804827435,-0.932538814060593,16,"RNASE1;FYN"
"Sensory Processing Of Sound By Inner Hair Cells Of Cochlea R-HSA-9662360",0.641104294478528,1,0.0352404270679709,0.238905167979854,0.918236227075172,67,"TMC1;ESPNL;CAPZA1;KCNMB1;TMC2;GRXCR2;PLS1;CACNA1D;STRC;BSN;CLIC5;USH1C;EZR;LRRC52;CABP1;TRIOBP;MYO3B;PJVK;USH1G;CABP2;MYO1E;MYO3A;SLC17A8;CACNB2;CAPZA2;SYN1;EPB41L1;XIRP2;ATP2B1;CACNA2D2;GRXCR1;RIPOR2;ESPN;CIB2;RAB3A;SPTBN1;MYO15A;STX1A;PCDH15;TWF1;OTOF;EPS8;TMIE"
"Sensory Processing Of Sound By Outer Hair Cells Of Cochlea R-HSA-9662361",0.474663908996898,1,0.0495901956956338,0.271152762344805,1.0181875076061,53,"TMC1;CHRNA9;ESPNL;CHRNA10;KCNMB1;OTOG;TMC2;GRXCR2;OTOGL;PLS1;STRC;CLIC5;USH1C;KCNN2;EZR;TRIOBP;MYO3B;PJVK;USH1G;SLC26A5;MYO1E"
"Sensory Processing Of Sound R-HSA-9659379",0.44421906693712,1,0.0517405459873163,0.264879231048928,1.03483120163958,75,"TMC1;CHRNA9;ESPNL;CAPZA1;CHRNA10;KCNMB1;OTOG;TMC2;GRXCR2;OTOGL;PLS1;CACNA1D;STRC;BSN;CLIC5;USH1C;KCNN2;EZR;LRRC52;CABP1;TRIOBP;MYO3B;PJVK;USH1G;SLC26A5;CABP2;MYO1E;MYO3A;SLC17A8;CACNB2;CAPZA2;SYN1;EPB41L1;XIRP2;ATP2B1;CACNA2D2;KIF20B;GRXCR1;RIPOR2;ESPN;CIB2;RAB3A;SPTBN1;MYO15A;STX1A;PCDH15;TWF1;OTOF;EPS8;TMIE"
"Serotonin Neurotransmitter Release Cycle R-HSA-181429",0.457762557077626,1,0.055826471778749,0.337849112030075,1.02221286198823,18,"SYN2;CPLX1;SLC18A2;SYN3;RIMS1;PPFIA4;PPFIA1;STXBP1;SYN1;SYT1;PPFIA3;RAB3A;STX1A;UNC13B"
"Signal Amplification R-HSA-392518",0.94331550802139,1,0.0167582341026205,0.18118494461338,0.62907523394822,33,"GNG13;GNA14;GNB5;GNG10;GNB1;GNG3;GNG4;GNGT2;PLA2G4A;GNG2;GNGT1;P2RY12"
"Signaling By ALK R-HSA-201556",0.986942328618063,1,0.0146874349112173,0.155815980077875,0.514337156637314,26,"HDAC3;IL2RG;PIK3R2;PIK3CA;HIF1A;SHC1;PRDM1;SIN3A"
"Signaling By BMP R-HSA-201451",0.803030303030303,1,0.0269562963008323,0.230918345948697,0.770186991698325,27,"AMHR2;UBE2D1;BMPR1B;SMURF1;GREM2;BMP10;CHRDL1;SMURF2;BMPR1A;ACVR2B;SMAD9;ZFYVE16;GDF2;FSTL1;UBE2D3;SMAD1;SMAD6"
"Signaling By BRAF And RAF1 Fusions R-HSA-6802952",0.984567901234568,1,0.00978249842757038,0.146668507394232,0.558841175244624,62,"CAMK2A;KSR2;CNKSR1;FGG;ATG7;AKAP9;KIAA1549;JAK2;FGA;RNASE3;CALM1;ITGB3;CAMK2B;CNKSR2;MAPK1;MAPK3;BCL2L11;AGTRAP;ZC3HAV1;ARRB1;VCL;MAP2K1;ARRB2;CAMK2G;TRAK1;APBB1IP;CLCN6;TENT4A;TRIM24;HRAS"
"Signaling By CSF3 (G-CSF) R-HSA-9674555",0.525641025641026,1,0.222056046145248,-0.19028675603452,-0.94912561912208,29,"GAB2;RPS27A;GRB2;STAT1;STAT3;PTPN11;HCK;UBA52"
"Signaling By EGFR R-HSA-177929",0.883817427385892,1,0.0190794888813551,0.189743479371186,0.70231133765002,48,"EGFR;PXDN;LRIG1;SH3GL2;AREG;ADAM17;SPRY1;EREG;BTC;UBB;PIK3CA;EPGN;CBL;EGF"
"Signaling By ERBB2 ECD Mutants R-HSA-9665348",0.930285714285714,1,0.0218679438176212,0.210525011754983,0.611789629025404,15,"EGFR;PIK3CA;EGF;SOS1;SHC1"
"Signaling By ERBB2 In Cancer R-HSA-1227990",0.70989010989011,1,0.0338245444462164,0.259208463066129,0.848560784321285,25,"EGFR;NRG4;NRG2;EREG;ERBB4;BTC;PIK3CA;EGF;SOS1;SHC1"
"Signaling By ERBB2 KD Mutants R-HSA-9664565",0.646408839779006,1,0.0384786917635432,0.272587560017235,0.88555463278184,24,"EGFR;NRG4;NRG2;EREG;ERBB4;BTC;PIK3CA;EGF;SOS1;SHC1"
"Signaling By ERBB2 R-HSA-1227986",0.591286307053942,1,0.0396787203613389,0.25427247441253,0.9411571993096,48,"EGFR;NRG4;DIAPH1;NRG2;GRB7;EREG;RNF41;ERBB4;AKT3;MEMO1;BTC;UBB;AKT1;PIK3CA;EGF;PRKCE"
"Signaling By ERBB2 TMD/JMD Mutants R-HSA-9665686",0.713968957871397,1,0.0339723613634993,0.266562306212858,0.839918865540829,21,"EGFR;NRG4;NRG2;EREG;ERBB4;BTC;EGF;SOS1;SHC1"
"Signaling By Erythropoietin R-HSA-9006335",0.967955801104972,1,0.0172342687658066,0.171360923259207,0.556699870897885,24,"PIK3R5;JAK2;IRS2;PIK3CA;SOS1;SHC1;EPX;VAV1;STAT5A;HRAS;PLCG2;RAPGEF1;EPOR;LYN;NRAS"
"Signaling By FGFR In Disease R-HSA-1226099",0.962962962962963,1,0.282013350011725,-0.106946166719521,-0.640023502048971,61,"POLR2I;GAB2;POLR2L;FGF1;GRB2;POLR2F;STAT1;POLR2A;STAT3;POLR2E;FGFR1OP2"
"Signaling By FGFR R-HSA-190236",0.960764587525151,1,0.0100128309769611,0.158513049844107,0.626323230439077,84,"FGF20;ESRP2;FGF17;FGF10;FLRT2;FLRT3;FGF7;FGFBP3;FGFRL1;FGF19;TIA1;KL;ANOS1;SPRED2;FGF3;KLB;UBB;FGF8;FGFR4;PIK3CA;CBL;MAPK1;FGF23;GALNT3;MAPK3;FGF13;SOS1;SHC1"
"Signaling By FGFR1 In Disease R-HSA-5655302",0.971367974549311,1,0.0138978052489646,0.159010299183545,0.560475911296902,36,"FGF20;FGF17;FGF8;CPSF6;BAG4;PIK3CA;FGF23;FGF13;SOS1;FGF5;CEP43;FGFR1;STAT5A;TRIM24;FRS2;HRAS;FGF9;CUX1;FGF6"
"Signaling By FGFR1 R-HSA-5654736",0.672199170124481,1,0.0336769978828608,0.237821503692018,0.880266025127206,48,"FGF20;FGF17;FGF10;FLRT2;FLRT3;FGFRL1;KL;ANOS1;SPRED2;FGF3;UBB;FGF8;PIK3CA;CBL;MAPK1;FGF23;MAPK3;FGF13;SOS1;SHC1;FGF5;FGF18;MKNK1;FGFR1"
"Signaling By FGFR2 In Disease R-HSA-5655253",0.988433228180862,1,0.011622042518008,0.136504315656243,0.492386835255644,42,"FGF20;FGF17;FGF10;FGF7;FGF3;FGF8;PIK3CA;FGF23;FGF13;SOS1;FGF5;FGF18;GTF2F1;GTF2F2;POLR2K;FRS2;POLR2B;HRAS"
"Signaling By FGFR3 In Disease R-HSA-5655332",0.778270509977827,1,0.029777461260706,0.246901855289055,0.777970183183783,21,"FGF20;FGF17;FGF8;PIK3CA;FGF23;FGF13;SOS1;FGF5;FGF18"
"Signaling By FGFR3 R-HSA-5654741",0.94136460554371,1,0.0166782153543946,0.179808545941863,0.637566250958176,38,"FGF20;FGF17;UBB;FGF8;PIK3CA;CBL;MAPK1;FGF23;GALNT3;MAPK3;FGF13;SOS1;SHC1;FGF5;FGF18;MKNK1;SPRY2;FRS2;HRAS;PPP2R1A;FGF9;BRAF"
"Signaling By FGFR4 R-HSA-5654743",0.888067581837381,1,0.0199001825208318,0.195802387543407,0.700215340243011,39,"FGF20;FGF17;FGF19;KLB;UBB;FGF8;FGFR4;PIK3CA;CBL;MAPK1;FGF23;MAPK3;FGF13;SOS1;SHC1;FGF18;MKNK1;SPRY2;FRS2;HRAS;PPP2R1A;FGF9;BRAF;FGF6"
"Signaling By FLT3 ITD And TKD Mutants R-HSA-9703648",0.858267716535433,1,0.130777137971974,-0.196556804581056,-0.756257217408574,15,"GAB2;GRB2;PTPN11;BCL2L1"
"Signaling By Hedgehog R-HSA-5358351",0.961961961961962,1,0.00930780437504605,0.17028118259903,0.699725215874119,134,"WDR35;PSMA6;PSMD9;IQCE;ADCY7;GLI2;KIF7;SHH;IFT88;PRKAR1B;ULK3;TTC21B;PSMD5;ADAM17;CSNK1A1;BOC;ADCY10;SMOX;PRKACG;CDON;SCUBE2;MKS1;ADCY1"
"Signaling By High-Kinase Activity BRAF Mutants R-HSA-6802948",0.955080213903743,1,0.0158662282151999,0.174534305119193,0.605984173017973,33,"KSR2;CNKSR1;FGG;FGA;RNASE3;ITGB3;CNKSR2;MAPK1;MAPK3;ARRB1;VCL;MAP2K1;ARRB2;APBB1IP;HRAS"
"Signaling By Interleukins R-HSA-449147",1,1,0,0.122293982762867,0.534208212152345,447,"IL6R;IL4R;AGER;CASP3;PSMA6;F13A1;LBP;IL12A;IL31RA;PSMD9;IL22;DUSP3;CSF2;TIFA;SDC1;CD86;IL2RG;GDNF;TRAF6;NOD2;ALPK1;CXCL8;IL12RB2;VPS72;IFNL3;CAPZA1;CCL20;TANK;TAB3;IL17RC;FASLG;IL1RL1;IL10RA;PTAFR;IL17RE;INPP5D;NLRX1;IL23R;CCL11;RAG1;CLCF1;JAK2;IL17C;PSMD5;H3C7;RORC;CASP8;IL4;TEC;IRAK3;CSF3;GSTA2;IRAK4;PTK2B;IL36G;IL1RN;MMP2;IL20RA;RPS6KA3;S100A9;IRS2;PIK3R2;CRK;CASP1;MAPK8;MUC1;TOLLIP;POU2F1;MAPK11;CXCL10;TP53;IL18BP;CNTF;SERPINB2;PSMB11;IL1RL2;CXCL1;CTSG;IL37;UBB;HAVCR2;CRLF1;MMP9;IL9R;AKT1;TYK2;ITGB2;STX3;LCN2;IL1R2;CCR2;PIK3R3;ICAM1;PIK3CA;IL13RA2;CBL;CCR5;IL20RB;MMP1;MAPK1;IL34;CCM2;BTRC;PRTN3;HOXC13;MAPK7;IL1A;NLRC5;MMP3;PTPN20;MAPK3;CCL22;IL31;TXLNA;HIF1A;FGF13;VAMP7;GSDMD;PTPN2;NANOS2;SOS1;IL10RB;IL5RA;PSMB9;MEF2C;SOCS2;SHC1;SMAD3;LCK;FCER2;IL11;IRAK1;LAMA5;HSP90B1;PSMB3;MTAP;IL9;IL27RA;LRRC14;VAV1;FOXO3;IRF4;RNASEH2A;SMARCA4;IL15RA;SOCS1;STXBP2;MEF2A;IKBKB;LMNB1;TNFRSF1B;IL20;RIPK2;IL5;RPS6KA5;IL18R1;MAP2K1;MAP3K8;IL26;PELI2;IL32;MAPK9;OSMR;CHUK;ALOX5;IL15;MYD88;CREB1;TAB2;STAT4;STAT5A;IL3;PSMD13;IKBKG;RORA;S100A12;PSMC3;SYK;BLNK;NKIRAS1;PSMF1;IL23A;CSF2RB"
"Signaling By KIT In Disease R-HSA-9669938",0.643478260869565,1,0.161978948883402,-0.20525255686947,-0.888386058603031,19,"YES1;FYN;GRB2;STAT1;STAT3"
"Signaling By MET R-HSA-6806834",0.576330647204223,1,0.143902565267782,-0.156599050486103,-0.960443800587661,62,"RNASE1;ITGB1;RAP1A;RPS27A;CRKL;PTPRJ;GRB2;PTK2;EPS15;STAT3;PTPN11"
"Signaling By NOTCH R-HSA-157118",0.997002997002997,1,0.00250132493941571,0.137117198712517,0.578155962518617,198,"PSMA6;HDAC4;HDAC3;PSMD9;H2BC1;EGFR;AGO4;NBEA;H2BC14;WWC1;TLE1;HES5;H2BC15;IKZF1;ST3GAL3;FLT4;TNRC6C;PSMD5;ADAM17;H3C7;CCNC;CREBBP;B4GALT1;PSEN2;MIB2;H2BC11;H2BC9;HDAC10;TBL1XR1;CDK8;MAML3;H2BC3;MAML2;SEL1L;TP53;UBB;MAMLD1;AKT1;NEURL1;DTX4;TACC3"
"Signaling By NOTCH1 R-HSA-1980143",0.819938962360122,1,0.0224414263839237,0.206815979265233,0.804491891844938,72,"HDAC4;HDAC3;NBEA;TLE1;HES5;ADAM17;CCNC;CREBBP;PSEN2;MIB2;HDAC10;TBL1XR1;CDK8;MAML3;MAML2;UBB;MAMLD1;NEURL1;DTX4"
"Signaling By NOTCH2 R-HSA-1980145",0.934125269978402,1,0.0180905963991599,0.189444256618506,0.645693909190965,30,"HES5;PSEN2;MIB2;MAML3;MAML2;UBB;MAMLD1;NEURL1;APH1A;NOTCH2;FCER2;DLL4"
"Signaling By NOTCH3 R-HSA-9012852",0.811007268951194,1,0.024215353215022,0.208587326127415,0.768762398331686,47,"EGFR;WWC1;HES5;IKZF1;CREBBP;PSEN2;MIB2;MAML3;MAML2;UBB;MAMLD1;NEURL1;TACC3;EGF"
"Signaling By Non-Receptor Tyrosine Kinases R-HSA-9006927",0.5,1,0.0472587336673259,0.26737928898495,0.998435380069294,51,"GPNMB;KHDRBS2;EGFR;STAP2;NRG4;LRRK2;NRG2;PXDN;EREG;ERBB4;CRK;DOK1;BTC;UBB;CCNE1;AKT1;ARHGAP35;CBL;EGF"
"Signaling By Nuclear Receptors R-HSA-9006931",1,1,0,0.140339231370858,0.600299003788975,255,"HDAC3;SDR16C5;GNG13;H2BC1;EGFR;PPARD;AGO4;CYP26C1;TFF3;CRABP1;ADH1A;ABCA1;GDNF;GPAM;ADH7;MYB;H2BC14;EBAG9;PDK3;H2BC15;AREG;ESR2;PDK2;TNRC6C;H3C7;FOSB;GNB5;KDM1B;CETP;CREBBP;NCOA3;EREG;MYLIP;H2BC11;H2BC9;MMP2;ERBB4;AKT3;PIK3R2;CCNT1;TBL1XR1;NR5A2;PMEPA1;DHRS9;H2BC3;POU2F1;APOC2;RXRB;CALM1;ESR1;GNG10;ABCG8;GNB1;BTC;S1PR3;MMP9;AKT1;DHRS3;GNG3;GNG4;H2AC20;PIK3R3;PIK3CA;EPGN;UHMK1;EGF;MAPK1;ZDHHC21;NCOA1;MMP3;KDM4A;GNGT2;GNG2;MAPK3;GNGT1;GREB1;H2BC13;SHC1;USF1;KDM3A"
"Signaling By PDGF R-HSA-186797",1,1,0.237793834423688,-0.118973608066435,-0.678744279506967,52,"COL9A2;CRKL;COL4A1;GRB2;COL6A2;STAT1;STAT3;BCAR1;PTPN11"
"Signaling By PDGFR In Disease R-HSA-9671555",0.765217391304348,1,0.147331213699377,-0.187066042417389,-0.809670128627616,19,"KANK1;GRB2;STAT1;STAT3;GOLGA4"
"Signaling By RAF1 Mutants R-HSA-9656223",0.569296375266525,1,0.0426733861156084,0.264926422554556,0.939377742715755,38,"CAMK2A;KSR2;CNKSR1;FGG;JAK2;FGA;RNASE3;CALM1;ITGB3;CAMK2B;CNKSR2;MAPK1;MAPK3;ARRB1;VCL;MAP2K1;ARRB2;CAMK2G"
"Signaling By Retinoic Acid R-HSA-5362517",0.485232067510549,1,0.0494904866135495,0.280117251785825,1.00333961593846,40,"SDR16C5;PPARD;CYP26C1;CRABP1;ADH1A;ADH7;PDK3;PDK2"
"Signaling By SCF-KIT R-HSA-1433557",0.842271293375394,1,0.0227981839377501,0.208108632231108,0.750671876717105,42,"SOCS6;GRAP;GRB7;JAK2;TEC;FER;PIK3R2;SH2B2;CHEK1;MMP9;PIK3R3;PIK3CA;CBL;KITLG;PTPRU;SOS1;LCK"
"Signaling By WNT In Cancer R-HSA-4791275",0.597014925373134,1,0.224966093540314,-0.177791179122875,-0.904866573168016,33,"TNKS2;PPP2CB;PPP2CA;CTNNB1;CTBP1;AXIN1;PPP2R5A;DKK1;PORCN;GSK3B;LRP6;DKK4;CTBP2;LRP5;TCF7L2;PPP2R1B;PPP2R5D;PPP2R5B;KREMEN2;WNT3A;PROC;PPP2R1A;AMER1;TNKS;PPP2R5E;PPP2R5C;RNF43;FZD4;FZD6;KREMEN1"
"Signaling By WNT R-HSA-195721",1,1,0,0.136995564358285,0.590050829140201,290,"CAMK2A;PSMA6;ITPR1;AXIN2;GNG13;PSMD9;H2BC1;AGO4;TCF7;DKK2;KLHL12;PYGO1;PIP5K1B;H2BC14;FZD7;SOX7;TLE1;PARD6A;WNT7B;ZRANB1;H2BC15;ZNRF3;WIF1;TNRC6C;PSMD5;H3C7;CSNK1A1;GNB5;LEO1;CREBBP;NCOA3;RSPO3;H2BC11;H2BC9;SMURF1;BCL9L;PRICKLE1;SRY;RSPO2;WNT8B;WNT4;DACT1;H2BC3;CALM1;WNT5A;GNG10;FZD9;TRRAP;GNB1;PSMB11;UBB;LEF1;PPP3CA;AKT1;GNAT2;GNG3;GNG4;CCDC88C;LGR4;H2AC20;FZD8;PPP3R1;BTRC;RSPO1;PRKCG;PDE6G;BCL9;SCRIB;GNGT2;GNG2;GNGT1;CUL3;H2BC13;CXXC4;PSMB9;SMURF2;PRKG1;KREMEN1;WNT7A;PSMB3;KMT2D;H3-4;FZD6;PLCB2;TLE5;CSNK1G2;FRAT1;NFATC1;CHD8;SMARCA4;FZD4;RNF43;PPP2R5C;ASH2L;WNT16;PPP2R5E;PRKCB;ARRB2;SOST;H2AC4;H2BC21;TNKS;GNB4;PSMD13;SOX6;AMER1;RORA;SOX13;PSMC3;PPP3CB;RSPO4;PSMF1;TERT"
"Signaling To ERKs R-HSA-187687",0.980748663101604,1,0.0138082722594766,0.156471858195412,0.543271247015753,33,"SHC3;MAPK12;RIT2;CRK;SHC2;MAPK11;MAPK1;MAPK13;MAPK3;SOS1;SHC1;NGF;MAP2K1;BCL11B;NTRK1;FRS2;HRAS;MAPK14;BRAF;MAPKAPK3;RALB;RAPGEF1;RALA;NRAS"
"Signaling To RAS R-HSA-167044",0.915445321307779,1,0.0220116482772519,0.208620776921635,0.643316541476645,19,"SHC3;MAPK12;SHC2;MAPK11;MAPK13;SOS1;SHC1;NGF;NTRK1;HRAS;MAPK14;MAPKAPK3;RALB;RALA;NRAS"
"Sphingolipid Metabolism R-HSA-428157",0.512125171103053,1,0.143902565267782,-0.14779226183625,-0.973874345978431,87,"UGT8;FA2H;GALC;ASAH1;SGPP1;DEGS1;PLPP2;KDSR;PLPP1;CERS2;CERS4;CPTP"
"Striated Muscle Contraction R-HSA-390522",0.502673796791444,1,0.048505983646947,0.283253068853723,0.983456384502205,33,"TMOD4;MYH8;TNNI3;MYL4;ACTN3;MYL2;MYBPC3;MYL1;NEB;TTR;DES;TNNT1;MYH3;MYBPC2;TNNI1;MYL3;TNNC2"
"Sulfur Amino Acid Metabolism R-HSA-1614635",0.482872928176796,1,0.0518457624865066,0.30658799388026,0.996011770745476,24,"SLC25A10;GADL1;MAT1A;MTR;CDO1;SQOR;ETHE1;GOLT1A;TSTD1;BHMT2;MTRR;MTAP"
"Switching Of Origins To A Post-Replicative State R-HSA-69052",0.991959798994975,1,0.0054335217582325,0.140270619320305,0.556454555830336,89,"PSMA6;MCM6;GMNN;PSMD9;ORC6;ORC4;CDC6;PSMD5;UBE2D1;ANAPC1;UBE2C;MCM4;PSMB11;UBB;CCNE2;SLC25A2;CCNE1"
"Synaptic Adhesion-Like Molecules R-HSA-8849932",0.660753880266075,1,0.0376142599562161,0.280161622988855,0.88276934534387,21,"LRFN3;GRIN2D;LRFN4"
"Syndecan Interactions R-HSA-3000170",0.622747747747748,1,0.0410713282497468,0.290966020130353,0.90772458030534,20,"VTN;SDC1;TNNI3;ACTN1"
"Synthesis Of Active Ubiquitin: Roles Of E1 And E2 Enzymes R-HSA-8866652",0.91025641025641,1,0.165656695205483,-0.149166694297307,-0.744024093046401,29,"RPS27A;UBE2E1;UBE2Z;UBE2L3;UBA52;USP9X;CDC34;UBE2B;UBE2G1;UBE2H;UBE2S;UBE2T;USP7;UBA1;USP5;UBE2G2;UBE2Q2;UBA6;UBE2D2;UBE2E3;OTULIN;UBE2K;UBE2W;UBE2R2;UBB;UCHL3;UBE2A;UBE2C"
"Synthesis Of Bile Acids And Bile Salts R-HSA-192105",0.53248136315229,1,0.0456790414930062,0.276671908261156,0.966847643261291,34,"AKR1C4;CYP39A1;OSBPL7;AKR1C1;BAAT;CYP8B1;SYCP2;AKR1C2;NR1H4"
"Synthesis Of DNA R-HSA-69239",0.955867602808425,1,0.0102389179310485,0.170698271901207,0.694578445869851,118,"PSMA6;MCM6;GMNN;PSMD9;ORC6;ORC4;GINS3;CDC6;LRIG1;PSMD5;GINS1;UBE2D1;POLR1B;POLE;GINS4;POLA1;PRIM2;ANAPC1;UBE2C;MCM4;PSMB11;UBB;CCNE2;RFC3;SLC25A2;CCNE1"
"Synthesis Of IP3 And IP4 In Cytosol R-HSA-1855204",0.455930359085963,1,0.05378728077603,0.306889278604674,1.01301906826961,26,"PLCH1;ITPKA;INPP5J;INPP5D;PLCB4;PLCD4;CALM1;PLCZ1;PLCD1;PLCH2;PTEN;PLCB2;SYNJ1;ITPKC"
"Synthesis Of PIPs At Early Endosome Membrane R-HSA-1660516",0.751152073732719,1,0.0333826959919392,0.272508682435901,0.799836105920294,16,"INPP4A;VAC14;INPP4B;MTMR4;PIKFYVE;MTMR12;INPP5F;PI4K2B;FIG4;MTMR2;PIK3C3;PIK3R4"
"Synthesis Of PIPs At Golgi Membrane R-HSA-1660514",0.515428571428571,1,0.0503964322442957,0.332142909843742,0.989544053986748,17,"INPP5E;VAC14;PIK3C2G;TPTE2;TPTE;PI4KA;SACM1L;PIKFYVE;PI4K2B;FIG4;PIK3C3;PIK3R4;OCRL"
"Synthesis Of PIPs At Plasma Membrane R-HSA-1660499",0.602484472049689,1,0.0387166740042594,0.253433314234702,0.946358965874832,51,"INPP4A;PIP5K1C;PIK3R5;PIP5K1B;MTMR6;MTMR3;PLEKHA6;PIK3R6;INPP5J;INPP5D;RUFY1;PIK3R2;PIK3C2G;INPP4B;MTMR1;PIK3R3;PIK3CA;PLEKHA3;PTEN;PIP4K2B;MTMR14;SYNJ1;PLEKHA8;BMX"
"Synthesis Of Very Long-Chain Fatty acyl-CoAs R-HSA-75876",0.587628865979381,1,0.186432558434075,-0.200488997605192,-0.966487101338316,24,"ELOVL1;ELOVL5;ELOVL4;HSD17B3;ELOVL2;HSD17B12"
"Synthesis, Secretion, And Inactivation Of Glucagon-like Peptide-1 (GLP-1) R-HSA-381771",0.558758314855876,1,0.0453152441270267,0.301087205049944,0.94870436592212,21,"GNG13;SPCS2;PCSK1;GCG;LEP;GNB1;DPP4"
"TBC/RABGAPs R-HSA-8854214",0.827945776850886,1,0.0232958000490367,0.205610398633869,0.747816654667077,43,"MAP1LC3B;RAB6B;TBC1D10C;RAB8B;TBC1D14;TBC1D24;SYTL1;RAB33B"
"TCF Dependent Signaling In Response To WNT R-HSA-201681",1,1,0,0.113870581432348,0.479077987702229,194,"PSMA6;AXIN2;PSMD9;H2BC1;TCF7;DKK2;KLHL12;PYGO1;PIP5K1B;H2BC14;SOX7;TLE1;H2BC15;ZNRF3;WIF1;PSMD5;H3C7;CSNK1A1;LEO1;CREBBP;RSPO3;H2BC11;H2BC9;BCL9L;SRY;RSPO2;WNT8B;WNT4;DACT1;H2BC3;WNT5A;TRRAP;PSMB11;UBB;LEF1;AKT1;CCDC88C;LGR4;H2AC20;FZD8;BTRC;RSPO1;BCL9;CUL3;H2BC13;CXXC4;PSMB9;SMURF2;KREMEN1;PSMB3;KMT2D;H3-4;FZD6;CSNK1G2;FRAT1;CHD8;SMARCA4;FZD4;RNF43;PPP2R5C;ASH2L;PPP2R5E;SOST;H2AC4;H2BC21;TNKS;PSMD13;SOX6;AMER1;SOX13;PSMC3;RSPO4;PSMF1;TERT"
"TGF-beta Receptor Signaling In EMT (Epithelial To Mesenchymal Transition) R-HSA-2173791",0.582677165354331,1,0.161978948883402,-0.244134022681696,-0.939311752963938,15,"RHOA;RPS27A;PRKCZ"
"TNF Signaling R-HSA-75893",0.781021897810219,1,0.0264649017470855,0.220242033763535,0.801032739591169,43,"TANK;TAB3;ADAM17;CASP8;SPPL2A;RIPK1;SMPD2;BIRC3;UBB;BAG4;TAX1BP1;SPPL2B;IKBKB;CHUK;TAB2;SMPD3;IKBKG;CYLD;RBCK1;SHARPIN;OTULIN;TNFRSF1A"
"TNFR1-induced NFkappaB Signaling Pathway R-HSA-5357956",0.885745375408052,1,0.0218679438176212,0.20691418093134,0.683008581244203,26,"TANK;TAB3;RIPK1;BIRC3;IKBKB;CHUK;TAB2;IKBKG;CYLD;RBCK1;SHARPIN;TNFRSF1A;XIAP;RNF31;USP2;TNFAIP3"
"TNFR2 Non-Canonical NF-kB Pathway R-HSA-5668541",0.994974874371859,1,0.00480899561354898,0.135761155915647,0.545051074639943,99,"TNFSF12;PSMA6;TNFSF11;PSMD9;TANK;TNFSF13B;TNFRSF9;FASLG;TNFRSF8;CD40;TRAF3;PSMD5;TNFSF4;TNFRSF11B;TNFRSF14;BIRC3;PSMB11;UBB;TNFSF13;TNFRSF25"
"TP53 Regulates Metabolic Genes R-HSA-5628897",0.909090909090909,1,0.0152836130945825,0.17739169096851,0.699012601241904,81,"GPX2;AGO4;UBL4A;COX7A2L;RRAGD;PRKAG3;TNRC6C;GSR;TIGAR;AKT3;TP53;LRPPRC;SESN1;AKT1;PRKAA2;PRKAG2;COX19;GLS2;PRKAG1;REXO2;TP63;PRKAB2;PTEN;RRAGB;COX5A"
"TP53 Regulates Transcription Of Additional Cell Cycle Genes With Uncertain Roles In P53 Pathway R-HSA-6804115",0.802660753880266,1,0.0282219183873982,0.239635301306305,0.755073788474813,21,"CNOT10;PLAGL1;CNOT6;TP53;CNOT4;CENPJ;CNOT11;CDC25C;PLK3"
"TP53 Regulates Transcription Of Cell Cycle Genes R-HSA-6791312",0.779045643153527,1,0.0263245268606861,0.215307199758774,0.799037930811865,49,"CNOT10;CCNB1;PLAGL1;E2F4;ARID3A;E2F8;E2F7;CNOT6;RBL1;TP53;CCNE2;CCNE1;CNOT4;REXO2;CCNA2;CENPJ;CNOT11;CDC25C;BAX"
"TP53 Regulates Transcription Of DNA Repair Genes R-HSA-6796648",0.982564102564103,1,0.00966564348468499,0.148347973011365,0.565094319435106,61,"FANCI;GDNF;CDK13;SERPINA2;MLH1;CCNT1;CHEK1;TP53;MDC1;GTF2H4;SUPT4H1;ATM;FANCD2;SUPT5H;RAD51D;CCNK;GTF2H5;NELFA;CCNT2;ERCC3;ERCC2;GTF2F1;GTF2F2;POLR2K;GTF2H3;POLR2B;NELFE;NELFB"
"TP53 Regulates Transcription Of Genes Involved In G2 Cell Cycle Arrest R-HSA-6804114",0.807077625570776,1,0.0294227657846801,0.251557080711761,0.761123455031849,18,"CCNB1;E2F4;RBL1;TP53;REXO2;CDC25C;BAX;CDK1;TFDP2"
"Telomere C-strand (Lagging Strand) Synthesis R-HSA-174417",0.903743315508021,1,0.0196032645039178,0.194823031702411,0.676426755590623,33,"LRIG1;POLR1B;POLA1;PRIM2;RFC3;DNA2;POLR1A;WRN;RFC4;POLD3;STN1;DSCC1;ACD;RFC2;PRIM1"
"Termination Of Translesion DNA Synthesis R-HSA-5656169",0.586096256684492,1,0.041488040200221,0.269125734652578,0.92633358708796,31,"REV1;TRIM25;POLR1B;POLE;UBB;RFC3;POLE2;UBE2L6;USP43;PCLAF;POLR1A;RFC4"
"Tight Junction Interactions R-HSA-420029",0.771834061135371,1,0.0294227657846801,0.240181711623466,0.806128031626794,28,"CLDN18;CLDN16;PARD6A;CLDN14;CLDN9;CLDN12;CLDN20;PATJ;CLDN15;CLDN3;CLDN17;F11R;PRKCI;PARD3;PARD6G;CLDN8;CLDN23;CLDN6;CLDN2;CLDN1"
"Toll Like Receptor 3 (TLR3) Cascade R-HSA-168164",0.989939637826962,1,0.00599657425469861,0.146412616256722,0.589858446953906,102,"AGER;DUSP3;TIFA;TLR3;GDNF;TRAF6;NOD2;ALPK1;TANK;TAB3;IRF3;NLRX1;TRAF3;UBE2D1;CASP8;TICAM1;RPS6KA3;RIPK1;MAPK8;MAPK11;TP53;BIRC3;UBB;IRF7;MAPK1;BTRC;HOXC13;MAPK7;NLRC5;MAPK3;MEF2C;IRAK1;LRRC14;SARM1;MEF2A;IKBKB;RIPK2;RPS6KA5;MAP2K1;MAP3K8;RIPK3;MAPK9;CHUK;CREB1;TAB2;IKBKG;S100A12;NKIRAS1"
"Toll Like Receptor 4 (TLR4) Cascade R-HSA-166016",0.981963927855711,1,0.00667841440698826,0.157096565457551,0.64701519854076,138,"ECSIT;AGER;LBP;DUSP3;TIFA;GDNF;TRAF6;FGG;NOD2;ALPK1;TANK;TAB3;IRF3;NLRX1;TRAF3;UBE2D1;CASP8;TICAM1;IRAK3;IRAK4;S100A8;RPS6KA3;S100A9;RIPK1;MAPK8;BTK;DNM1;FGA;MAPK11;TP53;BIRC3;UBB;ITGB2;TLR4;IRF7;MAPK1;BTRC;HOXC13;MAPK7;NLRC5;MAPK3;MEF2C;IRAK1;CD180;BPI;LRRC14;SARM1;SOCS1;MEF2A;IKBKB;RIPK2;RPS6KA5;MAP2K1;MAP3K8;PELI2;RIPK3;MAPK9;CHUK;MYD88;CREB1;TAB2;IKBKG;TIRAP;S100A12"
"Toll Like Receptor 7/8 (TLR7/8) Cascade R-HSA-168181",0.983903420523139,1,0.00699634910626994,0.150082145141467,0.604402677978808,101,"ECSIT;AGER;DUSP3;TIFA;GDNF;TRAF6;NOD2;ALPK1;TANK;TAB3;NLRX1;CASP8;TICAM1;IRAK4;RPS6KA3;MAPK8;MAPK11;TP53;TLR9;TLR7;UBB;TLR4;TLR8;IRF7;MAPK1;BTRC;HOXC13;MAPK7;NLRC5;MAPK3;MEF2C;IRAK1;LRRC14;MEF2A;IKBKB;RIPK2;RPS6KA5;MAP2K1;MAP3K8;PELI2;MAPK9;CHUK;MYD88;CREB1;TAB2;IKBKG;S100A12;NKIRAS1"
"Toll Like Receptor 9 (TLR9) Cascade R-HSA-168138",0.992957746478873,1,0.0054335217582325,0.140341293079863,0.566163244406113,104,"ECSIT;AGER;DUSP3;TIFA;GDNF;TRAF6;NOD2;ALPK1;TANK;TAB3;NLRX1;CASP8;TICAM1;IRAK4;RPS6KA3;MAPK8;MAPK11;TP53;TLR9;TLR7;UBB;TLR4;IRF7;MAPK1;BTRC;HOXC13;MAPK7;NLRC5;MAPK3;MEF2C;IRAK1;LRRC14;MEF2A;IKBKB;RIPK2;RPS6KA5;MAP2K1;MAP3K8;PELI2;MAPK9;CHUK;MYD88;CREB1;TAB2;IKBKG;S100A12;EEA1;NKIRAS1"
"Toll-like Receptor Cascades R-HSA-168898",0.936063936063936,1,0.0119234526278759,0.180425370638852,0.748531557276282,160,"ECSIT;AGER;LBP;DUSP3;TIFA;CTSK;GSDME;TLR3;GDNF;TRAF6;FGG;NOD2;ALPK1;TANK;TAB3;IRF3;NLRX1;TRAF3;UBE2D1;CASP8;TICAM1;IRAK3;IRAK4;S100A8;TLR5;RPS6KA3;S100A9;RIPK1;MAPK8;BTK;DNM1;CTSV;FGA;MAPK11;TP53;TLR9;BIRC3;TLR7;UBB;ITGB2;TLR4;TLR8;IRF7;MAPK1;BTRC;HOXC13;MAPK7;NLRC5;MAPK3;GSDMD;CTSS;MEF2C;IRAK1;HSP90B1;CD180;BPI;LRRC14;SARM1;SOCS1;MEF2A;IKBKB;RIPK2;RPS6KA5;MAP2K1;MAP3K8;PELI2;RIPK3;MAPK9;CHUK;MYD88;CREB1;TAB2;IKBKG;TIRAP;S100A12;EEA1;NKIRAS1"
"Transcription Of E2F Targets Under Negative Control By P107 (RBL1) And P130 (RBL2) In Complex With HDAC1 R-HSA-1362300",0.617511520737327,1,0.0425023180036553,0.313440318651285,0.919973931353287,16,"E2F4;LIN54;RBL1;LIN52;CCNA2;LIN37;LIN9;CDK1;TFDP2;E2F5"
"Transcription Of HIV Genome R-HSA-167172",0.466634182447086,1,0.203508959461977,-0.155163559193011,-0.987025262593738,68,"POLR2I;TAF10;TAF2;SSRP1;POLR2L;TAF15;TAF7;CDK9;CDK7;POLR2F;ELOA2;POLR2A"
"Transcription-Coupled Nucleotide Excision Repair (TC-NER) R-HSA-6781827",0.661098386245864,1,NA,-0.115182379523051,-0.707171908315013,73,"RBX1;POLR2I;RPS27A;POLR2L;DDB1;CDK7;POLR2F;GPS1;POLR2A;POLR2E;COPS3;POLD2"
"Transcriptional Activation Of Mitochondrial Biogenesis R-HSA-2151201",0.606625258799172,1,0.0383995813369433,0.253195412071591,0.947921770096899,52,"TWNK;HDAC3;PPRC1;GDNF;CRTC1;NRF1;SIRT4;CREBBP;TBL1XR1;CALM1;NCOA6;MTERF1;NCOA1;PPARGC1A;MEF2C;NR1D1;PPARGC1B;LIN9;PPARA;SIRT3;GLUD2;TFB2M;CREB1;TFAM;POLG2;ESRRA;CRTC2;NCOA2;GABPA;HCFC1;ALAS1;HELZ2"
"Transcriptional Regulation By AP-2 (TFAP2) Family Of Transcription Factors R-HSA-8864260",0.919062832800852,1,0.0182442460385585,0.18837699562033,0.661036343210859,35,"TFAP2A;EGFR;TFAP2B;TFAP2E;CREBBP;NOP2;UBE2I;ESR1;TFAP2D;KCTD1;CHGA;KCTD15"
"Transcriptional Regulation By E2F6 R-HSA-8953750",0.821390374331551,1,0.0251307059474849,0.217923842587355,0.756632912028452,33,"RNF2;EED;RBBP8;RYBP;CHEK1;CDC7;SUZ12;APAF1;PCGF6;PCGF2;UXT;RRM2"
"Transcriptional Regulation By MECP2 R-HSA-8986944",0.987679671457906,1,0.00918593980608508,0.143146613163521,0.544582142087408,60,"CAMK2A;HDAC3;AGO4;AURKB;GAMT;TNRC6C;TBL1XR1;CALM1;GAD1;RBFOX1;CAMK2B;CRH;PTEN;MEF2C;IRAK1;GPRIN1;SLC6A4;TRPC3;SIN3A;PPARG;OPRK1"
"Transcriptional Regulation By RUNX1 R-HSA-8878171",0.981018981018981,1,0.00634596373149448,0.160032156003657,0.674920698099807,199,"RNF2;PSMA6;CR1;PSMD9;CTLA4;H2BC1;CSF2;AGO4;CTSK;FOXP3;GPAM;MYB;H2BC14;SERPINB13;GATA1;SCMH1;H2BC15;TNRC6C;GP1BA;PSMD5;H3C7;RUNX2;PBRM1;CREBBP;RYBP;RSPO3;PRMT6;TP73;ZFPM1;H2BC11;H2BC9"
"Transcriptional Regulation By RUNX2 R-HSA-8878166",0.990972918756269,1,0.00523322083191526,0.140921794432881,0.572656460015939,116,"PSMA6;HDAC4;HDAC3;ZNF521;PSMD9;PPM1D;CCNB1;GLI2;ITGBL1;AREG;PSMD5;RUNX2;AKT3;SMURF1;TWIST2;MMP13;MSX2;ESR1;PSMB11;UBB;AKT1;DLX5;BGLAP;MAPK1;PPARGC1A;RB1;HAND2;MAPK3;PSMB9;NKX3-2"
"Transcriptional Regulation By RUNX3 R-HSA-8878159",0.973816717019134,1,0.00855469372683394,0.151057782687222,0.601992458122476,93,"PSMA6;HDAC4;PSMD9;ITGAL;TEAD3;TCF7;TEAD4;PSMD5;RORC;CREBBP;SMURF1;MAML3;MAML2;TP53;UBB;LEF1;MAMLD1"
"Transcriptional Regulation By Small RNAs R-HSA-5578749",0.704263529419578,1,NA,-0.142686002176817,-0.893792526862933,72,"H3-3B;H2AC6;POLR2I;POLR2L;H2AB1;POM121C;POLR2F;POLR2A;H2BC4;POLR2E;H2BC17;TPR;RAN;AAAS;NUP188;H2AC19;H2AJ;NUP50;H2AX;NUP62;POLR2C;AGO2;NUP35;H2AZ1"
"Transcriptional Regulation By TP53 R-HSA-3700989",1,1,0,0.146808402044367,0.635991308103834,351,"TAF11;GPX2;TAF3;DPEP3;AGO4;UBL4A;CNOT10;POU4F1;CCNB1;TP53BP2;BBC3;RAD17;FANCI;COX7A2L;TP53I3;GDNF;NLRC4;RRAGD;TAF4;RHNO1;PLAGL1;CDK5R1;CDK13;AURKB;PRKAG3;PMAIP1;SERPINA2;TNRC6C;E2F4;GSR;STK11;POU4F2;ARID3A;E2F8;RBBP8;CREBBP;POLR1B;TIGAR;MLH1;RICTOR;TP73;PPP1R13B;RMI1;RAD50;TAF7L;AKT3;BID;CCNT1;SMYD2;E2F7;CNOT6;CASP1;PERP;RBL1;TAF5;HIPK1;CHD3;MAPK11;CHEK1;TP53;LRPPRC;SESN1;UBB;CCNE2;RFC3;CCNE1;AKT1;PRKAA2;PRKAG2;TRIAP1;COX19;GLS2;MAPKAP1;TNFRSF10D;CNOT4;ING5;PRKAG1;CHEK2;PPP1R13L;RNF34;MDC1;L3MBTL1;DNA2;GTF2H4;REXO2;TP63;RABGGTA;POLR1A;APAF1;PRKAB2;PTEN;SUPT4H1;ATM;TAF9;FANCD2;BANP;WRN;CASP6;CCNA2;ING3;RRAGB;SUPT5H;COX5A;RFC4;CENPJ;PRDM1;CNOT11;TAF9B;PIP4K2B;CDC25C;BAX;PML;YWHAG;TNFRSF10A;RAD51D;RMI2;CDKN2A;PHF20;RPTOR;CCNK;PLK3;MLST8"
"Transcriptional Regulation By VENTX R-HSA-8853884",0.833157338965153,1,0.0236501012290726,0.211741114608657,0.757214344877518,39,"AGO4;TNRC6C;UBE2D1;ANAPC1;UBE2C;TP53;VENTX;LEF1"
"Transcriptional Regulation Of Granulopoiesis R-HSA-9616222",0.943357363542739,1,0.0138978052489646,0.168788653448631,0.636197132425847,56,"IL6R;H2BC1;CEBPA;MYB;H2BC14;H2BC15;H3C7;KLF5;H2BC11;H2BC9;CEBPE"
"Transcriptional Regulation Of Pluripotent Stem Cells R-HSA-452723",0.838744588744589,1,0.0246382257063476,0.219845033437113,0.745281664916078,29,"NR5A1;FOXP1;KLF4;GSC;DPPA4;SALL4;PRDM14;ZSCAN10;EPHA1;FGF13;HHEX;FOXD3"
"Translation Of Structural Proteins R-HSA-9683701",0.95995670995671,1,0.016356070983033,0.174510241250991,0.591595275595109,29,"ST3GAL3;MOGAT1;ST6GALNAC2;UBE2I;PARP4;UBB;ST6GALNAC4;HOXC13;ST3GAL1;PARP9;SUMO1"
"Translesion Synthesis By POLH R-HSA-110320",0.95662100456621,1,0.0201218228563507,0.184515878678914,0.558280302390893,18,"POLR1B;UBB;RFC3;SPRTN;POLR1A;RFC4"
"Translesion Synthesis By POLI R-HSA-5656121",0.743087557603687,1,0.0338984188001938,0.276075988652384,0.81030645235958,16,"REV1;POLR1B;UBB;RFC3;POLR1A;RFC4"
"Translesion Synthesis By POLK R-HSA-5655862",0.808755760368664,1,0.029777461260706,0.255059423562436,0.74862105051805,16,"REV1;POLR1B;UBB;RFC3;POLR1A;RFC4"
"Translesion Synthesis By REV1 R-HSA-110312",0.732571428571429,1,0.0341946045318573,0.278167261371651,0.80835927390726,15,"REV1;POLR1B;UBB;RFC3;POLR1A;RFC4"
"Translesion Synthesis By Y Family DNA Polymerases Bypasses Lesions On DNA Template R-HSA-110313",0.780383795309168,1,0.0276588991389961,0.226159408832198,0.801917426409102,38,"REV1;TRIM25;POLR1B;POLE;UBB;RFC3;SPRTN;POLE2;UBE2L6;USP43;PCLAF;POLR1A;RFC4"
"Transport Of Mature Transcript To Cytoplasm R-HSA-72202",0.537237516990244,1,0.143902565267782,-0.148018634820293,-0.989422287780969,82,"SRSF5;SRSF1;DDX39B;CPSF2;SRSF9;SRSF4;POM121C;NXF2;THOC1;U2AF1;SRRM1;RBM8A;SRSF6;EIF4E;POLDIP3;TPR;CHTOP;SRSF3;AAAS;NUP188;NUP50;CASC3;NCBP2;NUP62"
"Transport Of Mature mRNA Derived From An Intronless Transcript R-HSA-159231",0.924210526315789,1,0.01707634511757,0.183816014549862,0.661796392300903,41,"NDC1;NXF1;NUP107;NUP85;NUP42;NUP210;NUP88;RNASE7;CPSF3;NUP43;NUP58;WDR33;NUP153;CPSF4;NUP205;NUP160;SEC13;CPSF1;NUP214;NUP155"
"Transport Of Mature mRNAs Derived From Intronless Transcripts R-HSA-159234",0.890641430073607,1,0.0194541744944906,0.19480948424384,0.70270031363819,42,"NDC1;NXF1;NUP107;NUP85;SLBP;NUP42;NUP210;NUP88;RNASE7;CPSF3;NUP43;NUP58;WDR33;NUP153;CPSF4;NUP205;NUP160;SEC13;CPSF1;NUP214;NUP155"
"Transport Of Ribonucleoproteins Into Host Nucleus R-HSA-168271",0.784877529286475,1,0.0273074724591201,0.225255282349633,0.787168962113513,34,"NDC1;NUP107;PBRM1;BLOC1S6;NUP85;NUP42;NUP210;NUP88;RNASE7;NUP43;NUP58;KPNA1;NUP153;NUP205;NUP160;SEC13;NUP214;NUP155"
"Transport Of SLBP Dependant Mature mRNA R-HSA-159230",0.867944621938232,1,0.0217960026831818,0.203860548527094,0.715369894713229,35,"NDC1;NXF1;NUP107;NUP85;SLBP;NUP42;NUP210;NUP88;RNASE7;NUP43;NUP58;NUP153;NUP205;NUP160;SEC13;NUP214;NUP155"
"Transport Of SLBP Independent Mature mRNA R-HSA-159227",0.910543130990415,1,0.0188532541830902,0.191023388479336,0.667543423977467,34,"NDC1;NXF1;NUP107;NUP85;NUP42;NUP210;NUP88;RNASE7;NUP43;NUP58;NUP153;NUP205;NUP160;SEC13;NUP214;NUP155;NUP37"
"Transport Of Vitamins, Nucleosides, And Related Molecules R-HSA-425397",0.930232558139535,1,0.224966093540314,-0.145185586723207,-0.783574063506878,43,"APOD;SLCO3A1;SLC25A5;ARL2;SLCO1A2;SLC35D2"
"Transport To Golgi And Subsequent Modification R-HSA-948021",0.827172827172827,1,0.0208547494438027,0.203920571868945,0.846918411081235,164,"COPZ2;F5;FOLR2;CNIH3;ANK1;TRAPPC5;CHST8;F8;SPTBN4;SPTA1;TMED7;COL7A1;CAPZA1;INS;B4GALT6;MGAT4C;SEC24D;COG3;AREG;TRAPPC2L;LMAN2L;MOGAT1;CFAP73;B4GALT1;ARCN1;CNIH2;COG4;PPP6R3;TRAPPC2;TRAPPC6B;SPTBN2;MAN1A1;COG8;MAN1A2;GOLGA2;MOGAT2;GOSR2;DCTN3;FUT3;CAPZA3;MOGAT3;FUCA1;LHB;SEC22A;SEC23A;CTSC;ARF4;ST8SIA3;CHGA;ACTR1A;COG7;GRIA1;COPG1;CHST10;TBC1D20;BET1;SPTBN5"
"Triglyceride Metabolism R-HSA-8979227",0.624602332979852,1,0.0381628909049257,0.256562589630748,0.904326021435893,36,"PNPLA4;GPAM;FABP3;PPP1CA;MGLL;MOGAT1;PRKACG;GK;LPIN1;FABP2;MOGAT2;AGMO;LPIN3;MOGAT3;LPIN2"
"Tristetraprolin (TTP, ZFP36) Binds And Destabilizes mRNA R-HSA-450513",0.986285714285714,1,0.0182442460385585,0.164761385148748,0.490868972868534,17,"EXOSC8;EXOSC1;EXOSC4;EXOSC9;DCP1A;EXOSC7"
"Unattached Kinetochores Signal Amplification Via A MAD2 Inhibitory Signal R-HSA-141444",0.626130653266332,1,0.0355420211253902,0.237000300132066,0.942594034798372,91,"SGO2;CENPQ;CENPO;CENPF;MAD1L1;CLIP1;SPC25;MAD2L1;KIF2B;AURKB;BUB1B;NUP107;SPC24;SKA2;KNTC1;CENPP;ZWILCH;NUP85;BUB1;CENPH;SPDL1;NUF2;KIF18A;CDCA8"
"Unblocking Of NMDA Receptors, Glutamate Binding And Activation R-HSA-438066",0.906873614190687,1,0.0215798086475871,0.208220968153968,0.656089459302772,21,"CAMK2A;GRIN2D;CALM1;NEFL;GRIA4;CAMK2B;GRIA1;GPRIN1;CAMK2G;GRIA3;MPP3;GRIN2B"
"VEGFR2 Mediated Cell Proliferation R-HSA-5218921",0.986301369863014,1,0.0181674946847152,0.159836209106738,0.483608282344111,18,"ITPR1;CALM1;KDR;PRKCB;HRAS;SPHK1;VEGFA;SYNGAP1;NRAS;PLCG1;PRKCA;PRKCD;PDPK1"
"VEGFR2 Mediated Vascular Permeability R-HSA-5218920",0.837662337662338,1,0.0247086313801197,0.221518374510072,0.738835062103379,27,"TRIB3;VAV2;RICTOR;AKT3;CALM1;AKT1;MAPKAP1;VAV3;THEM4;HOXC13;VAV1;MLST8"
"Viral Messenger RNA Synthesis R-HSA-168325",0.995828988529718,1,0.0100128309769611,0.11758751238933,0.43154406279381,46,"NDC1;NUP107;PBRM1;BLOC1S6;NUP85;NUP42;NUP210;NUP88;RNASE7;NUP43;NUP58;GTF2F1;GTF2F2;POLR2K;NUP153;NUP205;NUP160;POLR2B;SEC13;NUP214"
"Vitamin B5 (Pantothenate) Metabolism R-HSA-199220",0.849142857142857,1,0.0268860833830403,0.240954345118041,0.717868521131463,17,"PANK4;VNN2;PANK1;ENPP3;SLC25A16;VNN1;PPCS;PPCDC;COASY;ENPP1;PDZD11;SLC5A6;PANK2"
"Vpr-mediated Nuclear Import Of PICs R-HSA-180910",0.855165069222577,1,0.0226556224333514,0.20742667557562,0.724865757749823,34,"NDC1;NUP107;NUP85;NUP42;NUP210;NUP88;RNASE7;HMGA1;NUP43;NUP58;KPNA1;NUP153;NUP205;NUP160;SEC13;NUP214;NUP155;NUP37"
"VxPx Cargo-Targeting To Cilium R-HSA-5620916",0.508869179600887,1,0.0495901956956338,0.311780455962122,0.982398038905007,21,"CNGA4;EXOC1;RHO;PKD1;RAB3IP;ARF4;CNGA2;CNGB1;EXOC6;RAB11FIP3;PRKD2"
"WNT Ligand Biogenesis And Trafficking R-HSA-3238698",1,1,0.152144922367565,-0.115641225608489,-0.559911352426122,26,"WNT3;WLS;WNT8A;WNT10B;SNX3;WNT10A;WNT11;PORCN;VPS29;WNT2;WNT5B;WNT9B;VPS35;VPS26A;WNT9A;WNT6;WNT1;WNT3A;TMED5;WNT2B;WNT16;WNT7A;WNT5A;WNT4;WNT8B"
"WNT5A-dependent Internalization Of FZD4 R-HSA-5099900",0.661417322834646,1,0.151148761385484,-0.232838540271154,-0.89585210212513,15,"CLTA;CLTC;AP2A2;AP2B1;DVL2;AP2A1;AP2S1;PRKCA;AP2M1;CLTB;ARRB2;PRKCB;FZD4;PRKCG;WNT5A"
"ZBP1(DAI) Mediated Induction Of Type I IFNs R-HSA-1606322",0.547671840354767,1,0.0462302524077616,0.303006608065813,0.954752268292522,21,"TLR3;NLRP4;IRF3;TICAM1;ZBP1;RIPK1;DTX4;IKBKB;RIPK3;CHUK;MYD88;IKBKG;NKIRAS1"
"Zinc Transporters R-HSA-435354",0.993142857142857,1,0.0177814832001704,0.150139964481583,0.447307784436608,17,"SLC30A8;SLC30A1;SLC30A7;SLC30A5;SLC39A14;SLC39A2"
"mRNA Decay By 5 To 3 Exoribonuclease R-HSA-430039",0.677165354330709,1,0.149207542435322,-0.229301752317668,-0.882244222092849,15,"EDC3;LSM5;LSM2;LSM3;EDC4;DCP1B;DCP2;XRN1;PATL1;DCP1A;DDX6;LSM1;LSM6;LSM7;LSM4"
"p75NTR Signals Via NF-kB R-HSA-193639",0.740157480314961,1,0.142056643575821,-0.220398863700805,-0.847990135664054,15,"RPS27A;NFKBIA;SQSTM1;NFKB1;RELA"
"rRNA Modification In Nucleus And Cytosol R-HSA-6790901",0.837948717948718,1,0.0216519363667421,0.201403209302647,0.764752657284074,59,"NOL11;NOC4L;UTP14C;RRP9;KRR1;UTP4;NAT10;SPPL2A;PWP2;NOP2;EMG1;UTP6;IMP4;UTP25"
"tRNA Aminoacylation R-HSA-379724",0.481052631578947,1,0.0497903187820785,0.275924676359676,0.993417008897744,41,"WARS1;NARS1;MARS2;MARS1;WARS2;RARS1;VARS2;PPA2;CARS2;SARS2;YARS2;GARS1;AIMP1;EEF1E1;FARS2;NARS2;LARS2"
"tRNA Modification In Nucleus And Cytosol R-HSA-6782315",0.445846477392219,1,0.0532386494755899,0.283665984923076,1.02321597609915,42,"PUS3;TRMT5;TRDMT1;QTRT2;PUS1;ADAT2;QTRT1;TYW5;ALKBH8;WDR4;TRMU;TRMT9B;THADA;TRIT1;LCMT2;TRMT61A;NSUN6;METTL1;THG1L;FTSJ1;TRMT6;TRMT44;TRMT12;EPRS1;URM1;PUS7"
"tRNA Processing In Nucleus R-HSA-6784531",0.578784757981462,1,0.0403295396423143,0.253388756572926,0.955071309753099,56,"TRNT1;NDC1;RPP14;ELAC2;NUP107;ZBTB8OS;NUP85;RPP40;FAM98B;TSEN2;NUP42;NUP210;POP5;RTRAF;NUP88;RPP38;DDX1;RNASE7;NUP43;NUP58;NUP153;CPSF4;NUP205;NUP160;NLRP2B;SEC13;RTCB;CPSF1;NUP214"
"APC/C-mediated Degradation Of Cell Cycle Proteins R-HSA-174143",NA,NA,NA,-0.149890531468678,NA,86,"PSMB7;BUB3;RPS27A;UBE2E1;PSMB6;SEM1;PSMD3;ANAPC11;PSMA2;PSMD14;PSME1;PSMD4;PSMA1;SKP1;PSME2;CDK2"
"Antigen processing-Cross Presentation R-HSA-1236975",NA,NA,NA,-0.31662389669359,NA,103,"HMGB1;HLA-B;B2M;PSMB7;SEC61G;VAMP3;CALR;STX4;ITGAV;PDIA3;HLA-C;RPS27A;HLA-A;PSMB6;S100A1;SEM1;PSMD3;SEC61B;PSMA2;PSMD14;PSME1;PSMD4;PSMA1;TAPBP"
"Autophagy R-HSA-9612973",NA,NA,NA,-0.22279321302272,NA,125,"LAMP2;RNASE1;DYNC1LI2;GABARAPL2;GFAP;DYNC1I2;GABARAP;RPS27A;DYNC1H1;TOMM7;ATG12;MVB12B;SQSTM1;VCP;PLIN3;ATG3;ATG4C;RRAGA;NBR1;CHMP6;PINK1;TOMM40;CSNK2B;LAMTOR4;WIPI1;TOMM20;EPAS1;CHMP4B;LAMTOR1;ATG13;HSP90AB1;TSC1;UBA52"
"CLEC7A (Dectin-1) Signaling R-HSA-5607764",NA,NA,NA,-0.157477092091626,NA,98,"FBXW11;PSMB7;RPS27A;PSMB6;NFKBIA;SEM1;PSMD3;UBA3;PSMA2;PSMD14;AHCYL1;PSME1;PSMD4;NFKB1;PSMA1;NFKB2;RELA;SKP1;PSME2;CARD11"
"Cap-dependent Translation Initiation R-HSA-72737",NA,NA,NA,-0.638563566618222,NA,115,"RPS12;RPL23;RPL30;RPS16;RPL19;RPLP2;RPS29;EIF4A1;RPS7;RPL18;RPS13;RPS3;RPS6;RPL27A;RPS9;RPL21;RPS27A;RPS25;RPS17;RPLP0;RPL39;RPLP1;RPS20;RPL11;RPL12;EIF4B;RPL9;RPS14;EIF3B;RSL24D1;EIF3A;EIF4H;RPL27;RPS23;RPS2;RPL32;RPL28;FAU;EIF3G;RPL37;EIF3H;RPS27;RPS8;EIF1AX;EIF3J;EIF3K;RPL8;RPL35;PABPC1;RPL34;RPS19;RPS4X;RPL37A;RPL5;RPL29;RPL36;RPL35A;RPL36AL;EIF3F;RPL18A;EIF4E;RPS15;RPL36A;EIF4G1;EIF3C;RPS3A;RPL15;RPL39L;UBA52"
"Cell Surface Interactions At Vascular Wall R-HSA-202733",NA,NA,NA,-0.173116022355497,NA,133,"MAG;JAM3;CD99;SELENOP;ITGAV;ITGB1;CD44;ATP1B1;CD74;CD47;SLC16A1;YES1;GYPC;SLC7A10;FYN"
"Cellular Response To Chemical Stress R-HSA-9711123",NA,NA,NA,-0.203085637671517,NA,180,"PRDX1;RBX1;PSMB7;ATOX1;COX8A;GCLC;GSTP1;COX16;TALDO1;COX6C;RPS27A;KEAP1;PSMB6;TXNIP;SEM1;PSMD3;SQSTM1;VCP;COX14;NCOR2;PHGDH;PSMA2;COX5B;PSMD14;MYC;PRDX5;ATF4;CCS;SESN2;PSME1;PSMD4;COX6A1;CSNK2B;STAT3;PSMA1;SLC7A11;SKP1;COX6B1;PSME2;COX4I1;UFD1;SIN3B;HBA1"
"Cellular Response To Starvation R-HSA-9711097",NA,NA,NA,-0.452604257295323,NA,151,"RPS12;RPL23;RPL30;RPS16;RPL19;RPLP2;RPS29;RPS7;RPL18;RPS13;RPS3;RPS6;RPL27A;RPS9;RPL21;RPS27A;RPS25;RPS17;RPLP0;RPL39;ATP6V0B;RPLP1;RPS20;RPL11;RPL12;RPL9;RPS14;RSL24D1;RPL27;RPS23;RPS2;RPL32;RPL28;FAU;RPL37;ATP6V1G1;RPS27;RPS8;RPL8;ATP6V0E2;RPL35;RPL34;RRAGA;FNIP2;RPS19;RPS4X;RPL37A;RPL5;ATP6V0E1;RPL29;RPL36;ATF4;RPL35A;SESN2;WDR59;RPL36AL;LAMTOR4;ATF3;ATP6V0D1;ATP6V1E1"
"Chaperonin-mediated Protein Folding R-HSA-390466",NA,NA,NA,-0.178598393652623,NA,85,"TUBB4A;PFDN2;TUBA1C;VBP1;FBXW4;TUBB4B;LONP2;CCT3;TUBB2B;TUBB;TUBA3D;PFDN5;FBXL5;GNG7;CSNK2B;STAT3;CCT8"
"Chromosome Maintenance R-HSA-73886",NA,NA,NA,-0.124117447330463,NA,114,"H3-3B;H2AC6;POLR2I;RSF1;NPM1;TERF2IP;RUVBL2;POLR2L;NHP2;H2AB1;POLR2F;PPP6C;FEN1;POLR2A;RTEL1;TINF2;CENPT;H2BC4;POLR2E;CDK2;H2BC17;POLD2"
"Citric Acid (TCA) Cycle And Respiratory Electron Transport R-HSA-1428517",NA,NA,NA,-0.337583490464625,NA,159,"UQCRC1;ATP5MC2;TMEM126B;COX8A;ATP5F1A;ACAD9;MPC2;ATP5MC1;COX16;ATP5F1B;SLC16A1;IDH2;COX6C;NDUFS4;NDUFV2;ATP5PO;ATP5F1C;DLST;ATP5ME;ATP5PB;NDUFA12;PDHX;NDUFB8;NDUFB2;NDUFAF3;COX14;NDUFA1;NDUFA10;COX5B;NDUFV1;ETFA;NDUFB3;NDUFA13;LDHB;ATP5MC3;NDUFA3;NDUFS5;MDH2;NDUFB1;MPC1;UQCRB;UQCRQ;COX6A1;LDHA;NDUFB6;ETFB;COX6B1;NDUFB4;COX4I1;ATP5F1D;NDUFA2;UQCRC2;NDUFS7;LDHAL6A;ATP5PF;HAGH;COX18;NDUFS6;IDH3A;COX7B;NDUFS2;IDH3B;NDUFA5"
"Clathrin-mediated Endocytosis R-HSA-8856828",NA,NA,NA,-0.210416716558858,NA,139,"ARPC5;TF;BIN1;IGF2R;VAMP3;SCARB2;DNM2;CTTN;DNAJC6;HIP1R;RAB5C;RPS27A;CLTA;SYNJ2;HIP1;EPN2;ACTR3;PICALM;GRB2;GPS1;WASL;CLTCL1;EPS15;SYT2"
"Cyclin A:Cdk2-associated Events At S Phase Entry R-HSA-69656",NA,NA,NA,-0.178728834473729,NA,83,"PSMB7;CDKN1B;RPS27A;PSMB6;SEM1;PSMD3;CDK7;PSMA2;PSMD14;MYC;PSME1;PSMD4;PSMA1;SKP1;PSME2;CDK2;E2F1;TFDP1;CCND1;UBA52;PSMD10;FZR1;CKS1B;PSMD8"
"Death Receptor Signaling R-HSA-73887",NA,NA,NA,-0.169156439813711,NA,138,"MAG;RNASE1;RHOA;RTN4;PSENEN;YWHAE;PREX1;ARHGEF2;OBSCN;CASP2;PSEN1;RPS27A;ARHGEF15;NFKBIA;ARHGDIA;OMG;SQSTM1"
"Degradation Of Beta-Catenin By Destruction Complex R-HSA-195253",NA,NA,NA,-0.203155178112985,NA,83,"RBX1;PSMB7;PPP2CB;RPS27A;PSMB6;PPP2CA;SEM1;PSMD3;TLE4;PSMA2;CTNNB1;PSMD14;MYC;PSME1;PSMD4;PSMA1;SKP1;PSME2"
"Diseases Of Signal Transduction By Growth Factor Receptors And Second Messengers R-HSA-5663202",NA,NA,NA,-0.147318832701509,NA,421,"QKI;RNASE1;PSENEN;RBX1;PSMB7;PPP1CB;CDKN1B;ERBB3;LMNA;POLR2I;GAB2;PRKAR1A;TNKS2;RPS6;PPP2CB;PRR5;DUSP10;PSEN1;RAP1A;NPM1;YES1;ERBIN;RPS27A;RPS6KB2;PSMB6;HIP1;KANK1;SND1;PPP2CA;RRBP1;SEM1;FYN;PPM1B;POLR2L;PSMD3;FGF1;TLN1;SQSTM1;VCP;TPM4;RNF213;NCOR2;FXR1;ALK;GRB2;PSMA2;POLR2F;AP3B1;PPP1CC;MAP3K11;PEBP1;CTNNB1;PSMD14;RBPJ;MYC;STAT1;POLR2A;FN1;PSME1;PSMD4;STAT3;DUSP6;HDAC2;PSMA1;TPM3;PTPN11;MECP2;VWF;NF1;GOLGA4;SKP1;ERLEC1;RHOG;POLR2E;PSME2;CDC37;NCSTN;BCL2L1;FGFR1OP2;PAPSS1"
"Downstream TCR Signaling R-HSA-202424",NA,NA,NA,-0.193916932292408,NA,90,"FBXW11;PSMB7;HLA-DRB1;RPS27A;PSMB6;NFKBIA;SEM1;PSMD3;PRKCQ;PSMA2;PSMD14;PSME1;HLA-DRA;PSMD4;NFKB1;PSMA1;RELA;SKP1;PSME2;CARD11;HLA-DPA1"
"ER-Phagosome Pathway R-HSA-1236974",NA,NA,NA,-0.362223062933392,NA,88,"HMGB1;HLA-B;B2M;PSMB7;SEC61G;VAMP3;CALR;STX4;PDIA3;HLA-C;RPS27A;HLA-A;PSMB6;S100A1;SEM1;PSMD3;SEC61B;PSMA2;PSMD14;PSME1;PSMD4;PSMA1;TAPBP;PSME2;NDUFA2;HLA-E"
"Estrogen-dependent Gene Expression R-HSA-9018519",NA,NA,NA,-0.154917106371494,NA,116,"H3-3B;H2AC6;SMC1A;POLR2I;DDX5;CBFB;KANK1;KDM1A;POLR2L;YY1;USF2;CTSD;H2AB1;CDK9;PRMT1;POLR2F;MYC;POLR2A;RAD21"
"Eukaryotic Translation Termination R-HSA-72764",NA,NA,NA,-0.658465630885785,NA,89,"RPS12;RPL23;RPL30;RPS16;RPL19;RPLP2;RPS29;RPS7;RPL18;RPS13;RPS3;RPS6;RPL27A;RPS9;RPL21;RPS27A;RPS25;RPS17;RPLP0;RPL39;RPLP1;RPS20;RPL11;RPL12;RPL9;RPS14;RSL24D1;RPL27;RPS23;RPS2;RPL32;RPL28;FAU;RPL37;RPS27;RPS8;RPL8;RPL35;RPL34;RPS19;RPS4X;RPL37A;RPL5;RPL29;RPL36;RPL35A;RPL36AL;RPL18A;RPS15;RPL36A;RPS3A;RPL15;RPL39L;UBA52;RPS5;TRMT112;RPL4;RPL38;RPS21;RPL7"
"Fc Epsilon Receptor (FCERI) Signaling R-HSA-2454202",NA,NA,NA,-0.146510860993783,NA,129,"RNASE1;FBXW11;PSMB7;GAB2;RPS27A;PSMB6;NFKBIA;SEM1;FYN;PSMD3;GRB2;PRKCQ;PSMA2;MAP2K4;PSMD14;AHCYL1;PSME1;PSMD4;NFKB1;PSMA1;RELA;SKP1;PSME2;CARD11"
"Formation Of A Pool Of Free 40S Subunits R-HSA-72689",NA,NA,NA,-0.691521559363105,NA,97,"RPS12;RPL23;RPL30;RPS16;RPL19;RPLP2;RPS29;RPS7;RPL18;RPS13;RPS3;RPS6;RPL27A;RPS9;RPL21;RPS27A;RPS25;RPS17;RPLP0;RPL39;RPLP1;RPS20;RPL11;RPL12;RPL9;RPS14;EIF3B;RSL24D1;EIF3A;RPL27;RPS23;RPS2;RPL32;RPL28;FAU;EIF3G;RPL37;EIF3H;RPS27;RPS8;EIF1AX;EIF3J;EIF3K;RPL8;RPL35;RPL34;RPS19;RPS4X;RPL37A;RPL5;RPL29;RPL36;RPL35A;RPL36AL;EIF3F;RPL18A;RPS15;RPL36A;EIF3C;RPS3A;RPL15;RPL39L;UBA52"
"G2/M Transition R-HSA-69275",NA,NA,NA,-0.139780267441024,NA,179,"TUBB4A;RBX1;YWHAE;FBXW11;PSMB7;PPP1CB;DYNC1I2;PPP2CB;MAPRE1;TUBB4B;RPS27A;DYNC1H1;PSMB6;PPP2CA;SEM1;SSNA1;PSMD3;TUBB;NDE1;CCP110;CDK7;PSMA2;PSMD14;PSME1;CDK11A;PSMD4;PSMA1;CSNK1E"
"GTP Hydrolysis And Joining Of 60S Ribosomal Subunit R-HSA-72706",NA,NA,NA,-0.662198832556911,NA,108,"RPS12;RPL23;RPL30;RPS16;RPL19;RPLP2;RPS29;EIF4A1;RPS7;RPL18;RPS13;RPS3;RPS6;RPL27A;RPS9;RPL21;RPS27A;RPS25;RPS17;RPLP0;RPL39;RPLP1;RPS20;RPL11;RPL12;EIF4B;RPL9;RPS14;EIF3B;RSL24D1;EIF3A;EIF4H;RPL27;RPS23;RPS2;RPL32;RPL28;FAU;EIF3G;RPL37;EIF3H;RPS27;RPS8;EIF1AX;EIF3J;EIF3K;RPL8;RPL35;RPL34;RPS19;RPS4X;RPL37A;RPL5;RPL29;RPL36;RPL35A;RPL36AL;EIF3F;RPL18A;EIF4E;RPS15;RPL36A;EIF4G1;EIF3C;RPS3A;RPL15;RPL39L;UBA52"
"HCMV Early Events R-HSA-9609690",NA,NA,NA,-0.138869332464688,NA,92,"RNASE1;DYNC1LI2;H2AC6;ITGB1;HSD17B4;DYNC1I2;DYNC1H1;NCOR2;KCNH8;GPS2;POM121C"
"HCMV Infection R-HSA-9609646",NA,NA,NA,-0.124112913980075,NA,116,"RNASE1;DYNC1LI2;H2AC6;ITGB1;HSD17B4;DYNC1I2;DYNC1H1;MVB12B;NCOR2;KCNH8;GPS2;POM121C;HNRNPK;CHMP6;TRIM28"
"HIV Infection R-HSA-162906",NA,NA,NA,-0.152889758518549,NA,224,"RNASE1;B2M;RBX1;PSMB7;POLR2I;TAF10;XRCC6;NPM1;RPS27A;HLA-A;PSMB6;TAF2;SLC25A5;SEM1;SSRP1;FYN;POLR2L;TAF15;MVB12B;TAF7;PSMD3;CXCR4;CDK9;POM121C;CDK7;PSMA2;POLR2F;CHMP6;PPIA;PSMD14;FEN1;ELOA2;POLR2A;PSME1;PSMD4;PSMA1;SKP1;POLR2E;KPNB1;PSME2;CTDP1;ELMO1;CHMP4B;TPR"
"Host Interactions Of HIV Factors R-HSA-162909",NA,NA,NA,-0.201877512353096,NA,128,"RNASE1;B2M;RBX1;PSMB7;NPM1;RPS27A;HLA-A;PSMB6;SLC25A5;SEM1;FYN;PSMD3;CDK9;POM121C;PSMA2;PPIA;PSMD14;PSME1;PSMD4;PSMA1;SKP1;KPNB1;PSME2;ELMO1;TPR;HCK;RAN;AAAS;NUP188;UBA52;NUP50;PSMD10;BANF1;NUP62;PSMD8;AP1S2"
"Influenza Infection R-HSA-168255",NA,NA,NA,-0.476076369425218,NA,155,"RPS12;CALR;RPL23;RPL30;RPS16;RPL19;RPLP2;RPS29;CANX;POLR2I;RPS7;RPL18;RPS13;RPS3;RPS6;RPL27A;RPS9;RPL21;RPS27A;CLTA;RPS25;RPS17;PARP1;RPLP0;RPL39;RPLP1;RPS20;RPL11;RPL12;RPL9;RPS14;RSL24D1;RPL27;RPS23;RPS2;POLR2L;RPL32;RPL28;FAU;RPL37;RPS27;RPS8;RPL8;RPL35;RPL34;POM121C;POLR2F;RPS19;RPS4X;RPL37A;RPL5;RPL29;POLR2A;KPNA3;RPL36;RPL35A;RPL36AL;GNL3;RPL18A;POLR2E;KPNB1;RPS15;RPL36A;TPR;RPS3A;RAN;AAAS;NUP188;RPL15;CLTC;RPL39L;UBA52;NUP50"
"Influenza Viral RNA Transcription And Replication R-HSA-168273",NA,NA,NA,-0.499104733680716,NA,135,"RPS12;RPL23;RPL30;RPS16;RPL19;RPLP2;RPS29;POLR2I;RPS7;RPL18;RPS13;RPS3;RPS6;RPL27A;RPS9;RPL21;RPS27A;RPS25;RPS17;PARP1;RPLP0;RPL39;RPLP1;RPS20;RPL11;RPL12;RPL9;RPS14;RSL24D1;RPL27;RPS23;RPS2;POLR2L;RPL32;RPL28;FAU;RPL37;RPS27;RPS8;RPL8;RPL35;RPL34;POM121C;POLR2F;RPS19;RPS4X;RPL37A;RPL5;RPL29;POLR2A;RPL36;RPL35A;RPL36AL;GNL3;RPL18A;POLR2E;RPS15;RPL36A;TPR;RPS3A;AAAS;NUP188;RPL15;RPL39L;UBA52;NUP50"
"Interferon Gamma Signaling R-HSA-877300",NA,NA,NA,-0.16514747665613,NA,85,"NCAM1;HLA-B;B2M;IRF9;CD44;IFNGR1;HLA-C;HLA-DRB1;HLA-A"
"Interferon Signaling R-HSA-913531",NA,NA,NA,-0.158252016028722,NA,188,"NCAM1;HLA-B;B2M;IRF9;CD44;IFNGR1;EIF4A1;HLA-C;HLA-DRB1;RPS27A;UBE2E1;HLA-A;PPM1B;IFITM1;EIF4G3;USP18;IFITM3;PDZD2;SMAD7;IFITM2;POM121C;TRIM45;STAT2;TRIM22;STAT1;KPNA3;IFI6;HLA-DRA;FLNA;EIF4G2;PTPN11;IFI27;GNL3;IFNAR2;IFIT1;KPNB1;EIF4E;IFNA14;TPR;HLA-DPA1;HLA-E;EIF4G1;VCAM1;CAMK2D;IFI30;AAAS;NUP188;UBA52;NUP50;HERC5"
"Interleukin-1 Family Signaling R-HSA-446652",NA,NA,NA,-0.158921761192954,NA,151,"HMGB1;S100B;RBX1;FBXW11;APP;PSMB7;RPS27A;PSMB6;NFKBIA;SEM1;PSMD3;USP18;SQSTM1;SIGIRR;SAA2;PSMA2;MAP2K4;PSMD14;PSME1;PSMD4;NFKB1;STAT3;PSMA1;PTPN11;NFKB2;RELA;SKP1"
"Interleukin-1 Signaling R-HSA-9020702",NA,NA,NA,-0.212019318247502,NA,113,"HMGB1;S100B;RBX1;FBXW11;APP;PSMB7;RPS27A;PSMB6;NFKBIA;SEM1;PSMD3;USP18;SQSTM1;SAA2;PSMA2;MAP2K4;PSMD14;PSME1;PSMD4;NFKB1;PSMA1;NFKB2;RELA;SKP1"
"KEAP1-NFE2L2 Pathway R-HSA-9755511",NA,NA,NA,-0.254298764650045,NA,98,"PRDX1;RBX1;PSMB7;GCLC;TALDO1;RPS27A;KEAP1;PSMB6;SEM1;PSMD3;SQSTM1;VCP;PHGDH;PSMA2;PSMD14;MYC;ATF4;SESN2;PSME1;PSMD4;CSNK2B;PSMA1;SLC7A11;SKP1;PSME2;UFD1"
"L13a-mediated Translational Silencing Of Ceruloplasmin Expression R-HSA-156827",NA,NA,NA,-0.670697450544062,NA,107,"RPS12;RPL23;RPL30;RPS16;RPL19;RPLP2;RPS29;EIF4A1;RPS7;RPL18;RPS13;RPS3;RPS6;RPL27A;RPS9;RPL21;RPS27A;RPS25;RPS17;RPLP0;RPL39;RPLP1;RPS20;RPL11;RPL12;EIF4B;RPL9;RPS14;EIF3B;RSL24D1;EIF3A;EIF4H;RPL27;RPS23;RPS2;RPL32;RPL28;FAU;EIF3G;RPL37;EIF3H;RPS27;RPS8;EIF1AX;EIF3J;EIF3K;RPL8;RPL35;PABPC1;RPL34;RPS19;RPS4X;RPL37A;RPL5;RPL29;RPL36;RPL35A;RPL36AL;EIF3F;RPL18A;EIF4E;RPS15;RPL36A;EIF4G1;EIF3C;RPS3A;RPL15;RPL39L;UBA52"
"L1CAM Interactions R-HSA-373760",NA,NA,NA,-0.247388704078922,NA,99,"RNASE1;NCAM1;SHTN1;NFASC;RDX;DNM2;ITGAV;ITGB1;DPYSL2;DLG1;ANK3;LYPLA2;CNTN2;CLTA;LLGL1;ALCAM"
"MAPK6/MAPK4 Signaling R-HSA-5687128",NA,NA,NA,-0.190848428357699,NA,89,"RNASE1;SEPTIN7;PSMB7;CDC42;RPS27A;PSMB6;SEM1;PSMD3;PSMA2;PRKACB;PSMD14;MYC;PSME1;PSMD4;PSMA1"
"MHC Class II Antigen Presentation R-HSA-2132295",NA,NA,NA,-0.177236274801041,NA,101,"DYNC1LI2;DNM2;RAB7A;CANX;DYNC1I2;HLA-DRB1;CD74;OSBPL1A;CLTA;DYNC1H1;ACTR10;SAR1B;CAPZB;CTSF;CTSD"
"Macroautophagy R-HSA-1632852",NA,NA,NA,-0.180878904325303,NA,112,"DYNC1LI2;GABARAPL2;DYNC1I2;GABARAP;RPS27A;DYNC1H1;TOMM7;ATG12;SQSTM1;VCP;PLIN3;ATG3;ATG4C;RRAGA;NBR1;CHMP6;PINK1;TOMM40;CSNK2B;LAMTOR4;WIPI1;TOMM20;EPAS1;CHMP4B;LAMTOR1;ATG13;TSC1;UBA52"
"Major Pathway Of rRNA Processing In Nucleolus And Cytosol R-HSA-6791226",NA,NA,NA,-0.329603365739886,NA,177,"RPS12;RPL23;RPL30;RPS16;RPL19;RPLP2;RPS29;RPS7;RPL18;RPS13;PNO1;RPS3;RPS6;RPL27A;RPS9;RPL21;RPS27A;RPS25;RPS17;RPLP0;RPL39;RPLP1;RPS20;RPL11;RPL12;RPL9;RPS14;RSL24D1;RPL27;RPS23;RPS2;RPL32;RPL28;FAU;EBNA1BP2;RPL37;C1D;RPS27;RPS8;RPL8;RPL35;RPL34;RIOK3;RPS19;RPS4X;SENP3;BUD23;RPL37A;RPL5;RPL29;RPL36;RPL35A;RPL36AL;CSNK1E;DDX47;GNL3;RPL18A;RPS15;EXOSC3"
"Metabolism Of Amino Acids And Derivatives R-HSA-71291",NA,NA,NA,-0.253741601121797,NA,361,"ASPA;RPS12;SERINC1;QDPR;SERINC5;PSMB7;CARNS1;RPL23;SLC6A8;RPL30;SBDS;RPS16;RPL19;RPLP2;RPS29;SLC36A4;RPS7;SLC44A1;ENOPH1;RPL18;RPS13;SLC38A1;RPS3;RPS6;RPL27A;PSAT1;RPS9;RPL21;RPS27A;FOLH1;RPS25;RPS17;RPLP0;RPL39;DLST;AHCY;RPLP1;PSMB6;PEMT;RPS20;RPL11;RPL12;RPL9;RPS14;GLUL;RSL24D1;RPL27;ALDH9A1;NAT8L;SEM1;RPS23;GATM;OAT;RPS2;PDHX;RPL32;RPL28;PSMD3;FAU;RPL37;RPS27;RPS8;SARDH;RPL8;RPL35;PHGDH;RPL34;PSMA2;RPS19;RPS4X;PYCR2;GLUD1;PSMD14;RPL37A;RPL5;SARS1;RPL29;RPL36;RPL35A;ECHS1;PSME1;PSMD4;RPL36AL"
"Mitotic Anaphase R-HSA-68882",NA,NA,NA,-0.16107096240291,NA,224,"TUBB4A;DYNC1LI2;TUBA1C;PSMB7;SIRT2;LMNA;SMC1A;DYNC1I2;BUB3;RCC2;PPP2CB;MAPRE1;TUBB4B;RPS27A;UBE2E1;DYNC1H1;PSMB6;PPP2CA;SEM1;BIRC5;PSMD3;TUBB2B;RPS27;TUBB;TUBA3D;CLASP2;NDE1;ANAPC11;PSMA2;PPP1CC;CHMP6;PSMD14;TAOK1;RAD21;PSME1;PSMD4;PSMA1;CENPT"
"Mitotic G2-G2/M Phases R-HSA-453274",NA,NA,NA,-0.138355257491554,NA,181,"TUBB4A;RBX1;YWHAE;FBXW11;PSMB7;PPP1CB;DYNC1I2;PPP2CB;MAPRE1;TUBB4B;RPS27A;DYNC1H1;PSMB6;PPP2CA;SEM1;SSNA1;PSMD3;TUBB;NDE1;CCP110;CDK7;PSMA2"
"Mitotic Metaphase And Anaphase R-HSA-2555396",NA,NA,NA,-0.15974299373838,NA,225,"TUBB4A;DYNC1LI2;TUBA1C;PSMB7;SIRT2;LMNA;SMC1A;DYNC1I2;BUB3;RCC2;PPP2CB;MAPRE1;TUBB4B;RPS27A;UBE2E1;DYNC1H1;PSMB6;PPP2CA;SEM1;BIRC5;PSMD3;TUBB2B;RPS27;TUBB;TUBA3D;CLASP2;NDE1;ANAPC11;PSMA2;PPP1CC;CHMP6;PSMD14;TAOK1;RAD21;PSME1;PSMD4;PSMA1;CENPT"
"MyD88 Cascade Initiated On Plasma Membrane R-HSA-975871",NA,NA,NA,-0.154969729555968,NA,95,"HMGB1;S100B;FBXW11;APP;PPP2CB;RPS27A;PPP2CA;NFKBIA;USP18;KCNH8;SAA2;MAP2K4;RPS6KA1;NFKB1;DUSP6;NFKB2;RELA;SKP1"
"MyD88-independent TLR4 Cascade R-HSA-166166",NA,NA,NA,-0.141428618721798,NA,105,"HMGB1;S100B;FBXW11;APP;PPP2CB;RPS27A;PPP2CA;NFKBIA;USP18;KCNH8;SAA2;MAP2K4;RPS6KA1;NFKB1;DUSP6;PTPN11;NFKB2;RELA;SKP1"
"MyD88:MAL(TIRAP) Cascade Initiated On Plasma Membrane R-HSA-166058",NA,NA,NA,-0.141936988510701,NA,111,"HMGB1;S100B;FBXW11;APP;PPP2CB;RPS27A;S100A1;PPP2CA;NFKBIA;USP18;KCNH8;SIGIRR;SAA2;MAP2K4;RPS6KA1;NFKB1;DUSP6;NFKB2;RELA;SKP1"
"Neutrophil Degranulation R-HSA-6798695",NA,NA,NA,-0.175724342674512,NA,458,"LAMP2;HMGB1;ARPC5;TMEM63A;RNASE1;HLA-B;RHOA;ATP8A1;B2M;FTH1;NFASC;LAMP1;IGF2R;PSMB7;SVIP;ATP6AP2;TMBIM1;ITGAV;CD44;RAB7A;GOLGA7;TMEM30A;GSTP1;VPS35L;TIMP2;HLA-C;CD63;SLC2A5;CD47;ASAH1;TMC6;HUWE1;XRCC6;PSEN1;RAB5C;RAP1A;DEGS1;TUBB4B;MAGT1;DYNC1H1;DDOST;HLA-A;FUCA2;PTPRJ;RCAN1;ACTR10;GDI2;SRP14;PSMD3;ACAA1;VCP;CTSD;TUBB;CTSZ;PAFAH1B2;GCA;RAB3D;ARL8A"
"Nonsense Mediated Decay (NMD) Enhanced By Exon Junction Complex (EJC) R-HSA-975957",NA,NA,NA,-0.606076562039555,NA,111,"RPS12;RPL23;RPL30;RPS16;RPL19;RPLP2;RPS29;RPS7;RPL18;RPS13;RPS3;RPS6;RPL27A;RPS9;RPL21;RPS27A;RPS25;RPS17;RPLP0;RPL39;RPLP1;RPS20;RPL11;RPL12;RPL9;RPS14;RSL24D1;PPP2CA;RPL27;RPS23;RPS2;RPL32;RPL28;FAU;RPL37;RPS27;RPS8;RPL8;RPL35;PABPC1;RPL34;RPS19;RPS4X;RPL37A;RPL5;RPL29;RPL36;RPL35A;RPL36AL;RBM8A;RPL18A;RPS15;RPL36A;EIF4G1;UPF1;RPS3A;RPL15;RPL39L;UBA52;CASC3;RPS5;PPP2R2A;NCBP2;RPL4;RPL38;RPS21;RPL7"
"Nonsense Mediated Decay (NMD) Independent Of Exon Junction Complex (EJC) R-HSA-975956",NA,NA,NA,-0.686655692378078,NA,91,"RPS12;RPL23;RPL30;RPS16;RPL19;RPLP2;RPS29;RPS7;RPL18;RPS13;RPS3;RPS6;RPL27A;RPS9;RPL21;RPS27A;RPS25;RPS17;RPLP0;RPL39;RPLP1;RPS20;RPL11;RPL12;RPL9;RPS14;RSL24D1;RPL27;RPS23;RPS2;RPL32;RPL28;FAU;RPL37;RPS27;RPS8;RPL8;RPL35;PABPC1;RPL34;RPS19;RPS4X;RPL37A;RPL5;RPL29;RPL36;RPL35A;RPL36AL;RPL18A;RPS15;RPL36A;EIF4G1;UPF1;RPS3A;RPL15;RPL39L;UBA52;RPS5;NCBP2;RPL4;RPL38;RPS21;RPL7"
"Nucleotide Excision Repair R-HSA-5696398",NA,NA,NA,-0.12631792965638,NA,103,"RBX1;POLR2I;RAD23B;RPS27A;PARP1;POLR2L;RAD23A;YY1;DDB1;CDK7;POLR2F;GPS1;UBE2V2;POLR2A"
"Oxidative Stress Induced Senescence R-HSA-2559580",NA,NA,NA,-0.122951708271349,NA,88,"H3-3B;H2AC6;CDKN2D;CBX4;MAP4K4;RPS27A;CBX2;H2AB1;MAP2K4;RING1;H2BC4;H2BC17;E2F1;H2AC19;CBX8;TFDP1;H2AJ;UBA52;CDKN2C;MDM4;H2AX;MAP2K7"
"P75 NTR Receptor-Mediated Signaling R-HSA-193704",NA,NA,NA,-0.234791405025864,NA,94,"MAG;RNASE1;RHOA;RTN4;PSENEN;YWHAE;PREX1;ARHGEF2;OBSCN;CASP2;PSEN1;RPS27A;ARHGEF15;NFKBIA;ARHGDIA;OMG;SQSTM1"
"PTEN Regulation R-HSA-6807070",NA,NA,NA,-0.128256467503077,NA,137,"PSMB7;CBX4;PREX2;TNKS2;RPS27A;PSMB6;KDM1A;SEM1;PSMD3;CBX2;MTA1;PSMA2;RRAGA;PSMD14;PSME1;PSMD4;CSNK2B;HDAC2;PSMA1;LAMTOR4;GATAD2B;RING1;PSME2;MAF1;LAMTOR1"
"Peptide Chain Elongation R-HSA-156902",NA,NA,NA,-0.700571264965579,NA,83,"RPS12;RPL23;RPL30;RPS16;RPL19;RPLP2;RPS29;RPS7;RPL18;RPS13;RPS3;RPS6;RPL27A;RPS9;RPL21;RPS27A;RPS25;RPS17;RPLP0;RPL39;RPLP1;RPS20;RPL11;RPL12;RPL9;RPS14;RSL24D1;RPL27;RPS23;RPS2;RPL32;RPL28;FAU;RPL37;RPS27;RPS8;RPL8;RPL35;RPL34;RPS19;RPS4X;RPL37A;RPL5;RPL29;RPL36;RPL35A;RPL36AL;RPL18A;RPS15;RPL36A;RPS3A;RPL15;RPL39L;UBA52"
"Platelet Activation, Signaling And Aggregation R-HSA-76002",NA,NA,NA,-0.170552871061226,NA,253,"LAMP2;TF;GNAI1;CD9;RNASE1;LGALS3BP;RHOA;SELENOP;SPARC;APP;GNAI2;ENDOD1;STX4;CD63;PFN1;CDC42;DGKQ;RAP1A;AAMP;TMX3;WDR1;FYN;TMSB4X;TIMP1;TLN1;ACTN4;ANXA5;GRB2;PRKCQ;CALU;ABHD6;PTK2;PRKCZ;TIMP3;PPIA;GP6;CYRIB;GNG7;FN1;TBXA2R;FLNA;BCAR1;PTPN11;VWF;TAGLN2;PF4;RHOG"
"Platelet Degranulation R-HSA-114608",NA,NA,NA,-0.213442436336738,NA,124,"LAMP2;TF;CD9;LGALS3BP;SELENOP;SPARC;APP;ENDOD1;CD63;PFN1;TMX3;WDR1;TMSB4X;TIMP1;TLN1;ACTN4;ANXA5;CALU;TIMP3;PPIA;CYRIB;FN1;FLNA;VWF;TAGLN2;PF4"
"Potential Therapeutics For SARS R-HSA-9679191",NA,NA,NA,-0.150803953896368,NA,95,"RBX1;ITGB1;IFNGR1;ATP1B1;FNTA;KEAP1;KDM1A;MTA1;CD79B;GRB2;TUBB;SIGMAR1;STAT2;JAK3;HDAC2;GATAD2B"
"Processing Of Capped Intron-Containing Pre-mRNA R-HSA-72203",NA,NA,NA,-0.225204346239579,NA,240,"HNRNPU;HNRNPA2B1;YBX1;PLRG1;SF3B1;SNRPD3;FUS;HNRNPUL1;POLR2I;DDX5;SRRM2;SRSF5;SNRNP70;SRSF1;SNRPA1;SART1;HNRNPH1;DDX39B;HNRNPL;POLR2L;PCBP2;CPSF2;SRSF9;TXNL4A;PRPF6;CSTF3;SRSF4;HNRNPD;POM121C;NXF2;HNRNPK;SNRPG;PUF60;POLR2F;THOC1;HNRNPA1;WTAP;HNRNPC;SF3B5;U2SURP;POLR2A;U2AF1;SNRPE;SRRM1;DHX15;RBM8A;SRSF6;SF3A2;POLR2E;DNAJC8;EIF4E;POLDIP3;TPR;CHTOP;SRSF3;TFIP11;SF3B2;LSM5;CPSF7;AAAS;NUP188"
"Protein Folding R-HSA-391251",NA,NA,NA,-0.189453837311337,NA,91,"TUBB4A;PFDN2;TUBA1C;VBP1;TBCB;FBXW4;TUBB4B;ARL2;LONP2;CCT3;TUBB2B;TUBB;TUBA3D;PFDN5;FBXL5;GNG7;CSNK2B;STAT3;CCT8"
"Protein Localization R-HSA-9609507",NA,NA,NA,-0.14439740822124,NA,160,"APP;SEC61G;AGPS;TIMM17A;ATP5F1A;HSD17B4;ATP5MC1;ATP5F1B;RPS27A;GET1;CMC2;TOMM7;PEX3;LONP2;NDUFB8;ACAA1;COA4;SEC61B;DHRS4;ECI2;CAMLG;TOMM40;ECH1;ZFAND6;ATAD1;HSPA9;CHCHD2;ALDH3A2;TOMM20"
"RAC1 GTPase Cycle R-HSA-9013149",NA,NA,NA,-0.131632176908722,NA,176,"RNASE1;KTN1;PREX1;VAMP3;MYO9B;ITGB1;RAB7A;DOCK10;CDC42;PREX2;DOCK9;ERBIN;WASF2;ARHGEF15;ARHGDIA;ARHGAP23;PLEKHG6;DOCK4;PLEKHG4;WASL;WIPF1;AMIGO2;PLEKHG3;ARHGAP1"
"RAC3 GTPase Cycle R-HSA-9013423",NA,NA,NA,-0.164937706966273,NA,92,"PGRMC2;PREX1;VAMP3;ITGB1;RAB7A;DOCK10;CDC42;ERBIN;WASF2"
"RHO GTPase Cycle R-HSA-9012999",NA,NA,NA,-0.123075258160606,NA,434,"ANLN;RNASE1;TMEM59;RHOA;PGRMC2;KTN1;PREX1;VAMP3;MYO9B;FMNL2;ITGB1;RTKN;PKP4;PLXNB1;RAB7A;DOCK10;ARHGEF2;CDC42;PREX2;TEX2;DOCK9;OBSCN;ADD3;ERBIN;WASF2;ATP6AP1;ARHGEF15;HSPE1;DDX39B;ARHGDIA;MYO6;GJA1;PICALM;VCP;TPM4;ARHGAP23;GRB2;CAPZB;CCP110;PLEKHG6;CDC42BPB;DOCK4;DST;ARHGEF1;MAP3K11;PLEKHG4;DDX4;GPS1;WASL;HNRNPC;RHOBTB1;WIPF1;AMIGO2"
"RHO GTPase Effectors R-HSA-195258",NA,NA,NA,-0.216675132411727,NA,258,"MYLK;ARPC5;RNASE1;DYNC1LI2;H3-3B;RHOA;YWHAE;KTN1;H2AC6;PPP1CB;CDKN1B;CTTN;FMNL2;ITGB1;RTKN;YWHAQ;MYL6;CTNNA1;PFN1;DYNC1I2;CDC42;BUB3;RCC2;MYL12B;PPP2CB;MAPRE1;WASF2;PPP1R14A;DYNC1H1;LLGL1;ABL1;KDM1A;PPP2CA;BIRC5;ACTR3;GRB2;RPS27;CLASP2;H2AB1;PDZD2;NDE1;PTK2;PRKCZ;PPP1CC;CTNNB1;WASL;WIPF1;TAOK1"
"RHOA GTPase Cycle R-HSA-8980692",NA,NA,NA,-0.188657857436748,NA,147,"ANLN;RHOA;PGRMC2;KTN1;PREX1;VAMP3;MYO9B;RTKN;ARHGEF2;PREX2;TEX2;OBSCN;ERBIN;ATP6AP1;ARHGEF15;ARHGDIA;ARHGAP23;PLEKHG6;ARHGEF1;PLEKHG4"
"RUNX1 Regulates Transcription Of Genes Involved In Differentiation Of HSCs R-HSA-8939236",NA,NA,NA,-0.203438183869326,NA,94,"H3-3B;H2AC6;PSMB7;RPS27A;ABL1;TAL1;PSMB6;CBFB;SEM1;PSMD3;H2AB1;CDK7;PSMA2;PSMD14;GATA2;PSME1;PSMD4;PSMA1;H2BC4;PSME2;H2BC17"
"Regulation Of Expression Of SLITs And ROBOs R-HSA-9010553",NA,NA,NA,-0.4569524997035,NA,165,"RPS12;RBX1;PSMB7;RPL23;RPL30;RPS16;RPL19;RPLP2;RPS29;RPS7;RPL18;RPS13;RPS3;RPS6;RPL27A;RPS9;RPL21;RPS27A;RPS25;RPS17;RPLP0;RPL39;RPLP1;PSMB6;RPS20;RPL11;RPL12;RPL9;RPS14;RSL24D1;RPL27;SEM1;RPS23;RPS2;RPL32;RPL28;PSMD3;FAU;RPL37;RPS27;RPS8;RPL8;RPL35;PABPC1;RPL34;PSMA2;RPS19;RPS4X;PSMD14;RPL37A;RPL5;RPL29;RPL36;RPL35A;PSME1;PSMD4;RPL36AL;PSMA1;RBM8A;RPL18A;PSME2;RPS15;RPL36A;EIF4G1;RPS3A;RPL15;RPL39L;UBA52;PSMD10;CASC3;RPS5;NCBP2;PSMD8;RPL4;RPL38;RPS21;RPL7;PSMC5;ELOB;RPL22"
"Regulation Of PLK1 Activity At G2/M Transition R-HSA-2565942",NA,NA,NA,-0.180064979338585,NA,85,"TUBB4A;YWHAE;FBXW11;PPP1CB;DYNC1I2;MAPRE1;TUBB4B;RPS27A;DYNC1H1;SSNA1;TUBB;NDE1;CCP110"
"Respiratory Electron Transport R-HSA-611105",NA,NA,NA,-0.394320995644281,NA,89,"UQCRC1;TMEM126B;COX8A;ACAD9;COX16;COX6C;NDUFS4;NDUFV2;NDUFA12;NDUFB8;NDUFB2;NDUFAF3;COX14;NDUFA1;NDUFA10;COX5B;NDUFV1;ETFA;NDUFB3;NDUFA13;NDUFA3;NDUFS5;NDUFB1;UQCRB;UQCRQ;COX6A1;NDUFB6;ETFB;COX6B1;NDUFB4;COX4I1;NDUFA2;UQCRC2;NDUFS7;COX18;NDUFS6;COX7B;NDUFS2;NDUFA5"
"Respiratory Electron Transport, ATP Synthesis By Chemiosmotic Coupling, Heat Production By Uncoupling Proteins R-HSA-163200",NA,NA,NA,-0.40471265946849,NA,111,"UQCRC1;ATP5MC2;TMEM126B;COX8A;ATP5F1A;ACAD9;ATP5MC1;COX16;ATP5F1B;COX6C;NDUFS4;NDUFV2;ATP5PO;ATP5F1C;ATP5ME;ATP5PB;NDUFA12;NDUFB8;NDUFB2;NDUFAF3;COX14;NDUFA1;NDUFA10;COX5B;NDUFV1;ETFA;NDUFB3;NDUFA13;ATP5MC3;NDUFA3;NDUFS5;NDUFB1;UQCRB;UQCRQ;COX6A1;NDUFB6;ETFB;COX6B1;NDUFB4;COX4I1;ATP5F1D;NDUFA2;UQCRC2;NDUFS7;ATP5PF;COX18;NDUFS6;COX7B;NDUFS2;NDUFA5"
"Response Of EIF2AK4 (GCN2) To Amino Acid Deficiency R-HSA-9633012",NA,NA,NA,-0.590338635887202,NA,97,"RPS12;RPL23;RPL30;RPS16;RPL19;RPLP2;RPS29;RPS7;RPL18;RPS13;RPS3;RPS6;RPL27A;RPS9;RPL21;RPS27A;RPS25;RPS17;RPLP0;RPL39;RPLP1;RPS20;RPL11;RPL12;RPL9;RPS14;RSL24D1;RPL27;RPS23;RPS2;RPL32;RPL28;FAU;RPL37;RPS27;RPS8;RPL8;RPL35;RPL34;RPS19;RPS4X;RPL37A;RPL5;RPL29;RPL36;ATF4;RPL35A;RPL36AL;ATF3;RPL18A;RPS15;RPL36A;RPS3A;RPL15;RPL39L;UBA52"
"Response To Elevated Platelet Cytosolic Ca2+ R-HSA-76005",NA,NA,NA,-0.2167795939378,NA,129,"LAMP2;TF;CD9;LGALS3BP;SELENOP;SPARC;APP;ENDOD1;STX4;CD63;PFN1;TMX3;WDR1;TMSB4X;TIMP1;TLN1;ACTN4;ANXA5;CALU;TIMP3;PPIA;CYRIB;FN1;FLNA;VWF;TAGLN2;PF4"
"SARS-CoV Infections R-HSA-9679506",NA,NA,NA,-0.2072105361712,NA,357,"HLA-B;DAD1;RPS12;B2M;RBX1;YWHAE;SRPK2;SNRPD3;ITGB1;YWHAQ;RPS16;IFNGR1;HSPG2;RPS29;GOLGA7;CANX;ATP1B1;DDX5;RPS7;HLA-C;RPS13;RPS3;FNTA;RPS6;ZDHHC20;RPS9;RPS27A;MAGT1;KEAP1;RPS25;RPS17;DDOST;HLA-A;RPS20;SMN1;KDM1A;RPS14;RPS23;RPS2;ST6GALNAC3;MAN2A1;FAU;GJA1;MTA1;SAR1B;VCP;ZDHHC3;ZDHHC11;CD79B;GRB2;CNBP;RPS27;TUBB;RPS8;POM121C;SNRPG;SIGMAR1;AGRN;PRMT1;RPS19;RPS4X;CHMP6;STAT2"
"SARS-CoV-2 Infection R-HSA-9694516",NA,NA,NA,-0.22094829034455,NA,273,"HLA-B;DAD1;RPS12;B2M;YWHAE;SRPK2;SNRPD3;YWHAQ;RPS16;HSPG2;RPS29;GOLGA7;CANX;DDX5;RPS7;HLA-C;RPS13;RPS3;RPS6;ZDHHC20;RPS9;RPS27A;MAGT1;RPS25;RPS17;DDOST;HLA-A;RPS20;SMN1;RPS14;RPS23;RPS2;ST6GALNAC3;MAN2A1;FAU;GJA1;SAR1B;VCP;ZDHHC3;ZDHHC11;CNBP;RPS27;RPS8;POM121C;SNRPG;AGRN;PRMT1;RPS19;RPS4X;CHMP6;STAT2"
"SARS-CoV-2-host Interactions R-HSA-9705683",NA,NA,NA,-0.216835649142165,NA,188,"HLA-B;RPS12;B2M;YWHAE;SNRPD3;YWHAQ;RPS16;RPS29;RPS7;HLA-C;RPS13;RPS3;RPS6;RPS9;RPS27A;RPS25;RPS17;HLA-A;RPS20;SMN1;RPS14;RPS23;RPS2;FAU;GJA1;SAR1B;CNBP;RPS27;RPS8;POM121C;SNRPG;RPS19;RPS4X;STAT2"
"SRP-dependent Cotranslational Protein Targeting To Membrane R-HSA-1799339",NA,NA,NA,-0.658094057750888,NA,106,"RPS12;SEC61G;RPL23;SSR4;RPL30;RPS16;RPL19;RPLP2;RPS29;RPS7;RPL18;RPS13;RPS3;RPS6;RPL27A;RPS9;RPL21;RPS27A;RPS25;RPS17;RPLP0;DDOST;RPL39;SPCS1;RPLP1;RPS20;RPL11;RPL12;RPL9;RPS14;RSL24D1;RPL27;RPS23;RPS2;RPL32;RPL28;SRP14;FAU;RPL37;SEC11C;SEC11A;RPS27;RPS8;RPL8;RPL35;SEC61B;RPL34;RPS19;RPS4X;RPL37A;RPL5;RPL29;RPL36;RPL35A;RPL36AL;SRP72;SSR1;SPCS3;RPL18A;RPS15;RPL36A;RPS3A;RPL15;RPL39L;UBA52"
"Selenoamino Acid Metabolism R-HSA-2408522",NA,NA,NA,-0.523806715688584,NA,112,"RPS12;RPL23;RPL30;RPS16;RPL19;RPLP2;RPS29;RPS7;RPL18;RPS13;RPS3;RPS6;RPL27A;RPS9;RPL21;RPS27A;RPS25;RPS17;RPLP0;RPL39;AHCY;RPLP1;RPS20;RPL11;RPL12;RPL9;RPS14;RSL24D1;RPL27;RPS23;RPS2;RPL32;RPL28;FAU;RPL37;RPS27;RPS8;RPL8;RPL35;RPL34;RPS19;RPS4X;RPL37A;RPL5;SARS1;RPL29;RPL36;RPL35A;RPL36AL"
"Selenocysteine Synthesis R-HSA-2408557",NA,NA,NA,-0.65947466021746,NA,89,"RPS12;RPL23;RPL30;RPS16;RPL19;RPLP2;RPS29;RPS7;RPL18;RPS13;RPS3;RPS6;RPL27A;RPS9;RPL21;RPS27A;RPS25;RPS17;RPLP0;RPL39;RPLP1;RPS20;RPL11;RPL12;RPL9;RPS14;RSL24D1;RPL27;RPS23;RPS2;RPL32;RPL28;FAU;RPL37;RPS27;RPS8;RPL8;RPL35;RPL34;RPS19;RPS4X;RPL37A;RPL5;SARS1;RPL29;RPL36;RPL35A;RPL36AL;RPL18A;RPS15;RPL36A;RPS3A;RPL15;RPL39L;UBA52"
"Separation Of Sister Chromatids R-HSA-2467813",NA,NA,NA,-0.152719590668305,NA,167,"DYNC1LI2;PSMB7;SMC1A;DYNC1I2;BUB3;RCC2;PPP2CB;MAPRE1;RPS27A;UBE2E1;DYNC1H1;PSMB6;PPP2CA;SEM1;BIRC5;PSMD3;RPS27;CLASP2;NDE1;ANAPC11;PSMA2;PPP1CC;PSMD14;TAOK1;RAD21;PSME1;PSMD4;PSMA1;CENPT"
"Signaling By B Cell Receptor (BCR) R-HSA-983705",NA,NA,NA,-0.171153360818056,NA,108,"CD22;FBXW11;PSMB7;RPS27A;PSMB6;NFKBIA;SEM1;FYN;PSMD3;CD79B;GRB2;PSMA2;PPIA;PSMD14;AHCYL1;PSME1;PSMD4;NFKB1;PSMA1;RELA;SKP1;PSME2;CARD11"
"Signaling By NTRK1 (TRKA) R-HSA-187037",NA,NA,NA,-0.16064914148635,NA,114,"TF;SGK1;RHOA;RALGDS;DNM2;NTRK2;PPP2CB;RAP1A;CLTA;PPP2CA;CRKL;KCNH8;GRB2"
"Signaling By NTRKs R-HSA-166520",NA,NA,NA,-0.179626205421301,NA,132,"TF;RNASE1;PCSK6;SGK1;RHOA;RALGDS;DNM2;NTRK2;PPP2CB;RAP1A;CLTA;PPP2CA;CRKL;FYN;KCNH8;GRB2"
"Signaling By ROBO Receptors R-HSA-376176",NA,NA,NA,-0.415223130701335,NA,205,"RNASE1;RPS12;RHOA;RBX1;PSMB7;RPL23;MYO9B;RPL30;RPS16;RPL19;RPLP2;RPS29;RPS7;RPL18;RPS13;PFN1;RPS3;CDC42;RPS6;RPL27A;RPS9;RPL21;RPS27A;RPS25;RPS17;ABL1;RPLP0;RPL39;RPLP1;PSMB6;RPS20;RPL11;RPL12;RPL9;RPS14;RSL24D1;RPL27;SEM1;RPS23;RPS2;RPL32;RPL28;PSMD3;FAU;RPL37;RPS27;RPS8;CLASP2;RPL8;RPL35;CXCR4;PABPC1;RPL34;PSMA2;RPS19;RPS4X;PRKACB;PSMD14;RPL37A;RPL5;RPL29;RPL36;RPL35A;PSME1;PSMD4;RPL36AL;PSMA1;RBM8A"
"Signaling By Receptor Tyrosine Kinases R-HSA-9006934",NA,NA,NA,-0.138160510926894,NA,494,"TF;S100B;RNASE1;PCSK6;SGK1;RHOA;SPARC;RALGDS;TIAL1;PSENEN;DNM2;ERBB3;ITGAV;ITGB1;GFAP;APOE;POLR2I;WWOX;GAB2;CTNNA1;PTPRK;COL9A2;NTRK2;CDC42;STMN1;SHB;PPP2CB;PRR5;PSEN1;RAP1A;YES1;ERBIN;RPS27A;WASF2;ATP6AP1;CLTA;LLGL1;ATP6V0B;AAMP;HNRNPH1;PPP2CA;CRKL;FLRT1;PTPRJ;FYN;POLR2L;FGF1;ATP6V1G1;COL4A1;KCNH8;ALK;GRB2;ATP6V0E2;PTK2;PRKCZ;POLR2F;CTNNB1;HNRNPA1;PRKACB;MYC;COL6A2;STAT1;ADAP1;ATP6V0E1;POLR2A;JAK3;AHCYL1;RPS6KA1;EPS15;CD274;STAT3;DUSP6;HDAC2;BCAR1;PTPN11;ATP6V0D1;ATP6V1E1"
"Signaling By TGF-beta Receptor Complex R-HSA-170834",NA,NA,NA,-0.194407583220555,NA,90,"RHOA;YBX1;PPP1CB;PPM1A;ITGAV;ITGB1;RPS27A;PARP1;NCOR2;SKI;SMAD7;CDK9;PRKCZ;PPP1CC;MYC;STAT1"
"Signaling By TGFB Family Members R-HSA-9006936",NA,NA,NA,-0.142735860572306,NA,118,"RHOA;YBX1;PPP1CB;PPM1A;ITGAV;ITGB1;RPS27A;PARP1;NCOR2;SKI;SMAD7;CDK9;PRKCZ;PPP1CC;DRAP1;MYC;STAT1"
"Signaling By VEGF R-HSA-194138",NA,NA,NA,-0.154044264982283,NA,102,"RNASE1;RHOA;ITGAV;CTNNA1;CDC42;SHB;PRR5;WASF2;AAMP;FYN;PTK2;PRKCZ;CTNNB1;PRKACB"
"TCR Signaling R-HSA-202403",NA,NA,NA,-0.151914170659106,NA,111,"FBXW11;PSMB7;HLA-DRB1;RPS27A;PSMB6;NFKBIA;PTPRJ;SEM1;PSMD3;PRKCQ;PSMA2;PSMD14;PSME1;HLA-DRA;PSMD4;NFKB1;PSMA1;RELA;SKP1;PSME2;CARD11;HLA-DPA1"
"TRAF6 Mediated Induction Of NFkB And MAP Kinases Upon TLR7/8 Or 9 Activation R-HSA-975138",NA,NA,NA,-0.145077576993807,NA,99,"HMGB1;S100B;FBXW11;APP;PPP2CB;RPS27A;PPP2CA;NFKBIA;USP18;KCNH8;SAA2;MAP2K4;RPS6KA1;NFKB1;DUSP6;NFKB2;RELA;SKP1"
"Telomere Maintenance R-HSA-157579",NA,NA,NA,-0.148033226127281,NA,89,"H3-3B;H2AC6;POLR2I;TERF2IP;RUVBL2;POLR2L;NHP2;H2AB1;POLR2F;PPP6C;FEN1;POLR2A;RTEL1;TINF2;H2BC4;POLR2E;CDK2;H2BC17;POLD2"
"Translation R-HSA-72766",NA,NA,NA,-0.323226680849044,NA,276,"RPS12;SEC61G;RPL23;MRPL10;SSR4;RPL30;RPS16;RPL19;RPLP2;RPS29;DTD1;EIF4A1;RPS7;RPL18;RPS13;EEF1D;RPS3;RPS6;RPL27A;RPS9;RPL21;RPS27A;RPS25;RPS17;RPLP0;DDOST;RPL39;SPCS1;RPLP1;RPS20;RPL11;RPL12;EIF4B;RPL9;RPS14;EIF3B;RSL24D1;EIF3A;EIF4H;RPL27;RPS23;RPS2;RPL32;RPL28;SRP14;FAU;EIF3G;RPL37;SEC11C;EIF3H;MRPS14;SEC11A;RPS27;RPS8;EIF1AX;EIF3J;EIF3K;RPL8;EEF1B2;RPL35;SEC61B;PABPC1;RPL34;AURKAIP1;TSFM;RPS19;RPS4X;RPL37A;RPL5;SARS1;RPL29;RPL36;RPL35A;RPL36AL;EIF3F;MRPL24;MRPS10;MRPL43;MRPS34;SRP72;SSR1;SPCS3;MRPS36;RPL18A;MRPS18B;MRPL33;EIF4E;PPA1;RPS15"
"UCH Proteinases R-HSA-5689603",NA,NA,NA,-0.125682495520726,NA,92,"H2AC6;PSMB7;RPS27A;PSMB6;SEM1;PSMD3;YY1;SMAD7;PSMA2;PSMD14;PSME1;PSMD4;PSMA1"
"Ub-specific Processing Proteases R-HSA-5689880",NA,NA,NA,-0.0968437564054389,NA,183,"H2AC6;PSMB7;TAF10;TNKS2;RPS27A;KEAP1;PSMB6;NFKBIA;USP17L12;SEM1;PSMD3;VDAC2;USP18;CCP110;SMAD7;PSMA2;PSMD14;MYC;USP17L11;PSME1;PSMD4;PSMA1;H2BC4;TOMM20;PSME2;H2BC17;USP34;UFD1"
"Unfolded Protein Response (UPR) R-HSA-381119",NA,NA,NA,-0.134911357594745,NA,89,"CALR;LMNA;HDGF;ADD1;KHSRP;PDIA6;TLN1;MYDGF;CCL2;ATF4;ATF3;ATP6V0D1;SSR1;WIPI1;HYOU1;EXOSC3"
"VEGFA-VEGFR2 Pathway R-HSA-4420097",NA,NA,NA,-0.156036487084663,NA,93,"RNASE1;RHOA;ITGAV;CTNNA1;CDC42;SHB;PRR5;WASF2;FYN;PTK2;PRKCZ;CTNNB1;PRKACB"
"Viral mRNA Translation R-HSA-192823",NA,NA,NA,-0.648827927783321,NA,89,"RPS12;RPL23;RPL30;RPS16;RPL19;RPLP2;RPS29;RPS7;RPL18;RPS13;RPS3;RPS6;RPL27A;RPS9;RPL21;RPS27A;RPS25;RPS17;RPLP0;RPL39;RPLP1;RPS20;RPL11;RPL12;RPL9;RPS14;RSL24D1;RPL27;RPS23;RPS2;RPL32;RPL28;FAU;RPL37;RPS27;RPS8;RPL8;RPL35;RPL34;RPS19;RPS4X;RPL37A;RPL5;RPL29;RPL36;RPL35A;RPL36AL;GNL3;RPL18A;RPS15;RPL36A;RPS3A;RPL15;RPL39L;UBA52;RPS5;RPL4;DNAJC3;RPL38;RPS21;RPL7"
"mRNA Splicing - Major Pathway R-HSA-72163",NA,NA,NA,-0.292412547297632,NA,180,"HNRNPU;HNRNPA2B1;YBX1;PLRG1;SF3B1;SNRPD3;FUS;HNRNPUL1;POLR2I;DDX5;SRRM2;SRSF5;SNRNP70;SRSF1;SNRPA1;SART1;HNRNPH1;HNRNPL;POLR2L;PCBP2;CPSF2;SRSF9;TXNL4A;PRPF6;CSTF3;SRSF4;HNRNPD;HNRNPK;SNRPG;PUF60;POLR2F;HNRNPA1;HNRNPC;SF3B5;U2SURP;POLR2A;U2AF1;SNRPE;SRRM1;DHX15;RBM8A;SRSF6;SF3A2;POLR2E;DNAJC8;SRSF3;TFIP11;SF3B2;LSM5"
"mRNA Splicing R-HSA-72172",NA,NA,NA,-0.273462414938484,NA,188,"HNRNPU;HNRNPA2B1;YBX1;PLRG1;SF3B1;SNRPD3;FUS;HNRNPUL1;POLR2I;DDX5;SRRM2;SRSF5;SNRNP70;SRSF1;SNRPA1;SART1;HNRNPH1;HNRNPL;POLR2L;PCBP2;CPSF2;SRSF9;TXNL4A;PRPF6;CSTF3;SRSF4;HNRNPD;HNRNPK;SNRPG;PUF60;POLR2F;HNRNPA1;HNRNPC;SF3B5;U2SURP;POLR2A;U2AF1;SNRPE;SRRM1;DHX15;RBM8A;SRSF6;SF3A2;POLR2E;DNAJC8;SRSF3;TFIP11;SF3B2;LSM5"
"rRNA Processing In Nucleus And Cytosol R-HSA-8868773",NA,NA,NA,-0.321717414894404,NA,187,"RPS12;RPL23;RPL30;RPS16;RPL19;RPLP2;RPS29;RPS7;RPL18;RPS13;PNO1;RPS3;RPS6;RPL27A;RPS9;RPL21;RPS27A;RPS25;RPS17;RPLP0;RPL39;RPLP1;RPS20;RPL11;RPL12;RPL9;RPS14;RSL24D1;TSR3;RPL27;RPS23;RPS2;RPL32;RPL28;FAU;EBNA1BP2;RPL37;NHP2;C1D;RPS27;RPS8;RPL8;RPL35;RPL34;RIOK3;RPS19;RPS4X;SENP3;BUD23;RPL37A;RPL5;RPL29;RPL36;RPL35A;RPL36AL;CSNK1E;DDX47;GNL3;RPL18A;RPS15;EXOSC3"
"rRNA Processing R-HSA-72312",NA,NA,NA,-0.306889324335063,NA,197,"RPS12;RPL23;RPL30;RPS16;RPL19;RPLP2;RPS29;RPS7;RPL18;RPS13;PNO1;RPS3;RPS6;RPL27A;RPS9;RPL21;RPS27A;RPS25;RPS17;RPLP0;RPL39;RPLP1;RPS20;RPL11;RPL12;RPL9;RPS14;RSL24D1;TSR3;RPL27;RPS23;RPS2;RPL32;RPL28;FAU;EBNA1BP2;RPL37;NHP2;C1D;RPS27;RPS8;RPL8;RPL35;RPL34;RIOK3;RPS19;RPS4X;SENP3;BUD23;RPL37A;RPL5;RPL29;RPL36;RPL35A;RPL36AL;CSNK1E;DDX47;GNL3"
