"pathway","pval","padj","log2err","ES","NES","size","leadingEdge"
"Translation Initiation Complex Formation R-HSA-72649",3.18883733480054e-15,3.53004292962419e-12,1.00731795687447,-0.570371947407861,-3.47610338872737,57,"RPS16;RPS6;RPS12;EIF3A;RPS29;RPS17;RPS7;RPS3;RPS27A;RPS19;EIF3J;PABPC1;RPS20;RPS9;EIF4A1;RPS13;RPS2;RPS14;EIF4B;EIF3G;RPS23;RPS27;RPS5;FAU;EIF1AX;EIF3F;EIF3B"
"mRNA Activation Upon Binding Of Cap-Binding Complex And eIFs, Subsequent Binding To 43S R-HSA-72662",1.26048673557848e-14,6.97679408142691e-12,0.986546283587582,-0.553701383953777,-3.45571688427672,58,"RPS16;RPS6;RPS12;EIF3A;RPS29;RPS17;RPS7;RPS3;RPS27A;RPS19;EIF3J;PABPC1;RPS20;RPS9;EIF4A1;RPS13;RPS2;RPS14;EIF4B;EIF3G;RPS23;RPS27;RPS5;FAU;EIF1AX;EIF3F;EIF3B"
"Ribosomal Scanning And Start Codon Recognition R-HSA-72702",2.67463592592154e-14,9.8694065666505e-12,0.97599468306432,-0.554536072440689,-3.37959243848338,57,"RPS16;RPS6;RPS12;EIF3A;RPS29;RPS17;RPS7;RPS3;RPS27A;RPS19;EIF3J;RPS20;RPS9;EIF4A1;RPS13;RPS2;RPS14;EIF4B;EIF3G;RPS23;RPS27;RPS5;FAU;EIF1AX;EIF3F;EIF3B"
"Formation Of Ternary Complex, And Subsequently, 43S Complex R-HSA-72695",9.28564595170456e-14,2.56980251713424e-11,0.954541630725724,-0.590661568168494,-3.49428545126743,50,"RPS16;RPS6;RPS12;EIF3A;RPS29;RPS17;RPS7;RPS3;RPS27A;RPS19;EIF3J;RPS20;RPS9;RPS13;RPS2;RPS14;EIF3G;RPS23;RPS27;RPS5;FAU;EIF1AX;EIF3F;EIF3B"
"SARS-CoV-2 Modulates Host Translation Machinery R-HSA-9754678",3.61052357220701e-12,7.99369918886632e-10,0.898671232061694,-0.56558182468751,-3.48172471665478,47,"RPS16;SNRPD3;RPS6;RPS12;RPS29;RPS17;RPS7;RPS3;RPS27A;RPS19;RPS20;RPS9;RPS13;SNRPG;RPS2;SMN1;RPS14;RPS23;RPS27;RPS5;FAU"
"Neuronal System R-HSA-112316",2.012081170476e-06,0.000371228975952822,0.627256739718528,0.342198876404415,1.48625476562933,386,"SHANK1;KCNAB2;CAMK2A;CACNB1;NRGN;NEFL;PRKAR1B;SYT7;CACNG3;SLC1A2;CACNB4;GNG13;SYN2;KCNQ2;GLRB;CAMK2G;CACNA1E;NRXN2;EPB41L1;ADCY1;SHANK3;GABRB2;CALM1;CAMK2B;PANX1;ABAT;APBA1;MAPK1;KCNJ6;SYT1;KCNN1;SLITRK3;CACNB3;LRRTM4;GRIA4;SLC17A7;GABRA5;GRIA1;STXBP1;CACNA2D3;PRKCA;CACNA1B;DLGAP3;CACNA1A;ADCY2;PPFIA4;KCNC1;GABRA2;DLGAP1;CACNA2D1;CHRNB2;GNB1;KCNJ15;SHANK2;KCNV1;NPTN;KCNB1;HOMER1;KIF17;GRIN2D;KCNQ5;PRKCB;GABRA4;RIMS1;CACNG2;NRXN1;UBD;GABRB1;STX1A;SLITRK5;CPLX1;LRFN3;GABBR2;PRKCG;PRKAG2;GNG2;LRRTM1;MAPT;KCNAB1;PPFIA1;ARHGEF9;KCNG1;SIPA1L1;NBEA;KCNK10;KCND3;BCHE;SLITRK4;KCNA4;NSF;HCN2;GRIA2;HCN1;KCNG3;GPRIN1;CACNB2;MPP3;GRIN3B;CAMK1;MDM2;CHRNA9;GNAL;KCNA2;GLRA3;KCNJ1;GABRB3;PRKACG;ADCY7;RAB3A;TSPAN7;DLGAP4;PRKAG3;GLS2;SLITRK6;GIT1;ERBB4;CREB1;CHRNA5;CHRNA6;PPFIBP1;GABRA3;GRM5;KCNJ14;GABRR3;KCNS2;KCNN2;PLCB1;SNAP25;SLC1A7;SLC6A4;NTRK3;GNG4;KCNK16;KCNA1;SLC1A3;LGALS12;GNB4;SLC18A2;KCNK7;IL1RAPL2;LRRC4B;HOMER2;KCNN3;GABRA1;KCNK3;HSPA8;KCNG4;SYT12;ADCY5;KCNH7;RPS6KA3;PTPRD;KCNA3;LRRTM3;EPB41L3;CAMKK2;SLC5A7;KCNMB1;AP2A1;MAPK3;SYN1;SLC6A12;KCNC3;PRKAA2;FLOT1;GNG3;ACHE;CHRNB3;CACNA2D2;PANX2;PRKAB2;PLCB2"
"Unblocking Of NMDA Receptors, Glutamate Binding And Activation R-HSA-438066",9.91322211448454e-06,0.00156770526867634,0.593325476396405,0.666872437464184,2.11605713072673,21,"CAMK2A;NEFL;CAMK2G;CALM1;CAMK2B;GRIA4;GRIA1;GRIN2D;GRIA2;GPRIN1;MPP3"
"Transmission Across Chemical Synapses R-HSA-112315",3.95689387760141e-05,0.00547535190313096,0.557332238758646,0.350830188581265,1.49171904967494,246,"CAMK2A;CACNB1;NRGN;NEFL;PRKAR1B;CACNG3;SLC1A2;CACNB4;GNG13;SYN2;GLRB;CAMK2G;CACNA1E;EPB41L1;ADCY1;GABRB2;CALM1;CAMK2B;ABAT;APBA1;MAPK1;KCNJ6;SYT1;CACNB3;GRIA4;SLC17A7;GABRA5;GRIA1;STXBP1;CACNA2D3;PRKCA;CACNA1B;CACNA1A;ADCY2;PPFIA4;GABRA2;CACNA2D1;CHRNB2;GNB1;KCNJ15;NPTN;KIF17;GRIN2D;PRKCB;GABRA4;RIMS1;CACNG2;UBD;GABRB1;STX1A;CPLX1;GABBR2;PRKCG;PRKAG2;GNG2;MAPT;PPFIA1;ARHGEF9;NBEA;BCHE;NSF;GRIA2;GPRIN1;CACNB2;MPP3;GRIN3B;CAMK1;MDM2;CHRNA9;GNAL"
"Ion Homeostasis R-HSA-5578775",4.53910904278201e-05,0.00558310412262187,0.557332238758646,0.511664570754225,1.87100624456332,49,"CAMK2A;FXYD7;SLC8A2;FXYD1;ATP1A2;CAMK2G;SLC8A1;CALM1;CAMK2B;PLN;ITPR1;PRKCA;ATP1A3;ORAI2;ATP2A2;DMPK;RYR2;ATP1B3;ATP1B2;SLC8A3;SRI;ATP2B1"
"Long-term Potentiation R-HSA-9620244",5.65969126241992e-05,0.00626527822749885,0.557332238758646,0.628616640425404,2.032790928636,23,"CAMK2A;NRGN;NEFL;CAMK2G;CALM1;CAMK2B;GRIA1;GRIN2D;GRIA2;GPRIN1;MPP3"
"PLC Beta Mediated Events R-HSA-112043",8.84168445295544e-05,0.00889794971765607,0.538434096309916,0.506271691397777,1.84055322073373,47,"CAMK2A;PRKAR1B;CAMK2G;ADCY1;CALM1;CAMK2B;MAPK1;ITPR1;PRKCA;PDE1B;ADCY2;PDE1A;GNA14;PRKCG;NBEA;GRK2;PLCB4;PRKACG;ADCY7"
"Assembly And Cell Surface Presentation Of NMDA Receptors R-HSA-9609736",0.000107285107229823,0.00989705114195118,0.538434096309916,0.592809063205288,1.93740244548278,25,"CAMK2A;NEFL;CAMK2G;CAMK2B;APBA1;KIF17;GRIN2D;NBEA;GPRIN1;MPP3;GRIN3B"
"Neurexins And Neuroligins R-HSA-6794361",0.000139257237870064,0.011858289409397,0.518848077743792,0.482517940523976,1.797123721237,57,"SHANK1;SYT7;NRXN2;EPB41L1;SHANK3;APBA1;SYT1;LRRTM4;STXBP1;DLGAP3;DLGAP1;SHANK2;HOMER1;GRIN2D;NRXN1;STX1A;LRRTM1;SIPA1L1;GPRIN1;MPP3"
"G-protein Mediated Events R-HSA-112040",0.000190863099970435,0.0150918179762337,0.518848077743792,0.47431586306445,1.7441343090476,52,"CAMK2A;PRKAR1B;CAMK2G;ADCY1;CALM1;CAMK2B;MAPK1;ITPR1;PRKCA;PDE1B;ADCY2;PDE1A;GNA14;PRKCG;NBEA;GRK2;GNAL;PLCB4;PRKACG;ADCY7"
"RHO GTPases Activate PKNs R-HSA-5625740",0.000242325057230507,0.0178835892236114,0.518848077743792,-0.305882266685079,-1.91050121706853,59,"MYL12B;RNASE1;H2AJ;H3-3B;RHOA;YWHAE;PPP1R14A;H2AC6;KDM1A;H2AC19;PPP1CB;YWHAQ;MYL6;H2BC4;H2BC17;KLK2;H4C15;MYH14;H2AB1;RHOB"
"Ca-dependent Events R-HSA-111996",0.000275101601184142,0.0190335920319278,0.49849310876659,0.540591206284435,1.87111284804591,35,"CAMK2A;PRKAR1B;CAMK2G;ADCY1;CALM1;CAMK2B;MAPK1;PRKCA;PDE1B;ADCY2;PDE1A;PRKCG;NBEA;GRK2;PRKACG;ADCY7"
"Protein-protein Interactions At Synapses R-HSA-6794362",0.000331039379950426,0.0203589218669512,0.49849310876659,0.417702893187763,1.64017573433188,88,"SHANK1;SYT7;NRXN2;EPB41L1;SHANK3;APBA1;SYT1;SLITRK3;LRRTM4;GRIA4;GRIA1;STXBP1;DLGAP3;PPFIA4;DLGAP1;SHANK2;HOMER1;GRIN2D;NRXN1;STX1A;SLITRK5;LRFN3;LRRTM1;PPFIA1;SIPA1L1;SLITRK4;GPRIN1;MPP3"
"Ras Activation Upon Ca2+ Influx Thru NMDA Receptor R-HSA-442982",0.000318867036652175,0.0203589218669512,0.49849310876659,0.633589873781346,1.96637591104988,19,"CAMK2A;NEFL;CAMK2G;CALM1;CAMK2B;GRIN2D;GPRIN1;MPP3"
"CaM Pathway R-HSA-111997",0.000362361408398324,0.0211123199524708,0.49849310876659,0.530961585469499,1.8221758946311,33,"CAMK2A;PRKAR1B;CAMK2G;ADCY1;CALM1;CAMK2B;PRKCA;PDE1B;ADCY2;PDE1A;PRKCG;NBEA;GRK2;PRKACG;ADCY7;CREB1"
"DAG And IP3 Signaling R-HSA-1489509",0.000833028094498872,0.0461081050305126,0.477270815362862,0.493124084371197,1.74013971776724,39,"CAMK2A;PRKAR1B;CAMK2G;ADCY1;CALM1;CAMK2B;ITPR1;PRKCA;PDE1B;ADCY2;PDE1A;PRKCG;NBEA;GRK2;PRKACG;ADCY7"
"Glutamate Binding, Activation Of AMPA Receptors And Synaptic Plasticity R-HSA-399721",0.00089199684332951,0.0470209764555128,0.477270815362862,0.532116183793105,1.81524242247036,31,"CAMK2A;CACNG3;CAMK2G;EPB41L1;CAMK2B;GRIA4;GRIA1;PRKCA;PRKCB;CACNG2;PRKCG;NSF;GRIA2;MDM2"
"Sensory Processing Of Sound R-HSA-9659379",0.00108337902364881,0.054513662689965,0.45505986738723,0.416744927298103,1.60964433773453,75,"EZR;EPB41L1;ESPNL;BSN;OTOG;CABP1;OTOGL;STX1A;CAPZA1;PJVK;USH1C;CHRNA10;CACNB2;CHRNA9;TMC2;CLIC5;SPTAN1;MYO3B;RAB3A;SPTBN1;ATP2B1;TMC1;TWF1;RIPOR2;KCNN2;GRXCR2;SNAP25;CAPZA2;TRIOBP;GRXCR1;TWF2;CIB2;EPB41L3;EPS8;TMIE;KCNMB1;SYN1;CACNA1D;CACNA2D2;XIRP2"
"Negative Regulation Of NMDA Receptor-Mediated Neuronal Transmission R-HSA-9617324",0.00121612165105066,0.0585324638136122,0.45505986738723,0.57210766137142,1.81535842295688,21,"CAMK2A;NEFL;CAMK2G;CALM1;CAMK2B;GRIN2D;GPRIN1;MPP3;CAMK1"
"Glutamate Neurotransmitter Release Cycle R-HSA-210500",0.00133146097041664,0.0614136372604674,0.45505986738723,0.565745515697702,1.82948124225365,23,"SLC1A2;SYT1;SLC17A7;STXBP1;PPFIA4;RIMS1;STX1A;CPLX1;PPFIA1;RAB3A;GLS2;SNAP25;SLC1A7;SLC1A3"
"COPI-mediated Anterograde Transport R-HSA-6807878",0.00143668209949281,0.0625007469340354,0.45505986738723,0.396631690437423,1.54375241241248,80,"ANK2;TMED7;SPTBN2;DYNLL1;SPTBN4;COG4;COG8;CAPZA1;ARCN1;SPTBN5;INS;NSF;FOLR2;COG5;CD59;DYNC1I1;GOSR2;SPTAN1;COG3;COPG1;COPZ2;DCTN3;DCTN4;SPTBN1;DCTN2;GORASP1;SPTA1;NAPG;CAPZA3;CAPZA2;TMED3;SPTB;BET1;ARF3;GOLGA2;COPB1;CD55;ARFGAP2;ANK1;COG7;ARFGAP3"
"RHO GTPases Activate CIT R-HSA-5625900",0.00146794888914627,0.0625007469340354,0.45505986738723,-0.489289872108331,-2.22972099080625,19,"MYL12B;RNASE1;CDKN1B;RHOA;PPP1CB;MYL6;LLGL1;MYH14;RHOB"
"Activation Of NMDA Receptors And Postsynaptic Events R-HSA-442755",0.00191884255839951,0.0786725448943799,0.45505986738723,0.40586587581428,1.56590833213268,74,"CAMK2A;NRGN;NEFL;PRKAR1B;CAMK2G;ADCY1;CALM1;CAMK2B;APBA1;MAPK1;GRIA4;GRIA1;PRKCA;KIF17;GRIN2D;PRKAG2;MAPT;NBEA;GRIA2;GPRIN1;MPP3;GRIN3B;CAMK1;PRKACG;PRKAG3;GIT1;ERBB4;CREB1"
"Antigen Presentation: Folding, Assembly, Peptide Loading Of Class I MHC R-HSA-983170",0.00227121345650332,0.0838077765449724,0.431707695803346,-0.365616573968833,-1.89003622052166,28,"HLA-B;ATG14;CALR;HLA-C;PDIA3;B2M;HLA-A"
"Cilium Assembly R-HSA-5617833",0.002201403611725,0.0838077765449724,0.431707695803346,0.341083616141553,1.42317738702011,185,"KIF3C;PKD1;B9D1;WDR35;RAB11FIP3;BBS4;BBS12;DYNLL1;DYNC2LI1;TUBA4A;HAUS7;CEP70;TMEM67;YWHAG;MKS1;IQCB1;IFT20;PRKCA;AHI1;KIF17;CEP192;SFI1;BBS7;IFT88;KIF3B;TCTN1;CC2D2A;CEP63;BBS9;RPGRIP1L;CEP164;KIF3A;IFT172;HSPB11;CEP83;FBF1;TUBG1;AKAP9;LZTFL1;CEP135;CKAP5;TCTN3;TTC21B;IFT57;CEP76;PDE6D;CLUAP1;HAUS2;KIF24;DCTN3;DCTN2;IFT140;CNGA2;UNC119B;CLASP1;HAUS8;EXOC1;IFT46;DYNLRB2;IFT80;NEDD1;TMEM216;CENPJ;CEP41;CETN2;IFT74;SMOX;CEP78;DYNC2I2;PRKD2;MKKS;TTC26;RAB3IP;NINL;CEP152;TTC8;CEP162;ODF2;EXOC7;DYNLT2B;INPP5E"
"RHO GTPases Activate PAKs R-HSA-5627123",0.00224892140598164,0.0838077765449724,0.431707695803346,-0.437671796857203,-2.01991928836912,21,"MYL12B;RNASE1;MYLK;PPP1CB;CTTN;CDC42;MYL6;FLNA;MYH14"
"Sensory Processing Of Sound By Inner Hair Cells Of Cochlea R-HSA-9662360",0.0028618113898603,0.102194361566947,0.431707695803346,0.406391125996763,1.54960496880219,67,"EZR;EPB41L1;ESPNL;BSN;CABP1;STX1A;CAPZA1;PJVK;USH1C;CACNB2;TMC2;CLIC5;SPTAN1;MYO3B;RAB3A;SPTBN1;ATP2B1;TMC1;TWF1;RIPOR2;GRXCR2;SNAP25;CAPZA2;TRIOBP;GRXCR1;TWF2;CIB2;EPB41L3;EPS8;TMIE;KCNMB1;SYN1;CACNA1D;CACNA2D2;XIRP2"
"PKA Activation R-HSA-163615",0.00382076244528984,0.132174500841745,0.431707695803346,0.574451398306909,1.72878692073074,17,"PRKAR1B;ADCY1;CALM1;PRKCA;ADCY2;NBEA;PRKACG;ADCY7"
"Ion Transport By P-type ATPases R-HSA-936837",0.00413537204433009,0.138722934941619,0.407017918923954,0.419923918491361,1.54412654196002,52,"CAMK2A;FXYD7;FXYD1;ATP1A2;CAMK2G;CALM1;CAMK2B;PLN;ATP13A2;ATP1A3;ATP2A2;ATP1B3;ATP1B2;ATP13A4;ATP11A;ATP8B3;ATP10D;SRI;ATP2B1;SLN;FXYD3;ATP4B;ATP9B;ATP7B;ATP9A"
"Formation Of ATP By Chemiosmotic Coupling R-HSA-163210",0.00429458721034723,0.139826707113364,0.407017918923954,-0.45539122122997,-1.94073201144536,16,"ATP5MC1;ATP5MG;ATP5MC2;ATP5F1A;ATP5MC3;ATP5PO;ATP5F1B"
"Sema4D In Semaphorin Signaling R-HSA-400685",0.00460375849604585,0.145610304432079,0.407017918923954,-0.371501086812849,-1.81563982674063,23,"MYL12B;RNASE1;RHOA;SEMA4D;RRAS;PLXNB1;MYL6;MYH14;RHOB"
"Post NMDA Receptor Activation Events R-HSA-438064",0.00514000754383713,0.158055231972992,0.407017918923954,0.410332153779282,1.54947629136585,61,"CAMK2A;NRGN;NEFL;PRKAR1B;CAMK2G;ADCY1;CALM1;CAMK2B;MAPK1;GRIA1;PRKCA;GRIN2D;PRKAG2;MAPT;GRIA2;GPRIN1;MPP3;CAMK1;PRKACG;PRKAG3;GIT1;ERBB4;CREB1"
"Neurotransmitter Receptors And Postsynaptic Signal Transmission R-HSA-112314",0.00531687566626502,0.159075171960956,0.407017918923954,0.330771917188999,1.37994913956971,182,"CAMK2A;NRGN;NEFL;PRKAR1B;CACNG3;GNG13;GLRB;CAMK2G;EPB41L1;ADCY1;GABRB2;CALM1;CAMK2B;APBA1;MAPK1;KCNJ6;GRIA4;GABRA5;GRIA1;PRKCA;ADCY2;GABRA2;CHRNB2;GNB1;KCNJ15;NPTN;KIF17;GRIN2D;PRKCB;GABRA4;CACNG2;UBD;GABRB1;GABBR2;PRKCG;PRKAG2;GNG2;MAPT;ARHGEF9;NBEA;NSF;GRIA2;GPRIN1;MPP3;GRIN3B;CAMK1;MDM2;CHRNA9;GNAL;GLRA3;GABRB3;PRKACG;ADCY7;TSPAN7;PRKAG3;GIT1;ERBB4;CREB1;CHRNA5;CHRNA6;GABRA3"
"Norepinephrine Neurotransmitter Release Cycle R-HSA-181430",0.00633070232164931,0.184423354475415,0.407017918923954,0.556149534345533,1.69938057295729,18,"SYT1;STXBP1;PPFIA4;RIMS1;STX1A;CPLX1;PPFIA1;RAB3A;SNAP25;SLC18A2"
"Gene And Protein Expression By JAK-STAT Signaling After Interleukin-12 Stimulation R-HSA-8950505",0.00677313529544362,0.187446519301402,0.407017918923954,-0.315440901992375,-1.74933999619436,35,"PDCD4;SNRPA1;RPLP0;HNRNPA2B1;AURKAIP1;HNRNPDL;CDC42"
"Organelle Biogenesis And Maintenance R-HSA-1852241",0.00665537019646392,0.187446519301402,0.407017918923954,0.301363634941947,1.28746463140242,274,"KIF3C;PKD1;CALM1;B9D1;WDR35;RAB11FIP3;BBS4;BBS12;APOOL;DYNLL1;DYNC2LI1;TUBA4A;HAUS7;CEP70;TMEM67;YWHAG;MKS1;IQCB1;IFT20;PRKCA;NCOA1;AHI1;NR1D1;KIF17;CEP192;SFI1;CRTC1;MAPK14;BBS7;IFT88;KIF3B;TCTN1;PRKAG2;CC2D2A;CEP63;BBS9;CREBBP;RPGRIP1L;CEP164;KIF3A;IFT172;HSPB11;MEF2C;CEP83;CRTC2;HCFC1;FBF1;TUBG1;AKAP9;LZTFL1;CEP135;CKAP5;GDNF;TCTN3;TTC21B;IFT57;CEP76;PDE6D;CLUAP1;HAUS2;KIF24;DCTN3;ATP5PD;MEF2D;MAPK11;DCTN2;PRKAG3;IFT140;CNGA2;NRF1;UNC119B;CLASP1;CREB1;TWNK;HAUS8;EXOC1;APOO;IFT46;DYNLRB2;IFT80;NEDD1;ATP5MF;TMEM216;CENPJ;CEP41;CETN2;CARM1;IFT74;SMOX;CHCHD6;TFB2M;CEP78;DYNC2I2;PPRC1;ESRRA;PRKD2;MKKS;TTC26;MICOS10;RAB3IP;NINL;PRKAA2;NCOR1;DMAC2L;CEP152;TTC8;NCOA6;HDAC3;CEP162;ODF2;PRKAB2;EXOC7;DYNLT2B;INPP5E"
"Opioid Signaling R-HSA-111885",0.00711575305866848,0.192125332584049,0.407017918923954,0.371176764046882,1.45748361207511,88,"CAMK2A;PRKAR1B;GNG13;CAMK2G;ADCY1;CALM1;CAMK2B;MAPK1;PPP3CB;ITPR1;PPP3R1;PRKCA;PDE1B;PPP1CA;ADCY2;GNB1;PDE1A;GNA14;PPP3CA;PRKCG;GNG2;NBEA;GRK2;GNAL;PLCB4;PRKACG;PPP1R1B;ADCY7"
"CREB1 Phosphorylation Thru NMDA Receptor-Mediated Activation Of RAS Signaling R-HSA-442742",0.00738111437207538,0.194545085949701,0.407017918923954,0.501959283262868,1.67293707972454,27,"CAMK2A;NEFL;CAMK2G;CALM1;CAMK2B;MAPK1;GRIN2D;GPRIN1;MPP3"
"Intraflagellar Transport R-HSA-5620924",0.00757298426459015,0.194960315834914,0.407017918923954,0.437524348469485,1.55847209170086,41,"KIF3C;WDR35;DYNLL1;DYNC2LI1;IFT20;KIF17;IFT88;KIF3B;KIF3A;IFT172;HSPB11;TTC21B;IFT57;CLUAP1;IFT140;IFT46;DYNLRB2;IFT80;IFT74;DYNC2I2;TTC26;DYNLT2B;KIFAP3;IFT22;DYNLT5;TRIP11"
"Cardiac Conduction R-HSA-5576891",0.00816182788331852,0.200780965929636,0.380730400722792,0.342411750618106,1.39148570713168,125,"CAMK2A;FXYD7;CACNB1;SLC8A2;FXYD1;ATP1A2;CAMK2G;SLC8A1;CALM1;CAMK2B;PLN;SCN2A;ITPR1;PRKCA;ATP1A3;SCN3B;KCNE5;FGF12;ORAI2;ATP2A2;KCNK10;KCND3;FGF13;DMPK;RYR2;CACNB2;AKAP9;ATP1B3;ATP1B2;KCNIP2;SCN1B;SLC8A3;SRI;ATP2B1;NPPA;KCNJ14;SCN10A;SLN;NPRL2;FXYD3;KCNK16;HIPK1;KCNK7;CORIN;FGF14;KCNK3;RYR3;SCN7A;KCNE4;CACNA2D2;SCN11A;NPPC;SCN5A;TNNI3;ATP2B3;KCNK18;SCN2B"
"Interleukin-12 Family Signaling R-HSA-447115",0.00810596764137714,0.200780965929636,0.380730400722792,-0.247301605990015,-1.47567328108104,54,"PDCD4;SNRPA1;EBI3;RPLP0;HNRNPA2B1;AURKAIP1;HNRNPDL;STAT3;CDC42;CANX"
"Interaction Between L1 And Ankyrins R-HSA-445095",0.00900783188218218,0.215259937124385,0.380730400722792,0.469837962728913,1.58588545890854,29,"KCNQ2;ANK2;L1CAM;SPTBN2;SCN2A;SPTBN4;SCN3B;SPTBN5;NRCAM;SPTAN1;SCN1B;SPTBN1;SPTA1;SCN10A;SPTB;SCN7A;SCN11A;SCN5A;ANK1;SCN2B"
"Kinesins R-HSA-983189",0.00913931079028552,0.215259937124385,0.380730400722792,0.432727914500161,1.54265980811078,42,"KIF3C;KIFC2;KIF5A;KIF3B;KIF1B;KIF3A;KIF4A;KIF19;KIF9;KIF15;KLC4;KIF27;KIF18A;KIF16B;KIF22;KIF23;KLC1;KIF25;KIF26B;KIF2B;KIF21B;KIF2A;KIFAP3;KIF11;KIF6;KIF20A;KIF13B;KLC3"
"DAP12 Interactions R-HSA-2172127",0.00988327974624509,0.227933139147777,0.380730400722792,-0.279100086081443,-1.5962299209791,40,"HLA-B;RNASE1;HLA-C;SIGLEC16;SIGLEC15;B2M"
"PKA-mediated Phosphorylation Of CREB R-HSA-111931",0.0101388558406713,0.229055375829045,0.380730400722792,0.528847060538858,1.64130167401007,19,"PRKAR1B;ADCY1;CALM1;PRKCA;ADCY2;NBEA;PRKACG;ADCY7;CREB1"
"Serotonin Neurotransmitter Release Cycle R-HSA-181429",0.0117514125827148,0.260176274581306,0.380730400722792,0.538712931371568,1.64610097363659,18,"SYN2;SYT1;STXBP1;PPFIA4;RIMS1;STX1A;CPLX1;PPFIA1;RAB3A;SNAP25;SLC18A2;SYN1"
"EPHA-mediated Growth Cone Collapse R-HSA-3928663",0.0139515687154278,0.286630553049925,0.380730400722792,-0.419798149529423,-1.75242616499526,15,"MYL12B;RHOA;MYL6;MYH14;YES1;FYN"
"Inhibition Of DNA Recombination At Telomere R-HSA-9670095",0.0139819781975573,0.286630553049925,0.380730400722792,-0.262502587463357,-1.57575295584369,45,"H2AJ;H3-3B;ATRX;H2AC6;H2AC19;POLR2I;H2BC4;POLR2E;POLR2L;H2BC17;TERF2IP;H4C15;H2AB1;H3-4"
"Integration Of Energy Metabolism R-HSA-163685",0.0132667750670658,0.286630553049925,0.380730400722792,0.340121655945855,1.36156490815911,105,"PRKAR1B;GNG13;CACNA1E;ADCY1;CACNB3;STK11;ITPR1;STXBP1;PRKCA;CACNA1A;ADCY2;GNB1;KCNB1;GNA14;STX1A;PFKFB1;MLXIPL;PRKAG2;GNG2;GCG;ADIPOR1;INS;CACNB2;SLC2A2;PRKACG;ADRA2C;ADCY7;ADIPOQ;PPP2R1B;PLCB1;SNAP25;GNG4;GNB4;CYSLTR2;ADCY5;CACNA1D;PRKAA2;GNG3;CACNA2D2;PRKAB2;PLCB2"
"RA Biosynthesis Pathway R-HSA-5365859",0.0135073121747721,0.286630553049925,0.380730400722792,0.513810542799622,1.63037546890983,21,"ADH7;ADH1A;CYP26C1;RDH10;CYP26A1;DHRS3;ALDH1A3;ALDH1A1;SDR16C5;CRABP1;DHRS9;RDH5"
"Dopamine Neurotransmitter Release Cycle R-HSA-212676",0.0149133710574616,0.296041718882527,0.380730400722792,0.498303878189652,1.61139164658856,23,"SYN2;APBA1;SYT1;STXBP1;PPFIA4;RIMS1;STX1A;CPLX1;PPFIA1"
"Sensory Processing Of Sound By Outer Hair Cells Of Cochlea R-HSA-9662361",0.0149759135116725,0.296041718882527,0.380730400722792,0.405136817861517,1.49899456946061,53,"EZR;EPB41L1;ESPNL;OTOG;OTOGL;PJVK;USH1C;CHRNA10;CHRNA9;TMC2;CLIC5;SPTAN1;MYO3B;SPTBN1;TMC1;TWF1;RIPOR2;KCNN2;GRXCR2;TRIOBP;GRXCR1;TWF2;CIB2;EPB41L3;EPS8;TMIE;KCNMB1"
"MAPK Targets/ Nuclear Events Mediated By MAP Kinases R-HSA-450282",0.0183235480765286,0.352602267920134,0.352487857583619,0.449908488954217,1.52762315680547,30,"MAPK1;MAPK9;MAPK8;RPS6KA5;MAPK14;DUSP3;MAPK10;MEF2C;GDNF;MAPK11;CREB1;PPP2R1B"
"Phospholipid Metabolism R-HSA-1483257",0.0184741928991579,0.352602267920134,0.352487857583619,0.310159660809746,1.30219292416882,207,"PIP5K1C;TNFAIP8;DGAT2L6;PLEKHA2;PLD3;PITPNB;PIP4K2B;LPIN1;MTMR1;MGLL;PLEKHA6;STARD7;INPP4A;PI4KA;PCTP;GPAM;SBF1;LPIN2;TPTE2;PLAAT1;PTEN;ALPP;INPP4B;PLA2G1B;GNPAT;CHPT1;PISD;MTMR3;BCHE;CPNE6;CDS2;PCYT1B;PITPNM2;INPP5D;PIP5K1B;PIK3R2;CHKA;OSBPL5;GPD1;PIK3R4;TPTE;PI4K2B;OSBPL10;CPNE1;INPP5J;ABHD3;PLAAT4;PLA2G4D;PLA2G2D;AGPAT2;PLA2G2F;VAC14;TNFAIP8L1;PLA2G10;PLA2G12A;PIP4P1;SACM1L;MBOAT1;GDPD3;PLD2;PITPNM3;SELENOI;PTPMT1;PLA1A;PLA2G4B;GPD2;PRKCSH;PCYT1A;MTMR9;PIKFYVE;SLC44A3;PLA2G6;PLA2G15;BMX;CHEK2;ARF3;PIK3R3;PGS1;RUFY1;RAB14;INPP5F;ACHE;PIK3R6;PNPLA7;PLEKHA3;ETNK1;INPP5E"
"Chaperone Mediated Autophagy R-HSA-9613829",0.0215754124207311,0.404813246605921,0.352487857583619,-0.359117903334204,-1.6289631563917,18,"RNASE1;LAMP2;RPS27A;PLIN3"
"Acetylcholine Neurotransmitter Release Cycle R-HSA-264642",0.027292576419214,0.493645484949833,0.287857117255149,0.51843619413283,1.56021155887485,17,"SYT1;STXBP1;PPFIA4;RIMS1;STX1A;CPLX1;PPFIA1;RAB3A;SNAP25"
"Anchoring Of Basal Body To Plasma Membrane R-HSA-5620912",0.0271629778672032,0.493645484949833,0.276500599254472,0.347901159772268,1.37504603256686,96,"B9D1;DYNLL1;TUBA4A;HAUS7;CEP70;TMEM67;YWHAG;MKS1;IQCB1;PRKCA;AHI1;CEP192;SFI1;TCTN1;CC2D2A;CEP63;RPGRIP1L;CEP164;CEP83;FBF1;TUBG1;AKAP9;CEP135;CKAP5;TCTN3;CEP76;HAUS2;KIF24;DCTN3;DCTN2;CLASP1;HAUS8;NEDD1;TMEM216;CENPJ;CEP41;CETN2;CEP78;RAB3IP;NINL;CEP152;CEP162;ODF2"
"NCAM Signaling For Neurite Out-Growth R-HSA-375165",0.0282089281236142,0.493645484949833,0.352487857583619,0.385959586047131,1.43749500126545,57,"CACNB1;CACNB4;CACNA1G;MAPK1;SPTBN2;CACNB3;SPTBN4;RPS6KA5;COL6A5;PSPN;SPTBN5;COL4A5;CACNB2;GDNF;SPTAN1;GFRA4;COL9A1;PRNP;FGFR1;SPTBN1;CREB1;SPTA1;COL6A6;CACNA1S;SPTB;GFRA2;MAPK3;CACNA1D"
"Transport To Golgi And Subsequent Modification R-HSA-948021",0.028971028971029,0.493645484949833,0.266350657088526,0.312088076615802,1.28710470902786,164,"ANK2;TMED7;SPTBN2;CHGA;DYNLL1;PPP6R1;GRIA1;TBC1D20;TRAPPC5;SPTBN4;COG4;F8;COG8;CAPZA1;MAN2A2;ARCN1;F5;MGAT4C;CHST10;CFAP73;SPTBN5;INS;NSF;CNIH3;FOLR2;COG5;CD59;DYNC1I1;SEC24D;MOGAT1;GOSR2;SPTAN1;COG3;COPG1;MGAT4B;COPZ2;DCTN3;DCTN4;SPTBN1;DCTN2;AREG;LHB;LMAN2L;GORASP1;SPTA1;NAPG;SEC22A;CAPZA3;CHST8;SEC31A;CAPZA2;TRAPPC2;CNIH2;MAN1C1;B4GALT6;TMED3;FUT8;B4GALT1;SPTB;BET1;ST8SIA3;ARF3;GOLGA2;COPB1;CNIH1;TRAPPC6B;CD55;ARFGAP2;TRAPPC2L;ANK1;COG7;ARFGAP3;SEC24C"
"VEGFR2 Mediated Cell Proliferation R-HSA-5218921",0.028169014084507,0.493645484949833,0.282013350011725,0.506470366410814,1.54758000916056,18,"CALM1;ITPR1;PRKCA;SYNGAP1;PRKCB"
"cGMP Effects R-HSA-418457",0.0289855072463768,0.493645484949833,0.282013350011725,0.528696766080091,1.5409845758449,15,"IRAG1;PDE2A;ITPR1;PDE1B;PDE1A"
"ER To Golgi Anterograde Transport R-HSA-199977",0.031062124248497,0.520996538531609,0.257206466468838,0.324023610745101,1.3192154028907,133,"ANK2;TMED7;SPTBN2;DYNLL1;PPP6R1;GRIA1;TBC1D20;TRAPPC5;SPTBN4;COG4;F8;COG8;CAPZA1;ARCN1;F5;CFAP73;SPTBN5;INS;NSF;CNIH3;FOLR2;COG5;CD59;DYNC1I1;SEC24D;GOSR2;SPTAN1;COG3;COPG1;COPZ2;DCTN3;DCTN4;SPTBN1;DCTN2;AREG;LMAN2L;GORASP1;SPTA1;NAPG;SEC22A;CAPZA3;SEC31A;CAPZA2;TRAPPC2;CNIH2;TMED3;SPTB;BET1;ARF3;GOLGA2;COPB1;CNIH1;TRAPPC6B;CD55;ARFGAP2;TRAPPC2L;ANK1;COG7;ARFGAP3;SEC24C"
"Transcriptional Regulation Of Granulopoiesis R-HSA-9616222",0.0326275467977435,0.539084989628388,0.321775918075361,-0.226746455927016,-1.40086530950249,56,"H2AJ;H3-3B;TAL1;DEK;H2AC6;CBFB;MYC;STAT3;H2AC19;H2BC4;CDK2;GATA2;H2BC17;H4C15;H2AB1"
"GABA Receptor Activation R-HSA-977443",0.0343781597573306,0.559656218402427,0.245041785430996,0.370564100983876,1.38986647146247,59,"GNG13;ADCY1;GABRB2;KCNJ6;GABRA5;ADCY2;GABRA2;GNB1;KCNJ15;NPTN;GABRA4;UBD;GABRB1;GABBR2;GNG2;ARHGEF9"
"Complex I Biogenesis R-HSA-6799198",0.0350677220688341,0.562608236669556,0.321775918075361,-0.217167438570881,-1.28393534027925,51,"TMEM126B;ACAD9;NDUFV2;NDUFA12;NDUFB6;NDUFA3;NDUFAF3;NDUFB7;NDUFA10;NDUFS6;NDUFS4"
"Polo-like Kinase Mediated Events R-HSA-156711",0.0374449339207048,0.592164883574575,0.245041785430996,0.50827270148314,1.50665996557652,16,"CDC25C;LIN54;CCNB2;CCNB1;FOXM1;CDC25A;LIN52;CENPF"
"Class I Peroxisomal Membrane Protein Import R-HSA-9603798",0.0394036208732694,0.599808274750618,0.234392647294686,0.476407757082556,1.49211584386714,20,"PEX13;ACBD5;GDAP1;SLC25A17;PEX14;PEX26"
"NRAGE Signals Death Thru JNK R-HSA-193648",0.039553752535497,0.599808274750618,0.227987202850442,0.364558519431058,1.35778736504004,57,"PLEKHG5;ARHGEF11;VAV3;ABR;ARHGEF6;ARHGEF33;MAPK8;MCF2;VAV1;ARHGEF17;AKAP13;ARHGEF9;KALRN;ARHGEF4;GNA13;FGD1;TIAM1;NGEF;MCF2L;TIAM2"
"Synthesis Of PIPs At Golgi Membrane R-HSA-1660514",0.0393013100436681,0.599808274750618,0.237793834423688,0.496631332452354,1.49459075998281,17,"PI4KA;TPTE2;PIK3R4;TPTE;PI4K2B;VAC14;SACM1L;PIKFYVE;ARF3;INPP5E;PIK3C2G"
"PI Metabolism R-HSA-1483255",0.0421686746987952,0.627449392712551,0.219250346703755,0.344628916872308,1.34484205003921,82,"PIP5K1C;TNFAIP8;PLEKHA2;PITPNB;PIP4K2B;MTMR1;PLEKHA6;INPP4A;PI4KA;SBF1;TPTE2;PTEN;INPP4B;MTMR3;INPP5D;PIP5K1B;PIK3R2;PIK3R4;TPTE;PI4K2B;INPP5J;VAC14;TNFAIP8L1;PIP4P1;SACM1L;GDPD3;MTMR9;PIKFYVE;BMX;ARF3;PIK3R3;RUFY1;RAB14;INPP5F;PIK3R6;PNPLA7;PLEKHA3;INPP5E;PIK3C2G"
"Paradoxical Activation Of RAF Signaling By Kinase Inactive BRAF R-HSA-6802955",0.0430769230769231,0.627449392712551,0.219250346703755,0.396668226747889,1.40722080447735,40,"CAMK2A;CNKSR2;CAMK2G;CALM1;CAMK2B;MAPK1;FGG;ARRB1;KSR2;ARAF;ARRB2;FGA;MAP2K1;JAK2;CNKSR1;VCL;MAPK3;RNASE3"
"Synthesis, Secretion, And Deacylation Of Ghrelin R-HSA-422085",0.0426894343649947,0.627449392712551,0.224966093540314,0.475830319526687,1.47676172991891,19,"PCSK1;GCG;INS;BCHE;MBOAT4;CRHR2;ACHE;IGF1;LEP;KLF4;SPCS2"
"Signaling By RAF1 Mutants R-HSA-9656223",0.0443298969072165,0.637314232159593,0.216542836735348,0.399281807666801,1.39570310259681,38,"CAMK2A;CNKSR2;CAMK2G;CALM1;CAMK2B;MAPK1;FGG;ARRB1;KSR2;ARAF;ARRB2;FGA;MAP2K1;JAK2;CNKSR1;VCL;MAPK3;RNASE3"
"FCERI Mediated Ca+2 Mobilization R-HSA-2871809",0.0481675392670157,0.675481986368062,0.208955027549354,0.420378231685527,1.41893967230659,29,"CALM1;PPP3CB;ITPR1;VAV3;PPP3R1;PPP3CA;VAV1"
"RET Signaling R-HSA-8853659",0.0482051282051282,0.675481986368062,0.206587922696891,0.392633072322544,1.3929056845012,40,"SHANK3;SHC3;RAP1GAP;DOK6;PRKCA;DOK5;DOK4;PSPN;FRS2;GDNF;PIK3R2;GFRA4;PRKACG;DOK1;IRS2;GRB10;GFRA2;PIK3R3;DOK2;GFRA3;PLCG1;SOS1;CLSTN1;GRB7"
"Basigin Interactions R-HSA-210991",0.0527750939288114,0.679836233367451,0.321775918075361,-0.304137553246953,-1.54446732066398,25,"MAG;SLC7A10;ATP1B1;ITGB1;SLC16A1"
"COPI-dependent Golgi-to-ER Retrograde Traffic R-HSA-6811434",0.0503524672708963,0.679836233367451,0.199915231309662,0.339188064544449,1.31492855104877,78,"KIF3C;KIFC2;TMED7;KIF5A;KIF3B;ARCN1;KIF1B;KIF3A;KIF4A;NBAS;KIF19;SURF4;NSF;KIF9;COPG1;COPZ2;KIF15;KLC4;KIF27;KIF18A;KIF16B;NAPG;KIF22;KIF23;KLC1;KIF25;KIF26B;TMED3;ARF3;KIF2B;COPB1;ARFGAP2;KIF21B;ARFGAP3;KIF2A;KIFAP3;KIF11;KIF6"
"G Alpha (Q) Signaling Events R-HSA-416476",0.051948051948052,0.679836233367451,0.195789002148949,0.289912551438787,1.21846393313954,210,"GNG13;RGS4;DGKI;GPNMB;GNRHR;MAPK1;ITPR1;LPAR3;RGS21;GNRH2;MGLL;PRKCA;CCKAR;QRFP;GNB1;FPR2;GNA14;RASGRP1;DGKG;ADRA1B;CHRM1;OXT;GNG2;RGS1;MCHR2;GCG;DGKK;KALRN;PROK1;CHRM5;NPFFR2;NTS;GRK2;BDKRB2;PIK3R2;P2RY6;GPR39;CCL23;UTS2R;PLCB4;HBEGF;LPAR4;RGS17;UTS2B;CREB1;PRKCH;NMUR2;NTSR2;GRM5;AVPR1A;DGKZ;PLCB1;F2RL1;TRIO;FFAR3;NLRP3;GNG4;MRLN;LPAR5;PRKCE;GNB4;LPAR6;EDNRA;CYSLTR2;TRPC7;F2R;NPSR1;GRK5;RPS6KA3;CYSLTR1;GPRC6A;NPS;EDN3;PIK3R3;MAPK3;BDKRB1;TRHR;GNG3;NMUR1;PMCH;HTR2C;GHSR;PLCB2;HCRTR1;AGXT;EGFR"
"GAG Synthesis Requires Tetrasaccharide Linker Sequence R-HSA-1971475",0.053532678954088,0.679836233367451,0.321775918075361,-0.286612915860118,-1.46583112524671,26,"HSPG2;B3GAT3;BGN;XYLT1;B4GALT7;DCN;GPC4;CSPG4;B3GALT6;B3GAT1;NCAN"
"Lewis Blood Group Biosynthesis R-HSA-9037629",0.0541711809317443,0.679836233367451,0.199915231309662,0.470631426620343,1.43806989672833,18,"FUT9;ST6GALNAC6;FUT7;FUT10;FUT11;FUT5;B3GALT1;ST3GAL3;ST3GAL6;B3GALT4;FUT2;B3GALT5;B3GALT2;FUT3"
"Mitotic Prometaphase R-HSA-68877",0.0539460539460539,0.679836233367451,0.191892240384838,0.297207436257539,1.24016830879046,183,"CENPQ;DYNLL1;TUBA4A;HAUS7;CEP70;CLIP1;AURKB;YWHAG;PRKCA;PMEPA1;STAG2;NCAPG;CEP192;SFI1;WAPL;CEP63;CEP164;CCNB2;CCNB1;SGO2;MZT2A;MAD1L1;TUBG1;EML4;AKAP9;CEP135;SPDL1;CKAP5;NUDC;RANGAP1;MAD2L1;PDS5A;DYNC1I1;CEP76;HAUS2;PPP2R5C;DCTN3;DCTN2;PPP2R5E;NUP160;SPC25;NCAPD2;CENPO;CLASP1;CENPU;CENPP;BUB1B;HAUS8;PPP2R1B;KIF18A;BUB1;SKA2;NDC80;NDEL1;NEDD1;SGO1;CENPJ;NUP98;TUBGCP6;CENPH;SKA1;CENPF;CEP41;CETN2;SEH1L;MZT1;CEP78;ZWILCH;SPC24"
"Neurotransmitter Release Cycle R-HSA-112310",0.0509683995922528,0.679836233367451,0.199915231309662,0.369728943099076,1.35313801321503,50,"SLC1A2;SYN2;ABAT;APBA1;SYT1;SLC17A7;STXBP1;PPFIA4;RIMS1;STX1A;CPLX1;PPFIA1;RAB3A;GLS2;SNAP25;SLC1A7;SLC1A3;SLC18A2;HSPA8;SLC5A7;SYN1;SLC6A12"
"Nuclear Receptor Transcription Pathway R-HSA-383280",0.0548780487804878,0.679836233367451,0.191892240384838,0.363747071734626,1.34585369966001,53,"NR1D2;NR1D1;NR1H4;NR2E3;THRB;PPARD;ESRRB;ESRRG;RORB;RXRB;NR2F6;NR5A2;NR1I2;AREG;NR5A1;RORA;RORC;NR3C1;PGR;NR2F1;NR2E1;ESR1;ESRRA;NRBP1"
"PKA Activation In Glucagon Signaling R-HSA-164378",0.0495594713656388,0.679836233367451,0.211400189384923,0.497383921919823,1.47438263060621,16,"PRKAR1B;ADCY1;PRKCA;ADCY2;PRKACG;ADCY7"
"Phase 0 - Rapid Depolarisation R-HSA-5576892",0.0540540540540541,0.679836233367451,0.195789002148949,0.413697344740901,1.41828085920902,32,"CAMK2A;CACNB1;CAMK2G;CALM1;CAMK2B;SCN2A;SCN3B;FGF12;FGF13;CACNB2;SCN1B;SCN10A;FGF14;SCN7A;CACNA2D2;SCN11A;SCN5A;SCN2B"
"Voltage Gated Potassium Channels R-HSA-1296072",0.0552712384851586,0.679836233367451,0.191892240384838,0.38044118941094,1.36220111599264,43,"KCNAB2;KCNQ2;KCNC1;KCNV1;KCNB1;KCNQ5;KCNAB1;KCNG1;KCND3;KCNA4;KCNG3;KCNA2;KCNS2;KCNA1;KCNG4;KCNH7;KCNA3;KCNC3"
"Platelet Calcium Homeostasis R-HSA-418360",0.0570221752903907,0.67984355808391,0.191892240384838,0.426173663583158,1.41015151088878,26,"SLC8A2;SLC8A1;CALM1;ITPR1;ORAI2;ATP2A2;SLC8A3;SRI;ATP2B1;TRPC7;ATP2B3;TRPC6;STIM1;P2RX6"
"Regulation Of Lipid Metabolism By PPARalpha R-HSA-400206",0.0571142284569138,0.67984355808391,0.186432558434075,0.317762414853787,1.28178736602098,114,"SREBF2;NPAS2;MED7;NCOA1;NR1D1;NR1H4;ANKRD1;MED22;TRIB3;MED25;CREBBP;GLIPR1;ABCA1;TIAM2;MED18;MED8;MED9;RXRB;CCNC;MED31;MED4;CYP1A1;ARNT2;NRF1;RORA;AHR;CPT2;CLOCK;HMGCS2;MED23;ACADM;PLIN2;CARM1;ESRRA;MED19;NCOA3;NCOR1;NCOA6;HDAC3;MED6;AGXT;CHD9;ACSL1;MED21;CPT1A;MED13;MED20;ABCB4;TBL1XR1;LIN9;NR1H3;ANGPTL4;SIN3A;CYP7A1;MUSK;PPARA;MBD4;SLC27A1;PPARGC1B;G0S2;ALAS1;PEX11A;RXRA"
"Signaling By Retinoic Acid R-HSA-5362517",0.0564102564102564,0.67984355808391,0.190023305279108,0.387258803285704,1.37383991949273,40,"PDK2;ADH7;ADH1A;PDK3;CYP26C1;PPARD;RDH10;PDHA1;CYP26A1;RXRB;DHRS3;ALDH1A3;ALDH1A1;SDR16C5;CRABP1;DHRS9;RDH5;PDHA2"
"FGFR1 Ligand Binding And Activation R-HSA-190242",0.0605726872246696,0.692150965363345,0.190023305279108,0.483837989036092,1.4342287629821,16,"FGF9;FGF10;FGF13;KL;FGFR1;FGF20;ANOS1;FGF23;FGF17"
"G Alpha (12/13) Signaling Events R-HSA-416482",0.0614300100704935,0.692150965363345,0.179782316298324,0.335447499664531,1.30042752323618,78,"PLEKHG5;GNG13;ARHGEF11;VAV3;ABR;ARHGEF6;GNB1;ARHGEF33;MCF2;VAV1;ADRA1B;ARHGEF17;GNG2;AKAP13;ARHGEF9;KALRN;ARHGEF4;GNA13;FGD1;TIAM1;NGEF;MCF2L;TIAM2"
"GABA Synthesis, Release, Reuptake And Degradation R-HSA-888590",0.0618996798292423,0.692150965363345,0.184706471207739,0.455562353517319,1.41385914612454,19,"ABAT;SYT1;STXBP1;RIMS1;STX1A;CPLX1;RAB3A;SNAP25;HSPA8;SLC6A12;SLC6A11;SLC6A13;GAD1;SLC6A1"
"Glucagon Signaling In Metabolic Regulation R-HSA-163359",0.0592515592515593,0.692150965363345,0.186432558434075,0.409280818657183,1.40313965879194,32,"PRKAR1B;GNG13;ADCY1;PRKCA;ADCY2;GNB1;GNG2;GCG;PRKACG;ADCY7;GNG4;GNB4;CYSLTR2;ADCY5;GNG3"
"PD-1 Signaling R-HSA-389948",0.0617162354307502,0.692150965363345,0.321775918075361,-0.314031142025116,-1.42444906135038,18,"HLA-DRB1;CSK;HLA-DPA1;HLA-DRA;CD274;TARP;PTPN11;PDCD1"
"PPARA Activates Gene Expression R-HSA-1989781",0.0601202404809619,0.692150965363345,0.181383128498408,0.317541139606581,1.27752459478001,112,"SREBF2;NPAS2;MED7;NCOA1;NR1D1;NR1H4;ANKRD1;MED22;TRIB3;MED25;CREBBP;GLIPR1;ABCA1;TIAM2;MED18;MED8;MED9;RXRB;CCNC;MED31;MED4;CYP1A1;ARNT2;NRF1;RORA;AHR;CPT2;CLOCK;HMGCS2;MED23;ACADM;PLIN2;CARM1;ESRRA;MED19;NCOA3;NCOR1;NCOA6;HDAC3;MED6;AGXT;CHD9;ACSL1;MED21;CPT1A;MED13;MED20;ABCB4;TBL1XR1;LIN9;NR1H3;ANGPTL4;CYP7A1;MUSK;PPARA;MBD4;SLC27A1;PPARGC1B;G0S2;ALAS1;PEX11A;RXRA"
"RHO GTPases Activate ROCKs R-HSA-5627117",0.0636006645762443,0.704059356859025,0.287805130535564,-0.31280304298975,-1.41887838926069,18,"MYL12B;RHOA;PPP1CB;MYL6;MYH14;RHOB"
"Glycerophospholipid Biosynthesis R-HSA-1483206",0.0661322645290581,0.719368010630146,0.172324344900946,0.310673276329428,1.26170522749222,126,"DGAT2L6;PLD3;PITPNB;LPIN1;MGLL;STARD7;PCTP;GPAM;LPIN2;PLAAT1;ALPP;PLA2G1B;GNPAT;CHPT1;PISD;BCHE;CPNE6;CDS2;PCYT1B;PITPNM2;CHKA;OSBPL5;GPD1;OSBPL10;CPNE1;ABHD3;PLAAT4;PLA2G4D;PLA2G2D;AGPAT2;PLA2G2F;PLA2G10;PLA2G12A;MBOAT1;PLD2;PITPNM3;SELENOI;PTPMT1;PLA1A;PLA2G4B;GPD2;PRKCSH;PCYT1A;SLC44A3;PLA2G6;PLA2G15;CHEK2;PGS1;ACHE;ETNK1;ACP6;PLBD1;ABHD4;PLB1;PHOSPHO1;HADHB;SLC44A5"
"Ion Channel Transport R-HSA-983712",0.0669330669330669,0.719368010630146,0.170932335370056,0.29738771035106,1.23407816579732,173,"CAMK2A;FXYD7;FXYD1;ATP1A2;CAMK2G;CALM1;CAMK2B;PLN;UBB;ATP13A2;STOML3;ASIC4;TRPC4;BSND;SGK3;ATP1A3;WNK4;TRPM2;TRPM1;ATP6V1C1;NEDD4L;ATP2A2;ATP6V1A;ANO5;WNK2;ANO7;ANO3;TRPM6;ATP6V1D;RYR2;TRPM8;ATP6V1B1;ATP1B3;ATP1B2;ASIC5;TRPV2;ATP13A4;ATP11A;SLC9C1;ATP8B3;ATP10D;SRI;CLCA1;UNC79;ATP2B1;TRPM3;SCNN1D;TRPM7;TRPV6;CLCN6;CLCA4;WWP1;CLCA2;WNK3;SLN;TRPV1;FXYD3;BEST2;TRPC7;ATP4B;ATP9B;SCNN1B;ATP6V1H;RYR3;ATP7B;CLCN4;ATP9A;ASIC2;RNASE3;SLC9C2;MCOLN3;ATP2B3;ANO6;ATP6V0D2;TRPC6;MCOLN2;ATP13A5;BEST1;ATP6V0C;ATP2C2;CLCN1;ATP6V0A2;ATP8A2;SCNN1G;ANO1;TRDN;BEST4;SCNN1A;CLCNKB;CLIC2;STOM;MCOLN1;ATP6V0A4"
"Oncogene Induced Senescence R-HSA-2559585",0.0665280665280665,0.719368010630146,0.175204047558551,0.403680524958349,1.38394014141534,32,"MAPK1;UBB;CDKN2A;E2F2;TNRC6A;CDK6;AGO4;MDM2;TNRC6C;RB1"
"Acyl Chain Remodelling Of PS R-HSA-1482801",0.0677966101694915,0.720568223702283,0.175204047558551,0.43769594079342,1.40030466038045,22,"PLA2G1B;OSBPL5;OSBPL10;PLA2G4D;PLA2G2D;PLA2G2F;PLA2G10;PLA2G12A;MBOAT1;PLA1A;PLA2G4B"
"Prefoldin Mediated Transfer Of Substrate To CCT/TriC R-HSA-389957",0.0683465794839564,0.720568223702283,0.287805130535564,-0.278716431218502,-1.42544594953689,26,"PFDN2;TUBB4B;VBP1;TUBB4A;TUBA3D;TUBA1C;TUBB2B"
"Depolymerisation Of Nuclear Lamina R-HSA-4419969",0.0691192865105909,0.721840095917208,0.178219874951973,0.486950459338515,1.41930723844747,15,"LPIN1;PRKCA;PRKCB;LPIN2;CNEP1R1;CCNB1"
"Stimuli-sensing Channels R-HSA-2672351",0.0710710710710711,0.735286688557717,0.165656695205483,0.319117053286283,1.27046375138067,99,"CALM1;UBB;STOML3;ASIC4;TRPC4;BSND;SGK3;WNK4;TRPM2;TRPM1;NEDD4L;ANO5;WNK2;ANO7;ANO3;TRPM6;RYR2;TRPM8;ASIC5;TRPV2;SLC9C1;SRI;CLCA1;UNC79;TRPM3;SCNN1D;TRPM7;TRPV6;CLCN6;CLCA4;WWP1;CLCA2;WNK3;TRPV1;BEST2;TRPC7;SCNN1B;RYR3;CLCN4;ASIC2;RNASE3;SLC9C2;MCOLN3;ANO6;TRPC6;MCOLN2;BEST1;CLCN1;SCNN1G;ANO1;TRDN;BEST4;SCNN1A;CLCNKB;CLIC2;STOM;MCOLN1;TRPC4AP;TPCN1;TRPM4"
"SUMOylation Of DNA Methylation Proteins R-HSA-4655427",0.072463768115942,0.735939369764659,0.173747838999571,0.48244407031226,1.40617253358876,15,"DNMT1;PCGF2;SCMH1;DNMT3B;UBE2I;RNF2;DNMT3A;SUMO1"
"SUMOylation Of Intracellular Receptors R-HSA-4090294",0.0722513089005236,0.735939369764659,0.16823816568964,0.406550273172271,1.37226494597075,29,"HDAC4;NR1H4;THRB;PIAS3;NR5A2;NR1I2;AREG;NR5A1;PIAS4;RORA;UBE2I;NR3C1;PGR;ESR1;SUMO1"
"Activated PKN1 Stimulates Transcription Of Androgen Receptor Regulated KLK2 And KLK3 R-HSA-5625886",0.0745451960813756,0.747194645217538,0.287805130535564,-0.249797869182672,-1.37676786025627,33,"H2AJ;H3-3B;H2AC6;KDM1A;H2AC19;H2BC4;H2BC17;KLK2;H4C15;H2AB1"
"Regulation Of MECP2 Expression And Activity R-HSA-9022692",0.0749219562955255,0.747194645217538,0.16440575583821,0.400119893752422,1.36495492400985,31,"CAMK2A;CAMK2G;CALM1;CAMK2B;AURKB;PRKCA;TNRC6A;AGO4"
"Ca2+ Pathway R-HSA-4086398",0.0756048387096774,0.74727282546083,0.160801401070022,0.345484307246156,1.30460101209817,61,"CAMK2A;GNG13;CALM1;AXIN2;PPP3CB;ITPR1;PPP3R1;PRKCA;GNB1;PPP3CA;TNRC6A;GNG2;AGO4;TNRC6C;FZD4;TCF7;PRKG1;PLCB1;FZD6;GNG4;GNB4;LEF1;GNG3;PLCB2;PDE6B;NLK;GNG10"
"Post-chaperonin Tubulin Folding Pathway R-HSA-389977",0.0778200720876386,0.762361237177132,0.287805130535564,-0.313796317599014,-1.44821585281231,21,"TBCB;TUBB4B;TUBB4A;TUBA3D;TUBA1C;TUBB2B;ARL2;TUBAL3"
"DARPP-32 Events R-HSA-180024",0.0793650793650794,0.763975155279503,0.160801401070022,0.419621249354787,1.36451461902751,24,"PRKAR1B;CALM1;PPP3CB;PPP3R1;PRKCA;PPP1CA;PPP3CA;PRKACG;PPP1R1B;PPP2R1B;PDE4B"
"Transcription Of E2F Targets Under Negative Control By DREAM Complex R-HSA-1362277",0.0789754535752401,0.763975155279503,0.161978948883402,0.446343526358756,1.38524808334896,19,"LIN54;E2F4;CDC6;TOP2A;RBL2;RBL1;CDC25A;LIN52"
"Antimicrobial Peptides R-HSA-6803157",0.0800800800800801,0.764212488350419,0.155241966228839,0.326206952368767,1.27768471939577,84,"CHGA;DEFB115;DEFB128;DEFB107A;DEFB135;REG3G;HTN3;HTN1;RO60;DEFB132;LYZ;BPIFB6;GNLY;DEFB131A;S100A8;CLU;DEFB118;BPIFB2;ELANE;DEFB124;DEFB129;ITLN1;DEFB121;DEFB126;DEFB106A;BPIFB4;DEFB119;DEFB136;RNASE6;SEMG1;DCD;S100A7;DEFB123;RNASE3;CCR6;DEFB127;BPIFA1;TRIM21;LEAP2;CCR2;DEFB125;RNASE7;DEFA5"
"RNA Polymerase III Transcription Termination R-HSA-73980",0.0813093980992608,0.769311997400699,0.158514105424824,0.437226439342272,1.3873659679662,21,"POLR3H;CRCP;SSB;POLR1D;NFIA;POLR3G;POLR3C;POLR2K;POLR3D;NFIB"
"Activation Of BH3-only Proteins R-HSA-114452",0.0854166666666667,0.781411764705882,0.153158808683073,0.398138603607743,1.35184324239606,30,"AKT3;DYNLL1;YWHAG;PPP3R1;PPP1R13B;MAPK8;BBC3;YWHAH;TP53BP2;BID;BCL2L11;TP73;TP53;AKT2;TP63"
"Circadian Clock R-HSA-400253",0.0836693548387097,0.781411764705882,0.152144922367565,0.337275273286846,1.28286285302478,65,"HIF1A;NPAS2;UBB;ELOVL3;PPP1CA;NCOA1;NR1D1;CRTC1;CREBBP;CREM;MEF2C;CRTC2;CRY2;GDNF;MEF2D;RBM4;RORA;CREB1;NR3C1;CLOCK;BHLHE40;NLRP3;PER1;BTRC;CARM1;RNASE12;NCOR1;NCOA6;HDAC3;CRY1;PER2;CHD9"
"Interleukin-12 Signaling R-HSA-9020591",0.0841013617332055,0.781411764705882,0.287805130535564,-0.227612325512577,-1.35940196239205,44,"PDCD4;SNRPA1;RPLP0;HNRNPA2B1;AURKAIP1;HNRNPDL;CDC42"
"Intrinsic Pathway For Apoptosis R-HSA-109606",0.0882352941176471,0.781411764705882,0.148261500475107,0.349512157467589,1.29872403776831,55,"AKT3;MAPK1;DYNLL1;CASP3;CDKN2A;YWHAG;PPP3R1;PPP1R13B;MAPK8;NMT1;CASP8;UACA;BBC3;YWHAH;TP53BP2;BID;GSDME;CASP9;APAF1;BCL2L11;BAK1;TP73;TP53;MAPK3;AKT2;TP63;CASP7;GSDMD;BAX;XIAP"
"Nitric Oxide Stimulates Guanylate Cyclase R-HSA-392154",0.0865892291446674,0.781411764705882,0.153158808683073,0.43178827160674,1.37011008367951,21,"IRAG1;PDE2A;ITPR1;PDE1B;PDE1A;GUCY1B1"
"RAF Activation R-HSA-5673000",0.0874089490114464,0.781411764705882,0.151148761385484,0.395045253056653,1.34764347333363,31,"CAMK2A;CAMK2G;CALM1;CAMK2B;MRAS;PPP2R5C;ARAF;PPP2R5E;PPP2R1B;MAP2K1;JAK2"
"Regulation Of RUNX1 Expression And Activity R-HSA-8934593",0.0873362445414847,0.781411764705882,0.155241966228839,0.454602762030411,1.36810757436151,17,"TNRC6A;CDK6;AGO4;TNRC6C;CCND2;PML"
"Signaling By Non-Receptor Tyrosine Kinases R-HSA-9006927",0.0875763747454175,0.781411764705882,0.149207542435322,0.353249619260628,1.29693877888287,51,"HIF1A;GPNMB;UBB;KHDRBS3;SYNGAP1;STAP2;CBL;LRRK2;NRG2;KHDRBS2;ARHGAP35;HBEGF;CCNE1;PXDN;DOK1;NRG3;ERBB4;CRK;EGF;NR3C1"
"Regulation Of Complement Cascade R-HSA-977606",0.0889570552147239,0.781551270815075,0.148261500475107,0.359111116027122,1.29230798952013,44,"VTN;CFHR4;C1R;C8A;C4BPA;C8B;C5AR2;CLU;CD59;C5;ELANE;CFI;CPNE1;CFHR3"
"Activation Of SMO R-HSA-5635838",0.0920910075839653,0.785772702723555,0.150169802128406,0.442231751507117,1.35129133595418,18,"IQCE;CSNK1A1;ARRB1;KIF3A;GRK2;EVC;ARRB2;SMOX;SHH;CDON;BOC"
"G Alpha (Z) Signaling Events R-HSA-418597",0.0921187308085978,0.785772702723555,0.14551614609036,0.353497284612701,1.2851411144838,47,"GNG13;RGS4;ADCY1;PRKCA;ADCY2;GNB1;PRKCB;PRKCG;GNG2;ADRA2B;RGS20;ADRA2C;ADCY7;RGS17;PRKCH;GNG4;PRKCE;GNB4;ADCY5"
"Platelet Homeostasis R-HSA-418346",0.0922768304914744,0.785772702723555,0.143758989039275,0.32252641432834,1.26004894028275,83,"SLC8A2;IRAG1;GNG13;SLC8A1;CALM1;PDE2A;ITPR1;PAFAH2;PDE1B;GNB1;PDE1A;MAPK14;GNG2;GUCY1B1;ORAI2;ATP2A2;LRP8;SLC8A3;PPP2R5C;SRI;PPP2R5E;ATP2B1;PPP2R1B;PRKG1;PDE5A;GNG4;GNB4;TRPC7"
"Regulation Of TP53 Activity R-HSA-5633007",0.0920920920920921,0.785772702723555,0.143758989039275,0.296324298301154,1.21608308760348,155,"CHD3;RBBP8;AKT3;RICTOR;TAF3;CDK5R1;UBB;STK11;PIP4K2B;CDKN2A;ING3;AURKB;PPP1R13B;RAD17;MAPK14;TAF9B;POLR1B;PRKAG2;RHNO1;TAF5;BRPF3;BRD7;RMI1;ING5;DPEP3;TAF4;TAF11;MDM2;RFC2;TP53BP2;PPP2R5C;TAF9;TBP;SMYD2;MAPK11;PML;PRKAG3;POU4F2;BRD1;BANP;PPP2R1B;RBBP7;PIP4P1;RAD50;MLST8;PLK3;HIPK1;EHMT2;POLR1A;RFC3;L3MBTL1;TP73;CHEK2;TP53;SERPINA2;ATM;AKT2;RAD9B;PRKAA2;TP63;MAPKAP1;PRKAB2;PPP1R13L"
"Processing Of Capped Intronless Pre-mRNA R-HSA-75067",0.0974009163347867,0.823074918951213,0.287805130535564,-0.248726336676141,-1.31350104886214,29,"SNRPD3;CPSF2;SNRPG;CSTF3;PCF11;SNRPE;SNRPB;CSTF2;CSTF2T;SNRPF;LSM10;CPSF7;WDR33;FIP1L1;NCBP2;ZNF473;CPSF3;CPSF1;COLEC12;PABPN1;SLBP;CPSF4;NCBP1;NUDT21;CSTF1;CPSF6;LSM11;SYMPK;PAPOLA"
"Cytochrome P450 - Arranged By Substrate Type R-HSA-211897",0.0995975855130785,0.828981407240435,0.138022242496643,0.33508303726994,1.26968993325212,62,"CYP3A43;CYP3A5;CYP24A1;NCOA1;CYP4F2;CYP39A1;NR1H4;CYP2E1;CYP21A2;CYP2F1;CYP26C1;CYP4F11;CYP8B1;CYP26A1;CYP11A1;CYP2C9;CYP1A1;TBXAS1;ARNT2;AHR"
"Transcriptional Regulation Of Pluripotent Stem Cells R-HSA-452723",0.0989846364597938,0.828981407240435,0.287805130535564,-0.248453050454711,-1.31205784930682,29,"TDGF1;ZIC3;LIN28A;EPAS1;STAT3;DKK1;EOMES"
"Beta Defensins R-HSA-1461957",0.102910602910603,0.850164458373414,0.138022242496643,0.38485708965112,1.31940765567381,32,"DEFB115;DEFB128;DEFB107A;DEFB135;DEFB132;DEFB131A;DEFB118;DEFB124;DEFB129;DEFB121;DEFB126;DEFB106A;DEFB119;DEFB136;DEFB123;CCR6;DEFB127;CCR2;DEFB125"
"Regulation Of Insulin Secretion R-HSA-422356",0.105740181268882,0.867069486404834,0.133554954557592,0.322293180594492,1.24704739493896,77,"PRKAR1B;GNG13;CACNA1E;CACNB3;ITPR1;STXBP1;PRKCA;CACNA1A;GNB1;KCNB1;GNA14;STX1A;GNG2;GCG;INS;CACNB2;SLC2A2;PRKACG;ADRA2C"
"Sema4D Induced Cell Migration And Growth-Cone Collapse R-HSA-416572",0.108218492255197,0.880866697988997,0.287805130535564,-0.331226888701499,-1.50941923910017,19,"MYL12B;RHOA;SEMA4D;PLXNB1;MYL6;MYH14;RHOB"
"Inositol Phosphate Metabolism R-HSA-1483249",0.11088504577823,0.891304347826087,0.130777137971974,0.346935563942024,1.26463518597602,48,"CALM1;NUDT11;ITPKA;INPP4A;PPIP5K2;NUDT10;PLCD1;PTEN;INPP4B;INPP5D;PLCH1;IMPA2;PLCB4;INPP5J;INPP5A;IP6K1;PLCB1;MTMR9;PLCB2;ITPK1;PLCG1;PLCH2;PLCG2;NUDT3;IPMK;SYNJ1;INPP5B;INPP1;IPPK;MIOX;PLCD4;PLCZ1;NUDT4;PPIP5K1;MTMR7"
"RAC2 GTPase Cycle R-HSA-9013404",0.111111111111111,0.891304347826087,0.129442887745046,0.31371836177804,1.23030388670349,87,"ARHGAP32;VAV3;ABR;VAPB;SLITRK5;MCF2;VAV1;CYBB;DOCK3;TIAM1;DSG2;ABI1;NHS;OPHN1;PIK3R2;SWAP70;ARHGAP35;NCKAP1;VANGL1;SYDE1;GIT1;EMD;TRIO;ANKLE2;CDC42EP4;PLD2;BAIAP2L1;GARRE1;MPP7;DIAPH3;TMPO;PIK3R3"
"N-glycan Trimming In ER And Calnexin/Calreticulin Cycle R-HSA-532668",0.114756516748449,0.907396171718092,0.287805130535564,-0.242872809616289,-1.3227692822894,34,"CALR;RAD23B;RPS27A;PDIA3;UBXN1;MARCHF6;CANX;UBA52;VCP"
"Negative Regulation Of FGFR1 Signaling R-HSA-5654726",0.114345114345114,0.907396171718092,0.130105630751129,0.381323037901492,1.30729184682062,32,"MAPK1;UBB;CBL;FGF9;FGF10;FGF13;FRS2;KL;FGFR1;FGF20;ANOS1;FGF23;FGF17;MAPK3"
"Cell Death Signaling Via NRAGE, NRIF And NADE R-HSA-204998",0.11569416498994,0.908322274069952,0.126875729929857,0.323022607678654,1.24485443916365,73,"PLEKHG5;ARHGEF11;UBB;CASP3;VAV3;ABR;ARHGEF6;ARHGEF33;MAPK8;PSEN2;MCF2;VAV1;ARHGEF17;AKAP13;ARHGEF9;KALRN;ARHGEF4;GNA13;FGD1;TIAM1;NGEF;MCF2L;TIAM2"
"Cooperation Of Prefoldin And TriC/CCT In Actin And Tubulin Folding R-HSA-389958",0.117857560469754,0.918058825596514,0.287805130535564,-0.253379385461446,-1.33995986295828,30,"PFDN2;TUBB4B;VBP1;TUBB4A;TUBA3D;TUBA1C;TUBB2B;TUBAL3"
"TP53 Regulates Metabolic Genes R-HSA-5628897",0.118592964824121,0.918058825596514,0.125033367555272,0.315664740391335,1.23061374057297,81,"RRAGD;AKT3;GPX2;YWHAG;TIGAR;UBL4A;SESN1;PTEN;TNRC6A;PRKAG2;COX7A2L;COX20;AGO4;COX5A;YWHAH;SCO2;TNRC6C;RPTOR;LRPPRC;PRKAG3;GLS2;RHEB;GSR;LAMTOR3;MLST8;SCO1;TP53;AKT2;PRKAA2;TP63;PRKAB2;SESN3"
"Centrosome Maturation R-HSA-380287",0.120845921450151,0.929003021148036,0.12384217120105,0.315975059079436,1.22895911049848,79,"DYNLL1;TUBA4A;HAUS7;CEP70;YWHAG;PRKCA;CEP192;SFI1;CEP63;CEP164;MZT2A;TUBG1;AKAP9;CEP135;CKAP5;CEP76;HAUS2;DCTN3;DCTN2;CLASP1;HAUS8;NEDD1;CENPJ;TUBGCP6;CEP41;CETN2;MZT1;CEP78;NINL;CEP152;ODF2;PCM1;TUBGCP2;ALMS1;TUBGCP5"
"Cobalamin (Cbl, Vitamin B12) Transport And Metabolism R-HSA-196741",0.125659978880676,0.94959166564583,0.124434168630393,0.415690775180384,1.31903101640037,21,"MMACHC;CTRB2;MTRR;CBLIF;MMAB;TCN1;CD320;AMN;CUBN;MMUT;TCN2;CTRB1;MTR;ABCD4;MMADHC;LRP2"
"NRIF Signals Cell Death From Nucleus R-HSA-205043",0.126097538256492,0.94959166564583,0.249246554383295,-0.331816221840017,-1.38515005312467,15,"PSENEN;SQSTM1;RPS27A;PSEN1"
"Signaling By BRAF And RAF1 Fusions R-HSA-6802952",0.124748490945674,0.94959166564583,0.121543282035469,0.326256877308097,1.23624602470894,62,"CAMK2A;CNKSR2;CAMK2G;CALM1;CAMK2B;MAPK1;KIAA1549;FGG;ARRB1;ATG7;AKAP9;ZC3HAV1;KSR2;ARAF;ARRB2;FGA;MAP2K1;CLCN6;TRAK1;JAK2;CNKSR1;VCL;BCL2L11;MAPK3;RNASE3;AGTRAP"
"Receptor-type Tyrosine-Protein Phosphatases R-HSA-388844",0.128860489882854,0.953927855711423,0.123257226381337,0.4143505024019,1.29775164311829,20,"SLITRK3;PPFIA4;SLITRK5;PPFIA1;SLITRK4;SLITRK6;PPFIBP1;NTRK3;IL1RAPL2;LRRC4B;PTPRD"
"Resolution Of Sister Chromatid Cohesion R-HSA-2500257",0.129258517034068,0.953927855711423,0.118815039412263,0.301379244917396,1.20560938348121,104,"CENPQ;DYNLL1;CLIP1;AURKB;PMEPA1;STAG2;WAPL;CCNB2;CCNB1;SGO2;MAD1L1;SPDL1;CKAP5;NUDC;RANGAP1;MAD2L1;PDS5A;DYNC1I1;PPP2R5C;PPP2R5E;NUP160;SPC25;CENPO;CLASP1;CENPU;CENPP;BUB1B;PPP2R1B;KIF18A;BUB1;SKA2;NDC80;NDEL1;SGO1;NUP98;CENPH;SKA1;CENPF;SEH1L;ZWILCH;SPC24"
"Trafficking Of GluR2-containing AMPA Receptors R-HSA-416993",0.127729257641921,0.953927855711423,0.12563992130984,0.433514571484372,1.30464356660504,17,"GRIA4;GRIA1;PRKCA;PRKCB;PRKCG;NSF;GRIA2;TSPAN7;LGALS12;AP2A1;AP2M1;GRIA3;GRIP2;AP2B1"
"Nuclear Events Stimulated By ALK Signaling In Cancer R-HSA-9725371",0.134647446884211,0.987117375502132,0.249246554383295,-0.321085951767511,-1.46320642899085,19,"RPS6;RBX1;NPM1;STAT3;FN1;ALK"
"Complement Cascade R-HSA-166658",0.13663967611336,0.995132378009802,0.115734447701689,0.333268138088718,1.23784048934804,54,"COLEC11;VTN;CFHR4;C1R;C8A;C4BPA;MASP1;C8B;C5AR2;CLU;CD59;C5;ELANE;CFI;CPNE1;CFHR3"
"GRB2 Events In ERBB2 Signaling R-HSA-1963640",0.139353400222965,0.995252993850469,0.120985142145252,0.450397784204073,1.31276770160545,15,"NRG2;HBEGF;NRG3;ERBB4;EGF;NRG4;EGFR;SOS1;EREG"
"Muscle Contraction R-HSA-397014",0.138861138861139,0.995252993850469,0.11378726182188,0.276872260242666,1.15751892433202,194,"CAMK2A;FXYD7;CACNB1;SLC8A2;FXYD1;CACNA1G;ATP1A2;CAMK2G;SLC8A1;CALM1;CAMK2B;PLN;SCN2A;ITPR1;SORBS1;PRKCA;ATP1A3;MYL7;SCN3B;KCNE5;FGF12;GUCY1B1;ORAI2;MYL10;ATP2A2;KCNK10;KCND3;FGF13;DMPK;RYR2;CACNB2;AKAP9;ATP1B3;ATP1B2;KCNIP2;SCN1B;SLC8A3;MYH8;PXDN;SRI;ATP2B1;NPPA;MYL5;MYL2;KCNJ14;SCN10A;MYL3;TMOD4;TNNT1;PDE5A;SLN;NPRL2;FXYD3;KCNK16;HIPK1;MYBPC3;KCNK7;CORIN;FGF14;KCNK3;VCL;RYR3;MYBPC1;SCN7A;KCNE4;TNNC2;CACNA2D2;SCN11A;SORBS3;TMOD2;ITGA1;NPPC;SCN5A;TNNI3;ATP2B3;MYL1;KCNK18;SCN2B"
"Recruitment Of NuMA To Mitotic Centrosomes R-HSA-380320",0.137965760322256,0.995252993850469,0.114750719227023,0.312496850445188,1.21543090291866,79,"DYNLL1;TUBA4A;HAUS7;CEP70;YWHAG;PRKCA;CEP192;SFI1;CEP63;CEP164;MZT2A;TUBG1;AKAP9;CEP135;CKAP5;CEP76;HAUS2;DCTN3;DCTN2;CLASP1;HAUS8;NEDD1;CENPJ;TUBGCP6;CEP41;CETN2;MZT1;CEP78;NINL;CEP152;ODF2;PCM1;TUBGCP2;ALMS1;TUBGCP5"
"ABC Transporter Disorders R-HSA-5619084",0.996975806451613,1,0.00502537209391229,0.126210316295028,0.48720089793901,76,"UBB;ABCB6;PSMD9;PSMB11;PSMA6;ABCA1;PSMB3;ERLIN1;SEL1L;PSMF1;PSMD13;DERL1;PSMD5;PSMC3;DERL3;PSMB9;DERL2;PSMA4;PSME4;ABCB4;ABCA12;ABCD4;PSMA8;PSMD7;RNF5;ABCG5;ABCC8;CFTR;ABCG8;PSMB10;PSMC2;ABCC6;ABCD1;PSMD6;PSMD2;ABCB11;PSMA7;ABCC9;PSMD11;PSME2"
"ABC Transporters In Lipid Homeostasis R-HSA-1369062",0.637053087757313,1,0.0382416816260774,0.293055972729361,0.895467129054478,18,"ABCA10;ABCA6;ABCA7;ABCA5;ABCG4"
"ABC-family Proteins Mediated Transport R-HSA-382556",0.863863863863864,1,0.0182442460385585,0.199485898530916,0.795988282087585,101,"ABCC10;UBB;ABCB6;ABCA10;PSMD9;PSMB11;PSMA6;ABCA6;ABCA7;ABCA5;EIF2S3;PSMB3;ERLIN1;SEL1L;ABCC11;ABCB7;ABCA4;ABCG4;PSMF1;PSMD13;ABCC5;DERL1;PSMD5;ABCB8;PSMC3;DERL3"
"ADORA2B Mediated Anti-Inflammatory Cytokine Production R-HSA-9660821",0.218436873747495,1,0.0865399737444125,0.278179006208518,1.13057471477985,130,"PRKAR1B;GNG13;HTR6;ADCY1;CHGA;PRKCA;ADCY2;FSHB;GNB1;RXFP2;ADORA2B;MC1R;GIPR;GNG2;GCG;GLP2R;PTGDR;TSHR;TAAR1;IAPP;GPR39;HRH2;PRKACG;ADCY7;CRHR2;GPR150;RAMP1;MC2R;LHB;VIPR1;CREB1;ADM2;CALCA;NLRP3;CRH;GNG4;GNB4;CYSLTR2;GPR83;NPSR1;ADCY5;SCTR;NPS;RAMP2;RXFP1;GNG3;LHCGR;AVPR2;GNG10;HTR7;PTHLH;RLN2;PTH2R;ADRB2;POMC;GNG11;GNAT3;GPR45;ADCY9;INSL3;PTGER2;GNB5;PRKAR2B;DRD1;GPR176;GPHA2"
"ADP Signaling Thru P2Y Purinoceptor 1 R-HSA-418592",0.365180467091295,1,0.0630790410571939,0.332241388582732,1.08582226332776,25,"GNG13;GNB1;GNA14;MAPK14;GNG2;GNG4;GNB4;GNG3;GNG10;GNAQ;GNG11;P2RY1;GNB5"
"ADP Signaling Thru P2Y Purinoceptor 12 R-HSA-392170",0.907838983050847,1,0.0187018035626708,0.204731641052171,0.654990472548158,22,"GNG13;GNB1;GNG2;GNG4;GNB4;GNG3;GNG10;GNG11;GNAT3;GNB5;GNG12;GNB2;GNGT2;GNAI3;P2RY12;GNGT1;GNG8"
"APC-Cdc20 Mediated Degradation Of Nek2A R-HSA-179409",0.868365180467091,1,0.0215798086475871,0.217738023182645,0.711605481042651,25,"UBB;ANAPC16;MAD2L1;BUB1B;ANAPC5;CDC23;ANAPC10;ANAPC4;UBE2D1;ANAPC15;CDC16;ANAPC2;UBE2C"
"APC/C-mediated Degradation Of Cell Cycle Proteins R-HSA-174143",0.98998998998999,1,0.00502537209391229,0.140698075328815,0.55207879214114,86,"UBB;AURKB;PSMD9;PSMB11;PSMA6;ANAPC16;CCNB1;PSMB3;MAD2L1;RB1;BUB1B;PSMF1;ANAPC5;PSMD13;BTRC;PSMD5;PSMC3;FBXO5;PSMB9;CDC23;PSMA4;CCNA2;ANAPC10;PSME4;ANAPC4;UBE2D1;ANAPC15;CDC16;CDC14A;PSMA8;FZR1;PSMD7;ANAPC2;UBE2C"
"APC/C:Cdc20 Mediated Degradation Of Cyclin B R-HSA-174048",0.812236286919831,1,0.0249900772245545,0.234979312213696,0.759865049009646,23,"UBB;ANAPC16;CCNB1;ANAPC5;CDC23;ANAPC10;ANAPC4;UBE2D1;ANAPC15;CDC16;ANAPC2;UBE2C"
"APC/C:Cdc20 Mediated Degradation Of Mitotic Proteins R-HSA-176409",1,1,0.00382852089890286,0.118715748495075,0.458028109288178,74,"UBB;PSMD9;PSMB11;PSMA6;ANAPC16;CCNB1;PSMB3;MAD2L1;BUB1B;PSMF1;ANAPC5;PSMD13;PSMD5;PSMC3;PSMB9;CDC23;PSMA4;CCNA2;ANAPC10;PSME4;ANAPC4;UBE2D1;ANAPC15;CDC16;PSMA8;PSMD7;ANAPC2;UBE2C"
"APC/C:Cdc20 Mediated Degradation Of Securin R-HSA-174154",1,1,0.00458288223817775,0.10525092417253,0.401161608091931,66,"UBB;PSMD9;PSMB11;PSMA6;ANAPC16;PSMB3;PSMF1;ANAPC5;PSMD13;PSMD5;PSMC3;PSMB9;CDC23;PSMA4;ANAPC10;PSME4;ANAPC4;UBE2D1;ANAPC15;CDC16;PSMA8;PSMD7;ANAPC2;UBE2C;PSMB10;PSMC2;ANAPC7;PSMD6;PSMD2;PSMA7;PSMD11;PSME2;ANAPC1"
"APC/C:Cdh1 Mediated Degradation Of Cdc20 And APC/C:Cdh1 Targets In Late Mitosis/Early G1 R-HSA-174178",0.998989898989899,1,0.00502537209391229,0.125139894385962,0.480601746321436,72,"UBB;AURKB;PSMD9;PSMB11;PSMA6;ANAPC16;PSMB3;RB1;PSMF1;ANAPC5;PSMD13;PSMD5;PSMC3;PSMB9;CDC23;PSMA4;ANAPC10;PSME4;ANAPC4;UBE2D1;ANAPC15;CDC16;PSMA8;FZR1;PSMD7;ANAPC2;UBE2C"
"APC:Cdc20 Mediated Degradation Of Cell Cycle Proteins Before Cycle Checkpoint Satisfied R-HSA-179419",1,1,0.00480899561354898,0.107977352010677,0.414688730513403,72,"UBB;PSMD9;PSMB11;PSMA6;ANAPC16;PSMB3;MAD2L1;BUB1B;PSMF1;ANAPC5;PSMD13;PSMD5;PSMC3;PSMB9;CDC23;PSMA4;CCNA2;ANAPC10;PSME4;ANAPC4;UBE2D1;ANAPC15;CDC16;PSMA8;PSMD7;ANAPC2;UBE2C"
"ATF4 Activates Genes In Response To Endoplasmic Reticulum Stress R-HSA-380994",0.938775510204082,1,0.208955027549354,-0.145202312266855,-0.740161903871727,27,"EXOSC6;NFYA;KHSRP;ATF3"
"AUF1 (hnRNP D0) Binds And Destabilizes mRNA R-HSA-450408",0.336623069128559,1,0.203508959461977,-0.165011997299211,-1.01625608571245,53,"PSMB7;PSMB6;RPS27A;PABPC1;PSMD4;PSME1;PSMD3;UBA52;HNRNPD;SEM1;EIF4G1;PSMC1"
"AURKA Activation By TPX2 R-HSA-8854518",0.204843592330979,1,0.0905428948469474,0.303928086743865,1.16534373420804,71,"DYNLL1;TUBA4A;HAUS7;CEP70;YWHAG;PRKCA;CEP192;SFI1;CEP63;CEP164;TUBG1;AKAP9;CEP135;CKAP5;CEP76;HAUS2;DCTN3;DCTN2;CLASP1;HAUS8;NEDD1;CENPJ;CEP41;CETN2;CEP78;NINL;CEP152;ODF2;PCM1;ALMS1"
"Aberrant Regulation Of Mitotic Cell Cycle Due To RB1 Defects R-HSA-9687139",0.829042224510814,1,0.0225128737259091,0.218253613265643,0.758142846021226,36,"E2F2;ANAPC16;CDK6;CCNE1;CCND2;RB1;ANAPC5;CDC23;CCNE2;ANAPC10;ANAPC4;UBE2D1;ANAPC15;CDC16;FZR1;ANAPC2;UBE2C"
"Aberrant Regulation Of Mitotic Exit In Cancer Due To RB1 Defects R-HSA-9687136",0.500532481363152,1,0.048505983646947,0.317377711400442,0.99403148800709,20,"ANAPC16;RB1;ANAPC5;CDC23;ANAPC10;ANAPC4;UBE2D1;ANAPC15;CDC16;FZR1;ANAPC2;UBE2C"
"Aberrant Regulation Of Mitotic G1/S Transition In Cancer Due To RB1 Defects R-HSA-9659787",0.258733624454148,1,0.0819778796501272,0.388947137100021,1.17051977844597,17,"E2F2;CDK6;CCNE1;CCND2;RB1"
"Abortive Elongation Of HIV-1 Transcript In Absence Of Tat R-HSA-167242",0.875527426160338,1,0.0207088406492443,0.21714870516804,0.702205270499877,23,"GTF2F2;NELFCD;SUPT5H;SUPT4H1;POLR2K;NELFA;NCBP1;NELFE;POLR2D;NELFB;POLR2J;GTF2F1;POLR2B;POLR2H"
"Activated NOTCH1 Transmits Signal To Nucleus R-HSA-2122948",0.501041666666667,1,0.0474483193656297,0.290908298881653,0.987752542548094,30,"UBB;NEURL1;PSEN2;ARRB1;DTX1;NUMB;ADAM17;ARRB2;DLL4;APH1A"
"Activated Point Mutants Of FGFR2 R-HSA-2033519",0.328602620087336,1,0.0696133438850965,0.367685414331804,1.10653353288677,17,"FGF9;FGF10;FGF13;FGFR2;FGF20;FGF23;FGF17;FGF7;FGF18"
"Activated TAK1 Mediates P38 MAPK Activation R-HSA-450302",0.744930629669157,1,0.0300618095810087,0.263373825019388,0.817393027493236,19,"MAPK14;TAB3;TRAF6;MAPK11;MAP2K6;IRAK2;NOD2;RIPK2;UBE2V1;IKBKG;IRAK1;TAB2;UBE2N"
"Activation Of APC/C And APC/C:Cdc20 Mediated Degradation Of Mitotic Proteins R-HSA-176814",0.998994974874372,1,0.00382852089890286,0.115845833689852,0.447445374939434,75,"UBB;PSMD9;PSMB11;PSMA6;ANAPC16;CCNB1;PSMB3;MAD2L1;BUB1B;PSMF1;ANAPC5;PSMD13;PSMD5;PSMC3;PSMB9;CDC23;PSMA4;CCNA2;ANAPC10;PSME4;ANAPC4;UBE2D1;ANAPC15;CDC16;PSMA8;PSMD7;ANAPC2;UBE2C"
"Activation Of ATR In Response To Replication Stress R-HSA-176187",0.187628865979381,1,0.096887770327544,0.350251272702468,1.21230173332342,35,"CDC25C;MCM6;ORC5;ORC6;RAD17;ORC3;POLR1B;CDC6;RFC2;CDC25A;MCM4;POLR1A;RFC3;SERPINA2;RAD9B;CLSPN;RFC5;SLC25A15"
"Activation Of BAD And Translocation To Mitochondria R-HSA-111447",0.327759197324415,1,0.0707899094502623,0.380863467935132,1.1100970674406,15,"AKT3;YWHAG;PPP3R1;YWHAH;BID"
"Activation Of G Protein Gated Potassium Channels R-HSA-1296041",0.209424083769634,1,0.0913924325943768,0.357105788418601,1.20537062151338,29,"GNG13;KCNJ6;GNB1;KCNJ15;UBD;GABBR2;GNG2"
"Activation Of GABAB Receptors R-HSA-991365",0.31006160164271,1,0.0694481442003175,0.3158123834353,1.12586004855281,42,"GNG13;ADCY1;KCNJ6;ADCY2;GNB1;KCNJ15;UBD;GABBR2;GNG2"
"Activation Of Gene Expression By SREBF (SREBP) R-HSA-2426168",1,1,0.00759591053352814,0.12526754735531,0.446574404123815,42,"SREBF2;NCOA1;GPAM;CREBBP;LMBR1;SQLE;CARM1;ELOVL6;NCOA6;CHD9;IDI1;TBL1XR1;LIN9;PPARA;MBD4;RXRA;ACACA;SMARCD3"
"Activation Of HOX Genes During Differentiation R-HSA-5619507",0.976976976976977,1,0.00730167173587984,0.155689960363966,0.611340977600752,88,"PCGF2;KMT2D;H2BC1;H2BC3;CREBBP;HOXA2;H2AZ2;HOXB4;EGR2;PAGR1;H2AC20;KDM6A;HOXA3;RBBP7;PAX6;POLR2K;H2AC14;NCOA3;NCOR1;NCOA6;HOXC4;HDAC3;SUZ12;MAFB;HOXD3;H2BC14;POLR2D;H2BC9;EED;HOXB2;WDR5;RXRA;KMT2C;HOXA4;PKNOX1;H2BC21;CNOT6;ASH2L;RARG;H2BC11;H3C7;POLR2J;CNOT9;MEIS1;H2BC13;H2AC7;H2BC15;JUN;EZH2;CTCF;H2BC5;POLR2B;POLR2H;PAXIP1;H3C13;HOXA1;H2AC4;RBBP4;HOXD4"
"Activation Of IRF3/IRF7 Mediated By TBK1/IKK Epsilon R-HSA-936964",0.327759197324415,1,0.0707899094502623,0.380997729960087,1.11048839896152,15,"UBB;IRF7;TANK;TLR4;TRAF3"
"Activation Of Kainate Receptors Upon Glutamate Binding R-HSA-451326",0.470157068062827,1,0.0506004243853618,0.299890301898298,1.01224615032355,29,"GNG13;CALM1;GNB1;GNG2;MPP3;PLCB1;GNG4;GNB4;GNG3;PLCB2;NCALD;GNG10;GRIK4;GNG11;GNB5"
"Activation Of Matrix Metalloproteinases R-HSA-1592389",0.758047767393562,1,0.0277995594097672,0.23945806869983,0.821782088385774,33,"MMP24;MMP2;MMP16;CTRB2;MMP7;CTSK;ELANE;MMP10;MMP13;MMP15;CTRB1;TPSAB1;PLG;CTSG;FURIN;COL18A1;CTSV;MMP3;MMP8;KLKB1;PRSS58;MMP17;MMP14;MMP1;MMP9;PRSS2"
"Activation Of NF-kappaB In B Cells R-HSA-1169091",0.988911290322581,1,0.00651414071836222,0.139626967786861,0.531086220785332,65,"UBB;PRKCB;PSMD9;PSMB11;NFKBIE;PSMA6;PSMB3;PSMF1;PSMD13;BTRC;PSMD5;PSMC3;NFKBIB;REL;PSMB9;IKBKB;PSMA4;CHUK;PSME4"
"Activation Of Pre-Replicative Complex R-HSA-68962",0.217255717255717,1,0.0888945288620449,0.348235743281105,1.19385849454108,32,"MCM6;ORC5;ORC6;ORC3;POLR1B;CDC6;POLE2;CDT1;POLE;GMNN;PRIM1;MCM4;POLR1A"
"Acyl Chain Remodelling Of PC R-HSA-1482788",0.429171038824764,1,0.0549073703290958,0.312055622493475,1.04002344256371,27,"PLA2G1B;PLA2G4D;PLA2G2D;PLA2G2F;PLA2G10;PLA2G12A;PLA2G4B;PLA2G6;PLBD1;PLB1;PLA2G4C;LPCAT4;PLA2G4E;LPCAT1;MBOAT2"
"Acyl Chain Remodelling Of PE R-HSA-1482839",0.378010471204188,1,0.0607719451853533,0.317516048817096,1.07173988637368,29,"PLAAT1;PLA2G1B;PLAAT4;PLA2G4D;PLA2G2D;PLA2G2F;PLA2G10;PLA2G12A;MBOAT1;PLA2G4B;PLA2G6;PLBD1;ABHD4;PLA2G4C;LPCAT4;PLA2G4E;MBOAT2;PLAAT2;PLA2R1;LPCAT3"
"Acyl Chain Remodelling Of PG R-HSA-1482925",0.267605633802817,1,0.0797705918628453,0.381929111937102,1.16702950014428,18,"PLA2G1B;PLA2G4D;PLA2G2D;PLA2G2F;PLA2G10;PLA2G12A;PLA2G4B"
"Acyl Chain Remodelling Of PI R-HSA-1482922",0.358078602620087,1,0.0653834195468773,0.362400796425649,1.09062970125863,17,"PLA2G1B;PLA2G4D;PLA2G2D;PLA2G2F;PLA2G10;PLA2G12A;PLBD1;PLA2G4C;PLA2G4E"
"Adherens Junctions Interactions R-HSA-418990",0.678534031413613,1,0.0336769978828608,0.259363908578872,0.875453845389332,29,"CADM3;CDH2;CDH15;CDH4;CDH11;NECTIN3;CADM1;CDH18;CDH13;AFDN;CDH9;PVR;CDH8;NECTIN2;FZR1;CDH17;CDH12;CDH10"
"Adrenaline,noradrenaline Inhibits Insulin Secretion R-HSA-400042",0.45929018789144,1,0.051530912208539,0.304910840295159,1.02441359014849,28,"GNG13;CACNB3;GNB1;GNG2;CACNB2;ADRA2C;GNG4;GNB4;ADCY5;CACNA1D;GNG3;CACNA2D2;GNG10;GNG11;GNB5;CACNA1C"
"Aflatoxin Activation And Detoxification R-HSA-5423646",0.297758804695838,1,0.0734381410838857,0.368326466403659,1.14311847601944,19,"CYP3A5;AKR7A2;DPEP3;DPEP2"
"Aggrephagy R-HSA-9646399",0.817510548523207,1,0.0246382257063476,0.233404860786826,0.754773662030208,23,"UBB;DYNLL1;IFT88"
"Amine Ligand-Binding Receptors R-HSA-375280",0.471794871794872,1,0.0494904866135495,0.286386645735771,1.01598569995878,40,"HTR6;ADRA1B;CHRM1;ADRA2B;HRH3;CHRM5;TAAR1;HRH2;ADRA2C;DRD2;HTR1E;HTR1F;HTR2C;CHRM4;HTR1A;HTR7;ADRB2;ADRA1A;DRD1;HRH4;GPR143;TAAR6"
"Amino Acid Transport Across Plasma Membrane R-HSA-352230",0.658602412784424,1,0.143902565267782,-0.18438104408973,-1.01622122067662,33,"SLC36A4;SLC7A10;SLC6A20;SLC38A1"
"Amino Acids Regulate mTORC1 R-HSA-9639288",0.633603238866397,1,0.0353157046479879,0.249085820887527,0.925166492618612,54,"RRAGD;FLCN;SESN1;ATP6V1C1;ATP6V1A;ATP6V1D;ATP6V1B1;RPTOR;DEPDC5;RHEB;LAMTOR3;NPRL3;MLST8;NPRL2;SEH1L;ATP6V1H"
"Anti-inflammatory Response Favoring Leishmania Infection R-HSA-9662851",0.261738261738262,1,0.0766746872490091,0.264921002438356,1.09205763580176,162,"PRKAR1B;GNG13;HTR6;ADCY1;CALM1;CHGA;ITPR1;PRKCA;ADCY2;FSHB;GNB1;RXFP2;ADORA2B;MAPK14;MC1R;GIPR;GNG2;GCG;GLP2R;DPEP3;DPEP2;PTGDR;TSHR;TAAR1;IAPP;GPR39;PLK2;HRH2;PRKACG;ADCY7;CRHR2;GPR150;RAMP1;MC2R;LHB;VIPR1;ADAM17;CREB1;ADM2;RHBDF2;CALCA;NLRP3;CRH;GNG4;GNB4;CYSLTR2;GPR83;NPSR1;ADCY5;SCTR;CYSLTR1;NPS;RAMP2;RXFP1;GNG3;LHCGR;AVPR2;GNG10;HTR7;PLCG1;PTHLH;RLN2;PTH2R;ADRB2;POMC;GNG11;GNAT3;GPR45;ADCY9;FURIN;INSL3;PTGER2;GNB5;PRKAR2B;DRD1;IGLL5;GPR176;PLCG2;GPHA2"
"Antigen Activates B Cell Receptor Leading To Second Messenger Generation R-HSA-983695",0.76690946930281,1,0.0273074724591201,0.238656047482947,0.814142841290817,31,"CALM1;ITPR1;VAV1;ORAI2;DAPP1;CD79A;BTK;STIM1;SH3KBP1;SOS1;CLSTN1;PTPN6;ORAI1;IGLL5;PLCG2;CD19"
"Antigen Processing: Ubiquitination And Proteasome Degradation R-HSA-983168",0.293706293706294,1,0.0707899094502623,0.248092593882439,1.06347929262718,303,"FBXL16;UBB;FBXO9;KLHL9;CUL3;FBXL18;LNX1;UBR1;TRIM4;ASB14;FBXL22;ASB9;KLHL3;RNF111;FBXO27;PSMD9;PSMB11;RNF182;HECTD2;LTN1;KLHL13;ATG7;RNF41;UBE2L6;SMURF1;PSMA6;RBCK1;TRIM71;UBE2Q1;ASB6;ASB11;FBXO41;NEDD4L;LRSAM1;NEDD4;TRIM32;CUL7;TRIM63;ASB13;DZIP3;RBBP6;UBR2;CBLB;TRIM39;TRIM69;PSMB3;ASB12;KLHL11;KCTD7;TRAF7;UBE2D3;GAN;KBTBD7;UBA1;ASB15;FBXL14;UBR4;UNKL;ASB5;UBE2E2;THOP1;TRIM37;ZNRF2;FBXW8;HERC6;PSMF1;ANAPC5;PSMD13;UBE2U;FBXW5;SPSB4;TRAIP;FBXO40;WWP1;KLHL25;LNPEP;BTRC;UBE2A;FBXO2;HERC3;PSMD5;PSMC3;RNF6;UBE2D4;ASB2;HERC4;CBLL2;FBXO17;RNF25;UBE2D2;UBE2E3;FBXO22;ZBTB16;UBE2Q2;MIB2;FBXO10;UBE2R2;PJA2;LONRF1;FBXL12;FBXL13;PSMB9;FBXL20;FBXW9;CDC23;KLHL5;PSMA4;UBE2H;RNF14;FBXO44;FBXO15;UBE3D;TRIM36;TRIM21;FBXO6;ANAPC10;SMURF2;UBE4A;ASB4;PSME4;FBXO11;RNF115;UBE3A;HERC1;UBE2M;ASB17;ANAPC4;KLHL22;UBE2D1;LMO7;HERC2;KLHL42;UBOX5;LRR1;HACE1;AREL1;UBE2W;TRIM11;UBE2G1;CDC16;FBXO31;RNF19B;FBXO21"
"Antiviral Mechanism By IFN-stimulated Genes R-HSA-1169410",0.958752515090543,1,0.0102389179310485,0.171200198198952,0.66633787805421,80,"SGIP1;UBB;EIF4A2;UBE2L6;NDC1;NEDD4;NUP88;NUP58;NUP160;OAS1;KPNA7;EIF2AK2;KPNA1;NUP98;SEH1L;OAS2;KPNA4;MAPK3;RNASEL;ISG15;MX1;OASL;KPNA5;PLCG1;RNASE7;NUP155;RANBP2;NUP153;SEC13;TRIM25;NUP205;EIF4E3;KPNA2;IRF3;NUP85;EIF4A3;EIF4E2;MX2;NUP107;PDE12;NUP37;ARIH1"
"Apoptosis R-HSA-109581",0.523476523476524,1,0.0435378240914002,0.238676745383809,0.991475669235904,176,"OMA1;AKT3;MAPK1;UBB;DYNLL1;CASP3;DCC;CDKN2A;YWHAG;PPP3R1;FASLG;PPP1R13B;MAPK8;PSMD9;PSMB11;NMT1;CASP8;PSMA6;DSG3;GAS2;OCLN;MAPT;SATB1;UACA;TANK;BBC3;TLR4;DSG2;PSMB3;YWHAH;TP53BP2;BID;PKP1;GSDME;SPTAN1;H1-0;CASP9;H1-2;PSMF1;PSMD13;TJP1;KPNA1;UNC5B;RIPK1;CASP6;APAF1;H1-3;DAPK1;PSMD5;PSMC3;DNM1L;BCL2L11;BMX;BAK1;TP73;TP53;MAPK3;AKT2;TP63;DFFB;CLSPN;ACIN1;PSMB9;DSPP;CASP7;GSDMD;PSMA4;BAX;STK24;XIAP;PSME4"
"Apoptotic Cleavage Of Cellular Proteins R-HSA-111465",0.34639175257732,1,0.0642140881844605,0.315463833269469,1.10271452993096,38,"CASP3;CASP8;DSG3;GAS2;OCLN;MAPT;SATB1;DSG2;PKP1;SPTAN1;TJP1;CASP6;BMX;CLSPN;ACIN1;DSPP;CASP7;STK24"
"Apoptotic Execution Phase R-HSA-75153",0.516819571865443,1,0.0450442767152794,0.271857265987443,0.99966208532256,52,"CASP3;CASP8;DSG3;GAS2;OCLN;MAPT;SATB1;DSG2;PKP1;SPTAN1;H1-0;H1-2;TJP1;KPNA1;CASP6;H1-3;DNM1L;BMX;DFFB;CLSPN;ACIN1;DSPP;CASP7"
"Apoptotic Factor-Mediated Response R-HSA-111471",0.148029818956337,1,0.11378726182188,0.409875005690114,1.2837343240181,20,"MAPK1;CASP3;CDKN2A;UACA;GSDME;CASP9;APAF1;BAK1;MAPK3;CASP7;GSDMD;BAX;XIAP"
"Aquaporin-mediated Transport R-HSA-445717",0.346544715447154,1,0.0635007968065945,0.298712426974181,1.09230313792006,49,"PRKAR1B;GNG13;ADCY1;PRKCA;ADCY2;GNB1;AQP3;GNG2;MINDY4;PRKACG;ADCY7;AQP4;NLRP3;GNG4;GNB4;ADCY5;AQP5;GNG3;AQP9;AVPR2;GNG10;GNG11;ADCY9;GNB5;PRKAR2B"
"Arachidonic Acid Metabolism R-HSA-2142753",0.980749746707194,1,0.00842359386195179,0.149828297868474,0.559747894846905,58,"PTGR1;GPX2;CYP4F2;DPEP3;DPEP2;CYP4F11;CYP8B1;CYP2C9;CYP1A1;TBXAS1;ALOX15B"
"Asparagine N-linked Glycosylation R-HSA-446203",0.290709290709291,1,0.0713052987340038,0.249632150312925,1.06731176733932,279,"NEU2;ANK2;ST6GALNAC6;TMED7;SPTBN2;UBB;CHGA;DYNLL1;PPP6R1;GRIA1;TBC1D20;TRAPPC5;SPTBN4;COG4;F8;COG8;GNPNAT1;NPL;CAPZA1;MAN2A2;ARCN1;F5;MGAT4C;CHST10;PMM1;CFAP73;SPTBN5;INS;AMDHD2;NSF;UMOD;GFPT1;CNIH3;FOLR2;COG5;ALG9;CD59;DYNC1I1;SEL1L;SEC24D;MOGAT1;GOSR2;SPTAN1;ST6GALNAC2;COG3;COPG1;MGAT4B;SLC35C1;GMDS;COPZ2;DCTN3;ST6GALNAC4;DCTN4;SRD5A3;SPTBN1;DCTN2;AREG;GLB1;ST8SIA1;LHB;DPAGT1;NANP;NGLY1;LMAN2L;DPM1;GORASP1;SPTA1;UGGT2;NAPG;SEC22A;CAPZA3;CHST8;NEU3;SEC31A;CAPZA2;TRAPPC2;CNIH2;RNF139;MAN1C1;B4GALT6;DERL1;GMPPB;ST3GAL3;ST6GAL2;TMED3;FUT8;B4GALT1;ST3GAL6;PRKCSH;SPTB;BET1;ALG3;ST8SIA3;ARF3;GOLGA2;ST8SIA5;COPB1;CNIH1;TRAPPC6B;MLEC;CD55;ARFGAP2;TRAPPC2L;ANK1;ALG10B;TUSC3;COG7;ARFGAP3;SEC24C;DERL2"
"Aspirin ADME R-HSA-9749641",0.826583592938733,1,0.0231538258045259,0.225399104264299,0.773533953682684,33,"CYP2E1;UGT2B7;BCHE;UGT2B11;CYP2C9;UGT2A3;UGT3A2;ACSM2A;UGT2B10;ALB;UGT2B28;CYP2C19;ACSM4;GLYATL1;UGT2B15;GLYATL2;BSG;GLYATL3;CES1;CYP3A4;CYP2C8;UGT3A1;ACSM2B"
"Assembly Of Active LPL And LIPC Lipase Complexes R-HSA-8963889",0.540021344717183,1,0.0451344222209097,0.308828166269656,0.958462708979361,19,"MBTPS2;CREB3L3;GPIHBP1;PCSK5;ANGPTL3;APOA4;LIPC;APOC2;LPL;ANGPTL4;FURIN"
"Assembly Of Collagen Fibrils And Other Multimeric Structures R-HSA-2022090",0.797160243407708,1,0.0238622865877092,0.220361712466246,0.820730645363061,57,"COL3A1;COL8A2;COL6A5;COL4A5;MMP7;LAMB3;LOXL4;COL9A1;PXDN;LOXL1;COL6A6;LAMC2;COL5A1;LOX;MMP13;LAMA4;COL4A3;TLL1;LOXL2;COL9A3;COL24A1;COL7A1;COL18A1;CTSV;COL2A1;CD151;COL6A1;COL15A1;MMP3;CTSS;COL4A4"
"Assembly Of HIV Virion R-HSA-175474",0.783039647577093,1,0.0291395520262835,0.26455435096247,0.784211798412818,16,"SGIP1;UBB;VPS37A;MVB12A;NMT2;FURIN;VPS37B;VPS28"
"Assembly Of ORC Complex At Origin Of Replication R-HSA-68616",0.920618556701031,1,0.0158662282151999,0.193858883334675,0.670991024453496,35,"ORC5;ORC6;H2BC1;H2BC3;ORC3"
"Assembly Of Pre-Replicative Complex R-HSA-68867",0.993993993993994,1,0.00409492237559551,0.135586050919731,0.543374926301537,106,"MCM6;UBB;ORC5;ORC6;H2BC1;PSMD9;H2BC3;ORC3;PSMA6;CDC6;ANAPC16;PSMB3;H2AZ2;CDT1;H2AC20;GMNN;PSMF1;ANAPC5;PSMD13;KPNA1;MCM4;H2AC14;PSMD5;PSMC3"
"Association Of TriC/CCT With Target Proteins During Biosynthesis R-HSA-390471",0.824922760041195,1,0.0227981839377501,0.219199432347252,0.761428317265541,36,"KIFC3;NOP56;CCNE1;DCAF7;FBXW5;CCT6B;TP53;AP3M1;HDAC3;FBXW9;FBXO6;CCNE2;XRN2;CCT6A;USP11;SPHK1;TCP1;CCT2"
"Asymmetric Localization Of PCP Proteins R-HSA-4608870",0.970766129032258,1,0.00906269502060309,0.159390642814842,0.601883181301961,61,"UBB;PSMD9;PSMB11;SMURF1;PSMA6;FZD7;PSMB3;FZD4;PSMF1;PSMD13;PSMD5;PSMC3;PARD6A;DVL2;SCRIB;PSMB9;PSMA4;SMURF2;PSME4"
"Attenuation Phase R-HSA-3371568",0.44692144373673,1,0.0535669384770951,0.314301822255257,1.02719266092961,25,"HSPH1;UBB;DNAJB1;DEDD2;CREBBP;HSPA1L"
"Autodegradation Of E3 Ubiquitin Ligase COP1 R-HSA-349425",0.849009378508392,1,NA,-0.128764444425038,-0.761755545040971,50,"PSMB7;PSMB6;RPS27A;PSMD4;PSME1;PSMD3;UBA52;SEM1"
"Autophagy R-HSA-9612973",0.992992992992993,1,0.00434551079568136,0.139978725033569,0.568842613710313,125,"RRAGD;MAP1LC3B;UBB;DYNLL1;IFT88;UVRAG;PGAM5;ATG7;PRKAG2;MTMR3;ATG9B;TOMM6;DYNC1I1;RPTOR;PIK3R4;WDR45B;PRKAG3;VPS37A;RHEB;LAMTOR3;MVB12A;MLST8;CHMP4C;MTERF3;AMBRA1;FUNDC1;PLIN2;ATG5;HSPA8;CHMP2A;RB1CC1;ATM;PRKAA2;TOMM22;MAP1LC3C;PRKAB2"
"Azathioprine ADME R-HSA-9748787",0.271383315733897,1,0.0776798560117236,0.369736575242362,1.17321345519562,21,"VAV3;GSTA1;HPRT1;GSTA2;VAV1;XDH;SLC29A1;ABCC5;SLC28A2;NUDT15;TPMT;SLC29A2;GUK1"
"B-WICH Complex Positively Regulates rRNA Expression R-HSA-5250924",0.741013144750259,1,0.143902565267782,-0.151430414907511,-0.903600347953472,54,"H2AJ;H3-3B;DEK;H2AC6;H2AC19;SF3B1;H2BC4;POLR2E;POLR2L;H2BC17;H4C15;H2AB1"
"BBSome-mediated Cargo-Targeting To Cilium R-HSA-5620922",0.425105485232068,1,0.0555947097758869,0.325148537441178,1.05145004898757,23,"BBS4;BBS12;BBS7;BBS9;LZTFL1;SMOX;MKKS;RAB3IP;TTC8;TCP1;CCT2;BBS5;MCHR1;ARL6;CCT5"
"BMAL1:CLOCK,NPAS2 Activates Circadian Gene Expression R-HSA-1368108",0.292993630573248,1,0.0739901439101341,0.350011248497731,1.14389723584768,25,"NPAS2;NCOA1;CREBBP;CLOCK;BHLHE40;NLRP3;CARM1;NCOA6;CHD9;KLF15;TBL1XR1;LIN9;PPARA;MBD4;RXRA;SMARCD3;F7;NOCT;NAMPT;HELZ2"
"Base-Excision Repair, AP Site Formation R-HSA-73929",1,1,NA,-0.118965105628912,-0.683612624215256,41,"H2AJ;H2AC6;H2AC19;H2BC4;H2BC17;TERF2IP;H4C15;H2AB1;H3-4"
"Beta-catenin Independent WNT Signaling R-HSA-3858494",0.589178356713427,1,0.0382416816260774,0.236203566962996,0.965251075596208,141,"CAMK2A;GNG13;CALM1;AXIN2;UBB;PPP3CB;ITPR1;PPP3R1;PRKCA;WNT4;GNB1;PRKCB;PSMD9;PPP3CA;PSMB11;TNRC6A;SMURF1;PSMA6;PRKCG;GNG2;FZD7;AGO4;PSMB3;TNRC6C;FZD4;RORA;ARRB2;TCF7;PRKG1;PSMF1;PSMD13;PLCB1;FZD6;GNG4;GNB4;PSMD5;PSMC3;NCOA3;PARD6A;DVL2;AP2A1;LEF1;GNG3;SCRIB;PLCB2;AP2M1;PSMB9;PDE6B;PSMA4;NLK;GNG10;SMURF2;PSME4"
"Beta-catenin Phosphorylation Cascade R-HSA-196299",0.402838427947598,1,0.0597317976364411,0.35139012352931,1.057493551973,17,"CSNK1A1;PPP2R5C;PPP2R5E;PPP2R1B;AMER1"
"Bile Acid And Bile Salt Metabolism R-HSA-194068",0.767109295199183,1,0.0263245268606861,0.232119060052381,0.837355514694759,45,"OSBPL7;NCOA1;AKR1C4;CYP39A1;NR1H4;CYP8B1;SLCO1B1;CH25H;BAAT;AKR1C2;SLC51A;AMACR;SYCP2;OSBPL3;ALB;AKR1C1;HSD3B7;CYP7B1;CYP7A1;FABP6;RXRA;ACOT8"
"Binding And Uptake Of Ligands By Scavenger Receptors R-HSA-2173782",0.232612680476975,1,0.249246554383295,-0.207569614801685,-1.19090225367491,39,"CALR;SAA2;FTH1;APOE;SPARC;HBA1;COL4A1;COL4A2;COL1A2"
"Biological Oxidations R-HSA-211859",0.526473526473527,1,0.0432768714901103,0.236885912472181,0.993540112934788,200,"CYP3A43;CYP3A5;SULT1E1;AKR7A2;CYP24A1;MAOB;GSTA1;NCOA1;CYP4F2;MTARC1;AS3MT;CYP39A1;ADH7;NR1H4;CYP2E1;CYP21A2;ADH1A;GSTA2;CYP2F1;CYP26C1;CMBL;FMO3;UGT2B7;BPNT2;MTRR;DPEP3;DPEP2;CYP4F11;CYP8B1;SULT4A1;CYP26A1;GCLM;CYP11A1;MTARC2;GSTM5;PRNP;CES3;UGT2B11;FMO4;CYP2C9;CYP1A1;CHAC2;TBXAS1;ARNT2;AHR;ALDH1A1;ACSS1;UGT2A3;FDXR;PODXL2;ADH6;SULT1A2;SMOX;GGT6;GSTO2;TPST1;UGT3A2;ACSM2A;UGT2B10;MGST1;TPMT;AOC2;AOC1;PAPSS2;CYP2C18;CYP4B1;UGT2B28;ACSS2;GSTK1;CYP2C19;FDX1;ACSM4;BPHL;MTR;ABHD14B;EPHX1;CYP27B1;CYP7B1;GSTT1;GSTM2;GSTM1;POMC;FDX2;GLYATL1;UGP2"
"Biosynthesis Of DHA-derived SPMs R-HSA-9018677",0.949339207048458,1,0.0183208529217527,0.193640108654731,0.574002496275414,16,"CYP2E1;CYP2C9;CYP1A1;HPGD;LTC4S;ALOX5;EPHX2;LTA4H;CYP1A2;CYP3A4;CYP2C8"
"Biosynthesis Of N-glycan Precursor (Dolichol LLO) And Transfer To Protein R-HSA-446193",0.273366834170854,1,0.0747385227439092,0.291331474661041,1.12524479093793,75,"NEU2;ST6GALNAC6;GNPNAT1;NPL;PMM1;AMDHD2;GFPT1;ALG9;ST6GALNAC2;SLC35C1;GMDS;ST6GALNAC4;SRD5A3;GLB1;ST8SIA1;DPAGT1;NANP;DPM1;NEU3;GMPPB;ST3GAL3;ST6GAL2;ST3GAL6;ALG3;ST8SIA3;ST8SIA5;ALG10B;ALG13;SLPI;ST8SIA4;FCSK"
"Biosynthesis Of Specialized Proresolving Mediators (SPMs) R-HSA-9018678",0.854821235102925,1,0.0236501012290726,0.232130436515652,0.709301958997432,18,"PTGR1;CYP2E1;CYP2C9;CYP1A1;HPGD;LTC4S;ALOX5;EPHX2;LTA4H;CYP1A2;CYP3A4;CYP2C8"
"Blood Group Systems Biosynthesis R-HSA-9033658",0.192796610169492,1,0.096887770327544,0.387535656315795,1.239828691623,22,"FUT9;ST6GALNAC6;FUT7;FUT10;FUT11;FUT5;B3GALT1;ST3GAL3;ST3GAL6;B3GALT4;FUT2;B3GALT5;B3GALT2;ABO;FUT3"
"Branched-chain Amino Acid Catabolism R-HSA-70895",0.856388595564942,1,0.0220834140571177,0.223086681570883,0.707877754107336,21,"BCAT2;SOAT1;SLC25A44;HIBADH;BCKDK;MCCC1;PPM1K;BCAT1;BCKDHB"
"Budding And Maturation Of HIV Virion R-HSA-162588",0.87117212249208,1,0.0210730272985761,0.211859933192197,0.701016112483164,26,"SGIP1;UBB;NEDD4L;VPS37A;MVB12A;CHMP4C;VPS4A;CHMP2A;VPS4B;CHMP2B;PDCD6IP;VPS37B;VPS28;CHMP7;CHMP5"
"Butyrate Response Factor 1 Binds And Destabilizes mRNA R-HSA-450385",0.96943231441048,1,0.0162749990509926,0.184740676672047,0.555969167276621,17,"EXOSC8;EXOSC1;XRN1;EXOSC4;ZFP36L1;EXOSC9"
"C-type Lectin Receptors (CLRs) R-HSA-5621481",0.870741482965932,1,0.0177814832001704,0.199513110923033,0.813803113406083,138,"CALM1;UBB;PPP3CB;ITPR1;PPP3R1;CLEC7A;PRKCA;CCL22;RPS6KA5;PSMD9;PPP3CA;PSMB11;CASP8;PSMA6;CREBBP;MUC17;CCL17;MUC19;PSMB3;MUC15;IL1B;MUC13;TAB3;PRKACG"
"CD209 (DC-SIGN) Signaling R-HSA-5621575",0.699680511182109,1,0.0330162512586498,0.269216808872772,0.843190859053971,20,"PRKCA;RPS6KA5;CREBBP;PRKACG"
"CD28 Co-Stimulation R-HSA-389356",0.790890269151139,1,0.025411808387565,0.228000346927725,0.786444358025779,34,"AKT3;RICTOR;TRIB3;VAV1;PIK3R2;MAP3K8;CD86;MLST8;PIK3R3;CD28;AKT2;MAPKAP1;ARHGEF7;HOXC13"
"CD28 Dependent PI3K/Akt Signaling R-HSA-389357",0.350210970464135,1,0.0647943366000727,0.34307721063422,1.1094269491928,23,"AKT3;RICTOR;TRIB3;PIK3R2;MAP3K8;CD86;MLST8;PIK3R3;CD28;AKT2;MAPKAP1;HOXC13"
"CDC42 GTPase Cycle R-HSA-9013148",0.48948948948949,1,0.0466948041282054,0.246587189546533,1.00859528788758,146,"ARHGAP32;ARHGEF11;VAV3;ABR;ARHGAP30;ARHGEF6;MCF2;ARHGEF9;ARHGEF4;GNA13;FGD1;TIAM1;DOCK8;NGEF;MCF2L;OPHN1;PIK3R2;STARD13;ARHGAP35;SHKBP1;ARHGAP20;EGR2;ARHGDIG;CPNE8;VANGL1;GMIP;ARHGAP33;IQGAP3;SYDE1;GIT1;ITSN1;WIPF2;ARHGEF12;WAS;TRIO;CDC42EP4;CDC42BPA;PLEKHG1;PRKCSH;ARHGAP4;PARD6A;DIAPH3;TMPO;KCTD3;ARHGAP44;SCRIB;ARFGAP2;ARHGAP11B;DOCK6;ECT2;ARFGAP3;DOCK7;ARHGEF7;PLEKHG4B;SRGAP1;DNMBP;IQGAP2;FNBP1L;DOCK11"
"CDK-mediated Phosphorylation And Removal Of Cdc6 R-HSA-69017",0.988900100908174,1,0.00667841440698826,0.139447006953972,0.534678112670866,71,"UBB;PSMD9;PSMB11;PSMA6;CDC6;ANAPC16;PSMB3;CCNE1;PSMF1;ANAPC5;PSMD13;PSMD5;PSMC3;PSMB9;CDC23;PSMA4;CCNA2;CCNE2;ANAPC10;PSME4;ANAPC4;UBE2D1;ANAPC15;CDC16;PSMA8;FZR1;PSMD7;ANAPC2;UBE2C"
"CLEC7A (Dectin-1) Signaling R-HSA-5607764",0.80980980980981,1,0.0222267787552589,0.209532284673718,0.83267774652913,98,"CALM1;UBB;PPP3CB;ITPR1;PPP3R1;CLEC7A;CCL22;PSMD9;PPP3CA;PSMB11;CASP8;PSMA6"
"COPI-independent Golgi-to-ER Retrograde Traffic R-HSA-6811436",0.733954451345756,1,0.0292811015816512,0.242678551384132,0.837074066428587,34,"RAB6B;DYNLL1;CAPZA1;DYNC1I1;DCTN3;DCTN4;DCTN2;CAPZA3;CAPZA2;PLA2G6;RAB18"
"COPII-mediated Vesicle Transport R-HSA-204005",0.31079717457114,1,0.0684714904492087,0.289540538299896,1.10357746371699,66,"PPP6R1;GRIA1;TBC1D20;TRAPPC5;F8;F5;NSF;CNIH3;FOLR2;CD59;SEC24D;GOSR2;AREG;LMAN2L;GORASP1;NAPG;SEC22A;SEC31A;TRAPPC2;CNIH2;BET1;GOLGA2;CNIH1;TRAPPC6B;TRAPPC2L;SEC24C;SEC24A;SEC24B;PPP6R3;COL7A1;SEC13;CTSC;SEC23A;ANKRD28;MCFD2;STX17;SEC16A;CSNK1D;TFG;TRAPPC1;TMED2;SCFD1;SEC22B;TGFA"
"CRMPs In Sema3A Signaling R-HSA-399956",0.35352422907489,1,0.066436413766281,0.36809949098765,1.09114804867911,16,"CDK5R1;DPYSL3;DPYSL4;PLXNA2;PLXNA4;PLXNA3;SEMA3A"
"CTLA4 Inhibitory Signaling R-HSA-389513",0.682154171066526,1,0.0338245444462164,0.26827005117298,0.851249388719109,21,"AKT3;PPP2R5C;PPP2R5E;CD86;PPP2R1B"
"CTNNB1 S33 Mutants Not Phosphorylated R-HSA-5358747",0.195094760312152,1,0.0992333343771191,0.423569466424399,1.23457160405625,15,"CSNK1A1;PPP2R5C;PPP2R5E;PPP2R1B;AMER1"
"Calnexin/calreticulin Cycle R-HSA-901042",0.27313100039957,1,0.203508959461977,-0.239588335926988,-1.21667433469169,25,"CALR;RPS27A;PDIA3;MARCHF6;CANX;UBA52"
"Canonical Retinoid Cycle In Rods (Twilight Vision) R-HSA-2453902",0.617088607594937,1,0.0384786917635432,0.279917529006541,0.905184141077831,23,"NAPEPLD;RDH10;ABCA4;DHRS9;RDH5;HSD17B6;RDH8;RBP4;RHO;RBP3;STRA6;TTR;RLBP1"
"Carboxyterminal Post-Translational Modifications Of Tubulin R-HSA-8955332",0.524640657084189,1,0.0446854397644147,0.282014765612684,0.983764342615899,37,"TTLL3;TUBB2A;TPGS2;VASH2;TTLL10;TUBA3C;TTLL2;TUBB8;TTL;LRRC49;TTLL1"
"Cargo Concentration In ER R-HSA-5694530",0.288981288981289,1,0.0736212741014394,0.331466411984096,1.13636810476066,32,"GRIA1;F8;F5;CFAP73;CNIH3;FOLR2;CD59;SEC24D;GOSR2;AREG;LMAN2L;CNIH2;CNIH1;SEC24C;SEC24A;SEC24B;COL7A1;CTSC;SEC23A;MCFD2"
"Cargo Recognition For Clathrin-Mediated Endocytosis R-HSA-8856825",0.268268268268268,1,0.0755015292281669,0.276841251259017,1.10588623714819,102,"SGIP1;SYT1;NECAP1;UBB;STON2;SH3GL2;REPS2;CBL;ARRB1;VAMP4;GRK2;FCHO2;SH3GL3;HBEGF;EPGN;AREG;FZD4;ITSN1;ARRB2;EGF;STON1;SNAP91;GRK3;UBQLN2;VAMP7;NLRP3;COPS4;EPS15L1;COPS5;SLC2A8;TOR1B;SYT12;COPS8;AGFG1;DVL2;DAB2;AP2A1;AP2M1;EGFR;EPN1;CD3D;AVPR2;SH3KBP1;REPS1;STAM2;EREG;SYT9;ADRB2;M6PR"
"Cargo Trafficking To Periciliary Membrane R-HSA-5620920",0.472986748216106,1,0.0490939668192139,0.277555562860217,1.01580087222117,50,"PKD1;RAB11FIP3;BBS4;BBS12;BBS7;BBS9;LZTFL1;PDE6D;CNGA2;UNC119B;EXOC1;SMOX;PRKD2;MKKS;RAB3IP;TTC8;EXOC7;INPP5E;RHO;ASAP1;TCP1;ARF4;ARL3;CCT2;BBS5;MCHR1;RAB11A;CNGA4;ARL6;EXOC6;CCT5;CNGB1"
"Caspase Activation Via Death Receptors In Presence Of Ligand R-HSA-140534",0.41025641025641,1,0.0598603117764473,0.359872597014656,1.04891528915617,15,"FASLG;CASP8;TANK;TLR4;RIPK1;NDUFA2;TICAM1;TNFSF10;TNFRSF10A;TNFRSF10B"
"Caspase Activation Via Extrinsic Apoptotic Signaling Pathway R-HSA-5357769",0.26963906581741,1,0.0782955249944794,0.355524389330586,1.16191513266274,25,"CASP3;DCC;FASLG;CASP8;TANK;TLR4;CASP9;UNC5B;RIPK1;DAPK1;MAGED1;NDUFA2;TICAM1;TNFSF10;DAPK3;TNFRSF10A;TNFRSF10B"
"Cdc20:Phospho-APC/C Mediated Degradation Of Cyclin A R-HSA-174184",1,1,0.00458288223817775,0.112511642995064,0.431400531600909,71,"UBB;PSMD9;PSMB11;PSMA6;ANAPC16;PSMB3;MAD2L1;BUB1B;PSMF1;ANAPC5;PSMD13;PSMD5;PSMC3;PSMB9;CDC23;PSMA4;CCNA2;ANAPC10;PSME4;ANAPC4;UBE2D1;ANAPC15;CDC16;PSMA8;PSMD7;ANAPC2;UBE2C;PSMB10;PSMC2;ANAPC7;PSMD6;PSMD2;CCNA1;PSMA7;PSMD11;PSME2;ANAPC1"
"Cell Cycle Checkpoints R-HSA-69620",0.858141858141858,1,0.0185498307405843,0.203061155063532,0.865979482892547,264,"RBBP8;CENPQ;CDC25C;MCM6;UBB;DYNLL1;CDKN2A;CLIP1;AURKB;YWHAG;ABRAXAS1;ORC5;ORC6;RAD17;H2BC1;PSMD9;PSMB11;H2BC3;ORC3;POLR1B;PSMA6;CDC6;RHNO1;ANAPC16;CCNB2;CCNB1;RMI1;SGO2;MAD1L1;GTSE1;SPDL1;CKAP5;NUDC;MDM2;PSMB3;RANGAP1;RFC2;MAD2L1;YWHAH;DYNC1I1;CCNE1;PPP2R5C;PPP2R5E;NUP160;SPC25;PIAS4;UIMC1;CENPO;CLASP1;CENPU;CENPP;BUB1B;PPP2R1B;KIF18A;BUB1;SKA2;PSMF1;NDC80;ANAPC5;PSMD13;CDC25A;BRCC3;NDEL1;RAD50;MCM4;SGO1;NUP98;CENPH;SKA1;CENPF;SEH1L;PSMD5;PSMC3;POLR1A;ZWILCH;RFC3;SPC24"
"Cell Junction Organization R-HSA-446728",0.561685055165496,1,0.0404934829859503,0.247348552557543,0.966343430133183,83,"CLDN16;CLDN18;CADM3;ACTN1;ARHGEF6;CLDN10;CDH2;CDH15;CDH4;LAMB3;CDH11;NECTIN3;PXDN;PARD3;CLDN8;CLDN12;CLDN23;TESK1;PATJ;LAMC2;CRB3;CADM1;PARD6A;RSU1;CLDN15;CDH18;ILK;LAMA4;CDH13;COL17A1;CLDN17;AFDN"
"Cell Recruitment (Pro-Inflammatory Response) R-HSA-9664424",0.988322717622081,1,0.0125099843193737,0.153780531281733,0.502581346786354,25,"MEFV;PSTPIP1;IL1B;IL1A;NLRP3;GSDMD;CTSG;TXN2;PYCARD;ENTPD1;P2RX4;NT5E"
"Cell-Cell Communication R-HSA-1500931",0.785785785785786,1,0.0239329549624917,0.214350774723049,0.86671601807727,117,"CLDN16;CLDN18;CADM3;ACTN1;ARHGEF6;PTK2B;CLDN10;CDH2;CDH15;SKAP2;CDH4;LAMB3;PIK3R2;CDH11;NECTIN3;SPTAN1;PXDN;PARD3;SPTBN1;CLDN8;MAGI2;CLDN12;CLDN23;TESK1;PATJ;LAMC2;CRB3;CADM1;PARD6A;RSU1;SIRPA;CLDN15;CDH18;ILK;LAMA4;CDH13;COL17A1;CLDN17;AFDN;KIRREL1;CDH9;SDK1;PTPN6;CLDN14;PVR;CDH8;ACTN3;SIRPG;CLDN1;NECTIN2;CLDN20;PRKCI;FZR1;CD151;PIK3CA;PARD6B;TYROBP;CD2AP;NPHS1;CDH17"
"Cell-cell Junction Organization R-HSA-421270",0.542972699696663,1,0.0424170054438747,0.260590620266529,0.977391401175732,59,"CLDN16;CLDN18;CADM3;CLDN10;CDH2;CDH15;CDH4;CDH11;NECTIN3;PARD3;CLDN8;CLDN12;CLDN23;PATJ;CRB3;CADM1;PARD6A;CLDN15;CDH18;CDH13;CLDN17;AFDN;CDH9;SDK1;CLDN14;PVR;CDH8;CLDN1;NECTIN2;CLDN20;PRKCI;FZR1"
"Cell-extracellular Matrix Interactions R-HSA-446353",0.568561872909699,1,0.044774889329693,0.320469035850749,0.934066317339796,15,"ACTN1;ARHGEF6;PXDN;TESK1;RSU1;ILK"
"Cellular Hexose Transport R-HSA-189200",0.458289334741288,1,0.0521630305460055,0.324195651940123,1.02870726468635,21,"SLC2A14;MFSD4B;SLC5A4;SLC2A7;SLC2A2"
"Cellular Response To Chemical Stress R-HSA-9711123",0.942057942057942,1,0.0113146012252547,0.183100629058538,0.762602768874908,180,"AKT3;MAP1LC3B;UBB;CUL3;CDKN2A;GPX2;GSTA1;NCOA1;FBXL17;STAP2;UBL4A;PSMD9;SESN1;PSMB11;PSMA6;CYBB;CREBBP;COX7A2L;COX20;NOX5;NOX4;GPX8;COX5A"
"Cellular Response To Heat Stress R-HSA-3371556",0.563380281690141,1,0.0404934829859503,0.247377380342483,0.977735416603313,96,"CAMK2A;CAMK2G;CAMK2B;HSPH1;MAPK1;UBB;DNAJC2;DNAJB1;POLR1B;DEDD2;CREBBP;NDC1;NUP88;HSPA4L;HSPA12A;HSPA1L;RPTOR;NUP58;NUP160;MLST8;NUP98;BAG1;SEH1L;POLR1A;HSPA8;CCAR2;SERPINA2;BAG5;ATM;MAPK3;COL4A6"
"Cellular Response To Hypoxia R-HSA-1234174",0.983838383838384,1,0.00759591053352814,0.145690812927827,0.559527874461414,72,"HIF1A;UBB;PSMD9;PSMB11;CA9;PSMA6;CREBBP;PSMB3;UBE2D3;EPX;PSMF1;PSMD13;PSMD5;PSMC3;HIF3A;UBE2D2;VEGFA"
"Cellular Senescence R-HSA-2559583",0.992007992007992,1,0.00409492237559551,0.151163516027954,0.62224092427237,160,"MAPK1;UBB;TNIK;CDKN2A;E2F2;SCMH1;MAPK9;MAPK8;H2BC1;MAPK14;CXCL8;MAPK10;H2BC3;TNRC6A;ANAPC16;CDK6;AGO4;MDM2;H2AZ2;CCNE1;TNRC6C;RB1;H1-0;MAPK11;H2AC20;EP400;H1-2;IL1A;RBBP7;CBX6;ANAPC5;RAD50;H1-3;RNF2;H2AC14;EHMT2;RPS6KA3;TP53;ATM;MAPK3;SUZ12;CDC23;CCNA2;CCNE2;ANAPC10;H2BC14;ACD;HMGA1;ANAPC4;H1-5;UBE2D1;H2BC9;EED;MDM4;ANAPC15;MINK1;AGO1;MAPK7;CDC16;TXN2;MRE11;MAP2K6;TERF2"
"Chaperonin-mediated Protein Folding R-HSA-390466",0.916916916916917,1,0.0138978052489646,0.185302805395545,0.726190855933268,85,"GNG13;RGS11;TUBA4A;RGS9BP;GNB1;TUBB2A;KIFC3;GNA14;GNG2;NOP56;TUBA3C;CCNE1;DCAF7;TUBA4B;FBXW5;GNG4;GNB4;CCT6B;TP53;AP3M1;GNG3;HDAC3;TUBA8;FBXW9;FBXO6;CCNE2;GNG10;XRN2;CCT6A;GNAQ;GNG11;USP11;SPHK1;TCP1;GNB5"
"Chemokine Receptors Bind Chemokines R-HSA-380108",0.708333333333333,1,0.0301329841082956,0.238022567186965,0.880676650188562,53,"CCL20;CCL22;CXCL8;CCL17;ACKR3;CCR3;CXCL5;CCL1;CXCL1;CCL28;CX3CR1;CCL21;CCR8;CCR6;CCR5;CXCL11;CXCL16;CCR2;CXCR6;ACKR2;CCL27;CCL11;CXCL10;CXCR5;CCR7;CCL7;CXCL2;CCL25;CNOT6"
"Cholesterol Biosynthesis R-HSA-191273",0.769799366420275,1,0.0278699114874201,0.241144679625992,0.797915411896472,26,"SREBF2;SH3D19;LMBR1;ARV1;SQLE;MSMO1;IDI2;NSDHL;IDI1;PLPP6"
"Chondroitin Sulfate Biosynthesis R-HSA-2022870",0.701810436634718,1,0.0328701032730105,0.268249743803517,0.840161997557838,20,"CHST9;CHSY3;VCAN;CSPG5;CHPF2"
"Chondroitin Sulfate/Dermatan Sulfate Metabolism R-HSA-1793185",0.621814475025484,1,0.0365314928349125,0.256674436850526,0.939379899803889,50,"IDS;ARSB;DSEL;CHST9;HEXB;CHSY3;GPC6;GPC2;VCAN;CSPG5;CHPF2;GPC3;SDC1;XYLT2"
"Chromatin Modifying Enzymes R-HSA-3247509",0.994005994005994,1,0.00354273909070668,0.155271210670307,0.656877459017336,234,"CHD3;PBRM1;TADA2A;PHF21A;ING3;SUPT3H;NCOA1;KMT2D;H2BC1;H2BC3;MTA3;PADI3;AEBP2;CREBBP;RUVBL1;BRPF3;ING5;DPEP3;HCFC1;SUDS3;BRMS1L;ENY2;GDNF;SMARCD2;KDM4D;ASH1L;H2AZ2;KAT2A;TAF9;SMYD2;SUV39H1;H2AC20;KAT8;SETD2;EP400;BRD1;OGT;KDM6A;KDM2A;VPS72;TRRAP;RBBP7;COPRS;SMARCC2;CLOCK;NSD3;JADE1;KDM3A;PADI6;JAK2;REST;CARM1;H2AC14;EHMT2;PRDM9;KMT2A;DNMT3A;KDM5C;PAX3;SETDB2;MECOM;NSD1;ELP6;H2AC21;NCOR1;HDAC3;TAF6L;SUV39H2;PRMT7;SUZ12;KAT14;SETD1B;SAP30L;JADE2;KDM5B;TADA3;H2BC14;SAP18;KDM7A;TADA2B;ATXN7L3;MSL3;MSL1;TBL1XR1;KDM5D;UTY;SETD6;H2BC9;EED;PADI1"
"Citric Acid Cycle (TCA Cycle) R-HSA-71403",0.616862326574173,1,0.0390355298112393,0.293014382432857,0.909383888616201,19,"NNT;ACO2;SDHD;CS"
"Class A/1 (Rhodopsin-like Receptors) R-HSA-373076",0.701298701298701,1,0.029777461260706,0.219127647680947,0.940570046593921,318,"HTR6;GPNMB;GNRHR;CHGA;SUCNR1;LPAR3;GNRH2;CCL20;PLPPR3;FSHB;CCKAR;QRFP;CCL22;RXFP2;FPR2;ADORA2B;CXCL8;MC1R;SSTR1;ADRA1B;P2RY14;CHRM1;OXT;ADRA2B;MCHR2;PLPPR2;HRH3;CCL17;PROK1;CHRM5;NPFFR2;NTS;C5AR2;PTGDR;ACKR3;TSHR;TAAR1;SFTPA2;BDKRB2;P2RY6;C5;GPR39;CCL23;CCR3;UTS2R;HRH2;LPAR4;ADRA2C;PLPPR4;CXCL5;PTGDR2;UTS2B;MC2R;DRD2;LHB;GPR183;CCL1;CXCL1;CCL28;NMUR2;NTSR2;AVPR1A;AGTR2;HTR1E;F2RL1;HTR1F;FFAR3;NLRP3;CX3CR1;MRLN;LPAR5;ADORA1;LPAR6;OPN1LW;EDNRA;CYSLTR2;RXFP4;GPR35;F2R;NPSR1;PENK;CYSLTR1;NPS;EDN3;RXFP1;NPW;BDKRB1;CCL21;TRHR;NPY2R;RXFP3;NMUR1;PMCH;HTR2C;GHSR;CCR8;HCRTR1;AGXT;CCR6;SSTR2;CHRM4;CCR5;PRLHR;CCKBR;NPB;S1PR4;CXCL11;MTNR1B;PTGER1;LHCGR;OPN5;AVPR2;XK;CXCL16;HTR1A;RHO;HTR7;GPR31;CCR2;CXCR6;OXGR1;RLN2;GAL;ACKR2;CCL27;PYY;ADRB2;POMC;PNOC;ADRA1A;HCAR1;P2RY1;LTB4R2;CCL11;PTAFR;F2RL2;PROKR2;INSL3;CXCL10;P2RY2;PTGER2;TAC3;DRD1;FFAR2;GPHA2;HRH4;CXCR5;GPR143;CCR7;TAAR6;OPN3;MC5R;PDYN;MCHR1;INSL5;CCL7;HTR2A;P2RY10;CXCL2;S1PR3;CCL25;NPY;CNOT6;P2RY13;UTS2"
"Class B/2 (Secretin Family Receptors) R-HSA-373080",0.796389167502508,1,0.0232958000490367,0.21098691232071,0.831437545005588,91,"GNG13;WNT4;GNB1;GIPR;GNG2;FZD7;GCG;GLP2R;UCN3;WNT7B;IAPP;CRHR2;RAMP1;FZD4;VIPR1;ADM2;FZD6;CALCA;CRH;WNT8B;GNG4;GNB4;SMOX;CYSLTR2;SCTR;SHH;RAMP2;ADGRE2;GNG3;CD55"
"Class C/3 (Metabotropic Glutamate/Pheromone Receptors) R-HSA-420499",0.372689938398357,1,0.0605092988656667,0.305868036077755,1.07934926490776,39,"TAS2R14;UBD;GABBR2;TAS2R1;GRM2;TAS2R42;TAS1R1;TAS2R50;TAS1R2;TAS2R30;TAS2R19;GRM5"
"Class I MHC Mediated Antigen Processing And Presentation R-HSA-983169",0.927072927072927,1,0.0127958872528513,0.194512025481896,0.843977220860294,374,"FBXL16;UBB;FBXO9;KLHL9;CUL3;FBXL18;LNX1;UBR1;TRIM4;ASB14;FBXL22;FGG;ASB9;KLHL3;RNF111;CD207;FBXO27;PSMD9;PSMB11;RNF182;HECTD2;LTN1;KLHL13;ATG7;RNF41;UBE2L6;SMURF1;PSMA6;CYBB;RBCK1;TRIM71;UBE2Q1;ASB6;ASB11;FBXO41;NEDD4L;LRSAM1;NEDD4;TRIM32;CUL7;TRIM63;ASB13;DZIP3;RBBP6;UBR2;TLR4;CBLB;ERAP1;S100A8;TRIM39;TRIM69;PSMB3;SEC24D;ASB12;KLHL11;KCTD7;TRAF7;UBE2D3;GAN;KBTBD7;PIK3R4;UBA1;ASB15;FBXL14;UBR4;UNKL;ASB5;UBE2E2;THOP1;TRIM37;ZNRF2;FGA;FBXW8;SEC14L3;HERC6;PSMF1;ANAPC5;PSMD13;UBE2U;FBXW5;SPSB4;SEC31A;TRAIP;FBXO40;WWP1;KLHL25;LNPEP;BTRC;UBE2A;FBXO2;HERC3;PSMD5;PSMC3;RNF6;UBE2D4;ASB2;HERC4;CBLL2;FBXO17;RNF25;UBE2D2;UBE2E3;FBXO22;ZBTB16;UBE2Q2;MIB2;FBXO10;UBE2R2;PJA2;LONRF1;FBXL12;FBXL13;PSMB9;SEC24C;FBXL20;FBXW9;CDC23;IKBKB;KLHL5;PSMA4;UBE2H;RNF14;FBXO44;FBXO15;BTK;UBE3D;TRIM36;SEC24A;TRIM21;FBXO6;ANAPC10;CHUK;SMURF2;UBE4A;ASB4;PSME4;FBXO11;RNF115;ERAP2;UBE3A;HERC1;UBE2M;NDUFA2;ASB17;ANAPC4;KLHL22;UBE2D1;SEC24B;LMO7;HERC2;KLHL42;UBOX5;LRR1;HSPA5;HACE1;AREL1;UBE2W;TRIM11;UBE2G1;SEC13;S100A9;HLA-G;CDC16;FBXO31;RNF19B;FBXO21"
"Clathrin-mediated Endocytosis R-HSA-8856828",0.672344689378757,1,0.0319980480340634,0.227649376308675,0.92906189013434,139,"PIP5K1C;PACSIN1;AMPH;SGIP1;DNM1;SYT1;NECAP1;UBB;STON2;SH3GL2;REPS2;CBL;ARRB1;VAMP4;GRK2;FCHO2;SNX9;SH3GL3;HBEGF;EPGN;AREG;FZD4;ITSN1;ARRB2;EGF;STON1;SNAP91;GRK3;UBQLN2;VAMP7;NLRP3;COPS4;EPS15L1;COPS5;PACSIN3;SLC2A8;HSPA8;TOR1B;SYT12;COPS8;AGFG1;DVL2;DAB2;AP2A1;RAB5B;AP2M1;EGFR;EPN1;CD3D;AVPR2;ARPC3;FNBP1L;SH3KBP1;REPS1;STAM2;EREG;SYT9;ADRB2;M6PR"
"Cleavage Of Damaged Purine R-HSA-110331",0.777777777777778,1,0.271288554688953,-0.155515352525688,-0.846990371505092,34,"H2AJ;H2AC6;H2AC19;H2BC4;H2BC17;TERF2IP;H4C15;H2AB1;H3-4"
"Cleavage Of Damaged Pyrimidine R-HSA-110329",1,1,NA,-0.125556681928825,-0.720364276899783,39,"H2AJ;H2AC6;H2AC19;H2BC4;H2BC17;TERF2IP;H4C15;H2AB1;H3-4"
"Collagen Biosynthesis And Modifying Enzymes R-HSA-1650814",0.968686868686869,1,0.00954760674075313,0.170322722157844,0.649455462169253,67,"COL3A1;PCOLCE2;ADAMTS2;COL8A2;COL6A5;COL4A5;CRTAP;P4HA3;COL9A1;PLOD2;COL19A1;COL6A6;COL22A1;COL5A1;P3H3;COL4A6;P3H2;COL17A1;P3H1;COL26A1;COL4A3;TLL1;COL9A3;COL24A1;COL7A1;COL12A1;COL18A1;COL2A1;COL28A1;COL23A1;COL25A1;COL6A1;COL15A1"
"Collagen Chain Trimerization R-HSA-8948216",0.782208588957055,1,0.0253415500976615,0.227963793970534,0.820357318728038,44,"COL3A1;COL8A2;COL6A5;COL4A5;COL9A1;COL19A1;COL6A6;COL22A1;COL5A1;COL4A6;COL17A1;COL26A1;COL4A3;COL9A3;COL24A1;COL7A1;COL12A1;COL18A1;COL2A1;COL28A1;COL23A1;COL25A1;COL6A1;COL15A1;COL4A4"
"Collagen Degradation R-HSA-1442490",0.842051282051282,1,0.0213630317196063,0.214546361439016,0.761124998130462,40,"MMP2;MMP7;CTSK;ELANE;COL9A1;ADAM17;COL19A1;MMP19;MMP10;MMP13;COL17A1;MMP15;TMPRSS6;COL26A1;PHYKPL;COL9A3;FURIN;COL12A1;COL18A1;COL23A1;COL25A1;COL15A1;MMP3"
"Collagen Formation R-HSA-1474290",0.883650952858576,1,0.016838053046391,0.19367525373461,0.762195817276125,90,"COL3A1;PCOLCE2;ADAMTS2;COL8A2;COL6A5;COL4A5;CRTAP;P4HA3;MMP7;LAMB3;LOXL4;COL9A1;PXDN;LOXL1;PLOD2;COL19A1;COL6A6;COL22A1;LAMC2;COL5A1;P3H3;LOX;COL4A6;MMP13;P3H2;LAMA4;COL17A1;P3H1;COL26A1;COL4A3;TLL1;LOXL2;COL9A3;COL24A1;COL7A1;COL12A1;COL18A1;CTSV;COL2A1;COL28A1;COL23A1;CD151;COL25A1;COL6A1;COL15A1;MMP3;CTSS;COL4A4"
"Common Pathway Of Fibrin Clot Formation R-HSA-140875",0.25635593220339,1,0.0808589150280032,0.367463454986321,1.1756124299533,22,"SERPIND1;F8;FGG;F5;FGA;THBD;SERPINE2;F2R;PROCR;F13A1"
"Condensation Of Prophase Chromosomes R-HSA-2299718",0.707186725903289,1,0.143902565267782,-0.1702315023674,-0.973588440573882,40,"H2AJ;H3-3B;H2AC6;H2AC19;NCAPD3;H2BC4;H2BC17;H4C15;H2AB1;H3-4"
"Constitutive Signaling By AKT1 E17K In Cancer R-HSA-5674400",0.545454545454545,1,0.261663521711573,-0.188095579892756,-0.961981614473698,26,"PRR5;CDKN1B;RPS6KB2"
"Constitutive Signaling By Aberrant PI3K In Cancer R-HSA-2219530",0.623363544813696,1,0.0358449292332649,0.242632198966055,0.940610944706166,78,"VAV1;FLT3;FGF9;FGF10;NRG2;FGF13;FRS2;KLB;PIK3R2;HBEGF;EPGN;KL;FGFR1;NRG3;AREG;FGFR2;FGF20;ERBB4;CD86;EGF;IRS2;ESR1;FGF23;FGF17;FGF7;NRG4;PIK3R3;CD28;EGFR;FGFR3;FGF18;ICOS;SOS1;CLSTN1;EREG"
"Constitutive Signaling By Ligand-Responsive EGFR Cancer Variants R-HSA-1236382",0.842794759825327,1,0.0248493879589072,0.240955904657292,0.725146492239568,17,"UBB;CBL;EGF;EGFR;PLCG1;SOS1"
"Constitutive Signaling By NOTCH1 HD+PEST Domain Mutants R-HSA-2894862",0.943147208121827,1,0.0127010968624207,0.175115927460439,0.650612356963565,56,"HDAC4;UBB;NEURL1;PSEN2;CREBBP;HES5;MAML2;KAT2A;CCNC;ADAM17;DLL4;APH1A;HEYL;NCOR1;MIB2;HDAC3"
"Conversion From APC/C:Cdc20 To APC/C:Cdh1 In Late Anaphase R-HSA-176407",0.514376996805112,1,0.0472587336673259,0.312115975526165,0.977551656712292,20,"ANAPC16;ANAPC5;CDC23;ANAPC10;ANAPC4;UBE2D1;ANAPC15;CDC16;CDC14A;FZR1;ANAPC2;UBE2C"
"Cooperation Of PDCL (PhLP1) And TRiC/CCT In G-protein Beta Folding R-HSA-6814122",0.448665297741273,1,0.0518457624865066,0.295687438755393,1.03145932155368,37,"GNG13;RGS11;RGS9BP;GNB1;GNA14;GNG2;GNG4;GNB4;CCT6B;GNG3;GNG10;CCT6A;GNAQ;GNG11;TCP1;GNB5;CCT2;GNG12;GNB2;CCT5;GNGT2;PDCL;GNGT1;CCT8;GNG8;RGS6;RGS7"
"Costimulation By CD28 Family R-HSA-388841",0.97883064516129,1,0.00801915843678622,0.158215921674709,0.601791310390372,65,"AKT3;RICTOR;TRIB3;VAV1;PIK3R2;PPP2R5C;PPP2R5E;HLA-DQA2;MAP3K8;CD86;PPP2R1B;BTLA;MLST8;TNFRSF14;PIK3R3;CD28;AKT2;MAPKAP1;ARHGEF7;CD3D;HOXC13;ICOS;PTPN6;THEM4;CD3E;PDCD1LG2;CTLA4;PPP2R5B"
"Cristae Formation R-HSA-8949613",0.163933050179095,1,0.249246554383295,-0.236180655783055,-1.24724845481854,29,"ATP5MC1;ATP5MG;ATP5MC2;ATP5F1A"
"Cross-presentation Of Soluble Exogenous Antigens (Endosomes) R-HSA-1236978",0.994913530010173,1,0.00699634910626994,0.12888166303435,0.469794114066615,48,"CD207;PSMD9;PSMB11;PSMA6;PSMB3;PSMF1;PSMD13;PSMD5;PSMC3"
"Cyclin A/B1/B2 Associated Events During G2/M Transition R-HSA-69273",0.17515923566879,1,0.102821842840815,0.379558266668582,1.2404619964325,25,"CDC25C;CDC25B;CCNB2;CCNB1;FOXM1;PPP2R1B;MNAT1;CDC25A"
"Cyclin A:Cdk2-associated Events At S Phase Entry R-HSA-69656",0.944834503510532,1,0.0114177828322783,0.17602676445536,0.687702861408361,83,"AKT3;UBB;LIN54;CDC25B;PSMD9;E2F4;PSMA6;RBL2;PSMB3;CABLES1;CCNE1;RB1;PSMF1;MNAT1;PSMD13;CDC25A;LIN52;PSMD5;PSMC3"
"Cyclin D Associated Events In G1 R-HSA-69231",0.585641025641026,1,0.0395979123961192,0.263645236511318,0.954380601163142,46,"UBB;CDKN2A;E2F2;E2F4;CDK6;RBL2;CCNE1;CCND2;RB1;RBL1;PPP2R1B;MNAT1;JAK2"
"Cyclin E Associated Events During G1/S Transition R-HSA-69202",0.963819095477387,1,0.00954760674075313,0.16597565549964,0.647053332612466,81,"AKT3;UBB;LIN54;PSMD9;E2F4;PSMA6;RBL2;PSMB3;CABLES1;CCNE1;RB1;PSMF1;MNAT1;PSMD13;CDC25A;LIN52;PSMD5;PSMC3"
"Cytoprotection By HMOX1 R-HSA-9707564",0.932048681541582,1,0.013628036219219,0.17957880315926,0.668835912377479,57,"NCOA1;STAP2;CREBBP;COX7A2L;COX20;COX5A;SCO2;LRPPRC;NLRP3;CARM1;SCO1;NCOR1;NCOA6;HDAC3;ALB;CHD9;TBL1XR1;LIN9;COX19;SIN3A;PPARA;MBD4;RXRA;CYCS;SMARCD3;BLVRB"
"Cytosolic Sensors Of Pathogen-Associated DNA R-HSA-1834949",0.624748490945674,1,0.0356933083353341,0.244799981790595,0.927591187761101,62,"UBB;POLR3H;CRCP;IRF7;CREBBP;TRIM32;POLR1D;AIM2;NLRP4;TLR3;POLR3G;ZBP1;POLR3C;NKIRAS1;RIPK1;POLR2K;POLR3D;NFKBIB;CGAS;NLRC3;IKBKB;TRIM21;CHUK;DDX41"
"Cytosolic Sulfonation Of Small Molecules R-HSA-156584",0.69376979936642,1,0.0330162512586498,0.26509755335685,0.84118271592099,21,"SULT1E1;BPNT2;SULT4A1;PODXL2;SULT1A2;TPST1;PAPSS2;ABHD14B;SULT6B1;SULT1B1;SULT2B1;SULT2A1;SLC26A2;PAPSS1"
"Cytosolic tRNA Aminoacylation R-HSA-379716",0.74789029535865,1,0.0292811015816512,0.250064970156811,0.808648340203652,23,"MARS1;WARS1;NARS1;GARS1;EEF1E1;TARS1;RARS1;CARS1;LARS1;AIMP2;HARS1;FARSA;QARS1;AARS1;IARS1;YARS1;AIMP1;DARS1"
"DAP12 Signaling R-HSA-2424491",0.886363636363636,1,0.227987202850442,-0.14944055206515,-0.772525307460389,28,"RNASE1;B2M"
"DDX58/IFIH1-mediated Induction Of Interferon-Alpha/Beta R-HSA-168928",0.622736418511066,1,0.0358449292332649,0.242723763941039,0.936474798723414,74,"UBB;TRIM4;IFNA6;NLRX1;TAX1BP1;UBE2L6;CASP8;IRF7;CREBBP;RNF135;TANK;TRAF3;AGER;UBE2D3;TRAF6;RNF125;RNF216;NKIRAS1;OTUD5;RIPK1;TKFC;ATG5;NFKBIB;UBE2D2;SIKE1;ISG15;IFNA8;IFIH1;IKBKB;S100A12;TOMM70;HOXC13;CHUK"
"DNA Damage Bypass R-HSA-73893",0.960081883316274,1,0.0118236229287788,0.163319238515345,0.59374789379843,47,"UBB;REV1;POLR1B;UBE2L6;USP32;RFC2;POLE2;POLE;SPRTN;POLR1A;RFC3;ISG15;RFC5;SLC19A1;REV3L;PCLAF;DTL;CUL4B;USP1"
"DNA Damage Recognition In GG-NER R-HSA-5696394",0.609278350515464,1,0.0380056241581377,0.26793356577896,0.927380859184726,35,"UBB;INO80;RUVBL1;XPC;INO80C;NFRKB;ACTR5;INO80E;COPS4;COPS5;CETN2;ACTR8;COPS8"
"DNA Damage/Telomere Stress Induced Senescence R-HSA-2559586",0.991894630192503,1,0.00683906706351732,0.13547500092725,0.506124995426291,58,"H2BC1;H2BC3;H2AZ2;CCNE1;RB1;H1-0;H2AC20;EP400;H1-2;RAD50;H1-3;H2AC14;TP53;ATM;CCNA2;CCNE2;H2BC14;ACD;HMGA1;H1-5;H2BC9;MRE11;TERF2;H1-1;H2BC21;LMNB1;H2BC11;POT1;CABIN1;HIRA;H2BC13;H2AC7;H2BC15;CCNA1;H2BC5;ASF1A;TERF1"
"DNA Double Strand Break Response R-HSA-5693606",0.774847870182556,1,0.025411808387565,0.224375530709332,0.83567999205378,57,"UBB;ABRAXAS1;MAPK8;H2BC1;EYA2;H2BC3;PPP5C;CNKSR3;PIAS4;UIMC1;UBE2I;BRCC3;RAD50;EYA1;EYA3;SUMO1;CHEK2;TP53;ATM"
"DNA Double-Strand Break Repair R-HSA-5693532",0.997995991983968,1,0.00323243877654383,0.140562144703075,0.574666788814372,144,"RBBP8;UBB;ABRAXAS1;PALB2;MAPK8;RAD17;H2BC1;EYA2;H2BC3;SLX4;POLR1B;PPP5C;RHNO1;XRCC3;LRIG3;SPIDR;RMI1;RFC2;POLE2;CNKSR3;POLE;ERCC1;PIAS4;UIMC1;UBE2I;BRCC3;RAD50;EYA1;RAD51D;EYA3;POLM;POLR1A;RFC3;SUMO1;CHEK2;TP53;SERPINA2;ATM;TIMELESS;RAD9B;LIG4;CLSPN;RFC5;CCNA2;TDP1;WRN;SLX1A"
"DNA Methylation R-HSA-5334118",0.714915233615324,1,0.143902565267782,-0.185067549066074,-0.986444213555125,31,"H2AJ;H3-3B;H2AC6;H2AC19;H2BC4;H2BC17;H4C15;H2AB1"
"DNA Repair R-HSA-73894",0.999000999000999,1,0.0014426950408889,0.149438367476042,0.639997555838056,300,"RBBP8;OGG1;UBB;REV1;ABRAXAS1;PALB2;AQR;MAPK8;INO80;RAD17;H2BC1;RNF111;EYA2;H2BC3;FANCI;SLX4;POLR1B;UBE2L6;PPP5C;RHNO1;XRCC3;RUVBL1;USP32;PIAS3;LRIG3;SPIDR;RMI1;FANCB;RFC2;LRIG1;H2AZ2;POLE2;CNKSR3;POLE;XPC;INO80C;SPRTN;MLH1;H2AC20;PARG;ERCC1;ERCC3;NFRKB;PIAS4;UIMC1;FANCD2;ACTR5;UBE2I;INO80E;MNAT1;BRCC3;NEIL3;RAD50;EYA1;RAD51D;POLR2K;EYA3;MSH3;POLM;COPS4;COPS5;ASCC1;CETN2;H2AC14;DCLRE1B;POLR1A;RFC3;ACTR8;SUMO1;COPS8;XAB2;CHEK2;PMS2;TP53;SERPINA2;NEIL1;ATM;XPA;TIMELESS;RAD9B;LIG4;ISG15;FANCG;CLSPN;ALKBH2;FANCM;RFC5;HMGN1;CCNA2;GTF2H4;TDP1;WRN;SLX1A;SMUG1;GTF2H5;ASCC2;H2BC14;SLC19A1;GTF2H1;REV3L;TCEA1;ACD;FAN1;ERCC2;PCLAF;POLR2D;DTL;RAD51B;RAD51AP1;HERC2;H2BC9"
"DNA Replication Pre-Initiation R-HSA-69002",0.98998998998999,1,0.00502537209391229,0.146424293006319,0.594523221854919,123,"MCM6;UBB;ORC5;ORC6;H2BC1;PSMD9;H2BC3;ORC3;POLR1B;PSMA6;CDC6;ANAPC16;PSMB3;H2AZ2;POLE2;CDT1;POLE;H2AC20;GMNN;PSMF1;ANAPC5;PSMD13;PRIM1;KPNA1;MCM4;H2AC14;PSMD5;PSMC3;POLR1A"
"DNA Replication R-HSA-69306",0.995995995995996,1,0.00354273909070668,0.143930890471855,0.590374336164234,151,"MCM6;UBB;ORC5;ORC6;H2BC1;PSMD9;PSMB11;H2BC3;ORC3;POLR1B;PSMA6;GINS1;CDC6;ANAPC16;PSMB3;RFC2;GINS3;LRIG1;H2AZ2;POLE2;CDT1;CCNE1;POLE;GINS4;H2AC20;GMNN;PSMF1;ANAPC5;PSMD13;PRIM1;KPNA1;MCM4;H2AC14;PSMD5;PSMC3;POLR1A;RFC3;GINS2;PSMB9;RFC5;SLC25A15;CDC23;PSMA4;CCNA2;CCNE2;ANAPC10;PSME4;H2BC14;SLC19A1;ANAPC4;UBE2D1;DBF4;MCM7;H2BC9;KPNA6;ANAPC15"
"DNA Strand Elongation R-HSA-69190",0.604578563995838,1,0.0387962208304479,0.271155182978699,0.925009248369389,31,"MCM6;POLR1B;GINS1;RFC2;GINS3;LRIG1;GINS4;PRIM1;MCM4;POLR1A;RFC3;GINS2;RFC5;SLC19A1;MCM7;PRIM2;MCM8;RPA3;RFC4;POLA1;MCM3"
"Deactivation Of Beta-Catenin Transactivating Complex R-HSA-3769402",0.756646216768916,1,0.0270967423183296,0.232470174561198,0.828064267677492,41,"UBB;PYGO1;KMT2D;CHD8;SOX6;TCF7;SOX13;BTRC;TLE1;SOX7;BCL9L;AKT2;LEF1"
"Deadenylation Of mRNA R-HSA-429947",0.979830148619958,1,0.0132626420191661,0.164388508289771,0.537250048519547,25,"EIF4A2;NLRP4;TUT4;CNOT10;CNOT4;CNOT11;PARN;TUT7;PAIP1;EIF4A3;CNOT6;CNOT7;CNOT6L;CNOT2;CNOT9"
"Deadenylation-dependent mRNA Decay R-HSA-429914",0.909552845528455,1,0.0157010498237903,0.188135528557249,0.696096042612241,53,"LSM4;EIF4A2;LSM6;DCPS;NLRP4;TUT4;CNOT10;EXOSC8;EXOSC1;NT5C3B;CNOT4;CNOT11;XRN1;EXOSC4;EDC4;PARN;EXOSC9;TUT7;PAIP1;LSM7"
"Death Receptor Signaling R-HSA-73887",0.502004008016032,1,0.0455878202571231,0.245820493619174,1.00268840539246,138,"PLEKHG5;ARHGEF11;UBB;CASP3;VAV3;ABR;FASLG;ARHGEF6;ARHGEF33;MAPK8;SMPD2;PSEN2;MCF2;VAV1;TAX1BP1;CASP8;ARHGEF17;RBCK1;AKAP13;USP4;ARHGEF9;KALRN;ARHGEF4;GNA13;TANK;FGD1;TIAM1;NGEF;PRDM4;MCF2L;TIAM2"
"Dectin-1 Mediated Noncanonical NF-kB Signaling R-HSA-5607761",0.314665867541674,1,0.203508959461977,-0.183854274263912,-1.14705379319936,60,"FBXW11;PSMB7;PSMB6;RPS27A;UBA3;PSMD4;PSME1;RELA;PSMD3;UBA52;NFKB2;SEM1"
"Dectin-2 Family R-HSA-5621480",0.959183673469388,1,0.206587922696891,-0.130811845473806,-0.666807181533893,27,"CLEC10A;MUC5B;MUC5AC;CLEC4E"
"Defective B3GALT6 Causes EDSP2 And SEMDJL1 R-HSA-4420332",0.712460063897764,1,0.0321428397352941,0.265304111923228,0.830936236781617,20,"GPC6;GPC2;VCAN;CSPG5;GPC3;SDC1;SDC3"
"Defective B3GALTL Causes PpS R-HSA-5083635",0.817248459958932,1,0.0231538258045259,0.222615481734304,0.776559243515794,37,"ADAMTS2;SPON1;THSD7A;ADAMTS17;ADAMTS5;ADAMTS19;SEMA5B;ADAMTSL3;ADAMTS12;B3GLCT;ADAMTS6;ADAMTSL1;CFP;ADAMTS8;THSD1;THSD7B;ADAMTS16;ADAMTSL5;ADAMTSL2;ADAMTSL4;ADAMTS7;ADAMTS15;SEMA5A;SPON2;ADAMTS18"
"Defective B3GAT3 Causes JDSSDHD R-HSA-3560801",0.210162563760821,1,0.249246554383295,-0.269517481302435,-1.24062157029086,20,"HSPG2;B3GAT3;BGN;DCN;GPC4;CSPG4"
"Defective B4GALT7 Causes EDS, Progeroid Type R-HSA-3560783",0.779552715654952,1,0.0276588991389961,0.247769219599762,0.776016705629202,20,"GPC6;GPC2;VCAN;CSPG5;GPC3;SDC1;SDC3"
"Defective C1GALT1C1 Causes TNPS R-HSA-5083632",0.815817984832069,1,0.0261841515946199,0.246802092527585,0.754132936387588,18,"MUC17;MUC19;MUC15;MUC13;C1GALT1;MUC4;C1GALT1C1;MUC7;MUC12"
"Defective CFTR Causes Cystic Fibrosis R-HSA-5678895",0.984833164812942,1,0.00759591053352814,0.143577047758117,0.538511216334082,59,"UBB;PSMD9;PSMB11;PSMA6;PSMB3;ERLIN1;SEL1L;PSMF1;PSMD13;DERL1;PSMD5;PSMC3;DERL3"
"Defective GALNT12 Causes CRCS1 R-HSA-5083636",0.79585152838428,1,0.0278699114874201,0.257155599941495,0.773898782528523,17,"MUC17;MUC19;MUC15;MUC13"
"Defective GALNT3 Causes HFTC R-HSA-5083625",0.707423580786026,1,0.0336769978828608,0.282360938169401,0.849753170191999,17,"MUC17;MUC19;MUC15;MUC13;GALNT3"
"Defective HDR Thru Homologous Recombination (HRR) Due To BRCA1 Loss-Of-Function R-HSA-9701192",0.779193205944798,1,0.0275182928235944,0.243960700096004,0.797305720010578,25,"RBBP8;PALB2;RMI1;RAD50;RAD51D;ATM;WRN;RAD51B;RAD51AP1;MRE11;RMI2;XRCC2;BRCA2"
"Defective Homologous Recombination Repair (HRR) Due To BRCA2 Loss Of Function R-HSA-9701190",0.550769230769231,1,0.0424170054438747,0.272390116669241,0.966331592155956,40,"RBBP8;PALB2;RAD17;POLR1B;RHNO1;RMI1;RFC2;RAD50;RAD51D;POLR1A;RFC3;SERPINA2;ATM;RAD9B;RFC5;WRN;RAD51B;RAD51AP1;MRE11;RMI2;HUS1;XRCC2;BRCA2"
"Defective Intrinsic Pathway For Apoptosis R-HSA-9734009",0.28042328042328,1,0.0760837160951725,0.356755960670054,1.16009073541437,24,"CDC25C;CDK5R1;CDKN2A;CAPNS2;FASLG;CDC25B"
"Defective Pyroptosis R-HSA-9710421",0.98870636550308,1,0.00906269502060309,0.15205133273677,0.536559806386433,39,"DNMT1;H2BC1;H2BC3;DNMT3B;H2AZ2;GSDME;H2AC20;RBBP7;PRIM1;H2AC14;DNMT3A"
"Defective TPR May Confer Susceptibility Towards Thyroid Papillary Carcinoma (TPC) R-HSA-5619107",0.746097814776275,1,0.0287155399266326,0.244374991129628,0.833652244378641,31,"NDC1;NUP88;NUP58;NUP160;NUP98;SEH1L;MAP4K2;RNASE7;NUP155;RANBP2;NUP153;SEC13;NUP205;NUP85;NUP107;NUP37"
"Defects In Vitamin And Cofactor Metabolism R-HSA-3296482",0.146779303062302,1,0.11378726182188,0.408683064485383,1.29679480546532,21,"MMACHC;MTRR;CBLIF;MMAB;CD320;SP8;AMN;MCCC1;CUBN;MMUT;TCN2;MTR;ABCD4;MMADHC;HLCS;ACACA"
"Defects Of Contact Activation System (CAS) And Kallikrein/Kinin System (KKS) R-HSA-9651496",0.950947603121516,1,0.0190041999938594,0.201234361719362,0.586534791651353,15,"F8;F9;TPST1;GP5;GP1BA;FAM110A;KLKB1;ZNF160"
"Defensins R-HSA-1461973",0.231006160164271,1,0.0847985102819124,0.333275639119848,1.1760654062075,39,"DEFB115;DEFB128;DEFB107A;DEFB135;DEFB132;DEFB131A;DEFB118;DEFB124;DEFB129;DEFB121;DEFB126;DEFB106A;DEFB119;DEFB136;DEFB123;CCR6;DEFB127;CCR2;DEFB125;DEFA5"
"Degradation Of AXIN R-HSA-4641257",0.975609756097561,1,0.00942834302346016,0.15693661805727,0.58066097141972,53,"AXIN2;UBB;PSMD9;PSMB11;PSMA6"
"Degradation Of Beta-Catenin By Destruction Complex R-HSA-195253",0.958876629889669,1,0.00989821417740655,0.16990379038475,0.663781574201176,83,"AXIN2;TLE5;UBB;CSNK1A1;PSMD9;PSMB11;PSMA6;PSMB3;PPP2R5C;PPP2R5E;TCF7;PPP2R1B;AMER1;PSMF1;PSMD13;BTRC;PSMD5;PSMC3;TLE1"
"Degradation Of DVL R-HSA-4641258",0.903846153846154,1,0.0158662282151999,0.189982514077136,0.705642158117767,54,"UBB;CUL3;KLHL12;PSMD9;PSMB11;PSMA6;DACT1;PSMB3;PSMF1;PSMD13;HECW1;PSMD5;PSMC3"
"Degradation Of Extracellular Matrix R-HSA-1474228",0.995991983967936,1,0.00382852089890286,0.133917067690763,0.538010385899204,109,"CASP3;CAPNS2;MMP24;MMP2;MMP16;CAPN7;SCUBE3;CTRB2;ACAN;OPTC;MMP7;LAMB3;LAMB1;CTSK;ELANE;COL9A1;CAPN6;ADAM8;ADAMTS5;ADAM17;COL19A1;ERC2;CAPN8;LAMC2;MMP19;CAPN10;MMP10;MMP13;LAMA4;CAPN15;COL17A1;MMP15;CAPN2;CTRB1;TPSAB1;TMPRSS6;COL26A1;TLL1;PHYKPL;PLG;ADAMTS8;COL9A3;CTSG;FURIN;COL12A1;COL18A1;CTSV"
"Degradation Of GLI1 By Proteasome R-HSA-5610780",0.976697061803445,1,0.00893801210835004,0.155926687507408,0.582531046033381,58,"UBB;PRKCA;PSMD9;PSMB11;PSMA6;NUMB;PSMB3;PRKACG;PSMF1;PSMD13;BTRC;PSMD5;PSMC3"
"Degradation Of GLI2 By Proteasome R-HSA-5610783",0.971631205673759,1,0.00954760674075313,0.16124932939706,0.602416058645429,58,"UBB;PRKCA;CSNK1A1;PSMD9;PSMB11;PSMA6;PSMB3;PRKACG;PSMF1;PSMD13;BTRC;PSMD5;PSMC3"
"Deposition Of New CENPA-containing Nucleosomes At Centromere R-HSA-606279",0.914634146341463,1,0.0152836130945825,0.187289624953591,0.684862853242995,49,"CENPQ;OIP5;H2BC1;MIS18BP1;H2BC3;RUVBL1;H2AZ2;H2AC20;CENPO;CENPU;CENPP;RBBP7;CENPH;H2AC14"
"Deregulated CDK5 Triggers Neurodegenerative Pathways In Alzheimers Disease Models R-HSA-8862803",0.428722280887012,1,0.0552495663125249,0.329765747232503,1.04638176913444,21,"CDC25C;CDK5R1;CAPNS2;FASLG;CDC25B"
"Detoxification Of Reactive Oxygen Species R-HSA-3299685",0.864389233954451,1,0.0203426159572209,0.213945133107991,0.737963538771237,34,"GPX2;CYBB;NOX5;NOX4;GPX8;TXNRD2"
"Deubiquitination R-HSA-5688426",0.992007992007992,1,0.00409492237559551,0.166364832692478,0.708861284027325,260,"OTUB1;HIF1A;AXIN2;UBB;ABRAXAS1;USP26;TRIM4;IDE;TNIP3;INO80;MBD6;UCHL3;H2BC1;PSMD9;PSMB11;TAF9B;H2BC3;USP24;PTEN;ARRB1;PSMA6;USP12;RUVBL1;RNF135;USP4;USP20;USP32;TANK;HCFC1;SUDS3;ATXN3;TNIP1;MDM2;RNF128;PSMB3;KAT2A;OTUB2;TRAF3;CNKSR3;TRAF6;INO80C;H2AC20;AREG;NFRKB;UIMC1;OGT;ARRB2;ACTR5;INO80E;UCHL1;TRRAP;PSMF1;SMAD3;PSMD13;CDC25A;OTUD5;BRCC3;RIPK1;NLRP3;USP28;H2AC14;PSMD5;PSMC3;ESR1;ACTR8;BIRC3;ASXL1;TP53;H2AC21;CLSPN;ASXL2;RHOT1;MBD5;IFIH1;PSMB9;SENP8;PSMA4;CCNA2;USP37;TOMM70;USP2;ATXN3L;SMURF2;TADA3;PSME4;STAMBPL1;H2BC14;ZRANB1;TADA2B"
"Digestion And Absorption R-HSA-8963743",0.698513800424628,1,0.0329431471724691,0.26047678533298,0.851283140252614,25,"ALPP;RSC1A1;CHIT1;SLC2A2;LCT;PNLIPRP2;TREH;GUCY2C;GUCA2A;PNLIPRP1"
"Digestion R-HSA-8935690",0.623003194888179,1,0.0384786917635432,0.289006617912728,0.905172821305074,20,"ALPP;CHIT1;LCT;PNLIPRP2;TREH;GUCY2C;GUCA2A;PNLIPRP1"
"Disassembly Of Destruction Complex And Recruitment Of AXIN To Membrane R-HSA-4641262",0.946596858638743,1,0.014944717875289,0.184054633856915,0.621255817182298,29,"CSNK1A1;CSNK1G2;PPP2R5C;PPP2R5E;PPP2R1B;AMER1;WNT8B;DVL2;WNT1;PPP2R5B;LRP6;FRAT1;PROC;CAV1;FRAT2;LRP5;PPP2R1A;DVL3;GSK3B;CTNNB1;FZD2;WNT3A"
"Diseases Associated With Glycosaminoglycan Metabolism R-HSA-3560782",0.701538461538462,1,0.0310617758113358,0.244638053382074,0.867878330232124,40,"HEXB;ACAN;GPC6;GPC2;OMD;VCAN;CSPG5;GPC3;SDC1;ST3GAL3;SDC3;B4GALT1;PRELP;PAPSS2;EXT1;CHST14;KERA"
"Diseases Associated With Glycosylation Precursor Biosynthesis R-HSA-5609975",0.848383500557414,1,0.0256225253207008,0.246513759052243,0.718509975480928,15,"GFPT1;SRD5A3;DPM1;GALT;SLPI;DHDDS;GALE;GNE;NUS1;GALK1"
"Diseases Associated With N-glycosylation Of Proteins R-HSA-3781860",0.894907908992416,1,0.0210003441275487,0.220699653025501,0.674373850283464,18,"ALG9;GLB1;DPAGT1;B4GALT1;ALG3;ALG13;MAN1B1;MOGAT2;MOGS;ALG14;CTSA;ALG8;ALG12;RFT1"
"Diseases Associated With O-glycosylation Of Proteins R-HSA-3906995",0.872104733131923,1,0.0180135486781383,0.199116193967207,0.762382696085387,68,"ADAMTS2;SPON1;THSD7A;MUC17;MUC19;MUC15;MUC13;ADAMTS17;POMT2;GALNT3;ADAMTS5;POMT1;NOTCH4;ADAMTS19;C1GALT1;SEMA5B;ADAMTSL3;MUC4;ADAMTS12;B3GLCT;DAG1;NOTCH2;ADAMTS6;ADAMTSL1;C1GALT1C1;CFP;ADAMTS8;MUC7;THSD1;MUC12;POMGNT1;THSD7B;ADAMTS16"
"Diseases Associated With TLR Signaling Cascade R-HSA-5602358",0.931321540062435,1,0.0157010498237903,0.183538006566045,0.626115096292331,31,"FGG;TLR4;S100A8;TLR3;TRAF3;FGA;IRAK4;IKBKB;BTK;CHUK;UNC93B1;NDUFA2;TICAM1;S100A9"
"Diseases Of Carbohydrate Metabolism R-HSA-5663084",0.152806652806653,1,0.110122263835536,0.366727395956099,1.25725352807825,32,"IDS;ARSB;UBB;GYS1;KHK;GBE1;G6PC1;GLB1;LCT;GALNS;GYS2;G6PC3;NHLRC1"
"Diseases Of DNA Repair R-HSA-9675135",0.382262996941896,1,0.0589694466690997,0.29176632806287,1.06780958550016,50,"RBBP8;OGG1;PALB2;RAD17;POLR1B;RHNO1;RMI1;RFC2;MLH1;NEIL3;RAD50;RAD51D;MSH3;POLR1A;RFC3;PMS2;SERPINA2;NEIL1;ATM;RAD9B;RFC5;WRN;RAD51B;RAD51AP1;MRE11;RMI2;HUS1;XRCC2;MUTYH;BRCA2;MSH2;RPA3;RFC4;NTHL1"
"Diseases Of Glycosylation R-HSA-3781865",0.929859719438878,1,0.0127958872528513,0.186702537431132,0.762276336621271,140,"ADAMTS2;SPON1;THSD7A;HEXB;MUC17;ACAN;GFPT1;MUC19;ALG9;GPC6;MUC15;GPC2;MUC13;ADAMTS17;OMD;VCAN;CSPG5;SRD5A3;POMT2;GLB1;DPAGT1;GALNT3;ADAMTS5;POMT1;DPM1;NOTCH4;GPC3;SDC1;ADAMTS19;C1GALT1;ST3GAL3;SEMA5B;ADAMTSL3;SDC3;B4GALT1;ALG3;MUC4;PRELP;ADAMTS12;B3GLCT;DAG1;PAPSS2;NOTCH2;EXT1;CHST14;KERA;ALG13;GALT;SLPI;ADAMTS6;ADAMTSL1;C1GALT1C1;CFP;LUM;ADAMTS8;CHST6;DHDDS;MUC7;THSD1;MUC12;POMGNT1;THSD7B"
"Diseases Of Metabolism R-HSA-5668914",0.664335664335664,1,0.0324330694656715,0.223127972427471,0.946729250730764,241,"IDS;ARSB;UBB;CYP24A1;ADAMTS2;GYS1;SPON1;THSD7A;HPRT1;CYP21A2;HEXB;CYP26C1;MMACHC;MUC17;FMO3;KHK;ACAN;MTRR;GFPT1;MUC19;ALG9;SFTPA2;CBLIF;GPC6;GBE1;MUC15;GCLM;GPC2;CYP11A1;G6PC1;MUC13;ADAMTS17;PRNP;OMD;VCAN;CSPG5;SRD5A3;MMAB;POMT2;MC2R;GLB1;TBXAS1;DPAGT1;LCT;GALNT3;ADAMTS5;POMT1;DPM1;NOTCH4;GPC3;SDC1;GALNS;ADAMTS19;C1GALT1;GYS2;FDXR;G6PC3;ST3GAL3;CD320;NHLRC1;SP8;SEMA5B;ADAMTSL3;AMN;SDC3;B4GALT1;SFTPD;ALG3;MUC4;PRELP;SFTPB;MCCC1;CUBN;MMUT;TPMT;ADAMTS12;NAGLU;B3GLCT;DAG1;TCN2;PAPSS2;NOTCH2;SGSH;EXT1;CHST14;KERA;SFTPA1;ALG13;FDX1;GALT;SLPI;ADAMTS6;MTR;ADAMTSL1;SPAM1;CYP27B1;C1GALT1C1;CYP7B1;CFP;POMC;FDX2;LUM;ADAMTS8;CHST6;DHDDS;ABCD4;ALDOB;MUC7;THSD1;MUC12;POMGNT1;THSD7B;SLC34A2;CYP2R1;MMADHC;HLCS;GYG2;ADAMTS16"
"Diseases Of Mitotic Cell Cycle R-HSA-9675126",0.95360824742268,1,0.0130773356900516,0.173860558459547,0.607735479558087,38,"E2F2;ANAPC16;CDK6;CCNE1;CCND2;RB1;ANAPC5;CDC23;CCNE2;ANAPC10;ANAPC4;UBE2D1;ANAPC15;CDC16;FZR1;ANAPC2;UBE2C"
"Diseases Of Programmed Cell Death R-HSA-9645723",0.672708962739174,1,0.0322153154599285,0.235857491579641,0.903058996557745,68,"CDC25C;CDK5R1;DNMT1;CDKN2A;CAPNS2;FASLG;CDC25B;H2BC1;H2BC3;CASP8;TANK;DNMT3B;H2AZ2;GSDME;H2AC20;FOXO3;RBBP7;ERC2;PRIM1;CDC25A;RIPK1;H2AC14;DNMT3A;BCL2L11;TP53;GOLGA2"
"Diseases Of Signal Transduction By Growth Factor Receptors And Second Messengers R-HSA-5663202",0.998001998001998,1,0.00204130030921835,0.166525764893595,0.725824315987953,421,"CAMK2A;CNKSR2;HDAC4;AKT3;CAMK2G;DUSP9;CALM1;CAMK2B;RICTOR;MAPK1;KIAA1549;UBB;NEURL1;SPRED2;FGG;CSNK1A1;PSMD9;HHAT;PSMB11;PSEN2;CBL;PTEN;ARRB1;GTF2F2;ATG7;BCL11A;ZFYVE9;VAV1;PSMA6;FLT3;CREBBP;NOX4;FGF9;HES5;FGF10;NRG2;MAML2;STAT5A;FGF13;FRS2;EML4;AKAP9;MDM2;PSMB3;KLB;PIK3R2;MRAS;SEL1L;ZC3HAV1;KAT2A;HBEGF;KSR2;EPGN;PPP2R5C;CCNC;MYO18A;KL;FGFR1;RNASEH2A;SPTBN1;NRG3;ARAF;PPP2R5E;AREG;FGFR2;FOXO3;CASP9;FZD4;FGF20;ERBB4;ADAM17;CREB1;ARRB2;FGA;DLL4;PPFIBP1;CD86;PPP2R1B;EGF;AMER1;MAP2K1;PSMF1;SMAD3;APH1A;PSMD13;CLCN6;DKK2;FZD6;SEC31A;DUSP8;KLC1;TRAK1;MLST8;POLR2K;JAK2;IRS2;PSMD5;HEYL;CNKSR1;PSMC3;ESR1;VCL;FGF23;SHH;FGF17;BCL2L11;FGF7;KREMEN2;CPSF6;NRG4;PIK3R3;MAPK3;CD28;AKT2;SPRED1;NCOR1;BCL2A1;MIB2;HDAC3;MAPKAP1;RNASE3"
"Disorders Of Transmembrane Transporters R-HSA-5619115",0.995004995004995,1,0.00323243877654383,0.151227073018793,0.627680893543512,174,"UBB;ABCB6;PSMD9;PSMB11;HEPH;SLC9A7;SLC35A2;PSMA6;NDC1;NUP88;SLC26A4;ABCA1;SLC2A2;SLC3A1;PSMB3;ERLIN1;SLC22A5;SEL1L;SLCO1B1;SLC35C1;NUP58;NUP160;AVPR1A;PSMF1;PSMD13;SLC12A1;NLRP3;SLC3A2;NUP98;DERL1;SLC1A3;SEH1L;PSMD5;SLC4A1;PSMC3;DERL3;SLC22A12;SLC5A7;SLC5A2;SLC6A14;PSMB9;SLC1A1;RHAG;DERL2;PSMA4;AVPR2;MAP4K2;PSME4;ABCB4;RNASE7;SLC36A2;NUP155;ABCA12;RANBP2;SLC26A3;ABCD4;NUP153;SEC13;SLC22A18;PSMA8;SLC34A2;SLC24A5;NUP205;TAC4;PSMD7;NUP85;RNF5;SLC40A1;ABCG5;ABCC8;BSG;CFTR;ABCG8;PSMB10;NUP107;SLC6A18;SLC17A8;NUP37;SLC12A3;SLC6A19;PSMC2;ABCC6;ABCD1;PSMD6;SLC35A3;SLC2A10;PSMD2;SLC12A6;SLC2A9;ABCB11;PSMA7;ABCC9;SLC7A9;NUP133;PSMD11;PSME2"
"Downregulation Of ERBB2 Signaling R-HSA-8863795",0.493736951983299,1,0.0482149710025564,0.298067515669506,1.00142196826476,28,"AKT3;UBB;RNF41;NRG2;HBEGF;NRG3;ERBB4;EGF;NRG4;AKT2;EGFR"
"Downregulation Of SMAD2/3:SMAD4 Transcriptional Activity R-HSA-2173795",0.867708333333333,1,0.0204893625108019,0.212266480499062,0.720731435358538,30,"MAPK1;UBB;RNF111;NEDD4L;UBE2D3;TGIF2;SMAD3;MAPK3;NCOR1;ATP1B4"
"Downregulation Of TGF-beta Receptor Signaling R-HSA-2173788",0.290870488322718,1,0.0743625384422526,0.3501764800237,1.14443724102364,25,"UBB;PPP1CA;PMEPA1;ZFYVE9;SMURF1;NEDD4L"
"Downstream Signal Transduction R-HSA-186763",0.994780793319415,1,0.0102389179310485,0.129454246449281,0.43492940177759,28,"SYNGAP1;STAT5A;PIK3R2;CRK;PLCG1;SOS1;GRB7;PIK3CA;STAT6;PDGFA;STAT5B;RAPGEF1;NCK2;SRC;HRAS;PDGFRA;PDGFRB;STAT1"
"Downstream Signaling Events Of B Cell Receptor (BCR) R-HSA-1168372",0.588116817724068,1,0.0385579101998489,0.246966639790878,0.95741424820992,78,"CALM1;UBB;PPP3CB;PPP3R1;PRKCB;PSMD9;PPP3CA;PSMB11;NFKBIE;RASGRP1;PSMA6"
"Downstream Signaling Of Activated FGFR1 R-HSA-5654687",0.278125,1,0.0756946307932749,0.337319598038475,1.14533786727532,30,"FLRT3;FLRT2;FGF9;FGF10;FGF13;FRS2;KL;FGFR1;FGF20;FGF23;FGF17"
"Downstream Signaling Of Activated FGFR2 R-HSA-5654696",0.608376963350785,1,0.0387962208304479,0.274659565583718,0.927082623718668,29,"FGF9;FGF10;FGF13;FRS2;FGFR2;FGF20;FGF23;FGF17;FGF7;FGF18;PLCG1;SOS1;FGF16"
"Downstream Signaling Of Activated FGFR3 R-HSA-5654708",0.592592592592593,1,0.0404934829859503,0.283932208564351,0.923284152064603,24,"FGF9;FGF13;FRS2;FGF20;FGF23;FGF17;FGFR3;FGF18;PLCG1;SOS1;FGF16"
"Downstream Signaling Of Activated FGFR4 R-HSA-5654716",0.723336853220697,1,0.0309900819310557,0.25151916839098,0.832243204195144,26,"FGF9;FGF13;FRS2;KLB;FGF20;FGF23;FGF17;FGF18;PLCG1;SOS1;FGF16;PIK3CA;FGF19;PIGU;FGFR4"
"Drug ADME R-HSA-9748784",0.514056224899598,1,0.0445961615888961,0.254900537851512,0.994695874598766,82,"SULT1E1;VAV3;GSTA1;HPRT1;CYP2E1;ADH1A;GSTA2;VAV1;NT5C2;UGT2B7;ABCG2;BCHE;XDH;SLCO1B1;UGT2B11;CYP2C9;SLC29A1;UGT2A3;ABCC5;ADAL;GGT6;SLC28A2;UGT3A2;NUDT15;ACSM2A;UGT2B10;TPMT;ALB;SLC29A2;GUK1;UGT2B28;CYP2C19;ACSM4;GSTT1;PON1;PON3;GSTM1;PCK1;GLYATL1"
"Dual Incision In GG-NER R-HSA-5696400",0.9435318275154,1,0.013628036219219,0.17851961025986,0.629961249225199,39,"UBB;POLR1B;RFC2;POLE2;POLE;ERCC1;ERCC3;POLR1A;RFC3;XPA;RFC5;GTF2H4;GTF2H5;SLC19A1;GTF2H1;ERCC2"
"Dual Incision In TC-NER R-HSA-6782135",0.920362903225806,1,0.0141641602737639,0.187416379408908,0.707712602663682,61,"UBB;AQR;POLR1B;RFC2;POLE2;POLE;ERCC1;ERCC3;MNAT1;POLR2K;POLR1A;RFC3;XAB2;XPA;RFC5;HMGN1;GTF2H4;GTF2H5;SLC19A1;GTF2H1;TCEA1;ERCC2;POLR2D;CUL4B"
"E2F Mediated Regulation Of DNA Replication R-HSA-113510",0.351694915254237,1,0.0647943366000727,0.343753416156047,1.09975776744112,22,"ORC5;ORC6;ORC3;CCNB1;RB1;PPP2R1B;PRIM1;PPP2R3B;SLC25A15"
"E3 Ubiquitin Ligases Ubiquitinate Target Proteins R-HSA-8866654",0.336623069128559,1,0.203508959461977,-0.164981261526619,-1.01606679392484,53,"HLA-B;RPS27A;HLA-A;RNF144A;H2BC4;PEX5;UBE2E1;UBA52;H2BC17;VCP;UBE2V2;BCL10;PEX10"
"ECM Proteoglycans R-HSA-3000178",0.977687626774848,1,0.00893801210835004,0.156175296107996,0.580319187265599,55,"LAMA2;VTN;TGFB2;IBSP;ASPN;ACAN;LMNB2;LAMB1;COL9A1;VCAN;HAPLN1"
"EGFR Downregulation R-HSA-182971",0.536458333333333,1,0.0443293451680314,0.283718923318653,0.963341674865784,30,"UBB;SH3GL2;CBL;SH3GL3;HBEGF;EPGN;AREG;EGF;EPS15L1;EGFR;EPN1;ARHGEF7;SH3KBP1;STAM2;EREG"
"EGR2 And SOX10-mediated Initiation Of Schwann Cell Myelination R-HSA-9619665",0.456544502617801,1,0.0519512476197082,0.302844794711562,1.02221871014777,29,"SREBF2;LAMA2;PLPPR3;PRX;UTRN;LAMB1;NAB2;EGR2;ADGRV1;DRP2;POU3F1"
"EML4 And NUDC In Mitotic Spindle Formation R-HSA-9648025",0.220100502512563,1,0.0862865626267245,0.288021923226308,1.13969329178419,95,"CENPQ;DYNLL1;CLIP1;AURKB;SGO2;MAD1L1;EML4;SPDL1;CKAP5;NUDC;RANGAP1;MAD2L1;DYNC1I1;PPP2R5C;PPP2R5E;NUP160;SPC25;CENPO;CLASP1;CENPU;CENPP;BUB1B;PPP2R1B;KIF18A;BUB1;SKA2;NDC80;NDEL1;SGO1;NUP98;CENPH;SKA1;CENPF;SEH1L;ZWILCH;SPC24"
"EPH-Ephrin Signaling R-HSA-2682334",0.785785785785786,1,0.0239329549624917,0.213638484956358,0.837822360481452,87,"EPHB6;DNM1;VAV3;EFNB2;EPHA5;MMP2;SYNGAP1;PSEN2;ARHGEF28;KALRN;TIAM1;NGEF;GPRIN1;EFNB1;EPHA6;EFNB3;EPHA1;GIT1;ITSN1;EPHB2;VPS72"
"EPH-ephrin Mediated Repulsion Of Cells R-HSA-3928665",0.516260162601626,1,0.0449543067640062,0.271763181590584,0.993757705460944,49,"EPHB6;DNM1;VAV3;EFNB2;EPHA5;MMP2;PSEN2;TIAM1;EFNB1;EPHA6;EFNB3;EPHA1;EPHB2;APH1A"
"EPHB-mediated Forward Signaling R-HSA-3928662",0.483256946535326,1,0.203508959461977,-0.198740864520422,-1.05101202728869,30,"RNASE1;ARPC5;RHOA;CDC42;PTK2;YES1;FYN"
"ER Quality Control Compartment (ERQC) R-HSA-901032",0.947816826411076,1,0.0161121851693944,0.181318748729094,0.567892889539923,20,"UBB;SEL1L;UGGT2;RNF139;DERL2;EDEM1;TRIM13;MAN1B1;RNF5;SYVN1"
"ERBB2 Regulates Cell Motility R-HSA-6785631",0.535117056856187,1,0.0475434194201301,0.329737806113693,0.961081863733515,15,"DIAPH1;NRG2;HBEGF;NRG3;ERBB4;EGF;NRG4;EGFR;EREG"
"ERCC6 (CSB) And EHMT2 (G9a) Positively Regulate rRNA Expression R-HSA-427389",0.982617586912065,1,0.00930780437504605,0.156670494244992,0.558064011129727,41,"CHD3;H2BC1;H2BC3;MTA3;DPEP3;H2AZ2;H2AC20;RBBP7;H2AC14;EHMT2"
"ERK/MAPK Targets R-HSA-198753",0.25,1,0.0822054920415869,0.369627283896399,1.18253508886934,22,"MAPK1;RPS6KA5;MAPK14;DUSP3;MEF2C;MAPK11;PPP2R1B;RPS6KA3;MAPK3;MAPK7;VRK3;RPS6KA2;DUSP7"
"ESR-mediated Signaling R-HSA-8939211",0.971028971028971,1,0.0078803141868031,0.171098432946524,0.713911220593528,185,"GNG13;POU2F1;AKT3;CALM1;MAPK1;PMEPA1;MMP2;NCOA1;GNB1;STAG2;GPAM;H2BC1;H2BC3;TNRC6A;GTF2F2;UHMK1;GNG2;PPP5C;CREBBP;EBAG9;MYB;AGO4;GDNF;MMP7;PIK3R2;H2AZ2;HBEGF;TNRC6C;EPGN;NR5A2;TBP;H2AC20;AREG;FOXO3;ERBB4;CREB1;EGF;PGR;ZDHHC21;POLR2K;GNG4;CARM1;CXXC5;GNB4;H2AC14;ESR1;NCOA3;PIK3R3;MAPK3;AKT2;FOSB;TFF3;GNG3"
"Early Phase Of HIV Life Cycle R-HSA-162594",0.523809523809524,1,0.190023305279108,-0.223694856255916,-0.933802875303638,15,"CXCR4;FEN1;XRCC6"
"Early SARS-CoV-2 Infection Events R-HSA-9772572",0.616889804325438,1,0.0373806494758473,0.266667373525318,0.926316675726326,36,"MAP1LC3B;TMPRSS2;UVRAG;ISCU;GPC6;GPC2;RB1;PIK3R4;GPC3;SDC1;CHMP4C;SDC3;CHMP2A"
"Effects Of PIP2 Hydrolysis R-HSA-114508",0.460650577124869,1,0.05163559644842,0.302910620715833,1.00954484982105,27,"DGKI;ITPR1;MGLL;RASGRP1;DGKG;DGKK;PRKCH;DGKZ;PRKCE;TRPC7"
"Eicosanoid Ligand-Binding Receptors R-HSA-391903",0.812709030100334,1,0.0278699114874201,0.259487060316348,0.756323063111477,15,"PTGDR;PTGDR2;CYSLTR2;CYSLTR1;PTGER1;LTB4R2;PTGER2;PTGER4;LTB4R"
"Elastic Fibre Formation R-HSA-1566948",0.992813141683778,1,0.00855469372683394,0.143156423308344,0.5051713877857,39,"VTN;TGFB2;LOXL4;MFAP2;LOXL1;FBN1;FBN2;ITGA5;LOX;FBLN2;ITGB6;BMP10;LOXL2;SMIM6;FURIN;BMP7;EFEMP1;BMP4;FBLN1;LTBP3;FBLN5;EFEMP2;TGFB3;MFAP4;MFAP5;ITGA8;TGFB1"
"Elevation Of Cytosolic Ca2+ Levels R-HSA-139853",0.658862876254181,1,0.0380056241581377,0.29882455389569,0.870979468724864,15,"ITPR1;ORAI2;TRPC7;TRPC6;STIM1;P2RX6;ORAI1;P2RX4;TRPC3"
"Endogenous Sterols R-HSA-211976",0.51311647429171,1,0.0466948041282054,0.293488852621893,0.978143846340327,27,"NCOA1;CYP39A1;NR1H4;CYP21A2;CYP8B1;CYP11A1;ARNT2;AHR;FDXR;FDX1;CYP7B1;POMC;FDX2;CYP7A1;RXRA;PTGIS;CYP51A1;CYP11B1;CYP1B1;CYP4V2"
"Endosomal Sorting Complex Required For Transport (ESCRT) R-HSA-917729",0.970772442588727,1,0.012605799966357,0.167182782084181,0.561686537087636,28,"UBB;VPS36;VPS37A;MVB12A;CHMP4C;VPS4A;CHMP2A;VPS4B;STAM2;CHMP2B;VPS37B;VPS28;CHMP7;CHMP5;STAM;VPS37D;HGS"
"Energy Dependent Regulation Of mTOR By LKB1-AMPK R-HSA-380972",0.602094240837696,1,0.0392758570896778,0.27630726256114,0.932644240455645,29,"RRAGD;STK11;PRKAG2;CAB39;RPTOR;PRKAG3;RHEB;LAMTOR3;MLST8;PRKAA2;PRKAB2;PRKAA1;STRADB;CAB39L;PRKAG1"
"Ephrin Signaling R-HSA-3928664",0.505958829902492,1,0.0487989701682839,0.320338809627233,0.978833058784089,18,"EPHB6;EFNB2;EFNB1;EFNB3;GIT1;EPHB2"
"Epigenetic Regulation Of Gene Expression R-HSA-212165",0.856713426853707,1,0.0188532541830902,0.199113777700036,0.800811230721511,110,"CHD3;DNMT1;H2BC1;H2BC3;MTA3;POLR1B;AEBP2;MYBBP1A;DPEP3;SUDS3;DPEP2;POLR1D;DNMT3B;H2AZ2;KAT2A;DDX56;TET1;PHF1;TBP;SUV39H1;H2AC20;ERCC3;RBBP7;MNAT1;PHF19;POLR2K;H2AC14;EHMT2;POLR1A;DNMT3A;POLR1H;BAZ2A;SUZ12;SAP30L;GTF2H4;GTF2H5;TAF1C;H2BC14;SAP18;GTF2H1;ERCC2;H2BC9;EED;POLR1G;SAP30BP;DNMT3L;UBTF"
"Estrogen-dependent Nuclear Events Downstream Of ESR-membrane Signaling R-HSA-9634638",0.286772486772487,1,0.0749278818393739,0.355073315212922,1.15461914805213,24,"AKT3;MAPK1;UHMK1;HBEGF;EPGN;AREG;FOXO3;CREB1;EGF;MAPK3;AKT2;EGFR"
"Export Of Viral Ribonucleoproteins From Nucleus R-HSA-168274",0.721649484536082,1,0.0299195667151671,0.244919084610147,0.847722346605409,35,"PBRM1;BLOC1S6;NDC1;NUP88;NUP58;NUP160;NUP98;SEH1L;RNASE7;NUP155;RANBP2;NUP153;SEC13;NUP205;NUP85;NUP107;NUP37"
"Expression And Translocation Of Olfactory Receptors R-HSA-9752946",0.597402597402597,1,0.0374584205912161,0.224395065078956,0.973653368321401,373,"OR51I2;OR3A1;OR6C6;OR51M1;OR6B3;OR6C75;OR2A5;OR2D3;OR2L2;OR5B2;OR10J4;OR4K15;OR8J1;OR2AG2;OR52I1;OR2L5;OR5D14;OR4P4;OR5P3;OR9A2;OR52L1;OR4K13;OR5B12;OR4C11;OR6K3;OR4E2;OR4Q2;OR4D5;OR10Z1;OR8H3;OR8H2;OR10V1;OR2M2;OR8J3;OR13D1;OR4C45;OR5M3;OR6B2;OR9A4;OR2V2;OR10AG1;OR5H2;OR2D2;OR52E5;OR11A1;RTP1;OR5J2;OR8K1;OR1L1;OR8D1;OR8I2;OR5K4;OR51L1;OR52R1;OR6C3;OR52H1;OR1D2;OR52E8;OR5AC2;OR12D3;OR10H2;OR10Q1;OR2W3;OR51F1;OR52B6;OR2C3;OR56A3;OR8U1;OR2T5;OR2AK2;OR6C68;OR10G2;OR2L13;OR4S2;OR7G3;OR13J1;OR6C65;OR2W1;OR4K1;OR5K2;OR4D10;OR4C6;OR52N1;OR2T10;OR3A2;OR7A5;OR10H1;OR6J1;OR52A5;OR6M1;OR6X1;OR2T3;OR1Q1;OR6N2;OR5AL1;OR1I1;OR10J1;OR52B2;OR7G2;OR4K2;OR13A1;OR2A7;OR52N5;OR9I1;OR9G9;OR5C1;OR52W1;OR10W1;OR10G8;OR56A1;LDB2;OR2F2;OR5T3;OR52N2;OR4C3;OR51B5;OR5K1;OR1J2;OR8K5;OR1G1;OR4A15;OR10A5;OR4D1;OR5D13;OR6C2;OR6C1;OR2B2;OR2T6;OR5M8;OR5D18;OR8U3;OR2K2;OR13H1;OR2B6;OR1J1;OR7G1;REEP1;LHX2;OR5T1;OR8S1;OR6V1;OR2J1;OR5H1;OR5M10;OR51D1;OR2L8;OR6C76;OR11H1;OR8B4;OR5M9;OR51A2;OR5AU1;OR2A12;OR52E1;OR6A2;OR52I2;OR4D2;OR13C4;OR52K1;OR5B21;OR8D2;OR4C15;OR8U9;OR11H7;OR51G2;OR10G6;OR6P1;OR51V1;OR5M1;OR5AR1;OR5H14;OR1N1;OR5AN1;OR2T1;OR51F2;OR1J4;OR2AE1;OR52E6;OR2AT4;OR4K17;OR10R2;OR1S1;OR5H15;OR52E2;OR4K14;OR13F1;OR51B4;OR5K3;OR5A2;OR8B12;OR4F17;OR5T2;OR8B8;OR8D4;OR1L8;OR10G7;OR13C5;OR51I1;OR10K2;OR52K2;OR6Q1;OR10X1;OR5P2;OR10P1;OR1B1"
"Extension Of Telomeres R-HSA-180786",1,1,0.00651414071836222,0.113576060310451,0.4156669026479,50,"DKC1;POLR1B;RUVBL1;RFC2;LRIG1;PRIM1;PIF1;POLR1A;RFC3;GAR1;RFC5;CCNA2;WRN;SLC19A1;ACD;CHTF8;PPP6R3;TERT;TERF2;ANKRD28;DSCC1;PRIM2;SHQ1;RPA3;RFC4;POT1;POLA1"
"Extra-nuclear Estrogen Signaling R-HSA-9009391",0.754527162977867,1,0.0263947139776277,0.222207656398182,0.856336927843174,73,"GNG13;AKT3;CALM1;MAPK1;MMP2;GNB1;UHMK1;GNG2;MMP7;PIK3R2;HBEGF;EPGN;AREG;FOXO3;CREB1;EGF;ZDHHC21;GNG4;GNB4;ESR1;PIK3R3;MAPK3;AKT2;GNG3"
"Extracellular Matrix Organization R-HSA-1474244",1,1,0,0.137883374573086,0.591215941065124,290,"LAMA2;VTN;TGFB2;CASP3;PRKCA;ACTN1;CAPNS2;COL3A1;MMP24;PCOLCE2;MMP2;IBSP;ADAMTS2;COL8A2;MMP16;FGG;NRXN1;CAPN7;ITGAL;ITGB7;SCUBE3;COL6A5;ITGB2;ICAM1;ASPN;CTRB2;ACAN;LMNB2;COL4A5;FGF13;CEACAM8;CRTAP;ICAM5;P4HA3;OPTC;MMP7;LAMB3;LOXL4;LAMB1;CTSK;ELANE;MFAP2;COL9A1;PXDN;VCAN;LOXL1;CAPN6;ADAM8;HAPLN1;ADAMTS5;ADAM17;PLOD2;FGA;COL19A1;TNN;ERC2;SDC1;COL6A6;DDR2;FBN1;FBN2;COL22A1;NID2;CAPN8;LAMC2;MMP19;CAPN10;SDC3;ITGAE;ITGA5;COL5A1;P3H3;LOX;MMP10;COL4A6;DMTF1;MMP13;ITGA1;P3H2;LAMA4;CAPN15;ICAM4;DAG1;COL17A1;TNNI3;MMP15;CAPN2;DSPP;KDR;P3H1;CTRB1;TPSAB1;FBLN2;TMPRSS6;COL26A1;COL4A3;TLL1;ITGB6;BMP10;ICAM3;LOXL2;PHYKPL;SMIM6;PLG;LUM;TTR;ADAMTS8;ITGA9;COL9A3;CTSG;COL24A1;COL7A1;FURIN;MUSK;ITGA2B;COL12A1;COL18A1;CTSV;BMP7;ITGA3;MATN3;EFEMP1;ADAMTS16;FZR1;BMP4;ITGA2;FBLN1;COL2A1;COL28A1;CEACAM1;COL23A1;CD151;MATN1;COL25A1;COL6A1;LTBP3;FBLN5"
"FBXL7 Down-Regulates AURKA During Mitotic Entry And In Early Mitosis R-HSA-8854050",0.436358750343211,1,0.203508959461977,-0.15547330710941,-0.957510345319199,53,"PSMB7;PSMB6;RBX1;RPS27A;PSMD4;PSME1;PSMD3;UBA52;SEM1"
"FCERI Mediated MAPK Activation R-HSA-2871796",0.17696335078534,1,0.101350743797099,0.364066770195024,1.22886663642634,29,"MAPK1;VAV3;MAPK9;MAPK8;MAPK10;VAV1"
"FCGR3A-mediated IL10 Synthesis R-HSA-9664323",0.154479917610711,1,0.108820126769161,0.359536293690772,1.24891343088501,36,"PRKAR1B;ADCY1;CALM1;ITPR1;PRKCA;ADCY2"
"FCGR3A-mediated Phagocytosis R-HSA-9664422",0.900507614213198,1,0.016356070983033,0.193207037641045,0.717826687523822,56,"NCKIPSD;CYFIP2;MAPK1;VAV3;VAV1;MYH2;ABI1;NCKAP1;WASF3;WIPF2;CRK;WAS"
"FGFR1 Mutant Receptor Activation R-HSA-1839124",0.847916666666667,1,0.0218679438176212,0.219677174700246,0.745893770250344,30,"FGF9;STAT5A;FGF13;MYO18A;FGFR1;FGF20;FGF23;FGF17;CPSF6"
"FGFR2 Alternative Splicing R-HSA-6803529",0.1558417173382,1,0.249246554383295,-0.26364360327475,-1.33883147678683,25,"PTBP1;TIAL1;POLR2I;POLR2E;POLR2L;HNRNPA1;HNRNPH1;HNRNPF"
"FGFR2 Ligand Binding And Activation R-HSA-190241",0.432374866879659,1,0.0552495663125249,0.332778332523284,1.04226645152555,20,"FGF9;FGF10;FGF13;FGFR2;FGFBP3;FGF20;FGF23;FGF17;FGF7;FGF18;FGF16;FGFBP1;FGFBP2;FGF3"
"FGFR2 Mutant Receptor Activation R-HSA-1839126",0.820353063343718,1,0.0235793094960052,0.227487940612214,0.780702508518215,33,"GTF2F2;FGF9;FGF10;FGF13;FGFR2;FGF20;POLR2K;FGF23;FGF17;FGF7;FGF18;NCBP1;POLR2D;FGF16"
"FLT3 Signaling In Disease R-HSA-9682385",0.416050686378036,1,0.0566484183613995,0.318358892976977,1.05340689089476,26,"UBB;CBL;FLT3;NOX4;STAT5A;MYO18A;SPTBN1"
"FLT3 Signaling R-HSA-9607240",0.699279093717817,1,0.0314209215415833,0.249314422422893,0.866038105585784,36,"AKT3;UBB;CBL;SLA2;FLT3;STAT5A;FOXO3;SOCS2;SOCS6;GRB10;BCL2L11;AKT2;SEPSECS"
"FOXO-mediated Transcription Of Cell Cycle Genes R-HSA-9617828",0.90174672489083,1,0.0210003441275487,0.218454670745741,0.65742999089369,17,"RBL2;BTG1;FOXO3;SMAD3;CCNG2;FOXG1;MSTN;KLF4"
"FOXO-mediated Transcription Of Cell Death Genes R-HSA-9614657",0.186123348017621,1,0.101350743797099,0.417877571993804,1.23870396029182,16,"STK11;FASLG;CREBBP;BBC3;FOXO3"
"FOXO-mediated Transcription Of Oxidative Stress, Metabolic And Neuronal Genes R-HSA-9615017",0.476439790575916,1,0.0499913914024592,0.298262151105052,1.00675050954365,29,"TRIM63;INS;ABCA6;ATXN3;G6PC1;PLXNA4;FOXO3;SMAD3;NR3C1;IGFBP1"
"FOXO-mediated Transcription R-HSA-9614085",0.745967741935484,1,0.0270967423183296,0.226822617609087,0.862744272714788,65,"AKT3;STK11;YWHAG;FASLG;CREBBP;TRIM63;BBC3;INS;ABCA6;ATXN3;RBL2;G6PC1;PLXNA4;BTG1;FOXO3;SMAD3;NR3C1;CCNG2;IGFBP1;BCL2L11;AKT2;FOXG1;MSTN"
"FRS-mediated FGFR1 Signaling R-HSA-5654693",0.199152542372881,1,0.0949751525905595,0.383952604800526,1.22836556558596,22,"FGF9;FGF10;FGF13;FRS2;KL;FGFR1;FGF20;FGF23;FGF17"
"FRS-mediated FGFR2 Signaling R-HSA-5654700",0.435978835978836,1,0.0545680646670941,0.318979097955452,1.03724881185991,24,"FGF9;FGF10;FGF13;FRS2;FGFR2;FGF20;FGF23;FGF17;FGF7;FGF18;SOS1;FGF16"
"FRS-mediated FGFR3 Signaling R-HSA-5654706",0.40128068303095,1,0.0588438169595807,0.342295722571939,1.06233084077533,19,"FGF9;FGF13;FRS2;FGF20;FGF23;FGF17;FGFR3;FGF18;SOS1;FGF16"
"FRS-mediated FGFR4 Signaling R-HSA-5654712",0.554382259767687,1,0.0434506826723125,0.300055618328749,0.952108372020202,21,"FGF9;FGF13;FRS2;KLB;FGF20;FGF23;FGF17;FGF18;SOS1;FGF16"
"Factors Involved In Megakaryocyte Development And Platelet Production R-HSA-983231",0.198396793587174,1,0.0919686140000427,0.28156977399388,1.14435546831,130,"KIF3C;PRKAR1B;KIFC2;EHD3;KIF5A;PHF21A;PRKCA;AKAP10;IFNA6;KIF3B;CAPZA1;MYB;DOCK3;KIF1B;KIF3A;KIF4A;KIF19;DOCK8;ZFPM2;HBG2;IRF2;KIF9;CABLES1;PRKACG;AK3;KIF15;KLC4;KIF27;KIF18A;KIF16B;KIF22;CAPZA2;KIF23;KLC1;KIF25;EHD2;HBE1;JAK2;KIF26B;CARMIL1;TP53;ZFPM1;KIF2B;GATA1;ITPK1;DOCK6;KIF21B;IFNA8;DOCK7;HBD;KIF2A;KIFAP3;KIF11;DOCK11;KIF6;JMJD1C;KIF20A;CABLES2;RAD51B;GATA5;MICAL1;KIF13B;KLC3;SIN3A;NFE2;PRKAR2B;CDK5;CENPE"
"Fanconi Anemia Pathway R-HSA-6783310",0.618556701030928,1,0.0373029764832679,0.266186424939105,0.921333595309928,35,"UBB;FANCI;SLX4;POLR1B;FANCB;ERCC1;FANCD2;DCLRE1B;POLR1A;SERPINA2;FANCG;FANCM;SLX1A;FAN1;USP1;FANCA"
"Fatty Acid Metabolism R-HSA-8978868",0.999000999000999,1,0.0014426950408889,0.130664139711937,0.541546437260028,171,"PTGR1;ELOVL3;GPX2;ACBD5;ACBD7;PCTP;CYP4F2;OLAH;ACOT9;ACOT13;PRKAG2;SLC25A17;DPEP3;DPEP2;CYP4F11;CYP8B1;PPARD;ACOT12;SLC22A5;CBR4;EHHADH;CYP2C9;CYP1A1;TBXAS1;ALOX15B;PHYH;SLC27A3;CPT2;PTGES;ACSL6;HPGD;ACADM;ACOXL;DECR2;AMACR;ELOVL6;SLC25A20;SYCP2;ECI1;ACSBG1;PRKAA2;MMUT;PRKAB2;FAAH2;ALOX12B;CYP4B1;ACSL3;HACD4;PTGR2;ACSM6;CYP2C19;ACSL1;HADHB;CPT1A;ACSL5;CROT;PON1;ACBD4;PON3;THEM4;LTC4S;NUDT7;MCAT;MUSK;ACLY;RXRA;ACOT8;THRSP;HACD3;ALOX5;CRAT;ACADL;ACACA;HACD1;PTGIS;ACAD11;CYP4F8"
"Fatty acyl-CoA Biosynthesis R-HSA-75105",0.750585584888834,1,0.143902565267782,-0.17515789469398,-0.982875279212804,36,"ELOVL5;SCD;SCD5;ELOVL1;ELOVL4"
"Fc Epsilon Receptor (FCERI) Signaling R-HSA-2454202",0.826653306613226,1,0.0210730272985761,0.20764990557253,0.8433713664232,129,"CALM1;MAPK1;UBB;PPP3CB;ITPR1;VAV3;PPP3R1;MAPK9;MAPK8;PSMD9;PPP3CA;PSMB11;MAPK10;RASGRP1;VAV1;PSMA6"
"Fcgamma Receptor (FCGR) Dependent Phagocytosis R-HSA-2029480",0.868473895582329,1,0.0180905963991599,0.197405370002831,0.770333043706026,82,"NCKIPSD;CYFIP2;MAPK1;PLD3;ITPR1;VAV3;VAV1;MYH2;ABI1;PIK3R2;NCKAP1;WASF3;WIPF2;VPS72;CRK;WAS;PLD2;PRKCE;PRKCSH;MYO10;PLA2G6;MAPK3;LIMK1"
"Fertilization R-HSA-1187000",0.531847133757962,1,0.0455878202571231,0.295336209110595,0.965209760250128,25,"CATSPER3;ADAM20;ADAM30;ZP4;CATSPERB;CATSPER4;B4GALT1;ZP3;ACR;KCNU1;IZUMO1;SPAM1;ZP2;IZUMO3;ADAM2;OVGP1"
"Formation Of Cornified Envelope R-HSA-6809371",0.287588294651867,1,0.0723570851036907,0.291641220433726,1.11627286096935,70,"SPRR2B;LIPM;LCE2D;DSG3;KLK13;LIPK;DSG2;SPRR2G;LCE3C;PKP3;RPTN;PKP1;CASP14;LCE1A;SPRR2E;LIPJ;SPRR1B;CDSN;LCE2B;TGM1;LORICRIN;KLK12;PPL;KLK5;SPINK9;LCE1F;DSPP;PRSS8;EVPL;CSTA;KLK8;DSC3;PERP;SPRR2A;SPRR2F;TCHH;LCE2A;FURIN;LCE3E;TGM5"
"Formation Of Early Elongation Complex R-HSA-113418",0.531185031185031,1,0.0446854397644147,0.283818231586355,0.973015588498847,32,"GTF2F2;NELFCD;SUPT5H;ERCC3;SUPT4H1;MNAT1;POLR2K;NELFA;NCBP1;GTF2H4;GTF2H5;GTF2H1;ERCC2;NELFE;POLR2D"
"Formation Of Fibrin Clot (Clotting Cascade) R-HSA-140877",0.642710472279261,1,0.0353157046479879,0.260276362953138,0.907933329458034,37,"SERPIND1;F8;FGG;F5;F9;FGA;THBD;SERPINE2;PRCP;F2R;PROCR;F13A1;GP5;F3;GP1BA"
"Formation Of HIV Elongation Complex In Absence Of HIV Tat R-HSA-167152",0.731083844580777,1,0.0288567763564905,0.23986381891771,0.863181103981075,44,"GTF2F2;CCNK;NELFCD;SUPT5H;ERCC3;SUPT4H1;MNAT1;POLR2K;NELFA;ELOA;NCBP1;GTF2H4;CCNT1;GTF2H5;GTF2H1;TCEA1;ERCC2;NELFE;POLR2D"
"Formation Of HIV-1 Elongation Complex Containing HIV-1 Tat R-HSA-167200",0.723819301848049,1,0.0295645497308931,0.240345130421318,0.856821943655713,42,"GTF2F2;NELFCD;SUPT5H;ERCC3;SUPT4H1;MNAT1;POLR2K;NELFA;ELOA;NCBP1;GTF2H4;CCNT1;GTF2H5;GTF2H1;TCEA1;ERCC2;NELFE;POLR2D"
"Formation Of Incision Complex In GG-NER R-HSA-5696395",0.888205128205128,1,0.0180135486781383,0.201463907660731,0.714713665210377,40,"UBB;RNF111;POLR1B;PIAS3;XPC;ERCC1;ERCC3;UBE2I;MNAT1;CETN2;POLR1A;SUMO1;XPA;GTF2H4;GTF2H5;GTF2H1;ERCC2"
"Formation Of RNA Pol II Elongation Complex R-HSA-112382",0.757360406091371,1,0.0266754763765933,0.228403703230415,0.848593693634856,56,"GTF2F2;AFF4;CCNK;RTF1;NELFCD;SUPT5H;ERCC3;SUPT4H1;MNAT1;POLR2K;NELFA;ELOA;NCBP1;GTF2H4;MLLT3;CCNT1;GTF2H5;GTF2H1;TCEA1;CDC73;ERCC2;NELFE;POLR2D;EAF1;CCNT2;LEO1;GTF2H3;IWS1;NELFB;POLR2J;GTF2F1"
"Formation Of Senescence-Associated Heterochromatin Foci (SAHF) R-HSA-2559584",0.62882096069869,1,0.0391956336118146,0.299661428295656,0.901818255490168,17,"RB1;H1-0;EP400;H1-2;H1-3;TP53;HMGA1;H1-5;H1-1;LMNB1;CABIN1;HIRA;ASF1A"
"Formation Of TC-NER Pre-Incision Complex R-HSA-6781823",0.963377416073245,1,0.0108943796561199,0.164456131468163,0.599468696841041,48,"UBB;AQR;ERCC3;MNAT1;POLR2K;COPS4;COPS5;COPS8;XAB2;XPA;HMGN1;GTF2H4;GTF2H5;GTF2H1;TCEA1;ERCC2;POLR2D;CUL4B;COPS6"
"Formation Of Tubulin Folding Intermediates By CCT/TriC R-HSA-389960",0.885325946000556,1,0.143902565267782,-0.208309724300069,-1.0433086897527,24,"TUBB4B;TUBB4A;TUBA3D;TUBA1C;TUBB2B;TUBAL3;TUBB3;CCT3"
"Formation Of beta-catenin:TCF Transactivating Complex R-HSA-201722",0.964503042596349,1,0.0104610403416792,0.163447315479879,0.608754666204589,57,"AXIN2;PYGO1;KMT2D;H2BC1;H2BC3;CREBBP;RUVBL1"
"G Alpha (I) Signaling Events R-HSA-418594",0.598401598401598,1,0.0373806494758473,0.225475973892349,0.967191005871455,306,"CAMK2A;PRKAR1B;GNG13;CAMK2G;RGS4;ADCY1;CALM1;CAMK2B;TAS2R14;MAPK1;RGS11;PPP3CB;SUCNR1;ITPR1;LPAR3;RGS9BP;RGS21;PPP3R1;PRKCA;PDE1B;PPP1CA;CCL20;ADCY2;GNB1;PDE1A;FPR2;GNA14;PPP3CA;CXCL8;UBD;SSTR1;GABBR2;P2RY14;PRKCG;TAS2R1;GNG2;RGS8;GRM2;ADRA2B;RGS1;MCHR2;NBEA;TAS2R42;TAS1R1;TAS2R50;GRK2;ACKR3;SFTPA2;BDKRB2;GNAL;C5;CCL23;CCR3;RGS20;PLCB4;PRKACG;PPP1R1B;ADRA2C;ADCY7;CXCL5;PTGDR2;RGS17;GPR183;TAS1R2;CCL1;CXCL1;CREB1;CCL28;TAS2R30;TAS2R19;NMUR2;PPP2R1B;AGTR2;HTR1E;PLCB1;HTR1F;PDE4B;CX3CR1;GNAT1;GNG4;LPAR5;ADORA1;GNB4;OPN1LW;RXFP4;ADCY5;PENK;CAMKK2;NPW;BDKRB1;CCL21;NPY2R;RXFP3;GNG3;TAS2R16;NMUR1;PMCH;TAS2R13;PLCB2;CCR8;AGXT;CCR6;SSTR2;CHRM4;CCR5;NPB;S1PR4;GPSM2;CXCL11;MTNR1B;OPN5;GNG10;CXCL16;RHO;TAS2R41;GPR31;CCR2;CXCR6;OXGR1;GAL;RGS19;CCL27;PYY;POMC;PNOC;GNAQ;HCAR1;GNG11"
"G Alpha (S) Signaling Events R-HSA-418555",0.256256256256256,1,0.0778840111977068,0.268085586883034,1.09956937560946,152,"PRKAR1B;GNG13;HTR6;ADCY1;CHGA;PDE2A;PRKCA;PDE1B;ADCY2;FSHB;GNB1;RXFP2;PDE1A;ADORA2B;ARRB1;MC1R;GIPR;GNG2;GCG;GLP2R;GRK2;PTGDR;TSHR;TAAR1;IAPP;GPR39;HRH2;PRKACG;ADCY7;CRHR2;GPR150;RAMP1;MC2R;LHB;VIPR1;ARRB2;GRK3;ADM2;GRK6;CALCA;NLRP3;CRH;GNG4;GNB4;CYSLTR2;GPR83;ITGA5;NPSR1;ADCY5;GRK5;SCTR;PDE8B;NPS;RAMP2;RXFP1"
"G Beta:Gamma Signaling Thru BTK R-HSA-8964315",0.530877573131094,1,0.0466015072985992,0.316003185143881,0.965585046219776,18,"GNG13;GNB1;GNG2;GNG4;GNB4;GNG3;BTK;GNG10;GNG11;GNB5"
"G Beta:Gamma Signaling Thru CDC42 R-HSA-8964616",0.513312034078807,1,0.0473534245254193,0.313581602333203,0.982142020633675,20,"GNG13;ARHGEF6;GNB1;GNG2;GNG4;GNB4;GNG3;GNG10;GNG11;GNB5"
"G Beta:Gamma Signaling Thru PI3Kgamma R-HSA-392451",0.74203821656051,1,0.0299906706583812,0.251517924360007,0.822004034660114,25,"GNG13;AKT3;GNB1;GNG2;GNG4;GNB4;AKT2;GNG3;PIK3R6;GNG10;GNG11;GNB5;GNG12;PIK3R5;PIK3CG;GNB2;AKT1"
"G Beta:Gamma Signaling Thru PLC Beta R-HSA-418217",0.453674121405751,1,0.0530212512043078,0.328365069269686,1.02844404849799,20,"GNG13;GNB1;GNG2;PLCB1;GNG4;GNB4;GNG3;PLCB2;GNG10;GNG11;GNB5"
"G-protein Activation R-HSA-202040",0.529100529100529,1,0.0456790414930062,0.298690342207375,0.971274307797737,24,"GNG13;GNB1;GNA14;GNG2;GNG4;GNB4;GNG3;GNG10;POMC;GNAQ;GNG11;GNB5;PDYN;GNG12;GNB2;OPRM1;GNGT2;GNGT1;GNG8"
"G-protein Beta:Gamma Signaling R-HSA-397795",0.647609147609148,1,0.0355420211253902,0.262984434222669,0.901590967574436,32,"GNG13;AKT3;ARHGEF6;GNB1;GNG2;PLCB1;GNG4;GNB4;AKT2;GNG3;PIK3R6;PLCB2;BTK;GNG10"
"G0 And Early G1 R-HSA-1538133",0.381951731374607,1,0.0603786357920401,0.320814339887853,1.06921462118807,27,"LIN54;E2F4;CDC6;TOP2A;RBL2;CCNE1;RBL1;CDC25A;LIN52"
"G1/S DNA Damage Checkpoints R-HSA-69615",0.987891019172553,1,0.00683906706351732,0.144154109958873,0.54944025450425,66,"UBB;CDKN2A;PSMD9;PSMB11;PSMA6;MDM2;PSMB3;CCNE1;PSMF1;PSMD13;CDC25A;PSMD5;PSMC3;CHEK2;TP53;ATM;PSMB9;PSMA4;CCNA2;CCNE2;PSME4"
"G1/S Transition R-HSA-69206",0.704408817635271,1,0.0297064584935533,0.224806896762116,0.913381936334085,128,"AKT3;MCM6;UBB;LIN54;ORC5;ORC6;PSMD9;E2F4;ORC3;TK1;POLR1B;PSMA6;CDC6;CCNB1;RBL2;PSMB3;CABLES1;POLE2;CDT1;CCNE1;RB1;POLE;RBL1;GMNN;PPP2R1B;PSMF1;MNAT1;PSMD13;PRIM1;CDC25A;LIN52;MCM4;PSMD5;PSMC3;POLR1A"
"G1/S-Specific Transcription R-HSA-69205",0.241884816753927,1,0.0833634065110386,0.348077943567075,1.1748981416138,29,"LIN54;E2F4;TK1;CDC6;RBL2;CDT1;CCNE1;RBL1;CDC25A;LIN52;TYMS;FBXO5;SLC25A15"
"G2/M Checkpoints R-HSA-69481",0.836673346693387,1,0.0203426159572209,0.205950328627405,0.841533194146563,143,"RBBP8;CDC25C;MCM6;UBB;YWHAG;ABRAXAS1;ORC5;ORC6;RAD17;H2BC1;PSMD9;PSMB11;H2BC3;ORC3;POLR1B;PSMA6;CDC6;RHNO1;CCNB2;CCNB1;RMI1;GTSE1;PSMB3;RFC2;YWHAH"
"G2/M DNA Damage Checkpoint R-HSA-69473",0.731388329979879,1,0.0280106629226489,0.226749894305028,0.873841662458218,73,"RBBP8;CDC25C;YWHAG;ABRAXAS1;RAD17;H2BC1;H2BC3;POLR1B;RHNO1;CCNB1;RMI1;RFC2;YWHAH;PIAS4;UIMC1;BRCC3;RAD50;POLR1A;RFC3;CHEK2;TP53;SERPINA2;ATM;RAD9B"
"G2/M Transition R-HSA-69275",0.412587412587413,1,0.0544555953940371,0.248093791862031,1.03238962740718,179,"CDC25C;UBB;DYNLL1;TUBA4A;HAUS7;CEP70;LIN54;YWHAG;FBXL18;PRKCA;CDC25B;CEP192;SFI1;PSMD9;PSMB11;PSMA6;CEP63;CEP164;CCNB2;CCNB1;FOXM1;MZT2A;GTSE1;TUBG1;AKAP9;CEP135;CKAP5;FKBPL;PSMB3;CEP76;PPP1R12B;HAUS2;DCTN3;DCTN2;PPP1R12A;CLASP1;HAUS8;PPP2R1B;PSMF1;MNAT1;PSMD13;CDC25A;NEDD1;LIN52;CENPJ;TUBGCP6;BTRC;CENPF;CEP41;CETN2;PSMD5;PSMC3;MZT1;CEP78"
"GAB1 Signalosome R-HSA-180292",0.534934497816594,1,0.0466015072985992,0.320376037699654,0.964157986773307,17,"HBEGF;EPGN;PXDN;AREG;EGF;PAG1;EGFR;EREG"
"GLI3 Is Processed To GLI3R By Proteasome R-HSA-5610785",0.906788247213779,1,0.0157010498237903,0.191691208803068,0.716144761134292,58,"UBB;PRKCA;CSNK1A1;PSMD9;PSMB11;GLI3;PSMA6;PSMB3;PRKACG;PSMF1;PSMD13;BTRC;PSMD5;PSMC3"
"GPCR Ligand Binding R-HSA-500792",0.77022977022977,1,0.024919740580511,0.212240901000506,0.926283721834462,447,"GNG13;HTR6;GPNMB;TAS2R14;GNRHR;CHGA;SUCNR1;LPAR3;GNRH2;CCL20;PLPPR3;FSHB;WNT4;CCKAR;QRFP;CCL22;GNB1;RXFP2;FPR2;ADORA2B;CXCL8;UBD;MC1R;SSTR1;GIPR;ADRA1B;GABBR2;P2RY14;CHRM1;OXT;TAS2R1;GNG2;FZD7;GRM2;ADRA2B;MCHR2;GCG;GLP2R;PLPPR2;HRH3;CCL17;PROK1;CHRM5;NPFFR2;UCN3;NTS;TAS2R42;TAS1R1;TAS2R50;WNT7B;C5AR2;PTGDR;ACKR3;TSHR;TAAR1;SFTPA2;BDKRB2;IAPP;P2RY6;C5;GPR39;CCL23;CCR3;UTS2R;HRH2;LPAR4;ADRA2C;CRHR2;RAMP1;PLPPR4;CXCL5;PTGDR2;UTS2B;MC2R;DRD2;FZD4;LHB;GPR183;TAS1R2;CCL1;VIPR1;CXCL1;CCL28;TAS2R30;TAS2R19;NMUR2;NTSR2;GRM5;AVPR1A;AGTR2;ADM2;HTR1E;F2RL1;HTR1F;FZD6;FFAR3;CALCA;NLRP3;CRH;WNT8B;CX3CR1;GNG4;MRLN;LPAR5;ADORA1;GNB4;LPAR6;SMOX;OPN1LW;EDNRA;CYSLTR2;RXFP4;GPR35;F2R;NPSR1;SCTR;SHH;PENK;CYSLTR1;GPRC6A;NPS;EDN3;RAMP2;RXFP1;NPW;BDKRB1;CCL21;TRHR;NPY2R;ADGRE2;RXFP3;GNG3;TAS2R16;NMUR1;CD55;PMCH;TAS2R13;HTR2C;GHSR;CCR8;HCRTR1;AGXT;CCR6;SSTR2;CHRM4;CCR5;PRLHR;CCKBR;NPB;S1PR4;CXCL11;MTNR1B;PTGER1;FZD10;LHCGR;OPN5;AVPR2;XK;GNG10;CXCL16;HTR1A;RHO;HTR7;TAS2R41;GPR31;CCR2;PTHLH;WNT7A;CXCR6;OXGR1;RLN2;GAL;ACKR2;PTH2R;CCL27;PYY;ADRB2;POMC;PNOC;ADRA1A;HCAR1;GNG11;WNT1;P2RY1;LTB4R2;CCL11;PTAFR;F2RL2;PROKR2;INSL3;CXCL10;P2RY2;PTGER2;GNB5;TAC3;DRD1;FFAR2;GPHA2;TAS2R3;HRH4;CXCR5;GPR143;FZD8;CCR7;TAAR6;OPN3;WNT5A;PTCH2;MC5R;GRM6;PDYN;MCHR1;GRM1;GRM8;INSL5;CCL7;HTR2A;TAS2R9;CALCR;P2RY10;CXCL2;S1PR3;CCL25;NPY;CNOT6;P2RY13;GHRHR;UTS2"
"GPER1 Signaling R-HSA-9634597",0.543500511770727,1,0.0429311093452583,0.272306771837403,0.975016898311159,43,"PRKAR1B;GNG13;ADCY1;PRKCA;ADCY2;GNB1;GNG2;PRKACG;ADCY7;GNG4;GNB4;ITGA5;ADCY5;GNG3;GNG10;GNG11;GNAT3;ADCY9;GNB5;PRKAR2B"
"GPVI-mediated Activation Cascade R-HSA-114604",0.925,1,0.234392647294686,-0.14409534327773,-0.767888568906199,32,"RNASE1;RHOA;CDC42;RHOB;FYN;FCER1G;PRKCZ;PTPN11;GP6"
"GRB2:SOS Provides Linkage To MAPK Signaling For Integrins R-HSA-354194",0.380952380952381,1,0.224966093540314,-0.242283299564983,-1.01139939272006,15,"VWF;FN1;TLN1;PTK2;RAP1A"
"GSK3B And BTRC:CUL1-mediated-degradation Of NFE2L2 R-HSA-9762114",0.313694776453969,1,0.203508959461977,-0.182890255568468,-1.08195757715047,50,"PSMB7;PSMB6;RBX1;RPS27A;PSMD4;PSME1;PSMD3;UBA52;SEM1"
"Gamma Carboxylation, Hypusine Formation And Arylsulfatase Activation R-HSA-163841",0.486707566462168,1,0.047925896705813,0.283069533287035,1.00830038186869,41,"ARSB;DPH1;F8;DPH7;F9;DPH6;DNAJC24;EIF5A2;PROZ;ARSJ;TPST1;ARSF;EIF5AL1;FN3KRP;SUMF2;STS;FURIN;FAM110A;ARSK;ARSI;SUMF1;ICMT;F7;PROS1;PROC;DOHH;GAS6;DPH2;ARSD"
"Gap Junction Assembly R-HSA-190861",0.521276595744681,1,0.20207170902116,-0.214140002694408,-0.912596332089072,16,"GJB1;GJC2;GJA4;GJA5;GJB7;GJD4;GJA8;GJB4;GJB6;GJA3;GJA1;GJD3;GJD2;GJB5;GJB2"
"Gap Junction Trafficking And Regulation R-HSA-157858",0.938775510204082,1,0.208955027549354,-0.145660372253304,-0.742496842939599,27,"GJB1;DNM2;GJC2"
"Gap Junction Trafficking R-HSA-190828",0.85,1,0.197822021315103,-0.160668733426198,-0.815905847798232,25,"GJB1;DNM2;GJC2"
"Gap-filling DNA Repair Synthesis And Ligation In GG-NER R-HSA-5696397",0.494179894179894,1,0.0487989701682839,0.306689296486598,0.997285121281837,24,"UBB;POLR1B;LRIG3;RFC2;LRIG1;POLE2;POLE;POLR1A;RFC3"
"Gap-filling DNA Repair Synthesis And Ligation In TC-NER R-HSA-6782210",0.877901109989909,1,0.0177038118052295,0.199272311574318,0.750378322250396,60,"UBB;AQR;POLR1B;LRIG3;RFC2;LRIG1;POLE2;POLE;ERCC3;MNAT1;POLR2K;POLR1A;RFC3;XAB2;RFC5;HMGN1;GTF2H4;GTF2H5;SLC19A1;GTF2H1;TCEA1;ERCC2;POLR2D;CUL4B"
"Gastrin-CREB Signaling Pathway Via PKC And MAPK R-HSA-881907",0.254366812227074,1,0.0828962134571565,0.389755885951768,1.17295367353471,17,"MAPK1;PRKCA;HBEGF;CREB1;RPS6KA3;MAPK3;EGFR;CCKBR;SOS1;MAPK7;RPS6KA2;MMP3"
"Gastrulation R-HSA-9758941",0.802863436123348,1,0.0278699114874201,0.257905406179778,0.764502498880935,16,"GSC;TCF7;SMAD3;MIXL1;LEF1;TP63;BMP4;TBXT;FOXH1;TBPL2;SMAD4;SOX2;CTNNB1;SMAD2"
"Gene Silencing By RNA R-HSA-211000",0.964929859719439,1,0.00906269502060309,0.164886050710528,0.659594757416876,104,"MAEL;TDRD6;TDRD1;H2BC1;H2BC3;TNRC6A;BCDIN3D;NDC1;AGO4;ELAC2;NUP88;ASZ1;H2AZ2;TDRD12;TNRC6C;NUP58;H2AC20;NUP160"
"Generation Of Second Messenger Molecules R-HSA-202433",1,1,0.213927855492356,-0.120684717755241,-0.623873489499639,28,"HLA-DRB1"
"Global Genome Nucleotide Excision Repair (GG-NER) R-HSA-5696399",0.443101711983887,1,0.051530912208539,0.265221048488192,1.03155554360884,79,"UBB;INO80;RNF111;POLR1B;RUVBL1;PIAS3;LRIG3;RFC2;LRIG1;POLE2;POLE;XPC;INO80C;ERCC1;ERCC3;NFRKB;ACTR5;UBE2I;INO80E;MNAT1;COPS4;COPS5;CETN2;POLR1A;RFC3;ACTR8;SUMO1;COPS8"
"Glucagon-like Peptide-1 (GLP1) Regulates Insulin Secretion R-HSA-381676",0.184804928131417,1,0.09754492162472,0.337694385294145,1.2038686161943,42,"PRKAR1B;GNG13;ITPR1;PRKCA;GNB1;KCNB1;GNG2;GCG"
"Glucagon-type Ligand Receptors R-HSA-420092",0.516095534787124,1,0.0459538081039063,0.287341468311689,0.986110316478898,33,"GNG13;GNB1;GIPR;GNG2;GCG;GLP2R;VIPR1;GNG4;GNB4;CYSLTR2;SCTR;GNG3;GNG10;GNG11;GNB5;GHRHR;GNG12;GNB2;ADCYAP1R1;SCT;GNGT2;C1QTNF1;GNGT1;GHRH;GNG8;CPAMD8;GNAS"
"Gluconeogenesis R-HSA-70263",0.390218522372529,1,0.0589694466690997,0.310690777484825,1.05987958407978,31,"TPI1;GOLT1A;G6PC1;GOT2;SLC25A10;G6PC3;MDH1;SLC25A11;ENO2;SLC25A13;SLC37A1;G6PC2;PCK1;PGAM2;ALDOB;PCK2;SLC25A12;ENO3;SLC37A2;FBP1"
"Glucose Metabolism R-HSA-70326",0.307307307307307,1,0.0686325631836726,0.280189086037262,1.09881270452201,87,"PFKFB2;PRKCA;TPI1;PFKP;PGM2L1;PFKFB1;GOLT1A;NDC1;NUP88;HOOK2;G6PC1;PRKACG;NUP58;NUP160;PFKFB4;PPP2R1B;GOT2;SLC25A10;NUP98;G6PC3;SEH1L;GNPDA2;PFKM;MDH1;SLC25A11;ENO2;MAP4K2;PKLR;SLC25A13;RNASE7;SLC37A1;G6PC2;NUP155;RANBP2;PCK1;NUP153;SEC13;PGAM2;ALDOB;PCK2;SLC25A12;ENO3;SLC37A2;NUP205;TAC4;FBP1;NUP85"
"Glutathione Conjugation R-HSA-156590",0.781573498964803,1,0.0260437699289678,0.229616992127855,0.792020671894173,34,"GSTA1;GSTA2;GCLM;GSTM5;PRNP;CHAC2;GGT6;GSTO2;MGST1;GSTK1;GSTT1;GSTM2;GSTM1"
"Glycogen Metabolism R-HSA-8982491",0.201476793248945,1,0.0940503465727813,0.379445113778147,1.22703176403585,23,"CALM1;UBB;GYS1;PYGB;PHKA1;PHKB;GBE1;PYGM;GYS2;NHLRC1;PHKA2;PHKG1;UGP2;AGL;PYGL;GYG2"
"Glycolysis R-HSA-70171",0.593939393939394,1,0.0382416816260774,0.248623025351855,0.948021378416951,67,"PFKFB2;PRKCA;TPI1;PFKP;PGM2L1;PFKFB1;NDC1;NUP88;HOOK2;PRKACG;NUP58;NUP160;PFKFB4;PPP2R1B;NUP98;SEH1L;GNPDA2;PFKM;ENO2;MAP4K2;PKLR;RNASE7;NUP155;RANBP2;NUP153;SEC13;PGAM2;ALDOB;ENO3;NUP205;TAC4"
"Glycosaminoglycan Metabolism R-HSA-1630316",0.415831663326653,1,0.0542315935495841,0.255393744324922,1.0333916837767,120,"IDS;ARSB;HAS3;HS6ST3;DSEL;CHST9;GLCE;HS3ST4;HEXB;ACAN;CHSY3;HS6ST1;HS3ST2;CHST5;CHORDC1;GPC6;GPC2;OMD;VCAN;CSPG5;GLB1;B3GNT4;CHPF2;HS2ST1;GPC3;SDC1;XYLT2;ABCC5;HAS2;SLC9A1;B3GNT2;B4GALT6;ST3GAL3;NDST3;B3GNT7;SDC3;B4GALT1;ST3GAL6;CHST2;PRELP;NDST4;CHST15;CHST1;NAGLU;PAPSS2;SGSH;EXT1;CHST14;KERA"
"Glycosphingolipid Metabolism R-HSA-1660662",0.830265848670757,1,0.0220116482772519,0.215587415645999,0.775819313981584,44,"ARSB;NEU2;SMPD2;CERK;HEXB;B4GALNT1;SFTPA2;GBA2;GLB1;NEU3;ARSJ;ENPP7;ARSF;ESYT3;SUMF2;STS;NEU4;ARSK;B3GALNT1;ARSI;SUMF1;ESYT2;UGCG;GM2A;GLTP"
"Glyoxylate Metabolism And Glycine Degradation R-HSA-389661",0.945889698231009,1,0.0145143429459948,0.17797195779692,0.607127273408931,31,"GRHPR;LIPT1;PDHA1;GNMT;GOT2;GCSH;LIPT2;PDHA2;AGXT;OGDH;ALDH4A1;AGXT2;BCKDHB;HAO1"
"Golgi Associated Vesicle Biogenesis R-HSA-432722",0.643724696356275,1,0.034566432206351,0.248021691574541,0.921214052529168,54,"NECAP1;SH3GL2;TPD52L1;BLOC1S6;BLOC1S3;ACBD3;ARRB1;SNAPIN;SH3D19;SNX9;AP1G1;SNX2;BLOC1S4;VAMP7;HOMER2;HSPA8;CLINT1;AP4E1;AP1B1"
"Golgi-to-ER Retrograde Transport R-HSA-8856688",0.19438877755511,1,0.0931454575337804,0.286540587814822,1.1528038502025,112,"RAB6B;KIF3C;KIFC2;TMED7;KIF5A;DYNLL1;KIF3B;CAPZA1;ARCN1;KIF1B;KIF3A;KIF4A;NBAS;KIF19;SURF4;NSF;KIF9;DYNC1I1;COPG1;COPZ2;DCTN3;DCTN4;DCTN2;KIF15;KLC4;KIF27;KIF18A;KIF16B;NAPG;KIF22;CAPZA3;CAPZA2;KIF23;KLC1;KIF25;KIF26B;TMED3;PLA2G6;RAB18;ARF3;KIF2B;COPB1;ARFGAP2;KIF21B;ARFGAP3;KIF2A;KIFAP3;KIF11"
"Growth Hormone Receptor Signaling R-HSA-982772",0.531645569620253,1,0.0453152441270267,0.298522681692546,0.965348608853303,23,"MAPK1;STAT5A;ADAM17;SOCS2;JAK2;IRS2;PRLR;MAPK3;GH2;PRL"
"HATs Acetylate Histones R-HSA-3214847",0.977977977977978,1,0.00715048391330487,0.157457693820273,0.62898970343843,102,"TADA2A;ING3;SUPT3H;NCOA1;H2BC1;H2BC3;CREBBP;RUVBL1;BRPF3;ING5;HCFC1;ENY2;GDNF;KAT2A;TAF9;H2AC20;KAT8;EP400;BRD1;OGT;VPS72;TRRAP;RBBP7"
"HCMV Early Events R-HSA-9609690",0.990972918756269,1,0.00523322083191526,0.144478765748853,0.570420620943176,92,"DYNLL1;H2BC1;H2BC3;PCSK1;NDC1;USH2A;NUP88;UCN3;DYNC1I1;PCSK2;DUT;NUP58;PML;H2AC20;NUP160;CREB1;RBBP7;NUP98;SEH1L;H2AC14;CBX1;H2AC21;NCOR1;HDAC3;SUZ12;EGFR;H2BC14;RNASE7;TBL1XR1;NUP155;RANBP2;H2BC9;EED;CD46;NUP153;SEC13;TXN2;NUP205;NUP85;H2BC21;RRM1;H2BC11;H3C7;NUP107;NUP37;DYNC1LI1;H2BC13;H2AC7;H2AC12;H2BC15;EZH2;H2BC5;NUP133;TBL1X;NUP42;H3C13;H2AC4;RBBP4;TRIM28"
"HCMV Infection R-HSA-9609646",0.992992992992993,1,0.00434551079568136,0.144374999451938,0.58328998594921,116,"DYNLL1;H2BC1;H2BC3;PCSK1;TRMU;NDC1;USH2A;NUP88;UCN3;TARBP1;DYNC1I1;PCSK2;VPS36;DUT;NUP58;PML;H2AC20;NUP160;VPS37A;CREB1;RBBP7;MVB12A;NUP98;CHMP4C;SEH1L;H2AC14;CBX1;VPS4A;CHMP2A;H2AC21;NCOR1;HDAC3;SUZ12;EGFR;H2BC14;RNASE7;TBL1XR1;CHMP2B;NUP155;RANBP2;H2BC9;EED;CD46;NUP153;SEC13;TXN2"
"HCMV Late Events R-HSA-9610379",0.921921921921922,1,0.0134461833974729,0.183991247274943,0.721954904661648,86,"H2BC1;H2BC3;PCSK1;TRMU;NDC1;NUP88;UCN3;TARBP1;PCSK2;VPS36;NUP58;H2AC20;NUP160;VPS37A;MVB12A;NUP98;CHMP4C;SEH1L;H2AC14;VPS4A;CHMP2A;H2AC21;H2BC14;RNASE7;CHMP2B;NUP155;RANBP2;H2BC9;CD46;NUP153;SEC13;TXN2;NUP205;VPS37B;VPS28;NUP85;H2BC21;CHMP7;RRM1;H2BC11;H3C7;NUP107;NUP37;VPS37D;H2BC13;H2AC7;H2AC12;H2BC15;H2BC5;NUP133;UBAP1;NUP42;H3C13;H2AC4"
"HDACs Deacetylate Histones R-HSA-3214815",0.885395537525355,1,0.0174698106128933,0.198228651331241,0.73829671731862,57,"CHD3;PHF21A;H2BC1;H2BC3;MTA3;DPEP3;SUDS3;BRMS1L;H2AC20;RBBP7;REST;H2AC14;H2AC21;NCOR1;HDAC3;SAP30L;H2BC14;SAP18;TBL1XR1;H2BC9;HDAC10;HMG20B;H2BC21;ARID4A;H2BC11;H3C7;MTA2;HDAC1;CHD4;H2BC13;H2AC7;H2AC12;H2BC15;H2BC5;MTA1;TBL1X;H3C13;H2AC4;RBBP4"
"HDMs Demethylate Histones R-HSA-3214842",0.963636363636364,1,0.193813302725311,-0.147828418230563,-0.756042329732634,26,"KDM4B;KDM1A;H4C15;KDM2B;JMJD6;KDM4C;KDM1B;KDM6B;KDM4A;PHF2;RIOX2;H3C13;PHF8;H3C7;KDM3B;ARID5B;KDM5A;UTY;KDM5D;KDM7A;KDM5B;KDM5C;KDM3A;KDM2A;KDM6A;KDM4D"
"HDR Thru Homologous Recombination (HRR) Or Single Strand Annealing (SSA) R-HSA-5693567",0.978957915831663,1,0.00715048391330487,0.154097726618085,0.619085967110855,109,"RBBP8;UBB;ABRAXAS1;PALB2;RAD17;H2BC1;H2BC3;SLX4;POLR1B;RHNO1;XRCC3;SPIDR;RMI1;RFC2;POLE2;POLE;ERCC1;PIAS4;UIMC1;UBE2I;BRCC3;RAD50;RAD51D;POLR1A;RFC3;SERPINA2;ATM;TIMELESS;RAD9B;CLSPN;RFC5;CCNA2;WRN;SLX1A;H2BC14;SLC19A1;RAD51B;RAD51AP1;HERC2;H2BC9"
"HDR Thru Homologous Recombination (HRR) R-HSA-5685942",0.881048387096774,1,0.0173914717556673,0.197841337080538,0.752510848660765,65,"RBBP8;UBB;PALB2;RAD17;SLX4;POLR1B;RHNO1;XRCC3;SPIDR;RMI1;RFC2;POLE2;POLE;RAD50;RAD51D;POLR1A;RFC3;SERPINA2;ATM;RAD9B;RFC5;WRN;SLX1A;SLC19A1"
"HDR Thru Single Strand Annealing (SSA) R-HSA-5685938",0.585993820803296,1,0.03975964750879,0.272034838048053,0.944961520905735,36,"RBBP8;RAD17;POLR1B;RHNO1;RMI1;RFC2;ERCC1;RAD50;POLR1A;RFC3;SERPINA2;ATM;RAD9B;RFC5;WRN;MRE11;RMI2;HUS1;RAD52;RPA3;RFC4;TOP3A;ERCC4;TOPBP1;DNA2;BLM;EXO1;RRAD"
"HIV Elongation Arrest And Recovery R-HSA-167287",0.946002076843198,1,0.0143399359768684,0.17724434192719,0.608274451783349,33,"GTF2F2;CCNK;NELFCD;SUPT5H;SUPT4H1;POLR2K;NELFA;ELOA;CCNT1;TCEA1;NELFE;POLR2D"
"HIV Infection R-HSA-162906",0.999000999000999,1,0.0014426950408889,0.138464779705456,0.584473572551831,224,"SLC25A4;SGIP1;TAF3;UBB;PSMD9;GTF2B;PSMB11;TAF9B;GTF2F2;NMT1;PSMA6;NEDD4L;NDC1;CCNK;TAF5;NUP88;TAF4;TAF11;PSMB3;RANGAP1;LRIG1;NELFCD;TAF9;TBP;NUP58;AP1G1;SUPT5H;NUP160;ERCC3;VPS37A;SUPT4H1;PSMF1;MNAT1;PSMD13;PSIP1;KPNA1;MVB12A;NUP98;BTRC;POLR2K;CHMP4C;SEH1L;PSMD5;PSMC3;ATP6V1H;VPS4A;CHMP2A;PACS1;AP2A1;CD28;LIG4;NELFA;NMT2;ELOA;AP1B1;AP2M1;CCR5;VPS4B;PSMB9;NCBP1;PSMA4;GTF2H4;CCNT1;GTF2H5;AP1M1;PSME4;GTF2H1;TCEA1;CD8B;ERCC2;RNASE7;GTF2A2;NELFE;HMGA1;CHMP2B;POLR2D;NUP155;PDCD6IP;RANBP2"
"HIV Life Cycle R-HSA-162587",0.891783567134269,1,0.0161121851693944,0.194949314616834,0.797020398693215,144,"SGIP1;TAF3;UBB;GTF2B;TAF9B;GTF2F2;NMT1;NEDD4L;NDC1;CCNK;TAF5;NUP88;TAF4;TAF11;RANGAP1;LRIG1;NELFCD;TAF9;TBP;NUP58;SUPT5H;NUP160;ERCC3;VPS37A;SUPT4H1;MNAT1;PSIP1;KPNA1;MVB12A;NUP98;POLR2K;CHMP4C;SEH1L;VPS4A;CHMP2A;LIG4;NELFA;NMT2;ELOA;CCR5;VPS4B;NCBP1;GTF2H4;CCNT1;GTF2H5;GTF2H1;TCEA1;ERCC2;RNASE7;GTF2A2;NELFE;HMGA1;CHMP2B;POLR2D;NUP155;PDCD6IP;RANBP2;NUP153;SEC13;FURIN;CCNT2;NUP205;XRCC4;VPS37B;VPS28;NUP85;TAF7L;GTF2H3;CHMP7;CHMP5;NELFB;POLR2J;RNMT;GTF2E2;RANBP1;NUP107;GTF2F1;NUP37;XRCC5"
"HIV Transcription Initiation R-HSA-167161",0.697650663942799,1,0.0311335139616949,0.245456584728673,0.885469830845917,45,"TAF3;GTF2B;TAF9B;GTF2F2;TAF5;TAF4;TAF11;TAF9;TBP;ERCC3;MNAT1;POLR2K;GTF2H4;GTF2H5;GTF2H1;ERCC2;GTF2A2;POLR2D"
"HS-GAG Biosynthesis R-HSA-2022928",0.470833333333333,1,0.0502948063662358,0.297595657858473,1.01045885879166,30,"HS6ST3;GLCE;HS3ST4;HS6ST1;HS3ST2;GPC6;GPC2;HS2ST1;GPC3;SDC1;NDST3;SDC3;NDST4;EXT1"
"HS-GAG Degradation R-HSA-2024096",0.430834213305174,1,0.0550211117163117,0.329104818193255,1.04428457103802,21,"IDS;GPC6;GPC2;GLB1;GPC3;SDC1;SDC3;NAGLU;SGSH;HPSE2"
"HSF1 Activation R-HSA-3371511",0.438614900314795,1,0.0538979025357319,0.309451000181609,1.03134272006392,27,"HSPH1;UBB;DNAJB1;POLR1B;DEDD2;HSPA1L"
"HSF1-dependent Transactivation R-HSA-3371571",0.15360824742268,1,0.109250039480711,0.360132743555389,1.24650381958667,35,"CAMK2A;CAMK2G;CAMK2B;HSPH1;UBB;DNAJB1;DEDD2;CREBBP;HSPA1L;RPTOR"
"HSP90 Chaperone Cycle For Steroid Hormone Receptors (SHR) In Presence Of Ligand R-HSA-3371497",0.349484536082474,1,0.0637845390312975,0.314089776667034,1.09791146846826,38,"DYNLL1;DNAJA1;CAPZA1;DNAJB1;HSPA1L;DYNC1I1;DCTN3;DCTN4;DCTN2;AREG;CAPZA3;NR3C1;PGR;CAPZA2"
"Hedgehog Ligand Biogenesis R-HSA-5358346",0.985901309164149,1,0.00683906706351732,0.143592574184667,0.545551409275221,63,"UBB;PSMD9;HHAT;PSMB11;PSMA6;SCUBE2;PSMB3;SEL1L;ADAM17;PSMF1;PSMD13;PSMD5;PSMC3;SHH;PSMB9;DERL2;PSMA4;PSME4"
"Hedgehog Off State R-HSA-5610787",0.22289156626506,1,0.0855356947987884,0.287060429058212,1.13705172158374,97,"PRKAR1B;ADCY1;WDR35;UBB;MKS1;PRKCA;ADCY2;IFT88;CSNK1A1;PSMD9;PSMB11;GLI3;PSMA6;RPGRIP1L;KIF3A;IFT172;NUMB;PSMB3;TTC21B;IFT57;PRKACG;ADCY7;IFT140;PSMF1;PSMD13;ADCY10;BTRC;PSMD5;SMOX;PSMC3"
"Hedgehog On State R-HSA-5632684",0.64964964964965,1,0.0336033244336697,0.236917206027936,0.927955372213022,84,"UBB;ULK3;CUL3;IQCE;CSNK1A1;PSMD9;PSMB11;ARRB1;SMURF1;GLI3;PSMA6;KIF3A;SPOP;GRK2;NUMB;PSMB3;EVC;ARRB2;PSMF1;PSMD13;PSMD5;SMOX;PSMC3;SHH;DZIP1;KIF7;CDON;BOC;PSMB9;PSMA4;SMURF2;PSME4;GAS8;CDC73;GPR161"
"Heme Signaling R-HSA-9707616",0.199386503067485,1,0.0928481214159878,0.332416930626596,1.19624549652778,44,"NPAS2;CLEC1B;NCOA1;NR1D1;CRTC1;CREBBP;MEF2C;CRTC2;TLR4;GDNF;MEF2D;RORA;CREB1;CLOCK;CARM1;RNASE12;NCOR1;NCOA6;HDAC3"
"Heparan Sulfate/Heparin (HS-GAG) Metabolism R-HSA-1638091",0.648373983739837,1,0.0344174840212229,0.249248095063659,0.922210780350597,53,"IDS;HS6ST3;GLCE;HS3ST4;HS6ST1;HS3ST2;GPC6;GPC2;VCAN;CSPG5;GLB1;HS2ST1;GPC3;SDC1;XYLT2;NDST3;SDC3;NDST4;NAGLU;SGSH;EXT1;HPSE2;HS6ST2"
"Hh Mutants Abrogate Ligand Secretion R-HSA-5387390",0.991886409736308,1,0.00699634910626994,0.138217082723008,0.514785414552585,57,"UBB;PSMD9;HHAT;PSMB11;PSMA6;PSMB3;SEL1L;PSMF1;PSMD13;PSMD5;PSMC3;SHH;PSMB9;DERL2;PSMA4;PSME4"
"Hh Mutants Are Degraded By ERAD R-HSA-5362768",0.996963562753036,1,0.00581457622839549,0.124791053362497,0.463504910629559,54,"UBB;PSMD9;PSMB11;PSMA6;PSMB3;SEL1L;PSMF1;PSMD13;PSMD5;PSMC3;SHH;PSMB9;DERL2;PSMA4;PSME4"
"Homologous DNA Pairing And Strand Exchange R-HSA-5693579",0.468172484599589,1,0.0498907356726307,0.285848921558276,1.01904135994813,42,"RBBP8;PALB2;RAD17;POLR1B;RHNO1;XRCC3;RMI1;RFC2;RAD50;RAD51D;POLR1A;RFC3;SERPINA2;ATM;RAD9B;RFC5;WRN;RAD51B;RAD51AP1;MRE11;RMI2;HUS1;XRCC2;CHEK1;BRCA2"
"Homology Directed Repair R-HSA-5693538",0.993987975951904,1,0.00434551079568136,0.14330680853403,0.578069803278113,114,"RBBP8;UBB;ABRAXAS1;PALB2;RAD17;H2BC1;H2BC3;SLX4;POLR1B;RHNO1;XRCC3;LRIG3;SPIDR;RMI1;RFC2;POLE2;POLE;ERCC1;PIAS4;UIMC1;UBE2I;BRCC3;RAD50;RAD51D;POLR1A;RFC3;SERPINA2;ATM;TIMELESS;RAD9B;CLSPN;RFC5;CCNA2;WRN;SLX1A;H2BC14;SLC19A1;RAD51B;RAD51AP1;HERC2;H2BC9"
"Hyaluronan Metabolism R-HSA-2142845",0.602422907488987,1,0.0415717899246479,0.31089018405571,0.92156394124777,16,"HAS3;HEXB;CHORDC1;ABCC5;HAS2;SLC9A1"
"IGF1R Signaling Cascade R-HSA-2428924",0.467889908256881,1,0.0495901956956338,0.27669897901957,1.01746582850613,52,"TRIB3;FLT3;FGF9;FGF10;FGF13;FRS2;KLB;PIK3R2;PIK3R4;KL;FGFR1;FGFR2;FGF20;IRS2;FGF23;FGF17;FGF7;IRS4;AKT2;FGFR3;IGF1;FGF18;SOS1;THEM4;FGF16;IGF2;TLR9"
"IKK Complex Recruitment Mediated By RIP1 R-HSA-937041",0.494192185850053,1,0.048701086452153,0.315353685718595,1.00065076598945,21,"UBB;TLR4;UBE2D3;TRAF6;RIPK1;BIRC3;UBE2D2;IKBKB;CHUK;NDUFA2;UBE2D1;SARM1;TICAM1"
"IL-6-type Cytokine Receptor Ligand Interactions R-HSA-6788467",0.146288209606987,1,0.116234148779716,0.424118267592485,1.27636579181089,17,"CNTF;IL31RA;IL11;CCM2;CLCF1;JAK2;CNTFR;CRLF1;TYK2;OSMR;LIFR"
"IRAK4 Deficiency (TLR2/4) R-HSA-5603041",0.79746835443038,1,0.176694268938498,-0.170480038486271,-0.773299518113787,18,"HMGB1"
"IRE1alpha Activates Chaperones R-HSA-381070",1,1,NA,-0.129803235367879,-0.761555953464928,48,"MYDGF;ZBTB17;LMNA;WIPI1;HDGF;TLN1"
"IRS-mediated Signaling R-HSA-112399",0.514841351074719,1,0.0454059226590179,0.275183927940381,1.00043252164948,47,"TRIB3;FLT3;FGF9;FGF10;FGF13;FRS2;KLB;PIK3R2;PIK3R4;KL;FGFR1;FGFR2;FGF20;IRS2;FGF23;FGF17;FGF7;AKT2;FGFR3;FGF18"
"IRS-related Events Triggered By IGF1R R-HSA-2428928",0.473523421588595,1,0.0489954089862481,0.277059864948488,1.01721180528331,51,"TRIB3;FLT3;FGF9;FGF10;FGF13;FRS2;KLB;PIK3R2;PIK3R4;KL;FGFR1;FGFR2;FGF20;IRS2;FGF23;FGF17;FGF7;IRS4;AKT2;FGFR3;IGF1;FGF18;SOS1;THEM4;FGF16;IGF2;TLR9"
"ISG15 Antiviral Mechanism R-HSA-1169408",0.967676767676768,1,0.00966564348468499,0.164636859295456,0.632290465598703,72,"SGIP1;UBB;EIF4A2;UBE2L6;NDC1;NEDD4;NUP88;NUP58;NUP160;KPNA7;EIF2AK2;KPNA1;NUP98;SEH1L;KPNA4;MAPK3;ISG15;MX1;KPNA5;PLCG1;RNASE7;NUP155;RANBP2;NUP153;SEC13;TRIM25;NUP205;EIF4E3;KPNA2;IRF3;NUP85;EIF4A3;EIF4E2;MX2;NUP107;NUP37;ARIH1"
"Immunoregulatory Interactions Between A Lymphoid And A non-Lymphoid Cell R-HSA-198933",0.848848848848849,1,0.0193794652818346,0.20035281281299,0.808979682927904,115,"TREM1;CLEC1B;SLAMF7;ITGAL;ITGB7;ITGB2;ICAM1;ICAM5;KLRD1;SIGLEC8;LILRB5;CLEC4G;KLRK1;LILRA2;OSCAR;SH2D1A;SIGLEC5;PILRA;MICA;TREML4;KLRF1;NCR2;TREML2;SIGLEC9;CD300LF;HCST;JAML;CD40;CD96;LILRA3;ICAM4;LAIR2;SIGLEC10;SIGLEC12;CD3D;CD1D;FCGR2B;NCR1;CD8B;SLAMF6;ICAM3;NPDC1;SIGLEC11;PIANP;COLEC12;CD1B;PVR;MICB;HLA-G;CD3E;SIGLEC6;IGLL5;CD19;NECTIN2;CD33;CD300LB;FZR1;CD300E;KLRB1;TREML1;CD200;SIGLEC1;CD247;CD300A;ULBP3;TYROBP"
"Impaired BRCA2 Binding To PALB2 R-HSA-9709603",0.699470899470899,1,0.0327241935806629,0.261715797300308,0.851041342629365,24,"RBBP8;PALB2;RMI1;RAD50;RAD51D;ATM;WRN;RAD51B;RAD51AP1;MRE11;RMI2;XRCC2;BRCA2"
"Impaired BRCA2 Binding To RAD51 R-HSA-9709570",0.584886128364389,1,0.0400845633477088,0.273963747533216,0.944986472408286,34,"RBBP8;RAD17;POLR1B;RHNO1;RMI1;RFC2;RAD50;POLR1A;RFC3;SERPINA2;ATM;RAD9B;RFC5;WRN;MRE11;RMI2;HUS1;BRCA2;RPA3;RFC4;TOP3A;TOPBP1;DNA2;BLM;EXO1;RRAD"
"Inactivation Of APC/C Via Direct Inhibition Of APC/C Complex R-HSA-141430",0.631467793030623,1,0.0374584205912161,0.280258526017173,0.889290093740683,21,"ANAPC16;MAD2L1;BUB1B;ANAPC5;CDC23;ANAPC10;ANAPC4;UBE2D1;ANAPC15;CDC16;ANAPC2;UBE2C"
"Inactivation Of CSF3 (G-CSF) Signaling R-HSA-9705462",0.991534391534391,1,0.0119234526278759,0.157161467806835,0.511054005725367,24,"UBB;STAT5A;UBE2D3;CSF3;JAK2;UBE2D2;TYK2"
"Inactivation, Recovery And Regulation Of Phototransduction Cascade R-HSA-2514859",0.163541666666667,1,0.105920292736253,0.368709385109481,1.25191902054123,30,"CALM1;RGS9BP;PRKCA;GNB1;NMT1;CAMKMT;PPEF1;METAP1;GUCA1C;GRK4;METAP2;GNAT1;NMT2;PDE6B;RCVRN;RHO;CNGA1;GRK7;GRK1;GNB5"
"Incretin Synthesis, Secretion, And Inactivation R-HSA-400508",0.352380952380952,1,0.0646484568421928,0.33929291537479,1.10330481088179,24,"GNG13;GNB1;PCSK1;GCG"
"Infection With Mycobacterium Tuberculosis R-HSA-9635486",0.922505307855626,1,0.0177814832001704,0.199129634884287,0.65079005288303,25,"MAPK1;UBB;VPS33B;KPNA1;ATP6V1H;MAPK3"
"Inflammasomes R-HSA-622312",0.539598732840549,1,0.0446854397644147,0.304701712720145,0.966850923390788,21,"PANX1;MEFV;PSTPIP1;AIM2;NLRC4;NLRP3"
"Initial Triggering Of Complement R-HSA-166663",0.556975505857295,1,0.0436251240000606,0.302876494591126,0.948613471539353,20,"COLEC11;C1R;MASP1"
"Initiation Of Nuclear Envelope (NE) Reformation R-HSA-2995383",0.80042689434365,1,0.0263947139776277,0.249025560016767,0.772862513616603,19,"CCNB2;CCNB1;VRK1;EMD;ANKLE2;TMPO"
"Insertion Of Tail-Anchored Proteins Into Endoplasmic Reticulum Membrane R-HSA-9609523",0.424498416050686,1,0.0557104226766671,0.331384043083807,1.0515167938909,21,"SERP1;UBL4A;STX1A;PRNP;EMD;GET3"
"Insulin Processing R-HSA-264876",0.458551941238195,1,0.0518457624865066,0.303959387788271,1.01304019572256,27,"KIF5A;SLC30A8;STX1A;PCSK1;INS;PCSK2;EXOC1;SLC30A7;CLTRN;EXOC7;SLC30A6;RAB27A;SLC30A5;MYRIP"
"Insulin Receptor Recycling R-HSA-77387",0.855332629355861,1,0.0221551238181839,0.217611391845232,0.720046918003152,26,"ATP6V1C1;ATP6V1A;ATP6V1D;INS;ATP6V1B1;ATP6V1H;ATP6V0D2;ATP6V0C;ATP6V0A2;ATP6V0A4;ATP6V1G3;ATP6V1C2;ATP6V1E2;INSR;ATP6V1B2;ATP6V1G2"
"Insulin Receptor Signaling Cascade R-HSA-74751",0.228658536585366,1,0.0847985102819124,0.314211685228941,1.16257419482484,53,"MAPK1;TRIB3;FLT3;FGF9;FGF10;INS;FGF13;FRS2;KLB;PIK3R2;PIK3R4;KL;FGFR1;FGFR2;FGF20;IRS2;GRB10;FGF23;FGF17;FGF7;MAPK3;AKT2"
"Integrin Cell Surface Interactions R-HSA-216083",1,1,0.143902565267782,-0.140673062404483,-0.87315640262867,66,"JAM3;HSPG2;CD44;ITGB1;COL9A2;ITGAV;FN1;CD47;COL4A1;COL4A2;PECAM1"
"Integrin Signaling R-HSA-354192",0.959183673469388,1,0.206587922696891,-0.14186296587352,-0.723139743924052,27,"VWF;FN1;CSK;TLN1;PTK2;RAP1A"
"Interactions Of Rev With Host Cellular Proteins R-HSA-177243",0.912461380020597,1,0.0164369248025913,0.195615078759682,0.679503859370366,36,"NDC1;NUP88;RANGAP1;NUP58;NUP160;NUP98;SEH1L;RNASE7;NUP155;RANBP2;NUP153;SEC13;NUP205;NUP85;RANBP1;NUP107;NUP37"
"Interactions Of Vpr With Host Cellular Proteins R-HSA-176033",0.504106776180698,1,0.0465084048719156,0.284689937151553,0.993096259562174,37,"SLC25A4;SGIP1;NDC1;NUP88;NUP58;NUP160;PSIP1;KPNA1;NUP98;SEH1L;RNASE7;HMGA1;NUP155;RANBP2;NUP153;SEC13"
"Interconversion Of Nucleotide Di- And Triphosphates R-HSA-499943",0.559498956158664,1,0.0425023180036553,0.28511275714118,0.95789766889691,28,"AK6;CTPS1;DTYMK;DUT;GSR;GLRX;TYMS;GUK1;AK4;AK1;TXN2;RRM1;NME2;AK7;CTPS2;DCTD;RRM2;DCTPP1;AK9"
"Interferon Alpha/Beta Signaling R-HSA-909733",0.174375130381054,1,0.249246554383295,-0.183740379729056,-1.18476044073588,67,"HLA-B;IRF9;HLA-C;HLA-A;IFITM3;USP18;BST2;IFI6;IFNA14;IFITM1"
"Interleukin Receptor SHC Signaling R-HSA-912526",0.979591836734694,1,0.204294756516886,-0.116730584554972,-0.595028621482838,27,"GAB2;INPPL1"
"Interleukin-10 Signaling R-HSA-6783783",0.836233367451382,1,0.0216519363667421,0.21538559851726,0.771205933624693,43,"CCL20;CCL22;CXCL8;IL12A;ICAM1;IL1B;CXCL1;CSF3;IL1A;CD86;IL10RA;IL10RB;TYK2;CCR5;CCR2;FCER2;PTAFR;CXCL10;TNFRSF1A;CXCL2;IL1RN;CSF1;LIF;IL1R2;IL12B"
"Interleukin-17 Signaling R-HSA-448424",0.549848942598187,1,0.0416556773979467,0.255086462190313,0.976683517823578,68,"MAPK1;UBB;MAPK9;MAPK8;RPS6KA5;MAPK14;DUSP3;MAPK10;MEF2C;GDNF;TAB3;TRAF6;IL17RE;MAPK11;MAP3K8;CREB1;PPP2R1B;MAP2K1"
"Interleukin-2 Family Signaling R-HSA-451927",0.998976458546571,1,0.00730167173587984,0.119640622647289,0.428383135749665,43,"PTK2B;IL2RG;STAT5A;INPP5D;PIK3R2;IL9R;IL15RA;JAK2;PIK3R3;IL9;IL15;SOS1;CLSTN1;PTPN6;IL21R;IL5RA;PIK3CA;STAT4;STAT5B;HAVCR2"
"Interleukin-20 Family Signaling R-HSA-8854691",0.876857749469214,1,0.0210003441275487,0.215491637847439,0.704263905631516,25,"IL22;IFNL3;STAT5A;IL20RA;JAK2;IL10RB;IL22RA2;TYK2"
"Interleukin-3, Interleukin-5 And GM-CSF Signaling R-HSA-512988",0.912065439672802,1,0.0159484509317776,0.190655984047916,0.686100319479771,44,"PRKCA;CBL;VAV1;IL2RG;STAT5A;INPP5D;PIK3R2"
"Interleukin-37 Signaling R-HSA-9008059",0.609852972615125,1,0.143902565267782,-0.22599839185205,-1.04301559780718,21,"SIGIRR;STAT3;PTPN18;PTPN11;PTPN13;TBK1;PTPN9;CASP1;PTPN7;PTPN14;PTPN5;PTPN12;IL18BP;PTPN6;PTPN23;PTPN4;PTPN20;PTPN2;IL37;SMAD3;IL18R1"
"Interleukin-4 And Interleukin-13 Signaling R-HSA-6785807",0.932932932932933,1,0.0124136372369971,0.181510636098538,0.72742238485416,106,"POU2F1;HIF1A;FASLG;MMP2;CCL22;CXCL8;ITGB2;IL12A;ICAM1;IL2RG;FGF13;IRF4;IL1B;CCM2;IL23R;IL13RA2;RNASEH2A;FOXO3;RORA;RORC;IL1A;IL4"
"Interleukin-6 Family Signaling R-HSA-6783589",0.35978835978836,1,0.0636424081651019,0.336958065232664,1.09571239949398,24,"CNTF;IL31RA;CBL;IL11;CCM2;CLCF1;JAK2;CNTFR;CRLF1;TYK2;OSMR;LIFR"
"Interleukin-7 Signaling R-HSA-1266695",0.907643312101911,1,0.0188532541830902,0.205228146473158,0.67072104247047,25,"IL2RG;STAT5A;PIK3R2;RAG1;SOCS2;IRS2;PIK3R3;SOS1;TSLP;IL7;H3C7;STAT5B;CRLF2;SOCS1;H3C13;IRS1;CISH;SMARCA4"
"Intra-Golgi And Retrograde Golgi-to-ER Traffic R-HSA-6811442",0.358641358641359,1,0.0610363728309177,0.254010430070251,1.05610432078783,178,"RAB6B;KIF3C;KIFC2;TMED7;KIF5A;SCOC;DYNLL1;STX6;COG4;COG8;KIF3B;ALPP;CAPZA1;SYS1;MAN2A2;RAB30;ARCN1;KIF1B;ARFIP2;KIF3A;KIF4A;NBAS;KIF19;SURF4;NSF;GOLIM4;VAMP4;COG5;KIF9;DYNC1I1;GOSR2;RAB41;COG3;COPG1;COPZ2;DCTN3;DCTN4;DCTN2;KIF15;GOLGA1;KLC4;KIF27;NAA30;USP6NL;KIF18A;KIF16B;NAPG;KIF22;CAPZA3;CAPZA2;KIF23;KLC1;KIF25;MAN1C1;KIF26B;TMED3;RAB9A"
"Intra-Golgi Traffic R-HSA-6811438",0.143589743589744,1,0.11331290842208,0.351351637324367,1.24645560291945,40,"STX6;COG4;COG8;ALPP;MAN2A2;RAB30;NSF;GOLIM4;COG5;GOSR2;RAB41;COG3"
"Intracellular Signaling By Second Messengers R-HSA-9006925",0.261738261738262,1,0.0766746872490091,0.250911963175886,1.07580915796659,304,"CAMK2A;PIP5K1C;PRKAR1B;RRAGD;CHD3;AKT3;CAMK2G;ADCY1;CALM1;CAMK2B;RICTOR;MAPK1;UBB;PIP4K2B;ITPR1;PRKCA;PDE1B;ADCY2;SCMH1;PDE1A;PHLPP2;PSMD9;PSMB11;PTEN;MTA3;TNRC6A;TRIB3;VAV1;PSMA6;FLT3;PRKCG;FGF9;NEDD4;SNAI1;FGF10;AGO4;NRG2;NBEA;INS;FGF13;DPEP3;FRS2;GRK2;GDNF;MDM2;PSMB3;KLB;PIP5K1B;PIK3R2;HBEGF;TNRC6C;EPGN;RPTOR;PPP2R5C;PRKACG;IL1RL1;ADCY7;TRAF6;KL;FGFR1;PML;NRG3;PPP2R5E;AREG;FGFR2;FOXO3;CASP9;FRK;FGF20;ERBB4;CREB1;RHEB;CD86;PPP2R1B;RBBP7;EGF;CBX6;PSMF1;PSMD13;LAMTOR3;MLST8;RNF2;REST;PRKCE;IRS2;PSMD5;NR2E1;PSMC3;ESR1;FGF23;ADCY5;FGF17;MECOM;FGF7;CAMKK2;TP53;NRG4;PIK3R3;MAPK3;CD28;AKT2"
"Intrinsic Pathway Of Fibrin Clot Formation R-HSA-140837",0.893347412882788,1,0.0195287736089407,0.209823024474215,0.665790760250393,21,"SERPIND1;F8;F9;SERPINE2;PRCP;GP5;GP1BA;FAM110A;PROS1;PROC;KLKB1;ZNF160;SERPINC1"
"Inwardly Rectifying K+ Channels R-HSA-1296065",0.484536082474227,1,0.048505983646947,0.289953210900924,1.00359601107427,35,"GNG13;KCNJ6;GNB1;KCNJ15;UBD;GABBR2;GNG2"
"Iron Uptake And Transport R-HSA-917937",0.83367139959432,1,0.0212906370865403,0.21121341662978,0.786658089555596,57,"UBB;GLRX3;HFE;HEPH;ATP6V1C1;CYBRD1;ATP6V1A;ABCG2;ATP6V1D;ATP6V1B1"
"JNK (c-Jun Kinases) Phosphorylation And Activation Mediated By Activated Human TAK1 R-HSA-450321",0.306608884073673,1,0.0727141077934447,0.370237279553691,1.13130372571201,18,"MAPK9;MAPK8;MAPK10;TAB3;TRAF6"
"KEAP1-NFE2L2 Pathway R-HSA-9755511",0.723723723723724,1,0.0282923737721473,0.222758425282372,0.885238205049596,98,"AKT3;MAP1LC3B;UBB;CUL3;CDKN2A;GSTA1;FBXL17;UBL4A;PSMD9;SESN1;PSMB11;PSMA6;CREBBP"
"KSRP (KHSRP) Binds And Destabilizes mRNA R-HSA-450604",0.716157205240175,1,0.0330894161454377,0.280224372022179,0.843323265727529,17,"MAPK14;EXOSC8;MAPK11;EXOSC1;EXOSC4;PARN;EXOSC9"
"Keratan Sulfate Biosynthesis R-HSA-2022854",0.494780793319415,1,0.0481183992657975,0.297482893727214,0.999457805028706,28,"ACAN;CHST5;OMD;B3GNT4;B3GNT2;B4GALT6;ST3GAL3;B3GNT7;B4GALT1;ST3GAL6;CHST2;PRELP;CHST1;KERA;LUM;CHST6"
"Keratan Sulfate/Keratin Metabolism R-HSA-1638074",0.39460020768432,1,0.0583452776743612,0.311000613474568,1.06730474783358,33,"HEXB;ACAN;CHST5;OMD;GLB1;B3GNT4;B3GNT2;B4GALT6;ST3GAL3;B3GNT7;B4GALT1;ST3GAL6;CHST2;PRELP;CHST1;KERA"
"Keratinization R-HSA-6805567",0.308691308691309,1,0.0683110858318647,0.255939187588854,1.06887040346477,192,"SPRR2B;LIPM;LCE2D;KRT4;KRTAP12-1;KRTAP25-1;DSG3;KRTAP19-5;KRTAP15-1;KRTAP4-3;KRT9;KLK13;KRT81;LIPK;KRT25;KRT14;KRTAP13-3;KRTAP26-1;DSG2;SPRR2G;LCE3C;PKP3;KRT26;KRTAP21-2;RPTN;KRT5;KRT23;PKP1;KRT17;KRTAP3-3;CASP14;KRTAP19-6;LCE1A;KRTAP19-8;KRT84;KRTAP21-3;SPRR2E;KRTAP19-2;KRTAP19-4;LIPJ;KRTAP3-2;KRT3;KRTAP1-5;KRTAP1-1;KRTAP6-1;SPRR1B;KRTAP17-1;CDSN;KRT19;LCE2B;KRT24;KRT32;TGM1;KRTAP6-3;LORICRIN;KLK12;PPL;KRTAP19-7;KLK5;KRT2;SPINK9;KRT73;KRT27;KRT15;KRTAP5-4;KRT1;KRTAP10-11;KRTAP10-8;LCE1F;DSPP;KRTAP13-1;KRTAP4-4;KRTAP10-4;KRT71;PRSS8;KRT83;EVPL;KRTAP5-2;KRTAP1-3;KRTAP13-4;KRT74;KRT13;KRT82;KRT77;CSTA;KLK8;DSC3;KRT10;PERP;KRT33B;SPRR2A;KRTAP9-6;SPRR2F;TCHH;KRT7;KRT72;LCE2A;FURIN;LCE3E;KRT16;TGM5;KRT40;KRT31;KRT78;KRTAP4-1;KRTAP20-1;KRTAP10-5;KRTAP13-2"
"L1CAM Interactions R-HSA-373760",0.32032032032032,1,0.0665892104103933,0.272402468272995,1.08448438641414,99,"EZR;KCNQ2;ANK2;L1CAM;DNM1;MAPK1;SPTBN2;SCN2A;SPTBN4;SH3GL2;RPS6KA5;CD24;SCN3B;KIF4A;CNTN6;SPTBN5;NRCAM;MPP3;NUMB;LAMB1;SPTAN1;SCN1B;FGFR1;RPS6KA4;SPTBN1;NRP2;EPHB2;SPTA1;MAP2K1;SCN10A;ITGA5;HSPA8;RPS6KA3;SPTB;SCN7A;AP2A1;MAPK3;SCN11A;ITGA1;SCN5A;ANK1;AP2M1;EGFR;SDCBP;SCN2B"
"LDL Clearance R-HSA-8964038",0.934994582881907,1,0.0182442460385585,0.202693544415105,0.619354059242778,18,"SOAT1;CES3;NCEH1;AP2A1;AP2M1"
"Lagging Strand Synthesis R-HSA-69186",0.925452609158679,1,0.0177814832001704,0.197104751752673,0.617334874630722,20,"POLR1B;RFC2;LRIG1;PRIM1;POLR1A;RFC3;RFC5;SLC19A1"
"Laminin Interactions R-HSA-3000157",0.957627118644068,1,0.014944717875289,0.18038518601212,0.577099746866473,22,"LAMA2;LMNB2;LAMB3;LAMB1;NID2;LAMC2;ITGA1;LAMA4"
"Late Endosomal Microautophagy R-HSA-9615710",0.553401484162044,1,0.143902565267782,-0.191472768830802,-1.01115019040089,29,"RNASE1;RPS27A;CHMP6;PLIN3"
"Late Phase Of HIV Life Cycle R-HSA-162599",0.811623246492986,1,0.0221551238181839,0.209303493115435,0.851406306971343,131,"SGIP1;TAF3;UBB;GTF2B;TAF9B;GTF2F2;NMT1;NEDD4L;NDC1;CCNK;TAF5;NUP88;TAF4;TAF11;RANGAP1;NELFCD;TAF9;TBP;NUP58;SUPT5H;NUP160;ERCC3;VPS37A;SUPT4H1;MNAT1;MVB12A;NUP98;POLR2K;CHMP4C;SEH1L;VPS4A;CHMP2A;NELFA;NMT2;ELOA;VPS4B;NCBP1;GTF2H4;CCNT1;GTF2H5;GTF2H1;TCEA1;ERCC2;RNASE7;GTF2A2;NELFE;CHMP2B;POLR2D;NUP155;PDCD6IP;RANBP2;NUP153;SEC13;FURIN;CCNT2;NUP205;VPS37B;VPS28;NUP85;TAF7L;GTF2H3;CHMP7;CHMP5;NELFB;POLR2J;RNMT;GTF2E2;RANBP1;NUP107;GTF2F1;NUP37"
"Late SARS-CoV-2 Infection Events R-HSA-9772573",0.416101701521231,1,0.203508959461977,-0.173088125494864,-1.05487694883234,57,"ST3GAL2;DAD1;RPS27A;PRMT1;MAN2A1;ZDHHC20;GOLGA7;SRPK2;ZDHHC3;ST6GALNAC3;CANX;UBA52"
"Leishmania Infection R-HSA-9658195",0.542457542457542,1,0.0419081748591401,0.233090115948782,0.98899850352321,241,"PRKAR1B;GNG13;NCKIPSD;CYFIP2;HTR6;ADCY1;CALM1;MAPK1;CHGA;ITPR1;VAV3;PRKCA;ADCY2;FSHB;GNB1;RXFP2;MAPK8;ADORA2B;MAPK14;MC1R;GIPR;VAV1;GNG2;FZD7;GCG;GLP2R;MEFV;MYH2;PSTPIP1;DPEP3;NOX1;DPEP2;ABI1;PTGDR;TSHR;TAAR1;IAPP;GPR39;IL1B;PLK2;HRH2;NCKAP1;PRKACG;ADCY7;CRHR2;GPR150;RAMP1;WASF3;MC2R;LHB;VIPR1;ADAM17;CREB1;WIPF2;IL1A;CRK;WAS;ADM2;RHBDF2;CALCA;NLRP3;CRH;GNG4;GNB4;CYSLTR2;GPR83;NPSR1;ADCY5;SCTR;CYSLTR1;MYO10;NPS;DVL2;RAMP2;RXFP1;MAPK3"
"Listeria Monocytogenes Entry Into Host Cells R-HSA-8876384",0.291440953412784,1,0.0753093764172773,0.374375388870635,1.14394820736255,18,"CBLL1;UBB;SH3GL2;CBL;SH3GL3"
"Loss Of Nlp From Mitotic Centrosomes R-HSA-380259",0.151057401812689,1,0.108820126769161,0.316229209094842,1.21078889771457,68,"DYNLL1;TUBA4A;HAUS7;CEP70;YWHAG;PRKCA;CEP192;SFI1;CEP63;CEP164;TUBG1;AKAP9;CEP135;CKAP5;CEP76;HAUS2;DCTN3;DCTN2;CLASP1;HAUS8;NEDD1;CENPJ;CEP41;CETN2;CEP78;NINL;CEP152;ODF2;PCM1;ALMS1"
"Lysosome Vesicle Biogenesis R-HSA-432720",0.750517598343685,1,0.0281514818960232,0.237373214433901,0.818774303431923,34,"AP1G2;SH3GL2;ARRB1;AP4S1;AP1G1;AP4M1;VAMP7;HSPA8;CHMP2A;AP4E1;AP1B1;DNASE2;AP1M1;M6PR;AP4B1"
"M Phase R-HSA-68886",0.646353646353646,1,0.0337507376805299,0.220767757921065,0.957558480177406,369,"CENPQ;MAPK1;UBB;DYNLL1;TUBA4A;LPIN1;HAUS7;CEP70;CLIP1;AURKB;YWHAG;PRKCA;NCAPH2;PMEPA1;STAG2;NCAPG;TUBB2A;CEP192;SFI1;PRKCB;LPIN2;H2BC1;PSMD9;PSMB11;H2BC3;WAPL;PSMA6;CEP63;ANAPC16;NDC1;CEP164;CCNB2;CNEP1R1;NUP88;CCNB1;SGO2;MZT2A;MAD1L1;TUBG1;EML4;AKAP9;CEP135;SPDL1;CKAP5;NUDC;PSMB3;RANGAP1;MAD2L1;PDS5A;DYNC1I1;CEP76;H2AZ2;TUBA3C;NIPBL;HAUS2;PPP2R5C;RB1;DCTN3;MASTL;NUP58;H2AC20;DCTN2;PPP2R5E;NUP160;TUBB8;VRK1;SPC25;NCAPD2;CENPO;CLASP1;CENPU;CENPP;BUB1B;UBE2I;EMD;HAUS8;GORASP1;PPP2R1B;KIF18A;BUB1;TUBA4B;SKA2;PSMF1;NDC80;ANAPC5;PSMD13;BLZF1;NDEL1;NEDD1;KIF23;ANKLE2;SGO1;CENPJ;NUP98;TUBGCP6;CENPH;CHMP4C;SKA1;CENPF;CEP41;CETN2;SEH1L;H2AC14;PSMD5;PSMC3;MZT1;CEP78;ZWILCH;SUMO1;SPC24;VPS4A;CHMP2A"
"MAP Kinase Activation R-HSA-450294",0.404233870967742,1,0.055826471778749,0.278898568326242,1.05316318825417,61,"MAPK1;UBB;MAPK9;MAPK8;RPS6KA5;MAPK14;DUSP3;MAPK10;MEF2C;GDNF;TAB3;TRAF6;MAPK11;MAP3K8;CREB1;PPP2R1B;MAP2K1"
"MAP2K And MAPK Activation R-HSA-5674135",0.35523613963039,1,0.0628003977812234,0.313241795525384,1.09269494590248,37,"CNKSR2;MAPK1;FGG;ARRB1;KSR2;ARAF;ARRB2;FGA;MAP2K1;LAMTOR3;IL17RD;CNKSR1;VCL;MAPK3;RNASE3"
"MAP3K8 (TPL2)-dependent MAPK1/3 Activation R-HSA-5684264",0.514285714285714,1,0.191892240384838,-0.22584356817756,-0.94277256465731,15,"FBXW11;RPS27A"
"MAPK Family Signaling Cascades R-HSA-5683057",0.371628371628372,1,0.0593487680335629,0.24191675549743,1.03855555557695,314,"CAMK2A;NEFL;CNKSR2;CAMK2G;DUSP9;SHC3;CALM1;CAMK2B;MAPK1;SPTBN2;UBB;CUL3;PRKCA;SPRED2;SPTBN4;MMP2;SYNGAP1;FGG;GRIN2D;PSMD9;PSMB11;ARRB1;RASGRP1;TNRC6A;DNAJB1;PSMA6;FLT3;PPP5C;FGF9;IL2RG;KALRN;FGF10;AGO4;NRG2;PSPN;SPTBN5;FGF13;ABHD17C;FRS2;GPRIN1;MPP3;GDNF;PSMB3;KLB;PIK3R2;MRAS;PDE6D;ZNF367;SPTAN1;HBEGF;KSR2;GFRA4;TNRC6C;EPGN;PPP2R5C;PRKACG;ZDHHC9;KBTBD7;KL;FGFR1;SPTBN1;NRG3;ARAF;PPP2R5E;AREG;FGFR2;FOXO3;RAG1;RAPGEF2;FGF20;ERBB4;ARRB2;FGA;SPTA1;PPP2R1B;EGF;RASA2;ABHD17A;MAP2K1;PSMF1;PSMD13;LAMTOR3;DUSP8;PEA15;JAK2;IL17RD;IRS2;RGL3;PSMD5;CNKSR1;PSMC3;VCL;FGF23;SPTB;FGF17;RASGEF1A;FGF7;NCOA3;GFRA2;NRG4;MAPK3;SPRED1"
"MAPK1/MAPK3 Signaling R-HSA-5684996",0.321678321678322,1,0.0662842187012672,0.246550228470984,1.05365877303578,273,"CAMK2A;NEFL;CNKSR2;CAMK2G;DUSP9;SHC3;CALM1;CAMK2B;MAPK1;SPTBN2;UBB;CUL3;SPRED2;SPTBN4;SYNGAP1;FGG;GRIN2D;PSMD9;PSMB11;ARRB1;RASGRP1;PSMA6;FLT3;PPP5C;FGF9;IL2RG;FGF10;NRG2;PSPN;SPTBN5;FGF13;ABHD17C;FRS2;GPRIN1;MPP3;GDNF;PSMB3;KLB;PIK3R2;MRAS;PDE6D;SPTAN1;HBEGF;KSR2;GFRA4;EPGN;PPP2R5C;ZDHHC9;KBTBD7;KL;FGFR1;SPTBN1;NRG3;ARAF;PPP2R5E;AREG;FGFR2;RAPGEF2;FGF20;ERBB4;ARRB2;FGA;SPTA1;PPP2R1B;EGF;RASA2;ABHD17A;MAP2K1;PSMF1;PSMD13;LAMTOR3;DUSP8;PEA15;JAK2;IL17RD;IRS2;RGL3;PSMD5;CNKSR1;PSMC3;VCL;FGF23;SPTB;FGF17;RASGEF1A;FGF7;GFRA2;NRG4;MAPK3;SPRED1"
"MAPK6/MAPK4 Signaling R-HSA-5687128",0.953861584754263,1,0.0104610403416792,0.171270450276266,0.673302079813998,89,"UBB;PRKCA;MMP2;PSMD9;PSMB11;TNRC6A;DNAJB1;PSMA6;KALRN;AGO4;PSMB3;ZNF367;TNRC6C;PRKACG;FOXO3;RAG1;PSMF1;PSMD13"
"MECP2 Regulates Neuronal Receptors And Channels R-HSA-9022699",0.815817984832069,1,0.0261841515946199,0.24745280565733,0.756121267192465,18,"GRIA2;GPRIN1;CREB1;PTPN4;SIN3A;PTPN1;RNMT;TRPC3;HDAC1;SLC2A3;GRIN2B;OPRM1"
"MET Activates PTK2 Signaling R-HSA-8874081",0.834061135371179,1,0.025411808387565,0.244434572728943,0.735615395059822,17,"LAMA2;LMNB2;LAMB3;LAMB1;LAMC2;LAMA4;SOS1;ITGA3;ITGA2;RNMT;LAMA5;LAMC1;LAMC3;LAMA1"
"MET Promotes Cell Motility R-HSA-8875878",0.962421711899791,1,0.0133546284394486,0.173749740890866,0.583749648523755,28,"LAMA2;LMNB2;LAMB3;TNS3;LAMB1;TNS4;CRK;LAMC2"
"MHC Class II Antigen Presentation R-HSA-2132295",0.917917917917918,1,0.0138082722594766,0.183762208654656,0.733247642348869,101,"KIF3C;DNM1;SPTBN2;KIF5A;DYNLL1;SH3GL2;KIF3B;CAPZA1;KIF3A;KIF4A;DYNC1I1;CTSE;SEC24D;CTSK;DCTN3;DCTN4;AP1G1;DCTN2;HLA-DQA2;KIF15;KLC4;KIF18A;KIF22;CAPZA3;SEC31A;CAPZA2;KIF23;KLC1"
"MTOR Signaling R-HSA-165159",0.922290388548057,1,0.0151147394041638,0.187723961638972,0.66867719746634,41,"RRAGD;STK11;PRKAG2;CAB39;EEF2K;RPTOR;PRKAG3;RHEB;LAMTOR3;MLST8;EIF4EBP1;AKT2;PRKAA2;PRKAB2;PRKAA1;STRADB;CAB39L;PRKAG1;FKBP1A;SLC38A9;YWHAB;LAMTOR2;AKT1S1;STRADA;AKT1;TSC2;RRAGC"
"Macroautophagy R-HSA-1632852",0.963927855711423,1,0.00918593980608508,0.170524354219373,0.686049866779884,112,"RRAGD;MAP1LC3B;UBB;DYNLL1;IFT88;UVRAG;PGAM5;ATG7;PRKAG2;MTMR3;ATG9B;TOMM6;DYNC1I1;RPTOR;PIK3R4;WDR45B;PRKAG3;RHEB;LAMTOR3;MLST8;CHMP4C;MTERF3;AMBRA1;FUNDC1;PLIN2;ATG5;HSPA8;CHMP2A;RB1CC1;ATM;PRKAA2;TOMM22;MAP1LC3C;PRKAB2"
"Meiotic Recombination R-HSA-912446",0.985772357723577,1,0.00815591848796014,0.145314108854913,0.537658021774707,53,"RBBP8;H2BC1;H2BC3;PSMC3IP;POLR1B;SPO11;H2AZ2;MLH1;H2AC20;RAD50;H2AC14;PRDM9;POLR1A"
"Meiotic Synapsis R-HSA-1221632",0.25820216268401,1,0.203508959461977,-0.182104644069301,-1.10982767162571,57,"H2AJ;SUN2;HSPA2;SMC1A;LMNA;H2AC6;H2AC19;H2BC4;FKBP6;H2BC17;TERF2IP;H4C15;H2AB1"
"Metabolic Disorders Of Biological Oxidation Enzymes R-HSA-5579029",0.781704781704782,1,0.0262543396498271,0.234919953978233,0.805377357164964,32,"CYP24A1;CYP21A2;CYP26C1;FMO3;GCLM;CYP11A1;PRNP;TBXAS1"
"Metabolism Of Amine-Derived Hormones R-HSA-209776",0.946912242686891,1,0.0173914717556673,0.191638469020557,0.585573970978961,18,"CHGA;DIDO1;TPO"
"Metabolism Of Angiotensinogen To Angiotensins R-HSA-2022377",0.481012658227848,1,0.231126709673834,-0.212061076136498,-0.961911608204214,18,"CTSD;ATP6AP2;CTSZ;CMA1;KCTD11"
"Metabolism Of Carbohydrates R-HSA-71387",0.157842157842158,1,0.105520936843198,0.261425153171294,1.1182726054856,282,"IDS;ARSB;FUT9;CALM1;PFKFB2;ST6GALNAC6;HAS3;UBB;HS6ST3;DSEL;PRKCA;FUT7;TPI1;CHST9;GYS1;GLCE;FUT10;UBL4A;LALBA;PFKP;HS3ST4;PGM2L1;PYGB;HEXB;PFKFB1;GOLT1A;NDC1;PRPS2;KHK;PHKA1;NUP88;ACAN;CHSY3;HS6ST1;HS3ST2;XYLB;PHKB;CHST5;CHORDC1;HOOK2;GPC6;GBE1;GPC2;G6PC1;RPEL1;PRKACG;OMD;VCAN;CSPG5;NUP58;PYGM;NUP160;GLB1;B3GNT4;PFKFB4;CHPF2;PPP2R1B;HS2ST1;GPC3;FUT11;SDC1;XYLT2;GOT2;ALDH1A1;FUT5;ABCC5;SLC25A10;MAN2C1;HAS2;SLC9A1;GYS2;AKR1B1;NUP98;B3GNT2;G6PC3;B4GALT6;B3GALT1;ST3GAL3;TKFC;NDST3;NHLRC1;SEH1L;GNPDA2;B3GNT7;PFKM;SDC3;B4GALT1;MDH1;ST3GAL6;CHST2;RBKS;PRELP;B3GALT4;NDST4;SLC25A11;CHST15;CHST1;NAGLU;PAPSS2;SGSH;ENO2;EXT1;CHST14;KERA;FUT2;PHKA2;GALT;HPSE2;MAP4K2;B3GALT5;HS6ST2;SPAM1;PKLR;SLC25A13;RNASE7;SLC37A1;G6PC2;CEMIP;NUP155;RANBP2;PCK1;LUM;B3GALT2;PHKG1;CHST6;ABO;NUP153;MAN2B2;UGP2;DSE;CHST7;SEC13;PGAM2;ALDOB;PCK2;AGL;PGM2;SLC25A12;SHPK;ENO3;SLC37A2;PYGL;HS3ST1;FUT3;GYG2;NUP205"
"Metabolism Of Cofactors R-HSA-8978934",0.791889007470651,1,0.0269562963008323,0.250572876146082,0.777664681847776,19,"CALM1;GCHFR;COQ9;GCH1;COQ2;PDSS1;PTS;COQ6;IDH1;PRKG2;AKT1;PDSS2;COQ3"
"Metabolism Of Fat-Soluble Vitamins R-HSA-6806667",0.922051282051282,1,0.0153676328786693,0.186571949376325,0.675379732105694,46,"AKR1C4;RIMBP2;LRP8;GPIHBP1;LRP12;GPC6;GPC2;BCO1;GPC3;SDC1;APOA4;SDC3;AKR1C1;APOC2;PLB1;RBP4;LPL"
"Metabolism Of Folate And Pterines R-HSA-196757",0.443701226309922,1,0.0561766586307176,0.352197361120884,1.02654439361246,15,"MTHFR;FOLR2;SLC25A32;SHMT1;SLC19A1;MTHFD2L"
"Metabolism Of Nitric Oxide: NOS3 Activation And Regulation R-HSA-202131",0.833890746934225,1,0.0265350909115755,0.252353316894438,0.735530447596343,15,"CALM1;DDAH1;NOSTRIN;ZDHHC21"
"Metabolism Of Non-Coding RNA R-HSA-194441",0.989816700610998,1,0.0078803141868031,0.149034604023426,0.54717329280637,51,"NDC1;NUP88;GEMIN7;GEMIN8;NUP58;GEMIN5;NUP160;SNRPD2;NUP98;SEH1L;GEMIN4;NCBP1;RNASE7;NUP155;RANBP2;LIN9;NUP153;SEC13"
"Metabolism Of Nucleotides R-HSA-15869",0.267803410230692,1,0.0756946307932749,0.282125477376363,1.11619798451423,94,"AK6;CDA;HPRT1;TK1;GDA;AMPD3;CTPS1;NT5C2;TK2;UPP2;NT5M;SCO2;SAMHD1;ADSL;DTYMK;PAICS;PUDP;XDH;DPYS;ENTPD2;DUT;GSR;ENTPD4;NUDT9;ADAL;GLRX;NT5C3A;TYMS;UPB1;AMPD1;NUDT15;ENTPD7;GUK1;NT5C1A;AK4;ACOD1;UCKL1;ADPRM;AK1;AGXT2;PFAS;ENTPD3;TXN2;ITPA;COASY;ENTPD6;NUDT5;UCK2;ADK;RRM1;ENTPD1;NME2;DPYD;AK7;PPY;ATIC;CTPS2;NUDT16;NT5E;ADA;DCK"
"Metabolism Of Polyamines R-HSA-351202",0.973657548125633,1,0.00930780437504605,0.157330247713202,0.587774647420174,58,"SLC25A21;PSMD9;PSMB11;PSMA6;PSMB3;OAZ1;PSMF1;PSMD13;NPRL2;PSMD5;SMOX;PSMC3;RNASE12;AZIN2"
"Metabolism Of Porphyrins R-HSA-189445",0.955649419218585,1,0.0148592627836833,0.178555547918022,0.590816367105335,26,"GSTA1;HMBS;ABCG2;SLCO1B1;UROS;ALB;PPOX;COX10;ALAS1;ALAD;BLVRB;ALAS2;HMOX2;GUSB"
"Metabolism Of Steroid Hormones R-HSA-196071",0.534020618556701,1,0.0440640346597561,0.281461857370419,0.974205446626444,35,"CHGA;HSD11B2;CYP21A2;CYP11A1;SRD5A3;STARD3;HSD11B1;LHB;AKR1B1;FDXR;STARD3NL;FDX1;CD163L1;POMC;FDX2;AKR1B15;STARD4;HSD17B2"
"Metabolism Of Steroids R-HSA-8957322",0.687687687687688,1,0.0308468245215279,0.225502123139229,0.925421453887559,153,"SREBF2;CHGA;OSBPL7;CYP24A1;HSD11B2;NCOA1;GPAM;AKR1C4;CYP39A1;NR1H4;CYP21A2;CREBBP;MBTPS2;SH3D19;CYP8B1;SEC24D;CYP11A1;SLCO1B1;SRD5A3;CH25H;LMBR1;STARD3;HSD11B1;LHB;BAAT;PIAS4;UBE2I;ARV1;AKR1B1;FDXR;AKR1C2;SQLE;CARM1;MSMO1;SLC51A;INSIG2;AMACR;ELOVL6;SYCP2;STARD3NL;IDI2;CUBN;NCOA6;NSDHL;OSBPL3;ALB;SEC24C;AKR1C1;CHD9;FDX1;IDI1;PLPP6;SEC24A;HSD3B7;CD163L1;CYP27B1;TBL1XR1;CYP7B1;SEC24B;LIN9;POMC;FDX2;CYP7A1;PPARA;VDR;FABP6;MBD4;SEC23A;AKR1B15;CYP2R1;RXRA;STARD4;ACOT8;LRP2"
"Metabolism Of Vitamins And Cofactors R-HSA-196854",0.825174825174825,1,0.0210003441275487,0.206393290141368,0.861224809188558,183,"CALM1;SLC25A16;SLC25A19;RNLS;AKR1C4;PANK4;MTHFR;MOCS2;MMACHC;RIMBP2;LRP8;CTRB2;NMRK1;MTRR;QPRT;FOLR2;CYP8B1;NADSYN1;GPIHBP1;LRP12;CBLIF;GPC6;PDXK;SLC5A8;GPC2;BCO1;MMAB;SLC19A2;AOX1;SLC52A1;CD38;TCN1;GCHFR;GPC3;PANK1;SDC1;PPCDC;MOCS1;VNN1;COQ9;NUDT12;PANK2;SLC25A32;CD320;SP8;APOA4;GSTO2;AMN;SDC3;MCCC1;CUBN;MMUT;SHMT1;GCH1;COQ2;TCN2;AASDHPPT;SLC23A1;AKR1C1;APOC2;CTRB1;PLB1;RBP4;SLC52A2;MTR;SLC19A1;MTHFD2L;LPL;PARP10;TTR;ABCD4;NADK;SLC22A13;VNN2;PPCS;MMADHC;HLCS;COASY;ENPP1;LRP2;NMNAT3;UBIAD1;PDSS1;ACACA;CYB5R3;PTGIS;PTS;GPC5;COQ6;PNPO;ENPP3;CLPS;PRSS3;GPHN;NFS1;IDH1;SHMT2;PARP6;NAMPT;PROC;PARP9;PRKG2;NT5E;AKT1;SLC2A3;NMRK2;NAPRT;PRSS58;ACP5;PDSS2;SLC19A3;SDC2;THTPA;NADK2"
"Metabolism Of Water-Soluble Vitamins And Cofactors R-HSA-196849",0.590180360721443,1,0.0381628909049257,0.239257060192738,0.968098325750224,120,"SLC25A16;SLC25A19;RNLS;PANK4;MTHFR;MOCS2;MMACHC;CTRB2;NMRK1;MTRR;QPRT;FOLR2;CYP8B1;NADSYN1;CBLIF;PDXK;SLC5A8;MMAB;SLC19A2;AOX1;SLC52A1;CD38;TCN1;PANK1;PPCDC;MOCS1;VNN1;NUDT12;PANK2;SLC25A32;CD320;SP8;GSTO2;AMN;MCCC1;CUBN;MMUT;SHMT1;TCN2;AASDHPPT;SLC23A1;CTRB1;SLC52A2;MTR;SLC19A1;MTHFD2L;PARP10;ABCD4;NADK;SLC22A13;VNN2;PPCS;MMADHC;HLCS;COASY;ENPP1;LRP2;NMNAT3;ACACA;CYB5R3;PTGIS;PNPO;ENPP3;PRSS3;GPHN;NFS1;SHMT2;PARP6;NAMPT;PROC;PARP9;NT5E;SLC2A3;NMRK2;NAPRT;PRSS58;ACP5;SLC19A3;THTPA;NADK2"
"Metal Ion SLC Transporters R-HSA-425410",0.906019007391763,1,0.018625883535806,0.202588461492777,0.670338055760523,26,"SLC30A8;HEPH;SLC30A1;SLC41A1;SLC30A7;SLC30A10;SLC39A3;SLC30A6;SLC30A5;SLC39A14;SLC40A1;SLC11A1;SLC39A2"
"Metalloprotease DUBs R-HSA-5689901",0.966492146596859,1,0.0132626420191661,0.168119601355328,0.567468898422642,29,"UBB;ABRAXAS1;H2AC20;UIMC1;BRCC3;NLRP3;H2AC14;H2AC21"
"MicroRNA (miRNA) Biogenesis R-HSA-203927",0.948148148148148,1,0.0156180851425484,0.186012645898111,0.604871595616834,24,"BCDIN3D;AGO4;POLR2K;DICER1;DROSHA;POLR2D;AGO1;TARBP2;POLR2J;AGO2;XPO5;POLR2B;POLR2H"
"Miscellaneous Transport And Binding Events R-HSA-5223345",0.895569620253165,1,0.0193046440642709,0.209985216324514,0.679040317168942,23,"ADD2;LRRC8A;LRRC8E;NIPAL1;MRS2;TUSC3;NIPAL4;NIPAL2;NIPA2;ADD3;MMGT1;LRRC8B;LRRC8C"
"Mismatch Repair R-HSA-5358508",0.58974358974359,1,0.0431036828790402,0.315445236880471,0.91942352543709,15,"POLR1B;LRIG1;MLH1;MSH3;POLR1A;PMS2"
"Mitochondrial Biogenesis R-HSA-1592230",0.728184553660983,1,0.0280810636309052,0.224725123791841,0.883444242666727,89,"CALM1;APOOL;NCOA1;NR1D1;CRTC1;MAPK14;PRKAG2;CREBBP;MEF2C;CRTC2;HCFC1;GDNF;ATP5PD;MEF2D;MAPK11;PRKAG3;NRF1;CREB1;TWNK;APOO;ATP5MF;CARM1;CHCHD6;TFB2M;PPRC1;ESRRA;MICOS10;PRKAA2;NCOR1;DMAC2L;NCOA6;HDAC3;PRKAB2;CHD9;ACSS2;MAPK12;TBL1XR1;LIN9;ATP5F1E;PRKAG1;PPARA;MBD4;PPARGC1B;ALAS1;RXRA;CYCS;SIRT3;SAMM50;CHCHD3;SMARCD3"
"Mitochondrial Calcium Ion Transport R-HSA-8949215",0.898627243928194,1,0.0191546578437244,0.208254171221675,0.660812622115423,21,"MICU3;MCUB;SLC8B1;SLC8A3"
"Mitochondrial Fatty Acid Beta-Oxidation R-HSA-77289",0.977342945417096,1,0.0106794512946723,0.160156026386475,0.556330517673066,36,"ACBD7;PCTP;ACOT9;ACOT13"
"Mitochondrial Protein Import R-HSA-1268020",0.602215508559919,1,0.0374584205912161,0.246166684514423,0.935261328212835,63,"SLC25A4;HSCB;TIMM23;TIMM10;TIMM44;ACO2;COA6;OTC;TOMM6;CS;GFER;CHCHD4;CHCHD7"
"Mitochondrial Translation Elongation R-HSA-5389840",0.932730923694779,1,0.0127010968624207,0.181032790817665,0.706442488161131,82,"MRPL40;DLGAP3;MRPS31;MRPL44;MRPL37;MRPL34;MRPL38;MRPL17;MRPL35;OXA1L;MRPL51;MRPL45;MRPS15;MRPL15;MRPS7;MRPL47;MRPL42;MRPS18C;MRPS6;MRPS24;MRPL32;MRPL16;MRPL54;MRPL46;MRPL13;MRPS25;MRPL3;MRPL50;ERAL1;MRPL49;MRPS23;MRPL48;MRPS18A;MRPL1;MRPL11"
"Mitochondrial Translation Initiation R-HSA-5368286",0.860441767068273,1,0.0187018035626708,0.19988311593515,0.780001927412416,82,"MRPL40;DLGAP3;MRPS31;MRPL44;MRPL37;MRPL34;MRPL38;MRPL17;MRPL35;OXA1L;MRPL51;MRPL45;MRPS15;MRPL15;MRPS7;MRPL47;MRPL42;MRPS18C;MRPS6;MRPS24;MRPL32;MTIF2;MRPL16;MRPL54;MRPL46;MRPL13;MRPS25;MRPL3;MRPL50;ERAL1;MRPL49;MRPS23;MRPL48;MRPS18A;MRPL1;MRPL11"
"Mitochondrial Translation R-HSA-5368287",0.894894894894895,1,0.0157837626630889,0.190205295112667,0.746870837317846,88,"MRPL40;DLGAP3;MRPS31;MRPL44;MRPL37;MRPL34;MRPL38;MRPL17;MRPL35;OXA1L;MRPL51;MRPL45;MRPS15;MRPL15;MRPS7;MRPL47;MRPL42;MRPS18C;MRPS6;MRRF;MRPS24;MRPL32;MTIF2;MTRF1L;MRPL16;MRPL54;MRPL46;MRPL13;MRPS25;MRPL3;MRPL50;ERAL1;MRPL49;MRPS23;MRPL48;MRPS18A;MRPL1;MRPL11"
"Mitochondrial Translation Termination R-HSA-5419276",0.801204819277108,1,0.0230116943194552,0.211196530817982,0.824150155605375,82,"MRPL40;DLGAP3;MRPS31;MRPL44;MRPL37;MRPL34;MRPL38;MRPL17;MRPL35;OXA1L;MRPL51;MRPL45;MRPS15;MRPL15;MRPS7;MRPL47;MRPL42;MRPS18C;MRPS6;MRRF;MRPS24;MRPL32;MTRF1L;MRPL16;MRPL54;MRPL46;MRPL13;MRPS25;MRPL3;MRPL50;ERAL1;MRPL49;MRPS23;MRPL48;MRPS18A;MRPL1;MRPL11"
"Mitochondrial tRNA Aminoacylation R-HSA-379726",0.472016895459345,1,0.0508054139066364,0.32029229538583,1.01632149942382,21,"FARS2;MARS2;VARS2;CARS2;GARS1;WARS2;PPA2;NARS2;LARS2;EARS2;RARS2;TARS2;DARS2;SARS2;YARS2"
"Mitophagy R-HSA-5205647",0.891920251836306,1,0.0192297089064582,0.205005625564891,0.683245681463027,27,"MAP1LC3B;UBB;PGAM5;TOMM6;MTERF3;FUNDC1;ATG5;TOMM22;TOMM70"
"Mitotic Anaphase R-HSA-68882",0.803196803196803,1,0.0225842720346634,0.210583091556642,0.888892121902317,224,"CENPQ;UBB;DYNLL1;TUBA4A;CLIP1;AURKB;PMEPA1;STAG2;TUBB2A;PSMD9;PSMB11;WAPL;PSMA6;ANAPC16;NDC1;CCNB2;CCNB1;SGO2;MAD1L1;SPDL1;CKAP5;NUDC;PSMB3;RANGAP1;MAD2L1;PDS5A;DYNC1I1;TUBA3C;PPP2R5C;NUP58;PPP2R5E;NUP160;TUBB8;VRK1;SPC25;CENPO;CLASP1;CENPU;CENPP;BUB1B;UBE2I;EMD;PPP2R1B;KIF18A;BUB1;TUBA4B;SKA2;PSMF1;NDC80;ANAPC5;PSMD13;NDEL1;ANKLE2;SGO1;NUP98;CENPH;CHMP4C;SKA1;CENPF;SEH1L;PSMD5;PSMC3;ZWILCH;SUMO1;SPC24;VPS4A;CHMP2A"
"Mitotic G1 Phase And G1/S Transition R-HSA-453279",0.605605605605606,1,0.0369160593316849,0.234883918901341,0.960726363117724,146,"AKT3;MCM6;UBB;CDKN2A;LIN54;E2F2;ORC5;ORC6;PSMD9;E2F4;ORC3;TK1;POLR1B;PSMA6;CDC6;CDK6;CCNB1;TOP2A;RBL2;PSMB3;CABLES1;POLE2;CDT1;CCNE1;CCND2;RB1;POLE;RBL1;GMNN;PPP2R1B;PSMF1;MNAT1;PSMD13;PRIM1;CDC25A;LIN52;MCM4;JAK2;PSMD5;PSMC3;POLR1A"
"Mitotic G2-G2/M Phases R-HSA-453274",0.451548451548452,1,0.0502948063662358,0.244872355229299,1.02070221453774,181,"CDC25C;UBB;DYNLL1;TUBA4A;HAUS7;CEP70;LIN54;YWHAG;FBXL18;PRKCA;CDC25B;CEP192;SFI1;PSMD9;PSMB11;PSMA6;CEP63;CEP164;CCNB2;CCNB1;FOXM1;MZT2A;GTSE1;TUBG1;AKAP9;CEP135;CKAP5;FKBPL;PSMB3;CEP76;PPP1R12B;HAUS2;DCTN3;DCTN2;PPP1R12A;CLASP1;HAUS8;PPP2R1B;PSMF1;MNAT1;PSMD13;CDC25A;NEDD1;LIN52;CENPJ;TUBGCP6;BTRC;CENPF;CEP41;CETN2;PSMD5;PSMC3;MZT1;CEP78"
"Mitotic Metaphase And Anaphase R-HSA-2555396",0.828171828171828,1,0.0207818350435559,0.207799991261619,0.877640435740561,225,"CENPQ;UBB;DYNLL1;TUBA4A;CLIP1;AURKB;PMEPA1;STAG2;TUBB2A;PSMD9;PSMB11;WAPL;PSMA6;ANAPC16;NDC1;CCNB2;CCNB1;SGO2;MAD1L1;SPDL1;CKAP5;NUDC;PSMB3;RANGAP1;MAD2L1;PDS5A;DYNC1I1;TUBA3C;PPP2R5C;NUP58;PPP2R5E;NUP160;TUBB8;VRK1;SPC25;CENPO;CLASP1;CENPU;CENPP;BUB1B;UBE2I;EMD;PPP2R1B;KIF18A;BUB1;TUBA4B;SKA2;PSMF1;NDC80;ANAPC5;PSMD13;NDEL1;ANKLE2;SGO1;NUP98;CENPH;CHMP4C;SKA1;CENPF;SEH1L;PSMD5;PSMC3;ZWILCH;SUMO1;SPC24;VPS4A;CHMP2A"
"Mitotic Prophase R-HSA-68875",0.901901901901902,1,0.0151993170205216,0.189800155563594,0.761742866373282,108,"MAPK1;LPIN1;PRKCA;NCAPH2;PRKCB;LPIN2;H2BC1;H2BC3;NDC1;CCNB2;CNEP1R1;NUP88;CCNB1;H2AZ2;RB1;MASTL;NUP58;H2AC20;NUP160;VRK1;EMD;GORASP1;PPP2R1B;BLZF1;NUP98;SEH1L;H2AC14"
"Mitotic Spindle Checkpoint R-HSA-69618",0.487487487487487,1,0.0468819856878333,0.251547751408294,1.00956031684234,108,"CENPQ;DYNLL1;CLIP1;AURKB;ANAPC16;SGO2;MAD1L1;SPDL1;CKAP5;NUDC;RANGAP1;MAD2L1;DYNC1I1;PPP2R5C;PPP2R5E;NUP160;SPC25;CENPO;CLASP1;CENPU;CENPP;BUB1B;PPP2R1B;KIF18A;BUB1;SKA2;NDC80;ANAPC5;NDEL1;SGO1;NUP98;CENPH;SKA1;CENPF;SEH1L;ZWILCH;SPC24;KIF2B;CDC23;MIS12;KIF2A;ANAPC10;NUF2;ANAPC4;ERCC6L;UBE2D1;RANBP2;ITGB3BP;ANAPC15;SEC13;CDC16;CENPE;PPP2R5B;KNTC1;CENPA;ANAPC2;UBE2C;NUP85;CENPI;CENPN;PAFAH1B1;CDCA8;KNL1;CENPL;KANSL1;ZWINT;NUP107;NUP37;DSN1"
"Molecules Associated With Elastic Fibres R-HSA-2129379",0.957202505219207,1,0.0138082722594766,0.175456816120039,0.589484935148783,28,"VTN;TGFB2;MFAP2;FBLN2;ITGB6;BMP10;BMP7;EFEMP1;BMP4;FBLN1;LTBP3;FBLN5;EFEMP2;TGFB3;MFAP4;MFAP5;ITGA8;TGFB1"
"MyD88 Cascade Initiated On Plasma Membrane R-HSA-975871",0.845226130653266,1,0.0199001825208318,0.203265897097537,0.804316479716495,95,"MAPK1;UBB;MAPK9;MAPK8;RPS6KA5;MAPK14;DUSP3;NLRX1;MAPK10;CASP8;MEF2C;TANK;ECSIT;GDNF;AGER;TAB3;TRAF6;MAPK11;MAP3K8;CREB1;PPP2R1B;MAP2K1;NKIRAS1;PELI2;BTRC;NFKBIB;RPS6KA3;TP53;MAPK3;IRAK4;PELI3;TIFA;IKBKB;S100A12;HOXC13;ALPK1;CHUK"
"MyD88 Deficiency (TLR2/4) R-HSA-5602498",0.732558139534884,1,0.176694268938498,-0.182483126620087,-0.801889922546975,17,"HMGB1"
"MyD88 Dependent Cascade Initiated On Endosome R-HSA-975155",0.805805805805806,1,0.0225128737259091,0.209241702627363,0.834038271031749,100,"MAPK1;UBB;MAPK9;MAPK8;RPS6KA5;MAPK14;DUSP3;NLRX1;MAPK10;CASP8;IRF7;MEF2C;TANK;TLR4;ECSIT;GDNF;AGER;TAB3;TRAF6;MAPK11;MAP3K8;CREB1;PPP2R1B;MAP2K1;NKIRAS1;PELI2;BTRC;TLR7;NFKBIB;RPS6KA3;TP53;MAPK3;IRAK4;PELI3;TIFA;IKBKB;S100A12;HOXC13;ALPK1;CHUK"
"MyD88-independent TLR4 Cascade R-HSA-166166",0.839679358717435,1,0.0201218228563507,0.202562143137714,0.810890753341855,105,"MAPK1;UBB;MAPK9;MAPK8;RPS6KA5;MAPK14;DUSP3;NLRX1;MAPK10;CASP8;IRF7;MEF2C;TANK;TLR4;GDNF;TRAF3;AGER;TAB3;UBE2D3;TRAF6;MAPK11;MAP3K8;CREB1;PPP2R1B;MAP2K1;NKIRAS1;RIPK1;BTRC;BIRC3;NFKBIB;RPS6KA3;UBE2D2;TP53;MAPK3"
"MyD88:MAL(TIRAP) Cascade Initiated On Plasma Membrane R-HSA-166058",0.906813627254509,1,0.0148592627836833,0.188857775915386,0.760070270072773,111,"MAPK1;UBB;MAPK9;MAPK8;FGG;RPS6KA5;MAPK14;DUSP3;NLRX1;MAPK10;CASP8;MEF2C;TANK;TLR4;S100A8;ECSIT;GDNF;AGER;TAB3;TRAF6;MAPK11;MAP3K8;CREB1;FGA;PPP2R1B;MAP2K1;NKIRAS1;PELI2;BTRC;NFKBIB;RPS6KA3;TP53;MAPK3;IRAK4;PELI3;TIFA;IKBKB;S100A12;HOXC13;BTK;ALPK1;CHUK"
"Myogenesis R-HSA-525793",0.519371727748691,1,0.0460457683018055,0.290960165564641,0.982103474590495,29,"MAPK14;MEF2C;CDH2;CDH15;CDH4;CTNNA2;MEF2D;MAPK11;MEF2B;MYF5;CDON;BOC;MAPK12"
"N-Glycan Antennae Elongation R-HSA-975577",0.801560758082497,1,0.0285743975105342,0.262620482622425,0.765456002355788,15,"MGAT4C;MGAT4B;B4GALT6;B4GALT1;ST8SIA3;MGAT4A;B4GALT3;ST6GAL1;MGAT5;B4GALT2;B4GALT4"
"N-glycan Antennae Elongation In medial/trans-Golgi R-HSA-975576",0.416050686378036,1,0.0566484183613995,0.317987017765643,1.05217640568196,26,"CHGA;MAN2A2;MGAT4C;CHST10;MGAT4B;LHB;CHST8;B4GALT6;FUT8;B4GALT1;ST8SIA3"
"NCAM1 Interactions R-HSA-419037",0.197125256673511,1,0.0937465422491719,0.347285119326873,1.21144974935142,37,"CACNB1;CACNB4;CACNA1G;CACNB3;COL6A5;PSPN;COL4A5;CACNB2;GDNF;GFRA4;COL9A1;PRNP"
"NEP/NS2 Interacts With Cellular Export Machinery R-HSA-168333",0.67184265010352,1,0.0336033244336697,0.258615418319196,0.892045294562998,34,"PBRM1;BLOC1S6;NDC1;NUP88;NUP58;NUP160;NUP98;SEH1L;RNASE7;NUP155;RANBP2;NUP153;SEC13;NUP205;NUP85;NUP107;NUP37"
"NGF-stimulated Transcription R-HSA-9031628",0.489733059548255,1,0.0478299633114229,0.285427857219142,1.00721981879585,39,"ID4;CDK5R1;ID2;GDNF;NAB2;SH3GL3;EGR2;MEF2D;RNASEH2A;CREB1;REST;FOSL1;ARC;FOSB;LYL1;CDK5R2;F3"
"NIK To Noncanonical NF-kB Signaling R-HSA-5676590",0.151613268450009,1,0.249246554383295,-0.193125991889362,-1.17699672627464,57,"FBXW11;PSMB7;PSMB6;RPS27A;UBA3;PSMD4;PSME1;PSMD3;UBA52;NFKB2;SEM1"
"NLRP3 Inflammasome R-HSA-844456",0.670704845814978,1,0.0366082221336689,0.291456802653596,0.863958058285916,16,"PANX1;MEFV;PSTPIP1"
"NOD1/2 Signaling Pathway R-HSA-168638",0.965732087227414,1,0.012605799966357,0.167102720754254,0.573470017452259,33,"MAPK14;CASP8;TAB3;TRAF6;MAPK11;CASP9;BIRC3;MAPK12;IKBKB;HOXC13;MAPK13;CHUK;MAP2K6;IRAK2;NOD2;RIPK2;UBE2V1;ITCH;IKBKG;CYLD;IRAK1;BIRC2;TAB2;CASP1;UBE2N"
"NOTCH1 Intracellular Domain Regulates Transcription R-HSA-2122947",0.718974358974359,1,0.0298484971250709,0.240292842638389,0.869846277698938,46,"HDAC4;HIF1A;UBB;CREBBP;HES5;NBEA;MAML2;KAT2A;CCNC"
"NOTCH2 Activation And Transmission Of Signal To Nucleus R-HSA-2979096",0.833865814696486,1,0.0240742072753014,0.236348268484167,0.740246124948548,20,"UBB;NEURL1;PSEN2;DLL4;APH1A;MIB2;NOTCH2;MIB1;JAG2"
"NOTCH3 Activation And Transmission Of Signal To Nucleus R-HSA-9013507",0.424662066345391,1,0.203508959461977,-0.239353020002551,-1.19878746192134,24,"PSENEN;YBX1;RPS27A;PSEN1"
"NOTCH3 Intracellular Domain Regulates Transcription R-HSA-9013508",0.68042328042328,1,0.0340463727579649,0.265797631163761,0.864314555050538,24,"FABP7;CREBBP;HES5;MAML2;KAT2A;WWC1;HEYL;DLGAP5"
"NOTCH4 Intracellular Domain Regulates Transcription R-HSA-9013695",0.186766275346852,1,0.0992333343771191,0.399469835192551,1.23977338278102,19,"CREBBP;HES5;MAML2;FLT4;KAT2A;NOTCH4;SMAD3"
"NR1H2 And NR1H3-mediated Signaling R-HSA-9024446",0.67329574038035,1,0.143902565267782,-0.16634304681443,-0.998525577346819,45,"APOD;SCD;NR1H2;APOE;KDM1A;SREBF1"
"NR1H3 And NR1H2 Regulate Gene Expression Linked To Cholesterol Transport And Efflux R-HSA-9029569",0.950566426364573,1,0.0132626420191661,0.179068550313991,0.622026542134296,36,"NCOA1;TNRC6A;AGO4;ABCA1;RXRB;TNRC6C;CETP;KDM3A;NCOR1;HDAC3;APOC2;TBL1XR1;NR1H3;ARL4C;AGO1;EEPD1;RXRA"
"NS1 Mediated Effects On Host Pathways R-HSA-168276",0.493865030674847,1,0.0472587336673259,0.282023554255163,1.0045745797839,41,"NDC1;NUP88;NUP58;NUP160;KPNA7;EIF2AK2;KPNA1;NUP98;SEH1L;KPNA4;ISG15;KPNA5;CPSF4;RNASE7;PABPN1;NUP155;RANBP2;NUP153;SEC13;NUP205;KPNA2;NUP85"
"Na+/Cl- Dependent Neurotransmitter Transporters R-HSA-442660",0.363144012672674,1,0.203508959461977,-0.272337460470601,-1.24105685976619,19,"SLC6A20;SLC6A2;SLC6A3;SLC6A9;SLC6A7;SLC18A1;SLC22A1;SLC22A2;SLC6A5;SLC6A6;SLC6A19;SLC6A18;SLC6A1;SLC6A13;SLC6A11;SLC6A14;SLC6A15;SLC6A12;SLC18A2"
"Neddylation R-HSA-8951664",0.773226773226773,1,0.0247086313801197,0.214347200708287,0.906799424960391,234,"FBXL16;HIF1A;UBB;FBXO9;KLHL9;CUL3;WSB2;FBXL18;ASB14;FBXL22;ASB9;KLHL3;UCHL3;FBXO27;PSMD9;PSMB11;UBD;KLHL13;PSMA6;ASB6;ASB11;FBXO41;CUL7;ASB13;PSMB3;COMMD10;ASB12;KLHL11;OBSL1;KCTD7;NAE1;COMMD2;NEURL2;UBE2D3;GAN;KBTBD7;ASB15;FBXL14;ASB5;ANKRD9;COMMD8;DCUN1D2;DCAF7;FBXW8;SOCS2;COMMD7;RBBP7;CUL9;DCAF5;PSMF1;PSMD13;FBXW5;SPSB4;FBXO40;KLHL25;SOCS6;BTRC;COPS4;COPS5;FBXO2;PSMD5;PSMC3;COMMD9;COPS8;ASB2;HIF3A;DCUN1D4;FBXO17;UBE2D2;FBXO22;ZBTB16;FBXO10;FBXL12;FBXL13;PSMB9;FBXL20;SENP8;FBXW9;KLHL5;PSMA4;FBXO44;FBXO15;PUM2;FBXO6;UBXN7;ASB4;PSME4;FBXO11;WDTC1;UBE2M;DCUN1D3;ASB17;KLHL22;UBE2D1;CAND1;DTL;LMO7;KLHL42;CUL4B;LRR1"
"Nef-mediated Downmodulation Of Cell Surface Receptors By Recruitment To Clathrin Adapters R-HSA-164938",0.492063492063492,1,0.257206466468838,-0.210494290300338,-0.96893068200139,20,"B2M;HLA-A;AP2A2;AP1S3;CD4;LCK;AP2S1;AP1S1;AP1M2;AP1S2;AP2B1;CD8B;AP1M1;AP2M1;AP1B1;CD28;AP2A1;PACS1;ATP6V1H"
"Negative Epigenetic Regulation Of rRNA Expression R-HSA-5250941",0.929577464788732,1,0.0131702144400005,0.181056042191082,0.697748121961755,73,"DNMT1;H2BC1;H2BC3;POLR1B;SUDS3;DPEP2;POLR1D;DNMT3B;H2AZ2;TBP;SUV39H1;H2AC20;ERCC3;MNAT1;POLR2K;H2AC14;POLR1A;POLR1H;BAZ2A;SAP30L;GTF2H4;GTF2H5;TAF1C;H2BC14;SAP18;GTF2H1;ERCC2;H2BC9;POLR1G;SAP30BP;UBTF;SIN3A"
"Negative Regulation Of FGFR2 Signaling R-HSA-5654727",0.340602284527518,1,0.0653834195468773,0.32128233969145,1.10259000044001,33,"MAPK1;UBB;CBL;FGF9;FGF10;FGF13;FRS2;FGFR2;FGF20;FGF23;FGF17;FGF7;MAPK3"
"Negative Regulation Of FGFR3 Signaling R-HSA-5654732",0.458246346555324,1,0.05163559644842,0.305208499669158,1.02541364087698,28,"MAPK1;UBB;CBL;FGF9;FGF13;FRS2;FGF20;FGF23;FGF17;MAPK3;FGFR3;FGF18"
"Negative Regulation Of FGFR4 Signaling R-HSA-5654733",0.478125,1,0.0495901956956338,0.295858205075497,1.00455949665404,30,"MAPK1;UBB;CBL;FGF9;FGF13;FRS2;KLB;FGF20;FGF23;FGF17;MAPK3"
"Negative Regulation Of MAPK Pathway R-HSA-5675221",0.77025641025641,1,0.0263245268606861,0.231710856043588,0.822017785293986,40,"DUSP9;MAPK1;UBB;PPP5C;PPP2R5C;ARAF;PPP2R5E;PPP2R1B;MAP2K1;DUSP8;MAPK3;RNASE3;MAPK12;PAQR3"
"Negative Regulation Of MET Activity R-HSA-6807004",0.637912673056443,1,0.0373806494758473,0.285081960120581,0.892880737504253,20,"UBB;SH3GL2;CBL;LRIG1;SH3GL3;PTPN2;SH3KBP1;SOS1;STAM2"
"Negative Regulation Of NOTCH4 Signaling R-HSA-9604323",0.242804165880306,1,0.249246554383295,-0.173014220416248,-1.04756680260199,52,"PSMB7;PSMB6;RBX1;RPS27A;PSMD4;PSME1;PSMD3;UBA52;SEM1"
"Negative Regulation Of PI3K/AKT Network R-HSA-199418",0.223446893787575,1,0.0852884689790502,0.28144313346709,1.1338213146476,113,"PIP5K1C;AKT3;MAPK1;PIP4K2B;PHLPP2;PTEN;TRIB3;VAV1;FLT3;FGF9;FGF10;NRG2;INS;FGF13;FRS2;KLB;PIP5K1B;PIK3R2;HBEGF;EPGN;PPP2R5C;IL1RL1;TRAF6;KL;FGFR1;NRG3;PPP2R5E;AREG;FGFR2;FGF20;ERBB4;CD86;PPP2R1B;EGF;IRS2;ESR1;FGF23;FGF17;FGF7;NRG4;PIK3R3;MAPK3;CD28;AKT2"
"Negative Regulation Of TCF-dependent Signaling By WNT Ligand Antagonists R-HSA-3772470",0.871794871794872,1,0.0241447930798382,0.237469604982924,0.692149114555453,15,"WNT4;WIF1;DKK2;KREMEN2;LRP6;WNT5A;SOST;KREMEN1"
"Negative Regulators Of DDX58/IFIH1 Signaling R-HSA-936440",0.504672897196262,1,0.0469758727821845,0.289486400586982,0.993471383634441,33,"UBB;TRIM4;NLRX1;TAX1BP1;UBE2L6;RNF135;TRAF3;UBE2D3;RNF125;RNF216;OTUD5;ATG5;UBE2D2;ISG15;IFIH1"
"Nephrin Family Interactions R-HSA-373753",0.836864406779661,1,0.0235793094960052,0.231476094028077,0.740553025569782,22,"ACTN1;PIK3R2;SPTAN1;SPTBN1;MAGI2;KIRREL1;ACTN3;PIK3CA;CD2AP;NPHS1;ACTN2;CASK"
"Netrin-1 Signaling R-HSA-373752",0.398373983739837,1,0.0568864160475701,0.289392554053404,1.05822311473688,49,"EZR;NTN1;AGAP2;DCC;UNC5C;MAPK8;MAPK14;TRPC4;ROBO1;SLIT2;MAPK11;ABLIM2;TRIO;UNC5B;HJV;TRPC7;MYO10;ABLIM1;TRPC6;MAPK12;MAPK13;PLCG1"
"Neutrophil Degranulation R-HSA-6798695",1,1,0,0.127150264193786,0.55569658268708,458,"KCNAB2;ARSB;SYNGR1;APEH;MAPK1;DYNLL1;TOLLIP;TBC1D10C;DIAPH1;FLG2;FRMPD3;AHSG;RAB31;CYSTM1;CLEC12A;SERPINB12;PLPPR3;FPR2;CDA;MAPK14;ATG7;TRPM2;NDUFC2;PTPRN2;PYGB;ITGAL;HEXB;IRAG2;CYBB;AMPD3;ITGB2;CHIT1;PLAUR;LYZ;GLIPR1;ATP6V1D;SURF4;ITM2C;CEACAM8;RAB10;S100A8;CAB39;SFTPA2;CD59;PDXK;PKP1;SPTAN1;PGRMC1;FOLR3;ELANE;ACP3;ORMDL3;ATP11A;METTL7A;CD58;RNASE2;SCAMP1;CPPED1;RAB3A;CPNE1;ADAM8;GLB1;UBR4;RAB24;FRK;GHDC;EPX;OSCAR;CXCL1;TCN1;AGPAT2;RAB44;COTL1;PSMD13;LAMTOR3;SIGLEC5;GALNS;SNAP25;ORM1;A1BG;VNN1;APAF1;TNFAIP6;SERPINB6;TOM1;NIT2;PIGR;PSMC3;RNASET2;PRCP;PA2G4;B4GALT1;STK10;VCL;COMMD9;HSPA8;PRKCSH;MCEMP1;PIKFYVE;DYNLT1;TARM1;RAB18;CR1;SIGLEC9;AZU1;CALML5;CREG1;SIRPA;RHOF;RAP2C;DNASE1L1;ALDH3B1;COPB1;RAB14;MLEC;MGST1;S100A7;KRT1;SERPINB10;LGALS3;CD55;ABCA13;RNASE3;RAB5B"
"Nicotinamide Salvaging R-HSA-197264",0.955176093916756,1,0.0157010498237903,0.183153842171616,0.568426545571318,19,"RNLS;CYP8B1;SLC5A8;NUDT12;PARP10;SLC22A13;PTGIS;PARP6;NAMPT;PARP9;NAPRT"
"Nicotinate Metabolism R-HSA-196807",0.808532778355879,1,0.0244973552519294,0.228215467202645,0.778526213161009,31,"RNLS;NMRK1;QPRT;CYP8B1;NADSYN1;SLC5A8;CD38;NUDT12;PARP10;NADK;SLC22A13;NMNAT3;PTGIS;PARP6;NAMPT;PARP9;NT5E;NMRK2;NAPRT;NADK2"
"NoRC Negatively Regulates rRNA Expression R-HSA-427413",0.919273461150353,1,0.0143399359768684,0.188295647030475,0.720711977223906,70,"DNMT1;H2BC1;H2BC3;POLR1B;SUDS3;DPEP2;POLR1D;DNMT3B;H2AZ2;TBP;H2AC20;ERCC3;MNAT1;POLR2K;H2AC14;POLR1A;POLR1H;BAZ2A;SAP30L;GTF2H4;GTF2H5;TAF1C;H2BC14;SAP18;GTF2H1;ERCC2;H2BC9;POLR1G;SAP30BP;UBTF;SIN3A"
"Non-integrin membrane-ECM Interactions R-HSA-3000171",0.592024539877301,1,0.0389556479965885,0.265550483108324,0.945897110205899,41,"LAMA2;VTN;PRKCA;ACTN1;NRXN1;LMNB2;FGF13;LAMB3;LAMB1;SDC1;DDR2;LAMC2;SDC3;LAMA4;DAG1;TNNI3"
"Nonhomologous End-Joining (NHEJ) R-HSA-5693571",1,1,0.00617356336775808,0.107475483008856,0.391765190914473,48,"ABRAXAS1;H2BC1;H2BC3;PIAS4;UIMC1;BRCC3;RAD50;POLM;ATM;LIG4;TDP1;H2BC14;HERC2;H2BC9;MRE11;XRCC4;LRIF1;H2BC21;H2BC11;RNF168;TDP2;XRCC5;POLL;H2BC13;H2BC15;MDC1;H2BC5"
"Notch-HLH Transcription Pathway R-HSA-350054",0.893528183716075,1,0.0187775930480379,0.20363878025806,0.684168308924931,28,"HDAC4;CREBBP;MAML2;KAT2A;NOTCH4;NCOR1;HDAC3;NOTCH2;TBL1XR1;HDAC10;MAMLD1;HDAC1;HDAC9;HDAC11;TBL1X;KAT2B;NOTCH3;MAML3;MAML1;HDAC8;NOTCH1"
"Nuclear Envelope (NE) Reassembly R-HSA-2995410",0.809283551967709,1,0.0227269260340067,0.214964148369531,0.82278713739242,70,"TUBA4A;TUBB2A;NDC1;CCNB2;CCNB1;RANGAP1;TUBA3C;NUP58;NUP160;TUBB8;VRK1;UBE2I;EMD;TUBA4B;ANKLE2;NUP98;CHMP4C;SEH1L;SUMO1;VPS4A;CHMP2A;TMPO"
"Nuclear Envelope Breakdown R-HSA-2980766",0.576962283384302,1,0.0400031517498194,0.263372114903898,0.96846084523194,52,"LPIN1;PRKCA;PRKCB;LPIN2;NDC1;CCNB2;CNEP1R1;NUP88;CCNB1;NUP58;NUP160;VRK1;EMD;NUP98;SEH1L;TMPO;RNASE7;NUP155;RANBP2;NUP153;SEC13;NUP205;LPIN3;NUP85;LEMD2;LMNB1;NEK6;NUP107;NUP37"
"Nuclear Events (Kinase And Transcription Factor Activation) R-HSA-198725",0.268145161290323,1,0.0758886900606117,0.298812213525183,1.12836012523862,61,"ID4;CDK5R1;MAPK1;RPS6KA5;MAPK14;DUSP3;MEF2C;ID2;GDNF;NAB2;SH3GL3;EGR2;MEF2D;MAPK11;RNASEH2A;CREB1;PPP2R1B;REST;FOSL1;ARC;RPS6KA3;MAPK3;FOSB;LYL1;CDK5R2;F3"
"Nuclear Import Of Rev Protein R-HSA-180746",0.937694704049844,1,0.0150298748621405,0.184888035725582,0.634506395800646,33,"NDC1;NUP88;NUP58;NUP160;NUP98;SEH1L;RNASE7;NUP155;RANBP2;NUP153;SEC13;NUP205;NUP85;NUP107;NUP37"
"Nuclear Pore Complex (NPC) Disassembly R-HSA-3301854",0.730927835051546,1,0.0292811015816512,0.242834889380478,0.840508458501544,35,"NDC1;CCNB2;NUP88;CCNB1;NUP58;NUP160;NUP98;SEH1L;RNASE7;NUP155;RANBP2;NUP153;SEC13;NUP205;NUP85;NEK6;NUP107;NUP37"
"Nuclear Signaling By ERBB4 R-HSA-1251985",0.673596673596674,1,0.0336769978828608,0.257565472615887,0.88301311199622,32,"MXD4;PSEN2;NRG2;STAT5A;HBEGF;NRG3;ERBB4;ADAM17;APH1A;PGR;ESR1;NRG4;NCOR1"
"Nucleotide Catabolism R-HSA-8956319",0.181159420289855,1,0.0992333343771191,0.353319506938167,1.2187092544208,34,"GDA;NT5C2;UPP2;NT5M;SCO2;SAMHD1;XDH;DPYS;ENTPD2;ENTPD4;NUDT9;NT5C3A;UPB1;NUDT15;ENTPD7;NT5C1A;ADPRM;AGXT2;ENTPD3;ITPA;ENTPD6;NUDT5;ENTPD1;DPYD;PPY;NUDT16;NT5E"
"Nucleotide Excision Repair R-HSA-5696398",0.732732732732733,1,0.0276588991389961,0.222824251534544,0.890904361034564,103,"UBB;AQR;INO80;RNF111;POLR1B;RUVBL1;PIAS3;LRIG3;RFC2;LRIG1;POLE2;POLE;XPC;INO80C;ERCC1;ERCC3;NFRKB;ACTR5;UBE2I;INO80E;MNAT1;POLR2K;COPS4;COPS5;CETN2;POLR1A;RFC3;ACTR8;SUMO1;COPS8;XAB2;XPA;RFC5;HMGN1;GTF2H4;GTF2H5;SLC19A1;GTF2H1;TCEA1;ERCC2"
"Nucleotide Salvage R-HSA-8956321",0.186708860759494,1,0.0985499803531691,0.383842718363893,1.24125253093057,23,"CDA;HPRT1;TK1;AMPD3;TK2;UPP2;SCO2;PUDP"
"Nucleotide-binding Domain, Leucine Rich Repeat Containing NLR Signaling Pathways R-HSA-168643",0.914634146341463,1,0.0152836130945825,0.186052958156951,0.688390592051013,53,"PANX1;MAPK14;CASP8;MEFV;PSTPIP1;AIM2;TAB3;NLRC4;TRAF6;MAPK11;CASP9"
"Nucleotide-like (Purinergic) Receptors R-HSA-418038",0.420289855072464,1,0.0587185879555941,0.356791533464425,1.03993495919632,15,"ADORA2B;P2RY14;P2RY6;LPAR4;ADORA1;LPAR6;P2RY1;P2RY2;P2RY10;P2RY13"
"O-glycosylation Of TSR Domain-Containing Proteins R-HSA-5173214",0.849484536082474,1,0.0211456362513594,0.215054453996075,0.751730138729636,38,"ADAMTS2;SPON1;THSD7A;ADAMTS17;ADAMTS5;ADAMTS19;SEMA5B;ADAMTSL3;ADAMTS12;B3GLCT;ADAMTS6;ADAMTSL1;CFP;ADAMTS8;THSD1;THSD7B;ADAMTS16;ADAMTSL5;ADAMTSL2;ADAMTSL4;ADAMTS7;ADAMTS15;SEMA5A;SPON2;ADAMTS18"
"O-linked Glycosylation Of Mucins R-HSA-913709",0.494929006085193,1,0.046788296531803,0.269756274607625,1.00469922325261,57,"GALNT9;GCNT4;GALNT18;MUC17;CHST4;MUC19;MUC15;MUC13;ST6GALNAC2;ST6GALNAC4;B3GNT8;B3GNT4;GALNT3;C1GALT1;A4GNT;B3GNT2;B4GALT6;ST3GAL3;GALNT10;B3GNT7;B3GNT9;MUC4"
"O-linked Glycosylation R-HSA-5173105",0.798597194388778,1,0.0230827802358481,0.210156316142663,0.84129152109442,105,"ADAMTS2;SPON1;THSD7A;GALNT9;GCNT4;GALNT18;MUC17;CHST4;MUC19;MUC15;MUC13;ST6GALNAC2;B3GALNT2;ADAMTS17;ST6GALNAC4;B3GNT8;POMT2;B3GNT4;GALNT3;ADAMTS5;POMT1;ADAMTS19;C1GALT1;A4GNT;B3GNT2;B4GALT6;ST3GAL3;GALNT10;SEMA5B;B3GNT7;ADAMTSL3;B3GNT9;MUC4;ADAMTS12;B3GLCT;DAG1;POMK;GALNT14;ADAMTS6;ADAMTSL1;GALNT11;B3GNT6;C1GALT1C1;CFP;ADAMTS8;LARGE2;MUC7;THSD1;MUC12;POMGNT1;THSD7B"
"Olfactory Signaling Pathway R-HSA-381753",0.569430569430569,1,0.0396787203613389,0.225780574018036,0.980560421282302,381,"GNG13;OR51I2;OR3A1;OR6C6;OR51M1;OR6B3;OR6C75;OR2A5;OR2D3;GNB1;OR2L2;OR5B2;OR10J4;OR4K15;OR8J1;OR2AG2;OR52I1;OR2L5;OR5D14;OR4P4;OR5P3;OR9A2;OR52L1;OR4K13;OR5B12;OR4C11;OR6K3;OR4E2;OR4Q2;OR4D5;OR10Z1;OR8H3;OR8H2;OR10V1;OR2M2;OR8J3;OR13D1;OR4C45;OR5M3;OR6B2;OR9A4;GNAL;OR2V2;OR10AG1;OR5H2;OR2D2;OR52E5;OR11A1;RTP1;OR5J2;OR8K1;OR1L1;OR8D1;OR8I2;OR5K4;OR51L1;OR52R1;OR6C3;OR52H1;CNGA2;OR1D2;OR52E8;OR5AC2;OR12D3;OR10H2;OR10Q1;OR2W3;OR51F1;OR52B6;OR2C3;OR56A3;OR8U1;OR2T5;OR2AK2;OR6C68;OR10G2;OR2L13;OR4S2;OR7G3;OR13J1;OR6C65;OR2W1;OR4K1;OR5K2;OR4D10;OR4C6;OR52N1;OR2T10;OR3A2;OR7A5;OR10H1;OR6J1;OR52A5;OR6M1;OR6X1;OR2T3;OR1Q1;OR6N2;OR5AL1;OR1I1;OR10J1;OR52B2;OR7G2;OR4K2;OR13A1;OR2A7;OR52N5;OR9I1;OR9G9;OR5C1;OR52W1;OR10W1;OR10G8;OR56A1;LDB2;OR2F2;OR5T3;OR52N2;OR4C3;OR51B5;OR5K1;OR1J2;OR8K5;OR1G1;OR4A15;OR10A5;OR4D1;OR5D13;OR6C2;OR6C1;OR2B2;OR2T6;OR5M8;OR5D18;OR8U3;OR2K2;OR13H1;OR2B6;OR1J1;OR7G1;REEP1;LHX2;OR5T1;OR8S1;OR6V1;OR2J1;OR5H1;OR5M10;OR51D1;OR2L8;OR6C76;OR11H1;OR8B4;OR5M9;OR51A2;OR5AU1;OR2A12"
"Oncogenic MAPK Signaling R-HSA-6802957",0.206445115810675,1,0.0899860794997137,0.302218241015173,1.16937153142932,77,"CAMK2A;CNKSR2;CAMK2G;DUSP9;CALM1;CAMK2B;MAPK1;KIAA1549;SPRED2;FGG;ARRB1;ATG7;AKAP9;MRAS;ZC3HAV1;KSR2;ARAF;ARRB2;FGA;MAP2K1;CLCN6;DUSP8;TRAK1;JAK2;CNKSR1;VCL;BCL2L11;MAPK3;SPRED1;RNASE3;AGTRAP"
"Orc1 Removal From Chromatin R-HSA-68949",0.845921450151057,1,0.019974159565129,0.20622451582403,0.789599274877263,68,"MCM6;UBB;ORC5;ORC6;PSMD9;PSMB11;ORC3;PSMA6;CDC6"
"Organic Cation/Anion/Zwitterion Transport R-HSA-549132",0.396878483835006,1,0.0614364107201271,0.363321796465742,1.05896861933359,15,"RSC1A1;SLC22A5;SLC22A4;SLC22A6;SLC22A12;SLC22A16;SLC22A11;SLC22A18"
"Other Interleukin Signaling R-HSA-449836",0.286772486772487,1,0.0749278818393739,0.35574530104484,1.1568042959512,24,"CASP3;STX1A;CSF3;IL34;SDC1;SNAP25;IL10RB;CSF1R;IL32;TYK2;STX3"
"Other Semaphorin Interactions R-HSA-416700",0.655282817502668,1,0.0362254755857254,0.283906581244433,0.881117400149991,19,"SEMA3E;PLXNC1;SEMA6D;SEMA7A;PLXNA2;PLXNA4"
"Ovarian Tumor Domain Proteases R-HSA-5689896",0.36652977412731,1,0.0613026075396207,0.310943109497669,1.08467633969929,37,"OTUB1;UBB;TRIM4;TNIP3;PTEN;RNF135;TNIP1;RNF128;OTUB2;TRAF3;TRAF6;OTUD5;RIPK1;ESR1;TP53"
"Oxidative Stress Induced Senescence R-HSA-2559580",0.622622622622623,1,0.0356176233437444,0.242011556143507,0.950296223196249,88,"MAPK1;UBB;TNIK;CDKN2A;E2F2;SCMH1;MAPK9;MAPK8;H2BC1;MAPK14;MAPK10;H2BC3;TNRC6A;CDK6;AGO4;MDM2;H2AZ2;TNRC6C;MAPK11;H2AC20"
"P75 NTR Receptor-Mediated Signaling R-HSA-193704",0.316950852557673,1,0.0672065093710464,0.27631381614764,1.09320479506355,94,"PLEKHG5;ARHGEF11;UBB;CASP3;VAV3;ABR;ARHGEF6;ARHGEF33;MAPK8;SMPD2;PSEN2;MCF2;VAV1;ARHGEF17;AKAP13;ARHGEF9;KALRN;ARHGEF4;GNA13;FGD1;TIAM1;NGEF;PRDM4;MCF2L;TIAM2"
"PCNA-Dependent Long Patch Base Excision Repair R-HSA-5651801",0.781414994720169,1,0.0270967423183296,0.244303101290628,0.775199709123461,21,"POLR1B;RFC2;LRIG1;POLE2;POLE;POLR1A;RFC3;RFC5;SLC19A1"
"PCP/CE Pathway R-HSA-4086400",0.974974974974975,1,0.00759591053352814,0.157615548192043,0.618118175954164,87,"UBB;PRKCA;WNT4;PRKCB;PSMD9;PSMB11;SMURF1;PSMA6;PRKCG;FZD7;PSMB3;FZD4;RORA;ARRB2;PSMF1;PSMD13;FZD6;PSMD5;PSMC3;NCOA3;PARD6A;DVL2;AP2A1;SCRIB;AP2M1;PSMB9;PSMA4;SMURF2;PSME4"
"PERK Regulates Gene Expression R-HSA-381042",1,1,0.224966093540314,-0.106993964345718,-0.57017416589709,32,"EXOSC6;NFYA;KHSRP;ATF3"
"PI-3K cascade:FGFR1 R-HSA-5654689",0.158394931362196,1,0.108820126769161,0.401649787048009,1.27447746853904,21,"FGF9;FGF10;FGF13;FRS2;KL;FGFR1;FGF20;FGF23;FGF17"
"PI-3K cascade:FGFR2 R-HSA-5654695",0.424050632911392,1,0.0557104226766671,0.325406922352795,1.05228560196319,23,"FGF9;FGF10;FGF13;FRS2;FGFR2;FGF20;FGF23;FGF17;FGF7"
"PI-3K cascade:FGFR3 R-HSA-5654710",0.52762730227519,1,0.0468819856878333,0.316818124091148,0.968075188402061,18,"FGF9;FGF13;FRS2;FGF20;FGF23;FGF17;FGFR3;FGF18"
"PI-3K cascade:FGFR4 R-HSA-5654720",0.637912673056443,1,0.0373806494758473,0.285344307988063,0.893702414741568,20,"FGF9;FGF13;FRS2;KLB;FGF20;FGF23;FGF17;FGF18;FGF16;PIK3CA;FGF19;PIGU;FGFR4"
"PI3K Cascade R-HSA-109704",0.37321063394683,1,0.0602484086158019,0.300311015254854,1.08070819040155,44,"TRIB3;FLT3;FGF9;FGF10;FGF13;FRS2;KLB;PIK3R2;PIK3R4;KL;FGFR1;FGFR2;FGF20;IRS2;FGF23;FGF17;FGF7;AKT2;FGFR3;FGF18"
"PI3K Events In ERBB2 Signaling R-HSA-1963642",0.569383259911894,1,0.0441523058441465,0.319430671823279,0.946880294001608,16,"NRG2;HBEGF;NRG3;ERBB4;EGF;NRG4;EGFR;EREG"
"PI3K/AKT Signaling In Cancer R-HSA-2219528",0.714428857715431,1,0.0289981119993578,0.224090598850046,0.897072827644807,105,"AKT3;RICTOR;PTEN;VAV1;FLT3;FGF9;FGF10;NRG2;FGF13;FRS2;MDM2;KLB;PIK3R2;HBEGF;EPGN;KL;FGFR1;NRG3;AREG;FGFR2;FOXO3;CASP9;FGF20;ERBB4;CREB1;CD86;EGF;MLST8;IRS2;ESR1;FGF23;FGF17;FGF7;NRG4;PIK3R3;CD28;AKT2;MAPKAP1;EGFR;FGFR3;FGF18;CHUK;ICOS;SOS1;CLSTN1;EREG"
"PI5P, PP2A And IER3 Regulate PI3K/AKT Signaling R-HSA-6811558",0.426426426426426,1,0.0530212512043078,0.258662366482659,1.03661581240171,106,"PIP5K1C;MAPK1;PIP4K2B;VAV1;FLT3;FGF9;FGF10;NRG2;INS;FGF13;FRS2;KLB;PIP5K1B;PIK3R2;HBEGF;EPGN;PPP2R5C;IL1RL1;TRAF6;KL;FGFR1;NRG3;PPP2R5E;AREG;FGFR2;FGF20;ERBB4;CD86;PPP2R1B;EGF;IRS2;ESR1;FGF23;FGF17;FGF7;NRG4;PIK3R3;MAPK3;CD28"
"PINK1-PRKN Mediated Mitophagy R-HSA-5205685",0.917634635691658,1,0.0177814832001704,0.201810157105075,0.640365080342988,21,"MAP1LC3B;UBB;TOMM6;MTERF3;ATG5;TOMM22;TOMM70"
"PIP3 Activates AKT Signaling R-HSA-1257604",0.787212787212787,1,0.0237208606775806,0.211159837043325,0.900599707993057,266,"PIP5K1C;RRAGD;CHD3;AKT3;RICTOR;MAPK1;UBB;PIP4K2B;SCMH1;PHLPP2;PSMD9;PSMB11;PTEN;MTA3;TNRC6A;TRIB3;VAV1;PSMA6;FLT3;FGF9;NEDD4;SNAI1;FGF10;AGO4;NRG2;INS;FGF13;DPEP3;FRS2;GDNF;MDM2;PSMB3;KLB;PIP5K1B;PIK3R2;HBEGF;TNRC6C;EPGN;RPTOR;PPP2R5C;IL1RL1;TRAF6;KL;FGFR1;PML;NRG3;PPP2R5E;AREG;FGFR2;FOXO3;CASP9;FRK;FGF20;ERBB4;CREB1;RHEB;CD86;PPP2R1B;RBBP7;EGF;CBX6;PSMF1;PSMD13;LAMTOR3;MLST8;RNF2;REST;IRS2;PSMD5;NR2E1;PSMC3;ESR1;FGF23;FGF17;MECOM;FGF7;TP53;NRG4;PIK3R3;MAPK3;CD28;AKT2"
"PIWI-interacting RNA (piRNA) Biogenesis R-HSA-5601884",0.745549738219895,1,0.0290688186426821,0.244855285878423,0.826481613269577,29,"MAEL;TDRD6;TDRD1;ASZ1;TDRD12"
"PKMTs Methylate Histone Lysines R-HSA-3214841",0.901740020470829,1,0.016838053046391,0.19573744042317,0.711604426062969,47,"KMT2D;AEBP2;ASH1L;SMYD2;SUV39H1;SETD2;RBBP7;NSD3;EHMT2;PRDM9;KMT2A;SETDB2;MECOM;NSD1;SUV39H2;SUZ12;SETD1B;SETD6;EED;KMT2B;SETDB1;WDR5;KMT2C;SETD3;KMT5C;ASH2L;EHMT1;H3C7"
"PRC2 Methylates Histones And DNA R-HSA-212300",0.946611909650924,1,0.0133546284394486,0.176763424281851,0.623764007863491,39,"DNMT1;H2BC1;H2BC3;AEBP2;DNMT3B;H2AZ2;PHF1;H2AC20;RBBP7;PHF19;H2AC14;DNMT3A"
"PTEN Regulation R-HSA-6807070",0.826653306613226,1,0.0210730272985761,0.208041388286741,0.848106761938703,137,"RRAGD;CHD3;AKT3;MAPK1;UBB;SCMH1;PSMD9;PSMB11;PTEN;MTA3;TNRC6A;PSMA6;NEDD4;SNAI1;AGO4;DPEP3;GDNF;PSMB3;TNRC6C;RPTOR;PML;FRK;RHEB;RBBP7;CBX6;PSMF1;PSMD13;LAMTOR3;MLST8;RNF2;REST;PSMD5;NR2E1;PSMC3;MECOM;TP53;MAPK3;AKT2"
"Packaging Of Telomere Ends R-HSA-171306",0.476097716282687,1,0.203508959461977,-0.199574875621167,-1.05542257315146,30,"H2AJ;H2AC6;H2AC19;H2BC4;H2BC17;TERF2IP;H4C15;H2AB1;H3-4"
"Paracetamol ADME R-HSA-9753281",0.914556962025316,1,0.0179363489740654,0.201596518091696,0.651913339335207,23,"SULT1E1;CYP2E1;ABCG2;ABCC5;GGT6;GSTT1;GSTM1;UGT2B15;ABCC4;GGT5;SULT2A1;GGT7"
"Pausing And Recovery Of Tat-mediated HIV Elongation R-HSA-167238",0.954214360041623,1,0.0138082722594766,0.171107908002918,0.583711495510198,31,"GTF2F2;NELFCD;SUPT5H;SUPT4H1;POLR2K;NELFA;ELOA;CCNT1;TCEA1;NELFE;POLR2D"
"Peptide Hormone Metabolism R-HSA-2980736",0.752752752752753,1,0.0262543396498271,0.221912477112138,0.871374046100266,88,"GNG13;KIF5A;CHGA;SLC30A8;FSHB;GNB1;STX1A;PCSK1;GCG;INS;BCHE;ENPEP;CPA4;PCSK2;MBOAT4;CRHR2;LHB;EXOC1;INHBB;PAX6;SLC30A7;CLTRN;AOPEP;ACHE;EXOC7;AGXT;IGF1;LEP;KLF4;SPCS2;SLC30A6;RAB27A;POMC;CPB1;CTSG;GNAT3"
"Peptide Ligand-Binding Receptors R-HSA-375276",0.891108891108891,1,0.0159484509317776,0.195471005609489,0.816123503501387,191,"GPNMB;CCL20;CCKAR;QRFP;CCL22;RXFP2;FPR2;CXCL8;MC1R;SSTR1;OXT;MCHR2;CCL17;PROK1;NPFFR2;NTS;C5AR2;ACKR3;SFTPA2;BDKRB2;C5;CCL23;CCR3;UTS2R;CXCL5;UTS2B;MC2R;CCL1;CXCL1;CCL28;NMUR2;NTSR2;AVPR1A;AGTR2;F2RL1;NLRP3;CX3CR1;MRLN;EDNRA;RXFP4;F2R;NPSR1;PENK;NPS;EDN3;RXFP1;NPW;BDKRB1;CCL21;TRHR;NPY2R;RXFP3;NMUR1;PMCH;GHSR;CCR8;HCRTR1;AGXT;CCR6;SSTR2;CCR5;PRLHR;CCKBR;NPB;CXCL11;AVPR2;XK;CXCL16;CCR2;CXCR6;RLN2;GAL;ACKR2;CCL27;PYY;POMC;PNOC;CCL11;F2RL2;PROKR2;INSL3;CXCL10"
"Peroxisomal Lipid Metabolism R-HSA-390918",0.843979057591623,1,0.0224414263839237,0.220588389748448,0.744571421334798,29,"ACBD5;SLC25A17;EHHADH;PHYH;ACOXL;DECR2;AMACR;SYCP2;CROT;ACBD4;NUDT7;ACOT8;CRAT"
"Peroxisomal Protein Import R-HSA-9033241",0.970824949698189,1,0.00881182919930239,0.16501623590611,0.625276215890205,62,"UBB;PEX13;IDE;GNPAT;PEX14;PEX26;EHHADH;UBE2D3;BAAT;PHYH;HMGCL;DECR2;AMACR;SYCP2;UBE2D2;TYSND1;AGXT;GSTK1;CROT;UBE2D1;NUDT7;ZNF260;NANOS2;ACOT8;CRAT;HAO1"
"Phase 2 - Plateau Phase R-HSA-5576893",0.204013377926421,1,0.0965629554309422,0.421097700140177,1.22736718374682,15,"CACNB1;KCNE5;CACNB2;AKAP9;KCNE4;CACNA2D2"
"Phase 4 - Resting Membrane Potential R-HSA-5576886",0.523076923076923,1,0.245041785430996,-0.205485936219805,-0.936410768795416,19,"KCNK4;KCNK13;KCNJ12"
"Phase I - Functionalization Of Compounds R-HSA-211945",0.202202202202202,1,0.0908241419007155,0.289958422117332,1.15577544063727,100,"CYP3A43;CYP3A5;CYP24A1;MAOB;NCOA1;CYP4F2;MTARC1;CYP39A1;ADH7;NR1H4;CYP2E1;CYP21A2;ADH1A;CYP2F1;CYP26C1;CMBL;FMO3;CYP4F11;CYP8B1;CYP26A1;CYP11A1;MTARC2;CES3;FMO4;CYP2C9;CYP1A1;TBXAS1;ARNT2;AHR;ALDH1A1;ACSS1;FDXR;ADH6;SMOX"
"Phase II - Conjugation Of Compounds R-HSA-156580",0.828485456369107,1,0.0210003441275487,0.206008631781395,0.814166775401728,93,"SULT1E1;GSTA1;AS3MT;GSTA2;UGT2B7;BPNT2;MTRR;SULT4A1;GCLM;GSTM5;PRNP;UGT2B11;CHAC2;UGT2A3;PODXL2;SULT1A2;GGT6;GSTO2;TPST1;UGT3A2;ACSM2A;UGT2B10;MGST1;TPMT;PAPSS2;UGT2B28;GSTK1;ACSM4;MTR;ABHD14B;GSTT1;GSTM2;GSTM1;GLYATL1;UGP2;SULT6B1;ABHD10;GSTA4;UGT2B15;SULT1B1;GLYATL2;MAT1A;GLYATL3;COMT;GGT5;SULT2B1;SLC35D1;ACSM1;SULT2A1;TRMT112;CYP1A2;AKR1A1;ESD;GGT7;SLC26A2;UGT3A1;OPLAH;ACSM2B"
"Phospholipase C-mediated Cascade: FGFR1 R-HSA-5654219",0.18942731277533,1,0.10027910675413,0.416239890004099,1.23384942082307,16,"FGF9;FGF10;FGF13;KL;FGFR1;FGF20;FGF23;FGF17"
"Phospholipase C-mediated Cascade; FGFR2 R-HSA-5654221",0.33694474539545,1,0.0679922591544058,0.361233229328609,1.10379078704086,18,"FGF9;FGF10;FGF13;FGFR2;FGF20;FGF23;FGF17;FGF7;FGF18;PLCG1;FGF16"
"Phospholipase C-mediated Cascade; FGFR4 R-HSA-5654228",0.463768115942029,1,0.0541200569620232,0.347337421686465,1.01237920065411,15,"FGF9;FGF13;KLB;FGF20;FGF23;FGF17;FGF18;PLCG1;FGF16"
"Phosphorylation Of APC/C R-HSA-176412",0.570820021299255,1,0.0425023180036553,0.298998977841994,0.936469034153046,20,"ANAPC16;CCNB1;ANAPC5;CDC23;ANAPC10;ANAPC4;UBE2D1;ANAPC15;CDC16;ANAPC2;UBE2C"
"Phosphorylation Of CD3 And TCR Zeta Chains R-HSA-202427",0.197549218727847,1,0.249246554383295,-0.303184473162755,-1.33229070657082,17,"HLA-DRB1;CSK;PTPRJ;HLA-DPA1;HLA-DRA;TARP"
"Phototransduction Cascade R-HSA-2514856",0.192507804370447,1,0.0959206777921745,0.35835190574111,1.22246907966115,31,"CALM1;RGS9BP;PRKCA;GNB1;NMT1;CAMKMT;PPEF1;METAP1;GUCA1C;GRK4;METAP2;GNAT1;NMT2;PDE6B;RCVRN;RHO;CNGA1;GRK7;GRK1;GNB5"
"Plasma Lipoprotein Assembly R-HSA-8963898",0.932819383259912,1,0.0194541744944906,0.202611997949567,0.60059764170949,16,"PRKCA;ABCA1;PRKACG;APOA4;APOC2;ZDHHC8;SAR1B;APOB;PRKACB;TRNP1;APOA1"
"Plasma Lipoprotein Assembly, Remodeling, And Clearance R-HSA-174824",0.921291624621594,1,0.0141641602737639,0.187718462766235,0.718502772609446,70,"UBB;PRKCA;MBTPS2;CREB3L3;ABCA1;SOAT1;GPIHBP1;PCSK5;PRKACG;CES3;NCEH1;CETP;ANGPTL3;APOA4;AMN;LIPC;LCAT;AP2A1;CUBN;ALB;AP2M1;VLDLR;APOC2;LPL;NR1H3;ANGPTL4;APOF;LIPG;FURIN;ZDHHC8"
"Plasma Lipoprotein Clearance R-HSA-8964043",0.777777777777778,1,0.271288554688953,-0.153585863682811,-0.836481708242582,34,"NR1H2;RPS27A;APOE;AP2A2;UBA52;HDLBP;CLTA"
"Plasma Lipoprotein Remodeling R-HSA-8963899",0.842159916926272,1,0.0220834140571177,0.220244625025747,0.75584459898189,33,"MBTPS2;CREB3L3;GPIHBP1;PCSK5;CETP;ANGPTL3;APOA4;LIPC;LCAT;ALB;APOC2;LPL;ANGPTL4;APOF;LIPG;FURIN"
"Platelet Activation, Signaling And Aggregation R-HSA-76002",0.996003996003996,1,0.00288973010331959,0.160792040361448,0.684232189448225,253,"GNG13;CALM1;DGKI;MAPK1;TGFB2;APOOL;TUBA4A;CLEC1B;ITPR1;VAV3;MGLL;CDC37L1;PRKCA;AHSG;ACTN1;GNB1;F8;FGG;GNA14;PRKCB;MAPK14;ARRB1;RASGRP1;DGKG;VAV1;PRKCG;F5;GNG2;THPO;ADRA2B;DGKK;MMRN1;BRPF3;GNA13"
"Platelet Aggregation (Plug Formation) R-HSA-76009",0.966014418125644,1,0.0118236229287788,0.169071933273429,0.587301510184921,36,"FGG;RASGRP1;THPO;ADRA2B;ADRA2C;FGA;CRK"
"Platelet Sensitization By LDL R-HSA-432142",0.305676855895196,1,0.0732558655828455,0.375915882306093,1.13130277433588,17,"MAPK14;LRP8;PPP2R5C;PPP2R5E;PPP2R1B"
"Polymerase Switching On C-strand Of Telomere R-HSA-174411",0.984076433121019,1,0.0128901829648689,0.159011833886697,0.519678147575998,25,"RFC2;PRIM1;RFC3;RFC5;SLC19A1;ACD;CHTF8;TERF2;DSCC1;PRIM2;RFC4;POT1;POLA1;TERF1;STN1;POLD3;PCNA;CTC1;CHTF18;POLA2"
"Positive Epigenetic Regulation Of rRNA Expression R-HSA-5250913",0.951612903225806,1,0.0112106917277743,0.174217567613101,0.667085559346696,69,"CHD3;H2BC1;H2BC3;MTA3;POLR1B;MYBBP1A;DPEP3;POLR1D;H2AZ2;KAT2A;DDX56;TBP;H2AC20;RBBP7;POLR2K;H2AC14;EHMT2;POLR1A;POLR1H"
"Post-translational Modification: Synthesis Of GPI-anchored Proteins R-HSA-163125",0.423269809428285,1,0.053457214108991,0.263429761906082,1.03809943522786,91,"RTN4RL2;LY6H;THY1;LSAMP;SPRN;MSLN;CNTN3;TECTA;ALPP;PIGF;PLAUR;LY6E;LY6D;XPNPEP2;FOLR2;GPIHBP1;CPM;LYPD5;MDGA2;LYPD4;DPM1;ART4;PIGA;VNN1;CD52;CEACAM7;CNTN5;LY6G6F;PIGB;PIGZ;MDGA1;ALPL;LYPD6B;CD109;PSCA;GP2;NRN1;PRND;CNTN4;TEX101;VNN2;SPACA4;NEGR1;LYPD1;PIGW;PIGK;TECTB;NRN1L;LY6G6C;PGAP1"
"Post-translational Protein Phosphorylation R-HSA-8957275",0.952905811623247,1,0.0104610403416792,0.170277678983355,0.68165054560191,105,"GOLM1;AHSG;SERPIND1;MSLN;FGG;PPP3CA;TRIM26;F5;HRC;CDH2;LMNB2;STC2;LAMB1;BPIFB2;CHGB;VCAN;FGA;GPC3;SERPINA10;FBN1;HSP90B1;SCG2;IGFBP1;FGF23;PRKCSH;APLP2;PENK;DMTF1;PRSS23;ALB;TNNI3;MEPE;SPARCL1;AMTN"
"Postmitotic Nuclear Pore Complex (NPC) Reformation R-HSA-9615933",0.652587117212249,1,0.0359208664409425,0.265351201319878,0.878011546540267,26,"NDC1;RANGAP1;NUP58;NUP160;UBE2I;NUP98;SEH1L;SUMO1;NUP155;SEC13;NUP205;NUP85;NUP107;NUP37;TNPO1"
"Potassium Channels R-HSA-1296071",0.174174174174174,1,0.0995791200495904,0.293499476259039,1.17243015601527,102,"KCNAB2;GNG13;KCNQ2;KCNJ6;KCNN1;KCNC1;GNB1;KCNJ15;KCNV1;KCNB1;KCNQ5;UBD;GABBR2;GNG2;KCNAB1;KCNG1;KCNK10;KCND3;KCNA4;HCN2;HCN1;KCNG3;KCNA2;KCNJ1;KCNJ14;KCNS2;KCNN2;GNG4;KCNK16;KCNA1;GNB4;KCNK7;KCNN3;KCNK3;KCNG4;KCNH7;KCNA3;KCNMB1;KCNC3;GNG3"
"Potential Therapeutics For SARS R-HSA-9679191",0.742713567839196,1,0.0271669768425399,0.222563996310418,0.880678424566868,95,"FXYD7;CHD3;FXYD1;ATP1A2;CUL3;PHF21A;IFNAR1;ATP1A3;MTA3;VAV1;DPEP3;SUDS3;BRMS1L;ATP1B3;ATP1B2;BRD4;ZBP1;RBBP7;NR3C1;CD79A;RIPK1;FXYD3;JAK2;REST;TLR7;ROCK2;CYSLTR1;AP2A1;VEGFA;TYK2;AP2M1;SAP30L;IFNGR2;BTK;SH3KBP1;SAP18"
"Pre-NOTCH Expression And Processing R-HSA-1912422",0.986934673366834,1,0.00634596373149448,0.137972034794138,0.532906077614317,75,"H2BC1;H2BC3;TNRC6A;CREBBP;ATP2A2;AGO4;MAML2;SEL1L;H2AZ2;KAT2A;TNRC6C;H2AC20;POGLUT1;NOTCH4;ST3GAL3;H2AC14;B4GALT1;ST3GAL6;TP53"
"Pre-NOTCH Processing In Golgi R-HSA-1912420",0.52762730227519,1,0.0468819856878333,0.316518893584245,0.967160854254743,18,"ATP2A2;SEL1L;NOTCH4;ST3GAL3;B4GALT1;ST3GAL6;NOTCH2;RAB6A;FURIN"
"Pre-NOTCH Transcription And Translation R-HSA-1912408",0.989888776541962,1,0.00683906706351732,0.135949069488068,0.509901129133415,59,"H2BC1;H2BC3;TNRC6A;CREBBP;AGO4;MAML2;H2AZ2;KAT2A;TNRC6C;H2AC20"
"Presynaptic Function Of Kainate Receptors R-HSA-500657",0.539598732840549,1,0.0446854397644147,0.304930278244416,0.967576186095166,21,"GNG13;GNB1;GNG2;PLCB1;GNG4;GNB4;GNG3;PLCB2;GNG10;GNG11;GNB5;GRIK3;GNG12;GNB2"
"Presynaptic Phase Of Homologous DNA Pairing And Strand Exchange R-HSA-5693616",0.629363449691992,1,0.0363018462359236,0.260088278832349,0.91780133736321,39,"RBBP8;RAD17;POLR1B;RHNO1;RMI1;RFC2;RAD50;RAD51D;POLR1A;RFC3;SERPINA2;ATM;RAD9B;RFC5;WRN;RAD51B;MRE11;RMI2;HUS1;XRCC2;CHEK1;BRCA2;RPA3;RFC4;TOP3A;TOPBP1;DNA2;BLM;EXO1;RRAD"
"Processing Of DNA Double-Strand Break Ends R-HSA-5693607",0.961809045226131,1,0.00978249842757038,0.168949764280715,0.65255510894679,75,"RBBP8;UBB;ABRAXAS1;RAD17;H2BC1;H2BC3;POLR1B;RHNO1;RMI1;RFC2;PIAS4;UIMC1;UBE2I;BRCC3;RAD50;POLR1A;RFC3;SERPINA2;ATM;TIMELESS;RAD9B;CLSPN;RFC5;CCNA2;WRN"
"Processing Of Intronless Pre-mRNAs R-HSA-77595",0.736954206602769,1,0.0304894126298511,0.258944561624175,0.811018035157032,20,"PAPOLA;SYMPK;CPSF6;CSTF1;NUDT21;NCBP1;CPSF4;PABPN1;COLEC12;CPSF1"
"Processing Of SMDT1 R-HSA-8949664",0.897435897435897,1,0.0225128737259091,0.227818866209643,0.664020250243692,15,"MICU3;MCUB"
"Processive Synthesis On C-strand Of Telomere R-HSA-174414",1,1,0.173747838999571,-0.124072213776957,-0.565403935794181,19,"FEN1;POLD1;POLD2;TERF2IP"
"Processive Synthesis On Lagging Strand R-HSA-69183",0.979933110367893,1,0.0169971052149879,0.180195228112049,0.52521234283369,15,"POLR1B;LRIG1;PRIM1;POLR1A"
"Programmed Cell Death R-HSA-5357801",0.592407592407592,1,0.0378487722705029,0.230499966708314,0.967877434169343,205,"OMA1;AKT3;MAPK1;UBB;DYNLL1;CASP3;DCC;CDKN2A;YWHAG;PPP3R1;FASLG;PPP1R13B;MAPK8;PSMD9;PSMB11;NMT1;CASP8;PSMA6;DSG3;GAS2;OCLN;MAPT;SATB1;UACA;TANK;BBC3;TLR4;DSG2;IRF2;PSMB3;YWHAH;TP53BP2;BID;PKP1;GSDME;SPTAN1;IL1B;ELANE;H1-0;CASP9;OGT;H1-2;IL1A;PSMF1;PSMD13;TJP1;KPNA1;UNC5B;RIPK1;CASP6;APAF1;H1-3;CHMP4C;DAPK1;PSMD5;PSMC3;DNM1L;BIRC3;CHMP2A;BCL2L11;BMX;BAK1;TP73;TP53;MAPK3;AKT2;FLOT1;TP63;DFFB;CLSPN;ACIN1;SDCBP;PSMB9;DSPP;CASP7;GSDMD;PSMA4;BAX;STK24;XIAP;PSME4;MAGED1;NDUFA2;CHMP2B;H1-5;MLKL;PDCD6IP"
"Prostacyclin Signaling Thru Prostacyclin Receptor R-HSA-392851",0.72145144076841,1,0.031636972118622,0.26963453775394,0.836823443313732,19,"GNG13;GNB1;GNG2;GNG4;GNB4;GNG3;GNG10;GNG11;GNB5;GNG12;GNB2;GNGT2;GNGT1;GNG8;PTGIR;GNAS"
"Protein Folding R-HSA-391251",0.928786359077232,1,0.0129839954274655,0.182792732134604,0.720332549441937,91,"GNG13;RGS11;TUBA4A;TBCC;RGS9BP;GNB1;TUBB2A;KIFC3;GNA14;GNG2;NOP56;TBCD;TUBA3C;CCNE1;DCAF7;TUBA4B;FBXW5;GNG4;GNB4;CCT6B;TP53;AP3M1;TBCE;GNG3;HDAC3;TUBA8;FBXW9;FBXO6;CCNE2;GNG10;XRN2;CCT6A;GNAQ;GNG11;USP11;SPHK1;TCP1;GNB5"
"Protein Localization R-HSA-9609507",0.946053946053946,1,0.0108943796561199,0.180727991384914,0.743938453908691,160,"SLC25A4;UBB;SERP1;PEX13;ACBD5;HSCB;TIMM23;TIMM10;TIMM44;IDE;GDAP1;UBL4A;ACO2;STX1A;GNPAT;COA6;SLC25A17;PEX14;OTC;PEX26;TOMM6;CS;GFER;CHCHD4;CHCHD7;PRNP;EHHADH;UBE2D3"
"Protein Methylation R-HSA-8876725",0.146042363433668,1,0.11776578836269,0.448151813940877,1.30622140558958,15,"CALM1;KIN;ETFBKMT;CAMKMT"
"Protein Ubiquitination R-HSA-8852135",0.984909456740443,1,0.00683906706351732,0.146336818851494,0.563948263155602,73,"UBB;PEX13;UCHL3;H2BC1;H2BC3;PEX14;SELENOS;RTF1;UBE2D3;UBA1;HLTF;DERL1;UBE2A;UBE2D2;UBE2E3;UBE2Q2;RNF20;UBE2R2;UBE2H;H2BC14;CDC73;UBE2D1;H2BC9;RNF40;UBE2W;UBE2G1"
"Purine Catabolism R-HSA-74259",0.460352422907489,1,0.0538979025357319,0.340666839685021,1.0098301314534,16,"GDA;NT5C2;XDH;NUDT9;NUDT15;NT5C1A;ADPRM;ITPA;NUDT5;PPY;NUDT16;NT5E;NUDT1"
"Pyroptosis R-HSA-5620971",0.812101910828026,1,0.0253415500976615,0.235219371144302,0.768737546649281,25,"CASP3;IRF2;GSDME;IL1B;ELANE;IL1A;CHMP4C;CHMP2A;BAK1;TP53;TP63;GSDMD;BAX"
"Pyruvate Metabolism And Citric Acid (TCA) Cycle R-HSA-71406",0.924643584521385,1,0.0146010500585968,0.180869108821947,0.664052127286509,51,"PDK2;NNT;ACO2;PDK3;SDHD;CS;PPARD;PDHA1"
"Pyruvate Metabolism R-HSA-70268",0.992708333333333,1,0.0102389179310485,0.140683530078083,0.477678069217956,30,"PDK2;PDK3;PPARD;PDHA1"
"RAB GEFs Exchange GTP For GDP On RABs R-HSA-8876198",0.201201201201201,1,0.0911073131586733,0.297688452347853,1.16743966746019,87,"RAB6B;AKT3;RAB31;TRAPPC5;DENND2C;SBF1;DENND4A;RAB10;RAB12;RAB3A;DENND2B;CHML;ALS2;TRAPPC2;RAB39B;RAB9A;MADD;RAB18;RAB8B;RAB7B;RAB38;TRAPPC8;AKT2;DENND6A;RAB3IP;TRAPPC12;RAB14;TRAPPC6B;DENND2A;DENND1B;DENND4C;TRAPPC2L;RAB5B;TRAPPC11;RIN3;DENND6B;RINL"
"RAB Geranylgeranylation R-HSA-8873719",0.185110663983903,1,0.096240602328129,0.312933106901811,1.18575986075491,62,"RAB6B;RAB31;RAB3B;RAB29;RAB30;RAB22A;RAB40C;RAB10;RAB12;RAB23;RAB41;RAB2B;RAB3A;RAB24;RAB44;RAB40B;CHML;RABGGTA;RAB15;RAB39B;RAB9A;RAB18;RAB8B;RAB7B;RAB38;RAB14;RAB5B;RAB3C;RAB13;RAB6A;RAB27A;RAB26;RAB20"
"RAC1 GTPase Cycle R-HSA-9013149",0.627372627372627,1,0.0351652290409302,0.230533060652172,0.957646377419635,176,"CYFIP2;ARHGAP32;ARHGEF11;FAM13A;VAV3;ABR;ARHGAP30;ARHGEF6;MCF2;VAV1;CYBB;DOCK3;KALRN;ARHGEF4;GNA13;TIAM1;DOCK8;NOX1;NGEF;ABI1;NHS;MCF2L;TIAM2;OPHN1;PIK3R2;SWAP70;ARHGAP35;NCKAP1;ARHGAP20;EGR2;VANGL1;WASF3;GMIP;ARHGAP33;IQGAP3;GIT1;NISCH;WIPF2;EMD;WAS;ARHGAP25;TRIO;ALS2;CDC42EP4;PLD2;BAIAP2L1;CDC42BPA;GARRE1;PLEKHG1;SH3BP1;PRKCSH;ARHGAP4;MPP7;PARD6A;DIAPH3;TMPO;PIK3R3;ARHGAP44;NOXO1;SLC1A5;DOCK6;ECT2"
"RAC3 GTPase Cycle R-HSA-9013423",0.721163490471414,1,0.0285743975105342,0.224306141654063,0.885589297088069,92,"ARHGAP32;SLITRK3;ABR;SLITRK5;MCF2;CYBB;TIAM1;NOX1;DSG2;ABI1;NHS;OPHN1;PIK3R2;SWAP70;ARHGAP35;NCKAP1;VANGL1;SYDE1;GIT1;EMD;TRIO;BAIAP2L1;GARRE1;MPP7;NCOA3;DIAPH3;TMPO;IL32;NOXO1;SLC1A5"
"RAF-independent MAPK1/3 Activation R-HSA-112409",0.619198312236287,1,0.0383205781976994,0.279477847344708,0.903762319197558,23,"DUSP9;MAPK1;MAP2K1;DUSP8;PEA15;JAK2;MAPK3;TYK2"
"RAF/MAP Kinase Cascade R-HSA-5673001",0.260739260739261,1,0.0768736734126542,0.253251334676102,1.08013777665505,267,"CAMK2A;NEFL;CNKSR2;CAMK2G;DUSP9;SHC3;CALM1;CAMK2B;MAPK1;SPTBN2;UBB;CUL3;SPRED2;SPTBN4;SYNGAP1;FGG;GRIN2D;PSMD9;PSMB11;ARRB1;RASGRP1;PSMA6;FLT3;PPP5C;FGF9;IL2RG;FGF10;NRG2;PSPN;SPTBN5;FGF13;ABHD17C;FRS2;GPRIN1;MPP3;GDNF;PSMB3;KLB;PIK3R2;MRAS;PDE6D;SPTAN1;HBEGF;KSR2;GFRA4;EPGN;PPP2R5C;ZDHHC9;KBTBD7;KL;FGFR1;SPTBN1;NRG3;ARAF;PPP2R5E;AREG;FGFR2;RAPGEF2;FGF20;ERBB4;ARRB2;FGA;SPTA1;PPP2R1B;EGF;RASA2;ABHD17A;MAP2K1;PSMF1;PSMD13;LAMTOR3;DUSP8;PEA15;JAK2;IL17RD;IRS2;RGL3;PSMD5;CNKSR1;PSMC3;VCL;FGF23;SPTB;FGF17;RASGEF1A;FGF7;GFRA2;NRG4;MAPK3;SPRED1"
"RAS Processing R-HSA-9648002",0.584061135371179,1,0.0425877779273254,0.308706302574113,0.929038417889172,17,"CALM1;ABHD17C;PDE6D;ZDHHC9;ABHD17A"
"RHO GTPase Cycle R-HSA-9012999",0.953046953046953,1,0.0101263868834473,0.188925628655068,0.824577546497559,434,"PLEKHG5;CYFIP2;ARHGAP32;EFHD2;ARHGEF11;SLITRK3;AKAP12;CUL3;MTMR1;FAM13A;ACBD5;DIAPH1;VAV3;ABR;RND2;ACTN1;RND1;ARHGAP30;ZAP70;ARHGEF6;DBN1;STMN2;RHOJ;PTK2B;TOR1AIP1;VAPB;SLITRK5;MCF2;VAV1;ARHGEF17;ARHGEF28;CYBB;RHOBTB2;AKAP13;ANKRD26;DOCK3;ARHGEF9;KALRN;ARHGEF4;UACA;GNA13;WDR6;FGD1;PHIP;TIAM1;RBBP6;DOCK8;NOX1;FRS2;NGEF;DSG2;ABI1;NHS;MCF2L;TIAM2;OPHN1;NUDC;FAM135A;PIK3R2;SPTAN1;STARD13;SWAP70;ARHGAP35;NSFL1C;MUC13;NCKAP1;GOPC;SHKBP1;ARHGAP20;EGR2;ARHGDIG;CPNE8;VANGL1;ARHGAP28;SPTBN1;WASF3;GMIP;ARHGAP33;IQGAP3;SYDE1;PCDH7;TWF1;GIT1;LRRC1;NISCH;ITSN1;ACTC1;WIPF2;EMD;ARHGEF12;WAS;RHOC;ARHGAP25;TRIO;ALS2;ANKLE2;RHPN1;GFOD1;PDE5A;CDC42EP4;COPS4;PLD2;RHOV;BAIAP2L1;ZNF512B;CDC42BPA;RND3;HOMER2;ROCK2;STK10;GARRE1;PLEKHG1;SH3BP1;PRKCSH;ARHGAP4;MPP7;NCOA3;PARD6A;DIAPH3;TMPO;PIK3R3;KCTD3;RHOF;ARHGAP44;KIF14;ARHGEF10L;IL32;FLOT1;SCRIB;NOXO1;ARFGAP2;RNF20;SLC1A5;ARHGAP11B;DOCK6;ECT2"
"RHO GTPase Effectors R-HSA-195258",0.934065934065934,1,0.0121212734616549,0.190937126137073,0.81345686957619,258,"NCKIPSD;CYFIP2;CENPQ;CDC25C;CALM1;MAPK1;KIF5A;PFN2;DYNLL1;CLIP1;AURKB;DIAPH1;YWHAG;PRKCA;PRKCB;H2BC1;MAPK14;H2BC3;CYBB;EVL;SGO2;MAD1L1;NOX1;ABI1;S100A8;SPDL1;CKAP5;NUDC;RANGAP1;MAD2L1;YWHAH;MRTFA;DYNC1I1;H2AZ2;PPP1R12B;NCKAP1;GOPC;SCAI;PPP2R5C;PIK3R4;MAPK11;H2AC20;WASF3;PPP2R5E;AREG;PPP1R12A;NUP160;IQGAP3;SPC25;KLC4;CENPO;CLASP1;CENPU;CENPP;BUB1B;WIPF2;VPS72;PPP2R1B;KIF18A;BUB1;WAS;SKA2;RHOC;NDC80;NDEL1;KLC1;RHPN1;SGO1;NUP98;CENPH;SKA1;CENPF;SEH1L;H2AC14"
"RHO GTPases Activate Formins R-HSA-5663220",0.492985971943888,1,0.0464154956843849,0.249240070098012,1.00538250599844,114,"CENPQ;PFN2;DYNLL1;CLIP1;AURKB;DIAPH1;EVL;SGO2;MAD1L1;SPDL1;CKAP5;NUDC;RANGAP1;MAD2L1;MRTFA;DYNC1I1;SCAI;PPP2R5C;PPP2R5E;NUP160;SPC25;CENPO;CLASP1;CENPU;CENPP;BUB1B;PPP2R1B;KIF18A;BUB1;SKA2;RHOC;NDC80;NDEL1;SGO1;NUP98;CENPH;SKA1;CENPF;SEH1L;ZWILCH;SPC24;DIAPH3;DVL2"
"RHO GTPases Activate NADPH Oxidases R-HSA-5668599",0.24973544973545,1,0.0822054920415869,0.364980621360967,1.18683549575848,24,"MAPK1;PRKCA;PRKCB;MAPK14;CYBB;NOX1;S100A8;PIK3R4;MAPK11"
"RHO GTPases Activate WASPs And WAVEs R-HSA-5663213",0.83073727933541,1,0.0228693972350018,0.224241641940246,0.769561726682555,33,"NCKIPSD;CYFIP2;MAPK1;ABI1;NCKAP1;WASF3;WIPF2;WAS"
"RHOA GTPase Cycle R-HSA-8980692",0.903903903903904,1,0.0150298748621405,0.191596608019615,0.784037106280974,147,"PLEKHG5;ARHGAP32;ARHGEF11;FAM13A;ACBD5;DIAPH1;VAV3;ABR;ARHGAP30;VAPB;MCF2;VAV1;ARHGEF17;ARHGEF28;AKAP13;KALRN;ARHGEF4;TIAM1;NGEF;MCF2L;OPHN1;PIK3R2;STARD13;ARHGAP35;ARHGAP20;VANGL1;ARHGAP28;GMIP;IQGAP3;PCDH7"
"RHOB GTPase Cycle R-HSA-9013026",0.436491935483871,1,0.0522693317499306,0.268435279570783,1.02784868985506,69,"ARHGAP32;ARHGEF11;DIAPH1;ABR;MCF2;ARHGEF17;ARHGEF28;AKAP13;MCF2L;OPHN1;PIK3R2;STARD13;ARHGAP35;ARHGDIG;VANGL1;IQGAP3;PCDH7;ACTC1;ARHGEF12"
"RHOBTB GTPase Cycle R-HSA-9706574",0.479296066252588,1,0.0491927521045191,0.292731854767821,1.00972353199775,34,"CUL3;ACTN1;DBN1;RHOBTB2;PHIP;RBBP6;TWF1;PDE5A;COPS4;ROCK2;RNF20;RBM15;MSI2;CCT6A"
"RHOBTB1 GTPase Cycle R-HSA-9013422",0.555907172995781,1,0.0432768714901103,0.293044799845051,0.947634492153827,23,"CUL3;DBN1;RBBP6;PDE5A;COPS4;ROCK2;RNF20;RBM15"
"RHOBTB2 GTPase Cycle R-HSA-9013418",0.24364406779661,1,0.0835990603684159,0.372190964861712,1.19073697988288,22,"CUL3;ACTN1;DBN1;RHOBTB2;PHIP"
"RHOC GTPase Cycle R-HSA-9013106",0.459758551307847,1,0.0497903187820785,0.264696205117374,1.02007797020181,73,"ARHGAP32;ARHGEF11;ACBD5;DIAPH1;ABR;VAPB;MCF2;ARHGEF17;ARHGEF28;AKAP13;MCF2L;OPHN1;STARD13;ARHGAP35;VANGL1;IQGAP3;ARHGEF12;RHOC;ROCK2;STK10;DIAPH3;TMPO;ARHGEF10L;FLOT1"
"RHOD GTPase Cycle R-HSA-9013405",0.35677879714577,1,0.062249042949858,0.29622552000675,1.08412938474798,50,"ARHGAP32;EFHD2;AKAP12;DIAPH1;ACTN1;DBN1;TOR1AIP1;VAPB;PIK3R2;ARHGAP35;CPNE8;VANGL1;EMD"
"RHOF GTPase Cycle R-HSA-9035034",0.492307692307692,1,0.0475434194201301,0.28253602245166,1.00232522293991,40,"ARHGAP32;AKAP12;MTMR1;DIAPH1;ACTN1;TOR1AIP1;PIK3R2;VANGL1;SYDE1;BAIAP2L1;DIAPH3;TMPO;RHOF"
"RHOG GTPase Cycle R-HSA-9013408",0.743460764587525,1,0.0271669768425399,0.223752457687954,0.863279863392755,74,"ARHGAP32;VAV3;VAPB;MCF2;VAV1;DOCK3;KALRN;DSG2;MCF2L;OPHN1;ARHGAP35;ARHGDIG;VANGL1;ITSN1;EMD;TRIO;ANKLE2;GARRE1;PRKCSH;MPP7;DIAPH3;TMPO"
"RHOH GTPase Cycle R-HSA-9013407",0.981366459627329,1,0.010787337352153,0.155137178712509,0.535116549437379,34,"ZAP70;DBN1;UACA;NSFL1C;ARHGDIG;VANGL1"
"RHOJ GTPase Cycle R-HSA-9013409",0.607287449392713,1,0.0373029764832679,0.254220109476011,0.944236513339077,54,"ARHGAP32;RHOJ;DOCK8;OPHN1;PIK3R2;ARHGAP35;CPNE8;VANGL1;IQGAP3;SYDE1;GIT1;WIPF2;WAS;TRIO;CDC42BPA;MPP7;DIAPH3;TMPO;SCRIB;SLC1A5;ARHGEF7;FNBP1L"
"RHOQ GTPase Cycle R-HSA-9013406",0.853090172239108,1,0.0198261062533673,0.206458805878972,0.771315456475441,58,"ARHGAP32;ARHGEF9;OPHN1;ARHGAP35;GOPC;CPNE8;VANGL1;ARHGAP33;IQGAP3;SYDE1;GIT1;ITSN1;GFOD1;CDC42EP4;CDC42BPA;MPP7;DIAPH3;SCRIB;SLC1A5"
"RHOU GTPase Cycle R-HSA-9013420",0.557731958762887,1,0.042077210988939,0.274535080755601,0.959646687188941,38,"ARHGAP30;ARHGEF6;PTK2B;WDR6;PIK3R2;SPTAN1;VANGL1;SPTBN1;GIT1"
"RHOV GTPase Cycle R-HSA-9013424",0.973223480947477,1,0.0111060331981493,0.162428677837152,0.564224977760348,36,"WDR6;SPTAN1;VANGL1;SPTBN1;GIT1;RHOV;ZNF512B;PARD6A"
"RIP-mediated NFkB Activation Via ZBP1 R-HSA-1810476",0.852620087336245,1,0.024215353215022,0.235043167009043,0.707352361104834,17,"TLR3;ZBP1;NKIRAS1;RIPK1;NFKBIB;IKBKB;CHUK;TICAM1;MYD88;NKIRAS2"
"RIPK1-mediated Regulated Necrosis R-HSA-5213460",0.611458333333333,1,0.0383205781976994,0.270750240926746,0.919307699020647,30,"UBB;FASLG;CASP8;TANK;OGT;RIPK1;BIRC3;FLOT1;SDCBP;XIAP;MLKL;PDCD6IP;TNFSF10;TNFRSF10A;TNFRSF10B;RRM1;PELI1"
"RMTs Methylate Histone Arginines R-HSA-3214858",0.476383864799453,1,0.203508959461977,-0.174795508954153,-1.02552575138592,48,"H2AJ;SMARCB1;PRMT1;H2AC6;H2AC19;RPS2;SMARCE1"
"RNA Pol II CTD Phosphorylation And Interaction With CE R-HSA-77075",0.897571277719113,1,0.0192297089064582,0.207049286542518,0.68509832773701,26,"GTF2F2;SUPT5H;ERCC3;MNAT1;POLR2K;GTF2H4;GTF2H5;GTF2H1;ERCC2;POLR2D;GTF2H3;POLR2J;RNMT;GTF2F1"
"RNA Polymerase I Promoter Clearance R-HSA-73854",0.927565392354125,1,0.0133546284394486,0.181424723062111,0.699168932790553,73,"CHD3;H2BC1;H2BC3;MTA3;POLR1B;DPEP3;DPEP2;POLR1D;H2AZ2;KAT2A;TBP;H2AC20;ERCC3;RBBP7;MNAT1;POLR2K;H2AC14;EHMT2;POLR1A;POLR1H;MAPK3;GTF2H4;GTF2H5;TAF1C;H2BC14;GTF2H1;ERCC2;H2BC9;POLR1G;UBTF"
"RNA Polymerase I Promoter Escape R-HSA-73772",0.989858012170385,1,0.00730167173587984,0.143858982072964,0.534553989253906,55,"H2BC1;H2BC3;POLR1B;POLR1D;H2AZ2;TBP;H2AC20;ERCC3;MNAT1;POLR2K;H2AC14;POLR1A;POLR1H;GTF2H4;GTF2H5;TAF1C;H2BC14;GTF2H1;ERCC2;H2BC9;POLR1G;UBTF"
"RNA Polymerase I Promoter Opening R-HSA-73728",0.367870625875036,1,0.203508959461977,-0.207156245892504,-1.093973199197,29,"H2AJ;H3-3B;H2AC6;H2AC19;H2BC4;H2BC17;H4C15;H2AB1"
"RNA Polymerase I Transcription Initiation R-HSA-73762",0.455010224948875,1,0.051011413203915,0.28604677657266,1.02937647497776,44,"CHD3;MTA3;POLR1B;DPEP3;POLR1D;KAT2A;TBP;ERCC3;RBBP7;MNAT1;POLR2K;EHMT2;POLR1A;POLR1H;GTF2H4;GTF2H5;TAF1C;GTF2H1;ERCC2;POLR1G;UBTF"
"RNA Polymerase I Transcription R-HSA-73864",0.932595573440644,1,0.0128901829648689,0.179049970486575,0.690809100643227,74,"CHD3;H2BC1;H2BC3;MTA3;POLR1B;DPEP3;DPEP2;POLR1D;H2AZ2;KAT2A;TBP;H2AC20;ERCC3;RBBP7;MNAT1;POLR2K;H2AC14;EHMT2;POLR1A;POLR1H;MAPK3;GTF2H4;GTF2H5;TAF1C;H2BC14;GTF2H1;ERCC2;H2BC9;POLR1G;UBTF"
"RNA Polymerase I Transcription Termination R-HSA-73863",0.393717277486911,1,0.0588438169595807,0.313205584860358,1.057190397715,29,"POLR1B;POLR1D;TBP;ERCC3;MNAT1;POLR2K;POLR1A;POLR1H;GTF2H4;GTF2H5;TAF1C;GTF2H1;ERCC2;POLR1G;UBTF"
"RNA Polymerase II Pre-transcription Events R-HSA-674695",0.638469284994965,1,0.0347156757446657,0.239862941914727,0.929875380744398,78,"TAF3;GTF2B;TAF9B;GTF2F2;AFF4;CCNK;TAF5;RTF1;TAF4;TAF11;NELFCD;TAF9;TBP;SUPT5H;ERCC3;SUPT4H1;MNAT1;POLR2K;NELFA;ELOA;NCBP1;GTF2H4;MLLT3;CCNT1;GTF2H5;GTF2H1;TCEA1;CDC73;ERCC2;GTF2A2;NELFE;POLR2D"
"RNA Polymerase II Transcribes snRNA Genes R-HSA-6807505",0.620724346076459,1,0.035996889024589,0.24321737076034,0.938379228430864,74,"POU2F1;INTS4;SSU72;GTF2B;GTF2F2;CCNK;TAF5;SNAPC5;POU2F2;TAF11;ICE2;TAF9;TBP;TAF8;INTS9;NABP1;SUPT5H;SUPT4H1;RPAP2;INTS13;INTS6;POLR2K"
"RNA Polymerase II Transcription Termination R-HSA-73856",1,1,NA,-0.127384476229318,-0.82137681669595,67,"SNRPD3;SRSF4;SRSF9;CPSF2;SRSF1;SNRPG;CSTF3;DDX39B;THOC1;RBM8A;SRSF3;SRSF5;SRSF2"
"RNA Polymerase III Abortive And Retractive Initiation R-HSA-749476",0.197125256673511,1,0.0937465422491719,0.339697687688378,1.198727576111,39,"POU2F1;POLR3H;CRCP;GTF3C4;SSB;SNAPC5;GTF3C6;POLR1D;NFIA;TBP;POLR3G;POLR3C;POLR2K;POLR3D;NFIB"
"RNA Polymerase III Chain Elongation R-HSA-73780",0.23471615720524,1,0.0873098257637931,0.396426109717263,1.1930274267506,17,"POLR3H;CRCP;POLR1D;POLR3G;POLR3C;POLR2K;POLR3D"
"RNA Polymerase III Transcription Initiation From Type 1 Promoter R-HSA-76061",0.29800629590766,1,0.0725351864394589,0.340700299868001,1.13549083307613,27,"POLR3H;CRCP;GTF3C4;GTF3C6;POLR1D;TBP;POLR3G;POLR3C;POLR2K;POLR3D"
"RNA Polymerase III Transcription Initiation From Type 2 Promoter R-HSA-76066",0.249208025343189,1,0.0822054920415869,0.358555663950818,1.18641261641293,26,"POLR3H;CRCP;GTF3C4;GTF3C6;POLR1D;TBP;POLR3G;POLR3C;POLR2K;POLR3D"
"RNA Polymerase III Transcription Initiation From Type 3 Promoter R-HSA-76071",0.292759706190976,1,0.0734381410838857,0.342065225008613,1.14003987510985,27,"POU2F1;POLR3H;CRCP;SNAPC5;POLR1D;TBP;POLR3G;POLR3C;POLR2K;POLR3D;BRF2;POLR3F;SNAPC3;BDP1;POLR3GL;POLR3B"
"RNA Polymerase III Transcription Initiation R-HSA-76046",0.360824742268041,1,0.062249042949858,0.315300637627929,1.09132939493706,35,"POU2F1;POLR3H;CRCP;GTF3C4;SNAPC5;GTF3C6;POLR1D;TBP;POLR3G;POLR3C;POLR2K;POLR3D"
"RND1 GTPase Cycle R-HSA-9696273",0.304928131416838,1,0.0702812841717392,0.3170186676519,1.13016040939331,42,"PLEKHG5;RND1;STMN2;ANKRD26;WDR6;FRS2;FAM135A;PIK3R2;ARHGAP35;MUC13;VANGL1"
"RND2 GTPase Cycle R-HSA-9696270",0.425051334702259,1,0.0543434390269162,0.29273600151131,1.04359355795242,42,"RND2;ANKRD26;WDR6;FRS2;NUDC;PIK3R2;ARHGAP35;MUC13;VANGL1;LRRC1;NISCH"
"RND3 GTPase Cycle R-HSA-9696264",0.887063655030801,1,0.0181674946847152,0.199796259925166,0.712266645320135,42,"PLEKHG5;ANKRD26;WDR6;PIK3R2;ARHGAP35;MUC13;VANGL1;NISCH;RND3;HOMER2"
"RORA Activates Gene Expression R-HSA-1368082",0.444203683640303,1,0.0547939500773363,0.332243682556,1.01520980375877,18,"NCOA1;CREBBP;RORA;CARM1;NCOA6;CHD9;CPT1A;TBL1XR1;LIN9;PPARA;MBD4;RXRA;SMARCD3"
"ROS And RNS Production In Phagocytes R-HSA-1222556",0.936148300720906,1,0.0145143429459948,0.184447442955239,0.640711084921292,36,"CYBB;ATP6V1C1;ATP6V1A;ATP6V1D;ATP6V1B1;ATP6V1H;LPO;ATP6V0D2;ATP6V0C;ATP6V0A2;ATP6V0A4;NANOS2;ATP6V1G3;ATP6V1C2;ATP6V1E2;SLC11A1;ATP6V1B2;NANOS1;ATP6V1G2"
"RUNX1 Interacts With Co-Factors Whose Precise Effect On RUNX1 Targets Is Not Known R-HSA-8939243",0.14577104179135,1,0.249246554383295,-0.235134271784217,-1.28062253004376,34,"SMARCB1;CBX4;CBFB;CBX2;HIPK2;SMARCE1;CBX8"
"RUNX2 Regulates Bone Development R-HSA-8941326",0.326701570680628,1,0.0678338263479455,0.328157696022946,1.10765957550346,29,"HDAC4;MAPK1;ZNF521;GLI3;SATB2;RB1;AREG;RUNX2;MAPK3;HDAC3;SMAD6"
"RUNX2 Regulates Osteoblast Differentiation R-HSA-8940973",0.392405063291139,1,0.0593487680335629,0.334613642841787,1.08205786169822,23,"MAPK1;ZNF521;GLI3;SATB2;RB1;AREG;RUNX2;MAPK3;HDAC3"
"Rab Regulation Of Trafficking R-HSA-9007101",0.521521521521522,1,0.0438002031299891,0.245214781171361,0.99188264028763,118,"RAB6B;AKT3;MAP1LC3B;TBC1D10C;TBC1D20;RAB31;TRAPPC5;DENND2C;SBF1;DENND4A;TBC1D10A;GGA2;RAB10;RAB12;RAB3A;RABGAP1;DENND2B;TBC1D14;CHML;ALS2;TRAPPC2;RAB39B;RAB9A;MADD;RAB18;RAB8B;RAB7B;RAB38;TRAPPC8;AKT2;DENND6A;RAB3IP;TRAPPC12;RAB14;TRAPPC6B;DENND2A;DENND1B;DENND4C;TRAPPC2L;RAB5B;TRAPPC11;RIN3;DENND6B;RINL"
"Rap1 Signaling R-HSA-392517",0.613436123348018,1,0.0407403526717903,0.30898112336286,0.915904960725349,16,"RAP1GAP;PRKCA;RASGRP1;PRKACG;PRKG1"
"Recognition Of DNA Damage By PCNA-containing Replication Complex R-HSA-110314",0.962303664921466,1,0.013628036219219,0.171008211067877,0.577219077214041,29,"UBB;POLR1B;RFC2;POLE2;POLE;POLR1A;RFC3;RFC5;SLC19A1;DTL;CUL4B;USP1"
"Recruitment And ATM-mediated Phosphorylation Of Repair And Signal Proteins At DNA Double Strand Breaks R-HSA-5693565",0.731979695431472,1,0.0284333438791734,0.233210971468657,0.866454251291697,56,"UBB;ABRAXAS1;MAPK8;H2BC1;EYA2;H2BC3;PPP5C;CNKSR3;PIAS4;UIMC1;UBE2I;BRCC3;RAD50;EYA1;EYA3;SUMO1;CHEK2;TP53;ATM"
"Recycling Of Bile Acids And Salts R-HSA-159418",0.854821235102925,1,0.0236501012290726,0.230974071667235,0.705768549658228,18,"NCOA1;NR1H4;SLCO1B1;BAAT;SLC51A;ALB;FABP6;RXRA"
"Recycling Pathway Of L1 R-HSA-437239",0.286012526096033,1,0.0743625384422526,0.340371773782004,1.14355222801427,28,"EZR;L1CAM;DNM1;MAPK1;SH3GL2;RPS6KA5;KIF4A;NUMB"
"Regulated Necrosis R-HSA-5218859",0.769776876267748,1,0.0257629629837414,0.226163900959042,0.840384199448617,55,"UBB;CASP3;FASLG;CASP8;TANK;IRF2;GSDME;IL1B;ELANE;OGT;IL1A;RIPK1;CHMP4C;BIRC3;CHMP2A;BAK1;TP53;FLOT1;TP63;SDCBP;GSDMD;BAX;XIAP;CHMP2B;MLKL;PDCD6IP"
"Regulation Of APC/C Activators Between G1/S And Early Anaphase R-HSA-176408",0.993957703927492,1,0.0054335217582325,0.127600779595173,0.496292780344962,79,"UBB;PSMD9;PSMB11;PSMA6;ANAPC16;CCNB1;PSMB3;MAD2L1;BUB1B;PSMF1;ANAPC5;PSMD13;BTRC;PSMD5;PSMC3;FBXO5;PSMB9;CDC23;PSMA4;CCNA2;ANAPC10;PSME4;ANAPC4;UBE2D1;ANAPC15;CDC16;PSMA8;FZR1;PSMD7;ANAPC2;UBE2C"
"Regulation Of Actin Dynamics For Phagocytic Cup Formation R-HSA-2029482",0.845841784989858,1,0.0204160330522345,0.20771949123086,0.773645068303345,57,"NCKIPSD;CYFIP2;MAPK1;VAV3;VAV1;MYH2;ABI1;NCKAP1;WASF3;WIPF2;VPS72;CRK;WAS"
"Regulation Of Activated PAK-2p34 By Proteasome Mediated Degradation R-HSA-211733",0.970185242268815,1,0.143902565267782,-0.143730126632726,-0.843265064381496,48,"PSMB7;PSMB6;RPS27A;PSMD4;PSME1;PSMD3;UBA52;SEM1"
"Regulation Of Apoptosis R-HSA-169911",0.940936863543788,1,0.0131702144400005,0.17390399132218,0.638480037488276,51,"OMA1;UBB;PSMD9;PSMB11;PSMA6"
"Regulation Of Beta-Cell Development R-HSA-186712",0.491282051282051,1,0.0476387259290825,0.283025903761702,1.00406312662044,40,"AKT3;RFX6;CREBBP;FGF10;MAML2;INS;SLC2A2;IAPP;KAT2A;NR5A2;NKX6-1;PAX6;NEUROG3"
"Regulation Of Cholesterol Biosynthesis By SREBP (SREBF) R-HSA-1655829",0.963488843813387,1,0.0105706949179311,0.163772381324494,0.608548583516447,55,"SREBF2;NCOA1;GPAM;CREBBP;MBTPS2;SEC24D;LMBR1;SQLE;CARM1;INSIG2;ELOVL6;NCOA6;SEC24C;CHD9;IDI1;SEC24A;TBL1XR1;SEC24B;LIN9;PPARA;MBD4;SEC23A;RXRA;ACACA;SMARCD3"
"Regulation Of FZD By Ubiquitination R-HSA-4641263",0.909284951974386,1,0.0190794888813551,0.205026426764762,0.636309138453803,19,"UBB;RSPO2;FZD4;FZD6;ZNRF3;LGR4;RSPO3;LRP6;FZD8;RNF43"
"Regulation Of Gene Expression In Beta Cells R-HSA-210745",0.414270500532481,1,0.0572461135202884,0.337367882065772,1.05664098570714,20,"AKT3;RFX6;INS;SLC2A2;IAPP;NKX6-1;PAX6;AKT2;MAP4K2;PKLR;FOXA3"
"Regulation Of Gene Expression In Late Stage (Branching Morphogenesis) Pancreatic Bud Precursor Cells R-HSA-210744",0.845039018952062,1,0.0258331720982323,0.248820055312884,0.725232102781473,15,"CREBBP;MAML2;KAT2A;NEUROG3;ONECUT3;MAMLD1;HNF1B"
"Regulation Of HSF1-mediated Heat Shock Response R-HSA-3371453",0.75730110775428,1,0.0262543396498271,0.22036326567647,0.857084871702521,79,"HSPH1;MAPK1;UBB;DNAJC2;DNAJB1;POLR1B;DEDD2;NDC1;NUP88;HSPA4L;HSPA12A;HSPA1L;NUP58;NUP160;NUP98;BAG1;SEH1L;POLR1A;HSPA8;CCAR2;SERPINA2;BAG5;ATM;MAPK3;COL4A6"
"Regulation Of IFNA/IFNB Signaling R-HSA-912694",0.880724174653887,1,0.0209275853209046,0.216451647037908,0.677929624727823,20,"IFNAR1;IFNA6"
"Regulation Of IGF Transport And Uptake By IGFBPs R-HSA-381426",0.926926926926927,1,0.0129839954274655,0.181990514344518,0.738338628058527,122,"GOLM1;PAPPA;AHSG;MMP2;SERPIND1;MSLN;FGG;PPP3CA;TRIM26;F5;KLK13;HRC;CDH2;LMNB2;STC2;LAMB1;BPIFB2;CHGB;VCAN;PAPPA2;FGA;KLK1;GPC3;SERPINA10;FBN1;HSP90B1;SCG2;IGFBP1;FGF23;PRKCSH;APLP2;PENK;DMTF1;PRSS23;ALB;TNNI3;MEPE;IGF1;SPARCL1;AMTN;IGFBP6;IGFBP5;CST3;MGAT4A;ENAM;AMBN;PLG;CTSG"
"Regulation Of KIT Signaling R-HSA-1433559",0.885462555066079,1,0.0225842720346634,0.227305184002162,0.673795031101866,16,"PRKCA;CBL;SOCS6;SOS1;KIT;PTPN6;KITLG;LYN;SOCS1;SH2B2;SRC;LCK;SH2B3"
"Regulation Of NF-kappa B Signaling R-HSA-9758274",0.717248908296943,1,0.0330162512586498,0.278760269361062,0.838917111371206,17,"UBB;NLRX1;CASP8;TANK;TRAF6"
"Regulation Of Necroptotic Cell Death R-HSA-5675482",0.625260960334029,1,0.0373806494758473,0.269027162348463,0.903854651287798,28,"UBB;FASLG;CASP8;TANK;OGT;RIPK1;BIRC3;FLOT1;SDCBP;XIAP;MLKL;PDCD6IP;TNFSF10;TNFRSF10A;TNFRSF10B;PELI1"
"Regulation Of Ornithine Decarboxylase (ODC) R-HSA-350562",0.99592252803262,1,0.00715048391330487,0.137036787649222,0.501528728107576,50,"SLC25A21;PSMD9;PSMB11;PSMA6;PSMB3;OAZ1;PSMF1;PSMD13;PSMD5;PSMC3"
"Regulation Of PLK1 Activity At G2/M Transition R-HSA-2565942",0.222222222222222,1,0.0855356947987884,0.294693569270544,1.15488686126363,85,"UBB;DYNLL1;TUBA4A;HAUS7;CEP70;YWHAG;PRKCA;CEP192;SFI1;CEP63;CEP164;CCNB2;CCNB1;TUBG1;AKAP9;CEP135;CKAP5;CEP76;PPP1R12B;HAUS2;DCTN3;DCTN2;PPP1R12A;CLASP1;HAUS8;NEDD1;CENPJ;BTRC;CEP41;CETN2;CEP78"
"Regulation Of PTEN Gene Transcription R-HSA-8943724",0.220988900100908,1,0.0862865626267245,0.308930959316891,1.16330810393073,60,"RRAGD;CHD3;MAPK1;SCMH1;PTEN;MTA3;SNAI1;DPEP3;GDNF;RPTOR;RHEB;RBBP7;CBX6;LAMTOR3;MLST8;RNF2;REST;NR2E1;MECOM;TP53;MAPK3;HDAC3;SUZ12"
"Regulation Of PTEN Stability And Activity R-HSA-8948751",0.973763874873865,1,0.00881182919930239,0.160600080910101,0.612123715056226,66,"AKT3;UBB;PSMD9;PSMB11;PTEN;PSMA6;NEDD4"
"Regulation Of Pyruvate Dehydrogenase (PDH) Complex R-HSA-204174",0.616740088105727,1,0.0404934829859503,0.307951670341809,0.912853379067051,16,"PDK2;PDK3;PPARD;PDHA1;PDHA2;PDP2;PLPP6"
"Regulation Of RAS By GAPs R-HSA-5658442",0.959677419354839,1,0.0103504582782501,0.169684145340542,0.645346920962892,64,"UBB;CUL3;SPRED2;SYNGAP1;PSMD9;PSMB11;PSMA6;PSMB3;KBTBD7;RASA2;PSMF1;PSMD13;PSMD5;PSMC3;SPRED1;PSMB9;DAB2IP;PSMA4;RASAL1;PSME4;RASAL3"
"Regulation Of RUNX2 Expression And Activity R-HSA-8939902",0.985872855701312,1,0.00715048391330487,0.142895769980688,0.547901617043264,71,"UBB;PSMD9;PSMB11;SMURF1;PSMA6;PSMB3;NKX3-2;RUNX2;PSMF1;NR3C1;PSMD13;WWP1;PSMD5;PSMC3;ESR1;ESRRA;HIVEP3"
"Regulation Of RUNX3 Expression And Activity R-HSA-8941858",0.961382113821138,1,0.0110006035430037,0.166277376409005,0.615221508568137,53,"UBB;CDKN2A;PSMD9;SMURF1;PSMA6;MDM2;PSMB3"
"Regulation Of Signaling By CBL R-HSA-912631",0.90465872156013,1,0.0203426159572209,0.215089254781791,0.657230615967654,18,"CBL;VAV1;PIK3R2;CRK;PIK3R3"
"Regulation Of TLR By Endogenous Ligand R-HSA-5686938",0.878656554712893,1,0.0220834140571177,0.226065421085202,0.690769588185827,18,"FGG;TLR4;S100A8;GSDME;FGA;LBP;GSDMD;NDUFA2;S100A9"
"Regulation Of TNFR1 Signaling R-HSA-5357905",0.31055900621118,1,0.0697792517076235,0.327120554771572,1.12834089141064,34,"UBB;TAX1BP1;CASP8;RBCK1;USP4;TANK;RNF31;RIPK1;SPPL2B;MADD;BIRC3;SPPL2A;IKBKB;USP2;CHUK;XIAP"
"Regulation Of TP53 Activity Thru Acetylation R-HSA-6804758",0.185340314136126,1,0.0985499803531691,0.362329353722998,1.22300218157674,29,"CHD3;AKT3;PIP4K2B;ING3;BRPF3;BRD7;ING5;DPEP3;PML;BRD1;RBBP7;PIP4P1;TP53;AKT2"
"Regulation Of TP53 Activity Thru Methylation R-HSA-6804760",0.382448537378115,1,0.0618406035753285,0.349685447813648,1.06850517704683,18,"UBB;MDM2;SMYD2;EHMT2;L3MBTL1;CHEK2;TP53;ATM;MDM4;SETD9"
"Regulation Of TP53 Activity Thru Phosphorylation R-HSA-6804756",0.31031031031031,1,0.0681513438679483,0.278421339772451,1.093264932713,88,"RBBP8;TAF3;CDK5R1;UBB;STK11;AURKB;RAD17;MAPK14;TAF9B;POLR1B;PRKAG2;RHNO1;TAF5;RMI1;TAF4;TAF11;MDM2;RFC2;TAF9;TBP;MAPK11;PRKAG3;RAD50;PLK3;HIPK1;POLR1A;RFC3;CHEK2;TP53;SERPINA2;ATM;RAD9B;PRKAA2;PRKAB2"
"Regulation Of TP53 Degradation R-HSA-6804757",0.687628865979381,1,0.0322878452489437,0.252825381249076,0.875087892048223,35,"AKT3;RICTOR;UBB;CDKN2A;MDM2;PPP2R5C;PPP2R1B;MLST8;CHEK2;TP53;ATM;AKT2;MAPKAP1;CCNA2;USP2"
"Regulation Of TP53 Expression And Degradation R-HSA-6806003",0.702368692070031,1,0.0312052969963336,0.248173575236361,0.862075169440393,36,"AKT3;RICTOR;UBB;CDKN2A;MDM2;PPP2R5C;PPP2R1B;MLST8;CHEK2;TP53;ATM;AKT2;MAPKAP1;CCNA2;USP2"
"Removal Of Flap Intermediate From C-strand R-HSA-174437",0.872093023255814,1,0.160801401070022,-0.155990792993734,-0.685474033838795,17,"FEN1;POLD1;POLD2;TERF2IP"
"Reproduction R-HSA-1474165",0.98997995991984,1,0.00523322083191526,0.14507753576963,0.583484082878212,110,"RBBP8;CATSPER3;PMEPA1;STAG2;H2BC1;H2BC3;PSMC3IP;POLR1B;DIDO1;SPO11;SMC1B;ADAM20;H2AZ2;ADAM30;MLH1;H2AC20;SYNE2;UBE2I;ZP4;SUN1;CATSPERB;RAD50;CATSPER4;H2AC14;PRDM9;POLR1A;B4GALT1;ZP3;SYCP2;SERPINA2;ATM;REC8;STAG3;ACR;KCNU1;SYNE1;IZUMO1;SYCE3;H2BC14;ACD;SPAM1"
"Resolution Of AP Sites Via Multiple-Nucleotide Patch Replacement Pathway R-HSA-110373",0.967091295116773,1,0.0143399359768684,0.176655182021983,0.577339657740814,25,"POLR1B;RFC2;LRIG1;POLE2;POLE;PARG;POLR1A;RFC3"
"Resolution Of Abasic Sites (AP Sites) R-HSA-73933",0.962886597938144,1,0.01221929569568,0.168936498973902,0.590523262598729,38,"OGG1;POLR1B;LRIG3;RFC2;LRIG1;POLE2;POLE;PARG;POLR1A;RFC3;NEIL1;RFC5;SMUG1;SLC19A1"
"Resolution Of D-Loop Structures R-HSA-5693537",0.733954451345756,1,0.0292811015816512,0.242089688891263,0.835042895900076,34,"RBBP8;PALB2;SLX4;XRCC3;SPIDR;RMI1"
"Resolution Of D-loop Structures Thru Holliday Junction Intermediates R-HSA-5693568",0.655244029075805,1,0.0349401058848478,0.262285393758386,0.900121845157121,33,"RBBP8;PALB2;SLX4;XRCC3;SPIDR;RMI1;RAD50;RAD51D;ATM;WRN;SLX1A;RAD51B;RAD51AP1;MRE11;RMI2;XRCC2;BRCA2"
"Resolution Of D-loop Structures Thru Synthesis-Dependent Strand Annealing (SDSA) R-HSA-5693554",0.876180482686254,1,0.0203426159572209,0.209714610621877,0.698939854222404,27,"RBBP8;PALB2;XRCC3;RMI1;RAD50;RAD51D;ATM;WRN;RAD51B;RAD51AP1;MRE11;RMI2;XRCC2;BRCA2"
"Response Of EIF2AK1 (HRI) To Heme Deficiency R-HSA-9648895",0.746934225195095,1,0.0320704174637537,0.275185868479084,0.802080145034424,15,"TRIB3;EIF2S3;ATF5;GRB10"
"Response Of Mtb To Phagocytosis R-HSA-9637690",0.855332629355861,1,0.0221551238181839,0.223610500667631,0.709539887781803,21,"MAPK1;UBB;VPS33B;KPNA1;ATP6V1H;MAPK3;DUSP16;CTSG;NANOS2"
"Retinoid Metabolism And Transport R-HSA-975634",0.813141683778234,1,0.0234376252595191,0.222488351151704,0.793163153088992,42,"AKR1C4;RIMBP2;LRP8;GPIHBP1;LRP12;GPC6;GPC2;BCO1;GPC3;SDC1;APOA4;SDC3;AKR1C1;APOC2;PLB1;RBP4;LPL"
"Retrograde Transport At Trans-Golgi-Network R-HSA-6811440",0.401025641025641,1,0.0570059526582387,0.292123210168576,1.05746922881508,46,"RAB6B;SCOC;STX6;COG4;COG8;SYS1;ARFIP2;NSF;VAMP4;COG5;COG3;GOLGA1;NAA30;USP6NL;NAPG"
"Rev-mediated Nuclear Export Of HIV RNA R-HSA-165054",0.770186335403727,1,0.0268158762373842,0.23123212250221,0.797591760655675,34,"NDC1;NUP88;RANGAP1;NUP58;NUP160;NUP98;SEH1L;RNASE7;NUP155;RANBP2;NUP153;SEC13;NUP205;NUP85;RANBP1;NUP107;NUP37"
"Role Of GTSE1 In G2/M Progression After G2 Checkpoint R-HSA-8852276",0.885511651469098,1,0.0173914717556673,0.198649914224058,0.742141991067974,58,"UBB;PSMD9;PSMB11;PSMA6;CCNB2;CCNB1;GTSE1;FKBPL;PSMB3"
"Role Of Nef In HIV-1 Replication And Disease Pathogenesis R-HSA-164952",0.457175664212253,1,0.203508959461977,-0.235529775536241,-1.20060186616724,27,"RNASE1;B2M;HLA-A;AP2A2;HCK;ELMO1"
"Role Of Phospholipids In Phagocytosis R-HSA-2029485",0.713227513227513,1,0.0317812506835949,0.257638965517919,0.837784395859059,24,"PLD3;ITPR1;PIK3R2;PLD2;PRKCE;PRKCSH;PLA2G6;PLCG1;IGLL5;PLCG2;CD247;PIK3CA"
"S Phase R-HSA-69242",0.822177822177822,1,0.0212181723861707,0.20817189956465,0.856907001082778,160,"AKT3;MCM6;UBB;LIN54;ORC5;CDC25B;PMEPA1;ORC6;STAG2;PSMD9;E2F4;PSMB11;WAPL;ORC3;POLR1B;PSMA6;GINS1;CDC6;ANAPC16;RBL2;PSMB3;RFC2;GINS3;PDS5A;LRIG1;CABLES1;POLE2;CDT1;CCNE1;RB1;POLE;GINS4;GMNN;PSMF1;MNAT1;ANAPC5;PSMD13;PRIM1;CDC25A;LIN52;MCM4;PSMD5;PSMC3;POLR1A;RFC3"
"SARS-CoV-1 Infection R-HSA-9678108",0.864837398373984,1,0.0191546578437244,0.203535726961888,0.744270050936066,49,"MAP1LC3B;UBB;TMPRSS2;UVRAG;MOGAT1;ST6GALNAC2;RB1;ST6GALNAC4;PIK3R4;UBE2I;CHMP4C;ST3GAL3;SUMO1;CHMP2A;PRKCSH"
"SARS-CoV-2 Activates/Modulates Innate And Adaptive Immune Responses R-HSA-9705671",0.92184368737475,1,0.0135373162884418,0.183209829199251,0.739030273629174,114,"IFNAR1;TRIM4;IFNA6;MASP1;NLRP12;IRF7;CREBBP;RNF135;NDC1;NUP88;SEC24D;TRAF3;TAB3;PIK3R4;NUP58;TRAF6;NUP160;NLRP3;NUP98;TLR8;TKFC;MBL2;SEH1L;TLR7;SFTPD;G3BP2;SIKE1;ISG15;TYK2;IFNA8;IFIH1;SEC24C;IL17RC;IKBKB;TOMM70;HOXC13;SEC24A;CHUK;RNASE7;SEC24B;NUP155;RANBP2;G3BP1;PTPN6;NUP153;SEC13;HLA-G;SEC23A;TRIM25;NUP205;BECN1;KPNA2;IRF3;NUP85;IRAK2"
"SCF(Skp2)-mediated Degradation Of P27/P21 R-HSA-187577",0.14196906881327,1,0.249246554383295,-0.191494983449263,-1.19514320667682,58,"CDKN1B;PSMB7;PSMB6;RPS27A;PSMD4;PTK6;PSME1;CDK2;PSMD3;UBA52;SEM1"
"SCF-beta-TrCP Mediated Degradation Of Emi1 R-HSA-174113",0.856218236456578,1,NA,-0.122042983937826,-0.751623682976384,53,"PSMB7;PSMB6;RPS27A;PSMD4;PSME1;PSMD3;UBA52;SEM1"
"SHC-mediated cascade:FGFR1 R-HSA-5654688",0.232161874334398,1,0.0865399737444125,0.384693306485325,1.20486488539044,20,"FGF9;FGF10;FGF13;KL;FGFR1;FGF20;FGF23;FGF17"
"SHC-mediated cascade:FGFR2 R-HSA-5654699",0.416313559322034,1,0.0567672387487446,0.329109273088053,1.05290729460325,22,"FGF9;FGF10;FGF13;FGFR2;FGF20;FGF23;FGF17;FGF7;FGF18;SOS1;FGF16"
"SHC-mediated cascade:FGFR3 R-HSA-5654704",0.370087336244541,1,0.0637845390312975,0.359596473285919,1.08219021067726,17,"FGF9;FGF13;FGF20;FGF23;FGF17;FGFR3;FGF18;SOS1;FGF16"
"SHC-mediated cascade:FGFR4 R-HSA-5654719",0.538954108858058,1,0.0452247443372884,0.309417419149361,0.960291482948321,19,"FGF9;FGF13;KLB;FGF20;FGF23;FGF17;FGF18;SOS1;FGF16"
"SHC1 Events In ERBB2 Signaling R-HSA-1250196",0.265047518479409,1,0.0789209638180035,0.371701438185498,1.17944817417356,21,"PRKCA;NRG2;HBEGF;NRG3;ERBB4;EGF;PRKCE;NRG4;EGFR;SOS1;EREG"
"SIRT1 Negatively Regulates rRNA Expression R-HSA-427359",0.170582748280239,1,0.249246554383295,-0.23027009946317,-1.25413056603919,34,"H2AJ;H3-3B;RRP8;H2AC6;H2AC19;H2BC4;H2BC17;H4C15;H2AB1"
"SLC Transporter Disorders R-HSA-5619102",0.935935935935936,1,0.0121212734616549,0.17932239372941,0.712624152145961,98,"HEPH;SLC9A7;SLC35A2;NDC1;NUP88;SLC26A4;SLC2A2;SLC3A1;SLC22A5;SLCO1B1;SLC35C1;NUP58;NUP160;AVPR1A;SLC12A1;NLRP3;SLC3A2;NUP98;SLC1A3;SEH1L;SLC4A1;SLC22A12;SLC5A7;SLC5A2;SLC6A14;SLC1A1;RHAG;AVPR2;MAP4K2;RNASE7;SLC36A2;NUP155;RANBP2;SLC26A3;NUP153;SEC13;SLC22A18;SLC34A2;SLC24A5;NUP205;TAC4;NUP85;SLC40A1;BSG;NUP107;SLC6A18;SLC17A8;NUP37;SLC12A3;SLC6A19;SLC35A3;SLC2A10;SLC12A6;SLC2A9;SLC7A9;NUP133;SLC26A2;NUP42;CP"
"SLC-mediated Transmembrane Transport R-HSA-425407",0.564435564435564,1,0.0400845633477088,0.231052166708844,0.982522721057396,247,"SLC8A2;SLC1A2;SLC12A5;SLC25A4;SLC8A1;CALM1;SLC4A10;AHCYL2;SLC17A7;SLC2A14;SLC4A8;SLC30A8;HEPH;SLC30A1;LCN15;SLC9A7;SLC35A2;MFSD4B;RSC1A1;SLCO1C1;SLC8B1;SLC5A4;SLC9A8;SLC2A7;SLCO4A1;SLC26A4;SLC14A1;SLC2A2;SLC43A1;SLC41A1;SLC3A1;EMB;RHCG;SLC5A8;SLC22A5;SLC8A3;SLC27A6;SLC25A26;SLC20A1;SLCO1B1;SLC35C1;SLC25A22;SLC15A2;SRI;SLC26A7;SLC43A2;SLC4A9;SLC15A3;SLC13A4;SLC24A3;SLC15A1;SLC29A1;SLC12A1;SLC30A7;SLC16A10;SLC1A4;SLC1A7;SLC25A10;SLC17A6;NLRP3;SLC9A1;SLC13A5;SLC3A2;SLC9A4;SLC22A4;SLC1A3;SLC18A2;SLC4A1;SLC2A8;SLC16A7;SLC28A2;SLC22A6;SLC22A12;SLC4A5;SLC44A3;SLC5A7;SLC30A10;SLC6A12;SLC17A1;SLC47A2;SLC6A15;SLC1A5;SLC5A3;SLC5A2;SLC29A2;SLC6A14;SLC1A1;RHAG;SLC16A2;SLC2A13;SLC44A5;SLC7A6;SLC2A12;SLC26A9;SLC22A16;SLC39A3;SLC36A2;SLC6A11;SLC6A13"
"SMAD2/SMAD3:SMAD4 Heterotrimer Regulates Transcription R-HSA-2173796",0.71340206185567,1,0.0304894126298511,0.248374752177859,0.859683221864486,35,"MAPK1;UBB;RNF111;E2F4;CCNK;CCNC;RNASEH2A;RBL1;TGIF2;SMAD3"
"STING Mediated Induction Of Host Immune Responses R-HSA-1834941",0.818281938325991,1,0.0268860833830403,0.252689322185976,0.74904059249168,16,"NLRP4;CGAS;NLRC3;TRIM21;DDX41;MRE11;IRF3;STAT6;XRCC5"
"SUMO E3 Ligases SUMOylate Target Proteins R-HSA-3108232",0.2997002997003,1,0.0697792517076235,0.260923845951489,1.07764960243787,166,"CHD3;HDAC4;ZBED1;DNMT1;CDKN2A;ING3;AURKB;PCGF2;PMEPA1;NCOA1;SCMH1;STAG2;NR1H4;TFAP2B;THRB;TFAP2A;SMC6;CREBBP;NDC1;SATB1;NUP88;PIAS3;SATB2;TOP2A;MDM2;RANGAP1;MRTFA;DNMT3B;NR5A2;NSMCE3;NR1I2;NUP58;XPC;PML;AREG;L3MBTL2;NUP160;NR5A1;PIAS4;RORA;UBE2I;TOPORS;NR3C1;PGR;NUP98;RNF2;CETN2;SEH1L;POLR1A;DNMT3A;ESR1;SUMO1"
"SUMOylation Of Chromatin Organization Proteins R-HSA-4551638",0.31947261663286,1,0.0673623868166279,0.295750246770442,1.09895448970842,55,"CHD3;HDAC4;ZBED1;PCGF2;SCMH1;NDC1;SATB1;NUP88;SATB2;NUP58;L3MBTL2;NUP160;UBE2I;NUP98;RNF2;SEH1L;SUMO1"
"SUMOylation Of DNA Damage Response And Repair Proteins R-HSA-3108214",0.795774647887324,1,0.0235084845013289,0.215863026901812,0.832840927428951,74,"CDKN2A;PCGF2;PMEPA1;SCMH1;STAG2;SMC6;NDC1;NUP88;NSMCE3;NUP58;XPC;PML;NUP160;PIAS4;UBE2I;NUP98;RNF2;CETN2;SEH1L;POLR1A;SUMO1;SMC5;WRN;RNASE7;NUP155;RANBP2;HERC2;NUP153;SMC3;SEC13;NUP205;XRCC4;NSMCE4A;RAD52"
"SUMOylation Of DNA Replication Proteins R-HSA-4615885",0.559304703476483,1,0.0415717899246479,0.267794985556528,0.963695034608713,44,"AURKB;NDC1;NUP88;PIAS3;TOP2A;RANGAP1;NUP58;NUP160;PIAS4;UBE2I;NUP98;SEH1L;SUMO1"
"SUMOylation Of RNA Binding Proteins R-HSA-4570464",0.910112359550562,1,0.0160304351647231,0.194435979900806,0.701416074958594,45,"PCGF2;SCMH1;NDC1;NUP88;NUP58;NUP160;UBE2I;NUP98;RNF2;SEH1L;SUMO1"
"SUMOylation Of SUMOylation Proteins R-HSA-4085377",0.539337474120083,1,0.0438002031299891,0.28319098569461,0.976814096751723,34,"NDC1;NUP88;NUP58;NUP160;PIAS4;UBE2I;TOPORS;NUP98;SEH1L;SUMO1;RNASE7;NUP155;RANBP2;NUP153;SEC13;NUP205;NUP85;NUP107;NUP37"
"SUMOylation Of Transcription Cofactors R-HSA-3899300",0.81006160164271,1,0.0236501012290726,0.224123855489662,0.798993668578319,42,"ING3;PCGF2;NCOA1;SCMH1;CREBBP;PIAS3;MRTFA;PIAS4;UBE2I;TOPORS;RNF2;SUMO1"
"SUMOylation Of Transcription Factors R-HSA-3232118",0.228388473852721,1,0.0875697115548511,0.385933764572954,1.19776355229274,19,"CDKN2A;TFAP2B;TFAP2A;PIAS3;MDM2;PIAS4;UBE2I;SUMO1;TP53"
"SUMOylation Of Ubiquitinylation Proteins R-HSA-3232142",0.61340206185567,1,0.0376923295943841,0.265750669886363,0.928940481022612,38,"NDC1;NUP88;MDM2;NUP58;PML;NUP160;PIAS4;UBE2I;NUP98;SEH1L;SUMO1;RNASE7;NUP155;RANBP2;NUP153;SEC13;NUP205;NUP85;NUP107;NUP37;PIAS1"
"SUMOylation R-HSA-2990846",0.310689310689311,1,0.0679922591544058,0.258027156018511,1.07040661217861,172,"CHD3;HDAC4;ZBED1;DNMT1;CDKN2A;ING3;AURKB;PCGF2;PMEPA1;NCOA1;SCMH1;STAG2;NR1H4;TFAP2B;THRB;TFAP2A;SENP5;SMC6;CREBBP;NDC1;SATB1;NUP88;PIAS3;SATB2;TOP2A;MDM2;RANGAP1;MRTFA;DNMT3B;NR5A2;NSMCE3;NR1I2;NUP58;XPC;PML;AREG;L3MBTL2;NUP160;NR5A1;PIAS4;RORA;UBE2I;TOPORS;NR3C1;PGR;NUP98;RNF2;CETN2;SEH1L;POLR1A;DNMT3A;ESR1;SUMO1"
"Scavenging By Class A Receptors R-HSA-3000480",0.51895991332611,1,0.0476387259290825,0.317999421557816,0.971684782300402,18,"COLEC11;SCARA5;COL3A1;MASP1;SCGB3A2;MARCO;MSR1;HSP90B1"
"Sealing Of Nuclear Envelope (NE) By ESCRT-III R-HSA-9668328",1,1,0.143902565267782,-0.195826586333689,-0.998216741225615,27,"TUBB4B;CHMP6;TUBB4A;TUBA3D;TUBA1C;TUBB2B;TUBAL3"
"Selective Autophagy R-HSA-9663891",0.942482341069627,1,0.01221929569568,0.17975109560247,0.676869377763747,60,"MAP1LC3B;UBB;DYNLL1;IFT88;PGAM5;PRKAG2;TOMM6;DYNC1I1;PRKAG3;MTERF3;FUNDC1;PLIN2;ATG5;HSPA8;ATM;PRKAA2;TOMM22;PRKAB2"
"Sema3A PAK Dependent Axon Repulsion R-HSA-399954",0.848017621145374,1,0.0249900772245545,0.241894132649606,0.717040684080704,16,"PLXNA2;PLXNA4;VPS72;PLXNA3;LIMK1;SEMA3A;ARHGEF7"
"Semaphorin Interactions R-HSA-373755",0.858006042296072,1,0.0190794888813551,0.203801332082952,0.774302602772713,63,"PIP5K1C;ARHGEF11;CDK5R1;SEMA3E;RND1;DPYSL3;PLXNC1;SEMA6D;DPYSL4;SEMA7A;PLXNA2;ARHGAP35;PLXNA4;VPS72;ARHGEF12;RHOC;SEMA4A;PLXNA3;ROCK2"
"Sensory Perception Of Sweet, Bitter, And Umami (Glutamate) Taste R-HSA-9717207",0.373333333333333,1,0.0603786357920401,0.30420539750682,1.07919953084112,40,"GNG13;TAS2R14;SCN2A;GNB1;TAS2R1;TAS1R1;TAS2R50;SCN1B;TAS1R2;TAS2R30;CALHM1;TAS2R16;TAS2R13;PLCB2;SCN2B;TAS2R41;SCN9A;SCN3A;GNAT3;TRPM4;TAS2R3"
"Sensory Perception Of Taste R-HSA-9717189",0.278974358974359,1,0.0747385227439092,0.30997836227649,1.12210385308556,46,"GNG13;TAS2R14;SCN2A;GNB1;TAS2R1;TAS1R1;TAS2R50;SCN1B;TAS1R2;TAS2R30;SCNN1D;CALHM1;SCNN1B;TAS2R16;TAS2R13;PLCB2;SCN2B;TAS2R41;SCN9A;SCNN1G;SCNN1A;SCN3A;GNAT3;TRPM4;TAS2R3"
"Separation Of Sister Chromatids R-HSA-2467813",0.782217782217782,1,0.0240742072753014,0.212740473755144,0.879335281555892,167,"CENPQ;UBB;DYNLL1;CLIP1;AURKB;PMEPA1;STAG2;PSMD9;PSMB11;WAPL;PSMA6;ANAPC16;SGO2;MAD1L1;SPDL1;CKAP5;NUDC;PSMB3;RANGAP1;MAD2L1;PDS5A;DYNC1I1;PPP2R5C;PPP2R5E;NUP160;SPC25;CENPO;CLASP1;CENPU;CENPP;BUB1B;PPP2R1B;KIF18A;BUB1;SKA2;PSMF1;NDC80;ANAPC5;PSMD13;NDEL1;SGO1;NUP98;CENPH;SKA1;CENPF;SEH1L;PSMD5;PSMC3;ZWILCH;SPC24"
"Sialic Acid Metabolism R-HSA-4085001",0.23883696780893,1,0.0835990603684159,0.342159116016703,1.17423578352212,33,"NEU2;ST6GALNAC6;NPL;ST6GALNAC2;ST6GALNAC4;GLB1;ST8SIA1;NANP;NEU3;ST3GAL3;ST6GAL2;ST3GAL6;ST8SIA3;ST8SIA5"
"Signal Amplification R-HSA-392518",0.646936656282451,1,0.0355420211253902,0.263092507710138,0.902891732145845,33,"GNG13;GNB1;GNA14;MAPK14;GNG2;GNA13"
"Signal Transduction By L1 R-HSA-445144",0.341262590754187,1,0.203508959461977,-0.252842310788022,-1.16386374319746,20,"RNASE1;NCAM1;ITGB1;ITGAV"
"Signaling By ALK Fusions And Activated Point Mutants R-HSA-9725370",0.190962591521196,1,0.249246554383295,-0.179174803889527,-1.0813327053855,55,"RPS6;SQSTM1;RBX1;NPM1;STAT3;FN1;PPM1B;HIP1;ALK;TPM4"
"Signaling By ALK R-HSA-201556",0.901795142555438,1,0.0189287891242153,0.205765136335859,0.680849246883672,26,"HIF1A;IL2RG;FRS2;PIK3R2"
"Signaling By Activin R-HSA-1502540",0.422519509476031,1,0.0584693210386381,0.35605725569372,1.0377947707336,15,"MAPK1;ACVR2B;ACVR1C;SMAD3;INHBB;MAPK3;FST"
"Signaling By B Cell Receptor (BCR) R-HSA-983705",0.806806806806807,1,0.0224414263839237,0.20939710755205,0.840393162183311,108,"CALM1;UBB;PPP3CB;ITPR1;PPP3R1;PRKCB;PSMD9;PPP3CA;PSMB11;NFKBIE;RASGRP1;VAV1;PSMA6;ORAI2;DAPP1"
"Signaling By BMP R-HSA-201451",0.977964323189927,1,0.0124136372369971,0.163673683251763,0.545493992873464,27,"ACVR2B;SMURF1;AMHR2;UBE2D3;BMPR1B;SMAD6;SMURF2;BMPR2;BMP10;UBE2D1;SMAD9;GREM2;ZFYVE16;FSTL1;ACVRL1;CHRDL1"
"Signaling By CSF3 (G-CSF) R-HSA-9674555",0.574468085106383,1,0.276500599254472,-0.180574341338212,-0.953596590996163,29,"GAB2;RPS27A;STAT3;HCK;UBA52;CUL5"
"Signaling By Cytosolic FGFR1 Fusion Mutants R-HSA-1839117",0.906976744186046,1,0.157402899305283,-0.152503540135827,-0.670149916064605,17,"GAB2;STAT3;FGFR1OP2;PIK3R1;GRB2;TRIM24;STAT1;CEP43;ZMYM2;CNTRL;LRRFIP1;STAT5B;PIK3CA;CUX1"
"Signaling By EGFR In Cancer R-HSA-1643713",0.510548523206751,1,0.0471642455670861,0.303070049133277,0.980053671825288,23,"UBB;CBL;HBEGF;EPGN;AREG;EGF;EGFR;PLCG1;SOS1;EREG"
"Signaling By EGFR R-HSA-177929",0.660223804679552,1,0.0336033244336697,0.248661390484571,0.9064102285376,48,"UBB;SH3GL2;CBL;LRIG1;SH3GL3;HBEGF;EPGN;PXDN;AREG;ADAM17;EGF;PAG1;EPS15L1;EGFR;EPN1;ARHGEF7;SH3KBP1;PLCG1;SOS1;STAM2;EREG"
"Signaling By ERBB2 ECD Mutants R-HSA-9665348",0.514285714285714,1,0.191892240384838,-0.225872139756712,-0.942891835270908,15,"PIK3R1;HSP90AA1;GRB2;SHC1;ERBIN;ERBB2;NRAS;CDC37;HRAS;PIGU;PIK3CA;SOS1;PLCG1;EGFR;EGF"
"Signaling By ERBB2 In Cancer R-HSA-1227990",0.630573248407643,1,0.037770500132479,0.275484568824316,0.900331169782014,25,"NRG2;HBEGF;NRG3;ERBB4;EGF;NRG4;EGFR;PLCG1;SOS1;EREG"
"Signaling By ERBB2 KD Mutants R-HSA-9664565",0.492063492063492,1,0.0489954089862481,0.306921843160665,0.998041311147956,24,"NRG2;HBEGF;NRG3;ERBB4;EGF;NRG4;EGFR;PLCG1;SOS1;EREG"
"Signaling By ERBB2 R-HSA-1227986",0.866734486266531,1,0.0190794888813551,0.2053005305462,0.74835301310204,48,"AKT3;UBB;DIAPH1;PRKCA;RNF41;NRG2;HBEGF;NRG3;ERBB4;EGF;PRKCE;NRG4;AKT2;EGFR;PLCG1;SOS1;EREG;GRB7"
"Signaling By ERBB2 TMD/JMD Mutants R-HSA-9665686",0.218585005279831,1,0.0894366833718621,0.382026863865581,1.21221184741999,21,"NRG2;HBEGF;NRG3;ERBB4;EGF;NRG4;EGFR;PLCG1;SOS1;EREG"
"Signaling By ERBB4 R-HSA-1236394",0.593908629441624,1,0.0384786917635432,0.256795790620986,0.954079489040118,56,"MXD4;GABRB2;UBB;PSEN2;GABRB1;NEDD4;NRG2;STAT5A;HBEGF;GABRB3;NRG3;ERBB4;ADAM17;EGF;APH1A;PGR;WWP1;ESR1;GABRA1;NRG4;NCOR1"
"Signaling By Erythropoietin R-HSA-9006335",0.658201058201058,1,0.0356176233437444,0.270560092669691,0.879801016609357,24,"VAV1;STAT5A;EPX;JAK2;IRS2;PLCG1;SOS1;CLSTN1;PLCG2;PIK3CA;PIK3R5;EPOR;STAT5B;PIK3CG;PIGU;LYN;RAPGEF1"
"Signaling By FGFR In Disease R-HSA-1226099",0.970766129032258,1,0.00906269502060309,0.159612446559103,0.602720745796735,61,"GTF2F2;FGF9;FGF10;STAT5A;FGF13;FRS2;MYO18A;FGFR1;FGFR2;FGF20;POLR2K;FGF23;FGF17;FGF7;CPSF6;FGFR3;FGF18;NCBP1;PLCG1;SOS1;POLR2D;FGF16;CUX1;PIK3CA;FGF3;POLR2J;STAT5B;GTF2F1;PIGU;FGFR4;LRRFIP1;POLR2B;POLR2H;FGF5;CNTRL;ZMYM2"
"Signaling By FGFR R-HSA-190236",0.741741741741742,1,0.0270265157079683,0.223047151510453,0.873629256274999,84,"MAPK1;UBB;FLRT3;SPRED2;FLRT2;CBL;GTF2F2;FGF9;ESRP2;FGF10;FGF13;FGFRL1;FRS2;KLB;KL;FGFR1;FGFR2;GALNT3;FGFBP3;FGF20;ANOS1;POLR2K;FGF23;FGF17;FGF7;MAPK3;SPRED1;FGFR3;FGF18;TIA1;NCBP1"
"Signaling By FGFR1 In Disease R-HSA-5655302",0.94129763130793,1,0.0140757415299283,0.182586549471212,0.634246939558413,36,"FGF9;STAT5A;FGF13;FRS2;MYO18A;FGFR1;FGF20;FGF23;FGF17;CPSF6"
"Signaling By FGFR1 R-HSA-5654736",0.168870803662258,1,0.102449405629826,0.333030160577986,1.21394778405752,48,"MAPK1;UBB;FLRT3;SPRED2;FLRT2;CBL;FGF9;FGF10;FGF13;FGFRL1;FRS2;KL;FGFR1;FGF20;ANOS1;FGF23;FGF17;MAPK3;SPRED1"
"Signaling By FGFR2 IIIa TM R-HSA-8851708",0.994663820704376,1,0.0124136372369971,0.150288600354458,0.466427725049778,19,"GTF2F2;FGF13;FGFR2;POLR2K;NCBP1;POLR2D;POLR2J;GTF2F1;POLR2B;POLR2H"
"Signaling By FGFR2 In Disease R-HSA-5655253",0.848049281314168,1,0.0210003441275487,0.21222291061459,0.756567218326039,42,"GTF2F2;FGF9;FGF10;FGF13;FRS2;FGFR2;FGF20;POLR2K;FGF23;FGF17;FGF7;FGF18;NCBP1;PLCG1;SOS1;POLR2D;FGF16"
"Signaling By FGFR2 R-HSA-5654738",0.988900100908174,1,0.00667841440698826,0.143607744174404,0.549666563624004,70,"MAPK1;UBB;CBL;GTF2F2;FGF9;ESRP2;FGF10;FGF13;FRS2"
"Signaling By FGFR3 In Disease R-HSA-5655332",0.494192185850053,1,0.048701086452153,0.315400524286787,1.00079938974514,21,"FGF9;FGF13;FRS2;FGF20;FGF23;FGF17;FGFR3;FGF18;PLCG1;SOS1;FGF16"
"Signaling By FGFR3 R-HSA-5654741",0.701030927835051,1,0.0313490001730997,0.247828998731792,0.866294671587116,38,"MAPK1;UBB;CBL;FGF9;FGF13;FRS2;GALNT3;FGF20;FGF23;FGF17;MAPK3;FGFR3;FGF18;PLCG1;SOS1;FGF16;BRAF;SPRY2;PIK3CA"
"Signaling By FGFR4 R-HSA-5654743",0.790554414784394,1,0.0249900772245545,0.228938962436013,0.807881411810028,39,"MAPK1;UBB;CBL;FGF9;FGF13;FRS2;KLB;FGF20;FGF23;FGF17;MAPK3;FGF18;PLCG1;SOS1;FGF16;BRAF;SPRY2;PIK3CA;FGF19"
"Signaling By FLT3 Fusion Proteins R-HSA-9703465",0.889490790899242,1,0.0213630317196063,0.223283494852807,0.682269084089756,18,"NOX4;STAT5A;MYO18A;SPTBN1;SOS1;TRIP11;PIK3CA;LONP1;STAT5B;ZMYM2;ETV6;HRAS;GOLGB1"
"Signaling By FLT3 ITD And TKD Mutants R-HSA-9703648",0.542920847268673,1,0.0468819856878333,0.326034752703802,0.950288629209914,15,"FLT3;NOX4;STAT5A"
"Signaling By Hedgehog R-HSA-5358351",0.200400801603206,1,0.0913924325943768,0.281197885760834,1.14553730107886,134,"PRKAR1B;ADCY1;WDR35;UBB;ULK3;CUL3;MKS1;PRKCA;ADCY2;IQCE;IFT88;CSNK1A1;PSMD9;HHAT;PSMB11;ARRB1;SMURF1;GLI3;PSMA6;RPGRIP1L;KIF3A;IFT172;SPOP;SCUBE2;GRK2;NUMB;PSMB3;TTC21B;SEL1L;IFT57;PRKACG;ADCY7;IFT140;EVC;ADAM17;ARRB2;PSMF1;PSMD13;ADCY10;BTRC;PSMD5;SMOX;PSMC3;ADCY5;SHH;DZIP1;KIF7;CDON"
"Signaling By High-Kinase Activity BRAF Mutants R-HSA-6802948",0.396677050882658,1,0.0580983576873206,0.31033363078452,1.06501576909538,33,"CNKSR2;MAPK1;FGG;ARRB1;KSR2;ARAF;ARRB2;FGA;MAP2K1;CNKSR1;VCL;MAPK3;RNASE3"
"Signaling By Hippo R-HSA-2028269",0.592119275825346,1,0.0408229003677776,0.29538344597887,0.925145137140933,20,"CASP3;AMOT;LATS1;MOB1B;WWC1;TJP1;DVL2;STK24;AMOTL1;NPHP4;SAV1;STK4;YWHAB"
"Signaling By Insulin Receptor R-HSA-74752",0.596173212487412,1,0.0379271467108098,0.247082829957069,0.956036360632124,77,"MAPK1;TRIB3;FLT3;ATP6V1C1;FGF9;FGF10;ATP6V1A;ATP6V1D;INS;FGF13;FRS2;ATP6V1B1;KLB;PIK3R2;PIK3R4;KL;FGFR1;FGFR2;FGF20;IRS2;ATP6V1H;GRB10;FGF23;FGF17;FGF7;MAPK3;AKT2;FGFR3;ATP6V0D2;FGF18;ATP6V0C;ATP6V0A2;SOS1;THEM4;FGF16;ATP6V0A4;TLR9;ATP6V1G3;PIK3CA;ATP6V1C2;ATP6V1E2;INSR;FGF19;FGF3;ATP6V1B2;ATP6V1G2;PIGU;PIK3C3;PDE3B;FGFR4"
"Signaling By Interleukins R-HSA-449147",1,1,0,0.134530335471024,0.587131223304793,447,"POU2F1;HIF1A;MAPK1;IL12RB2;UBB;TOLLIP;CASP3;PRKCA;CNTF;CCL20;FASLG;IL31RA;MMP2;CCL22;MAPK9;MAPK8;RPS6KA5;MAPK14;DUSP3;PSMD9;CXCL8;PSMB11;PTK2B;NLRX1;MAPK10;CBL;STX1A;CAPZA1;GSTA2;VAV1;CASP8;PSMA6;IL22;ITGB2;IL12A;ICAM1;IL11;IL2RG;IFNL3;IL1RL2;MEF2C;TANK;STAT5A;FGF13;GDNF;IRF4;PSMB3;INPP5D;PIK3R2;IL1B;CCM2;IL23R;AGER;TAB3;IL9R;IL13RA2;IL1RL1;TRAF6;IL17RE;MAPK11;RNASEH2A;FOXO3;MAP3K8;RAG1;RORA;CXCL1;CREB1;CSF3;RORC;IL1A;VPS72;SOCS2;CD86;CRK;PPP2R1B;IL34;CLCF1;IL4;SERPINB2;IL18R1;MAP2K1;PSMF1;SMAD3;SDC1;PSMD13;SNAP25;NKIRAS1;VAMP7;IL20RA;IL37;PELI2;IL10RA;IL15RA;BTRC;HSP90B1;JAK2;LBP;IL10RB;IRS2;PSMD5;PSMC3;CNTFR;HSPA8;NFKBIB;CRLF1;RPS6KA3;IL22RA2;PTPN2;TP53;PIK3R3;VEGFA;MAPK3;CSF1R;SOD1;IL32;TEC;IRAK4;PELI3;IL17C;F13A1;TYK2;STX3;IL4R;TIFA;CCR5;PSMB9;PTPN20;GSDMD;IL17RC;IKBKB;PSMA4;S100A12;PTPN4;HOXC13;IL9;ALPK1;CHUK;PSME4;IL36G;PTPN23;CCR2;MAP3K3;IL15;OSMR;SOS1;CLSTN1;IL17RB"
"Signaling By KIT In Disease R-HSA-9669938",0.987193169690502,1,0.0130773356900516,0.158253356103459,0.491146718345491,19,"STAT5A;PIK3R2;JAK2;PIK3R3;SOS1;KIT;PIK3CA;STAT5B;LYN;SRC;HRAS;LCK;STAT1"
"Signaling By MET R-HSA-6806834",0.975855130784708,1,0.00815591848796014,0.155504623466101,0.589235004546087,62,"LAMA2;UBB;SH3GL2;CBL;LMNB2;LAMB3;TNS3;LAMB1;LRIG1;SH3GL3"
"Signaling By NODAL R-HSA-1181150",0.619047619047619,1,0.227987202850442,-0.191080861015489,-0.879568318537205,20,"PCSK6;TDGF1;DRAP1"
"Signaling By NOTCH R-HSA-157118",0.996003996003996,1,0.00288973010331959,0.148134688034131,0.620804838010451,198,"HDAC4;HIF1A;UBB;FABP7;NEURL1;H2BC1;PSMD9;PSEN2;H2BC3;ARRB1;TNRC6A;PSMA6;CREBBP;ATP2A2;HES5;AGO4;NBEA;DTX1;MAML2;NUMB;PSMB3;FLT4;SEL1L;H2AZ2;KAT2A;TNRC6C;CCNC;H2AC20;ADAM17;CREB1;ARRB2;POGLUT1;DLL4;EGF;NOTCH4;PSMF1;WWC1;SMAD3;APH1A;PSMD13;ST3GAL3;H2AC14;PSMD5;HEYL;PSMC3;B4GALT1;TLE1;ST3GAL6"
"Signaling By NOTCH1 R-HSA-1980143",0.734343434343434,1,0.0280106629226489,0.22644655690299,0.869671588185881,72,"HDAC4;HIF1A;UBB;NEURL1;PSEN2;ARRB1;CREBBP;HES5;NBEA;DTX1;MAML2;NUMB;KAT2A;CCNC;ADAM17;ARRB2;DLL4;APH1A"
"Signaling By NOTCH2 R-HSA-1980145",0.404505543109401,1,0.203508959461977,-0.206010790013214,-1.08945796616922,30,"PSENEN;GZMB;RPS27A;PSEN1;RBPJ;JAG1;UBA52"
"Signaling By NOTCH3 R-HSA-9012852",0.89150460593654,1,0.0176259777744384,0.199141551359066,0.723980088090406,47,"UBB;FABP7;NEURL1;PSEN2;CREBBP;HES5;MAML2;KAT2A;DLL4;EGF;WWC1;APH1A;HEYL;MIB2;DLGAP5;EGFR;MIB1;JAG2"
"Signaling By NOTCH4 R-HSA-9013694",0.958710976837865,1,0.0103504582782501,0.166721011069855,0.648447716293665,79,"UBB;PSMD9;PSEN2;PSMA6;CREBBP;HES5;MAML2;PSMB3;FLT4;KAT2A;DLL4;NOTCH4;PSMF1;SMAD3;APH1A;PSMD13"
"Signaling By NTRK1 (TRKA) R-HSA-187037",0.881763527054108,1,0.0169176756264572,0.192931706490458,0.778246300771999,114,"ID4;SHC3;DNM1;CDK5R1;MAPK1;SH3GL2;RPS6KA5;MAPK14;DUSP3;MEF2C;FRS2;ID2;GDNF;PIK3R2;NAB2;SH3GL3;EGR2;MEF2D;MAPK11;RNASEH2A;CREB1;CRK;PPP2R1B;MAP2K1;REST;FOSL1;IRS2;ARC;RPS6KA3;AP2A1;MAPK3;FOSB;AP2M1;LYL1;CDK5R2;MAPK12;F3;MAPK13;SHC2;PLCG1;SOS1;EGR4;MAPK7;EGR3;VRK3;BRAF;CDK5;AP2B1;RPS6KA2;RIT2;DUSP7;PIK3CA;BCL11B;RALA;YWHAB"
"Signaling By NTRK2 (TRKB) R-HSA-9006115",0.506329113924051,1,0.0475434194201301,0.304413923104077,0.984399428271098,23,"CDK5R1;DOCK3;NTF4;TIAM1;FRS2"
"Signaling By NTRK3 (TRKC) R-HSA-9034015",0.715859030837004,1,0.0335297167141207,0.282171945425109,0.836435189889805,16,"PTPRU;NTRK3;BAX;PLCG1;SOS1;NTF3;PIK3CA;NELFB;PTPRS;IRS1;SRC;HRAS"
"Signaling By NTRKs R-HSA-166520",0.945891783567134,1,0.0112106917277743,0.176311539408483,0.717803640401978,132,"ID4;SHC3;DNM1;PTPRU;CDK5R1;MAPK1;SH3GL2;RPS6KA5;MAPK14;DUSP3;DOCK3;MEF2C;NTF4;TIAM1;FRS2;ID2;GDNF;PIK3R2;NAB2;PCSK5;SH3GL3;EGR2;MEF2D;MAPK11;RNASEH2A;CREB1;CRK;PPP2R1B;MAP2K1;NTRK3;REST;FOSL1;IRS2;ARC;RPS6KA3;AP2A1;MAPK3;FOSB;AP2M1;LYL1;CDK5R2;MAPK12;F3;BAX;MAPK13;SHC2;PLCG1;SOS1;EGR4;MAPK7;FURIN;EGR3;VRK3;BRAF;CDK5;AP2B1;RPS6KA2;RIT2;DUSP7;NTF3;PIK3CA;BCL11B;RALA;YWHAB"
"Signaling By Nuclear Receptors R-HSA-9006931",0.977022977022977,1,0.00699634910626994,0.176348072342628,0.750330570447519,255,"GNG13;POU2F1;AKT3;CALM1;MAPK1;PDK2;PMEPA1;MMP2;NCOA1;GNB1;STAG2;GPAM;H2BC1;ADH7;H2BC3;TNRC6A;GTF2F2;UHMK1;ADH1A;PDK3;CYP26C1;GNG2;PPP5C;CREBBP;EBAG9;MYB;AGO4;ABCA1;PPARD;GDNF;RDH10;MMP7;PDHA1;PIK3R2;CYP26A1;H2AZ2;RXRB;HBEGF;TNRC6C;EPGN;NR5A2;TBP;H2AC20;AREG;DHRS3;FOXO3;ERBB4;CREB1;ALDH1A3;EGF;ALDH1A1;PGR;ZDHHC21;SDR16C5;CRABP1;POLR2K;CETP;KDM3A;GNG4;ANGPTL3;CARM1;CXXC5;GNB4;H2AC14;ESR1;NCOA3;DHRS9;PIK3R3;RDH5;MAPK3;AKT2;FOSB;TFF3;PDHA2;NCOR1;GNG3;HDAC3"
"Signaling By PDGF R-HSA-186797",0.99592252803262,1,0.00715048391330487,0.137007795335416,0.503799292959765,52,"SYNGAP1;COL6A5;STAT5A;COL4A5;PIK3R2;COL9A1;CRK;COL6A6;PDGFC;COL4A3;PLCG1;SOS1;GRB7;PLG;COL9A3;THBS4;FURIN;PIK3CA;COL6A1;PTPN12;STAT6;COL4A4;PDGFA;STAT5B;COL6A3;THBS2;RAPGEF1;NCK2;PDGFD;SRC;HRAS;PDGFRA;PDGFRB;STAT1"
"Signaling By PDGFR In Disease R-HSA-9671555",0.609005392357589,1,0.143902565267782,-0.238661263838179,-1.08759257039049,19,"KANK1;STAT3;GOLGA4;PIK3R1;WDR48;GRB2;NRAS;PIK3CB;STAT1;PDGFRA;FIP1L1;HRAS;ETV6;PIK3CA;STRN;SOS1;BIN2;KDR"
"Signaling By Receptor Tyrosine Kinases R-HSA-9006934",0.99000999000999,1,0.00458288223817775,0.176901856289259,0.775457376816394,494,"AKT3;ID4;CYFIP2;MXD4;SHC3;GABRB2;CALM1;LAMA2;HIF1A;DNM1;PTPRU;RICTOR;CDK5R1;MAPK1;UBB;FLRT3;ITPR1;FER;DIAPH1;VAV3;PRKCA;GRAP;SPRED2;SH3GL2;SYNGAP1;PRKCB;RPS6KA5;MAPK14;FLRT2;DUSP3;PTK2B;PSEN2;CBL;GABRB1;GTF2F2;TRIB3;RNF41;VAV1;FLT3;COL6A5;CYBB;ATP6V1C1;DOCK3;FGF9;NEDD4;IL2RG;ESRP2;FGF10;MEF2C;ATP6V1A;NRG2;ATP6V1D;STAT5A;INS;LMNB2;COL4A5;FGF13;NTF4;TIAM1;FGFRL1;FRS2;ID2;ABI1;ATP6V1B1;GDNF;KLB;LAMB3;TNS3;FLT4;PIK3R2;LAMB1;NAB2;LRIG1;PCSK5;SH3GL3;HBEGF;NCKAP1;COL9A1;EPGN;PXDN;GABRB3;PRKACG;EGR2;PIK3R4;MEF2D;KL;FGFR1;MAPK11;RNASEH2A;WASF3;NRG3;AREG;FGFR2;NRP2;GALNT3;FGFBP3;FGF20;ERBB4;ADAM17;CREB1;TNS4;CRK;PPP2R1B;EGF;MAP2K1;ANOS1;APH1A;PGR;COL6A6;PAG1;WWP1;SPINT1;MLST8;SOCS6;POLR2K;NTRK3;JAK2;EPS15L1;LAMC2;REST;PRKCE;FOSL1;IRS2;ESR1;ROCK2;GABRA1;ATP6V1H;GRB10;FGF23;ARC;RPS6KA3;FGF17;FGF7;PTPN2;IRS4;NRG4;AP2A1;PIK3R3;VEGFA;MAPK3;PDGFC;AKT2;SPRED1;FOSB;NCOR1;TEC;HDAC3;MAPKAP1;VEGFC;LAMA4;AP2M1;EGFR;FGFR3;LYL1;IGF1;CDK5R2;ATP6V0D2;DOCK7;FGF18;TIA1;NCBP1;MAPK12;KDR;EPN1;ARHGEF7;F3;BAX"
"Signaling By SCF-KIT R-HSA-1433557",0.850102669404518,1,0.0208547494438027,0.211369885254117,0.75352621289328,42,"PTPRU;FER;PRKCA;GRAP;CBL;VAV1;STAT5A;PIK3R2"
"Signaling By TGF-beta Receptor Complex R-HSA-170834",0.917753259779338,1,0.0139869590598254,0.184915056389532,0.727720655136508,90,"MAPK1;TGFB2;UBB;PPP1CA;PMEPA1;RNF111;E2F4;CBL;ZFYVE9;SMURF1;NEDD4L;CCNK"
"Signaling By TGFB Family Members R-HSA-9006936",0.977977977977978,1,0.00715048391330487,0.156866086118698,0.634516185883058,118,"MAPK1;TGFB2;UBB;PPP1CA;PMEPA1;ACVR2B;RNF111;E2F4;CBL;ZFYVE9;SMURF1;AMHR2;NEDD4L;CCNK"
"Signaling By Type 1 Insulin-like Growth Factor 1 Receptor (IGF1R) R-HSA-2404192",0.534552845528455,1,0.0433636987883266,0.266768671735142,0.987036409931736,53,"TRIB3;FLT3;FGF9;FGF10;FGF13;FRS2;KLB;PIK3R2;PIK3R4;KL;FGFR1;FGFR2;FGF20;IRS2;FGF23;FGF17;FGF7;IRS4;AKT2;FGFR3;IGF1;FGF18;SOS1;THEM4;FGF16;IGF2;TLR9"
"Signaling By VEGF R-HSA-194138",0.615615615615616,1,0.0361491929398957,0.239025073351091,0.954823523409781,102,"AKT3;CYFIP2;CALM1;RICTOR;ITPR1;VAV3;PRKCA;SYNGAP1;PRKCB;MAPK14;PTK2B;TRIB3;VAV1;CYBB;ABI1;FLT4;PIK3R2;NCKAP1;PXDN;PRKACG;MAPK11;WASF3;NRP2"
"Signaling By WNT In Cancer R-HSA-4791275",0.822429906542056,1,0.0234376252595191,0.22683450102736,0.77846000756767,33,"CSNK1A1;PPP2R5C;PPP2R5E;FZD4;PPP2R1B;AMER1;DKK2;FZD6"
"Signaling By WNT R-HSA-195721",0.97002997002997,1,0.00801915843678622,0.181514071501487,0.778295519177556,290,"CAMK2A;GNG13;CALM1;AXIN2;TLE5;UBB;PPP3CB;CUL3;ITPR1;PYGO1;PPP3R1;PRKCA;WNT4;KMT2D;GNB1;KLHL12;PRKCB;H2BC1;CSNK1A1;PSMD9;PPP3CA;PSMB11;H2BC3;TNRC6A;SMURF1;PSMA6;PRKCG;GNG2;FZD7;CREBBP;RUVBL1;DACT1;CXXC4;AGO4;WNT7B;PSMB3;PIP5K1B;CSNK1G2;H2AZ2;RSPO2;TNRC6C;PPP2R5C;H2AC20;PPP2R5E;CHD8;FZD4;WIF1;RORA;SOX6;ARRB2;TCF7;TRRAP;PPP2R1B;PRKG1;AMER1;CCDC88C;PSMF1;PSMD13;PLCB1;SOX13;DKK2;FZD6;HECW1;WNT8B;BTRC;GNG4;GNB4;H2AC14;PSMD5;PSMC3;TLE1;VPS35;SOX7;KREMEN2;NCOA3;PARD6A;DVL2;BCL9L;AP2A1;AKT2;LEF1"
"Signaling To ERKs R-HSA-187687",0.763239875389408,1,0.0274480081801021,0.238365750867424,0.818033426942168,33,"SHC3;MAPK1;MAPK14;FRS2;MAPK11;CRK;MAP2K1;MAPK3;MAPK12;MAPK13;SHC2;SOS1;BRAF;RIT2;BCL11B;RALA;YWHAB"
"Signaling To RAS R-HSA-167044",0.76093916755603,1,0.0289981119993578,0.260021255126951,0.806988169477979,19,"SHC3;MAPK14;MAPK11;MAPK12;MAPK13;SHC2;SOS1"
"Smooth Muscle Contraction R-HSA-445355",0.839835728952772,1,0.0215798086475871,0.214110343204682,0.763295849180869,42,"CACNA1G;CALM1;SORBS1;MYL7;GUCY1B1;MYL10"
"Sphingolipid De Novo Biosynthesis R-HSA-1660661",0.921187308085977,1,0.0152836130945825,0.185806590290206,0.665295850441443,43,"SPTLC1;VAPB;PRKD3;CSNK1G2;ACER1;ORMDL3;CERS3;SPTSSA;PLPP3;PRKD1;SPTLC3;PRKD2;ALDH3B1;CERS6;VAPA;SPHK2;PPM1L"
"Sphingolipid Metabolism R-HSA-428157",0.894894894894895,1,0.0157837626630889,0.191743836638714,0.751958495929394,87,"ARSB;NEU2;SPTLC1;SMPD2;CERK;VAPB;HEXB;B4GALNT1;SFTPA2;PRKD3;CSNK1G2;ACER1;ORMDL3;GBA2;CERS3;SPTSSA;PLPP3;GLB1;PRKD1"
"Spry Regulation Of FGF Signaling R-HSA-1295596",0.27536231884058,1,0.0797705918628453,0.39609850280742,1.15450239627346,15,"MAPK1;UBB;CBL"
"Stabilization Of P53 R-HSA-69541",0.966531440162272,1,0.0102389179310485,0.160582712088093,0.596696348847818,55,"UBB;CDKN2A;PSMD9;PSMB11;PSMA6;MDM2;PSMB3;PSMF1;PSMD13;PSMD5;PSMC3;CHEK2;TP53;ATM;PSMB9;PSMA4;PSME4"
"Striated Muscle Contraction R-HSA-390522",0.608515057113188,1,0.0383995813369433,0.267925290044951,0.91947707412818,33,"MYH8;MYL2;MYL3;TMOD4;TNNT1;MYBPC3;MYBPC1;TNNC2;TMOD2;TNNI3;MYL1;TNNT3;MYBPC2;TCAP;MYL4;TTR;ACTN3;MYH3;TNNT2"
"Sulfur Amino Acid Metabolism R-HSA-1614635",0.526984126984127,1,0.0458620343117985,0.2995712431119,0.974138800870925,24,"CDO1;GOLT1A;TSTD1;MTRR;GADL1;SQOR;GOT2;SLC25A10;ETHE1;BHMT2;MTR"
"Surfactant Metabolism R-HSA-5683826",0.5099685204617,1,0.0469758727821845,0.29400878682832,0.979876690501101,27,"ADORA2B;SFTPA2;ADRA2C;DMBT1;ZDHHC2;SFTPD;SFTPB;PGA3;CTSH;SFTPA1;CCDC59;ADA2;P2RY2;SLC34A2"
"Switching Of Origins To A Post-Replicative State R-HSA-69052",0.953861584754263,1,0.0104610403416792,0.171144905035733,0.672808533662719,89,"MCM6;UBB;ORC5;ORC6;PSMD9;PSMB11;ORC3;PSMA6;CDC6;ANAPC16;PSMB3;CDT1;CCNE1;GMNN;PSMF1;ANAPC5;PSMD13;MCM4;PSMD5;PSMC3;PSMB9;SLC25A15;CDC23;PSMA4;CCNA2;CCNE2;ANAPC10;PSME4;ANAPC4;UBE2D1;MCM7;ANAPC15;CDC16;ORC4;PSMA8;FZR1;PSMD7;ANAPC2;UBE2C"
"Synaptic Adhesion-Like Molecules R-HSA-8849932",0.240760295670539,1,0.0840745577910723,0.378452789971327,1.20087093103959,21,"GRIA4;GRIA1;GRIN2D;LRFN3;GPRIN1;MPP3"
"Syndecan Interactions R-HSA-3000170",0.647497337593184,1,0.0366850427613443,0.283069224572894,0.886576821256942,20,"VTN;PRKCA;ACTN1;FGF13"
"Synthesis Of Active Ubiquitin: Roles Of E1 And E2 Enzymes R-HSA-8866652",0.894240837696335,1,0.0189287891242153,0.206760108705226,0.697895606335151,29,"UBB;UCHL3;UBA1;UBE2A;UBE2D2;UBE2E3;UBE2Q2;UBE2R2;UBE2H;UBE2D1;UBE2W;UBE2G1;UBE2K;UBE2C;UBE2G2;USP5;OTULIN;UBE2B"
"Synthesis Of Bile Acids And Bile Salts R-HSA-192105",0.634575569358178,1,0.0363018462359236,0.265023099154384,0.914147385672802,34,"OSBPL7;NCOA1;AKR1C4;CYP39A1;NR1H4;CYP8B1;CH25H;BAAT;AKR1C2;AMACR;SYCP2;OSBPL3;AKR1C1;HSD3B7;CYP7B1;CYP7A1;RXRA;ACOT8"
"Synthesis Of Bile Acids And Bile Salts Via 27-Hydroxycholesterol R-HSA-193807",0.27536231884058,1,0.0797705918628453,0.396106484301506,1.15452565981518,15,"NCOA1;AKR1C4;NR1H4;CYP8B1;AKR1C2;AKR1C1;HSD3B7;CYP7B1;CYP7A1;RXRA;PTGIS"
"Synthesis Of Bile Acids And Bile Salts Via 7Alpha-Hydroxycholesterol R-HSA-193368",0.375661375661376,1,0.0615706755421678,0.332852960195018,1.08236351440981,24,"NCOA1;AKR1C4;NR1H4;CYP8B1;BAAT;AKR1C2;AMACR;SYCP2;AKR1C1;HSD3B7;CYP7B1;CYP7A1;RXRA;ACOT8;PTGIS"
"Synthesis Of DNA R-HSA-69239",0.8998998998999,1,0.0153676328786693,0.190044643490519,0.768721941872537,118,"MCM6;UBB;ORC5;ORC6;PSMD9;PSMB11;ORC3;POLR1B;PSMA6;GINS1;CDC6;ANAPC16;PSMB3;RFC2;GINS3;LRIG1;POLE2;CDT1;CCNE1;POLE;GINS4;GMNN;PSMF1;ANAPC5;PSMD13;PRIM1;MCM4;PSMD5;PSMC3;POLR1A;RFC3;GINS2;PSMB9;RFC5;SLC25A15;CDC23;PSMA4;CCNA2;CCNE2;ANAPC10;PSME4;SLC19A1"
"Synthesis Of Glycosylphosphatidylinositol (GPI) R-HSA-162710",1,1,0.0132626420191661,0.106712690713107,0.326073227228821,18,"PIGF;PIGA;PIGB;PIGZ"
"Synthesis Of IP3 And IP4 In Cytosol R-HSA-1855204",0.408658922914467,1,0.0574877409561325,0.320390736180976,1.06012998762467,26,"CALM1;ITPKA;PLCD1;PTEN;INPP5D;PLCH1;PLCB4;INPP5J;PLCB1;PLCB2;ITPK1;PLCG1;PLCH2;PLCG2;SYNJ1;INPP5B;PLCD4;PLCZ1"
"Synthesis Of Leukotrienes (LT) And Eoxins (EX) R-HSA-2142691",0.343982960596379,1,0.066132620475844,0.353651607788909,1.10764184534358,20,"PTGR1;CYP4F2;DPEP3;DPEP2;CYP4F11"
"Synthesis Of PA R-HSA-1483166",0.383983572895277,1,0.0590954798717342,0.30384832261155,1.07222208590264,39,"GPAM;ALPP;PLA2G1B;GNPAT;GPD1;PLA2G4D;PLA2G2D;AGPAT2;PLA2G2F;PLA2G10;PLA2G12A;PLD2;PLA2G4B;GPD2;PRKCSH"
"Synthesis Of PC R-HSA-1483191",0.299055613850997,1,0.0723570851036907,0.340175245033176,1.13374092281178,27,"LPIN1;STARD7;PCTP;LPIN2;CHPT1;BCHE;PCYT1B;CHKA;ABHD3;PCYT1A;SLC44A3;ACHE;PHOSPHO1;SLC44A5"
"Synthesis Of PIPs At Early Endosome Membrane R-HSA-1660516",0.449339207048458,1,0.0550211117163117,0.342404383029645,1.01498068742102,16,"INPP4A;INPP4B;PIK3R4;PI4K2B;VAC14;PIKFYVE;INPP5F"
"Synthesis Of PIPs At Plasma Membrane R-HSA-1660499",0.35132382892057,1,0.0629394692018967,0.296128419024215,1.08722107320495,51,"PIP5K1C;PLEKHA2;PIP4K2B;MTMR1;PLEKHA6;INPP4A;PTEN;INPP4B;MTMR3;INPP5D;PIP5K1B;PIK3R2;PI4K2B;INPP5J;MTMR9;BMX;PIK3R3;RUFY1;RAB14;PIK3R6;PLEKHA3;PIK3C2G"
"Synthesis Of Prostaglandins (PG) And Thromboxanes (TX) R-HSA-2162123",0.244849342743694,1,0.249246554383295,-0.2928901709901,-1.22265522058242,15,"PRXL2B;PTGDS;CBR1"
"Synthesis Of Substrates In N-glycan Biosythesis R-HSA-446219",0.342396777442095,1,0.0636424081651019,0.28669687424441,1.08924771818416,63,"NEU2;ST6GALNAC6;GNPNAT1;NPL;PMM1;AMDHD2;GFPT1;ST6GALNAC2;SLC35C1;GMDS;ST6GALNAC4;SRD5A3;GLB1;ST8SIA1;NANP;DPM1;NEU3;GMPPB;ST3GAL3;ST6GAL2;ST3GAL6;ST8SIA3;ST8SIA5;SLPI;ST8SIA4;FCSK"
"Synthesis Of Very Long-Chain Fatty acyl-CoAs R-HSA-75876",0.955555555555556,1,0.0150298748621405,0.179417842245938,0.583426766483796,24,"ELOVL3;SLC27A3;ACSL6;ELOVL6;ACSBG1;ACSL3;HACD4;ACSL1;ACSL5"
"Synthesis, Secretion, And Inactivation Of Glucagon-like Peptide-1 (GLP-1) R-HSA-381771",0.21752903907075,1,0.0897104652742981,0.383891724456476,1.21812924830431,21,"GNG13;GNB1;PCSK1;GCG"
"TAK1-dependent IKK And NF-kappa-B Activation R-HSA-445989",0.333502572504068,1,0.203508959461977,-0.199568394872185,-1.19191114545195,44,"HMGB1;SAA2;S100B;RPS27A;APP;USP18;RELA;UBA52;USP14;NFKB2"
"TBC/RABGAPs R-HSA-8854214",0.72057318321392,1,0.0296354881939192,0.241071044865555,0.863174796761179,43,"RAB6B;MAP1LC3B;TBC1D10C;TBC1D20;TBC1D10A;GGA2"
"TCF Dependent Signaling In Response To WNT R-HSA-201681",0.993006993006993,1,0.00382852089890286,0.157188189550447,0.657156133758801,194,"AXIN2;UBB;CUL3;PYGO1;WNT4;KMT2D;KLHL12;H2BC1;CSNK1A1;PSMD9;PSMB11;H2BC3;PSMA6;CREBBP;RUVBL1;DACT1;CXXC4;PSMB3;PIP5K1B;CSNK1G2;H2AZ2;RSPO2;PPP2R5C;H2AC20;PPP2R5E;CHD8;FZD4;WIF1;SOX6;TCF7;TRRAP;PPP2R1B;AMER1;CCDC88C;PSMF1;PSMD13;SOX13;DKK2;FZD6;HECW1;WNT8B;BTRC;H2AC14;PSMD5;PSMC3;TLE1;SOX7;KREMEN2;DVL2;BCL9L;AKT2;LEF1"
"TGF-beta Receptor Signaling Activates SMADs R-HSA-2173789",0.463664278403275,1,0.0501934252649434,0.286005743089142,1.02406719687626,43,"TGFB2;UBB;PPP1CA;PMEPA1;CBL;ZFYVE9;SMURF1;NEDD4L"
"TGF-beta Receptor Signaling In EMT (Epithelial To Mesenchymal Transition) R-HSA-2173791",0.98216276477146,1,0.016838053046391,0.179357852636246,0.522771657028157,15,"UBB;SMURF1;PARD3;PARD6A;ARHGEF18;CGN;FKBP1A"
"TICAM1, RIP1-mediated IKK Complex Recruitment R-HSA-168927",0.589382448537378,1,0.0418238690062304,0.303166882814687,0.926362208727862,18,"UBB;TLR3;UBE2D3;TRAF6;RIPK1;BIRC3;UBE2D2;IKBKB;CHUK;UBE2D1;TICAM1"
"TNF Receptor Superfamily (TNFSF) Members Mediating Non-Canonical NF-kB Pathway R-HSA-5676594",0.411572052401747,1,0.0587185879555941,0.348074784671289,1.04751618143751,17,"TNFSF12;TNFSF11;TANK;TRAF3;BIRC3;CD40;TNFSF13B;TNFRSF11A;LTA;LTBR"
"TNF Signaling R-HSA-75893",0.143295803480041,1,0.11331290842208,0.345914235495537,1.23857450440462,43,"UBB;SMPD2;TAX1BP1;CASP8;RBCK1;USP4;TANK;TAB3;ADAM17;RNF31;RIPK1;SPPL2B;MADD;BIRC3;NSMAF;SPPL2A;IKBKB;USP2;CHUK;XIAP"
"TNFR1-induced NFkappaB Signaling Pathway R-HSA-5357956",0.418162618796199,1,0.0564118388217596,0.317544560535954,1.05071237403415,26,"RBCK1;USP4;TANK;TAB3;RNF31;RIPK1;BIRC3;IKBKB;USP2;CHUK;XIAP"
"TNFR2 Non-Canonical NF-kB Pathway R-HSA-5668541",0.97997997997998,1,0.00683906706351732,0.155193252165519,0.617852914172814,99,"TNFSF12;TNFSF11;UBB;TNFRSF11B;FASLG;TNFRSF8;PSMD9;PSMB11;PSMA6;TANK;PSMB3;EDA2R;TRAF3;TNFRSF9;PSMF1;PSMD13;TNFSF18;BTRC;TNFRSF14;PSMD5;PSMC3;TNFSF4;BIRC3"
"TNFs Bind Their Physiological Receptors R-HSA-5669034",0.531937172774869,1,0.0449543067640062,0.288919931192722,0.975216891811194,29,"TNFSF11;TNFRSF11B;FASLG;TNFRSF8;EDA2R;TNFRSF9;TNFSF18;TNFRSF14;TNFSF4;TNFRSF17;TNFSF13B;EDA;LTA;TNFRSF1A;TNFSF15;TNFSF9"
"TP53 Regulates Transcription Of Additional Cell Cycle Genes With Uncertain Roles In P53 Pathway R-HSA-6804115",0.713833157338965,1,0.031636972118622,0.258711027424006,0.820917590266443,21,"CDC25C;PLK2;CNOT10;PLK3;CENPJ;CNOT4;CNOT11;TP53;RGCC;PLAGL1;CNOT6;CNOT7;CNOT6L;CNOT2;CNOT9"
"TP53 Regulates Transcription Of Cell Cycle Genes R-HSA-6791312",0.75609756097561,1,0.0268158762373842,0.229011087229779,0.837425920754186,49,"CDC25C;E2F4;E2F8;CCNB1;E2F7;RBL2;PLK2;CCNE1;CNOT10;RBL1;PLK3;CENPJ;CNOT4;CNOT11;ARID3A;CARM1;TP53;RGCC;CCNA2;BAX;CCNE2"
"TP53 Regulates Transcription Of Cell Death Genes R-HSA-5633008",0.883435582822086,1,0.0181674946847152,0.203187707864385,0.731197355153986,44,"PPP1R13B;CREBBP;TP53I3;BBC3;TP53BP2;BID;NLRC4;PRELID3A;RABGGTA;CASP6;APAF1;TP73;TP53;ATM;TP63"
"TP53 Regulates Transcription Of DNA Repair Genes R-HSA-6796648",0.466733870967742,1,0.0491927521045191,0.27125496261746,1.0242997767052,61,"GTF2F2;FANCI;CCNK;GDNF;NELFCD;MLH1;SUPT5H;ERCC3;SUPT4H1;FANCD2;MNAT1;RAD51D;POLR2K;PMS2;TP53;SERPINA2;CDK12;ATM;NELFA;ELOA;GTF2H4;CCNT1;GTF2H5;GTF2H1;TCEA1;ERCC2;NELFE;POLR2D;CDK13"
"TP53 Regulates Transcription Of Genes Involved In Cytochrome C Release R-HSA-6803204",0.211927582534611,1,0.0916795246008379,0.389920030982013,1.22123506055467,20,"PPP1R13B;CREBBP;BBC3;TP53BP2;BID;PRELID3A;TP73;TP53;ATM;TP63;BAX"
"TP53 Regulates Transcription Of Genes Involved In G2 Cell Cycle Arrest R-HSA-6804114",0.619718309859155,1,0.0395172228473919,0.295774357027034,0.903773473265903,18,"CDC25C;E2F4;CCNB1;RBL2;RBL1;CARM1;TP53"
"TRAF6 Mediated IRF7 Activation R-HSA-933541",0.172669491525424,1,0.103576326612592,0.393112105682702,1.25766922270652,22,"TRIM4;IFNA6;IRF7;CREBBP;RNF135;TANK;TRAF6;SIKE1;IFNA8;IFIH1"
"TRAF6 Mediated Induction Of NFkB And MAP Kinases Upon TLR7/8 Or 9 Activation R-HSA-975138",0.846846846846847,1,0.0195287736089407,0.202065570471816,0.804460244423835,99,"MAPK1;UBB;MAPK9;MAPK8;RPS6KA5;MAPK14;DUSP3;NLRX1;MAPK10;CASP8;MEF2C;TANK;TLR4;ECSIT;GDNF;AGER;TAB3;TRAF6;MAPK11;MAP3K8;CREB1;PPP2R1B;MAP2K1;NKIRAS1;PELI2;BTRC;TLR7;NFKBIB;RPS6KA3;TP53;MAPK3;IRAK4;PELI3;TIFA;IKBKB;S100A12;HOXC13;ALPK1;CHUK"
"TRAF6 Mediated NF-kB Activation R-HSA-933542",0.371909741075627,1,0.203508959461977,-0.245911699657886,-1.23163627635239,24,"HMGB1;SAA2;S100B;APP"
"TRP Channels R-HSA-3295583",0.191082802547771,1,0.09754492162472,0.37640925782257,1.23017049143067,25,"TRPC4;TRPM2;TRPM1;TRPM6;TRPM8;TRPV2;TRPM3;TRPM7;TRPV6;TRPV1;TRPC7;MCOLN3;TRPC6;MCOLN2;MCOLN1;TRPC4AP;TRPM4;TRPC5;TRPA1;TRPV3;TRPC3;TRPV5;TRPC1"
"Telomere C-strand (Lagging Strand) Synthesis R-HSA-174417",0.970924195223261,1,0.0121212734616549,0.162632992055241,0.55813061792926,33,"POLR1B;RFC2;LRIG1;PRIM1;POLR1A;RFC3;RFC5;WRN;SLC19A1;ACD;CHTF8;TERF2;DSCC1;PRIM2;RPA3;RFC4;POT1;POLA1;TERF1;DNA2;BLM;STN1;POLD3;PCNA"
"Telomere Extension By Telomerase R-HSA-171319",0.518518518518518,1,0.271288554688953,-0.195633860321827,-0.956122716373808,23,"RUVBL2;RTEL1;NHP2;CDK2;TERF2IP"
"Termination Of O-glycan Biosynthesis R-HSA-977068",0.848677248677249,1,0.0227269260340067,0.222385437820589,0.723147794425595,24,"MUC17;MUC19;MUC15;MUC13;ST6GALNAC2;ST6GALNAC4"
"Termination Of Translesion DNA Synthesis R-HSA-5656169",0.639958376690947,1,0.0361491929398957,0.263704277318432,0.899591491021868,31,"UBB;REV1;POLR1B;UBE2L6;USP32;RFC2;POLE2;POLE;POLR1A;RFC3;ISG15;RFC5;SLC19A1;PCLAF;TRIM25;USP43;POLK;RPA3;RFC4;POLH"
"Thrombin Signaling Thru Proteinase Activated Receptors (PARs) R-HSA-456926",0.250519750519751,1,0.0810802057550866,0.34013524281778,1.16608750470226,32,"GNG13;MAPK1;GNB1;GNA14;ARRB1;GNG2;GNA13;ARRB2;GNG4;GNB4;F2R;MAPK3;GNG3;GNG10;GNAQ;GNG11;F2RL2;GNB5"
"Thromboxane Signaling Thru TP Receptor R-HSA-428930",0.485714285714286,1,0.0495901956956338,0.307400835875361,0.99959888851711,24,"GNG13;GNB1;GNA14;GNG2;GNA13;GNG4;GNB4;GNG3;GNG10;GNAQ;GNG11;GNB5"
"Tie2 Signaling R-HSA-210993",0.191048034934498,1,0.0992333343771191,0.409623838811053,1.232745428148,17,"ANGPT4;PIK3R2;ANGPT2;GRB14;DOK2;TEK;SOS1;ANGPT1;GRB7"
"Tight Junction Interactions R-HSA-420029",0.648225469728601,1,0.0356933083353341,0.26521873889107,0.891059433042959,28,"CLDN16;CLDN18;CLDN10;PARD3;CLDN8;CLDN12;CLDN23;PATJ;CRB3;PARD6A;CLDN15;CLDN17;CLDN14;CLDN1;CLDN20;PRKCI;PARD6B"
"Toll Like Receptor 3 (TLR3) Cascade R-HSA-168164",0.806806806806807,1,0.0224414263839237,0.210907475682438,0.842503324949398,102,"MAPK1;UBB;MAPK9;MAPK8;RPS6KA5;MAPK14;DUSP3;NLRX1;MAPK10;CASP8;IRF7;MEF2C;TANK;TLR3;GDNF;TRAF3;AGER;TAB3;UBE2D3;TRAF6;MAPK11;MAP3K8;CREB1;PPP2R1B;MAP2K1;NKIRAS1;RIPK1;BTRC;BIRC3;NFKBIB;RPS6KA3;UBE2D2;TP53;MAPK3"
"Toll Like Receptor 4 (TLR4) Cascade R-HSA-166016",0.923847695390782,1,0.0133546284394486,0.185736526151928,0.757609174436566,138,"DNM1;MAPK1;UBB;MAPK9;MAPK8;FGG;RPS6KA5;MAPK14;DUSP3;NLRX1;MAPK10;CASP8;ITGB2;IRF7;MEF2C;TANK;TLR4;S100A8;ECSIT;GDNF;TRAF3;AGER;TAB3;UBE2D3;TRAF6;MAPK11;MAP3K8;CREB1;FGA;PPP2R1B;MAP2K1;NKIRAS1;RIPK1;PELI2;BTRC;LBP;BIRC3;NFKBIB;RPS6KA3;UBE2D2;TP53;MAPK3;IRAK4;PELI3;TIFA;IKBKB;S100A12;PTPN4;HOXC13;BTK;ALPK1;CHUK;NDUFA2;UBE2D1;SARM1;TICAM1;S100A9;IRAK3;MAPK7;VRK3;MAP2K6;PLCG2;RPS6KA2;CD180;LY86;DUSP7;IRF3;IRAK2;LRRC14;MYD88;NOD2;PELI1;RIPK2;BPI;DNM3;UBE2V1;TIRAP;NKIRAS2"
"Toll Like Receptor 7/8 (TLR7/8) Cascade R-HSA-168181",0.777777777777778,1,0.0244973552519294,0.214478694061134,0.855812508489933,101,"MAPK1;UBB;MAPK9;MAPK8;RPS6KA5;MAPK14;DUSP3;NLRX1;MAPK10;CASP8;IRF7;MEF2C;TANK;TLR4;ECSIT;GDNF;AGER;TAB3;TRAF6;MAPK11;MAP3K8;CREB1;PPP2R1B;MAP2K1;NKIRAS1;PELI2;BTRC;TLR8;TLR7;NFKBIB;RPS6KA3;TP53;MAPK3;IRAK4;PELI3;TIFA;IKBKB;S100A12;HOXC13;ALPK1;CHUK"
"Toll Like Receptor 9 (TLR9) Cascade R-HSA-168138",0.828657314629259,1,0.0209275853209046,0.20502294116159,0.820154625316275,104,"MAPK1;UBB;MAPK9;MAPK8;RPS6KA5;MAPK14;DUSP3;NLRX1;MAPK10;CASP8;IRF7;MEF2C;TANK;TLR4;ECSIT;GDNF;AGER;TAB3;PIK3R4;TRAF6;MAPK11;MAP3K8;CREB1;PPP2R1B;MAP2K1;NKIRAS1;PELI2;BTRC;TLR7;NFKBIB;RPS6KA3;TP53;MAPK3;IRAK4;PELI3;TIFA;IKBKB;S100A12;HOXC13;ALPK1;CHUK"
"Toll-like Receptor Cascades R-HSA-168898",0.914085914085914,1,0.0139869590598254,0.191281079763704,0.787378588402068,160,"DNM1;MAPK1;UBB;MAPK9;MAPK8;FGG;RPS6KA5;MAPK14;DUSP3;NLRX1;MAPK10;CASP8;ITGB2;IRF7;MEF2C;TANK;TLR4;S100A8;TLR3;ECSIT;GDNF;GSDME;CTSK;TRAF3;AGER;TAB3;UBE2D3;PIK3R4;TRAF6;MAPK11;MAP3K8;CREB1;FGA;PPP2R1B;MAP2K1;NKIRAS1;RIPK1;PELI2;BTRC;TLR8;HSP90B1;LBP;TLR7;BIRC3;NFKBIB;RPS6KA3;UBE2D2;TP53;MAPK3;IRAK4;PELI3;TIFA;GSDMD;IKBKB;S100A12;PTPN4;HOXC13;BTK;ALPK1;CHUK;UNC93B1;NDUFA2;UBE2D1;SARM1;TICAM1;S100A9;IRAK3;MAPK7;VRK3;MAP2K6;TLR9;CTSV;PLCG2;RPS6KA2;CD180;LY86;EEA1;DUSP7;IRF3;IRAK2;LRRC14;MYD88;NOD2;PELI1;RIPK2;CTSS;BPI;DNM3;UBE2V1;TIRAP;NKIRAS2"
"Transcription Of E2F Targets Under Negative Control By P107 (RBL1) And P130 (RBL2) In Complex With HDAC1 R-HSA-1362300",0.537444933920705,1,0.046788296531803,0.325142560942042,0.963811903033413,16,"LIN54;E2F4;RBL2;RBL1;LIN52"
"Transcription Of HIV Genome R-HSA-167172",0.662638469284995,1,0.0329431471724691,0.23736339590852,0.90882485306305,68,"TAF3;GTF2B;TAF9B;GTF2F2;CCNK;TAF5;TAF4;TAF11;NELFCD;TAF9;TBP;SUPT5H;ERCC3;SUPT4H1;MNAT1;POLR2K;NELFA;ELOA;NCBP1;GTF2H4;CCNT1;GTF2H5;GTF2H1;TCEA1;ERCC2;GTF2A2;NELFE;POLR2D"
"Transcription-Coupled Nucleotide Excision Repair (TC-NER) R-HSA-6781827",0.879275653923541,1,0.0173914717556673,0.198129785830543,0.763546382075701,73,"UBB;AQR;POLR1B;LRIG3;RFC2;LRIG1;POLE2;POLE;ERCC1;ERCC3;MNAT1;POLR2K;COPS4;COPS5;POLR1A;RFC3;COPS8;XAB2;XPA;RFC5;HMGN1;GTF2H4;GTF2H5;SLC19A1;GTF2H1;TCEA1;ERCC2;POLR2D;CUL4B"
"Transcriptional Activation Of Mitochondrial Biogenesis R-HSA-2151201",0.405708460754332,1,0.0561766586307176,0.286694095509763,1.05421944977624,52,"CALM1;NCOA1;NR1D1;CRTC1;CREBBP;MEF2C;CRTC2;HCFC1;GDNF;MEF2D;NRF1;CREB1;TWNK;CARM1;TFB2M;PPRC1;ESRRA;NCOR1;NCOA6;HDAC3;CHD9;ACSS2;TBL1XR1;LIN9;PPARA;MBD4;PPARGC1B;ALAS1;RXRA;CYCS;SIRT3;SMARCD3"
"Transcriptional Activity Of SMAD2/SMAD3:SMAD4 Heterotrimer R-HSA-2173793",0.902140672782875,1,0.0165175643261291,0.191535905575968,0.700985193525832,50,"MAPK1;UBB;RNF111;E2F4;NEDD4L;CCNK;CCNC;UBE2D3;RNASEH2A;RBL1;TGIF2;SMAD3"
"Transcriptional Regulation By AP-2 (TFAP2) Family Of Transcription Factors R-HSA-8864260",0.516494845360825,1,0.0455878202571231,0.284845571271852,0.98591727338478,35,"CHGA;NOP2;TFAP2B;TFAP2E;TFAP2A;CREBBP;KCTD1;TFAP2D;UBE2I;ESR1;SUMO1;VEGFA;EGFR;KDM5B;KCTD15;CITED1"
"Transcriptional Regulation By E2F6 R-HSA-8953750",0.696780893042575,1,0.0319980480340634,0.253599251155447,0.870312382285326,33,"RBBP8;RYBP;PCGF2;UXT;L3MBTL2;RBBP7;APAF1;RNF2;EHMT2"
"Transcriptional Regulation By MECP2 R-HSA-8986944",0.388496468213925,1,0.0577308549299813,0.2822017699118,1.06265686873178,60,"CAMK2A;CAMK2G;CALM1;CAMK2B;AURKB;PRKCA;PTEN;TNRC6A;AGO4;MEF2C;GRIA2;GPRIN1"
"Transcriptional Regulation By RUNX2 R-HSA-8878166",0.813813813813814,1,0.0219398252709772,0.207455995895868,0.838143760280761,116,"HDAC4;AKT3;MAPK1;UBB;ZNF521;PSMD9;PSMB11;SMURF1;GLI3;PSMA6;CCNB1;SATB2;PPM1D;PSMB3;RB1;AREG;NKX3-2;RUNX2;PSMF1;NR3C1;PSMD13;WWP1;PSMD5;PSMC3;ESR1;ITGA5;ESRRA;HIVEP3;MAPK3;AKT2;MSX2;LGALS3;HDAC3;MMP13;SMAD6"
"Transcriptional Regulation By RUNX3 R-HSA-8878159",0.797392176529589,1,0.0232248320654428,0.21037834658055,0.831436326569023,93,"HDAC4;UBB;CDKN2A;PSMD9;TEAD3;ITGAL;SMURF1;PSMA6;CREBBP;MAML2;MDM2;PSMB3;KAT2A;FOXO3;TCF7;RORC;PSMF1;SMAD3;PSMD13;TEAD4;PSMD5;PSMC3;BCL2L11;TP53;LEF1"
"Transcriptional Regulation By Small RNAs R-HSA-5578749",0.730401621793264,1,NA,-0.1108641154651,-0.771318103633983,72,"H2AJ;H3-3B;H2AC6;H2AC19;POLR2I;H2BC4;POLR2E;POLR2L;H2BC17;TPR;H4C15;H2AB1"
"Transcriptional Regulation By TP53 R-HSA-3700989",0.274725274725275,1,0.0741758965588009,0.247345590319286,1.06830622275023,351,"RRAGD;CHD3;RBBP8;AKT3;CDC25C;RICTOR;TAF3;CDK5R1;UBB;STK11;PIP4K2B;CDKN2A;ING3;GPX2;AURKB;YWHAG;TIGAR;PPP1R13B;RAD17;MAPK14;UBL4A;SESN1;E2F4;TAF9B;PTEN;TNRC6A;GTF2F2;FANCI;POLR1B;E2F8;PRKAG2;CREBBP;COX7A2L;RHNO1;COX20;CCNK;TAF5;TP53I3;AGO4;BRPF3;COX5A;CCNB1;BRD7;BBC3;RMI1;ING5;DPEP3;TAF4;E2F7;TAF11;RBL2;GDNF;MDM2;RFC2;YWHAH;TP53BP2;BID;SCO2;NELFCD;PLK2;CCNE1;TNRC6C;RPTOR;PPP2R5C;NLRC4;TAF9;TBP;SMYD2;CNOT10;MAPK11;PML;MLH1;LRPPRC;PRKAG3;SUPT5H;RBL1;GLS2;POU4F2;ERCC3;PRELID3A;BRD1;SUPT4H1;FANCD2;BANP;RHEB;GSR;PPP2R1B;RBBP7;MNAT1;LAMTOR3;RABGGTA;PIP4P1;CASP6;RAD50;APAF1;MLST8;PLK3;CENPJ;RAD51D;POLR2K;CNOT4;CNOT11;ARID3A;HIPK1;CARM1;EHMT2;POLR1A;RFC3;L3MBTL1;SCO1;TP73;CHEK2;PMS2;TP53;SERPINA2;CDK12;ATM;AKT2;RAD9B;PRKAA2;TP63;NELFA;ELOA;MAPKAP1;PRKAB2;SESN3"
"Transcriptional Regulation By VENTX R-HSA-8853884",0.517453798767967,1,0.0453152441270267,0.280151774393527,0.988601540820667,39,"CDKN2A;TNRC6A;ANAPC16;AGO4;TNRC6C;ANAPC5;EHMT2;TP53;CSF1R;LEF1;CDC23;ANAPC10;ANAPC4;UBE2D1;ANAPC15;AGO1;CDC16;FZR1;ANAPC2;UBE2C"
"Transcriptional Regulation Of White Adipocyte Differentiation R-HSA-381340",0.567567567567568,1,0.0399218624292714,0.246830774118494,0.966784754517775,84,"SREBF2;MED7;NCOA1;MED22;MED25;CEBPA;CREBBP;MED18;MED8;MED9;CCNC;MED31;MED4;KLF5;EGR2;ADIPOQ;MED23;CARM1;MED19;ZNF467;NCOA3;NCOR1;NCOA6;HDAC3;MED6;LEP;CHD9;KLF4;MED21;ZNF638;MED13;MED20;LPL;TBL1XR1;PCK1;LIN9;WNT1;FABP4;ANGPTL4;PPARA;MBD4"
"Transferrin Endocytosis And Recycling R-HSA-917977",0.911550468262227,1,0.0172342687658066,0.19333152387502,0.659524356574032,31,"HFE;ATP6V1C1;ATP6V1A;ATP6V1D;ATP6V1B1;TFR2;ATP6V1H;STEAP2;ATP6V0D2;ATP6V0C;ATP6V0A2;MCOLN1;ATP6V0A4;ATP6V1G3;ATP6V1C2;ATP6V1E2"
"Translation Of Structural Proteins R-HSA-9683701",0.990575916230366,1,0.0110006035430037,0.144753398787644,0.488598896801718,29,"UBB;MOGAT1;ST6GALNAC2;ST6GALNAC4;UBE2I;ST3GAL3;SUMO1;PRKCSH"
"Translesion Synthesis By POLH R-HSA-110320",0.898158179848321,1,0.0207818350435559,0.219599745646874,0.671012953409763,18,"UBB;POLR1B;RFC2;SPRTN;POLR1A;RFC3;RFC5;SLC19A1"
"Translesion Synthesis By POLI R-HSA-5656121",0.462555066079295,1,0.0536769600638126,0.339894027956071,1.00753930511247,16,"UBB;REV1;POLR1B;RFC2;POLR1A;RFC3;RFC5;SLC19A1;REV3L"
"Translesion Synthesis By POLK R-HSA-5655862",0.513215859030837,1,0.0488970772260102,0.330140733822884,0.978627860999719,16,"UBB;REV1;POLR1B;RFC2;POLR1A;RFC3;RFC5;SLC19A1;REV3L"
"Translesion Synthesis By REV1 R-HSA-110312",0.399108138238573,1,0.0611692626746689,0.362872897147965,1.05766021918972,15,"UBB;REV1;POLR1B;RFC2;POLR1A;RFC3;RFC5;SLC19A1;REV3L"
"Translesion Synthesis By Y Family DNA Polymerases Bypasses Lesions On DNA Template R-HSA-110313",0.807216494845361,1,0.0240742072753014,0.22652854477477,0.791838212255154,38,"UBB;REV1;POLR1B;UBE2L6;USP32;RFC2;POLE2;POLE;SPRTN"
"Translocation Of SLC2A4 (GLUT4) To Plasma Membrane R-HSA-1445148",0.821792260692464,1,0.0223699288741888,0.214297288391024,0.786782061097448,51,"CALM1;YWHAG;RALGAPB;KIF3B;PRKAG2;KIF3A;RAB10;YWHAH;PRKAG3;EXOC1;LNPEP;TBC1D1;AKT2;PRKAA2;RAB14;PRKAB2;EXOC7;KIFAP3;RAB13;C2CD5;RALGAPA2;PRKAG1;TBC1D4;RAB11A;MYO1E;RALA;YWHAB;REXO2"
"Transport Of Bile Salts And Organic Acids, Metal Ions And Amine Compounds R-HSA-425366",0.691691691691692,1,0.0305608138615649,0.231409866069448,0.908018670835355,86,"SLC30A8;HEPH;SLC30A1;RSC1A1;SLC14A1;SLC41A1;EMB;RHCG;SLC22A5;SLC13A4;SLC30A7;SLC13A5;SLC22A4;SLC18A2;SLC16A7;SLC22A6;SLC22A12;SLC44A3;SLC5A7;SLC30A10;SLC6A12;SLC47A2;SLC6A15;SLC5A3;SLC6A14;RHAG;SLC2A13;SLC44A5;SLC22A16;SLC39A3;SLC6A11;SLC6A13;SLC30A6;SLC22A11;SLC6A1;SLC22A18;SLC30A5;SLC14A2"
"Transport Of Inorganic Cations/Anions And Amino Acids/Oligopeptides R-HSA-425393",0.167334669338677,1,0.102080107662747,0.293677250100282,1.17479904275724,104,"SLC8A2;SLC1A2;SLC12A5;SLC8A1;CALM1;SLC4A10;AHCYL2;SLC17A7;SLC4A8;SLC9A7;SLC8B1;SLC9A8;SLC26A4;SLC43A1;SLC3A1;SLC5A8;SLC8A3;SLC25A26;SLC20A1;SLC25A22;SLC15A2;SRI;SLC26A7;SLC43A2;SLC4A9;SLC15A3;SLC24A3;SLC15A1;SLC12A1;SLC16A10;SLC1A4;SLC1A7;SLC25A10;SLC17A6;SLC9A1;SLC3A2;SLC9A4;SLC1A3;SLC4A1"
"Transport Of Mature Transcript To Cytoplasm R-HSA-72202",0.998995983935743,1,0.00354273909070668,0.11814774199947,0.461046777502258,82,"CDC40;NXF1;NDC1;NUP88;FYTTD1;DDX39A;NUP58;LUZP4;NUP160;SRSF6;NUP98;SEH1L;SYMPK;ZC3H11A;NCBP1;CPSF4;SLU7;RNASE7;SLBP;NUP155;RANBP2;CPSF1;NUP153;SEC13;THOC2;SRSF7;NUP205;THOC5;NUP85;EIF4A3;DHX38;THOC3;THOC7;NUP107;CPSF3;NUP37"
"Transport Of Mature mRNA Derived From An Intron-Containing Transcript R-HSA-159236",0.998993963782696,1,0.00409492237559551,0.12197571832613,0.470066214620844,73,"CDC40;NXF1;NDC1;NUP88;FYTTD1;DDX39A;NUP58;LUZP4;NUP160;SRSF6;NUP98;SEH1L;ZC3H11A;NCBP1;SLU7;RNASE7;NUP155;RANBP2;NUP153;SEC13;THOC2;SRSF7;NUP205;THOC5;NUP85;EIF4A3;DHX38;THOC3;THOC7"
"Transport Of Mature mRNA Derived From An Intronless Transcript R-HSA-159231",0.874233128834356,1,0.0188532541830902,0.204471759004995,0.728333248343765,41,"NXF1;NDC1;NUP88;NUP58;NUP160;NUP98;SEH1L;SYMPK;NCBP1;CPSF4;RNASE7;NUP155;RANBP2;CPSF1;NUP153;SEC13;NUP205;NUP85;NUP107;CPSF3;NUP37"
"Transport Of Mature mRNAs Derived From Intronless Transcripts R-HSA-159234",0.848049281314168,1,0.0210003441275487,0.212019317810196,0.755841417133105,42,"NXF1;NDC1;NUP88;NUP58;NUP160;NUP98;SEH1L;SYMPK;NCBP1;CPSF4;RNASE7;SLBP;NUP155;RANBP2;CPSF1;NUP153;SEC13;NUP205;NUP85;NUP107;CPSF3;NUP37"
"Transport Of Ribonucleoproteins Into Host Nucleus R-HSA-168271",0.554865424430642,1,0.0425023180036553,0.279237313567667,0.963176647600369,34,"PBRM1;BLOC1S6;NDC1;NUP88;NUP58;NUP160;KPNA1;NUP98;SEH1L;RNASE7;NUP155;RANBP2;NUP153;SEC13;NUP205;NUP85;NUP107;NUP37"
"Transport Of SLBP Dependant Mature mRNA R-HSA-159230",0.75360824742268,1,0.0277292221875017,0.235527067370406,0.815214373996804,35,"NXF1;NDC1;NUP88;NUP58;NUP160;NUP98;SEH1L;NCBP1;RNASE7;SLBP;NUP155;RANBP2;NUP153;SEC13;NUP205;NUP85;NUP107;NUP37"
"Transport Of SLBP Independent Mature mRNA R-HSA-159227",0.795031055900621,1,0.0251307059474849,0.22714639851285,0.783498823415973,34,"NXF1;NDC1;NUP88;NUP58;NUP160;NUP98;SEH1L;NCBP1;RNASE7;NUP155;RANBP2;NUP153;SEC13;NUP205;NUP85;NUP107;NUP37"
"Transport Of Vitamins, Nucleosides, And Related Molecules R-HSA-425397",0.827021494370522,1,0.0222983800506052,0.21874360993089,0.783229570976491,43,"SLC25A4;LCN15;SLC35A2;SLCO1C1;SLCO4A1;SLC27A6;SLCO1B1;SLC35C1;SLC29A1;NLRP3;SLC28A2"
"Triglyceride Catabolism R-HSA-163560",0.667721518987342,1,0.0347904098478036,0.266871198351599,0.862995530560927,23,"FABP7;MGLL;PRKCA;PPP1CA;FABP3;PRKACG;FABP9;GPD2;FABP12;PNPLA4"
"Triglyceride Metabolism R-HSA-8979227",0.570545829042225,1,0.0409883873374721,0.275084497201725,0.955555055810219,36,"FABP7;LPIN1;MGLL;PRKCA;PPP1CA;GPAM;LPIN2;FABP3;MOGAT1;PRKACG"
"Tristetraprolin (TTP, ZFP36) Binds And Destabilizes mRNA R-HSA-450513",0.453488372093023,1,0.227987202850442,-0.21550085353308,-0.946980501425859,17,"EXOSC6;ZFP36"
"UCH Proteinases R-HSA-5689603",0.865596790371113,1,0.0182442460385585,0.199772623701408,0.788727834630668,92,"UBB;INO80;MBD6;UCHL3;PSMD9;PSMB11;PSMA6;RUVBL1;HCFC1;PSMB3;CNKSR3;INO80C;H2AC20;NFRKB;OGT;ACTR5;INO80E;UCHL1;PSMF1;PSMD13;H2AC14;PSMD5;PSMC3;ACTR8;ASXL1;H2AC21;ASXL2;MBD5;PSMB9;SENP8;PSMA4"
"Ub-specific Processing Proteases R-HSA-5689880",0.997002997002997,1,0.00250132493941571,0.144072761311727,0.601177665635221,183,"OTUB1;HIF1A;AXIN2;UBB;USP26;IDE;H2BC1;PSMD9;PSMB11;TAF9B;H2BC3;USP24;PTEN;ARRB1;PSMA6;USP12;RUVBL1;USP4;USP20;USP32;TANK;SUDS3;MDM2;RNF128;PSMB3"
"Ubiquitin Mediated Degradation Of Phosphorylated Cdc25A R-HSA-69601",0.849009378508392,1,NA,-0.12714874132284,-0.752197232552337,50,"PSMB7;PSMB6;RPS27A;PSMD4;PSME1;PSMD3;UBA52;SEM1"
"Ubiquitin-dependent Degradation Of Cyclin D R-HSA-75815",0.762678173549308,1,NA,-0.138862443974479,-0.821494141242389,50,"PSMB7;PSMB6;RPS27A;PSMD4;PSME1;PSMD3;UBA52;SEM1"
"Unattached Kinetochores Signal Amplification Via A MAD2 Inhibitory Signal R-HSA-141444",0.220661985957874,1,0.0860347242455604,0.290173153659272,1.1434872990523,91,"CENPQ;DYNLL1;CLIP1;AURKB;SGO2;MAD1L1;SPDL1;CKAP5;NUDC;RANGAP1;MAD2L1;DYNC1I1;PPP2R5C;PPP2R5E;NUP160;SPC25;CENPO;CLASP1;CENPU;CENPP;BUB1B;PPP2R1B;KIF18A;BUB1;SKA2;NDC80;NDEL1;SGO1;NUP98;CENPH;SKA1;CENPF;SEH1L;ZWILCH;SPC24"
"Unfolded Protein Response (UPR) R-HSA-381119",0.996990972918756,1,0.00382852089890286,0.132458942706823,0.520725446045178,89,"SERP1;CREB3L4;EXTL1;CXCL8;SRPRB;MBTPS2;CREB3L3;CUL7;GFPT1;EIF2S3;GOSR2;DCSTAMP;EXOSC8;EXOSC1;SEC31A;HSP90B1;IGFBP1;PLA2G4B;EXOSC4;TATDN2;PDIA5;PARN;DNAJB11;EXOSC9;EDEM1;ACD;EIF2AK3;CREB3L2;CREBRF;HSPA5"
"Uptake And Actions Of Bacterial Toxins R-HSA-5339562",0.686847599164927,1,0.0329431471724691,0.257412050939448,0.864831184732898,28,"CALM1;SYT1;STX1A;HBEGF;MAP2K1;SNAP25;SV2A;SV2B;GUCY2C;PDCD6IP;FURIN;MAP2K6"
"VEGFA-VEGFR2 Pathway R-HSA-4420097",0.518555667001003,1,0.0441523058441465,0.251846538801471,0.99532278147288,93,"AKT3;CYFIP2;CALM1;RICTOR;ITPR1;VAV3;PRKCA;SYNGAP1;PRKCB;MAPK14;PTK2B;TRIB3;VAV1;CYBB;ABI1;PIK3R2;NCKAP1;PXDN;PRKACG;MAPK11;WASF3"
"VEGFR2 Mediated Vascular Permeability R-HSA-5218920",0.316894018887723,1,0.0694481442003175,0.334431961758329,1.1145996261564,27,"AKT3;CALM1;RICTOR;VAV3;TRIB3;VAV1"
"VLDLR Internalisation And Degradation R-HSA-8866427",0.304761904761905,1,0.252961123069611,-0.258836942916426,-1.08050174052122,15,"NR1H2;RPS27A;AP2A2;UBA52;CLTA"
"Vasopressin Regulates Renal Water Homeostasis Via Aquaporins R-HSA-432040",0.208418891170431,1,0.0905428948469474,0.332883706828562,1.18671871652311,42,"PRKAR1B;GNG13;ADCY1;PRKCA;ADCY2;GNB1;AQP3;GNG2;MINDY4;PRKACG;ADCY7;AQP4;NLRP3;GNG4;GNB4;ADCY5;GNG3;AVPR2;GNG10;GNG11;ADCY9;GNB5;PRKAR2B"
"Vif-mediated Degradation Of APOBEC3G R-HSA-180585",0.217992527034999,1,0.249246554383295,-0.177695376622703,-1.07591027534012,52,"PSMB7;PSMB6;RBX1;RPS27A;PSMD4;PSME1;PSMD3;UBA52;CUL5;SEM1"
"Viral Messenger RNA Synthesis R-HSA-168325",0.859487179487179,1,0.0201218228563507,0.210054705048016,0.760385957787885,46,"PBRM1;BLOC1S6;GTF2F2;NDC1;NUP88;NUP58;NUP160;NUP98;POLR2K;SEH1L;RNASE7;POLR2D;NUP155;RANBP2;NUP153;SEC13;NUP205;NUP85;POLR2J;NUP107;GTF2F1;NUP37;NUP133;POLR2B;POLR2H;NUP42"
"Visual Phototransduction R-HSA-2187338",0.351758793969849,1,0.062249042949858,0.271322418056295,1.07361389822558,95,"CALM1;RGS9BP;PRKCA;GNB1;AKR1C4;NMT1;RIMBP2;CAMKMT;PPEF1;METAP1;LRP8;GUCA1C;GPIHBP1;NAPEPLD;RDH10;LRP12;GPC6;GRK4;GPC2;ABCA4;BCO1;METAP2;DHRS3;GPC3;SDC1;GNAT1;OPN1LW;APOA4;SDC3;DHRS9;RDH5;NMT2;HSD17B6;RDH8;AKR1C1;PDE6B;RCVRN;APOC2;PLB1;RBP4;RHO;CNGA1;LPL;RBP3;GRK7;STRA6;TTR;RLBP1;GRK1;GNB5"
"Vitamin B5 (Pantothenate) Metabolism R-HSA-199220",0.581877729257642,1,0.0427591434738678,0.309385854383793,0.931083500004034,17,"SLC25A16;PANK4;PANK1;PPCDC;VNN1;PANK2;AASDHPPT;VNN2;PPCS;COASY;ENPP1"
"Vpr-mediated Nuclear Import Of PICs R-HSA-180910",0.538302277432712,1,0.0438879842863647,0.283334360757514,0.977308642092649,34,"SGIP1;NDC1;NUP88;NUP58;NUP160;PSIP1;KPNA1;NUP98;SEH1L;RNASE7;HMGA1;NUP155;RANBP2;NUP153;SEC13;NUP205;NUP85;NUP107;NUP37"
"Vpu Mediated Degradation Of CD4 R-HSA-180534",0.791455130447859,1,NA,-0.13453392818178,-0.795887142962633,50,"PSMB7;PSMB6;RPS27A;PSMD4;PSME1;PSMD3;UBA52;SEM1"
"VxPx Cargo-Targeting To Cilium R-HSA-5620916",0.62935586061246,1,0.0376142599562161,0.280906690065356,0.891346787163574,21,"PKD1;RAB11FIP3;CNGA2;EXOC1;PRKD2;RAB3IP;EXOC7;RHO;ASAP1;ARF4;RAB11A;CNGA4;EXOC6;CNGB1;EXOC3;EXOC4;RAB8A;EXOC8"
"WNT Ligand Biogenesis And Trafficking R-HSA-3238698",0.385433731660195,1,0.203508959461977,-0.204075182210667,-1.04370646757868,26,"WNT3;WNT8A;WLS;WNT10B"
"WNT5A-dependent Internalization Of FZD4 R-HSA-5099900",0.346711259754738,1,0.0679922591544058,0.375979832787968,1.09586280894185,15,"PRKCA;PRKCB;PRKCG;FZD4;ARRB2;DVL2;AP2A1;AP2M1"
"XBP1(S) Activates Chaperone Genes R-HSA-381038",0.993846153846154,1,0.00829069833204511,0.140323696306335,0.507963714461138,46,"SERP1;EXTL1;SRPRB;CUL7;GFPT1;GOSR2;SEC31A;PLA2G4B;TATDN2;PDIA5;DNAJB11;EDEM1;ACD"
"Xenobiotics R-HSA-211981",0.155720338983051,1,0.110122263835536,0.398690131807748,1.27551479825485,22,"CYP3A43;CYP3A5;CYP2E1;CYP2F1;CYP2C9;CYP1A1;ARNT2;AHR"
"YAP1- And WWTR1 (TAZ)-stimulated Gene Expression R-HSA-2032785",0.66778149386845,1,0.0373806494758473,0.297346292168881,0.866670801325658,15,"TEAD3;NPPA;RUNX2;TEAD4;HIPK1"
"ZBP1(DAI) Mediated Induction Of Type I IFNs R-HSA-1606322",0.821541710665259,1,0.0244268887168729,0.233570206713681,0.741143093754489,21,"NLRP4;TLR3;ZBP1;NKIRAS1;RIPK1;NFKBIB;IKBKB;CHUK;TICAM1;IRF3;MYD88;NKIRAS2"
"Zinc Transporters R-HSA-435354",0.893013100436681,1,0.0215798086475871,0.221847837454677,0.667641581018731,17,"SLC30A8;SLC30A1;SLC30A7;SLC39A3;SLC30A6;SLC30A5;SLC39A14;SLC39A2;SLC39A5;SLC39A1;SLC39A8"
"mRNA 3-End Processing R-HSA-72187",1,1,0.0054335217582325,0.103268578133076,0.385804083982626,58,"CDC40;FYTTD1;DDX39A;LUZP4;SRSF6;PAPOLA;SYMPK;ZC3H11A;CPSF6;CSTF1;NUDT21;NCBP1;CPSF4;SLU7;PABPN1;COLEC12;CPSF1;THOC2;SRSF7;THOC5;EIF4A3;DHX38;THOC3;THOC7"
"mRNA Capping R-HSA-72086",0.895615866388309,1,0.018625883535806,0.203031385870023,0.682127636756364,28,"GTF2F2;SUPT5H;ERCC3;MNAT1;POLR2K;NCBP1;GTF2H4;GTF2H5;GTF2H1;ERCC2;POLR2D;GTF2H3;POLR2J;RNMT;GTF2F1"
"mRNA Decay By 5 To 3 Exoribonuclease R-HSA-430039",0.835005574136009,1,0.0264649017470855,0.251739943441168,0.733742657143736,15,"LSM4;LSM6;XRN1;EDC4;LSM7;DCP1A;DDX6;LSM1;LSM3"
"mRNA Splicing - Minor Pathway R-HSA-72165",1,1,0.143902565267782,-0.158822820640356,-0.927019729086201,49,"SNRPD3;YBX1;SRSF1;SNRPG;SF3B1;POLR2I;POLR2E;POLR2L"
"mTORC1-mediated Signaling R-HSA-166208",0.853968253968254,1,0.0223699288741888,0.221118028371394,0.719026461856334,24,"RRAGD;EEF2K;RPTOR;RHEB;LAMTOR3;MLST8;EIF4EBP1"
"p130Cas Linkage To MAPK Signaling For Integrins R-HSA-372708",0.428571428571429,1,0.211400189384923,-0.233145375342236,-0.973253589743943,15,"VWF;FN1;TLN1;PTK2;RAP1A"
"p53-Dependent G1 DNA Damage Response R-HSA-69563",0.987903225806452,1,0.00667841440698826,0.140772275830129,0.535388586727358,64,"UBB;CDKN2A;PSMD9;PSMB11;PSMA6;MDM2;PSMB3;CCNE1;PSMF1;PSMD13;PSMD5;PSMC3;CHEK2;TP53;ATM;PSMB9;PSMA4;CCNA2;CCNE2;PSME4"
"p75NTR Signals Via NF-kB R-HSA-193639",0.466666666666667,1,0.20207170902116,-0.230965195920845,-0.964152540902463,15,"SQSTM1;RPS27A;RELA;UBA52"
"rRNA Modification In Nucleus And Cytosol R-HSA-6790901",0.792719919110212,1,0.0240035948793451,0.220785014554704,0.828093407634993,59,"NOL11;UTP4;DKC1;PWP2;UTP14C;NOP2;UTP25;WDR46;NOP56;UTP15;RRP9;UTP20;KRR1;DDX49"
"tRNA Aminoacylation R-HSA-379724",0.677914110429448,1,0.0325785172778622,0.249087023899847,0.887253878579999,41,"MARS1;FARS2;WARS1;NARS1;MARS2;VARS2;CARS2;GARS1;WARS2;PPA2;EEF1E1;NARS2;TARS1;RARS1;LARS2;EARS2;CARS1;RARS2;TARS2;DARS2;SARS2;YARS2;LARS1;AIMP2;HARS1"
"tRNA Modification In Nucleus And Cytosol R-HSA-6782315",0.512320328542094,1,0.04577044581081,0.278344971769049,0.992290042656079,42,"TRDMT1;TRMT12;PUS3;WDR4;TRMU;QTRT2;TRMT5;PUS7;NSUN6;TRMT61A;DUS2;QTRT1;PUS1;TYW5;CTU2;THG1L;FTSJ1;ADAT2;NSUN2;ALKBH8;THADA;TRMT6;TRIT1"
"tRNA Processing In Nucleus R-HSA-6784531",0.499492385786802,1,0.0464154956843849,0.270800238767999,1.00611054725988,56,"RPP14;TRNT1;NDC1;ELAC2;NUP88;ZBTB8OS;NUP58;NUP160;TSEN2;NUP98;SEH1L;RPP40;RPP38;RTRAF;CPSF4;FAM98B;PYDC1;RNASE7;NUP155;RANBP2;COLEC12;POP7;CPSF1;NUP153;NLRP2B;SEC13;RPP30;NUP205;NUP85;TSEN15;RPP21;NUP107;NUP37"
"tRNA Processing R-HSA-72306",0.296593186372746,1,0.0704500850658419,0.273140937237247,1.09264749480786,104,"RPP14;TRDMT1;TRMT12;PUS3;TRNT1;WDR4;TRMU;NDC1;ELAC2;NUP88;QTRT2;ZBTB8OS;TRMT5;GTPBP3;NUP58;NUP160;PUS7;TRMT61B;TSEN2;NSUN6;TRMT61A;DUS2;NUP98;QTRT1;PUS1;SEH1L;RPP40;TYW5;RPP38;CTU2;RTRAF;THG1L;FTSJ1;CPSF4;FAM98B;ADAT2;PYDC1;RNASE7;NUP155;RANBP2;NSUN2;COLEC12;POP7;CPSF1;NUP153;NLRP2B;PRORP;SEC13;ALKBH8;THADA;RPP30;NUP205;TRMT6"
"trans-Golgi Network Vesicle Budding R-HSA-199992",0.81029263370333,1,0.0226556224333514,0.214562684678028,0.821250512964561,70,"AP1G2;NECAP1;SH3GL2;TPD52L1;BLOC1S6;BLOC1S3;ACBD3;ARRB1;SNAPIN;SH3D19;AP4S1;SNX9;AP1G1;AP4M1;SNX2;BLOC1S4;VAMP7;HOMER2;HSPA8;CHMP2A;CLINT1;AP4E1;AP1B1"
"Amyloid Fiber Formation R-HSA-977225",NA,NA,NA,-0.217638594988637,NA,75,"PSENEN;SAA2;HSPG2;TSPAN15;H3-3B;MFGE8;RPS27A;B2M;APOE;APP;H2AC6;H2AC19;H2BC4;UBA52;H2BC17;LTF;H4C15;H2AB1"
"Antigen processing-Cross Presentation R-HSA-1236975",NA,NA,NA,-0.230172287922997,NA,103,"HMGB1;HLA-B;CALR;HLA-C;PSMB7;PSMB6;RPS27A;PDIA3;B2M;HLA-A;SEC61G;STX4;PSMD4;VAMP3;ITGAV"
"Autodegradation Of Cdh1 By Cdh1:APC/C R-HSA-174084",NA,NA,NA,-0.108252811415064,NA,62,"PSMB7;PSMB6;RPS27A;PSMD4;PSME1;PSMD3;UBE2E1;UBA52;SEM1"
"Base Excision Repair R-HSA-73884",NA,NA,NA,-0.124423954836855,NA,69,"ADPRS;H2AJ;FEN1;H2AC6;PARP1;H2AC19;H2BC4;POLD1;H2BC17;POLD2;TERF2IP;H4C15;H2AB1"
"Cap-dependent Translation Initiation R-HSA-72737",NA,NA,NA,-0.552925961943908,NA,115,"RPLP2;RPS16;RPL23;RPL11;RPS6;RPS12;RPL36;EIF3A;RPLP0;RPS29;RPS17;RPS7;RPL18;RPL12;RPS3;RPS27A;RPL19;RPS19;RPL27;EIF3J;RPL30;RPL39;PABPC1;RPLP1;RPL29;RPS20;RPL28;RSL24D1;RPL8;RPS9;RPL9;EIF4A1;RPL37;RPS13;RPS2;RPL18A;RPL21;RPS14;RPL27A;EIF4B;EIF3G;RPS23;RPS27;RPS5;RPL5;RPL36AL;FAU;RPL34;EIF1AX;EIF3F;EIF3B;UBA52;RPL32"
"Cell Surface Interactions At Vascular Wall R-HSA-202733",NA,NA,NA,-0.121622109529764,NA,133,"JAM3;MAG;CD99;CD74;SLC7A10;ATP1B1;CD44;GYPC;ITGB1;SLC16A1;SELENOP;ITGAV;FN1"
"Cellular Response To Starvation R-HSA-9711097",NA,NA,NA,-0.359088653183183,NA,151,"RPLP2;ATP6V0B;RPS16;RPL23;RPL11;RPS6;RPS12;RPL36;RPLP0;RPS29;RPS17;RPS7;RPL18;RPL12;RPS3;RPS27A;RPL19;RPS19;RPL27;RPL30;RPL39;RPLP1;RPL29;RPS20;RPL28;RSL24D1;RPL8;RPS9;RPL9;RPL37;RPS13;RPS2;RPL18A;RPL21;RPS14;RPL27A;RPS23;RPS27;ATF3;RPS5;RPL5;RPL36AL;FAU;RPL34;FNIP2;UBA52;RPL32;LAMTOR1"
"Chromosome Maintenance R-HSA-73886",NA,NA,NA,-0.136225176598337,NA,114,"H2AJ;RUVBL2;RTEL1;H3-3B;ATRX;RSF1;FEN1;H2AC6;NPM1;NHP2;H2AC19;POLR2I;H2BC4;POLR2E;CDK2;POLD1;POLR2L;H2BC17;POLD2;TERF2IP;H4C15"
"Citric Acid (TCA) Cycle And Respiratory Electron Transport R-HSA-1428517",NA,NA,NA,-0.160733048615237,NA,159,"TMEM126B;ATP5MC1;ATP5MG;UQCRC1;MPC2;ATP5MC2;ACAD9;NDUFV2;COX8A;SLC16A1;DLST;PDHX;NDUFA12;NDUFB6;NDUFA3;ATP5F1A;NDUFAF3;NDUFB7;UQCRB;NDUFA10;NDUFS6;NDUFS4"
"Downstream TCR Signaling R-HSA-202424",NA,NA,NA,-0.144549265252734,NA,90,"HLA-DRB1;FBXW11;PSMB7;PSMB6;RPS27A;PSMD4;PSME1;RELA;HLA-DPA1;PSMD3;UBA52;SEM1;PRKCQ;HLA-DRA;BCL10;TARP;PSMC1"
"ER-Phagosome Pathway R-HSA-1236974",NA,NA,NA,-0.260408607615706,NA,88,"HMGB1;HLA-B;CALR;HLA-C;PSMB7;PSMB6;RPS27A;PDIA3;B2M;HLA-A;SEC61G;STX4;PSMD4;VAMP3"
"Estrogen-dependent Gene Expression R-HSA-9018519",NA,NA,NA,-0.134075379367759,NA,116,"H2AJ;SMC1A;KDM4B;H3-3B;CTSD;PRMT1;H2AC6;CBFB;DDX5;KDM1A;KANK1;MYC;H2AC19;POLR2I;H2BC4;POLR2E;POLR2L;H2BC17;H4C15;H2AB1;DAND5"
"Eukaryotic Translation Elongation R-HSA-156842",NA,NA,NA,-0.628210775462531,NA,87,"RPLP2;RPS16;RPL23;RPL11;RPS6;RPS12;RPL36;RPLP0;RPS29;RPS17;EEF1D;RPS7;RPL18;RPL12;RPS3;RPS27A;RPL19;RPS19;RPL27;RPL30;RPL39;RPLP1;RPL29;RPS20;RPL28;RSL24D1;RPL8;RPS9;RPL9;EEF1B2;RPL37;RPS13;RPS2;RPL18A;RPL21;RPS14;RPL27A;RPS23;RPS27;RPS5;RPL5;RPL36AL;FAU;RPL34;UBA52;RPL32"
"Eukaryotic Translation Termination R-HSA-72764",NA,NA,NA,-0.594860069141226,NA,89,"RPLP2;RPS16;RPL23;RPL11;RPS6;RPS12;RPL36;RPLP0;RPS29;RPS17;RPS7;RPL18;RPL12;RPS3;RPS27A;RPL19;RPS19;RPL27;RPL30;RPL39;RPLP1;RPL29;RPS20;RPL28;RSL24D1;RPL8;RPS9;RPL9;RPL37;RPS13;RPS2;RPL18A;RPL21;RPS14;RPL27A;RPS23;RPS27;RPS5;RPL5;RPL36AL;FAU;RPL34;UBA52;RPL32"
"FCERI Mediated NF-kB Activation R-HSA-2871837",NA,NA,NA,-0.115580804877207,NA,77,"FBXW11;PSMB7;PSMB6;RPS27A;PSMD4;PSME1;RELA;PSMD3;UBA52;SEM1;PRKCQ"
"Formation Of A Pool Of Free 40S Subunits R-HSA-72689",NA,NA,NA,-0.615589687131188,NA,97,"RPLP2;RPS16;RPL23;RPL11;RPS6;RPS12;RPL36;EIF3A;RPLP0;RPS29;RPS17;RPS7;RPL18;RPL12;RPS3;RPS27A;RPL19;RPS19;RPL27;EIF3J;RPL30;RPL39;RPLP1;RPL29;RPS20;RPL28;RSL24D1;RPL8;RPS9;RPL9;RPL37;RPS13;RPS2;RPL18A;RPL21;RPS14;RPL27A;EIF3G;RPS23;RPS27;RPS5;RPL5;RPL36AL;FAU;RPL34;EIF1AX;EIF3F;EIF3B;UBA52;RPL32"
"GTP Hydrolysis And Joining Of 60S Ribosomal Subunit R-HSA-72706",NA,NA,NA,-0.576453962346855,NA,108,"RPLP2;RPS16;RPL23;RPL11;RPS6;RPS12;RPL36;EIF3A;RPLP0;RPS29;RPS17;RPS7;RPL18;RPL12;RPS3;RPS27A;RPL19;RPS19;RPL27;EIF3J;RPL30;RPL39;RPLP1;RPL29;RPS20;RPL28;RSL24D1;RPL8;RPS9;RPL9;EIF4A1;RPL37;RPS13;RPS2;RPL18A;RPL21;RPS14;RPL27A;EIF4B;EIF3G;RPS23;RPS27;RPS5;RPL5;RPL36AL;FAU;RPL34;EIF1AX;EIF3F;EIF3B;UBA52;RPL32"
"Host Interactions Of HIV Factors R-HSA-162909",NA,NA,NA,-0.114229791356876,NA,128,"RNASE1;PSMB7;PSMB6;RBX1;RPS27A;B2M;HLA-A;AP2A2;NPM1;PSMD4;HCK;PSME1;ELMO1;PSMD3;UBA52;CUL5;SLC25A5;TPR;SEM1"
"Influenza Infection R-HSA-168255",NA,NA,NA,-0.387798509852353,NA,155,"RPLP2;CALR;RPS16;RPL23;RPL11;RPS6;RPS12;RPL36;RPLP0;RPS29;RPS17;RPS7;RPL18;RPL12;RPS3;RPS27A;RPL19;RPS19;RPL27;KPNA3;RPL30;RPL39;RPLP1;RPL29;RPS20;RPL28;RSL24D1;RPL8;RPS9;RPL9;PARP1;RPL37;RPS13;RPS2;RPL18A;RPL21;RPS14;RPL27A;POLR2I;RPS23;CANX;RPS27;POLR2E;RPS5;RPL5;RPL36AL;POLR2L;FAU;RPL34;UBA52;RPL32;TPR"
"Influenza Viral RNA Transcription And Replication R-HSA-168273",NA,NA,NA,-0.422140066055652,NA,135,"RPLP2;RPS16;RPL23;RPL11;RPS6;RPS12;RPL36;RPLP0;RPS29;RPS17;RPS7;RPL18;RPL12;RPS3;RPS27A;RPL19;RPS19;RPL27;RPL30;RPL39;RPLP1;RPL29;RPS20;RPL28;RSL24D1;RPL8;RPS9;RPL9;PARP1;RPL37;RPS13;RPS2;RPL18A;RPL21;RPS14;RPL27A;POLR2I;RPS23;RPS27;POLR2E;RPS5;RPL5;RPL36AL;POLR2L;FAU;RPL34;UBA52;RPL32;TPR"
"Interferon Gamma Signaling R-HSA-877300",NA,NA,NA,-0.206976221824874,NA,85,"HLA-DRB1;HLA-B;IRF9;NCAM1;SMAD7;HLA-C;TRIM45;IFNGR1;B2M;HLA-A;CD44"
"Interferon Signaling R-HSA-913531",NA,NA,NA,-0.137000601269727,NA,188,"HLA-DRB1;HLA-B;IRF9;PDZD2;NCAM1;SMAD7;HLA-C;TRIM45;IFNGR1;RPS27A;B2M;HLA-A;KPNA3;CD44;IFITM3;USP18;EIF4A1;BST2;IFI6;PPM1B;IFNA14;IFITM1"
"Interleukin-1 Family Signaling R-HSA-446652",NA,NA,NA,-0.126758804221836,NA,151,"HMGB1;FBXW11;SIGIRR;SAA2;PSMB7;SQSTM1;PSMB6;RBX1;S100B;RPS27A;APP;PSMD4;USP18;STAT3"
"Interleukin-1 Signaling R-HSA-9020702",NA,NA,NA,-0.152801139463677,NA,113,"HMGB1;FBXW11;SAA2;PSMB7;SQSTM1;PSMB6;RBX1;S100B;RPS27A;APP;PSMD4;USP18;PSME1;RELA;PSMD3;UBA52;USP14;NFKB2;SEM1"
"L13a-mediated Translational Silencing Of Ceruloplasmin Expression R-HSA-156827",NA,NA,NA,-0.585295595667351,NA,107,"RPLP2;RPS16;RPL23;RPL11;RPS6;RPS12;RPL36;EIF3A;RPLP0;RPS29;RPS17;RPS7;RPL18;RPL12;RPS3;RPS27A;RPL19;RPS19;RPL27;EIF3J;RPL30;RPL39;PABPC1;RPLP1;RPL29;RPS20;RPL28;RSL24D1;RPL8;RPS9;RPL9;EIF4A1;RPL37;RPS13;RPS2;RPL18A;RPL21;RPS14;RPL27A;EIF4B;EIF3G;RPS23;RPS27;RPS5;RPL5;RPL36AL;FAU;RPL34;EIF1AX;EIF3F;EIF3B;UBA52;RPL32"
"Major Pathway Of rRNA Processing In Nucleolus And Cytosol R-HSA-6791226",NA,NA,NA,-0.294842600623395,NA,177,"RPLP2;RPS16;RPL23;EXOSC6;RIOK2;RPL11;RPS6;RPS12;RPL36;RPLP0;RPS29;RPS17;RPS7;RPL18;RPL12;RPS3;RPS27A;RPL19;RPS19;RPL27;RPL30;RPL39;PNO1;RPLP1;EBNA1BP2;RPL29;RPS20;RPL28;RSL24D1;RPL8;RPS9;RPL9;RPL37;RPS13;RPS2;RPL18A;RPL21;RPS14;RPL27A;BUD23;RPS23;RPS27;RPS5;RPL5;RPL36AL;FAU;RPL34;SENP3;UBA52;RPL32"
"Meiosis R-HSA-1500620",NA,NA,NA,-0.135679951699685,NA,85,"H2AJ;SUN2;HSPA2;SMC1A;H3-3B;LMNA;H2AC6;H2AC19;RAD51C;H2BC4;CDK2;FKBP6;H2BC17;TERF2IP;H4C15;H2AB1"
"Metabolism Of Amino Acids And Derivatives R-HSA-71291",NA,NA,NA,-0.202086854114495,NA,361,"SLC36A4;SARDH;RPLP2;RPS16;SERINC1;FOLH1;RPL23;RPL11;RPS6;RPS12;RPL36;PSMB7;RPLP0;RPS29;PSMB6;RPS17;RPS7;RPL18;RPL12;RPS3;DIO3;RPS27A;QDPR;RPL19;RPS19;ENOPH1;RPL27;PEMT;PYCR2;RPL30;RPL39;DLST;SLC38A1;RPLP1;RPL29;PDHX;RPS20;RPL28;RSL24D1;RPL8;PSMD4;RPS9;RPL9;SLC44A1;IVD;AHCY;ASPA;RPL37;RPS13;RPS2;RPL18A;RPL21;RPS14;PRODH2;RPL27A;NAT8L;ALDH9A1;SERINC4;PSME1;RPS23;RPS27;RPS5;RPL5;RPL36AL;FAU;RPL34;PSMD3;MPST;UBA52"
"Nonsense Mediated Decay (NMD) Enhanced By Exon Junction Complex (EJC) R-HSA-975957",NA,NA,NA,-0.521329840951499,NA,111,"RPLP2;RPS16;RPL23;RPL11;RPS6;RPS12;RPL36;RPLP0;RPS29;RPS17;RPS7;RPL18;RPL12;RPS3;RPS27A;RPL19;RPS19;RPL27;RPL30;RPL39;PABPC1;RPLP1;RPL29;RPS20;RPL28;RSL24D1;RPL8;RPS9;RPL9;RPL37;RPS13;RPS2;RPL18A;RPL21;RPS14;RPL27A;RPS23;RPS27;RPS5;RPL5;RPL36AL;FAU;RPL34;UBA52;RPL32"
"Nonsense Mediated Decay (NMD) Independent Of Exon Junction Complex (EJC) R-HSA-975956",NA,NA,NA,-0.609720561672929,NA,91,"RPLP2;RPS16;RPL23;RPL11;RPS6;RPS12;RPL36;RPLP0;RPS29;RPS17;RPS7;RPL18;RPL12;RPS3;RPS27A;RPL19;RPS19;RPL27;RPL30;RPL39;PABPC1;RPLP1;RPL29;RPS20;RPL28;RSL24D1;RPL8;RPS9;RPL9;RPL37;RPS13;RPS2;RPL18A;RPL21;RPS14;RPL27A;RPS23;RPS27;RPS5;RPL5;RPL36AL;FAU;RPL34;UBA52;RPL32"
"Nuclear Events Mediated By NFE2L2 R-HSA-9759194",NA,NA,NA,-0.176715429604485,NA,76,"PSMB7;PRDX1;SQSTM1;PSMB6;RBX1;RPS27A;GCLC;PSMD4;MYC;PSME1;PSMD3;UBA52"
"Oxygen-dependent Proline Hydroxylation Of Hypoxia-inducible Factor Alpha R-HSA-1234176",NA,NA,NA,-0.151271049621821,NA,63,"PSMB7;PSMB6;RBX1;RPS27A;EPAS1;PSMD4;AJUBA;PSME1;PSMD3;UBA52;SEM1"
"Peptide Chain Elongation R-HSA-156902",NA,NA,NA,-0.641572197929917,NA,83,"RPLP2;RPS16;RPL23;RPL11;RPS6;RPS12;RPL36;RPLP0;RPS29;RPS17;RPS7;RPL18;RPL12;RPS3;RPS27A;RPL19;RPS19;RPL27;RPL30;RPL39;RPLP1;RPL29;RPS20;RPL28;RSL24D1;RPL8;RPS9;RPL9;RPL37;RPS13;RPS2;RPL18A;RPL21;RPS14;RPL27A;RPS23;RPS27;RPS5;RPL5;RPL36AL;FAU;RPL34;UBA52;RPL32"
"Platelet Degranulation R-HSA-114608",NA,NA,NA,-0.187597122288702,NA,124,"TMX3;LAMP2;TF;LGALS3BP;SERPINA1;CD9;PFN1;SRGN;ORM2;ENDOD1;ACTN4;CALU;APP;CD63;SPARC;SELENOP;VWF;TIMP1;TAGLN2;FN1;FAM3C;TLN1;WDR1;KNG1;ANXA5;FLNA;PECAM1"
"Processing Of Capped Intron-Containing Pre-mRNA R-HSA-72203",NA,NA,NA,-0.114718435469688,NA,240,"SNRPA1;PTBP1;HNRNPU;HNRNPUL1;SNRPD3;YBX1;FUS;SART1;SRSF4;HNRNPA2B1;SRSF9;NXF2;PUF60;CPSF2;DDX5;SRSF1;PRCC;SNRPG;SF3B1;WTAP;CSTF3;POLR2I;POLR2E;SNRNP70;POLR2L;HNRNPA1;DDX39B;PLRG1;THOC1;HNRNPH1;TPR"
"RUNX1 Regulates Genes Involved In Megakaryocyte Differentiation And Platelet Function R-HSA-8936459",NA,NA,NA,-0.16439452487766,NA,63,"H2AJ;H3-3B;PRMT1;SETD1A;H2AC6;CBFB;KMT2E;H2AC19;H2BC4;H2BC17;H4C15;PF4;PRKCQ;H2AB1"
"RUNX1 Regulates Transcription Of Genes Involved In Differentiation Of HSCs R-HSA-8939236",NA,NA,NA,-0.194047002701818,NA,94,"H2AJ;PSMB7;H3-3B;PSMB6;TAL1;RPS27A;LMO1;H2AC6;CBFB;PSMD4;H2AC19;H2BC4;PSME1;GATA2;ABL1;PSMD3;UBA52;H2BC17;H4C15;SEM1;H2AB1"
"Regulation Of Expression Of SLITs And ROBOs R-HSA-9010553",NA,NA,NA,-0.368364435316528,NA,165,"RPLP2;RPS16;RPL23;RPL11;RPS6;RPS12;RPL36;PSMB7;RPLP0;RPS29;PSMB6;RPS17;RPS7;RPL18;RBX1;RPL12;RPS3;RPS27A;RPL19;RPS19;RPL27;RPL30;RPL39;PABPC1;RPLP1;RPL29;RPS20;RPL28;RSL24D1;RPL8;PSMD4;RPS9;RPL9;RPL37;RPS13;RPS2;RPL18A;RPL21;RPS14;RPL27A;PSME1;RPS23;RPS27;RPS5;RPL5;RPL36AL;FAU;RPL34;PSMD3;UBA52;RPL32"
"Regulation Of mRNA Stability By Proteins That Bind AU-rich Elements R-HSA-450531",NA,NA,NA,-0.136845809545914,NA,87,"EXOSC6;PSMB7;PSMB6;ZFP36;RPS27A;PABPC1;ENPP2;PSMD4;KHSRP;PSME1;PSMD3;UBA52;HNRNPD;SEM1;XPO1;EIF4G1"
"Respiratory Electron Transport R-HSA-611105",NA,NA,NA,-0.176509505678181,NA,89,"TMEM126B;UQCRC1;ACAD9;NDUFV2;COX8A;NDUFA12;NDUFB6;NDUFA3;NDUFAF3;NDUFB7;UQCRB;NDUFA10;NDUFS6;NDUFS4;COX6C"
"Respiratory Electron Transport, ATP Synthesis By Chemiosmotic Coupling, Heat Production By Uncoupling Proteins R-HSA-163200",NA,NA,NA,-0.19796515659205,NA,111,"TMEM126B;ATP5MC1;ATP5MG;UQCRC1;ATP5MC2;ACAD9;NDUFV2;COX8A;NDUFA12;NDUFB6;NDUFA3;ATP5F1A;NDUFAF3;NDUFB7;UQCRB;NDUFA10;NDUFS6;NDUFS4;COX6C"
"Response Of EIF2AK4 (GCN2) To Amino Acid Deficiency R-HSA-9633012",NA,NA,NA,-0.553526998217286,NA,97,"RPLP2;RPS16;RPL23;RPL11;RPS6;RPS12;RPL36;RPLP0;RPS29;RPS17;RPS7;RPL18;RPL12;RPS3;RPS27A;RPL19;RPS19;RPL27;RPL30;RPL39;RPLP1;RPL29;RPS20;RPL28;RSL24D1;RPL8;RPS9;RPL9;RPL37;RPS13;RPS2;RPL18A;RPL21;RPS14;RPL27A;RPS23;RPS27;ATF3;RPS5;RPL5;RPL36AL;FAU;RPL34;UBA52;RPL32"
"Response To Elevated Platelet Cytosolic Ca2+ R-HSA-76005",NA,NA,NA,-0.183497317353923,NA,129,"TMX3;LAMP2;TF;LGALS3BP;SERPINA1;CD9;PFN1;SRGN;ORM2;ENDOD1;ACTN4;STX4;CALU;APP;CD63;SPARC;SELENOP;VWF;TIMP1;TAGLN2;FN1;FAM3C;TLN1;WDR1;KNG1;ANXA5;FLNA;PECAM1"
"SARS-CoV Infections R-HSA-9679506",NA,NA,NA,-0.127086924300183,NA,357,"HLA-B;ATG14;RPS16;ST3GAL2;SNRPD3;RPS6;HLA-C;RPS12;HSPG2;RPS29;RPS17;ATP1B1;RPS7;IFNGR1;RBX1;DAD1;RPS3;RPS27A;B2M;HLA-A;RPS19;CHMP6;FNTA;PRMT1;ITGB1;YWHAE;AP2A2;RPS20;MAN2A1;DDX5;ZDHHC20;RPS9;KDM1A;GOLGA7;SRPK2;RPS13;SNRPG;RPS2;SMN1;IFNA14;RPS14;YWHAQ;ZDHHC3;ST6GALNAC3;CD79B;RPS23;CANX;RPS27;RPS5;FAU;JAK3"
"SARS-CoV-2 Infection R-HSA-9694516",NA,NA,NA,-0.150526584059292,NA,273,"HLA-B;ATG14;RPS16;ST3GAL2;SNRPD3;RPS6;HLA-C;RPS12;HSPG2;RPS29;RPS17;RPS7;DAD1;RPS3;RPS27A;B2M;HLA-A;RPS19;CHMP6;PRMT1;YWHAE;RPS20;MAN2A1;DDX5;ZDHHC20;RPS9;GOLGA7;SRPK2;RPS13;SNRPG;RPS2;SMN1;IFNA14;RPS14;YWHAQ;ZDHHC3;ST6GALNAC3;RPS23;CANX;RPS27;RPS5;FAU"
"SARS-CoV-2-host Interactions R-HSA-9705683",NA,NA,NA,-0.160616729301398,NA,188,"HLA-B;ATG14;RPS16;SNRPD3;RPS6;HLA-C;RPS12;RPS29;RPS17;RPS7;RPS3;RPS27A;B2M;HLA-A;RPS19;YWHAE;RPS20;RPS9;RPS13;SNRPG;RPS2;SMN1;IFNA14;RPS14;YWHAQ;RPS23;RPS27;RPS5;FAU"
"SRP-dependent Cotranslational Protein Targeting To Membrane R-HSA-1799339",NA,NA,NA,-0.570195458879504,NA,106,"RPLP2;RPS16;RPL23;RPL11;RPS6;RPS12;RPL36;RPLP0;RPS29;RPS17;RPS7;RPL18;RPL12;RPS3;RPS27A;RPL19;SSR4;RPS19;RPL27;SEC61G;RPL30;RPL39;RPLP1;RPL29;RPS20;RPL28;RSL24D1;RPL8;RPS9;RPL9;RPL37;RPS13;RPS2;RPL18A;RPL21;RPS14;RPL27A;RPS23;RPS27;RPS5;RPL5;RPL36AL;FAU;RPL34;UBA52;RPL32"
"Selenoamino Acid Metabolism R-HSA-2408522",NA,NA,NA,-0.478679662798207,NA,112,"RPLP2;RPS16;RPL23;RPL11;RPS6;RPS12;RPL36;RPLP0;RPS29;RPS17;RPS7;RPL18;RPL12;RPS3;RPS27A;RPL19;RPS19;RPL27;RPL30;RPL39;RPLP1;RPL29;RPS20;RPL28;RSL24D1;RPL8;RPS9;RPL9;AHCY;RPL37;RPS13;RPS2;RPL18A;RPL21;RPS14;RPL27A;RPS23;RPS27;RPS5;RPL5;RPL36AL;FAU;RPL34;UBA52;RPL32"
"Selenocysteine Synthesis R-HSA-2408557",NA,NA,NA,-0.601965080545257,NA,89,"RPLP2;RPS16;RPL23;RPL11;RPS6;RPS12;RPL36;RPLP0;RPS29;RPS17;RPS7;RPL18;RPL12;RPS3;RPS27A;RPL19;RPS19;RPL27;RPL30;RPL39;RPLP1;RPL29;RPS20;RPL28;RSL24D1;RPL8;RPS9;RPL9;RPL37;RPS13;RPS2;RPL18A;RPL21;RPS14;RPL27A;RPS23;RPS27;RPS5;RPL5;RPL36AL;FAU;RPL34;UBA52;RPL32"
"Senescence-Associated Secretory Phenotype (SASP) R-HSA-2559582",NA,NA,NA,-0.171777123546167,NA,77,"H2AJ;CDKN2D;CDKN1B;H3-3B;RPS27A;IGFBP7;H2AC6;STAT3;H2AC19;H2BC4;RELA;CDK2;UBE2E1;UBA52;H2BC17;H4C15;H2AB1"
"Signaling By ROBO Receptors R-HSA-376176",NA,NA,NA,-0.315785746924072,NA,205,"RPLP2;RNASE1;RPS16;CXCR4;RPL23;RPL11;RPS6;RPS12;RPL36;PSMB7;RPLP0;RPS29;PSMB6;RPS17;RHOA;RPS7;RPL18;RBX1;RPL12;RPS3;PFN1;RPS27A;RPL19;RPS19;RPL27;RPL30;RPL39;PABPC1;RPLP1;RPL29;RPS20;RPL28;RSL24D1;RPL8;PSMD4;RPS9;RPL9;RPL37;RPS13;RPS2;RPL18A;CDC42;RPL21;RPS14;RPL27A;MYO9B;PSME1;RPS23;RPS27;RPS5;RPL5;RPL36AL;ABL1;FAU;RPL34;PSMD3;UBA52;RPL32"
"TCR Signaling R-HSA-202403",NA,NA,NA,-0.111993392223237,NA,111,"HLA-DRB1;FBXW11;PSMB7;PSMB6;RPS27A;PSMD4;CSK;PSME1;RELA;PTPRJ;HLA-DPA1;PSMD3;UBA52;SEM1;PRKCQ;HLA-DRA;BCL10;TARP;PSMC1"
"Telomere Maintenance R-HSA-157579",NA,NA,NA,-0.179022564811478,NA,89,"H2AJ;RUVBL2;RTEL1;H3-3B;ATRX;FEN1;H2AC6;NHP2;H2AC19;POLR2I;H2BC4;POLR2E;CDK2;POLD1;POLR2L;H2BC17;POLD2;TERF2IP;H4C15;H2AB1"
"Transcriptional Regulation By RUNX1 R-HSA-8878171",NA,NA,NA,-0.123192627185487,NA,199,"H2AJ;SMARCB1;PSMB7;CBX4;H3-3B;PSMB6;TAL1;RPS27A;PRMT1;SETD1A;LMO1;H2AC6;CBFB;PSMD4;CBX2;KMT2E;H2AC19;HIPK2;SMARCE1;H2BC4;PSME1;GATA2;ABL1;PSMD3;CBX8;UBA52;H2BC17;TNFRSF18;H4C15;PF4;SEM1;PRKCQ;CLDN5;H2AB1"
"Translation R-HSA-72766",NA,NA,NA,-0.245816095745183,NA,276,"RPLP2;RPS16;MRPL10;RPL23;RPL11;RPS6;RPS12;RPL36;EIF3A;RPLP0;RPS29;RPS17;EEF1D;RPS7;RPL18;RPL12;RPS3;RPS27A;RPL19;SSR4;RPS19;RPL27;TSFM;SEC61G;AURKAIP1;EIF3J;RPL30;RPL39;PABPC1;RPLP1;RPL29;RPS20;RPL28;RSL24D1;RPL8;DTD1;RPS9;RPL9;EIF4A1;EEF1B2;RPL37;RPS13;MRPS18B;RPS2;RPL18A;MRPS14;RPL21;RPS14;RPL27A;EIF4B;EIF3G;RPS23;RPS27;RPS5;RPL5;RPL36AL;FAU;RPL34;EIF1AX;EIF3F;EIF3B;UBA52;RPL32;MRPL53;MRPL33"
"Viral mRNA Translation R-HSA-192823",NA,NA,NA,-0.580833367741651,NA,89,"RPLP2;RPS16;RPL23;RPL11;RPS6;RPS12;RPL36;RPLP0;RPS29;RPS17;RPS7;RPL18;RPL12;RPS3;RPS27A;RPL19;RPS19;RPL27;RPL30;RPL39;RPLP1;RPL29;RPS20;RPL28;RSL24D1;RPL8;RPS9;RPL9;RPL37;RPS13;RPS2;RPL18A;RPL21;RPS14;RPL27A;RPS23;RPS27;RPS5;RPL5;RPL36AL;FAU;RPL34;UBA52;RPL32"
"mRNA Splicing - Major Pathway R-HSA-72163",NA,NA,NA,-0.154550354862984,NA,180,"SNRPA1;PTBP1;HNRNPU;HNRNPUL1;SNRPD3;YBX1;FUS;SART1;SRSF4;HNRNPA2B1;SRSF9;PUF60;CPSF2;DDX5;SRSF1;PRCC;SNRPG;SF3B1;CSTF3;POLR2I;POLR2E;SNRNP70;POLR2L;HNRNPA1;PLRG1"
"mRNA Splicing R-HSA-72172",NA,NA,NA,-0.142181957681332,NA,188,"SNRPA1;PTBP1;HNRNPU;HNRNPUL1;SNRPD3;YBX1;FUS;SART1;SRSF4;HNRNPA2B1;SRSF9;PUF60;CPSF2;DDX5;SRSF1;PRCC;SNRPG;SF3B1;CSTF3;POLR2I;POLR2E;SNRNP70;POLR2L;HNRNPA1"
"rRNA Processing In Nucleus And Cytosol R-HSA-8868773",NA,NA,NA,-0.286170961852086,NA,187,"RPLP2;RPS16;RPL23;EXOSC6;RIOK2;RPL11;RPS6;RPS12;RPL36;RPLP0;RPS29;RPS17;RPS7;RPL18;RPL12;RPS3;RPS27A;RPL19;RPS19;RPL27;RPL30;RPL39;PNO1;TSR3;RPLP1;EBNA1BP2;RPL29;RPS20;RPL28;RSL24D1;RPL8;RPS9;NHP2;RPL9;RPL37;RPS13;RPS2;RPL18A;RPL21;RPS14;RPL27A;BUD23;RPS23;RPS27;RPS5;RPL5;RPL36AL;FAU;RPL34;SENP3;UBA52;RPL32"
"rRNA Processing R-HSA-72312",NA,NA,NA,-0.270470952194386,NA,197,"RPLP2;RPS16;RPL23;EXOSC6;RIOK2;RPL11;RPS6;RPS12;RPL36;RPLP0;RPS29;RPS17;RPS7;RPL18;RPL12;RPS3;RPS27A;RPL19;RPS19;RPL27;RPL30;RPL39;PNO1;TSR3;RPLP1;EBNA1BP2;RPL29;RPS20;RPL28;RSL24D1;RPL8;RPS9;NHP2;RPL9;RPL37;RPS13;RPS2;RPL18A;RPL21;RPS14;RPL27A;BUD23;RPS23;RPS27;RPS5;RPL5;RPL36AL;FAU;RPL34;SENP3;UBA52;RPL32"
