step,loss
0,10714432.11868471
1,10596801.851800121
2,10699484.90970438
3,10493919.431819336
4,10449721.526928753
5,10529939.618702577
6,10590528.248629987
7,10400016.204114284
8,10435996.163828637
9,10444474.010900814
10,10303322.39280059
11,10431900.845517017
12,10233861.054776309
13,10411895.135501025
14,10312214.435838733
15,10278867.993296327
16,10369687.137770314
17,10264727.261051767
18,10194815.048243362
19,10316836.79177551
20,10083228.919180129
21,10066670.264772967
22,10021700.22286643
23,10114480.473183896
24,9991690.71164006
25,9980626.357314363
26,10085731.002723262
27,9869571.65223433
28,9864457.956951357
29,9867185.837535571
30,9805632.618195623
31,9843594.76030938
32,9719102.85107661
33,9748815.598029364
34,9753224.033862539
35,9781277.806232832
36,9740342.399912871
37,9825317.346678443
38,9660947.694912542
39,9623531.501127314
40,9721234.277089018
41,9593785.176287398
42,9738613.68273659
43,9537374.099157486
44,9443229.88658087
45,9515457.363982663
46,9560088.69715036
47,9525870.584666092
48,9508036.9596887
49,9581577.219204806
50,9435172.123978198
51,9494640.654403001
52,9421015.188003983
53,9323340.26649741
54,9480741.65889322
55,9479571.2378807
56,9337104.285097416
57,9354689.60884729
58,9457240.936301054
59,9386303.540865883
60,9309891.138967652
61,9353561.80556301
62,9225972.277546294
63,9181562.632540766
64,9237291.956521265
65,9322430.869289074
66,9196602.11240834
67,9288527.596187241
68,9178208.917888224
69,9186346.322105184
70,9204961.067848045
71,9074076.073239215
72,9181711.46316553
73,9139378.750082467
74,9045631.624817282
75,8975666.252814308
76,9141197.501117349
77,8975565.114848804
78,9025658.512838282
79,9054657.953088857
80,9039459.11017742
81,8991507.705710448
82,8976436.150687337
83,9043555.173929956
84,9009702.92411381
85,8963576.970105898
86,8924831.11795406
87,8891543.17646157
88,8825432.178560123
89,8881947.216484405
90,8868546.75737366
91,8892405.388205312
92,8844476.247868046
93,8966153.481467605
94,8819630.384349927
95,8780494.858345669
96,8735792.896165453
97,8823880.990657426
98,8723109.568240136
99,8803622.215546101
100,8707211.086363643
101,8848886.641414743
102,8652753.140903711
103,8746164.647531714
104,8838231.695025057
105,8603776.324017584
106,8727763.19998388
107,8725800.813060991
108,8651141.817973495
109,8668846.479154885
110,8673369.721875899
111,8580366.87948367
112,8614231.210769393
113,8577263.136683442
114,8644066.56739489
115,8618996.571737468
116,8569303.457542706
117,8750768.006150194
118,8631831.090834484
119,8694700.519611254
120,8514957.083505258
121,8438428.596468158
122,8422279.704234272
123,8508009.873329759
124,8486199.275695033
125,8502321.435931757
126,8607057.144142315
127,8454311.359631956
128,8477978.452326879
129,8461742.198108375
130,8467422.437062234
131,8510852.665079653
132,8414685.230775073
133,8430309.809011295
134,8416005.32959216
135,8382496.521246031
136,8454931.776002608
137,8325878.984087728
138,8329864.268935591
139,8296684.621310174
140,8256373.865000442
141,8309199.566872828
142,8350938.20291391
143,8341872.537751056
144,8284846.795933649
145,8431214.800150238
146,8140389.474305436
147,8276686.160278648
148,8313610.584071599
149,8181831.166386366
150,8256352.915390134
151,8185932.871539287
152,8336110.334648475
153,8200798.040948208
154,8371001.679081708
155,8071333.015215099
156,8249284.398888007
157,8125289.2822683975
158,8194986.0342455655
159,8238190.4848525375
160,8167544.252879448
161,8193785.222271636
162,8243642.599163257
163,8025715.728105783
164,8116148.202067845
165,8208932.1856126
166,8211668.978887431
167,8138154.498766296
168,8167178.761576965
169,8095810.9955975115
170,8086133.76389727
171,8132582.141986787
172,8068882.7411642745
173,8100755.980389759
174,8164662.254354924
175,8087283.393965587
176,8079818.235529035
177,8127247.369940646
178,8006975.803058222
179,8108662.186407685
180,8061034.8112113625
181,7994496.838756844
182,7921414.695974968
183,8048558.497685611
184,7993492.680953205
185,8055920.733885333
186,7962432.416095443
187,8004621.221299484
188,8008939.904890493
189,7987623.5987777
190,7960934.01513049
191,7898772.4902149215
192,8013933.993462324
193,7952717.584139675
194,7948074.337096125
195,7982907.2926237285
196,7948429.169340149
197,7926325.387638159
198,7830077.800025687
199,7886119.266679645
200,7851214.968657613
201,7866327.59594889
202,7887667.874576867
203,7860669.299063623
204,7882452.557132088
205,7891157.215087637
206,7883093.973116837
207,7870026.340265982
208,7757115.822428022
209,7777681.06074661
210,7857913.933618046
211,7739956.5438484475
212,7787721.554200634
213,7795255.265796199
214,7787003.037327915
215,7764416.575759947
216,7766643.059124649
217,7798919.1748527065
218,7745972.305045869
219,7785746.649393007
220,7754230.355865598
221,7806812.439028323
222,7815390.353078693
223,7727771.401458107
224,7738266.000020713
225,7705458.274825759
226,7694139.296707228
227,7722640.533598557
228,7658448.153614402
229,7727561.148813374
230,7802710.824314363
231,7667610.503797844
232,7714643.067638606
233,7634237.860571429
234,7710595.313221462
235,7616181.356344592
236,7710911.099014103
237,7684692.879370451
238,7619267.343266785
239,7619659.725801811
240,7634520.134961292
241,7580330.362004608
242,7607452.3753106445
243,7648929.903509557
244,7613742.9901165515
245,7618554.595563956
246,7692137.069315195
247,7616224.021983363
248,7584429.362604305
249,7600121.006560624
250,7570622.809060261
251,7552055.4540288
252,7551343.59065479
253,7561399.406800374
254,7603116.712275628
255,7511635.61562629
256,7548556.303662106
257,7608761.851192623
258,7556717.644862689
259,7576046.075040452
260,7538729.46409753
261,7530051.59448681
262,7566548.800964668
263,7572217.27066182
264,7465809.567790039
265,7596435.68176768
266,7541923.270766348
267,7479971.49282603
268,7489005.607814055
269,7538122.459781207
270,7458931.374143943
271,7487165.636194542
272,7442560.050550371
273,7491845.748352118
274,7486566.76783219
275,7515833.995504983
276,7444454.718739368
277,7432844.193908706
278,7482454.647107616
279,7570636.714000978
280,7456974.596324131
281,7459880.250873685
282,7488174.060043469
283,7457321.964238908
284,7374888.038440779
285,7453027.730081528
286,7375342.345054008
287,7401566.682892956
288,7432146.512875952
289,7373995.283874106
290,7367678.298052177
291,7381695.861594245
292,7492072.348782845
293,7367428.822488636
294,7333060.691009745
295,7346961.223439958
296,7354978.965009369
297,7358635.72443597
298,7405106.422991261
299,7359761.332982108
300,7349743.601294816
301,7308663.930882573
302,7327757.508067861
303,7333552.199262857
304,7371102.182118863
305,7278515.198034152
306,7299483.822717786
307,7297678.246265233
308,7310829.733238563
309,7300701.394687653
310,7329712.748709038
311,7283673.755236164
312,7333418.943818741
313,7318157.176841773
314,7280221.6500387415
315,7283977.2117256075
316,7270936.589738868
317,7303012.793445542
318,7326017.76791729
319,7265978.517137431
320,7293881.695131347
321,7266249.8236068785
322,7238982.754680216
323,7237884.1828091
324,7240008.73412222
325,7208613.194939747
326,7258533.6457839385
327,7274499.596950851
328,7202504.107944302
329,7164905.621893495
330,7258460.145423368
331,7208411.29734464
332,7248137.190877914
333,7221745.835717708
334,7166148.616731577
335,7209835.603345286
336,7203899.033317052
337,7198956.710788935
338,7130516.410768241
339,7212182.938102365
340,7227218.633185834
341,7145335.90367331
342,7148677.703511387
343,7140821.672863163
344,7134731.427665506
345,7170254.98976985
346,7143461.339317381
347,7142100.874626245
348,7120680.122027982
349,7105424.131530285
350,7102504.755165547
351,7140491.2491394095
352,7087850.100006834
353,7116476.449090853
354,7115915.977081992
355,7085283.47679197
356,7112384.178196453
357,7108541.098471969
358,7104197.109562933
359,7078948.188761823
360,7071540.1985785365
361,7128687.50883396
362,7121580.2549589425
363,7097620.859410372
364,7100268.049589694
365,7130037.791222643
366,7081987.416612178
367,7099419.073215127
368,7121514.846451454
369,7058864.068800479
370,7046404.310529776
371,7066276.865914952
372,7087646.591442831
373,7098796.089691084
374,7052793.2962774
375,7087601.175499283
376,7019303.754018109
377,6996512.314562406
378,7041936.94970803
379,7075358.055631325
380,7018235.774607763
381,7020789.748053528
382,7073474.131398674
383,6975738.541643932
384,7084164.445397124
385,7026435.855291694
386,7015695.123636864
387,6976575.98061597
388,7010484.0499900505
389,6964356.38233719
390,6940251.896275997
391,6953660.439035498
392,6977115.0251015015
393,6998164.34913715
394,6932590.039492428
395,7037702.916106686
396,6972284.0062591545
397,6987270.996570962
398,6968292.67679888
399,6991709.925098106
400,6979379.379618898
401,6996846.25794518
402,6955313.288636897
403,6985309.907517105
404,6936816.467212237
405,6923189.547086135
406,6961113.877131425
407,6891617.028932959
408,6895997.730093619
409,6940263.496294454
410,6980394.480465379
411,6940434.331349786
412,6867159.008722119
413,6914984.909569185
414,6927148.578714378
415,6902534.807085412
416,6888054.610778466
417,6886893.602014875
418,6858237.6009305045
419,6900270.5736962855
420,6867414.168438695
421,6900945.251524452
422,6861357.060600026
423,6869408.207849801
424,6832456.30019404
425,6880378.454275267
426,6861099.913342249
427,6855864.136628173
428,6895895.136380136
429,6849601.099600531
430,6863717.751629405
431,6925176.25201194
432,6861503.766601276
433,6878832.398631729
434,6833669.954398669
435,6892706.178980898
436,6788867.207840264
437,6835521.604314186
438,6842458.572948219
439,6798089.2145808935
440,6811456.606205255
441,6780418.730379958
442,6790452.503034577
443,6848946.417315945
444,6813429.42431367
445,6784314.891166152
446,6798646.15265739
447,6806529.202357542
448,6796002.3656962905
449,6827912.804902758
450,6770081.887861319
451,6775051.404011428
452,6778548.583624408
453,6822839.716768526
454,6773256.354090264
455,6811966.883599974
456,6807114.4373133015
457,6746832.270428501
458,6736344.049211908
459,6787743.737496749
460,6750528.918527015
461,6733115.465765305
462,6767013.207980687
463,6764309.915922772
464,6755213.184556922
465,6734777.621811664
466,6773381.763335928
467,6722544.331350833
468,6701386.050341878
469,6712428.243696511
470,6680651.190086141
471,6760370.796206728
472,6696587.24496584
473,6744338.8475633
474,6705286.280728698
475,6731585.891842268
476,6698173.198767543
477,6712407.648100382
478,6715024.285096124
479,6720515.217637476
480,6712849.913505506
481,6701868.467658088
482,6674282.782257155
483,6645150.350961119
484,6693123.469843838
485,6753727.781133272
486,6676790.3841985315
487,6686575.036864996
488,6728086.691482067
489,6636209.51336804
490,6656051.2048084065
491,6714834.929861762
492,6662396.242401257
493,6667507.740892854
494,6659525.677796856
495,6647465.598942429
496,6633207.805075757
497,6647496.352532528
498,6663783.638703782
499,6673676.731959708
500,6641592.065933943
501,6645531.064067274
502,6628628.282720491
503,6628833.007412031
504,6635421.968304664
505,6618979.8228752315
506,6589380.219650358
507,6629568.888088971
508,6637354.041650236
509,6617913.861192383
510,6594946.501689777
511,6633629.510139745
512,6624706.378694877
513,6597563.504990667
514,6658540.036694795
515,6619655.184506297
516,6616912.492893569
517,6645016.645335294
518,6559872.929657981
519,6599205.1940929
520,6576638.794568747
521,6601976.272249177
522,6622333.425269064
523,6571180.276002247
524,6580289.022821926
525,6590039.82956817
526,6604630.99354808
527,6562940.173751771
528,6592042.36398226
529,6536768.284888603
530,6550214.290713787
531,6539256.520882696
532,6539124.77750352
533,6545878.1099805385
534,6541214.1158531755
535,6565940.660121538
536,6511079.24816601
537,6553489.515886903
538,6538631.996571034
539,6562094.748549536
540,6514084.963393867
541,6515817.580059886
542,6539820.975080177
543,6539894.682030603
544,6540730.986035585
545,6513543.365263961
546,6542701.327660561
547,6545422.939524949
548,6506953.491869807
549,6492386.878244393
550,6541653.052126363
551,6517980.672647864
552,6515302.331299052
553,6503302.085852176
554,6520157.212370042
555,6487535.736407474
556,6545953.168983892
557,6478115.946429342
558,6499739.422716856
559,6469875.701384723
560,6489660.921360239
561,6530558.175868034
562,6496127.6654533
563,6451592.971204668
564,6478184.7954479605
565,6484753.773627624
566,6467967.027386442
567,6486355.552927345
568,6484346.899024822
569,6476416.004275635
570,6456419.448870555
571,6473009.9517445415
572,6484415.963994265
573,6440009.949827768
574,6441658.045762256
575,6445052.156506017
576,6491879.238088429
577,6446698.251421824
578,6427449.265503429
579,6446848.512162149
580,6439852.47997085
581,6470932.228450373
582,6419961.350964278
583,6454152.585504934
584,6484323.7494803965
585,6432488.154769778
586,6452647.074914783
587,6428707.430692479
588,6420946.651489966
589,6448490.251186788
590,6392009.994156197
591,6441393.207705587
592,6436095.596750572
593,6420571.454808503
594,6400343.772984266
595,6425922.56960687
596,6396726.787753344
597,6418325.344540983
598,6388012.738251448
599,6405737.571214147
600,6387822.371168435
601,6422104.475696482
602,6383276.91994603
603,6375048.984370172
604,6384381.829408795
605,6378613.5795683265
606,6374671.722857475
607,6399779.980074599
608,6385851.712029837
609,6354831.326410651
610,6369470.735351786
611,6376073.715050526
612,6389473.599105611
613,6373382.883811712
614,6363989.160994932
615,6346641.481135905
616,6367623.293762907
617,6374649.391907901
618,6350276.271375306
619,6403801.100370184
620,6357288.254670113
621,6325582.861100897
622,6365255.965521112
623,6369008.325253323
624,6360977.299378723
625,6348033.532906786
626,6378253.830018476
627,6382543.608056039
628,6332790.524283409
629,6334859.059669271
630,6320873.818010211
631,6312686.782485813
632,6355108.438803501
633,6320079.656201452
634,6318782.395940676
635,6316309.943004206
636,6350472.507258773
637,6351005.313123539
638,6304222.606453739
639,6311967.148570478
640,6366670.060369715
641,6306333.259359032
642,6320132.782602787
643,6315577.799374819
644,6316857.608088523
645,6293675.040867776
646,6304050.7286351025
647,6313168.644907162
648,6306855.28119652
649,6283570.775058925
650,6323954.128756836
651,6317689.661568232
652,6295044.88483265
653,6313495.458901435
654,6279378.289391607
655,6277773.177533984
656,6311948.064114615
657,6291750.604118496
658,6279065.278425172
659,6259404.002883926
660,6284276.676011682
661,6284224.756296828
662,6288136.615634084
663,6273478.559830189
664,6310922.2648126185
665,6264731.9833878875
666,6337098.288963199
667,6285202.596823499
668,6241917.199109733
669,6283744.9554745555
670,6276694.024531215
671,6229471.318642706
672,6275824.090608984
673,6243572.990836307
674,6248705.843794405
675,6242946.064776219
676,6231332.241166621
677,6248941.085609287
678,6253947.470732629
679,6262294.645376936
680,6243709.100718349
681,6244909.464150995
682,6240682.824651197
683,6234975.073154829
684,6232352.841400579
685,6228576.936224937
686,6225822.919054806
687,6223620.270137057
688,6226620.165054455
689,6226306.168444037
690,6227269.430403635
691,6207809.642980874
692,6217037.587321788
693,6193791.085717261
694,6210348.2823654115
695,6209041.327092335
696,6207179.350583553
697,6191905.615325093
698,6233814.387045458
699,6240110.385069519
700,6220723.2692433
701,6171869.237759829
702,6197774.053710669
703,6188216.922266096
704,6215794.784170866
705,6184260.7387486845
706,6198190.81813094
707,6196004.575911105
708,6179386.091742516
709,6200568.713984594
710,6178972.866114497
711,6185759.012305036
712,6204139.468096226
713,6172142.218743086
714,6199373.1840094775
715,6186670.433893502
716,6154006.608409107
717,6151735.235202789
718,6175357.19941625
719,6194292.374434471
720,6147110.363319755
721,6169065.0163913965
722,6179366.784537375
723,6175255.536385223
724,6157478.216215879
725,6136046.300833672
726,6170219.954093248
727,6151882.174332723
728,6158336.526753575
729,6136199.2020317465
730,6139374.322278753
731,6143455.337974295
732,6156148.02888006
733,6154658.277268529
734,6156002.736054227
735,6119209.800418198
736,6135982.59295772
737,6142906.410532251
738,6150976.046283901
739,6127794.71738939
740,6154911.144672394
741,6111089.521071464
742,6142713.300618738
743,6154114.97788924
744,6128779.102178782
745,6125492.598433286
746,6124643.861501887
747,6122739.584760904
748,6152684.331352472
749,6144158.54566583
750,6098923.884690493
751,6104812.707172364
752,6110023.599571675
753,6095001.4493018985
754,6095442.611694306
755,6099754.632376999
756,6102358.701937467
757,6120127.334831983
758,6126221.72581774
759,6102214.553859279
760,6104058.642568946
761,6127480.177331328
762,6119159.164244622
763,6099353.207797781
764,6107575.604365587
765,6098248.759463906
766,6092390.585058242
767,6107039.539774716
768,6089401.262524068
769,6098058.553143516
770,6075786.473268807
771,6085617.056556419
772,6099601.432963461
773,6096079.571876168
774,6076808.650735676
775,6081252.861714125
776,6065838.574090242
777,6088032.817601442
778,6072076.933321953
779,6084822.784570098
780,6078921.888431996
781,6100264.057336286
782,6065095.117069542
783,6084537.219300494
784,6046997.647723734
785,6058521.679210991
786,6054597.507218748
787,6065360.381018132
788,6057856.277884096
789,6048196.966979593
790,6058622.19804658
791,6052035.813601077
792,6050713.459009051
793,6044593.059478879
794,6043963.29147768
795,6054876.3770079315
796,6056303.858236611
797,6065767.583496124
798,6030833.627496868
799,6034732.7831891775
800,6042991.389049709
801,6025391.350422293
802,6040854.545048535
803,6035574.979499906
804,6040242.39177528
805,6020969.204157919
806,6027974.3522017
807,6042318.832684934
808,6030489.123747349
809,6039460.886416972
810,6040563.103073955
811,6008058.394039154
812,6022343.035023779
813,6031090.998699069
814,6022873.870702684
815,6009274.746180207
816,6011561.412001282
817,6021469.36027348
818,6011711.786129594
819,6001099.179797441
820,6002595.756996274
821,6004955.304790646
822,6019105.907594383
823,5996048.870602667
824,6001761.418835491
825,6020009.576825261
826,5985148.806648672
827,6033550.441607833
828,5997250.780887485
829,5995992.713649452
830,5998440.770455539
831,6002407.916787475
832,5987384.355649561
833,5991910.3112336695
834,5986666.602611244
835,5980567.15437223
836,5974074.327946067
837,5991394.861374885
838,5987003.508396536
839,5990837.458864272
840,5979494.469894826
841,5972015.7365992665
842,5992421.9509783685
843,5970461.794605672
844,5972948.691888452
845,5985837.281904012
846,5980607.772906721
847,5983695.886138648
848,5979322.389896542
849,5978280.416698366
850,5959079.594903231
851,5961316.307797939
852,5966553.386132538
853,5966637.92482388
854,5953415.221175253
855,5952426.158059061
856,5967191.185892731
857,5991828.126254469
858,5967393.445097417
859,5947478.822853774
860,5963738.922614217
861,5944544.945250958
862,5956168.761750251
863,5955792.669263482
864,5976052.830408692
865,5960778.577901959
866,5972373.470670998
867,5940558.995860606
868,5943207.231609598
869,5950523.703418106
870,5953896.624435186
871,5951589.700675428
872,5945320.439748347
873,5942850.463240296
874,5963869.33502394
875,5926706.211707562
876,5930423.608224481
877,5953790.453431487
878,5945038.724805474
879,5928677.219211221
880,5923297.005445242
881,5917518.703749716
882,5916108.11895147
883,5933097.488600656
884,5924299.937502652
885,5913966.3656641245
886,5916604.651027203
887,5935661.720956892
888,5912996.413443744
889,5927962.304507792
890,5914252.037730277
891,5919300.12766701
892,5909518.358560532
893,5917203.020910531
894,5914418.668873906
895,5922548.433690727
896,5913688.091499925
897,5898998.675657392
898,5905489.185253322
899,5895209.937283188
900,5935214.788497686
901,5913103.534561515
902,5906317.240603089
903,5911317.000088394
904,5897908.24413839
905,5899265.653313279
906,5898238.217258513
907,5903533.570369184
908,5906945.417968899
909,5887528.750630766
910,5886543.066137373
911,5894247.249390051
912,5889386.464441568
913,5898993.546492726
914,5894318.952739716
915,5887023.3586220145
916,5884761.105292022
917,5888695.812855899
918,5881403.073838949
919,5894975.271122605
920,5879603.813733995
921,5866868.4205417335
922,5873859.30897212
923,5883275.339460552
924,5876558.992090642
925,5864586.098321259
926,5866470.732984662
927,5884546.069479167
928,5876010.73275739
929,5872376.703805268
930,5856535.6322743
931,5861616.285726994
932,5862010.072322965
933,5860778.57672447
934,5856422.361833662
935,5854636.6146909
936,5859040.472877353
937,5858869.252471745
938,5865987.482745558
939,5854177.130511254
940,5872831.390503734
941,5854510.37549147
942,5853711.164607316
943,5854506.991884768
944,5854915.219500005
945,5851004.592078418
946,5850131.182593733
947,5860635.984191209
948,5839623.266579062
949,5841689.435354233
950,5844063.638396233
951,5838759.274472952
952,5844367.368429303
953,5842234.022673875
954,5841795.575882554
955,5838423.854511023
956,5840104.241930544
957,5843417.471227348
958,5829062.202477723
959,5831515.681094766
960,5822862.0163345635
961,5827143.773792386
962,5830148.870314568
963,5827983.178904921
964,5833057.788354903
965,5818239.068715066
966,5820273.013042271
967,5829660.094360888
968,5816164.230484217
969,5819646.369660854
970,5816381.615533352
971,5819258.111944705
972,5843486.6070896685
973,5824958.289464921
974,5811486.942801714
975,5819131.020081401
976,5808394.579382926
977,5814152.019245893
978,5833390.893276155
979,5823723.745706648
980,5811508.694974422
981,5801938.010591418
982,5800987.630906582
983,5823669.736415744
984,5818868.123938829
985,5806377.93984285
986,5794908.067126125
987,5804160.762489021
988,5819669.637868047
989,5804719.444482863
990,5807340.435632497
991,5798273.510105163
992,5798696.471700132
993,5807283.868684351
994,5796987.524748921
995,5804473.728920698
996,5782722.290819287
997,5793251.686933607
998,5790382.823339343
999,5798855.290915728
1000,5802587.68154335
1001,5798008.330782622
1002,5786965.334328711
1003,5784130.124656796
1004,5779075.874328494
1005,5797134.161471128
1006,5789497.947368145
1007,5791164.3695759475
1008,5781406.429634869
1009,5785444.504605204
1010,5774916.365020037
1011,5782030.680404365
1012,5777601.734849244
1013,5778725.865388662
1014,5778383.233279258
1015,5774364.442507207
1016,5780018.870938659
1017,5768639.002173036
1018,5778141.5162855685
1019,5773057.505273849
1020,5770528.459329605
1021,5768443.01632911
1022,5765034.850012958
1023,5782396.388064027
1024,5762894.817009449
1025,5765958.637910545
1026,5767264.177060187
1027,5763303.032495797
1028,5766132.184251934
1029,5756709.283067256
1030,5768400.302941263
1031,5769430.135020465
1032,5759772.471919328
1033,5770276.919330686
1034,5771539.044276804
1035,5749008.291220754
1036,5748634.04149586
1037,5752823.166545898
1038,5751513.931501418
1039,5748635.615140885
1040,5752047.418152839
1041,5762505.369507998
1042,5742431.246962965
1043,5745992.192836463
1044,5758299.796784818
1045,5761347.836230516
1046,5753654.4437989
1047,5742963.105680943
1048,5736931.088356137
1049,5734372.629482508
1050,5741015.288860261
1051,5740563.02833724
1052,5740180.225585371
1053,5733379.789144129
1054,5742576.110390544
1055,5746552.134479612
1056,5742903.359162897
1057,5745318.390899509
1058,5732263.043956369
1059,5737573.870767891
1060,5725752.457338035
1061,5733458.564798474
1062,5740808.224565655
1063,5724382.072927415
1064,5742153.840281665
1065,5726802.308495462
1066,5723425.042159021
1067,5730305.095211774
1068,5718817.149921477
1069,5734126.166814268
1070,5713880.219706237
1071,5731278.632589698
1072,5716390.513195723
1073,5713406.556272984
1074,5715093.199754268
1075,5722719.05662182
1076,5715333.087242305
1077,5715729.606571972
1078,5716836.688971102
1079,5713793.276997119
1080,5709764.908712685
1081,5711860.331390202
1082,5708408.652454793
1083,5718361.192456961
1084,5704538.076888293
1085,5708918.732563674
1086,5710776.50785768
1087,5707498.8654844165
1088,5704127.331455052
1089,5703418.110308439
1090,5704485.755775273
1091,5702618.006313175
1092,5707838.189095348
1093,5698784.320415914
1094,5694687.35537529
1095,5709782.38158527
1096,5693307.086086422
1097,5697209.827732801
1098,5694482.890839338
1099,5690351.225149512
1100,5701469.647905767
1101,5698747.486448765
1102,5692668.783845156
1103,5690181.0061532855
1104,5697524.354089022
1105,5694962.589233488
1106,5684425.2329930365
1107,5682646.84924686
1108,5685706.200020373
1109,5696010.620950222
1110,5685269.166160047
1111,5680947.785028696
1112,5693045.377910286
1113,5680537.727885485
1114,5677212.177136153
1115,5686438.991099536
1116,5685183.501814485
1117,5682359.35112071
1118,5674941.90247497
1119,5676222.117151499
1120,5674579.820159614
1121,5672241.027027607
1122,5675793.97154057
1123,5670307.340309799
1124,5673213.206867099
1125,5671161.723689795
1126,5670982.23785907
1127,5669352.460956186
1128,5669629.116494119
1129,5668710.674949765
1130,5674607.858800828
1131,5669662.821570277
1132,5673884.814748526
1133,5675558.022827566
1134,5668907.0130627155
1135,5668521.057190061
1136,5671864.2491624355
1137,5659651.4850353
1138,5663517.783070028
1139,5661628.4066281915
1140,5655678.567660928
1141,5661337.030641854
1142,5660821.70640856
1143,5657272.390226662
1144,5653672.448842883
1145,5652251.230898142
1146,5659660.824803859
1147,5657275.44067207
1148,5657216.843612492
1149,5648947.247339904
1150,5654038.415765703
1151,5656152.998945832
1152,5653253.972920239
1153,5651771.576993108
1154,5641774.764566958
1155,5643236.886970937
1156,5649246.9945153
1157,5651128.021391153
1158,5647841.276332438
1159,5651779.735657454
1160,5649917.16591537
1161,5647034.514304876
1162,5644001.89337045
1163,5651050.439681202
1164,5640759.387940943
1165,5637769.027016789
1166,5638947.771405578
1167,5644600.177489042
1168,5643920.70891732
1169,5636859.101168394
1170,5633217.657780707
1171,5635644.99967438
1172,5639656.585960448
1173,5645710.809041381
1174,5633244.43218106
1175,5640822.487422764
1176,5630301.719486237
1177,5634459.4696083665
1178,5630890.588228941
1179,5632685.459746897
1180,5624646.046164155
1181,5623771.6481536925
1182,5627621.856797755
1183,5631264.028588533
1184,5634477.607204914
1185,5627764.946030438
1186,5625831.431968629
1187,5635451.607583463
1188,5636556.2486739755
1189,5621898.403616428
1190,5621986.189428091
1191,5617789.148402244
1192,5625473.176823616
1193,5630697.250614256
1194,5614513.895095319
1195,5616556.183044732
1196,5615485.650824398
1197,5613222.032127917
1198,5614196.029618621
1199,5613316.218921363
1200,5615422.98343873
1201,5615270.426653951
1202,5618785.496414483
1203,5607666.074736416
1204,5612189.5517731905
1205,5611771.90958178
1206,5610120.029141128
1207,5605029.327851653
1208,5602876.303847432
1209,5601705.6655294895
1210,5604895.51951766
1211,5610057.215227127
1212,5604978.589172721
1213,5603397.536679149
1214,5597555.179261565
1215,5607914.095557779
1216,5598718.750546336
1217,5602456.36840868
1218,5601047.424034268
1219,5600406.352315813
1220,5599120.664099574
1221,5597021.6217035055
1222,5597692.681766689
1223,5598912.460045129
1224,5592953.274618834
1225,5600117.630174696
1226,5609071.863867223
1227,5599106.9267446995
1228,5593442.13431257
1229,5591992.001786411
1230,5594933.236170769
1231,5589180.392301828
1232,5586388.208448529
1233,5586896.183928251
1234,5583677.661581218
1235,5592420.098013997
1236,5587757.689672053
1237,5588459.173348427
1238,5585328.654267937
1239,5585089.696247637
1240,5587330.461451888
1241,5581610.784461975
1242,5579431.458774865
1243,5578726.313294023
1244,5578564.177611947
1245,5579723.269830793
1246,5591875.088775098
1247,5579533.586575747
1248,5576971.529839188
1249,5578894.828478456
1250,5575096.710025489
1251,5572773.852159113
1252,5575440.635894299
1253,5576801.644390762
1254,5573887.82227236
1255,5610074.384999812
1256,5571829.338519007
1257,5576095.342540979
1258,5570781.126484752
1259,5574002.457001537
1260,5574423.174809158
1261,5576738.798568934
1262,5571612.352875233
1263,5565579.188006282
1264,5565587.4640164375
1265,5565869.129489243
1266,5570469.984834194
1267,5571862.025124669
1268,5566382.284885377
1269,5562645.655923307
1270,5566382.39046824
1271,5575585.799413681
1272,5559121.170423567
1273,5562744.695268691
1274,5559590.888406813
1275,5556219.984404504
1276,5555940.530167758
1277,5559495.42065087
1278,5561516.60750103
1279,5568729.038223267
1280,5554988.645817578
1281,5557538.595908672
1282,5552816.263538957
1283,5552686.059387475
1284,5557608.995470881
1285,5553552.654812396
1286,5558027.433326691
1287,5551511.456438422
1288,5550123.812365234
1289,5563017.036266625
1290,5561580.57502535
1291,5550383.714076877
1292,5546858.786190212
1293,5550450.33665067
1294,5551295.064268589
1295,5552764.82660979
1296,5545925.25427568
1297,5563900.678251386
1298,5543060.778688103
1299,5541997.351772517
1300,5543516.349416196
1301,5551142.756021291
1302,5544863.124071181
1303,5539308.708804578
1304,5538733.121167898
1305,5538340.462638468
1306,5553837.663405776
1307,5538935.885638863
1308,5536422.348301649
1309,5536006.813166678
1310,5538129.784424096
1311,5537492.588592917
1312,5536743.577178389
1313,5534648.036556721
1314,5533144.898603886
1315,5532199.486785531
1316,5539795.08055371
1317,5543387.352441251
1318,5532856.785476625
1319,5534042.209232777
1320,5528738.5733729005
1321,5541343.833760262
1322,5535238.756803155
1323,5526125.9756426215
1324,5533596.518445462
1325,5527608.229283214
1326,5529601.701135516
1327,5527173.01652956
1328,5526647.125035018
1329,5528804.780619383
1330,5526129.5826404095
1331,5525142.941392809
1332,5525972.812735677
1333,5531879.629564345
1334,5521378.363099456
1335,5520453.096367925
1336,5529174.679338455
1337,5521439.345699608
1338,5522791.640986621
1339,5525175.853114158
1340,5519909.024787009
1341,5519597.659393638
1342,5522105.72202155
1343,5513997.989188671
1344,5515789.512487143
1345,5515957.471504748
1346,5514969.675011545
1347,5517086.133676261
1348,5515445.72447747
1349,5511457.316587269
1350,5510679.979749918
1351,5514166.808154941
1352,5517153.45068723
1353,5513670.85840559
1354,5508506.405867517
1355,5506891.577158749
1356,5510831.106087148
1357,5522513.439817131
1358,5511859.137824923
1359,5505998.671297133
1360,5505394.355366528
1361,5517815.225674003
1362,5504453.621100664
1363,5504027.219290972
1364,5503179.167849928
1365,5505418.012491941
1366,5501841.821506947
1367,5501573.250115454
1368,5509345.5245349705
1369,5498834.353971273
1370,5501291.159688383
1371,5503033.759293705
1372,5498024.302613795
1373,5500323.231180966
1374,5503420.481042117
1375,5501209.233473122
1376,5499924.593155682
1377,5495920.624210954
1378,5494935.764080554
1379,5503000.579406232
1380,5497963.219089031
1381,5497518.835714877
1382,5496644.775081992
1383,5502082.365241975
1384,5491590.018510401
1385,5498710.600825161
1386,5492238.197480828
1387,5490774.410145581
1388,5491859.394774407
1389,5489156.9815167785
1390,5489166.2132406235
1391,5494010.647183716
1392,5490548.96077162
1393,5489201.057762563
1394,5494246.769064277
1395,5487006.202015251
1396,5484676.574664116
1397,5486571.628555357
1398,5489815.237215191
1399,5484614.559594184
1400,5489192.337959528
1401,5483231.400141537
1402,5486527.715192437
1403,5485308.557191312
1404,5483122.101691723
1405,5483191.307275444
1406,5480149.979683936
1407,5481765.372024417
1408,5478317.587291658
1409,5482030.666551858
1410,5484353.054549456
1411,5477876.527036369
1412,5481839.507914901
1413,5478022.146181405
1414,5475578.883516729
1415,5488903.331422627
1416,5484216.987176806
1417,5483019.027477264
1418,5473509.15787375
1419,5477244.432597131
1420,5470444.168031514
1421,5480206.762310624
1422,5471785.872640431
1423,5472144.545082778
1424,5469818.543500006
1425,5473648.399129987
1426,5472532.878338128
1427,5472979.49377954
1428,5469940.207723677
1429,5469349.047598898
1430,5465663.647440016
1431,5477833.39825359
1432,5466911.755994618
1433,5473675.00233072
1434,5472770.081905603
1435,5466859.362753749
1436,5465669.525921822
1437,5465700.290709138
1438,5464715.01133731
1439,5460932.293956518
1440,5465124.347106874
1441,5465374.813726664
1442,5465298.704552472
1443,5462824.950108051
1444,5459365.5193115175
1445,5458029.741391897
1446,5460192.666502714
1447,5457508.392737329
1448,5459020.715329826
1449,5457856.939741492
1450,5460516.360539556
1451,5457317.483725488
1452,5467738.4357094765
1453,5458315.547634184
1454,5455226.579874754
1455,5456164.589925587
1456,5458557.405106306
1457,5455277.580081046
1458,5456504.2829838395
1459,5453410.173008323
1460,5450035.68999362
1461,5456196.230204582
1462,5459657.165480882
1463,5449118.830097467
1464,5456396.1832306385
1465,5453404.248735398
1466,5454779.62007761
1467,5461852.378898203
1468,5450255.179201931
1469,5445683.618791044
1470,5447214.704444647
1471,5448400.34247005
1472,5446685.470038533
1473,5445485.350863457
1474,5453261.3872950375
1475,5447937.198701084
1476,5443511.227784872
1477,5444700.474826127
1478,5445437.728074461
1479,5448034.508154303
1480,5442401.021338165
1481,5444619.479952782
1482,5444025.047824115
1483,5447308.110408813
1484,5443839.976160139
1485,5455083.361214042
1486,5447665.098366052
1487,5438682.287037194
1488,5437011.444892406
1489,5444365.381553769
1490,5438947.760849059
1491,5441110.308943272
1492,5437372.950166225
1493,5439324.137000799
1494,5440090.527820528
1495,5438653.38636741
1496,5439282.137799323
1497,5442500.94610095
1498,5434334.137643665
1499,5435037.226300061
1500,5438290.395982206
1501,5430902.739540994
1502,5430354.865811288
1503,5432094.471640468
1504,5432753.604114652
1505,5431449.706512466
1506,5437710.269445926
1507,5429501.548396707
1508,5432070.145825535
1509,5434808.100728273
1510,5428514.743874788
1511,5428888.113398373
1512,5432593.46649915
1513,5428286.009521574
1514,5424077.643225193
1515,5428164.865664542
1516,5430095.535839736
1517,5424886.7063343525
1518,5424247.864551932
1519,5423454.959895372
1520,5427757.651222318
1521,5425087.792311907
1522,5424021.055905312
1523,5423554.32311666
1524,5435408.036598563
1525,5424996.614384592
1526,5424065.924314082
1527,5419445.674066186
1528,5419731.460274518
1529,5424945.144207925
1530,5421012.3928540945
1531,5420271.589906573
1532,5420406.546701431
1533,5424368.085998833
1534,5418378.930419773
1535,5421231.311657965
1536,5417987.78647992
1537,5420753.258280337
1538,5414749.89934805
1539,5420144.489222109
1540,5415428.16292572
1541,5412473.491971493
1542,5415074.559671283
1543,5412026.055437684
1544,5415022.205752909
1545,5413932.771476567
1546,5414914.219885409
1547,5414284.185958445
1548,5412712.44535169
1549,5409429.886821687
1550,5409071.640696257
1551,5408094.164256275
1552,5410580.453243196
1553,5415290.650037944
1554,5410933.600658506
1555,5409565.6536381245
1556,5414141.046693534
1557,5408765.581860691
1558,5405737.68554008
1559,5409437.703524888
1560,5407772.612789959
1561,5411661.2108258605
1562,5403857.436627954
1563,5404002.967348814
1564,5404220.116792858
1565,5410049.823786616
1566,5411871.409342468
1567,5406279.879889727
1568,5400174.444692075
1569,5402532.052445352
1570,5403565.03729111
1571,5400827.754107565
1572,5403573.217404604
1573,5404721.4269272685
1574,5409225.376598299
1575,5403242.919304013
1576,5413369.449774444
1577,5399621.856675208
1578,5404219.893957615
1579,5400001.308838695
1580,5400343.640740454
1581,5397728.613047183
1582,5401960.391310036
1583,5401392.556365728
1584,5397535.231114149
1585,5394139.0096259415
1586,5396307.736829102
1587,5395794.807617128
1588,5394720.112617731
1589,5393853.015278041
1590,5396253.959111154
1591,5396039.355516851
1592,5394848.145764589
1593,5396536.396442741
1594,5402571.500547111
1595,5390377.444443762
1596,5398717.030251682
1597,5391795.097119063
1598,5391880.882542074
1599,5391896.543959796
1600,5397901.357628256
1601,5393824.065615416
1602,5388528.068134755
1603,5392443.417083085
1604,5395698.4541704655
1605,5389187.929763675
1606,5387070.025947779
1607,5386230.942263842
1608,5388766.98728466
1609,5386109.98682934
1610,5385728.581022739
1611,5388313.488513231
1612,5387528.372358471
1613,5385622.044613361
1614,5384788.666814208
1615,5394490.099958807
1616,5384387.13987425
1617,5389677.795305967
1618,5382498.0848918855
1619,5384703.260096222
1620,5382814.421091944
1621,5386911.14054808
1622,5384970.482856452
1623,5378615.188753992
1624,5379892.419529378
1625,5379214.793422788
1626,5382761.351804167
1627,5382144.622022182
1628,5381163.816729039
1629,5383425.779508144
1630,5383205.855728745
1631,5376830.222663641
1632,5376163.301083565
1633,5378707.956021994
1634,5377939.287700295
1635,5376683.344511628
1636,5376249.04456988
1637,5377050.94758606
1638,5376193.150313765
1639,5379052.502178699
1640,5374949.646904886
1641,5375847.683183819
1642,5386081.919447571
1643,5373194.572006285
1644,5373984.096362591
1645,5374567.875236392
1646,5369742.718170047
1647,5370780.187340379
1648,5373597.174499869
1649,5374195.358877063
1650,5372285.673838943
1651,5370409.992762297
1652,5371093.898270041
1653,5367849.116255879
1654,5369952.156786442
1655,5369388.518650293
1656,5366320.936117649
1657,5368971.686500818
1658,5365308.897761136
1659,5367198.1946982145
1660,5368899.6353085935
1661,5366215.113459647
1662,5365341.812342495
1663,5364783.811269045
1664,5366687.114534974
1665,5369465.976817101
1666,5370270.7155153155
1667,5369225.830660075
1668,5362257.966649026
1669,5361687.428912073
1670,5364749.828009248
1671,5368193.592143595
1672,5367983.36082989
1673,5363341.116339207
1674,5359404.077495158
1675,5360319.379629612
1676,5360650.846754849
1677,5360804.7717273235
1678,5358893.893786371
1679,5360349.583783627
1680,5357331.081003249
1681,5358223.8120033145
1682,5364479.640313357
1683,5356233.696233898
1684,5362634.727081388
1685,5357109.781635106
1686,5359837.743671268
1687,5354809.618036926
1688,5358680.004143536
1689,5352827.776657134
1690,5354496.462409198
1691,5360891.2079535425
1692,5354693.791792095
1693,5356815.62250635
1694,5363274.82271111
1695,5357292.969873846
1696,5366237.636410296
1697,5357882.786551684
1698,5352356.261449605
1699,5352169.549615562
1700,5352081.983495384
1701,5351475.442175448
1702,5352188.272413611
1703,5352616.980825514
1704,5349153.80729264
1705,5352210.122409344
1706,5347713.256925285
1707,5348971.336638212
1708,5351024.067155123
1709,5349053.217011064
1710,5349131.459622592
1711,5348229.503442466
1712,5346681.6716097
1713,5352479.595731884
1714,5345255.814909518
1715,5350502.848699361
1716,5349347.229667544
1717,5344684.597578973
1718,5352710.7907473445
1719,5348938.76750356
1720,5350175.499786437
1721,5342858.636126757
1722,5345848.6416576505
1723,5344012.050667554
1724,5343431.333492905
1725,5346557.1021692455
1726,5345652.4997698665
1727,5350111.693570048
1728,5341631.86051327
1729,5344608.27649951
1730,5339349.02599746
1731,5340459.553832948
1732,5339977.7346583605
1733,5341123.638494968
1734,5340734.34502238
1735,5339852.859408855
1736,5346883.488906562
1737,5339564.847476423
1738,5339755.269052297
1739,5337608.578658581
1740,5339122.072783411
1741,5341835.020950526
1742,5335317.949773908
1743,5335576.566816658
1744,5337608.235620439
1745,5335832.953057647
1746,5337689.600861728
1747,5338627.59365949
1748,5333827.488825679
1749,5333376.824205279
1750,5338524.02550894
1751,5332223.993835777
1752,5332341.714336544
1753,5338023.851880014
1754,5331806.316522777
1755,5332503.901155233
1756,5341617.491896838
1757,5332862.509601653
1758,5331068.6361218095
1759,5336405.593292236
1760,5331946.6898599565
1761,5332144.048855424
1762,5331424.39949131
1763,5329235.337488264
1764,5331440.197969168
1765,5330695.624669254
1766,5329867.435346782
1767,5328742.9335003495
1768,5330401.236058056
1769,5328300.991606563
1770,5330458.605239987
1771,5327813.141620606
1772,5330069.4811480045
1773,5328283.802591503
1774,5327253.894730389
1775,5325674.1456846
1776,5326373.595997006
1777,5328360.358165503
1778,5335356.87469089
1779,5324531.050181866
1780,5326722.058556169
1781,5327207.039458036
1782,5326390.526605666
1783,5325119.634770513
1784,5322894.949934006
1785,5320969.00073877
1786,5325342.301825821
1787,5325775.719252795
1788,5328611.15710029
1789,5325084.408956915
1790,5330783.096140683
1791,5323534.205857605
1792,5325545.14750427
1793,5320735.556432545
1794,5326131.284217328
1795,5320408.373734951
1796,5321585.595335692
1797,5319159.795732468
1798,5320904.420884699
1799,5319680.490023822
1800,5323282.855025709
1801,5320940.721278906
1802,5318881.347416401
1803,5319768.2664617
1804,5323690.405824691
1805,5318403.003896564
1806,5318254.985184848
1807,5317144.917434663
1808,5320879.464872658
1809,5316769.792041481
1810,5318685.826548934
1811,5315560.727448225
1812,5322981.697070658
1813,5315992.893461406
1814,5318411.080444694
1815,5313438.152258903
1816,5316814.880331218
1817,5313699.914742976
1818,5312794.322227865
1819,5314521.8842897415
1820,5320048.628510833
1821,5315317.875753254
1822,5313680.606311262
1823,5318158.949693143
1824,5314638.931763291
1825,5312414.661853015
1826,5311235.559630215
1827,5312435.836434722
1828,5311187.152687669
1829,5311521.842662692
1830,5318934.984488815
1831,5313842.385686547
1832,5310621.35102731
1833,5310729.499301642
1834,5310281.824381381
1835,5308646.746152818
1836,5307727.010564268
1837,5309843.159493536
1838,5306967.230857611
1839,5310737.844729334
1840,5308672.561170757
1841,5318500.4405530095
1842,5306394.195337862
1843,5304804.899655163
1844,5307294.718945533
1845,5308797.876526713
1846,5305471.602119923
1847,5306357.983590394
1848,5309691.062035203
1849,5306686.054898202
1850,5306113.170115799
1851,5304735.918544114
1852,5305750.601834297
1853,5302012.045699388
1854,5303137.381247163
1855,5308733.542370498
1856,5310504.862374276
1857,5304521.901124895
1858,5307783.521815956
1859,5301524.242536426
1860,5299842.77672863
1861,5302966.8179124
1862,5301967.953029633
1863,5303523.501140118
1864,5299166.744936138
1865,5301953.727941275
1866,5299161.998548001
1867,5298554.888302058
1868,5302988.764555156
1869,5298739.145110339
1870,5303437.763346851
1871,5302761.249157846
1872,5302401.9376139045
1873,5300202.272235274
1874,5301822.107052356
1875,5295867.510594666
1876,5300127.592755109
1877,5299043.691142112
1878,5297823.982715219
1879,5295364.63929683
1880,5295768.314869821
1881,5297267.943333179
1882,5296347.62243098
1883,5298564.495316029
1884,5295744.117464364
1885,5297470.8213967085
1886,5295957.798464119
1887,5295174.261570066
1888,5300404.458533317
1889,5294593.270011961
1890,5297868.891932279
1891,5292857.506881356
1892,5296682.4452956915
1893,5295709.112940431
1894,5294219.910542399
1895,5294546.563069105
1896,5291190.001109093
1897,5291749.313503504
1898,5292194.458810329
1899,5289772.281431109
1900,5290198.329133481
1901,5293667.449542969
1902,5290869.424303979
1903,5289532.0551562905
1904,5289470.915667385
1905,5288498.299727827
1906,5292399.534967095
1907,5295685.04451704
1908,5292050.776879072
1909,5287712.001207888
1910,5288067.77565068
1911,5288493.464669257
1912,5288859.0207517445
1913,5290293.886142671
1914,5287566.916611105
1915,5286170.642430425
1916,5296465.884620339
1917,5288727.794424802
1918,5289839.384449065
1919,5287188.644353569
1920,5284062.351272583
1921,5290699.900926113
1922,5287663.596370816
1923,5285334.9281283915
1924,5291113.0916624665
1925,5287060.838383824
1926,5284298.682551175
1927,5283636.7066581845
1928,5291020.010611534
1929,5283439.545095861
1930,5282234.530331582
1931,5283517.538605124
1932,5285134.81200099
1933,5285430.340932161
1934,5281388.839891046
1935,5282704.1953161955
1936,5286985.8492176235
1937,5282614.249078661
1938,5280170.552241325
1939,5279816.107628405
1940,5279109.965014011
1941,5280411.14456442
1942,5283545.300274521
1943,5281466.210298449
1944,5281810.44293353
1945,5277944.779001296
1946,5278696.786125243
1947,5278871.185184956
1948,5281861.506845593
1949,5278328.0707862675
1950,5276751.790584683
1951,5278086.903437138
1952,5279162.004489303
1953,5276176.437124938
1954,5276204.531059444
1955,5280167.495519906
1956,5283783.626424253
1957,5276603.370922059
1958,5273390.313151866
1959,5274985.72161302
1960,5277076.231355786
1961,5274232.51648587
1962,5273572.3933746815
1963,5273219.695461035
1964,5276782.004042029
1965,5279487.683617055
1966,5272729.091115832
1967,5272958.186126441
1968,5271731.223866761
1969,5274484.226615697
1970,5279931.714641273
1971,5280241.965045571
1972,5275237.84857285
1973,5272223.417936802
1974,5270664.892919421
1975,5270296.71636188
1976,5274403.509095073
1977,5271342.839517593
1978,5273173.746270359
1979,5273767.917449802
1980,5270568.108740717
1981,5271929.1723563075
1982,5271213.888530672
1983,5276418.568719417
1984,5272266.494204283
1985,5268394.3942191005
1986,5271404.910508394
1987,5269463.619916201
1988,5271192.090885133
1989,5268213.037294596
1990,5267475.731399626
1991,5268192.790895671
1992,5267165.219265521
1993,5268143.694882393
1994,5266608.526264697
1995,5271056.648217648
1996,5268759.477450401
1997,5267451.242438495
1998,5266034.810103804
1999,5267324.327973753
2000,5269412.400388747
2001,5272763.152170956
2002,5265122.292736381
2003,5267764.544043273
2004,5263887.72912997
2005,5264113.290101379
2006,5263456.675849915
2007,5263485.713357478
2008,5266174.382072568
2009,5267063.575837135
2010,5269675.224307001
2011,5262024.33919245
2012,5266864.617295384
2013,5263688.291339099
2014,5262192.160774767
2015,5264615.158298045
2016,5260261.0513038635
2017,5260878.003374457
2018,5265338.144975841
2019,5265513.070345283
2020,5261806.417208254
2021,5261975.405999839
2022,5267162.579215348
2023,5263616.000473261
2024,5260882.150428027
2025,5259290.080589443
2026,5261333.142069548
2027,5265364.154136449
2028,5261083.906974614
2029,5259235.666655749
2030,5264059.991290569
2031,5257288.544359565
2032,5260487.909138203
2033,5264175.615140736
2034,5259355.118930638
2035,5257586.664137989
2036,5256797.051783681
2037,5258191.012857109
2038,5256370.8853266835
2039,5256612.8613349795
2040,5258272.361855388
2041,5256774.166454196
2042,5257345.085106373
2043,5256008.762289643
2044,5255481.752024472
2045,5263283.492639065
2046,5256381.14121902
2047,5266522.225152254
2048,5254195.124426544
2049,5255699.707887799
2050,5255529.488615811
2051,5257763.239887744
2052,5255508.032878637
2053,5253430.988996267
2054,5257010.338293612
2055,5254739.8694399595
2056,5252725.13172847
2057,5252205.315365493
2058,5253291.038782835
2059,5255742.342089355
2060,5254661.41588515
2061,5262085.561442435
2062,5253431.876575112
2063,5256027.45243454
2064,5252844.484124213
2065,5252161.208441734
2066,5259926.059345216
2067,5253187.898938954
2068,5256427.439754844
2069,5254038.414924443
2070,5250822.943915904
2071,5251317.4802521765
2072,5250376.800324529
2073,5249548.091463029
2074,5249530.658967793
2075,5253005.54921031
2076,5249394.451683998
2077,5248511.470096409
2078,5247485.411055326
2079,5250369.6327726245
2080,5249991.5098926425
2081,5247663.043665171
2082,5251351.100446761
2083,5250032.003333151
2084,5252054.896511674
2085,5255058.7145168185
2086,5247605.044703603
2087,5249070.377572566
2088,5247819.932834625
2089,5246825.853047073
2090,5256976.335559696
2091,5245331.18683815
2092,5245268.731984019
2093,5248038.937963307
2094,5250200.484275818
2095,5248744.434930444
2096,5250896.792751998
2097,5245695.452040315
2098,5244457.831879079
2099,5244132.190888524
2100,5246358.936808139
2101,5242188.099449158
2102,5245560.490095526
2103,5244972.739929944
2104,5243164.427072972
2105,5246865.312674701
2106,5242131.471891135
2107,5242122.870165229
2108,5241480.039420843
2109,5248842.805881321
2110,5243763.826350868
2111,5242751.450444043
2112,5243499.44290936
2113,5242315.962500721
2114,5239999.685635895
2115,5242169.932350755
2116,5241774.178491831
2117,5241105.733759761
2118,5242258.555310249
2119,5245869.35060066
2120,5246466.000205338
2121,5239892.553249538
2122,5239741.647055268
2123,5238765.384570688
2124,5238744.91819185
2125,5241864.49241212
2126,5239766.209059745
2127,5237792.067887545
2128,5237705.073618352
2129,5244780.783977628
2130,5240184.646431446
2131,5239570.348629206
2132,5238580.195708096
2133,5238513.518006265
2134,5240037.042659104
2135,5237143.501450717
2136,5236118.031021625
2137,5235365.9137248695
2138,5236149.239577949
2139,5240104.546489835
2140,5238264.682615995
2141,5234668.917409092
2142,5234776.426843613
2143,5237834.743905395
2144,5234928.66330412
2145,5235046.072704732
2146,5239128.664332271
2147,5240634.328948438
2148,5243128.1559458375
2149,5237140.004896402
2150,5239165.6187544465
2151,5233750.329416573
2152,5233657.711275995
2153,5241746.746245444
2154,5238862.618325949
2155,5234993.15723604
2156,5232231.378295332
2157,5233223.9916186035
2158,5233877.935518414
2159,5232444.716376066
2160,5231537.437878072
2161,5231323.026420027
2162,5232683.062626123
2163,5234810.240003854
2164,5231366.670309782
2165,5235539.803465575
2166,5233068.670715094
2167,5230573.430683434
2168,5232180.728617668
2169,5230631.4758237
2170,5230780.37314868
2171,5230976.673831105
2172,5234640.110677689
2173,5230918.5603046715
2174,5233320.496399194
2175,5230531.085076839
2176,5232039.966763496
2177,5233687.737636596
2178,5229236.160730422
2179,5229953.203489304
2180,5228085.494761288
2181,5227673.945566505
2182,5228410.140755832
2183,5230172.161426514
2184,5228177.274209917
2185,5232598.234839767
2186,5227407.204737723
2187,5227529.225046456
2188,5226852.832670182
2189,5228745.999722362
2190,5226272.914066315
2191,5229975.867963731
2192,5225042.41966483
2193,5229424.5006299615
2194,5227903.65240556
2195,5226905.63746506
2196,5225083.194116354
2197,5226340.892460257
2198,5226062.190311462
2199,5228801.364976466
2200,5224616.333357096
2201,5227060.19158572
2202,5224142.271920323
2203,5223864.120059192
2204,5226019.142236173
2205,5223672.934747577
2206,5223987.148875833
2207,5225637.422270656
2208,5233473.792780697
2209,5223660.226252556
2210,5225968.04876256
2211,5228154.150511146
2212,5223319.1876164675
2213,5222566.378015041
2214,5222398.1516157985
2215,5224276.363547623
2216,5225681.71818459
2217,5223367.319177985
2218,5225318.593665659
2219,5220524.289165646
2220,5225812.585995555
2221,5223190.038684547
2222,5221910.869038045
2223,5223591.987838507
2224,5222815.223025322
2225,5220933.427274823
2226,5225050.8096037805
2227,5222657.309347063
2228,5222171.464796513
2229,5220155.422186762
2230,5218687.996789992
2231,5220250.22134611
2232,5222108.923386067
2233,5225641.996538997
2234,5218212.5225075185
2235,5220234.726460159
2236,5219577.133994907
2237,5222453.538167417
2238,5219475.678107381
2239,5219725.652218819
2240,5218243.837167263
2241,5218115.390336275
2242,5217707.400330275
2243,5217842.264768183
2244,5217460.175114989
2245,5216809.632990181
2246,5221860.530588895
2247,5217400.704118371
2248,5218306.657264799
2249,5217641.597740889
2250,5217382.706435651
2251,5218170.832857013
2252,5215829.440310121
2253,5216568.701895654
2254,5219458.031119347
2255,5215301.645133913
2256,5215856.196645856
2257,5215046.708441287
2258,5214387.336268842
2259,5221104.109380722
2260,5214323.6383113265
2261,5214892.460084677
2262,5219075.979143858
2263,5215369.743730187
2264,5215176.577834249
2265,5214320.896948367
2266,5215601.481467187
2267,5216355.076668441
2268,5212605.244836926
2269,5215773.556951672
2270,5214898.361263216
2271,5213034.177619964
2272,5214901.469468713
2273,5211993.4211244285
2274,5213500.687686205
2275,5216415.9204111695
2276,5211827.887054741
2277,5213877.205665767
2278,5216388.300745249
2279,5211907.886122167
2280,5212671.589784414
2281,5213809.56161809
2282,5210493.285369635
2283,5219619.707204282
2284,5215931.767382562
2285,5212190.956968665
2286,5212680.070865095
2287,5212917.463662744
2288,5210618.87749213
2289,5211471.032559454
2290,5211867.973959595
2291,5212750.4362338185
2292,5208668.228315353
2293,5213167.502880394
2294,5212278.56683436
2295,5210499.467825353
2296,5212164.321060747
2297,5213159.607773632
2298,5208578.334279239
2299,5210230.960611075
2300,5210007.642552286
2301,5212029.56729418
2302,5211045.558113039
2303,5207123.62942189
2304,5210571.908526063
2305,5212479.956428289
2306,5209419.295362771
2307,5208939.150597572
2308,5206704.2102867365
2309,5207043.4079396725
2310,5207467.403447032
2311,5207414.454163909
2312,5206695.51391536
2313,5207339.790823042
2314,5208642.478932321
2315,5206832.5553023815
2316,5205700.492934644
2317,5208337.567938387
2318,5206201.500143468
2319,5205182.81984514
2320,5205372.431665957
2321,5204338.644890904
2322,5206520.300714701
2323,5206850.92522639
2324,5205170.123345554
2325,5206305.578714937
2326,5206583.989632547
2327,5207470.998460829
2328,5203760.013536185
2329,5202883.359212339
2330,5203715.242842287
2331,5205059.9321606755
2332,5203619.515346348
2333,5206237.136417806
2334,5202184.08013165
2335,5203845.206363469
2336,5204713.212916493
2337,5202508.637573302
2338,5208141.957745492
2339,5203463.7970789075
2340,5203604.042528808
2341,5203622.759925216
2342,5204460.286023647
2343,5206533.79676944
2344,5200509.978009582
2345,5201699.607924014
2346,5203341.479491353
2347,5201160.034575582
2348,5200016.503804147
2349,5200684.1163003445
2350,5200416.485762954
2351,5203117.172831297
2352,5199547.273670375
2353,5200287.991178453
2354,5201315.494243264
2355,5203214.001613259
2356,5198109.45503062
2357,5200278.703658342
2358,5203002.350012481
2359,5201767.454374313
2360,5199634.92618826
2361,5202825.095781177
2362,5201281.33397603
2363,5204390.009804338
2364,5203973.699752629
2365,5199334.775120497
2366,5198529.577328742
2367,5199175.73775512
2368,5199884.400549144
2369,5196995.8036277
2370,5201684.947233558
2371,5200257.624874204
2372,5198883.6520012915
2373,5202506.909350812
2374,5198617.1000160575
2375,5199027.036084771
2376,5200886.193090826
2377,5199386.854464591
2378,5200335.722996682
2379,5196679.786359876
2380,5195927.511887789
2381,5197186.259777188
2382,5199015.008272111
2383,5197111.197934657
2384,5196160.810194135
2385,5209766.05660975
2386,5194929.844585776
2387,5194281.280559063
2388,5195894.756447583
2389,5195408.493156493
2390,5196564.101221085
2391,5194733.420254648
2392,5194209.293051243
2393,5193373.950504363
2394,5196646.530530512
2395,5193970.586748421
2396,5196348.462514639
2397,5198853.701723874
2398,5194307.34963122
2399,5192117.551259577
2400,5198353.560945511
2401,5195499.380936265
2402,5194464.507880092
2403,5192456.851094484
2404,5193584.274485946
2405,5196594.092648268
2406,5191992.500552833
2407,5193389.130000889
2408,5192652.7524423
2409,5196896.817162156
2410,5194468.006575018
2411,5191373.923294187
2412,5195670.378254801
2413,5194989.3980382085
2414,5193241.7691504955
2415,5192376.139901698
2416,5193445.345100373
2417,5191573.66444239
2418,5192524.629829079
2419,5189860.130849838
2420,5192653.433992207
2421,5191357.280027747
2422,5190558.670256883
2423,5189875.784240961
2424,5192252.651056528
2425,5191454.20723623
2426,5190690.410197318
2427,5191173.836750627
2428,5190569.556183994
2429,5190212.720208108
2430,5188820.690266788
2431,5196718.860830903
2432,5190969.016098022
2433,5192985.503685832
2434,5190959.484876871
2435,5191594.948513389
2436,5193377.199074507
2437,5189178.722353607
2438,5190144.0018647015
2439,5190145.495806038
2440,5189677.501094401
2441,5190008.310621202
2442,5189420.806221575
2443,5187796.932074249
2444,5191192.985109985
2445,5187977.181671262
2446,5191068.613235474
2447,5189578.055695742
2448,5191407.144074529
2449,5187118.966048956
2450,5189176.60754028
2451,5190442.535667121
2452,5186250.970967233
2453,5186744.482730925
2454,5185267.086283743
2455,5187265.1161978245
2456,5186248.704808325
2457,5185800.807352841
2458,5186630.891302347
2459,5187070.718670845
2460,5189483.389855742
2461,5187170.454069197
2462,5185033.924204916
2463,5186004.070034564
2464,5184867.2811947465
2465,5185536.504446983
2466,5185322.700986147
2467,5185925.920543373
2468,5186134.533131301
2469,5187838.834023416
2470,5185403.458867013
2471,5188519.415791154
2472,5189595.666798055
2473,5187003.107240081
2474,5186281.442803085
2475,5185925.2434539795
2476,5184097.709988475
2477,5183954.897739887
2478,5184110.012069225
2479,5183794.289082527
2480,5183204.838036776
2481,5189638.798826903
2482,5184559.777792186
2483,5184034.892629921
2484,5181498.605721474
2485,5181456.161476344
2486,5181565.774325192
2487,5184499.16435492
2488,5186127.9805755615
2489,5184162.472941518
2490,5182096.427119136
2491,5180996.00378263
2492,5182675.159181356
2493,5180422.094007492
2494,5181874.841353059
2495,5180653.989327848
2496,5180882.380162418
2497,5182582.142131448
2498,5179944.694133699
2499,5182691.652011514
2500,5179948.543506205
2501,5179769.341802776
2502,5180429.8211324215
2503,5181687.128983736
2504,5180470.964527607
2505,5179442.096360743
2506,5179019.0512830615
2507,5180123.310880393
2508,5180756.4714740515
2509,5185566.837449253
2510,5178529.006620944
2511,5178469.491745651
2512,5178585.765181899
2513,5182247.575213194
2514,5181092.168273747
2515,5181291.445213258
2516,5178823.803617746
2517,5177226.027123153
2518,5177134.674289405
2519,5176767.345537007
2520,5176848.895375788
2521,5181592.746832788
2522,5176723.176889956
2523,5177411.4672269225
2524,5177157.353042275
2525,5179131.614069462
2526,5176889.340528369
2527,5178798.560279071
2528,5178333.310166836
2529,5176104.810907364
2530,5177205.220199645
2531,5175426.183793634
2532,5176902.947053373
2533,5177179.846409738
2534,5175678.169216692
2535,5180768.819439113
2536,5177628.364167035
2537,5178787.82588163
2538,5179509.634719431
2539,5178003.257329583
2540,5175822.887887508
2541,5176052.224181294
2542,5174834.159972191
2543,5175987.722133219
2544,5175607.33254385
2545,5176932.49920851
2546,5176515.410795271
2547,5175128.28373456
2548,5178537.061892927
2549,5176973.533831894
2550,5175097.792581409
2551,5175188.079566896
2552,5174833.415499628
2553,5179050.374339402
2554,5176251.719152331
2555,5173354.206381798
2556,5173446.290233135
2557,5174074.593606114
2558,5172844.807479024
2559,5176384.322886467
2560,5172737.878048837
2561,5172182.58681643
2562,5177737.279264033
2563,5176650.535086572
2564,5175686.554839432
2565,5172895.550528824
2566,5172112.473184705
2567,5173510.568482488
2568,5174484.773736477
2569,5174648.330271453
2570,5172389.379724562
2571,5171841.487257302
2572,5173052.907058686
2573,5172389.903349996
2574,5171294.915619969
2575,5171616.107308328
2576,5170226.966048777
2577,5171704.326056004
2578,5171765.620225698
2579,5172850.102935135
2580,5172295.048955977
2581,5170546.5730111
2582,5169648.661359847
2583,5174983.476260036
2584,5170218.549721479
2585,5170468.9236111045
2586,5170965.751004279
2587,5170947.670096844
2588,5171062.782778978
2589,5171994.67221719
2590,5170042.642431915
2591,5170778.728399932
2592,5174692.03221035
2593,5170906.129008174
2594,5173793.047215283
2595,5169183.587016523
2596,5169798.590576708
2597,5168652.345048785
2598,5169223.8677046895
2599,5172963.90916568
2600,5170855.517599344
2601,5169979.521952808
2602,5168210.741307706
2603,5167441.515595853
2604,5169261.292460918
2605,5169319.412182242
2606,5166501.147473216
2607,5168448.416981041
2608,5168135.853491306
2609,5166389.047802508
2610,5167148.2941223085
2611,5169654.398709655
2612,5167638.301039994
2613,5167519.882139862
2614,5166209.4069004655
2615,5169442.2952593565
2616,5172466.396992028
2617,5167047.947162449
2618,5167727.40806973
2619,5166086.851436257
2620,5166153.071087658
2621,5165089.299489081
2622,5164886.014760792
2623,5168852.565359205
2624,5170769.459320307
2625,5166405.811781704
2626,5167241.109610379
2627,5165324.742372453
2628,5166018.377496362
2629,5165363.742744356
2630,5165821.339171171
2631,5164558.337962985
2632,5167001.273361862
2633,5165719.840142012
2634,5166288.14999032
2635,5164639.707589567
2636,5163859.7656953335
2637,5165771.451486051
2638,5168305.697152078
2639,5166245.483573407
2640,5164383.280265093
2641,5163106.817363083
2642,5165890.145673096
2643,5164253.932035863
2644,5162920.742500603
2645,5166045.433284581
2646,5165165.230789721
2647,5162632.013420612
2648,5162740.048786879
2649,5163705.2880833745
2650,5162102.187703788
2651,5163742.380324721
2652,5164383.797018975
2653,5166661.016417205
2654,5161895.296121836
2655,5166850.543163419
2656,5168340.137934208
2657,5162371.747220516
2658,5163086.943798423
2659,5164600.0035787225
2660,5162781.086856604
2661,5163325.749935746
2662,5164379.782020956
2663,5163934.6743294
2664,5163826.644756913
2665,5162176.661275744
2666,5163780.642588913
2667,5163841.604969084
2668,5162505.92121768
2669,5165542.826253921
2670,5164937.0462327
2671,5160410.537595093
2672,5161871.562238544
2673,5160688.5531669855
2674,5159935.387142241
2675,5161029.325717419
2676,5160813.38026458
2677,5162587.5162477195
2678,5165385.273531258
2679,5162077.199005663
2680,5162987.653765738
2681,5161878.295370519
2682,5159179.074817538
2683,5161013.126556039
2684,5163923.683063865
2685,5160719.211413562
2686,5159932.074174523
2687,5159179.5250585675
2688,5160085.918911606
2689,5160790.251103967
2690,5158674.814209461
2691,5160722.285417467
2692,5159805.419184566
2693,5159895.66164273
2694,5163867.673976004
2695,5158352.938923001
2696,5158336.190077841
2697,5157486.554284692
2698,5157351.299356043
2699,5161329.963943303
2700,5159305.204632163
2701,5158013.5147694945
2702,5157165.782766819
2703,5160619.654819608
2704,5158118.972194254
2705,5157165.727909952
2706,5157482.261110306
2707,5157391.977505177
2708,5157023.844219863
2709,5157328.197159171
2710,5156244.713919342
2711,5157141.221840084
2712,5157389.083673656
2713,5155979.608312011
2714,5157935.3738949895
2715,5157153.001401603
2716,5155486.8914063275
2717,5158090.939976573
2718,5156527.226999879
2719,5157036.4129439
2720,5157278.979978502
2721,5156058.215752363
2722,5158420.5056445
2723,5156242.574873447
2724,5157065.708928168
2725,5155535.174793005
2726,5154587.094051838
2727,5156728.840540767
2728,5156843.066631973
2729,5154475.109990567
2730,5157328.17787534
2731,5155490.995050013
2732,5158442.955080986
2733,5155407.251366675
2734,5155718.565191507
2735,5156113.502489388
2736,5162402.7965762615
2737,5158465.811535925
2738,5155695.590231955
2739,5155162.399217904
2740,5156389.105295837
2741,5154538.8155863285
2742,5156464.937856019
2743,5153570.0955396
2744,5153716.866430819
2745,5153839.384239674
2746,5155808.538734376
2747,5155301.314067006
2748,5157439.881548762
2749,5154364.974109352
2750,5153943.424278736
2751,5152561.565440536
2752,5155409.006110191
2753,5154002.458871543
2754,5153651.01449129
2755,5153772.078257322
2756,5153154.434832156
2757,5151489.530970931
2758,5153196.4597506225
2759,5152518.937476575
2760,5153619.318036795
2761,5159815.073833555
2762,5153189.9512886405
2763,5152691.659779221
2764,5151933.346920252
2765,5151631.693818808
2766,5152976.584550023
2767,5153072.830678701
2768,5152495.393629193
2769,5151053.235094696
2770,5153614.325287044
2771,5151885.946092367
2772,5151724.053237736
2773,5154255.473104417
2774,5151157.367595434
2775,5150131.816898465
2776,5153056.146151066
2777,5151117.0919235945
2778,5152357.369774938
2779,5151985.8892992735
2780,5153693.732068539
2781,5149797.224624634
2782,5150009.0503976345
2783,5153850.428333163
2784,5150371.872895122
2785,5149476.97843802
2786,5152131.279327154
2787,5154045.979895115
2788,5149944.507713586
2789,5149636.975197256
2790,5153903.025923431
2791,5149778.63646704
2792,5147846.181477249
2793,5150994.3074012995
2794,5150176.50411737
2795,5150118.513619721
2796,5148083.512424111
2797,5150019.020874113
2798,5148945.066127539
2799,5148213.888499498
2800,5153362.530231953
2801,5150148.389754534
2802,5148340.247968197
2803,5149467.541750252
2804,5146719.527516663
2805,5154833.407564521
2806,5147597.217925131
2807,5149848.261467397
2808,5148471.501621723
2809,5149693.458972454
2810,5147930.210178077
2811,5149099.460879803
2812,5149540.931042314
2813,5147444.898642898
2814,5148636.166769087
2815,5147442.334218919
2816,5146941.228608966
2817,5149707.800295174
2818,5146603.632720053
2819,5150671.627797484
2820,5146543.130815625
2821,5147125.683442473
2822,5147312.964087129
2823,5148088.904353917
2824,5151421.802917957
2825,5146379.490907311
2826,5146500.668397665
2827,5146991.857363343
2828,5146826.780521095
2829,5146908.632517874
2830,5145101.524560273
2831,5146521.630267441
2832,5148809.180749536
2833,5148505.653316498
2834,5147170.999594152
2835,5144851.554120481
2836,5146290.729475796
2837,5144142.79821974
2838,5144403.173861206
2839,5145099.051276803
2840,5144299.421635985
2841,5145349.816018164
2842,5148603.1945543885
2843,5148369.526396394
2844,5143982.753574729
2845,5148515.381859064
2846,5150148.665237308
2847,5144619.80610913
2848,5144038.247156262
2849,5149100.306146681
2850,5146063.671459138
2851,5144661.857615948
2852,5143869.644669533
2853,5145751.290533423
2854,5146545.990351051
2855,5151739.459499836
2856,5147107.809245408
2857,5142736.6162573695
2858,5146934.762843907
2859,5142755.548953652
2860,5143190.178753734
2861,5147500.557078898
2862,5145524.425368816
2863,5142831.280655682
2864,5143457.9884803295
2865,5142241.340089142
2866,5142527.905297995
2867,5141591.418478966
2868,5146645.315317094
2869,5142616.296936572
2870,5142744.2634084225
2871,5144294.208412081
2872,5143771.0797562
2873,5142521.502550781
2874,5143747.958463073
2875,5144214.997767746
2876,5146637.570494711
2877,5144783.108398259
2878,5145028.522530258
2879,5142692.348509073
2880,5140995.733694613
2881,5144190.335092962
2882,5141676.994108558
2883,5141236.283472598
2884,5141864.738786668
2885,5140596.192877412
2886,5143550.544302046
2887,5144454.79772681
2888,5142178.853265762
2889,5144953.14138186
2890,5142314.644456148
2891,5141997.040530682
2892,5141896.560712695
2893,5142080.085093617
2894,5139628.643145323
2895,5140762.815589964
2896,5141191.731979668
2897,5143683.481523275
2898,5140288.602563202
2899,5139730.301602304
2900,5140456.558084309
2901,5140128.8161709905
2902,5140296.327219933
2903,5142609.469518721
2904,5147823.263596237
2905,5140085.920358658
2906,5139182.273072362
2907,5144044.257520556
2908,5141151.675462961
2909,5140613.680798918
2910,5140878.849540353
2911,5138299.619388998
2912,5140211.231605351
2913,5138712.538287818
2914,5139385.765406668
2915,5138080.748828232
2916,5141663.14563489
2917,5137663.324611187
2918,5139253.337008953
2919,5138666.8184354305
2920,5141648.881999433
2921,5139350.662089169
2922,5138083.24437362
2923,5137406.219881713
2924,5137625.448663592
2925,5138471.076709032
2926,5137046.328474402
2927,5137865.09661755
2928,5142957.02715835
2929,5137206.858415842
2930,5138750.719331682
2931,5137468.870034456
2932,5139952.436087251
2933,5136842.188414693
2934,5136788.1494935155
2935,5143599.679683745
2936,5136219.454845369
2937,5139493.256574631
2938,5136170.447058439
2939,5136320.746093988
2940,5136098.278732538
2941,5141316.585000992
2942,5137481.862675071
2943,5138956.287462473
2944,5135869.780073822
2945,5135785.783471465
2946,5136874.403919756
2947,5135758.582483768
2948,5137419.428242147
2949,5135071.477533877
2950,5137432.25669238
2951,5137109.052605927
2952,5137531.167665422
2953,5135931.539836824
2954,5135555.286780119
2955,5137117.163439572
2956,5135586.5421792865
2957,5135513.239999652
2958,5137082.384596109
2959,5134787.822017789
2960,5134486.033638597
2961,5137266.977641404
2962,5139048.603051484
2963,5137177.679616362
2964,5135549.527577817
2965,5134292.876865387
2966,5133959.028653443
2967,5136142.850295901
2968,5138207.534692764
2969,5135206.058780134
2970,5133348.550647736
2971,5133785.845075488
2972,5135972.63415724
2973,5135276.274564207
2974,5135008.070119083
2975,5135915.928933084
2976,5136168.957723379
2977,5134550.1682239175
2978,5135431.234546125
2979,5136226.4340645075
2980,5133526.967556477
2981,5133729.5960332155
2982,5134999.320559621
2983,5133627.834627807
2984,5139005.800580621
2985,5133228.607252806
2986,5137131.399509639
2987,5132667.484187126
2988,5132017.714677334
2989,5139535.606438637
2990,5132768.270783424
2991,5134459.499691457
2992,5132748.37546438
2993,5135956.400666177
2994,5133335.241998911
2995,5134042.702359498
2996,5131383.2239794135
2997,5133342.932526886
2998,5132557.863229513
2999,5133761.337477386
3000,5131695.394406974
3001,5132722.223241717
3002,5130880.64487499
3003,5131783.236756504
3004,5131485.033211827
3005,5131307.836728424
3006,5131028.890450716
3007,5134779.357359946
3008,5134725.126196444
3009,5137386.627070725
3010,5136039.798056662
3011,5133631.760004938
3012,5131216.33702445
3013,5133240.982995391
3014,5131022.164032936
3015,5132485.511111617
3016,5134681.29698807
3017,5131137.215954065
3018,5132139.665750861
3019,5131882.045486569
3020,5131481.991052419
3021,5132297.7248494625
3022,5130273.380682766
3023,5130323.940715849
3024,5129456.692661166
3025,5129234.840826809
3026,5130471.901979327
3027,5130149.143690437
3028,5129810.372888029
3029,5129483.610685408
3030,5133577.01867044
3031,5130692.068117738
3032,5130046.033969998
3033,5129746.521010816
3034,5129557.497355521
3035,5128708.630782247
3036,5129103.782369256
3037,5130618.616089106
3038,5129168.25384438
3039,5131427.8193567395
3040,5129353.078857183
3041,5129582.081667364
3042,5129933.715947151
3043,5131131.780053109
3044,5129375.369707465
3045,5131402.245185971
3046,5132113.478081107
3047,5128347.278134286
3048,5129138.63600558
3049,5128195.134113967
3050,5128758.853750825
3051,5128432.936285317
3052,5127897.8946172595
3053,5128154.917794764
3054,5129939.313930154
3055,5127229.68364346
3056,5128536.140847921
3057,5127362.001211405
3058,5128270.218776643
3059,5127332.3522673845
3060,5128827.794187963
3061,5127449.7166341245
3062,5126920.07451117
3063,5131440.076600641
3064,5129854.887780428
3065,5127686.626742065
3066,5127644.885576993
3067,5127943.467951745
3068,5127264.275048137
3069,5127402.965867519
3070,5127441.331748247
3071,5126346.454154223
3072,5128464.511439085
3073,5128114.694919705
3074,5129592.738742471
3075,5126743.443805873
3076,5127615.161134243
3077,5127876.362476289
3078,5128279.997616351
3079,5126713.46470046
3080,5126191.029726744
3081,5125653.685823917
3082,5126156.299851656
3083,5125412.033447593
3084,5128632.093297899
3085,5125299.862936735
3086,5127722.75954172
3087,5125742.035607517
3088,5126158.902698398
3089,5125988.014135301
3090,5127684.393564582
3091,5125414.247821391
3092,5124951.561573088
3093,5126227.047881007
3094,5125479.168031216
3095,5128316.175619364
3096,5127278.824234992
3097,5125752.412852824
3098,5127251.284748614
3099,5126365.71219039
3100,5126023.85961777
3101,5126907.0541853905
3102,5126489.959680676
3103,5124323.600309312
3104,5126010.063901365
3105,5124318.234696746
3106,5128421.847301781
3107,5123385.574636579
3108,5125698.247559249
3109,5123442.292272836
3110,5124427.134163886
3111,5127224.448659182
3112,5127077.14264375
3113,5126366.207251847
3114,5123007.374113619
3115,5124180.03861469
3116,5123863.072005093
3117,5125729.457172394
3118,5124243.505454451
3119,5123436.336659014
3120,5122995.940133214
3121,5124530.016989291
3122,5128763.142222822
3123,5123563.8674786985
3124,5123406.823759139
3125,5124058.266591668
3126,5123927.958578706
3127,5124416.807597041
3128,5123524.872311413
3129,5125503.387063861
3130,5122350.240744412
3131,5123796.012064636
3132,5124914.50413233
3133,5122528.468003958
3134,5123017.863956511
3135,5121735.57630229
3136,5125273.285374939
3137,5123991.296592414
3138,5123952.416970968
3139,5122895.818734884
3140,5122721.769947022
3141,5121498.12618807
3142,5121406.13561058
3143,5121998.981284261
3144,5121566.593358338
3145,5121385.673407912
3146,5121489.4593523145
3147,5125873.526973993
3148,5122325.233651817
3149,5121600.815208316
3150,5120765.03729558
3151,5123448.212015152
3152,5123660.954527229
3153,5120783.100897372
3154,5123541.378650129
3155,5121502.16862756
3156,5121843.273272991
3157,5125765.038178742
3158,5122699.83734718
3159,5120054.307180285
3160,5120635.876866698
3161,5120600.125584304
3162,5123585.601874292
3163,5121032.527204394
3164,5124016.3449341655
3165,5120792.020045102
3166,5120780.270887136
3167,5120677.681044161
3168,5125310.48701027
3169,5120995.44593662
3170,5122392.04534483
3171,5123760.103571415
3172,5120005.747536182
3173,5120168.608985126
3174,5122818.382112682
3175,5119100.337113559
3176,5125053.629695058
3177,5119898.528608382
3178,5119870.478831232
3179,5121004.089779913
3180,5120474.610606372
3181,5123702.341264129
3182,5122058.300852418
3183,5119285.764039636
3184,5120616.345859826
3185,5120435.268452227
3186,5120336.374959022
3187,5121527.751124322
3188,5124834.516838431
3189,5118760.95025152
3190,5118899.80832094
3191,5120222.419999719
3192,5121585.946161091
3193,5120000.615013957
3194,5118780.884660661
3195,5121754.8900054395
3196,5119347.115429461
3197,5119270.110258043
3198,5118980.291463375
3199,5118747.706612766
3200,5118989.8502883315
3201,5119300.220674813
3202,5122479.298309743
3203,5117991.247776985
3204,5117968.379187703
3205,5117174.068476021
3206,5119492.036719382
3207,5117795.197638154
3208,5118310.190863103
3209,5119171.677384496
3210,5119707.251889199
3211,5118732.365036428
3212,5117352.7962965965
3213,5121210.431975782
3214,5118520.414068282
3215,5118151.042730898
3216,5117079.948781729
3217,5117691.1399745345
3218,5117535.382376015
3219,5118369.178411156
3220,5117198.801907927
3221,5116719.610643506
3222,5117305.934547663
3223,5117221.822956979
3224,5117870.32848233
3225,5119425.074975282
3226,5117232.763053
3227,5117636.721095294
3228,5121919.205946088
3229,5117096.249562681
3230,5116737.605942965
3231,5115844.069588959
3232,5116629.791433871
3233,5117678.862886012
3234,5117378.73209548
3235,5119060.015283942
3236,5117025.792248517
3237,5116360.797845006
3238,5117063.30725795
3239,5117560.149875224
3240,5119141.599710941
3241,5117735.878449291
3242,5115075.610006452
3243,5115932.62404722
3244,5116702.816526175
3245,5115593.156274259
3246,5115458.091433644
3247,5119621.166344851
3248,5116944.192532241
3249,5114827.5297368765
3250,5114983.400635123
3251,5114197.534401953
3252,5115898.182081401
3253,5117165.099189222
3254,5115534.033559978
3255,5115103.952191174
3256,5114619.817968667
3257,5114746.770884007
3258,5115775.188480616
3259,5117407.556716174
3260,5114212.773010075
3261,5115444.909046471
3262,5115535.1046102345
3263,5115006.77022922
3264,5113897.170644343
3265,5114127.312813491
3266,5113857.278882921
3267,5115050.359798461
3268,5116975.388098836
3269,5114750.990715176
3270,5113573.281088531
3271,5115370.413037419
3272,5115007.64819935
3273,5113971.372163087
3274,5116892.648781359
3275,5114235.0469473
3276,5114076.838205457
3277,5112865.6534229815
3278,5114692.151891589
3279,5115687.717067897
3280,5113854.760265708
3281,5113377.819476545
3282,5113724.425925612
3283,5115424.383254111
3284,5113915.6544902325
3285,5112817.248447359
3286,5113372.266014695
3287,5113215.667045653
3288,5112761.181260884
3289,5113769.189162284
3290,5113246.856639624
3291,5113420.473333657
3292,5112204.299699426
3293,5112534.743111193
3294,5113315.79094851
3295,5114768.184372634
3296,5113215.522769868
3297,5112330.589391351
3298,5114740.343099594
3299,5111842.975390792
3300,5112946.956775427
3301,5113453.308462858
3302,5112121.844712794
3303,5111935.353012562
3304,5112867.813928843
3305,5113873.546702802
3306,5114019.869420826
3307,5112509.781685472
3308,5113929.212272406
3309,5111593.109513879
3310,5113212.974925697
3311,5113028.230638385
3312,5111904.853569448
3313,5112640.893314511
3314,5111983.250591755
3315,5113531.23312813
3316,5113181.2701612115
3317,5111468.617501378
3318,5112928.385230184
3319,5113605.542512417
3320,5111274.762619376
3321,5111850.787688434
3322,5111485.542595983
3323,5111898.594539404
3324,5110754.254570842
3325,5112572.98438549
3326,5110313.111534268
3327,5112922.6971075535
3328,5111310.796350032
3329,5112544.105635524
3330,5111244.462782383
3331,5110054.109109789
3332,5109921.157182276
3333,5110242.403832138
3334,5111498.312088132
3335,5111607.427321613
3336,5110210.468910247
3337,5115793.457358241
3338,5110503.033030063
3339,5111718.836034298
3340,5110995.003140986
3341,5109447.932708025
3342,5109073.147722244
3343,5110924.290475607
3344,5109196.054063022
3345,5111327.300762445
3346,5109738.436034083
3347,5109694.190404713
3348,5113576.927912712
3349,5109635.2642477155
3350,5112106.641302109
3351,5111168.72617206
3352,5110274.885393441
3353,5110358.625499815
3354,5110612.933714867
3355,5108752.05543679
3356,5113747.622505963
3357,5109367.832937479
3358,5108794.498355389
3359,5110129.318842888
3360,5110180.291753173
3361,5109033.694496691
3362,5108762.956352055
3363,5108589.883511603
3364,5111273.226114392
3365,5111663.976752818
3366,5108510.923487902
3367,5109876.860940427
3368,5108238.997262597
3369,5109839.004581571
3370,5108572.599154294
3371,5108078.515167803
3372,5108810.953540146
3373,5108205.490982771
3374,5107933.792137384
3375,5108141.768918693
3376,5108263.1576426625
3377,5110415.0442896485
3378,5107336.730173826
3379,5107349.570755988
3380,5109301.060809374
3381,5107398.149414718
3382,5107446.598176956
3383,5108089.005111873
3384,5107913.338549435
3385,5108470.90133965
3386,5108500.194982231
3387,5107864.902251482
3388,5107189.668132067
3389,5108738.572803378
3390,5106992.332018614
3391,5108153.138300419
3392,5108985.966959178
3393,5106640.0403472185
3394,5108295.85662359
3395,5110322.272352695
3396,5106510.460579395
3397,5106690.2837385535
3398,5111005.49921912
3399,5108942.257485747
3400,5106136.642336726
3401,5108908.756818712
3402,5106665.133943617
3403,5107042.119888544
3404,5107575.203152299
3405,5108243.303928912
3406,5106252.154364765
3407,5109873.991068661
3408,5106542.200646967
3409,5107169.184662223
3410,5108371.448565215
3411,5106741.695675969
3412,5106331.235629201
3413,5106554.701242328
3414,5107191.918701321
3415,5108220.062915057
3416,5105642.047785997
3417,5106661.099663854
3418,5106110.008343369
3419,5107236.313183606
3420,5106063.166401923
3421,5105285.972294927
3422,5107212.159027159
3423,5108236.627410054
3424,5108775.662352383
3425,5105840.913121879
3426,5105689.078181326
3427,5105169.703112602
3428,5105952.268198371
3429,5105250.839284062
3430,5105870.299379408
3431,5108529.372078538
3432,5106307.717206657
3433,5106338.421422601
3434,5105384.876922429
3435,5105033.629943371
3436,5108657.295412004
3437,5105133.66185686
3438,5105148.110199392
3439,5104427.033875048
3440,5109900.112573624
3441,5106349.295453429
3442,5104097.773522168
3443,5105344.915026486
3444,5105014.553304076
3445,5106280.658822179
3446,5106097.357246965
3447,5105207.125258803
3448,5105035.166538715
3449,5104985.745904297
3450,5106269.405466437
3451,5104838.118189275
3452,5103987.74854666
3453,5104000.250343233
3454,5105449.775637984
3455,5104642.260603368
3456,5104590.9558365345
3457,5104778.376756489
3458,5105220.832718134
3459,5106114.298959136
3460,5105286.779607892
3461,5104830.974153578
3462,5104815.041951239
3463,5105176.677630961
3464,5104929.26436168
3465,5103442.898138344
3466,5104609.71025604
3467,5104435.190903962
3468,5102660.0799738765
3469,5103037.920538604
3470,5105893.189332724
3471,5102800.041919529
3472,5103747.416925907
3473,5104624.0866134465
3474,5103278.05861181
3475,5102912.482138157
3476,5102935.003527045
3477,5102912.834297329
3478,5104790.31653899
3479,5104247.580611229
3480,5103157.23556757
3481,5103698.0858244
3482,5102028.487382948
3483,5104047.166987598
3484,5103290.01368475
3485,5102622.852483809
3486,5103535.021693945
3487,5101489.689203441
3488,5102133.409439206
3489,5102621.382400751
3490,5102860.644758463
3491,5104983.926296651
3492,5101332.9885389805
3493,5103690.651552677
3494,5102206.665891558
3495,5101525.158407271
3496,5101988.957549274
3497,5103744.9348371625
3498,5103171.4548745155
3499,5102610.261080742
3500,5103075.1913612485
3501,5102508.2858457565
3502,5101752.582780957
3503,5101605.44526875
3504,5101715.589017451
3505,5101244.438288271
3506,5101292.944295406
3507,5100998.904038966
3508,5101494.439689517
3509,5101003.47408855
3510,5102074.495045662
3511,5101201.135853589
3512,5101312.65954107
3513,5101370.728717983
3514,5100809.770796001
3515,5101190.97993657
3516,5101285.579529792
3517,5101924.815406799
3518,5100421.252276003
3519,5101095.827408969
3520,5100841.8814483285
3521,5100409.475688517
3522,5101365.501007557
3523,5101189.802879155
3524,5102373.148317814
3525,5100468.10097152
3526,5100560.559902489
3527,5101192.7882888615
3528,5101165.215762615
3529,5100845.883207679
3530,5101536.669950366
3531,5100045.43656522
3532,5100774.776401579
3533,5102591.96429199
3534,5100871.624531001
3535,5102225.958356768
3536,5099643.923662245
3537,5100743.557516158
3538,5100575.194497973
3539,5100222.111302555
3540,5100560.4294573665
3541,5101169.838858128
3542,5099357.917216241
3543,5099898.970978022
3544,5100354.188653231
3545,5102379.537537336
3546,5099399.622482657
3547,5099063.6292946935
3548,5101471.73115015
3549,5099266.301380098
3550,5098855.954843998
3551,5100567.918151379
3552,5099811.184325099
3553,5099011.780413091
3554,5098105.668659091
3555,5100283.657209694
3556,5099340.493827164
3557,5100652.5478358865
3558,5099066.575703442
3559,5099349.981309801
3560,5102164.550582945
3561,5099899.863816559
3562,5098623.286450803
3563,5098894.040070176
3564,5098605.066400826
3565,5100663.474830687
3566,5097896.833177984
3567,5098925.706137061
3568,5098393.212159932
3569,5098604.663246572
3570,5098020.376466036
3571,5098856.190712154
3572,5097772.678351343
3573,5100844.763415694
3574,5098306.387978911
3575,5097748.188157797
3576,5099270.593960226
3577,5098454.781897545
3578,5100678.679305643
3579,5098360.180413425
3580,5099403.954744756
3581,5098257.846474409
3582,5097714.083294332
3583,5098947.055288672
3584,5097825.969539106
3585,5097215.735621959
3586,5097627.128228605
3587,5101402.788530827
3588,5097537.051430702
3589,5098760.711097717
3590,5098394.302958548
3591,5096802.323532283
3592,5099061.148754716
3593,5101027.083260179
3594,5097665.545263767
3595,5098584.12068969
3596,5097183.744194388
3597,5099006.645487368
3598,5096746.839345098
3599,5097477.646198362
3600,5098350.132517278
3601,5099022.553434312
3602,5097884.857543737
3603,5097483.573802352
3604,5096613.76580292
3605,5097399.455351114
3606,5096192.23762989
3607,5097163.808226407
3608,5097086.007151663
3609,5100639.186497748
3610,5098521.991361201
3611,5096593.170170605
3612,5097761.777703583
3613,5096884.723730385
3614,5096267.934158087
3615,5096418.430753827
3616,5096407.57085222
3617,5095919.128211379
3618,5098974.580762982
3619,5096960.031857938
3620,5095905.304426342
3621,5096444.992115259
3622,5095679.219703078
3623,5095897.470594585
3624,5097473.549414158
3625,5097215.230193198
3626,5095662.445128083
3627,5095911.140650183
3628,5095337.795412779
3629,5095927.60865128
3630,5095190.187077403
3631,5097361.571632087
3632,5096192.0990355015
3633,5095137.19393605
3634,5096841.203821242
3635,5095614.677269459
3636,5096839.825833082
3637,5094718.273188651
3638,5095589.282135129
3639,5095585.825861871
3640,5095205.881862998
3641,5094735.536117375
3642,5095146.899122059
3643,5094543.949063957
3644,5096303.7757278085
3645,5096027.063692927
3646,5095696.954549313
3647,5095408.040651381
3648,5095712.4570610225
3649,5094977.185222268
3650,5094961.382700443
3651,5094976.62215668
3652,5094370.612263024
3653,5094362.745267451
3654,5094322.397956371
3655,5094966.935390383
3656,5094756.286430746
3657,5093445.192299843
3658,5095521.863244653
3659,5094428.823590219
3660,5095867.986795783
3661,5094415.114214897
3662,5094255.187408149
3663,5094984.431403041
3664,5095103.873810947
3665,5093631.45716095
3666,5095682.703322113
3667,5094141.463177085
3668,5095276.364838809
3669,5094690.143862069
3670,5094188.164409459
3671,5094969.018633187
3672,5093165.83354485
3673,5094062.3946041465
3674,5093655.208323717
3675,5095342.763193607
3676,5094068.461137295
3677,5093418.834832847
3678,5093562.909223676
3679,5094685.404866338
3680,5094578.391568303
3681,5094621.95646131
3682,5095682.399202287
3683,5093479.271422863
3684,5093672.441526502
3685,5093943.521688879
3686,5092691.171767831
3687,5097721.264177322
3688,5092939.227334797
3689,5093348.8782862425
3690,5092799.896449447
3691,5092811.698432028
3692,5092986.754909396
3693,5093081.931693077
3694,5093582.663852453
3695,5094032.678612232
3696,5093099.347710907
3697,5093130.613386512
3698,5092617.321392953
3699,5095630.147824347
3700,5092678.25442028
3701,5093889.828758776
3702,5093828.391826987
3703,5093222.248275161
3704,5093904.821882129
3705,5093692.851402402
3706,5091892.6033907235
3707,5092512.398053944
3708,5093439.832110584
3709,5092518.379544735
3710,5091721.00871408
3711,5091800.839592755
3712,5092082.722568423
3713,5093111.940451741
3714,5093542.0278273225
3715,5091398.901835501
3716,5091725.574794054
3717,5092552.856728375
3718,5092270.502777934
3719,5094625.9078835845
3720,5092580.535570264
3721,5092242.889232069
3722,5091407.169980109
3723,5091878.461434096
3724,5091641.800670564
3725,5091632.990750372
3726,5091765.637166977
3727,5092295.027219355
3728,5091117.363315672
3729,5091974.5285227895
3730,5092060.088645756
3731,5092647.613874048
3732,5092131.661541283
3733,5091310.137426674
3734,5092622.474055111
3735,5092895.5918825865
3736,5094071.569047391
3737,5092360.366551399
3738,5091238.58654815
3739,5093523.153277397
3740,5091534.170903385
3741,5091104.672370434
3742,5092661.517620742
3743,5089934.819538593
3744,5092210.652571261
3745,5090761.090365231
3746,5090910.409761071
3747,5090739.61234206
3748,5091724.445579171
3749,5089965.95405376
3750,5090348.277481437
3751,5091222.282305121
3752,5093448.710787952
3753,5092245.241026521
3754,5090956.59719342
3755,5093910.390189528
3756,5091256.100731969
3757,5091712.549415588
3758,5091163.496058345
3759,5090083.700580418
3760,5089873.07404387
3761,5089890.434617162
3762,5091722.17202431
3763,5089777.381656051
3764,5090141.28077811
3765,5090174.048833251
3766,5090296.019173026
3767,5090703.782105058
3768,5090151.301264107
3769,5093704.182629168
3770,5089635.347509801
3771,5091697.998563707
3772,5092207.2375074625
3773,5090552.241622508
3774,5091028.437621176
3775,5090565.731146097
3776,5091829.350086272
3777,5089394.49725455
3778,5090426.950084448
3779,5094455.03585577
3780,5092685.487234831
3781,5089224.226393372
3782,5090999.506045878
3783,5089920.8903307915
3784,5088775.3481341
3785,5088738.21464622
3786,5091808.354944229
3787,5089298.137744486
3788,5092168.137058973
3789,5090256.403537154
3790,5091354.822293431
3791,5089251.202575177
3792,5089728.127667129
3793,5090124.489931524
3794,5090376.491708517
3795,5088568.523565352
3796,5089465.620015264
3797,5088961.109504461
3798,5089126.945022464
3799,5090327.725756735
3800,5089445.670646638
3801,5088466.490622938
3802,5089047.078755438
3803,5089182.8152297735
3804,5088210.387190998
3805,5090163.715408504
3806,5088576.715687335
3807,5089119.370485425
3808,5088426.61870569
3809,5088050.552521855
3810,5088543.081055999
3811,5088391.254704833
3812,5088063.73991549
3813,5088080.202121019
3814,5089379.022944331
3815,5089316.963197947
3816,5088417.795114398
3817,5088195.66086778
3818,5089805.416180551
3819,5089522.390061557
3820,5087861.669056535
3821,5088139.572269857
3822,5089384.378319502
3823,5090025.999484181
3824,5089850.0501154065
3825,5088046.0190858245
3826,5090340.5206618905
3827,5090465.0553328395
3828,5088749.405491352
3829,5086965.372379214
3830,5088729.717024744
3831,5088948.626873016
3832,5089555.448941708
3833,5088556.497583568
3834,5088683.538367033
3835,5089085.066050589
3836,5087125.764212668
3837,5089819.852728367
3838,5088728.529163003
3839,5087712.647032499
3840,5087377.375416279
3841,5087248.909751177
3842,5088548.985795021
3843,5086768.277490556
3844,5086992.99769491
3845,5087423.135981351
3846,5087808.59266001
3847,5088377.367940009
3848,5086806.995720297
3849,5086866.8972525
3850,5086018.468363076
3851,5087301.794025838
3852,5088032.0726879835
3853,5087133.787477255
3854,5088207.901249558
3855,5086067.484937906
3856,5086175.7066856325
3857,5086985.281462312
3858,5086456.192365885
3859,5088268.150008976
3860,5086370.309440076
3861,5086412.128554046
3862,5087583.795609057
3863,5088104.1070472
3864,5088437.741798103
3865,5086905.229023248
3866,5086779.35323289
3867,5085937.725202382
3868,5086340.033278167
3869,5087547.936127067
3870,5086350.1681290865
3871,5085743.03248924
3872,5086325.320959568
3873,5086598.052813947
3874,5087502.52035439
3875,5085753.671790123
3876,5086350.853384376
3877,5086787.065306306
3878,5088208.393642187
3879,5084794.6453561485
3880,5086846.030614316
3881,5086012.559587419
3882,5086758.6300365925
3883,5087099.434048653
3884,5085758.8928025365
3885,5085791.0686584115
3886,5086181.297467172
3887,5085567.511116266
3888,5085514.68861407
3889,5087452.34068799
3890,5087321.056057453
3891,5087781.320356965
3892,5084955.938346684
3893,5088848.066329241
3894,5085307.926651418
3895,5084832.1827766895
3896,5085121.070085406
3897,5087216.304865599
3898,5085119.184811592
3899,5086093.155630708
3900,5084414.991987467
3901,5085800.51512903
3902,5085072.549438953
3903,5084622.355363846
3904,5085514.406317025
3905,5086901.910601705
3906,5086476.089739084
3907,5084944.770884991
3908,5084828.357088208
3909,5084406.380368918
3910,5084963.035081744
3911,5085483.496732533
3912,5086058.038367361
3913,5084674.116596878
3914,5085642.207361698
3915,5084374.543919325
3916,5085654.935761809
3917,5086750.352497578
3918,5085571.694933414
3919,5084827.140500903
3920,5084263.168517411
3921,5085895.75191927
3922,5084537.359752625
3923,5084353.359578013
3924,5085067.932802975
3925,5083959.03011632
3926,5086147.339154959
3927,5084267.406247497
3928,5085059.542794108
3929,5084302.940421879
3930,5085227.877868712
3931,5084699.345362008
3932,5087318.369648576
3933,5084267.962941527
3934,5083610.138382256
3935,5086684.652928412
3936,5084669.524721384
3937,5083422.395024657
3938,5084144.005626559
3939,5084350.083608091
3940,5083465.259991467
3941,5084331.29221952
3942,5085887.219857931
3943,5083430.99421066
3944,5084226.996971309
3945,5086860.989245951
3946,5084118.22137177
3947,5083361.310947835
3948,5083207.008119136
3949,5082992.668167174
3950,5083403.104351163
3951,5083874.139088273
3952,5084906.884781778
3953,5084012.033032477
3954,5084738.402901351
3955,5085530.5304425955
3956,5082381.568208337
3957,5082627.089813352
3958,5082921.985978365
3959,5082175.848010898
3960,5083206.18848753
3961,5084358.392313063
3962,5082048.361246824
3963,5083066.893000901
3964,5082779.19306767
3965,5082843.352783263
3966,5082966.055547506
3967,5082932.597147107
3968,5082943.293612301
3969,5084786.796340942
3970,5081767.008101523
3971,5082184.2892284095
3972,5083000.939361334
3973,5082812.710603058
3974,5082586.359121144
3975,5082649.660883129
3976,5082024.335873961
3977,5083279.174849123
3978,5082490.611471355
3979,5082425.827880502
3980,5083635.455047905
3981,5082731.752487302
3982,5081883.377927482
3983,5083859.699720085
3984,5085843.0434269905
3985,5081862.3841561675
3986,5082388.2067245245
3987,5082691.683766961
3988,5081898.55395782
3989,5083195.493757039
3990,5082556.208033264
3991,5081447.309956431
3992,5082713.583202571
3993,5082671.730985403
3994,5081473.178655744
3995,5083131.627120912
3996,5082466.313328505
3997,5082437.038934827
3998,5082555.884683728
3999,5083747.5914542675
4000,5081432.69564268
4001,5083432.705513716
4002,5081714.032397926
4003,5082384.89740926
4004,5081236.8721167445
4005,5081174.5281383395
4006,5081886.510237426
4007,5082811.228368312
4008,5080348.264281571
4009,5081515.2289738655
4010,5082228.250048935
4011,5082310.661099553
4012,5080859.16097945
4013,5081043.263693213
4014,5084443.962894738
4015,5082244.665717185
4016,5080901.678969383
4017,5081913.09819895
4018,5080784.5629583
4019,5082301.235290766
4020,5082807.484940648
4021,5080830.231880933
4022,5080829.5472204685
4023,5080582.122385144
4024,5080785.010544211
4025,5081075.267626882
4026,5080958.2946648
4027,5082191.413469613
4028,5081051.943679571
4029,5081178.52809298
4030,5082120.246902823
4031,5080337.765742868
4032,5080614.597007573
4033,5080516.979117572
4034,5080283.740205705
4035,5080480.91085577
4036,5080741.011327982
4037,5079815.250890195
4038,5079776.925307989
4039,5081204.8158451915
4040,5079634.011939108
4041,5080111.421601951
4042,5080651.568770826
4043,5079841.412129164
4044,5080076.525823653
4045,5080810.244776189
4046,5080035.565831691
4047,5080623.362483501
4048,5079943.179458261
4049,5080078.807430565
4050,5080961.05413416
4051,5080675.562351078
4052,5081570.379819274
4053,5080156.701809406
4054,5082442.747340918
4055,5080122.877910495
4056,5079850.722127676
4057,5080266.197675705
4058,5078739.30158487
4059,5079884.840876311
4060,5079777.32716006
4061,5079974.124473393
4062,5079284.597104847
4063,5080219.0129354
4064,5079828.519463539
4065,5080364.793538332
4066,5080204.702721238
4067,5081919.563167095
4068,5079772.574031234
4069,5080194.415214658
4070,5079796.730591416
4071,5079246.97459203
4072,5079683.766381204
4073,5079472.013217419
4074,5079047.426038384
4075,5081281.602274358
4076,5079683.744790196
4077,5078928.919275105
4078,5079391.147487819
4079,5079911.612932384
4080,5080226.722505569
4081,5079923.331586063
4082,5082000.785899043
4083,5078355.475664616
4084,5080984.174289465
4085,5078531.99915278
4086,5079905.099733293
4087,5081152.118616164
4088,5078483.510499239
4089,5078917.440011382
4090,5078391.383786678
4091,5078994.80786109
4092,5078688.499172002
4093,5079318.597409427
4094,5079361.258069217
4095,5078987.385843039
4096,5078161.738880545
4097,5079701.65820092
4098,5078399.713106513
4099,5078287.081730515
4100,5078803.026534557
4101,5078976.92504406
4102,5079782.889807701
4103,5079104.944126785
4104,5079461.802133381
4105,5082310.928456724
4106,5077959.379290432
4107,5077774.988536
4108,5077695.081786275
4109,5080694.688361049
4110,5078020.040660143
4111,5077417.542691708
4112,5080534.476213992
4113,5078102.030807018
4114,5078387.312493861
4115,5077971.757268786
4116,5077459.736740798
4117,5077649.290120363
4118,5077198.9036026
4119,5077572.722851574
4120,5077265.781589866
4121,5077408.972474337
4122,5077146.584872544
4123,5077913.4658151865
4124,5077342.171340704
4125,5077988.975924045
4126,5077815.112786472
4127,5077449.573858559
4128,5077660.967440724
4129,5079196.73384881
4130,5078049.521945894
4131,5077711.958288789
4132,5076964.8495901525
4133,5078682.188225806
4134,5077318.666325837
4135,5077791.830612659
4136,5078773.3303076625
4137,5077841.461833477
4138,5076608.534081966
4139,5078018.142687559
4140,5077504.493150532
4141,5077699.931846321
4142,5076772.376350999
4143,5076424.025826097
4144,5077837.817620784
4145,5078191.944339633
4146,5076704.6660887
4147,5076914.826480627
4148,5077438.006561279
4149,5077904.918019831
4150,5076720.842443824
4151,5076722.09046936
4152,5077573.637106895
4153,5076322.661832452
4154,5075960.3855679035
4155,5076740.343161285
4156,5075989.946274519
4157,5077243.591543317
4158,5076377.01481396
4159,5076184.185272872
4160,5077759.685966402
4161,5075577.749601543
4162,5076587.948995292
4163,5077241.934719086
4164,5076653.133712828
4165,5078202.6060371995
4166,5076928.383440614
4167,5076309.133753061
4168,5076350.193084121
4169,5076525.239920199
4170,5076381.063983738
4171,5078362.233793914
4172,5076331.27837041
4173,5077001.191752136
4174,5076628.046637654
4175,5076261.185576558
4176,5076620.11017704
4177,5075875.382517546
4178,5077341.691603601
4179,5075576.407967269
4180,5075265.459205866
4181,5077160.161648989
4182,5075957.94831866
4183,5076530.462121189
4184,5078281.912991524
4185,5075646.392837763
4186,5075906.083743811
4187,5077013.923910379
4188,5077624.846064627
4189,5077169.489916086
4190,5075568.631320775
4191,5075905.5570364
4192,5075807.020403922
4193,5075769.991376519
4194,5075818.834122241
4195,5076075.160606742
4196,5075826.894213855
4197,5075720.562700391
4198,5076477.667600036
4199,5075713.339025617
4200,5076496.6184639335
4201,5074978.256384969
4202,5076683.206622481
4203,5074570.369484186
4204,5076414.214630008
4205,5075502.183573246
4206,5075472.99144873
4207,5075858.018694103
4208,5075424.046716243
4209,5074850.384817421
4210,5075637.078274727
4211,5074717.398037732
4212,5075329.309807658
4213,5075843.426603317
4214,5074949.641168058
4215,5074892.988688529
4216,5074650.912237793
4217,5074276.3751600385
4218,5076635.354422212
4219,5075584.365748227
4220,5074307.6413910985
4221,5076436.576835662
4222,5076088.341490269
4223,5074856.927289546
4224,5074815.214274257
4225,5074771.758693695
4226,5074021.222604811
4227,5074708.878524542
4228,5076235.321948826
4229,5074013.640955806
4230,5073920.314826012
4231,5075416.970815241
4232,5075323.8303973675
4233,5074549.686740458
4234,5075623.214618862
4235,5075207.746717513
4236,5074386.817315578
4237,5075022.62405169
4238,5074523.296476781
4239,5076419.754558325
4240,5074740.195005089
4241,5074427.252602041
4242,5075167.962770522
4243,5075339.001368642
4244,5073768.473307312
4245,5074557.466152847
4246,5074627.894551277
4247,5073797.2254629135
4248,5073610.515576094
4249,5075258.555199325
4250,5074853.756952465
4251,5074084.940621555
4252,5074170.48323971
4253,5073450.734599173
4254,5074822.112493992
4255,5074027.035557568
4256,5078499.045754224
4257,5074717.032806456
4258,5074148.805038124
4259,5074034.323015511
4260,5073913.471294135
4261,5073775.444991469
4262,5074654.290652096
4263,5074238.749564588
4264,5074403.790851355
4265,5073530.313103646
4266,5073809.182789475
4267,5074019.610922694
4268,5073505.876718342
4269,5073978.641447961
4270,5073712.475427151
4271,5073275.3934517205
4272,5072690.95317027
4273,5074535.55877322
4274,5073619.0538883805
4275,5073740.616809845
4276,5074550.652618527
4277,5075311.927176774
4278,5072597.983289003
4279,5073335.9779804945
4280,5076410.506165475
4281,5072624.040737599
4282,5072984.250773847
4283,5073792.27213496
4284,5073592.26908955
4285,5073800.530338168
4286,5072891.197211862
4287,5073044.710182309
4288,5072866.526282698
4289,5073087.292589724
4290,5075982.834129512
4291,5076106.409995496
4292,5073082.590374112
4293,5074117.283677757
4294,5072269.68272835
4295,5074189.948291719
4296,5072778.703359127
4297,5073533.3832476735
4298,5072943.712206304
4299,5073961.359576166
4300,5072398.361954987
4301,5072696.759378582
4302,5072421.397267282
4303,5072666.453148842
4304,5072624.100886822
4305,5073318.853219092
4306,5072770.943184197
4307,5072944.042368293
4308,5074151.941766977
4309,5072020.865255117
4310,5072060.799713433
4311,5071886.751591802
4312,5072254.106708407
4313,5073928.160410523
4314,5073544.702215761
4315,5072033.56226033
4316,5072059.680992544
4317,5072088.572896183
4318,5072222.536288977
4319,5072370.052559555
4320,5072626.267258108
4321,5072087.521141827
4322,5071670.934902608
4323,5071749.775168121
4324,5072689.11568287
4325,5072541.501409769
4326,5072851.492282689
4327,5072633.970313907
4328,5071441.695460111
4329,5071862.956385314
4330,5072075.713534176
4331,5071709.667853415
4332,5071836.141938984
4333,5072498.28687793
4334,5071719.632983744
4335,5071653.678920448
4336,5072724.229005277
4337,5071564.783015847
4338,5072673.848095596
4339,5073179.35577333
4340,5071856.445906401
4341,5071993.834430277
4342,5073642.106487215
4343,5072112.832463026
4344,5070865.7008443475
4345,5073630.265896022
4346,5071755.816046894
4347,5072408.796728849
4348,5072063.259765744
4349,5072959.299054474
4350,5071194.755200446
4351,5070660.2592974305
4352,5071470.226926386
4353,5071213.382673144
4354,5072290.624795705
4355,5071827.795967042
4356,5071306.634821534
4357,5073370.714663863
4358,5071453.568121403
4359,5071272.807298005
4360,5071886.1678527
4361,5070743.579496086
4362,5071754.425520599
4363,5071612.677424371
4364,5071995.724558353
4365,5071770.103933275
4366,5070753.72575736
4367,5071165.739061952
4368,5071353.249614179
4369,5071064.491635174
4370,5071052.805285066
4371,5070919.273825735
4372,5071564.805307627
4373,5071222.430957556
4374,5070985.3986644745
4375,5070471.744050145
4376,5071035.832408518
4377,5070152.479664654
4378,5071358.078993678
4379,5071700.945765972
4380,5070891.947757781
4381,5071747.692516983
4382,5070829.897772014
4383,5072057.642856061
4384,5071154.485377252
4385,5071133.6583184
4386,5070918.1615847945
4387,5069918.768152654
4388,5070026.704051703
4389,5069754.645154238
4390,5070541.722653151
4391,5070736.975148022
4392,5069293.400825828
4393,5070086.216369212
4394,5070725.711091936
4395,5070424.297194511
4396,5069921.471142471
4397,5069790.78788054
4398,5070383.168826222
4399,5069838.318489075
4400,5070527.997210562
4401,5069975.507229894
4402,5070292.816319466
4403,5069216.416130245
4404,5069601.683553487
4405,5069725.430479884
4406,5069422.024629593
4407,5069677.43057245
4408,5069887.072762132
4409,5069630.8407049775
4410,5070001.376716644
4411,5068977.1204969585
4412,5070186.663113505
4413,5069597.612511396
4414,5070331.724134922
4415,5071835.476343691
4416,5070981.209633648
4417,5070376.828347683
4418,5069386.208049595
4419,5069983.302036762
4420,5069006.967939973
4421,5069368.459639788
4422,5069367.292871118
4423,5070163.639157355
4424,5069420.799618661
4425,5068787.839553297
4426,5069902.383484125
4427,5069077.611107349
4428,5068928.033342898
4429,5070261.112338841
4430,5070385.563203096
4431,5069125.11895895
4432,5069747.312641591
4433,5070299.412267923
4434,5068645.824893594
4435,5069828.642612457
4436,5068568.970272154
4437,5068761.976478338
4438,5069009.245361626
4439,5069159.406381071
4440,5069428.825192273
4441,5070486.130069852
4442,5069640.322584003
4443,5068457.043771446
4444,5068982.858251691
4445,5069440.709236205
4446,5068820.571382761
4447,5069962.323923051
4448,5068367.503839314
4449,5067642.47767964
4450,5069455.942347288
4451,5068757.095267892
4452,5069712.009444833
4453,5068481.574328631
4454,5071072.467766732
4455,5068317.32922256
4456,5068860.109536707
4457,5068733.17666465
4458,5068781.27646476
4459,5070650.846804261
4460,5070033.221657515
4461,5070005.935113847
4462,5067921.389199555
4463,5069111.129291534
4464,5068504.579326332
4465,5068831.147328138
4466,5068487.435253143
4467,5067851.9649912715
4468,5068974.254836917
4469,5068155.241471469
4470,5068491.507312894
4471,5069086.7470113635
4472,5067964.494512081
4473,5068410.072744548
4474,5068705.521569014
4475,5068052.399671853
4476,5068498.411362529
4477,5068288.989796311
4478,5068198.372340798
4479,5067768.174530804
4480,5067722.678803593
4481,5068138.309715062
4482,5067872.587114155
4483,5067747.425773621
4484,5068477.468426228
4485,5068391.064226627
4486,5068011.802576423
4487,5069483.972247034
4488,5069135.623409867
4489,5067821.229276836
4490,5067554.423248827
4491,5067866.649959445
4492,5068303.190466464
4493,5069158.657632977
4494,5067694.570235729
4495,5067731.685475886
4496,5068167.510447681
4497,5068171.397037089
4498,5067566.789902568
4499,5067311.947829902
4500,5068589.443125069
4501,5067278.6522603035
4502,5067337.529579103
4503,5067586.456935406
4504,5067788.14661181
4505,5067976.416578412
4506,5067986.209664464
4507,5066768.012339473
4508,5067298.078442812
4509,5067062.194626808
4510,5067264.730520785
4511,5067130.300762892
4512,5067901.58085987
4513,5066848.761731505
4514,5066861.186011165
4515,5066914.813324392
4516,5068846.808810294
4517,5068124.18440634
4518,5066420.103345931
4519,5067286.142129481
4520,5066970.564460158
4521,5067676.894504249
4522,5067653.686879277
4523,5067232.503479004
4524,5068114.198640525
4525,5067875.699127018
4526,5066761.629041493
4527,5066737.669653535
4528,5066787.775039136
4529,5067612.125699401
4530,5068748.355438709
4531,5067925.50518775
4532,5066777.368585408
4533,5066689.935679913
4534,5067679.359778792
4535,5066973.4656403065
4536,5068130.252629846
4537,5066373.130401611
4538,5066696.003091216
4539,5066186.042582929
4540,5066332.178299546
4541,5066483.89911437
4542,5066882.698962927
4543,5066489.641173363
4544,5066930.481118977
4545,5066581.832028508
4546,5067412.17656517
4547,5067047.747683346
4548,5068127.733953834
4549,5067349.6026136875
4550,5066701.692886114
4551,5065402.99530375
4552,5066269.324955434
4553,5066177.469816327
4554,5066673.756645441
4555,5065914.649627745
4556,5066471.189658105
4557,5066511.114322424
4558,5066387.087956846
4559,5066807.959653199
4560,5066442.271593392
4561,5065495.087270439
4562,5066667.7641400695
4563,5066072.615854919
4564,5068106.371897459
4565,5065788.696732938
4566,5066705.615039349
4567,5068542.454133749
4568,5065943.998842597
4569,5066685.0193706155
4570,5066998.211926162
4571,5067022.996923208
4572,5065122.372950137
4573,5065576.180046588
4574,5066614.619297624
4575,5066259.492782116
4576,5065467.749752998
4577,5065323.800278008
4578,5065630.38564384
4579,5066324.095948666
4580,5066142.06823051
4581,5066564.937988639
4582,5067241.415961742
4583,5066192.589233875
4584,5067166.285610199
4585,5065909.085054219
4586,5065539.629850864
4587,5066129.559996188
4588,5067880.178039134
4589,5065626.968913883
4590,5065768.565553367
4591,5065465.357836217
4592,5066019.502837211
4593,5064702.588485718
4594,5065068.735483944
4595,5067175.185185373
4596,5066206.841683894
4597,5065669.124564886
4598,5065604.565383613
4599,5064961.283841968
4600,5065117.882840335
4601,5065062.940230012
4602,5065318.645473778
4603,5064682.644352019
4604,5064468.386253834
4605,5064829.624679446
4606,5065431.92740339
4607,5065760.71208334
4608,5064993.68067652
4609,5065277.672821879
4610,5065282.80432868
4611,5064582.635598838
4612,5065018.3312544525
4613,5065807.4584388435
4614,5066366.001682401
4615,5065312.021057427
4616,5065072.821151018
4617,5064375.47780484
4618,5064720.646852851
4619,5065225.749709845
4620,5065291.285786748
4621,5064519.531844437
4622,5065071.923653007
4623,5064573.495821357
4624,5064526.809615791
4625,5063930.595716774
4626,5064586.226370454
4627,5064951.730223
4628,5065069.9769438505
4629,5064487.148380578
4630,5065444.487031162
4631,5064184.012245238
4632,5065432.251503944
4633,5065297.847341895
4634,5065474.910466909
4635,5064213.460832506
4636,5064701.143249929
4637,5064251.408330977
4638,5064966.237009466
4639,5064093.523858309
4640,5063940.105478227
4641,5065072.27131176
4642,5063954.257080823
4643,5065270.55306229
4644,5065302.507337153
4645,5063804.852655053
4646,5063826.005227864
4647,5064129.538038015
4648,5064970.003509194
4649,5064028.149295449
4650,5063810.599273801
4651,5063679.376731575
4652,5064500.093037367
4653,5065501.6955599785
4654,5063500.259880185
4655,5064245.303117573
4656,5064655.036464244
4657,5064402.942948312
4658,5064339.9216787815
4659,5064421.728515506
4660,5063314.750350654
4661,5064242.176803887
4662,5064368.846527815
4663,5064329.284010172
4664,5062883.154082119
4665,5064001.067001164
4666,5063597.372178733
4667,5063376.664921612
4668,5064032.804372668
4669,5064354.350449562
4670,5064896.237262249
4671,5063858.627684951
4672,5063660.666896105
4673,5063053.88885349
4674,5063136.908474386
4675,5063458.81329
4676,5063742.367736101
4677,5063272.63124454
4678,5063441.156488359
4679,5064841.1626598835
4680,5063772.294752777
4681,5063132.979422331
4682,5063489.70139581
4683,5063511.442899168
4684,5064004.790206552
4685,5064460.640909314
4686,5063871.466929972
4687,5063160.744414687
4688,5062336.451659858
4689,5063695.914733112
4690,5063056.387813389
4691,5065217.08122915
4692,5063071.354975104
4693,5063305.451488465
4694,5062790.135051012
4695,5064048.070308149
4696,5063773.635196209
4697,5063346.111951649
4698,5063138.198471844
4699,5064097.178854704
4700,5062832.144764602
4701,5063161.0135959685
4702,5063283.652378023
4703,5063683.087245822
4704,5063554.627217144
4705,5063688.7470757365
4706,5062776.864032567
4707,5063245.7072947025
4708,5063214.750612199
4709,5062824.744281292
4710,5062864.840996683
4711,5063060.177253842
4712,5062445.848066568
4713,5063152.40629673
4714,5063631.127929151
4715,5064529.420475125
4716,5062974.399543822
4717,5064279.969545335
4718,5064540.73500216
4719,5062133.6776255965
4720,5062360.303983986
4721,5062949.865298212
4722,5062480.263875723
4723,5063740.5288389325
4724,5062536.934317946
4725,5062127.526552796
4726,5062421.286036491
4727,5063041.208832324
4728,5062949.030158401
4729,5062773.615537435
4730,5062491.163750291
4731,5061767.534022152
4732,5062283.335530043
4733,5062151.178589225
4734,5062132.36187619
4735,5063155.777335048
4736,5063810.2173063755
4737,5062291.8859888315
4738,5062206.13503778
4739,5061869.877354294
4740,5062947.861698329
4741,5062178.950139642
4742,5061970.624668002
4743,5062422.846652001
4744,5061806.289472997
4745,5062568.31468147
4746,5062611.150720775
4747,5063475.51486665
4748,5061770.219287276
4749,5062367.900276482
4750,5061475.739706993
4751,5061895.56743598
4752,5061550.029294133
4753,5062527.432975084
4754,5062160.482227087
4755,5062478.49412185
4756,5062895.783797026
4757,5061654.050239503
4758,5062667.298909485
4759,5062744.265715063
4760,5063281.704002857
4761,5062371.55318594
4762,5060982.542645931
4763,5062845.7469757795
4764,5061560.078392506
4765,5061597.46890974
4766,5061913.98860383
4767,5061685.944485724
4768,5061601.81044209
4769,5062043.236950934
4770,5061251.888371021
4771,5062587.814516544
4772,5061743.301235914
4773,5062799.770681143
4774,5061670.514935374
4775,5061701.436098397
4776,5061544.829052687
4777,5062243.474949181
4778,5061506.433425069
4779,5061602.243281662
4780,5061619.560544908
4781,5061696.465208322
4782,5061288.604524612
4783,5062180.189086378
4784,5061563.600168347
4785,5060804.868965745
4786,5061436.915374547
4787,5060781.007678926
4788,5061257.705353618
4789,5061200.589700639
4790,5061590.013051599
4791,5061215.12021938
4792,5061859.134021342
4793,5060484.531493723
4794,5061025.943202019
4795,5060922.426804066
4796,5061142.74897027
4797,5060744.632694542
4798,5062889.532606602
4799,5061783.305071712
4800,5060805.219320118
4801,5061145.377620757
4802,5061414.6257074475
4803,5061617.492268324
4804,5060526.742061615
4805,5061500.056804121
4806,5061949.74500376
4807,5061326.380364716
4808,5060443.766221106
4809,5061079.646947384
4810,5060839.807410836
4811,5061728.1044434905
4812,5060749.822162092
4813,5061189.97129631
4814,5061486.554192305
4815,5061446.83210063
4816,5060358.201495349
4817,5060798.32361871
4818,5061715.9311769605
4819,5060331.530665815
4820,5060649.779874861
4821,5060256.056057125
4822,5060533.980720341
4823,5060718.610425651
4824,5061128.246381104
4825,5060518.118877679
4826,5061512.423855364
4827,5062042.522419214
4828,5060725.614507437
4829,5060343.7919332385
4830,5060341.1829108
4831,5060639.256162584
4832,5060034.104110956
4833,5059854.851162016
4834,5060765.913415551
4835,5060314.622052491
4836,5061156.461761951
4837,5061117.134882927
4838,5059640.853439987
4839,5060595.270521939
4840,5060883.225660682
4841,5061740.866461694
4842,5059643.372764349
4843,5061230.2315840125
4844,5059088.026590645
4845,5060135.479960859
4846,5061429.881694019
4847,5060760.908626795
4848,5059983.177025735
4849,5059665.926596403
4850,5061697.017766714
4851,5060454.26513201
4852,5060074.659550846
4853,5060079.6396689415
4854,5060661.603427827
4855,5061648.508574426
4856,5060891.480637133
4857,5060659.595495462
4858,5059571.625392318
4859,5060574.50890094
4860,5059837.669479489
4861,5059970.276418805
4862,5059751.472815335
4863,5059576.460421264
4864,5060586.750451505
4865,5059611.795131266
4866,5061315.338508099
4867,5059865.738733292
4868,5059863.340542257
4869,5059182.627802134
4870,5059701.673794687
4871,5059397.218275905
4872,5059714.537655115
4873,5060092.419691294
4874,5060398.284196615
4875,5059021.170991898
4876,5059159.297756195
4877,5060936.703153968
4878,5059350.661578089
4879,5059648.01560846
4880,5059449.015601397
4881,5060087.115600705
4882,5059723.472854018
4883,5059617.249527961
4884,5059557.573609173
4885,5059986.795774072
4886,5059786.468178719
4887,5059565.848301113
4888,5059394.766767979
4889,5059571.419803023
4890,5059668.822676897
4891,5059573.483773887
4892,5059524.723759741
4893,5058703.744853377
4894,5060329.7359935045
4895,5059028.22817111
4896,5059468.03867197
4897,5059367.380636811
4898,5058699.502474368
4899,5059436.688358635
4900,5059507.43884939
4901,5059628.424280286
4902,5058679.427765369
4903,5058750.812438488
4904,5059145.924328148
4905,5060047.26660651
4906,5059287.926316023
4907,5058875.278363705
4908,5058943.565683395
4909,5059081.517329633
4910,5059893.298735619
4911,5058811.295572758
4912,5059689.386771202
4913,5059285.646552801
4914,5059653.241070747
4915,5059158.640588701
4916,5059492.354887843
4917,5058418.639732182
4918,5060053.373246014
4919,5058516.544862986
4920,5058336.560558975
4921,5059679.411038369
4922,5059143.35688436
4923,5058549.459006846
4924,5058890.805740058
4925,5058339.4965367615
4926,5058644.330187142
4927,5058908.831879437
4928,5058679.2489846945
4929,5058459.423196137
4930,5058258.394924164
4931,5058344.496878505
4932,5058943.014423132
4933,5058637.3597025275
4934,5058035.346637845
4935,5058547.77946192
4936,5058339.906482518
4937,5058135.433341026
4938,5059350.840958536
4939,5058628.624614358
4940,5058607.444228113
4941,5058444.483353138
4942,5058150.253688931
4943,5058235.730266511
4944,5058950.914215982
4945,5058868.4215370715
4946,5059054.408456624
4947,5057929.857226282
4948,5057954.652333021
4949,5059221.976361126
4950,5058182.873130441
4951,5057830.264048219
4952,5058025.933798552
4953,5058994.863152444
4954,5059383.265865326
4955,5059105.47951889
4956,5058368.813155711
4957,5058450.165336639
4958,5059081.908410013
4959,5058168.999447346
4960,5057570.666135371
4961,5058090.871159792
4962,5058105.219065368
4963,5057669.054941654
4964,5057861.792563617
4965,5057984.063141406
4966,5058343.647621453
4967,5058724.807268262
4968,5057667.626129866
4969,5058922.897144854
4970,5058202.662120342
4971,5057650.1590176225
4972,5057561.415796578
4973,5058118.45631969
4974,5058197.597826004
4975,5057886.934202671
4976,5057878.871706307
4977,5058217.324741602
4978,5057559.724464178
4979,5057363.815522134
4980,5057540.174132407
4981,5057367.220452547
4982,5058686.59941411
4983,5057883.283890098
4984,5057983.871847987
4985,5058874.6536999345
4986,5058796.728310704
4987,5057511.258972943
4988,5057265.843850851
4989,5057554.381732762
4990,5057715.930271745
4991,5057442.072860897
4992,5057875.223079979
4993,5058230.713266015
4994,5058719.0796743035
4995,5057941.237742454
4996,5058525.935320139
4997,5056633.754546702
4998,5057705.6811109185
4999,5058579.614127517
5000,5057880.153466582
5001,5057386.90917927
5002,5057662.303375274
5003,5057442.109181702
5004,5058728.861477733
5005,5057031.026139855
5006,5057015.607947886
5007,5056857.86069116
5008,5056983.807909489
5009,5056988.643722415
5010,5057062.083953202
5011,5057620.211298645
5012,5056962.677731723
5013,5056896.958416998
5014,5058379.267784953
5015,5057351.643166125
5016,5057252.7480428815
5017,5057196.640683204
5018,5057487.918858856
5019,5057051.817191482
5020,5056611.513862431
5021,5057153.330870271
5022,5057092.169485569
5023,5057920.202964097
5024,5057183.87452805
5025,5057295.35460794
5026,5057646.960875571
5027,5058757.59457171
5028,5056912.111243963
5029,5058290.212320864
5030,5056930.266970098
5031,5056742.836819112
5032,5056660.743463993
5033,5056566.747436762
5034,5056852.137995958
5035,5056282.293783486
5036,5057029.829227209
5037,5056563.554324508
5038,5057229.338963628
5039,5056854.61654669
5040,5056580.923333973
5041,5058096.239536703
5042,5056787.421306074
5043,5056704.215166569
5044,5056744.15149647
5045,5056538.829213858
5046,5056064.286529005
5047,5056422.545992851
5048,5056910.405382812
5049,5057189.329536974
5050,5056245.091056228
5051,5057372.389450312
5052,5056834.505066395
5053,5056150.49875918
5054,5056890.072949827
5055,5056651.548287213
5056,5056382.647890747
5057,5056655.957430005
5058,5056773.598991901
5059,5056090.910574496
5060,5055996.407877624
5061,5056411.145776391
5062,5057064.1894212365
5063,5056147.700940073
5064,5055736.727035761
5065,5056617.396469414
5066,5056601.860929906
5067,5056116.315680444
5068,5056144.636261165
5069,5055901.058874786
5070,5056724.322701514
5071,5055526.009278327
5072,5055739.228690088
5073,5056150.387419462
5074,5056672.521507502
5075,5057009.283710837
5076,5056602.969905674
5077,5056741.206408441
5078,5056542.015186608
5079,5055793.040858507
5080,5055387.721545041
5081,5055795.238129795
5082,5055654.668174028
5083,5055939.471655905
5084,5056006.8966603875
5085,5056076.53747797
5086,5056054.192793131
5087,5056027.305045724
5088,5055584.756786287
5089,5055844.44231832
5090,5055773.885632515
5091,5056975.069301844
5092,5056944.457376629
5093,5055598.094260693
5094,5056885.789470613
5095,5055715.465672672
5096,5055963.778062642
5097,5056431.627592444
5098,5055675.425043941
5099,5055522.54893136
5100,5056569.363225818
5101,5055686.751137495
5102,5056502.523431778
5103,5057525.607681632
5104,5056018.243614256
5105,5056946.5164779425
5106,5055530.979813576
5107,5055158.995231032
5108,5055363.526931703
5109,5055601.510751873
5110,5056263.920725465
5111,5056100.508925706
5112,5055442.21023488
5113,5056601.593234062
5114,5056167.91332227
5115,5056026.30030489
5116,5056253.714632541
5117,5055175.229557037
5118,5055581.203527868
5119,5054868.696326613
5120,5055393.596316516
5121,5055280.066090316
5122,5055114.123398542
5123,5056750.965691805
5124,5055152.011715353
5125,5055043.412037432
5126,5056322.00936079
5127,5056101.507176876
5128,5055402.636212289
5129,5055549.858399451
5130,5054502.23593092
5131,5055760.84222883
5132,5055320.121260822
5133,5055035.984184265
5134,5054762.49372822
5135,5055295.508001983
5136,5055199.619891703
5137,5055554.623374641
5138,5055404.010174781
5139,5055055.743236184
5140,5055988.90397346
5141,5054551.765598118
5142,5055053.535680383
5143,5055006.232646108
5144,5055969.930596173
5145,5055535.981087208
5146,5054829.427308261
5147,5054714.484421432
5148,5054583.437455416
5149,5054964.754586279
5150,5056198.76164186
5151,5056274.779036075
5152,5054938.546153724
5153,5054769.080021381
5154,5054577.609459847
5155,5055307.607643068
5156,5054993.937327385
5157,5055119.932518661
5158,5055092.196952403
5159,5054703.405340731
5160,5054814.775975227
5161,5055836.30836314
5162,5054531.216813505
5163,5055668.830079854
5164,5054926.653264344
5165,5054440.798693538
5166,5055593.853010356
5167,5053916.115848124
5168,5055948.571404278
5169,5054635.752344787
5170,5055071.696222782
5171,5055852.409322679
5172,5054076.059259713
5173,5054458.657815635
5174,5054479.100714326
5175,5053923.605245113
5176,5055515.539934278
5177,5055273.512249112
5178,5054717.891497135
5179,5054806.176395357
5180,5054624.687392592
5181,5055537.084474146
5182,5054502.140725851
5183,5053920.186654866
5184,5053994.5141608715
5185,5054936.515051842
5186,5054397.241096795
5187,5054724.637921631
5188,5054469.195806086
5189,5054577.742812932
5190,5055392.859440029
5191,5054610.84484452
5192,5054269.888832152
5193,5054584.083286047
5194,5054461.227940232
5195,5054046.692731738
5196,5054782.533363402
5197,5054406.244270444
5198,5054486.363331139
5199,5054580.364002645
5200,5054044.31819132
5201,5054023.584130466
5202,5053877.982570052
5203,5053398.075086534
5204,5054262.709371626
5205,5054001.680256903
5206,5054056.899887323
5207,5054913.7992578745
5208,5053602.303733766
5209,5053793.675642967
5210,5054064.339237511
5211,5054217.53261891
5212,5054092.0932379365
5213,5054050.689734817
5214,5055064.714488864
5215,5054546.915896893
5216,5054076.875807166
5217,5054133.205920637
5218,5053748.320848942
5219,5053691.3520540595
5220,5053668.838630199
5221,5053297.551985264
5222,5053137.361463308
5223,5053291.555621326
5224,5053583.870217353
5225,5053284.629356265
5226,5053574.219992399
5227,5054253.938295752
5228,5053448.611740172
5229,5053150.013071418
5230,5053952.462701261
5231,5054141.76935637
5232,5053187.121593416
5233,5054365.9945191145
5234,5052990.041706324
5235,5053874.13695395
5236,5054116.393332183
5237,5053371.508501887
5238,5053472.208741963
5239,5053672.585080802
5240,5053867.868974447
5241,5053183.41505295
5242,5053239.762625575
5243,5054146.823577344
5244,5052820.5990103185
5245,5053878.75792551
5246,5054336.400627196
5247,5053130.250728369
5248,5053180.574102193
5249,5053297.174016684
5250,5054519.542235076
5251,5054014.627867162
5252,5053571.92170167
5253,5053341.495719463
5254,5053907.298621535
5255,5053103.087548733
5256,5053227.800624549
5257,5053581.15665096
5258,5054524.715123981
5259,5053279.5098030865
5260,5053520.722492099
5261,5053715.266871214
5262,5053174.527010679
5263,5053062.029242814
5264,5052794.563811123
5265,5052743.563018143
5266,5053530.234307289
5267,5053427.025548577
5268,5054331.647713006
5269,5053634.935575187
5270,5053802.793673694
5271,5053132.364653766
5272,5052874.8008829355
5273,5052725.662182331
5274,5052753.472465873
5275,5053436.158209205
5276,5053918.638738871
5277,5053245.365513593
5278,5052955.807261348
5279,5055665.742848694
5280,5053398.377196729
5281,5053194.890454382
5282,5053096.240861237
5283,5052946.406218886
5284,5052393.644465625
5285,5053083.82801947
5286,5052937.506842434
5287,5052361.100804508
5288,5053270.943916261
5289,5053276.930195987
5290,5053046.5579455495
5291,5052890.700157583
5292,5052832.720450401
5293,5053109.487796485
5294,5052781.581647813
5295,5052488.542321503
5296,5052343.717454582
5297,5053172.568456352
5298,5053091.991197139
5299,5052766.781701744
5300,5053510.047280908
5301,5052843.14956069
5302,5052165.433525205
5303,5052244.688405991
5304,5052636.441190958
5305,5052946.277307808
5306,5053021.136406004
5307,5052619.306065321
5308,5051971.122175932
5309,5052227.635866523
5310,5052844.880587995
5311,5053278.106989026
5312,5052219.911582172
5313,5052420.206390798
5314,5052576.711655349
5315,5051960.222196102
5316,5052493.988826901
5317,5052524.730416954
5318,5052155.427841872
5319,5051858.784311652
5320,5052118.696374834
5321,5053725.473648101
5322,5051954.832141757
5323,5052783.452901542
5324,5052500.506153047
5325,5052250.158901751
5326,5053031.572977662
5327,5052553.470937729
5328,5051843.673997879
5329,5053104.19775939
5330,5052153.811118424
5331,5052263.833750904
5332,5052474.906281531
5333,5051674.097983509
5334,5052368.3000971675
5335,5052408.963389248
5336,5051782.9431628585
5337,5052448.793652415
5338,5052474.171487987
5339,5051671.451885164
5340,5052193.100171983
5341,5053609.17936641
5342,5052629.5034425855
5343,5052002.6847913265
5344,5052201.6476126015
5345,5051808.13521722
5346,5053339.199111223
5347,5052524.908052504
5348,5051903.832645953
5349,5051520.502279639
5350,5051842.502497554
5351,5051656.973250926
5352,5051615.113533139
5353,5052340.708577096
5354,5052025.7516255975
5355,5051910.220786691
5356,5051935.67173028
5357,5051444.546558619
5358,5051826.0433424115
5359,5051436.953396082
5360,5051626.232038379
5361,5052257.189633369
5362,5052504.393828273
5363,5051734.074265659
5364,5051878.034526378
5365,5051723.95173493
5366,5052000.607111394
5367,5051979.534545183
5368,5051627.433899641
5369,5051731.533154726
5370,5052046.919301152
5371,5051122.927220881
5372,5052519.556984365
5373,5051427.840331614
5374,5051458.879380286
5375,5051836.644596815
5376,5052565.838471949
5377,5051690.0333916545
5378,5051126.903848648
5379,5051332.859986454
5380,5052977.916362584
5381,5051233.238553762
5382,5051133.232378721
5383,5051226.343673408
5384,5051771.063812733
5385,5051671.838683665
5386,5050886.676915705
5387,5051130.880296439
5388,5051706.081727743
5389,5051859.902558148
5390,5052105.355327189
5391,5051141.93843174
5392,5051350.084569901
5393,5051068.939002752
5394,5051194.256659985
5395,5051142.692327231
5396,5052132.818196058
5397,5051149.118333757
5398,5051767.567748636
5399,5050734.852617741
5400,5051253.709819913
5401,5051581.882649958
5402,5050912.891147554
5403,5051894.562172055
5404,5051164.231711388
5405,5052012.531024009
5406,5051751.696067572
5407,5051812.391394287
5408,5052617.147780657
5409,5051247.3299661875
5410,5051509.418887883
5411,5051967.648216248
5412,5050901.012612939
5413,5051267.403163791
5414,5052241.065419495
5415,5051025.080986738
5416,5051485.485437036
5417,5050717.560144544
5418,5051133.789610326
5419,5050987.074780524
5420,5050904.344645619
5421,5051616.579178333
5422,5050749.872855008
5423,5050872.317446947
5424,5050955.338270068
5425,5051458.549369156
5426,5050612.996251345
5427,5051136.00144881
5428,5051185.019167662
5429,5052111.990784228
5430,5051784.17831105
5431,5051178.497382015
5432,5051170.394626856
5433,5051091.345035315
5434,5051157.089633167
5435,5050813.701667279
5436,5050972.120120287
5437,5050319.696618676
5438,5051236.863794982
5439,5050760.242994428
5440,5051624.914511621
5441,5050638.933275759
5442,5051968.961275399
5443,5050498.605880141
5444,5050864.363859266
5445,5050897.9360207915
5446,5050383.831344545
5447,5050786.210768402
5448,5050938.4542658925
5449,5050174.717015862
5450,5050656.53760612
5451,5050277.22584641
5452,5051035.443941891
5453,5050576.565177649
5454,5050722.05535233
5455,5050539.638538271
5456,5050639.08314085
5457,5050126.8048992455
5458,5050377.029522002
5459,5050963.184809685
5460,5050001.416456699
5461,5051948.415795386
5462,5050490.715137184
5463,5050556.287613809
5464,5051164.310564876
5465,5050499.596243858
5466,5050138.767320991
5467,5050391.587362587
5468,5050921.335649252
5469,5050305.923527718
5470,5050825.259815037
5471,5050607.273434401
5472,5050809.833041042
5473,5052553.338958979
5474,5049787.221481442
5475,5050648.128831089
5476,5050206.547734022
5477,5050772.975311756
5478,5049618.807934046
5479,5050175.119437933
5480,5050219.608579785
5481,5050146.034903109
5482,5050622.556622267
5483,5050662.991491437
5484,5050379.678024769
5485,5050230.702419281
5486,5050046.607107937
5487,5050266.290704608
5488,5049888.246611834
5489,5050116.723608673
5490,5051169.326530039
5491,5049958.055077016
5492,5050115.075683832
5493,5050009.767136812
5494,5050775.884604782
5495,5049905.959782451
5496,5050264.004636407
5497,5050188.76972115
5498,5049942.130699962
5499,5048954.610007703
5500,5050655.254350781
5501,5050076.905829191
5502,5050962.89052856
5503,5050006.595493078
5504,5050764.462158978
5505,5049871.736404747
5506,5049867.676563054
5507,5050197.770955265
5508,5050170.201659203
5509,5050392.111716986
5510,5051001.435403287
5511,5051328.4048110545
5512,5049927.73763302
5513,5050277.548578322
5514,5049992.079058111
5515,5050042.117530882
5516,5049320.84105742
5517,5049643.333169639
5518,5049751.799927413
5519,5050073.040480971
5520,5050062.428450108
5521,5049853.232345581
5522,5050106.348678529
5523,5049707.496372104
5524,5049599.654393911
5525,5050141.758383036
5526,5050165.731851578
5527,5050329.708126247
5528,5049186.781310141
5529,5048922.727089107
5530,5049707.834833443
5531,5049824.520065665
5532,5050366.247776628
5533,5049126.973032773
5534,5049979.510285735
5535,5051261.669958711
5536,5049455.402876377
5537,5049466.761575222
5538,5049966.222351968
5539,5049460.241125971
5540,5049538.153644443
5541,5049524.751570165
5542,5049710.801407337
5543,5049008.514808297
5544,5050023.817910075
5545,5049050.953764677
5546,5049452.668963194
5547,5049775.526931912
5548,5049700.362704515
5549,5048585.002256453
5550,5049102.358873159
5551,5049410.192833394
5552,5049258.7315350175
5553,5049469.632335842
5554,5049651.9740124345
5555,5049357.260916233
5556,5049206.017931819
5557,5050106.914693832
5558,5049156.934136957
5559,5049593.44038105
5560,5049015.979240298
5561,5049267.249650955
5562,5049315.035288215
5563,5049471.597046196
5564,5050966.239085317
5565,5049276.366728485
5566,5049706.664400518
5567,5049664.714960456
5568,5048991.420101762
5569,5050181.237036526
5570,5049155.205137223
5571,5049600.875616431
5572,5048891.390860081
5573,5048663.545794308
5574,5048744.351973593
5575,5048730.248687506
5576,5048816.379108906
5577,5049134.182539344
5578,5048971.807976395
5579,5048930.321221232
5580,5048601.7427091
5581,5049488.6746252775
5582,5049524.976990819
5583,5049235.346615046
5584,5048905.41915983
5585,5048362.22702083
5586,5049062.633558333
5587,5048811.570985556
5588,5048666.737190604
5589,5049884.082562834
5590,5048567.221741557
5591,5048845.091933429
5592,5048782.247986317
5593,5049072.805566907
5594,5049381.06399554
5595,5048630.075653344
5596,5048697.725470066
5597,5048879.959996313
5598,5049133.899703354
5599,5049180.8143004775
5600,5049195.745878816
5601,5048973.858091623
5602,5049146.735879213
5603,5048441.09231022
5604,5048503.994613171
5605,5049111.131644487
5606,5048960.131259561
5607,5049172.900644362
5608,5049290.402941227
5609,5049240.306232512
5610,5049183.121394336
5611,5048633.843977332
5612,5048337.492112458
5613,5048255.519544095
5614,5048252.047326744
5615,5048734.44142279
5616,5048221.465433955
5617,5048043.18126905
5618,5048571.092402339
5619,5048419.263323009
5620,5049595.819469571
5621,5048237.377757549
5622,5048803.244221032
5623,5049024.67203933
5624,5048092.269398093
5625,5048093.856276035
5626,5048683.287425488
5627,5048948.481715739
5628,5047890.583989561
5629,5048543.415602177
5630,5047381.523581237
5631,5048336.545683026
5632,5048213.344568729
5633,5048084.443727553
5634,5047832.835313141
5635,5048303.786789805
5636,5049492.011536479
5637,5048410.077479899
5638,5048247.952779055
5639,5048977.818596423
5640,5048321.427855134
5641,5048287.174246073
5642,5048233.645383894
5643,5048662.297525942
5644,5049013.575763643
5645,5048939.60966748
5646,5048197.740459353
5647,5048066.402790248
5648,5048333.5903968215
5649,5048381.3561115265
5650,5048145.80520153
5651,5048546.038099945
5652,5048761.201948583
5653,5048191.929148197
5654,5049428.9704761505
5655,5048071.094359398
5656,5047955.122766435
5657,5048311.175065815
5658,5048138.264804959
5659,5048723.359980166
5660,5048569.349531233
5661,5047842.513530105
5662,5048249.515559137
5663,5048042.972875804
5664,5048194.023767889
5665,5048021.866751313
5666,5047689.201364279
5667,5048471.346162438
5668,5048259.40339458
5669,5048650.714731991
5670,5048482.519335419
5671,5048028.556662291
5672,5047774.96847254
5673,5047444.751745582
5674,5048090.768161178
5675,5047985.198028803
5676,5047989.637121797
5677,5047525.805171967
5678,5049035.922158152
5679,5047693.257878959
5680,5048534.168762535
5681,5048112.589142114
5682,5047870.581594974
5683,5047915.539172232
5684,5047472.945031732
5685,5047830.759130806
5686,5048059.140968561
5687,5047770.917987347
5688,5047945.287397563
5689,5047528.828992367
5690,5048445.2669401765
5691,5048273.973915428
5692,5047568.574602544
5693,5047743.859152913
5694,5047833.568052769
5695,5048587.716751456
5696,5047481.29075259
5697,5047443.031788528
5698,5047510.953218341
5699,5047621.988819003
5700,5047969.153426707
5701,5047167.0707068145
5702,5047902.410646081
5703,5047485.859246373
5704,5047596.819266975
5705,5048549.321119785
5706,5047475.077950597
5707,5047560.958055347
5708,5047484.888770938
5709,5047883.928261876
5710,5048085.359549224
5711,5047554.713442981
5712,5047004.0068205595
5713,5047385.378110737
5714,5047732.411258101
5715,5048315.793909848
5716,5047320.168959111
5717,5048184.84169659
5718,5047306.737670839
5719,5047695.057267368
5720,5046991.854083478
5721,5047310.958110094
5722,5047418.272074699
5723,5047401.7080791
5724,5048290.713528931
5725,5047674.173714042
5726,5048301.631818682
5727,5047024.174846768
5728,5047743.018427402
5729,5047403.81041497
5730,5047184.559210509
5731,5046877.953336537
5732,5047376.595133662
5733,5047196.651717424
5734,5047233.753669679
5735,5047438.903088868
5736,5046974.766983449
5737,5047492.476398408
5738,5047309.880354434
5739,5047557.520303398
5740,5046722.4208319485
5741,5047922.073300183
5742,5047133.058930576
5743,5046789.579399258
5744,5047250.141760111
5745,5047061.392516613
5746,5047203.585128069
5747,5046850.406212926
5748,5047554.032039344
5749,5046974.212244272
5750,5047178.452581167
5751,5047210.790126264
5752,5047112.547792673
5753,5048312.810022771
5754,5046655.957989335
5755,5047263.438417435
5756,5046944.754624188
5757,5046730.400570989
5758,5047023.213860869
5759,5046614.161342561
5760,5046710.021704316
5761,5047164.198504329
5762,5046763.821614444
5763,5047711.415779173
5764,5046828.812121481
5765,5047180.169408202
5766,5046693.704479754
5767,5046729.722391963
5768,5046751.353850007
5769,5047413.481060296
5770,5046785.425733715
5771,5046501.93161124
5772,5046785.600514829
5773,5046972.116181374
5774,5047414.815131962
5775,5047332.161300361
5776,5047269.593247354
5777,5046642.666417658
5778,5046610.07506299
5779,5046896.883035541
5780,5047032.384624839
5781,5046587.750077307
5782,5046919.138018668
5783,5046768.400826991
5784,5047055.706787318
5785,5046950.259104133
5786,5046715.2181661725
5787,5046568.009582579
5788,5046512.443497717
5789,5046268.6776947975
5790,5046719.5007484555
5791,5046876.159779489
5792,5046777.222052157
5793,5047173.190611482
5794,5046448.34820205
5795,5046892.884347141
5796,5046183.2044323385
5797,5046895.368411779
5798,5046788.952253163
5799,5046481.310519218
5800,5047516.447153866
5801,5047464.798707247
5802,5046269.558653176
5803,5046581.518247366
5804,5045983.15462026
5805,5047011.889472753
5806,5046345.4898558855
5807,5046928.398134053
5808,5046320.089640081
5809,5046257.441163242
5810,5046291.833953172
5811,5046102.07661283
5812,5046279.810168743
5813,5046626.772134781
5814,5047025.858448833
5815,5047392.801871896
5816,5046137.980706215
5817,5046558.578959048
5818,5046577.820898533
5819,5046680.236283243
5820,5046387.163503408
5821,5046386.246641338
5822,5046301.2529910505
5823,5046329.743801683
5824,5046441.176110715
5825,5046440.376633555
5826,5046229.979904532
5827,5046616.725753844
5828,5046031.632805288
5829,5046003.692624927
5830,5046748.528143942
5831,5046203.684163868
5832,5046423.742524266
5833,5046246.030837238
5834,5046379.269554138
5835,5046830.034481168
5836,5046463.429219067
5837,5045814.652087003
5838,5046025.198154509
5839,5046107.493800908
5840,5046915.279311657
5841,5046489.529833972
5842,5046108.652084112
5843,5046204.440916449
5844,5046356.1288431585
5845,5046600.110124826
5846,5046475.541505754
5847,5047259.884275258
5848,5045954.7863125205
5849,5046250.384129763
5850,5045756.944255352
5851,5045950.983418107
5852,5046694.080336988
5853,5045844.566489041
5854,5046174.372040063
5855,5046290.384225011
5856,5045950.770773053
5857,5046230.482074559
5858,5046100.264082551
5859,5045598.269448519
5860,5045663.953083813
5861,5046234.174725473
5862,5046056.190260589
5863,5045453.087616026
5864,5045818.701661348
5865,5046864.716026425
5866,5046798.479724824
5867,5045576.382212937
5868,5045605.445537627
5869,5045411.518894255
5870,5046771.965039283
5871,5045877.574315667
5872,5046140.897858769
5873,5045252.229277492
5874,5045580.584946871
5875,5045803.9668082
5876,5045196.283290684
5877,5046372.910515785
5878,5046150.809119463
5879,5045236.145093083
5880,5045510.899842501
5881,5045419.966074526
5882,5046015.529781699
5883,5046173.752371669
5884,5045009.378679752
5885,5045696.967777461
5886,5045813.04960227
5887,5045428.867824793
5888,5045570.361989379
5889,5045940.445459306
5890,5045880.272024155
5891,5045947.344884872
5892,5045386.454872966
5893,5045597.024848372
5894,5045890.127440631
5895,5045520.766882032
5896,5045434.025009841
5897,5045193.105266333
5898,5045629.647307694
5899,5046315.209859788
5900,5046778.533860207
5901,5046519.01003927
5902,5045397.462183237
5903,5044999.3367727995
5904,5045427.94801563
5905,5045116.501906276
5906,5045351.427658975
5907,5045918.701609492
5908,5045782.170384198
5909,5045382.7244436145
5910,5045528.086839765
5911,5045145.7621379495
5912,5044732.00294137
5913,5045002.670945644
5914,5045818.871347249
5915,5044773.831255138
5916,5045586.094929099
5917,5045620.116166472
5918,5045003.1016227305
5919,5045613.656213105
5920,5044926.434114099
5921,5045060.343950033
5922,5045190.392908037
5923,5045031.713758588
5924,5045747.552173555
5925,5045090.847972393
5926,5045217.853531182
5927,5045176.041042805
5928,5045998.552805543
5929,5044548.587237716
5930,5045028.252200186
5931,5045652.090982258
5932,5045948.496427476
5933,5044743.154585063
5934,5045012.93675825
5935,5044981.054854214
5936,5045278.837150693
5937,5044922.181184381
5938,5045151.0089854
5939,5045351.839146197
5940,5046374.954138815
5941,5045323.151697397
5942,5045395.745418549
5943,5045488.116558105
5944,5045374.432407081
5945,5045268.212509036
5946,5045640.664957404
5947,5045327.197430849
5948,5045451.923039138
5949,5044731.5253017545
5950,5044893.142596275
5951,5045101.968313336
5952,5045749.63337478
5953,5045312.7853937745
5954,5044861.759280741
5955,5045094.627240151
5956,5044420.925866663
5957,5044889.760197282
5958,5044489.421641529
5959,5044450.741305411
5960,5045204.050968766
5961,5044812.708785653
5962,5044314.085675836
5963,5045012.286723912
5964,5045227.247498989
5965,5045112.161358297
5966,5044402.395881176
5967,5045129.9497309625
5968,5044792.028776765
5969,5045021.612861574
5970,5045179.244238973
5971,5044918.911135495
5972,5045561.126334608
5973,5044070.314273417
5974,5044821.985648274
5975,5045256.086537957
5976,5044551.576357126
5977,5044859.602887809
5978,5044900.292726636
5979,5045194.991303772
5980,5044348.836058259
5981,5045066.0566881895
5982,5044798.886427879
5983,5044392.941674113
5984,5044297.00933975
5985,5044903.233289659
5986,5045150.003943801
5987,5044252.120470345
5988,5044554.5843997
5989,5044624.6776738465
5990,5044638.3437591195
5991,5044920.97473228
5992,5044693.393181026
5993,5044012.294308782
5994,5044931.872710705
5995,5045068.878596127
5996,5044493.380050689
5997,5044857.480087459
5998,5044396.091784358
5999,5044326.929889083
6000,5044333.102970839
6001,5045757.40903461
6002,5044439.037315071
6003,5044189.943661153
6004,5044348.986848474
6005,5044738.1181922555
6006,5044938.347332954
6007,5044759.174096495
6008,5044927.089672327
6009,5044738.87238282
6010,5044410.786502957
6011,5045016.946244538
6012,5044853.180174172
6013,5044888.353764683
6014,5044920.740485311
6015,5044630.460578799
6016,5044492.00243938
6017,5045060.302254975
6018,5044746.302709937
6019,5044926.409612
6020,5044415.314524174
6021,5044767.716647118
6022,5043850.392193019
6023,5045095.177625179
6024,5044416.6994050145
6025,5044417.575713456
6026,5043941.685015291
6027,5044562.363085598
6028,5044351.84089601
6029,5044950.839217454
6030,5044247.64841947
6031,5044693.448263943
6032,5044234.026173592
6033,5043789.457799494
6034,5044034.0881332755
6035,5044240.947399557
6036,5044178.060388386
6037,5044659.853233039
6038,5044188.067210674
6039,5045004.78745991
6040,5044171.692652702
6041,5044315.555039585
6042,5044090.96753788
6043,5043923.752920121
6044,5044149.184577763
6045,5044089.672805071
6046,5044511.705949903
6047,5044652.221246779
6048,5044172.848462701
6049,5043441.756724
6050,5043731.390052557
6051,5044287.024454594
6052,5043853.625282645
6053,5043523.363740981
6054,5044360.2536838055
6055,5043909.221846223
6056,5043493.085812241
6057,5045019.257990181
6058,5043986.367818534
6059,5043895.295808136
6060,5043140.560778737
6061,5044039.274727881
6062,5044089.4309414625
6063,5044183.263393879
6064,5043464.53210032
6065,5044123.43571341
6066,5044081.215690404
6067,5044060.697119951
6068,5043776.355401933
6069,5044265.150993347
6070,5043876.090572745
6071,5043638.904660344
6072,5043736.172479808
6073,5043916.793380916
6074,5043845.523666382
6075,5043234.919616461
6076,5044536.139123559
6077,5043565.788774043
6078,5044001.465342283
6079,5043923.031396389
6080,5044292.452121168
6081,5044080.93659097
6082,5044571.899983346
6083,5043289.010492295
6084,5044353.401889145
6085,5043248.033139765
6086,5044039.007357895
6087,5043425.98292774
6088,5043485.320917249
6089,5044150.827035636
6090,5043939.415115833
6091,5044326.641407609
6092,5043536.873492062
6093,5043530.592487276
6094,5043545.973589063
6095,5043723.977966905
6096,5044152.70672977
6097,5043547.143702567
6098,5043676.2232580185
6099,5043506.039184213
6100,5043263.8839687705
6101,5043041.082915723
6102,5043382.731508911
6103,5043783.064191163
6104,5043511.968493462
6105,5043253.969038248
6106,5043107.120492905
6107,5043322.2731048465
6108,5043246.869922817
6109,5044078.105142355
6110,5043374.915029049
6111,5043259.961223543
6112,5043129.180642903
6113,5043586.451587081
6114,5043159.954702258
6115,5043298.967250049
6116,5042890.340578973
6117,5043140.499337852
6118,5043765.956287265
6119,5044042.278076947
6120,5043582.508269429
6121,5043389.405670553
6122,5044330.859811366
6123,5044119.90525496
6124,5043697.712119222
6125,5043486.695395917
6126,5043036.096073747
6127,5043291.332550585
6128,5043381.696726084
6129,5043490.6565102935
6130,5043605.6276115775
6131,5043542.319459856
6132,5043433.5304790735
6133,5043315.78120774
6134,5042903.776940107
6135,5042685.474411696
6136,5043555.859498143
6137,5043144.222252369
6138,5043873.962360084
6139,5043065.895623207
6140,5044163.9051494
6141,5043675.516636968
6142,5043499.034512162
6143,5043673.9702448845
6144,5043531.316334724
6145,5042925.562430263
6146,5042920.318301171
6147,5043507.197092712
6148,5042884.334771931
6149,5042650.708520949
6150,5043047.329525679
6151,5043178.16858393
6152,5043572.432347834
6153,5043015.709691584
6154,5043546.172356993
6155,5043149.004483759
6156,5042724.810845345
6157,5043696.091784179
6158,5043023.042402327
6159,5042522.906456351
6160,5042730.937451363
6161,5043130.746325582
6162,5043380.86587292
6163,5043041.198320925
6164,5042759.814218044
6165,5043531.182368875
6166,5043256.816415846
6167,5042927.628060818
6168,5043326.933827698
6169,5042960.263116956
6170,5042951.987816632
6171,5043391.874274254
6172,5042828.179813355
6173,5042826.911865056
6174,5042461.560775101
6175,5042775.282872498
6176,5042699.235770464
6177,5043208.505181849
6178,5042994.045357704
6179,5043005.164134353
6180,5042480.746843189
6181,5042361.720455885
6182,5042886.442468762
6183,5042908.328017682
6184,5042829.037925482
6185,5042791.194758415
6186,5042831.4433146715
6187,5042728.430215418
6188,5043236.49053061
6189,5042090.925065875
6190,5042160.395924032
6191,5043070.515496254
6192,5042793.787484646
6193,5042369.317912161
6194,5042841.130892336
6195,5042534.872496426
6196,5042421.270463228
6197,5043183.34799844
6198,5043705.051762521
6199,5042636.176644325
6200,5042957.0247936845
6201,5042515.472820878
6202,5042029.562797666
6203,5042194.646351129
6204,5042557.791277409
6205,5042979.434989989
6206,5043285.769956976
6207,5042537.306765735
6208,5043172.5463446975
6209,5043041.823663771
6210,5042479.458775818
6211,5043066.660695434
6212,5042844.692167103
6213,5042516.230716169
6214,5042669.878655285
6215,5042541.745894194
6216,5042475.439087391
6217,5043381.143694282
6218,5044541.722924262
6219,5041921.328716725
6220,5042247.44851774
6221,5042330.137422144
6222,5042238.248356283
6223,5042555.220363259
6224,5042515.620103359
6225,5043137.368347347
6226,5042795.9708198905
6227,5043007.546528518
6228,5042334.493006021
6229,5042745.957652718
6230,5041644.201048315
6231,5042779.524470925
6232,5041881.669136703
6233,5042638.948075354
6234,5042418.145852804
6235,5042577.478286922
6236,5042668.348635018
6237,5042474.983893514
6238,5042436.904252291
6239,5042372.342094183
6240,5042312.360708892
6241,5042776.111801267
6242,5042639.774758339
6243,5041841.026038349
6244,5042701.272096932
6245,5042416.174826384
6246,5042092.412317932
6247,5041679.65005219
6248,5042288.201164782
6249,5042915.305848926
6250,5042050.137747169
6251,5042353.243844688
6252,5042837.772029102
6253,5042181.105715156
6254,5042506.223015457
6255,5043292.720208108
6256,5042327.141091704
6257,5041990.419945836
6258,5042569.204974055
6259,5042102.701661944
6260,5042355.140812606
6261,5042786.664985299
6262,5042827.130944192
6263,5042477.557812214
6264,5042848.335985482
6265,5042312.490300834
6266,5042245.255121946
6267,5042430.568870366
6268,5042345.874628961
6269,5042691.555212975
6270,5042096.269824266
6271,5041570.453278303
6272,5041797.507178932
6273,5041614.673882246
6274,5042226.656217635
6275,5042208.357838392
6276,5042407.820719063
6277,5042244.90165627
6278,5041995.416828573
6279,5042013.40565151
6280,5042132.935564458
6281,5041542.571058929
6282,5041796.648502827
6283,5041967.636398345
6284,5042330.983368933
6285,5042098.0233569145
6286,5042035.802081108
6287,5042222.968772411
6288,5042173.17436105
6289,5042682.170672357
6290,5041694.232879758
6291,5042238.355538607
6292,5042553.407185197
6293,5042065.007949561
6294,5041797.85484004
6295,5042788.725123167
6296,5041830.841704935
6297,5041819.654477298
6298,5041724.766135603
6299,5042276.336605847
6300,5042145.531594813
6301,5041461.392601043
6302,5041862.358881235
6303,5042003.159503579
6304,5041826.942259729
6305,5042018.957362294
6306,5041754.346702576
6307,5042109.9075264335
6308,5041861.286200643
6309,5041664.668787479
6310,5042536.0612151325
6311,5041944.413146734
6312,5041316.2947663665
6313,5042379.906069815
6314,5041757.215519786
6315,5041018.86185956
6316,5041973.754207253
6317,5041869.3452124
6318,5041971.135083735
6319,5042265.894414753
6320,5041701.999503851
6321,5041666.479256868
6322,5041418.256998777
6323,5042011.391151845
6324,5041758.406712711
6325,5042272.29613781
6326,5041699.2380408645
6327,5041538.741020918
6328,5041751.9380337
6329,5042223.8175595105
6330,5041807.202078223
6331,5041857.7424016
6332,5041395.685172141
6333,5041039.556972742
6334,5041579.710071266
6335,5041171.746200025
6336,5041669.972543895
6337,5041803.1606372595
6338,5041553.1537358165
6339,5041606.483025253
6340,5041532.285642743
6341,5041506.658061743
6342,5041861.656150579
6343,5041711.773100555
6344,5041731.426615894
6345,5041472.742393315
6346,5041529.67495048
6347,5041007.0949168205
6348,5041976.714797139
6349,5041672.131437361
6350,5041695.062640995
6351,5041737.580827355
6352,5041257.949331999
6353,5041254.699247241
6354,5041354.640630424
6355,5041494.495091915
6356,5041500.467439055
6357,5041431.919029057
6358,5041323.763044596
6359,5042238.710071802
6360,5041453.83801204
6361,5041181.364591181
6362,5041123.821120799
6363,5041281.502342999
6364,5041131.418928266
6365,5042042.037142426
6366,5041457.116497397
6367,5041838.224265099
6368,5041229.469773442
6369,5041499.632054627
6370,5041265.564162433
6371,5041373.585051298
6372,5041016.28312856
6373,5040970.94298774
6374,5041375.772310972
6375,5041040.324304581
6376,5041761.978209496
6377,5041229.629232228
6378,5040822.288776457
6379,5041484.559375703
6380,5041687.174018383
6381,5041174.405692518
6382,5040750.324897051
6383,5041022.938305378
6384,5041682.47838825
6385,5041075.414229214
6386,5041517.14724654
6387,5040547.058964729
6388,5040659.738245726
6389,5041207.956904888
6390,5040811.372690141
6391,5041052.4362773895
6392,5041699.277903557
6393,5041348.290742874
6394,5041162.306530297
6395,5041047.017066777
6396,5040784.322508514
6397,5041524.92807287
6398,5041040.944496334
6399,5040971.625583738
6400,5041543.500855923
6401,5040919.554763913
6402,5041783.203829408
6403,5041261.398753524
6404,5041744.809821665
6405,5041165.988974214
6406,5041166.357259631
6407,5041022.594522357
6408,5041354.294823885
6409,5041408.757799447
6410,5040571.103574753
6411,5040845.919251204
6412,5041183.123497248
6413,5041220.355683476
6414,5040801.457727611
6415,5041222.923032463
6416,5040987.874639034
6417,5041273.478236735
6418,5040614.2373538315
6419,5040632.307269514
6420,5041302.172387242
6421,5041196.942256272
6422,5041072.703575373
6423,5041536.9947927
6424,5041591.534410149
6425,5041341.932331562
6426,5040518.48938632
6427,5040764.450516313
6428,5041193.047937691
6429,5040832.588206232
6430,5041279.6314998865
6431,5040531.389248192
6432,5040793.028112054
6433,5040936.961450577
6434,5041466.190426767
6435,5040640.419984907
6436,5040383.398037195
6437,5041184.766829014
6438,5040578.130799115
6439,5040913.667703152
6440,5040754.704089522
6441,5040316.157900035
6442,5041077.670324445
6443,5041063.166850269
6444,5040464.9547255635
6445,5040230.854417443
6446,5040641.476883054
6447,5040655.072652519
6448,5040717.825625449
6449,5040512.439373374
6450,5040781.611726642
6451,5040243.708003759
6452,5041030.855615139
6453,5040607.568787098
6454,5041270.866877586
6455,5040347.259134531
6456,5040627.218668312
6457,5041432.441622376
6458,5040088.391958773
6459,5040765.920052528
6460,5040748.713231325
6461,5040707.925584316
6462,5040899.442146778
6463,5040725.478594959
6464,5040649.938266814
6465,5040339.630976737
6466,5040138.833758652
6467,5041174.696062386
6468,5040598.351338148
6469,5040119.196680844
6470,5040638.849717975
6471,5040649.225272357
6472,5041098.64472419
6473,5040356.514878035
6474,5040372.37847966
6475,5041063.082557142
6476,5040570.932563484
6477,5040298.831530988
6478,5040306.99991557
6479,5040443.622573495
6480,5040699.048799366
6481,5040478.472931087
6482,5041085.106985986
6483,5040716.2006956935
6484,5040930.247229874
6485,5040330.156552911
6486,5040295.809690714
6487,5040461.215650082
6488,5040345.438117325
6489,5039755.11804837
6490,5040065.596496165
6491,5040550.694648743
6492,5040385.94187808
6493,5040011.006913781
6494,5040248.716790915
6495,5040243.13576591
6496,5040111.848168403
6497,5039872.307001114
6498,5040510.744089305
6499,5040109.207499623
6500,5040163.10727334
6501,5040307.533549786
6502,5040138.827276289
6503,5040417.949394405
6504,5040575.794757754
6505,5040420.829973102
6506,5040864.575201154
6507,5040342.673901498
6508,5040441.259002984
6509,5040673.137979925
6510,5040344.035308003
6511,5040576.867034316
6512,5040089.812351763
6513,5039941.913337767
6514,5040248.534188092
6515,5040363.683834076
6516,5040898.860049546
6517,5040082.785371244
6518,5039805.060998976
6519,5041589.588430464
6520,5040184.714844406
6521,5040600.967028916
6522,5040453.483764559
6523,5040477.76303345
6524,5039984.922367454
6525,5040436.457280576
6526,5040214.613579392
6527,5040173.199466288
6528,5040397.246644348
6529,5040143.995716512
6530,5040342.716089934
6531,5040002.596104503
6532,5040515.099857211
6533,5040386.611576498
6534,5039748.075464249
6535,5040688.773476422
6536,5040100.454910994
6537,5039904.2829268575
6538,5040623.121342301
6539,5040171.383679152
6540,5039850.15785563
6541,5040315.702400386
6542,5040351.96046859
6543,5039698.623649359
6544,5040161.203757763
6545,5040042.178511977
6546,5040398.263856113
6547,5039861.613242388
6548,5039329.167267621
6549,5040080.585772872
6550,5039984.900790513
6551,5040058.139941931
6552,5039681.672573268
6553,5040116.7094813585
6554,5040289.425762951
6555,5040132.6246925
6556,5040049.035771966
6557,5039334.705494165
6558,5040018.78445971
6559,5039520.777130306
6560,5039580.424512982
6561,5039943.24655202
6562,5040272.672379732
6563,5039722.733093023
6564,5039762.04112348
6565,5040452.020433396
6566,5040436.190607727
6567,5039936.529697955
6568,5040027.036369145
6569,5040934.455977321
6570,5039813.075316668
6571,5039962.182740867
6572,5040401.638329029
6573,5040025.926017404
6574,5039673.427229494
6575,5040581.031734705
6576,5040401.691231191
6577,5039672.411174595
6578,5040071.682453811
6579,5039572.509512782
6580,5039862.992315203
6581,5039913.3803037405
6582,5040202.201413751
6583,5039778.284140348
6584,5039902.54483515
6585,5039905.342789054
6586,5040093.11336562
6587,5040141.038277984
6588,5039281.373526573
6589,5039766.661278963
6590,5040021.928368568
6591,5039580.174085259
6592,5039474.597266614
6593,5039797.064773798
6594,5040589.920806587
6595,5039706.820741951
6596,5039807.902651072
6597,5039331.200689316
6598,5040190.098544717
6599,5039609.303226262
6600,5039463.859879166
6601,5039176.150504172
6602,5039930.257162094
6603,5040405.262510598
6604,5039919.921616733
6605,5039390.421916604
6606,5039597.219905734
6607,5040089.736682624
6608,5039184.350156963
6609,5039517.253185004
6610,5039854.3765800595
6611,5039544.607240796
6612,5039328.932595134
6613,5039888.924002945
6614,5039847.554924905
6615,5039382.637280345
6616,5039283.039999366
6617,5039795.4911311865
6618,5039952.429673612
6619,5039873.975159377
6620,5039288.265502572
6621,5039195.249920338
6622,5040014.328389466
6623,5039356.143546641
6624,5039306.716439486
6625,5039426.946276993
6626,5039513.968531609
6627,5040133.691312879
6628,5039204.012070566
6629,5039451.614959598
6630,5039559.652305543
6631,5039125.109215349
6632,5039476.080578327
6633,5039316.2687577605
6634,5039892.18371439
6635,5039381.673543096
6636,5039449.594753623
6637,5039531.945888072
6638,5039551.475501031
6639,5039569.351317704
6640,5040085.569498539
6641,5040198.647385001
6642,5039651.990601659
6643,5039607.513574779
6644,5038802.72431922
6645,5039915.8211841285
6646,5039542.38817516
6647,5039388.647317231
6648,5039509.693648696
6649,5039104.100376368
6650,5039168.921873301
6651,5039165.840118229
6652,5039726.745022267
6653,5039152.274635136
6654,5039405.885868013
6655,5039527.209407896
6656,5039358.789040387
6657,5039668.394881964
6658,5039353.350000739
6659,5039107.638226688
6660,5038829.831296861
6661,5039417.729694217
6662,5039219.2062469125
6663,5039261.509511769
6664,5039046.399962068
6665,5039366.960174561
6666,5040110.959533036
6667,5038878.022440672
6668,5039206.204838634
6669,5039171.775026739
6670,5039421.829196513
6671,5039206.8886801
6672,5038949.630213916
6673,5039634.36546582
6674,5038965.330595106
6675,5038944.926744521
6676,5039846.286765814
6677,5039711.678092271
6678,5039076.078090429
6679,5039476.906186432
6680,5039481.949864775
6681,5038994.9850155115
6682,5038969.142639697
6683,5038694.361197948
6684,5038973.874997556
6685,5038975.227178931
6686,5039012.057373464
6687,5038977.501258582
6688,5039193.18402338
6689,5039244.096274912
6690,5039306.74794656
6691,5038558.46133852
6692,5038770.162727237
6693,5039237.898450762
6694,5038871.207148731
6695,5039366.553117156
6696,5039359.215797782
6697,5039344.115809381
6698,5038696.114458084
6699,5039258.708607584
6700,5039006.117244124
6701,5038401.555414259
6702,5039017.987149328
6703,5039077.307738066
6704,5039259.975846946
6705,5038184.218514383
6706,5039083.469576716
6707,5038924.860183775
6708,5038806.12855497
6709,5039108.926376462
6710,5039134.96611172
6711,5038774.22908783
6712,5039189.409769118
6713,5038590.333841205
6714,5039167.098928928
6715,5039226.2098014355
6716,5038954.174745351
6717,5038944.234693348
6718,5038958.9992283285
6719,5039239.723059297
6720,5038104.188386619
6721,5038187.320681751
6722,5038993.8467669785
6723,5039284.517386019
6724,5038691.827157557
6725,5038436.663622916
6726,5039854.20301944
6727,5038602.692674696
6728,5038538.214138269
6729,5039472.014573216
6730,5038836.957953036
6731,5039020.922465503
6732,5038723.333170652
6733,5038969.219346523
6734,5038710.470566928
6735,5039244.606079817
6736,5039122.384097129
6737,5038672.600514591
6738,5038967.695498347
6739,5038682.605135977
6740,5039235.028864682
6741,5038920.441579819
6742,5038896.4246634245
6743,5038216.26844883
6744,5038646.288502395
6745,5038924.20394969
6746,5038946.92472893
6747,5038450.140812039
6748,5038587.965656579
6749,5039280.564667821
6750,5038452.119189441
6751,5038296.80961749
6752,5038643.866170287
6753,5038795.040876746
6754,5038522.8978408575
6755,5038666.712201297
6756,5039272.837615311
6757,5038571.026416481
6758,5038561.445595562
6759,5038652.607594013
6760,5038796.779326141
6761,5039168.56093806
6762,5038557.761637449
6763,5039414.576792806
6764,5039007.683268487
6765,5038842.770734429
6766,5039227.187442303
6767,5039019.622623146
6768,5039413.856989741
6769,5039013.726645082
6770,5038373.11838901
6771,5038112.690213263
6772,5038217.393827379
6773,5039612.687715173
6774,5038414.658651888
6775,5039310.947200239
6776,5038264.363884628
6777,5038386.790116429
6778,5038206.852870345
6779,5038739.630307496
6780,5038274.336446166
6781,5038123.903372467
6782,5038916.659427971
6783,5038552.617299527
6784,5038535.816688895
6785,5038758.320194721
6786,5037905.138400376
6787,5038631.488243699
6788,5038366.463956952
6789,5038596.926843524
6790,5039582.653913021
6791,5038745.30045253
6792,5038777.647026539
6793,5038572.199926496
6794,5038520.290331423
6795,5038246.573876858
6796,5038891.864983559
6797,5038590.664277315
6798,5038011.032739282
6799,5038500.844612598
6800,5038816.794989705
6801,5038667.083882928
6802,5038210.711051464
6803,5038313.333794355
6804,5038471.084583938
6805,5037993.166812837
6806,5038133.030711174
6807,5037844.500412524
6808,5038221.5306969285
6809,5038307.830218196
6810,5038545.354298532
6811,5038119.115425348
6812,5038886.661498606
6813,5038541.70914793
6814,5037684.535940975
6815,5038183.69079721
6816,5038313.835731506
6817,5038563.9874693155
6818,5038098.357346833
6819,5038332.83414793
6820,5038659.0615621805
6821,5038272.100882113
6822,5038304.361554444
6823,5038317.576588452
6824,5038422.534901202
6825,5038634.518558621
6826,5038205.989117414
6827,5038496.622995675
6828,5037528.484916747
6829,5038740.810980797
6830,5038842.576146543
6831,5038350.980620623
6832,5038103.839945495
6833,5039035.696250677
6834,5038133.975253642
6835,5038125.434091896
6836,5038253.1481438875
6837,5039050.279813409
6838,5037946.4827696085
6839,5038170.837556243
6840,5038059.930238187
6841,5037885.031440556
6842,5037722.479521871
6843,5038429.209947169
6844,5037993.144736439
6845,5038111.9095391035
6846,5038902.658699751
6847,5037965.937638938
6848,5037927.662158787
6849,5038304.6241377
6850,5037660.5160532
6851,5038073.409595966
6852,5037945.112922251
6853,5038104.061002314
6854,5038012.299197942
6855,5038274.171772301
6856,5037810.801360369
6857,5038215.379888058
6858,5037805.155781329
6859,5038358.732009172
6860,5038100.996932536
6861,5037782.231088281
6862,5038059.138328195
6863,5038384.098653078
6864,5038097.178782046
6865,5038209.619175017
6866,5038257.898219287
6867,5038282.2674309015
6868,5037992.2987241745
6869,5038061.876492679
6870,5038150.820097089
6871,5037936.193061292
6872,5038235.150558233
6873,5038027.8289526105
6874,5038476.052990854
6875,5037810.634749472
6876,5037886.495292842
6877,5037816.730957925
6878,5037981.528826654
6879,5037930.823544353
6880,5037664.080001771
6881,5037920.974388123
6882,5037297.528167129
6883,5037745.3774834275
6884,5037854.295656741
6885,5037565.010279477
6886,5037698.368449211
6887,5037989.793896198
6888,5037778.242723197
6889,5038703.820995331
6890,5037940.3284317255
6891,5038644.00987798
6892,5037637.874403954
6893,5037584.227595806
6894,5037981.101650059
6895,5038112.288104713
6896,5037805.501085728
6897,5037900.932885915
6898,5037819.712162197
6899,5037586.061613262
6900,5037580.458481967
6901,5037719.244915605
6902,5038020.064318776
6903,5037878.894154906
6904,5037283.909601569
6905,5037583.856142521
6906,5037917.698900938
6907,5038324.052074969
6908,5038153.790078819
6909,5037673.39878121
6910,5037648.931931078
6911,5037239.33736527
6912,5037771.454971433
6913,5037730.499908984
6914,5037361.062780499
6915,5037976.368595302
6916,5038093.795606136
6917,5037979.74693799
6918,5037693.419298917
6919,5037985.198916256
6920,5037219.2410084605
6921,5037186.5595088005
6922,5037855.925577819
6923,5037853.341252208
6924,5037628.045848012
6925,5037389.352065682
6926,5037679.193627775
6927,5036981.2226394415
6928,5037792.557261109
6929,5037574.808386952
6930,5038061.542732716
6931,5037594.447583497
6932,5036980.295913696
6933,5038149.899810791
6934,5038110.664445996
6935,5037833.413315833
6936,5037084.557945371
6937,5037924.116881192
6938,5037960.681859314
6939,5037561.729745626
6940,5037809.680421412
6941,5037527.32678318
6942,5038355.878239274
6943,5037321.436684072
6944,5037445.736449897
6945,5037397.784709811
6946,5037642.440902889
6947,5037937.997531891
6948,5037543.523346603
6949,5037357.607227027
6950,5037960.940487444
6951,5037197.136763424
6952,5037644.675406933
6953,5037192.519346297
6954,5037902.600850821
6955,5038313.369484723
6956,5037457.84317714
6957,5037735.946970522
6958,5038273.966345966
6959,5037814.550439537
6960,5037444.82372874
6961,5037310.784667909
6962,5037520.692302883
6963,5037238.385130703
6964,5037251.90533191
6965,5037211.411915064
6966,5037128.229944885
6967,5037853.756865859
6968,5037382.152264118
6969,5036948.027115762
6970,5037132.28248024
6971,5037423.637155235
6972,5036792.846399903
6973,5037458.980762243
6974,5037896.355322897
6975,5037070.329969406
6976,5036963.927316666
6977,5037178.683205128
6978,5037353.487077415
6979,5037682.262457281
6980,5037346.727728248
6981,5036918.52071017
6982,5036934.164947569
6983,5036739.765803039
6984,5037361.669152141
6985,5037545.48026073
6986,5037810.536254644
6987,5037522.149020195
6988,5037181.157005906
6989,5036726.24111855
6990,5037797.557379127
6991,5037253.063086212
6992,5037223.8814454675
6993,5037173.054504037
6994,5036798.585896254
6995,5037492.576961458
6996,5037288.23175633
6997,5036849.361032128
6998,5037465.416166902
6999,5037345.947463572
7000,5036995.205563664
7001,5037387.2161259055
7002,5037343.395275891
7003,5037156.326557517
7004,5037044.066768974
7005,5036942.410578728
7006,5037265.019434452
7007,5037259.295925438
7008,5037568.5391943455
7009,5036954.053477943
7010,5037368.471463561
7011,5037031.281829536
7012,5036868.713000298
7013,5037333.490781307
7014,5037664.874937892
7015,5037419.650293767
7016,5037091.5589309335
7017,5037167.378741622
7018,5037250.935481608
7019,5036955.5688634515
7020,5037221.18865186
7021,5037540.11326766
7022,5037914.994875252
7023,5036988.095073819
7024,5037078.887137413
7025,5037389.574337751
7026,5036420.195469558
7027,5036667.6461491585
7028,5037127.956498563
7029,5037080.097611129
7030,5036390.542562664
7031,5037375.145515084
7032,5037131.460259676
7033,5037138.525967479
7034,5036347.992791623
7035,5037322.83901608
7036,5036657.394640803
7037,5036871.383303702
7038,5036991.740776718
7039,5037340.086179614
7040,5037279.802445203
7041,5038055.1090608835
7042,5037170.951341152
7043,5036919.778644979
7044,5037052.327083468
7045,5037479.027518451
7046,5037010.776788235
7047,5036786.655448288
7048,5037212.92938599
7049,5036639.447080016
7050,5036561.207343578
7051,5036709.537835658
7052,5036557.732000828
7053,5037059.808080077
7054,5036904.89630121
7055,5037209.154704809
7056,5037194.828194678
7057,5037521.207551658
7058,5036700.862211108
7059,5036742.395732284
7060,5037167.300272524
7061,5037004.259493589
7062,5037017.650325775
7063,5036644.941417992
7064,5036600.919462383
7065,5036583.458685517
7066,5036889.346795231
7067,5037017.297082901
7068,5036737.738562703
7069,5036596.752831191
7070,5037243.508494735
7071,5037201.406429738
7072,5036931.976096094
7073,5036532.824244499
7074,5036869.032508314
7075,5036877.134456754
7076,5036834.607309341
7077,5037302.430963039
7078,5036854.26969403
7079,5036646.258783996
7080,5036819.298130989
7081,5036853.905726194
7082,5036432.965958357
7083,5036803.600137234
7084,5036778.4480166435
7085,5036675.304827273
7086,5036647.411064088
7087,5036997.331799448
7088,5037280.763217509
7089,5037081.798171163
7090,5037047.845621824
7091,5036287.612934709
7092,5036823.759925067
7093,5036397.357176185
7094,5036797.478618503
7095,5036512.605305254
7096,5036535.771872997
7097,5037107.759367704
7098,5036332.95548135
7099,5036557.8505682945
7100,5036779.725089133
7101,5037242.76226604
7102,5036990.483885169
7103,5036819.707135677
7104,5036796.27904278
7105,5036115.093457103
7106,5036393.807443738
7107,5036243.816375226
7108,5036616.558817893
7109,5036435.842199087
7110,5036510.665001214
7111,5036452.309575081
7112,5036823.001611233
7113,5036737.296341956
7114,5036765.738996506
7115,5036398.664656639
7116,5036247.747634351
7117,5036835.29911828
7118,5036719.197314918
7119,5036363.742320061
7120,5036534.960125864
7121,5036432.931915104
7122,5036423.68736285
7123,5036554.656808734
7124,5036382.434944153
7125,5036688.033430457
7126,5036663.827631563
7127,5036527.006850421
7128,5035939.274106681
7129,5036256.888160169
7130,5036170.870877683
7131,5036495.877912521
7132,5036445.84114027
7133,5036704.095196545
7134,5037460.6040866375
7135,5037007.829198688
7136,5036632.001859307
7137,5036149.870495021
7138,5036855.484692514
7139,5037954.758864343
7140,5036700.06298098
7141,5036670.255381763
7142,5036533.7590020895
7143,5036251.83145988
7144,5036680.334495962
7145,5036623.89782387
7146,5036836.3247125745
7147,5036302.462187827
7148,5036441.292841673
7149,5036191.060839951
7150,5036342.948780835
7151,5036623.668167889
7152,5036668.33431375
7153,5036185.06921953
7154,5036531.2787929475
7155,5036488.023583949
7156,5036258.959693611
7157,5036057.316284835
7158,5036070.994776845
7159,5036070.489541531
7160,5036559.724767089
7161,5036188.379411429
7162,5036730.990180969
7163,5036307.068393469
7164,5036566.381505311
7165,5036684.648805678
7166,5035907.05313468
7167,5036072.796128094
7168,5036596.584261715
7169,5036590.576787531
7170,5036242.663489521
7171,5036551.3638010025
7172,5036163.554087698
7173,5036426.030435324
7174,5036636.14025104
7175,5036606.134384155
7176,5035988.020335376
7177,5035569.939724535
7178,5036272.597938299
7179,5036482.088701844
7180,5036174.699271679
7181,5035963.757132381
7182,5036626.908101082
7183,5036442.076699734
7184,5035706.630805969
7185,5035694.792289376
7186,5035911.018290043
7187,5036019.66078347
7188,5036255.0335665345
7189,5035831.349599481
7190,5036905.445555508
7191,5036116.905119956
7192,5036352.322222233
7193,5035983.329497397
7194,5035884.247253358
7195,5036768.945797503
7196,5036885.487174064
7197,5036012.276667088
7198,5036025.656142443
7199,5035987.858644843
7200,5036849.8170464635
7201,5036110.710574269
7202,5036124.721183002
7203,5036239.316686392
7204,5036338.77051425
7205,5036141.79715997
7206,5036736.059422761
7207,5036296.2230618
7208,5036281.663255274
7209,5035716.494665593
7210,5036216.549578339
7211,5035946.672604561
7212,5036573.319386125
7213,5035799.426045716
7214,5035759.651828945
7215,5036584.83430624
7216,5036405.632753372
7217,5035835.459606886
7218,5035592.388732016
7219,5036085.8615196645
7220,5035787.518001378
7221,5036407.966455281
7222,5036660.825417489
7223,5036242.8545506
7224,5036118.149265677
7225,5035774.537536979
7226,5036033.558423281
7227,5035261.211374074
7228,5035799.345073342
7229,5036311.834876299
7230,5035727.042004168
7231,5035568.830853641
7232,5035995.453820616
7233,5035762.199291587
7234,5036086.277544558
7235,5035718.847507715
7236,5035991.378882766
7237,5035769.031701803
7238,5035690.268921912
7239,5035825.361369014
7240,5035867.966754377
7241,5036323.953681231
7242,5036231.572673142
7243,5036161.327048659
7244,5036197.311463952
7245,5035981.974789679
7246,5036125.503162324
7247,5035573.778726727
7248,5036116.1171884835
7249,5035813.981489539
7250,5036184.317794412
7251,5035669.500582486
7252,5035879.570427984
7253,5036486.526166767
7254,5035288.284645736
7255,5036186.058578372
7256,5036212.02843976
7257,5035738.474190384
7258,5035648.506923914
7259,5035406.822573632
7260,5035971.528866798
7261,5035907.606614381
7262,5036129.609568834
7263,5036020.227032185
7264,5036091.021035492
7265,5035890.058481276
7266,5035570.703394592
7267,5035428.296754599
7268,5035951.96361208
7269,5035805.812182784
7270,5035766.5920959115
7271,5035925.611706674
7272,5036456.557966113
7273,5035960.033642352
7274,5035774.924511492
7275,5035980.95903182
7276,5035924.224439561
7277,5035859.704351962
7278,5036018.350716531
7279,5035519.710820794
7280,5036125.179721892
7281,5036027.2604314685
7282,5036166.449946165
7283,5035518.961038977
7284,5035214.857689559
7285,5035329.7079334855
7286,5035765.231521457
7287,5035660.50581032
7288,5035857.4762996435
7289,5035986.720282912
7290,5035429.267257929
7291,5035932.436272919
7292,5036166.288610578
7293,5035940.065128684
7294,5035730.822421253
7295,5035664.605317593
7296,5035785.914176285
7297,5035693.523754239
7298,5035997.004217625
7299,5035340.017680168
7300,5035562.451638997
7301,5035283.746804386
7302,5035971.104492605
7303,5035314.070139289
7304,5034971.885519743
7305,5035239.9630916715
7306,5035699.2153227925
7307,5035313.791092873
7308,5036041.243792415
7309,5035703.6438525915
7310,5036054.388848901
7311,5035780.551738679
7312,5035523.451698035
7313,5035786.771282077
7314,5036100.489099741
7315,5035866.9631332755
7316,5035775.842060268
7317,5035998.257129252
7318,5035514.943021476
7319,5036062.292784631
7320,5035688.241579056
7321,5036210.527308345
7322,5035877.36220634
7323,5035117.1825912
7324,5035556.01596272
7325,5035788.205691844
7326,5035354.882995248
7327,5036086.124872327
7328,5036238.837027371
7329,5035391.793653846
7330,5035096.84372586
7331,5036229.79197675
7332,5035337.854004264
7333,5035693.63876161
7334,5035380.139546096
7335,5035081.594267726
7336,5035657.940549672
7337,5035805.004838169
7338,5035377.213207781
7339,5035490.007547259
7340,5035979.712737858
7341,5035904.03822571
7342,5035893.095922112
7343,5035560.359724283
7344,5035693.251374781
7345,5035139.333904088
7346,5035288.530581772
7347,5035449.720821351
7348,5035948.5433654785
7349,5034917.144581944
7350,5035891.537905514
7351,5035354.075530678
7352,5035713.105009079
7353,5034949.31965369
7354,5035069.027237952
7355,5035653.746499956
7356,5035780.201979101
7357,5035586.892244339
7358,5035502.619903386
7359,5036225.161622524
7360,5035350.976768076
7361,5035296.1497294605
7362,5035270.44469893
7363,5035351.5446635485
7364,5035152.684366763
7365,5034867.645857573
7366,5035455.793523252
7367,5035446.450871468
7368,5035230.0296372175
7369,5035459.314211965
7370,5035118.8832553625
7371,5035627.062167466
7372,5035160.371767044
7373,5035440.04210645
7374,5035055.094073892
7375,5035343.415309191
7376,5035238.497331262
7377,5035419.529889822
7378,5035195.592286646
7379,5035671.780800879
7380,5034988.284586787
7381,5035739.239584863
7382,5034854.6825739145
7383,5035551.268372357
7384,5035291.743699491
7385,5035558.259849548
7386,5035128.903892338
7387,5035128.798030615
7388,5035923.760484755
7389,5034722.166531354
7390,5035066.339908004
7391,5035228.986098766
7392,5034608.037599862
7393,5035437.879158616
7394,5035077.635218412
7395,5035705.381703019
7396,5035052.857416511
7397,5034843.714140058
7398,5034916.404656231
7399,5034864.093495607
7400,5035159.227634072
7401,5034733.509333134
7402,5035064.371653825
7403,5035353.524158776
7404,5035206.309819579
7405,5035050.857341111
7406,5035152.741378844
7407,5034945.295793176
7408,5034760.930832446
7409,5035469.2890869975
7410,5035017.172827601
7411,5034733.506545216
7412,5035317.103131801
7413,5035063.617579341
7414,5035071.308719277
7415,5035309.199230611
7416,5035239.67693615
7417,5035158.791228026
7418,5034980.171175301
7419,5034763.095390141
7420,5035262.098994672
7421,5034816.180691063
7422,5035075.352923632
7423,5034992.163205028
7424,5035592.9867017865
7425,5035126.216997325
7426,5034898.318419993
7427,5035358.920867264
7428,5035311.394625604
7429,5035057.277076721
7430,5034962.767728835
7431,5034597.09388864
7432,5035177.468260884
7433,5035067.082510501
7434,5035088.55658555
7435,5035006.772840083
7436,5035802.637906194
7437,5035286.529858112
7438,5034799.303377986
7439,5034822.417495191
7440,5034977.61002779
7441,5034782.650393844
7442,5034778.136846334
7443,5035608.297403812
7444,5035342.624498367
7445,5035068.524306476
7446,5035356.085235894
7447,5034782.371800214
7448,5034803.423776209
7449,5035515.398506284
7450,5035345.542363346
7451,5034719.5843933225
7452,5035172.981819034
7453,5035452.44174391
7454,5034869.695532203
7455,5035359.701962173
7456,5035324.049685836
7457,5034828.648011744
7458,5034820.3152906895
7459,5034626.956356108
7460,5035013.8274614215
7461,5035026.268522978
7462,5034854.865478814
7463,5034378.759461105
7464,5034487.478299111
7465,5035262.640105963
7466,5035034.181720108
7467,5035078.606333584
7468,5034815.262976408
7469,5035240.1147018075
7470,5035479.98160845
7471,5035035.013201356
7472,5035274.36610195
7473,5035975.325083375
7474,5035148.17432788
7475,5034933.057106644
7476,5035375.408192158
7477,5034944.751935959
7478,5034714.954461604
7479,5034465.823777556
7480,5034888.52387464
7481,5034385.203534722
7482,5034483.070445001
7483,5034111.174640477
7484,5034670.930465579
7485,5034717.663674027
7486,5035312.801325858
7487,5035007.007670224
7488,5035662.897899628
7489,5035168.794305921
7490,5034927.224633455
7491,5035232.096585214
7492,5034562.45484066
7493,5035060.201039791
7494,5035009.5782033205
7495,5034375.831026018
7496,5035288.503524423
7497,5035115.186720133
7498,5034827.016661525
7499,5034781.936039686
7500,5034683.134221375
7501,5034965.431628466
7502,5034906.021790385
7503,5035432.98217231
7504,5035061.293371677
7505,5034681.207548082
7506,5034863.738457382
7507,5034978.283149362
7508,5034814.438329458
7509,5034167.967665195
7510,5034992.921736896
7511,5035111.429017931
7512,5035264.727410853
7513,5035064.71025151
7514,5034392.729898214
7515,5035146.494105816
7516,5034365.942645073
7517,5035307.918383241
7518,5034699.065063655
7519,5035072.485329568
7520,5034517.98097986
7521,5035103.222774863
7522,5034169.600271046
7523,5035120.398819089
7524,5034629.322285056
7525,5034459.294146478
7526,5034487.617618978
7527,5034874.163176358
7528,5034913.606529295
7529,5034313.436282456
7530,5034622.680785477
7531,5034554.528339058
7532,5034898.409312397
7533,5034857.788423419
7534,5034781.338249803
7535,5034496.166907728
7536,5034494.718819261
7537,5034681.177568376
7538,5034261.726867586
7539,5034880.376891851
7540,5034833.896488845
7541,5034392.724930048
7542,5034610.701683164
7543,5034266.339790225
7544,5034447.25219959
7545,5035116.451729298
7546,5034778.26642397
7547,5034225.751382977
7548,5034584.6211707
7549,5034580.265784383
7550,5034423.683589488
7551,5034557.440751404
7552,5033851.851122558
7553,5034028.279115796
7554,5034246.837948382
7555,5034689.760577738
7556,5034322.426468432
7557,5034266.104069233
7558,5034674.006744921
7559,5034358.118192852
7560,5034048.285822451
7561,5034677.100521743
7562,5034712.38343209
7563,5034535.282907844
7564,5034465.505476713
7565,5034639.725471914
7566,5034495.647811711
7567,5034665.449052781
7568,5034723.894056082
7569,5035040.212410092
7570,5034692.05305478
7571,5034118.980364263
7572,5033830.750385165
7573,5035242.2332571745
7574,5034307.43510282
7575,5034079.694154143
7576,5034773.330096304
7577,5034572.439513266
7578,5034369.214376926
7579,5034234.269803584
7580,5034678.776080668
7581,5034391.105727673
7582,5034606.571474731
7583,5034464.459696591
7584,5034573.761240423
7585,5034165.076022416
7586,5034361.612785935
7587,5034306.92202872
7588,5034969.819611251
7589,5034760.804215789
7590,5034477.405147672
7591,5034242.753559768
7592,5034497.999650419
7593,5034681.231905401
7594,5034955.513099849
7595,5034810.98803401
7596,5033750.558429837
7597,5034112.468388975
7598,5034236.735622048
7599,5034527.822530746
7600,5034473.880137563
7601,5033700.504284084
7602,5035187.746121526
7603,5034625.665369809
7604,5034235.55868721
7605,5033893.6897704005
7606,5034403.752912223
7607,5034182.951228261
7608,5033935.725224972
7609,5034390.677599788
7610,5034358.580755651
7611,5034553.7856141925
7612,5034597.760257006
7613,5034225.395953357
7614,5034437.072263002
7615,5034397.225837886
7616,5034642.158088505
7617,5034102.7333197
7618,5034236.261906654
7619,5033746.069867253
7620,5034676.78828156
7621,5034493.388692141
7622,5034790.932221949
7623,5034017.771387517
7624,5033894.86931181
7625,5033743.561390877
7626,5033834.759535849
7627,5034737.928693354
7628,5034087.954665214
7629,5034118.828842223
7630,5034492.684931457
7631,5034513.484832644
7632,5033861.530146837
7633,5035029.027372628
7634,5034782.703597665
7635,5033999.459472686
7636,5034466.301855564
7637,5034118.752106249
7638,5034466.730263412
7639,5033943.82534337
7640,5034890.985095322
7641,5034011.786276996
7642,5034420.404672682
7643,5034132.787141353
7644,5033940.440401554
7645,5033977.385247588
7646,5033697.703410298
7647,5034558.751622319
7648,5034681.5322299
7649,5034434.120626837
7650,5034296.552051425
7651,5033790.691325724
7652,5034160.851484954
7653,5034196.750071168
7654,5034293.825712919
7655,5034177.51133132
7656,5034359.922151595
7657,5033748.465611815
7658,5033785.627198458
7659,5033625.369674623
7660,5035128.228732884
7661,5034127.455667794
7662,5034345.2948204875
7663,5034071.86646986
7664,5034091.67514497
7665,5034024.471795082
7666,5033800.517244101
7667,5034352.177820504
7668,5033849.611486375
7669,5034093.689802051
7670,5034031.219393551
7671,5034076.062218249
7672,5033769.103034735
7673,5034230.08427459
7674,5034338.850158334
7675,5033912.189682722
7676,5033920.314745069
7677,5033898.627738833
7678,5034367.701927245
7679,5034080.39529568
7680,5034034.464043796
7681,5033794.891695797
7682,5034251.180779099
7683,5033917.288898587
7684,5034067.381315529
7685,5034458.639005542
7686,5033995.595317423
7687,5033637.318270087
7688,5033669.079575121
7689,5033727.584780753
7690,5034044.605931222
7691,5034794.1734442115
7692,5034154.944098234
7693,5033656.107939541
7694,5033539.245023131
7695,5034145.892209768
7696,5034034.840714246
7697,5034306.52944538
7698,5033614.086529076
7699,5035209.235511363
7700,5033749.199867308
7701,5034030.202344835
7702,5033755.837498307
7703,5033718.095075011
7704,5034526.027763665
7705,5034515.953072429
7706,5033846.946690559
7707,5034133.870365858
7708,5033704.979221016
7709,5034199.4781496525
7710,5033523.384343505
7711,5034108.478283167
7712,5034458.198245287
7713,5033547.28154701
7714,5033987.615113497
7715,5033734.422547042
7716,5033346.6309505105
7717,5033914.685029507
7718,5033890.783298373
7719,5033941.046414912
7720,5034139.288614482
7721,5033253.15677914
7722,5033525.086056232
7723,5034064.779676437
7724,5033911.030061007
7725,5034265.58618319
7726,5034071.175121069
7727,5033845.634428412
7728,5034586.276919067
7729,5033861.130652398
7730,5033954.518427551
7731,5033435.640890598
7732,5033582.403817356
7733,5034140.581386477
7734,5033658.921461523
7735,5033842.373761117
7736,5034402.475849152
7737,5033960.303117275
7738,5033623.00248763
7739,5033385.993971765
7740,5034178.433274865
7741,5033840.944600463
7742,5033703.698287785
7743,5033503.684155464
7744,5033664.472109914
7745,5034088.531253785
7746,5033286.865376025
7747,5033495.708207786
7748,5033590.448655188
7749,5033830.495129108
7750,5033556.498661518
7751,5034055.100618482
7752,5034127.2069453
7753,5034043.378695428
7754,5033824.358233333
7755,5033510.897508442
7756,5033814.908167899
7757,5033813.193430722
7758,5034263.501827925
7759,5034065.68033129
7760,5033602.991058111
7761,5034572.346465945
7762,5033990.789080501
7763,5034167.295992553
7764,5033666.157988846
7765,5033640.699904472
7766,5034142.759732246
7767,5034242.4824306965
7768,5034281.903393209
7769,5033525.4343290925
7770,5034257.241435409
7771,5033818.5803441405
7772,5034397.187757313
7773,5034168.511911064
7774,5033494.0994541645
7775,5033657.363538593
7776,5034132.058812499
7777,5033588.645433843
7778,5033120.3893761635
7779,5033478.894332409
7780,5033843.511811793
7781,5033634.798151135
7782,5033847.913659513
7783,5033970.628919482
7784,5033484.117795348
7785,5033296.528034925
7786,5033655.414704382
7787,5033209.010971248
7788,5033875.96239841
7789,5033352.6605403125
7790,5034191.747605324
7791,5034023.765628099
7792,5033573.4309026
7793,5033598.890028417
7794,5033960.324102342
7795,5034114.594484359
7796,5033533.008928835
7797,5033514.901552439
7798,5033332.66667372
7799,5033414.931860745
7800,5033795.779076278
7801,5033520.1939483285
7802,5033447.403952658
7803,5033452.162391365
7804,5033869.777280092
7805,5033518.003926575
7806,5033953.983682394
7807,5034095.003178209
7808,5033268.433712065
7809,5033460.539647102
7810,5033372.633229852
7811,5033696.217880726
7812,5033459.841101229
7813,5033944.8918479085
7814,5033916.574497819
7815,5033883.880818009
7816,5033402.727602363
7817,5033546.567211866
7818,5033698.266602248
7819,5033727.523955673
7820,5033297.23550421
7821,5033586.718637705
7822,5033285.23525852
7823,5033564.078822255
7824,5033163.727802217
7825,5033326.777240932
7826,5033053.03873679
7827,5034014.214339882
7828,5034483.135968506
7829,5033453.042271495
7830,5033749.691568613
7831,5033730.963472307
7832,5033191.3899457455
7833,5032948.983800173
7834,5033400.912533581
7835,5033697.892394751
7836,5033668.896188796
7837,5033620.147203326
7838,5033598.440202892
7839,5034084.029267371
7840,5033893.054875374
7841,5033452.0225791335
7842,5033062.693490028
7843,5033735.922979832
7844,5033319.76186043
7845,5033535.69889918
7846,5033490.719084024
7847,5033503.486885726
7848,5033707.061764777
7849,5033125.758005142
7850,5032915.244989991
7851,5033966.937586367
7852,5033173.656227529
7853,5033896.741487384
7854,5033574.273360789
7855,5033384.641287208
7856,5033106.884929091
7857,5033441.829654962
7858,5033272.818946898
7859,5033129.653150797
7860,5033247.330621183
7861,5033709.118154138
7862,5033013.318642795
7863,5033461.51108104
7864,5033366.645417631
7865,5033146.131822526
7866,5033247.109552741
7867,5033463.470387399
7868,5033123.81592536
7869,5033197.435778379
7870,5032582.832136899
7871,5033518.833603978
7872,5034239.242992014
7873,5033180.317667514
7874,5033224.806779623
7875,5033152.105808139
7876,5032846.260674238
7877,5033419.360827684
7878,5033732.6765275
7879,5033429.828624964
7880,5033078.273606896
7881,5033820.158402562
7882,5033036.5897010565
7883,5033594.079975963
7884,5033426.892160416
7885,5033347.536247045
7886,5032912.522312462
7887,5033289.67392379
7888,5033096.350083113
7889,5033847.524442732
7890,5033733.077230573
7891,5033251.123079956
7892,5033171.539978743
7893,5033295.4026482105
7894,5033743.1328575015
7895,5033193.920253217
7896,5033484.938901067
7897,5033260.282493651
7898,5033289.616850793
7899,5033300.4421675205
7900,5033352.283167183
7901,5033166.366647184
7902,5033188.795992434
7903,5032994.330864012
7904,5033135.921839625
7905,5033471.809226304
7906,5033242.575135767
7907,5032954.93986392
7908,5032689.446481168
7909,5033129.289264023
7910,5033603.437736899
7911,5033494.659493685
7912,5033277.903812349
7913,5033151.738455117
7914,5033026.110826433
7915,5032648.848782182
7916,5033511.892246783
7917,5033396.611869752
7918,5032731.948033124
7919,5033278.252965242
7920,5033284.225702167
7921,5033239.626080692
7922,5033270.851672441
7923,5033646.700937718
7924,5033054.55402863
7925,5033826.757148206
7926,5032960.960101008
7927,5033290.716099739
7928,5033559.168074369
7929,5033034.865654051
7930,5033047.103114784
7931,5032580.071575701
7932,5033340.006696761
7933,5033521.578027844
7934,5033038.798732519
7935,5033000.186377406
7936,5033163.034149408
7937,5033217.782702804
7938,5033141.6918827295
7939,5033153.71709004
7940,5033150.503121018
7941,5033033.312696815
7942,5033475.037884057
7943,5032844.366505176
7944,5032928.514460087
7945,5033116.879296541
7946,5033601.742537826
7947,5032608.445248753
7948,5033266.810689092
7949,5032918.700866044
7950,5033322.235489607
7951,5033298.799617946
7952,5033819.904930651
7953,5033028.557623744
7954,5033184.901333541
7955,5033122.199351668
7956,5033078.351826489
7957,5033019.617629856
7958,5033126.301718473
7959,5033485.270212293
7960,5033712.458809257
7961,5032853.050285667
7962,5033119.458918989
7963,5033186.404839516
7964,5032829.180196315
7965,5033322.866000712
7966,5033657.79128176
7967,5032481.417318404
7968,5033092.579289913
7969,5033573.179280639
7970,5032958.404382527
7971,5032615.539760649
7972,5033312.056173623
7973,5032790.255067408
7974,5033175.2283145785
7975,5033229.222336233
7976,5033009.867177218
7977,5032766.11762917
7978,5032589.326425374
7979,5032883.213526964
7980,5032951.9080712795
7981,5032883.942942768
7982,5033169.453988016
7983,5033371.52251339
7984,5032491.253654659
7985,5032993.838066161
7986,5032938.947969437
7987,5033316.088479936
7988,5033509.542557538
7989,5032743.988875568
7990,5033258.174344808
7991,5032635.161319077
7992,5032848.091346562
7993,5032983.959766746
7994,5032622.401490748
7995,5033015.47727406
7996,5033330.972392768
7997,5033015.597654521
7998,5032757.952911735
7999,5032921.523139805
8000,5033071.615447462
8001,5032683.538193464
8002,5033060.406562686
8003,5032783.396600664
8004,5033526.038097918
8005,5032957.878629088
8006,5032975.983262897
8007,5032791.588483989
8008,5033032.917820334
8009,5032765.710334063
8010,5032640.9457739
8011,5032874.010510057
8012,5033143.439142942
8013,5033164.7821519375
8014,5033170.540647149
8015,5032591.36405459
8016,5032749.629922271
8017,5033065.129577279
8018,5032759.6283077
8019,5032895.186245859
8020,5033469.432245076
8021,5032906.612440735
8022,5032726.878965259
8023,5033128.784467161
8024,5032684.674035966
8025,5033100.186927378
8026,5032723.702873349
8027,5033039.320274234
8028,5032394.711481333
8029,5033280.0055247545
8030,5032589.61376667
8031,5031832.376528144
8032,5033203.375777125
8033,5032983.416065931
8034,5032724.6608392
8035,5033540.719368488
8036,5032813.177115321
8037,5033499.680175751
8038,5032877.100706756
8039,5032651.1748767495
8040,5033037.003274173
8041,5032770.642531335
8042,5032203.057911396
8043,5033268.179622114
8044,5032973.439952731
8045,5032432.19016552
8046,5032463.700565696
8047,5033358.724397898
8048,5032855.722785473
8049,5033064.625200868
8050,5033300.96638006
8051,5032998.592126608
8052,5032600.241199374
8053,5032845.216658175
8054,5033387.783787072
8055,5032658.1681803465
8056,5032438.685575187
8057,5033016.41229403
8058,5032919.510498285
8059,5033321.479729116
8060,5032618.392291009
8061,5032653.17171371
8062,5032800.69139117
8063,5032965.72083199
8064,5032213.084362268
8065,5032930.2567714155
8066,5032680.480797529
8067,5032584.784878552
8068,5032561.244738579
8069,5032243.506824017
8070,5032880.109561741
8071,5032681.408288479
8072,5032591.174898922
8073,5032362.474376321
8074,5032810.237898707
8075,5032955.075849116
8076,5032878.648336053
8077,5032690.124261677
8078,5032556.6730437875
8079,5032967.396032155
8080,5032670.603709519
8081,5032588.100908786
8082,5033240.331189871
8083,5032697.027894378
8084,5032581.454123557
8085,5033071.747967005
8086,5032430.4156093
8087,5032506.284180343
8088,5032855.4299096465
8089,5032602.740840197
8090,5032408.418017089
8091,5032737.006157458
8092,5032947.344769537
8093,5032286.501380861
8094,5032942.599030733
8095,5032421.345592618
8096,5032557.485074341
8097,5032480.915290892
8098,5032411.048757613
8099,5032598.212598056
8100,5032779.2387981415
8101,5032676.593758464
8102,5032647.115514278
8103,5032741.283039421
8104,5032872.5068003535
8105,5033258.803626299
8106,5033330.544929385
8107,5032568.32494539
8108,5032313.968095243
8109,5032603.358872473
8110,5032807.504181862
8111,5032676.262095273
8112,5033304.297638208
8113,5032774.600564539
8114,5032463.778959632
8115,5032269.584590256
8116,5032603.680290103
8117,5032198.395956039
8118,5032209.548933059
8119,5032879.526095033
8120,5032474.314756453
8121,5032797.199639171
8122,5032326.686199993
8123,5032935.576439917
8124,5032728.591065466
8125,5032355.1395017505
8126,5032251.271233141
8127,5032734.051114142
8128,5032724.610366762
8129,5032024.612129152
8130,5032961.084272623
8131,5032108.833021879
8132,5032990.908986688
8133,5032673.22821337
8134,5032420.675074697
8135,5032712.750267357
8136,5032528.616603136
8137,5032685.715089321
8138,5032306.150900006
8139,5032761.808780074
8140,5032911.4480547905
8141,5032231.5844346285
8142,5032958.11032474
8143,5032501.177387416
8144,5032900.979384929
8145,5032968.869363666
8146,5032032.5447948575
8147,5032600.396250695
8148,5032675.348394394
8149,5032370.020062149
8150,5033099.865899324
8151,5032673.502636552
8152,5032190.812623858
8153,5032968.245979607
8154,5032145.620770484
8155,5032756.493128419
8156,5032242.845930874
8157,5032631.580369532
8158,5032603.485239208
8159,5032886.699463487
8160,5032616.482331514
8161,5032662.449739695
8162,5032365.733903348
8163,5032275.445942819
8164,5031532.836919963
8165,5032278.239971042
8166,5032323.860167801
8167,5032138.575000167
8168,5032565.756833911
8169,5032425.410495102
8170,5032736.626605153
8171,5033104.187122107
8172,5032445.770048797
8173,5032292.726972222
8174,5032378.511035979
8175,5032521.574780792
8176,5032670.002968937
8177,5032070.404393673
8178,5032045.878476083
8179,5032887.28639555
8180,5032100.217223823
8181,5032715.587447345
8182,5032240.047332823
8183,5032072.165690482
8184,5032342.38399002
8185,5032667.645866811
8186,5032373.018516958
8187,5032463.746932089
8188,5032649.41238904
8189,5032164.919255376
8190,5032312.830031395
8191,5032820.696016014
8192,5032449.953963399
8193,5032197.689252794
8194,5032235.5000885725
8195,5032251.558630824
8196,5031774.035626173
8197,5032698.877884746
8198,5031761.737421393
8199,5032390.418213069
8200,5032010.205894113
8201,5032206.079061925
8202,5032273.817131519
8203,5032483.836750925
8204,5032031.333218098
8205,5032215.481537044
8206,5032021.169127405
8207,5032538.058052123
8208,5032364.58900404
8209,5032304.447658747
8210,5032519.657657027
8211,5032288.1639917195
8212,5032359.459239185
8213,5032228.219978392
8214,5032563.90478754
8215,5032327.92497623
8216,5032068.554659963
8217,5032466.3230493665
8218,5031965.655954719
8219,5033061.842273414
8220,5032705.318748891
8221,5032545.850795865
8222,5032164.162637979
8223,5031713.487870246
8224,5032050.773471773
8225,5032408.225823104
8226,5031968.913719773
8227,5032112.594771564
8228,5032270.548039973
8229,5032469.104919881
8230,5031863.715684861
8231,5033024.022092521
8232,5031784.940274954
8233,5032658.187037587
8234,5032586.675028861
8235,5032136.478234738
8236,5032208.452338219
8237,5032295.063231558
8238,5032096.76210168
8239,5031826.781608224
8240,5032392.448018193
8241,5032215.727865219
8242,5032034.530655801
8243,5032700.3369035125
8244,5031907.675733209
8245,5031956.974675477
8246,5031684.820461333
8247,5032093.979313672
8248,5032204.3945067525
8249,5031756.739721388
8250,5032089.342939317
8251,5031867.1659165025
8252,5031614.389122695
8253,5032049.565178156
8254,5033144.735038042
8255,5032373.675024658
8256,5032124.270797312
8257,5032217.701024413
8258,5032244.814863503
8259,5032428.950232625
8260,5032327.78591007
8261,5031926.355223417
8262,5032219.556025803
8263,5032727.62316823
8264,5032566.469035804
8265,5031895.9906413555
8266,5032507.5548995435
8267,5032464.875245571
8268,5031704.150783062
8269,5032510.594404489
8270,5031754.431119323
8271,5032205.897043228
8272,5032188.1770967245
8273,5032395.529827952
8274,5032119.339596093
8275,5031886.499184549
8276,5031817.89489001
8277,5032554.934582591
8278,5032155.198000848
8279,5032294.3373245
8280,5032195.57660377
8281,5032183.658470154
8282,5032107.360990286
8283,5032043.5644085705
8284,5032267.487920821
8285,5032216.734584689
8286,5031993.113323629
8287,5032066.203274965
8288,5032149.072990298
8289,5032860.899149179
8290,5031963.833559096
8291,5032127.918991923
8292,5032129.012202561
8293,5031688.770865321
8294,5032209.6682777405
8295,5031745.924988151
8296,5032330.666512847
8297,5032426.242144704
8298,5032156.874933302
8299,5032681.005429089
8300,5032173.55976817
8301,5031823.899128258
8302,5031966.6442812085
8303,5032410.994481534
8304,5032043.574860156
8305,5031630.840722501
8306,5031842.595860302
8307,5032074.305653095
8308,5031966.311286181
8309,5031334.161525309
8310,5032140.0066459775
8311,5032103.327831805
8312,5032216.171376228
8313,5031847.347687483
8314,5031534.890961766
8315,5031646.164421886
8316,5031486.066641957
8317,5031358.273874432
8318,5031843.616259515
8319,5031804.135288417
8320,5031986.197179139
8321,5031985.188543439
8322,5032195.883004367
8323,5032109.103231013
8324,5031958.19690454
8325,5031869.608264685
8326,5032493.555846214
8327,5032377.263777912
8328,5031670.475285232
8329,5031711.663236082
8330,5032177.175679445
8331,5032514.779909432
8332,5032299.315539062
8333,5031503.089470148
8334,5031719.479770541
8335,5032208.158405423
8336,5031661.251013875
8337,5031931.88481307
8338,5032137.085601509
8339,5032121.101209044
8340,5031714.97696805
8341,5032014.361769915
8342,5031664.196637988
8343,5031805.065796822
8344,5031645.586091638
8345,5032090.313863218
8346,5031929.271924019
8347,5031919.082379162
8348,5031630.687223464
8349,5031895.045266241
8350,5031492.280574739
8351,5032548.87930721
8352,5032109.482700288
8353,5032029.797072113
8354,5031524.320150793
8355,5032226.685195148
8356,5031708.066910505
8357,5032126.286447763
8358,5031551.4084640145
8359,5031999.883108735
8360,5032013.023857325
8361,5031956.653707504
8362,5031631.567296624
8363,5031894.986990035
8364,5031828.898071766
8365,5031693.43206054
8366,5031516.185340464
8367,5031907.137393713
8368,5031842.918249726
8369,5031887.999943256
8370,5032059.685758233
8371,5031831.598064423
8372,5031751.290589631
8373,5031826.48452431
8374,5032869.0254923105
8375,5031566.942476809
8376,5032353.403809786
8377,5031709.578041494
8378,5032222.267865002
8379,5031677.191732228
8380,5031792.301893473
8381,5032177.0772250295
8382,5031584.835882932
8383,5032413.068689644
8384,5031738.473886371
8385,5031235.811995864
8386,5031606.902383268
8387,5031623.652611196
8388,5031941.740804434
8389,5031801.229553759
8390,5031642.405152857
8391,5031541.6792500615
8392,5031974.809653878
8393,5031826.521404028
8394,5031450.825949371
8395,5031935.252575755
8396,5032104.782600075
8397,5031694.626066446
8398,5031818.8058926165
8399,5031722.216775328
8400,5031772.845837593
8401,5031517.618024677
8402,5031709.37907353
8403,5031785.440700531
8404,5031489.274382234
8405,5031795.239887834
8406,5031924.454570174
8407,5031552.931225002
8408,5032105.225583106
8409,5032003.095377326
8410,5032200.619823098
8411,5031974.145394146
8412,5031226.536637306
8413,5031544.581823647
8414,5031617.55646956
8415,5032281.912628889
8416,5031258.986518651
8417,5031682.952355862
8418,5031787.292175293
8419,5031683.233642459
8420,5031874.894507766
8421,5031468.446055472
8422,5032040.722687125
8423,5032271.892711878
8424,5032169.795665234
8425,5031839.052990735
8426,5031586.871929109
8427,5031426.343931437
8428,5031630.9056969285
8429,5031704.27274704
8430,5031505.998879254
8431,5031725.617189467
8432,5031830.159541786
8433,5032014.788418651
8434,5032149.222668529
8435,5031359.023988247
8436,5032000.22901839
8437,5031987.650570214
8438,5032172.467006624
8439,5031635.781258643
8440,5031268.241877735
8441,5031894.45344457
8442,5032521.6700629
8443,5031600.1712708175
8444,5031712.5939852
8445,5031423.768331766
8446,5032189.858774692
8447,5031449.720094562
8448,5031886.491024971
8449,5031542.640839934
8450,5031596.665070593
8451,5031585.242289603
8452,5032037.962498903
8453,5031459.466401815
8454,5032216.923450351
8455,5031714.017867506
8456,5031772.943426907
8457,5031260.770251453
8458,5031268.698161006
8459,5031268.019617021
8460,5032001.304330409
8461,5031097.99851957
8462,5031349.633973658
8463,5031847.6466392875
8464,5031760.125090122
8465,5031462.768249601
8466,5031188.876378983
8467,5031416.9304997325
8468,5031430.372723192
8469,5031611.077064872
8470,5031305.75702399
8471,5031643.849798024
8472,5031259.93880409
8473,5031770.194131166
8474,5031810.300095141
8475,5031447.653378189
8476,5031539.007943571
8477,5031030.977763057
8478,5031705.010005474
8479,5031465.810059309
8480,5031719.454754829
8481,5031042.202015102
8482,5032479.901586413
8483,5031906.696091473
8484,5031827.120765865
8485,5031149.540102065
8486,5031632.728049636
8487,5031290.113753617
8488,5031602.37884599
8489,5032028.734658897
8490,5031335.668355107
8491,5032070.360128939
8492,5031068.375343144
8493,5031630.867765784
8494,5031437.313380301
8495,5031474.026560605
8496,5031209.998840272
8497,5032166.440318793
8498,5031458.22863394
8499,5031477.321336925
8500,5031434.372361183
8501,5031456.875737488
8502,5031695.686178625
8503,5031249.109171867
8504,5031470.135887027
8505,5032244.52881068
8506,5031340.062477946
8507,5032060.90585497
8508,5032029.988340259
8509,5031276.61251092
8510,5031007.183721602
8511,5031637.198260367
8512,5031136.80545634
8513,5031835.123916745
8514,5031562.965840697
8515,5031066.640489399
8516,5031707.221728802
8517,5031039.143359959
8518,5031951.975377917
8519,5031161.6398124695
8520,5031757.326239586
8521,5031103.627409577
8522,5031386.949683249
8523,5031503.71380353
8524,5031269.187017739
8525,5032125.283998013
8526,5031803.985237837
8527,5031534.1610945165
8528,5031715.092117369
8529,5031384.432249695
8530,5030886.378419101
8531,5031583.290112495
8532,5031012.8856963515
8533,5031524.670160085
8534,5031529.729359031
8535,5031253.484334946
8536,5031326.891008794
8537,5031260.841059804
8538,5031476.146497786
8539,5031401.716866136
8540,5031241.823680222
8541,5031179.870689809
8542,5030733.209961414
8543,5031028.873807907
8544,5031291.4385050535
8545,5031258.95282197
8546,5031379.906424701
8547,5031344.617688596
8548,5031783.683925986
8549,5031540.910256684
8550,5030966.479979098
8551,5031684.929433465
8552,5031488.4814065695
8553,5031418.201745927
8554,5031487.66520679
8555,5031211.730091393
8556,5030916.235945284
8557,5031796.096203387
8558,5031401.645904601
8559,5031169.845260859
8560,5030771.883883178
8561,5031687.609503508
8562,5030930.1835591495
8563,5031328.990694076
8564,5031739.370664358
8565,5031434.643333912
8566,5030967.366416872
8567,5031182.7827295065
8568,5031602.4234365225
8569,5031301.405326486
8570,5031436.658013463
8571,5031687.739989519
8572,5030970.199296594
8573,5031634.756616086
8574,5031078.232660532
8575,5031306.853992283
8576,5031823.12780273
8577,5030914.425454497
8578,5031048.224570036
8579,5031472.150685668
8580,5031052.659824312
8581,5031088.847077072
8582,5031605.323824942
8583,5031186.98756963
8584,5030988.9905411005
8585,5031136.305444688
8586,5031311.2105538845
8587,5031213.31902647
8588,5031908.200897932
8589,5031785.843940318
8590,5031123.879582465
8591,5031522.290881634
8592,5031417.912919074
8593,5031197.14775148
8594,5031279.889244497
8595,5031224.284673274
8596,5031118.551276684
8597,5031292.599164039
8598,5031375.115252584
8599,5031857.508610964
8600,5031466.188759565
8601,5031308.567077279
8602,5031714.452457488
8603,5031323.840101123
8604,5031425.97400099
8605,5031674.7465286255
8606,5030962.921367705
8607,5031186.1645079255
8608,5031222.662635416
8609,5031367.419120729
8610,5031206.105663955
8611,5030894.8926666975
8612,5030915.70638603
8613,5031797.637478411
8614,5031156.302302122
8615,5031231.844384015
8616,5030844.557292819
8617,5030994.818138301
8618,5030906.237139642
8619,5031084.107903361
8620,5030994.02341187
8621,5031359.050707638
8622,5031256.312740922
8623,5031045.059994042
8624,5030985.439378262
8625,5031237.651541829
8626,5031119.736512244
8627,5030969.930674434
8628,5031286.506543994
8629,5031012.747098535
8630,5030673.334699124
8631,5031399.787878513
8632,5031155.338041127
8633,5031122.993045509
8634,5031195.112565577
8635,5031529.865125477
8636,5030864.8848615885
8637,5031078.165019989
8638,5030927.399973333
8639,5031785.508606195
8640,5030548.394745052
8641,5030773.387629569
8642,5031470.523065656
8643,5031430.01017943
8644,5031216.529704928
8645,5030851.6173276305
8646,5031077.982270449
8647,5031038.355202496
8648,5031587.825500786
8649,5031417.349252224
8650,5030547.8368524015
8651,5030817.5460829735
8652,5031211.465788901
8653,5031192.506117642
8654,5031798.8361063
8655,5030748.601019442
8656,5032171.84301126
8657,5030203.178120911
8658,5031067.460925043
8659,5030816.805918813
8660,5031024.567445993
8661,5031153.511762261
8662,5030981.314532936
8663,5031070.128108829
8664,5031060.505298078
8665,5031691.8067650795
8666,5031224.731162667
8667,5031153.235282898
8668,5031688.043197066
8669,5030738.914376497
8670,5031081.835753173
8671,5031169.901286602
8672,5031172.61189419
8673,5031062.670626134
8674,5031389.859726489
8675,5031322.584184825
8676,5030947.099236429
8677,5031356.711484015
8678,5030587.722443819
8679,5031130.151414335
8680,5030379.315272272
8681,5030614.278179526
8682,5030696.768799663
8683,5031269.409192592
8684,5030912.608825922
8685,5031108.196311057
8686,5031608.166590393
8687,5031008.643798202
8688,5031428.125079155
8689,5031346.5200510025
8690,5031457.954200268
8691,5030738.056787461
8692,5031408.624876916
8693,5030943.669470549
8694,5031193.621246427
8695,5031399.629620224
8696,5031384.204757035
8697,5031016.044359267
8698,5031185.60432592
8699,5031187.789098978
8700,5030852.424713582
8701,5030997.537018478
8702,5031173.065501273
8703,5030899.492540956
8704,5030875.4976195395
8705,5031080.695826948
8706,5030702.895720184
8707,5031298.943772852
8708,5031164.284397185
8709,5030815.303676724
8710,5030809.346454442
8711,5030844.3246715665
8712,5031371.697505593
8713,5030904.854930937
8714,5030772.274527907
8715,5031485.156154513
8716,5031469.945296049
8717,5030718.509284854
8718,5030946.786992282
8719,5031052.68520987
8720,5030928.922303379
8721,5030804.050666422
8722,5030895.728476942
8723,5031059.0794376135
8724,5030988.468270481
8725,5031144.520130843
8726,5031481.906982541
8727,5030933.340273678
8728,5030521.987827122
8729,5031079.080584705
8730,5031425.66896376
8731,5030954.525022268
8732,5030685.291638374
8733,5030711.191869438
8734,5030948.592410266
8735,5030761.924369574
8736,5030900.9952895045
8737,5030928.555731535
8738,5030877.799917728
8739,5031435.837454915
8740,5030623.414961368
8741,5031061.8629639745
8742,5031212.075744331
8743,5031120.8575809
8744,5030670.854573488
8745,5030584.644903302
8746,5031047.778386563
8747,5030637.777554572
8748,5031139.293210208
8749,5030978.610115349
8750,5030871.555623859
8751,5031363.565974951
8752,5030642.065257788
8753,5030686.92881918
8754,5030811.816159427
8755,5031071.156895578
8756,5031092.91946429
8757,5030892.338787138
8758,5030610.614595413
8759,5030475.349476218
8760,5030778.086075664
8761,5030907.950759828
8762,5030998.722427905
8763,5031178.552811623
8764,5030446.478942096
8765,5031026.793939173
8766,5031016.859420419
8767,5030223.750521839
8768,5030383.226369381
8769,5030640.041807711
8770,5030707.828948319
8771,5031099.848636806
8772,5030870.189586878
8773,5030731.357217908
8774,5030761.666762412
8775,5030597.853078008
8776,5030752.021569431
8777,5031034.024741173
8778,5030667.605246425
8779,5031095.352505982
8780,5030675.5921143
8781,5030893.267565012
8782,5030844.09710449
8783,5031295.975140989
8784,5030505.907490134
8785,5030869.643006504
8786,5031440.125097454
8787,5030864.668936968
8788,5031301.824329436
8789,5030673.10735321
8790,5030566.879268765
8791,5031124.41554594
8792,5030962.771484315
8793,5030657.888768971
8794,5030942.923054576
8795,5030662.736548901
8796,5031187.451106966
8797,5031581.848102212
8798,5030309.785991073
8799,5030414.08788079
8800,5031161.017179072
8801,5030650.483667493
8802,5031142.04413712
8803,5030916.683168292
8804,5030627.074806929
8805,5031399.706727564
8806,5030929.576137304
8807,5030611.640896797
8808,5031657.543249249
8809,5031221.191551596
8810,5030678.05557844
8811,5030528.821246952
8812,5030946.891842961
8813,5030900.9615110755
8814,5031036.33916235
8815,5030910.021305442
8816,5030527.264052033
8817,5030851.943340123
8818,5030038.112185359
8819,5030760.180299044
8820,5030798.251094818
8821,5030809.890506864
8822,5030421.2192209065
8823,5030545.786123455
8824,5030859.633701146
8825,5030362.470111191
8826,5030487.864849925
8827,5030726.470587313
8828,5031519.979910493
8829,5030735.2692014575
8830,5030976.112126052
8831,5030763.339299232
8832,5030559.1910120845
8833,5030790.951105773
8834,5031203.907645822
8835,5030806.548556328
8836,5030920.131399035
8837,5031434.201600015
8838,5031003.309755206
8839,5030656.297258198
8840,5030096.425959289
8841,5031045.277538478
8842,5030298.07157433
8843,5030841.104123414
8844,5030570.829425335
8845,5030625.550617874
8846,5031065.54651168
8847,5031351.538808882
8848,5030631.683684051
8849,5030996.370132506
8850,5030793.224148989
8851,5030416.059774458
8852,5030557.813989222
8853,5030403.809101582
8854,5030425.518699408
8855,5030551.581454277
8856,5031368.265185177
8857,5030659.146766901
8858,5030927.56940195
8859,5030775.473237038
8860,5030575.9577822685
8861,5030745.014276832
8862,5030371.171234995
8863,5030678.264919162
8864,5030674.863420576
8865,5030427.066236436
8866,5031078.544739246
8867,5030775.826705515
8868,5030642.852397084
8869,5030579.837389946
8870,5030317.208064854
8871,5030713.040724695
8872,5030618.303462595
8873,5031043.450784385
8874,5029895.9653532505
8875,5030636.777236521
8876,5030980.579285026
8877,5030272.770326614
8878,5030364.100965202
8879,5030039.359633774
8880,5030391.969556749
8881,5030365.317752063
8882,5030397.896432996
8883,5031126.541334629
8884,5030534.720438838
8885,5031073.611615717
8886,5030641.683799326
8887,5030144.130359948
8888,5030500.477060974
8889,5030776.979483545
8890,5030478.307992101
8891,5030702.283667505
8892,5030567.915410578
8893,5030413.874448329
8894,5030587.796350181
8895,5029999.425194114
8896,5031146.1399561465
8897,5030275.786848068
8898,5030785.346527159
8899,5030617.407052338
8900,5030573.021747649
8901,5030735.741191268
8902,5029856.656292498
8903,5030325.827965617
8904,5030680.282204241
8905,5030533.459815204
8906,5030544.818310678
8907,5030956.6055573225
8908,5030751.780985355
8909,5030833.381393194
8910,5030425.831878006
8911,5030447.703684092
8912,5030963.321104884
8913,5030489.097129703
8914,5030594.930697799
8915,5030633.015025973
8916,5030804.653229535
8917,5030786.8822466135
8918,5030555.087974846
8919,5030625.838088036
8920,5030774.09555167
8921,5030892.924082041
8922,5030996.636575341
8923,5030328.058896303
8924,5030491.231325507
8925,5030152.370950878
8926,5030768.529744208
8927,5030145.761393487
8928,5030365.092996836
8929,5030111.471424282
8930,5030637.189011455
8931,5030533.563533783
8932,5031179.389405757
8933,5030871.8641881645
8934,5030605.970919043
8935,5030775.08645159
8936,5030540.895880818
8937,5031283.8067827225
8938,5030411.081992209
8939,5031403.680790126
8940,5030616.054574668
8941,5030871.83211413
8942,5030604.571125746
8943,5031542.949053645
8944,5030746.644847453
8945,5030687.105944753
8946,5030889.856202871
8947,5030477.126509488
8948,5030860.135469407
8949,5030575.4277276695
8950,5031031.0939382315
8951,5030475.2474422455
8952,5030895.193430543
8953,5030545.164522052
8954,5030771.473793745
8955,5030693.851122975
8956,5030436.471527278
8957,5030180.348494232
8958,5030641.9419949055
8959,5030033.029341519
8960,5030642.590988636
8961,5030664.952649593
8962,5030982.347597986
8963,5030307.391314983
8964,5029844.45494771
8965,5030057.374448419
8966,5030855.219820619
8967,5030145.686511278
8968,5030078.98718226
8969,5030504.793161988
8970,5030265.6052984595
8971,5030099.925245583
8972,5030567.830966771
8973,5031052.757112026
8974,5030509.796835721
8975,5030689.105081618
8976,5029840.200854182
8977,5030416.672421515
8978,5029804.9579642415
8979,5030090.464646995
8980,5030762.102120042
8981,5030543.395059109
8982,5030238.707072437
8983,5030416.398628175
8984,5030908.410760403
8985,5030210.567366779
8986,5030361.05678153
8987,5030521.230853438
8988,5030592.099556148
8989,5029956.860334396
8990,5030653.774576843
8991,5030677.234826863
8992,5030363.198626697
8993,5030239.146156788
8994,5030237.463978291
8995,5030702.488194585
8996,5029629.285342932
8997,5030730.144974649
8998,5030601.449356437
8999,5030316.510948211
