"region","celltype_1","celltype_2","r","p.value","p_adj","n"
"Arteries","Astrocytes1","Astrocytes2",0.960650954461314,0.0393490455386861,0.783197348702695,4
"Arteries","Astrocytes1","Astrocytes3",0.635383438760571,0.364616561239429,0.882166759980469,4
"Arteries","Astrocytes1","Astrocytes4",0.998396324208631,0.00160367579136868,0.414951111016646,4
"Arteries","Astrocytes1","Astrocytes5",0.691565265670327,0.308434734329673,0.872212978227354,4
"Arteries","Astrocytes1","Endothelial",-0.850809268713197,0.149190731286803,0.834661658820762,4
"Arteries","Astrocytes1","ExNeuron1",0.949368370124267,0.0506316298757325,0.804864837655985,4
"Arteries","Astrocytes1","ExNeuron10",-0.2472518177401,0.7527481822599,0.971439362392764,4
"Arteries","Astrocytes1","ExNeuron11",0.140757914071348,0.859242085928652,0.974664829188187,4
"Arteries","Astrocytes1","ExNeuron12",0.659649703183825,0.340350296816175,0.880580815460594,4
"Arteries","Astrocytes1","ExNeuron13",0.594797855744305,0.405202144255695,0.899473727930744,4
"Arteries","Astrocytes1","ExNeuron14",0.315363879669353,0.684636120330647,0.949863786249625,4
"Arteries","Astrocytes1","ExNeuron2",0.0195112851294758,0.980488714870524,0.995246247410546,4
"Arteries","Astrocytes1","ExNeuron3",0.634358098694287,0.365641901305713,0.882166759980469,4
"Arteries","Astrocytes1","ExNeuron4",0.666442925150947,0.333557074849053,0.880580815460594,4
"Arteries","Astrocytes1","ExNeuron5",0.465085806688128,0.534914193311872,0.906926570900957,4
"Arteries","Astrocytes1","ExNeuron6",0.872304092501668,0.127695907498332,0.805229915243267,4
"Arteries","Astrocytes1","ExNeuron7",0.826201904334073,0.173798095665927,0.858967434389083,4
"Arteries","Astrocytes1","ExNeuron8",0.829894112625304,0.170105887374696,0.858967434389083,4
"Arteries","Astrocytes1","ExNeuron9",0.663577161454657,0.336422838545343,0.880580815460594,4
"Arteries","Astrocytes1","Fibroblast",-0.519445055511241,0.480554944488759,0.90468075875338,4
"Arteries","Astrocytes1","InhNeuron1",0.724665097476203,0.275334902523796,0.863885131153149,4
"Arteries","Astrocytes1","InhNeuron2",0.599768852146726,0.400231147853274,0.899473727930744,4
"Arteries","Astrocytes1","InhNeuron3",0.399400857589681,0.600599142410319,0.921117538008328,4
"Arteries","Astrocytes1","InhNeuron4",0.236837866448948,0.763162133551052,0.974664829188187,4
"Arteries","Astrocytes1","InhNeuron5",0.697412192489375,0.302587807510625,0.864924460150613,4
"Arteries","Astrocytes1","Microglia1",-0.906330871836233,0.093669128163767,0.804864837655985,4
"Arteries","Astrocytes1","Microglia2",-0.735216713852412,0.264783286147588,0.863885131153149,4
"Arteries","Astrocytes1","Microglia3",-0.728416761659128,0.271583238340872,0.863885131153149,4
"Arteries","Astrocytes1","Microglia4",-0.548075947273036,0.451924052726964,0.899473727930744,4
"Arteries","Astrocytes1","Microglia5",-0.727387414224076,0.272612585775924,0.863885131153149,4
"Arteries","Astrocytes1","Oligodendrocytes1",0.404514166361317,0.595485833638683,0.91852136783314,4
"Arteries","Astrocytes1","Oligodendrocytes2",-0.259284895188013,0.740715104811987,0.966795489149579,4
"Arteries","Astrocytes1","Oligodendrocytes3",-0.9101879404373,0.0898120595627,0.804864837655985,4
"Arteries","Astrocytes1","Oligodendrocytes4",-0.886803944149171,0.113196055850829,0.804864837655985,4
"Arteries","Astrocytes1","Oligodendrocytes5",-0.836056086473573,0.163943913526427,0.858967434389083,4
"Arteries","Astrocytes1","Oligodendrocytes6",-0.896623722647903,0.103376277352097,0.804864837655985,4
"Arteries","Astrocytes1","Oligodendrocytes7",-0.242597470283408,0.757402529716592,0.973803252492761,4
"Arteries","Astrocytes1","Oligodendrocytes8",-0.458489169206176,0.541510830793824,0.906926570900957,4
"Arteries","Astrocytes1","OPC1",0.119255958865126,0.880744041134874,0.974664829188187,4
"Arteries","Astrocytes1","OPC2",-0.742347204533286,0.257652795466714,0.863885131153149,4
"Arteries","Astrocytes1","OPC3",-0.225687727805511,0.774312272194489,0.974664829188187,4
"Arteries","Astrocytes1","Pericytes",-0.434997812181481,0.565002187818519,0.907090796407614,4
"Arteries","Astrocytes1","SMC",-0.681968198514293,0.318031801485707,0.880114744753227,4
"Arteries","Astrocytes1","VLMC1",-0.926452195837818,0.0735478041621817,0.804864837655985,4
"Arteries","Astrocytes1","VLMC2",-0.371127636488104,0.628872363511896,0.939173132229352,4
"Arteries","Astrocytes2","Astrocytes3",0.801649065875371,0.198350934124629,0.858967434389083,4
"Arteries","Astrocytes2","Astrocytes4",0.962484649800271,0.0375153501997288,0.761340930523907,4
"Arteries","Astrocytes2","Astrocytes5",0.845462218034727,0.154537781965273,0.846102029307562,4
"Arteries","Astrocytes2","Endothelial",-0.805773062912023,0.194226937087977,0.858967434389083,4
"Arteries","Astrocytes2","ExNeuron1",0.830895946629712,0.169104053370288,0.858967434389083,4
"Arteries","Astrocytes2","ExNeuron10",-0.442649264043374,0.557350735956627,0.906926570900957,4
"Arteries","Astrocytes2","ExNeuron11",-0.100671582729741,0.899328417270259,0.974664829188187,4
"Arteries","Astrocytes2","ExNeuron12",0.471677381285879,0.528322618714121,0.906926570900957,4
"Arteries","Astrocytes2","ExNeuron13",0.424152618442138,0.575847381557862,0.907090796407614,4
"Arteries","Astrocytes2","ExNeuron14",0.296603166784119,0.703396833215881,0.956656665411875,4
"Arteries","Astrocytes2","ExNeuron2",-0.193957240717552,0.806042759282448,0.974664829188187,4
"Arteries","Astrocytes2","ExNeuron3",0.557164210703116,0.442835789296884,0.899473727930744,4
"Arteries","Astrocytes2","ExNeuron4",0.568653926040801,0.431346073959199,0.899473727930744,4
"Arteries","Astrocytes2","ExNeuron5",0.261892216857702,0.738107783142298,0.966795489149579,4
"Arteries","Astrocytes2","ExNeuron6",0.72222093452633,0.277779065473669,0.863885131153149,4
"Arteries","Astrocytes2","ExNeuron7",0.714859050796276,0.285140949203723,0.863885131153149,4
"Arteries","Astrocytes2","ExNeuron8",0.761669272765384,0.238330727234616,0.863885131153149,4
"Arteries","Astrocytes2","ExNeuron9",0.616595589127397,0.383404410872603,0.894404370425284,4
"Arteries","Astrocytes2","Fibroblast",-0.541811734944702,0.458188265055298,0.903981346308638,4
"Arteries","Astrocytes2","InhNeuron1",0.511822222151996,0.488177777848004,0.90468075875338,4
"Arteries","Astrocytes2","InhNeuron2",0.353921478118552,0.646078521881448,0.939173132229352,4
"Arteries","Astrocytes2","InhNeuron3",0.194116955490222,0.805883044509778,0.974664829188187,4
"Arteries","Astrocytes2","InhNeuron4",0.0362122814699106,0.963787718530089,0.994018342421225,4
"Arteries","Astrocytes2","InhNeuron5",0.488935565166626,0.511064434833374,0.90468075875338,4
"Arteries","Astrocytes2","Microglia1",-0.906660635991756,0.0933393640082438,0.804864837655985,4
"Arteries","Astrocytes2","Microglia2",-0.606990389545545,0.393009610454455,0.899473727930744,4
"Arteries","Astrocytes2","Microglia3",-0.889971127298094,0.110028872701906,0.804864837655985,4
"Arteries","Astrocytes2","Microglia4",-0.418432993401665,0.581567006598335,0.907876096273419,4
"Arteries","Astrocytes2","Microglia5",-0.720984595014994,0.279015404985006,0.863885131153149,4
"Arteries","Astrocytes2","Oligodendrocytes1",0.535054586875382,0.464945413124618,0.903981346308638,4
"Arteries","Astrocytes2","Oligodendrocytes2",-0.136683425774765,0.863316574225235,0.974664829188187,4
"Arteries","Astrocytes2","Oligodendrocytes3",-0.782600499127756,0.217399500872244,0.863885131153149,4
"Arteries","Astrocytes2","Oligodendrocytes4",-0.882770422668711,0.117229577331289,0.804864837655985,4
"Arteries","Astrocytes2","Oligodendrocytes5",-0.816402147934728,0.183597852065272,0.858967434389083,4
"Arteries","Astrocytes2","Oligodendrocytes6",-0.774692686522384,0.225307313477616,0.863885131153149,4
"Arteries","Astrocytes2","Oligodendrocytes7",-0.0327810419646355,0.967218958035365,0.99510101547376,4
"Arteries","Astrocytes2","Oligodendrocytes8",-0.212614333208553,0.787385666791447,0.974664829188187,4
"Arteries","Astrocytes2","OPC1",0.123991387775345,0.876008612224655,0.974664829188187,4
"Arteries","Astrocytes2","OPC2",-0.695828502814311,0.304171497185688,0.864924460150613,4
"Arteries","Astrocytes2","OPC3",-0.369429360195754,0.630570639804246,0.939173132229352,4
"Arteries","Astrocytes2","Pericytes",-0.477252435915094,0.522747564084906,0.906926570900957,4
"Arteries","Astrocytes2","SMC",-0.842547336912419,0.157452663087581,0.846102029307562,4
"Arteries","Astrocytes2","VLMC1",-0.972756854650605,0.0272431453493947,0.75233844362141,4
"Arteries","Astrocytes2","VLMC2",-0.133934522743933,0.866065477256067,0.974664829188187,4
"Arteries","Astrocytes3","Astrocytes4",0.662050717727445,0.337949282272555,0.880580815460594,4
"Arteries","Astrocytes3","Astrocytes5",0.997005924969081,0.00299407503091898,0.442695379571593,4
"Arteries","Astrocytes3","Endothelial",-0.694978330478286,0.305021669521714,0.864924460150613,4
"Arteries","Astrocytes3","ExNeuron1",0.442584575985827,0.557415424014173,0.906926570900957,4
"Arteries","Astrocytes3","ExNeuron10",-0.446452787342051,0.553547212657949,0.906926570900957,4
"Arteries","Astrocytes3","ExNeuron11",-0.673189375132191,0.326810624867809,0.880580815460594,4
"Arteries","Astrocytes3","ExNeuron12",-0.148147192566391,0.851852807433609,0.974664829188187,4
"Arteries","Astrocytes3","ExNeuron13",-0.198280164230117,0.801719835769882,0.974664829188187,4
"Arteries","Astrocytes3","ExNeuron14",-0.146874893956526,0.853125106043474,0.974664829188187,4
"Arteries","Astrocytes3","ExNeuron2",-0.739543840206438,0.260456159793561,0.863885131153149,4
"Arteries","Astrocytes3","ExNeuron3",0.535578595002412,0.464421404997588,0.903981346308638,4
"Arteries","Astrocytes3","ExNeuron4",0.490495356014739,0.509504643985261,0.90468075875338,4
"Arteries","Astrocytes3","ExNeuron5",-0.366802939541284,0.633197060458716,0.939173132229352,4
"Arteries","Astrocytes3","ExNeuron6",0.356621012169555,0.643378987830445,0.939173132229352,4
"Arteries","Astrocytes3","ExNeuron7",0.159460330777753,0.840539669222247,0.974664829188187,4
"Arteries","Astrocytes3","ExNeuron8",0.249367483798085,0.750632516201915,0.970996084651234,4
"Arteries","Astrocytes3","ExNeuron9",0.109792779999775,0.890207220000225,0.974664829188187,4
"Arteries","Astrocytes3","Fibroblast",-0.729866565768518,0.270133434231482,0.863885131153149,4
"Arteries","Astrocytes3","InhNeuron1",-0.0614066929565791,0.938593307043421,0.989250583289145,4
"Arteries","Astrocytes3","InhNeuron2",-0.167556986055314,0.832443013944686,0.974664829188187,4
"Arteries","Astrocytes3","InhNeuron3",-0.430091329347844,0.569908670652156,0.907090796407614,4
"Arteries","Astrocytes3","InhNeuron4",-0.563237549862713,0.436762450137287,0.899473727930744,4
"Arteries","Astrocytes3","InhNeuron5",-0.109827440572183,0.890172559427817,0.974664829188187,4
"Arteries","Astrocytes3","Microglia1",-0.524555176576446,0.475444823423554,0.90468075875338,4
"Arteries","Astrocytes3","Microglia2",-0.42220937586916,0.57779062413084,0.907090796407614,4
"Arteries","Astrocytes3","Microglia3",-0.941556950341773,0.0584430496582271,0.804864837655985,4
"Arteries","Astrocytes3","Microglia4",0.178426993287539,0.821573006712461,0.974664829188187,4
"Arteries","Astrocytes3","Microglia5",-0.279099410395687,0.720900589604313,0.959456804748692,4
"Arteries","Astrocytes3","Oligodendrocytes1",0.881218957116725,0.118781042883275,0.804864837655985,4
"Arteries","Astrocytes3","Oligodendrocytes2",-0.19252022466579,0.80747977533421,0.974664829188187,4
"Arteries","Astrocytes3","Oligodendrocytes3",-0.263516606895898,0.736483393104102,0.966795489149579,4
"Arteries","Astrocytes3","Oligodendrocytes4",-0.483218667216011,0.516781332783989,0.90468075875338,4
"Arteries","Astrocytes3","Oligodendrocytes5",-0.373061506112291,0.626938493887709,0.93904680343528,4
"Arteries","Astrocytes3","Oligodendrocytes6",-0.245074748415758,0.754925251584242,0.9730356605102,4
"Arteries","Astrocytes3","Oligodendrocytes7",0.569163120027663,0.430836879972337,0.899473727930744,4
"Arteries","Astrocytes3","Oligodendrocytes8",0.154016272805933,0.845983727194067,0.974664829188187,4
"Arteries","Astrocytes3","OPC1",0.445883586503674,0.554116413496326,0.906926570900957,4
"Arteries","Astrocytes3","OPC2",-0.19565467710066,0.80434532289934,0.974664829188187,4
"Arteries","Astrocytes3","OPC3",-0.240673519739068,0.759326480260932,0.974664829188187,4
"Arteries","Astrocytes3","Pericytes",-0.72922871338274,0.27077128661726,0.863885131153149,4
"Arteries","Astrocytes3","SMC",-0.996560011546164,0.00343998845383585,0.445048506215013,4
"Arteries","Astrocytes3","VLMC1",-0.713451386178159,0.286548613821841,0.863885131153149,4
"Arteries","Astrocytes3","VLMC2",0.152109283339287,0.847890716660713,0.974664829188187,4
"Arteries","Astrocytes4","Astrocytes5",0.715560799086951,0.284439200913049,0.863885131153149,4
"Arteries","Astrocytes4","Endothelial",-0.877902638480295,0.122097361519704,0.804864837655985,4
"Arteries","Astrocytes4","ExNeuron1",0.95070206389731,0.0492979361026901,0.804864837655985,4
"Arteries","Astrocytes4","ExNeuron10",-0.221143587531366,0.778856412468633,0.974664829188187,4
"Arteries","Astrocytes4","ExNeuron11",0.10207947925253,0.89792052074747,0.974664829188187,4
"Arteries","Astrocytes4","ExNeuron12",0.625300316008403,0.374699683991597,0.89261267800918,4
"Arteries","Astrocytes4","ExNeuron13",0.553989976784434,0.446010023215566,0.899473727930744,4
"Arteries","Astrocytes4","ExNeuron14",0.262125126733318,0.737874873266682,0.966795489149579,4
"Arteries","Astrocytes4","ExNeuron2",-0.025365104657889,0.974634895342111,0.995246247410546,4
"Arteries","Astrocytes4","ExNeuron3",0.672515225226055,0.327484774773944,0.880580815460594,4
"Arteries","Astrocytes4","ExNeuron4",0.700927550386561,0.299072449613439,0.864924460150613,4
"Arteries","Astrocytes4","ExNeuron5",0.423984894824235,0.576015105175765,0.907090796407614,4
"Arteries","Astrocytes4","ExNeuron6",0.879981916476071,0.120018083523929,0.804864837655985,4
"Arteries","Astrocytes4","ExNeuron7",0.794520672069004,0.205479327930996,0.863885131153149,4
"Arteries","Astrocytes4","ExNeuron8",0.796982601327961,0.203017398672038,0.863885131153149,4
"Arteries","Astrocytes4","ExNeuron9",0.620445016133188,0.379554983866812,0.89261267800918,4
"Arteries","Astrocytes4","Fibroblast",-0.5669566562105,0.4330433437895,0.899473727930744,4
"Arteries","Astrocytes4","InhNeuron1",0.705177065457871,0.294822934542129,0.864924460150613,4
"Arteries","Astrocytes4","InhNeuron2",0.589458233599019,0.410541766400981,0.899473727930744,4
"Arteries","Astrocytes4","InhNeuron3",0.356624297357833,0.643375702642167,0.939173132229352,4
"Arteries","Astrocytes4","InhNeuron4",0.190203643689751,0.809796356310249,0.974664829188187,4
"Arteries","Astrocytes4","InhNeuron5",0.671897983853124,0.328102016146876,0.880580815460594,4
"Arteries","Astrocytes4","Microglia1",-0.884212680187914,0.115787319812086,0.804864837655985,4
"Arteries","Astrocytes4","Microglia2",-0.76153720575464,0.23846279424536,0.863885131153149,4
"Arteries","Astrocytes4","Microglia3",-0.736699896630427,0.263300103369573,0.863885131153149,4
"Arteries","Astrocytes4","Microglia4",-0.50153121584114,0.49846878415886,0.90468075875338,4
"Arteries","Astrocytes4","Microglia5",-0.68950855815855,0.31049144184145,0.875636627536514,4
"Arteries","Astrocytes4","Oligodendrocytes1",0.451586342425684,0.548413657574316,0.906926570900957,4
"Arteries","Astrocytes4","Oligodendrocytes2",-0.302440701283454,0.697559298716546,0.954991897052414,4
"Arteries","Astrocytes4","Oligodendrocytes3",-0.890903515700555,0.109096484299445,0.804864837655985,4
"Arteries","Astrocytes4","Oligodendrocytes4",-0.861928110020022,0.138071889979978,0.821131454968533,4
"Arteries","Astrocytes4","Oligodendrocytes5",-0.805073755031819,0.194926244968181,0.858967434389083,4
"Arteries","Astrocytes4","Oligodendrocytes6",-0.87402115584515,0.12597884415485,0.804864837655985,4
"Arteries","Astrocytes4","Oligodendrocytes7",-0.197561805896173,0.802438194103827,0.974664829188187,4
"Arteries","Astrocytes4","Oligodendrocytes8",-0.466699044186498,0.533300955813502,0.906926570900957,4
"Arteries","Astrocytes4","OPC1",0.174342341479763,0.825657658520237,0.974664829188187,4
"Arteries","Astrocytes4","OPC2",-0.703513826133758,0.296486173866242,0.864924460150613,4
"Arteries","Astrocytes4","OPC3",-0.187521399399204,0.812478600600796,0.974664829188187,4
"Arteries","Astrocytes4","Pericytes",-0.485260384080403,0.514739615919596,0.90468075875338,4
"Arteries","Astrocytes4","SMC",-0.704675986373451,0.295324013626549,0.864924460150613,4
"Arteries","Astrocytes4","VLMC1",-0.915867884241111,0.0841321157588893,0.804864837655985,4
"Arteries","Astrocytes4","VLMC2",-0.386734740751032,0.613265259248968,0.927947446296292,4
"Arteries","Astrocytes5","Endothelial",-0.724051072089213,0.275948927910787,0.863885131153149,4
"Arteries","Astrocytes5","ExNeuron1",0.502124836879901,0.497875163120099,0.90468075875338,4
"Arteries","Astrocytes5","ExNeuron10",-0.457583733208455,0.542416266791545,0.906926570900957,4
"Arteries","Astrocytes5","ExNeuron11",-0.614552217128033,0.385447782871967,0.895090722097252,4
"Arteries","Astrocytes5","ExNeuron12",-0.0714339690001989,0.928566030999801,0.987668549547337,4
"Arteries","Astrocytes5","ExNeuron13",-0.122116018519251,0.877883981480749,0.974664829188187,4
"Arteries","Astrocytes5","ExNeuron14",-0.0916480256459581,0.908351974354042,0.978297912025425,4
"Arteries","Astrocytes5","ExNeuron2",-0.685593679705054,0.314406320294946,0.879312413389384,4
"Arteries","Astrocytes5","ExNeuron3",0.54911016440158,0.45088983559842,0.899473727930744,4
"Arteries","Astrocytes5","ExNeuron4",0.510315381700591,0.489684618299409,0.90468075875338,4
"Arteries","Astrocytes5","ExNeuron5",-0.293769742772293,0.706230257227707,0.9581520972303,4
"Arteries","Astrocytes5","ExNeuron6",0.410984721742806,0.589015278257194,0.911256820622116,4
"Arteries","Astrocytes5","ExNeuron7",0.235069811728032,0.764930188271968,0.974664829188187,4
"Arteries","Astrocytes5","ExNeuron8",0.321666972083966,0.678333027916034,0.949863786249625,4
"Arteries","Astrocytes5","ExNeuron9",0.178594392567784,0.821405607432216,0.974664829188187,4
"Arteries","Astrocytes5","Fibroblast",-0.720923670699097,0.279076329300902,0.863885131153149,4
"Arteries","Astrocytes5","InhNeuron1",0.0107518467506657,0.989248153249334,0.995246247410546,4
"Arteries","Astrocytes5","InhNeuron2",-0.104858327458148,0.895141672541852,0.974664829188187,4
"Arteries","Astrocytes5","InhNeuron3",-0.359030714491365,0.640969285508635,0.939173132229352,4
"Arteries","Astrocytes5","InhNeuron4",-0.498255032041248,0.501744967958752,0.90468075875338,4
"Arteries","Astrocytes5","InhNeuron5",-0.0352893701164975,0.964710629883502,0.994018342421225,4
"Arteries","Astrocytes5","Microglia1",-0.586283309974865,0.413716690025135,0.899473727930744,4
"Arteries","Astrocytes5","Microglia2",-0.454327192387864,0.545672807612136,0.906926570900957,4
"Arteries","Astrocytes5","Microglia3",-0.956644401657835,0.0433555983421647,0.801304362216794,4
"Arteries","Astrocytes5","Microglia4",0.104783596584169,0.895216403415831,0.974664829188187,4
"Arteries","Astrocytes5","Microglia5",-0.34338588515682,0.65661411484318,0.942832626156193,4
"Arteries","Astrocytes5","Oligodendrocytes1",0.855777178544301,0.144222821455699,0.821131454968533,4
"Arteries","Astrocytes5","Oligodendrocytes2",-0.18798741426679,0.81201258573321,0.974664829188187,4
"Arteries","Astrocytes5","Oligodendrocytes3",-0.33639152917804,0.663608470821961,0.948486900943476,4
"Arteries","Astrocytes5","Oligodendrocytes4",-0.546318328158357,0.453681671841643,0.899473727930744,4
"Arteries","Astrocytes5","Oligodendrocytes5",-0.439417077614078,0.560582922385922,0.906926570900957,4
"Arteries","Astrocytes5","Oligodendrocytes6",-0.319004778829893,0.680995221170107,0.949863786249625,4
"Arteries","Astrocytes5","Oligodendrocytes7",0.504074894737696,0.495925105262304,0.90468075875338,4
"Arteries","Astrocytes5","Oligodendrocytes8",0.11148000247977,0.88851999752023,0.974664829188187,4
"Arteries","Astrocytes5","OPC1",0.412984434685758,0.587015565314242,0.911256820622116,4
"Arteries","Astrocytes5","OPC2",-0.265427917630214,0.734572082369786,0.966795489149579,4
"Arteries","Astrocytes5","OPC3",-0.264354849843898,0.735645150156102,0.966795489149579,4
"Arteries","Astrocytes5","Pericytes",-0.712038289615617,0.287961710384383,0.863885131153149,4
"Arteries","Astrocytes5","SMC",-0.999288648192596,0.000711351807404114,0.414951111016646,4
"Arteries","Astrocytes5","VLMC1",-0.763496203913455,0.236503796086545,0.863885131153149,4
"Arteries","Astrocytes5","VLMC2",0.120084921429385,0.879915078570615,0.974664829188187,4
"Arteries","Endothelial","ExNeuron1",-0.880552409524196,0.119447590475804,0.804864837655985,4
"Arteries","Endothelial","ExNeuron10",-0.148947518819941,0.851052481180059,0.974664829188187,4
"Arteries","Endothelial","ExNeuron11",0.111454681297351,0.888545318702649,0.974664829188187,4
"Arteries","Endothelial","ExNeuron12",-0.337241878338535,0.662758121661465,0.948486900943476,4
"Arteries","Endothelial","ExNeuron13",-0.211558038619745,0.788441961380255,0.974664829188187,4
"Arteries","Endothelial","ExNeuron14",0.227683860794645,0.772316139205355,0.974664829188187,4
"Arteries","Endothelial","ExNeuron2",0.28825554734382,0.71174445265618,0.958952757648894,4
"Arteries","Endothelial","ExNeuron3",-0.940315659275899,0.0596843407241013,0.804864837655985,4
"Arteries","Endothelial","ExNeuron4",-0.944215352345391,0.0557846476546087,0.804864837655985,4
"Arteries","Endothelial","ExNeuron5",-0.117692962149808,0.882307037850192,0.974664829188187,4
"Arteries","Endothelial","ExNeuron6",-0.893461819823979,0.106538180176021,0.804864837655985,4
"Arteries","Endothelial","ExNeuron7",-0.45982540308071,0.54017459691929,0.906926570900957,4
"Arteries","Endothelial","ExNeuron8",-0.426960039300397,0.573039960699603,0.907090796407614,4
"Arteries","Endothelial","ExNeuron9",-0.177808532101797,0.822191467898203,0.974664829188187,4
"Arteries","Endothelial","Fibroblast",0.875805959103054,0.124194040896946,0.804864837655985,4
"Arteries","Endothelial","InhNeuron1",-0.54692642466873,0.45307357533127,0.899473727930744,4
"Arteries","Endothelial","InhNeuron2",-0.547103319989676,0.452896680010324,0.899473727930744,4
"Arteries","Endothelial","InhNeuron3",-0.0475723299858546,0.952427670014145,0.992505185355345,4
"Arteries","Endothelial","InhNeuron4",0.128773540392755,0.871226459607245,0.974664829188187,4
"Arteries","Endothelial","InhNeuron5",-0.464376333469866,0.535623666530134,0.906926570900957,4
"Arteries","Endothelial","Microglia1",0.555035521107118,0.444964478892882,0.899473727930744,4
"Arteries","Endothelial","Microglia2",0.942073094757568,0.0579269052424318,0.804864837655985,4
"Arteries","Endothelial","Microglia3",0.601970469391134,0.398029530608866,0.899473727930744,4
"Arteries","Endothelial","Microglia4",0.0946523603555034,0.905347639644497,0.976077923991723,4
"Arteries","Endothelial","Microglia5",0.258527483864287,0.741472516135713,0.966795489149579,4
"Arteries","Endothelial","Oligodendrocytes1",-0.713636629787714,0.286363370212286,0.863885131153149,4
"Arteries","Endothelial","Oligodendrocytes2",0.696801348414901,0.303198651585099,0.864924460150613,4
"Arteries","Endothelial","Oligodendrocytes3",0.657302397997592,0.342697602002408,0.880580815460594,4
"Arteries","Endothelial","Oligodendrocytes4",0.514894899005487,0.485105100994514,0.90468075875338,4
"Arteries","Endothelial","Oligodendrocytes5",0.423034428411279,0.576965571588721,0.907090796407614,4
"Arteries","Endothelial","Oligodendrocytes6",0.611230364477355,0.388769635522645,0.897678717647953,4
"Arteries","Endothelial","Oligodendrocytes7",-0.103584054418318,0.896415945581682,0.974664829188187,4
"Arteries","Endothelial","Oligodendrocytes8",0.603365901988542,0.396634098011458,0.899473727930744,4
"Arteries","Endothelial","OPC1",-0.619833950228033,0.380166049771967,0.89261267800918,4
"Arteries","Endothelial","OPC2",0.284739423762005,0.715260576237995,0.958952757648894,4
"Arteries","Endothelial","OPC3",-0.252237145469381,0.747762854530619,0.970996084651234,4
"Arteries","Endothelial","Pericytes",0.819391271452809,0.180608728547191,0.858967434389083,4
"Arteries","Endothelial","SMC",0.699983382822898,0.300016617177102,0.864924460150613,4
"Arteries","Endothelial","VLMC1",0.655346350195057,0.344653649804943,0.880580815460594,4
"Arteries","Endothelial","VLMC2",0.594831913181305,0.405168086818695,0.899473727930744,4
"Arteries","ExNeuron1","ExNeuron10",0.0535889853251399,0.94641101467486,0.992505185355345,4
"Arteries","ExNeuron1","ExNeuron11",0.322712526800498,0.677287473199502,0.949863786249625,4
"Arteries","ExNeuron1","ExNeuron12",0.741702348341184,0.258297651658816,0.863885131153149,4
"Arteries","ExNeuron1","ExNeuron13",0.649499259050107,0.350500740949893,0.882166759980469,4
"Arteries","ExNeuron1","ExNeuron14",0.196196844414815,0.803803155585185,0.974664829188187,4
"Arteries","ExNeuron1","ExNeuron2",0.167708023126243,0.832291976873757,0.974664829188187,4
"Arteries","ExNeuron1","ExNeuron3",0.744000750890195,0.255999249109804,0.863885131153149,4
"Arteries","ExNeuron1","ExNeuron4",0.788973649416655,0.211026350583344,0.863885131153149,4
"Arteries","ExNeuron1","ExNeuron5",0.568342662121337,0.431657337878663,0.899473727930744,4
"Arteries","ExNeuron1","ExNeuron6",0.979465564056673,0.0205344359433268,0.664160662541976,4
"Arteries","ExNeuron1","ExNeuron7",0.810890155007306,0.189109844992694,0.858967434389083,4
"Arteries","ExNeuron1","ExNeuron8",0.762379928350091,0.237620071649908,0.863885131153149,4
"Arteries","ExNeuron1","ExNeuron9",0.56571499751994,0.43428500248006,0.899473727930744,4
"Arteries","ExNeuron1","Fibroblast",-0.545483323953836,0.454516676046164,0.899473727930744,4
"Arteries","ExNeuron1","InhNeuron1",0.860277657830387,0.139722342169613,0.821131454968533,4
"Arteries","ExNeuron1","InhNeuron2",0.803851674643375,0.196148325356625,0.858967434389083,4
"Arteries","ExNeuron1","InhNeuron3",0.507596396823419,0.492403603176581,0.90468075875338,4
"Arteries","ExNeuron1","InhNeuron4",0.346624538063681,0.653375461936319,0.942552033142692,4
"Arteries","ExNeuron1","InhNeuron5",0.817925108970131,0.182074891029868,0.858967434389083,4
"Arteries","ExNeuron1","Microglia1",-0.776014832353895,0.223985167646105,0.863885131153149,4
"Arteries","ExNeuron1","Microglia2",-0.86909224486515,0.13090775513485,0.805229915243267,4
"Arteries","ExNeuron1","Microglia3",-0.493911577685772,0.506088422314228,0.90468075875338,4
"Arteries","ExNeuron1","Microglia4",-0.548204011343682,0.451795988656318,0.899473727930744,4
"Arteries","ExNeuron1","Microglia5",-0.588260487863717,0.411739512136283,0.899473727930744,4
"Arteries","ExNeuron1","Oligodendrocytes1",0.316589449900037,0.683410550099963,0.949863786249625,4
"Arteries","ExNeuron1","Oligodendrocytes2",-0.46590024336763,0.53409975663237,0.906926570900957,4
"Arteries","ExNeuron1","Oligodendrocytes3",-0.931663953078055,0.0683360469219451,0.804864837655985,4
"Arteries","ExNeuron1","Oligodendrocytes4",-0.757500157989519,0.24249984201048,0.863885131153149,4
"Arteries","ExNeuron1","Oligodendrocytes5",-0.716496967914397,0.283503032085603,0.863885131153149,4
"Arteries","ExNeuron1","Oligodendrocytes6",-0.905935146542086,0.0940648534579137,0.804864837655985,4
"Arteries","ExNeuron1","Oligodendrocytes7",-0.365706635039481,0.634293364960519,0.939173132229352,4
"Arteries","ExNeuron1","Oligodendrocytes8",-0.714431069025439,0.285568930974561,0.863885131153149,4
"Arteries","ExNeuron1","OPC1",0.218231071776833,0.781768928223167,0.974664829188187,4
"Arteries","ExNeuron1","OPC2",-0.645694095306848,0.354305904693152,0.882166759980469,4
"Arteries","ExNeuron1","OPC3",0.0393781661711747,0.960621833828825,0.993636432678072,4
"Arteries","ExNeuron1","Pericytes",-0.451856382349491,0.548143617650509,0.906926570900957,4
"Arteries","ExNeuron1","SMC",-0.483077783734154,0.516922216265846,0.90468075875338,4
"Arteries","ExNeuron1","VLMC1",-0.765889672378871,0.234110327621129,0.863885131153149,4
"Arteries","ExNeuron1","VLMC2",-0.640700105845106,0.359299894154894,0.882166759980469,4
"Arteries","ExNeuron10","ExNeuron11",0.273193815038986,0.726806184961013,0.963181051772918,4
"Arteries","ExNeuron10","ExNeuron12",-0.0296259878962352,0.970374012103765,0.995246247410546,4
"Arteries","ExNeuron10","ExNeuron13",-0.134656998995258,0.865343001004742,0.974664829188187,4
"Arteries","ExNeuron10","ExNeuron14",-0.656179743264441,0.343820256735559,0.880580815460594,4
"Arteries","ExNeuron10","ExNeuron2",0.15748758768514,0.84251241231486,0.974664829188187,4
"Arteries","ExNeuron10","ExNeuron3",0.452372130790966,0.547627869209034,0.906926570900957,4
"Arteries","ExNeuron10","ExNeuron4",0.464353349653085,0.535646650346915,0.906926570900957,4
"Arteries","ExNeuron10","ExNeuron5",0.010523296052704,0.989476703947296,0.995246247410546,4
"Arteries","ExNeuron10","ExNeuron6",0.252512806227592,0.747487193772408,0.970996084651234,4
"Arteries","ExNeuron10","ExNeuron7",-0.299948762718226,0.700051237281774,0.956045033099479,4
"Arteries","ExNeuron10","ExNeuron8",-0.451247129495523,0.548752870504477,0.906926570900957,4
"Arteries","ExNeuron10","ExNeuron9",-0.575476407209424,0.424523592790576,0.899473727930744,4
"Arteries","ExNeuron10","Fibroblast",-0.284971470555389,0.715028529444611,0.958952757648894,4
"Arteries","ExNeuron10","InhNeuron1",0.194475451982161,0.805524548017839,0.974664829188187,4
"Arteries","ExNeuron10","InhNeuron2",0.44683401646246,0.55316598353754,0.906926570900957,4
"Arteries","ExNeuron10","InhNeuron3",0.021308575422074,0.978691424577926,0.995246247410546,4
"Arteries","ExNeuron10","InhNeuron4",0.0202652689977545,0.979734731002246,0.995246247410546,4
"Arteries","ExNeuron10","InhNeuron5",0.121960192648584,0.878039807351416,0.974664829188187,4
"Arteries","ExNeuron10","Microglia1",0.572086416636326,0.427913583363674,0.899473727930744,4
"Arteries","ExNeuron10","Microglia2",-0.443471418669403,0.556528581330596,0.906926570900957,4
"Arteries","ExNeuron10","Microglia3",0.673012572593878,0.326987427406122,0.880580815460594,4
"Arteries","ExNeuron10","Microglia4",0.312599829902977,0.687400170097023,0.950303935645185,4
"Arteries","ExNeuron10","Microglia5",0.666442753562392,0.333557246437608,0.880580815460594,4
"Arteries","ExNeuron10","Oligodendrocytes1",-0.0207069773199837,0.979293022680016,0.995246247410546,4
"Arteries","ExNeuron10","Oligodendrocytes2",-0.784819140583005,0.215180859416995,0.863885131153149,4
"Arteries","ExNeuron10","Oligodendrocytes3",0.137722438295199,0.862277561704801,0.974664829188187,4
"Arteries","ExNeuron10","Oligodendrocytes4",0.582708121387177,0.417291878612823,0.899473727930744,4
"Arteries","ExNeuron10","Oligodendrocytes5",0.584778295558436,0.415221704441564,0.899473727930744,4
"Arteries","ExNeuron10","Oligodendrocytes6",0.188420993222838,0.811579006777162,0.974664829188187,4
"Arteries","ExNeuron10","Oligodendrocytes7",-0.0653632828476219,0.934636717152378,0.988846581251707,4
"Arteries","ExNeuron10","Oligodendrocytes8",-0.706932123017601,0.293067876982399,0.864924460150613,4
"Arteries","ExNeuron10","OPC1",0.56788070609519,0.43211929390481,0.899473727930744,4
"Arteries","ExNeuron10","OPC2",0.555990140061318,0.444009859938682,0.899473727930744,4
"Arteries","ExNeuron10","OPC3",0.966206173190542,0.0337938268094577,0.75233844362141,4
"Arteries","ExNeuron10","Pericytes",-0.283261442774619,0.716738557225381,0.958952757648894,4
"Arteries","ExNeuron10","SMC",0.489885440484221,0.510114559515779,0.90468075875338,4
"Arteries","ExNeuron10","VLMC1",0.593394530402527,0.406605469597473,0.899473727930744,4
"Arteries","ExNeuron10","VLMC2",-0.794317743061144,0.205682256938855,0.863885131153149,4
"Arteries","ExNeuron11","ExNeuron12",0.829396670594354,0.170603329405646,0.858967434389083,4
"Arteries","ExNeuron11","ExNeuron13",0.841434254229017,0.158565745770983,0.846102029307562,4
"Arteries","ExNeuron11","ExNeuron14",0.546559171189812,0.453440828810188,0.899473727930744,4
"Arteries","ExNeuron11","ExNeuron2",0.980192337943265,0.0198076620567352,0.664160662541976,4
"Arteries","ExNeuron11","ExNeuron3",-0.132553809221452,0.867446190778548,0.974664829188187,4
"Arteries","ExNeuron11","ExNeuron4",-0.0433836342821772,0.956616365717823,0.992505185355345,4
"Arteries","ExNeuron11","ExNeuron5",0.927756810009917,0.0722431899900833,0.804864837655985,4
"Arteries","ExNeuron11","ExNeuron6",0.346596604377467,0.653403395622533,0.942552033142692,4
"Arteries","ExNeuron11","ExNeuron7",0.604970689391981,0.395029310608019,0.899473727930744,4
"Arteries","ExNeuron11","ExNeuron8",0.501891612865588,0.498108387134412,0.90468075875338,4
"Arteries","ExNeuron11","ExNeuron9",0.535970718960848,0.464029281039152,0.903981346308638,4
"Arteries","ExNeuron11","Fibroblast",0.485456478528696,0.514543521471304,0.90468075875338,4
"Arteries","ExNeuron11","InhNeuron1",0.760058803953223,0.239941196046776,0.863885131153149,4
"Arteries","ExNeuron11","InhNeuron2",0.760538908421494,0.239461091578506,0.863885131153149,4
"Arteries","ExNeuron11","InhNeuron3",0.947313952272236,0.0526860477277638,0.804864837655985,4
"Arteries","ExNeuron11","InhNeuron4",0.96694900590057,0.0330509940994301,0.75233844362141,4
"Arteries","ExNeuron11","InhNeuron5",0.803338875368842,0.196661124631158,0.858967434389083,4
"Arteries","ExNeuron11","Microglia1",-0.222188651469097,0.777811348530903,0.974664829188187,4
"Arteries","ExNeuron11","Microglia2",-0.114044756662195,0.885955243337805,0.974664829188187,4
"Arteries","ExNeuron11","Microglia3",0.489487527418513,0.510512472581486,0.90468075875338,4
"Arteries","ExNeuron11","Microglia4",-0.784361721974955,0.215638278025045,0.863885131153149,4
"Arteries","ExNeuron11","Microglia5",-0.38125882709394,0.61874117290606,0.930809758659552,4
"Arteries","ExNeuron11","Oligodendrocytes1",-0.771094058434942,0.228905941565058,0.863885131153149,4
"Arteries","ExNeuron11","Oligodendrocytes2",0.066070673072304,0.933929326927696,0.988846581251707,4
"Arteries","ExNeuron11","Oligodendrocytes3",-0.535820125498008,0.464179874501992,0.903981346308638,4
"Arteries","ExNeuron11","Oligodendrocytes4",-0.258731900490303,0.741268099509697,0.966795489149579,4
"Arteries","ExNeuron11","Oligodendrocytes5",-0.355311226122491,0.644688773877509,0.939173132229352,4
"Arteries","ExNeuron11","Oligodendrocytes6",-0.551047163950945,0.448952836049055,0.899473727930744,4
"Arteries","ExNeuron11","Oligodendrocytes7",-0.976763570415223,0.0232364295847769,0.728778927886184,4
"Arteries","ExNeuron11","Oligodendrocytes8",-0.587125311570969,0.412874688429031,0.899473727930744,4
"Arteries","ExNeuron11","OPC1",-0.516969838028364,0.483030161971636,0.90468075875338,4
"Arteries","ExNeuron11","OPC2",-0.496875438461069,0.503124561538931,0.90468075875338,4
"Arteries","ExNeuron11","OPC3",0.025537160702363,0.974462839297637,0.995246247410546,4
"Arteries","ExNeuron11","Pericytes",0.565395281343621,0.434604718656379,0.899473727930744,4
"Arteries","ExNeuron11","SMC",0.620649181559285,0.379350818440715,0.89261267800918,4
"Arteries","ExNeuron11","VLMC1",0.00559146119621514,0.994408538803785,0.995370249189475,4
"Arteries","ExNeuron11","VLMC2",-0.494117115259772,0.505882884740228,0.90468075875338,4
"Arteries","ExNeuron12","ExNeuron13",0.987983417823648,0.0120165821763519,0.658529714082975,4
"Arteries","ExNeuron12","ExNeuron14",0.670999901746573,0.329000098253427,0.880580815460594,4
"Arteries","ExNeuron12","ExNeuron2",0.764204721278709,0.235795278721291,0.863885131153149,4
"Arteries","ExNeuron12","ExNeuron3",0.172768655494278,0.827231344505722,0.974664829188187,4
"Arteries","ExNeuron12","ExNeuron4",0.258323074024381,0.741676925975619,0.966795489149579,4
"Arteries","ExNeuron12","ExNeuron5",0.971668591956019,0.0283314080439807,0.75233844362141,4
"Arteries","ExNeuron12","ExNeuron6",0.697309593232244,0.302690406767756,0.864924460150613,4
"Arteries","ExNeuron12","ExNeuron7",0.941205195111839,0.0587948048881606,0.804864837655985,4
"Arteries","ExNeuron12","ExNeuron8",0.879501329131806,0.120498670868194,0.804864837655985,4
"Arteries","ExNeuron12","ExNeuron9",0.834327913146579,0.165672086853421,0.858967434389083,4
"Arteries","ExNeuron12","Fibroblast",0.145591348499796,0.854408651500204,0.974664829188187,4
"Arteries","ExNeuron12","InhNeuron1",0.953097400902331,0.0469025990976687,0.804864837655985,4
"Arteries","ExNeuron12","InhNeuron2",0.859174995865503,0.140825004134497,0.821131454968533,4
"Arteries","ExNeuron12","InhNeuron3",0.951670511053328,0.0483294889466718,0.804864837655985,4
"Arteries","ExNeuron12","InhNeuron4",0.882736279161736,0.117263720838264,0.804864837655985,4
"Arteries","ExNeuron12","InhNeuron5",0.981467106145466,0.0185328938545336,0.661432591015252,4
"Arteries","ExNeuron12","Microglia1",-0.712901208725226,0.287098791274774,0.863885131153149,4
"Arteries","ExNeuron12","Microglia2",-0.420564553335835,0.579435446664165,0.907090796407614,4
"Arteries","ExNeuron12","Microglia3",-0.0713395142478665,0.928660485752134,0.987668549547337,4
"Arteries","ExNeuron12","Microglia4",-0.939418121844062,0.0605818781559382,0.804864837655985,4
"Arteries","ExNeuron12","Microglia5",-0.756178697281679,0.243821302718321,0.863885131153149,4
"Arteries","ExNeuron12","Oligodendrocytes1",-0.394869737760951,0.605130262239049,0.923712324157568,4
"Arteries","ExNeuron12","Oligodendrocytes2",0.0085456868470488,0.991454313152951,0.995341646660187,4
"Arteries","ExNeuron12","Oligodendrocytes3",-0.911512669766759,0.0884873302332412,0.804864837655985,4
"Arteries","ExNeuron12","Oligodendrocytes4",-0.732779175198518,0.267220824801482,0.863885131153149,4
"Arteries","ExNeuron12","Oligodendrocytes5",-0.78273613276265,0.21726386723735,0.863885131153149,4
"Arteries","ExNeuron12","Oligodendrocytes6",-0.922356514224712,0.0776434857752884,0.804864837655985,4
"Arteries","ExNeuron12","Oligodendrocytes7",-0.888218331580969,0.111781668419031,0.804864837655985,4
"Arteries","ExNeuron12","Oligodendrocytes8",-0.618806952966128,0.381193047033872,0.89261267800918,4
"Arteries","ExNeuron12","OPC1",-0.411422329338437,0.588577670661563,0.911256820622116,4
"Arteries","ExNeuron12","OPC2",-0.842212322891221,0.157787677108779,0.846102029307562,4
"Arteries","ExNeuron12","OPC3",-0.209632634794976,0.790367365205024,0.974664829188187,4
"Arteries","ExNeuron12","Pericytes",0.2522933241136,0.7477066758864,0.970996084651234,4
"Arteries","ExNeuron12","SMC",0.0774706323920257,0.922529367607974,0.98558017783231,4
"Arteries","ExNeuron12","VLMC1",-0.546354325465984,0.453645674534016,0.899473727930744,4
"Arteries","ExNeuron12","VLMC2",-0.489926033866405,0.510073966133595,0.90468075875338,4
"Arteries","ExNeuron13","ExNeuron14",0.773018110962015,0.226981889037985,0.863885131153149,4
"Arteries","ExNeuron13","ExNeuron2",0.806011049831271,0.193988950168729,0.858967434389083,4
"Arteries","ExNeuron13","ExNeuron3",0.0238683093688583,0.976131690631142,0.995246247410546,4
"Arteries","ExNeuron13","ExNeuron4",0.110183999359206,0.889816000640794,0.974664829188187,4
"Arteries","ExNeuron13","ExNeuron5",0.982184703387127,0.0178152966128728,0.658529714082975,4
"Arteries","ExNeuron13","ExNeuron6",0.585229235026089,0.414770764973911,0.899473727930744,4
"Arteries","ExNeuron13","ExNeuron7",0.935975492434976,0.0640245075650235,0.804864837655985,4
"Arteries","ExNeuron13","ExNeuron8",0.889666339067327,0.110333660932673,0.804864837655985,4
"Arteries","ExNeuron13","ExNeuron9",0.884338387110623,0.115661612889377,0.804864837655985,4
"Arteries","ExNeuron13","Fibroblast",0.280659728726339,0.719340271273661,0.959429356660102,4
"Arteries","ExNeuron13","InhNeuron1",0.895002212059649,0.104997787940351,0.804864837655985,4
"Arteries","ExNeuron13","InhNeuron2",0.776839454104769,0.223160545895231,0.863885131153149,4
"Arteries","ExNeuron13","InhNeuron3",0.969268441335845,0.030731558664155,0.75233844362141,4
"Arteries","ExNeuron13","InhNeuron4",0.920075387891339,0.0799246121086612,0.804864837655985,4
"Arteries","ExNeuron13","InhNeuron5",0.940422278880906,0.0595777211190942,0.804864837655985,4
"Arteries","ExNeuron13","Microglia1",-0.713455336411909,0.286544663588091,0.863885131153149,4
"Arteries","ExNeuron13","Microglia2",-0.278785126478761,0.721214873521239,0.959456804748692,4
"Arteries","ExNeuron13","Microglia3",-0.0578606481999524,0.942139351800048,0.990969745033587,4
"Arteries","ExNeuron13","Microglia4",-0.979707873798453,0.0202921262015474,0.664160662541976,4
"Arteries","ExNeuron13","Microglia5",-0.802118719460189,0.197881280539811,0.858967434389083,4
"Arteries","ExNeuron13","Oligodendrocytes1",-0.490473855261462,0.509526144738538,0.90468075875338,4
"Arteries","ExNeuron13","Oligodendrocytes2",0.161217703096507,0.838782296903493,0.974664829188187,4
"Arteries","ExNeuron13","Oligodendrocytes3",-0.867475128275606,0.132524871724394,0.805229915243267,4
"Arteries","ExNeuron13","Oligodendrocytes4",-0.739663867583256,0.260336132416744,0.863885131153149,4
"Arteries","ExNeuron13","Oligodendrocytes5",-0.80231180154014,0.19768819845986,0.858967434389083,4
"Arteries","ExNeuron13","Oligodendrocytes6",-0.888583278655106,0.111416721344894,0.804864837655985,4
"Arteries","ExNeuron13","Oligodendrocytes7",-0.918751593869067,0.081248406130933,0.804864837655985,4
"Arteries","ExNeuron13","Oligodendrocytes8",-0.500851513860537,0.499148486139463,0.90468075875338,4
"Arteries","ExNeuron13","OPC1",-0.546720016165059,0.453279983834941,0.899473727930744,4
"Arteries","ExNeuron13","OPC2",-0.877729930623783,0.122270069376217,0.804864837655985,4
"Arteries","ExNeuron13","OPC3",-0.329106001105936,0.670893998894063,0.949863786249625,4
"Arteries","ExNeuron13","Pericytes",0.383171701910599,0.616828298089401,0.929282807165254,4
"Arteries","ExNeuron13","SMC",0.122599984759449,0.877400015240551,0.974664829188187,4
"Arteries","ExNeuron13","VLMC1",-0.532110631782152,0.467889368217848,0.904537552100588,4
"Arteries","ExNeuron13","VLMC2",-0.362069380013058,0.637930619986942,0.939173132229352,4
"Arteries","ExNeuron14","ExNeuron2",0.633495935467051,0.366504064532949,0.882166759980469,4
"Arteries","ExNeuron14","ExNeuron3",-0.506995015771486,0.493004984228514,0.90468075875338,4
"Arteries","ExNeuron14","ExNeuron4",-0.44766313220669,0.55233686779331,0.906926570900957,4
"Arteries","ExNeuron14","ExNeuron5",0.715552888628393,0.284447111371607,0.863885131153149,4
"Arteries","ExNeuron14","ExNeuron6",0.0420167341352761,0.957983265864724,0.992505185355345,4
"Arteries","ExNeuron14","ExNeuron7",0.728736562398668,0.271263437601332,0.863885131153149,4
"Arteries","ExNeuron14","ExNeuron8",0.779812741466831,0.220187258533169,0.863885131153149,4
"Arteries","ExNeuron14","ExNeuron9",0.917123939302327,0.0828760606976731,0.804864837655985,4
"Arteries","ExNeuron14","Fibroblast",0.637080124284756,0.362919875715244,0.882166759980469,4
"Arteries","ExNeuron14","InhNeuron1",0.419817555372419,0.580182444627581,0.907090796407614,4
"Arteries","ExNeuron14","InhNeuron2",0.201067197748911,0.798932802251089,0.974664829188187,4
"Arteries","ExNeuron14","InhNeuron3",0.722272896759822,0.277727103240178,0.863885131153149,4
"Arteries","ExNeuron14","InhNeuron4",0.740507508785945,0.259492491214055,0.863885131153149,4
"Arteries","ExNeuron14","InhNeuron5",0.517570189248604,0.482429810751396,0.90468075875338,4
"Arteries","ExNeuron14","Microglia1",-0.66443496744544,0.33556503255456,0.880580815460594,4
"Arteries","ExNeuron14","Microglia2",0.306314405355316,0.693685594644684,0.952944288638632,4
"Arteries","ExNeuron14","Microglia3",-0.194636498669294,0.805363501330706,0.974664829188187,4
"Arteries","ExNeuron14","Microglia4",-0.88416725460828,0.11583274539172,0.804864837655985,4
"Arteries","ExNeuron14","Microglia5",-0.874144376790096,0.125855623209904,0.804864837655985,4
"Arteries","ExNeuron14","Oligodendrocytes1",-0.593373371066175,0.406626628933825,0.899473727930744,4
"Arteries","ExNeuron14","Oligodendrocytes2",0.740923438679539,0.25907656132046,0.863885131153149,4
"Arteries","ExNeuron14","Oligodendrocytes3",-0.531563161424236,0.468436838575764,0.904537552100588,4
"Arteries","ExNeuron14","Oligodendrocytes4",-0.702701127105977,0.297298872894023,0.864924460150613,4
"Arteries","ExNeuron14","Oligodendrocytes5",-0.781098100001288,0.218901899998712,0.863885131153149,4
"Arteries","ExNeuron14","Oligodendrocytes6",-0.588013628336635,0.411986371663365,0.899473727930744,4
"Arteries","ExNeuron14","Oligodendrocytes7",-0.708748439258581,0.291251560741419,0.864924460150613,4
"Arteries","ExNeuron14","Oligodendrocytes8",0.161105610175452,0.838894389824548,0.974664829188187,4
"Arteries","ExNeuron14","OPC1",-0.904541501873083,0.0954584981269171,0.804864837655985,4
"Arteries","ExNeuron14","OPC2",-0.868419878175129,0.131580121824871,0.805229915243267,4
"Arteries","ExNeuron14","OPC3",-0.821786183597531,0.178213816402469,0.858967434389083,4
"Arteries","ExNeuron14","Pericytes",0.697521915334544,0.302478084665456,0.864924460150613,4
"Arteries","ExNeuron14","SMC",0.0681033915880043,0.931896608411996,0.98823052224018,4
"Arteries","ExNeuron14","VLMC1",-0.50357435554534,0.49642564445466,0.90468075875338,4
"Arteries","ExNeuron14","VLMC2",0.309669947967794,0.690330052032206,0.951386955863293,4
"Arteries","ExNeuron2","ExNeuron3",-0.325609936128417,0.674390063871583,0.949863786249625,4
"Arteries","ExNeuron2","ExNeuron4",-0.239416835493194,0.760583164506806,0.974664829188187,4
"Arteries","ExNeuron2","ExNeuron5",0.893967249598761,0.106032750401239,0.804864837655985,4
"Arteries","ExNeuron2","ExNeuron6",0.171781444553451,0.828218555446549,0.974664829188187,4
"Arteries","ExNeuron2","ExNeuron7",0.546291327786196,0.453708672213804,0.899473727930744,4
"Arteries","ExNeuron2","ExNeuron8",0.463319296673962,0.536680703326038,0.906926570900957,4
"Arteries","ExNeuron2","ExNeuron9",0.548947116834611,0.451052883165389,0.899473727930744,4
"Arteries","ExNeuron2","Fibroblast",0.648158751952501,0.351841248047499,0.882166759980469,4
"Arteries","ExNeuron2","InhNeuron1",0.641655972375978,0.358344027624022,0.882166759980469,4
"Arteries","ExNeuron2","InhNeuron2",0.620114753634499,0.379885246365501,0.89261267800918,4
"Arteries","ExNeuron2","InhNeuron3",0.92390266805448,0.0760973319455198,0.804864837655985,4
"Arteries","ExNeuron2","InhNeuron4",0.972518716309261,0.0274812836907391,0.75233844362141,4
"Arteries","ExNeuron2","InhNeuron5",0.704284912370165,0.295715087629835,0.864924460150613,4
"Arteries","ExNeuron2","Microglia1",-0.176996095946133,0.823003904053867,0.974664829188187,4
"Arteries","ExNeuron2","Microglia2",0.0820890289159968,0.917910971084003,0.983497354511551,4
"Arteries","ExNeuron2","Microglia3",0.523371419389659,0.476628580610341,0.90468075875338,4
"Arteries","ExNeuron2","Microglia4",-0.78460538095461,0.21539461904539,0.863885131153149,4
"Arteries","ExNeuron2","Microglia5",-0.391041309616687,0.608958690383312,0.925509903886532,4
"Arteries","ExNeuron2","Oligodendrocytes1",-0.876211311906968,0.123788688093032,0.804864837655985,4
"Arteries","ExNeuron2","Oligodendrocytes2",0.24876377505146,0.75123622494854,0.970996084651234,4
"Arteries","ExNeuron2","Oligodendrocytes3",-0.43133720305395,0.56866279694605,0.907090796407614,4
"Arteries","ExNeuron2","Oligodendrocytes4",-0.220577450250572,0.779422549749428,0.974664829188187,4
"Arteries","ExNeuron2","Oligodendrocytes5",-0.331138873766877,0.668861126233123,0.949863786249625,4
"Arteries","ExNeuron2","Oligodendrocytes6",-0.458382979200411,0.541617020799589,0.906926570900957,4
"Arteries","ExNeuron2","Oligodendrocytes7",-0.9740954069029,0.0259045930970998,0.75233844362141,4
"Arteries","ExNeuron2","Oligodendrocytes8",-0.417239098392316,0.582760901607684,0.907894187724896,4
"Arteries","ExNeuron2","OPC1",-0.661516841837117,0.338483158162883,0.880580815460594,4
"Arteries","ExNeuron2","OPC2",-0.491028892346398,0.508971107653602,0.90468075875338,4
"Arteries","ExNeuron2","OPC3",-0.10073507762277,0.89926492237723,0.974664829188187,4
"Arteries","ExNeuron2","Pericytes",0.717460838361107,0.282539161638893,0.863885131153149,4
"Arteries","ExNeuron2","SMC",0.684806854717429,0.315193145282571,0.879312413389384,4
"Arteries","ExNeuron2","VLMC1",0.0622321028597674,0.937767897140233,0.989250583289145,4
"Arteries","ExNeuron2","VLMC2",-0.319373394755983,0.680626605244017,0.949863786249625,4
"Arteries","ExNeuron3","ExNeuron4",0.99580316455842,0.00419683544158025,0.482636075781729,4
"Arteries","ExNeuron3","ExNeuron5",-0.0173864235543542,0.982613576445646,0.995246247410546,4
"Arteries","ExNeuron3","ExNeuron6",0.823473343918814,0.176526656081186,0.858967434389083,4
"Arteries","ExNeuron3","ExNeuron7",0.212573075173123,0.787426924826877,0.974664829188187,4
"Arteries","ExNeuron3","ExNeuron8",0.143361099349153,0.856638900650847,0.974664829188187,4
"Arteries","ExNeuron3","ExNeuron9",-0.123032733491316,0.876967266508684,0.974664829188187,4
"Arteries","ExNeuron3","Fibroblast",-0.930748660571896,0.0692513394281043,0.804864837655985,4
"Arteries","ExNeuron3","InhNeuron1",0.4453012037709,0.5546987962291,0.906926570900957,4
"Arteries","ExNeuron3","InhNeuron2",0.535974184263003,0.464025815736997,0.903981346308638,4
"Arteries","ExNeuron3","InhNeuron3",-0.0772684132178657,0.922731586782134,0.98558017783231,4
"Arteries","ExNeuron3","InhNeuron4",-0.23403293734783,0.76596706265217,0.974664829188187,4
"Arteries","ExNeuron3","InhNeuron5",0.341515348103412,0.658484651896588,0.943949604865607,4
"Arteries","ExNeuron3","Microglia1",-0.248986269112693,0.751013730887307,0.970996084651234,4
"Arteries","ExNeuron3","Microglia2",-0.9654341843109,0.0345658156890995,0.75233844362141,4
"Arteries","ExNeuron3","Microglia3",-0.348643951446547,0.651356048553453,0.942552033142692,4
"Arteries","ExNeuron3","Microglia4",0.134327675430361,0.865672324569639,0.974664829188187,4
"Arteries","ExNeuron3","Microglia5",0.0646562289416225,0.935343771058377,0.988846581251707,4
"Arteries","ExNeuron3","Oligodendrocytes1",0.717730830243606,0.282269169756394,0.863885131153149,4
"Arteries","ExNeuron3","Oligodendrocytes2",-0.898119627254538,0.101880372745462,0.804864837655985,4
"Arteries","ExNeuron3","Oligodendrocytes3",-0.452226135698534,0.547773864301466,0.906926570900957,4
"Arteries","ExNeuron3","Oligodendrocytes4",-0.205295897079623,0.794704102920377,0.974664829188187,4
"Arteries","ExNeuron3","Oligodendrocytes5",-0.111565802424493,0.888434197575507,0.974664829188187,4
"Arteries","ExNeuron3","Oligodendrocytes6",-0.391822513235913,0.608177486764087,0.925509903886532,4
"Arteries","ExNeuron3","Oligodendrocytes7",0.197190048962105,0.802809951037895,0.974664829188187,4
"Arteries","ExNeuron3","Oligodendrocytes8",-0.701533317834634,0.298466682165366,0.864924460150613,4
"Arteries","ExNeuron3","OPC1",0.813299667788955,0.186700332211045,0.858967434389083,4
"Arteries","ExNeuron3","OPC2",0.0175801495542283,0.982419850445772,0.995246247410546,4
"Arteries","ExNeuron3","OPC3",0.563353127128857,0.436646872871143,0.899473727930744,4
"Arteries","ExNeuron3","Pericytes",-0.891608505807145,0.108391494192855,0.804864837655985,4
"Arteries","ExNeuron3","SMC",-0.517342592659594,0.482657407340406,0.90468075875338,4
"Arteries","ExNeuron3","VLMC1",-0.359199386714241,0.640800613285759,0.939173132229352,4
"Arteries","ExNeuron3","VLMC2",-0.737868450213828,0.262131549786172,0.863885131153149,4
"Arteries","ExNeuron4","ExNeuron5",0.0731624523821192,0.926837547617881,0.987668549547337,4
"Arteries","ExNeuron4","ExNeuron6",0.867631780173001,0.132368219826999,0.805229915243267,4
"Arteries","ExNeuron4","ExNeuron7",0.283264938775551,0.716735061224449,0.958952757648894,4
"Arteries","ExNeuron4","ExNeuron8",0.206159657197602,0.793840342802398,0.974664829188187,4
"Arteries","ExNeuron4","ExNeuron9",-0.0591490729659702,0.94085092703403,0.990621271088729,4
"Arteries","ExNeuron4","Fibroblast",-0.894497946176604,0.105502053823396,0.804864837655985,4
"Arteries","ExNeuron4","InhNeuron1",0.524060151399829,0.475939848600171,0.90468075875338,4
"Arteries","ExNeuron4","InhNeuron2",0.610572227802965,0.389427772197035,0.897678717647953,4
"Arteries","ExNeuron4","InhNeuron3",0.0137757036371029,0.986224296362897,0.995246247410546,4
"Arteries","ExNeuron4","InhNeuron4",-0.144099149886499,0.855900850113501,0.974664829188187,4
"Arteries","ExNeuron4","InhNeuron5",0.424215875474973,0.575784124525027,0.907090796407614,4
"Arteries","ExNeuron4","Microglia1",-0.289236220318439,0.710763779681561,0.958952757648894,4
"Arteries","ExNeuron4","Microglia2",-0.984997273106582,0.0150027268934181,0.658529714082975,4
"Arteries","ExNeuron4","Microglia3",-0.323321946162837,0.676678053837163,0.949863786249625,4
"Arteries","ExNeuron4","Microglia4",0.0524935977914088,0.947506402208591,0.992505185355345,4
"Arteries","ExNeuron4","Microglia5",0.0126740610794975,0.987325938920502,0.995246247410546,4
"Arteries","ExNeuron4","Oligodendrocytes1",0.656500974982132,0.343499025017868,0.880580815460594,4
"Arteries","ExNeuron4","Oligodendrocytes2",-0.890584422788173,0.109415577211827,0.804864837655985,4
"Arteries","ExNeuron4","Oligodendrocytes3",-0.516964589123797,0.483035410876203,0.90468075875338,4
"Arteries","ExNeuron4","Oligodendrocytes4",-0.248533464922089,0.751466535077911,0.970996084651234,4
"Arteries","ExNeuron4","Oligodendrocytes5",-0.162507967434977,0.837492032565023,0.974664829188187,4
"Arteries","ExNeuron4","Oligodendrocytes6",-0.458077650466849,0.541922349533151,0.906926570900957,4
"Arteries","ExNeuron4","Oligodendrocytes7",0.106640753935834,0.893359246064166,0.974664829188187,4
"Arteries","ExNeuron4","Oligodendrocytes8",-0.756168246799028,0.243831753200972,0.863885131153149,4
"Arteries","ExNeuron4","OPC1",0.764953544765229,0.235046455234771,0.863885131153149,4
"Arteries","ExNeuron4","OPC2",-0.0440622467359742,0.955937753264026,0.992505185355345,4
"Arteries","ExNeuron4","OPC3",0.553975732911636,0.446024267088364,0.899473727930744,4
"Arteries","ExNeuron4","Pericytes",-0.846780558776353,0.153219441223647,0.846102029307562,4
"Arteries","ExNeuron4","SMC",-0.478093456544759,0.521906543455241,0.906926570900957,4
"Arteries","ExNeuron4","VLMC1",-0.379732407707345,0.620267592292655,0.931751753298835,4
"Arteries","ExNeuron4","VLMC2",-0.782006078236495,0.217993921763505,0.863885131153149,4
"Arteries","ExNeuron5","ExNeuron6",0.533875242664604,0.466124757335396,0.903981346308638,4
"Arteries","ExNeuron5","ExNeuron7",0.857196461797127,0.142803538202873,0.821131454968533,4
"Arteries","ExNeuron5","ExNeuron8",0.788126050947045,0.211873949052954,0.863885131153149,4
"Arteries","ExNeuron5","ExNeuron9",0.793026490129494,0.206973509870506,0.863885131153149,4
"Arteries","ExNeuron5","Fibroblast",0.351513005438079,0.648486994561921,0.941352088880208,4
"Arteries","ExNeuron5","InhNeuron1",0.887117797253747,0.112882202746253,0.804864837655985,4
"Arteries","ExNeuron5","InhNeuron2",0.807647580338221,0.192352419661779,0.858967434389083,4
"Arteries","ExNeuron5","InhNeuron3",0.997294617401995,0.00270538259800511,0.442695379571593,4
"Arteries","ExNeuron5","InhNeuron4",0.968521414205288,0.0314785857947119,0.75233844362141,4
"Arteries","ExNeuron5","InhNeuron5",0.932136559063925,0.0678634409360754,0.804864837655985,4
"Arteries","ExNeuron5","Microglia1",-0.569992727713162,0.430007272286838,0.899473727930744,4
"Arteries","ExNeuron5","Microglia2",-0.243813007418751,0.756186992581249,0.973449673285563,4
"Arteries","ExNeuron5","Microglia3",0.129033631654959,0.870966368345041,0.974664829188187,4
"Arteries","ExNeuron5","Microglia4",-0.946019338583108,0.0539806614168915,0.804864837655985,4
"Arteries","ExNeuron5","Microglia5",-0.68280109801908,0.31719890198092,0.880114744753227,4
"Arteries","ExNeuron5","Oligodendrocytes1",-0.598938230022017,0.401061769977983,0.899473727930744,4
"Arteries","ExNeuron5","Oligodendrocytes2",0.121823039038207,0.878176960961793,0.974664829188187,4
"Arteries","ExNeuron5","Oligodendrocytes3",-0.789025777523481,0.210974222476519,0.863885131153149,4
"Arteries","ExNeuron5","Oligodendrocytes4",-0.600277506613593,0.399722493386407,0.899473727930744,4
"Arteries","ExNeuron5","Oligodendrocytes5",-0.676075799097575,0.323924200902425,0.880580815460594,4
"Arteries","ExNeuron5","Oligodendrocytes6",-0.808057639158035,0.191942360841965,0.858967434389083,4
"Arteries","ExNeuron5","Oligodendrocytes7",-0.971574931902744,0.0284250680972564,0.75233844362141,4
"Arteries","ExNeuron5","Oligodendrocytes8",-0.559659397775937,0.440340602224063,0.899473727930744,4
"Arteries","ExNeuron5","OPC1",-0.546228521348708,0.453771478651292,0.899473727930744,4
"Arteries","ExNeuron5","OPC2",-0.776061994401686,0.223938005598314,0.863885131153149,4
"Arteries","ExNeuron5","OPC3",-0.208675867194461,0.791324132805539,0.974664829188187,4
"Arteries","ExNeuron5","Pericytes",0.45044689694529,0.54955310305471,0.906926570900957,4
"Arteries","ExNeuron5","SMC",0.296677457162683,0.703322542837317,0.956656665411875,4
"Arteries","ExNeuron5","VLMC1",-0.366781966094643,0.633218033905357,0.939173132229352,4
"Arteries","ExNeuron5","VLMC2",-0.432283525107094,0.567716474892906,0.907090796407614,4
"Arteries","ExNeuron6","ExNeuron7",0.714531252380057,0.285468747619943,0.863885131153149,4
"Arteries","ExNeuron6","ExNeuron8",0.63842375317501,0.36157624682499,0.882166759980469,4
"Arteries","ExNeuron6","ExNeuron9",0.419812456790492,0.580187543209508,0.907090796407614,4
"Arteries","ExNeuron6","Fibroblast",-0.603821415379355,0.396178584620645,0.899473727930744,4
"Arteries","ExNeuron6","InhNeuron1",0.86123074288988,0.13876925711012,0.821131454968533,4
"Arteries","ExNeuron6","InhNeuron2",0.858368350046518,0.141631649953482,0.821131454968533,4
"Arteries","ExNeuron6","InhNeuron3",0.476301061205279,0.523698938794721,0.906926570900957,4
"Arteries","ExNeuron6","InhNeuron4",0.318409184235818,0.681590815764182,0.949863786249625,4
"Arteries","ExNeuron6","InhNeuron5",0.803776036262806,0.196223963737194,0.858967434389083,4
"Arteries","ExNeuron6","Microglia1",-0.633735080035509,0.366264919964491,0.882166759980469,4
"Arteries","ExNeuron6","Microglia2",-0.937592793524562,0.0624072064754376,0.804864837655985,4
"Arteries","ExNeuron6","Microglia3",-0.35522605052465,0.64477394947535,0.939173132229352,4
"Arteries","ExNeuron6","Microglia4",-0.450908666910437,0.549091333089562,0.906926570900957,4
"Arteries","ExNeuron6","Microglia5",-0.426874422596138,0.573125577403862,0.907090796407614,4
"Arteries","ExNeuron6","Oligodendrocytes1",0.324192128281408,0.675807871718592,0.949863786249625,4
"Arteries","ExNeuron6","Oligodendrocytes2",-0.619079338069003,0.380920661930997,0.89261267800918,4
"Arteries","ExNeuron6","Oligodendrocytes3",-0.867783991869042,0.132216008130958,0.805229915243267,4
"Arteries","ExNeuron6","Oligodendrocytes4",-0.612540474336629,0.387459525663371,0.897137827878276,4
"Arteries","ExNeuron6","Oligodendrocytes5",-0.569651269900199,0.430348730099801,0.899473727930744,4
"Arteries","ExNeuron6","Oligodendrocytes6",-0.831782291686725,0.168217708313275,0.858967434389083,4
"Arteries","ExNeuron6","Oligodendrocytes7",-0.34613298570391,0.65386701429609,0.942552033142692,4
"Arteries","ExNeuron6","Oligodendrocytes8",-0.829251874285746,0.170748125714254,0.858967434389083,4
"Arteries","ExNeuron6","OPC1",0.343634250560547,0.656365749439453,0.942832626156193,4
"Arteries","ExNeuron6","OPC2",-0.502924225620335,0.497075774379665,0.90468075875338,4
"Arteries","ExNeuron6","OPC3",0.237851628248958,0.762148371751042,0.974664829188187,4
"Arteries","ExNeuron6","Pericytes",-0.514048986768781,0.485951013231219,0.90468075875338,4
"Arteries","ExNeuron6","SMC",-0.385851207040619,0.614148792959381,0.927947446296292,4
"Arteries","ExNeuron6","VLMC1",-0.625149866633649,0.374850133366351,0.89261267800918,4
"Arteries","ExNeuron6","VLMC2",-0.777681106956272,0.222318893043728,0.863885131153149,4
"Arteries","ExNeuron7","ExNeuron8",0.986274270067432,0.0137257299325678,0.658529714082975,4
"Arteries","ExNeuron7","ExNeuron9",0.931807770294681,0.0681922297053191,0.804864837655985,4
"Arteries","ExNeuron7","Fibroblast",0.0236073955521409,0.976392604447859,0.995246247410546,4
"Arteries","ExNeuron7","InhNeuron1",0.877408699898547,0.122591300101453,0.804864837655985,4
"Arteries","ExNeuron7","InhNeuron2",0.719354812362687,0.280645187637313,0.863885131153149,4
"Arteries","ExNeuron7","InhNeuron3",0.821580323250112,0.178419676749888,0.858967434389083,4
"Arteries","ExNeuron7","InhNeuron4",0.724625932072729,0.275374067927271,0.863885131153149,4
"Arteries","ExNeuron7","InhNeuron5",0.90621952058399,0.0937804794160102,0.804864837655985,4
"Arteries","ExNeuron7","Microglia1",-0.907773492218507,0.0922265077814934,0.804864837655985,4
"Arteries","ExNeuron7","Microglia2",-0.428633869956353,0.571366130043647,0.907090796407614,4
"Arteries","ExNeuron7","Microglia3",-0.39749123359262,0.60250876640738,0.921117538008328,4
"Arteries","ExNeuron7","Microglia4",-0.923585174170685,0.0764148258293155,0.804864837655985,4
"Arteries","ExNeuron7","Microglia5",-0.909947643533247,0.0900523564667529,0.804864837655985,4
"Arteries","ExNeuron7","Oligodendrocytes1",-0.179084845810526,0.820915154189474,0.974664829188187,4
"Arteries","ExNeuron7","Oligodendrocytes2",0.0976981161885355,0.902301883811464,0.975843730140926,4
"Arteries","ExNeuron7","Oligodendrocytes3",-0.967332472081476,0.0326675279185241,0.75233844362141,4
"Arteries","ExNeuron7","Oligodendrocytes4",-0.919455862037817,0.0805441379621827,0.804864837655985,4
"Arteries","ExNeuron7","Oligodendrocytes5",-0.943211152226347,0.0567888477736532,0.804864837655985,4
"Arteries","ExNeuron7","Oligodendrocytes6",-0.982259849155725,0.017740150844275,0.658529714082975,4
"Arteries","ExNeuron7","Oligodendrocytes7",-0.720942218154163,0.279057781845837,0.863885131153149,4
"Arteries","ExNeuron7","Oligodendrocytes8",-0.445170511510086,0.554829488489914,0.906926570900957,4
"Arteries","ExNeuron7","OPC1",-0.394009016325615,0.605990983674385,0.923712324157568,4
"Arteries","ExNeuron7","OPC2",-0.955670919673149,0.0443290803268509,0.804864837655985,4
"Arteries","ExNeuron7","OPC3",-0.42200581405074,0.577994185949259,0.907090796407614,4
"Arteries","ExNeuron7","Pericytes",0.126948554261611,0.873051445738389,0.974664829188187,4
"Arteries","ExNeuron7","SMC",-0.234595333300924,0.765404666699076,0.974664829188187,4
"Arteries","ExNeuron7","VLMC1",-0.792812870549257,0.207187129450743,0.863885131153149,4
"Arteries","ExNeuron7","VLMC2",-0.305777783928958,0.694222216071042,0.952944288638632,4
"Arteries","ExNeuron8","ExNeuron9",0.964508399841092,0.0354916001589076,0.75233844362141,4
"Arteries","ExNeuron8","Fibroblast",0.0450595112244335,0.954940488775567,0.992505185355345,4
"Arteries","ExNeuron8","InhNeuron1",0.787181887003917,0.212818112996083,0.863885131153149,4
"Arteries","ExNeuron8","InhNeuron2",0.596560943770086,0.403439056229914,0.899473727930744,4
"Arteries","ExNeuron8","InhNeuron3",0.751252937552156,0.248747062447844,0.863885131153149,4
"Arteries","ExNeuron8","InhNeuron4",0.656844297508797,0.343155702491203,0.880580815460594,4
"Arteries","ExNeuron8","InhNeuron5",0.824073761232847,0.175926238767153,0.858967434389083,4
"Arteries","ExNeuron8","Microglia1",-0.953974327398994,0.0460256726010064,0.804864837655985,4
"Arteries","ExNeuron8","Microglia2",-0.343205484581048,0.656794515418952,0.942832626156193,4
"Arteries","ExNeuron8","Microglia3",-0.50569489453751,0.49430510546249,0.90468075875338,4
"Arteries","ExNeuron8","Microglia4",-0.906736170778513,0.0932638292214865,0.804864837655985,4
"Arteries","ExNeuron8","Microglia5",-0.963508857248234,0.0364911427517662,0.755366654961561,4
"Arteries","ExNeuron8","Oligodendrocytes1",-0.137579505782379,0.862420494217621,0.974664829188187,4
"Arteries","ExNeuron8","Oligodendrocytes2",0.209199553121057,0.790800446878943,0.974664829188187,4
"Arteries","ExNeuron8","Oligodendrocytes3",-0.933308880617881,0.0666911193821186,0.804864837655985,4
"Arteries","ExNeuron8","Oligodendrocytes4",-0.965321220274236,0.0346787797257637,0.75233844362141,4
"Arteries","ExNeuron8","Oligodendrocytes5",-0.984532401453632,0.0154675985463684,0.658529714082975,4
"Arteries","ExNeuron8","Oligodendrocytes6",-0.954691942453757,0.0453080575462426,0.804864837655985,4
"Arteries","ExNeuron8","Oligodendrocytes7",-0.646116305151368,0.353883694848632,0.882166759980469,4
"Arteries","ExNeuron8","Oligodendrocytes8",-0.299824024068208,0.700175975931792,0.956045033099479,4
"Arteries","ExNeuron8","OPC1",-0.444212070441912,0.555787929558088,0.906926570900957,4
"Arteries","ExNeuron8","OPC2",-0.986307913874425,0.0136920861255746,0.658529714082975,4
"Arteries","ExNeuron8","OPC3",-0.553768164346014,0.446231835653986,0.899473727930744,4
"Arteries","ExNeuron8","Pericytes",0.141351045876607,0.858648954123393,0.974664829188187,4
"Arteries","ExNeuron8","SMC",-0.326301990402773,0.673698009597227,0.949863786249625,4
"Arteries","ExNeuron8","VLMC1",-0.855607802121475,0.144392197878525,0.821131454968533,4
"Arteries","ExNeuron8","VLMC2",-0.155885298556982,0.844114701443018,0.974664829188187,4
"Arteries","ExNeuron9","Fibroblast",0.292486707909858,0.707513292090142,0.958476776588085,4
"Arteries","ExNeuron9","InhNeuron1",0.668906771253094,0.331093228746906,0.880580815460594,4
"Arteries","ExNeuron9","InhNeuron2",0.45311320980699,0.54688679019301,0.906926570900957,4
"Arteries","ExNeuron9","InhNeuron3",0.771926779327117,0.228073220672883,0.863885131153149,4
"Arteries","ExNeuron9","InhNeuron4",0.718940669032688,0.281059330967312,0.863885131153149,4
"Arteries","ExNeuron9","InhNeuron5",0.733581688416468,0.266418311583532,0.863885131153149,4
"Arteries","ExNeuron9","Microglia1",-0.891058108396427,0.108941891603573,0.804864837655985,4
"Arteries","ExNeuron9","Microglia2",-0.0860807413602147,0.913919258639785,0.983270720054239,4
"Arteries","ExNeuron9","Microglia3",-0.416667019481105,0.583332980518895,0.907894187724896,4
"Arteries","ExNeuron9","Microglia4",-0.944035276876667,0.0559647231233325,0.804864837655985,4
"Arteries","ExNeuron9","Microglia5",-0.983960497001425,0.0160395029985752,0.658529714082975,4
"Arteries","ExNeuron9","Oligodendrocytes1",-0.327368487264387,0.672631512735613,0.949863786249625,4
"Arteries","ExNeuron9","Oligodendrocytes2",0.450264421311592,0.549735578688408,0.906926570900957,4
"Arteries","ExNeuron9","Oligodendrocytes3",-0.814725412035251,0.185274587964749,0.858967434389083,4
"Arteries","ExNeuron9","Oligodendrocytes4",-0.914011492710597,0.0859885072894033,0.804864837655985,4
"Arteries","ExNeuron9","Oligodendrocytes5",-0.95802915833813,0.0419708416618696,0.792784363768746,4
"Arteries","ExNeuron9","Oligodendrocytes6",-0.85231552843295,0.14768447156705,0.830725152564658,4
"Arteries","ExNeuron9","Oligodendrocytes7",-0.698266054985849,0.301733945014151,0.864924460150613,4
"Arteries","ExNeuron9","Oligodendrocytes8",-0.111317553675037,0.888682446324963,0.974664829188187,4
"Arteries","ExNeuron9","OPC1",-0.661995959128032,0.338004040871968,0.880580815460594,4
"Arteries","ExNeuron9","OPC2",-0.993834436891159,0.00616556310884077,0.5801234379682,4
"Arteries","ExNeuron9","OPC3",-0.707245665271092,0.292754334728908,0.864924460150613,4
"Arteries","ExNeuron9","Pericytes",0.378461865578707,0.621538134421293,0.93230720163194,4
"Arteries","ExNeuron9","SMC",-0.191774883060995,0.808225116939005,0.974664829188187,4
"Arteries","ExNeuron9","VLMC1",-0.763593460855588,0.236406539144412,0.863885131153149,4
"Arteries","ExNeuron9","VLMC2",0.0426780601486223,0.957321939851378,0.992505185355345,4
"Arteries","Fibroblast","InhNeuron1",-0.118126655948285,0.881873344051715,0.974664829188187,4
"Arteries","Fibroblast","InhNeuron2",-0.193881623651235,0.806118376348765,0.974664829188187,4
"Arteries","Fibroblast","InhNeuron3",0.41219123436071,0.58780876563929,0.911256820622116,4
"Arteries","Fibroblast","InhNeuron4",0.559045650147571,0.440954349852429,0.899473727930744,4
"Arteries","Fibroblast","InhNeuron5",-0.0113398850572368,0.988660114942763,0.995246247410546,4
"Arteries","Fibroblast","Microglia1",0.152706214526028,0.847293785473972,0.974664829188187,4
"Arteries","Fibroblast","Microglia2",0.810846115848701,0.189153884151299,0.858967434389083,4
"Arteries","Fibroblast","Microglia3",0.501118898307408,0.498881101692592,0.90468075875338,4
"Arteries","Fibroblast","Microglia4",-0.397581556191838,0.602418443808162,0.921117538008328,4
"Arteries","Fibroblast","Microglia5",-0.182669648564589,0.817330351435411,0.974664829188187,4
"Arteries","Fibroblast","Oligodendrocytes1",-0.919417573694828,0.0805824263051724,0.804864837655985,4
"Arteries","Fibroblast","Oligodendrocytes2",0.809377974396049,0.190622025603951,0.858967434389083,4
"Arteries","Fibroblast","Oligodendrocytes3",0.211932868245527,0.788067131754473,0.974664829188187,4
"Arteries","Fibroblast","Oligodendrocytes4",0.100732628132424,0.899267371867576,0.974664829188187,4
"Arteries","Fibroblast","Oligodendrocytes5",-0.0177521319951894,0.982247868004811,0.995246247410546,4
"Arteries","Fibroblast","Oligodendrocytes6",0.153553914279811,0.846446085720189,0.974664829188187,4
"Arteries","Fibroblast","Oligodendrocytes7",-0.530627824948048,0.469372175051952,0.904655868116891,4
"Arteries","Fibroblast","Oligodendrocytes8",0.399194512129022,0.600805487870978,0.921117538008328,4
"Arteries","Fibroblast","OPC1",-0.901183529527158,0.0988164704728416,0.804864837655985,4
"Arteries","Fibroblast","OPC2",-0.184696192289956,0.815303807710044,0.974664829188187,4
"Arteries","Fibroblast","OPC3",-0.474218277828224,0.525781722171776,0.906926570900957,4
"Arteries","Fibroblast","Pericytes",0.994071112799124,0.0059288872008757,0.5801234379682,4
"Arteries","Fibroblast","SMC",0.695436142228129,0.304563857771871,0.864924460150613,4
"Arteries","Fibroblast","VLMC1",0.333830884926328,0.666169115073672,0.949703903720731,4
"Arteries","Fibroblast","VLMC2",0.463553599626716,0.536446400373284,0.906926570900957,4
"Arteries","InhNeuron1","InhNeuron2",0.964382044698117,0.0356179553018832,0.75233844362141,4
"Arteries","InhNeuron1","InhNeuron3",0.855980604643452,0.144019395356548,0.821131454968533,4
"Arteries","InhNeuron1","InhNeuron4",0.755901684872034,0.244098315127966,0.863885131153149,4
"Arteries","InhNeuron1","InhNeuron5",0.993243216933342,0.0067567830666575,0.58277253949921,4
"Arteries","InhNeuron1","Microglia1",-0.645454383455203,0.354545616544797,0.882166759980469,4
"Arteries","InhNeuron1","Microglia2",-0.663121413332158,0.336878586667842,0.880580815460594,4
"Arteries","InhNeuron1","Microglia3",-0.0695875982525084,0.930412401747492,0.987668549547337,4
"Arteries","InhNeuron1","Microglia4",-0.792836131949231,0.207163868050769,0.863885131153149,4
"Arteries","InhNeuron1","Microglia5",-0.600543709468852,0.399456290531148,0.899473727930744,4
"Arteries","InhNeuron1","Oligodendrocytes1",-0.195491887992888,0.804508112007111,0.974664829188187,4
"Arteries","InhNeuron1","Oligodendrocytes2",-0.29365212542346,0.70634787457654,0.9581520972303,4
"Arteries","InhNeuron1","Oligodendrocytes3",-0.925214184816452,0.0747858151835482,0.804864837655985,4
"Arteries","InhNeuron1","Oligodendrocytes4",-0.652174484241333,0.347825515758667,0.882166759980469,4
"Arteries","InhNeuron1","Oligodendrocytes5",-0.675678794359195,0.324321205640805,0.880580815460594,4
"Arteries","InhNeuron1","Oligodendrocytes6",-0.915110795759587,0.0848892042404127,0.804864837655985,4
"Arteries","InhNeuron1","Oligodendrocytes7",-0.774778787141952,0.225221212858048,0.863885131153149,4
"Arteries","InhNeuron1","Oligodendrocytes8",-0.813110389932283,0.186889610067717,0.858967434389083,4
"Arteries","InhNeuron1","OPC1",-0.120305751289481,0.879694248710519,0.974664829188187,4
"Arteries","InhNeuron1","OPC2",-0.703143935609734,0.296856064390266,0.864924460150613,4
"Arteries","InhNeuron1","OPC3",0.0517681365425539,0.948231863457446,0.992505185355345,4
"Arteries","InhNeuron1","Pericytes",-0.0110042699043405,0.988995730095659,0.995246247410546,4
"Arteries","InhNeuron1","SMC",0.00596499199907774,0.994035008000922,0.995370249189475,4
"Arteries","InhNeuron1","VLMC1",-0.516335400653855,0.483664599346145,0.90468075875338,4
"Arteries","InhNeuron1","VLMC2",-0.713678617901745,0.286321382098255,0.863885131153149,4
"Arteries","InhNeuron2","InhNeuron3",0.781527439001162,0.218472560998838,0.863885131153149,4
"Arteries","InhNeuron2","InhNeuron4",0.688543743255874,0.311456256744126,0.87585612222453,4
"Arteries","InhNeuron2","InhNeuron5",0.937792674523484,0.0622073254765162,0.804864837655985,4
"Arteries","InhNeuron2","Microglia1",-0.437200365143173,0.562799634856827,0.907090796407614,4
"Arteries","InhNeuron2","Microglia2",-0.730874946133376,0.269125053866624,0.863885131153149,4
"Arteries","InhNeuron2","Microglia3",0.110942875212715,0.889057124787285,0.974664829188187,4
"Arteries","InhNeuron2","Microglia4",-0.635082499890439,0.364917500109561,0.882166759980469,4
"Arteries","InhNeuron2","Microglia5",-0.367677176390749,0.632322823609251,0.939173132229352,4
"Arteries","InhNeuron2","Oligodendrocytes1",-0.174267839548375,0.825732160451625,0.974664829188187,4
"Arteries","InhNeuron2","Oligodendrocytes2",-0.485193766834697,0.514806233165302,0.90468075875338,4
"Arteries","InhNeuron2","Oligodendrocytes3",-0.808594808655536,0.191405191344463,0.858967434389083,4
"Arteries","InhNeuron2","Oligodendrocytes4",-0.439959918168382,0.560040081831618,0.906926570900957,4
"Arteries","InhNeuron2","Oligodendrocytes5",-0.45961510356869,0.54038489643131,0.906926570900957,4
"Arteries","InhNeuron2","Oligodendrocytes6",-0.785269297875785,0.214730702124215,0.863885131153149,4
"Arteries","InhNeuron2","Oligodendrocytes7",-0.718064622643243,0.281935377356756,0.863885131153149,4
"Arteries","InhNeuron2","Oligodendrocytes8",-0.933611525258042,0.0663884747419575,0.804864837655985,4
"Arteries","InhNeuron2","OPC1",0.0510343343702193,0.948965665629781,0.992505185355345,4
"Arteries","InhNeuron2","OPC2",-0.490613604578198,0.509386395421802,0.90468075875338,4
"Arteries","InhNeuron2","OPC3",0.309707590921739,0.690292409078261,0.951386955863293,4
"Arteries","InhNeuron2","Pericytes",-0.0957433689647572,0.904256631035243,0.975918261857639,4
"Arteries","InhNeuron2","SMC",0.128967897377578,0.871032102622422,0.974664829188187,4
"Arteries","InhNeuron2","VLMC1",-0.315703818861303,0.684296181138697,0.949863786249625,4
"Arteries","InhNeuron2","VLMC2",-0.866962014003286,0.133037985996714,0.805229915243267,4
"Arteries","InhNeuron3","InhNeuron4",0.984094602014976,0.0159053979850236,0.658529714082975,4
"Arteries","InhNeuron3","InhNeuron5",0.905794247170422,0.0942057528295784,0.804864837655985,4
"Arteries","InhNeuron3","Microglia1",-0.519747450372078,0.480252549627922,0.90468075875338,4
"Arteries","InhNeuron3","Microglia2",-0.185116961464479,0.814883038535521,0.974664829188187,4
"Arteries","InhNeuron3","Microglia3",0.188989657553051,0.811010342446949,0.974664829188187,4
"Arteries","InhNeuron3","Microglia4",-0.937679116916542,0.0623208830834584,0.804864837655985,4
"Arteries","InhNeuron3","Microglia5",-0.653109044403104,0.346890955596896,0.882142847770976,4
"Arteries","InhNeuron3","Oligodendrocytes1",-0.655688687088516,0.344311312911484,0.880580815460594,4
"Arteries","InhNeuron3","Oligodendrocytes2",0.157047030237126,0.842952969762874,0.974664829188187,4
"Arteries","InhNeuron3","Oligodendrocytes3",-0.741923110358819,0.258076889641181,0.863885131153149,4
"Arteries","InhNeuron3","Oligodendrocytes4",-0.552948265758736,0.447051734241264,0.899473727930744,4
"Arteries","InhNeuron3","Oligodendrocytes5",-0.63594105523137,0.36405894476863,0.882166759980469,4
"Arteries","InhNeuron3","Oligodendrocytes6",-0.763373357627199,0.236626642372801,0.863885131153149,4
"Arteries","InhNeuron3","Oligodendrocytes7",-0.986281718604439,0.0137182813955611,0.658529714082975,4
"Arteries","InhNeuron3","Oligodendrocytes8",-0.533598030020471,0.466401969979529,0.903981346308638,4
"Arteries","InhNeuron3","OPC1",-0.582925745171079,0.417074254828921,0.899473727930744,4
"Arteries","InhNeuron3","OPC2",-0.747370853239264,0.252629146760736,0.863885131153149,4
"Arteries","InhNeuron3","OPC3",-0.207540275135448,0.792459724864552,0.974664829188187,4
"Arteries","InhNeuron3","Pericytes",0.507557148388364,0.492442851611636,0.90468075875338,4
"Arteries","InhNeuron3","SMC",0.360875890142072,0.639124109857928,0.939173132229352,4
"Arteries","InhNeuron3","VLMC1",-0.307471561460647,0.692528438539353,0.952944288638632,4
"Arteries","InhNeuron3","VLMC2",-0.40801868442161,0.59198131557839,0.914478599438259,4
"Arteries","InhNeuron4","InhNeuron5",0.818287700253663,0.181712299746336,0.858967434389083,4
"Arteries","InhNeuron4","Microglia1",-0.401005629597027,0.598994370402973,0.921117538008328,4
"Arteries","InhNeuron4","Microglia2",-0.0257322495735446,0.974267750426455,0.995246247410546,4
"Arteries","InhNeuron4","Microglia3",0.313185892602833,0.686814107397167,0.950303935645185,4
"Arteries","InhNeuron4","Microglia4",-0.905148220521562,0.0948517794784378,0.804864837655985,4
"Arteries","InhNeuron4","Microglia5",-0.584189325532392,0.415810674467608,0.899473727930744,4
"Arteries","InhNeuron4","Oligodendrocytes1",-0.779376247324235,0.220623752675764,0.863885131153149,4
"Arteries","InhNeuron4","Oligodendrocytes2",0.260776347064373,0.739223652935627,0.966795489149579,4
"Arteries","InhNeuron4","Oligodendrocytes3",-0.61428940864215,0.38571059135785,0.895090722097252,4
"Arteries","InhNeuron4","Oligodendrocytes4",-0.440887316610193,0.559112683389807,0.906926570900957,4
"Arteries","InhNeuron4","Oligodendrocytes5",-0.539689800968475,0.460310199031525,0.903981346308638,4
"Arteries","InhNeuron4","Oligodendrocytes6",-0.642541629502648,0.357458370497352,0.882166759980469,4
"Arteries","InhNeuron4","Oligodendrocytes7",-0.998808526396395,0.00119147360360484,0.414951111016646,4
"Arteries","InhNeuron4","Oligodendrocytes8",-0.439195163887331,0.560804836112669,0.906926570900957,4
"Arteries","InhNeuron4","OPC1",-0.675069440186258,0.324930559813742,0.880580815460594,4
"Arteries","InhNeuron4","OPC2",-0.675854396966331,0.324145603033669,0.880580815460594,4
"Arteries","InhNeuron4","OPC3",-0.226225171452627,0.773774828547373,0.974664829188187,4
"Arteries","InhNeuron4","Pericytes",0.643557224054804,0.356442775945196,0.882166759980469,4
"Arteries","InhNeuron4","SMC",0.496594496678229,0.503405503321771,0.90468075875338,4
"Arteries","InhNeuron4","VLMC1",-0.171816363103193,0.828183636896807,0.974664829188187,4
"Arteries","InhNeuron4","VLMC2",-0.318407062344176,0.681592937655824,0.949863786249625,4
"Arteries","InhNeuron5","Microglia1",-0.667492927693781,0.332507072306219,0.880580815460594,4
"Arteries","InhNeuron5","Microglia2",-0.574123579259002,0.425876420740998,0.899473727930744,4
"Arteries","InhNeuron5","Microglia3",-0.0555568153121463,0.944443184687854,0.992384463098405,4
"Arteries","InhNeuron5","Microglia4",-0.856495935220359,0.143504064779641,0.821131454968533,4
"Arteries","InhNeuron5","Microglia5",-0.658264234018379,0.341735765981621,0.880580815460594,4
"Arteries","InhNeuron5","Oligodendrocytes1",-0.284239011152095,0.715760988847905,0.958952757648894,4
"Arteries","InhNeuron5","Oligodendrocytes2",-0.183233164383476,0.816766835616524,0.974664829188187,4
"Arteries","InhNeuron5","Oligodendrocytes3",-0.924562353801755,0.0754376461982454,0.804864837655985,4
"Arteries","InhNeuron5","Oligodendrocytes4",-0.679738633993798,0.320261366006202,0.880580815460594,4
"Arteries","InhNeuron5","Oligodendrocytes5",-0.714884917328394,0.285115082671605,0.863885131153149,4
"Arteries","InhNeuron5","Oligodendrocytes6",-0.92229126658548,0.0777087334145204,0.804864837655985,4
"Arteries","InhNeuron5","Oligodendrocytes7",-0.832560280402903,0.167439719597097,0.858967434389083,4
"Arteries","InhNeuron5","Oligodendrocytes8",-0.752452634740293,0.247547365259707,0.863885131153149,4
"Arteries","InhNeuron5","OPC1",-0.23467027500442,0.76532972499558,0.974664829188187,4
"Arteries","InhNeuron5","OPC2",-0.757146664217003,0.242853335782997,0.863885131153149,4
"Arteries","InhNeuron5","OPC3",-0.0390047641442032,0.960995235855797,0.993636432678072,4
"Arteries","InhNeuron5","Pericytes",0.0966174992476686,0.903382500752331,0.975918261857639,4
"Arteries","InhNeuron5","SMC",0.0482663311657556,0.951733668834244,0.992505185355345,4
"Arteries","InhNeuron5","VLMC1",-0.520470797644313,0.479529202355687,0.90468075875338,4
"Arteries","InhNeuron5","VLMC2",-0.641341250634185,0.358658749365815,0.882166759980469,4
"Arteries","Microglia1","Microglia2",0.38839369060753,0.61160630939247,0.927947446296292,4
"Arteries","Microglia1","Microglia3",0.74069601969218,0.25930398030782,0.863885131153149,4
"Arteries","Microglia1","Microglia4",0.744117695079287,0.255882304920713,0.863885131153149,4
"Arteries","Microglia1","Microglia5",0.943744881935507,0.0562551180644932,0.804864837655985,4
"Arteries","Microglia1","Oligodendrocytes1",-0.134411878486758,0.865588121513242,0.974664829188187,4
"Arteries","Microglia1","Oligodendrocytes2",-0.170152267290244,0.829847732709756,0.974664829188187,4
"Arteries","Microglia1","Oligodendrocytes3",0.882581291593448,0.117418708406552,0.804864837655985,4
"Arteries","Microglia1","Oligodendrocytes4",0.998563067122952,0.00143693287704784,0.414951111016646,4
"Arteries","Microglia1","Oligodendrocytes5",0.983757046404822,0.016242953595178,0.658529714082975,4
"Arteries","Microglia1","Oligodendrocytes6",0.898602650377404,0.101397349622596,0.804864837655985,4
"Arteries","Microglia1","Oligodendrocytes7",0.387496083753894,0.612503916246106,0.927947446296292,4
"Arteries","Microglia1","Oligodendrocytes8",0.17169523155872,0.82830476844128,0.974664829188187,4
"Arteries","Microglia1","OPC1",0.286621707134096,0.713378292865904,0.958952757648894,4
"Arteries","Microglia1","OPC2",0.933055850610321,0.0669441493896792,0.804864837655985,4
"Arteries","Microglia1","OPC3",0.599308319586584,0.400691680413416,0.899473727930744,4
"Arteries","Microglia1","Pericytes",0.0701412151960236,0.929858784803976,0.987668549547337,4
"Arteries","Microglia1","SMC",0.59201167142385,0.40798832857615,0.899473727930744,4
"Arteries","Microglia1","VLMC1",0.970798324378884,0.0292016756211158,0.75233844362141,4
"Arteries","Microglia1","VLMC2",0.0438413629119508,0.956158637088049,0.992505185355345,4
"Arteries","Microglia2","Microglia3",0.302512623388423,0.697487376611577,0.954991897052414,4
"Arteries","Microglia2","Microglia4",0.115654678968139,0.884345321031861,0.974664829188187,4
"Arteries","Microglia2","Microglia5",0.113688869136016,0.886311130863984,0.974664829188187,4
"Arteries","Microglia2","Oligodendrocytes1",-0.539227715333939,0.460772284666061,0.903981346308638,4
"Arteries","Microglia2","Oligodendrocytes2",0.840319030030286,0.159680969969713,0.847537455993095,4
"Arteries","Microglia2","Oligodendrocytes3",0.643453105220829,0.356546894779171,0.882166759980469,4
"Arteries","Microglia2","Oligodendrocytes4",0.35393106043456,0.64606893956544,0.939173132229352,4
"Arteries","Microglia2","Oligodendrocytes5",0.282870111671262,0.717129888328738,0.958952757648894,4
"Arteries","Microglia2","Oligodendrocytes6",0.589766876337555,0.410233123662445,0.899473727930744,4
"Arteries","Microglia2","Oligodendrocytes7",0.0623338965495502,0.93766610345045,0.989250583289145,4
"Arteries","Microglia2","Oligodendrocytes8",0.827280388250689,0.172719611749311,0.858967434389083,4
"Arteries","Microglia2","OPC1",-0.646996509486701,0.353003490513299,0.882166759980469,4
"Arteries","Microglia2","OPC2",0.183875686347079,0.816124313652921,0.974664829188187,4
"Arteries","Microglia2","OPC3",-0.493783556377743,0.506216443622257,0.90468075875338,4
"Arteries","Microglia2","Pericytes",0.74713522361068,0.25286477638932,0.863885131153149,4
"Arteries","Microglia2","SMC",0.422712084549748,0.577287915450252,0.907090796407614,4
"Arteries","Microglia2","VLMC1",0.442159461141956,0.557840538858044,0.906926570900957,4
"Arteries","Microglia2","VLMC2",0.829499297035275,0.170500702964725,0.858967434389083,4
"Arteries","Microglia3","Microglia4",0.117602358936725,0.882397641063275,0.974664829188187,4
"Arteries","Microglia3","Microglia5",0.570672327628571,0.429327672371429,0.899473727930744,4
"Arteries","Microglia3","Oligodendrocytes1",-0.671049991613784,0.328950008386216,0.880580815460594,4
"Arteries","Microglia3","Oligodendrocytes2",-0.0703069065325495,0.92969309346745,0.987668549547337,4
"Arteries","Microglia3","Oligodendrocytes3",0.431613191327901,0.568386808672099,0.907090796407614,4
"Arteries","Microglia3","Oligodendrocytes4",0.712870476545748,0.287129523454252,0.863885131153149,4
"Arteries","Microglia3","Oligodendrocytes5",0.630462868951628,0.369537131048372,0.887403551357459,4
"Arteries","Microglia3","Oligodendrocytes6",0.43304355335371,0.56695644664629,0.907090796407614,4
"Arteries","Microglia3","Oligodendrocytes7",-0.330351852766357,0.669648147233643,0.949863786249625,4
"Arteries","Microglia3","Oligodendrocytes8",-0.220764383036369,0.779235616963631,0.974664829188187,4
"Arteries","Microglia3","OPC1",-0.130425634114633,0.869574365885367,0.974664829188187,4
"Arteries","Microglia3","OPC2",0.484408296985651,0.515591703014349,0.90468075875338,4
"Arteries","Microglia3","OPC3",0.524225835314689,0.475774164685311,0.90468075875338,4
"Arteries","Microglia3","Pericytes",0.481148183608241,0.518851816391759,0.904878871776846,4
"Arteries","Microglia3","SMC",0.964613415513578,0.035386584486422,0.75233844362141,4
"Arteries","Microglia3","VLMC1",0.874183207816344,0.125816792183656,0.804864837655985,4
"Arteries","Microglia3","VLMC2",-0.268868477810354,0.731131522189646,0.966795489149579,4
"Arteries","Microglia4","Microglia5",0.872164806533241,0.127835193466759,0.805229915243267,4
"Arteries","Microglia4","Oligodendrocytes1",0.53671584728633,0.46328415271367,0.903981346308638,4
"Arteries","Microglia4","Oligodendrocytes2",-0.349731622778058,0.650268377221942,0.942552033142692,4
"Arteries","Microglia4","Oligodendrocytes3",0.812355479735815,0.187644520264185,0.858967434389083,4
"Arteries","Microglia4","Oligodendrocytes4",0.774945591835069,0.225054408164931,0.863885131153149,4
"Arteries","Microglia4","Oligodendrocytes5",0.844355144750446,0.155644855249554,0.846102029307562,4
"Arteries","Microglia4","Oligodendrocytes6",0.845469728100414,0.154530271899586,0.846102029307562,4
"Arteries","Microglia4","Oligodendrocytes7",0.894082549051237,0.105917450948763,0.804864837655985,4
"Arteries","Microglia4","Oligodendrocytes8",0.317231283892428,0.682768716107572,0.949863786249625,4
"Arteries","Microglia4","OPC1",0.682545512058057,0.317454487941943,0.880114744753227,4
"Arteries","Microglia4","OPC2",0.925046967280352,0.0749530327196481,0.804864837655985,4
"Arteries","Microglia4","OPC3",0.505514993252872,0.494485006747128,0.90468075875338,4
"Arteries","Microglia4","Pericytes",-0.49239344954017,0.50760655045983,0.90468075875338,4
"Arteries","Microglia4","SMC",-0.0977326877312342,0.902267312268766,0.975843730140926,4
"Arteries","Microglia4","VLMC1",0.562139887268509,0.43786011273149,0.899473727930744,4
"Arteries","Microglia4","VLMC2",0.167895534156004,0.832104465843996,0.974664829188187,4
"Arteries","Microglia5","Oligodendrocytes1",0.172849090038147,0.827150909961853,0.974664829188187,4
"Arteries","Microglia5","Oligodendrocytes2",-0.441445445305375,0.558554554694625,0.906926570900957,4
"Arteries","Microglia5","Oligodendrocytes3",0.805867635321292,0.194132364678708,0.858967434389083,4
"Arteries","Microglia5","Oligodendrocytes4",0.959674469752517,0.0403255302474828,0.787489128417824,4
"Arteries","Microglia5","Oligodendrocytes5",0.984463642105669,0.0155363578943314,0.658529714082975,4
"Arteries","Microglia5","Oligodendrocytes6",0.841406962622544,0.158593037377456,0.846102029307562,4
"Arteries","Microglia5","Oligodendrocytes7",0.561146110947845,0.438853889052155,0.899473727930744,4
"Arteries","Microglia5","Oligodendrocytes8",0.0347937834460573,0.965206216553943,0.994018342421225,4
"Arteries","Microglia5","OPC1",0.586828571668385,0.413171428331615,0.899473727930744,4
"Arteries","Microglia5","OPC2",0.989658112863982,0.0103418871360179,0.658529714082975,4
"Arteries","Microglia5","OPC3",0.756388954261075,0.243611045738925,0.863885131153149,4
"Arteries","Microglia5","Pericytes",-0.262634497481775,0.737365502518225,0.966795489149579,4
"Arteries","Microglia5","SMC",0.357682604124499,0.642317395875501,0.939173132229352,4
"Arteries","Microglia5","VLMC1",0.85449372898886,0.14550627101114,0.822945303259725,4
"Arteries","Microglia5","VLMC2",-0.113868389704103,0.886131610295897,0.974664829188187,4
"Arteries","Oligodendrocytes1","Oligodendrocytes2",-0.546777231987847,0.453222768012153,0.899473727930744,4
"Arteries","Oligodendrocytes1","Oligodendrocytes3",-0.00732443028137212,0.992675569718628,0.995370249189475,4
"Arteries","Oligodendrocytes1","Oligodendrocytes4",-0.0821141228017848,0.917885877198215,0.983497354511551,4
"Arteries","Oligodendrocytes1","Oligodendrocytes5",0.0450687556658734,0.954931244334127,0.992505185355345,4
"Arteries","Oligodendrocytes1","Oligodendrocytes6",0.0366013313732448,0.963398668626755,0.994018342421225,4
"Arteries","Oligodendrocytes1","Oligodendrocytes7",0.767037364581384,0.232962635418616,0.863885131153149,4
"Arteries","Oligodendrocytes1","Oligodendrocytes8",-0.00850508434139779,0.991494915658602,0.995341646660187,4
"Arteries","Oligodendrocytes1","OPC1",0.807593507008283,0.192406492991717,0.858967434389083,4
"Arteries","Oligodendrocytes1","OPC2",0.231046686699962,0.768953313300038,0.974664829188187,4
"Arteries","Oligodendrocytes1","OPC3",0.220076372346378,0.779923627653622,0.974664829188187,4
"Arteries","Oligodendrocytes1","Pericytes",-0.942259586252041,0.0577404137479589,0.804864837655985,4
"Arteries","Oligodendrocytes1","SMC",-0.842526220293074,0.157473779706926,0.846102029307562,4
"Arteries","Oligodendrocytes1","VLMC1",-0.359995149647465,0.640004850352535,0.939173132229352,4
"Arteries","Oligodendrocytes1","VLMC2",-0.0780953239012713,0.921904676098729,0.98558017783231,4
"Arteries","Oligodendrocytes2","Oligodendrocytes3",0.150656995716863,0.849343004283137,0.974664829188187,4
"Arteries","Oligodendrocytes2","Oligodendrocytes4",-0.208412568539012,0.791587431460988,0.974664829188187,4
"Arteries","Oligodendrocytes2","Oligodendrocytes5",-0.281824173504601,0.718175826495399,0.959112232803533,4
"Arteries","Oligodendrocytes2","Oligodendrocytes6",0.0831522811519496,0.91684771884805,0.983497354511551,4
"Arteries","Oligodendrocytes2","Oligodendrocytes7",-0.214505088146601,0.785494911853399,0.974664829188187,4
"Arteries","Oligodendrocytes2","Oligodendrocytes8",0.750720378492724,0.249279621507276,0.863885131153149,4
"Arteries","Oligodendrocytes2","OPC1",-0.887355356135081,0.112644643864919,0.804864837655985,4
"Arteries","Oligodendrocytes2","OPC2",-0.367319267512288,0.632680732487712,0.939173132229352,4
"Arteries","Oligodendrocytes2","OPC3",-0.869287969089658,0.130712030910342,0.805229915243267,4
"Arteries","Oligodendrocytes2","Pericytes",0.793340851508261,0.206659148491739,0.863885131153149,4
"Arteries","Oligodendrocytes2","SMC",0.151272835803118,0.848727164196881,0.974664829188187,4
"Arteries","Oligodendrocytes2","VLMC1",-0.0820691357892195,0.917930864210781,0.983497354511551,4
"Arteries","Oligodendrocytes2","VLMC2",0.831889959494729,0.168110040505271,0.858967434389083,4
"Arteries","Oligodendrocytes3","Oligodendrocytes4",0.882497655605565,0.117502344394434,0.804864837655985,4
"Arteries","Oligodendrocytes3","Oligodendrocytes5",0.881737008453187,0.118262991546813,0.804864837655985,4
"Arteries","Oligodendrocytes3","Oligodendrocytes6",0.997660596565499,0.00233940343450113,0.442695379571593,4
"Arteries","Oligodendrocytes3","Oligodendrocytes7",0.621160579163455,0.378839420836545,0.89261267800918,4
"Arteries","Oligodendrocytes3","Oligodendrocytes8",0.602902312046731,0.397097687953269,0.899473727930744,4
"Arteries","Oligodendrocytes3","OPC1",0.150524633239586,0.849475366760414,0.974664829188187,4
"Arteries","Oligodendrocytes3","OPC2",0.862896793226826,0.137103206773174,0.821131454968533,4
"Arteries","Oligodendrocytes3","OPC3",0.224805937980392,0.775194062019608,0.974664829188187,4
"Arteries","Oligodendrocytes3","Pericytes",0.106822464846847,0.893177535153153,0.974664829188187,4
"Arteries","Oligodendrocytes3","SMC",0.327289505397394,0.672710494602606,0.949863786249625,4
"Arteries","Oligodendrocytes3","VLMC1",0.802254754198697,0.197745245801303,0.858967434389083,4
"Arteries","Oligodendrocytes3","VLMC2",0.485400731399703,0.514599268600297,0.90468075875338,4
"Arteries","Oligodendrocytes4","Oligodendrocytes5",0.991901074634195,0.0080989253658055,0.6447990579699,4
"Arteries","Oligodendrocytes4","Oligodendrocytes6",0.901432739375872,0.0985672606241276,0.804864837655985,4
"Arteries","Oligodendrocytes4","Oligodendrocytes7",0.426183991085058,0.573816008914942,0.907090796407614,4
"Arteries","Oligodendrocytes4","Oligodendrocytes8",0.1620344167846,0.8379655832154,0.974664829188187,4
"Arteries","Oligodendrocytes4","OPC1",0.335600963107227,0.664399036892773,0.948486900943476,4
"Arteries","Oligodendrocytes4","OPC2",0.950652879920435,0.049347120079565,0.804864837655985,4
"Arteries","Oligodendrocytes4","OPC3",0.622061044294706,0.377938955705294,0.89261267800918,4
"Arteries","Oligodendrocytes4","Pericytes",0.0171284988232206,0.982871501176779,0.995246247410546,4
"Arteries","Oligodendrocytes4","SMC",0.553139172095369,0.446860827904631,0.899473727930744,4
"Arteries","Oligodendrocytes4","VLMC1",0.957871362311806,0.0421286376881942,0.792784363768746,4
"Arteries","Oligodendrocytes4","VLMC2",0.0296424285260773,0.970357571473923,0.995246247410546,4
"Arteries","Oligodendrocytes5","Oligodendrocytes6",0.906505982578583,0.0934940174214175,0.804864837655985,4
"Arteries","Oligodendrocytes5","Oligodendrocytes7",0.523197432633509,0.476802567366491,0.90468075875338,4
"Arteries","Oligodendrocytes5","Oligodendrocytes8",0.157285161146418,0.842714838853582,0.974664829188187,4
"Arteries","Oligodendrocytes5","OPC1",0.441027132536085,0.558972867463915,0.906926570900957,4
"Arteries","Oligodendrocytes5","OPC2",0.982294487844807,0.0177055121551927,0.658529714082975,4
"Arteries","Oligodendrocytes5","OPC3",0.654574095577777,0.345425904422223,0.880580815460594,4
"Arteries","Oligodendrocytes5","Pericytes",-0.10420433660572,0.89579566339428,0.974664829188187,4
"Arteries","Oligodendrocytes5","SMC",0.448083063366613,0.551916936633387,0.906926570900957,4
"Arteries","Oligodendrocytes5","VLMC1",0.914494230971619,0.0855057690283808,0.804864837655985,4
"Arteries","Oligodendrocytes5","VLMC2",0.0156758693288537,0.984324130671146,0.995246247410546,4
"Arteries","Oligodendrocytes6","Oligodendrocytes7",0.646408118258769,0.353591881741231,0.882166759980469,4
"Arteries","Oligodendrocytes6","Oligodendrocytes8",0.559511145941905,0.440488854058095,0.899473727930744,4
"Arteries","Oligodendrocytes6","OPC1",0.215475630896297,0.784524369103703,0.974664829188187,4
"Arteries","Oligodendrocytes6","OPC2",0.894678065175308,0.105321934824692,0.804864837655985,4
"Arteries","Oligodendrocytes6","OPC3",0.283730850036708,0.716269149963292,0.958952757648894,4
"Arteries","Oligodendrocytes6","Pericytes",0.0484843779144798,0.95151562208552,0.992505185355345,4
"Arteries","Oligodendrocytes6","SMC",0.312292127731166,0.687707872268834,0.950303935645185,4
"Arteries","Oligodendrocytes6","VLMC1",0.810009612801565,0.189990387198435,0.858967434389083,4
"Arteries","Oligodendrocytes6","VLMC2",0.435350113994512,0.564649886005488,0.907090796407614,4
"Arteries","Oligodendrocytes7","Oligodendrocytes8",0.480678212719376,0.519321787280624,0.904878871776846,4
"Arteries","Oligodendrocytes7","OPC1",0.639588075677554,0.360411924322446,0.882166759980469,4
"Arteries","Oligodendrocytes7","OPC2",0.658012281973125,0.341987718026875,0.880580815460594,4
"Arteries","Oligodendrocytes7","OPC3",0.180695325527429,0.81930467447257,0.974664829188187,4
"Arteries","Oligodendrocytes7","Pericytes",-0.616313487469733,0.383686512530267,0.894404370425284,4
"Arteries","Oligodendrocytes7","SMC",-0.504234992095237,0.495765007904763,0.90468075875338,4
"Arteries","Oligodendrocytes7","VLMC1",0.159216742263547,0.840783257736453,0.974664829188187,4
"Arteries","Oligodendrocytes7","VLMC2",0.363374810539113,0.636625189460887,0.939173132229352,4
"Arteries","Oligodendrocytes8","OPC1",-0.366195532140332,0.633804467859668,0.939173132229352,4
"Arteries","Oligodendrocytes8","OPC2",0.163319465901594,0.836680534098406,0.974664829188187,4
"Arteries","Oligodendrocytes8","OPC3",-0.622360070605339,0.377639929394661,0.89261267800918,4
"Arteries","Oligodendrocytes8","Pericytes",0.323254347036969,0.676745652963031,0.949863786249625,4
"Arteries","Oligodendrocytes8","SMC",-0.144264231240343,0.855735768759657,0.974664829188187,4
"Arteries","Oligodendrocytes8","VLMC1",0.101701285977985,0.898298714022015,0.974664829188187,4
"Arteries","Oligodendrocytes8","VLMC2",0.987928175023773,0.0120718249762271,0.658529714082975,4
"Arteries","OPC1","OPC2",0.575549243290666,0.424450756709334,0.899473727930744,4
"Arteries","OPC1","OPC3",0.752675760982201,0.247324239017799,0.863885131153149,4
"Arteries","OPC1","Pericytes",-0.927074211010737,0.072925788989263,0.804864837655985,4
"Arteries","OPC1","SMC",-0.384275476020092,0.615724523979908,0.928972131660648,4
"Arteries","OPC1","VLMC1",0.107645593658607,0.892354406341393,0.974664829188187,4
"Arteries","OPC1","VLMC2",-0.482540087746859,0.517459912253141,0.90468075875338,4
"Arteries","OPC2","OPC3",0.669956161281571,0.330043838718429,0.880580815460594,4
"Arteries","OPC2","Pericytes",-0.273917585496981,0.726082414503019,0.963181051772918,4
"Arteries","OPC2","SMC",0.275938711276577,0.724061288723423,0.962006975389913,4
"Arteries","OPC2","VLMC1",0.822631009634869,0.177368990365131,0.858967434389083,4
"Arteries","OPC2","VLMC2",0.0124985796533508,0.987501420346649,0.995246247410546,4
"Arteries","OPC3","Pericytes",-0.488020130900795,0.511979869099205,0.90468075875338,4
"Arteries","OPC3","SMC",0.297632199289194,0.702367800710806,0.956656665411875,4
"Arteries","OPC3","VLMC1",0.557847751124239,0.442152248875761,0.899473727930744,4
"Arteries","OPC3","VLMC2",-0.73395009617082,0.26604990382918,0.863885131153149,4
"Arteries","Pericytes","SMC",0.687738252076472,0.312261747923528,0.87585612222453,4
"Arteries","Pericytes","VLMC1",0.265497184922273,0.734502815077727,0.966795489149579,4
"Arteries","Pericytes","VLMC2",0.400463918680676,0.599536081319324,0.921117538008328,4
"Arteries","SMC","VLMC1",0.767936219176681,0.232063780823319,0.863885131153149,4
"Arteries","SMC","VLMC2",-0.155231649752437,0.844768350247563,0.974664829188187,4
"Arteries","VLMC1","VLMC2",-0.00284564823164096,0.997154351768359,0.997154351768359,4
"Capillaries","Astrocytes1","Astrocytes2",-0.67935613033565,0.32064386966435,0.924418955717556,4
"Capillaries","Astrocytes1","Astrocytes3",0.431671716893523,0.568328283106477,0.978129697828557,4
"Capillaries","Astrocytes1","Astrocytes4",0.234324543032543,0.765675456967457,0.978129697828557,4
"Capillaries","Astrocytes1","Astrocytes5",0.531528239688272,0.468471760311728,0.958237691546717,4
"Capillaries","Astrocytes1","Endothelial",-0.957000827058821,0.0429991729411794,0.861026163924181,4
"Capillaries","Astrocytes1","ExNeuron1",0.417994016727155,0.582005983272845,0.978129697828557,4
"Capillaries","Astrocytes1","ExNeuron10",-0.299494381556287,0.700505618443713,0.978129697828557,4
"Capillaries","Astrocytes1","ExNeuron11",0.525367489072571,0.474632510927429,0.962817976633251,4
"Capillaries","Astrocytes1","ExNeuron12",0.615622797768565,0.384377202231435,0.942262003834395,4
"Capillaries","Astrocytes1","ExNeuron13",0.487510452173468,0.512489547826532,0.978129697828557,4
"Capillaries","Astrocytes1","ExNeuron14",0.446880820401129,0.553119179598871,0.978129697828557,4
"Capillaries","Astrocytes1","ExNeuron2",-0.577878188526568,0.422121811473432,0.946141929522214,4
"Capillaries","Astrocytes1","ExNeuron3",-0.811656660605274,0.188343339394726,0.876432167181593,4
"Capillaries","Astrocytes1","ExNeuron4",-0.180232799253964,0.819767200746036,0.978129697828557,4
"Capillaries","Astrocytes1","ExNeuron5",0.377818795893695,0.622181204106305,0.978129697828557,4
"Capillaries","Astrocytes1","ExNeuron6",0.897042211257944,0.102957788742056,0.861026163924181,4
"Capillaries","Astrocytes1","ExNeuron7",0.819864144028722,0.180135855971277,0.876432167181593,4
"Capillaries","Astrocytes1","ExNeuron8",0.56710003372878,0.43289996627122,0.946141929522214,4
"Capillaries","Astrocytes1","ExNeuron9",0.62406753907065,0.37593246092935,0.942262003834395,4
"Capillaries","Astrocytes1","Fibroblast",-0.910729104857864,0.0892708951421362,0.861026163924181,4
"Capillaries","Astrocytes1","InhNeuron1",0.431018239341999,0.568981760658001,0.978129697828557,4
"Capillaries","Astrocytes1","InhNeuron2",0.100209799820797,0.899790200179203,0.983049183368257,4
"Capillaries","Astrocytes1","InhNeuron3",0.744441595188197,0.255558404811803,0.876432167181593,4
"Capillaries","Astrocytes1","InhNeuron4",0.226764430153425,0.773235569846575,0.978129697828557,4
"Capillaries","Astrocytes1","InhNeuron5",0.405785517408977,0.594214482591023,0.978129697828557,4
"Capillaries","Astrocytes1","Microglia1",-0.319914855660941,0.680085144339059,0.978129697828557,4
"Capillaries","Astrocytes1","Microglia2",-0.678440581814611,0.321559418185389,0.924483327282993,4
"Capillaries","Astrocytes1","Microglia3",-0.089884915090034,0.910115084909966,0.983049183368257,4
"Capillaries","Astrocytes1","Microglia4",-0.317244803342597,0.682755196657403,0.978129697828557,4
"Capillaries","Astrocytes1","Microglia5",-0.162266386276949,0.837733613723051,0.983016474529462,4
"Capillaries","Astrocytes1","Oligodendrocytes1",-0.262266809072798,0.737733190927202,0.978129697828557,4
"Capillaries","Astrocytes1","Oligodendrocytes2",-0.709618809471678,0.290381190528322,0.893211333626396,4
"Capillaries","Astrocytes1","Oligodendrocytes3",0.276388150354432,0.723611849645568,0.978129697828557,4
"Capillaries","Astrocytes1","Oligodendrocytes4",-0.296620129233097,0.703379870766903,0.978129697828557,4
"Capillaries","Astrocytes1","Oligodendrocytes5",-0.131578025632769,0.868421974367231,0.983016474529462,4
"Capillaries","Astrocytes1","Oligodendrocytes6",0.0853168167492313,0.914683183250769,0.983461581229934,4
"Capillaries","Astrocytes1","Oligodendrocytes7",0.142955994997399,0.857044005002601,0.983016474529462,4
"Capillaries","Astrocytes1","Oligodendrocytes8",0.882021290757108,0.117978709242892,0.861026163924181,4
"Capillaries","Astrocytes1","OPC1",-0.410153494122044,0.589846505877956,0.978129697828557,4
"Capillaries","Astrocytes1","OPC2",-0.245719882096717,0.754280117903283,0.978129697828557,4
"Capillaries","Astrocytes1","OPC3",-0.229962421430374,0.770037578569626,0.978129697828557,4
"Capillaries","Astrocytes1","Pericytes",-0.17597195911317,0.82402804088683,0.978129697828557,4
"Capillaries","Astrocytes1","SMC",-0.866298553583921,0.133701446416079,0.861026163924181,4
"Capillaries","Astrocytes1","VLMC1",-0.251260327593457,0.748739672406543,0.978129697828557,4
"Capillaries","Astrocytes1","VLMC2",-0.145746882746537,0.854253117253463,0.983016474529462,4
"Capillaries","Astrocytes2","Astrocytes3",-0.0701151622997226,0.929884837700277,0.988768104262686,4
"Capillaries","Astrocytes2","Astrocytes4",-0.868654927116496,0.131345072883504,0.861026163924181,4
"Capillaries","Astrocytes2","Astrocytes5",-0.138591389395675,0.861408610604325,0.983016474529462,4
"Capillaries","Astrocytes2","Endothelial",0.684615606072039,0.315384393927961,0.916918111560224,4
"Capillaries","Astrocytes2","ExNeuron1",-0.918323926558189,0.0816760734418113,0.861026163924181,4
"Capillaries","Astrocytes2","ExNeuron10",0.806510660313617,0.193489339686383,0.876432167181593,4
"Capillaries","Astrocytes2","ExNeuron11",-0.0924285835556582,0.907571416444342,0.983049183368257,4
"Capillaries","Astrocytes2","ExNeuron12",-0.0337128853964352,0.966287114603565,0.998828416088917,4
"Capillaries","Astrocytes2","ExNeuron13",0.248316339683325,0.751683660316675,0.978129697828557,4
"Capillaries","Astrocytes2","ExNeuron14",0.35141220091142,0.64858779908858,0.978129697828557,4
"Capillaries","Astrocytes2","ExNeuron2",0.467508641396194,0.532491358603806,0.978129697828557,4
"Capillaries","Astrocytes2","ExNeuron3",0.12578645302913,0.87421354697087,0.983016474529462,4
"Capillaries","Astrocytes2","ExNeuron4",-0.420090864511504,0.579909135488496,0.978129697828557,4
"Capillaries","Astrocytes2","ExNeuron5",0.353949100262738,0.646050899737262,0.978129697828557,4
"Capillaries","Astrocytes2","ExNeuron6",-0.69585372439622,0.30414627560378,0.909801720375468,4
"Capillaries","Astrocytes2","ExNeuron7",-0.893746149799779,0.106253850200221,0.861026163924181,4
"Capillaries","Astrocytes2","ExNeuron8",0.088835093952109,0.911164906047891,0.983049183368257,4
"Capillaries","Astrocytes2","ExNeuron9",-0.196032184941033,0.803967815058967,0.978129697828557,4
"Capillaries","Astrocytes2","Fibroblast",0.903667679123594,0.0963323208764061,0.861026163924181,4
"Capillaries","Astrocytes2","InhNeuron1",0.346868096679925,0.653131903320075,0.978129697828557,4
"Capillaries","Astrocytes2","InhNeuron2",0.00711646184536444,0.992883538154635,0.998828416088917,4
"Capillaries","Astrocytes2","InhNeuron3",-0.151308869165559,0.848691130834441,0.983016474529462,4
"Capillaries","Astrocytes2","InhNeuron4",0.490876011250071,0.509123988749929,0.978129697828557,4
"Capillaries","Astrocytes2","InhNeuron5",0.387015671705595,0.612984328294405,0.978129697828557,4
"Capillaries","Astrocytes2","Microglia1",-0.0648429272728162,0.935157072727184,0.991688084295733,4
"Capillaries","Astrocytes2","Microglia2",0.0146600168735994,0.9853399831264,0.998828416088917,4
"Capillaries","Astrocytes2","Microglia3",-0.115755253862403,0.884244746137597,0.983016474529462,4
"Capillaries","Astrocytes2","Microglia4",-0.473276554638962,0.526723445361039,0.978129697828557,4
"Capillaries","Astrocytes2","Microglia5",-0.269307808825303,0.730692191174697,0.978129697828557,4
"Capillaries","Astrocytes2","Oligodendrocytes1",-0.365901578366114,0.634098421633886,0.978129697828557,4
"Capillaries","Astrocytes2","Oligodendrocytes2",0.968806574183412,0.0311934258165881,0.861026163924181,4
"Capillaries","Astrocytes2","Oligodendrocytes3",-0.683523817927516,0.316476182072484,0.917514981638713,4
"Capillaries","Astrocytes2","Oligodendrocytes4",-0.494515989047161,0.505484010952839,0.978129697828557,4
"Capillaries","Astrocytes2","Oligodendrocytes5",-0.617147841543294,0.382852158456706,0.942262003834395,4
"Capillaries","Astrocytes2","Oligodendrocytes6",-0.761748620381672,0.238251379618328,0.876432167181593,4
"Capillaries","Astrocytes2","Oligodendrocytes7",-0.822268509074514,0.177731490925486,0.876432167181593,4
"Capillaries","Astrocytes2","Oligodendrocytes8",-0.553950760247423,0.446049239752577,0.949209577602319,4
"Capillaries","Astrocytes2","OPC1",0.935190611482499,0.0648093885175013,0.861026163924181,4
"Capillaries","Astrocytes2","OPC2",0.412279148573001,0.587720851426999,0.978129697828557,4
"Capillaries","Astrocytes2","OPC3",0.868459666211282,0.131540333788718,0.861026163924181,4
"Capillaries","Astrocytes2","Pericytes",0.8407630996884,0.1592369003116,0.861026163924181,4
"Capillaries","Astrocytes2","SMC",0.755975887661756,0.244024112338244,0.876432167181593,4
"Capillaries","Astrocytes2","VLMC1",0.770708098317697,0.229291901682303,0.876432167181593,4
"Capillaries","Astrocytes2","VLMC2",0.778735905105544,0.221264094894455,0.876432167181593,4
"Capillaries","Astrocytes3","Astrocytes4",-0.1064953915406,0.8935046084594,0.983049183368257,4
"Capillaries","Astrocytes3","Astrocytes5",0.993313314111474,0.00668668588852585,0.576726657885354,4
"Capillaries","Astrocytes3","Endothelial",-0.641922380540893,0.358077619459107,0.935670601527288,4
"Capillaries","Astrocytes3","ExNeuron1",-0.319570441955054,0.680429558044946,0.978129697828557,4
"Capillaries","Astrocytes3","ExNeuron10",-0.291007613333687,0.708992386666313,0.978129697828557,4
"Capillaries","Astrocytes3","ExNeuron11",-0.318170019265,0.681829980735,0.978129697828557,4
"Capillaries","Astrocytes3","ExNeuron12",0.92493422374768,0.0750657762523203,0.861026163924181,4
"Capillaries","Astrocytes3","ExNeuron13",0.766823661875546,0.233176338124454,0.876432167181593,4
"Capillaries","Astrocytes3","ExNeuron14",0.51492850529758,0.48507149470242,0.972201491708664,4
"Capillaries","Astrocytes3","ExNeuron2",-0.906035058761664,0.093964941238336,0.861026163924181,4
"Capillaries","Astrocytes3","ExNeuron3",-0.467907439545276,0.532092560454724,0.978129697828557,4
"Capillaries","Astrocytes3","ExNeuron4",0.248322104990399,0.751677895009601,0.978129697828557,4
"Capillaries","Astrocytes3","ExNeuron5",0.0713689598393577,0.928631040160642,0.988768104262686,4
"Capillaries","Astrocytes3","ExNeuron6",-0.0103278861355924,0.989672113864408,0.998828416088917,4
"Capillaries","Astrocytes3","ExNeuron7",0.505093601615104,0.494906398384896,0.973718490800513,4
"Capillaries","Astrocytes3","ExNeuron8",0.00742806298775402,0.992571937012246,0.998828416088917,4
"Capillaries","Astrocytes3","ExNeuron9",-0.245031414657981,0.754968585342019,0.978129697828557,4
"Capillaries","Astrocytes3","Fibroblast",-0.155630772107262,0.844369227892738,0.983016474529462,4
"Capillaries","Astrocytes3","InhNeuron1",0.253233347800961,0.746766652199039,0.978129697828557,4
"Capillaries","Astrocytes3","InhNeuron2",-0.766042278143864,0.233957721856135,0.876432167181593,4
"Capillaries","Astrocytes3","InhNeuron3",0.076742434284832,0.923257565715168,0.987160723672726,4
"Capillaries","Astrocytes3","InhNeuron4",0.00872520720067262,0.991274792799327,0.998828416088917,4
"Capillaries","Astrocytes3","InhNeuron5",0.56923011932893,0.43076988067107,0.946141929522214,4
"Capillaries","Astrocytes3","Microglia1",-0.990380075384276,0.00961992461572412,0.711187284091033,4
"Capillaries","Astrocytes3","Microglia2",-0.827839503687368,0.172160496312632,0.872973155245753,4
"Capillaries","Astrocytes3","Microglia3",-0.932737942243529,0.0672620577564713,0.861026163924181,4
"Capillaries","Astrocytes3","Microglia4",-0.307600968707821,0.692399031292179,0.978129697828557,4
"Capillaries","Astrocytes3","Microglia5",-0.940957350725903,0.0590426492740972,0.861026163924181,4
"Capillaries","Astrocytes3","Oligodendrocytes1",0.185844383154508,0.814155616845492,0.978129697828557,4
"Capillaries","Astrocytes3","Oligodendrocytes2",0.0972292214758971,0.902770778524103,0.983049183368257,4
"Capillaries","Astrocytes3","Oligodendrocytes3",-0.666585370958021,0.333414629041979,0.933084564906571,4
"Capillaries","Astrocytes3","Oligodendrocytes4",-0.322135725431826,0.677864274568174,0.978129697828557,4
"Capillaries","Astrocytes3","Oligodendrocytes5",-0.549898968891905,0.450101031108095,0.949368973703671,4
"Capillaries","Astrocytes3","Oligodendrocytes6",-0.0255778495319334,0.974422150468067,0.998828416088917,4
"Capillaries","Astrocytes3","Oligodendrocytes7",-0.192103575943463,0.807896424056537,0.978129697828557,4
"Capillaries","Astrocytes3","Oligodendrocytes8",0.79621998578554,0.20378001421446,0.876432167181593,4
"Capillaries","Astrocytes3","OPC1",0.245164277803991,0.754835722196009,0.978129697828557,4
"Capillaries","Astrocytes3","OPC2",0.768274834777952,0.231725165222048,0.876432167181593,4
"Capillaries","Astrocytes3","OPC3",0.135490924745913,0.864509075254087,0.983016474529462,4
"Capillaries","Astrocytes3","Pericytes",0.175913916418839,0.824086083581161,0.978129697828557,4
"Capillaries","Astrocytes3","SMC",-0.681926970931022,0.318073029068978,0.919568673425678,4
"Capillaries","Astrocytes3","VLMC1",-0.299685718844045,0.700314281155955,0.978129697828557,4
"Capillaries","Astrocytes3","VLMC2",0.513847360639526,0.486152639360474,0.972201491708664,4
"Capillaries","Astrocytes4","Astrocytes5",-0.0881862647019069,0.911813735298093,0.983049183368257,4
"Capillaries","Astrocytes4","Endothelial",-0.298774554852384,0.701225445147616,0.978129697828557,4
"Capillaries","Astrocytes4","ExNeuron1",0.905346158318866,0.0946538416811336,0.861026163924181,4
"Capillaries","Astrocytes4","ExNeuron10",-0.914008671507394,0.0859913284926056,0.861026163924181,4
"Capillaries","Astrocytes4","ExNeuron11",-0.303738325516877,0.696261674483122,0.978129697828557,4
"Capillaries","Astrocytes4","ExNeuron12",-0.302507751485836,0.697492248514163,0.978129697828557,4
"Capillaries","Astrocytes4","ExNeuron13",-0.611428535435228,0.388571464564772,0.942262003834395,4
"Capillaries","Astrocytes4","ExNeuron14",-0.752223409607847,0.247776590392153,0.876432167181593,4
"Capillaries","Astrocytes4","ExNeuron2",-0.316462809814069,0.683537190185931,0.978129697828557,4
"Capillaries","Astrocytes4","ExNeuron3",0.377624062368998,0.622375937631001,0.978129697828557,4
"Capillaries","Astrocytes4","ExNeuron4",0.738549079657483,0.261450920342517,0.878576956345795,4
"Capillaries","Astrocytes4","ExNeuron5",-0.757272508059939,0.242727491940061,0.876432167181593,4
"Capillaries","Astrocytes4","ExNeuron6",0.280777024939394,0.719222975060606,0.978129697828557,4
"Capillaries","Astrocytes4","ExNeuron7",0.670631853332061,0.329368146667938,0.931899737803376,4
"Capillaries","Astrocytes4","ExNeuron8",-0.543707514509107,0.456292485490893,0.950226805800954,4
"Capillaries","Astrocytes4","ExNeuron9",-0.226983121457719,0.773016878542281,0.978129697828557,4
"Capillaries","Astrocytes4","Fibroblast",-0.574552217612108,0.425447782387892,0.946141929522214,4
"Capillaries","Astrocytes4","InhNeuron1",-0.765510252882523,0.234489747117477,0.876432167181593,4
"Capillaries","Astrocytes4","InhNeuron2",-0.176227226270993,0.823772773729007,0.978129697828557,4
"Capillaries","Astrocytes4","InhNeuron3",-0.339415863522268,0.660584136477732,0.978129697828557,4
"Capillaries","Astrocytes4","InhNeuron4",-0.839265053977314,0.160734946022686,0.861026163924181,4
"Capillaries","Astrocytes4","InhNeuron5",-0.763733666309443,0.236266333690557,0.876432167181593,4
"Capillaries","Astrocytes4","Microglia1",0.20876921595594,0.79123078404406,0.978129697828557,4
"Capillaries","Astrocytes4","Microglia2",0.387054092504933,0.612945907495067,0.978129697828557,4
"Capillaries","Astrocytes4","Microglia3",0.113638722382116,0.886361277617884,0.983016474529462,4
"Capillaries","Astrocytes4","Microglia4",0.846928788003145,0.153071211996855,0.861026163924181,4
"Capillaries","Astrocytes4","Microglia5",0.376593974545282,0.623406025454718,0.978129697828557,4
"Capillaries","Astrocytes4","Oligodendrocytes1",0.718192454286289,0.281807545713711,0.888398984352234,4
"Capillaries","Astrocytes4","Oligodendrocytes2",-0.783389930980643,0.216610069019357,0.876432167181593,4
"Capillaries","Astrocytes4","Oligodendrocytes3",0.648444237961276,0.351555762038724,0.935670601527288,4
"Capillaries","Astrocytes4","Oligodendrocytes4",0.858836989546966,0.141163010453034,0.861026163924181,4
"Capillaries","Astrocytes4","Oligodendrocytes5",0.876075528626311,0.123924471373689,0.861026163924181,4
"Capillaries","Astrocytes4","Oligodendrocytes6",0.974713454549747,0.0252865454502532,0.861026163924181,4
"Capillaries","Astrocytes4","Oligodendrocytes7",0.994506558244991,0.00549344175500934,0.539532555268429,4
"Capillaries","Astrocytes4","Oligodendrocytes8",0.194556157877996,0.805443842122004,0.978129697828557,4
"Capillaries","Astrocytes4","OPC1",-0.943165322162833,0.056834677837167,0.861026163924181,4
"Capillaries","Astrocytes4","OPC2",-0.288315144409358,0.711684855590642,0.978129697828557,4
"Capillaries","Astrocytes4","OPC3",-0.999515946743218,0.000484053256782046,0.193017203058234,4
"Capillaries","Astrocytes4","Pericytes",-0.997095214757461,0.00290478524253877,0.481429696302148,4
"Capillaries","Astrocytes4","SMC",-0.468803939497576,0.531196060502424,0.978129697828557,4
"Capillaries","Astrocytes4","VLMC1",-0.902089891059772,0.0979101089402283,0.861026163924181,4
"Capillaries","Astrocytes4","VLMC2",-0.894382342962264,0.105617657037736,0.861026163924181,4
"Capillaries","Astrocytes5","Endothelial",-0.720831366279362,0.279168633720638,0.888130395349879,4
"Capillaries","Astrocytes5","ExNeuron1",-0.260794482848031,0.739205517151969,0.978129697828557,4
"Capillaries","Astrocytes5","ExNeuron10",-0.293360312981868,0.706639687018132,0.978129697828557,4
"Capillaries","Astrocytes5","ExNeuron11",-0.221070437390155,0.778929562609844,0.978129697828557,4
"Capillaries","Astrocytes5","ExNeuron12",0.951625788371946,0.0483742116280539,0.861026163924181,4
"Capillaries","Astrocytes5","ExNeuron13",0.793100956593889,0.206899043406111,0.876432167181593,4
"Capillaries","Astrocytes5","ExNeuron14",0.555302051993419,0.444697948006581,0.949114240020907,4
"Capillaries","Astrocytes5","ExNeuron2",-0.916605929726559,0.0833940702734413,0.861026163924181,4
"Capillaries","Astrocytes5","ExNeuron3",-0.552492938429737,0.447507061570263,0.949209577602319,4
"Capillaries","Astrocytes5","ExNeuron4",0.193131291145189,0.806868708854811,0.978129697828557,4
"Capillaries","Astrocytes5","ExNeuron5",0.132049796281401,0.867950203718599,0.983016474529462,4
"Capillaries","Astrocytes5","ExNeuron6",0.10419206173764,0.89580793826236,0.983049183368257,4
"Capillaries","Astrocytes5","ExNeuron7",0.567395136737794,0.432604863262206,0.946141929522214,4
"Capillaries","Astrocytes5","ExNeuron8",0.0932886850170976,0.906711314982902,0.983049183368257,4
"Capillaries","Astrocytes5","ExNeuron9",-0.141169694987327,0.858830305012673,0.983016474529462,4
"Capillaries","Astrocytes5","Fibroblast",-0.255111743899593,0.744888256100408,0.978129697828557,4
"Capillaries","Astrocytes5","InhNeuron1",0.309106679264064,0.690893320735936,0.978129697828557,4
"Capillaries","Astrocytes5","InhNeuron2",-0.698406328797169,0.301593671202831,0.904781013608494,4
"Capillaries","Astrocytes5","InhNeuron3",0.177545160881562,0.822454839118437,0.978129697828557,4
"Capillaries","Astrocytes5","InhNeuron4",0.0550820123746987,0.944917987625301,0.996931821806511,4
"Capillaries","Astrocytes5","InhNeuron5",0.600762213896843,0.399237786103157,0.942262003834395,4
"Capillaries","Astrocytes5","Microglia1",-0.971491474382704,0.0285085256172964,0.861026163924181,4
"Capillaries","Astrocytes5","Microglia2",-0.871017594036101,0.128982405963899,0.861026163924181,4
"Capillaries","Astrocytes5","Microglia3",-0.885145119581967,0.114854880418033,0.861026163924181,4
"Capillaries","Astrocytes5","Microglia4",-0.346346359457475,0.653653640542525,0.978129697828557,4
"Capillaries","Astrocytes5","Microglia5",-0.907702657366653,0.0922973426333473,0.861026163924181,4
"Capillaries","Astrocytes5","Oligodendrocytes1",0.124278657882743,0.875721342117257,0.983016474529462,4
"Capillaries","Astrocytes5","Oligodendrocytes2",0.0119301044230984,0.988069895576902,0.998828416088917,4
"Capillaries","Astrocytes5","Oligodendrocytes3",-0.598536278549792,0.401463721450208,0.942262003834395,4
"Capillaries","Astrocytes5","Oligodendrocytes4",-0.357409152073707,0.642590847926293,0.978129697828557,4
"Capillaries","Astrocytes5","Oligodendrocytes5",-0.548444239226967,0.451555760773032,0.949368973703671,4
"Capillaries","Astrocytes5","Oligodendrocytes6",-0.0319676064685276,0.968032393531472,0.998828416088917,4
"Capillaries","Astrocytes5","Oligodendrocytes7",-0.18017548729189,0.81982451270811,0.978129697828557,4
"Capillaries","Astrocytes5","Oligodendrocytes8",0.856997113029108,0.143002886970892,0.861026163924181,4
"Capillaries","Astrocytes5","OPC1",0.193118797790186,0.806881202209814,0.978129697828557,4
"Capillaries","Astrocytes5","OPC2",0.690384198473587,0.309615801526413,0.914828417427005,4
"Capillaries","Astrocytes5","OPC3",0.115830935634656,0.884169064365344,0.983016474529462,4
"Capillaries","Astrocytes5","Pericytes",0.160714710241526,0.839285289758474,0.983016474529462,4
"Capillaries","Astrocytes5","SMC",-0.742715718653845,0.257284281346155,0.876432167181593,4
"Capillaries","Astrocytes5","VLMC1",-0.29527883104352,0.70472116895648,0.978129697828557,4
"Capillaries","Astrocytes5","VLMC2",0.478223152007711,0.521776847992289,0.978129697828557,4
"Capillaries","Endothelial","ExNeuron1",-0.360698652612907,0.639301347387093,0.978129697828557,4
"Capillaries","Endothelial","ExNeuron10",0.463971602503734,0.536028397496266,0.978129697828557,4
"Capillaries","Endothelial","ExNeuron11",-0.265208745690239,0.734791254309761,0.978129697828557,4
"Capillaries","Endothelial","ExNeuron12",-0.733023112491647,0.266976887508353,0.881526978119861,4
"Capillaries","Endothelial","ExNeuron13",-0.536044346241073,0.463955653758927,0.956727317694449,4
"Capillaries","Endothelial","ExNeuron14",-0.402787111078334,0.597212888921666,0.978129697828557,4
"Capillaries","Endothelial","ExNeuron2",0.789611151288187,0.210388848711812,0.876432167181593,4
"Capillaries","Endothelial","ExNeuron3",0.729676849125281,0.270323150874719,0.881526978119861,4
"Capillaries","Endothelial","ExNeuron4",-0.0479608342372776,0.952039165762722,0.998828416088917,4
"Capillaries","Endothelial","ExNeuron5",-0.206269915320768,0.793730084679231,0.978129697828557,4
"Capillaries","Endothelial","ExNeuron6",-0.742071292124957,0.257928707875043,0.876432167181593,4
"Capillaries","Endothelial","ExNeuron7",-0.904170357956545,0.0958296420434553,0.861026163924181,4
"Capillaries","Endothelial","ExNeuron8",-0.366127613604554,0.633872386395446,0.978129697828557,4
"Capillaries","Endothelial","ExNeuron9",-0.377402149652782,0.622597850347218,0.978129697828557,4
"Capillaries","Endothelial","Fibroblast",0.849557045022526,0.150442954977474,0.861026163924181,4
"Capillaries","Endothelial","InhNeuron1",-0.304823805633431,0.695176194366569,0.978129697828557,4
"Capillaries","Endothelial","InhNeuron2",0.192213707932109,0.807786292067891,0.978129697828557,4
"Capillaries","Endothelial","InhNeuron3",-0.557779627401531,0.442220372598469,0.947615084139577,4
"Capillaries","Endothelial","InhNeuron4",-0.0555859857769163,0.944414014223084,0.996931821806511,4
"Capillaries","Endothelial","InhNeuron5",-0.386176947307548,0.613823052692452,0.978129697828557,4
"Capillaries","Endothelial","Microglia1",0.535964141562692,0.464035858437308,0.956727317694449,4
"Capillaries","Endothelial","Microglia2",0.738696668696127,0.261303331303873,0.878576956345795,4
"Capillaries","Endothelial","Microglia3",0.351328331435115,0.648671668564885,0.978129697828557,4
"Capillaries","Endothelial","Microglia4",0.220818566689483,0.779181433310517,0.978129697828557,4
"Capillaries","Endothelial","Microglia5",0.371540618727929,0.628459381272071,0.978129697828557,4
"Capillaries","Endothelial","Oligodendrocytes1",0.0393552162116142,0.960644783788386,0.998828416088917,4
"Capillaries","Endothelial","Oligodendrocytes2",0.642223387419168,0.357776612580832,0.935670601527288,4
"Capillaries","Endothelial","Oligodendrocytes3",-0.100582387902861,0.899417612097139,0.983049183368257,4
"Capillaries","Endothelial","Oligodendrocytes4",0.207508782072101,0.792491217927899,0.978129697828557,4
"Capillaries","Endothelial","Oligodendrocytes5",0.148211361855067,0.851788638144933,0.983016474529462,4
"Capillaries","Endothelial","Oligodendrocytes6",-0.203974841824995,0.796025158175005,0.978129697828557,4
"Capillaries","Endothelial","Oligodendrocytes7",-0.198968032498469,0.80103196750153,0.978129697828557,4
"Capillaries","Endothelial","Oligodendrocytes8",-0.974924427746709,0.0250755722532915,0.861026163924181,4
"Capillaries","Endothelial","OPC1",0.383937589069811,0.616062410930189,0.978129697828557,4
"Capillaries","Endothelial","OPC2",-0.00959084037520715,0.990409159624793,0.998828416088917,4
"Capillaries","Endothelial","OPC3",0.286024840722821,0.713975159277179,0.978129697828557,4
"Capillaries","Endothelial","Pericytes",0.230415894776652,0.769584105223348,0.978129697828557,4
"Capillaries","Endothelial","SMC",0.966968420497691,0.0330315795023091,0.861026163924181,4
"Capillaries","Endothelial","VLMC1",0.427137045984352,0.572862954015648,0.978129697828557,4
"Capillaries","Endothelial","VLMC2",0.0835261628826035,0.916473837117396,0.983973466199694,4
"Capillaries","ExNeuron1","ExNeuron10",-0.700269518407162,0.299730481592838,0.901825589780437,4
"Capillaries","ExNeuron1","ExNeuron11",0.123244133078952,0.876755866921048,0.983016474529462,4
"Capillaries","ExNeuron1","ExNeuron12",-0.360005748810684,0.639994251189316,0.978129697828557,4
"Capillaries","ExNeuron1","ExNeuron13",-0.582899528287156,0.417100471712844,0.945434045438021,4
"Capillaries","ExNeuron1","ExNeuron14",-0.601475147910704,0.398524852089296,0.942262003834395,4
"Capillaries","ExNeuron1","ExNeuron2",-0.103719032879354,0.896280967120646,0.983049183368257,4
"Capillaries","ExNeuron1","ExNeuron3",0.14279015003792,0.85720984996208,0.983016474529462,4
"Capillaries","ExNeuron1","ExNeuron4",0.382647337592325,0.617352662407675,0.978129697828557,4
"Capillaries","ExNeuron1","ExNeuron5",-0.448064791207099,0.551935208792901,0.978129697828557,4
"Capillaries","ExNeuron1","ExNeuron6",0.595732445734835,0.404267554265165,0.942262003834395,4
"Capillaries","ExNeuron1","ExNeuron7",0.643834517042302,0.356165482957698,0.935670601527288,4
"Capillaries","ExNeuron1","ExNeuron8",-0.178824515807022,0.821175484192978,0.978129697828557,4
"Capillaries","ExNeuron1","ExNeuron9",0.19254010492314,0.80745989507686,0.978129697828557,4
"Capillaries","ExNeuron1","Fibroblast",-0.755643115712605,0.244356884287395,0.876432167181593,4
"Capillaries","ExNeuron1","InhNeuron1",-0.508349806249918,0.491650193750082,0.973718490800513,4
"Capillaries","ExNeuron1","InhNeuron2",0.229649753677007,0.770350246322993,0.978129697828557,4
"Capillaries","ExNeuron1","InhNeuron3",0.0223520153151423,0.977647984684858,0.998828416088917,4
"Capillaries","ExNeuron1","InhNeuron4",-0.547788498516029,0.452211501483971,0.949368973703671,4
"Capillaries","ExNeuron1","InhNeuron5",-0.650346590377992,0.349653409622008,0.935670601527288,4
"Capillaries","ExNeuron1","Microglia1",0.440486718648654,0.559513281351346,0.978129697828557,4
"Capillaries","ExNeuron1","Microglia2",0.357216258606338,0.642783741393662,0.978129697828557,4
"Capillaries","ExNeuron1","Microglia3",0.440569683952991,0.559430316047009,0.978129697828557,4
"Capillaries","ExNeuron1","Microglia4",0.641100262022866,0.358899737977134,0.935670601527288,4
"Capillaries","ExNeuron1","Microglia5",0.61394420945403,0.38605579054597,0.942262003834395,4
"Capillaries","ExNeuron1","Oligodendrocytes1",0.358862445015924,0.641137554984076,0.978129697828557,4
"Capillaries","ExNeuron1","Oligodendrocytes2",-0.936376215639116,0.0636237843608841,0.861026163924181,4
"Capillaries","ExNeuron1","Oligodendrocytes3",0.890416963783561,0.109583036216439,0.861026163924181,4
"Capillaries","ExNeuron1","Oligodendrocytes4",0.664957808169906,0.335042191830094,0.933220368462138,4
"Capillaries","ExNeuron1","Oligodendrocytes5",0.843207955068222,0.156792044931778,0.861026163924181,4
"Capillaries","ExNeuron1","Oligodendrocytes6",0.789392057688377,0.210607942311623,0.876432167181593,4
"Capillaries","ExNeuron1","Oligodendrocytes7",0.898675626395784,0.101324373604216,0.861026163924181,4
"Capillaries","ExNeuron1","Oligodendrocytes8",0.184921697288317,0.815078302711683,0.978129697828557,4
"Capillaries","ExNeuron1","OPC1",-0.994265837576857,0.00573416242314272,0.539532555268429,4
"Capillaries","ExNeuron1","OPC2",-0.645802176530816,0.354197823469184,0.935670601527288,4
"Capillaries","ExNeuron1","OPC3",-0.915321416207773,0.0846785837922273,0.861026163924181,4
"Capillaries","ExNeuron1","Pericytes",-0.907739497936954,0.092260502063046,0.861026163924181,4
"Capillaries","ExNeuron1","SMC",-0.435296883450942,0.564703116549058,0.978129697828557,4
"Capillaries","ExNeuron1","VLMC1",-0.667247146486263,0.332752853513737,0.933084564906571,4
"Capillaries","ExNeuron1","VLMC2",-0.958701078858188,0.0412989211418116,0.861026163924181,4
"Capillaries","ExNeuron10","ExNeuron11",0.512450473502665,0.487549526497335,0.972280847639194,4
"Capillaries","ExNeuron10","ExNeuron12",-0.0390437711507975,0.960956228849203,0.998828416088917,4
"Capillaries","ExNeuron10","ExNeuron13",0.322503345852538,0.677496654147462,0.978129697828557,4
"Capillaries","ExNeuron10","ExNeuron14",0.570836127710996,0.429163872289004,0.946141929522214,4
"Capillaries","ExNeuron10","ExNeuron2",0.649451652318134,0.350548347681866,0.935670601527288,4
"Capillaries","ExNeuron10","ExNeuron3",-0.267151460463801,0.732848539536199,0.978129697828557,4
"Capillaries","ExNeuron10","ExNeuron4",-0.868073207183823,0.131926792816177,0.861026163924181,4
"Capillaries","ExNeuron10","ExNeuron5",0.767470875809359,0.23252912419064,0.876432167181593,4
"Capillaries","ExNeuron10","ExNeuron6",-0.159003951197766,0.840996048802234,0.983016474529462,4
"Capillaries","ExNeuron10","ExNeuron7",-0.788636428595472,0.211363571404528,0.876432167181593,4
"Capillaries","ExNeuron10","ExNeuron8",0.608725171202205,0.391274828797795,0.942262003834395,4
"Capillaries","ExNeuron10","ExNeuron9",0.415884175405699,0.5841158245943,0.978129697828557,4
"Capillaries","ExNeuron10","Fibroblast",0.523728140515275,0.476271859484725,0.962817976633251,4
"Capillaries","ExNeuron10","InhNeuron1",0.700262799145439,0.299737200854561,0.901825589780437,4
"Capillaries","ExNeuron10","InhNeuron2",0.533901628246294,0.466098371753706,0.957121391572046,4
"Capillaries","ExNeuron10","InhNeuron3",0.397424566766509,0.602575433233491,0.978129697828557,4
"Capillaries","ExNeuron10","InhNeuron4",0.857784077037734,0.142215922962266,0.861026163924181,4
"Capillaries","ExNeuron10","InhNeuron5",0.552449976937264,0.447550023062736,0.949209577602319,4
"Capillaries","ExNeuron10","Microglia1",0.199503281140045,0.800496718859955,0.978129697828557,4
"Capillaries","ExNeuron10","Microglia2",-0.0967686715669551,0.903231328433045,0.983049183368257,4
"Capillaries","ExNeuron10","Microglia3",0.297300175619618,0.702699824380382,0.978129697828557,4
"Capillaries","ExNeuron10","Microglia4",-0.741897293105495,0.258102706894504,0.876432167181593,4
"Capillaries","ExNeuron10","Microglia5",0.0308512342142076,0.969148765785792,0.998828416088917,4
"Capillaries","ExNeuron10","Oligodendrocytes1",-0.830146586739744,0.169853413260256,0.872973155245753,4
"Capillaries","ExNeuron10","Oligodendrocytes2",0.642405119048094,0.357594880951906,0.935670601527288,4
"Capillaries","ExNeuron10","Oligodendrocytes3",-0.30668424077469,0.69331575922531,0.978129697828557,4
"Capillaries","ExNeuron10","Oligodendrocytes4",-0.744501113154657,0.255498886845343,0.876432167181593,4
"Capillaries","ExNeuron10","Oligodendrocytes5",-0.637524067217834,0.362475932782166,0.940329958586646,4
"Capillaries","ExNeuron10","Oligodendrocytes6",-0.94457851875727,0.0554214812427303,0.861026163924181,4
"Capillaries","ExNeuron10","Oligodendrocytes7",-0.881570242931649,0.118429757068351,0.861026163924181,4
"Capillaries","ExNeuron10","Oligodendrocytes8",-0.439911395052404,0.560088604947596,0.978129697828557,4
"Capillaries","ExNeuron10","OPC1",0.772424950262142,0.227575049737858,0.876432167181593,4
"Capillaries","ExNeuron10","OPC2",-0.0926510142203214,0.907348985779679,0.983049183368257,4
"Capillaries","ExNeuron10","OPC3",0.900982322666438,0.0990176773335617,0.861026163924181,4
"Capillaries","ExNeuron10","Pericytes",0.887226647792491,0.112773352207509,0.861026163924181,4
"Capillaries","ExNeuron10","SMC",0.662365735930997,0.337634264069003,0.933793023471416,4
"Capillaries","ExNeuron10","VLMC1",0.99827520870287,0.00172479129712954,0.357031798505815,4
"Capillaries","ExNeuron10","VLMC2",0.636458477093127,0.363541522906873,0.940329958586646,4
"Capillaries","ExNeuron11","ExNeuron12",0.0586262720829779,0.941373727917022,0.996744743725953,4
"Capillaries","ExNeuron11","ExNeuron13",0.253745866872928,0.746254133127072,0.978129697828557,4
"Capillaries","ExNeuron11","ExNeuron14",0.510579049192929,0.489420950807071,0.973718490800513,4
"Capillaries","ExNeuron11","ExNeuron2",0.35730087332911,0.64269912667089,0.978129697828557,4
"Capillaries","ExNeuron11","ExNeuron3",-0.688869948855743,0.311130051144257,0.914828417427005,4
"Capillaries","ExNeuron11","ExNeuron4",-0.861210815750141,0.138789184249858,0.861026163924181,4
"Capillaries","ExNeuron11","ExNeuron5",0.81132640669427,0.18867359330573,0.876432167181593,4
"Capillaries","ExNeuron11","ExNeuron6",0.757131834255039,0.24286816574496,0.876432167181593,4
"Capillaries","ExNeuron11","ExNeuron7",0.00144457188954791,0.998555428110452,0.999428070664784,4
"Capillaries","ExNeuron11","ExNeuron8",0.924554860010008,0.0754451399899922,0.861026163924181,4
"Capillaries","ExNeuron11","ExNeuron9",0.992441984930478,0.00755801506952214,0.601734276688878,4
"Capillaries","ExNeuron11","Fibroblast",-0.446890008337401,0.553109991662599,0.978129697828557,4
"Capillaries","ExNeuron11","InhNeuron1",0.720260377889796,0.279739622110203,0.888130395349879,4
"Capillaries","ExNeuron11","InhNeuron2",0.852390182203266,0.147609817796734,0.861026163924181,4
"Capillaries","ExNeuron11","InhNeuron3",0.920510340898179,0.0794896591018206,0.861026163924181,4
"Capillaries","ExNeuron11","InhNeuron4",0.759395972471992,0.240604027528008,0.876432167181593,4
"Capillaries","ExNeuron11","InhNeuron5",0.430268740331083,0.569731259668917,0.978129697828557,4
"Capillaries","ExNeuron11","Microglia1",0.360737077673165,0.639262922326834,0.978129697828557,4
"Capillaries","ExNeuron11","Microglia2",-0.257900177018107,0.742099822981893,0.978129697828557,4
"Capillaries","ExNeuron11","Microglia3",0.610770902650932,0.389229097349068,0.942262003834395,4
"Capillaries","ExNeuron11","Microglia4",-0.609165010616574,0.390834989383426,0.942262003834395,4
"Capillaries","ExNeuron11","Microglia5",0.376025553508423,0.623974446491578,0.978129697828557,4
"Capillaries","ExNeuron11","Oligodendrocytes1",-0.881080001536654,0.118919998463346,0.861026163924181,4
"Capillaries","ExNeuron11","Oligodendrocytes2",-0.316951630705208,0.683048369294792,0.978129697828557,4
"Capillaries","ExNeuron11","Oligodendrocytes3",0.428528117184063,0.571471882815937,0.978129697828557,4
"Capillaries","ExNeuron11","Oligodendrocytes4",-0.583325734949467,0.416674265050533,0.945434045438021,4
"Capillaries","ExNeuron11","Oligodendrocytes5",-0.23435091203244,0.765649087967559,0.978129697828557,4
"Capillaries","ExNeuron11","Oligodendrocytes6",-0.508919723497201,0.491080276502798,0.973718490800513,4
"Capillaries","ExNeuron11","Oligodendrocytes7",-0.323442468784334,0.676557531215666,0.978129697828557,4
"Capillaries","ExNeuron11","Oligodendrocytes8",0.125544701491746,0.874455298508253,0.983016474529462,4
"Capillaries","ExNeuron11","OPC1",-0.0292736443905483,0.970726355609452,0.998828416088917,4
"Capillaries","ExNeuron11","OPC2",-0.709871085881794,0.290128914118206,0.893211333626396,4
"Capillaries","ExNeuron11","OPC3",0.283823247866694,0.716176752133306,0.978129697828557,4
"Capillaries","ExNeuron11","Pericytes",0.304442776073108,0.695557223926892,0.978129697828557,4
"Capillaries","ExNeuron11","SMC",-0.030381237274015,0.969618762725985,0.998828416088917,4
"Capillaries","ExNeuron11","VLMC1",0.561933254977496,0.438066745022504,0.946141929522214,4
"Capillaries","ExNeuron11","VLMC2",-0.010534318359145,0.989465681640855,0.998828416088917,4
"Capillaries","ExNeuron12","ExNeuron13",0.933113315629152,0.0668866843708475,0.861026163924181,4
"Capillaries","ExNeuron12","ExNeuron14",0.777897707011777,0.222102292988223,0.876432167181593,4
"Capillaries","ExNeuron12","ExNeuron2",-0.778839051100795,0.221160948899205,0.876432167181593,4
"Capillaries","ExNeuron12","ExNeuron3",-0.762819924286384,0.237180075713616,0.876432167181593,4
"Capillaries","ExNeuron12","ExNeuron4",-0.116513259173794,0.883486740826206,0.983016474529462,4
"Capillaries","ExNeuron12","ExNeuron5",0.429674959991209,0.570325040008791,0.978129697828557,4
"Capillaries","ExNeuron12","ExNeuron6",0.239800569999936,0.760199430000064,0.978129697828557,4
"Capillaries","ExNeuron12","ExNeuron7",0.465754409468006,0.534245590531994,0.978129697828557,4
"Capillaries","ExNeuron12","ExNeuron8",0.386976520369747,0.613023479630253,0.978129697828557,4
"Capillaries","ExNeuron12","ExNeuron9",0.124947501975018,0.875052498024982,0.983016474529462,4
"Capillaries","ExNeuron12","Fibroblast",-0.274415384710799,0.7255846152892,0.978129697828557,4
"Capillaries","ExNeuron12","InhNeuron1",0.584961549081719,0.415038450918281,0.945434045438021,4
"Capillaries","ExNeuron12","InhNeuron2",-0.467123836508076,0.532876163491924,0.978129697828557,4
"Capillaries","ExNeuron12","InhNeuron3",0.440053506055649,0.559946493944351,0.978129697828557,4
"Capillaries","ExNeuron12","InhNeuron4",0.353102812331074,0.646897187668926,0.978129697828557,4
"Capillaries","ExNeuron12","InhNeuron5",0.805809725312948,0.194190274687052,0.876432167181593,4
"Capillaries","ExNeuron12","Microglia1",-0.908102907294619,0.0918970927053807,0.861026163924181,4
"Capillaries","ExNeuron12","Microglia2",-0.97893288612454,0.0210671138754602,0.861026163924181,4
"Capillaries","ExNeuron12","Microglia3",-0.750387287249591,0.249612712750409,0.876432167181593,4
"Capillaries","ExNeuron12","Microglia4",-0.607606545886472,0.392393454113528,0.942262003834395,4
"Capillaries","ExNeuron12","Microglia5",-0.865524843323859,0.134475156676141,0.861026163924181,4
"Capillaries","ExNeuron12","Oligodendrocytes1",-0.1864320730096,0.8135679269904,0.978129697828557,4
"Capillaries","ExNeuron12","Oligodendrocytes2",0.0506032441736669,0.949396755826333,0.997589484548482,4
"Capillaries","ExNeuron12","Oligodendrocytes3",-0.586162532421564,0.413837467578436,0.945434045438021,4
"Capillaries","ExNeuron12","Oligodendrocytes4",-0.614239294208192,0.385760705791808,0.942262003834395,4
"Capillaries","ExNeuron12","Oligodendrocytes5",-0.724359049416986,0.275640950583014,0.888130395349879,4
"Capillaries","ExNeuron12","Oligodendrocytes6",-0.291153420603338,0.708846579396662,0.978129697828557,4
"Capillaries","ExNeuron12","Oligodendrocytes7",-0.397449472092389,0.602550527907611,0.978129697828557,4
"Capillaries","ExNeuron12","Oligodendrocytes8",0.85027079929582,0.14972920070418,0.861026163924181,4
"Capillaries","ExNeuron12","OPC1",0.320390548196006,0.679609451803994,0.978129697828557,4
"Capillaries","ExNeuron12","OPC2",0.559454991135529,0.440545008864471,0.946141929522214,4
"Capillaries","ExNeuron12","OPC3",0.325166085733761,0.674833914266239,0.978129697828557,4
"Capillaries","ExNeuron12","Pericytes",0.374101449213911,0.625898550786089,0.978129697828557,4
"Capillaries","ExNeuron12","SMC",-0.675283637432827,0.324716362567173,0.929745657745322,4
"Capillaries","ExNeuron12","VLMC1",-0.0310906615402834,0.968909338459716,0.998828416088917,4
"Capillaries","ExNeuron12","VLMC2",0.600170028258651,0.399829971741349,0.942262003834395,4
"Capillaries","ExNeuron13","ExNeuron14",0.944959709043172,0.0550402909568277,0.861026163924181,4
"Capillaries","ExNeuron13","ExNeuron2",-0.502604237791042,0.497395762208958,0.975008738420968,4
"Capillaries","ExNeuron13","ExNeuron3",-0.827943301800986,0.172056698199014,0.872973155245753,4
"Capillaries","ExNeuron13","ExNeuron4",-0.430158970132011,0.569841029867989,0.978129697828557,4
"Capillaries","ExNeuron13","ExNeuron5",0.690170504566188,0.309829495433812,0.914828417427005,4
"Capillaries","ExNeuron13","ExNeuron6",0.185672444635024,0.814327555364976,0.978129697828557,4
"Capillaries","ExNeuron13","ExNeuron7",0.16474679535272,0.83525320464728,0.982371666829471,4
"Capillaries","ExNeuron13","ExNeuron8",0.596461608506341,0.403538391493659,0.942262003834395,4
"Capillaries","ExNeuron13","ExNeuron9",0.282556419082763,0.717443580917237,0.978129697828557,4
"Capillaries","ExNeuron13","Fibroblast",-0.0849531374643228,0.915046862535677,0.983461581229934,4
"Capillaries","ExNeuron13","InhNeuron1",0.811775404097592,0.188224595902408,0.876432167181593,4
"Capillaries","ExNeuron13","InhNeuron2",-0.238751709337162,0.761248290662838,0.978129697828557,4
"Capillaries","ExNeuron13","InhNeuron3",0.572702562341449,0.427297437658551,0.946141929522214,4
"Capillaries","ExNeuron13","InhNeuron4",0.64834106138196,0.35165893861804,0.935670601527288,4
"Capillaries","ExNeuron13","InhNeuron5",0.96338870292985,0.0366112970701499,0.861026163924181,4
"Capillaries","ExNeuron13","Microglia1",-0.78208331449991,0.21791668550009,0.876432167181593,4
"Capillaries","ExNeuron13","Microglia2",-0.964488695414456,0.0355113045855436,0.861026163924181,4
"Capillaries","ExNeuron13","Microglia3",-0.59396246018344,0.40603753981656,0.942262003834395,4
"Capillaries","ExNeuron13","Microglia4",-0.845618217490357,0.154381782509643,0.861026163924181,4
"Capillaries","ExNeuron13","Microglia5",-0.800489919508513,0.199510080491487,0.876432167181593,4
"Capillaries","ExNeuron13","Oligodendrocytes1",-0.483397877719805,0.516602122280195,0.978129697828557,4
"Capillaries","ExNeuron13","Oligodendrocytes2",0.266376742341473,0.733623257658527,0.978129697828557,4
"Capillaries","ExNeuron13","Oligodendrocytes3",-0.653314882359597,0.346685117640403,0.935670601527288,4
"Capillaries","ExNeuron13","Oligodendrocytes4",-0.852305993359181,0.147694006640819,0.861026163924181,4
"Capillaries","ExNeuron13","Oligodendrocytes5",-0.912357299493629,0.0876427005063714,0.861026163924181,4
"Capillaries","ExNeuron13","Oligodendrocytes6",-0.61530768386174,0.38469231613826,0.942262003834395,4
"Capillaries","ExNeuron13","Oligodendrocytes7",-0.690245710686247,0.309754289313753,0.914828417427005,4
"Capillaries","ExNeuron13","Oligodendrocytes8",0.652656134389748,0.347343865610252,0.935670601527288,4
"Capillaries","ExNeuron13","OPC1",0.572463504847303,0.427536495152697,0.946141929522214,4
"Capillaries","ExNeuron13","OPC2",0.483059507650954,0.516940492349045,0.978129697828557,4
"Capillaries","ExNeuron13","OPC3",0.627919688531078,0.372080311468922,0.942262003834395,4
"Capillaries","ExNeuron13","Pericytes",0.669780622378944,0.330219377621056,0.931899737803376,4
"Capillaries","ExNeuron13","SMC",-0.407586117523034,0.592413882476966,0.978129697828557,4
"Capillaries","ExNeuron13","VLMC1",0.330368583005536,0.669631416994464,0.978129697828557,4
"Capillaries","ExNeuron13","VLMC2",0.789857646291123,0.210142353708877,0.876432167181593,4
"Capillaries","ExNeuron14","ExNeuron2",-0.215341113990008,0.784658886009992,0.978129697828557,4
"Capillaries","ExNeuron14","ExNeuron3",-0.876309268528563,0.123690731471437,0.861026163924181,4
"Capillaries","ExNeuron14","ExNeuron4",-0.701834150810029,0.298165849189971,0.901825589780437,4
"Capillaries","ExNeuron14","ExNeuron5",0.887419135661065,0.112580864338935,0.861026163924181,4
"Capillaries","ExNeuron14","ExNeuron6",0.270346984444227,0.729653015555773,0.978129697828557,4
"Capillaries","ExNeuron14","ExNeuron7",-0.0228678584596794,0.977132141540321,0.998828416088917,4
"Capillaries","ExNeuron14","ExNeuron8",0.799687932190293,0.200312067809707,0.876432167181593,4
"Capillaries","ExNeuron14","ExNeuron9",0.513429591589287,0.486570408410713,0.972201491708664,4
"Capillaries","ExNeuron14","Fibroblast",-0.0519860206022125,0.948013979397788,0.997148850281209,4
"Capillaries","ExNeuron14","InhNeuron1",0.95684379891843,0.0431562010815705,0.861026163924181,4
"Capillaries","ExNeuron14","InhNeuron2",0.0772923493038375,0.922707650696162,0.987160723672726,4
"Capillaries","ExNeuron14","InhNeuron3",0.736347210990777,0.263652789009223,0.878957777469522,4
"Capillaries","ExNeuron14","InhNeuron4",0.860829698592121,0.139170301407879,0.861026163924181,4
"Capillaries","ExNeuron14","InhNeuron5",0.995813654814764,0.00418634518523607,0.481429696302148,4
"Capillaries","ExNeuron14","Microglia1",-0.537790541811752,0.462209458188248,0.956727317694449,4
"Capillaries","ExNeuron14","Microglia2",-0.870549020367346,0.129450979632654,0.861026163924181,4
"Capillaries","ExNeuron14","Microglia3",-0.312819102580971,0.687180897419029,0.978129697828557,4
"Capillaries","ExNeuron14","Microglia4",-0.971576428416234,0.0284235715837655,0.861026163924181,4
"Capillaries","ExNeuron14","Microglia5",-0.584252651202439,0.415747348797561,0.945434045438021,4
"Capillaries","ExNeuron14","Oligodendrocytes1",-0.742221903450674,0.257778096549326,0.876432167181593,4
"Capillaries","ExNeuron14","Oligodendrocytes2",0.289096001804625,0.710903998195375,0.978129697828557,4
"Capillaries","ExNeuron14","Oligodendrocytes3",-0.5202467389143,0.4797532610857,0.967923246050097,4
"Capillaries","ExNeuron14","Oligodendrocytes4",-0.972585750717873,0.0274142492821268,0.861026163924181,4
"Capillaries","ExNeuron14","Oligodendrocytes5",-0.932284595381751,0.0677154046182492,0.861026163924181,4
"Capillaries","ExNeuron14","Oligodendrocytes6",-0.801883340883352,0.198116659116648,0.876432167181593,4
"Capillaries","ExNeuron14","Oligodendrocytes7",-0.814916553929412,0.185083446070588,0.876432167181593,4
"Capillaries","ExNeuron14","Oligodendrocytes8",0.47703696639844,0.52296303360156,0.978129697828557,4
"Capillaries","ExNeuron14","OPC1",0.625872825385662,0.374127174614338,0.942262003834395,4
"Capillaries","ExNeuron14","OPC2",0.242835947402583,0.757164052597417,0.978129697828557,4
"Capillaries","ExNeuron14","OPC3",0.759361391829107,0.240638608170893,0.876432167181593,4
"Capillaries","ExNeuron14","Pericytes",0.795354263627465,0.204645736372535,0.876432167181593,4
"Capillaries","ExNeuron14","SMC",-0.209915686121623,0.790084313878377,0.978129697828557,4
"Capillaries","ExNeuron14","VLMC1",0.58671876121506,0.41328123878494,0.945434045438021,4
"Capillaries","ExNeuron14","VLMC2",0.782384535981533,0.217615464018467,0.876432167181593,4
"Capillaries","ExNeuron2","ExNeuron3",0.3537187903781,0.6462812096219,0.978129697828557,4
"Capillaries","ExNeuron2","ExNeuron4",-0.49664681320011,0.50335318679989,0.978129697828557,4
"Capillaries","ExNeuron2","ExNeuron5",0.195351976072663,0.804648023927337,0.978129697828557,4
"Capillaries","ExNeuron2","ExNeuron6",-0.185507562287883,0.814492437712117,0.978129697828557,4
"Capillaries","ExNeuron2","ExNeuron7",-0.797847517693148,0.202152482306852,0.876432167181593,4
"Capillaries","ExNeuron2","ExNeuron8",0.151902131752992,0.848097868247008,0.983016474529462,4
"Capillaries","ExNeuron2","ExNeuron9",0.251624815589651,0.748375184410349,0.978129697828557,4
"Capillaries","ExNeuron2","Fibroblast",0.452077826497819,0.547922173502181,0.978129697828557,4
"Capillaries","ExNeuron2","InhNeuron1",0.0286292943102835,0.971370705689717,0.998828416088917,4
"Capillaries","ExNeuron2","InhNeuron2",0.753904666995712,0.246095333004288,0.876432167181593,4
"Capillaries","ExNeuron2","InhNeuron3",-0.00760978541861464,0.992390214581385,0.998828416088917,4
"Capillaries","ExNeuron2","InhNeuron4",0.298528905436435,0.701471094563565,0.978129697828557,4
"Capillaries","ExNeuron2","InhNeuron5",-0.256176181565095,0.743823818434904,0.978129697828557,4
"Capillaries","ExNeuron2","Microglia1",0.846738327965834,0.153261672034165,0.861026163924181,4
"Capillaries","ExNeuron2","Microglia2",0.663729846132009,0.336270153867991,0.933220368462138,4
"Capillaries","ExNeuron2","Microglia3",0.809815131551327,0.190184868448672,0.876432167181593,4
"Capillaries","ExNeuron2","Microglia4",-0.021951771620875,0.978048228379125,0.998828416088917,4
"Capillaries","ExNeuron2","Microglia5",0.72138141971908,0.27861858028092,0.888130395349879,4
"Capillaries","ExNeuron2","Oligodendrocytes1",-0.42425795817569,0.57574204182431,0.978129697828557,4
"Capillaries","ExNeuron2","Oligodendrocytes2",0.285334731889615,0.714665268110385,0.978129697828557,4
"Capillaries","ExNeuron2","Oligodendrocytes3",0.324743769041674,0.675256230958326,0.978129697828557,4
"Capillaries","ExNeuron2","Oligodendrocytes4",-0.0153846849293898,0.98461531507061,0.998828416088917,4
"Capillaries","ExNeuron2","Oligodendrocytes5",0.168719765529053,0.831280234470947,0.981043378195473,4
"Capillaries","ExNeuron2","Oligodendrocytes6",-0.365802985929428,0.634197014070571,0.978129697828557,4
"Capillaries","ExNeuron2","Oligodendrocytes7",-0.228024255904585,0.771975744095415,0.978129697828557,4
"Capillaries","ExNeuron2","Oligodendrocytes8",-0.881665509797584,0.118334490202416,0.861026163924181,4
"Capillaries","ExNeuron2","OPC1",0.185215843391311,0.814784156608689,0.978129697828557,4
"Capillaries","ExNeuron2","OPC2",-0.560584239186168,0.439415760813832,0.946141929522214,4
"Capillaries","ExNeuron2","OPC3",0.289570056271718,0.710429943728282,0.978129697828557,4
"Capillaries","ExNeuron2","Pericytes",0.246848599127105,0.753151400872895,0.978129697828557,4
"Capillaries","ExNeuron2","SMC",0.883716031726391,0.116283968273609,0.861026163924181,4
"Capillaries","ExNeuron2","VLMC1",0.648083742320466,0.351916257679534,0.935670601527288,4
"Capillaries","ExNeuron2","VLMC2",-0.102554105627037,0.897445894372963,0.983049183368257,4
"Capillaries","ExNeuron3","ExNeuron4",0.620060474751752,0.379939525248247,0.942262003834395,4
"Capillaries","ExNeuron3","ExNeuron5",-0.817430098525915,0.182569901474085,0.876432167181593,4
"Capillaries","ExNeuron3","ExNeuron6",-0.689276590791451,0.310723409208549,0.914828417427005,4
"Capillaries","ExNeuron3","ExNeuron7",-0.375544444039062,0.624455555960938,0.978129697828557,4
"Capillaries","ExNeuron3","ExNeuron8",-0.870417591793618,0.129582408206382,0.861026163924181,4
"Capillaries","ExNeuron3","ExNeuron9",-0.736363357459864,0.263636642540136,0.878957777469522,4
"Capillaries","ExNeuron3","Fibroblast",0.523707435713793,0.476292564286207,0.962817976633251,4
"Capillaries","ExNeuron3","InhNeuron1",-0.871598301096644,0.128401698903356,0.861026163924181,4
"Capillaries","ExNeuron3","InhNeuron2",-0.209338603888532,0.790661396111468,0.978129697828557,4
"Capillaries","ExNeuron3","InhNeuron3",-0.916317550042407,0.0836824499575933,0.861026163924181,4
"Capillaries","ExNeuron3","InhNeuron4",-0.722893487870356,0.277106512129644,0.888130395349879,4
"Capillaries","ExNeuron3","InhNeuron5",-0.843410832410213,0.156589167589787,0.861026163924181,4
"Capillaries","ExNeuron3","Microglia1",0.422706457528759,0.577293542471241,0.978129697828557,4
"Capillaries","ExNeuron3","Microglia2",0.874817935998243,0.125182064001757,0.861026163924181,4
"Capillaries","ExNeuron3","Microglia3",0.145762915715413,0.854237084284587,0.983016474529462,4
"Capillaries","ExNeuron3","Microglia4",0.811293250009955,0.188706749990045,0.876432167181593,4
"Capillaries","ExNeuron3","Microglia5",0.373480736702659,0.626519263297341,0.978129697828557,4
"Capillaries","ExNeuron3","Oligodendrocytes1",0.685705924675171,0.314294075324829,0.91632216327098,4
"Capillaries","ExNeuron3","Oligodendrocytes2",0.207723235503752,0.792276764496248,0.978129697828557,4
"Capillaries","ExNeuron3","Oligodendrocytes3",0.120165323044697,0.879834676955303,0.983016474529462,4
"Capillaries","ExNeuron3","Oligodendrocytes4",0.798598362146655,0.201401637853345,0.876432167181593,4
"Capillaries","ExNeuron3","Oligodendrocytes5",0.648908848115897,0.351091151884103,0.935670601527288,4
"Capillaries","ExNeuron3","Oligodendrocytes6",0.50573729843628,0.49426270156372,0.973718490800513,4
"Capillaries","ExNeuron3","Oligodendrocytes7",0.460945679990332,0.539054320009668,0.978129697828557,4
"Capillaries","ExNeuron3","Oligodendrocytes8",-0.719303114934916,0.280696885065083,0.888398984352234,4
"Capillaries","ExNeuron3","OPC1",-0.17379250266701,0.82620749733299,0.978839769868374,4
"Capillaries","ExNeuron3","OPC2",0.0685517858394986,0.931448214160501,0.988768104262686,4
"Capillaries","ExNeuron3","OPC3",-0.381234251388728,0.618765748611272,0.978129697828557,4
"Capillaries","ExNeuron3","Pericytes",-0.431062815919274,0.568937184080726,0.978129697828557,4
"Capillaries","ExNeuron3","SMC",0.53999534656143,0.46000465343857,0.95411786835455,4
"Capillaries","ExNeuron3","VLMC1",-0.306206555557731,0.693793444442269,0.978129697828557,4
"Capillaries","ExNeuron3","VLMC2",-0.394889896601178,0.605110103398822,0.978129697828557,4
"Capillaries","ExNeuron4","ExNeuron5",-0.946701946246179,0.0532980537538214,0.861026163924181,4
"Capillaries","ExNeuron4","ExNeuron6",-0.350927228952542,0.649072771047458,0.978129697828557,4
"Capillaries","ExNeuron4","ExNeuron7",0.413645029587021,0.586354970412979,0.978129697828557,4
"Capillaries","ExNeuron4","ExNeuron8",-0.911309710369838,0.088690289630162,0.861026163924181,4
"Capillaries","ExNeuron4","ExNeuron9",-0.807276739279912,0.192723260720088,0.876432167181593,4
"Capillaries","ExNeuron4","Fibroblast",-0.0317330541603422,0.968266945839658,0.998828416088917,4
"Capillaries","ExNeuron4","InhNeuron1",-0.87337883473111,0.12662116526889,0.861026163924181,4
"Capillaries","ExNeuron4","InhNeuron2",-0.735888049475341,0.264111950524658,0.878957777469522,4
"Capillaries","ExNeuron4","InhNeuron3",-0.790351372156885,0.209648627843115,0.876432167181593,4
"Capillaries","ExNeuron4","InhNeuron4",-0.962946303369866,0.0370536966301345,0.861026163924181,4
"Capillaries","ExNeuron4","InhNeuron5",-0.649567821665155,0.350432178334845,0.935670601527288,4
"Capillaries","ExNeuron4","Microglia1",-0.219800136271235,0.780199863728765,0.978129697828557,4
"Capillaries","ExNeuron4","Microglia2",0.304461343437903,0.695538656562096,0.978129697828557,4
"Capillaries","ExNeuron4","Microglia3",-0.432589975932816,0.567410024067184,0.978129697828557,4
"Capillaries","ExNeuron4","Microglia4",0.838854683267846,0.161145316732154,0.861026163924181,4
"Capillaries","ExNeuron4","Microglia5",-0.133522672147555,0.866477327852445,0.983016474529462,4
"Capillaries","ExNeuron4","Oligodendrocytes1",0.996148801357742,0.00385119864225779,0.481429696302148,4
"Capillaries","ExNeuron4","Oligodendrocytes2",-0.20828850460017,0.79171149539983,0.978129697828557,4
"Capillaries","ExNeuron4","Oligodendrocytes3",0.00624561629819237,0.993754383701808,0.998828416088917,4
"Capillaries","ExNeuron4","Oligodendrocytes4",0.826802825776154,0.173197174223846,0.872973155245753,4
"Capillaries","ExNeuron4","Oligodendrocytes5",0.582547479453937,0.417452520546063,0.945434045438021,4
"Capillaries","ExNeuron4","Oligodendrocytes6",0.868843520322785,0.131156479677214,0.861026163924181,4
"Capillaries","ExNeuron4","Oligodendrocytes7",0.740516875700335,0.259483124299665,0.877663508660631,4
"Capillaries","ExNeuron4","Oligodendrocytes8",0.098508069393539,0.901491930606461,0.983049183368257,4
"Capillaries","ExNeuron4","OPC1",-0.4728745893615,0.5271254106385,0.978129697828557,4
"Capillaries","ExNeuron4","OPC2",0.387369914701384,0.612630085298616,0.978129697828557,4
"Capillaries","ExNeuron4","OPC3",-0.722288172160245,0.277711827839755,0.888130395349879,4
"Capillaries","ExNeuron4","Pericytes",-0.730836139317337,0.269163860682663,0.881526978119861,4
"Capillaries","ExNeuron4","SMC",-0.300860791834699,0.699139208165301,0.978129697828557,4
"Capillaries","ExNeuron4","VLMC1",-0.895284499217254,0.104715500782746,0.861026163924181,4
"Capillaries","ExNeuron4","VLMC2",-0.4331462785989,0.5668537214011,0.978129697828557,4
"Capillaries","ExNeuron5","ExNeuron6",0.41382263047033,0.58617736952967,0.978129697828557,4
"Capillaries","ExNeuron5","ExNeuron7",-0.211115450143654,0.788884549856346,0.978129697828557,4
"Capillaries","ExNeuron5","ExNeuron8",0.959278541665209,0.0407214583347913,0.861026163924181,4
"Capillaries","ExNeuron5","ExNeuron9",0.785331617926406,0.214668382073594,0.876432167181593,4
"Capillaries","ExNeuron5","Fibroblast",-0.0780407260336761,0.921959273966324,0.987160723672726,4
"Capillaries","ExNeuron5","InhNeuron1",0.982848349116777,0.0171516508832235,0.861026163924181,4
"Capillaries","ExNeuron5","InhNeuron2",0.524914949282115,0.475085050717885,0.962817976633251,4
"Capillaries","ExNeuron5","InhNeuron3",0.870336501159756,0.129663498840244,0.861026163924181,4
"Capillaries","ExNeuron5","InhNeuron4",0.987404230573941,0.0125957694260592,0.861026163924181,4
"Capillaries","ExNeuron5","InhNeuron5",0.847690308142218,0.152309691857782,0.861026163924181,4
"Capillaries","ExNeuron5","Microglia1",-0.0893219919831157,0.910678008016884,0.983049183368257,4
"Capillaries","ExNeuron5","Microglia2",-0.595016141641209,0.404983858358791,0.942262003834395,4
"Capillaries","ExNeuron5","Microglia3",0.157849861293821,0.842150138706179,0.983016474529462,4
"Capillaries","ExNeuron5","Microglia4",-0.955820135347783,0.0441798646522167,0.861026163924181,4
"Capillaries","ExNeuron5","Microglia5",-0.150552904559882,0.849447095440118,0.983016474529462,4
"Capillaries","ExNeuron5","Oligodendrocytes1",-0.96680976500295,0.0331902349970498,0.861026163924181,4
"Capillaries","ExNeuron5","Oligodendrocytes2",0.187331808037113,0.812668191962887,0.978129697828557,4
"Capillaries","ExNeuron5","Oligodendrocytes3",-0.180270220638315,0.819729779361685,0.978129697828557,4
"Capillaries","ExNeuron5","Oligodendrocytes4",-0.9464514795454,0.0535485204546,0.861026163924181,4
"Capillaries","ExNeuron5","Oligodendrocytes5",-0.755153881319518,0.244846118680482,0.876432167181593,4
"Capillaries","ExNeuron5","Oligodendrocytes6",-0.875440492420213,0.124559507579787,0.861026163924181,4
"Capillaries","ExNeuron5","Oligodendrocytes7",-0.790617333093519,0.209382666906481,0.876432167181593,4
"Capillaries","ExNeuron5","Oligodendrocytes8",0.194909491540298,0.805090508459702,0.978129697828557,4
"Capillaries","ExNeuron5","OPC1",0.517778433345911,0.482221566654089,0.971010353087514,4
"Capillaries","ExNeuron5","OPC2",-0.183995295238995,0.816004704761005,0.978129697828557,4
"Capillaries","ExNeuron5","OPC3",0.749646840801976,0.250353159198024,0.876432167181593,4
"Capillaries","ExNeuron5","Pericytes",0.773827776683203,0.226172223316796,0.876432167181593,4
"Capillaries","ExNeuron5","SMC",0.0429813254956928,0.957018674504307,0.998828416088917,4
"Capillaries","ExNeuron5","VLMC1",0.795754688028209,0.20424531197179,0.876432167181593,4
"Capillaries","ExNeuron5","VLMC2",0.574661574741534,0.425338425258466,0.946141929522214,4
"Capillaries","ExNeuron6","ExNeuron7",0.643686680997684,0.356313319002316,0.935670601527288,4
"Capillaries","ExNeuron6","ExNeuron8",0.650209494846201,0.349790505153799,0.935670601527288,4
"Capillaries","ExNeuron6","ExNeuron9",0.828625739191517,0.171374260808482,0.872973155245753,4
"Capillaries","ExNeuron6","Fibroblast",-0.922605473079489,0.0773945269205111,0.861026163924181,4
"Capillaries","ExNeuron6","InhNeuron1",0.383219082455636,0.616780917544364,0.978129697828557,4
"Capillaries","ExNeuron6","InhNeuron2",0.499379405609638,0.500620594390362,0.978129697828557,4
"Capillaries","ExNeuron6","InhNeuron3",0.807260439997493,0.192739560002507,0.876432167181593,4
"Capillaries","ExNeuron6","InhNeuron4",0.27865885660423,0.72134114339577,0.978129697828557,4
"Capillaries","ExNeuron6","InhNeuron5",0.197711974265742,0.802288025734258,0.978129697828557,4
"Capillaries","ExNeuron6","Microglia1",0.127157025225379,0.872842974774621,0.983016474529462,4
"Capillaries","ExNeuron6","Microglia2",-0.361373828380065,0.638626171619935,0.978129697828557,4
"Capillaries","ExNeuron6","Microglia3",0.359382898489625,0.640617101510375,0.978129697828557,4
"Capillaries","ExNeuron6","Microglia4",-0.231580083202227,0.768419916797773,0.978129697828557,4
"Capillaries","ExNeuron6","Microglia5",0.273311084002837,0.726688915997162,0.978129697828557,4
"Capillaries","ExNeuron6","Oligodendrocytes1",-0.411012381429801,0.588987618570199,0.978129697828557,4
"Capillaries","ExNeuron6","Oligodendrocytes2",-0.815938654143101,0.184061345856899,0.876432167181593,4
"Capillaries","ExNeuron6","Oligodendrocytes3",0.618660329681767,0.381339670318233,0.942262003834395,4
"Capillaries","ExNeuron6","Oligodendrocytes4",-0.201664968986409,0.798335031013591,0.978129697828557,4
"Capillaries","ExNeuron6","Oligodendrocytes5",0.0958634604525108,0.904136539547489,0.983049183368257,4
"Capillaries","ExNeuron6","Oligodendrocytes6",0.0745300060572315,0.925469993942769,0.987486024464707,4
"Capillaries","ExNeuron6","Oligodendrocytes7",0.221229738513398,0.778770261486601,0.978129697828557,4
"Capillaries","ExNeuron6","Oligodendrocytes8",0.584957348118885,0.415042651881115,0.945434045438021,4
"Capillaries","ExNeuron6","OPC1",-0.548630688238791,0.451369311761209,0.949368973703671,4
"Capillaries","ExNeuron6","OPC2",-0.647364687624863,0.352635312375137,0.935670601527288,4
"Capillaries","ExNeuron6","OPC3",-0.290332121352343,0.709667878647657,0.978129697828557,4
"Capillaries","ExNeuron6","Pericytes",-0.250060802734005,0.749939197265995,0.978129697828557,4
"Capillaries","ExNeuron6","SMC",-0.614710498720397,0.385289501279603,0.942262003834395,4
"Capillaries","ExNeuron6","VLMC1",-0.101083268644536,0.898916731355464,0.983049183368257,4
"Capillaries","ExNeuron6","VLMC2",-0.387867551544216,0.612132448455784,0.978129697828557,4
"Capillaries","ExNeuron7","ExNeuron8",-0.00645537373098661,0.993544626269013,0.998828416088917,4
"Capillaries","ExNeuron7","ExNeuron9",0.123639522011036,0.876360477988964,0.983016474529462,4
"Capillaries","ExNeuron7","Fibroblast",-0.876747173892012,0.123252826107988,0.861026163924181,4
"Capillaries","ExNeuron7","InhNeuron1",-0.126470337098613,0.873529662901387,0.983016474529462,4
"Capillaries","ExNeuron7","InhNeuron2",-0.303688643578131,0.696311356421869,0.978129697828557,4
"Capillaries","ExNeuron7","InhNeuron3",0.230853541176215,0.769146458823785,0.978129697828557,4
"Capillaries","ExNeuron7","InhNeuron4",-0.361113926205306,0.638886073794694,0.978129697828557,4
"Capillaries","ExNeuron7","InhNeuron5",-0.0336081993991746,0.966391800600825,0.998828416088917,4
"Capillaries","ExNeuron7","Microglia1",-0.382254647645049,0.617745352354951,0.978129697828557,4
"Capillaries","ExNeuron7","Microglia2",-0.418264612188785,0.581735387811215,0.978129697828557,4
"Capillaries","ExNeuron7","Microglia3",-0.29394830374116,0.70605169625884,0.978129697828557,4
"Capillaries","ExNeuron7","Microglia4",0.216955050702053,0.783044949297947,0.978129697828557,4
"Capillaries","ExNeuron7","Microglia5",-0.183355758672944,0.816644241327056,0.978129697828557,4
"Capillaries","ExNeuron7","Oligodendrocytes1",0.33669823521175,0.66330176478825,0.978129697828557,4
"Capillaries","ExNeuron7","Oligodendrocytes2",-0.804816355667314,0.195183644332686,0.876432167181593,4
"Capillaries","ExNeuron7","Oligodendrocytes3",0.302650061289388,0.697349938710612,0.978129697828557,4
"Capillaries","ExNeuron7","Oligodendrocytes4",0.23014374295149,0.76985625704851,0.978129697828557,4
"Capillaries","ExNeuron7","Oligodendrocytes5",0.25324371845901,0.74675628154099,0.978129697828557,4
"Capillaries","ExNeuron7","Oligodendrocytes6",0.602518370276905,0.397481629723095,0.942262003834395,4
"Capillaries","ExNeuron7","Oligodendrocytes7",0.589540624749359,0.410459375250641,0.945434045438021,4
"Capillaries","ExNeuron7","Oligodendrocytes8",0.854767325003617,0.145232674996383,0.861026163924181,4
"Capillaries","ExNeuron7","OPC1",-0.686353935349629,0.313646064650371,0.91632216327098,4
"Capillaries","ExNeuron7","OPC2",-0.0434069952556083,0.956593004744392,0.998828416088917,4
"Capillaries","ExNeuron7","OPC3",-0.658319158379791,0.341680841620209,0.935670601527288,4
"Capillaries","ExNeuron7","Pericytes",-0.614271985109499,0.385728014890501,0.942262003834395,4
"Capillaries","ExNeuron7","SMC",-0.967100073500458,0.0328999264995417,0.861026163924181,4
"Capillaries","ExNeuron7","VLMC1",-0.758578606598203,0.241421393401797,0.876432167181593,4
"Capillaries","ExNeuron7","VLMC2",-0.425635984818362,0.574364015181638,0.978129697828557,4
"Capillaries","ExNeuron8","ExNeuron9",0.920867523061219,0.0791324769387809,0.861026163924181,4
"Capillaries","ExNeuron8","Fibroblast",-0.337421946203143,0.662578053796857,0.978129697828557,4
"Capillaries","ExNeuron8","InhNeuron1",0.926690584796191,0.0733094152038094,0.861026163924181,4
"Capillaries","ExNeuron8","InhNeuron2",0.628621551783335,0.371378448216665,0.942262003834395,4
"Capillaries","ExNeuron8","InhNeuron3",0.96973477520887,0.0302652247911297,0.861026163924181,4
"Capillaries","ExNeuron8","InhNeuron4",0.910832242623294,0.0891677573767062,0.861026163924181,4
"Capillaries","ExNeuron8","InhNeuron5",0.741727718849869,0.258272281150131,0.876432167181593,4
"Capillaries","ExNeuron8","Microglia1",0.0124888139124541,0.987511186087546,0.998828416088917,4
"Capillaries","ExNeuron8","Microglia2",-0.567057779909656,0.432942220090344,0.946141929522214,4
"Capillaries","ExNeuron8","Microglia3",0.287025383732011,0.712974616267989,0.978129697828557,4
"Capillaries","ExNeuron8","Microglia4",-0.855407587408275,0.144592412591725,0.861026163924181,4
"Capillaries","ExNeuron8","Microglia5",0.00310135558419062,0.996898644415809,0.999428070664784,4
"Capillaries","ExNeuron8","Oligodendrocytes1",-0.943290329582318,0.0567096704176825,0.861026163924181,4
"Capillaries","ExNeuron8","Oligodendrocytes2",-0.0953196361470587,0.904680363852941,0.983049183368257,4
"Capillaries","ExNeuron8","Oligodendrocytes3",0.0694294818790112,0.930570518120989,0.988768104262686,4
"Capillaries","ExNeuron8","Oligodendrocytes4",-0.837777679260661,0.162222320739338,0.861026163924181,4
"Capillaries","ExNeuron8","Oligodendrocytes5",-0.576184262303455,0.423815737696545,0.946141929522214,4
"Capillaries","ExNeuron8","Oligodendrocytes6",-0.709166937746767,0.290833062253232,0.893211333626396,4
"Capillaries","ExNeuron8","Oligodendrocytes7",-0.585470649863275,0.414529350136725,0.945434045438021,4
"Capillaries","ExNeuron8","Oligodendrocytes8",0.301387084445965,0.698612915554035,0.978129697828557,4
"Capillaries","ExNeuron8","OPC1",0.255139026512069,0.744860973487931,0.978129697828557,4
"Capillaries","ExNeuron8","OPC2",-0.388142055697312,0.611857944302688,0.978129697828557,4
"Capillaries","ExNeuron8","OPC3",0.532998741310258,0.467001258689742,0.957121391572046,4
"Capillaries","ExNeuron8","Pericytes",0.563467379119594,0.436532620880406,0.946141929522214,4
"Capillaries","ExNeuron8","SMC",-0.116840882138046,0.883159117861954,0.983016474529462,4
"Capillaries","ExNeuron8","VLMC1",0.650396239512333,0.349603760487667,0.935670601527288,4
"Capillaries","ExNeuron8","VLMC2",0.338292751585723,0.661707248414277,0.978129697828557,4
"Capillaries","ExNeuron9","Fibroblast",-0.548557819987478,0.451442180012522,0.949368973703671,4
"Capillaries","ExNeuron9","InhNeuron1",0.706845561751916,0.293154438248084,0.895029037129106,4
"Capillaries","ExNeuron9","InhNeuron2",0.803942896117594,0.196057103882406,0.876432167181593,4
"Capillaries","ExNeuron9","InhNeuron3",0.945131849188079,0.0548681508119214,0.861026163924181,4
"Capillaries","ExNeuron9","InhNeuron4",0.715425176510759,0.28457482348924,0.889833662572096,4
"Capillaries","ExNeuron9","InhNeuron5",0.432902818361164,0.567097181638836,0.978129697828557,4
"Capillaries","ExNeuron9","Microglia1",0.301739377146834,0.698260622853166,0.978129697828557,4
"Capillaries","ExNeuron9","Microglia2",-0.316743820214148,0.683256179785852,0.978129697828557,4
"Capillaries","ExNeuron9","Microglia3",0.56192160556752,0.43807839443248,0.946141929522214,4
"Capillaries","ExNeuron9","Microglia4",-0.586451990843197,0.413548009156803,0.945434045438021,4
"Capillaries","ExNeuron9","Microglia5",0.34057245022325,0.65942754977675,0.978129697828557,4
"Capillaries","ExNeuron9","Oligodendrocytes1",-0.836811963770986,0.163188036229014,0.861732742331783,4
"Capillaries","ExNeuron9","Oligodendrocytes2",-0.407244027790439,0.592755972209561,0.978129697828557,4
"Capillaries","ExNeuron9","Oligodendrocytes3",0.452693896374601,0.547306103625399,0.978129697828557,4
"Capillaries","ExNeuron9","Oligodendrocytes4",-0.559381246348109,0.440618753651891,0.946141929522214,4
"Capillaries","ExNeuron9","Oligodendrocytes5",-0.212066335885121,0.787933664114879,0.978129697828557,4
"Capillaries","ExNeuron9","Oligodendrocytes6",-0.438206602098326,0.561793397901674,0.978129697828557,4
"Capillaries","ExNeuron9","Oligodendrocytes7",-0.257153102265552,0.742846897734448,0.978129697828557,4
"Capillaries","ExNeuron9","Oligodendrocytes8",0.234656299963658,0.765343700036342,0.978129697828557,4
"Capillaries","ExNeuron9","OPC1",-0.10481190304881,0.89518809695119,0.983049183368257,4
"Capillaries","ExNeuron9","OPC2",-0.701837305063166,0.298162694936834,0.901825589780437,4
"Capillaries","ExNeuron9","OPC3",0.208955305352224,0.791044694647776,0.978129697828557,4
"Capillaries","ExNeuron9","Pericytes",0.235142395128916,0.764857604871084,0.978129697828557,4
"Capillaries","ExNeuron9","SMC",-0.151153007034756,0.848846992965244,0.983016474529462,4
"Capillaries","ExNeuron9","VLMC1",0.468544824563682,0.531455175436318,0.978129697828557,4
"Capillaries","ExNeuron9","VLMC2",-0.0523678962561945,0.947632103743806,0.997148850281209,4
"Capillaries","Fibroblast","InhNeuron1",-0.0867949415659355,0.913205058434065,0.983461581229934,4
"Capillaries","Fibroblast","InhNeuron2",-0.190639859093526,0.809360140906474,0.978129697828557,4
"Capillaries","Fibroblast","InhNeuron3",-0.555245984144792,0.444754015855208,0.949114240020907,4
"Capillaries","Fibroblast","InhNeuron4",0.0757542130869943,0.924245786913006,0.987197512337421,4
"Capillaries","Fibroblast","InhNeuron5",0.000909278916319338,0.999090721083681,0.999428070664784,4
"Capillaries","Fibroblast","Microglia1",0.0202649424051062,0.979735057594894,0.998828416088917,4
"Capillaries","Fibroblast","Microglia2",0.323762350846334,0.676237649153666,0.978129697828557,4
"Capillaries","Fibroblast","Microglia3",-0.147601288433662,0.852398711566338,0.983016474529462,4
"Capillaries","Fibroblast","Microglia4",-0.0565782900489316,0.943421709951068,0.996931821806511,4
"Capillaries","Fibroblast","Microglia5",-0.171239104627216,0.828760895372784,0.979186674327433,4
"Capillaries","Fibroblast","Oligodendrocytes1",0.0377862058283083,0.962213794171692,0.998828416088917,4
"Capillaries","Fibroblast","Oligodendrocytes2",0.937265807568097,0.062734192431903,0.861026163924181,4
"Capillaries","Fibroblast","Oligodendrocytes3",-0.610181995019655,0.389818004980345,0.942262003834395,4
"Capillaries","Fibroblast","Oligodendrocytes4",-0.0825717732675075,0.917428226732492,0.983977424526559,4
"Capillaries","Fibroblast","Oligodendrocytes5",-0.287232239920754,0.712767760079246,0.978129697828557,4
"Capillaries","Fibroblast","Oligodendrocytes6",-0.412182158890846,0.587817841109154,0.978129697828557,4
"Capillaries","Fibroblast","Oligodendrocytes7",-0.506209126878045,0.493790873121955,0.973718490800513,4
"Capillaries","Fibroblast","Oligodendrocytes8",-0.713641670621122,0.286358329378877,0.890392517531091,4
"Capillaries","Fibroblast","OPC1",0.745843130575662,0.254156869424338,0.876432167181593,4
"Capillaries","Fibroblast","OPC2",0.481564872466663,0.518435127533337,0.978129697828557,4
"Capillaries","Fibroblast","OPC3",0.576343914760765,0.423656085239235,0.946141929522214,4
"Capillaries","Fibroblast","Pericytes",0.534144516588084,0.465855483411916,0.957121391572046,4
"Capillaries","Fibroblast","SMC",0.815091503370834,0.184908496629166,0.876432167181593,4
"Capillaries","Fibroblast","VLMC1",0.473517699868233,0.526482300131767,0.978129697828557,4
"Capillaries","Fibroblast","VLMC2",0.541303278280891,0.458696721719108,0.953315475862003,4
"Capillaries","InhNeuron1","InhNeuron2",0.36315953862749,0.63684046137251,0.978129697828557,4
"Capillaries","InhNeuron1","InhNeuron3",0.849348811357215,0.150651188642785,0.861026163924181,4
"Capillaries","InhNeuron1","InhNeuron4",0.961694783301627,0.0383052166983733,0.861026163924181,4
"Capillaries","InhNeuron1","InhNeuron5",0.929364873063955,0.0706351269360451,0.861026163924181,4
"Capillaries","InhNeuron1","Microglia1",-0.271310040887251,0.728689959112749,0.978129697828557,4
"Capillaries","InhNeuron1","Microglia2",-0.726473601973677,0.273526398026323,0.887460256919262,4
"Capillaries","InhNeuron1","Microglia3",-0.0235878033767766,0.976412196623223,0.998828416088917,4
"Capillaries","InhNeuron1","Microglia4",-0.986497059657591,0.0135029403424088,0.861026163924181,4
"Capillaries","InhNeuron1","Microglia5",-0.3249861706503,0.6750138293497,0.978129697828557,4
"Capillaries","InhNeuron1","Oligodendrocytes1",-0.903315437449035,0.0966845625509654,0.861026163924181,4
"Capillaries","InhNeuron1","Oligodendrocytes2",0.216951818810218,0.783048181189782,0.978129697828557,4
"Capillaries","InhNeuron1","Oligodendrocytes3",-0.310520225109832,0.689479774890168,0.978129697828557,4
"Capillaries","InhNeuron1","Oligodendrocytes4",-0.980584024008947,0.0194159759910526,0.861026163924181,4
"Capillaries","InhNeuron1","Oligodendrocytes5",-0.841074033088316,0.158925966911684,0.861026163924181,4
"Capillaries","InhNeuron1","Oligodendrocytes6",-0.862202549140047,0.137797450859953,0.861026163924181,4
"Capillaries","InhNeuron1","Oligodendrocytes7",-0.812639800123515,0.187360199876485,0.876432167181593,4
"Capillaries","InhNeuron1","Oligodendrocytes8",0.325060234215817,0.674939765784183,0.978129697828557,4
"Capillaries","InhNeuron1","OPC1",0.561964839898948,0.438035160101052,0.946141929522214,4
"Capillaries","InhNeuron1","OPC2",-0.0264856164921285,0.973514383507871,0.998828416088917,4
"Capillaries","InhNeuron1","OPC3",0.763553424941377,0.236446575058623,0.876432167181593,4
"Capillaries","InhNeuron1","Pericytes",0.79381894641749,0.20618105358251,0.876432167181593,4
"Capillaries","InhNeuron1","SMC",-0.0709112276421803,0.92908877235782,0.988768104262686,4
"Capillaries","InhNeuron1","VLMC1",0.725197919400225,0.274802080599775,0.888130395349879,4
"Capillaries","InhNeuron1","VLMC2",0.66368000247693,0.33631999752307,0.933220368462138,4
"Capillaries","InhNeuron2","InhNeuron3",0.580327869984614,0.419672130015386,0.946141929522214,4
"Capillaries","InhNeuron2","InhNeuron4",0.528150811760683,0.471849188239317,0.962817976633251,4
"Capillaries","InhNeuron2","InhNeuron5",-0.00599684195982185,0.994003158040178,0.998828416088917,4
"Capillaries","InhNeuron2","Microglia1",0.785497142237883,0.214502857762116,0.876432167181593,4
"Capillaries","InhNeuron2","Microglia2",0.277644444503348,0.722355555496652,0.978129697828557,4
"Capillaries","InhNeuron2","Microglia3",0.922687355544858,0.0773126444551415,0.861026163924181,4
"Capillaries","InhNeuron2","Microglia4",-0.261742489019448,0.738257510980552,0.978129697828557,4
"Capillaries","InhNeuron2","Microglia5",0.762388278149141,0.237611721850859,0.876432167181593,4
"Capillaries","InhNeuron2","Oligodendrocytes1",-0.71352588566391,0.28647411433609,0.890392517531091,4
"Capillaries","InhNeuron2","Oligodendrocytes2",-0.238380229652127,0.761619770347873,0.978129697828557,4
"Capillaries","InhNeuron2","Oligodendrocytes3",0.634916488965744,0.365083511034256,0.940329958586646,4
"Capillaries","InhNeuron2","Oligodendrocytes4",-0.236861599117733,0.763138400882267,0.978129697828557,4
"Capillaries","InhNeuron2","Oligodendrocytes5",0.121591910384275,0.878408089615724,0.983016474529462,4
"Capillaries","InhNeuron2","Oligodendrocytes6",-0.35688491853385,0.64311508146615,0.978129697828557,4
"Capillaries","InhNeuron2","Oligodendrocytes7",-0.141346447828511,0.858653552171489,0.983016474529462,4
"Capillaries","InhNeuron2","Oligodendrocytes8",-0.367626209588169,0.632373790411831,0.978129697828557,4
"Capillaries","InhNeuron2","OPC1",-0.12439122188378,0.87560877811622,0.983016474529462,4
"Capillaries","InhNeuron2","OPC2",-0.890821683924516,0.109178316075484,0.861026163924181,4
"Capillaries","InhNeuron2","OPC3",0.146791303998473,0.853208696001527,0.983016474529462,4
"Capillaries","InhNeuron2","Pericytes",0.137846126483059,0.862153873516941,0.983016474529462,4
"Capillaries","InhNeuron2","SMC",0.376342397781406,0.623657602218594,0.978129697828557,4
"Capillaries","InhNeuron2","VLMC1",0.571224013737178,0.428775986262822,0.946141929522214,4
"Capillaries","InhNeuron2","VLMC2",-0.263574395862063,0.736425604137937,0.978129697828557,4
"Capillaries","InhNeuron3","InhNeuron4",0.786793459612505,0.213206540387494,0.876432167181593,4
"Capillaries","InhNeuron3","InhNeuron5",0.673434693499382,0.326565306500618,0.931115956551348,4
"Capillaries","InhNeuron3","Microglia1",-0.0247183405010014,0.975281659498999,0.998828416088917,4
"Capillaries","InhNeuron3","Microglia2",-0.608760748292349,0.391239251707651,0.942262003834395,4
"Capillaries","InhNeuron3","Microglia3",0.26218781579379,0.73781218420621,0.978129697828557,4
"Capillaries","InhNeuron3","Microglia4",-0.751855476735985,0.248144523264015,0.876432167181593,4
"Capillaries","InhNeuron3","Microglia5",0.0167648193696816,0.983235180630318,0.998828416088917,4
"Capillaries","InhNeuron3","Oligodendrocytes1",-0.838089465385894,0.161910534614106,0.861026163924181,4
"Capillaries","InhNeuron3","Oligodendrocytes2",-0.317475900766331,0.682524099233669,0.978129697828557,4
"Capillaries","InhNeuron3","Oligodendrocytes3",0.19453134328659,0.80546865671341,0.978129697828557,4
"Capillaries","InhNeuron3","Oligodendrocytes4",-0.730162138493592,0.269837861506407,0.881526978119861,4
"Capillaries","InhNeuron3","Oligodendrocytes5",-0.454267257448708,0.545732742551292,0.978129697828557,4
"Capillaries","InhNeuron3","Oligodendrocytes6",-0.524171357634379,0.475828642365621,0.962817976633251,4
"Capillaries","InhNeuron3","Oligodendrocytes7",-0.396226033837736,0.603773966162264,0.978129697828557,4
"Capillaries","InhNeuron3","Oligodendrocytes8",0.471045651748125,0.528954348251875,0.978129697828557,4
"Capillaries","InhNeuron3","OPC1",0.045312750956174,0.954687249043826,0.998828416088917,4
"Capillaries","InhNeuron3","OPC2",-0.440868508692209,0.559131491307791,0.978129697828557,4
"Capillaries","InhNeuron3","OPC3",0.33039027139224,0.66960972860776,0.978129697828557,4
"Capillaries","InhNeuron3","Pericytes",0.369224116587398,0.630775883412602,0.978129697828557,4
"Capillaries","InhNeuron3","SMC",-0.329844208540225,0.670155791459775,0.978129697828557,4
"Capillaries","InhNeuron3","VLMC1",0.446665436059256,0.553334563940744,0.978129697828557,4
"Capillaries","InhNeuron3","VLMC2",0.178718884155754,0.821281115844246,0.978129697828557,4
"Capillaries","InhNeuron4","InhNeuron5",0.826685376275164,0.173314623724836,0.872973155245753,4
"Capillaries","InhNeuron4","Microglia1",-0.0470920469286438,0.952907953071356,0.998828416088917,4
"Capillaries","InhNeuron4","Microglia2",-0.515308623373954,0.484691376626046,0.972201491708664,4
"Capillaries","InhNeuron4","Microglia3",0.173424194333373,0.826575805666627,0.978839769868374,4
"Capillaries","InhNeuron4","Microglia4",-0.953638429560594,0.0463615704394061,0.861026163924181,4
"Capillaries","InhNeuron4","Microglia5",-0.138690751268434,0.861309248731566,0.983016474529462,4
"Capillaries","InhNeuron4","Oligodendrocytes1",-0.97033363025786,0.0296663697421404,0.861026163924181,4
"Capillaries","InhNeuron4","Oligodendrocytes2",0.3222707312819,0.6777292687181,0.978129697828557,4
"Capillaries","InhNeuron4","Oligodendrocytes3",-0.244225088293767,0.755774911706233,0.978129697828557,4
"Capillaries","InhNeuron4","Oligodendrocytes4",-0.9475153640015,0.0524846359984998,0.861026163924181,4
"Capillaries","InhNeuron4","Oligodendrocytes5",-0.777055966815232,0.222944033184768,0.876432167181593,4
"Capillaries","InhNeuron4","Oligodendrocytes6",-0.93687220263775,0.0631277973622498,0.861026163924181,4
"Capillaries","InhNeuron4","Oligodendrocytes7",-0.859166567558796,0.140833432441204,0.861026163924181,4
"Capillaries","InhNeuron4","Oligodendrocytes8",0.0581484450589545,0.941851554941046,0.996744743725953,4
"Capillaries","InhNeuron4","OPC1",0.619137519200448,0.380862480799552,0.942262003834395,4
"Capillaries","InhNeuron4","OPC2",-0.143733430394442,0.856266569605558,0.983016474529462,4
"Capillaries","InhNeuron4","OPC3",0.830737222160436,0.169262777839564,0.872973155245753,4
"Capillaries","InhNeuron4","Pericytes",0.847118470731096,0.152881529268903,0.861026163924181,4
"Capillaries","InhNeuron4","SMC",0.190606410020022,0.809393589979978,0.978129697828557,4
"Capillaries","InhNeuron4","VLMC1",0.879044995460202,0.120955004539798,0.861026163924181,4
"Capillaries","InhNeuron4","VLMC2",0.635214829726235,0.364785170273765,0.940329958586646,4
"Capillaries","InhNeuron5","Microglia1",-0.598879161084872,0.401120838915128,0.942262003834395,4
"Capillaries","InhNeuron5","Microglia2",-0.882458936254475,0.117541063745525,0.861026163924181,4
"Capillaries","InhNeuron5","Microglia3",-0.390002878116268,0.609997121883732,0.978129697828557,4
"Capillaries","InhNeuron5","Microglia4",-0.957410697248451,0.0425893027515489,0.861026163924181,4
"Capillaries","InhNeuron5","Microglia5",-0.651135878014213,0.348864121985787,0.935670601527288,4
"Capillaries","InhNeuron5","Oligodendrocytes1",-0.68912954675416,0.31087045324584,0.914828417427005,4
"Capillaries","InhNeuron5","Oligodendrocytes2",0.344476836053805,0.655523163946195,0.978129697828557,4
"Capillaries","InhNeuron5","Oligodendrocytes3",-0.59410003581658,0.40589996418342,0.942262003834395,4
"Capillaries","InhNeuron5","Oligodendrocytes4",-0.961322540947167,0.0386774590528334,0.861026163924181,4
"Capillaries","InhNeuron5","Oligodendrocytes5",-0.95608618001445,0.0439138199855501,0.861026163924181,4
"Capillaries","InhNeuron5","Oligodendrocytes6",-0.793546669993582,0.206453330006418,0.876432167181593,4
"Capillaries","InhNeuron5","Oligodendrocytes7",-0.826683116294622,0.173316883705378,0.872973155245753,4
"Capillaries","InhNeuron5","Oligodendrocytes8",0.479313580680981,0.520686419319019,0.978129697828557,4
"Capillaries","InhNeuron5","OPC1",0.666433537183158,0.333566462816842,0.933084564906571,4
"Capillaries","InhNeuron5","OPC2",0.330207606479632,0.669792393520368,0.978129697828557,4
"Capillaries","InhNeuron5","OPC3",0.773210978186986,0.226789021813014,0.876432167181593,4
"Capillaries","InhNeuron5","Pericytes",0.808392161199179,0.191607838800821,0.876432167181593,4
"Capillaries","InhNeuron5","SMC",-0.20795420166552,0.79204579833448,0.978129697828557,4
"Capillaries","InhNeuron5","VLMC1",0.56361067195978,0.43638932804022,0.946141929522214,4
"Capillaries","InhNeuron5","VLMC2",0.826248821274758,0.173751178725242,0.872973155245753,4
"Capillaries","Microglia1","Microglia2",0.807814774894671,0.192185225105329,0.876432167181593,4
"Capillaries","Microglia1","Microglia3",0.958189126928881,0.0418108730711194,0.861026163924181,4
"Capillaries","Microglia1","Microglia4",0.345409318730936,0.654590681269064,0.978129697828557,4
"Capillaries","Microglia1","Microglia5",0.978443798174849,0.0215562018251508,0.861026163924181,4
"Capillaries","Microglia1","Oligodendrocytes1",-0.165802515851801,0.834197484148199,0.982246184406582,4
"Capillaries","Microglia1","Oligodendrocytes2",-0.233858248141761,0.766141751858239,0.978129697828557,4
"Capillaries","Microglia1","Oligodendrocytes3",0.763220982539402,0.236779017460598,0.876432167181593,4
"Capillaries","Microglia1","Oligodendrocytes4",0.363442776499735,0.636557223500265,0.978129697828557,4
"Capillaries","Microglia1","Oligodendrocytes5",0.616587320706854,0.383412679293146,0.942262003834395,4
"Capillaries","Microglia1","Oligodendrocytes6",0.107771526315725,0.892228473684275,0.983049183368257,4
"Capillaries","Microglia1","Oligodendrocytes7",0.286664721591529,0.713335278408471,0.978129697828557,4
"Capillaries","Microglia1","Oligodendrocytes8",-0.710397967453399,0.289602032546601,0.893211333626396,4
"Capillaries","Microglia1","OPC1",-0.365929748033863,0.634070251966137,0.978129697828557,4
"Capillaries","Microglia1","OPC2",-0.837803130740656,0.162196869259344,0.861026163924181,4
"Capillaries","Microglia1","OPC3",-0.238090483081181,0.761909516918819,0.978129697828557,4
"Capillaries","Microglia1","Pericytes",-0.273727384965262,0.726272615034738,0.978129697828557,4
"Capillaries","Microglia1","SMC",0.574162061963018,0.425837938036982,0.946141929522214,4
"Capillaries","Microglia1","VLMC1",0.214458990007852,0.785541009992148,0.978129697828557,4
"Capillaries","Microglia1","VLMC2",-0.610449466679074,0.389550533320926,0.942262003834395,4
"Capillaries","Microglia2","Microglia3",0.605850885578163,0.394149114421837,0.942262003834395,4
"Capillaries","Microglia2","Microglia4",0.730336501511006,0.269663498488994,0.881526978119861,4
"Capillaries","Microglia2","Microglia5",0.771006092119792,0.228993907880208,0.876432167181593,4
"Capillaries","Microglia2","Oligodendrocytes1",0.374221020501757,0.625778979498243,0.978129697828557,4
"Capillaries","Microglia2","Oligodendrocytes2",-0.0198970917149783,0.980102908285022,0.998828416088917,4
"Capillaries","Microglia2","Oligodendrocytes3",0.505071446784397,0.494928553215603,0.973718490800513,4
"Capillaries","Microglia2","Oligodendrocytes4",0.732256287380055,0.267743712619945,0.881526978119861,4
"Capillaries","Microglia2","Oligodendrocytes5",0.772013705806888,0.227986294193112,0.876432167181593,4
"Capillaries","Microglia2","Oligodendrocytes6",0.414087160276544,0.585912839723456,0.978129697828557,4
"Capillaries","Microglia2","Oligodendrocytes7",0.481294621045371,0.518705378954629,0.978129697828557,4
"Capillaries","Microglia2","Oligodendrocytes8",-0.828465751280947,0.171534248719053,0.872973155245753,4
"Capillaries","Microglia2","OPC1",-0.338705107238807,0.661294892761192,0.978129697828557,4
"Capillaries","Microglia2","OPC2",-0.411660100115153,0.588339899884847,0.978129697828557,4
"Capillaries","Microglia2","OPC3",-0.404910739471907,0.595089260528093,0.978129697828557,4
"Capillaries","Microglia2","Pericytes",-0.455485267322808,0.544514732677192,0.978129697828557,4
"Capillaries","Microglia2","SMC",0.632128367376477,0.367871632623523,0.940329958586646,4
"Capillaries","Microglia2","VLMC1",-0.113269749445835,0.886730250554165,0.983016474529462,4
"Capillaries","Microglia2","VLMC2",-0.607645317612122,0.392354682387878,0.942262003834395,4
"Capillaries","Microglia3","Microglia4",0.124082087340394,0.875917912659606,0.983016474529462,4
"Capillaries","Microglia3","Microglia5",0.951276650434873,0.0487233495651269,0.861026163924181,4
"Capillaries","Microglia3","Oligodendrocytes1",-0.394637809982447,0.605362190017553,0.978129697828557,4
"Capillaries","Microglia3","Oligodendrocytes2",-0.325737239341908,0.674262760658092,0.978129697828557,4
"Capillaries","Microglia3","Oligodendrocytes3",0.798464149448169,0.201535850551831,0.876432167181593,4
"Capillaries","Microglia3","Oligodendrocytes4",0.147863945002482,0.852136054997518,0.983016474529462,4
"Capillaries","Microglia3","Oligodendrocytes5",0.471774011053292,0.528225988946708,0.978129697828557,4
"Capillaries","Microglia3","Oligodendrocytes6",-0.0374279454031227,0.962572054596877,0.998828416088917,4
"Capillaries","Microglia3","Oligodendrocytes7",0.172140258469217,0.827859741530783,0.979186674327433,4
"Capillaries","Microglia3","Oligodendrocytes8",-0.545583839127326,0.454416160872674,0.949896891697869,4
"Capillaries","Microglia3","OPC1",-0.349576174231414,0.650423825768586,0.978129697828557,4
"Capillaries","Microglia3","OPC2",-0.937727364448618,0.0622726355513815,0.861026163924181,4
"Capillaries","Microglia3","OPC3",-0.144486636216986,0.855513363783014,0.983016474529462,4
"Capillaries","Microglia3","Pericytes",-0.167531208489268,0.832468791510732,0.981327106165841,4
"Capillaries","Microglia3","SMC",0.452293165704269,0.547706834295731,0.978129697828557,4
"Capillaries","Microglia3","VLMC1",0.326098432821918,0.673901567178082,0.978129697828557,4
"Capillaries","Microglia3","VLMC2",-0.545887438690395,0.454112561309605,0.949896891697869,4
"Capillaries","Microglia4","Microglia5",0.423399267718252,0.576600732281748,0.978129697828557,4
"Capillaries","Microglia4","Oligodendrocytes1",0.862644669207167,0.137355330792833,0.861026163924181,4
"Capillaries","Microglia4","Oligodendrocytes2",-0.365349316399765,0.634650683600235,0.978129697828557,4
"Capillaries","Microglia4","Oligodendrocytes3",0.454090347613033,0.545909652386967,0.978129697828557,4
"Capillaries","Microglia4","Oligodendrocytes4",0.999449071569419,0.000550928430580565,0.193017203058234,4
"Capillaries","Microglia4","Oligodendrocytes5",0.91363776049721,0.0863622395027897,0.861026163924181,4
"Capillaries","Microglia4","Oligodendrocytes6",0.909680426431071,0.0903195735689285,0.861026163924181,4
"Capillaries","Microglia4","Oligodendrocytes7",0.889665884340942,0.110334115659058,0.861026163924181,4
"Capillaries","Microglia4","Oligodendrocytes8",-0.27456520642733,0.72543479357267,0.978129697828557,4
"Capillaries","Microglia4","OPC1",-0.685821054205963,0.314178945794037,0.91632216327098,4
"Capillaries","Microglia4","OPC2",-0.112910736994669,0.887089263005331,0.983016474529462,4
"Capillaries","Microglia4","OPC3",-0.847721025299947,0.152278974700053,0.861026163924181,4
"Capillaries","Microglia4","Pericytes",-0.874207068923663,0.125792931076337,0.861026163924181,4
"Capillaries","Microglia4","SMC",0.000571929335216302,0.999428070664784,0.999428070664784,4
"Capillaries","Microglia4","VLMC1",-0.757812613498808,0.242187386501192,0.876432167181593,4
"Capillaries","Microglia4","VLMC2",-0.776274074012132,0.223725925987867,0.876432167181593,4
"Capillaries","Microglia5","Oligodendrocytes1",-0.0929748006998897,0.90702519930011,0.983049183368257,4
"Capillaries","Microglia5","Oligodendrocytes2",-0.427657452865963,0.572342547134037,0.978129697828557,4
"Capillaries","Microglia5","Oligodendrocytes3",0.878954311802743,0.121045688197257,0.861026163924181,4
"Capillaries","Microglia5","Oligodendrocytes4",0.445375481401191,0.554624518598809,0.978129697828557,4
"Capillaries","Microglia5","Oligodendrocytes5",0.71756555403915,0.28243444596085,0.888398984352234,4
"Capillaries","Microglia5","Oligodendrocytes6",0.255381979184409,0.744618020815591,0.978129697828557,4
"Capillaries","Microglia5","Oligodendrocytes7",0.441726983591111,0.558273016408889,0.978129697828557,4
"Capillaries","Microglia5","Oligodendrocytes8",-0.567584448664726,0.432415551335274,0.946141929522214,4
"Capillaries","Microglia5","OPC1",-0.544783711804693,0.455216288195307,0.949896891697869,4
"Capillaries","Microglia5","OPC2",-0.897634605865923,0.102365394134077,0.861026163924181,4
"Capillaries","Microglia5","OPC3",-0.404946148690394,0.595053851309606,0.978129697828557,4
"Capillaries","Microglia5","Pericytes",-0.433292290779898,0.566707709220102,0.978129697828557,4
"Capillaries","Microglia5","SMC",0.395949324770829,0.604050675229171,0.978129697828557,4
"Capillaries","Microglia5","VLMC1",0.0531091496193119,0.946890850380688,0.997148850281209,4
"Capillaries","Microglia5","VLMC2",-0.747444976994462,0.252555023005538,0.876432167181593,4
"Capillaries","Oligodendrocytes1","Oligodendrocytes2",-0.158865317548442,0.841134682451558,0.983016474529462,4
"Capillaries","Oligodendrocytes1","Oligodendrocytes3",0.00626135953486026,0.99373864046514,0.998828416088917,4
"Capillaries","Oligodendrocytes1","Oligodendrocytes4",0.849670673724654,0.150329326275346,0.861026163924181,4
"Capillaries","Oligodendrocytes1","Oligodendrocytes5",0.602703616820463,0.397296383179537,0.942262003834395,4
"Capillaries","Oligodendrocytes1","Oligodendrocytes6",0.855458360673148,0.144541639326852,0.861026163924181,4
"Capillaries","Oligodendrocytes1","Oligodendrocytes7",0.729154029910999,0.270845970089001,0.881526978119861,4
"Capillaries","Oligodendrocytes1","Oligodendrocytes8",0.0114852553857566,0.988514744614243,0.998828416088917,4
"Capillaries","Oligodendrocytes1","OPC1",-0.446608814474138,0.553391185525862,0.978129697828557,4
"Capillaries","Oligodendrocytes1","OPC2",0.378511201021335,0.621488798978665,0.978129697828557,4
"Capillaries","Oligodendrocytes1","OPC3",-0.703248791320686,0.296751208679314,0.901825589780437,4
"Capillaries","Oligodendrocytes1","Pericytes",-0.716742352815229,0.28325764718477,0.888398984352234,4
"Capillaries","Oligodendrocytes1","SMC",-0.216445957689627,0.783554042310373,0.978129697828557,4
"Capillaries","Oligodendrocytes1","VLMC1",-0.860271126786629,0.139728873213371,0.861026163924181,4
"Capillaries","Oligodendrocytes1","VLMC2",-0.433948500223046,0.566051499776954,0.978129697828557,4
"Capillaries","Oligodendrocytes2","Oligodendrocytes3",-0.80670440541353,0.19329559458647,0.876432167181593,4
"Capillaries","Oligodendrocytes2","Oligodendrocytes4",-0.392239929438068,0.607760070561932,0.978129697828557,4
"Capillaries","Oligodendrocytes2","Oligodendrocytes5",-0.601326748401013,0.398673251598987,0.942262003834395,4
"Capillaries","Oligodendrocytes2","Oligodendrocytes6",-0.632526993615551,0.367473006384449,0.940329958586646,4
"Capillaries","Oligodendrocytes2","Oligodendrocytes7",-0.743833361369947,0.256166638630053,0.876432167181593,4
"Capillaries","Oligodendrocytes2","Oligodendrocytes8",-0.473953668356709,0.526046331643291,0.978129697828557,4
"Capillaries","Oligodendrocytes2","OPC1",0.926525641586848,0.0734743584131515,0.861026163924181,4
"Capillaries","Oligodendrocytes2","OPC2",0.612399148985531,0.387600851014469,0.942262003834395,4
"Capillaries","Oligodendrocytes2","OPC3",0.790064088830802,0.209935911169197,0.876432167181593,4
"Capillaries","Oligodendrocytes2","Pericytes",0.763619385720582,0.236380614279418,0.876432167181593,4
"Capillaries","Oligodendrocytes2","SMC",0.660478729877427,0.339521270122573,0.934586474938465,4
"Capillaries","Oligodendrocytes2","VLMC1",0.597529857519168,0.402470142480832,0.942262003834395,4
"Capillaries","Oligodendrocytes2","VLMC2",0.800410754382262,0.199589245617738,0.876432167181593,4
"Capillaries","Oligodendrocytes3","Oligodendrocytes4",0.482898633318094,0.517101366681906,0.978129697828557,4
"Capillaries","Oligodendrocytes3","Oligodendrocytes5",0.775342380817701,0.224657619182299,0.876432167181593,4
"Capillaries","Oligodendrocytes3","Oligodendrocytes6",0.487029946875136,0.512970053124864,0.978129697828557,4
"Capillaries","Oligodendrocytes3","Oligodendrocytes7",0.669558257223344,0.330441742776656,0.931899737803376,4
"Capillaries","Oligodendrocytes3","Oligodendrocytes8",-0.117189485390778,0.882810514609222,0.983016474529462,4
"Capillaries","Oligodendrocytes3","OPC1",-0.838670165068891,0.161329834931109,0.861026163924181,4
"Capillaries","Oligodendrocytes3","OPC2",-0.915688450520301,0.0843115494796985,0.861026163924181,4
"Capillaries","Oligodendrocytes3","OPC3",-0.670685559741261,0.329314440258739,0.931899737803376,4
"Capillaries","Oligodendrocytes3","Pericytes",-0.67481359603497,0.32518640396503,0.929745657745322,4
"Capillaries","Oligodendrocytes3","SMC",-0.0898797957342475,0.910120204265752,0.983049183368257,4
"Capillaries","Oligodendrocytes3","VLMC1",-0.267828539425424,0.732171460574576,0.978129697828557,4
"Capillaries","Oligodendrocytes3","VLMC2",-0.903583549907093,0.0964164500929068,0.861026163924181,4
"Capillaries","Oligodendrocytes4","Oligodendrocytes5",0.926085813114539,0.0739141868854611,0.861026163924181,4
"Capillaries","Oligodendrocytes4","Oligodendrocytes6",0.914388948404525,0.0856110515954749,0.861026163924181,4
"Capillaries","Oligodendrocytes4","Oligodendrocytes7",0.901024570746125,0.0989754292538752,0.861026163924181,4
"Capillaries","Oligodendrocytes4","Oligodendrocytes8",-0.268226638940384,0.731773361059616,0.978129697828557,4
"Capillaries","Oligodendrocytes4","OPC1",-0.707349069458436,0.292650930541564,0.895029037129106,4
"Capillaries","Oligodendrocytes4","OPC2",-0.143173876561611,0.856826123438389,0.983016474529462,4
"Capillaries","Oligodendrocytes4","OPC3",-0.860312423627231,0.139687576372769,0.861026163924181,4
"Capillaries","Oligodendrocytes4","Pericytes",-0.886185178985875,0.113814821014125,0.861026163924181,4
"Capillaries","Oligodendrocytes4","SMC",-0.00884630271398657,0.991153697286013,0.998828416088917,4
"Capillaries","Oligodendrocytes4","VLMC1",-0.758580354339769,0.241419645660231,0.876432167181593,4
"Capillaries","Oligodendrocytes4","VLMC2",-0.796768355595931,0.203231644404069,0.876432167181593,4
"Capillaries","Oligodendrocytes5","Oligodendrocytes6",0.848545430290807,0.151454569709192,0.861026163924181,4
"Capillaries","Oligodendrocytes5","Oligodendrocytes7",0.919696094388095,0.0803039056119051,0.861026163924181,4
"Capillaries","Oligodendrocytes5","Oligodendrocytes8",-0.285625881035301,0.714374118964699,0.978129697828557,4
"Capillaries","Oligodendrocytes5","OPC1",-0.849198339431939,0.150801660568061,0.861026163924181,4
"Capillaries","Oligodendrocytes5","OPC2",-0.504203241882251,0.495796758117749,0.973718490800513,4
"Capillaries","Oligodendrocytes5","OPC3",-0.88749359323809,0.11250640676191,0.861026163924181,4
"Capillaries","Oligodendrocytes5","Pericytes",-0.9101035227689,0.0898964772311002,0.861026163924181,4
"Capillaries","Oligodendrocytes5","SMC",-0.000913609929099126,0.999086390070901,0.999428070664784,4
"Capillaries","Oligodendrocytes5","VLMC1",-0.632044798813921,0.367955201186079,0.940329958586646,4
"Capillaries","Oligodendrocytes5","VLMC2",-0.954650581993992,0.0453494180060077,0.861026163924181,4
"Capillaries","Oligodendrocytes6","Oligodendrocytes7",0.974810146627345,0.0251898533726549,0.861026163924181,4
"Capillaries","Oligodendrocytes6","Oligodendrocytes8",0.142206929431677,0.857793070568323,0.983016474529462,4
"Capillaries","Oligodendrocytes6","OPC1",-0.845380172175043,0.154619827824957,0.861026163924181,4
"Capillaries","Oligodendrocytes6","OPC2",-0.0960264809558556,0.903973519044144,0.983049183368257,4
"Capillaries","Oligodendrocytes6","OPC3",-0.969705745427083,0.0302942545729169,0.861026163924181,4
"Capillaries","Oligodendrocytes6","Pericytes",-0.972581467996805,0.0274185320031946,0.861026163924181,4
"Capillaries","Oligodendrocytes6","SMC",-0.412719150069977,0.587280849930023,0.978129697828557,4
"Capillaries","Oligodendrocytes6","VLMC1",-0.945474476307716,0.0545255236922838,0.861026163924181,4
"Capillaries","Oligodendrocytes6","VLMC2",-0.807034135632649,0.192965864367351,0.876432167181593,4
"Capillaries","Oligodendrocytes7","Oligodendrocytes8",0.0908282922359199,0.90917170776408,0.983049183368257,4
"Capillaries","Oligodendrocytes7","OPC1",-0.933073133980331,0.0669268660196692,0.861026163924181,4
"Capillaries","Oligodendrocytes7","OPC2",-0.315509577562392,0.684490422437608,0.978129697828557,4
"Capillaries","Oligodendrocytes7","OPC3",-0.995929853987459,0.00407014601254087,0.481429696302148,4
"Capillaries","Oligodendrocytes7","Pericytes",-0.999440529846208,0.000559470153791981,0.193017203058234,4
"Capillaries","Oligodendrocytes7","SMC",-0.373773485676724,0.626226514323276,0.978129697828557,4
"Capillaries","Oligodendrocytes7","VLMC1",-0.872416780223896,0.127583219776104,0.861026163924181,4
"Capillaries","Oligodendrocytes7","VLMC2",-0.917095805424308,0.0829041945756915,0.861026163924181,4
"Capillaries","Oligodendrocytes8","OPC1",-0.223992374459183,0.776007625540816,0.978129697828557,4
"Capillaries","Oligodendrocytes8","OPC2",0.228933525330609,0.771066474669391,0.978129697828557,4
"Capillaries","Oligodendrocytes8","OPC3",-0.176192590659608,0.823807409340392,0.978129697828557,4
"Capillaries","Oligodendrocytes8","Pericytes",-0.120448635821295,0.879551364178705,0.983016474529462,4
"Capillaries","Oligodendrocytes8","SMC",-0.957605273213303,0.042394726786697,0.861026163924181,4
"Capillaries","Oligodendrocytes8","VLMC1",-0.413158688839029,0.586841311160971,0.978129697828557,4
"Capillaries","Oligodendrocytes8","VLMC2",0.0909002539283543,0.909099746071646,0.983049183368257,4
"Capillaries","OPC1","OPC2",0.560790184605689,0.439209815394311,0.946141929522214,4
"Capillaries","OPC1","OPC3",0.950157006844238,0.0498429931557619,0.861026163924181,4
"Capillaries","OPC1","Pericytes",0.941752984186861,0.0582470158131392,0.861026163924181,4
"Capillaries","OPC1","SMC",0.480922293915368,0.519077706084632,0.978129697828557,4
"Capillaries","OPC1","VLMC1",0.743062142706169,0.256937857293831,0.876432167181593,4
"Capillaries","OPC1","VLMC2",0.949980657897109,0.0500193421028913,0.861026163924181,4
"Capillaries","OPC2","OPC3",0.316323577422035,0.683676422577965,0.978129697828557,4
"Capillaries","OPC2","Pericytes",0.321500481958773,0.678499518041227,0.978129697828557,4
"Capillaries","OPC2","SMC",-0.115137837447159,0.884862162552841,0.983016474529462,4
"Capillaries","OPC2","VLMC1",-0.136143722549612,0.863856277450388,0.983016474529462,4
"Capillaries","OPC2","VLMC2",0.661669194394415,0.338330805605585,0.933793023471416,4
"Capillaries","OPC3","Pericytes",0.998343211034542,0.00165678896545771,0.357031798505815,4
"Capillaries","OPC3","SMC",0.452299480814457,0.547700519185543,0.978129697828557,4
"Capillaries","OPC3","VLMC1",0.888241535354173,0.111758464645827,0.861026163924181,4
"Capillaries","OPC3","VLMC2",0.9078650251958,0.0921349748042004,0.861026163924181,4
"Capillaries","Pericytes","SMC",0.401312096413501,0.598687903586499,0.978129697828557,4
"Capillaries","Pericytes","VLMC1",0.876514885938602,0.123485114061397,0.861026163924181,4
"Capillaries","Pericytes","VLMC2",0.916814997917938,0.083185002082062,0.861026163924181,4
"Capillaries","SMC","VLMC1",0.63441457512213,0.36558542487787,0.940329958586646,4
"Capillaries","SMC","VLMC2",0.183231071870921,0.816768928129079,0.978129697828557,4
"Capillaries","VLMC1","VLMC2",0.614042459810624,0.385957540189376,0.942262003834395,4
"Parenchyma","Astrocytes1","Astrocytes2",0.969029518750187,0.0309704812498126,0.711437672114937,4
"Parenchyma","Astrocytes1","Astrocytes3",0.697841261584122,0.302158738415878,0.826628541225427,4
"Parenchyma","Astrocytes1","Astrocytes4",0.99802931819359,0.00197068180641045,0.687405917961288,4
"Parenchyma","Astrocytes1","Astrocytes5",0.69582439521829,0.30417560478171,0.826628541225427,4
"Parenchyma","Astrocytes1","Endothelial",-0.992112782207756,0.00788721779224421,0.711437672114937,4
"Parenchyma","Astrocytes1","ExNeuron1",0.610857387271008,0.389142612728992,0.852432039073204,4
"Parenchyma","Astrocytes1","ExNeuron10",-0.443536818253146,0.556463181746854,0.897101858423667,4
"Parenchyma","Astrocytes1","ExNeuron11",-0.0684482727502027,0.931551727249797,0.985898291962383,4
"Parenchyma","Astrocytes1","ExNeuron12",0.824322385168261,0.175677614831739,0.794426112542788,4
"Parenchyma","Astrocytes1","ExNeuron13",0.457943564845545,0.542056435154455,0.887783810767886,4
"Parenchyma","Astrocytes1","ExNeuron14",0.755437960372003,0.244562039627997,0.826123724439241,4
"Parenchyma","Astrocytes1","ExNeuron2",0.106528144571351,0.893471855428649,0.97220410094603,4
"Parenchyma","Astrocytes1","ExNeuron3",0.262688768330039,0.737311231669961,0.946090882810535,4
"Parenchyma","Astrocytes1","ExNeuron4",0.2541020532577,0.7458979467423,0.946458639674577,4
"Parenchyma","Astrocytes1","ExNeuron5",0.246244866520703,0.753755133479297,0.949117064088398,4
"Parenchyma","Astrocytes1","ExNeuron6",0.577839350416097,0.422160649583902,0.852432039073204,4
"Parenchyma","Astrocytes1","ExNeuron7",0.10361542456282,0.89638457543718,0.972492699766752,4
"Parenchyma","Astrocytes1","ExNeuron8",0.894486654557626,0.105513345442374,0.743585953843347,4
"Parenchyma","Astrocytes1","ExNeuron9",0.71185443041298,0.28814556958702,0.826123724439241,4
"Parenchyma","Astrocytes1","Fibroblast",-0.487870242525919,0.512129757474081,0.880349091954763,4
"Parenchyma","Astrocytes1","InhNeuron1",0.429245449784953,0.570754550215047,0.911621851037922,4
"Parenchyma","Astrocytes1","InhNeuron2",0.13776517136595,0.86223482863405,0.967252733847609,4
"Parenchyma","Astrocytes1","InhNeuron3",0.574808327064259,0.425191672935741,0.852432039073204,4
"Parenchyma","Astrocytes1","InhNeuron4",0.648835033404077,0.351164966595923,0.852432039073204,4
"Parenchyma","Astrocytes1","InhNeuron5",0.0709279856418229,0.929072014358177,0.985898291962383,4
"Parenchyma","Astrocytes1","Microglia1",-0.952880608675858,0.0471193913241422,0.720838068430803,4
"Parenchyma","Astrocytes1","Microglia2",-0.771295088461739,0.22870491153826,0.826123724439241,4
"Parenchyma","Astrocytes1","Microglia3",-0.59773713241268,0.40226286758732,0.852432039073204,4
"Parenchyma","Astrocytes1","Microglia4",-0.843425626547151,0.156574373452849,0.794426112542788,4
"Parenchyma","Astrocytes1","Microglia5",-0.738218131358983,0.261781868641017,0.826123724439241,4
"Parenchyma","Astrocytes1","Oligodendrocytes1",-0.407843342737543,0.592156657262457,0.917170264560365,4
"Parenchyma","Astrocytes1","Oligodendrocytes2",-0.144379666645078,0.855620333354921,0.967252733847609,4
"Parenchyma","Astrocytes1","Oligodendrocytes3",-0.916451737034592,0.0835482629654079,0.743585953843347,4
"Parenchyma","Astrocytes1","Oligodendrocytes4",-0.789859917154444,0.210140082845556,0.823844642974055,4
"Parenchyma","Astrocytes1","Oligodendrocytes5",-0.225733343458694,0.774266656541306,0.952601772557366,4
"Parenchyma","Astrocytes1","Oligodendrocytes6",-0.92278628432109,0.07721371567891,0.740378053100563,4
"Parenchyma","Astrocytes1","Oligodendrocytes7",-0.738586112768087,0.261413887231913,0.826123724439241,4
"Parenchyma","Astrocytes1","Oligodendrocytes8",-0.346599994171917,0.653400005828083,0.928101469378433,4
"Parenchyma","Astrocytes1","OPC1",0.608801556930057,0.391198443069943,0.852432039073204,4
"Parenchyma","Astrocytes1","OPC2",0.0266854134743406,0.973314586525659,0.99333668360057,4
"Parenchyma","Astrocytes1","OPC3",0.68068003170209,0.31931996829791,0.826652594676511,4
"Parenchyma","Astrocytes1","Pericytes",-0.726569935076916,0.273430064923084,0.826123724439241,4
"Parenchyma","Astrocytes1","SMC",-0.546170166498138,0.453829833501862,0.856576141536058,4
"Parenchyma","Astrocytes1","VLMC1",-0.586090172454897,0.413909827545103,0.852432039073204,4
"Parenchyma","Astrocytes1","VLMC2",-0.0231276209223131,0.976872379077687,0.99333668360057,4
"Parenchyma","Astrocytes2","Astrocytes3",0.62432200708928,0.37567799291072,0.852432039073204,4
"Parenchyma","Astrocytes2","Astrocytes4",0.952640590673145,0.0473594093268547,0.720838068430803,4
"Parenchyma","Astrocytes2","Astrocytes5",0.690501561492065,0.309498438507935,0.826628541225427,4
"Parenchyma","Astrocytes2","Endothelial",-0.936158160356265,0.0638418396437352,0.738468404773767,4
"Parenchyma","Astrocytes2","ExNeuron1",0.410763462898506,0.589236537101494,0.917170264560365,4
"Parenchyma","Astrocytes2","ExNeuron10",-0.217785136906958,0.782214863093042,0.954218623106033,4
"Parenchyma","Astrocytes2","ExNeuron11",0.00810475321681611,0.991895246783184,0.997062864496247,4
"Parenchyma","Astrocytes2","ExNeuron12",0.691608339548508,0.308391660451492,0.826628541225427,4
"Parenchyma","Astrocytes2","ExNeuron13",0.415607688440398,0.584392311559602,0.915662867185568,4
"Parenchyma","Astrocytes2","ExNeuron14",0.57058049705258,0.42941950294742,0.852432039073204,4
"Parenchyma","Astrocytes2","ExNeuron2",0.336053449772994,0.663946550227006,0.928101469378433,4
"Parenchyma","Astrocytes2","ExNeuron3",0.0890083774429201,0.91099162255708,0.979103145738918,4
"Parenchyma","Astrocytes2","ExNeuron4",0.136481617318656,0.863518382681344,0.967252733847609,4
"Parenchyma","Astrocytes2","ExNeuron5",0.332843729871059,0.667156270128941,0.928101469378433,4
"Parenchyma","Astrocytes2","ExNeuron6",0.587205698390825,0.412794301609175,0.852432039073204,4
"Parenchyma","Astrocytes2","ExNeuron7",-0.109331611743848,0.890668388256152,0.97138227802436,4
"Parenchyma","Astrocytes2","ExNeuron8",0.758541894789734,0.241458105210266,0.826123724439241,4
"Parenchyma","Astrocytes2","ExNeuron9",0.54516506227084,0.45483493772916,0.856576141536058,4
"Parenchyma","Astrocytes2","Fibroblast",-0.399238826824635,0.600761173175365,0.917464102640085,4
"Parenchyma","Astrocytes2","InhNeuron1",0.452749178643174,0.547250821356826,0.890017910784793,4
"Parenchyma","Astrocytes2","InhNeuron2",0.126227561881209,0.873772438118791,0.967434460935356,4
"Parenchyma","Astrocytes2","InhNeuron3",0.377120647258948,0.622879352741052,0.92432711063372,4
"Parenchyma","Astrocytes2","InhNeuron4",0.576447793395684,0.423552206604316,0.852432039073204,4
"Parenchyma","Astrocytes2","InhNeuron5",0.173270477907691,0.826729522092309,0.961574292989214,4
"Parenchyma","Astrocytes2","Microglia1",-0.857183544067634,0.142816455932366,0.783160231754989,4
"Parenchyma","Astrocytes2","Microglia2",-0.804829775231483,0.195170224768517,0.814210005134212,4
"Parenchyma","Astrocytes2","Microglia3",-0.480449409404037,0.519550590595963,0.880349091954763,4
"Parenchyma","Astrocytes2","Microglia4",-0.835735290424059,0.164264709575941,0.794426112542788,4
"Parenchyma","Astrocytes2","Microglia5",-0.574817290790677,0.425182709209323,0.852432039073204,4
"Parenchyma","Astrocytes2","Oligodendrocytes1",-0.44817783762564,0.55182216237436,0.8945266264485,4
"Parenchyma","Astrocytes2","Oligodendrocytes2",-0.137501920118847,0.862498079881153,0.967252733847609,4
"Parenchyma","Astrocytes2","Oligodendrocytes3",-0.804051657244958,0.195948342755042,0.814210005134212,4
"Parenchyma","Astrocytes2","Oligodendrocytes4",-0.743452262510293,0.256547737489707,0.826123724439241,4
"Parenchyma","Astrocytes2","Oligodendrocytes5",-0.0325187626721376,0.967481237327862,0.99333668360057,4
"Parenchyma","Astrocytes2","Oligodendrocytes6",-0.87138689355836,0.12861310644164,0.765026236592516,4
"Parenchyma","Astrocytes2","Oligodendrocytes7",-0.702785184098269,0.29721481590173,0.826628541225427,4
"Parenchyma","Astrocytes2","Oligodendrocytes8",-0.555052762657001,0.444947237342999,0.856576141536058,4
"Parenchyma","Astrocytes2","OPC1",0.479850398016213,0.520149601983787,0.880349091954763,4
"Parenchyma","Astrocytes2","OPC2",-0.0116646701941372,0.988335329805863,0.997062864496247,4
"Parenchyma","Astrocytes2","OPC3",0.831177870736542,0.168822129263458,0.794426112542788,4
"Parenchyma","Astrocytes2","Pericytes",-0.598053112871297,0.401946887128703,0.852432039073204,4
"Parenchyma","Astrocytes2","SMC",-0.36592053280199,0.63407946719801,0.92432711063372,4
"Parenchyma","Astrocytes2","VLMC1",-0.570370730232731,0.429629269767269,0.852432039073204,4
"Parenchyma","Astrocytes2","VLMC2",-0.0469004561340668,0.953099543865933,0.991903194794928,4
"Parenchyma","Astrocytes3","Astrocytes4",0.69348636501024,0.30651363498976,0.826628541225427,4
"Parenchyma","Astrocytes3","Astrocytes5",0.961470850363852,0.0385291496361484,0.711437672114937,4
"Parenchyma","Astrocytes3","Endothelial",-0.763542236368348,0.236457763631652,0.826123724439241,4
"Parenchyma","Astrocytes3","ExNeuron1",0.784289536659998,0.215710463340002,0.826123724439241,4
"Parenchyma","Astrocytes3","ExNeuron10",-0.313858681085417,0.686141318914583,0.929523907168316,4
"Parenchyma","Astrocytes3","ExNeuron11",-0.762309236679705,0.237690763320295,0.826123724439241,4
"Parenchyma","Astrocytes3","ExNeuron12",0.417615778597708,0.582384221402292,0.915662867185568,4
"Parenchyma","Astrocytes3","ExNeuron13",-0.26013762976097,0.73986237023903,0.946090882810535,4
"Parenchyma","Astrocytes3","ExNeuron14",0.635450252226309,0.364549747773691,0.852432039073204,4
"Parenchyma","Astrocytes3","ExNeuron2",-0.34008434861408,0.65991565138592,0.928101469378433,4
"Parenchyma","Astrocytes3","ExNeuron3",0.799397534966933,0.200602465033067,0.814210005134212,4
"Parenchyma","Astrocytes3","ExNeuron4",0.858923405606057,0.141076594393943,0.783160231754989,4
"Parenchyma","Astrocytes3","ExNeuron5",-0.518403114949961,0.481596885050039,0.872947068348144,4
"Parenchyma","Astrocytes3","ExNeuron6",-0.17365991744491,0.82634008255509,0.961574292989214,4
"Parenchyma","Astrocytes3","ExNeuron7",0.605235480225917,0.394764519774083,0.852432039073204,4
"Parenchyma","Astrocytes3","ExNeuron8",0.776680342778269,0.223319657221731,0.826123724439241,4
"Parenchyma","Astrocytes3","ExNeuron9",0.885231316668392,0.114768683331608,0.743585953843347,4
"Parenchyma","Astrocytes3","Fibroblast",-0.964896547270116,0.0351034527298837,0.711437672114937,4
"Parenchyma","Astrocytes3","InhNeuron1",-0.341728388495673,0.658271611504327,0.928101469378433,4
"Parenchyma","Astrocytes3","InhNeuron2",-0.575559811514061,0.424440188485939,0.852432039073204,4
"Parenchyma","Astrocytes3","InhNeuron3",0.298993043071092,0.701006956928908,0.936183484414736,4
"Parenchyma","Astrocytes3","InhNeuron4",-0.00314393977966998,0.99685606022033,0.997820137648009,4
"Parenchyma","Astrocytes3","InhNeuron5",-0.657917219199315,0.342082780800685,0.850297051184037,4
"Parenchyma","Astrocytes3","Microglia1",-0.818574700479071,0.181425299520929,0.794426112542788,4
"Parenchyma","Astrocytes3","Microglia2",-0.895045679439227,0.104954320560773,0.743585953843347,4
"Parenchyma","Astrocytes3","Microglia3",-0.976928000517529,0.0230719994824711,0.711437672114937,4
"Parenchyma","Astrocytes3","Microglia4",-0.20859550469233,0.79140449530767,0.958842045713739,4
"Parenchyma","Astrocytes3","Microglia5",-0.3868134674829,0.6131865325171,0.924316901782836,4
"Parenchyma","Astrocytes3","Oligodendrocytes1",0.368160305755391,0.631839694244609,0.92432711063372,4
"Parenchyma","Astrocytes3","Oligodendrocytes2",-0.780310692994157,0.219689307005843,0.826123724439241,4
"Parenchyma","Astrocytes3","Oligodendrocytes3",-0.566834612654264,0.433165387345736,0.852432039073204,4
"Parenchyma","Astrocytes3","Oligodendrocytes4",-0.154381014971661,0.845618985028339,0.964270250174989,4
"Parenchyma","Astrocytes3","Oligodendrocytes5",0.106252038303889,0.89374796169611,0.97220410094603,4
"Parenchyma","Astrocytes3","Oligodendrocytes6",-0.407253412142056,0.592746587857945,0.917170264560365,4
"Parenchyma","Astrocytes3","Oligodendrocytes7",-0.0662051457289221,0.933794854271078,0.985898291962383,4
"Parenchyma","Astrocytes3","Oligodendrocytes8",0.152430120738733,0.847569879261267,0.965054813020254,4
"Parenchyma","Astrocytes3","OPC1",0.967866747758032,0.0321332522419684,0.711437672114937,4
"Parenchyma","Astrocytes3","OPC2",0.72707957611083,0.27292042388917,0.826123724439241,4
"Parenchyma","Astrocytes3","OPC3",0.487955766179723,0.512044233820277,0.880349091954763,4
"Parenchyma","Astrocytes3","Pericytes",-0.964593727892553,0.0354062721074474,0.711437672114937,4
"Parenchyma","Astrocytes3","SMC",-0.872128191776172,0.127871808223828,0.765013419142553,4
"Parenchyma","Astrocytes3","VLMC1",-0.961674674531151,0.0383253254688489,0.711437672114937,4
"Parenchyma","Astrocytes3","VLMC2",0.685861608632666,0.314138391367334,0.826652594676511,4
"Parenchyma","Astrocytes4","Astrocytes5",0.674614656708294,0.325385343291706,0.830177098692426,4
"Parenchyma","Astrocytes4","Endothelial",-0.994524409050426,0.00547559094957373,0.711437672114937,4
"Parenchyma","Astrocytes4","ExNeuron1",0.646018689223189,0.353981310776811,0.852432039073204,4
"Parenchyma","Astrocytes4","ExNeuron10",-0.498752010355936,0.501247989644064,0.880349091954763,4
"Parenchyma","Astrocytes4","ExNeuron11",-0.0647297738205053,0.935270226179495,0.985898291962383,4
"Parenchyma","Astrocytes4","ExNeuron12",0.856271035519257,0.143728964480743,0.783160231754989,4
"Parenchyma","Astrocytes4","ExNeuron13",0.483431408744012,0.516568591255988,0.880349091954763,4
"Parenchyma","Astrocytes4","ExNeuron14",0.793237781403574,0.206762218596426,0.821520343950709,4
"Parenchyma","Astrocytes4","ExNeuron2",0.0580962353627606,0.941903764637239,0.987811162726306,4
"Parenchyma","Astrocytes4","ExNeuron3",0.285966297705541,0.714033702294459,0.938724475201013,4
"Parenchyma","Astrocytes4","ExNeuron4",0.260460028723624,0.739539971276376,0.946090882810535,4
"Parenchyma","Astrocytes4","ExNeuron5",0.243300699705399,0.756699300294601,0.950297774843131,4
"Parenchyma","Astrocytes4","ExNeuron6",0.588301844466553,0.411698155533447,0.852432039073204,4
"Parenchyma","Astrocytes4","ExNeuron7",0.141641828560029,0.858358171439971,0.967252733847609,4
"Parenchyma","Astrocytes4","ExNeuron8",0.91645491151483,0.0835450884851699,0.743585953843347,4
"Parenchyma","Astrocytes4","ExNeuron9",0.736133135158062,0.263866864841937,0.826123724439241,4
"Parenchyma","Astrocytes4","Fibroblast",-0.486024722761892,0.513975277238108,0.880349091954763,4
"Parenchyma","Astrocytes4","InhNeuron1",0.43957314289516,0.56042685710484,0.900686020347064,4
"Parenchyma","Astrocytes4","InhNeuron2",0.161348367406501,0.838651632593499,0.963517602566528,4
"Parenchyma","Astrocytes4","InhNeuron3",0.624718964404249,0.375281035595751,0.852432039073204,4
"Parenchyma","Astrocytes4","InhNeuron4",0.676308351945865,0.323691648054135,0.830177098692426,4
"Parenchyma","Astrocytes4","InhNeuron5",0.0661543301632226,0.933845669836777,0.985898291962383,4
"Parenchyma","Astrocytes4","Microglia1",-0.963542225888679,0.0364577741113206,0.711437672114937,4
"Parenchyma","Astrocytes4","Microglia2",-0.742898375093618,0.257101624906381,0.826123724439241,4
"Parenchyma","Astrocytes4","Microglia3",-0.604482902981747,0.395517097018253,0.852432039073204,4
"Parenchyma","Astrocytes4","Microglia4",-0.84927898073141,0.15072101926859,0.78442539920821,4
"Parenchyma","Astrocytes4","Microglia5",-0.778226578121989,0.22177342187801,0.826123724439241,4
"Parenchyma","Astrocytes4","Oligodendrocytes1",-0.414300416820285,0.585699583179715,0.915662867185568,4
"Parenchyma","Astrocytes4","Oligodendrocytes2",-0.122550524013756,0.877449475986244,0.967434460935356,4
"Parenchyma","Astrocytes4","Oligodendrocytes3",-0.939302096006545,0.0606979039934552,0.738468404773767,4
"Parenchyma","Astrocytes4","Oligodendrocytes4",-0.80707700072334,0.19292299927666,0.814210005134212,4
"Parenchyma","Astrocytes4","Oligodendrocytes5",-0.28328947269117,0.71671052730883,0.938724475201013,4
"Parenchyma","Astrocytes4","Oligodendrocytes6",-0.934746957416844,0.0652530425831559,0.738468404773767,4
"Parenchyma","Astrocytes4","Oligodendrocytes7",-0.755222604235165,0.244777395764835,0.826123724439241,4
"Parenchyma","Astrocytes4","Oligodendrocytes8",-0.300655059126214,0.699344940873786,0.936183484414736,4
"Parenchyma","Astrocytes4","OPC1",0.619075862906802,0.380924137093198,0.852432039073204,4
"Parenchyma","Astrocytes4","OPC2",0.0134586799515072,0.986541320048493,0.997062864496247,4
"Parenchyma","Astrocytes4","OPC3",0.633409555095626,0.366590444904374,0.852432039073204,4
"Parenchyma","Astrocytes4","Pericytes",-0.738319174308568,0.261680825691432,0.826123724439241,4
"Parenchyma","Astrocytes4","SMC",-0.572386283915931,0.427613716084069,0.852432039073204,4
"Parenchyma","Astrocytes4","VLMC1",-0.56624908587135,0.43375091412865,0.852432039073204,4
"Parenchyma","Astrocytes4","VLMC2",-0.0395024649327192,0.960497535067281,0.99333668360057,4
"Parenchyma","Astrocytes5","Endothelial",-0.735568045213752,0.264431954786248,0.826123724439241,4
"Parenchyma","Astrocytes5","ExNeuron1",0.589706309349374,0.410293690650626,0.852432039073204,4
"Parenchyma","Astrocytes5","ExNeuron10",-0.0682419352716229,0.931758064728377,0.985898291962383,4
"Parenchyma","Astrocytes5","ExNeuron11",-0.707999562205867,0.292000437794132,0.826628541225427,4
"Parenchyma","Astrocytes5","ExNeuron12",0.285118259481436,0.714881740518564,0.938724475201013,4
"Parenchyma","Astrocytes5","ExNeuron13",-0.319392255789149,0.680607744210851,0.928101469378433,4
"Parenchyma","Astrocytes5","ExNeuron14",0.452230522541147,0.547769477458853,0.890017910784793,4
"Parenchyma","Astrocytes5","ExNeuron2",-0.0897956551273229,0.910204344872677,0.979103145738918,4
"Parenchyma","Astrocytes5","ExNeuron3",0.63506230233335,0.36493769766665,0.852432039073204,4
"Parenchyma","Astrocytes5","ExNeuron4",0.761974482678625,0.238025517321374,0.826123724439241,4
"Parenchyma","Astrocytes5","ExNeuron5",-0.440782925292604,0.559217074707396,0.900139459287955,4
"Parenchyma","Astrocytes5","ExNeuron6",-0.169016507566027,0.830983492433973,0.961574292989214,4
"Parenchyma","Astrocytes5","ExNeuron7",0.386467911570234,0.613532088429766,0.924316901782836,4
"Parenchyma","Astrocytes5","ExNeuron8",0.656625413085728,0.343374586914272,0.850297051184037,4
"Parenchyma","Astrocytes5","ExNeuron9",0.734002134333161,0.265997865666839,0.826123724439241,4
"Parenchyma","Astrocytes5","Fibroblast",-0.90678224554904,0.0932177544509602,0.743585953843347,4
"Parenchyma","Astrocytes5","InhNeuron1",-0.328636197465285,0.671363802534715,0.928101469378433,4
"Parenchyma","Astrocytes5","InhNeuron2",-0.614141410514669,0.385858589485331,0.852432039073204,4
"Parenchyma","Astrocytes5","InhNeuron3",0.0854866883051657,0.914513311694834,0.979174220020057,4
"Parenchyma","Astrocytes5","InhNeuron4",-0.0851579992662845,0.914842000733715,0.979174220020057,4
"Parenchyma","Astrocytes5","InhNeuron5",-0.568793399313294,0.431206600686706,0.852432039073204,4
"Parenchyma","Astrocytes5","Microglia1",-0.747035379054085,0.252964620945915,0.826123724439241,4
"Parenchyma","Astrocytes5","Microglia2",-0.975708028362571,0.0242919716374291,0.711437672114937,4
"Parenchyma","Astrocytes5","Microglia3",-0.886541854886785,0.113458145113214,0.743585953843347,4
"Parenchyma","Astrocytes5","Microglia4",-0.211268423265573,0.788731576734427,0.958142232300624,4
"Parenchyma","Astrocytes5","Microglia5",-0.217264143944906,0.782735856055094,0.954218623106033,4
"Parenchyma","Astrocytes5","Oligodendrocytes1",0.336859932516526,0.663140067483474,0.928101469378433,4
"Parenchyma","Astrocytes5","Oligodendrocytes2",-0.807494220984112,0.192505779015888,0.814210005134212,4
"Parenchyma","Astrocytes5","Oligodendrocytes3",-0.464694628762906,0.535305371237094,0.885049615384013,4
"Parenchyma","Astrocytes5","Oligodendrocytes4",-0.109770676571887,0.890229323428113,0.97138227802436,4
"Parenchyma","Astrocytes5","Oligodendrocytes5",0.333572394439904,0.666427605560096,0.928101469378433,4
"Parenchyma","Astrocytes5","Oligodendrocytes6",-0.368492518289652,0.631507481710348,0.92432711063372,4
"Parenchyma","Astrocytes5","Oligodendrocytes7",-0.0297838330537062,0.970216166946294,0.99333668360057,4
"Parenchyma","Astrocytes5","Oligodendrocytes8",-0.0825166009268075,0.917483399073193,0.980986898802432,4
"Parenchyma","Astrocytes5","OPC1",0.86363360862628,0.13636639137372,0.779774668904971,4
"Parenchyma","Astrocytes5","OPC2",0.715220296628474,0.284779703371526,0.826123724439241,4
"Parenchyma","Astrocytes5","OPC3",0.685363689139681,0.314636310860319,0.826652594676511,4
"Parenchyma","Astrocytes5","Pericytes",-0.861033543802597,0.138966456197403,0.783160231754989,4
"Parenchyma","Astrocytes5","SMC",-0.704205228902923,0.295794771097077,0.826628541225427,4
"Parenchyma","Astrocytes5","VLMC1",-0.987907640473006,0.0120923595269935,0.711437672114937,4
"Parenchyma","Astrocytes5","VLMC2",0.688872550516113,0.311127449483887,0.826628541225427,4
"Parenchyma","Endothelial","ExNeuron1",-0.702609559297812,0.297390440702188,0.826628541225427,4
"Parenchyma","Endothelial","ExNeuron10",0.509068018113352,0.490931981886648,0.878688357148268,4
"Parenchyma","Endothelial","ExNeuron11",0.167775306733452,0.832224693266548,0.961574292989214,4
"Parenchyma","Endothelial","ExNeuron12",-0.835765519250286,0.164234480749714,0.794426112542788,4
"Parenchyma","Endothelial","ExNeuron13",-0.40194507181629,0.59805492818371,0.917464102640085,4
"Parenchyma","Endothelial","ExNeuron14",-0.813183818972206,0.186816181027793,0.809015679346302,4
"Parenchyma","Endothelial","ExNeuron2",0.0135706045861057,0.986429395413894,0.997062864496247,4
"Parenchyma","Endothelial","ExNeuron3",-0.37950667646082,0.62049332353918,0.92432711063372,4
"Parenchyma","Endothelial","ExNeuron4",-0.359892732952838,0.640107267047162,0.926588841110227,4
"Parenchyma","Endothelial","ExNeuron5",-0.140612331549513,0.859387668450487,0.967252733847609,4
"Parenchyma","Endothelial","ExNeuron6",-0.503270984134016,0.496729015865984,0.880349091954763,4
"Parenchyma","Endothelial","ExNeuron7",-0.227160331200151,0.772839668799849,0.952601772557366,4
"Parenchyma","Endothelial","ExNeuron8",-0.938611937156682,0.0613880628433185,0.738468404773767,4
"Parenchyma","Endothelial","ExNeuron9",-0.794226024699851,0.205773975300149,0.821520343950709,4
"Parenchyma","Endothelial","Fibroblast",0.574036976936783,0.425963023063217,0.852432039073204,4
"Parenchyma","Endothelial","InhNeuron1",-0.345936871545871,0.654063128454129,0.928101469378433,4
"Parenchyma","Endothelial","InhNeuron2",-0.0677808303060844,0.932219169693915,0.985898291962383,4
"Parenchyma","Endothelial","InhNeuron3",-0.617619072527795,0.382380927472205,0.852432039073204,4
"Parenchyma","Endothelial","InhNeuron4",-0.612267944181588,0.387732055818412,0.852432039073204,4
"Parenchyma","Endothelial","InhNeuron5",0.0384788526789542,0.961521147321046,0.99333668360057,4
"Parenchyma","Endothelial","Microglia1",0.983065102139157,0.0169348978608434,0.711437672114937,4
"Parenchyma","Endothelial","Microglia2",0.784487936550347,0.215512063449653,0.826123724439241,4
"Parenchyma","Endothelial","Microglia3",0.684348370375358,0.315651629624642,0.826652594676511,4
"Parenchyma","Endothelial","Microglia4",0.79050652427213,0.20949347572787,0.823844642974055,4
"Parenchyma","Endothelial","Microglia5",0.764233774402064,0.235766225597936,0.826123724439241,4
"Parenchyma","Endothelial","Oligodendrocytes1",0.318255112432223,0.681744887567777,0.928428892937696,4
"Parenchyma","Endothelial","Oligodendrocytes2",0.216102014318349,0.783897985681651,0.954511076682952,4
"Parenchyma","Endothelial","Oligodendrocytes3",0.928684081649181,0.0713159183508192,0.740378053100563,4
"Parenchyma","Endothelial","Oligodendrocytes4",0.748635976365018,0.251364023634981,0.826123724439241,4
"Parenchyma","Endothelial","Oligodendrocytes5",0.256200745390542,0.743799254609458,0.946458639674577,4
"Parenchyma","Endothelial","Oligodendrocytes6",0.897780402960834,0.102219597039166,0.743585953843347,4
"Parenchyma","Endothelial","Oligodendrocytes7",0.689292066798336,0.310707933201664,0.826628541225427,4
"Parenchyma","Endothelial","Oligodendrocytes8",0.231152725987803,0.768847274012197,0.952601772557366,4
"Parenchyma","Endothelial","OPC1",-0.697206669992236,0.302793330007764,0.826628541225427,4
"Parenchyma","Endothelial","OPC2",-0.113759168300535,0.886240831699465,0.97138227802436,4
"Parenchyma","Endothelial","OPC3",-0.621193594782975,0.378806405217025,0.852432039073204,4
"Parenchyma","Endothelial","Pericytes",0.803661424385951,0.196338575614049,0.814210005134212,4
"Parenchyma","Endothelial","SMC",0.6467681596426,0.3532318403574,0.852432039073204,4
"Parenchyma","Endothelial","VLMC1",0.639305296063339,0.360694703936661,0.852432039073204,4
"Parenchyma","Endothelial","VLMC2",-0.0594386005221459,0.940561399477854,0.987811162726306,4
"Parenchyma","ExNeuron1","ExNeuron10",-0.824271587494829,0.175728412505171,0.794426112542788,4
"Parenchyma","ExNeuron1","ExNeuron11",-0.54601042052847,0.45398957947153,0.856576141536058,4
"Parenchyma","ExNeuron1","ExNeuron12",0.713808767336222,0.286191232663778,0.826123724439241,4
"Parenchyma","ExNeuron1","ExNeuron13",0.100974617755707,0.899025382244293,0.973710711288121,4
"Parenchyma","ExNeuron1","ExNeuron14",0.92848717759206,0.0715128224079395,0.740378053100563,4
"Parenchyma","ExNeuron1","ExNeuron2",-0.720641220141178,0.279358779858821,0.826123724439241,4
"Parenchyma","ExNeuron1","ExNeuron3",0.85884412151299,0.14115587848701,0.783160231754989,4
"Parenchyma","ExNeuron1","ExNeuron4",0.736959239441945,0.263040760558055,0.826123724439241,4
"Parenchyma","ExNeuron1","ExNeuron5",-0.394693593331651,0.605306406668349,0.91995907621401,4
"Parenchyma","ExNeuron1","ExNeuron6",0.0313005787515618,0.968699421248438,0.99333668360057,4
"Parenchyma","ExNeuron1","ExNeuron7",0.840473088576322,0.159526911423678,0.794426112542788,4
"Parenchyma","ExNeuron1","ExNeuron8",0.894215539260075,0.105784460739925,0.743585953843347,4
"Parenchyma","ExNeuron1","ExNeuron9",0.979915757390282,0.0200842426097178,0.711437672114937,4
"Parenchyma","ExNeuron1","Fibroblast",-0.760681121470281,0.239318878529719,0.826123724439241,4
"Parenchyma","ExNeuron1","InhNeuron1",-0.112252390682024,0.887747609317976,0.97138227802436,4
"Parenchyma","ExNeuron1","InhNeuron2",-0.188908624838068,0.811091375161932,0.959460176184437,4
"Parenchyma","ExNeuron1","InhNeuron3",0.774609844722063,0.225390155277937,0.826123724439241,4
"Parenchyma","ExNeuron1","InhNeuron4",0.334173795201579,0.665826204798421,0.928101469378433,4
"Parenchyma","ExNeuron1","InhNeuron5",-0.536077482573107,0.463922517426893,0.865055095362587,4
"Parenchyma","ExNeuron1","Microglia1",-0.820996174291721,0.179003825708279,0.794426112542788,4
"Parenchyma","ExNeuron1","Microglia2",-0.476894017823982,0.523105982176018,0.880349091954763,4
"Parenchyma","ExNeuron1","Microglia3",-0.865381369073724,0.134618630926276,0.778381469322321,4
"Parenchyma","ExNeuron1","Microglia4",-0.302102967707745,0.697897032292254,0.935652109355548,4
"Parenchyma","ExNeuron1","Microglia5",-0.760692675281214,0.239307324718786,0.826123724439241,4
"Parenchyma","ExNeuron1","Oligodendrocytes1",0.172375882959504,0.827624117040496,0.961574292989214,4
"Parenchyma","ExNeuron1","Oligodendrocytes2",-0.389845055154767,0.610154944845233,0.922199196792837,4
"Parenchyma","ExNeuron1","Oligodendrocytes3",-0.746745409233582,0.253254590766418,0.826123724439241,4
"Parenchyma","ExNeuron1","Oligodendrocytes4",-0.367082353559622,0.632917646440378,0.92432711063372,4
"Parenchyma","ExNeuron1","Oligodendrocytes5",-0.507594930293724,0.492405069706276,0.878688357148268,4
"Parenchyma","ExNeuron1","Oligodendrocytes6",-0.520154454074532,0.479845545925468,0.87159670120682,4
"Parenchyma","ExNeuron1","Oligodendrocytes7",-0.289528655407483,0.710471344592517,0.938724475201013,4
"Parenchyma","ExNeuron1","Oligodendrocytes8",0.529774206939412,0.470225793060588,0.865055095362587,4
"Parenchyma","ExNeuron1","OPC1",0.894290203796926,0.105709796203074,0.743585953843347,4
"Parenchyma","ExNeuron1","OPC2",0.421852928456836,0.578147071543164,0.915662867185568,4
"Parenchyma","ExNeuron1","OPC3",-0.024845936518937,0.975154063481063,0.99333668360057,4
"Parenchyma","ExNeuron1","Pericytes",-0.918467041339768,0.0815329586602324,0.743585953843347,4
"Parenchyma","ExNeuron1","SMC",-0.971885570074559,0.0281144299254406,0.711437672114937,4
"Parenchyma","ExNeuron1","VLMC1",-0.591930488264304,0.408069511735696,0.852432039073204,4
"Parenchyma","ExNeuron1","VLMC2",0.35471528245502,0.64528471754498,0.928101469378433,4
"Parenchyma","ExNeuron10","ExNeuron11",0.0445145070429535,0.955485492957046,0.991903194794928,4
"Parenchyma","ExNeuron10","ExNeuron12",-0.831753638610247,0.168246361389753,0.794426112542788,4
"Parenchyma","ExNeuron10","ExNeuron13",-0.527771856154723,0.472228143845277,0.865055095362587,4
"Parenchyma","ExNeuron10","ExNeuron14",-0.907369829447879,0.0926301705521208,0.743585953843347,4
"Parenchyma","ExNeuron10","ExNeuron2",0.680974946377599,0.319025053622401,0.826652594676511,4
"Parenchyma","ExNeuron10","ExNeuron3",-0.513556412085904,0.486443587914096,0.877195052576771,4
"Parenchyma","ExNeuron10","ExNeuron4",-0.273315835321776,0.726684164678224,0.942503897796945,4
"Parenchyma","ExNeuron10","ExNeuron5",-0.0107952540908157,0.989204745909184,0.997062864496247,4
"Parenchyma","ExNeuron10","ExNeuron6",-0.369512432780131,0.630487567219869,0.92432711063372,4
"Parenchyma","ExNeuron10","ExNeuron7",-0.642016899375188,0.357983100624812,0.852432039073204,4
"Parenchyma","ExNeuron10","ExNeuron8",-0.750396340614955,0.249603659385045,0.826123724439241,4
"Parenchyma","ExNeuron10","ExNeuron9",-0.718930244483062,0.281069755516937,0.826123724439241,4
"Parenchyma","ExNeuron10","Fibroblast",0.260931996574321,0.739068003425679,0.946090882810535,4
"Parenchyma","ExNeuron10","InhNeuron1",-0.29158772132509,0.70841227867491,0.938724475201013,4
"Parenchyma","ExNeuron10","InhNeuron2",-0.341039283750426,0.658960716249574,0.928101469378433,4
"Parenchyma","ExNeuron10","InhNeuron3",-0.976243043041434,0.0237569569585657,0.711437672114937,4
"Parenchyma","ExNeuron10","InhNeuron4",-0.657583107506513,0.342416892493487,0.850297051184037,4
"Parenchyma","ExNeuron10","InhNeuron5",0.0996703857944618,0.900329614205538,0.973710711288121,4
"Parenchyma","ExNeuron10","Microglia1",0.616201858074391,0.383798141925609,0.852432039073204,4
"Parenchyma","ExNeuron10","Microglia2",-0.0099402449439756,0.990059755056024,0.997062864496247,4
"Parenchyma","ExNeuron10","Microglia3",0.429818541497027,0.570181458502973,0.911621851037922,4
"Parenchyma","ExNeuron10","Microglia4",0.446862762389333,0.553137237610667,0.8945266264485,4
"Parenchyma","ExNeuron10","Microglia5",0.909187003517451,0.0908129964825491,0.743585953843347,4
"Parenchyma","ExNeuron10","Oligodendrocytes1",0.225033147349467,0.774966852650533,0.952601772557366,4
"Parenchyma","ExNeuron10","Oligodendrocytes2",-0.182110807685933,0.817889192314067,0.961574292989214,4
"Parenchyma","ExNeuron10","Oligodendrocytes3",0.752759063694618,0.247240936305382,0.826123724439241,4
"Parenchyma","ExNeuron10","Oligodendrocytes4",0.582714993609146,0.417285006390854,0.852432039073204,4
"Parenchyma","ExNeuron10","Oligodendrocytes5",0.906201397411656,0.0937986025883439,0.743585953843347,4
"Parenchyma","ExNeuron10","Oligodendrocytes6",0.584846811580412,0.415153188419588,0.852432039073204,4
"Parenchyma","ExNeuron10","Oligodendrocytes7",0.545416678712956,0.454583321287044,0.856576141536058,4
"Parenchyma","ExNeuron10","Oligodendrocytes8",-0.530279644119511,0.469720355880489,0.865055095362587,4
"Parenchyma","ExNeuron10","OPC1",-0.484009317748454,0.515990682251546,0.880349091954763,4
"Parenchyma","ExNeuron10","OPC2",0.111847952790862,0.888152047209138,0.97138227802436,4
"Parenchyma","ExNeuron10","OPC3",0.354348904870604,0.645651095129396,0.928101469378433,4
"Parenchyma","ExNeuron10","Pericytes",0.552850848811717,0.447149151188283,0.856576141536058,4
"Parenchyma","ExNeuron10","SMC",0.677892713843877,0.322107286156123,0.830177098692426,4
"Parenchyma","ExNeuron10","VLMC1",0.0430996652554736,0.956900334744526,0.992376599659905,4
"Parenchyma","ExNeuron10","VLMC2",0.181001381840334,0.818998618159666,0.961574292989214,4
"Parenchyma","ExNeuron11","ExNeuron12",0.158408215909969,0.841591784090031,0.963517602566528,4
"Parenchyma","ExNeuron11","ExNeuron13",0.772760570137292,0.227239429862708,0.826123724439241,4
"Parenchyma","ExNeuron11","ExNeuron14",-0.20828466117927,0.79171533882073,0.958842045713739,4
"Parenchyma","ExNeuron11","ExNeuron2",0.577245166973131,0.422754833026869,0.852432039073204,4
"Parenchyma","ExNeuron11","ExNeuron3",-0.880031144461349,0.119968855538651,0.752531912015172,4
"Parenchyma","ExNeuron11","ExNeuron4",-0.968305793396549,0.0316942066034508,0.711437672114937,4
"Parenchyma","ExNeuron11","ExNeuron5",0.945466683650979,0.0545333163490213,0.738468404773767,4
"Parenchyma","ExNeuron11","ExNeuron6",0.762775780529826,0.237224219470174,0.826123724439241,4
"Parenchyma","ExNeuron11","ExNeuron7",-0.755340236301863,0.244659763698136,0.826123724439241,4
"Parenchyma","ExNeuron11","ExNeuron8",-0.277148487827395,0.722851512172605,0.941070836602071,4
"Parenchyma","ExNeuron11","ExNeuron9",-0.593833085538169,0.406166914461831,0.852432039073204,4
"Parenchyma","ExNeuron11","Fibroblast",0.90352608712568,0.0964739128743205,0.743585953843347,4
"Parenchyma","ExNeuron11","InhNeuron1",0.862723594370854,0.137276405629146,0.780665273770141,4
"Parenchyma","ExNeuron11","InhNeuron2",0.923243673107853,0.0767563268921468,0.740378053100563,4
"Parenchyma","ExNeuron11","InhNeuron3",0.0956159936535394,0.904384006346461,0.977074578881615,4
"Parenchyma","ExNeuron11","InhNeuron4",0.586842971710632,0.413157028289368,0.852432039073204,4
"Parenchyma","ExNeuron11","InhNeuron5",0.981711402134473,0.0182885978655274,0.711437672114937,4
"Parenchyma","ExNeuron11","Microglia1",0.281123277709932,0.718876722290068,0.938724475201013,4
"Parenchyma","ExNeuron11","Microglia2",0.546174422105782,0.453825577894218,0.856576141536058,4
"Parenchyma","ExNeuron11","Microglia3",0.822235317792329,0.177764682207671,0.794426112542788,4
"Parenchyma","ExNeuron11","Microglia4",-0.470749421206031,0.529250578793969,0.884201124032072,4
"Parenchyma","ExNeuron11","Microglia5",-0.122348466670497,0.877651533329503,0.967434460935356,4
"Parenchyma","ExNeuron11","Oligodendrocytes1",-0.880776469312384,0.119223530687616,0.752416794278552,4
"Parenchyma","ExNeuron11","Oligodendrocytes2",0.953842060412542,0.046157939587458,0.720838068430803,4
"Parenchyma","ExNeuron11","Oligodendrocytes3",-0.0350308927632697,0.96496910723673,0.99333668360057,4
"Parenchyma","ExNeuron11","Oligodendrocytes4",-0.496249955480846,0.503750044519154,0.880349091954763,4
"Parenchyma","ExNeuron11","Oligodendrocytes5",-0.343784385481667,0.656215614518333,0.928101469378433,4
"Parenchyma","ExNeuron11","Oligodendrocytes6",-0.264732485865351,0.735267514134649,0.946090882810535,4
"Parenchyma","ExNeuron11","Oligodendrocytes7",-0.572878917023923,0.427121082976077,0.852432039073204,4
"Parenchyma","ExNeuron11","Oligodendrocytes8",-0.532341312436605,0.467658687563395,0.865055095362587,4
"Parenchyma","ExNeuron11","OPC1",-0.800116653569905,0.199883346430095,0.814210005134212,4
"Parenchyma","ExNeuron11","OPC2",-0.987273783405732,0.0127262165942684,0.711437672114937,4
"Parenchyma","ExNeuron11","OPC3",-0.0580003694581028,0.941999630541897,0.987811162726306,4
"Parenchyma","ExNeuron11","Pericytes",0.689326583751954,0.310673416248046,0.826628541225427,4
"Parenchyma","ExNeuron11","SMC",0.725600949250287,0.274399050749713,0.826123724439241,4
"Parenchyma","ExNeuron11","VLMC1",0.807661714469337,0.192338285530663,0.814210005134212,4
"Parenchyma","ExNeuron11","VLMC2",-0.97439699244826,0.0256030075517396,0.711437672114937,4
"Parenchyma","ExNeuron12","ExNeuron13",0.747414200672902,0.252585799327098,0.826123724439241,4
"Parenchyma","ExNeuron12","ExNeuron14",0.921993886009615,0.0780061139903854,0.740378053100563,4
"Parenchyma","ExNeuron12","ExNeuron2",-0.206622479895693,0.793377520104307,0.958842045713739,4
"Parenchyma","ExNeuron12","ExNeuron3",0.255280946403599,0.744719053596401,0.946458639674577,4
"Parenchyma","ExNeuron12","ExNeuron4",0.0901498715571038,0.909850128442896,0.979103145738918,4
"Parenchyma","ExNeuron12","ExNeuron5",0.361188075595256,0.638811924404744,0.92600888201528,4
"Parenchyma","ExNeuron12","ExNeuron6",0.722317099444609,0.277682900555391,0.826123724439241,4
"Parenchyma","ExNeuron12","ExNeuron7",0.265935982210082,0.734064017789918,0.946090882810535,4
"Parenchyma","ExNeuron12","ExNeuron8",0.895569095314311,0.104430904685689,0.743585953843347,4
"Parenchyma","ExNeuron12","ExNeuron9",0.700176032659527,0.299823967340473,0.826628541225427,4
"Parenchyma","ExNeuron12","Fibroblast",-0.233144893738033,0.766855106261967,0.952601772557366,4
"Parenchyma","ExNeuron12","InhNeuron1",0.612930105763309,0.387069894236691,0.852432039073204,4
"Parenchyma","ExNeuron12","InhNeuron2",0.486174228406874,0.513825771593126,0.880349091954763,4
"Parenchyma","ExNeuron12","InhNeuron3",0.925491486425083,0.0745085135749166,0.740378053100563,4
"Parenchyma","ExNeuron12","InhNeuron4",0.892400393187132,0.107599606812868,0.743585953843347,4
"Parenchyma","ExNeuron12","InhNeuron5",0.202996521810536,0.797003478189464,0.958842045713739,4
"Parenchyma","ExNeuron12","Microglia1",-0.850175232008029,0.149824767991971,0.78442539920821,4
"Parenchyma","ExNeuron12","Microglia2",-0.319527241898477,0.680472758101523,0.928101469378433,4
"Parenchyma","ExNeuron12","Microglia3",-0.413818600191244,0.586181399808756,0.915662867185568,4
"Parenchyma","ExNeuron12","Microglia4",-0.856231455040147,0.143768544959853,0.783160231754989,4
"Parenchyma","ExNeuron12","Microglia5",-0.987170968831259,0.0128290311687406,0.711437672114937,4
"Parenchyma","ExNeuron12","Oligodendrocytes1",-0.565667944961572,0.434332055038428,0.852432039073204,4
"Parenchyma","ExNeuron12","Oligodendrocytes2",0.236385925197705,0.763614074802295,0.951555735772971,4
"Parenchyma","ExNeuron12","Oligodendrocytes3",-0.979676531162124,0.0203234688378756,0.711437672114937,4
"Parenchyma","ExNeuron12","Oligodendrocytes4",-0.91022183303037,0.0897781669696295,0.743585953843347,4
"Parenchyma","ExNeuron12","Oligodendrocytes5",-0.73754854632472,0.26245145367528,0.826123724439241,4
"Parenchyma","ExNeuron12","Oligodendrocytes6",-0.936740145310983,0.0632598546890165,0.738468404773767,4
"Parenchyma","ExNeuron12","Oligodendrocytes7",-0.87584097893326,0.12415902106674,0.760382170438316,4
"Parenchyma","ExNeuron12","Oligodendrocytes8",-0.0107243561812408,0.989275643818759,0.997062864496247,4
"Parenchyma","ExNeuron12","OPC1",0.456860459060509,0.543139540939491,0.888071761251775,4
"Parenchyma","ExNeuron12","OPC2",-0.271154190667884,0.728845809332116,0.942944265823425,4
"Parenchyma","ExNeuron12","OPC3",0.17512859999454,0.82487140000546,0.961574292989214,4
"Parenchyma","ExNeuron12","Pericytes",-0.590282781022577,0.409717218977423,0.852432039073204,4
"Parenchyma","ExNeuron12","SMC",-0.550479172999777,0.449520827000223,0.856576141536058,4
"Parenchyma","ExNeuron12","VLMC1",-0.184385421349093,0.815614578650907,0.961574292989214,4
"Parenchyma","ExNeuron12","VLMC2",-0.337588376623487,0.662411623376513,0.928101469378433,4
"Parenchyma","ExNeuron13","ExNeuron14",0.458033853127933,0.541966146872067,0.887783810767886,4
"Parenchyma","ExNeuron13","ExNeuron2",0.219737453893853,0.780262546106147,0.953449510294996,4
"Parenchyma","ExNeuron13","ExNeuron3",-0.41511099349856,0.58488900650144,0.915662867185568,4
"Parenchyma","ExNeuron13","ExNeuron4",-0.590311992761738,0.409688007238262,0.852432039073204,4
"Parenchyma","ExNeuron13","ExNeuron5",0.854754114391515,0.145245885608485,0.78442539920821,4
"Parenchyma","ExNeuron13","ExNeuron6",0.964970032251726,0.0350299677482743,0.711437672114937,4
"Parenchyma","ExNeuron13","ExNeuron7",-0.312050599212839,0.687949400787161,0.929747555138288,4
"Parenchyma","ExNeuron13","ExNeuron8",0.381906415055535,0.618093584944465,0.92432711063372,4
"Parenchyma","ExNeuron13","ExNeuron9",0.0510979235619661,0.948902076438034,0.991903194794928,4
"Parenchyma","ExNeuron13","Fibroblast",0.466092176968704,0.533907823031296,0.885049615384013,4
"Parenchyma","ExNeuron13","InhNeuron1",0.964957086681667,0.0350429133183332,0.711437672114937,4
"Parenchyma","ExNeuron13","InhNeuron2",0.939293709363001,0.060706290636999,0.738468404773767,4
"Parenchyma","ExNeuron13","InhNeuron3",0.674934077956375,0.325065922043625,0.830177098692426,4
"Parenchyma","ExNeuron13","InhNeuron4",0.96563667001326,0.0343633299867401,0.711437672114937,4
"Parenchyma","ExNeuron13","InhNeuron5",0.780512373445657,0.219487626554343,0.826123724439241,4
"Parenchyma","ExNeuron13","Microglia1",-0.341664817991428,0.658335182008572,0.928101469378433,4
"Parenchyma","ExNeuron13","Microglia2",0.195655514880698,0.804344485119302,0.959006064769924,4
"Parenchyma","ExNeuron13","Microglia3",0.29321467075503,0.70678532924497,0.938724475201013,4
"Parenchyma","ExNeuron13","Microglia4",-0.846797340564981,0.153202659435019,0.784974022352696,4
"Parenchyma","ExNeuron13","Microglia5",-0.72222928129339,0.27777071870661,0.826123724439241,4
"Parenchyma","ExNeuron13","Oligodendrocytes1",-0.944775219587891,0.055224780412109,0.738468404773767,4
"Parenchyma","ExNeuron13","Oligodendrocytes2",0.805132307689422,0.194867692310578,0.814210005134212,4
"Parenchyma","ExNeuron13","Oligodendrocytes3",-0.64416537444764,0.35583462555236,0.852432039073204,4
"Parenchyma","ExNeuron13","Oligodendrocytes4",-0.90683508626333,0.0931649137366699,0.743585953843347,4
"Parenchyma","ExNeuron13","Oligodendrocytes5",-0.733085545833353,0.266914454166647,0.826123724439241,4
"Parenchyma","ExNeuron13","Oligodendrocytes6",-0.762911683836241,0.237088316163759,0.826123724439241,4
"Parenchyma","ExNeuron13","Oligodendrocytes7",-0.936770249155534,0.0632297508444663,0.738468404773767,4
"Parenchyma","ExNeuron13","Oligodendrocytes8",-0.325009767542739,0.674990232457261,0.928101469378433,4
"Parenchyma","ExNeuron13","OPC1",-0.248904852857238,0.751095147142762,0.948028630844828,4
"Parenchyma","ExNeuron13","OPC2",-0.84154168282901,0.15845831717099,0.794426112542788,4
"Parenchyma","ExNeuron13","OPC3",0.0277796511211749,0.972220348878825,0.99333668360057,4
"Parenchyma","ExNeuron13","Pericytes",0.0912972991116998,0.9087027008883,0.979103145738918,4
"Parenchyma","ExNeuron13","SMC",0.127663718388318,0.872336281611682,0.967434460935356,4
"Parenchyma","ExNeuron13","VLMC1",0.447019525454535,0.552980474545465,0.8945266264485,4
"Parenchyma","ExNeuron13","VLMC2",-0.876343233919361,0.123656766080639,0.760382170438316,4
"Parenchyma","ExNeuron14","ExNeuron2",-0.522523619428102,0.477476380571897,0.870049390654778,4
"Parenchyma","ExNeuron14","ExNeuron3",0.607204172054826,0.392795827945174,0.852432039073204,4
"Parenchyma","ExNeuron14","ExNeuron4",0.445963384692131,0.554036615307869,0.894583302408182,4
"Parenchyma","ExNeuron14","ExNeuron5",-0.0255158923989665,0.974484107601034,0.99333668360057,4
"Parenchyma","ExNeuron14","ExNeuron6",0.398776099109341,0.601223900890659,0.917464102640085,4
"Parenchyma","ExNeuron14","ExNeuron7",0.611555544527328,0.388444455472672,0.852432039073204,4
"Parenchyma","ExNeuron14","ExNeuron8",0.958568594620493,0.0414314053795073,0.720838068430803,4
"Parenchyma","ExNeuron14","ExNeuron9",0.904228767929879,0.095771232070121,0.743585953843347,4
"Parenchyma","ExNeuron14","Fibroblast",-0.52827468431125,0.47172531568875,0.865055095362587,4
"Parenchyma","ExNeuron14","InhNeuron1",0.264774779864045,0.735225220135955,0.946090882810535,4
"Parenchyma","ExNeuron14","InhNeuron2",0.165484948636081,0.834515051363919,0.962901982342983,4
"Parenchyma","ExNeuron14","InhNeuron3",0.926389140554243,0.0736108594457572,0.740378053100563,4
"Parenchyma","ExNeuron14","InhNeuron4",0.659733587254559,0.340266412745441,0.850297051184037,4
"Parenchyma","ExNeuron14","InhNeuron5",-0.184743282950454,0.815256717049546,0.961574292989214,4
"Parenchyma","ExNeuron14","Microglia1",-0.889032062979294,0.110967937020706,0.743585953843347,4
"Parenchyma","ExNeuron14","Microglia2",-0.405398468503598,0.594601531496402,0.917170264560365,4
"Parenchyma","ExNeuron14","Microglia3",-0.683493356744452,0.316506643255548,0.826652594676511,4
"Parenchyma","ExNeuron14","Microglia4",-0.611013114776009,0.388986885223991,0.852432039073204,4
"Parenchyma","ExNeuron14","Microglia5",-0.945201668439092,0.0547983315609083,0.738468404773767,4
"Parenchyma","ExNeuron14","Oligodendrocytes1",-0.205658175858474,0.794341824141526,0.958842045713739,4
"Parenchyma","ExNeuron14","Oligodendrocytes2",-0.0733037732901925,0.926696226709808,0.985898291962383,4
"Parenchyma","ExNeuron14","Oligodendrocytes3",-0.923743644027547,0.0762563559724526,0.740378053100563,4
"Parenchyma","ExNeuron14","Oligodendrocytes4",-0.680636059528163,0.319363940471837,0.826652594676511,4
"Parenchyma","ExNeuron14","Oligodendrocytes5",-0.689854503755912,0.310145496244088,0.826628541225427,4
"Parenchyma","ExNeuron14","Oligodendrocytes6",-0.773458614199812,0.226541385800187,0.826123724439241,4
"Parenchyma","ExNeuron14","Oligodendrocytes7",-0.620804194531673,0.379195805468327,0.852432039073204,4
"Parenchyma","ExNeuron14","Oligodendrocytes8",0.305586102008356,0.694413897991643,0.934114009992912,4
"Parenchyma","ExNeuron14","OPC1",0.723468856173088,0.276531143826912,0.826123724439241,4
"Parenchyma","ExNeuron14","OPC2",0.077434800687515,0.922565199312485,0.984386578647858,4
"Parenchyma","ExNeuron14","OPC3",0.0500345975240113,0.949965402475989,0.991903194794928,4
"Parenchyma","ExNeuron14","Pericytes",-0.806727344491795,0.193272655508205,0.814210005134212,4
"Parenchyma","ExNeuron14","SMC",-0.823167679905793,0.176832320094207,0.794426112542788,4
"Parenchyma","ExNeuron14","VLMC1",-0.401813393604244,0.598186606395756,0.917464102640085,4
"Parenchyma","ExNeuron14","VLMC2",0.00500424187039434,0.994995758129606,0.997367755073157,4
"Parenchyma","ExNeuron2","ExNeuron3",-0.823226271812605,0.176773728187395,0.794426112542788,4
"Parenchyma","ExNeuron2","ExNeuron4",-0.663247767238589,0.336752232761411,0.84802569564005,4
"Parenchyma","ExNeuron2","ExNeuron5",0.667354780351535,0.332645219648465,0.841779467814576,4
"Parenchyma","ExNeuron2","ExNeuron6",0.421030176505536,0.578969823494464,0.915662867185568,4
"Parenchyma","ExNeuron2","ExNeuron7",-0.953194184934861,0.0468058150651386,0.720838068430803,4
"Parenchyma","ExNeuron2","ExNeuron8",-0.345803139332717,0.654196860667283,0.928101469378433,4
"Parenchyma","ExNeuron2","ExNeuron9",-0.598796676035689,0.401203323964311,0.852432039073204,4
"Parenchyma","ExNeuron2","Fibroblast",0.487884096188394,0.512115903811606,0.880349091954763,4
"Parenchyma","ExNeuron2","InhNeuron1",0.467554385150503,0.532445614849497,0.884560531892824,4
"Parenchyma","ExNeuron2","InhNeuron2",0.299586979814842,0.700413020185158,0.936183484414736,4
"Parenchyma","ExNeuron2","InhNeuron3",-0.50782680419452,0.49217319580548,0.878688357148268,4
"Parenchyma","ExNeuron2","InhNeuron4",0.100293884272967,0.899706115727033,0.973710711288121,4
"Parenchyma","ExNeuron2","InhNeuron5",0.691927304226645,0.308072695773355,0.826628541225427,4
"Parenchyma","ExNeuron2","Microglia1",0.196054126979764,0.803945873020236,0.959006064769924,4
"Parenchyma","ExNeuron2","Microglia2",-0.114280557477724,0.885719442522276,0.97138227802436,4
"Parenchyma","ExNeuron2","Microglia3",0.532868430020377,0.467131569979623,0.865055095362587,4
"Parenchyma","ExNeuron2","Microglia4",-0.328244919546547,0.671755080453453,0.928101469378433,4
"Parenchyma","ExNeuron2","Microglia5",0.343549178823495,0.656450821176505,0.928101469378433,4
"Parenchyma","ExNeuron2","Oligodendrocytes1",-0.525957743243358,0.474042256756642,0.866622530392033,4
"Parenchyma","ExNeuron2","Oligodendrocytes2",0.306302931142133,0.693697068857867,0.934114009992912,4
"Parenchyma","ExNeuron2","Oligodendrocytes3",0.156624707515427,0.843375292484573,0.963517602566528,4
"Parenchyma","ExNeuron2","Oligodendrocytes4",-0.192001174257243,0.807998825742757,0.959460176184437,4
"Parenchyma","ExNeuron2","Oligodendrocytes5",0.492164311153577,0.507835688846423,0.880349091954763,4
"Parenchyma","ExNeuron2","Oligodendrocytes6",-0.129314449898577,0.870685550101423,0.967434460935356,4
"Parenchyma","ExNeuron2","Oligodendrocytes7",-0.241598104328091,0.758401895671909,0.950297774843131,4
"Parenchyma","ExNeuron2","Oligodendrocytes8",-0.969580572791139,0.0304194272088606,0.711437672114937,4
"Parenchyma","ExNeuron2","OPC1",-0.562726324542963,0.437273675457037,0.853921234147232,4
"Parenchyma","ExNeuron2","OPC2",-0.452459677341481,0.547540322658519,0.890017910784793,4
"Parenchyma","ExNeuron2","OPC3",0.654253234527091,0.345746765472909,0.852432039073204,4
"Parenchyma","ExNeuron2","Pericytes",0.49678321954349,0.50321678045651,0.880349091954763,4
"Parenchyma","ExNeuron2","SMC",0.727757474669442,0.272242525330558,0.826123724439241,4
"Parenchyma","ExNeuron2","VLMC1",0.184153042873382,0.815846957126618,0.961574292989214,4
"Parenchyma","ExNeuron2","VLMC2",-0.410140668954045,0.589859331045954,0.917170264560365,4
"Parenchyma","ExNeuron3","ExNeuron4",0.960819374579177,0.0391806254208226,0.711437672114937,4
"Parenchyma","ExNeuron3","ExNeuron5",-0.809390237069822,0.190609762930178,0.814210005134212,4
"Parenchyma","ExNeuron3","ExNeuron6",-0.483395891037118,0.516604108962882,0.880349091954763,4
"Parenchyma","ExNeuron3","ExNeuron7",0.955779418176941,0.0442205818230591,0.720838068430803,4
"Parenchyma","ExNeuron3","ExNeuron8",0.58996426450212,0.41003573549788,0.852432039073204,4
"Parenchyma","ExNeuron3","ExNeuron9",0.848591600686011,0.151408399313989,0.78442539920821,4
"Parenchyma","ExNeuron3","Fibroblast",-0.897200169834578,0.102799830165422,0.743585953843347,4
"Parenchyma","ExNeuron3","InhNeuron1",-0.605332761555882,0.394667238444118,0.852432039073204,4
"Parenchyma","ExNeuron3","InhNeuron2",-0.631123434987902,0.368876565012098,0.852432039073204,4
"Parenchyma","ExNeuron3","InhNeuron3",0.380625423912485,0.619374576087515,0.92432711063372,4
"Parenchyma","ExNeuron3","InhNeuron4",-0.19480553595646,0.80519446404354,0.959006064769924,4
"Parenchyma","ExNeuron3","InhNeuron5",-0.891948046760332,0.108051953239668,0.743585953843347,4
"Parenchyma","ExNeuron3","Microglia1",-0.52857712097807,0.47142287902193,0.865055095362587,4
"Parenchyma","ExNeuron3","Microglia2",-0.457894330043184,0.542105669956816,0.887783810767886,4
"Parenchyma","ExNeuron3","Microglia3",-0.907317958769145,0.0926820412308553,0.743585953843347,4
"Parenchyma","ExNeuron3","Microglia4",0.197693585632324,0.802306414367675,0.959006064769924,4
"Parenchyma","ExNeuron3","Microglia5",-0.324112584007226,0.675887415992773,0.928101469378433,4
"Parenchyma","ExNeuron3","Oligodendrocytes1",0.652549406847878,0.347450593152122,0.852432039073204,4
"Parenchyma","ExNeuron3","Oligodendrocytes2",-0.731126375959653,0.268873624040347,0.826123724439241,4
"Parenchyma","ExNeuron3","Oligodendrocytes3",-0.32265253678869,0.67734746321131,0.928101469378433,4
"Parenchyma","ExNeuron3","Oligodendrocytes4",0.154050833662908,0.845949166337092,0.964270250174989,4
"Parenchyma","ExNeuron3","Oligodendrocytes5",-0.136833606606891,0.863166393393109,0.967252733847609,4
"Parenchyma","ExNeuron3","Oligodendrocytes6",-0.0447631461477361,0.955236853852264,0.991903194794928,4
"Parenchyma","ExNeuron3","Oligodendrocytes7",0.23732551674228,0.76267448325772,0.951555735772971,4
"Parenchyma","ExNeuron3","Oligodendrocytes8",0.714511867468936,0.285488132531063,0.826123724439241,4
"Parenchyma","ExNeuron3","OPC1",0.914180813930062,0.0858191860699377,0.743585953843347,4
"Parenchyma","ExNeuron3","OPC2",0.794537169147974,0.205462830852026,0.821520343950709,4
"Parenchyma","ExNeuron3","OPC3",-0.125827264203068,0.874172735796932,0.967434460935356,4
"Parenchyma","ExNeuron3","Pericytes",-0.850946205703162,0.149053794296838,0.78442539920821,4
"Parenchyma","ExNeuron3","SMC",-0.943588505251147,0.0564114947488526,0.738468404773767,4
"Parenchyma","ExNeuron3","VLMC1",-0.709603346225529,0.29039665377447,0.826628541225427,4
"Parenchyma","ExNeuron3","VLMC2",0.750768685057706,0.249231314942294,0.826123724439241,4
"Parenchyma","ExNeuron4","ExNeuron5",-0.872340609250445,0.127659390749555,0.765013419142553,4
"Parenchyma","ExNeuron4","ExNeuron6",-0.596878315078925,0.403121684921075,0.852432039073204,4
"Parenchyma","ExNeuron4","ExNeuron7",0.848420212713389,0.151579787286611,0.78442539920821,4
"Parenchyma","ExNeuron4","ExNeuron8",0.497793398360045,0.502206601639955,0.880349091954763,4
"Parenchyma","ExNeuron4","ExNeuron9",0.77410213584823,0.22589786415177,0.826123724439241,4
"Parenchyma","ExNeuron4","Fibroblast",-0.961175588675496,0.0388244113245036,0.711437672114937,4
"Parenchyma","ExNeuron4","InhNeuron1",-0.722375422808261,0.277624577191739,0.826123724439241,4
"Parenchyma","ExNeuron4","InhNeuron2",-0.802358103007877,0.197641896992123,0.814210005134212,4
"Parenchyma","ExNeuron4","InhNeuron3",0.149581663750307,0.850418336249693,0.967234041778496,4
"Parenchyma","ExNeuron4","InhNeuron4",-0.368847565506031,0.631152434493969,0.92432711063372,4
"Parenchyma","ExNeuron4","InhNeuron5",-0.945979201387509,0.054020798612491,0.738468404773767,4
"Parenchyma","ExNeuron4","Microglia1",-0.483287906035787,0.516712093964213,0.880349091954763,4
"Parenchyma","ExNeuron4","Microglia2",-0.601594754002328,0.398405245997672,0.852432039073204,4
"Parenchyma","ExNeuron4","Microglia3",-0.926482796751825,0.0735172032481752,0.740378053100563,4
"Parenchyma","ExNeuron4","Microglia4",0.275882904172229,0.724117095827771,0.941534163544903,4
"Parenchyma","ExNeuron4","Microglia5",-0.12942047226395,0.87057952773605,0.967434460935356,4
"Parenchyma","ExNeuron4","Oligodendrocytes1",0.75406975946434,0.24593024053566,0.826123724439241,4
"Parenchyma","ExNeuron4","Oligodendrocytes2",-0.890993162337825,0.109006837662175,0.743585953843347,4
"Parenchyma","ExNeuron4","Oligodendrocytes3",-0.203151055201969,0.796848944798031,0.958842045713739,4
"Parenchyma","ExNeuron4","Oligodendrocytes4",0.28106341994655,0.71893658005345,0.938724475201013,4
"Parenchyma","ExNeuron4","Oligodendrocytes5",0.137275386580305,0.862724613419695,0.967252733847609,4
"Parenchyma","ExNeuron4","Oligodendrocytes6",0.0457773958483056,0.954222604151694,0.991903194794928,4
"Parenchyma","ExNeuron4","Oligodendrocytes7",0.366425296711703,0.633574703288297,0.92432711063372,4
"Parenchyma","ExNeuron4","Oligodendrocytes8",0.567019752169503,0.432980247830497,0.852432039073204,4
"Parenchyma","ExNeuron4","OPC1",0.916524968403286,0.0834750315967143,0.743585953843347,4
"Parenchyma","ExNeuron4","OPC2",0.923045867580416,0.0769541324195845,0.740378053100563,4
"Parenchyma","ExNeuron4","OPC3",0.063634762319785,0.936365237680215,0.985898291962383,4
"Parenchyma","ExNeuron4","Pericytes",-0.836252356088061,0.163747643911939,0.794426112542788,4
"Parenchyma","ExNeuron4","SMC",-0.874296468775032,0.125703531224968,0.760837162677436,4
"Parenchyma","ExNeuron4","VLMC1",-0.840513278963353,0.159486721036647,0.794426112542788,4
"Parenchyma","ExNeuron4","VLMC2",0.892748822450989,0.107251177549011,0.743585953843347,4
"Parenchyma","ExNeuron5","ExNeuron6",0.90487145288641,0.0951285471135904,0.743585953843347,4
"Parenchyma","ExNeuron5","ExNeuron7",-0.759701157443512,0.240298842556488,0.826123724439241,4
"Parenchyma","ExNeuron5","ExNeuron8",-0.02549494661816,0.97450505338184,0.99333668360057,4
"Parenchyma","ExNeuron5","ExNeuron9",-0.393473760894907,0.606526239105093,0.920461374594972,4
"Parenchyma","ExNeuron5","Fibroblast",0.724547488888421,0.275452511111579,0.826123724439241,4
"Parenchyma","ExNeuron5","InhNeuron1",0.956215183603881,0.0437848163961186,0.720838068430803,4
"Parenchyma","ExNeuron5","InhNeuron2",0.904743402449251,0.0952565975507495,0.743585953843347,4
"Parenchyma","ExNeuron5","InhNeuron3",0.19571958502613,0.80428041497387,0.959006064769924,4
"Parenchyma","ExNeuron5","InhNeuron4",0.730134472029066,0.269865527970933,0.826123724439241,4
"Parenchyma","ExNeuron5","InhNeuron5",0.983684682115793,0.0163153178842068,0.711437672114937,4
"Parenchyma","ExNeuron5","Microglia1",-0.00579825153600968,0.99420174846399,0.997367755073157,4
"Parenchyma","ExNeuron5","Microglia2",0.249212193831574,0.750787806168426,0.948028630844828,4
"Parenchyma","ExNeuron5","Microglia3",0.624438064120606,0.375561935879394,0.852432039073204,4
"Parenchyma","ExNeuron5","Microglia4",-0.71017964520154,0.28982035479846,0.826628541225427,4
"Parenchyma","ExNeuron5","Microglia5",-0.28728535114681,0.71271464885319,0.938724475201013,4
"Parenchyma","ExNeuron5","Oligodendrocytes1",-0.972979177657871,0.0270208223421289,0.711437672114937,4
"Parenchyma","ExNeuron5","Oligodendrocytes2",0.849726760664698,0.150273239335302,0.78442539920821,4
"Parenchyma","ExNeuron5","Oligodendrocytes3",-0.283506549271293,0.716493450728707,0.938724475201013,4
"Parenchyma","ExNeuron5","Oligodendrocytes4",-0.701225353397484,0.298774646602516,0.826628541225427,4
"Parenchyma","ExNeuron5","Oligodendrocytes5",-0.317319254722968,0.682680745277032,0.928481696927369,4
"Parenchyma","ExNeuron5","Oligodendrocytes6",-0.525241570306973,0.474758429693027,0.866622530392033,4
"Parenchyma","ExNeuron5","Oligodendrocytes7",-0.76072123278541,0.23927876721459,0.826123724439241,4
"Parenchyma","ExNeuron5","Oligodendrocytes8",-0.694321029993563,0.305678970006437,0.826628541225427,4
"Parenchyma","ExNeuron5","OPC1",-0.604830329413409,0.395169670586591,0.852432039073204,4
"Parenchyma","ExNeuron5","OPC2",-0.931680571040964,0.0683194289590357,0.740378053100563,4
"Parenchyma","ExNeuron5","OPC3",0.225846001988602,0.774153998011398,0.952601772557366,4
"Parenchyma","ExNeuron5","Pericytes",0.462849739973902,0.537150260026098,0.886290260603587,4
"Parenchyma","ExNeuron5","SMC",0.575846704517082,0.424153295482918,0.852432039073204,4
"Parenchyma","ExNeuron5","VLMC1",0.573746916741109,0.426253083258891,0.852432039073204,4
"Parenchyma","ExNeuron5","VLMC2",-0.929842078360086,0.0701579216399139,0.740378053100563,4
"Parenchyma","ExNeuron6","ExNeuron7",-0.452441314621104,0.547558685378896,0.890017910784793,4
"Parenchyma","ExNeuron6","ExNeuron8",0.397221652371732,0.602778347628268,0.917464102640085,4
"Parenchyma","ExNeuron6","ExNeuron9",0.0332929663518817,0.966707033648118,0.99333668360057,4
"Parenchyma","ExNeuron6","Fibroblast",0.414514669411493,0.585485330588507,0.915662867185568,4
"Parenchyma","ExNeuron6","InhNeuron1",0.984839187565497,0.0151608124345026,0.711437672114937,4
"Parenchyma","ExNeuron6","InhNeuron2",0.876940522031046,0.123059477968954,0.760382170438316,4
"Parenchyma","ExNeuron6","InhNeuron3",0.553175650380066,0.446824349619934,0.856576141536058,4
"Parenchyma","ExNeuron6","InhNeuron4",0.942562744375238,0.0574372556247623,0.738468404773767,4
"Parenchyma","ExNeuron6","InhNeuron5",0.818087933649622,0.181912066350378,0.794426112542788,4
"Parenchyma","ExNeuron6","Microglia1",-0.406136671697706,0.593863328302294,0.917170264560365,4
"Parenchyma","ExNeuron6","Microglia2",0.00775386431774484,0.992246135682255,0.997062864496247,4
"Parenchyma","ExNeuron6","Microglia3",0.260595077502932,0.739404922497068,0.946090882810535,4
"Parenchyma","ExNeuron6","Microglia4",-0.925835096853512,0.0741649031464877,0.740378053100563,4
"Parenchyma","ExNeuron6","Microglia5",-0.656595007347896,0.343404992652104,0.850297051184037,4
"Parenchyma","ExNeuron6","Oligodendrocytes1",-0.977024921278366,0.0229750787216344,0.711437672114937,4
"Parenchyma","ExNeuron6","Oligodendrocytes2",0.717785365880071,0.282214634119929,0.826123724439241,4
"Parenchyma","ExNeuron6","Oligodendrocytes3",-0.66232221848234,0.33767778151766,0.848292485123249,4
"Parenchyma","ExNeuron6","Oligodendrocytes4",-0.937301599087607,0.0626984009123926,0.738468404773767,4
"Parenchyma","ExNeuron6","Oligodendrocytes5",-0.545908380315497,0.454091619684503,0.856576141536058,4
"Parenchyma","ExNeuron6","Oligodendrocytes6",-0.825509008805779,0.174490991194221,0.794426112542788,4
"Parenchyma","ExNeuron6","Oligodendrocytes7",-0.964517771920407,0.035482228079593,0.711437672114937,4
"Parenchyma","ExNeuron6","Oligodendrocytes8",-0.543601126610614,0.456398873389386,0.856576141536058,4
"Parenchyma","ExNeuron6","OPC1",-0.228062342205826,0.771937657794174,0.952601772557366,4
"Parenchyma","ExNeuron6","OPC2",-0.800323300735326,0.199676699264674,0.814210005134212,4
"Parenchyma","ExNeuron6","OPC3",0.282256612445282,0.717743387554718,0.938724475201013,4
"Parenchyma","ExNeuron6","Pericytes",0.0613651452351008,0.938634854764899,0.987283612481373,4
"Parenchyma","ExNeuron6","SMC",0.173086450242824,0.826913549757176,0.961574292989214,4
"Parenchyma","ExNeuron6","VLMC1",0.315403192683385,0.684596807316615,0.928647045311528,4
"Parenchyma","ExNeuron6","VLMC2",-0.828758024969463,0.171241975030537,0.794426112542788,4
"Parenchyma","ExNeuron7","ExNeuron8",0.51057526171091,0.48942473828909,0.878688357148268,4
"Parenchyma","ExNeuron7","ExNeuron9",0.771822592490988,0.228177407509012,0.826123724439241,4
"Parenchyma","ExNeuron7","Fibroblast",-0.728140365849968,0.271859634150032,0.826123724439241,4
"Parenchyma","ExNeuron7","InhNeuron1",-0.543159391180769,0.456840608819231,0.856576141536058,4
"Parenchyma","ExNeuron7","InhNeuron2",-0.47314712150396,0.52685287849604,0.884201124032072,4
"Parenchyma","ExNeuron7","InhNeuron3",0.485302144849049,0.514697855150951,0.880349091954763,4
"Parenchyma","ExNeuron7","InhNeuron4",-0.131210177810219,0.868789822189781,0.967434460935356,4
"Parenchyma","ExNeuron7","InhNeuron5",-0.819683553303846,0.180316446696154,0.794426112542788,4
"Parenchyma","ExNeuron7","Microglia1",-0.399905054637582,0.600094945362418,0.917464102640085,4
"Parenchyma","ExNeuron7","Microglia2",-0.189086020403512,0.810913979596488,0.959460176184437,4
"Parenchyma","ExNeuron7","Microglia3",-0.761270303969898,0.238729696030101,0.826123724439241,4
"Parenchyma","ExNeuron7","Microglia4",0.251375918987204,0.748624081012796,0.947219955804699,4
"Parenchyma","ExNeuron7","Microglia5",-0.372405127641139,0.627594872358861,0.92432711063372,4
"Parenchyma","ExNeuron7","Oligodendrocytes1",0.599271881365608,0.400728118634392,0.852432039073204,4
"Parenchyma","ExNeuron7","Oligodendrocytes2",-0.535378860949219,0.464621139050781,0.865055095362587,4
"Parenchyma","ExNeuron7","Oligodendrocytes3",-0.274906314656979,0.725093685343021,0.941621034291125,4
"Parenchyma","ExNeuron7","Oligodendrocytes4",0.156762345387527,0.843237654612472,0.963517602566528,4
"Parenchyma","ExNeuron7","Oligodendrocytes5",-0.34466119899011,0.65533880100989,0.928101469378433,4
"Parenchyma","ExNeuron7","Oligodendrocytes6",0.0195116321286254,0.980488367871375,0.995883670997912,4
"Parenchyma","ExNeuron7","Oligodendrocytes7",0.226897275326901,0.773102724673099,0.952601772557366,4
"Parenchyma","ExNeuron7","Oligodendrocytes8",0.874979099982013,0.125020900017987,0.760837162677436,4
"Parenchyma","ExNeuron7","OPC1",0.781382552184777,0.218617447815223,0.826123724439241,4
"Parenchyma","ExNeuron7","OPC2",0.643216254094517,0.356783745905483,0.852432039073204,4
"Parenchyma","ExNeuron7","OPC3",-0.399404238229734,0.600595761770266,0.917464102640085,4
"Parenchyma","ExNeuron7","Pericytes",-0.717574601840007,0.282425398159993,0.826123724439241,4
"Parenchyma","ExNeuron7","SMC",-0.88441111622018,0.11558888377982,0.743585953843347,4
"Parenchyma","ExNeuron7","VLMC1",-0.471708222079198,0.528291777920802,0.884201124032072,4
"Parenchyma","ExNeuron7","VLMC2",0.596730802717698,0.403269197282302,0.852432039073204,4
"Parenchyma","ExNeuron8","ExNeuron9",0.927633410645131,0.0723665893548685,0.740378053100563,4
"Parenchyma","ExNeuron8","Fibroblast",-0.63920236710189,0.36079763289811,0.852432039073204,4
"Parenchyma","ExNeuron8","InhNeuron1",0.240141227357236,0.759858772642764,0.950971982690762,4
"Parenchyma","ExNeuron8","InhNeuron2",0.0488945015390937,0.951105498460906,0.991903194794928,4
"Parenchyma","ExNeuron8","InhNeuron3",0.800604472330314,0.199395527669686,0.814210005134212,4
"Parenchyma","ExNeuron8","InhNeuron4",0.608789177211218,0.391210822788781,0.852432039073204,4
"Parenchyma","ExNeuron8","InhNeuron5",-0.20170073153014,0.79829926846986,0.958842045713739,4
"Parenchyma","ExNeuron8","Microglia1",-0.982337572410581,0.017662427589419,0.711437672114937,4
"Parenchyma","ExNeuron8","Microglia2",-0.640198561168851,0.359801438831149,0.852432039073204,4
"Parenchyma","ExNeuron8","Microglia3",-0.7712169018501,0.2287830981499,0.826123724439241,4
"Parenchyma","ExNeuron8","Microglia4",-0.674835532766039,0.325164467233961,0.830177098692426,4
"Parenchyma","ExNeuron8","Microglia5",-0.877867253121209,0.122132746878791,0.760382170438316,4
"Parenchyma","ExNeuron8","Oligodendrocytes1",-0.192590934243748,0.807409065756252,0.959460176184437,4
"Parenchyma","ExNeuron8","Oligodendrocytes2",-0.220608503311717,0.779391496688283,0.953449510294996,4
"Parenchyma","ExNeuron8","Oligodendrocytes3",-0.950323410562139,0.049676589437861,0.738468404773767,4
"Parenchyma","ExNeuron8","Oligodendrocytes4",-0.691999806590675,0.308000193409325,0.826628541225427,4
"Parenchyma","ExNeuron8","Oligodendrocytes5",-0.478114022170308,0.521885977829692,0.880349091954763,4
"Parenchyma","ExNeuron8","Oligodendrocytes6",-0.832963267093726,0.167036732906274,0.794426112542788,4
"Parenchyma","ExNeuron8","Oligodendrocytes7",-0.624372872365136,0.375627127634864,0.852432039073204,4
"Parenchyma","ExNeuron8","Oligodendrocytes8",0.105760092656405,0.894239907343595,0.97220410094603,4
"Parenchyma","ExNeuron8","OPC1",0.797808203111742,0.202191796888258,0.817455116325575,4
"Parenchyma","ExNeuron8","OPC2",0.177538091023277,0.822461908976723,0.961574292989214,4
"Parenchyma","ExNeuron8","OPC3",0.324770229716737,0.675229770283263,0.928101469378433,4
"Parenchyma","ExNeuron8","Pericytes",-0.885354802332576,0.114645197667424,0.743585953843347,4
"Parenchyma","ExNeuron8","SMC",-0.823754448306942,0.176245551693058,0.794426112542788,4
"Parenchyma","ExNeuron8","VLMC1",-0.591325971408578,0.408674028591422,0.852432039073204,4
"Parenchyma","ExNeuron8","VLMC2",0.110441799791926,0.889558200208074,0.97138227802436,4
"Parenchyma","ExNeuron9","Fibroblast",-0.839681535353916,0.160318464646084,0.794426112542788,4
"Parenchyma","ExNeuron9","InhNeuron1",-0.126941711938987,0.873058288061013,0.967434460935356,4
"Parenchyma","ExNeuron9","InhNeuron2",-0.268356691013432,0.731643308986568,0.945381803746689,4
"Parenchyma","ExNeuron9","InhNeuron3",0.691385498219003,0.308614501780997,0.826628541225427,4
"Parenchyma","ExNeuron9","InhNeuron4",0.302670005815723,0.697329994184277,0.935652109355548,4
"Parenchyma","ExNeuron9","InhNeuron5",-0.547487137563122,0.452512862436878,0.856576141536058,4
"Parenchyma","ExNeuron9","Microglia1",-0.89035683510954,0.10964316489046,0.743585953843347,4
"Parenchyma","ExNeuron9","Microglia2",-0.642458134495911,0.357541865504089,0.852432039073204,4
"Parenchyma","ExNeuron9","Microglia3",-0.929039939499338,0.0709600605006615,0.740378053100563,4
"Parenchyma","ExNeuron9","Microglia4",-0.350496430325906,0.649503569674094,0.928101469378433,4
"Parenchyma","ExNeuron9","Microglia5",-0.718500014900342,0.281499985099657,0.826123724439241,4
"Parenchyma","ExNeuron9","Oligodendrocytes1",0.179243571835509,0.820756428164491,0.961574292989214,4
"Parenchyma","ExNeuron9","Oligodendrocytes2",-0.491941881480427,0.508058118519573,0.880349091954763,4
"Parenchyma","ExNeuron9","Oligodendrocytes3",-0.770036375777571,0.229963624222429,0.826123724439241,4
"Parenchyma","ExNeuron9","Oligodendrocytes4",-0.379154780222047,0.620845219777953,0.92432711063372,4
"Parenchyma","ExNeuron9","Oligodendrocytes5",-0.363385810883656,0.636614189116343,0.924491276406796,4
"Parenchyma","ExNeuron9","Oligodendrocytes6",-0.566052569368716,0.433947430631284,0.852432039073204,4
"Parenchyma","ExNeuron9","Oligodendrocytes7",-0.295953981412529,0.704046018587471,0.938629393975591,4
"Parenchyma","ExNeuron9","Oligodendrocytes8",0.390734983513814,0.609265016486186,0.922199196792837,4
"Parenchyma","ExNeuron9","OPC1",0.948815559468646,0.0511844405313537,0.738468404773767,4
"Parenchyma","ExNeuron9","OPC2",0.490895077169505,0.509104922830495,0.880349091954763,4
"Parenchyma","ExNeuron9","OPC3",0.167564670030594,0.832435329969406,0.961574292989214,4
"Parenchyma","ExNeuron9","Pericytes",-0.97656764097141,0.0234323590285904,0.711437672114937,4
"Parenchyma","ExNeuron9","SMC",-0.975410185361657,0.0245898146383429,0.711437672114937,4
"Parenchyma","ExNeuron9","VLMC1",-0.725418742332161,0.274581257667839,0.826123724439241,4
"Parenchyma","ExNeuron9","VLMC2",0.427144094141306,0.572855905858694,0.913568355260012,4
"Parenchyma","Fibroblast","InhNeuron1",0.565924884693106,0.434075115306894,0.852432039073204,4
"Parenchyma","Fibroblast","InhNeuron2",0.73641313571986,0.26358686428014,0.826123724439241,4
"Parenchyma","Fibroblast","InhNeuron3",-0.191415274552601,0.808584725447399,0.959460176184437,4
"Parenchyma","Fibroblast","InhNeuron4",0.220140492994038,0.779859507005962,0.953449510294996,4
"Parenchyma","Fibroblast","InhNeuron5",0.832570970753363,0.167429029246637,0.794426112542788,4
"Parenchyma","Fibroblast","Microglia1",0.661258766375723,0.338741233624277,0.848903575789654,4
"Parenchyma","Fibroblast","Microglia2",0.793236461325669,0.206763538674331,0.821520343950709,4
"Parenchyma","Fibroblast","Microglia3",0.980823445341793,0.0191765546582072,0.711437672114937,4
"Parenchyma","Fibroblast","Microglia4",-0.0473140894972377,0.952685910502762,0.991903194794928,4
"Parenchyma","Fibroblast","Microglia5",0.23242170579661,0.76757829420339,0.952601772557366,4
"Parenchyma","Fibroblast","Oligodendrocytes1",-0.593144258117056,0.406855741882944,0.852432039073204,4
"Parenchyma","Fibroblast","Oligodendrocytes2",0.88527676814317,0.11472323185683,0.743585953843347,4
"Parenchyma","Fibroblast","Oligodendrocytes3",0.375571203312788,0.624428796687212,0.92432711063372,4
"Parenchyma","Fibroblast","Oligodendrocytes4",-0.0861291887678592,0.913870811232141,0.979174220020057,4
"Parenchyma","Fibroblast","Oligodendrocytes5",-0.171431331851774,0.828568668148226,0.961574292989214,4
"Parenchyma","Fibroblast","Oligodendrocytes6",0.17076349256466,0.82923650743534,0.961574292989214,4
"Parenchyma","Fibroblast","Oligodendrocytes7",-0.175608585543656,0.824391414456344,0.961574292989214,4
"Parenchyma","Fibroblast","Oligodendrocytes8",-0.34411484454688,0.65588515545312,0.928101469378433,4
"Parenchyma","Fibroblast","OPC1",-0.968209775219041,0.031790224780959,0.711437672114937,4
"Parenchyma","Fibroblast","OPC2",-0.869008879839598,0.130991120160402,0.770317098670549,4
"Parenchyma","Fibroblast","OPC3",-0.315763469102214,0.684236530897786,0.928647045311528,4
"Parenchyma","Fibroblast","Pericytes",0.922495409690183,0.0775045903098169,0.740378053100563,4
"Parenchyma","Fibroblast","SMC",0.885177036904063,0.114822963095937,0.743585953843347,4
"Parenchyma","Fibroblast","VLMC1",0.947821512078804,0.0521784879211959,0.738468404773767,4
"Parenchyma","Fibroblast","VLMC2",-0.834550442579256,0.165449557420744,0.794426112542788,4
"Parenchyma","InhNeuron1","InhNeuron2",0.936674535133481,0.0633254648665192,0.738468404773767,4
"Parenchyma","InhNeuron1","InhNeuron3",0.470263074569742,0.529736925430258,0.884201124032072,4
"Parenchyma","InhNeuron1","InhNeuron4",0.898022477767528,0.101977522232472,0.743585953843347,4
"Parenchyma","InhNeuron1","InhNeuron5",0.898102361395688,0.101897638604312,0.743585953843347,4
"Parenchyma","InhNeuron1","Microglia1",-0.242522508234915,0.757477491765085,0.950297774843131,4
"Parenchyma","InhNeuron1","Microglia2",0.162063920080125,0.837936079919875,0.963517602566528,4
"Parenchyma","InhNeuron1","Microglia3",0.421944123581262,0.578055876418738,0.915662867185568,4
"Parenchyma","InhNeuron1","Microglia4",-0.847101969859256,0.152898030140744,0.784974022352696,4
"Parenchyma","InhNeuron1","Microglia5",-0.554679925240712,0.445320074759288,0.856576141536058,4
"Parenchyma","InhNeuron1","Oligodendrocytes1",-0.997622222997503,0.00237777700249685,0.687405917961288,4
"Parenchyma","InhNeuron1","Oligodendrocytes2",0.82091212713196,0.17908787286804,0.794426112542788,4
"Parenchyma","InhNeuron1","Oligodendrocytes3",-0.530310960914059,0.469689039085941,0.865055095362587,4
"Parenchyma","InhNeuron1","Oligodendrocytes4",-0.866358494779935,0.133641505220065,0.77707279720656,4
"Parenchyma","InhNeuron1","Oligodendrocytes5",-0.533919008263232,0.466080991736768,0.865055095362587,4
"Parenchyma","InhNeuron1","Oligodendrocytes6",-0.715554153253427,0.284445846746573,0.826123724439241,4
"Parenchyma","InhNeuron1","Oligodendrocytes7",-0.907969749374583,0.0920302506254167,0.743585953843347,4
"Parenchyma","InhNeuron1","Oligodendrocytes8",-0.551298071895891,0.448701928104109,0.856576141536058,4
"Parenchyma","InhNeuron1","OPC1",-0.389655604054982,0.610344395945018,0.922199196792837,4
"Parenchyma","InhNeuron1","OPC2",-0.891333643288841,0.108666356711159,0.743585953843347,4
"Parenchyma","InhNeuron1","OPC3",0.188862169892384,0.811137830107616,0.959460176184437,4
"Parenchyma","InhNeuron1","Pericytes",0.229982492491274,0.770017507508726,0.952601772557366,4
"Parenchyma","InhNeuron1","SMC",0.322016564570742,0.677983435429258,0.928101469378433,4
"Parenchyma","InhNeuron1","VLMC1",0.468678324269628,0.531321675730372,0.884201124032072,4
"Parenchyma","InhNeuron1","VLMC2",-0.910884903817506,0.089115096182494,0.743585953843347,4
"Parenchyma","InhNeuron2","InhNeuron3",0.469698313326805,0.530301686673195,0.884201124032072,4
"Parenchyma","InhNeuron2","InhNeuron4",0.819203490309909,0.180796509690091,0.794426112542788,4
"Parenchyma","InhNeuron2","InhNeuron5",0.891494536483356,0.108505463516644,0.743585953843347,4
"Parenchyma","InhNeuron2","Microglia1",0.00148988485308239,0.998510115146918,0.998510115146918,4
"Parenchyma","InhNeuron2","Microglia2",0.487161234470315,0.512838765529685,0.880349091954763,4
"Parenchyma","InhNeuron2","Microglia3",0.593725863071711,0.406274136928289,0.852432039073204,4
"Parenchyma","InhNeuron2","Microglia4",-0.640727586877962,0.359272413122038,0.852432039073204,4
"Parenchyma","InhNeuron2","Microglia5",-0.476995047991506,0.523004952008494,0.880349091954763,4
"Parenchyma","InhNeuron2","Oligodendrocytes1",-0.928523020033782,0.0714769799662181,0.740378053100563,4
"Parenchyma","InhNeuron2","Oligodendrocytes2",0.959429155865541,0.0405708441344589,0.720838068430803,4
"Parenchyma","InhNeuron2","Oligodendrocytes3",-0.344795837181734,0.655204162818266,0.928101469378433,4
"Parenchyma","InhNeuron2","Oligodendrocytes4",-0.71219468502877,0.28780531497123,0.826123724439241,4
"Parenchyma","InhNeuron2","Oligodendrocytes5",-0.663887330554706,0.336112669445294,0.84802569564005,4
"Parenchyma","InhNeuron2","Oligodendrocytes6",-0.500184792839859,0.499815207160141,0.880349091954763,4
"Parenchyma","InhNeuron2","Oligodendrocytes7",-0.768713572081842,0.231286427918158,0.826123724439241,4
"Parenchyma","InhNeuron2","Oligodendrocytes8",-0.321975823113281,0.678024176886719,0.928101469378433,4
"Parenchyma","InhNeuron2","OPC1",-0.552653341954975,0.447346658045025,0.856576141536058,4
"Parenchyma","InhNeuron2","OPC2",-0.970023925909467,0.0299760740905328,0.711437672114937,4
"Parenchyma","InhNeuron2","OPC3",-0.156572997173648,0.843427002826352,0.963517602566528,4
"Parenchyma","InhNeuron2","Pericytes",0.418377643277196,0.581622356722804,0.915662867185568,4
"Parenchyma","InhNeuron2","SMC",0.414180001343003,0.585819998656997,0.915662867185568,4
"Parenchyma","InhNeuron2","VLMC1",0.721653306685129,0.278346693314871,0.826123724439241,4
"Parenchyma","InhNeuron2","VLMC2",-0.98514720175961,0.0148527982403903,0.711437672114937,4
"Parenchyma","InhNeuron3","InhNeuron4",0.799662954286039,0.200337045713961,0.814210005134212,4
"Parenchyma","InhNeuron3","InhNeuron5",0.0690902087646477,0.930909791235352,0.985898291962383,4
"Parenchyma","InhNeuron3","Microglia1",-0.689998994143901,0.310001005856099,0.826628541225427,4
"Parenchyma","InhNeuron3","Microglia2",-0.0530971213291268,0.946902878670873,0.991903194794928,4
"Parenchyma","InhNeuron3","Microglia3",-0.375955350311682,0.624044649688318,0.92432711063372,4
"Parenchyma","InhNeuron3","Microglia4",-0.628772145194414,0.371227854805586,0.852432039073204,4
"Parenchyma","InhNeuron3","Microglia5",-0.973897814017332,0.0261021859826679,0.711437672114937,4
"Parenchyma","InhNeuron3","Oligodendrocytes1",-0.409035128761022,0.590964871238978,0.917170264560365,4
"Parenchyma","InhNeuron3","Oligodendrocytes2",0.278767012737775,0.721232987262225,0.940146274327964,4
"Parenchyma","InhNeuron3","Oligodendrocytes3",-0.853136058135404,0.146863941864596,0.78442539920821,4
"Parenchyma","InhNeuron3","Oligodendrocytes4",-0.744960829418853,0.255039170581147,0.826123724439241,4
"Parenchyma","InhNeuron3","Oligodendrocytes5",-0.908986550951959,0.0910134490480411,0.743585953843347,4
"Parenchyma","InhNeuron3","Oligodendrocytes6",-0.737185292752024,0.262814707247976,0.826123724439241,4
"Parenchyma","InhNeuron3","Oligodendrocytes7",-0.71323043189763,0.286769568102369,0.826123724439241,4
"Parenchyma","InhNeuron3","Oligodendrocytes8",0.334238984416073,0.665761015583927,0.928101469378433,4
"Parenchyma","InhNeuron3","OPC1",0.430092573510883,0.569907426489117,0.911621851037922,4
"Parenchyma","InhNeuron3","OPC2",-0.242289214758975,0.757710785241025,0.950297774843131,4
"Parenchyma","InhNeuron3","OPC3",-0.201428170622954,0.798571829377046,0.958842045713739,4
"Parenchyma","InhNeuron3","Pericytes",-0.530380214158426,0.469619785841574,0.865055095362587,4
"Parenchyma","InhNeuron3","SMC",-0.604133644230289,0.395866355769711,0.852432039073204,4
"Parenchyma","InhNeuron3","VLMC1",-0.0276947734567704,0.97230522654323,0.99333668360057,4
"Parenchyma","InhNeuron3","VLMC2",-0.311896978516011,0.688103021483989,0.929747555138288,4
"Parenchyma","InhNeuron4","InhNeuron5",0.616495702472776,0.383504297527224,0.852432039073204,4
"Parenchyma","InhNeuron4","Microglia1",-0.571181195021467,0.428818804978533,0.852432039073204,4
"Parenchyma","InhNeuron4","Microglia2",-0.0181763514927363,0.981823648507264,0.996262231573547,4
"Parenchyma","InhNeuron4","Microglia3",0.0352599091100261,0.964740090889974,0.99333668360057,4
"Parenchyma","InhNeuron4","Microglia4",-0.920289060487547,0.079710939512453,0.74325065221071,4
"Parenchyma","InhNeuron4","Microglia5",-0.864178762415283,0.135821237584717,0.779774668904971,4
"Parenchyma","InhNeuron4","Oligodendrocytes1",-0.867853924322145,0.132146075677855,0.772718578116272,4
"Parenchyma","InhNeuron4","Oligodendrocytes2",0.627435718446434,0.372564281553566,0.852432039073204,4
"Parenchyma","InhNeuron4","Oligodendrocytes3",-0.820610208725027,0.179389791274972,0.794426112542788,4
"Parenchyma","InhNeuron4","Oligodendrocytes4",-0.974810007514518,0.0251899924854817,0.711437672114937,4
"Parenchyma","InhNeuron4","Oligodendrocytes5",-0.756906432523084,0.243093567476916,0.826123724439241,4
"Parenchyma","InhNeuron4","Oligodendrocytes6",-0.891698915640166,0.108301084359834,0.743585953843347,4
"Parenchyma","InhNeuron4","Oligodendrocytes7",-0.981540716068982,0.0184592839310178,0.711437672114937,4
"Parenchyma","InhNeuron4","Oligodendrocytes8",-0.258666950763919,0.741333049236081,0.946090882810535,4
"Parenchyma","InhNeuron4","OPC1",0.00982608675616357,0.990173913243836,0.997062864496247,4
"Parenchyma","InhNeuron4","OPC2",-0.672628989546905,0.327371010453095,0.832503675230843,4
"Parenchyma","InhNeuron4","OPC3",0.124806579929497,0.875193420070503,0.967434460935356,4
"Parenchyma","InhNeuron4","Pericytes",-0.170246880805611,0.829753119194389,0.961574292989214,4
"Parenchyma","InhNeuron4","SMC",-0.118750228990359,0.881249771009641,0.970312247866999,4
"Parenchyma","InhNeuron4","VLMC1",0.213950733004187,0.786049266995813,0.956005865265178,4
"Parenchyma","InhNeuron4","VLMC2",-0.721077728470359,0.27892227152964,0.826123724439241,4
"Parenchyma","InhNeuron5","Microglia1",0.174193153175956,0.825806846824044,0.961574292989214,4
"Parenchyma","InhNeuron5","Microglia2",0.381982577883874,0.618017422116126,0.92432711063372,4
"Parenchyma","InhNeuron5","Microglia3",0.754452573546845,0.245547426453155,0.826123724439241,4
"Parenchyma","InhNeuron5","Microglia4",-0.571950625072144,0.428049374927856,0.852432039073204,4
"Parenchyma","InhNeuron5","Microglia5",-0.138532164227926,0.861467835772074,0.967252733847609,4
"Parenchyma","InhNeuron5","Oligodendrocytes1",-0.921312477448249,0.0786875225517507,0.740378053100563,4
"Parenchyma","InhNeuron5","Oligodendrocytes2",0.887572597345828,0.112427402654172,0.743585953843347,4
"Parenchyma","InhNeuron5","Oligodendrocytes3",-0.111208427634207,0.888791572365793,0.97138227802436,4
"Parenchyma","InhNeuron5","Oligodendrocytes4",-0.56647483786734,0.43352516213266,0.852432039073204,4
"Parenchyma","InhNeuron5","Oligodendrocytes5",-0.253806521763812,0.746193478236188,0.946458639674577,4
"Parenchyma","InhNeuron5","Oligodendrocytes6",-0.364186355253047,0.635813644746953,0.924491276406796,4
"Parenchyma","InhNeuron5","Oligodendrocytes7",-0.637285650279369,0.362714349720631,0.852432039073204,4
"Parenchyma","InhNeuron5","Oligodendrocytes8",-0.67434598833901,0.32565401166099,0.830177098692426,4
"Parenchyma","InhNeuron5","OPC1",-0.73822646126639,0.261773538733609,0.826123724439241,4
"Parenchyma","InhNeuron5","OPC2",-0.954814366096953,0.045185633903047,0.720838068430803,4
"Parenchyma","InhNeuron5","OPC3",0.13268496627607,0.86731503372393,0.967434460935356,4
"Parenchyma","InhNeuron5","Pericytes",0.614734916809012,0.385265083190988,0.852432039073204,4
"Parenchyma","InhNeuron5","SMC",0.705524374290439,0.294475625709561,0.826628541225427,4
"Parenchyma","InhNeuron5","VLMC1",0.686016451399669,0.313983548600331,0.826652594676511,4
"Parenchyma","InhNeuron5","VLMC2",-0.942121274699406,0.0578787253005941,0.738468404773767,4
"Parenchyma","Microglia1","Microglia2",0.756804680425907,0.243195319574093,0.826123724439241,4
"Parenchyma","Microglia1","Microglia3",0.775485654081681,0.224514345918319,0.826123724439241,4
"Parenchyma","Microglia1","Microglia4",0.708092645865965,0.291907354134035,0.826628541225427,4
"Parenchyma","Microglia1","Microglia5",0.804513648247098,0.195486351752902,0.814210005134212,4
"Parenchyma","Microglia1","Oligodendrocytes1",0.205051192751473,0.794948807248527,0.958842045713739,4
"Parenchyma","Microglia1","Oligodendrocytes2",0.280764725763861,0.719235274236139,0.938724475201013,4
"Parenchyma","Microglia1","Oligodendrocytes3",0.93453239981694,0.0654676001830598,0.738468404773767,4
"Parenchyma","Microglia1","Oligodendrocytes4",0.690248963740776,0.309751036259224,0.826628541225427,4
"Parenchyma","Microglia1","Oligodendrocytes5",0.329591605196373,0.670408394803627,0.928101469378433,4
"Parenchyma","Microglia1","Oligodendrocytes6",0.850928491330594,0.149071508669406,0.78442539920821,4
"Parenchyma","Microglia1","Oligodendrocytes7",0.62232413518771,0.37767586481229,0.852432039073204,4
"Parenchyma","Microglia1","Oligodendrocytes8",0.0492734997460555,0.950726500253944,0.991903194794928,4
"Parenchyma","Microglia1","OPC1",-0.792834000221125,0.207165999778875,0.821520343950709,4
"Parenchyma","Microglia1","OPC2",-0.206524868943959,0.793475131056041,0.958842045713739,4
"Parenchyma","Microglia1","OPC3",-0.495375510504269,0.504624489495731,0.880349091954763,4
"Parenchyma","Microglia1","Pericytes",0.883612633311476,0.116387366688524,0.743585953843347,4
"Parenchyma","Microglia1","SMC",0.770736590624118,0.229263409375882,0.826123724439241,4
"Parenchyma","Microglia1","VLMC1",0.670939062411039,0.329060937588961,0.834750172560233,4
"Parenchyma","Microglia1","VLMC2",-0.145874556884622,0.854125443115378,0.967252733847609,4
"Parenchyma","Microglia2","Microglia3",0.779665613689645,0.220334386310355,0.826123724439241,4
"Parenchyma","Microglia2","Microglia4",0.352663680258997,0.647336319741003,0.928101469378433,4
"Parenchyma","Microglia2","Microglia5",0.222483205622532,0.777516794377468,0.953449510294996,4
"Parenchyma","Microglia2","Oligodendrocytes1",-0.161386993716567,0.838613006283433,0.963517602566528,4
"Parenchyma","Microglia2","Oligodendrocytes2",0.695338337839555,0.304661662160445,0.826628541225427,4
"Parenchyma","Microglia2","Oligodendrocytes3",0.502951418705384,0.497048581294616,0.880349091954763,4
"Parenchyma","Microglia2","Oligodendrocytes4",0.229024675581076,0.770975324418924,0.952601772557366,4
"Parenchyma","Microglia2","Oligodendrocytes5",-0.366650333840281,0.633349666159719,0.92432711063372,4
"Parenchyma","Microglia2","Oligodendrocytes6",0.468625024977827,0.531374975022173,0.884201124032072,4
"Parenchyma","Microglia2","Oligodendrocytes7",0.159275235241502,0.840724764758498,0.963517602566528,4
"Parenchyma","Microglia2","Oligodendrocytes8",0.293972795196397,0.706027204803603,0.938724475201013,4
"Parenchyma","Microglia2","OPC1",-0.754679793322678,0.245320206677322,0.826123724439241,4
"Parenchyma","Microglia2","OPC2",-0.570636723502528,0.429363276497472,0.852432039073204,4
"Parenchyma","Microglia2","OPC3",-0.824145448853584,0.175854551146416,0.794426112542788,4
"Parenchyma","Microglia2","Pericytes",0.778418417416314,0.221581582583686,0.826123724439241,4
"Parenchyma","Microglia2","SMC",0.572007836708319,0.427992163291681,0.852432039073204,4
"Parenchyma","Microglia2","VLMC1",0.93435836402011,0.0656416359798904,0.738468404773767,4
"Parenchyma","Microglia2","VLMC2",-0.548503407178265,0.451496592821735,0.856576141536058,4
"Parenchyma","Microglia3","Microglia4",0.104645342072969,0.895354657927031,0.9723946180005,4
"Parenchyma","Microglia3","Microglia5",0.417283301518559,0.582716698481441,0.915662867185568,4
"Parenchyma","Microglia3","Oligodendrocytes1",-0.458626486180191,0.541373513819809,0.887783810767886,4
"Parenchyma","Microglia3","Oligodendrocytes2",0.777664914033733,0.222335085966267,0.826123724439241,4
"Parenchyma","Microglia3","Oligodendrocytes3",0.537547334518657,0.462452665481343,0.865055095362587,4
"Parenchyma","Microglia3","Oligodendrocytes4",0.0860724195620111,0.913927580437989,0.979174220020057,4
"Parenchyma","Microglia3","Oligodendrocytes5",0.0080701208350353,0.991929879164965,0.997062864496247,4
"Parenchyma","Microglia3","Oligodendrocytes6",0.328653118980946,0.671346881019054,0.928101469378433,4
"Parenchyma","Microglia3","Oligodendrocytes7",-0.00455952561297481,0.995440474387025,0.997367755073157,4
"Parenchyma","Microglia3","Oligodendrocytes8",-0.358639959461351,0.641360040538649,0.927105645192042,4
"Parenchyma","Microglia3","OPC1",-0.998143653617905,0.00185634638209532,0.687405917961288,4
"Parenchyma","Microglia3","OPC2",-0.763191067110068,0.236808932889931,0.826123724439241,4
"Parenchyma","Microglia3","OPC3",-0.290283504279678,0.709716495720322,0.938724475201013,4
"Parenchyma","Microglia3","Pericytes",0.978739520333709,0.0212604796662914,0.711437672114937,4
"Parenchyma","Microglia3","SMC",0.948161223020114,0.0518387769798863,0.738468404773767,4
"Parenchyma","Microglia3","VLMC1",0.909288966713882,0.0907110332861175,0.743585953843347,4
"Parenchyma","Microglia3","VLMC2",-0.71700983449163,0.28299016550837,0.826123724439241,4
"Parenchyma","Microglia4","Microglia5",0.77283297566692,0.227167024333079,0.826123724439241,4
"Parenchyma","Microglia4","Oligodendrocytes1",0.832177289801288,0.167822710198712,0.794426112542788,4
"Parenchyma","Microglia4","Oligodendrocytes2",-0.405390099014488,0.594609900985512,0.917170264560365,4
"Parenchyma","Microglia4","Oligodendrocytes3",0.859625264249884,0.140374735750116,0.783160231754989,4
"Parenchyma","Microglia4","Oligodendrocytes4",0.982402825360031,0.0175971746399695,0.711437672114937,4
"Parenchyma","Microglia4","Oligodendrocytes5",0.462231609991253,0.537768390008747,0.886290260603587,4
"Parenchyma","Microglia4","Oligodendrocytes6",0.970421496143841,0.0295785038561595,0.711437672114937,4
"Parenchyma","Microglia4","Oligodendrocytes7",0.976629892128888,0.0233701078711125,0.711437672114937,4
"Parenchyma","Microglia4","Oligodendrocytes8",0.51999022252378,0.48000977747622,0.87159670120682,4
"Parenchyma","Microglia4","OPC1",-0.131083481304445,0.868916518695555,0.967434460935356,4
"Parenchyma","Microglia4","OPC2",0.514500515187655,0.485499484812345,0.877195052576771,4
"Parenchyma","Microglia4","OPC3",-0.502418905663508,0.497581094336492,0.880349091954763,4
"Parenchyma","Microglia4","Pericytes",0.295347788290788,0.704652211709212,0.938629393975591,4
"Parenchyma","Microglia4","SMC",0.137808645462942,0.862191354537058,0.967252733847609,4
"Parenchyma","Microglia4","VLMC1",0.0640101273822329,0.935989872617767,0.985898291962383,4
"Parenchyma","Microglia4","VLMC2",0.556178714915914,0.443821285084086,0.856576141536058,4
"Parenchyma","Microglia5","Oligodendrocytes1",0.50042198377693,0.49957801622307,0.880349091954763,4
"Parenchyma","Microglia5","Oligodendrocytes2",-0.24620847663704,0.75379152336296,0.949117064088398,4
"Parenchyma","Microglia5","Oligodendrocytes3",0.946443359172582,0.0535566408274177,0.738468404773767,4
"Parenchyma","Microglia5","Oligodendrocytes4",0.853421334603861,0.146578665396139,0.78442539920821,4
"Parenchyma","Microglia5","Oligodendrocytes5",0.819159377269133,0.180840622730867,0.794426112542788,4
"Parenchyma","Microglia5","Oligodendrocytes6",0.869276827002195,0.130723172997805,0.770317098670549,4
"Parenchyma","Microglia5","Oligodendrocytes7",0.818437293382802,0.181562706617198,0.794426112542788,4
"Parenchyma","Microglia5","Oligodendrocytes8",-0.139398439490012,0.860601560509988,0.967252733847609,4
"Parenchyma","Microglia5","OPC1",-0.465513843167481,0.534486156832519,0.885049615384013,4
"Parenchyma","Microglia5","OPC2",0.251637494600426,0.748362505399574,0.947219955804699,4
"Parenchyma","Microglia5","OPC3",-0.022978991395768,0.977021008604232,0.99333668360057,4
"Parenchyma","Microglia5","Pericytes",0.586406895738613,0.413593104261386,0.852432039073204,4
"Parenchyma","Microglia5","SMC",0.593457782318499,0.406542217681501,0.852432039073204,4
"Parenchyma","Microglia5","VLMC1",0.133649152790278,0.866350847209723,0.967434460935356,4
"Parenchyma","Microglia5","VLMC2",0.320902833372401,0.679097166627599,0.928101469378433,4
"Parenchyma","Oligodendrocytes1","Oligodendrocytes2",-0.821366622516352,0.178633377483648,0.794426112542788,4
"Parenchyma","Oligodendrocytes1","Oligodendrocytes3",0.487724926017005,0.512275073982995,0.880349091954763,4
"Parenchyma","Oligodendrocytes1","Oligodendrocytes4",0.841627994824844,0.158372005175156,0.794426112542788,4
"Parenchyma","Oligodendrocytes1","Oligodendrocytes5",0.477674561777257,0.522325438222742,0.880349091954763,4
"Parenchyma","Oligodendrocytes1","Oligodendrocytes6",0.688516781567231,0.311483218432769,0.826628541225427,4
"Parenchyma","Oligodendrocytes1","Oligodendrocytes7",0.886511669695396,0.113488330304604,0.743585953843347,4
"Parenchyma","Oligodendrocytes1","Oligodendrocytes8",0.6009888797275,0.3990111202725,0.852432039073204,4
"Parenchyma","Oligodendrocytes1","OPC1",0.429703857061268,0.570296142938732,0.911621851037922,4
"Parenchyma","Oligodendrocytes1","OPC2",0.89858459423675,0.10141540576325,0.743585953843347,4
"Parenchyma","Oligodendrocytes1","OPC3",-0.220552606888883,0.779447393111117,0.953449510294996,4
"Parenchyma","Oligodendrocytes1","Pericytes",-0.271865183823218,0.728134816176782,0.942944265823425,4
"Parenchyma","Oligodendrocytes1","SMC",-0.375309618771582,0.624690381228418,0.92432711063372,4
"Parenchyma","Oligodendrocytes1","VLMC1",-0.477896735078067,0.522103264921933,0.880349091954763,4
"Parenchyma","Oligodendrocytes1","VLMC2",0.91359153508223,0.08640846491777,0.743585953843347,4
"Parenchyma","Oligodendrocytes2","Oligodendrocytes3",-0.0727746080244467,0.927225391975553,0.985898291962383,4
"Parenchyma","Oligodendrocytes2","Oligodendrocytes4",-0.485521841294865,0.514478158705135,0.880349091954763,4
"Parenchyma","Oligodendrocytes2","Oligodendrocytes5",-0.570305111858431,0.429694888141569,0.852432039073204,4
"Parenchyma","Oligodendrocytes2","Oligodendrocytes6",-0.235997278814165,0.764002721185835,0.951555735772971,4
"Parenchyma","Oligodendrocytes2","Oligodendrocytes7",-0.557902449565861,0.442097550434139,0.856576141536058,4
"Parenchyma","Oligodendrocytes2","Oligodendrocytes8",-0.258799498164996,0.741200501835005,0.946090882810535,4
"Parenchyma","Oligodendrocytes2","OPC1",-0.741531983051417,0.258468016948583,0.826123724439241,4
"Parenchyma","Oligodendrocytes2","OPC2",-0.982961518166561,0.0170384818334389,0.711437672114937,4
"Parenchyma","Oligodendrocytes2","OPC3",-0.32126716459886,0.67873283540114,0.928101469378433,4
"Parenchyma","Oligodendrocytes2","Pericytes",0.639902490557989,0.360097509442011,0.852432039073204,4
"Parenchyma","Oligodendrocytes2","SMC",0.593914475901197,0.406085524098803,0.852432039073204,4
"Parenchyma","Oligodendrocytes2","VLMC1",0.886181812213236,0.113818187786764,0.743585953843347,4
"Parenchyma","Oligodendrocytes2","VLMC2",-0.98195811284452,0.0180418871554802,0.711437672114937,4
"Parenchyma","Oligodendrocytes3","Oligodendrocytes4",0.8819129991676,0.1180870008324,0.749816232279351,4
"Parenchyma","Oligodendrocytes3","Oligodendrocytes5",0.593340755177741,0.406659244822259,0.852432039073204,4
"Parenchyma","Oligodendrocytes3","Oligodendrocytes6",0.955916795923284,0.0440832040767163,0.720838068430803,4
"Parenchyma","Oligodendrocytes3","Oligodendrocytes7",0.83625320750533,0.163746792494669,0.794426112542788,4
"Parenchyma","Oligodendrocytes3","Oligodendrocytes8",0.0795593130455029,0.920440686954497,0.983133241483905,4
"Parenchyma","Oligodendrocytes3","OPC1",-0.571410971938782,0.428589028061218,0.852432039073204,4
"Parenchyma","Oligodendrocytes3","OPC2",0.131948327397626,0.868051672602373,0.967434460935356,4
"Parenchyma","Oligodendrocytes3","OPC3",-0.338511267216288,0.661488732783712,0.928101469378433,4
"Parenchyma","Oligodendrocytes3","Pericytes",0.698934917487425,0.301065082512575,0.826628541225427,4
"Parenchyma","Oligodendrocytes3","SMC",0.617305571002555,0.382694428997445,0.852432039073204,4
"Parenchyma","Oligodendrocytes3","VLMC1",0.363128231808652,0.636871768191348,0.924491276406796,4
"Parenchyma","Oligodendrocytes3","VLMC2",0.196984566298819,0.803015433701181,0.959006064769924,4
"Parenchyma","Oligodendrocytes4","Oligodendrocytes5",0.619557745971777,0.380442254028223,0.852432039073204,4
"Parenchyma","Oligodendrocytes4","Oligodendrocytes6",0.964073200594246,0.0359267994057536,0.711437672114937,4
"Parenchyma","Oligodendrocytes4","Oligodendrocytes7",0.995885945199323,0.00411405480067693,0.711437672114937,4
"Parenchyma","Oligodendrocytes4","Oligodendrocytes8",0.378986384008086,0.621013615991914,0.92432711063372,4
"Parenchyma","Oligodendrocytes4","OPC1",-0.12229859051372,0.87770140948628,0.967434460935356,4
"Parenchyma","Oligodendrocytes4","OPC2",0.564968344865015,0.435031655134985,0.852432039073204,4
"Parenchyma","Oligodendrocytes4","OPC3",-0.334990925260423,0.665009074739577,0.928101469378433,4
"Parenchyma","Oligodendrocytes4","Pericytes",0.286505403184689,0.713494596815311,0.938724475201013,4
"Parenchyma","Oligodendrocytes4","SMC",0.178259225292348,0.821740774707652,0.961574292989214,4
"Parenchyma","Oligodendrocytes4","VLMC1",-0.0295787359428358,0.970421264057164,0.99333668360057,4
"Parenchyma","Oligodendrocytes4","VLMC2",0.613115038520574,0.386884961479426,0.852432039073204,4
"Parenchyma","Oligodendrocytes5","Oligodendrocytes6",0.508691455103518,0.491308544896482,0.878688357148268,4
"Parenchyma","Oligodendrocytes5","Oligodendrocytes7",0.62072104980572,0.37927895019428,0.852432039073204,4
"Parenchyma","Oligodendrocytes5","Oligodendrocytes8",-0.403995746113495,0.596004253886505,0.917464102640085,4
"Parenchyma","Oligodendrocytes5","OPC1",-0.0689342456343618,0.931065754365638,0.985898291962383,4
"Parenchyma","Oligodendrocytes5","OPC2",0.488740458188548,0.511259541811452,0.880349091954763,4
"Parenchyma","Oligodendrocytes5","OPC3",0.513516946686892,0.486483053313108,0.877195052576771,4
"Parenchyma","Oligodendrocytes5","Pericytes",0.156897105957427,0.843102894042573,0.963517602566528,4
"Parenchyma","Oligodendrocytes5","SMC",0.305055277589814,0.694944722410186,0.934114009992912,4
"Parenchyma","Oligodendrocytes5","VLMC1",-0.374797663667487,0.625202336332513,0.92432711063372,4
"Parenchyma","Oligodendrocytes5","VLMC2",0.543967045502836,0.456032954497164,0.856576141536058,4
"Parenchyma","Oligodendrocytes6","Oligodendrocytes7",0.93781350681549,0.06218649318451,0.738468404773767,4
"Parenchyma","Oligodendrocytes6","Oligodendrocytes8",0.351301357020453,0.648698642979547,0.928101469378433,4
"Parenchyma","Oligodendrocytes6","OPC1",-0.35753230285861,0.64246769714139,0.927411529346358,4
"Parenchyma","Oligodendrocytes6","OPC2",0.330921323994235,0.669078676005765,0.928101469378433,4
"Parenchyma","Oligodendrocytes6","OPC3",-0.477054779051322,0.522945220948678,0.880349091954763,4
"Parenchyma","Oligodendrocytes6","Pericytes",0.509467682375574,0.490532317624426,0.878688357148268,4
"Parenchyma","Oligodendrocytes6","SMC",0.372841180898857,0.627158819101143,0.92432711063372,4
"Parenchyma","Oligodendrocytes6","VLMC1",0.236862364018706,0.763137635981294,0.951555735772971,4
"Parenchyma","Oligodendrocytes6","VLMC2",0.384299814424519,0.615700185575481,0.92432711063372,4
"Parenchyma","Oligodendrocytes7","Oligodendrocytes8",0.413444945947796,0.586555054052204,0.915662867185568,4
"Parenchyma","Oligodendrocytes7","OPC1",-0.0319449153826337,0.968055084617366,0.99333668360057,4
"Parenchyma","Oligodendrocytes7","OPC2",0.636413435395906,0.363586564604094,0.852432039073204,4
"Parenchyma","Oligodendrocytes7","OPC3",-0.310299950971877,0.689700049028123,0.930690418180062,4
"Parenchyma","Oligodendrocytes7","Pericytes",0.198536557794896,0.801463442205104,0.959006064769924,4
"Parenchyma","Oligodendrocytes7","SMC",0.0925285134816763,0.907471486518324,0.979103145738918,4
"Parenchyma","Oligodendrocytes7","VLMC1",-0.11218278001846,0.88781721998154,0.97138227802436,4
"Parenchyma","Oligodendrocytes7","VLMC2",0.680520736356904,0.319479263643096,0.826652594676511,4
"Parenchyma","Oligodendrocytes8","OPC1",0.383789698615866,0.616210301384134,0.92432711063372,4
"Parenchyma","Oligodendrocytes8","OPC2",0.4253759884354,0.5746240115646,0.914978233799017,4
"Parenchyma","Oligodendrocytes8","OPC3",-0.782182473144808,0.217817526855192,0.826123724439241,4
"Parenchyma","Oligodendrocytes8","Pericytes",-0.29197534363568,0.70802465636432,0.938724475201013,4
"Parenchyma","Oligodendrocytes8","SMC",-0.553719058351187,0.446280941648813,0.856576141536058,4
"Parenchyma","Oligodendrocytes8","VLMC1",-0.0339187419294282,0.966081258070572,0.99333668360057,4
"Parenchyma","Oligodendrocytes8","VLMC2",0.397846368677991,0.602153631322009,0.917464102640085,4
"Parenchyma","OPC1","OPC2",0.732330988350257,0.267669011649743,0.826123724439241,4
"Parenchyma","OPC1","OPC3",0.257003425645961,0.742996574354039,0.946458639674577,4
"Parenchyma","OPC1","Pericytes",-0.985760823769632,0.0142391762303678,0.711437672114937,4
"Parenchyma","OPC1","SMC",-0.964693271800159,0.0353067281998409,0.711437672114937,4
"Parenchyma","OPC1","VLMC1",-0.88406264365153,0.11593735634847,0.743585953843347,4
"Parenchyma","OPC1","VLMC2",0.68291748258848,0.31708251741152,0.826652594676511,4
"Parenchyma","OPC2","OPC3",0.142012562074666,0.857987437925334,0.967252733847609,4
"Parenchyma","OPC2","Pericytes",-0.61466355019662,0.38533644980338,0.852432039073204,4
"Parenchyma","OPC2","SMC",-0.622948627093289,0.377051372906712,0.852432039073204,4
"Parenchyma","OPC2","VLMC1",-0.814629712425813,0.185370287574187,0.806127090921361,4
"Parenchyma","OPC2","VLMC2",0.997343358771164,0.0026566412288359,0.687405917961288,4
"Parenchyma","OPC3","Pericytes",-0.320847859879126,0.679152140120874,0.928101469378433,4
"Parenchyma","OPC3","SMC",-0.0315670387227285,0.968432961277272,0.99333668360057,4
"Parenchyma","OPC3","VLMC1",-0.593912050718204,0.406087949281796,0.852432039073204,4
"Parenchyma","OPC3","VLMC2",0.146352838434907,0.853647161565093,0.967252733847609,4
"Parenchyma","Pericytes","SMC",0.956537256435833,0.0434627435641674,0.720838068430803,4
"Parenchyma","Pericytes","VLMC1",0.856243090176952,0.143756909823048,0.783160231754989,4
"Parenchyma","Pericytes","VLMC2",-0.559444990667053,0.440555009332947,0.856576141536058,4
"Parenchyma","SMC","VLMC1",0.730046060433325,0.269953939566675,0.826123724439241,4
"Parenchyma","SMC","VLMC2",-0.564312513362585,0.435687486637415,0.852432039073204,4
"Parenchyma","VLMC1","VLMC2",-0.791442987253252,0.208557012746748,0.823844642974055,4
