"pathway","pval","padj","log2err","ES","NES","size","leadingEdge"
"Citric Acid (TCA) Cycle And Respiratory Electron Transport R-HSA-1428517",7.82341975916126e-24,9.12993085894119e-21,1.26273988547916,-0.606477615935598,-3.00918135238534,159,"ATP5F1B;ATP5F1A;COX8A;COX6C;ATP5MC3;LDHB;UQCRC1;MDH2;PDHB;BSG;ATP5MC2;COX7C;NDUFA1;NDUFS5;NDUFA13;CYCS;ATP5F1D;NDUFB2;NDUFAB1;COX6B1;NDUFB8;NDUFB6;COX7B;NDUFB10;NDUFV2;UQCRQ;NDUFS4;SDHB;COX6A1;COX4I1;COX5B;COX14;IDH3B;ACAD9;NDUFS8;NDUFB4;COA1;NDUFAF4;IDH3A;NDUFA8;SUCLA2;COX5A;ATP5PO;IDH2;NDUFV1;NDUFC1;ATP5ME;VDAC1;NDUFB3;MPC2;NDUFA9;ATP5PF;UQCR11;ATP5MF;TRAP1;ATP5PD;ATP5PB;UQCRB;NDUFS3;NDUFA5;UQCRC2;SDHA;PDHX;SUCLG1;UQCRFS1;NDUFA2;PDK3;LDLR;GLO1;TMEM126B;PDK2;IDH3G;NDUFA10;PDPK1;CS;NDUFS2;ETFB;NDUFA12;NDUFA11"
"Expression And Translocation Of Olfactory Receptors R-HSA-9752946",9.73015327004917e-23,5.67754443307369e-20,1.23789667319529,0.528343083433811,2.24308823761944,373,"OR2A14;OR5V1;OR2A1;OR2M5;OR5L1;OR2A2;OR9Q2;OR4Q3;OR2B11;OR4C46;OR5D16;OR4X1;OR4F17;OR9Q1;RTP2;OR9G4;OR5H15;OR2A4;OR6T1;OR4F21;OR6C74;OR2S2;OR4C15;OR10T2;OR8G1;OR2T35;OR10AD1;OR2J2;OR8B2;OR2T34;OR5A1;OR4D11;OR1L8;OR2L13;OR1E1;OR1J1;OR6S1;OR51B6;OR9G9;OR51E2;OR2L5;OR5AU1;OR10Z1;OR51Q1;OR1C1;OR10G4;OR5W2;RTP1;OR2Z1;OR4L1;OR2H2;OR7C1;OR6P1;OR4X2;OR5H14;OR52E4;OR2T8;OR6N2;OR51L1;OR14A2;OR2G6;OR13C9;OR2T27;OR5B3;OR2F1;OR2T11;OR56A1;OR10D3;OR4F15;OR10J5;OR6F1;OR10H2;OR2AP1;OR7D2;OR4A47;OR4D2;OR5H2;OR2T5;OR7G2;OR4D9;OR1A2;OR10A4;OR5T1;OR13C5;OR4C5;OR52E2;OR9A2;OR4C3;OR13D1;OR4C13;OR8B4;OR6J1;OR51F2;OR4K14;OR1N1;OR7C2;OR1M1;OR1F1;OR52J3;OR4E1;OR13C8;OR5B2;OR10H3;OR1K1;OR7D4;OR52K1;OR2G2;OR6V1;OR5T2;OR52A5;OR2J3;OR2AJ1;OR11H4;OR4N2;OR51D1;OR2C3;OR52N5;OR5M10;OR10X1;OR11H6;OR6K2;OR51B2;OR52H1;OR10G9;OR1I1;OR56B4;OR5AS1;LHX2;OR11H1;OR10K2;OR2V1;OR6Y1;OR13F1;OR10A7;OR10J4;OR6C65;OR4C6;OR2K2;OR2AE1;OR4K2;OR6M1;OR5B21;OR4A5;OR4P4;OR2T1;OR12D2;OR51S1;OR4N5;OR5M8;OR1D5;OR5J2;OR52I2;OR4K15;OR52N2;OR10AC1;OR10K1;OR13G1;OR8I2;OR6C3;OR6K3;OR7A10;OR10G7;OR52R1"
"Olfactory Signaling Pathway R-HSA-381753",2.43824072249382e-22,7.9900744986384e-20,1.22105375677186,0.522051795080094,2.21695453962251,381,"OR2A14;OR5V1;OR2A1;OR2M5;OR5L1;OR2A2;OR9Q2;OR4Q3;OR2B11;OR4C46;OR5D16;OR4X1;OR4F17;OR9Q1;RTP2;OR9G4;OR5H15;OR2A4;OR6T1;OR4F21;OR6C74;OR2S2;OR4C15;OR10T2;OR8G1;OR2T35;OR10AD1;OR2J2;OR8B2;OR2T34;OR5A1;OR4D11;OR1L8;OR2L13;OR1E1;OR1J1;OR6S1;ANO2;OR51B6;OR9G9;OR51E2;OR2L5;OR5AU1;OR10Z1;OR51Q1;OR1C1;OR10G4;OR5W2;RTP1;OR2Z1;OR4L1;OR2H2;OR7C1;OR6P1;OR4X2;OR5H14;OR52E4;OR2T8;OR6N2;OR51L1;OR14A2;OR2G6;OR13C9;OR2T27;OR5B3;OR2F1;OR2T11;OR56A1;OR10D3;OR4F15;OR10J5;OR6F1;OR10H2;OR2AP1;OR7D2;OR4A47;OR4D2;OR5H2;OR2T5;OR7G2;OR4D9;OR1A2;OR10A4;OR5T1;OR13C5;OR4C5;OR52E2;OR9A2;OR4C3;OR13D1;OR4C13;OR8B4;OR6J1;OR51F2;OR4K14;OR1N1;OR7C2;OR1M1;OR1F1;OR52J3;OR4E1;OR13C8;OR5B2;OR10H3;OR1K1;OR7D4;OR52K1;OR2G2;OR6V1;OR5T2;OR52A5;OR2J3;OR2AJ1;OR11H4;OR4N2;OR51D1;OR2C3;OR52N5;OR5M10;OR10X1;OR11H6;OR6K2;OR51B2;OR52H1;OR10G9;OR1I1;OR56B4;OR5AS1;LHX2;OR11H1;OR10K2;OR2V1;OR6Y1;OR13F1;CNGA4;OR10A7;OR10J4;OR6C65;OR4C6;OR2K2;OR2AE1;OR4K2;OR6M1;OR5B21;OR4A5;OR4P4;OR2T1;OR12D2;OR51S1;OR4N5;OR5M8;OR1D5;OR5J2;OR52I2;OR4K15;OR52N2;OR10AC1;OR10K1;OR13G1;OR8I2;OR6C3;OR6K3;OR7A10;OR10G7;OR52R1"
"Respiratory Electron Transport, ATP Synthesis By Chemiosmotic Coupling, Heat Production By Uncoupling Proteins R-HSA-163200",2.73867163620853e-22,7.9900744986384e-20,1.22105375677186,-0.672573724300156,-3.14503162801378,111,"ATP5F1B;ATP5F1A;COX8A;COX6C;ATP5MC3;UQCRC1;ATP5MC2;COX7C;NDUFA1;NDUFS5;NDUFA13;CYCS;ATP5F1D;NDUFB2;NDUFAB1;COX6B1;NDUFB8;NDUFB6;COX7B;NDUFB10;NDUFV2;UQCRQ;NDUFS4;SDHB;COX6A1;COX4I1;COX5B;COX14;ACAD9;NDUFS8;NDUFB4;COA1;NDUFAF4;NDUFA8;COX5A;ATP5PO;NDUFV1;NDUFC1;ATP5ME;NDUFB3;NDUFA9;ATP5PF;UQCR11;ATP5MF;TRAP1;ATP5PD;ATP5PB;UQCRB;NDUFS3;NDUFA5;UQCRC2;SDHA;UQCRFS1;NDUFA2"
"Neuronal System R-HSA-112316",3.75378367376773e-22,8.76133109457387e-20,1.22105375677186,-0.439018936301028,-2.39454112555169,386,"GLUL;SYN1;RAB3A;STXBP1;TSPAN7;SNAP25;GABBR2;SYT1;VAMP2;GRIA2;PRKCB;AP2M1;NPTN;ARL6IP5;NSF;NRGN;SLC17A7;PLCB1;CAMK2A;CPLX1;EPB41L1;DLGAP1;SYN2;KCNC2;GNB1;CACNA2D1;CAMKK2;AP2A1;KCNAB2;NEFL;GABRB2;PRKAR1B;GNG3;RTN3;PRKAR2B;CAMK2G;NRXN1;GABRA3;ADCY1;HCN1;PRKACB;PRKAR1A;GABRA1;GABRA2;GABRG2;CALM1;NRXN3;AP2S1;STX1A;DNAJC5;GABRA4;DLGAP4;PRKCG;KCNC1;GRIA1;GNB5;SLC1A2;CAMK2D;HCN2;PPFIA2;GNB2;KCNQ3;TSPOAP1;GABRB3;KCND2;LRRC4B;NLGN3;KCNK4;MAPT;GRIA3;GIT1;CACNA1B;HSPA8;RASGRF1;MAPK3;NLGN4X;GLRB;HTR3E;ALDH2;CREB1;NRXN2;KCNQ2;CACNB3;SLITRK2;GRIN2B;KCNA2;KCNV1;CHRNA4;ARHGEF9;GABRB1;SYN3;SLC6A1;SLITRK4;GAD1;SYT7;RASGRF2;KCNB1;SLC1A1;CACNA1A;SLC1A3;CACNG8;PICK1;GNG2;SLC6A11;KCNH1;ARHGEF7;SLC6A13;NBEA;APBA2;GABRA5;PRKCA;CHRND;PANX2;CHRNB2;KCNA4;DBNL;CACNA1E;FLOT1;KCNN1;LRFN3;CAMKK1;PTPRS;GRIA4;KCNMB1;DLGAP3;AKAP5;CACNG3;PRKAR2A;CACNB1;PDPK1;NLGN2;RIMS1;NTRK3;GRIK5;GRM5;PPFIA3;HOMER1;LIN7A;GNG4;PDLIM5;GNG7;ADCY2;GNGT1;KCNS1;KCNQ5;KCNA5;SLITRK5"
"Transmission Across Chemical Synapses R-HSA-112315",6.17228289215108e-21,1.20050902252339e-18,1.18665095279281,-0.502664110070113,-2.57952654038494,246,"GLUL;SYN1;RAB3A;STXBP1;TSPAN7;SNAP25;GABBR2;SYT1;VAMP2;GRIA2;PRKCB;AP2M1;NPTN;ARL6IP5;NSF;NRGN;SLC17A7;PLCB1;CAMK2A;CPLX1;EPB41L1;SYN2;GNB1;CACNA2D1;CAMKK2;AP2A1;NEFL;GABRB2;PRKAR1B;GNG3;PRKAR2B;CAMK2G;GABRA3;ADCY1;PRKACB;PRKAR1A;GABRA1;GABRA2;GABRG2;CALM1;AP2S1;STX1A;DNAJC5;GABRA4;PRKCG;GRIA1;GNB5;SLC1A2;CAMK2D;PPFIA2;GNB2;TSPOAP1;GABRB3;MAPT;GRIA3;GIT1;CACNA1B;HSPA8;RASGRF1;MAPK3;GLRB;HTR3E;ALDH2;CREB1;CACNB3;GRIN2B;CHRNA4;ARHGEF9;GABRB1;SYN3;SLC6A1;GAD1;RASGRF2;SLC1A1;CACNA1A;SLC1A3;CACNG8;PICK1;GNG2;SLC6A11;ARHGEF7;SLC6A13;NBEA;GABRA5;PRKCA;CHRND;CHRNB2"
"Peptide Chain Elongation R-HSA-156902",8.57621846756554e-20,1.42977813594986e-17,1.15122052214226,0.73449408426738,2.69022858653414,83,"RPS28;RPL21;RPL7;RPL32;RPSA;RPS3A;RPS10;RPS27A;RPL18A;RPL30;RPS27;RPL6;RPS23;RPL39;RPS11;RPL19;RPS24;RPL37;RPL5;RPS2;RPS12;RPS8;RPL7A;RPL12;RPS6;RPL34;RPS13;RPS4X;RPL37A;RPL27A;RPS7;RPS15A;RPS19;RPS9;RPL26;RPL22;RPL36A;RPS14;RPS29;RPL35;RPS20;RPL29;RPS17;RPL9;RPS5;RPL23A;RPS16;RPL4;RPL38;RPS3;RPL31;RPL28;RPL11;RPL14;RPLP0;RPL36AL;RPL13A;RPS25;RPL10A"
"Nonsense Mediated Decay (NMD) Independent Of Exon Junction Complex (EJC) R-HSA-975956",1.17603646983258e-19,1.71554320036828e-17,1.14219120216838,0.712465937277811,2.64730864077493,91,"RPS28;RPL21;RPL7;RPL32;RPSA;RPS3A;RPS10;RPS27A;RPL18A;RPL30;RPS27;RPL6;RPS23;RPL39;RPS11;RPL19;RPS24;RPL37;RPL5;RPS2;RPS12;RPS8;RPL7A;RPL12;RPS6;RPL34;RPS13;RPS4X;RPL37A;RPL27A;RPS7;RPS15A;RPS19;RPS9;RPL26;RPL22;RPL36A;RPS14;RPS29;RPL35;RPS20;RPL29;RPS17;RPL9;RPS5;RPL23A;RPS16;RPL4;RPL38;RPS3;RPL31;RPL28;RPL11;RPL14;RPLP0;RPL36AL;RPL13A;RPS25;RPL10A"
"Viral mRNA Translation R-HSA-192823",1.70266724288106e-19,2.20779185826911e-17,1.14219120216838,0.721100962185623,2.66726923120409,89,"RPS28;RPL21;RPL7;RPL32;RPSA;RPS3A;RPS10;RPS27A;RPL18A;RPL30;RPS27;RPL6;RPS23;RPL39;RPS11;RPL19;RPS24;RPL37;RPL5;RPS2;RPS12;RPS8;RPL7A;RPL12;RPS6;RPL34;RPS13;RPS4X;RPL37A;RPL27A;RPS7;RPS15A;RPS19;RPS9;RPL26;RPL22;RPL36A;RPS14;RPS29;RPL35;RPS20;RPL29;RPS17;RPL9;RPS5;RPL23A;RPS16;RPL4;RPL38;RPS3;RPL31;RPL28;RPL11;RPL14;RPLP0;RPL36AL;RPL13A;RPS25;RPL10A"
"Eukaryotic Translation Termination R-HSA-72764",1.99144160704108e-19,2.32401235541694e-17,1.14219120216838,0.720582778905838,2.66535253105976,89,"RPS28;RPL21;RPL7;RPL32;RPSA;RPS3A;RPS10;RPS27A;RPL18A;RPL30;RPS27;RPL6;RPS23;RPL39;RPS11;RPL19;RPS24;RPL37;RPL5;RPS2;RPS12;RPS8;RPL7A;RPL12;RPS6;RPL34;RPS13;RPS4X;RPL37A;RPL27A;RPS7;RPS15A;RPS19;RPS9;RPL26;RPL22;RPL36A;RPS14;RPS29;RPL35;RPS20;RPL29;RPS17;RPL9;RPS5;RPL23A;RPS16;RPL4;RPL38;RPS3;RPL31;RPL28;RPL11;RPL14;RPLP0;RPL36AL;N6AMT1;RPL13A;RPS25;RPL10A"
"Selenocysteine Synthesis R-HSA-2408557",2.26211499553309e-19,2.39989836344283e-17,1.13308993200902,0.720037062058207,2.66333398742584,89,"RPS28;RPL21;RPL7;RPL32;RPSA;RPS3A;RPS10;RPS27A;RPL18A;RPL30;RPS27;RPL6;RPS23;RPL39;RPS11;RPL19;RPS24;RPL37;RPL5;RPS2;RPS12;RPS8;RPL7A;RPL12;RPS6;RPL34;RPS13;RPS4X;RPL37A;RPL27A;RPS7;RPS15A;RPS19;RPS9;RPL26;RPL22;RPL36A;RPS14;RPS29;RPL35;RPS20;RPL29;RPS17;RPL9;RPS5;RPL23A;RPS16;RPL4;RPL38;RPS3;RPL31;RPL28;PSTK;RPL11;RPL14;RPLP0;RPL36AL;RPL13A;RPS25;SECISBP2;RPL10A"
"Response Of EIF2AK4 (GCN2) To Amino Acid Deficiency R-HSA-9633012",7.10258034922013e-19,6.90725938961657e-17,1.12391496374483,0.697873603801942,2.6124481704608,97,"RPS28;RPL21;RPL7;RPL32;RPSA;RPS3A;RPS10;RPS27A;RPL18A;RPL30;RPS27;RPL6;RPS23;RPL39;RPS11;RPL19;RPS24;RPL37;RPL5;RPS2;RPS12;RPS8;RPL7A;RPL12;RPS6;RPL34;RPS13;RPS4X;RPL37A;RPL27A;RPS7;RPS15A;RPS19;RPS9;RPL26;RPL22;RPL36A;RPS14;RPS29;RPL35;RPS20;RPL29;RPS17;RPL9;RPS5;RPL23A;RPS16;ATF4;RPL4;RPL38;EIF2S2;RPS3;RPL31;RPL28;RPL11;RPL14;RPLP0;RPL36AL;DDIT3;RPL13A;RPS25;RPL10A"
"Selenoamino Acid Metabolism R-HSA-2408522",1.86302741651394e-18,1.67242538082444e-16,1.10533657731401,0.664316108875857,2.53018064573827,112,"RPS28;RPL21;RPL7;RPL32;RPSA;RPS3A;RPS10;RPS27A;RPL18A;RPL30;RPS27;RPL6;RPS23;RPL39;RPS11;RPL19;RPS24;RPL37;RPL5;RPS2;RPS12;RPS8;RPL7A;RPL12;RPS6;RPL34;RPS13;RPS4X;RPL37A;RPL27A;RPS7;RPS15A;RPS19;RPS9;RPL26;DARS1;RPL22;RPL36A;RPS14;RPS29;RPL35;RPS20;RPL29;RPS17;RPL9;RPS5;RPL23A;RPS16;RPL4;VSIG2;RPL38;RPS3;RPL31;RPL28;PSTK;RPL11;RPL14;RPLP0;RPL36AL;RPL13A;RPS25;SECISBP2;RPL10A"
"Eukaryotic Translation Elongation R-HSA-156842",5.73159319756255e-18,4.7776923296825e-16,1.0959292864312,0.709468199463988,2.61681564648962,87,"RPS28;RPL21;RPL7;RPL32;RPSA;RPS3A;RPS10;RPS27A;RPL18A;RPL30;RPS27;RPL6;RPS23;RPL39;RPS11;RPL19;RPS24;RPL37;RPL5;RPS2;RPS12;RPS8;RPL7A;RPL12;RPS6;RPL34;RPS13;RPS4X;RPL37A;RPL27A;RPS7;RPS15A;RPS19;RPS9;RPL26;RPL22;RPL36A;RPS14;RPS29;RPL35;RPS20;RPL29;RPS17;RPL9;RPS5;RPL23A;RPS16;EEF1D;RPL4;RPL38;EEF1G;RPS3;RPL31;RPL28;RPL11;RPL14;RPLP0;RPL36AL;RPL13A;RPS25;RPL10A"
"Influenza Viral RNA Transcription And Replication R-HSA-168273",1.41025172968878e-17,1.09717584569787e-15,1.07686819261983,0.628924545742077,2.45511369813103,135,"RPS28;RPL21;RPL7;RPL32;RPSA;RPS3A;RPS10;RPS27A;RPL18A;RPL30;AAAS;RNASE7;RPS27;RPL6;RPS23;RPL39;RPS11;RPL19;RPS24;RPL37;RPL5;RPS2;RPS12;RPS8;RPL7A;RPL12;RPS6;RPL34;RPS13;RPS4X;RPL37A;RPL27A;RPS7;RPS15A;RPS19;RPS9;RPL26;NUP214;RPL22;RPL36A;RPS14;RPS29;RPL35;RPS20;RPL29;RPS17;HSP90AA1;RPL9;RPS5;RPL23A;RPS16;POM121C;GTF2F2;RPL4;NUP50;NUP62;RPL38;POLR2L;RPS3;RPL31;RPL28;RPL11;RPL14;RPLP0;RPL36AL;POLR2J;RPL13A;RPS25;RPL10A;NUP188"
"Formation Of A Pool Of Free 40S Subunits R-HSA-72689",3.50512314459923e-17,2.55654919359206e-15,1.06720998682811,0.681180615366749,2.5499589648805,97,"RPS28;RPL21;RPL7;RPL32;RPSA;RPS3A;RPS10;RPS27A;RPL18A;RPL30;RPS27;RPL6;RPS23;RPL39;RPS11;RPL19;RPS24;RPL37;RPL5;RPS2;RPS12;RPS8;RPL7A;RPL12;RPS6;RPL34;RPS13;RPS4X;RPL37A;RPL27A;RPS7;RPS15A;RPS19;RPS9;RPL26;RPL22;RPL36A;RPS14;RPS29;RPL35;RPS20;RPL29;RPS17;RPL9;RPS5;EIF3F;RPL23A;RPS16;RPL4;EIF3J;EIF3L;RPL38;RPS3;RPL31;RPL28;RPL11;RPL14;RPLP0;RPL36AL;RPL13A;RPS25;RPL10A"
"Respiratory Electron Transport R-HSA-611105",1.41010520364027e-16,9.67995748616587e-15,1.04762648849882,-0.661602099780566,-2.97604090217034,89,"COX8A;COX6C;UQCRC1;COX7C;NDUFA1;NDUFS5;NDUFA13;CYCS;NDUFB2;NDUFAB1;COX6B1;NDUFB8;NDUFB6;COX7B;NDUFB10;NDUFV2;UQCRQ;NDUFS4;SDHB;COX6A1;COX4I1;COX5B;COX14;ACAD9;NDUFS8;NDUFB4;COA1;NDUFAF4;NDUFA8;COX5A;NDUFV1;NDUFC1;NDUFB3;NDUFA9;UQCR11;TRAP1;UQCRB;NDUFS3;NDUFA5;UQCRC2;SDHA;UQCRFS1;NDUFA2"
"Nonsense Mediated Decay (NMD) Enhanced By Exon Junction Complex (EJC) R-HSA-975957",7.36808792245335e-16,4.77697700305726e-14,1.02766987054358,0.652335139480239,2.48662566436694,111,"RPS28;RPL21;RPL7;RPL32;RPSA;RPS3A;RPS10;RPS27A;RPL18A;RPL30;CASC3;RPS27;RPL6;RPS23;RPL39;RPS11;RPL19;RPS24;RPL37;RPL5;RPS2;RPS12;RPS8;RPL7A;RPL12;RPS6;RPL34;RPS13;RPS4X;RPL37A;RPL27A;RPS7;RPS15A;RPS19;RPS9;UPF3A;RPL26;RPL22;RPL36A;RPS14;RPS29;RPL35;RPS20;RPL29;RPS17;RPL9;RPS5;RPL23A;RPS16;RPL4;RPL38;RPS3;RPL31;RPL28;RPL11;RPL14;RPLP0;RPL36AL;RPL13A;RPS25;RPL10A"
"GTP Hydrolysis And Joining Of 60S Ribosomal Subunit R-HSA-72706",8.24920710358674e-15,5.06674983678196e-13,0.986546283587582,0.643643899463897,2.44233743074602,108,"RPS28;RPL21;RPL7;RPL32;RPSA;RPS3A;RPS10;RPS27A;RPL18A;RPL30;RPS27;RPL6;RPS23;RPL39;RPS11;RPL19;RPS24;RPL37;RPL5;RPS2;RPS12;RPS8;RPL7A;RPL12;RPS6;RPL34;RPS13;RPS4X;RPL37A;RPL27A;RPS7;RPS15A;RPS19;RPS9;RPL26;RPL22;RPL36A;RPS14;RPS29;RPL35;RPS20;RPL29;RPS17;RPL9;RPS5;EIF3F;RPL23A;RPS16;RPL4;EIF3J;EIF3L;RPL38;EIF2S2;RPS3;RPL31;RPL28;RPL11;RPL14;RPLP0;RPL36AL;RPL13A;RPS25;RPL10A"
"L13a-mediated Translational Silencing Of Ceruloplasmin Expression R-HSA-156827",1.10659553701394e-14,6.45698495847633e-13,0.986546283587582,0.64595537576553,2.45331993300772,107,"RPS28;RPL21;RPL7;RPL32;RPSA;RPS3A;RPS10;RPS27A;RPL18A;RPL30;RPS27;RPL6;RPS23;RPL39;RPS11;RPL19;RPS24;RPL37;RPL5;RPS2;RPS12;RPS8;RPL7A;RPL12;RPS6;RPL34;RPS13;RPS4X;RPL37A;RPL27A;RPS7;RPS15A;RPS19;RPS9;RPL26;RPL22;RPL36A;RPS14;RPS29;RPL35;RPS20;RPL29;RPS17;RPL9;RPS5;EIF3F;RPL23A;RPS16;RPL4;EIF3J;EIF3L;RPL38;EIF2S2;RPS3;RPL31;RPL28;RPL11;RPL14;RPLP0;RPL36AL;RPL13A;RPS25;RPL10A"
"Cap-dependent Translation Initiation R-HSA-72737",1.90470903000431e-14,1.0584740181024e-12,0.97599468306432,0.624919998253217,2.39008713966561,115,"RPS28;RPL21;RPL7;RPL32;RPSA;RPS3A;RPS10;RPS27A;RPL18A;RPL30;RPS27;RPL6;RPS23;RPL39;RPS11;RPL19;RPS24;RPL37;RPL5;RPS2;RPS12;RPS8;RPL7A;RPL12;RPS6;RPL34;RPS13;RPS4X;RPL37A;RPL27A;RPS7;RPS15A;RPS19;RPS9;RPL26;RPL22;RPL36A;RPS14;RPS29;RPL35;RPS20;RPL29;RPS17;RPL9;RPS5;EIF3F;RPL23A;RPS16;RPL4;EIF3J;EIF3L;RPL38;EIF2S2;RPS3;RPL31;RPL28;RPL11;RPL14;RPLP0;RPL36AL"
"SRP-dependent Cotranslational Protein Targeting To Membrane R-HSA-1799339",2.84812142938895e-14,1.51079895822587e-12,0.965327754226083,0.635724793293893,2.41022467935244,106,"RPS28;RPL21;RPL7;RPL32;RPSA;RPS3A;RPS10;RPS27A;RPL18A;RPL30;RPS27;RPL6;RPS23;RPL39;RPS11;RPL19;RPS24;RPL37;RPL5;RPS2;RPS12;RPS8;RPL7A;RPL12;RPS6;RPL34;RPS13;RPS4X;RPL37A;RPL27A;RPS7;RPS15A;RPS19;RPS9;RPL26;RPL22;RPL36A;RPS14;RPS29;RPL35;RPS20;RPL29;RPS17;RPL9;RPS5;SEC11A;RPL23A;RPS16;RPL4;RPL38;RPS3;RPL31;RPL28;RPL11;RPL14;RPLP0;RPL36AL;RPL13A;RPS25;RPL10A"
"Major Pathway Of rRNA Processing In Nucleolus And Cytosol R-HSA-6791226",4.61360957568683e-13,2.34090538035936e-11,0.921426003494898,0.54452689382906,2.1987370787563,177,"FCF1;RPS28;RPL21;RPL7;RPL32;RPP25;RPSA;RPS3A;RPS10;RPS27A;RPL18A;RPL30;RPS27;RPL6;RPS23;RPL39;RPS11;RPL19;RPS24;RPL37;RPL5;RPS2;RPS12;RPS8;RPL7A;RPL12;RPS6;RPL34;RPS13;RPS4X;RPL37A;RPL27A;RPS7;RPS15A;RPS19;RPS9;RPL26;C1D;RPL22;RPL36A;NOP14;RPS14;RPS29;RPL35;RPS20;RPL29;RPS17;NOC4L;RPL9;RPS5;RPL23A;RPS16;WDR75;EXOSC6;RPL4;DHX37;RPL38;MPHOSPH10;RPS3;RPL31;EXOSC3;RPL28;RPL11;RPL14;RPLP0;RPP30;UTP20;RPL36AL"
"rRNA Processing In Nucleus And Cytosol R-HSA-8868773",6.43460453325257e-13,3.12882645429406e-11,0.921426003494898,0.533335982032498,2.16598035638157,187,"FCF1;RPS28;RPL21;RPL7;RPL32;RPP25;RPSA;RPS3A;RPS10;RPS27A;RPL18A;RPL30;RPS27;RPL6;RPS23;RPL39;RPS11;RPL19;RPS24;RPL37;RPL5;RPS2;RPS12;RPS8;RPL7A;RPL12;RPS6;RPL34;RPS13;RPS4X;RPL37A;RPL27A;RPS7;RPS15A;RPS19;RPS9;RPL26;C1D;RPL22;RPL36A;NOP14;RPS14;RPS29;RPL35;RPS20;RPL29;RPS17;NOC4L;RPL9;RPS5;RPL23A;RPS16;WDR75;EXOSC6;RPL4;DHX37;RPL38;DKC1;MPHOSPH10;RPS3;RPL31;EXOSC3;RPL28;RPL11;RPL14;RPLP0;RPP30;UTP20;RPL36AL"
"Influenza Infection R-HSA-168255",1.87863277362383e-12,8.76945778727606e-11,0.898671232061694,0.562911863404495,2.22955422050168,155,"HSPA1A;RPS28;RPL21;RPL7;RPL32;RPSA;RPS3A;RPS10;RPS27A;RPL18A;RPL30;AAAS;RNASE7;RPS27;RPL6;RPS23;RPL39;RPS11;RPL19;RPS24;RPL37;RPL5;RPS2;RPS12;RPS8;RPL7A;RPL12;RPS6;RPL34;RPS13;RPS4X;RPL37A;RPL27A;RPS7;RPS15A;RPS19;RPS9;RPL26;NUP214;RPL22;RPL36A;RPS14;RPS29;RPL35;RPS20;RPL29;RPS17;HSP90AA1;RPL9;RPS5;RPL23A;RPS16;POM121C;GTF2F2;RPL4;NUP50;NUP62;RPL38;POLR2L;RPS3;RPL31;RPL28;RPL11;RPL14;RPLP0;RPL36AL;POLR2J;RPL13A;RPS25;RPL10A;NUP188"
"rRNA Processing R-HSA-72312",2.48757019803929e-12,1.11653631581225e-10,0.898671232061694,0.523009892087268,2.12932182425979,197,"FCF1;RPS28;RPL21;RPL7;RPL32;RPP25;RPSA;RPS3A;RPS10;RPS27A;RPL18A;RPL30;RPS27;RPL6;RPS23;RPL39;RPS11;RPL19;RPS24;RPL37;RPL5;RPS2;RPS12;RPS8;RPL7A;RPL12;RPS6;RPL34;RPS13;RPS4X;RPL37A;RPL27A;RPS7;RPS15A;RPS19;RPS9;RPL26;C1D;RPL22;RPL36A;NOP14;RPS14;RPS29;RPL35;RPS20;RPL29;RPS17;NOC4L;RPL9;RPS5;RPL23A;RPS16;WDR75;TRMT10C;EXOSC6;RPL4;DHX37;RPL38;DKC1;MPHOSPH10;RPS3;RPL31;EXOSC3;RPL28;RPL11;RPL14;RPLP0;RPP30;UTP20;RPL36AL"
"Neurotransmitter Receptors And Postsynaptic Signal Transmission R-HSA-112314",5.64414537853096e-12,2.43952505805394e-10,0.887074988399873,-0.456889516204076,-2.30294444295905,182,"TSPAN7;GABBR2;GRIA2;PRKCB;AP2M1;NPTN;NSF;NRGN;PLCB1;CAMK2A;EPB41L1;GNB1;CAMKK2;AP2A1;NEFL;GABRB2;PRKAR1B;GNG3;PRKAR2B;CAMK2G;GABRA3;ADCY1;PRKACB;PRKAR1A;GABRA1;GABRA2;GABRG2;CALM1;AP2S1;GABRA4;PRKCG;GRIA1;GNB5;CAMK2D;GNB2;GABRB3;MAPT;GRIA3;GIT1;RASGRF1;MAPK3;GLRB;HTR3E;CREB1;GRIN2B;CHRNA4;ARHGEF9;GABRB1;RASGRF2;CACNG8;PICK1;GNG2;ARHGEF7;NBEA;GABRA5;PRKCA;CHRND;CHRNB2"
"SARS-CoV-2 Modulates Host Translation Machinery R-HSA-9754678",8.24222901176451e-12,3.43524330597471e-10,0.875325132024659,0.744732983399301,2.47258042532666,47,"RPS28;RPSA;RPS3A;RPS10;RPS27A;RPS27;RPS23;RPS11;RPS24;RPS2;RPS12;RPS8;RPS6;RPS13;RPS4X;RPS7;RPS15A;RPS19;RPS9;RPS14;RPS29;RPS20;RPS17;RPS5;RPS16;GEMIN2;SMN1;RPS3"
"Opioid Signaling R-HSA-111885",1.43811622161382e-10,5.78717803663215e-09,0.826657301178302,-0.552718808678727,-2.4747146612225,88,"PPP3R1;PLCB1;CAMK2A;PPP3CB;GNB1;CAMKK2;PRKAR1B;GNG3;PPP2CA;PRKAR2B;CAMK2G;ADCY1;PRKACB;PPP2R1A;PRKAR1A;CALM1;ITPR1;PRKCG;GNB5;PDE4C;CAMK2D;GNB2;PDE1B;GRK2;AHCYL1;PPP2CB;PPP3CA;CREB1;PDE4B;PDE4D;PDE1A;GNG2;NBEA;PRKCA;CAMKK1;PLA2G4A;PPP1R1B;PRKAR2A;GNG4;GNG7;ADCY2;GNGT1;PDYN;GNAI2;CAMK2B"
"Clathrin-mediated Endocytosis R-HSA-8856828",1.54974393662008e-09,5.94681734185716e-08,0.788186810800237,-0.450594375723473,-2.16295333856637,139,"DNM1;CLTC;SYT1;VAMP2;PACSIN1;AP2M1;GRB2;CLTB;AMPH;AP2A1;EPN1;UBQLN2;WASL;CLTA;ARPC2;ACTR2;DNAJC6;AP2S1;SNAP91;TFRC;GRK2;REPS2;SYNJ1;GPS1;CTTN;OCRL;HSPA8;COPS4;AGFG1;NEDD8;SH3GL2;PIP5K1C;ARRB1;TOR1A;LDLR;HGS;VAMP4;SCARB2;EGFR;COPS5;COPS7A;ARPC1A"
"Formation Of Ternary Complex, And Subsequently, 43S Complex R-HSA-72695",1.57970297855674e-09,5.94681734185716e-08,0.788186810800237,0.689756964202031,2.30931565692022,50,"RPS28;RPSA;RPS3A;RPS10;RPS27A;RPS27;RPS23;RPS11;RPS24;RPS2;RPS12;RPS8;RPS6;RPS13;RPS4X;RPS7;RPS15A;RPS19;RPS9;RPS14;RPS29;RPS20;RPS17;RPS5;EIF3F;RPS16;EIF3J;EIF3L;EIF2S2;RPS3"
"Keratinization R-HSA-6805567",2.1116218589597e-09,7.70082096689364e-08,0.774939030136436,0.495170963990563,2.01879734217582,192,"KRTAP12-3;KRTAP10-3;PKP4;KRTAP9-2;KRT18;KRT8;KRTAP12-2;KRTAP5-1;KRT34;KRTAP10-2;KRTAP21-1;KRTAP10-1;KRTAP10-6;KRTAP9-4;LCE1D;KRTAP10-7;KRT28;KRT77;KRTAP9-6;LCE5A;KRTAP5-7;LCE3D;KRT72;PI3;KRTAP12-4;KRT84;KLK14;KRTAP8-1;KRTAP19-1;PCSK6;KRTAP2-3;KRT75;CELA2A;KRT12;LORICRIN;LIPN;JUP;LCE3E;KRT80;KRTAP29-1;SPRR2A;KRTAP26-1;KRT16;KRTAP5-2;KRTAP20-1;KRT38;LCE3A;KRTAP9-3;LIPM;KRT36;LCE4A;KRT33B;KRT35;PERP;KRTAP9-1;SPINK5;KRT23;KRTAP15-1;DSG1;TGM1;DSC3;KRTAP4-1;KRTAP10-12;DSPP;KRTAP4-4;CSTA;KRT6A;KRT10;KRTAP13-3;KRTAP1-4;KRTAP21-3;KRTAP6-2;LCE3B;SPINK6;KRTAP20-2;SPRR2E;KRTAP11-1;KRT76;KRTAP23-1;KRT3;SPINK9;KRTAP13-2;KRT20"
"DARPP-32 Events R-HSA-180024",3.77290494533229e-09,1.33423638521296e-07,0.761460801445585,-0.799733247963397,-2.62416275992785,24,"PPP3R1;PPP3CB;PRKAR1B;PPP2CA;PRKAR2B;PRKACB;PPP2R1A;PRKAR1A;CALM1;PDE4C;PPP2CB;PPP3CA;PDE4B;PDE4D;PRKCA;PPP1R1B;PRKAR2A"
"Neurotransmitter Release Cycle R-HSA-112310",4.536194847063e-09,1.55698217250663e-07,0.761460801445585,-0.645217369165912,-2.60026149155115,50,"SYN1;RAB3A;STXBP1;SNAP25;SYT1;VAMP2;ARL6IP5;SLC17A7;CPLX1;SYN2;STX1A;DNAJC5;SLC1A2;PPFIA2;TSPOAP1;HSPA8;SYN3;SLC6A1;GAD1;SLC1A1;SLC1A3;SLC6A11;SLC6A13"
"Insulin Receptor Recycling R-HSA-77387",5.61978688502218e-09,1.7725111607624e-07,0.761460801445585,-0.774200782231679,-2.60509619582157,26,"ATP6AP1;ATP6V1B2;ATP6V0C;ATP6V0A1;ATP6V1G2;ATP6V0E2;ATP6V1A;ATP6V0D1;ATP6V1F;ATP6V1D;ATP6V1H;ATP6V1G1;ATP6V1E1;ATP6V1C1;ATP6V0A4"
"Integration Of Energy Metabolism R-HSA-163685",5.6064920841841e-09,1.7725111607624e-07,0.761460801445585,-0.49317996801307,-2.2577106879054,105,"STXBP1;GNAS;SNAP25;VAMP2;PLCB1;ACSL3;ACACA;KCNC2;GNB1;SYT5;PRKAR1B;GNG3;PPP2CA;PRKAR2B;ACSL4;ADCY1;PRKACB;PPP2R1A;PRKAR1A;STX1A;ITPR1;GNB5;GNB2;AHCYL1;MLXIPL;PPP2CB;ACLY;CACNB3;FASN;KCNB1;CACNA1A;GNG2;PRKCA;STK11;CACNA1E;AKAP5;PRKAR2A;GNG4;TKT;GNG7;ADCY2;GNGT1"
"Regulation Of Expression Of SLITs And ROBOs R-HSA-9010553",5.54798654612849e-09,1.7725111607624e-07,0.761460801445585,0.50337943519428,2.01484550049422,165,"RPS28;RPL21;RPL7;RPL32;RPSA;RPS3A;RPS10;RPS27A;RPL18A;RPL30;CASC3;RPS27;RPL6;RPS23;RPL39;RPS11;RPL19;RPS24;RPL37;RPL5;RPS2;RPS12;RPS8;RPL7A;RPL12;RPS6;RPL34;RPS13;RPS4X;RPL37A;RPL27A;RPS7;RPS15A;RPS19;RPS9;UPF3A;RPL26;RPL22;RPL36A;RPS14;RPS29;RPL35;RPS20;RPL29;RPS17;RPL9;RPS5;RPL23A;RPS16;RPL4;PSMD10;RPL38;RPS3;RPL31;RPL28;RPL11;RPL14;RPLP0;RPL36AL"
"Complex I Biogenesis R-HSA-6799198",6.65146585735492e-09,2.04270017250873e-07,0.761460801445585,-0.636744008902862,-2.56616542590839,51,"NDUFA1;NDUFS5;NDUFA13;NDUFB2;NDUFAB1;NDUFB8;NDUFB6;NDUFB10;NDUFV2;NDUFS4;ACAD9;NDUFS8;NDUFB4;COA1;NDUFAF4;NDUFA8;NDUFV1;NDUFC1;NDUFB3;NDUFA9;NDUFS3;NDUFA5;NDUFA2;TMEM126B;NDUFA10;NDUFS2;NDUFA12;NDUFA11"
"Beta-catenin Independent WNT Signaling R-HSA-3858494",7.65591562279001e-09,2.29088552097332e-07,0.747739663149885,-0.443583100033876,-2.13475131558204,141,"CLTC;PPP3R1;PRKCB;AP2M1;GNAO1;PLCB1;CAMK2A;CLTB;NLK;PPP3CB;GNB1;AP2A1;GNG3;PSMC5;CLTA;PSMB7;CALM1;AP2S1;PSMD2;PSMD7;ITPR1;PRKCG;GNB5;GNB2;PSMC4;PSMB5;PSMA1;PSMD8;PPP3CA;PSMC2;RORA;PSMB6;FZD1;PSMA5;GNG2;PSMC6;PRKCA;PSMD11;PSMC3;PSMD12;CTNNB1;SEM1;GNG4;PSMD3;TNRC6A;PARD6A;PSMF1;GNG7;GNGT1"
"Transferrin Endocytosis And Recycling R-HSA-917977",1.03226542437604e-08,3.01163437561711e-07,0.747739663149885,-0.734854431713983,-2.6116769157177,31,"ATP6AP1;ATP6V1B2;ATP6V0C;ATP6V0A1;ATP6V1G2;ATP6V0E2;ATP6V1A;ATP6V0D1;ATP6V1F;ATP6V1D;TFRC;ATP6V1H;ATP6V1G1;ATP6V1E1;ATP6V1C1;ATP6V0A4"
"Cellular Response To Starvation R-HSA-9711097",2.71909715450355e-08,7.7394789739162e-07,0.73376198835648,0.503350638562533,1.99585792150558,151,"RPS28;RPL21;SESN2;RPL7;RPL32;RPSA;RPS3A;RPS10;RPS27A;RPL18A;RPL30;RPS27;RPL6;RPS23;RPL39;RPS11;RPL19;RPS24;RPL37;RPL5;RPS2;RPS12;RPS8;RPL7A;RPL12;RPS6;RPL34;RPS13;RPS4X;RPL37A;RPL27A;RPS7;RPS15A;RPS19;RPS9;RPL26;RPL22;RPL36A;RPS14;RPS29;RPL35;RPS20;RPL29;RPS17;RPL9;RPS5;RPL23A;RPS16;ATF4;RPL4;RPL38;EIF2S2;RPS3;RPL31;RPL28;ATP6V1C2;RPL11;RPL14;RRAGC;RPLP0;RPL36AL;DDIT3;RPL13A;RPS25;RPL10A"
"Cristae Formation R-HSA-8949613",3.47249874943047e-08,9.64858581091753e-07,0.719512826338911,-0.726925617671162,-2.52576268833764,29,"ATP5F1B;ATP5F1A;ATP5MC3;ATP5MC2;HSPA9;ATP5F1D;APOO;ATP5PO;MTX2;ATP5ME;ATP5PF;ATP5MF;ATP5PD;ATP5PB;TMEM11;IMMT"
"Translation Initiation Complex Formation R-HSA-72649",3.8452515148401e-08,1.04358337623684e-06,0.719512826338911,0.634686065541439,2.1793235684234,57,"RPS28;RPSA;RPS3A;RPS10;RPS27A;RPS27;RPS23;RPS11;RPS24;RPS2;RPS12;RPS8;RPS6;RPS13;RPS4X;RPS7;RPS15A;RPS19;RPS9;RPS14;RPS29;RPS20;RPS17;RPS5;EIF3F;RPS16;EIF3J;EIF3L;EIF2S2;RPS3"
"Serotonin Neurotransmitter Release Cycle R-HSA-181429",4.22757119350646e-08,1.1212671779141e-06,0.719512826338911,-0.834242011094648,-2.55349984461433,18,"SYN1;RAB3A;STXBP1;SNAP25;SYT1;VAMP2;CPLX1;SYN2;STX1A;PPFIA2;TSPOAP1"
"Ribosomal Scanning And Start Codon Recognition R-HSA-72702",4.38023037027634e-08,1.13593974269166e-06,0.719512826338911,0.633279889379157,2.17449517684811,57,"RPS28;RPSA;RPS3A;RPS10;RPS27A;RPS27;RPS23;RPS11;RPS24;RPS2;RPS12;RPS8;RPS6;RPS13;RPS4X;RPS7;RPS15A;RPS19;RPS9;RPS14;RPS29;RPS20;RPS17;RPS5;EIF3F;RPS16;EIF3J;EIF3L;EIF2S2;RPS3"
"Ion Homeostasis R-HSA-5578775",4.53783741141423e-08,1.15122962154792e-06,0.719512826338911,-0.607439088449567,-2.43968007511774,49,"ATP1A3;ATP1B1;CAMK2A;ATP2B1;SLC8A2;ASPH;ATP2A2;CAMK2G;CALM1;FXYD7;ITPR1;CAMK2D;AHCYL1;ATP1B2;ATP1B3;SRI;ATP1A2;ATP2B4;ATP2B3;RYR2;SLC8A1;PRKCA"
"Organelle Biogenesis And Maintenance R-HSA-1852241",6.37918678166346e-08,1.5839385051492e-06,0.704975715167238,-0.340831110317867,-1.79390468203787,274,"ATP5F1B;ATP5F1A;MEF2C;ATP5MC3;TUBB4B;DYNC1H1;TUBA4A;ATP5MC2;HSPA9;YWHAG;CYCS;ATP5F1D;APOO;PRKAR2B;DCTN3;IFT57;PPP2R1A;DCTN1;MARK4;DYNLRB1;CALM1;YWHAE;CRTC1;ARL6;ATP5PO;IDH2;MTX2;HAUS3;RAB11A;ATP5ME;TUBB4A;CREB1;ATP5PF;ATP5MF;HAUS8;PTGES2;ATP5PD;ATP5PB;KIF3C;KIFAP3;PAFAH1B1;SSNA1;KIF3A;TRIP11;TMEM11;NCOA2;CCT2;IFT81;CSNK1E;EXOC7;IMMT;TTBK2;SIRT3;PRKCA;BBS2;IFT122;EXOC8;EXOC1;DYNLL1;EXOC5;TTC8;AHI1;TBL1XR1;SSBP1;NR1D1;IFT140;DNAJC11;IFT22;CETN2;ATAT1;SIRT4;DYNLT2B;BBS5;CEP76;CARM1;CEP83;CEP290;MKKS;PCNT;CEP63;MAPK11;PDE6D;CEP89;MICOS13;IFT27;KIF3B;EXOC4;MCHR1;TRAF3IP1;BBS10;MEF2D"
"Regulation Of Insulin Secretion R-HSA-422356",7.52563111815484e-08,1.8296690656014e-06,0.704975715167238,-0.523572474068361,-2.28909597205042,77,"STXBP1;GNAS;SNAP25;VAMP2;PLCB1;ACSL3;KCNC2;GNB1;SYT5;PRKAR1B;GNG3;PRKAR2B;ACSL4;PRKACB;PRKAR1A;STX1A;ITPR1;GNB5;GNB2;AHCYL1;CACNB3;KCNB1;CACNA1A;GNG2;PRKCA;CACNA1E;AKAP5;PRKAR2A"
"Post NMDA Receptor Activation Events R-HSA-438064",9.86278424582997e-08,2.34895290099665e-06,0.704975715167238,-0.55589972517687,-2.29616056338119,61,"GRIA2;NRGN;CAMK2A;CAMKK2;NEFL;PRKAR1B;PRKAR2B;CAMK2G;ADCY1;PRKACB;PRKAR1A;CALM1;GRIA1;CAMK2D;MAPT;GIT1;RASGRF1;MAPK3;CREB1;GRIN2B;RASGRF2;ARHGEF7;PRKCA;CAMKK1;PRKAR2A;PDPK1"
"Glutamate Binding, Activation Of AMPA Receptors And Synaptic Plasticity R-HSA-399721",1.23886333146862e-07,2.89150701564777e-06,0.690132458796796,-0.70679441333102,-2.51195144751243,31,"TSPAN7;GRIA2;PRKCB;AP2M1;NSF;CAMK2A;EPB41L1;AP2A1;CAMK2G;AP2S1;PRKCG;GRIA1;CAMK2D;GRIA3;CACNG8;PICK1;PRKCA;GRIA4;AKAP5;CACNG3"
"Ion Channel Transport R-HSA-983712",1.27455298688392e-07,2.91647712881086e-06,0.690132458796796,-0.388944893881298,-1.96952435043562,173,"ATP1A3;ATP6AP1;ATP1B1;ATP6V1B2;ATP6V0C;ATP6V0A1;ATP6V1G2;CAMK2A;ATP2B1;ATP6V0E2;ASPH;ATP6V1A;TTYH3;ATP2A2;CAMK2G;ATP6V0D1;ATP6V1F;ATP6V1D;CALM1;ATP9A;FXYD7;TTYH1;CAMK2D;ATP6V1H;WNK2;CLCN3;ATP1B2;TRPM2;ATP1B3;ATP6V1G1;ATP13A2;ATP6V1E1;TSC22D3;SRI;ATP6V1C1;ATP9B;ATP1A2;ATP2B4;ATP6V0A4;ATP2B3;RYR2"
"Activation Of NMDA Receptors And Postsynaptic Events R-HSA-442755",1.46494704053176e-07,3.28767922365494e-06,0.690132458796796,-0.517935517904373,-2.22939293337768,74,"GRIA2;NRGN;CAMK2A;CAMKK2;NEFL;PRKAR1B;PRKAR2B;CAMK2G;ADCY1;PRKACB;PRKAR1A;CALM1;GRIA1;CAMK2D;MAPT;GRIA3;GIT1;RASGRF1;MAPK3;CREB1;GRIN2B;RASGRF2;ARHGEF7;NBEA;PRKCA;CAMKK1;GRIA4;PRKAR2A;PDPK1"
"mRNA Activation Upon Binding Of Cap-Binding Complex And eIFs, Subsequent Binding To 43S R-HSA-72662",1.71102978592441e-07,3.76749388712034e-06,0.690132458796796,0.628073218540577,2.16278938700436,58,"RPS28;RPSA;RPS3A;RPS10;RPS27A;RPS27;RPS23;RPS11;RPS24;RPS2;RPS12;RPS8;RPS6;RPS13;RPS4X;RPS7;RPS15A;RPS19;RPS9;RPS14;RPS29;RPS20;RPS17;RPS5;EIF3F;RPS16;EIF3J;EIF3L;EIF2S2;RPS3"
"Glutamate Neurotransmitter Release Cycle R-HSA-210500",2.40838636728399e-07,5.20479053818597e-06,0.674962860011025,-0.765100894992778,-2.49103272622219,23,"RAB3A;STXBP1;SNAP25;SYT1;VAMP2;ARL6IP5;SLC17A7;CPLX1;STX1A;SLC1A2;PPFIA2;TSPOAP1;SLC1A1;SLC1A3"
"L1CAM Interactions R-HSA-373760",2.47787201745247e-07,5.25759389884915e-06,0.674962860011025,-0.470808990667745,-2.12956081338702,99,"DNM1;CLTC;SPTBN2;AP2M1;SCN1B;NRCAM;SCN8A;CNTN1;AP2A1;CHL1;GAP43;CLTA;SPTAN1;SCN2A;CNTNAP1;AP2S1;KCNQ3;L1CAM;SCN2B;DPYSL2;ANK2;RANBP9;SCN1A;HSPA8;MAPK3;KCNQ2;SH3GL2;CSNK2B;MAP2K1;SCN3B;SCN3A"
"Dopamine Neurotransmitter Release Cycle R-HSA-212676",2.97310334404237e-07,6.19573500445972e-06,0.674962860011025,-0.762511949183177,-2.48260357814468,23,"SYN1;RAB3A;STXBP1;SNAP25;SYT1;VAMP2;CPLX1;SYN2;STX1A;PPFIA2;TSPOAP1"
"TP53 Regulates Metabolic Genes R-HSA-5628897",3.11721473859484e-07,6.38208701743891e-06,0.674962860011025,-0.513175667167888,-2.27977911411158,81,"COX8A;COX6C;YWHAH;PRDX2;COX7C;YWHAG;CYCS;PRDX5;COX6B1;YWHAB;COX7B;COX6A1;COX4I1;COX5B;COX14;YWHAE;COX5A;PTEN;SESN3;LAMTOR3;RRAGA;AKT1;GSR;GNPDA1;LAMTOR5;UBL4A;PRDX1;TNRC6A;LAMTOR1;COX7A2L"
"Acetylcholine Neurotransmitter Release Cycle R-HSA-264642",4.31136490009524e-07,8.67476351450198e-06,0.674962860011025,-0.802011189850089,-2.40432046283871,17,"RAB3A;STXBP1;SNAP25;SYT1;VAMP2;CPLX1;STX1A;PPFIA2;TSPOAP1"
"GABA Synthesis, Release, Reuptake And Degradation R-HSA-888590",4.89093291943906e-07,9.67409952031421e-06,0.659444398037935,-0.780881211356523,-2.4404017181759,19,"RAB3A;STXBP1;SNAP25;SYT1;VAMP2;CPLX1;STX1A;DNAJC5;HSPA8;SLC6A1;GAD1;SLC6A11;SLC6A13"
"Iron Uptake And Transport R-HSA-917937",5.7757603320235e-07,1.12338538457857e-05,0.659444398037935,-0.556969882811051,-2.27334513427211,57,"ATP6AP1;ATP6V1B2;ATP6V0C;ATP6V0A1;SLC22A17;ATP6V1G2;ATP6V0E2;ATP6V1A;ATP6V0D1;ATP6V1F;ATP6V1D;TFRC;ATP6V1H;SKP1;ATP6V1G1;ATP6V1E1;ATP6V1C1;FBXL5;NEDD8;ATP6V0A4"
"Trafficking Of GluR2-containing AMPA Receptors R-HSA-416993",1.00173231159521e-06,1.91642886496986e-05,0.643551836150722,-0.789260838495253,-2.36609664369656,17,"TSPAN7;GRIA2;PRKCB;AP2M1;NSF;AP2A1;AP2S1;PRKCG;GRIA1;GRIA3;PICK1;PRKCA;GRIA4"
"G2/M Transition R-HSA-69275",1.03381568815883e-06,1.94590791626025e-05,0.643551836150722,-0.359654201659439,-1.81027301296994,179,"TUBB4B;DYNC1H1;TUBA4A;YWHAG;PPP2CA;PSMC5;PRKAR2B;DCTN3;PPP2R1A;DCTN1;RBX1;PSMB7;OPTN;PSMD2;PSMD7;PPP1CB;PSMC4;YWHAE;PSMB5;PSMA1;HSP90AB1;PSMD8;SKP1;MNAT1;HAUS3;PPME1;PPP2CB;PSMC2;TUBB4A;HAUS8;PSMB6;PAFAH1B1;HMMR;SSNA1;PSMA5;PPP2R2A;CSNK1E;TUBGCP3;CDK7;PSMC6;PRKCA;PSMD11;PSMC3;PSMD12;TUBGCP2;CDK2;DYNLL1"
"Hedgehog Off State R-HSA-5610787",1.36301366536894e-06,2.52482055156437e-05,0.643551836150722,-0.445127950602381,-2.01358745816755,97,"GNAS;PRKAR1B;PSMC5;PRKAR2B;IFT57;ADCY1;PRKACB;PRKAR1A;RBX1;PSMB7;PSMD2;PSMD7;GSK3B;PSMC4;PSMB5;PSMA1;PSMD8;SKP1;PSMC2;PSMB6;KIF3A;PSMA5;PSMC6;PRKCA;IFT122;PSMD11;PSMC3;PSMD12;PRKAR2A;SEM1;IFT140;PSMD3;PSMF1;ADCY2;SUFU;GPR161;PSMA3;PSMC1;PSMB1;PSMA7"
"Regulation Of Ornithine Decarboxylase (ODC) R-HSA-350562",1.51203560317448e-06,2.75710242016347e-05,0.643551836150722,-0.568225662868501,-2.28998067981048,50,"PSMC5;OAZ1;PSMB7;PSMD2;PSMD7;PSMC4;OAZ2;PSMB5;PSMA1;PSMD8;PSMC2;PSMB6;PSMA5;PSMC6;PSMD11;PSMC3;PSMD12;SEM1;PSMD3;PSMF1;AZIN1;PSMA3;PSMC1;PSMB1;PSMA7"
"Norepinephrine Neurotransmitter Release Cycle R-HSA-181430",1.61552311305123e-06,2.90048534297044e-05,0.643551836150722,-0.783769545127915,-2.3990105809602,18,"RAB3A;STXBP1;SNAP25;SYT1;VAMP2;CPLX1;STX1A;PPFIA2;TSPOAP1"
"Cellular Response To Chemical Stress R-HSA-9711123",1.78436319702586e-06,3.1550785620139e-05,0.643551836150722,-0.354741133723287,-1.77882440940077,180,"COX8A;COX6C;PRDX2;VCP;COX7C;CYCS;GPX1;PRDX5;PSMC5;COX6B1;COX7B;RBX1;PSMB7;COX6A1;PSMD2;PSMD7;COX4I1;COX5B;COX14;GSK3B;PSMC4;PSMB5;FBXL17;PSMA1;COX5A;PSMD8;SKP1;PSMC2;PSMB6;SIN3B;CSNK2B;P4HB;PSMA5;NCOA2;GPX3;PSMC6;AKT1;PSMD11;PSMC3;PSMD12;ATOX1;GSR;TXNRD2;HMOX2;SQSTM1;CUL3;TBL1XR1;SEM1;UBL4A;GSTP1;PSMD3;PRDX1;PSMF1;TKT;GCLM;COX7A2L"
"HIV Infection R-HSA-162906",1.96147700899366e-06,3.4164830887994e-05,0.627256739718528,-0.338735463300313,-1.74603145169721,224,"AP2M1;SLC25A5;AP2A1;PSMC5;PPIA;SLC25A4;RBX1;PSMB7;AP2S1;PSMD2;PSMD7;VPS28;PSMC4;ATP6V1H;SUPT4H1;FURIN;PSMB5;PSMA1;RNGTT;VTA1;AP1S1;PSMD8;SKP1;KPNB1;MNAT1;RNMT;XRCC6;NMT2;POLR2A;POLR2E;PSMC2;POLR2C;PSMB6;NUP98;SLC25A6;PSMA5;TAF15;RANGAP1;CDK7;PSMC6;NUP88;KPNA1;GTF2A2;HLA-A;TAF6;PSMD11;PSMC3;PDCD6IP;PSMD12;XRCC5;ERCC3;CDK9;TAF13;SSRP1;SGIP1;NEDD4L;TBP;POLR2K;SEM1;PSMD3;RANBP1;PSMF1;POLR2H;TPR;POLR2G;GTF2H1;DOCK2;PSMA3;NUP54;ELOA;SEH1L;NELFE;VPS37B;NELFA;PSMC1;GTF2H5;NCBP2;RAN;PSMB1;PSMA7;TAF9B"
"Mitochondrial Biogenesis R-HSA-1592230",2.12022821811363e-06,3.63868578020383e-05,0.627256739718528,-0.463225782799261,-2.08369785556561,89,"ATP5F1B;ATP5F1A;MEF2C;ATP5MC3;ATP5MC2;HSPA9;CYCS;ATP5F1D;APOO;CALM1;CRTC1;ATP5PO;IDH2;MTX2;ATP5ME;CREB1;ATP5PF;ATP5MF;ATP5PD;ATP5PB;TMEM11;NCOA2;IMMT;SIRT3"
"Antigen Processing: Ubiquitination And Proteasome Degradation R-HSA-983168",2.16534657277449e-06,3.64467769605434e-05,0.627256739718528,-0.306283615216089,-1.63575044873636,303,"PJA2;FBXW7;PSMC5;UBE2V2;FBXL16;TRIM9;FBXO21;RBX1;HUWE1;PSMB7;UBE2W;PSMD2;PSMD7;UBE3C;UBA1;UBE2K;PSMC4;PSMB5;FBXO41;FBXO11;RNF6;PSMA1;FBXO2;PSMD8;SKP1;STUB1;UBE2D2;ASB5;RNF115;PSMC2;FBXL5;PJA1;ANAPC11;FBXL19;HACE1;PSMB6;ANAPC13;PSMA5;TRIM32;NPEPPS;UBE2M;LNX1;HECW2;HERC3;UBE2D1;UBAC1;KBTBD6;ASB8;PSMC6;ASB17;LRRC41;MGRN1;MIB2;UBA6;FBXO6;PSMD11;PSMC3;PSMD12;LMO7;SOCS3;TRIM37;SIAH2;UBE2D3;FBXO15;LRSAM1;THOP1;NEDD4L;ASB6;BTBD1;RNF41;ASB9;WSB1;UBE2E1;UBE2B;UBE2U;FBXO44;CUL3;FBXO32;SEM1;UBE3A;UBE4A;PSMD3;CUL7;PSMF1;FBXO22"
"DAG And IP3 Signaling R-HSA-1489509",2.18829436999485e-06,3.64467769605434e-05,0.627256739718528,-0.610582186612686,-2.29880452030645,39,"CAMK2A;CAMKK2;PRKAR1B;PRKAR2B;CAMK2G;ADCY1;PRKACB;PRKAR1A;CALM1;ITPR1;PRKCG;CAMK2D;PDE1B;GRK2;AHCYL1;CREB1;PRKCE;PDE1A;NBEA;PRKCA;CAMKK1;PRKAR2A"
"Formation Of ATP By Chemiosmotic Coupling R-HSA-163210",2.21741316555148e-06,3.64467769605434e-05,0.627256739718528,-0.80901718640263,-2.37431185963988,16,"ATP5F1B;ATP5F1A;ATP5MC3;ATP5MC2;ATP5F1D;ATP5PO;ATP5ME;ATP5PF;ATP5MF;ATP5PD;ATP5PB"
"PLC Beta Mediated Events R-HSA-112043",2.42781522095468e-06,3.93508383729737e-05,0.627256739718528,-0.555612742890326,-2.21863487040803,47,"PLCB1;CAMK2A;CAMKK2;PRKAR1B;PRKAR2B;CAMK2G;ADCY1;PRKACB;PRKAR1A;CALM1;ITPR1;PRKCG;CAMK2D;PDE1B;GRK2;AHCYL1;CREB1;PDE1A;NBEA;PRKCA;CAMKK1;PLA2G4A;PRKAR2A"
"Signaling By Receptor Tyrosine Kinases R-HSA-9006934",2.87425844796885e-06,4.59487617641048e-05,0.627256739718528,-0.265537102263368,-1.48901000431061,494,"DNM1;CLTC;ATP6AP1;ATP6V1B2;ATP6V0C;PRKCB;ATP6V0A1;MEF2C;AP2M1;ATP6V1G2;PRKCZ;GRB2;ATP6V0E2;PTK2B;SHC3;PIK3R1;AP2A1;EPN1;ATP6V1A;GABRB2;EGR3;CYFIP2;ADAP1;PPP2CA;CLTA;ATP6V0D1;YWHAB;ID2;ATP6V1F;PRKACB;PPP2R1A;GABRA1;ATP6V1D;CDC37;GABRG2;CALM1;AP2S1;ITPR1;WASF1;SPINT2;GGA3;STMN1;ABI2;ATP6V1H;FURIN;AHCYL1;PTPRU;GABRB3;FLRT2;CDK5R1;RANBP9;STUB1;BAIAP2;RNMT;ATP6V1G1;ATP6V1E1;PTN;MAPK3;PPP2CB;POLR2A;POLR2E;FGF13;ATP6V1C1;PIK3R2;CREB1;MATK;NTRK2;SPRED1;AAMP;GRIN2B;NCKAP1;SH3GL2;MAP2K5;POLR2C;ATP6V0A4;RAPGEF1;MAP2K1;NRG3;GABRB1;PRKCE;VGF;TIA1;PTPRK;F3;ARHGEF7;SYNGAP1;FLRT1;PRKCA;HGS;FLRT3;DIAPH1;SHC2;ROCK2;DOCK3;EGFR"
"Degradation Of GLI2 By Proteasome R-HSA-5610783",4.34114046209116e-06,6.84609583683835e-05,0.610526878385931,-0.526129342375848,-2.15024588381081,58,"PSMC5;PRKACB;RBX1;PSMB7;PSMD2;PSMD7;GSK3B;PSMC4;PSMB5;PSMA1;PSMD8;SKP1;PSMC2;PSMB6;PSMA5;PSMC6;PRKCA;PSMD11;PSMC3;PSMD12;SEM1;PSMD3;PSMF1;SUFU;PSMA3;PSMC1;PSMB1;PSMA7"
"Signaling By ROBO Receptors R-HSA-376176",4.68058810630752e-06,7.2829950934145e-05,0.610526878385931,0.428528205805757,1.75633447937595,205,"RPS28;RPL21;RPL7;RPL32;RPSA;RPS3A;RPS10;NCK2;RPS27A;RPL18A;RPL30;CASC3;RPS27;RPL6;RPS23;RPL39;RPS11;RPL19;RPS24;RPL37;RPL5;RPS2;RPS12;RPS8;RPL7A;RPL12;RPS6;RPL34;RPS13;RPS4X;RPL37A;RPL27A;RPS7;RPS15A;RPS19;RPS9;UPF3A;RPL26;RPL22;RPL36A;PKN1;RPS14;RPS29;RPL35;RPS20;RPL29;RPS17;RPL9;RPS5;RPL23A;RPS16;MYO9B;RPL4;PSMD10;RPL38;RPS3;RPL31;RPL28;RPL11;RPL14;RPLP0;RPL36AL"
"Class A/1 (Rhodopsin-like Receptors) R-HSA-373076",5.06235610508688e-06,7.7733810192584e-05,0.610526878385931,0.389250634283627,1.63719670081964,318,"CCL3;LPAR1;GPR4;CCR1;DRD5;SSTR4;DRD4;PRLH;PF4;NPFFR1;GALR3;GALR2;GPBAR1;P2RY4;HCRTR1;CCL5;TBXA2R;INSL3;PTGDR;CCR7;TACR2;APLN;OXER1;PTGER3;NMUR1;RHO;PRLHR;CXCR1;NMBR;S1PR4;OPRL1;DHX34;XCR1;CCR2;ACKR2;SSTR5;OPN1SW;S1PR3;FFAR2;P2RY14;CMKLR1;UCMA;HCRT;ANXA1;RGR;P2RY1;DRD3;CXCR2;TAAR5;HCAR2;CCR9;ADRA2C;PNOC;RRH;PPBP;C3AR1;GNRHR;PTGFR;HTR7;NPW;CCRL2;ADRA2B;PROKR2;SSTR2;OPN1LW;GPR55;CXCR3;LPAR2;C3;AGXT;ADRA1A;CCL19;NPY;FPR3;PTGIR;HRH4;CXCL1;BRS3;AVPR2;LTB4R;P2RY6;CCKAR;OXT;P2RY10;BDKRB1;TAC3;GHSR;PROK1;HTR1D;GNRH1;GPR65;KISS1R;CCL13;PTGER4;F2RL2;KNG1;LPAR3;S1PR2;CHRM4;CCL20;GAL;ADORA2A;PTGER1;LPAR6;SSTR3;GPR37;NMS;AVPR1B;GPHB5;CXCR4;CCL22;CXCR5;C5"
"G-protein Mediated Events R-HSA-112040",5.2302060902003e-06,7.81653228004624e-05,0.610526878385931,-0.532349569302191,-2.17227160400571,52,"PLCB1;CAMK2A;CAMKK2;PRKAR1B;PRKAR2B;CAMK2G;ADCY1;PRKACB;PRKAR1A;CALM1;ITPR1;PRKCG;CAMK2D;PDE1B;GRK2;AHCYL1;CREB1;PDE1A;NBEA;PRKCA;CAMKK1;PLA2G4A;PRKAR2A"
"GLI3 Is Processed To GLI3R By Proteasome R-HSA-5610785",5.27974229269708e-06,7.81653228004624e-05,0.610526878385931,-0.522938296186405,-2.13720434937953,58,"PSMC5;PRKACB;RBX1;PSMB7;PSMD2;PSMD7;GSK3B;PSMC4;PSMB5;PSMA1;PSMD8;SKP1;PSMC2;PSMB6;PSMA5;PSMC6;PRKCA;PSMD11;PSMC3;PSMD12;SEM1;PSMD3;PSMF1;SUFU;PSMA3;PSMC1;PSMB1;PSMA7"
"GPCR Ligand Binding R-HSA-500792",5.35837688435047e-06,7.81653228004624e-05,0.610526878385931,0.36492613346443,1.55845684533603,447,"CCL3;LPAR1;GPR4;WNT8A;CCR1;DRD5;TAS1R3;SSTR4;DRD4;PRLH;GRM4;PF4;NPFFR1;GALR3;UCN;GALR2;GPBAR1;P2RY4;HCRTR1;PTH1R;CCL5;TBXA2R;INSL3;PTGDR;CCR7;TACR2;APLN;OXER1;WNT9B;PTGER3;NMUR1;RHO;PRLHR;FZD2;CXCR1;NMBR;S1PR4;OPRL1;TAS2R60;DHH;DHX34;XCR1;CCR2;ACKR2;TAS2R3;SSTR5;OPN1SW;S1PR3;FFAR2;P2RY14;CMKLR1;UCMA;HCRT;ANXA1;RGR;P2RY1;RAMP3;DRD3;CXCR2;UCN2;TAAR5;GNG5;PTH2;GNG11;HCAR2;CCR9;ADRA2C;PNOC;WNT2;RRH;PPBP;GHRH;CPAMD8;C3AR1;GNRHR;PTGFR;VIPR2;GPRC6A;HTR7;NPW;TAS2R40;CALCRL;CCRL2;ADRA2B;GNB3;PROKR2;SSTR2;OPN1LW;GPR55;SCTR;FZD10;CXCR3;LPAR2;C3;AGXT;ADRA1A;CCL19;ADGRE2;NPY;FPR3;GHRHR;ADGRE1;GRM2;ADGRE5;WNT4;PTGIR;HRH4;CXCL1;BRS3;AVPR2;LTB4R;P2RY6;CCKAR;CALCA;OXT;P2RY10;TAS2R5;BDKRB1;TAC3;ADCYAP1R1;CRH;GHSR;PROK1;GRM6;HTR1D;SCT;FZD9;IHH;GNRH1;GPR65;KISS1R;CALCB;CCL13;PTGER4;F2RL2;KNG1;LPAR3;S1PR2;PTCH2;GNB4;CHRM4;CCL20;GAL;WNT9A;TAS2R39;ADORA2A;TAS1R2;TAS2R9;PTGER1;TAS2R38;LPAR6;SSTR3;CALCR;GPR37;NMS;AVPR1B;GPHB5;CXCR4;CCL22;CXCR5;C5;UBD"
"SARS-CoV-2-host Interactions R-HSA-9705683",5.35503269806604e-06,7.81653228004624e-05,0.610526878385931,0.434316968463883,1.76380644622087,188,"RPS28;IFNA14;RPSA;RPS3A;ATG14;RPS10;RPS27A;AAAS;RNASE7;RPS27;RPS23;RPS11;RPS24;RPS2;RPS12;CRB3;RPS8;RPS6;RPS13;RPS4X;HLA-C;RPS7;RPS15A;RPS19;IFNA4;RPS9;PTPN11;NUP214;RPS14;RPS29;CAV1;RPS20;RPS17;HSP90AA1;RPS5;RPS16;POM121C;HLA-G;NUP50;GEMIN2;SMN1;NUP62;RPS3;MASP2;MASP1;PTPN6;TLR2;IL17RA;IFNA8;RPS25;G3BP1;NUP188;VPS18;IFNA6;TJP1;IFNA5;SFTPD;TLR1;TRIM4;NUP210;ISG15;SIKE1;NUP35;RPS21;TYK2;NUP133;IRAK2;NUP58;IRF3"
"Negative Regulation Of NOTCH4 Signaling R-HSA-9604323",5.58122152886402e-06,8.04109323973372e-05,0.610526878385931,-0.530709720130574,-2.16558014035895,52,"FBXW7;PSMC5;RBX1;PSMB7;PSMD2;PSMD7;PSMC4;PSMB5;PSMA1;PSMD8;SKP1;PSMC2;PSMB6;PSMA5;PSMC6;AKT1;PSMD11;PSMC3;PSMD12;SEM1;PSMD3;PSMF1;PSMA3;PSMC1;PSMB1;PSMA7"
"RAF/MAP Kinase Cascade R-HSA-5673001",5.94359487567681e-06,8.45875026818883e-05,0.610526878385931,-0.305990578230703,-1.60086717204931,267,"SPTBN2;PEBP1;RAPGEF2;CAMK2A;GRB2;SHC3;PIK3R1;NEFL;PPP2CA;PSMC5;CAMK2G;YWHAB;SPTAN1;PPP2R1A;RBX1;PSMB7;CALM1;PSMD2;PSMD7;PPP1CB;CAMK2D;PSMC4;CNKSR2;PTPRA;PSMB5;PPP2R5B;PSMA1;RANBP9;PSMD8;RNMT;GFRA2;RASGRF1;MAPK3;PPP2CB;FGF13;PSMC2;PIK3R2;SPRED1;GRIN2B;PSMB6;LAMTOR3;MAP2K1;NRG3;NF1;PSMA5;ARRB1;RASGRF2;DAB2IP;PAQR3;ARL2;SYNGAP1;PSMC6;SHC2;EGFR;GFRA1;PSMD11;PSMC3;PSMD12;TLN1"
"Regulation Of RAS By GAPs R-HSA-5658442",6.21056579797326e-06,8.73220516413831e-05,0.610526878385931,-0.48955547301169,-2.01851329735986,64,"PSMC5;RBX1;PSMB7;PSMD2;PSMD7;PSMC4;PSMB5;PSMA1;PSMD8;PSMC2;SPRED1;PSMB6;NF1;PSMA5;DAB2IP;SYNGAP1;PSMC6;PSMD11;PSMC3;PSMD12;RASAL2;CUL3;SEM1;PSMD3;PSMF1;PSMA3;PSMC1;SPRED3;PSMB1;PSMA7"
"Cargo Recognition For Clathrin-Mediated Endocytosis R-HSA-8856825",7.18840555897199e-06,9.86925798508273e-05,0.610526878385931,-0.412541511390914,-1.88497737807469,102,"CLTC;SYT1;VAMP2;AP2M1;GRB2;CLTB;AP2A1;EPN1;UBQLN2;CLTA;AP2S1;SNAP91;TFRC;GRK2;REPS2;GPS1;COPS4;AGFG1;NEDD8;SH3GL2;ARRB1;TOR1A;LDLR;HGS;VAMP4;SCARB2;EGFR;COPS5;COPS7A;SGIP1;COPS8;EPS15L1;UBQLN1;GRK3;KIAA0319"
"Phase 0 - Rapid Depolarisation R-HSA-5576892",7.18258445430735e-06,9.86925798508273e-05,0.610526878385931,-0.628246725211528,-2.25248089301021,32,"CAMK2A;SCN1B;SCN8A;FGF12;CAMK2G;FGF14;SCN2A;CALM1;CAMK2D;SCN2B;SCN1A;FGF13;SCN3B;SCN3A;CACNG8"
"Mitotic G2-G2/M Phases R-HSA-453274",7.58080643882212e-06,0.000102869780396575,0.610526878385931,-0.35453591559141,-1.78224629078603,181,"TUBB4B;DYNC1H1;TUBA4A;YWHAG;PPP2CA;PSMC5;PRKAR2B;DCTN3;PPP2R1A;DCTN1;RBX1;PSMB7;OPTN;PSMD2;PSMD7;PPP1CB;PSMC4;YWHAE;PSMB5;PSMA1;HSP90AB1;PSMD8;SKP1;MNAT1;HAUS3;PPME1;PPP2CB;PSMC2;TUBB4A;HAUS8;PSMB6;PAFAH1B1;HMMR;SSNA1;PSMA5;PPP2R2A;CSNK1E;TUBGCP3;CDK7;PSMC6;PRKCA;PSMD11;PSMC3;PSMD12;TUBGCP2;CDK2;DYNLL1"
"Interaction Between L1 And Ankyrins R-HSA-445095",8.08379442376236e-06,0.000107202137415121,0.593325476396405,-0.643100820201258,-2.23450655337678,29,"SPTBN2;SCN1B;NRCAM;SCN8A;SPTAN1;SCN2A;KCNQ3;L1CAM;SCN2B;ANK2;SCN1A;KCNQ2;SCN3B;SCN3A"
"Signaling By Hedgehog R-HSA-5358351",8.01431812230916e-06,0.000107202137415121,0.593325476396405,-0.38235518331052,-1.83718512863644,134,"GNAS;VCP;PRKAR1B;PSMC5;PRKAR2B;IFT57;ADCY1;PRKACB;PRKAR1A;RBX1;PSMB7;PSMD2;PSMD7;GSK3B;PSMC4;GRK2;PSMB5;OS9;PSMA1;PSMD8;SKP1;ERLEC1;PSMC2;PSMB6;KIF3A;P4HB;PSMA5;ARRB1;PSMC6;PRKCA;IFT122;PSMD11;PSMC3;PSMD12;GPC5;PRKAR2A;CUL3;SEM1;IFT140;PSMD3;SEL1L;PSMF1;ADCY2;SUFU;GPR161;PSMA3"
"Fc Epsilon Receptor (FCERI) Signaling R-HSA-2454202",8.32533290668881e-06,0.000109164758450627,0.593325476396405,-0.388399751641544,-1.84819381456002,129,"PPP3R1;GRB2;MAPK10;PPP3CB;PIK3R1;PSMC5;PSMB7;CALM1;PSMD2;PSMD7;ITPR1;PSMC4;AHCYL1;PSMB5;PSMA1;PSMD8;SKP1;UBE2D2;MAPK3;PPP3CA;PSMC2;PIK3R2;PSMB6;JUN;PSMA5;MAP2K4;UBE2D1;PSMC6;MAPK8;PSMD11;PSMC3;PSMD12;FOS;MAPK9;PDPK1;VAV3;SEM1;PSMD3;PSMF1;UBE2N;PSMA3;MAP3K1;PSMC1;PSMB1;NFKB1;PSMA7;RASGRP4;HRAS;MS4A2;MAPK1;CDC34;TEC;SOS1;PSMA6;MAP2K7;PSMB2;BTRC;PLCG1"
"Neutrophil Degranulation R-HSA-6798695",1.10723406320644e-05,0.000143571350195769,0.593325476396405,-0.262342604422013,-1.47191453103991,458,"RAB3A;SNAP25;PTPRN2;PKM;ATP6V0C;ATP6AP2;ATP6V0A1;TUBB4B;CTSB;DYNC1H1;ALDOC;SIRPA;VCP;TOLLIP;SRP14;KCNAB2;PRDX5;PPIA;PAFAH1B2;CD47;ACTR2;SPTAN1;RAB7A;HUWE1;ATP6V1D;PSMB7;DDX3X;DNAJC5;PSMD2;PSMD7;ITM2C;PDXK;SCAMP1;OSTF1;CAB39;CTSZ;CTSA;CD63;YPEL5;SLC2A3;DPP7;HSP90AB1;CAPN1;KPNB1;TRPM2;XRCC6;PFKL;HSPA8;PSMC2;RAB3D;TSPAN14;ACLY;TIMP2;PTGES2;SYNGR1;ORMDL3;ACTR1B;MS4A3;RAB6A;CSNK2B;LAMTOR3;S100A12;CST3;GGH;MMP12;PSMA5;CCT2;EGFL7;FUCA2;NDUFA2;VAPA;RAB14;CYSTM1;DIAPH1;NME2;DBNL;MAGT1;GYG1;HLA-A;GNS;PSMD11;RAP2C;CTSG;QPCT;CTSS;PSMC3;IQGAP2;PSMD12;XRCC5;ALOX5;DDOST;FAF2;MNDA;DYNLL1;FGR;DNASE1L1;HMOX2;CAND1;ACTR10;ATP8A1;GNPDA1;PRKCSH;NCSTN;STOM;DSN1;PYGB;SLCO4C1;KCMF1;ITGAV;RAB18"
"Ca-dependent Events R-HSA-111996",1.15366287320481e-05,0.000147947755278023,0.593325476396405,-0.605889537988888,-2.2400628325076,35,"CAMK2A;CAMKK2;PRKAR1B;PRKAR2B;CAMK2G;ADCY1;PRKACB;PRKAR1A;CALM1;PRKCG;CAMK2D;PDE1B;GRK2;CREB1;PDE1A;NBEA;PRKCA;CAMKK1;PLA2G4A;PRKAR2A"
"Signaling By NTRKs R-HSA-166520",1.19189491375057e-05,0.00015118927873336,0.593325476396405,-0.370935690661104,-1.78125164766826,132,"DNM1;CLTC;MEF2C;AP2M1;GRB2;SHC3;PIK3R1;AP2A1;EGR3;PPP2CA;CLTA;YWHAB;ID2;PPP2R1A;AP2S1;FURIN;PTPRU;CDK5R1;MAPK3;PPP2CB;PIK3R2;CREB1;NTRK2;GRIN2B;SH3GL2;MAP2K5;RAPGEF1;MAP2K1;VGF;F3;SHC2;DOCK3;RALA;RPS6KA5;PTPRS;FOS;KIDINS220;JUND;NTRK3"
"MHC Class II Antigen Presentation R-HSA-2132295",1.27106624861834e-05,0.000159498313133075,0.593325476396405,-0.411927501071168,-1.88260403073331,101,"DNM1;CLTC;SPTBN2;AP2M1;CTSB;DYNC1H1;AP2A1;CLTA;KLC1;DCTN3;RAB7A;DCTN1;AP2S1;CTSA;AP1S1;CTSF;SH3GL2;KIF3C;ACTR1B;KIFAP3;DYNC1I1;KIF3A;HLA-DQB2;CANX;CTSS;LGMN;CAPZB;DYNLL1;ACTR10"
"CaM Pathway R-HSA-111997",1.50376928754455e-05,0.000186691357294095,0.593325476396405,-0.608390442882042,-2.20626102955148,33,"CAMK2A;CAMKK2;PRKAR1B;PRKAR2B;CAMK2G;ADCY1;PRKACB;PRKAR1A;CALM1;PRKCG;CAMK2D;PDE1B;GRK2;CREB1;PDE1A;NBEA;PRKCA;CAMKK1;PRKAR2A"
"Signaling By NTRK1 (TRKA) R-HSA-187037",1.71054272850904e-05,0.000210126669912637,0.575610261071129,-0.389407925459014,-1.81965540171715,114,"DNM1;CLTC;MEF2C;AP2M1;GRB2;SHC3;PIK3R1;AP2A1;EGR3;PPP2CA;CLTA;YWHAB;ID2;PPP2R1A;AP2S1;CDK5R1;MAPK3;PPP2CB;PIK3R2;CREB1;NTRK2;SH3GL2;MAP2K5;RAPGEF1;MAP2K1;VGF;F3;SHC2;RALA;RPS6KA5;FOS;KIDINS220"
"Lysosome Vesicle Biogenesis R-HSA-432720",1.77901695490743e-05,0.000216261748580935,0.575610261071129,-0.598373046387301,-2.17765921273431,34,"CLTC;VAMP2;APP;CLTB;CLTA;DNAJC6;CTSZ;AP1S1;BLOC1S1;HSPA8;SH3GL2;ARRB1;HGS;GNS"
"RAF Activation R-HSA-5673000",1.97201038077926e-05,0.000237251145811278,0.575610261071129,-0.620289035400759,-2.20451083223445,31,"CAMK2A;PPP2CA;CAMK2G;YWHAB;PPP2R1A;CALM1;PPP1CB;CAMK2D;PPP2R5B;PPP2CB;MAP2K1"
"Hh Mutants Are Degraded By ERAD R-HSA-5362768",2.00001764932673e-05,0.000238165367016765,0.575610261071129,-0.511386037167236,-2.09717473057614,54,"VCP;PSMC5;PSMB7;PSMD2;PSMD7;PSMC4;PSMB5;OS9;PSMA1;PSMD8;ERLEC1;PSMC2;PSMB6;PSMA5;PSMC6;PSMD11;PSMC3;PSMD12;SEM1;PSMD3;SEL1L;PSMF1;PSMA3;PSMC1;PSMB1;PSMA7"
"Signaling By WNT R-HSA-195721",2.10950749478688e-05,0.000248666186506695,0.575610261071129,-0.294828154819669,-1.56842087886112,290,"CLTC;PPP3R1;PRKCB;AP2M1;GNAO1;PLCB1;CAMK2A;CLTB;NLK;PPP3CB;GNB1;AP2A1;GNG3;PPP2CA;PSMC5;CLTA;PPP2R1A;RBX1;PSMB7;CALM1;AP2S1;PSMD2;PSMD7;ITPR1;VPS35;PRKCG;GNB5;GSK3B;GNB2;PSMC4;TLE5;PSMB5;PPP2R5B;PSMA1;PSMD8;SKP1;PPP2CB;H2AZ1;PPP3CA;PSMC2;WNT3;HECW1;WNT10A;RORA;PSMB6;CSNK2B;FZD1;WNT16;PSMA5;CSNK1E;LEO1;TMED5;WIF1;GNG2;TLE2;PSMC6;PRKCA;H2AC7;AKT1;PSMD11;USP8;PSMC3;PSMD12"
"Platelet Homeostasis R-HSA-418346",2.27671490172276e-05,0.000265692629031046,0.575610261071129,-0.435661243957232,-1.93952892843529,83,"GNAS;ATP2B1;GNB1;SLC8A2;GNG3;PPP2CA;ATP2A2;PPP2R1A;CALM1;PDE2A;ITPR1;GNB5;GNB2;PDE1B;PPP2R5B;PPP2CB;SRI;GUCY1B1;ATP2B4;ATP2B3;GUCY1A1;PDE1A;SLC8A1;GNG2"
"Apoptosis R-HSA-109581",2.30077225907083e-05,0.000265841705577787,0.575610261071129,-0.336525968441021,-1.70781651776013,176,"PPP3R1;YWHAH;YWHAG;CYCS;PSMC5;BCAP31;DAPK1;YWHAB;DNM1L;SPTAN1;PSMB7;PSMD2;PSMD7;MAGED1;H1-4;STK24;PSMC4;SATB1;YWHAE;PSMB5;PSMA1;PSMD8;KPNB1;MAPT;MAPK3;PSMC2;PSMB6;FASN;PSMA5;BCL2;NDUFA2;PSMC6;C1QBP;KPNA1;DBNL;MAPK8;AKT1;PSMD11;PSMC3;PSMD12;DYNLL1;H1-3;CTNNB1;ADD1;GSDME;SEM1;GZMB;LMNB1;TLR4;PSMD3;PSMF1;H1-2"
"GSK3B And BTRC:CUL1-mediated-degradation Of NFE2L2 R-HSA-9762114",2.38469340544925e-05,0.000271513103872496,0.575610261071129,-0.524395840841483,-2.11334408593558,50,"PSMC5;RBX1;PSMB7;PSMD2;PSMD7;GSK3B;PSMC4;PSMB5;PSMA1;PSMD8;SKP1;PSMC2;PSMB6;PSMA5;PSMC6;PSMD11;PSMC3;PSMD12;SEM1;PSMD3;PSMF1;PSMA3;PSMC1;PSMB1;PSMA7"
"Ion Transport By P-type ATPases R-HSA-936837",2.39638814900318e-05,0.000271513103872496,0.575610261071129,-0.509506830195867,-2.07906098380474,52,"ATP1A3;ATP1B1;CAMK2A;ATP2B1;ATP2A2;CAMK2G;CALM1;ATP9A;FXYD7;CAMK2D;ATP1B2;ATP1B3;ATP13A2;SRI;ATP9B;ATP1A2;ATP2B4;ATP2B3;PDZD11;CUTC"
"WNT5A-dependent Internalization Of FZD4 R-HSA-5099900",2.71121096361615e-05,0.000304229153321158,0.575610261071129,-0.779427254272278,-2.21616614344487,15,"CLTC;PRKCB;AP2M1;CLTB;AP2A1;CLTA;AP2S1;PRKCG"
"MAPK1/MAPK3 Signaling R-HSA-5684996",2.79411430600543e-05,0.000310545847153175,0.575610261071129,-0.295044071841303,-1.54983617429968,273,"SPTBN2;PEBP1;RAPGEF2;CAMK2A;GRB2;SHC3;PIK3R1;NEFL;PPP2CA;PSMC5;CAMK2G;YWHAB;SPTAN1;PPP2R1A;RBX1;PSMB7;CALM1;PSMD2;PSMD7;PPP1CB;CAMK2D;PSMC4;CNKSR2;PTPRA;PSMB5;PPP2R5B;PSMA1;RANBP9;PSMD8;RNMT;GFRA2;RASGRF1;MAPK3;PPP2CB;FGF13;PSMC2;PIK3R2;SPRED1;GRIN2B;PSMB6;LAMTOR3;MAP2K1;NRG3;NF1;PSMA5;ARRB1;RASGRF2;DAB2IP;PAQR3;ARL2;SYNGAP1;PSMC6;SHC2;EGFR;GFRA1;PSMD11;PSMC3;PSMD12;TLN1"
"Signaling By B Cell Receptor (BCR) R-HSA-983705",2.84570313599558e-05,0.000313295807519513,0.575610261071129,-0.395000379466658,-1.84141150840671,108,"PPP3R1;PRKCB;GRB2;PPP3CB;PIK3R1;PSMC5;PPIA;PSMB7;CALM1;CLSTN1;PSMD2;PSMD7;ITPR1;PSMC4;AHCYL1;PSMB5;PSMA1;PSMD8;SKP1;PPP3CA;PSMC2;PSMB6;PSMA5;PSMC6;PSMD11;PSMC3;PSMD12;REL;SEM1;PSMD3;PSMF1;CD22;PSMA3;NFKBIE;TRPC1;PSMC1;PSMB1;NFKB1;PSMA7;CD19"
"Cardiac Conduction R-HSA-5576891",3.11141252534399e-05,0.00033934751561462,0.557332238758646,-0.384862393332204,-1.8130203242695,125,"ATP1A3;ATP1B1;CAMK2A;SCN1B;ATP2B1;SCN8A;FGF12;SLC8A2;ASPH;ATP2A2;CAMK2G;FGF14;SCN2A;CALM1;FXYD7;ITPR1;CAMK2D;AHCYL1;KCND2;SCN2B;SCN1A;ATP1B2;KCNK4;ATP1B3;FGF13;SRI;HIPK1;ATP1A2;ATP2B4;ATP2B3;SCN3B;SCN3A;RYR2;MMP12;SLC8A1;CACNG8;PRKCA;KCNIP4;KCNIP2"
"Degradation Of GLI1 By Proteasome R-HSA-5610780",3.20709208648331e-05,0.00034654411712278,0.557332238758646,-0.500143229001923,-2.04404284813483,58,"PSMC5;PRKACB;RBX1;PSMB7;PSMD2;PSMD7;PSMC4;PSMB5;PSMA1;PSMD8;SKP1;PSMC2;PSMB6;PSMA5;PSMC6;PRKCA;PSMD11;PSMC3;PSMD12;SEM1;PSMD3;PSMF1;SUFU;PSMA3;PSMC1;PSMB1;PSMA7"
"ER To Golgi Anterograde Transport R-HSA-199977",3.3631037061766e-05,0.00036006807569799,0.557332238758646,-0.370767864710792,-1.78028302173982,133,"SPTBN2;ARF3;ARF5;NSF;DYNC1H1;DCTN3;SPTAN1;DCTN1;GRIA1;CNIH2;CTSZ;TRAPPC3;ANK2;LMAN1;PTGES2;MCFD2;YKT6;STX5;DYNC1I1;KDELR1;TMED9;TRAPPC6B;COPA;PPP6R1;F5;RAB1A;CAPZB;SPTBN4;DYNLL1;ACTR10;SEC16A;COG6"
"Intracellular Signaling By Second Messengers R-HSA-9006925",3.53853518705165e-05,0.00037540641484448,0.557332238758646,-0.286422894637066,-1.53395627877763,304,"GSK3A;CAMK2A;GRB2;PIK3R1;CAMKK2;PRKAR1B;PPP2CA;CBX6;PSMC5;PRKAR2B;CAMK2G;ADCY1;PRKACB;PPP2R1A;PRKAR1A;PSMB7;CALM1;CLSTN1;RBBP7;PSMD2;PSMD7;ITPR1;PRKCG;CAMK2D;GSK3B;PSMC4;PDE1B;GRK2;AHCYL1;PSMB5;PPP2R5B;PSMA1;PSMD8;STUB1;RNMT;PTEN;MAPK3;PPP2CB;MTA1;FGF13;PSMC2;PIK3R2;CREB1;TRIM27;PSMB6;CSNK2B;LAMTOR3;PIP5K1C;NRG3;JUN;PRKCE;PSMA5;PDE1A;MTA2;RRAGA;NBEA;VAPA;PSMC6;CHD3;PRKCA;EGFR;GATAD2B;NR4A1;AKT1;PSMD11;PSMC3;PSMD12;CAMKK1"
"Host Interactions Of HIV Factors R-HSA-162909",3.6379641856622e-05,0.000382477856276377,0.557332238758646,-0.364079463952334,-1.71362843090935,128,"AP2M1;SLC25A5;AP2A1;PSMC5;PPIA;SLC25A4;RBX1;PSMB7;AP2S1;PSMD2;PSMD7;PSMC4;ATP6V1H;PSMB5;PSMA1;AP1S1;PSMD8;SKP1;KPNB1;PSMC2;PSMB6;NUP98;SLC25A6;PSMA5;RANGAP1;PSMC6;NUP88;KPNA1;HLA-A;PSMD11;PSMC3;PSMD12;CDK9;SGIP1;SEM1;PSMD3;RANBP1;PSMF1;TPR;DOCK2;PSMA3;NUP54;SEH1L;PSMC1;RAN;PSMB1;PSMA7"
"Protein-protein Interactions At Synapses R-HSA-6794362",3.89272119810802e-05,0.000405607646267148,0.557332238758646,-0.411134388091169,-1.84079188543294,88,"STXBP1;SYT1;EPB41L1;DLGAP1;RTN3;NRXN1;NRXN3;STX1A;DLGAP4;GRIA1;PPFIA2;LRRC4B;NLGN3;GRIA3;NLGN4X;NRXN2;SLITRK2;GRIN2B;SLITRK4;SYT7;APBA2;DBNL;FLOT1;LRFN3;PTPRS;GRIA4;DLGAP3;NLGN2;NTRK3;GRM5;PPFIA3;HOMER1;LIN7A;PDLIM5;SLITRK5;SHANK2;PPFIBP1"
"Autodegradation Of Cdh1 By Cdh1:APC/C R-HSA-174084",5.16670053255258e-05,0.000528906975569199,0.557332238758646,-0.466108182045203,-1.92833752942649,62,"PSMC5;PSMB7;PSMD2;PSMD7;PSMC4;PSMB5;PSMA1;PSMD8;PSMC2;ANAPC11;PSMB6;PSMA5;UBE2D1;PSMC6;PSMD11;PSMC3;PSMD12;UBE2E1;SEM1;PSMD3;PSMF1;PSMA3;PSMC1;PSMB1;PSMA7;CDC16;ANAPC15;ANAPC5;PSMA6;ANAPC4;PSMB2"
"PCP/CE Pathway R-HSA-4086400",5.12198798502203e-05,0.000528906975569199,0.557332238758646,-0.417190218823513,-1.87734189177079,87,"CLTC;PRKCB;AP2M1;CLTB;AP2A1;PSMC5;CLTA;PSMB7;AP2S1;PSMD2;PSMD7;PRKCG;PSMC4;PSMB5;PSMA1;PSMD8;PSMC2;RORA;PSMB6;FZD1;PSMA5;PSMC6;PRKCA;PSMD11;PSMC3;PSMD12"
"Metabolism Of Polyamines R-HSA-351202",5.42977141649672e-05,0.000551003760265363,0.557332238758646,-0.490568439231439,-2.00491149651819,58,"PSMC5;OAZ1;PSMB7;PSMD2;PSMD7;PSMC4;OAZ2;PSMB5;PSMA1;PSMD8;PSMC2;PSMB6;PSMA5;PSMC6;PSMD11;PSMC3;PSMD12;SEM1;PSMD3;PSMF1;AZIN1;PSMA3;PSMC1;PSMB1;PSMA7"
"CLEC7A (Dectin-1) Signaling R-HSA-5607764",6.07513139541897e-05,0.000611179167108098,0.557332238758646,-0.387920529731078,-1.75731585618387,98,"PPP3R1;PPP3CB;PSMC5;PSMB7;CALM1;PSMD2;PSMD7;ITPR1;PSMC4;AHCYL1;PSMB5;PSMA1;PSMD8;SKP1;UBE2D2;PPP3CA;PSMC2;PSMB6;PSMA5;UBE2M;UBE2D1;PSMC6;PSMD11;PSMC3;PSMD12;PDPK1;SEM1;PSMD3;PSMF1;UBE2N;PSMA3;PSMC1;PSMB1;NFKB1;PSMA7"
"Muscle Contraction R-HSA-397014",6.21954459790679e-05,0.000615102419131968,0.538434096309916,-0.32474922286555,-1.64253357321743,194,"ATP1A3;ATP1B1;CAMK2A;SCN1B;ATP2B1;SCN8A;FGF12;SLC8A2;ASPH;TMOD2;ATP2A2;CAMK2G;FGF14;SCN2A;CALM1;MYL12B;FXYD7;ITPR1;CAMK2D;ANXA6;AHCYL1;KCND2;SCN2B;MYL6B;SCN1A;ATP1B2;KCNK4;ATP1B3;FGF13;SRI;HIPK1;GUCY1B1;ALDH2;ATP1A2;TNNT1;ATP2B4;ATP2B3;GUCY1A1;SCN3B;SCN3A;RYR2;MMP12;SLC8A1;CACNG8;TPM3;PRKCA;KCNIP4;KCNIP2"
"Neddylation R-HSA-8951664",6.20585055483939e-05,0.000615102419131968,0.538434096309916,-0.305125851192133,-1.57672979809102,234,"VCP;FBXW7;PSMC5;FBXL16;FBXO21;DDB1;RBX1;PSMB7;RBBP7;PSMD2;PSMD7;PSMC4;PSMB5;FBXO41;FBXO11;DCAF8;FEM1C;PSMA1;FBXO2;PSMD8;SKP1;GPS1;UBE2D2;ASB5;COPS4;PSMC2;EPAS1;FBXL5;NEDD8;OBSL1;FBXL19;PSMB6;PSMA5;NUB1;UBE2M;UBE2D1;KBTBD6;ASB8;PSMC6;ASB17;LRRC41;FEM1B;DCAF6;WSB2;COPS5;FBXO6;PSMD11;COPS7A;PSMC3;PSMD12;LMO7;SOCS3;UBE2D3;FBXO15;CAND1;ASB6;BTBD1;COPS8;ASB9;DDA1;WSB1;FBXO44;SQSTM1;CUL3;FBXO32;SEM1;DCUN1D5;CUL4B;PSMD3;CUL7;PSMF1;FBXO22"
"Transport To Golgi And Subsequent Modification R-HSA-948021",6.72021902708661e-05,0.00065903324408488,0.538434096309916,-0.335971817247992,-1.68143777068334,164,"SPTBN2;ARF3;ARF5;CHGA;NSF;DYNC1H1;DCTN3;SPTAN1;DCTN1;GRIA1;CNIH2;CTSZ;TRAPPC3;ANK2;LMAN1;PTGES2;MCFD2;YKT6;STX5;DYNC1I1;KDELR1;TMED9;TRAPPC6B;COPA;ST8SIA3;PPP6R1;F5;MANEA;MAN1A1;RAB1A;CAPZB;SPTBN4;DYNLL1;MGAT5;ACTR10;SEC16A;COG6"
"Ca2+ Pathway R-HSA-4086398",6.92478526411566e-05,0.000673435366935248,0.538434096309916,-0.460640697911166,-1.90269028122919,61,"PPP3R1;GNAO1;PLCB1;CAMK2A;NLK;PPP3CB;GNB1;GNG3;CALM1;ITPR1;GNB5;GNB2;PPP3CA"
"Protein Localization R-HSA-9609507",7.53831314820706e-05,0.000727042268095673,0.538434096309916,-0.33470140861773,-1.667256252418,160,"ATP5F1B;ATP5F1A;VAMP2;APP;PRNP;HSPA9;FIS1;NDUFB8;SLC25A4;STX1A;TIMM17A;TOMM20;UBE2D2;MTX2;VDAC1;HSD17B4;PEX19;COX17;GET1;STX5;SLC25A6;TIMM23;GDAP1;ABCD3;UBE2D1;VAPA;TIMM50;ALDH3A2;PMPCA;ATAD1;CMC2;ACOT8;TOMM5;IDH3G;CHCHD10;PMPCB;GET4;IDE;UBE2D3;SERP1;CHCHD2;COA4;CS;TIMM17B;PITRM1;ACOX1;UBL4A"
"Amino Acids Regulate mTORC1 R-HSA-9639288",7.60750270211142e-05,0.000727701283062625,0.538434096309916,-0.487961077403019,-2.00110985959451,54,"ATP6V1B2;ATP6V0C;ATP6V1G2;ATP6V0E2;ATP6V1A;ATP6V0D1;ATP6V1F;ATP6V1D;ATP6V1H;ATP6V1G1;ATP6V1E1;ATP6V1C1;FNIP2;LAMTOR3;RRAGA"
"trans-Golgi Network Vesicle Budding R-HSA-199992",7.82422380444992e-05,0.000742347087788054,0.538434096309916,-0.433364013237187,-1.84389213056054,70,"CLTC;VAMP2;APP;CLTB;CLTA;TPD52;DNAJC6;TFRC;CTSZ;CLINT1;AP1S1;BLOC1S1;OCRL;HSPA8;PTGES2;SH3GL2;ARRB1"
"Cross-presentation Of Soluble Exogenous Antigens (Endosomes) R-HSA-1236978",8.35316305587108e-05,0.000786140426306577,0.538434096309916,-0.499741058346148,-1.99959924886337,48,"PSMC5;PSMB7;PSMD2;PSMD7;PSMC4;PSMB5;PSMA1;PSMD8;PSMC2;PSMB6;PSMA5;PSMC6;PSMD11;PSMC3;PSMD12;SEM1;PSMD3;PSMF1;PSMA3;PSMC1;PSMB1;PSMA7"
"Downstream Signaling Events Of B Cell Receptor (BCR) R-HSA-1168372",9.15465367129527e-05,0.000854678466752127,0.538434096309916,-0.431457164058157,-1.88774086929875,78,"PPP3R1;PRKCB;PPP3CB;PSMC5;PPIA;PSMB7;CALM1;PSMD2;PSMD7;PSMC4;PSMB5;PSMA1;PSMD8;SKP1;PPP3CA;PSMC2;PSMB6;PSMA5;PSMC6;PSMD11;PSMC3;PSMD12;REL;SEM1;PSMD3;PSMF1;PSMA3;NFKBIE;PSMC1;PSMB1;NFKB1;PSMA7"
"Mitochondrial Protein Import R-HSA-1268020",9.29632616591524e-05,0.000861016875843102,0.538434096309916,-0.461059770993976,-1.92065793463465,63,"ATP5F1B;ATP5F1A;HSPA9;NDUFB8;SLC25A4;TIMM17A;TOMM20;MTX2;VDAC1;COX17;SLC25A6;TIMM23;TIMM50;PMPCA;CMC2;TOMM5;IDH3G;CHCHD10;PMPCB;CHCHD2;COA4;CS;TIMM17B;PITRM1"
"Hh Mutants Abrogate Ligand Secretion R-HSA-5387390",9.92902757224528e-05,0.000912375998174035,0.538434096309916,-0.471297607530569,-1.92366258201645,57,"VCP;PSMC5;PSMB7;PSMD2;PSMD7;PSMC4;PSMB5;OS9;PSMA1;PSMD8;ERLEC1;PSMC2;PSMB6;PSMA5;PSMC6;PSMD11;PSMC3;PSMD12;SEM1;PSMD3;SEL1L;PSMF1;PSMA3;PSMC1;PSMB1;PSMA7"
"Signaling By Insulin Receptor R-HSA-74752",0.000104478072991421,0.000952546181101473,0.538434096309916,-0.43234686862126,-1.89025115816214,77,"ATP6AP1;ATP6V1B2;ATP6V0C;ATP6V0A1;ATP6V1G2;GRB2;ATP6V0E2;PIK3R1;ATP6V1A;ATP6V0D1;ATP6V1F;ATP6V1D;ATP6V1H;ATP6V1G1;ATP6V1E1;MAPK3;FGF13;ATP6V1C1;PIK3R2;ATP6V0A4"
"Vpu Mediated Degradation Of CD4 R-HSA-180534",0.000126466679898955,0.00114408229024869,0.518848077743792,-0.492251627120051,-1.98380113636483,50,"PSMC5;PSMB7;PSMD2;PSMD7;PSMC4;PSMB5;PSMA1;PSMD8;SKP1;PSMC2;PSMB6;PSMA5;PSMC6;PSMD11;PSMC3;PSMD12;SEM1;PSMD3;PSMF1;PSMA3;PSMC1;PSMB1;PSMA7"
"Translocation Of SLC2A4 (GLUT4) To Plasma Membrane R-HSA-1445148",0.000128318214090512,0.00115190273725867,0.518848077743792,-0.486897414269028,-1.96226315912143,51,"VAMP2;YWHAH;MYO5A;YWHAG;YWHAB;CALM1;YWHAE;RAB11A;KIFAP3;KIF3A;EXOC7;RAB14;RALA;AKT1;EXOC8;EXOC1;EXOC5;TBC1D1"
"Glucagon-like Peptide-1 (GLP1) Regulates Insulin Secretion R-HSA-381676",0.00016068598517357,0.001431454539676,0.518848077743792,-0.526926891384827,-2.01653807427102,42,"GNAS;KCNC2;GNB1;PRKAR1B;GNG3;PRKAR2B;PRKACB;PRKAR1A;ITPR1;GNB5;GNB2;KCNB1;GNG2;PRKCA;AKAP5;PRKAR2A;GNG4;GNG7;GNGT1"
"Protein Folding R-HSA-391251",0.000172019750939449,0.00152081097989649,0.518848077743792,-0.389490642669912,-1.74934712167949,91,"TUBB4B;TUBB2A;TUBA4A;TUBA1C;GNB1;FBXW7;TUBB2B;GNG3;USP11;GNB5;GNB2;NOP56;TBCA;PFDN6;VBP1;RGS7;TUBB4A;FBXL5;CSNK2B;TUBA8;CCT2;GNG2;ARL2;CCT7;ARFGEF2;FBXO6;PFDN2;PFDN5"
"Regulation Of RUNX2 Expression And Activity R-HSA-8939902",0.000177635441327522,0.00155865082728735,0.518848077743792,-0.426946651843306,-1.81457685110659,71,"FBXW7;PSMC5;RBX1;PSMB7;PSMD2;PSMD7;GSK3B;PSMC4;PSMB5;PSMA1;PSMD8;SKP1;STUB1;PSMC2;PSMB6;PSMA5;PSMC6;PSMD11;PSMC3;PSMD12;SEM1;PSMD3;PSMF1;PSMA3;PSMC1;PSMB1;PSMA7"
"Regulation Of Activated PAK-2p34 By Proteasome Mediated Degradation R-HSA-211733",0.000185444945440302,0.00161503172633457,0.518848077743792,-0.487298668279599,-1.94981387818865,48,"PSMC5;PSMB7;PSMD2;PSMD7;PSMC4;PSMB5;PSMA1;PSMD8;PSMC2;PSMB6;PSMA5;PSMC6;PSMD11;PSMC3;PSMD12;SEM1;PSMD3;PSMF1;PSMA3;PSMC1;PSMB1;PSMA7"
"Nuclear Events Mediated By NFE2L2 R-HSA-9759194",0.000196081721360347,0.00169501754687056,0.518848077743792,-0.405274823689263,-1.75954542002088,76,"PSMC5;RBX1;PSMB7;PSMD2;PSMD7;GSK3B;PSMC4;PSMB5;PSMA1;PSMD8;SKP1;PSMC2;PSMB6;PSMA5;PSMC6;PSMD11;PSMC3;PSMD12;GSR;SQSTM1;SEM1;UBL4A;PSMD3;PRDX1;PSMF1;TKT;GCLM;PSMA3;PSMC1;PSMB1;PSMA7"
"Glucose Metabolism R-HSA-70326",0.000215969468634502,0.00185320860217988,0.518848077743792,-0.3976739492459,-1.78951933794279,87,"PGK1;MDH1;ENO2;PKM;PFKM;ALDOC;MDH2;ENO1;TPI1;PPP2CA;PFKP;PRKACB;PPP2R1A;PGM2L1;PFKL;PPP2CB;GOT2"
"Vif-mediated Degradation Of APOBEC3G R-HSA-180585",0.000224497968563119,0.00189847195154464,0.518848077743792,-0.468131667477064,-1.91022814112397,52,"PSMC5;RBX1;PSMB7;PSMD2;PSMD7;PSMC4;PSMB5;PSMA1;PSMD8;PSMC2;PSMB6;PSMA5;PSMC6;PSMD11;PSMC3;PSMD12;SEM1;PSMD3;PSMF1;PSMA3;PSMC1;PSMB1;PSMA7"
"XBP1(S) Activates Chaperone Genes R-HSA-381038",0.00022360454277271,0.00189847195154464,0.518848077743792,-0.491504593526671,-1.94797867296254,46,"GSK3A;ATP6V0D1;DCTN1;KLHDC3;TSPYL2;PPP2R5B;SSR1;ACADVL;SRPRA;EXTL1;SRPRB;WFS1;TLN1;SERP1;TATDN2;ADD1;CUL7"
"Ubiquitin Mediated Degradation Of Phosphorylated Cdc25A R-HSA-69601",0.00023168898017395,0.00194518733714388,0.518848077743792,-0.479131168887435,-1.93092496792274,50,"PSMC5;PSMB7;PSMD2;PSMD7;PSMC4;PSMB5;PSMA1;PSMD8;PSMC2;PSMB6;PSMA5;PSMC6;PSMD11;PSMC3;PSMD12;SEM1;PSMD3;PSMF1;PSMA3;PSMC1;PSMB1;PSMA7"
"Asparagine N-linked Glycosylation R-HSA-446203",0.00027724063214436,0.0022145777891398,0.49849310876659,-0.275044723062139,-1.45601901262403,279,"SPTBN2;ARF3;ARF5;CHGA;RAD23B;NSF;DYNC1H1;VCP;MARCHF6;MVD;DCTN3;TUSC3;SPTAN1;DCTN1;RPN1;GRIA1;CNIH2;CTSZ;TRAPPC3;CMAS;OS9;CTSA;ANK2;ALG13;DPM3;ALG8;LMAN1;ST6GALNAC6;PTGES2;MCFD2;YKT6;AMFR;STX5;DYNC1I1;KDELR1;TMED9;TRAPPC6B;EGFL7;COPA;ST8SIA3;PPP6R1;F5;CANX;MAGT1;ALG5;UGGT2;MANEA;MAN1A1;ST8SIA1;DDOST;RAB1A;CAPZB;SPTBN4;DYNLL1;MGAT5;ACTR10;ST8SIA5;SEC16A;COG6;PRKCSH;PMM1;COPZ2;ST3GAL2;SEL1L;RPN2;RNF5;DCTN4;B4GALT6;ARFGAP2;NGLY1"
"Cdc20:Phospho-APC/C Mediated Degradation Of Cyclin A R-HSA-174184",0.0002685171780853,0.0022145777891398,0.49849310876659,-0.418006667230386,-1.77658079455522,71,"PSMC5;PSMB7;PSMD2;PSMD7;PSMC4;PSMB5;PSMA1;PSMD8;PSMC2;ANAPC11;PSMB6;PSMA5;UBE2D1;PSMC6;PSMD11;PSMC3;PSMD12;UBE2E1;SEM1;PSMD3;PSMF1;PSMA3;BUB1B;PSMC1;PSMB1;PSMA7;CDC16;ANAPC15;ANAPC5;CCNA2;PSMA6;ANAPC4;PSMB2"
"Chaperonin-mediated Protein Folding R-HSA-390466",0.000276379631740751,0.0022145777891398,0.49849310876659,-0.391250327125903,-1.74493885511728,85,"TUBB4B;TUBB2A;TUBA4A;TUBA1C;GNB1;FBXW7;TUBB2B;GNG3;USP11;GNB5;GNB2;NOP56;PFDN6;VBP1;RGS7;TUBB4A;FBXL5;CSNK2B;TUBA8;CCT2;GNG2;CCT7;ARFGEF2;FBXO6;PFDN2;PFDN5"
"Degradation Of DVL R-HSA-4641258",0.000273961805454051,0.0022145777891398,0.49849310876659,-0.46150521349429,-1.89261536574347,54,"PSMC5;RBX1;PSMB7;PSMD2;PSMD7;PSMC4;PSMB5;PSMA1;PSMD8;PSMC2;HECW1;PSMB6;PSMA5;PSMC6;PSMD11;PSMC3;PSMD12;CUL3;SEM1;PSMD3;PSMF1;PSMA3;PSMC1;PSMB1;PSMA7"
"Glucagon Signaling In Metabolic Regulation R-HSA-163359",0.000278404744104691,0.0022145777891398,0.49849310876659,-0.546845263243061,-1.96062861525208,32,"GNAS;GNB1;PRKAR1B;GNG3;PRKAR2B;ADCY1;PRKACB;PRKAR1A;GNB2;GNG2;PRKCA;PRKAR2A;GNG4;GNG7;ADCY2"
"IRE1alpha Activates Chaperones R-HSA-381070",0.00027568283891068,0.0022145777891398,0.49849310876659,-0.478761991945302,-1.91565632539053,48,"GSK3A;ATP6V0D1;DCTN1;KLHDC3;TSPYL2;PPP2R5B;SSR1;ACADVL;SRPRA;EXTL1;SRPRB;WFS1;TLN1;SERP1;TATDN2;ADD1;CUL7"
"Metabolism Of Amino Acids And Derivatives R-HSA-71291",0.000271518790319604,0.0022145777891398,0.49849310876659,0.348195130173985,1.47514546867946,361,"RPS28;RPL21;RPL7;RPL32;RPSA;RPS3A;RPS10;RPS27A;RPL18A;RPL30;MPST;RPS27;RPL6;RPS23;PRODH2;RPL39;RPS11;RPL19;RPS24;RPL37;RPL5;RPS2;RPS12;DUOX1;RPS8;RPL7A;PSPH;RPL12;RPS6;RPL34;RPS13;RPS4X;RPL37A;RPL27A;RPS7;RPS15A;RPS19;RPS9;SERINC4;RPL26;PDHA2;OCA2;DARS1;RPL22;RPL36A;KYAT1;ACAD8;GCDH;SLC25A15;RPS14;AANAT;RPS29;RPL35;RPS20;RPL29;FOLH1;FTCD;RPS17;RPL9;RPS5;GOLT1A;RPL23A;ASL;RPS16;HAL;SRMS;SLC44A1;MCCC1;ASS1;RPL4;PSMD10;GPT;ASPA;DIO3;VSIG2;RPL38;RPS3;RPL31;RPL28;PSTK;ASMT;RPL11;RPL14;RPLP0;RPL36AL;PHGDH;SARDH;NMRAL1;RPL13A;RPS25;SECISBP2;SERINC2;RPL10A;GSTZ1;GPT2;AGXT;PCBD1;SLC25A10;SLC25A44;SLC6A8;HECA;SRR;TPO;UBA52;SLC25A13;QDPR;LDHD;TYRP1;NNMT;RNASE12;RARS1;PSME2;PYCR3;TMLHE;RPS21;HIBCH;RPL26L1;CARNS1;TYR"
"Response Of Mtb To Phagocytosis R-HSA-9637690",0.000278957099403214,0.0022145777891398,0.49849310876659,-0.636839748449478,-2.05770496123869,21,"PGK1;GSK3A;ENO1;RAB7A;ATP6V1H;KPNB1;MAPK3;TRIM27;HGS;KPNA1;CTSG"
"MAPK Family Signaling Cascades R-HSA-5683057",0.000323532033174626,0.00255109380212695,0.49849310876659,-0.268330574263114,-1.44203658394033,314,"SPTBN2;PEBP1;RAPGEF2;CAMK2A;GRB2;SHC3;PIK3R1;NEFL;PPP2CA;PSMC5;CAMK2G;YWHAB;SPTAN1;PRKACB;PPP2R1A;RBX1;PSMB7;CALM1;PSMD2;PSMD7;PPP1CB;CAMK2D;PSMC4;CNKSR2;PTPRA;PSMB5;PPP2R5B;PSMA1;RANBP9;PSMD8;RNMT;GFRA2;RASGRF1;MAPK3;PPP2CB;FGF13;PSMC2;PIK3R2;CCND3;SPRED1;GRIN2B;PSMB6;LAMTOR3;MAP2K1;NRG3;NF1;JUN;PSMA5;ARRB1;RASGRF2;DAB2IP;PAQR3;ARL2;ARHGEF7;SYNGAP1;PSMC6;PRKCA;SHC2;EGFR;GFRA1;PSMD11;PSMC3;PSMD12;TLN1"
"COPI-mediated Anterograde Transport R-HSA-6807878",0.000332968963551846,0.00260788443265104,0.49849310876659,-0.403587368227011,-1.77385687285027,80,"SPTBN2;ARF3;ARF5;NSF;DYNC1H1;DCTN3;SPTAN1;DCTN1;ANK2;PTGES2;YKT6;STX5;DYNC1I1;KDELR1;TMED9;COPA;RAB1A;CAPZB;SPTBN4;DYNLL1;ACTR10;COG6;COPZ2;DCTN4;ARFGAP2"
"Activation Of BAD And Translocation To Mitochondria R-HSA-111447",0.000347863728436988,0.00270637980723976,0.49849310876659,-0.727195349121336,-2.06765378495516,15,"PPP3R1;YWHAH;YWHAG;YWHAB;YWHAE;BCL2;AKT1"
"Interleukin-1 Signaling R-HSA-9020702",0.000352893446544304,0.00270938586919213,0.49849310876659,-0.34394274972779,-1.60891690403004,113,"APP;TOLLIP;PSMC5;RBX1;PSMB7;PSMD2;PSMD7;PSMC4;PSMB5;PSMA1;PSMD8;SKP1;PSMC2;PSMB6;NKIRAS1;S100A12;MAP2K1;PSMA5;MAP2K4;PSMC6;PSMD11;PSMC3;PSMD12;IKBIP;HOXC13;SQSTM1;SEM1;PSMD3;SAA2;PSMF1;UBE2N;PSMA3;PSMC1;NOD2;PSMB1;NFKB1;PSMA7"
"Pyruvate Metabolism And Citric Acid (TCA) Cycle R-HSA-71406",0.000350839836982414,0.00270938586919213,0.49849310876659,-0.467548357587116,-1.88428381485305,51,"LDHB;MDH2;PDHB;BSG;SDHB;IDH3B;IDH3A;SUCLA2;IDH2;VDAC1;MPC2;SDHA;PDHX;SUCLG1;PDK3;LDLR;GLO1;PDK2;IDH3G;PDPK1;CS"
"Class I MHC Mediated Antigen Processing And Presentation R-HSA-983169",0.000388073425210352,0.00296001102758484,0.49849310876659,-0.254163773857772,-1.3869450820677,374,"PJA2;FBXW7;PSMC5;UBE2V2;FBXL16;TRIM9;FBXO21;RBX1;HUWE1;PSMB7;UBE2W;PSMD2;PSMD7;UBE3C;UBA1;UBE2K;PSMC4;PSMB5;FBXO41;FBXO11;RNF6;PSMA1;FBXO2;PSMD8;SKP1;STUB1;UBE2D2;ASB5;RNF115;PSMC2;FBXL5;PJA1;ANAPC11;FBXL19;HACE1;PSMB6;ANAPC13;PSMA5;TRIM32;NPEPPS;UBE2M;LNX1;HECW2;HERC3;NDUFA2;UBE2D1;UBAC1;KBTBD6;ASB8;CANX;PSMC6;ASB17;LRRC41;MGRN1;MIB2;UBA6;FBXO6;HLA-A;PSMD11;CTSS;PSMC3;PSMD12;LMO7;SOCS3;TRIM37;SIAH2;UBE2D3;FBXO15;LRSAM1;THOP1;NEDD4L;ASB6;BTBD1;RNF41;ASB9;WSB1;UBE2E1;UBE2B;UBE2U;FBXO44;CUL3;FBXO32;ITGAV;SEM1;UBE3A;TLR4;UBE4A;PSMD3;CUL7;PSMF1;FBXO22"
"Long-term Potentiation R-HSA-9620244",0.000391426194079082,0.00296619719798889,0.49849310876659,-0.609232799771602,-1.98355387119676,23,"GRIA2;NRGN;CAMK2A;NEFL;CAMK2G;CALM1;GRIA1;CAMK2D;GRIN2B"
"Degradation Of Beta-Catenin By Destruction Complex R-HSA-195253",0.000430029676758045,0.00323770730823637,0.49849310876659,-0.390025852754236,-1.73636382567173,83,"PPP2CA;PSMC5;PPP2R1A;RBX1;PSMB7;PSMD2;PSMD7;GSK3B;PSMC4;TLE5;PSMB5;PPP2R5B;PSMA1;PSMD8;SKP1;PPP2CB;PSMC2;PSMB6;PSMA5;TLE2;PSMC6;PSMD11;PSMC3;PSMD12;CTNNB1;SEM1;PSMD3;PSMF1"
"Rab Regulation Of Trafficking R-HSA-9007101",0.00043459288665375,0.00325108909439055,0.49849310876659,-0.349863409283114,-1.63590382555076,118,"RAB3A;GDI1;ULK1;GABARAPL2;RAB12;RAB6B;RAB7A;OPTN;GGA3;YWHAE;TRAPPC3;GGA2;TBC1D25;RAB11A;DENND5B;TBC1D15;RAB6A;ANKRD27;DENND3;TRAPPC6B;TRAPPC11;TRAPPC13;RAB33A;RAB14;AKT1;RAB1A;RIC1;RABGEF1;RAB39A;CHML;RAB38;RAB18"
"Regulation Of PTEN Stability And Activity R-HSA-8948751",0.000442664317362846,0.00329037744179899,0.49849310876659,-0.430888701221344,-1.80438914765474,66,"PSMC5;PSMB7;PSMD2;PSMD7;PSMC4;PSMB5;PSMA1;PSMD8;STUB1;PTEN;PSMC2;TRIM27;PSMB6;CSNK2B;PSMA5;PSMC6;AKT1;PSMD11;PSMC3;PSMD12;SEM1;PSMD3;PSMF1;PSMA3;PSMC1;PSMB1;PSMA7"
"SCF-beta-TrCP Mediated Degradation Of Emi1 R-HSA-174113",0.000447369864314958,0.00330430779528833,0.49849310876659,-0.450540147476321,-1.83975608609064,53,"PSMC5;PSMB7;PSMD2;PSMD7;PSMC4;PSMB5;PSMA1;PSMD8;SKP1;PSMC2;PSMB6;PSMA5;PSMC6;PSMD11;PSMC3;PSMD12;SEM1;PSMD3;PSMF1;PSMA3;PSMC1;PSMB1;PSMA7"
"Immunoregulatory Interactions Between A Lymphoid And A non-Lymphoid Cell R-HSA-198933",0.000451819733556785,0.00331618634629414,0.49849310876659,0.426539410880925,1.63135499481,115,"KIR3DL1;ULBP1;CD99;HCST;KIR2DS1;FCGR1A;HLA-C;LILRB2;TARP;CD300C;LILRA5;TREM1;HLA-G;SIGLEC10;ICAM2;RAET1E;KLRB1;PIANP;TREML4;CD1D;TREML1;ITGB1;LILRA2;CD300E;CD8A;ICAM5;C3;COLEC12;ITGB2;LILRB4;ULBP3;SIGLEC6;LAIR1;TYROBP;CD1C;LILRA6;TREM2;VCAM1;NCR3;CXADR;CD300LG;CD300LB;CD300LD;CD1E;KIR2DS2;CLEC2D;IFITM1;CD33;CD3D;ICAM1;SELL;B2M;KLRD1;IGLL5;FZR1;ITGB7;CD300LF;SIGLEC5;CD3E;CLEC4G"
"FBXL7 Down-Regulates AURKA During Mitotic Entry And In Early Mitosis R-HSA-8854050",0.000456939182918,0.00333280016540816,0.49849310876659,-0.449259362889215,-1.8345260721789,53,"PSMC5;RBX1;PSMB7;PSMD2;PSMD7;PSMC4;PSMB5;PSMA1;PSMD8;SKP1;PSMC2;PSMB6;PSMA5;PSMC6;PSMD11;PSMC3;PSMD12;SEM1;PSMD3;PSMF1;PSMA3;PSMC1;PSMB1;PSMA7"
"Glycolysis R-HSA-70171",0.000466057609894124,0.00337819397979157,0.49849310876659,-0.420947142042458,-1.76753012966998,67,"PGK1;ENO2;PKM;PFKM;ALDOC;ENO1;TPI1;PPP2CA;PFKP;PRKACB;PPP2R1A;PGM2L1;PFKL;PPP2CB"
"Cholesterol Biosynthesis R-HSA-191273",0.000489584037218143,0.00352681834218255,0.477270815362862,-0.591737872318035,-1.9911295822457,26,"SC5D;HMGCS1;MVD;DHCR24;HMGCR;IDI1;SREBF2;SREBF1;CYP51A1;MSMO1"
"Cellular Response To Hypoxia R-HSA-1234174",0.000511078896533876,0.00363676263570143,0.477270815362862,-0.410757084733417,-1.75192407417703,72,"PSMC5;RBX1;PSMB7;PSMD2;PSMD7;PSMC4;PSMB5;PSMA1;PSMD8;UBE2D2;PSMC2;EPAS1;HIGD1A;PSMB6;WTIP;PSMA5;UBE2D1;PSMC6;PSMD11;PSMC3;PSMD12;UBE2D3;SEM1;PSMD3;PSMF1;PSMA3;PSMC1;PSMB1;PSMA7"
"Regulation Of Apoptosis R-HSA-169911",0.000509015133041111,0.00363676263570143,0.477270815362862,-0.461291575250042,-1.85906812646597,51,"PSMC5;PSMB7;PSMD2;PSMD7;PSMC4;PSMB5;PSMA1;PSMD8;PSMC2;PSMB6;PSMA5;PSMC6;PSMD11;PSMC3;PSMD12;SEM1;PSMD3;PSMF1;PSMA3;PSMC1;PSMB1;PSMA7"
"EPH-Ephrin Signaling R-HSA-2682334",0.000531205447836314,0.00374388412212628,0.477270815362862,-0.381377141326054,-1.71618425281939,87,"DNM1;CLTC;AP2M1;EPHA4;CLTB;AP2A1;WASL;CLTA;EPHB6;ARPC2;ACTR2;AP2S1;MYL12B;NGEF;GIT1;GRIN2B;EPHA7;ARHGEF7;SYNGAP1;ROCK2;EPHA10;ARPC1A"
"GABA Receptor Activation R-HSA-977443",0.000532549069642642,0.00374388412212628,0.477270815362862,-0.448268983115393,-1.85117674136592,59,"GABBR2;NPTN;GNB1;GABRB2;GNG3;GABRA3;ADCY1;GABRA1;GABRA2;GABRG2;GABRA4;GNB5;GNB2;GABRB3;ARHGEF9;GABRB1;GNG2;GABRA5"
"CDK-mediated Phosphorylation And Removal Of Cdc6 R-HSA-69017",0.000550756700098539,0.00384870101206584,0.477270815362862,-0.405309408434947,-1.72261585119933,71,"PSMC5;PSMB7;PSMD2;PSMD7;PSMC4;PSMB5;PSMA1;PSMD8;PSMC2;ANAPC11;PSMB6;PSMA5;UBE2D1;PSMC6;PSMD11;PSMC3;PSMD12;CDK2;UBE2E1;SEM1;PSMD3;PSMF1;PSMA3;PSMC1;PSMB1;PSMA7;CDC16;ANAPC15;ANAPC5;CCNA2;PSMA6;ANAPC4;PSMB2"
"Oxygen-dependent Proline Hydroxylation Of Hypoxia-inducible Factor Alpha R-HSA-1234176",0.000577798935540421,0.00401363903437899,0.477270815362862,-0.429558823286883,-1.78943298514122,63,"PSMC5;RBX1;PSMB7;PSMD2;PSMD7;PSMC4;PSMB5;PSMA1;PSMD8;UBE2D2;PSMC2;EPAS1;PSMB6;WTIP;PSMA5;UBE2D1;PSMC6;PSMD11;PSMC3;PSMD12;UBE2D3;SEM1;PSMD3;PSMF1;PSMA3;PSMC1;PSMB1;PSMA7"
"Prefoldin Mediated Transfer Of Substrate To CCT/TriC R-HSA-389957",0.000603438724715305,0.00416694077954297,0.477270815362862,-0.586768311764022,-1.97440758506967,26,"TUBB4B;TUBB2A;TUBA4A;TUBA1C;TUBB2B;PFDN6;VBP1;TUBB4A;CCT2;CCT7;PFDN2;PFDN5"
"APC:Cdc20 Mediated Degradation Of Cell Cycle Proteins Before Cycle Checkpoint Satisfied R-HSA-179419",0.000618479395482157,0.00422085061127297,0.477270815362862,-0.405859705785833,-1.73103621515396,72,"PSMC5;PSMB7;PSMD2;PSMD7;PSMC4;PSMB5;PSMA1;PSMD8;PSMC2;ANAPC11;PSMB6;PSMA5;UBE2D1;PSMC6;PSMD11;PSMC3;PSMD12;UBE2E1;SEM1;PSMD3;PSMF1;PSMA3;BUB1B;PSMC1;PSMB1;PSMA7;CDC16;ANAPC15;ANAPC5;CCNA2;PSMA6;ANAPC4;PSMB2"
"Programmed Cell Death R-HSA-5357801",0.000615842575481674,0.00422085061127297,0.477270815362862,-0.296856942374741,-1.51236617851386,205,"PPP3R1;YWHAH;YWHAG;CYCS;PSMC5;BCAP31;DAPK1;YWHAB;DNM1L;SPTAN1;CDC37;PSMB7;PSMD2;PSMD7;MAGED1;H1-4;STK24;PSMC4;SATB1;YWHAE;PSMB5;PSMA1;PSMD8;STUB1;KPNB1;MAPT;MAPK3;PSMC2;PSMB6;FASN;PSMA5;BCL2;NDUFA2;PSMC6;C1QBP;KPNA1;DBNL;MAPK8;FLOT1;AKT1;PSMD11;PSMC3;PDCD6IP;PSMD12;DYNLL1;H1-3;CTNNB1;ADD1;GSDME;SEM1;GZMB;LMNB1;TLR4;PSMD3;PSMF1;H1-2"
"NIK To Noncanonical NF-kB Signaling R-HSA-5676590",0.000693186097769006,0.00468385573127138,0.477270815362862,-0.434600618269606,-1.77387903975776,57,"PSMC5;PSMB7;PSMD2;PSMD7;PSMC4;PSMB5;PSMA1;PSMD8;SKP1;PSMC2;PSMB6;PSMA5;UBE2M;PSMC6;PSMD11;PSMC3;PSMD12;SEM1;PSMD3;PSMF1;PSMA3;PSMC1;PSMB1;PSMA7"
"ROS And RNS Production In Phagocytes R-HSA-1222556",0.000694350506863709,0.00468385573127138,0.477270815362862,-0.518688975308478,-1.92420565010161,36,"ATP6V1B2;ATP6V0C;ATP6V0A1;ATP6V1G2;ATP6V0E2;ATP6V1A;ATP6V0D1;ATP6V1F;ATP6V1D;ATP6V1H;ATP6V1G1;ATP6V1E1;ATP6V1C1;ATP6V0A4"
"Autodegradation Of E3 Ubiquitin Ligase COP1 R-HSA-349425",0.000709795505832936,0.00476052503050021,0.477270815362862,-0.457625639311648,-1.84425650069964,50,"PSMC5;PSMB7;PSMD2;PSMD7;PSMC4;PSMB5;PSMA1;PSMD8;PSMC2;PSMB6;PSMA5;PSMC6;PSMD11;PSMC3;PSMD12;SEM1;PSMD3;PSMF1;PSMA3;PSMC1;PSMB1;PSMA7"
"Defective CFTR Causes Cystic Fibrosis R-HSA-5678895",0.00076148973552941,0.00506615045620469,0.477270815362862,-0.439193441192277,-1.81369827920108,59,"VCP;PSMC5;PSMB7;PSMD2;PSMD7;PSMC4;PSMB5;OS9;PSMA1;PSMD8;ERLEC1;PSMC2;PSMB6;PSMA5;PSMC6;PSMD11;PSMC3;PSMD12;SEM1;PSMD3;SEL1L;PSMF1;RNF5;PSMA3;PSMC1;PSMB1;PSMA7"
"Ubiquitin-dependent Degradation Of Cyclin D R-HSA-75815",0.000764046684054863,0.00506615045620469,0.477270815362862,-0.45489204703663,-1.83323997345469,50,"PSMC5;PSMB7;PSMD2;PSMD7;GSK3B;PSMC4;PSMB5;PSMA1;PSMD8;PSMC2;PSMB6;PSMA5;PSMC6;PSMD11;PSMC3;PSMD12;SEM1;PSMD3;PSMF1;PSMA3;PSMC1;PSMB1;PSMA7"
"GPER1 Signaling R-HSA-9634597",0.00078560820440102,0.00517715588200252,0.477270815362862,-0.489412516342097,-1.8911255155871,43,"GNAS;GNB1;PRKAR1B;GNG3;PRKAR2B;ADCY1;PRKACB;PRKAR1A;GNB5;GNB2;GNG2;PRKCA;PRKAR2A;GNG4;GNG7;ADCY2;GNGT1;GNAI2"
"Regulation Of APC/C Activators Between G1/S And Early Anaphase R-HSA-176408",0.000789660451582219,0.00517715588200252,0.477270815362862,-0.393553732046452,-1.73025945522827,79,"PSMC5;PSMB7;PSMD2;PSMD7;PSMC4;PSMB5;PSMA1;PSMD8;SKP1;PSMC2;ANAPC11;PSMB6;PSMA5;UBE2D1;PSMC6;PSMD11;PSMC3;PSMD12;CDK2;UBE2E1;SEM1;PSMD3;PSMF1;PSMA3;BUB1B;PSMC1;PSMB1;PSMA7;CDC16;ANAPC15;ANAPC5;CCNA2;PSMA6;ANAPC4;PSMB2;BTRC"
"Hedgehog Ligand Biogenesis R-HSA-5358346",0.000796420457342686,0.00519230543977047,0.477270815362862,-0.422259115742695,-1.7590242570385,63,"VCP;PSMC5;PSMB7;PSMD2;PSMD7;PSMC4;PSMB5;OS9;PSMA1;PSMD8;ERLEC1;PSMC2;PSMB6;P4HB;PSMA5;PSMC6;PSMD11;PSMC3;PSMD12;GPC5;SEM1;PSMD3;SEL1L;PSMF1;PSMA3;PSMC1;PSMB1;PSMA7"
"Unblocking Of NMDA Receptors, Glutamate Binding And Activation R-HSA-438066",0.000829978607308425,0.00538102797071629,0.477270815362862,-0.605807071653274,-1.95743469205475,21,"GRIA2;CAMK2A;NEFL;CAMK2G;CALM1;GRIA1;CAMK2D;GRIA3;GRIN2B"
"Post-chaperonin Tubulin Folding Pathway R-HSA-389977",0.000883959802790201,0.00569934303787936,0.477270815362862,-0.604284460441467,-1.95251495415805,21,"TUBB4B;TUBB2A;TUBA4A;TUBA1C;TUBB2B;TBCA;TUBB4A;TUBA8;ARL2"
"CREB1 Phosphorylation Thru NMDA Receptor-Mediated Activation Of RAS Signaling R-HSA-442742",0.000894881082459691,0.00570670067339049,0.477270815362862,-0.562540742151088,-1.90266576519863,27,"CAMK2A;NEFL;CAMK2G;CALM1;CAMK2D;RASGRF1;MAPK3;CREB1;GRIN2B;RASGRF2;PDPK1;RPS6KA6;CAMK2B;ACTN2;HRAS;MAPK1"
"PTEN Regulation R-HSA-6807070",0.000892802852047958,0.00570670067339049,0.477270815362862,-0.319533525724885,-1.53256201495698,137,"CBX6;PSMC5;PSMB7;RBBP7;PSMD2;PSMD7;PSMC4;PSMB5;PSMA1;PSMD8;STUB1;PTEN;MAPK3;MTA1;PSMC2;TRIM27;PSMB6;CSNK2B;LAMTOR3;JUN;PSMA5;MTA2;RRAGA;VAPA;PSMC6;CHD3;GATAD2B;AKT1;PSMD11;PSMC3;PSMD12;LAMTOR5;SEM1;CNOT6L;PSMD3;TNRC6A;PSMF1;RCOR1;LAMTOR1;PSMA3;RING1;PSMC1;PSMB1;PSMA7"
"AUF1 (hnRNP D0) Binds And Destabilizes mRNA R-HSA-450408",0.000937624376686755,0.00594678069344262,0.477270815362862,-0.432086158111607,-1.7644002283795,53,"HNRNPD;PSMC5;PSMB7;PSMD2;PSMD7;PSMC4;PSMB5;PSMA1;PSMD8;HSPA8;PSMC2;PSMB6;PSMA5;PSMC6;PSMD11;PSMC3;PSMD12;SEM1;PSMD3;PSMF1;PSMA3;PSMC1;PSMB1;PSMA7"
"Cooperation Of Prefoldin And TriC/CCT In Actin And Tubulin Folding R-HSA-389958",0.000945679291802207,0.00596544720828743,0.477270815362862,-0.539890850879921,-1.89506053488525,30,"TUBB4B;TUBB2A;TUBA4A;TUBA1C;TUBB2B;PFDN6;VBP1;TUBB4A;TUBA8;CCT2;CCT7;PFDN2;PFDN5"
"CRMPs In Sema3A Signaling R-HSA-399956",0.00096136145514673,0.0059995123965574,0.477270815362862,-0.685735872917111,-2.01250460807554,16,"CRMP1;GSK3B;CDK5R1;DPYSL2;PLXNA2;PLXNA1;PLXNA4"
"RAB GEFs Exchange GTP For GDP On RABs R-HSA-8876198",0.000957842322387457,0.0059995123965574,0.477270815362862,-0.368509472316686,-1.65828017695479,87,"RAB3A;GDI1;ULK1;RAB12;RAB6B;RAB7A;YWHAE;TRAPPC3;DENND5B;RAB6A;ANKRD27;DENND3;TRAPPC6B;TRAPPC11;TRAPPC13;RAB14;AKT1;RAB1A;RIC1;RABGEF1;RAB39A;CHML;RAB38;RAB18"
"Regulation Of Cholesterol Biosynthesis By SREBP (SREBF) R-HSA-1655829",0.00100392644151928,0.00623181998538831,0.45505986738723,-0.438286912466843,-1.78753619604284,55,"ACACA;SC5D;HMGCS1;MVD;KPNB1;HMGCR;IDI1;SREBF2;SREBF1;FASN;NCOA2;CYP51A1;TBL1XR1;PMVK;SQLE;CARM1;SEC24A;MBTPS1;RAN;ELOVL6;SEC23A"
"Mitochondrial Translation Elongation R-HSA-5389840",0.00109948863667967,0.00678154966008127,0.45505986738723,-0.372399651071218,-1.65136260816774,82,"MRPS21;MRPS34;TUFM;MRPS18A;MRPL1;MRPL41;MRPL16;MRPL3;MRPL50;MRPL21;MRPL33;MRPL23;CHCHD1;MRPS16;MRPL55;MRPS36;GADD45GIP1;MRPL54;MRPL18;DLGAP3;MRPS23;MRPS18B;MRPS7;MRPL19;MRPS27;MRPL13;MRPL24;PTCD3;MRPL17;ERAL1;MRPS30;GFM1"
"RHO GTPases Activate WASPs And WAVEs R-HSA-5663213",0.0011041083422583,0.00678154966008127,0.45505986738723,-0.508268293391662,-1.84317906598687,33,"GRB2;CYFIP2;WASL;ARPC2;ACTR2;WASF1;ABI2;BAIAP2;MAPK3;NCKAP1"
"PD-1 Signaling R-HSA-389948",0.00118895581792147,0.00726445779850451,0.45505986738723,0.668155742154874,1.80366263162808,18,"CD274;CSK;PTPN11;PDCD1;HLA-DPA1;TARP;LCK;HLA-DQA1;PTPN6"
"Citric Acid Cycle (TCA Cycle) R-HSA-71403",0.0011956616091974,0.00726738071840295,0.45505986738723,-0.610546331696729,-1.90807295044319,19,"MDH2;SDHB;IDH3B;IDH3A;SUCLA2;IDH2;SDHA;SUCLG1;LDLR;IDH3G;CS"
"Ras Activation Upon Ca2+ Influx Thru NMDA Receptor R-HSA-442982",0.00122330665991709,0.00739688534778883,0.45505986738723,-0.609305274095129,-1.90419441032819,19,"CAMK2A;NEFL;CAMK2G;CALM1;CAMK2D;RASGRF1;GRIN2B;RASGRF2"
"APC/C:Cdc20 Mediated Degradation Of Mitotic Proteins R-HSA-176409",0.0012349480690519,0.00742878554939985,0.45505986738723,-0.385667880514501,-1.6600623392824,74,"PSMC5;PSMB7;PSMD2;PSMD7;PSMC4;PSMB5;PSMA1;PSMD8;PSMC2;ANAPC11;PSMB6;PSMA5;UBE2D1;PSMC6;PSMD11;PSMC3;PSMD12;UBE2E1;SEM1;PSMD3;PSMF1;PSMA3;BUB1B;PSMC1;PSMB1;PSMA7;CDC16;ANAPC15;ANAPC5;CCNA2;PSMA6;ANAPC4;PSMB2"
"Uptake And Actions Of Bacterial Toxins R-HSA-5339562",0.00124474490042282,0.00744931948099196,0.45505986738723,-0.544570012035499,-1.88044019625541,28,"SV2B;SNAP25;SYT1;VAMP2;SV2A;CALM1;STX1A;FURIN;HSP90AB1;MAP2K1;MAP2K4"
"Gluconeogenesis R-HSA-70263",0.00128437749072281,0.00760846970392652,0.45505986738723,-0.520621796002844,-1.85029288490341,31,"PGK1;MDH1;ENO2;ALDOC;MDH2;ENO1;TPI1"
"Translation R-HSA-72766",0.00128262069831467,0.00760846970392652,0.45505986738723,0.351530802304056,1.46592149318144,276,"AURKAIP1;RPS28;GFM2;RPL21;RPL7;RPL32;RPSA;RPS3A;RPS10;RPS27A;RPL18A;RPL30;RPS27;RPL6;RPS23;RPL39;RPS11;RPL19;RPS24;RPL37;RPL5;RPS2;RPS12;RPS8;RPL7A;RPL12;RPS6;RPL34;RPS13;RPS4X;RPL37A;RPL27A;RPS7;MRPL14;RPS15A;RPS19;RPS9;RPL26;DARS1;RPL22;MRPL35;RPL36A;RPS14;RPS29;RPL35;RPS20;RPL29;RPS17;RPL9;RPS5;SEC11A;EIF3F;RPL23A;RPS16;EEF1D;MRPL43;RPL4;EIF3J;EIF3L;MRPS9;RPL38;EIF2S2;EEF1G;RPS3;RPL31;RPL28"
"Activation Of NF-kappaB In B Cells R-HSA-1169091",0.00131414934357356,0.00774551658560782,0.45505986738723,-0.409264051090355,-1.70095379803874,65,"PRKCB;PSMC5;PSMB7;PSMD2;PSMD7;PSMC4;PSMB5;PSMA1;PSMD8;SKP1;PSMC2;PSMB6;PSMA5;PSMC6;PSMD11;PSMC3;PSMD12;REL;SEM1;PSMD3;PSMF1;PSMA3;NFKBIE;PSMC1;PSMB1;NFKB1;PSMA7"
"Intra-Golgi And Retrograde Golgi-to-ER Traffic R-HSA-6811442",0.00132195525436045,0.00774651331177269,0.45505986738723,-0.279919656676975,-1.41374351624654,178,"ARF3;ARF5;NSF;DYNC1H1;RAB6B;PAFAH1B2;KLC1;DCTN3;KIFC2;DCTN1;KIF21A;KIF1A;VPS53;PTGES2;YKT6;KIF3C;KIFAP3;RAB6A;STX5;PAFAH1B1;DYNC1I1;KDELR1;KIF3A;TMED9;TRIP11;GCC2;CYTH3;PAFAH1B3;COPA;NAA30;VAMP4;MAN1A1;RAB1A;CAPZB;DYNLL1;RIC1;PLA2G4A;ACTR10;RAB39A;COG6;COPZ2;RAB18;TMF1;DCTN4;RAB3GAP2;ARFGAP2;VPS54;ARFIP2"
"MECP2 Regulates Neuronal Receptors And Channels R-HSA-9022699",0.00132759439790449,0.00774651331177269,0.45505986738723,-0.615409412510875,-1.88368341359211,18,"GRIA2;SLC2A3;PTPN4;RNMT;CREB1;GRIN2B"
"ABC Transporter Disorders R-HSA-5619084",0.00141135731695173,0.00815373261823102,0.45505986738723,-0.37400293369404,-1.62377505482622,76,"VCP;PSMC5;PSMB7;PSMD2;PSMD7;PSMC4;PSMB5;OS9;PSMA1;PSMD8;ERLEC1;PSMC2;PSMB6;PSMA5;PSMC6;PSMD11;PSMC3;PSMD12;ABCA3;LMBRD1;SEM1;PSMD3;SEL1L;PSMF1;RNF5;PSMA3;PSMC1;PSMB1;PSMA7"
"Nuclear Envelope (NE) Reassembly R-HSA-2995410",0.00140773684273142,0.00815373261823102,0.45505986738723,-0.384849648624005,-1.63747154094774,70,"TUBB4B;TUBB2A;TUBA4A;TUBA1C;TUBB2B;PPP2CA;PPP2R1A;KPNB1;TUBB4A;NUP98;TUBA8;PPP2R2A;VRK1;SUMO1;RANGAP1;TMPO"
"Mitochondrial Calcium Ion Transport R-HSA-8949215",0.0014240400130986,0.00818647633145847,0.45505986738723,-0.591323611430732,-1.91063690967953,21,"AFG3L2;MICU3;VDAC1;VDAC2;MICU2;SPG7;PMPCA;MCU;PMPCB;MCUB;PARL"
"Golgi Associated Vesicle Biogenesis R-HSA-432722",0.00143388686324653,0.00820267632063087,0.45505986738723,-0.423232399078833,-1.73566000633487,54,"CLTC;VAMP2;CLTA;TPD52;DNAJC6;TFRC;CLINT1;AP1S1;BLOC1S1;OCRL;HSPA8;SH3GL2;ARRB1"
"APC/C:Cdc20 Mediated Degradation Of Securin R-HSA-174154",0.00146696084910376,0.00834536989508071,0.45505986738723,-0.40714878853782,-1.70497591010406,66,"PSMC5;PSMB7;PSMD2;PSMD7;PSMC4;PSMB5;PSMA1;PSMD8;PSMC2;ANAPC11;PSMB6;PSMA5;UBE2D1;PSMC6;PSMD11;PSMC3;PSMD12;UBE2E1;SEM1;PSMD3;PSMF1;PSMA3;PSMC1;PSMB1;PSMA7;CDC16;ANAPC15;ANAPC5;PSMA6;ANAPC4;PSMB2"
"Infection With Mycobacterium Tuberculosis R-HSA-9635486",0.00147313298919163,0.00834536989508071,0.45505986738723,-0.561775467382303,-1.87020341081068,25,"PGK1;GSK3A;ENO1;RAB7A;ATP6V1H;KPNB1;MAPK3;TRIM27;HGS;KPNA1;CTSG"
"RHOD GTPase Cycle R-HSA-9013405",0.00148112021853452,0.00835008355086851,0.45505986738723,-0.438875737141565,-1.76869336351032,50,"PGRMC2;PIK3R1;ACTN1;RAB7A;ARHGAP26;PLXNA1;ARHGAP32;PIK3R2;LMAN1;DBN1;TMPO;DIAPH1;AKAP12;MCAM;ARHGAP12;CAPZB;EFHD2;ARHGAP1"
"VEGFR2 Mediated Cell Proliferation R-HSA-5218921",0.00149152594250143,0.00836832103316906,0.45505986738723,-0.610976857390136,-1.87011597313535,18,"PRKCB;PRKCZ;CALM1;ITPR1;AHCYL1;SYNGAP1;PRKCA;PDPK1"
"Vasopressin Regulates Renal Water Homeostasis Via Aquaporins R-HSA-432040",0.00151111006429931,0.00843763370831241,0.45505986738723,-0.473862435504633,-1.81346152338241,42,"GNAS;GNB1;PRKAR1B;GNG3;PRKAR2B;ADCY1;PRKACB;PRKAR1A;GNB5;GNB2;RAB11A;GNG2;PRKCA;PRKAR2A;GNG4;GNG7;ADCY2;GNGT1"
"Defensins R-HSA-1461973",0.00152522331702638,0.00847588386176088,0.45505986738723,0.548225528126918,1.77192054200083,39,"TSPAN32;DEFB104A;DEFB131A;CCR2;DEFB119;DEFB105A;DEFB103A;TLR2;DEFB128;DEFB1;DEFA5;TLR1;DEFB132;DEFB106A;DEFA4;DEFB126;DEFB115;DEFB123;DEFB113;DEFB118;DEFB114"
"HDR Thru Homologous Recombination (HRR) R-HSA-5685942",0.00161698398663537,0.00890103920945034,0.45505986738723,0.474355219782325,1.66373629683267,65,"XRCC2;RPS27A;BLM;EME2;POLD4;BARD1;ATM;RAD51;MRE11;POLD1;RAD51D;POLE4;GEN1;EME1;TOPBP1;SLC19A1;UBA52;RFC4;POLE3;RMI2;POLD2"
"KEAP1-NFE2L2 Pathway R-HSA-9755511",0.00161657692379597,0.00890103920945034,0.45505986738723,-0.338956745410142,-1.53550538736027,98,"VCP;PSMC5;RBX1;PSMB7;PSMD2;PSMD7;GSK3B;PSMC4;PSMB5;FBXL17;PSMA1;PSMD8;SKP1;PSMC2;PSMB6;CSNK2B;PSMA5;PSMC6;AKT1;PSMD11;PSMC3;PSMD12;GSR;SQSTM1;CUL3;SEM1;UBL4A;PSMD3;PRDX1;PSMF1;TKT;GCLM"
"Stabilization Of P53 R-HSA-69541",0.00166669614759584,0.00913161692133496,0.45505986738723,-0.426441060636587,-1.73922334818626,55,"PSMC5;PSMB7;PSMD2;PSMD7;PSMC4;PSMB5;PSMA1;PSMD8;PSMC2;PSMB6;PSMA5;PSMC6;PSMD11;PSMC3;PSMD12;SEM1;PSMD3;PSMF1;PSMA3;PSMC1;PSMB1;PSMA7"
"Regulation Of RUNX3 Expression And Activity R-HSA-8941858",0.00169122781406857,0.00921141254074416,0.45505986738723,-0.418322062555739,-1.70819529589948,53,"PSMC5;PSMB7;PSMD2;PSMD7;PSMC4;PSMB5;PSMA1;PSMD8;PSMC2;PSMB6;PSMA5;PSMC6;PSMD11;PSMC3;PSMD12;SEM1;PSMD3;PSMF1;PSMA3;PSMC1;PSMB1;PSMA7"
"p53-Dependent G1 DNA Damage Response R-HSA-69563",0.00169704686911739,0.00921141254074416,0.45505986738723,-0.394104326335432,-1.62495338548921,64,"PSMC5;PSMB7;PSMD2;PSMD7;PSMC4;PSMB5;PSMA1;PSMD8;PSMC2;PSMB6;PSMA5;PSMC6;PSMD11;PSMC3;PSMD12;CDK2;ZNF385A;SEM1;PSMD3;PSMF1;PSMA3;CDKN1B;PSMC1;PSMB1;PSMA7"
"Mitochondrial Translation Initiation R-HSA-5368286",0.00171351471798174,0.00925773924020688,0.45505986738723,-0.364869193263921,-1.61796967557615,82,"MRPS21;MRPS34;MRPS18A;MRPL1;MRPL41;MRPL16;MRPL3;MRPL50;MRPL21;MRPL33;MRPL23;CHCHD1;MRPS16;MRPL55;MRPS36;GADD45GIP1;MTIF2;MRPL54;MRPL18;DLGAP3;MRPS23;MRPS18B;MRPS7;MRPL19;MRPS27;MRPL13;MRPL24;PTCD3;MRPL17;ERAL1"
"Beta Defensins R-HSA-1461957",0.00177278792128507,0.00953384103290176,0.45505986738723,0.563704795725024,1.75768359544527,32,"DEFB104A;DEFB131A;CCR2;DEFB119;DEFB105A;DEFB103A;TLR2;DEFB128;DEFB1;TLR1;DEFB132;DEFB106A;DEFB126;DEFB115;DEFB123;DEFB113;DEFB118;DEFB114"
"FCERI Mediated NF-kB Activation R-HSA-2871837",0.00186298319198903,0.00993726205901333,0.45505986738723,-0.378195216122419,-1.65349629469164,77,"PSMC5;PSMB7;PSMD2;PSMD7;PSMC4;PSMB5;PSMA1;PSMD8;SKP1;UBE2D2;PSMC2;PSMB6;PSMA5;UBE2D1;PSMC6;PSMD11;PSMC3;PSMD12;PDPK1;SEM1;PSMD3;PSMF1;UBE2N;PSMA3;PSMC1;PSMB1;NFKB1;PSMA7"
"Peptide Ligand-Binding Receptors R-HSA-375276",0.00186483323986625,0.00993726205901333,0.45505986738723,0.371176025074942,1.51051118162874,191,"CCL3;CCR1;SSTR4;PRLH;PF4;NPFFR1;GALR3;GALR2;HCRTR1;CCL5;INSL3;CCR7;TACR2;APLN;NMUR1;PRLHR;CXCR1;NMBR;OPRL1;XCR1;CCR2;ACKR2;SSTR5;UCMA;HCRT;ANXA1;CXCR2;CCR9;PNOC;PPBP;C3AR1;NPW;CCRL2;PROKR2;SSTR2;CXCR3;C3;AGXT;CCL19;NPY;FPR3;CXCL1;BRS3;AVPR2;CCKAR;OXT;BDKRB1;TAC3;GHSR;PROK1;KISS1R;CCL13;F2RL2;KNG1;CCL20;GAL;SSTR3;GPR37;NMS;AVPR1B;CXCR4;CCL22;CXCR5;C5;MC2R;EDN2;MC3R;CXCL13;NPBWR2;MRLN;CXCL9"
"Cilium Assembly R-HSA-5617833",0.00202453036322803,0.0107392133358505,0.431707695803346,-0.285762607618155,-1.43434698293678,185,"TUBB4B;DYNC1H1;TUBA4A;YWHAG;PRKAR2B;DCTN3;IFT57;PPP2R1A;DCTN1;MARK4;DYNLRB1;YWHAE;ARL6;HAUS3;RAB11A;TUBB4A;HAUS8;PTGES2;KIF3C;KIFAP3;PAFAH1B1;SSNA1;KIF3A;TRIP11;CCT2;IFT81;CSNK1E;EXOC7;TTBK2;PRKCA;BBS2;IFT122;EXOC8;EXOC1;DYNLL1;EXOC5;TTC8;AHI1;IFT140;IFT22;CETN2;ATAT1;DYNLT2B;BBS5;CEP76;CEP83;CEP290;MKKS;PCNT;CEP63;PDE6D;CEP89;IFT27;KIF3B;EXOC4;MCHR1;TRAF3IP1;BBS10"
"Sensory Processing Of Sound By Inner Hair Cells Of Cochlea R-HSA-9662360",0.00205481720627531,0.0108505505869832,0.431707695803346,-0.395986448618143,-1.66272177422928,67,"SYP;SYN1;RAB3A;SNAP25;VAMP2;CABP1;EPB41L1;ATP2B1;SPTAN1;STX1A;DNAJC5;BSN;EPS8L2;PCLO;ATP2B4"
"Degradation Of AXIN R-HSA-4641257",0.00215605521655785,0.0113338578275811,0.431707695803346,-0.411753179004851,-1.68137161867724,53,"PSMC5;PSMB7;PSMD2;PSMD7;PSMC4;PSMB5;PSMA1;PSMD8;PSMC2;PSMB6;PSMA5;PSMC6;PSMD11;PSMC3;PSMD12;SEM1;PSMD3;PSMF1;PSMA3;PSMC1;PSMB1;PSMA7"
"Hedgehog On State R-HSA-5632684",0.00224472828373172,0.0117470758166588,0.431707695803346,-0.355483694728962,-1.59112405888984,84,"PSMC5;RBX1;PSMB7;PSMD2;PSMD7;PSMC4;GRK2;PSMB5;PSMA1;PSMD8;PSMC2;PSMB6;KIF3A;PSMA5;ARRB1;PSMC6;PSMD11;PSMC3;PSMD12;CUL3;SEM1;PSMD3;PSMF1;SUFU;GPR161;PSMA3;PSMC1;PSMB1;PSMA7"
"Asymmetric Localization Of PCP Proteins R-HSA-4608870",0.00231285923230751,0.0120495835897449,0.431707695803346,-0.394358020014234,-1.62890768316474,61,"PSMC5;PSMB7;PSMD2;PSMD7;PSMC4;PSMB5;PSMA1;PSMD8;PSMC2;PSMB6;FZD1;PSMA5;PSMC6;PSMD11;PSMC3;PSMD12;SEM1;PSMD3;PARD6A;PSMF1;PSMA3;PSMC1;PSMB1;PSMA7;FZD4"
"HDR Thru Homologous Recombination (HRR) Or Single Strand Annealing (SSA) R-HSA-5693567",0.00232857949097121,0.012077565626504,0.431707695803346,0.415755956070088,1.57988723766599,109,"XRCC2;SIRT6;TP53BP1;TIPIN;RPS27A;BLM;EME2;H3-4;POLD4;BARD1;PPP4R2;H2BC17;ATM;RNF4;BRCC3;RAD51;MRE11;POLD1;RAD51D;POLE4;H2BC21;GEN1;EME1;TOPBP1;SLC19A1;H2AX;UBA52;RFC4;POLE3;RMI2;POLD2"
"PKA Activation R-HSA-163615",0.00235179525809247,0.0120905068995326,0.431707695803346,-0.612807945447361,-1.83711487031078,17,"PRKAR1B;PRKAR2B;ADCY1;PRKACB;PRKAR1A;CALM1;NBEA;PRKCA;PRKAR2A;ADCY2"
"Sema4D Induced Cell Migration And Growth-Cone Collapse R-HSA-416572",0.00234756879330013,0.0120905068995326,0.431707695803346,-0.582931181829981,-1.82177037560543,19,"RND1;MYL12B;ARHGEF11;ARHGEF12;ROCK2;RHOB;MYH9;MYH11"
"Processing Of SMDT1 R-HSA-8949664",0.00238750430573673,0.0122202523017314,0.431707695803346,-0.668723476332843,-1.90139916131018,15,"AFG3L2;MICU3;MICU2;SPG7;PMPCA;MCU;PMPCB;MCUB;PARL"
"RHO GTPase Cycle R-HSA-9012999",0.00239954607572,0.0122282544557434,0.431707695803346,-0.22924166435944,-1.2781915229373,434,"CLTC;ATP6AP1;CKB;STMN2;GRB2;VCP;PTK2B;PGRMC2;PIK3R1;ABR;ARHGDIG;ARHGEF25;CYFIP2;WASL;BCAP31;ACTN1;DBT;RND1;SPTAN1;RAB7A;ARHGAP26;CDC37;ARHGAP44;PLEKHG5;ARHGEF3;WASF1;TFRC;ABI2;EMC3;NGEF;TXNL1;HSP90AB1;GPS1;BAIAP2;PLXNA1;OCRL;GIT1;GFOD1;ARHGAP32;COPS4;FARP1;PIK3R2;LMAN1;NCKAP1;NDUFS3;YKT6;NDUFA5;STX5;ARHGEF9;DOCK4;RAPGEF1;FAM169A;ARHGEF11;ARMCX3;DBN1;CCT2;RASGRF2;ARHGEF12;ABCD3;PLEKHG4;RHOBTB2;RHOBTB1;ARHGEF7;TPM3;CCT7;ALDH3A2;DDX39B;TMPO;HGS;DIAPH1;TRIO;ROCK2;DOCK3;C1QBP;ARHGEF17;GOPC;MYO9A;AKAP12;FLOT1;IQGAP2;TMEM59;MCAM;ARHGAP12;CAPZB;EFHD2;FAF2;RHOH;HMOX2;KIDINS220;ARHGAP1;RASAL2;PRKCSH;VAV3;ARHGAP29;STOM;BRK1;CUL3;RHOB"
"Neurexins And Neuroligins R-HSA-6794361",0.00242684424486384,0.0123135966685048,0.431707695803346,-0.407159351930288,-1.66187393636527,57,"STXBP1;SYT1;EPB41L1;DLGAP1;NRXN1;NRXN3;STX1A;DLGAP4;NLGN3;NLGN4X;NRXN2;GRIN2B;SYT7;APBA2;DBNL;DLGAP3;NLGN2;GRM5;HOMER1;LIN7A;PDLIM5;SHANK2"
"MAPK Targets/ Nuclear Events Mediated By MAP Kinases R-HSA-450282",0.0028590149214581,0.0144115452435161,0.431707695803346,-0.509417294278118,-1.78809588753191,30,"MEF2C;MAPK10;PPP2CA;PPP2R1A;MAPK3;PPP2CB;CREB1;JUN;MAPK8;RPS6KA5;FOS;MAPK9"
"Sensory Processing Of Sound R-HSA-9659379",0.00286502013410089,0.0144115452435161,0.431707695803346,-0.371669213543084,-1.60787433919034,75,"SYP;SYN1;RAB3A;SNAP25;VAMP2;CABP1;EPB41L1;ATP2B1;SPTAN1;STX1A;DNAJC5;BSN;EPS8L2;PCLO;ATP2B4"
"Downstream TCR Signaling R-HSA-202424",0.00294505432972781,0.0147505510849457,0.431707695803346,-0.339745290418267,-1.5280506778609,90,"PIK3R1;PSMC5;PSMB7;PSMD2;PSMD7;PSMC4;PSMB5;PSMA1;PSMD8;SKP1;UBE2D2;PTEN;PSMC2;PIK3R2;PSMB6;PSMA5;HLA-DQB2;UBE2D1;PSMC6;PSMD11;PSMC3;PSMD12;PDPK1;SEM1;PSMD3;PSMF1;UBE2N;PSMA3;PSMC1;PSMB1;NFKB1;PSMA7"
"Transcriptional Regulation By MECP2 R-HSA-8986944",0.00299569579883933,0.0149400726378013,0.431707695803346,-0.395185818268742,-1.63926503670086,60,"GRIA2;MEF2C;CAMK2A;CAMK2G;RBFOX1;CALM1;CAMK2D;SLC2A3;PTPN4;RNMT;PTEN;CREB1;GRIN2B;GAD1;SST;FOXG1;PRKCA"
"Orc1 Removal From Chromatin R-HSA-68949",0.00307753501095046,0.0152829079054433,0.431707695803346,-0.388353651564292,-1.64815205119881,68,"PSMC5;RBX1;PSMB7;PSMD2;PSMD7;PSMC4;PSMB5;PSMA1;PSMD8;SKP1;PSMC2;PSMB6;ORC4;PSMA5;PSMC6;PSMD11;PSMC3;PSMD12;CDK2;SLC25A2;SEM1;PSMD3;PSMF1;PSMA3;PSMC1;PSMB1;PSMA7"
"Interleukin-10 Signaling R-HSA-6783783",0.00316394399717808,0.0156454349351984,0.431707695803346,0.512131576367618,1.6803327160687,43,"CCL3;CCR1;CCL5;CCR2;IL12B;TNF;IL18;TIMP1;CD80;TNFRSF1B;IL10;CCL19;IL1RN;CXCL1;IL10RA;IL12A;TYK2;CSF2;PTGS2;CCL20;CCL22;FCER2"
"mRNA Splicing - Major Pathway R-HSA-72163",0.00317849375896902,0.0156510642055563,0.431707695803346,-0.277338009631814,-1.39069189977985,180,"HNRNPD;PRPF19;SNRPN;SRSF9;SF1;PQBP1;PRPF8;SRSF5;SNRPD3;TXNL4A;SNRPB;SRSF1;HSPA8;POLR2A;POLR2E;POLR2C;HNRNPA0;DDX5;PABPN1;CPSF2;WDR33;HNRNPU;CHERP;SRSF4;SNRNP200;U2SURP;CDC5L;FUS;PUF60;SNRNP70;GPKOW;SART1;NUDT21;FIP1L1;SF3B3;MAGOH"
"Role Of GTSE1 In G2/M Progression After G2 Checkpoint R-HSA-8852276",0.00320253169578394,0.0157031701217641,0.431707695803346,-0.40568628772929,-1.65800536113273,58,"PSMC5;PSMB7;PSMD2;PSMD7;PSMC4;PSMB5;PSMA1;HSP90AB1;PSMD8;PSMC2;PSMB6;PSMA5;PSMC6;PSMD11;PSMC3;PSMD12;SEM1;PSMD3;PSMF1;PSMA3;PSMC1;PSMB1;PSMA7"
"EPH-ephrin Mediated Repulsion Of Cells R-HSA-3928665",0.00321779326454304,0.0157119863586683,0.431707695803346,-0.42288231847813,-1.69843789464389,49,"DNM1;CLTC;AP2M1;EPHA4;CLTB;AP2A1;CLTA;EPHB6;AP2S1"
"G Alpha (Z) Signaling Events R-HSA-418597",0.00341517516509824,0.0166062892402902,0.431707695803346,-0.416553793260666,-1.66335416700707,47,"GNAS;PRKCB;RGS4;GNB1;GNG3;ADCY1;PRKCG;GNB5;GNB2;PRKCE;GNG2;PRKCA;RGS20;GNG4;GNG7;ADCY2;GNGT1;GNAI2"
"G1/S DNA Damage Checkpoints R-HSA-69615",0.00350795290262793,0.0169866433085759,0.431707695803346,-0.38621027832573,-1.61729382308794,66,"PSMC5;PSMB7;PSMD2;PSMD7;PSMC4;PSMB5;PSMA1;PSMD8;PSMC2;PSMB6;PSMA5;PSMC6;PSMD11;PSMC3;PSMD12;CDK2;ZNF385A;SEM1;PSMD3;PSMF1;PSMA3;CDKN1B;PSMC1;PSMB1;PSMA7"
"Reproduction R-HSA-1474165",0.00356192597839711,0.0171767256892125,0.431707695803346,0.407089964839272,1.5481671025824,110,"H2AC19;BLM;SUN2;HSPA2;PRDM9;TINF2;H3-4;H2AJ;H2BC17;ATM;CD9;RAD21;CDK4;IZUMO2;RAD51;IZUMO4;MRE11;LMNA;SYCP2;POT1;HVCN1;H2AB1;MLH1;H2BC21;CATSPER1;TERF1;CATSPERD;H2AX;IZUMO3;H2AC14;H3C13;H2AC20;KCNU1;PSMC3IP;STAG2;H2BC15;H2BC5;ACR"
"Mitochondrial Translation R-HSA-5368287",0.00361240679504784,0.0173008784718865,0.431707695803346,-0.337021710844502,-1.50896361021427,88,"MRPS21;MRPS34;TUFM;MRPS18A;MRPL1;MRPL41;MRPL16;MRPL3;MRPL50;MRPL21;MRPL33;MRPL23;CHCHD1;MRPS16;MRPL55;MRPS36;GADD45GIP1;MTIF2;MRPL54;MRPL18;DLGAP3;MRPS23;MRPS18B;MRPS7;MTRF1L;MRPL19;MRPS27;MRPL13;MRPL24;PTCD3;MRPL17;ERAL1"
"Potential Therapeutics For SARS R-HSA-9679191",0.00363214672288963,0.0173008784718865,0.431707695803346,-0.335261424469045,-1.51089289577839,95,"ATP1A3;ATP1B1;AP2M1;GRB2;AP2A1;RBX1;AP2S1;RBBP7;FXYD7;FURIN;HSP90AB1;ATP1B2;ATP1B3;MTA1;ATP1A2;MTA2;CHD3;SIGMAR1;ROCK2;GATAD2B;IFNGR2;IFNAR2"
"RHOBTB GTPase Cycle R-HSA-9706574",0.00362653688547331,0.0173008784718865,0.431707695803346,-0.466167773530737,-1.69652452234953,34,"ACTN1;CDC37;TXNL1;HSP90AB1;GPS1;COPS4;DBN1;CCT2;RHOBTB2;RHOBTB1;CCT7;DDX39B;ROCK2"
"Golgi-to-ER Retrograde Transport R-HSA-8856688",0.003760546654913,0.0178396664483068,0.431707695803346,-0.315690613587043,-1.48521540859122,112,"ARF3;ARF5;NSF;DYNC1H1;RAB6B;PAFAH1B2;KLC1;DCTN3;KIFC2;DCTN1;KIF21A;KIF1A;PTGES2;KIF3C;KIFAP3;RAB6A;PAFAH1B1;DYNC1I1;KDELR1;KIF3A;TMED9;PAFAH1B3;COPA;RAB1A;CAPZB;DYNLL1;PLA2G4A;ACTR10;COPZ2;RAB18;DCTN4;RAB3GAP2;ARFGAP2"
"mRNA Splicing - Minor Pathway R-HSA-72165",0.00393826343834716,0.0186070989172111,0.407017918923954,-0.417188946581341,-1.6755713945438,49,"PRPF8;SNRPD3;TXNL4A;SNRPB;SRSF1;POLR2A;POLR2E;POLR2C;SNRNP200;SF3B3;POLR2K;SNRNP25;POLR2H;POLR2G;SNRNP35;NCBP2;SF3B2;SRSF2;POLR2F;SNRPD2;EFTUD2"
"Activation Of BH3-only Proteins R-HSA-114452",0.00401277771270026,0.0186788311515938,0.407017918923954,-0.500606937667425,-1.7571708235417,30,"PPP3R1;YWHAH;YWHAG;YWHAB;YWHAE;BCL2;MAPK8;AKT1;DYNLL1"
"Antimicrobial Peptides R-HSA-6803157",0.00399085604472953,0.0186788311515938,0.407017918923954,0.431589609221904,1.58138213307147,84,"RNASE7;TSPAN32;DEFB104A;RNASE8;REG3A;PI3;DEFB131A;PGLYRP3;CCR2;SEMG1;DEFB119;BPIFA2;SLC11A1;ITLN1;CHAMP1;DEFB105A;DEFB103A;TLR2;DEFB128;DEFB1;DEFA5;RNASE3;EPPIN;BPIFB2;RO60;TLR1;PGLYRP4;DEFB132;REG3G;TRIM21;DEFB106A;PLA2G2A;LTF;DEFA4;DEFB126;HTN3;DEFB115;DEFB123;DEFB113;DEFB118;DEFB114"
"Impaired BRCA2 Binding To PALB2 R-HSA-9709603",0.0040174692536847,0.0186788311515938,0.407017918923954,0.591774835593609,1.7233564558779,24,"XRCC2;BLM;BARD1;ATM;RAD51;MRE11;RAD51D"
"Resolution Of D-Loop Structures R-HSA-5693537",0.0039864277197952,0.0186788311515938,0.407017918923954,0.533101202127991,1.66703126122938,34,"XRCC2;BLM;EME2;BARD1;ATM;RAD51;MRE11;RAD51D;GEN1;EME1"
"APC/C-mediated Degradation Of Cell Cycle Proteins R-HSA-174143",0.0041694979551072,0.0192324273265222,0.407017918923954,-0.339718449874019,-1.52793067976511,86,"PSMC5;PSMB7;PSMD2;PSMD7;PSMC4;PSMB5;PSMA1;PSMD8;SKP1;PSMC2;ANAPC11;PSMB6;PSMA5;UBE2D1;PSMC6;PSMD11;PSMC3;PSMD12;CDK2;UBE2E1;SEM1;PSMD3;PSMF1;PSMA3;BUB1B;PSMC1;PSMB1;PSMA7;CDC16;ANAPC15;ANAPC5;CCNA2;PSMA6;ANAPC4;PSMB2;BTRC"
"Fcgamma Receptor (FCGR) Dependent Phagocytosis R-HSA-2029480",0.00415648417993545,0.0192324273265222,0.407017918923954,-0.343153335412324,-1.52167324898912,82,"PLD3;GRB2;MYO5A;PIK3R1;CYFIP2;WASL;ARPC2;ACTR2;ITPR1;WASF1;ABI2;AHCYL1;HSP90AB1;BAIAP2;MAPK3;PIK3R2;NCKAP1;PRKCE;NF2;MYO10;ARPC1A;FGR;PRKCSH;VAV3;BRK1"
"Activation Of APC/C And APC/C:Cdc20 Mediated Degradation Of Mitotic Proteins R-HSA-176814",0.00424020521982016,0.0193293730137895,0.407017918923954,-0.36360075021829,-1.57296944348223,75,"PSMC5;PSMB7;PSMD2;PSMD7;PSMC4;PSMB5;PSMA1;PSMD8;PSMC2;ANAPC11;PSMB6;PSMA5;UBE2D1;PSMC6;PSMD11;PSMC3;PSMD12;UBE2E1;SEM1;PSMD3;PSMF1;PSMA3;BUB1B;PSMC1;PSMB1;PSMA7;CDC16;ANAPC15;ANAPC5;CCNA2;PSMA6;ANAPC4;PSMB2"
"Semaphorin Interactions R-HSA-373755",0.00422653416686979,0.0193293730137895,0.407017918923954,-0.385992053826887,-1.60794488595324,63,"RND1;MYL12B;CRMP1;GSK3B;CDK5R1;DPYSL2;HSP90AB1;PLXNA2;PLXNA1;RNMT;PLXNA4;PIP5K1C;ARHGEF11;ARHGEF12;ARHGEF7;ROCK2;SEMA3A;TLN1;RHOB;ITGA1;MYH9;MYH11"
"Switching Of Origins To A Post-Replicative State R-HSA-69052",0.00423332077480351,0.0193293730137895,0.407017918923954,-0.342538394604092,-1.54081777135177,89,"PSMC5;RBX1;PSMB7;PSMD2;PSMD7;PSMC4;PSMB5;PSMA1;PSMD8;SKP1;PSMC2;ANAPC11;PSMB6;ORC4;PSMA5;UBE2D1;PSMC6;PSMD11;PSMC3;PSMD12;CDK2;UBE2E1;SLC25A2;SEM1;PSMD3;PSMF1;PSMA3;PSMC1;PSMB1;PSMA7;CDC16;ANAPC15;ANAPC5;CCNA2"
"Cytoprotection By HMOX1 R-HSA-9707564",0.00429402063859474,0.0194198029661759,0.407017918923954,-0.395749968094353,-1.61530504991569,57,"COX8A;COX6C;COX7C;CYCS;COX6B1;COX7B;COX6A1;COX4I1;COX5B;COX14;COX5A;SIN3B;NCOA2"
"Interleukin-4 And Interleukin-13 Signaling R-HSA-6785807",0.00429553839731686,0.0194198029661759,0.407017918923954,0.404754238697412,1.53454555410114,106,"COL1A2;GATA3;RHOU;ZEB1;SOCS5;IRF4;HMOX1;ALOX15;ITGAX;HSP90AA1;IL12B;TNF;FOXO3;LAMA5;BATF;TWIST1;ANXA1;CCND1;IL18;TIMP1;MMP2;ITGB1;HSP90B1;MMP3;TNFRSF1B;CD36;SOCS1;SOX2;IL13;ITGB2;IL10;HIF1A;IL12A;CEBPD;TYK2;IL6R;PTGS2;TGFB1;FASLG;POU2F1;BCL2L1;VCAM1;IL2RG;FOXO1;CCL22;LONP1;FCER2"
"UCH Proteinases R-HSA-5689603",0.00430996483996535,0.0194198029661759,0.407017918923954,-0.340459933180137,-1.53463647424153,92,"UCHL1;PSMC5;PSMB7;PSMD2;PSMD7;YY1;PSMC4;PSMB5;PSMA1;PSMD8;PSMC2;H2AC21;NEDD8;PSMB6;ADRM1;PSMA5;INO80C;FOXK1;TGFBR1;PSMC6;H2AC7;PSMD11;PSMC3;PSMD12"
"mRNA Splicing R-HSA-72172",0.00443616700849055,0.0199115649958018,0.407017918923954,-0.270644730208533,-1.36306898559589,188,"HNRNPD;PRPF19;SNRPN;SRSF9;SF1;PQBP1;PRPF8;SRSF5;SNRPD3;TXNL4A;SNRPB;SRSF1;HSPA8;POLR2A;POLR2E;POLR2C;HNRNPA0;DDX5;PABPN1;CPSF2;WDR33;HNRNPU;CHERP;SRSF4;SNRNP200;U2SURP;CDC5L;FUS;PUF60;SNRNP70;GPKOW;SART1;NUDT21;FIP1L1;SF3B3;MAGOH;POLR2K;SNRNP25;POLR2H;CSTF3;POLR2G;CTNNBL1;HNRNPL;SYF2;SNRNP35;NCBP2;SF3B2;SRSF2;PPIE;DHX9;TRA2B;WBP4;POLR2F;SNRPD2;EFTUD2"
"PKA Activation In Glucagon Signaling R-HSA-164378",0.00447273304470843,0.0199987718895584,0.407017918923954,-0.633344698701706,-1.85874645760507,16,"GNAS;PRKAR1B;PRKAR2B;ADCY1;PRKACB;PRKAR1A"
"Regulation Of PLK1 Activity At G2/M Transition R-HSA-2565942",0.00460865035720247,0.0205278433849438,0.407017918923954,-0.344435869507488,-1.53615087357183,85,"TUBB4B;DYNC1H1;TUBA4A;YWHAG;PRKAR2B;DCTN3;PPP2R1A;DCTN1;OPTN;PPP1CB;YWHAE;SKP1;HAUS3;TUBB4A;HAUS8;PAFAH1B1;SSNA1;CSNK1E"
"Resolution Of D-loop Structures Thru Holliday Junction Intermediates R-HSA-5693568",0.00466158463336781,0.0206846740195446,0.407017918923954,0.542446745024558,1.69529305531422,33,"XRCC2;BLM;EME2;BARD1;ATM;RAD51;MRE11;RAD51D;GEN1;EME1"
"tRNA Processing R-HSA-72306",0.0048701080137909,0.0215280911064166,0.407017918923954,0.406104779995156,1.53457637728435,104,"RPP25;AAAS;RNASE7;ADAT3;LCMT2;NUP214;CTU1;POM121C;TRMT10C;POP7;NUP50;TSEN34;NUP62;PYDC1;DUS2;WDR4;RPP30;CDKAL1;TRMT12;NUP188;TRMT10A;COLEC12;NLRP2B;PUS1;NUP210;NUP35;RTCB;TRMT112;NUP133;NUP58;ADAT2;PUS7;THG1L;TRMU;TSEN2;TRMT13;HSD17B10;TRMT61A;TRIT1;RPP38;EPRS1;CTU2;QTRT2"
"Homology Directed Repair R-HSA-5693538",0.00507121322845986,0.0223324748589157,0.407017918923954,0.397512257075655,1.51926925773021,114,"XRCC2;SIRT6;TP53BP1;TIPIN;RPS27A;BLM;EME2;H3-4;POLD4;BARD1;PPP4R2;H2BC17;ATM;RNF4;BRCC3;RAD51;MRE11;POLD1;RAD51D;POLE4;H2BC21;GEN1;EME1;TOPBP1;SLC19A1;H2AX;UBA52;RFC4;POLE3;RMI2;POLD2;FEN1;ABL1"
"COPI-independent Golgi-to-ER Retrograde Traffic R-HSA-6811436",0.00545609988432518,0.0237584647948041,0.407017918923954,-0.453591170289579,-1.6507544862853,34,"DYNC1H1;RAB6B;PAFAH1B2;DCTN3;DCTN1;RAB6A;PAFAH1B1;DYNC1I1;PAFAH1B3;CAPZB;DYNLL1;PLA2G4A;ACTR10;RAB18;DCTN4;RAB3GAP2"
"Dectin-1 Mediated Noncanonical NF-kB Signaling R-HSA-5607761",0.00545525740031661,0.0237584647948041,0.407017918923954,-0.383080566364828,-1.58905140228079,60,"PSMC5;PSMB7;PSMD2;PSMD7;PSMC4;PSMB5;PSMA1;PSMD8;SKP1;PSMC2;PSMB6;PSMA5;UBE2M;PSMC6;PSMD11;PSMC3;PSMD12;SEM1;PSMD3;PSMF1;PSMA3;PSMC1;PSMB1;PSMA7"
"Insertion Of Tail-Anchored Proteins Into Endoplasmic Reticulum Membrane R-HSA-9609523",0.00542438564597623,0.0237584647948041,0.407017918923954,-0.549597585644667,-1.77581515823923,21,"VAMP2;APP;PRNP;STX1A;GET1;STX5;VAPA;ALDH3A2;GET4;SERP1;UBL4A"
"Paradoxical Activation Of RAF Signaling By Kinase Inactive BRAF R-HSA-6802955",0.00559379229234065,0.0242674929559908,0.407017918923954,-0.443227450207204,-1.67789631961524,40,"PEBP1;CAMK2A;CAMK2G;YWHAB;CALM1;CAMK2D;CNKSR2;MAPK3;MAP2K1;ARRB1"
"Dectin-2 Family R-HSA-5621480",0.00589029309059644,0.0254591556915779,0.407017918923954,0.569557696697319,1.70968435781933,27,"CLEC10A;MUC5B;MUC5AC;MUC17;MUC21;CLEC6A;MUCL1;CLEC4E"
"RHOA GTPase Cycle R-HSA-8980692",0.00602362109820752,0.0259393572753069,0.407017918923954,-0.280406016360076,-1.36061217705198,147,"ATP6AP1;PGRMC2;PIK3R1;ABR;ARHGEF25;BCAP31;ARHGAP26;ARHGAP44;PLEKHG5;ARHGEF3;TFRC;EMC3;NGEF;ARHGAP32;FARP1;PIK3R2;LMAN1;YKT6;STX5;ARHGEF11;RASGRF2;ARHGEF12;ABCD3;PLEKHG4;ARHGEF7;TMPO;DIAPH1;TRIO;ROCK2;C1QBP;ARHGEF17;MYO9A;FLOT1;MCAM;FAF2;HMOX2;ARHGAP1;PRKCSH;VAV3;ARHGAP29;STOM"
"Activation Of Gene Expression By SREBF (SREBP) R-HSA-2426168",0.00610428425463051,0.0261900725189478,0.407017918923954,-0.43448623714904,-1.66276964467526,42,"ACACA;SC5D;HMGCS1;MVD;HMGCR;IDI1;SREBF2;SREBF1;FASN;NCOA2;CYP51A1;TBL1XR1;PMVK;SQLE;CARM1"
"LDL Clearance R-HSA-8964038",0.0064673746748056,0.0275453512609421,0.407017918923954,-0.551892551404082,-1.68926705381928,18,"CLTC;NCEH1;AP2M1;AP2A1;CLTA;AP2S1;SOAT1;LDLR"
"Mitochondrial Translation Termination R-HSA-5419276",0.00644455278379371,0.0275453512609421,0.407017918923954,-0.336171143956955,-1.49071153927941,82,"MRPS21;MRPS34;MRPS18A;MRPL1;MRPL41;MRPL16;MRPL3;MRPL50;MRPL21;MRPL33;MRPL23;CHCHD1;MRPS16;MRPL55;MRPS36;GADD45GIP1;MRPL54;MRPL18;DLGAP3;MRPS23;MRPS18B;MRPS7;MTRF1L;MRPL19;MRPS27;MRPL13;MRPL24;PTCD3;MRPL17;ERAL1"
"Formation Of Tubulin Folding Intermediates By CCT/TriC R-HSA-389960",0.0065961852339769,0.0279918115201856,0.407017918923954,-0.525809017633435,-1.72533584969955,24,"TUBB4B;TUBB2A;TUBA4A;TUBA1C;TUBB2B;TUBB4A;TUBA8;CCT2;CCT7"
"Sealing Of Nuclear Envelope (NE) By ESCRT-III R-HSA-9668328",0.0066226718855872,0.0280023843857981,0.407017918923954,-0.505366314169978,-1.70928630196456,27,"TUBB4B;TUBB2A;TUBA4A;TUBA1C;TUBB2B;TUBB4A;TUBA8"
"SARS-CoV-2 Infection R-HSA-9694516",0.00684242275285504,0.0288271023558911,0.407017918923954,0.32978356763809,1.3738297508594,273,"MAN2A1;RPS28;IFNA14;RPSA;RPS3A;ATG14;ZDHHC20;RPS10;RPS27A;AAAS;RNASE7;RPS27;RPS23;RPS11;RPS24;RPS2;RPS12;CRB3;RPS8;RPS6;RPS13;RPS4X;HLA-C;RPS7;RPS15A;RPS19;IFNA4;RPS9;PTPN11;NUP214;RPS14;RPS29;CAV1;RPS20;RPS17;HSP90AA1;RPS5;RPS16;POM121C;HLA-G;NUP50;GEMIN2;SMN1;GOLGA7;NUP62;ZDHHC11;RPS3;MASP2;PARP16;MASP1;HAVCR1;PTPN6;TLR2;IL17RA;IFNA8;TMPRSS2;RPS25;G3BP1;NUP188;VPS18;IFNA6;TJP1;ZDHHC3;IFNA5;SFTPD;UBA52;TLR1;ST3GAL1;TRIM4;SDC4;NUP210;ISG15;SIKE1;NUP35;RPS21;TYK2;NUP133;IRAK2;PARP9;NUP58;CHMP2A;CTSL;IRF3;PARP6"
"AURKA Activation By TPX2 R-HSA-8854518",0.00700030395537181,0.029280841275695,0.407017918923954,-0.350854289667683,-1.49117476245271,71,"TUBB4B;DYNC1H1;TUBA4A;YWHAG;PRKAR2B;DCTN3;PPP2R1A;DCTN1;YWHAE;HAUS3;TUBB4A;HAUS8;PAFAH1B1;HMMR;SSNA1;CSNK1E;PRKCA"
"Defective HDR Thru Homologous Recombination (HRR) Due To BRCA1 Loss-Of-Function R-HSA-9701192",0.00699509698569479,0.029280841275695,0.407017918923954,0.57060405312146,1.67452309251849,25,"XRCC2;BLM;BARD1;ATM;RAD51;MRE11;RAD51D"
"Mitotic Metaphase And Anaphase R-HSA-2555396",0.00715390453100856,0.0298164520988821,0.407017918923954,-0.260661883462952,-1.34393120505287,225,"TUBB4B;DYNC1H1;TUBB2A;TUBA4A;TUBA1C;TUBB2B;PPP2CA;PSMC5;PPP2R1A;PSMB7;PSMD2;PSMD7;PSMC4;PSMB5;PPP2R5B;PSMA1;PSMD8;KPNB1;PPP2CB;PSMC2;TUBB4A;ANAPC11;CLIP1;PSMB6;PAFAH1B1;DYNC1I1;NUP98;TUBA8;PSMA5;PPP2R2A;VRK1;SUMO1;RANGAP1;UBE2D1;PSMC6;TMPO;PSMD11;PSMC3;PSMD12;ITGB3BP;DYNLL1;CENPQ;UBE2E1;DSN1;SEM1;LMNB1;PSMD3;PSMF1;TUBB6;CENPT;PSMA3;NUP54;SEH1L;PPP1CC;ESPL1;BUB1B;PSMC1;RAN;PSMB1;PSMA7;CDC16;PDS5B"
"Meiotic Recombination R-HSA-912446",0.00723955320280375,0.0300660447959857,0.407017918923954,0.468728925817913,1.58840471697278,53,"H2AC19;BLM;PRDM9;H3-4;H2AJ;H2BC17;ATM;CDK4;RAD51;MRE11;H2AB1;MLH1;H2BC21;H2AX;H2AC14;H3C13;H2AC20;PSMC3IP;H2BC15;H2BC5"
"Signaling By NOTCH4 R-HSA-9013694",0.00745612556402422,0.0308556685575045,0.407017918923954,-0.348713057723112,-1.53311737675444,79,"FBXW7;PSMC5;RBX1;PSMB7;PSMD2;PSMD7;PSMC4;PSMB5;PSMA1;PSMD8;SKP1;PSMC2;PSMB6;PSMA5;PSMC6;AKT1;PSMD11;PSMC3;PSMD12;NCSTN;SEM1;PSMD3;PSMF1;PSMA3;PSMC1;PSMB1;PSMA7"
"Loss Of Nlp From Mitotic Centrosomes R-HSA-380259",0.00756960404662825,0.0312145862982868,0.407017918923954,-0.368365325190225,-1.56332266700028,68,"TUBB4B;DYNC1H1;TUBA4A;YWHAG;PRKAR2B;DCTN3;PPP2R1A;DCTN1;YWHAE;HAUS3;TUBB4A;HAUS8;PAFAH1B1;SSNA1;CSNK1E;PRKCA"
"Platelet Calcium Homeostasis R-HSA-418360",0.00774150032864528,0.0318110242377783,0.407017918923954,-0.501495999553936,-1.68747610521884,26,"ATP2B1;SLC8A2;ATP2A2;CALM1;ITPR1;SRI;ATP2B4;ATP2B3;SLC8A1"
"Recycling Pathway Of L1 R-HSA-437239",0.00784646982462691,0.032129229071367,0.380730400722792,-0.488606647175962,-1.68719459243263,28,"DNM1;CLTC;AP2M1;AP2A1;CLTA;AP2S1;L1CAM;DPYSL2;SH3GL2"
"Anchoring Of Basal Body To Plasma Membrane R-HSA-5620912",0.00790430797497649,0.0321579271277568,0.380730400722792,-0.3151651380842,-1.42974348426824,96,"TUBB4B;DYNC1H1;TUBA4A;YWHAG;PRKAR2B;DCTN3;PPP2R1A;DCTN1;MARK4;YWHAE;HAUS3;RAB11A;TUBB4A;HAUS8;PAFAH1B1;SSNA1;CSNK1E;TTBK2;PRKCA"
"Insulin Processing R-HSA-264876",0.00790859047614927,0.0321579271277568,0.380730400722792,-0.497293789324103,-1.68198282772334,27,"VAMP2;MYO5A;CPE;PCSK2;STX1A;EXOC7;CLTRN;EXOC8;EXOC1;EXOC5"
"Aspirin ADME R-HSA-9749641",0.00833394793698542,0.0337698515363263,0.380730400722792,0.523098130877237,1.63482339355521,33,"ACSM5;SLCO2B1;CES1;ACSM2B;ABCC3;ACSM4;UGT2B10;UGT2A3;GLYATL2;UGT2B7;CYP2C19;ALB;UGT2B11;CES2"
"Mitotic Anaphase R-HSA-68882",0.00852344429726193,0.0344181989443068,0.380730400722792,-0.261090858688545,-1.34580786605348,224,"TUBB4B;DYNC1H1;TUBB2A;TUBA4A;TUBA1C;TUBB2B;PPP2CA;PSMC5;PPP2R1A;PSMB7;PSMD2;PSMD7;PSMC4;PSMB5;PPP2R5B;PSMA1;PSMD8;KPNB1;PPP2CB;PSMC2;TUBB4A;ANAPC11;CLIP1;PSMB6;PAFAH1B1;DYNC1I1;NUP98;TUBA8;PSMA5;PPP2R2A;VRK1;SUMO1;RANGAP1;UBE2D1;PSMC6;TMPO;PSMD11;PSMC3;PSMD12;ITGB3BP;DYNLL1;CENPQ;UBE2E1;DSN1;SEM1;LMNB1;PSMD3;PSMF1;TUBB6;CENPT;PSMA3;NUP54;SEH1L;PPP1CC;ESPL1;BUB1B;PSMC1;RAN;PSMB1;PSMA7;CDC16;PDS5B"
"FCERI Mediated Ca+2 Mobilization R-HSA-2871809",0.00857066247015347,0.0344895279402383,0.380730400722792,-0.472797247183478,-1.6427728189172,29,"PPP3R1;GRB2;PPP3CB;CALM1;ITPR1;AHCYL1;PPP3CA"
"Meiosis R-HSA-1500620",0.00889400483431402,0.0356677101087439,0.380730400722792,0.408254685734735,1.50118332062933,85,"H2AC19;BLM;SUN2;HSPA2;PRDM9;TINF2;H3-4;H2AJ;H2BC17;ATM;RAD21;CDK4;RAD51;MRE11;LMNA;SYCP2;POT1;H2AB1;MLH1;H2BC21;TERF1;H2AX;H2AC14;H3C13;H2AC20;PSMC3IP;STAG2;H2BC15;H2BC5"
"Prostacyclin Signaling Thru Prostacyclin Receptor R-HSA-392851",0.0091465659129642,0.0365549397959905,0.380730400722792,-0.53424834113914,-1.66962727581023,19,"GNAS;GNB1;GNG3;GNB5;GNB2;GNG2;GNG4;GNG7;GNGT1"
"Formation Of TC-NER Pre-Incision Complex R-HSA-6781823",0.00976516204032008,0.0388940071708312,0.380730400722792,-0.387933295441311,-1.55222612434666,48,"PRPF19;DDB1;RBX1;GPS1;MNAT1;POLR2A;POLR2E;COPS4;POLR2C;CDK7;COPS5;COPS7A;ERCC3;COPS8;POLR2K;CUL4B;POLR2H;POLR2G;GTF2H1"
"APC/C:Cdh1 Mediated Degradation Of Cdc20 And APC/C:Cdh1 Targets In Late Mitosis/Early G1 R-HSA-174178",0.00991706902641066,0.0393646923599362,0.380730400722792,-0.349802534294993,-1.49194622275903,72,"PSMC5;PSMB7;PSMD2;PSMD7;PSMC4;PSMB5;PSMA1;PSMD8;PSMC2;ANAPC11;PSMB6;PSMA5;UBE2D1;PSMC6;PSMD11;PSMC3;PSMD12;UBE2E1;SEM1;PSMD3;PSMF1;PSMA3;PSMC1;PSMB1;PSMA7;CDC16;ANAPC15;ANAPC5;PSMA6;ANAPC4;PSMB2"
"mRNA Capping R-HSA-72086",0.00998066895754183,0.0394828497405129,0.380730400722792,-0.475725535652242,-1.64271516950018,28,"RNGTT;MNAT1;RNMT;POLR2A;POLR2E;POLR2C;CDK7;ERCC3;POLR2K;POLR2H;POLR2G;GTF2H1;GTF2H5;NCBP2"
"Macroautophagy R-HSA-1632852",0.0104270081617476,0.0411091842052684,0.380730400722792,-0.299827800564873,-1.41058634674985,112,"DYNC1H1;ULK1;VCP;GABARAPL2;PINK1;GABARAPL1;WIPI2;MAP1LC3A;ATG4D;ATG9A;PARK7;TOMM20;VDAC1;HSPA8;EPAS1;CSNK2B;DYNC1I1;LAMTOR3;ATG12;RRAGA;TOMM5;AMBRA1;PLIN2;DYNLL1;SQSTM1;ATG3;LAMTOR5;ATG5;TOMM22;LAMTOR1;UBE2N"
"Aquaporin-mediated Transport R-HSA-445717",0.010674859888536,0.0419446514812173,0.380730400722792,-0.388303283183342,-1.55955683639522,49,"GNAS;GNB1;PRKAR1B;GNG3;PRKAR2B;ADCY1;PRKACB;PRKAR1A;GNB5;GNB2;RAB11A"
"Formation Of Early Elongation Complex R-HSA-113418",0.0109189849507886,0.0427599175757391,0.380730400722792,-0.439716935208805,-1.57653666170303,32,"SUPT4H1;MNAT1;POLR2A;POLR2E;POLR2C;CDK7;ERCC3;POLR2K;POLR2H;POLR2G;GTF2H1;NELFE;NELFA;GTF2H5;NCBP2;NELFB;POLR2F"
"SLC Transporter Disorders R-HSA-5619102",0.0110381627209629,0.0430820598507149,0.380730400722792,0.395691054602145,1.48260855244645,98,"SLC6A3;SLC34A3;SLC24A4;AAAS;RNASE7;SLC7A7;SLC6A20;SLC4A1;NUP214;SLC39A4;SLC2A10;SLC34A1;SLC6A18;POM121C;SLC6A2;NUP50;NUP62;TAC4;SLC6A5;SLCO1B3;SLC2A2;NUP188;SLC9A9;SLC6A19;AVPR2;SLC22A18;SLC7A9;NUP210;NUP35;MAP4K2;NUP133;NUP58;SLCO2A1;SLC17A5;SLC24A1"
"Processing Of DNA Double-Strand Break Ends R-HSA-5693607",0.0112859020339023,0.0439021589118798,0.380730400722792,0.417270664921774,1.50194703527828,75,"SIRT6;TP53BP1;TIPIN;RPS27A;BLM;H3-4;BARD1;PPP4R2;H2BC17;ATM;RNF4;BRCC3;MRE11"
"RAB Geranylgeranylation R-HSA-8873719",0.0113355714728979,0.0439488767736605,0.380730400722792,-0.355872038856794,-1.47227925755341,62,"RAB3A;RAB12;RAB2A;RAB6B;RAB7A;RAB11A;RAB3C;RAB3D;RAB6A;RAB33A;RAB14;RAB40A;RAB40C;RAB1A;RAB15;RAB39A;CHML;RAB38;RAB18"
"Activation Of Kainate Receptors Upon Glutamate Binding R-HSA-451326",0.011698593351261,0.045206153777886,0.380730400722792,-0.458453672081365,-1.59293489062083,29,"PLCB1;GNB1;GNG3;CALM1;GNB5;GNB2;GNG2;GRIK5;GNG4;GNG7;GNGT1"
"Synthesis Of Glycosylphosphatidylinositol (GPI) R-HSA-162710",0.0120000925638645,0.0462181782905276,0.380730400722792,0.599759827784819,1.61903029649699,18,"PIGM;DPM2;PIGH;PIGN;PIGQ;PIGG;PIGL"
"PKA-mediated Phosphorylation Of CREB R-HSA-111931",0.0120677738980336,0.0463259609835699,0.380730400722792,-0.519715201665681,-1.62420846175027,19,"PRKAR1B;PRKAR2B;ADCY1;PRKACB;PRKAR1A;CALM1;CREB1;NBEA;PRKCA;PRKAR2A;ADCY2"
"Resolution Of D-loop Structures Thru Synthesis-Dependent Strand Annealing (SDSA) R-HSA-5693554",0.0122578207947811,0.046901235631179,0.380730400722792,0.547269705944683,1.64278081252802,27,"XRCC2;BLM;BARD1;ATM;RAD51;MRE11;RAD51D"
"Centrosome Maturation R-HSA-380287",0.0126950870284209,0.0482578715380039,0.380730400722792,-0.333879692113766,-1.4679024670521,79,"TUBB4B;DYNC1H1;TUBA4A;YWHAG;PRKAR2B;DCTN3;PPP2R1A;DCTN1;YWHAE;HAUS3;TUBB4A;HAUS8;PAFAH1B1;SSNA1;CSNK1E;TUBGCP3;PRKCA;TUBGCP2;DYNLL1"
"TBC/RABGAPs R-HSA-8854214",0.0126699226994127,0.0482578715380039,0.380730400722792,-0.416457777694314,-1.60922310579386,43,"ULK1;GABARAPL2;RAB6B;RAB7A;OPTN;GGA3;GGA2;TBC1D25;RAB11A;TBC1D15;RAB6A;RAB33A"
"RNA Pol II CTD Phosphorylation And Interaction With CE R-HSA-77075",0.0130700028017499,0.049521731394942,0.380730400722792,-0.485168074547439,-1.63253452378893,26,"RNGTT;MNAT1;RNMT;POLR2A;POLR2E;POLR2C;CDK7;ERCC3;POLR2K;POLR2H;POLR2G;GTF2H1;GTF2H5"
"Cellular Hexose Transport R-HSA-189200",0.0138567744110566,0.0523328664650583,0.380730400722792,0.586054985149045,1.62452025238407,21,"SLC50A1;FGF21;SLC5A10;SLC2A10;SLC45A3;SLC2A2;SLC2A11"
"MAP Kinase Activation R-HSA-450294",0.0140565281040747,0.0524729044521631,0.380730400722792,-0.355412489086389,-1.46804199428892,61,"MEF2C;MAPK10;PPP2CA;PPP2R1A;SKP1;MAPK3;PPP2CB;CREB1;MAP2K1;JUN;MAP2K4;MAPK8;RPS6KA5;FOS;MAPK9;UBE2N;DUSP3;NOD2;MAPK11;NFKB1"
"Metabolism Of Carbohydrates R-HSA-71387",0.0140737095917113,0.0524729044521631,0.380730400722792,-0.236817122153387,-1.25623995210912,282,"PGK1;MDH1;ENO2;B4GAT1;PKM;PFKM;ALDOC;MDH2;ENO1;TPI1;GPC1;PPP2CA;PFKP;PRKACB;PPP2R1A;CALM1;UGP2;IDS;PGM2L1;GALE;FUT9;PFKL;DCXR;PPP2CB;GOT2;HS6ST3;ST6GALNAC6;HS3ST5;HMMR;HS2ST1;NUP98;MAN2C1;SLC25A11;B3GNT4;PRKCA;HAS2;NUP88;GYG1;GNS;CRYL1;DSE;FUT11;SPAM1;PAPSS1;GPC5;CSPG5;HS3ST1;GNPDA1;SLC37A2;PYGB;ST3GAL2;UBL4A;TKT;AKR1B1;TPR;B4GALT6;HS6ST1;SDC1;HEXB;RPIA;NUP54;CHST7;HS6ST2;SEH1L;FUT6;B3GALT2;ST3GAL4;SLC25A1;ENO3"
"Signaling By ALK Fusions And Activated Point Mutants R-HSA-9725370",0.014006879707724,0.0524729044521631,0.380730400722792,-0.375204823072167,-1.53025833784642,55,"CLTC;GRB2;PIK3R1;KLC1;PRKAR1A;DCTN1;RBX1;SKP1;MAPK3;ATIC;CEBPB;GCC2;TPM3;LMO7;SQSTM1;BCL11A;TPR;MYH9;PPFIBP1"
"VLDLR Internalisation And Degradation R-HSA-8866427",0.0140675975740878,0.0524729044521631,0.380730400722792,-0.604120341868433,-1.7177113590481,15,"CLTC;AP2M1;AP2A1;CLTA;AP2S1;NR1H2"
"O-linked Glycosylation Of Mucins R-HSA-913709",0.0142711452133766,0.0530395747261481,0.380730400722792,0.438125803111863,1.50439396812907,57,"GALNTL5;MUC5B;B3GNT6;MUC5AC;B3GNT9;MUC17;MUC21;GALNT5;MUCL1;GALNT2;B3GNT5;GALNT8;MUC13;ST3GAL1;B3GNT7;GALNT14;MUC20;ST6GAL1;A4GNT;ST6GALNAC4;B3GNT3;MUC2;MUC19"
"Recruitment Of NuMA To Mitotic Centrosomes R-HSA-380320",0.014604089051349,0.0541046727711881,0.380730400722792,-0.329994292648868,-1.45082030364198,79,"TUBB4B;DYNC1H1;TUBA4A;YWHAG;PRKAR2B;DCTN3;PPP2R1A;DCTN1;YWHAE;HAUS3;TUBB4A;HAUS8;PAFAH1B1;SSNA1;CSNK1E;TUBGCP3;PRKCA;TUBGCP2;DYNLL1"
"G Beta:Gamma Signaling Thru PI3Kgamma R-HSA-392451",0.0150093215335573,0.0554299943976626,0.380730400722792,-0.473139922527708,-1.5751273387306,25,"GNB1;GNG3;GNB5;GNB2;GNG2;AKT1;PDPK1;GNG4;GNG7;GNGT1"
"Plasma Lipoprotein Clearance R-HSA-8964043",0.0154416265800836,0.0568466189872477,0.380730400722792,-0.41213679658858,-1.49988957125756,34,"CLTC;NCEH1;AP2M1;AP2A1;CLTA;AP2S1;HDLBP;SOAT1;NR1H2;LDLR"
"ER-Phagosome Pathway R-HSA-1236974",0.0162028915430347,0.0594615548135895,0.352487857583619,-0.302057800447421,-1.35241800272867,88,"PSMC5;PSMB7;PSMD2;PSMD7;PSMC4;PSMB5;PSMA1;PSMD8;PSMC2;PSMB6;PSMA5;NDUFA2;PSMC6;HLA-A;PSMD11;PSMC3;PSMD12;SEM1;TLR4;PSMD3;PSMF1;PSMA3;PSMC1;LY96;PSMB1;PSMA7"
"Synthesis Of PIPs At Golgi Membrane R-HSA-1660514",0.0165054144069271,0.0603818765294168,0.352487857583619,-0.528053267082918,-1.58303187235282,17,"ARF3;PI4KA;OCRL"
"Nef-mediated Downmodulation Of Cell Surface Receptors By Recruitment To Clathrin Adapters R-HSA-164938",0.0166800691068135,0.0608301270239104,0.352487857583619,-0.520026603107783,-1.65110187938056,20,"AP2M1;AP2A1;AP2S1;ATP6V1H;AP1S1"
"Signaling By VEGF R-HSA-194138",0.0175255794194931,0.06371448966526,0.352487857583619,-0.289145363144982,-1.32115787976309,102,"PRKCB;PRKCZ;PTK2B;PIK3R1;CYFIP2;PRKACB;CALM1;ITPR1;WASF1;ABI2;AHCYL1;BAIAP2;PIK3R2;AAMP;NCKAP1;ARHGEF7;SYNGAP1;PRKCA;SHC2;ROCK2;AKT1;PDPK1;VEGFC;VAV3;CTNNB1;HOXC13;BRK1;ITGAV;BCAR1;VEGFD"
"Formation Of Cornified Envelope R-HSA-6809371",0.0176396847604401,0.0639301618491727,0.352487857583619,0.41359584823447,1.46773160737059,70,"PKP4;LCE1D;LCE5A;LCE3D;PI3;KLK14;PCSK6;CELA2A;LORICRIN;LIPN;JUP;LCE3E;SPRR2A;LCE3A;LIPM;LCE4A;PERP;SPINK5;DSG1;TGM1;DSC3;DSPP;CSTA"
"C-type Lectin Receptors (CLRs) R-HSA-5621481",0.0182391901894748,0.0658982506226534,0.352487857583619,-0.272507427898946,-1.30797866748629,138,"PPP3R1;PPP3CB;PSMC5;PRKACB;PSMB7;CALM1;PSMD2;PSMD7;ITPR1;PSMC4;AHCYL1;PSMB5;PSMA1;PSMD8;SKP1;UBE2D2;PPP3CA;PSMC2;PSMB6;PSMA5;UBE2M;CD209;UBE2D1;ARHGEF7;PSMC6;PRKCA;PSMD11;PSMC3;RPS6KA5;PSMD12"
"Sema4D In Semaphorin Signaling R-HSA-400685",0.0184912602622858,0.0666027800187887,0.352487857583619,-0.473182564678551,-1.54059845153252,23,"RND1;MYL12B;RNMT;ARHGEF11;ARHGEF12;ROCK2;RHOB;MYH9;MYH11"
"Scavenging By Class A Receptors R-HSA-3000480",0.0189532519330744,0.0678479908156376,0.352487857583619,0.574760498093902,1.55154549627087,18,"COL1A2;APOB;FTH1;HSP90B1;MASP1;COLEC12;COLEC11"
"Signaling By RAF1 Mutants R-HSA-9656223",0.0189498992115332,0.0678479908156376,0.352487857583619,-0.404706396032619,-1.51378316279767,38,"CAMK2A;CAMK2G;YWHAB;CALM1;CAMK2D;CNKSR2;MAPK3;MAP2K1;ARRB1"
"Chemokine Receptors Bind Chemokines R-HSA-380108",0.019433295969175,0.069353689284487,0.352487857583619,0.442615755303689,1.49991373437014,53,"CCL3;CCR1;PF4;CCL5;CCR7;CXCR1;XCR1;CCR2;ACKR2;CXCR2;CCR9;PPBP;CCRL2;CXCR3;CCL19;CXCL1;CCL13;CCL20;CXCR4;CCL22;CXCR5"
"tRNA Processing In Nucleus R-HSA-6784531",0.019669839875372,0.0699838510199975,0.352487857583619,0.428404620079004,1.46168637161857,56,"RPP25;AAAS;RNASE7;NUP214;POM121C;POP7;NUP50;TSEN34;NUP62;PYDC1;RPP30;NUP188;COLEC12;NLRP2B;NUP210;NUP35;RTCB;NUP133;NUP58"
"Toll Like Receptor 3 (TLR3) Cascade R-HSA-168164",0.019950472329711,0.0706644008061599,0.352487857583619,-0.285926463311358,-1.30645013956935,102,"MEF2C;APP;MAPK10;PPP2CA;PPP2R1A;SKP1;UBE2D2;MAPK3;PPP2CB;CREB1;NKIRAS1;S100A12;MAP2K1;JUN;MAP2K4;UBE2D1;MAPK8;RPS6KA5;FOS;IKBIP;MAPK9;UBE2D3;HOXC13"
"VEGFA-VEGFR2 Pathway R-HSA-4420097",0.0199822213076545,0.0706644008061599,0.352487857583619,-0.301365035592311,-1.3529450988408,93,"PRKCB;PRKCZ;PTK2B;PIK3R1;CYFIP2;PRKACB;CALM1;ITPR1;WASF1;ABI2;AHCYL1;BAIAP2;PIK3R2;NCKAP1;ARHGEF7;SYNGAP1;PRKCA;SHC2;ROCK2;AKT1;PDPK1;VAV3;CTNNB1;HOXC13;BRK1;ITGAV"
"Intraflagellar Transport R-HSA-5620924",0.0201220225192264,0.0709438074922573,0.352487857583619,-0.393870957410609,-1.49420848492107,41,"IFT57;DYNLRB1;KIF3C;KIFAP3;KIF3A;TRIP11;IFT81;IFT122;DYNLL1;IFT140;IFT22;DYNLT2B;IFT27;KIF3B;TRAF3IP1;DYNLRB2"
"Binding And Uptake Of Ligands By Scavenger Receptors R-HSA-2173782",0.0204375725219209,0.0718392985936195,0.352487857583619,0.479369692629656,1.54937149403679,39,"COL1A2;SPARC;APOB;FTH1;C1D;SCARB1;HSP90AA1;HSP90B1;MASP1;CD36;COLEC12;COLEC11;HBA1"
"Nitric Oxide Stimulates Guanylate Cyclase R-HSA-392154",0.0205910257246041,0.0721613424042433,0.352487857583619,-0.489582795707627,-1.58190023489813,21,"PDE2A;ITPR1;PDE1B;GUCY1B1;GUCY1A1;PDE1A;KCNMB1;KCNMA1;PDE11A"
"G Beta:Gamma Signaling Thru PLC Beta R-HSA-418217",0.0207649271786216,0.0725529042438665,0.352487857583619,-0.505050221291508,-1.60355136558878,20,"PLCB1;GNB1;GNG3;GNB5;GNB2;GNG2;GNG4;GNG7;GNGT1"
"Formation Of Incision Complex In GG-NER R-HSA-5696395",0.0211198116743305,0.073572597683414,0.352487857583619,-0.397676905574217,-1.50545868931859,40,"RAD23B;UBE2V2;DDB1;RBX1;MNAT1;PARP1;SUMO1;CDK7;ERCC3;CUL4B;CETN2;UBE2N;GTF2H1;POLR1A;GTF2H5;PIAS3;CHD1L"
"MAPK6/MAPK4 Signaling R-HSA-5687128",0.0213548133208919,0.0739497541408927,0.352487857583619,-0.306710825874331,-1.37965699208512,89,"PSMC5;PRKACB;PSMB7;PSMD2;PSMD7;PSMC4;PSMB5;PSMA1;PSMD8;PSMC2;CCND3;PSMB6;JUN;PSMA5;ARHGEF7;PSMC6;PRKCA;PSMD11;PSMC3;PSMD12;SEM1;PSMD3;MAPKAPK5;TNRC6A;PSMF1;CDC42EP3;PSMA3;KALRN;PSMC1;PSMB1;PSMA7;AGO4"
"RHO GTPases Activate CIT R-HSA-5625900",0.0213157636260237,0.0739497541408927,0.352487857583619,-0.493381124148649,-1.5419094806959,19,"MYL12B;PPP1CB;RHOB;MYH9;MYH11;CDKN1B;MYH10;LLGL1;MYH14;RHOA;MYL6"
"Signaling By PDGFR In Disease R-HSA-9671555",0.0215413251685146,0.0743749303895164,0.352487857583619,-0.492615908800663,-1.53951803776855,19,"GRB2;PIK3R1;PIK3R2;FIP1L1;WDR48;STAT3;HRAS;SOS1;PIK3CB"
"TCR Signaling R-HSA-202403",0.0224280914603405,0.0772082086555084,0.352487857583619,-0.286081098692509,-1.33774792421617,111,"PIK3R1;PSMC5;EVL;PSMB7;PSMD2;PSMD7;PSMC4;PSMB5;PSMA1;PSMD8;SKP1;UBE2D2;PTEN;PSMC2;PIK3R2;PSMB6;PSMA5;HLA-DQB2;UBE2D1;ARHGEF7;PSMC6;PSMD11;PSMC3;PSMD12;PDPK1;PTPN22;SEM1;PSMD3;PSMF1;UBE2N;PSMA3;PSMC1;PSMB1;NFKB1;PSMA7"
"Regulation Of IFNA/IFNB Signaling R-HSA-912694",0.0225298462667466,0.0773303840979215,0.352487857583619,0.575896844413725,1.59151689564526,20,"IFNA14;USP18;IFNA4;PTPN11;PTPN6;IFNA8;SOCS1;IFNA6;IFNA5;TYK2"
"Extra-nuclear Estrogen Signaling R-HSA-9009391",0.0229176251901986,0.078430699697835,0.352487857583619,-0.318240100188915,-1.35866269292145,73,"PRKCZ;GNB1;PIK3R1;GNG3;CALM1;GNB5;GNB2;MAPK3;PIK3R2;CREB1;BCL2;GNG2;EGFR;AKT1;FOS;PDPK1;MMP7;GNG4;GNG7;GNGT1;GNAI2;CDKN1B"
"MyD88-independent TLR4 Cascade R-HSA-166166",0.0235642922269296,0.0804079796164527,0.352487857583619,-0.290413746761822,-1.32947455798011,105,"MEF2C;APP;MAPK10;PPP2CA;PPP2R1A;SKP1;UBE2D2;MAPK3;PPP2CB;CREB1;NKIRAS1;S100A12;MAP2K1;JUN;MAP2K4;NDUFA2;UBE2D1;MAPK8;RPS6KA5;FOS;IKBIP;MAPK9;UBE2D3;HOXC13;TLR4;SAA2;UBE2N;DUSP3;LY96;NOD2;MAPK11;NFKB1"
"TNFs Bind Their Physiological Receptors R-HSA-5669034",0.0240640691368199,0.0818739611739615,0.352487857583619,0.515360211877273,1.56125224910403,29,"TNFSF13;CD70;TNFRSF6B;TNFRSF11B;TNFSF14;TNFRSF1B;TNFRSF18;TNFSF4;TNFSF8;EDARADD;LTA;TNFRSF13B;TNFRSF8;FASLG;TNFSF18"
"RET Signaling R-HSA-8853659",0.0243689640400342,0.082670293705581,0.352487857583619,-0.392782113561899,-1.48692880472116,40,"GRB2;SHC3;PIK3R1;RAP1GAP;PRKACB;CLSTN1;GFRA2;PIK3R2;PRKCA;GFRA1"
"Potassium Channels R-HSA-1296071",0.0245906821603819,0.0831806553077266,0.352487857583619,-0.281421234169076,-1.28586492624716,102,"GABBR2;KCNC2;GNB1;KCNAB2;GNG3;HCN1;KCNC1;GNB5;HCN2;GNB2;KCNQ3;KCND2;KCNK4;KCNQ2;KCNA2;KCNV1;KCNB1;GNG2;KCNH1;KCNA4;KCNN1;KCNMB1;GNG4;GNG7;GNGT1;KCNS1;KCNQ5;KCNA5"
"Deregulated CDK5 Triggers Neurodegenerative Pathways In Alzheimers Disease Models R-HSA-8862803",0.0254511226256922,0.0855949858910168,0.352487857583619,-0.480295273257209,-1.55189114537385,21,"PRDX2;APP;CAPNS1;YWHAE;CDK5R1;CAPN1;JUN"
"Negative Regulation Of NMDA Receptor-Mediated Neuronal Transmission R-HSA-9617324",0.0254511226256922,0.0855949858910168,0.352487857583619,-0.48131119205298,-1.55517369981767,21,"CAMK2A;NEFL;CAMK2G;CALM1;CAMK2D;GRIN2B"
"Nuclear Pore Complex (NPC) Disassembly R-HSA-3301854",0.0257917253724645,0.0863872913598825,0.352487857583619,0.47437224129359,1.49127092157003,35,"AAAS;NEK7;RNASE7;NUP214;POM121C;NUP50;NUP62;NUP188;NUP210;NUP35;NUP133;NUP58"
"Pre-NOTCH Transcription And Translation R-HSA-1912408",0.0258347597982853,0.0863872913598825,0.352487857583619,0.423756992757205,1.45592278055799,59,"SIRT6;H2AC19;TFDP1;H2AJ;H2BC17;KAT2B;E2F1;CCND1;MAML3;H2AB1;H2BC21;AGO2;RBPJ;H2AX;H2AC14;ELF3;H3C13;AGO3;H2AC20;H2BC15;H2BC5;NOTCH2"
"Presynaptic Function Of Kainate Receptors R-HSA-500657",0.02677897464849,0.0892887526136794,0.352487857583619,-0.478545681505893,-1.54623800636111,21,"PLCB1;GNB1;GNG3;GNB5;GNB2;GNG2;GNG4;GNG7;GNGT1"
"Transcriptional Regulation By RUNX2 R-HSA-8878166",0.0279745357177786,0.0930093537967168,0.352487857583619,-0.279128730822557,-1.30630558459181,116,"FBXW7;PSMC5;RBX1;PSMB7;PSMD2;PSMD7;GSK3B;PSMC4;PSMB5;PSMA1;PSMD8;SKP1;STUB1;MAPK3;PSMC2;PSMB6;PSMA5;SATB2;PSMC6;AKT1;PSMD11;PSMC3;PSMD12;MAF"
"Diseases Of Signal Transduction By Growth Factor Receptors And Second Messengers R-HSA-5663202",0.0281985568961381,0.0934878292550944,0.352487857583619,-0.213556059522219,-1.19978504980822,421,"CLTC;PEBP1;GSK3A;CAMK2A;GRB2;VCP;FBXW7;PIK3R1;PPP2CA;PSMC5;CAMK2G;KLC1;YWHAB;PPP2R1A;PRKAR1A;DCTN1;RBX1;CDC37;PSMB7;CALM1;CLSTN1;PSMD2;PSMD7;PPP1CB;CAMK2D;GSK3B;PSMC4;CNKSR2;PSMB5;OS9;PPP2R5B;PSMA1;PSMD8;SKP1;RNMT;ERLEC1;PTEN;MAPK3;PPP2CB;POLR2A;POLR2E;FGF13;PSMC2;PIK3R2;CREB1;SPRED1;POLR2C;PSMB6;ATIC;MAP2K1;CEBPB;NRG3;TRIP11;NF1;GCC2;PSMA5;ARRB1;JAG2;TGFBR1;TPM3;PSMC6;EGFR;MIB2;NR4A1;AKT1;PSMD11;CCNC;PSMC3;CDK8;FIP1L1;PSMD12;TLN1;AGTRAP;LMO7;PAPSS1;PDPK1;NEURL1;TRAK1;NCSTN;CTNNB1;SQSTM1;TBL1XR1;POLR2K;SEM1;MIB1;WDR48;PSMD3;BCL11A;SEL1L;PSMF1"
"Tight Junction Interactions R-HSA-420029",0.0282830326504566,0.0935022637481102,0.352487857583619,0.511070850011277,1.54090998571346,28,"CRB3;CLDN5;CLDN11;CLDN2;PARD6G;CLDN16;CLDN15;CLDN1;CLDN7;CLDN3;CLDN4;CLDN17"
"tRNA Modification In Nucleus And Cytosol R-HSA-6782315",0.0287223073284189,0.0946862504301266,0.352487857583619,0.448876932407438,1.46754952238804,42,"ADAT3;LCMT2;CTU1;DUS2;WDR4;CDKAL1;TRMT12;TRMT10A;PUS1;TRMT112;ADAT2;PUS7;THG1L;TRMU;TRMT13;TRMT61A;TRIT1;EPRS1;CTU2;QTRT2"
"Antigen Activates B Cell Receptor Leading To Second Messenger Generation R-HSA-983695",0.0288494024337025,0.0948373313806501,0.352487857583619,-0.421858684708202,-1.49928821409934,31,"GRB2;PIK3R1;CALM1;CLSTN1;ITPR1;AHCYL1"
"Phase 4 - Resting Membrane Potential R-HSA-5576886",0.0293086555036757,0.0960764072269371,0.352487857583619,0.559157667433611,1.52610646209137,19,"KCNK6;KCNK7;KCNJ2;KCNJ12;KCNJ14;KCNK5;KCNJ4;KCNK12;KCNK17;KCNK13"
"Fatty acyl-CoA Biosynthesis R-HSA-75105",0.0300785994667272,0.0983241612819906,0.352487857583619,-0.392276580539071,-1.45524745774075,36,"HACD3;ACSL3;ACACA;ACSL6;ACSL4;ACLY;FASN;TECRL;HSD17B12;ACSL5;HACD2;TECR;SLC25A1;PPT1;SLC27A2;ELOVL6"
"ADP Signaling Thru P2Y Purinoceptor 12 R-HSA-392170",0.0304172527640294,0.0986025943767286,0.352487857583619,-0.461987189658916,-1.51077256004907,22,"GNB1;GNG3;GNB5;GNB2;GNG2;GNG4;GNG7;GNGT1;GNAI2"
"Export Of Viral Ribonucleoproteins From Nucleus R-HSA-168274",0.0304047855819664,0.0986025943767286,0.352487857583619,0.469091771882785,1.47467085563215,35,"HSPA1A;AAAS;RNASE7;NUP214;POM121C;NUP50;NUP62;NUP188;NUP210;NUP35;NUP133;NUP58"
"RHOBTB2 GTPase Cycle R-HSA-9013418",0.0304172527640294,0.0986025943767286,0.352487857583619,-0.462236272321542,-1.51158710049587,22,"ACTN1;CDC37;TXNL1;HSP90AB1;DBN1;CCT2;RHOBTB2;CCT7;DDX39B"
"Detoxification Of Reactive Oxygen Species R-HSA-3299685",0.0310357590335948,0.100328894161233,0.352487857583619,-0.384794964809568,-1.40038443441011,34,"PRDX2;CYCS;GPX1;PRDX5;P4HB;GPX3;ATOX1;GSR;TXNRD2;GSTP1;PRDX1;ATP7A"
"G-protein Beta:Gamma Signaling R-HSA-397795",0.0317272352032468,0.102280893597207,0.321775918075361,-0.402614480811336,-1.44351158371962,32,"PLCB1;GNB1;GNG3;GNB5;GNB2;GNG2;AKT1;PDPK1;GNG4;GNG7;GNGT1"
"Base Excision Repair R-HSA-73884",0.0319202164078524,0.102619538699625,0.321775918075361,0.407835420053101,1.44512920472334,69,"H2AC19;TINF2;H3-4;POLD4;H2AJ;H2BC17;POLD1;TDG;POT1;H2AB1;UNG;POLE4;ADPRS;H2BC21;TERF1;SLC19A1;PNKP;H2AX;RFC4;SMUG1;POLE3;H2AC14;POLD2;FEN1;H2AC20;H2BC15;H2BC5"
"Deactivation Of Beta-Catenin Transactivating Complex R-HSA-3769402",0.0320181716688985,0.10265166576265,0.321775918075361,0.456129226031961,1.48735332521075,41,"RPS27A;SOX3;TCF7L1;CBY1;PROC;TLE4;SOX17;SOX7;MEN1;SOX2;UBA52;RBBP5;SOX6;BCL9;PYGO2"
"Formation Of RNA Pol II Elongation Complex R-HSA-112382",0.0325252780578087,0.103991779434145,0.321775918075361,-0.343792457107406,-1.40657575473094,56,"SUPT4H1;MNAT1;POLR2A;POLR2E;SUPT6H;POLR2C;LEO1;DMAP1;CDK7;ERCC3;CDK9;SSRP1;POLR2K;POLR2H;POLR2G;GTF2H1;ELOA;NELFE;NELFA;GTF2H5;NCBP2;NELFB;POLR2F"
"FCGR3A-mediated Phagocytosis R-HSA-9664422",0.0328489100084076,0.10473955732189,0.321775918075361,-0.343110779837722,-1.40378677347127,56,"GRB2;MYO5A;CYFIP2;WASL;ARPC2;ACTR2;WASF1;ABI2;BAIAP2;MAPK3;NCKAP1;MYO10;ARPC1A;FGR;VAV3;BRK1"
"PI Metabolism R-HSA-1483255",0.0333612425411223,0.106083297126675,0.321775918075361,-0.294109699332145,-1.30419499260938,82,"ARF3;PIK3R1;PI4KA;CLSTN1;SYNJ1;PLEKHA5;OCRL;PTEN;MTMR4;PIK3R2;INPP5F;PLEKHA3;PIP5K1C;RAB14;PIP4P1;PIP4K2B;MTMR6;INPP5J;PLEKHA6"
"COPII-mediated Vesicle Transport R-HSA-204005",0.033723345642036,0.106943327076783,0.321775918075361,-0.32286728417286,-1.35203875627967,66,"NSF;GRIA1;CNIH2;CTSZ;TRAPPC3;LMAN1;MCFD2;YKT6;STX5;TRAPPC6B;PPP6R1;F5;RAB1A;SEC16A;SEC24A;TRAPPC1;GOLGA2;SEC23A;CNIH1"
"RHOBTB1 GTPase Cycle R-HSA-9013422",0.0338511030486093,0.107057553543976,0.321775918075361,-0.440403148399025,-1.43387448972153,23,"TXNL1;GPS1;COPS4;DBN1;CCT2;RHOBTB1;CCT7;ROCK2;CUL3"
"Selective Autophagy R-HSA-9663891",0.0344493750270956,0.108655190963839,0.321775918075361,-0.330181110344018,-1.36961987233545,60,"DYNC1H1;ULK1;VCP;PINK1;MAP1LC3A;PARK7;TOMM20;VDAC1;HSPA8;EPAS1;CSNK2B;DYNC1I1;ATG12;TOMM5;PLIN2;DYNLL1;SQSTM1;ATG5;TOMM22;UBE2N"
"JNK (c-Jun Kinases) Phosphorylation And Activation Mediated By Activated Human TAK1 R-HSA-450321",0.0355038549676531,0.111209229635465,0.321775918075361,-0.482944720579087,-1.47822724407977,18,"MAPK10;MAP2K4;MAPK8;MAPK9;UBE2N;NOD2;MAP2K7;IRAK1"
"SARS-CoV-2 Activates/Modulates Innate And Adaptive Immune Responses R-HSA-9705671",0.0355450236966825,0.111209229635465,0.261663521711573,0.362151457535597,1.38412229128145,114,"IFNA14;ATG14;AAAS;RNASE7;HLA-C;IFNA4;PTPN11;NUP214;HSP90AA1;POM121C;HLA-G;NUP50;NUP62;MASP2;MASP1;PTPN6;TLR2;IL17RA;IFNA8;G3BP1;NUP188;IFNA6;IFNA5;SFTPD;TLR1;TRIM4;NUP210;ISG15;SIKE1;NUP35;TYK2;NUP133;IRAK2;NUP58;IRF3;IKBKE;NLRP12"
"Toll Like Receptor 9 (TLR9) Cascade R-HSA-168138",0.0354562637082397,0.111209229635465,0.321775918075361,-0.279014492826883,-1.27502023622113,104,"MEF2C;APP;MAPK10;PPP2CA;PPP2R1A;RBSN;SKP1;MAPK3;PPP2CB;CREB1;NKIRAS1;S100A12;MAP2K1;JUN;MAP2K4;NDUFA2;MAPK8;RPS6KA5;FOS;IKBIP;MAPK9;HOXC13;TLR4;SAA2;UBE2N;DUSP3;MAP3K1;LY96;NOD2;MAPK11;NFKB1;EEA1;PIK3R4"
"DNA Damage Recognition In GG-NER R-HSA-5696394",0.0364832918111807,0.113839576319914,0.321775918075361,-0.38533686405023,-1.42464712300378,35,"RAD23B;DDB1;RBX1;YY1;GPS1;PARP1;COPS4;INO80C;COPS5;COPS7A;COPS8;CUL4B;CETN2"
"Gap Junction Trafficking R-HSA-190828",0.0370339992013066,0.115223449229306,0.321775918075361,-0.435550750048542,-1.44998944528064,25,"DNM1;CLTC;AP2M1;CLTB;CLTA;GJB6"
"M Phase R-HSA-68886",0.037124264704558,0.115223449229306,0.321775918075361,-0.213036920142551,-1.15231332485153,369,"PRKCB;TUBB4B;DYNC1H1;TUBB2A;TUBA4A;TUBA1C;YWHAG;TUBB2B;RAB2A;PPP2CA;ENSA;PSMC5;PRKAR2B;DCTN3;PPP2R1A;DCTN1;PSMB7;PSMD2;PSMD7;PSMC4;YWHAE;PSMB5;PPP2R5B;PSMA1;PSMD8;KPNB1;HAUS3;MAPK3;PPP2CB;H2AZ1;PSMC2;TUBB4A;ANAPC11;HAUS8;CLIP1;PSMB6;CSNK2B;PAFAH1B1;DYNC1I1;SSNA1;NUP98;TUBA8;PSMA5;PPP2R2A;CSNK1E;VRK1;SUMO1;RANGAP1;TUBGCP3;UBE2D1;PSMC6;TMPO;PRKCA;H2AC7;NUP88;PSMD11;PSMC3;PSMD12;TUBGCP2;RAB1A;ITGB3BP;DYNLL1;CENPQ;UBE2E1;DSN1;SEM1;LMNB1;NUMA1;PSMD3;PSMF1;CETN2;TUBB6;TPR;LPIN1;CENPT;PSMA3;NUP54;CEP76;SEH1L;PPP1CC;CEP290;PCNT;ESPL1;BUB1B;PSMC1;CEP63;MCPH1;RAN;PSMB1;PSMA7;GOLGA2;CDC16;PDS5B;H2BC14"
"Defective Intrinsic Pathway For Apoptosis R-HSA-9734009",0.0374018795101926,0.11547088197988,0.321775918075361,-0.464832451395161,-1.52525359132372,24,"PRDX2;APP;CAPNS1;YWHAE;CDK5R1;CAPN1;JUN;C1QBP;LMNB1;PRDX1;ERC2;GOLGA2"
"TRAF6 Mediated IRF7 Activation R-HSA-933541",0.0373134328358209,0.11547088197988,0.287857117255149,0.527603505557955,1.48630891375999,22,"IFNA14;IFNA4;IFNA8;IFNA6;IFNA5;TRIM4;SIKE1;IRF3;IKBKE;TRIM25;IRF7;MAVS;TANK;IFNA2;EP300"
"Eicosanoid Ligand-Binding Receptors R-HSA-391903",0.0376994047668831,0.115891616802308,0.321775918075361,0.596916130808413,1.54745970486548,15,"TBXA2R;PTGDR;OXER1;PTGER3;PTGFR;PTGIR;LTB4R;PTGER4;PTGER1"
"G Beta:Gamma Signaling Thru BTK R-HSA-8964315",0.0377367732518228,0.115891616802308,0.321775918075361,-0.481492330542004,-1.47378167830307,18,"GNB1;GNG3;GNB5;GNB2;GNG2;GNG4;GNG7;GNGT1"
"Cytosolic tRNA Aminoacylation R-HSA-379716",0.0381120154844977,0.116736803334406,0.321775918075361,-0.432284858305128,-1.40744277798625,23,"GARS1;SARS1;WARS1;AARS1;HARS1;YARS1;KARS1;PPA1;MARS1;EEF1E1;VARS1;AIMP1;NARS1"
"Aberrant Regulation Of Mitotic G1/S Transition In Cancer Due To RB1 Defects R-HSA-9659787",0.0382158349691691,0.116748375416284,0.321775918075361,0.559452249382183,1.47856331252347,17,"CDKN1C;TFDP1;CDK4;E2F1;CCND1;CCNE2;CCNE1"
"Na+/Cl- Dependent Neurotransmitter Transporters R-HSA-442660",0.0396000705439125,0.12035353133722,0.321775918075361,0.546607034478542,1.49185207701966,19,"SLC6A3;SLC6A20;SLC6A9;SLC6A6;SLC6A18;SLC6A2;SLC6A5;SLC22A1;SLC6A19;SLC6A15"
"Regulation Of Actin Dynamics For Phagocytic Cup Formation R-HSA-2029482",0.0396021902600622,0.12035353133722,0.321775918075361,-0.332395155318769,-1.35671412821417,57,"GRB2;MYO5A;CYFIP2;WASL;ARPC2;ACTR2;WASF1;ABI2;HSP90AB1;BAIAP2;MAPK3;NCKAP1"
"Cyclin A/B1/B2 Associated Events During G2/M Transition R-HSA-69273",0.0404675669567388,0.122664027632504,0.321775918075361,-0.430296893682039,-1.43249886289132,25,"PPP2CA;PPP2R1A;MNAT1;PPME1;PPP2CB;PPP2R2A;CDK7;CDK2"
"Amino Acid Transport Across Plasma Membrane R-HSA-352230",0.0417246175243394,0.125496465595113,0.261663521711573,0.461705615513978,1.44295514861092,33,"SLC36A1;SLC7A7;SLC6A20;SLC6A6;SLC6A18;SLC16A10;SLC38A3;SLC38A4;SLC1A5;SLC6A19;SLC7A8;SLC38A2;SLC6A15;SLC7A9"
"Attenuation Phase R-HSA-3371568",0.0416068866571019,0.125496465595113,0.266350657088526,0.496945038430118,1.45835967692747,25,"HSPA1A;HSPA2;SERPINH1;DNAJB1;HSPA1B;FKBP4;HSP90AA1"
"Cleavage Of Damaged Pyrimidine R-HSA-110329",0.0417227456258412,0.125496465595113,0.257206466468838,0.443883171496548,1.43467545648681,39,"H2AC19;TINF2;H3-4;H2AJ;H2BC17;TDG;POT1;H2AB1;UNG;H2BC21;TERF1;H2AX;SMUG1;H2AC14;H2AC20;H2BC15;H2BC5"
"Base-Excision Repair, AP Site Formation R-HSA-73929",0.0423280423280423,0.125678177245844,0.252961123069611,0.441124716540847,1.43842638562631,41,"H2AC19;TINF2;H3-4;H2AJ;H2BC17;TDG;POT1;H2AB1;UNG;H2BC21;TERF1;H2AX;SMUG1;H2AC14;H2AC20;H2BC15;H2BC5"
"DNA Double-Strand Break Repair R-HSA-5693532",0.0424311926605505,0.125678177245844,0.234392647294686,0.339706023902764,1.33609562988042,144,"XRCC2;SIRT6;TP53BP1;TIPIN;RPS27A;BLM;EME2;H3-4;POLD4;BARD1;PPP4R2;H2BC17;ATM;RNF4;BRCC3;POLL;RAD51;MRE11;POLD1;RAD51D;POLE4;H2BC21;GEN1;EME1;TOPBP1;SLC19A1;UBXN1;H2AX;PAXIP1;KDM4B;UBA52;RFC4;SMARCA5;POLE3;RMI2;POLD2;FEN1;ABL1;H2BC15;TDP1;H2BC5"
"Defective TPR May Confer Susceptibility Towards Thyroid Papillary Carcinoma (TPC) R-HSA-5619107",0.0423131170662905,0.125678177245844,0.261663521711573,0.472427077656364,1.45597197649607,31,"AAAS;RNASE7;NUP214;POM121C;NUP50;NUP62;NUP188;NUP210;NUP35;MAP4K2;NUP133;NUP58"
"MyD88 Dependent Cascade Initiated On Endosome R-HSA-975155",0.0421376050260881,0.125678177245844,0.321775918075361,-0.273518479311543,-1.24265502205216,100,"MEF2C;APP;MAPK10;PPP2CA;PPP2R1A;SKP1;MAPK3;PPP2CB;CREB1;NKIRAS1;S100A12;MAP2K1;JUN;MAP2K4;NDUFA2;MAPK8;RPS6KA5;FOS;IKBIP;MAPK9;HOXC13;TLR4;SAA2;UBE2N;DUSP3;MAP3K1;LY96;NOD2;MAPK11;NFKB1"
"Toll Like Receptor 7/8 (TLR7/8) Cascade R-HSA-168181",0.0421948136325595,0.125678177245844,0.321775918075361,-0.269122616018754,-1.22995265031083,101,"MEF2C;APP;MAPK10;PPP2CA;PPP2R1A;SKP1;MAPK3;PPP2CB;CREB1;NKIRAS1;S100A12;MAP2K1;JUN;MAP2K4;NDUFA2;MAPK8;RPS6KA5;FOS;IKBIP;MAPK9;HOXC13;TLR4;SAA2;UBE2N;DUSP3;MAP3K1;LY96;NOD2;MAPK11;NFKB1"
"YAP1- And WWTR1 (TAZ)-stimulated Gene Expression R-HSA-2032785",0.0422142524666835,0.125678177245844,0.321775918075361,0.589634420248174,1.52858242363134,15,"HIPK2;CCN2;KAT2B;YAP1;NPPA;TEAD2"
"Signaling To ERKs R-HSA-187687",0.0430848141199226,0.127291083741645,0.321775918075361,-0.38295502355509,-1.38874427503848,33,"GRB2;SHC3;YWHAB;MAPK3;RAPGEF1;MAP2K1;SHC2;RALA;KIDINS220;RIT2;MAPK13;MAPK11;MAP2K2;HRAS;MAPK1;BRAF;SOS1"
"SCF(Skp2)-mediated Degradation Of P27/P21 R-HSA-187577",0.0433794882315482,0.127838037288426,0.321775918075361,-0.335544317490969,-1.37134109316725,58,"PSMC5;PSMB7;PSMD2;PSMD7;PSMC4;PSMB5;PSMA1;PSMD8;SKP1;PSMC2;PSMB6;PSMA5;PSMC6;PSMD11;PSMC3;PSMD12;CDK2;SEM1;PSMD3;PSMF1;PSMA3;CDKN1B;PSMC1;PSMB1;PSMA7"
"Cell Recruitment (Pro-Inflammatory Response) R-HSA-9664424",0.0444763271162123,0.130740236132544,0.257206466468838,0.494897366726446,1.45235047749235,25,"RELA;P2RX7;TXNIP;CASP1;HMOX1;IL18;C3AR1;C3;PSTPIP1;NFKB2;MEFV"
"RHO GTPase Effectors R-HSA-195258",0.0449713218406619,0.131863147206162,0.321775918075361,-0.223568000080857,-1.16824005951561,258,"PRKCB;YWHAH;DYNC1H1;PRKCZ;GRB2;YWHAG;CYFIP2;PPP2CA;WASL;ARPC2;KLC1;YWHAB;ACTR2;PPP2R1A;EVL;CALM1;MYL12B;WASF1;PPP1CB;ABI2;YWHAE;PPP2R5B;BAIAP2;CTTN;MAPK3;PPP2CB;H2AZ1;CLIP1;NCKAP1;PAFAH1B1;DYNC1I1;KLKB1;NUP98;NCOA2;RANGAP1;ARHGEF7;PRKCA;DIAPH1;ROCK2;H2AC7;NF2;GOPC;PDZD2;IQGAP2;ARPC1A;ITGB3BP;DYNLL1;CENPQ;PDPK1;CTNNB1;DSN1;BRK1;RHOB"
"FCGR3A-mediated IL10 Synthesis R-HSA-9664323",0.0462945507585024,0.135402858985394,0.321775918075361,-0.374789147962239,-1.39037348090309,36,"PRKAR1B;PRKAR2B;ADCY1;PRKACB;PRKAR1A;CALM1;ITPR1;AHCYL1;CREB1"
"HIV Transcription Initiation R-HSA-167161",0.0465645804485427,0.135852163458623,0.321775918075361,-0.351924013551706,-1.38486278814909,45,"MNAT1;POLR2A;POLR2E;POLR2C;TAF15;CDK7;GTF2A2;TAF6;ERCC3;TAF13;TBP;POLR2K;POLR2H;POLR2G;GTF2H1;GTF2H5;TAF9B;POLR2F;TAF11;TAF7;GTF2A1;GTF2H3"
"Autophagy R-HSA-9612973",0.0473927360110313,0.136669242888708,0.321775918075361,-0.267547015538303,-1.26036782307772,125,"DYNC1H1;ULK1;VCP;GABARAPL2;PINK1;GABARAPL1;WIPI2;MAP1LC3A;ATG4D;VPS28;ATG9A;PARK7;HSP90AB1;TOMM20;VDAC1;HSPA8;EPAS1;CSNK2B;DYNC1I1;LAMTOR3;ATG12;RRAGA;TOMM5;AMBRA1;PLIN2;DYNLL1;SQSTM1;ATG3;LAMTOR5;ATG5;TOMM22;LAMTOR1;UBE2N"
"Gap Junction Assembly R-HSA-190861",0.047112462006079,0.136669242888708,0.257206466468838,0.548451370241468,1.43423462941063,16,"GJC2;GJB4;GJD4;GJD3;GJA4;GJB1;GJA3;GJB3;GJB5"
"RHOU GTPase Cycle R-HSA-9013420",0.0474030411707128,0.136669242888708,0.321775918075361,-0.368929980385365,-1.37996334635054,38,"CLTC;GRB2;PTK2B;PIK3R1;SPTAN1;TXNL1;GIT1;PIK3R2;ARHGEF7;HGS"
"Telomere C-strand (Lagging Strand) Synthesis R-HSA-174417",0.0472878998609179,0.136669242888708,0.245041785430996,0.457299277862185,1.42918414954241,33,"BLM;TINF2;POLD4;POLD1;CTC1;POT1;TERF1;SLC19A1;RFC4;POLD2;FEN1;DSCC1;STN1;LRIG1;PRIM1;POLA2;RFC3"
"Transcriptional Activation Of Mitochondrial Biogenesis R-HSA-2151201",0.0475187726708489,0.136669242888708,0.321775918075361,-0.336132320691223,-1.37160004916168,52,"ATP5F1B;MEF2C;CYCS;CALM1;CRTC1;IDH2;CREB1;NCOA2;SIRT3;TBL1XR1;SSBP1;NR1D1;SIRT4;CARM1"
"Voltage Gated Potassium Channels R-HSA-1296072",0.0475473115791051,0.136669242888708,0.321775918075361,-0.3653448972906,-1.41171922291595,43,"KCNC2;KCNAB2;KCNC1;KCNQ3;KCND2;KCNQ2;KCNA2;KCNV1;KCNB1;KCNH1;KCNA4;KCNS1;KCNQ5;KCNA5"
"Adherens Junctions Interactions R-HSA-418990",0.0487739435852144,0.139623841168266,0.321775918075361,-0.408353783457169,-1.41885871790008,29,"CADM2;CADM3;NECTIN1;CDH10;CTNNB1;CDH8;CDH2;CADM1;CDH11;NECTIN3"
"Fanconi Anemia Pathway R-HSA-6783310",0.0488145048814505,0.139623841168266,0.241339976815091,0.453514129709262,1.42569985189751,35,"FANCC;RPS27A;EME2;FANCE;FAAP20;FANCL;FANCA;EME1;UBA52;FANCF;FANCI;UBE2T;FANCG;FANCB"
"Defective C1GALT1C1 Causes TNPS R-HSA-5083632",0.0494752623688156,0.140480854463279,0.248911114434702,0.535337191972301,1.44512368533583,18,"MUC5B;MUC5AC;MUC17;MUC21;MUCL1;MUC13;MUC20;MUC2;MUC19"
"Oncogenic MAPK Signaling R-HSA-6802957",0.0492520933332967,0.140480854463279,0.321775918075361,-0.296407119505647,-1.29591293842322,77,"PEBP1;CAMK2A;CAMK2G;YWHAB;CALM1;PPP1CB;CAMK2D;CNKSR2;MAPK3;SPRED1;MAP2K1;NF1;ARRB1;TLN1;AGTRAP;PAPSS1;TRAK1;MRAS;CAMK2B;PPP1CC;VWF;SPRED3;MAP2K2;ESRP1;HRAS;MAPK1;SND1;BRAF;FAM131B"
"Regulation Of mRNA Stability By Proteins That Bind AU-rich Elements R-HSA-450531",0.0494671946717288,0.140480854463279,0.321775918075361,-0.292381717943218,-1.31570785391524,87,"HNRNPD;PSMC5;YWHAB;PSMB7;PSMD2;PSMD7;PSMC4;PSMB5;PSMA1;PSMD8;HSPA8;PSMC2;PSMB6;PSMA5;PSMC6;PRKCA;AKT1;PSMD11;PSMC3;PSMD12;ZFP36;SEM1;PSMD3;PSMF1;PSMA3;PSMC1;PSMB1;MAPK11;PSMA7"
"Defective GALNT3 Causes HFTC R-HSA-5083625",0.0502283105022831,0.142272908631467,0.248911114434702,0.542949938658876,1.43494974007955,17,"MUC5B;MUC5AC;MUC17;MUC21;MUCL1;MUC13;MUC20;MUC2;MUC19"
"Oncogene Induced Senescence R-HSA-2559585",0.050561797752809,0.1428707457083,0.237793834423688,0.456999118711675,1.42496544323226,32,"RPS27A;DAND5;TFDP1;CDK4;E2F1;ETS1;UBA52;CDKN2C;MDM2;CDK6;AGO3"
"cGMP Effects R-HSA-418457",0.051458093500377,0.145052162113382,0.321775918075361,-0.528940467616584,-1.503950432583,15,"PDE2A;ITPR1;PDE1B;PDE1A;KCNMB1;KCNMA1;PDE11A"
"Toll-like Receptor Cascades R-HSA-168898",0.0516048650259547,0.145115367434432,0.321775918075361,-0.241346189675802,-1.20222363388323,160,"DNM1;MEF2C;APP;CTSB;MAPK10;PPP2CA;PPP2R1A;RBSN;PTPN4;SKP1;UBE2D2;MAPK3;PPP2CB;CREB1;NKIRAS1;S100A12;MAP2K1;JUN;MAP2K4;NDUFA2;UBE2D1;MAPK8;CTSS;RPS6KA5;LGMN;FOS;IKBIP;MAPK9;UBE2D3;HOXC13;GSDME;TLR4;SAA2;UBE2N;CD180;DUSP3;MAP3K1;LY96;NOD2;MAPK11;NFKB1;CTSV;DNM3;EEA1;PIK3R4"
"FCERI Mediated MAPK Activation R-HSA-2871796",0.0523168987457704,0.146763992394986,0.321775918075361,-0.403383458368,-1.40158891566178,29,"GRB2;MAPK10;MAPK3;JUN;MAP2K4;MAPK8;FOS;MAPK9;VAV3;MAP3K1;HRAS;MAPK1;SOS1;MAP2K7;PLCG1"
"Interleukin-1 Family Signaling R-HSA-446652",0.0526730011912111,0.147196663449038,0.321775918075361,-0.256094105913274,-1.24680713399959,151,"APP;TOLLIP;PSMC5;RBX1;PSMB7;PSMD2;PSMD7;PSMC4;PSMB5;PSMA1;PSMD8;PTPN4;SKP1;PSMC2;PSMB6;NKIRAS1;S100A12;MAP2K1;PSMA5;MAP2K4;PSMC6;MAPK8;PSMD11;CTSG;PSMC3;PSMD12;ALOX5;IKBIP;PTPN5;HOXC13;SQSTM1;SEM1;PSMD3;SAA2;PSMF1;PTPN23;UBE2N;PTPN2;PSMA3;PSMC1;NOD2;PSMB1;NFKB1;PSMA7"
"Nucleotide Excision Repair R-HSA-5696398",0.0527233978763478,0.147196663449038,0.321775918075361,-0.274045074003407,-1.24772535519157,103,"PRPF19;RAD23B;UBE2V2;DDB1;RBX1;YY1;GPS1;MNAT1;PARP1;POLR2A;POLR2E;COPS4;POLR2C;INO80C;SUMO1;CDK7;POLK;COPS5;COPS7A;ERCC3;COPS8;POLR2K;CUL4B;CETN2;XRCC1;UBE2N;POLR2H;POLR2G;GTF2H1"
"Phase 2 - Plateau Phase R-HSA-5576893",0.0530854986647133,0.147501849861239,0.321775918075361,0.579181127034402,1.50148305540092,15,"KCNE1;KCNQ1;CACNG6;KCNE3;AKAP9"
"Transcription Of HIV Genome R-HSA-167172",0.0530299049596175,0.147501849861239,0.321775918075361,-0.317340158336512,-1.34677459780107,68,"SUPT4H1;RNGTT;MNAT1;RNMT;POLR2A;POLR2E;POLR2C;TAF15;CDK7;GTF2A2;TAF6;ERCC3;CDK9;TAF13;SSRP1;TBP;POLR2K;POLR2H;POLR2G;GTF2H1;ELOA;NELFE;NELFA;GTF2H5;NCBP2;TAF9B;NELFB;POLR2F"
"Initial Triggering Of Complement R-HSA-166663",0.0534124629080119,0.147906859874902,0.237793834423688,0.524795227596424,1.45029527349465,20,"C4B;MASP2;MASP1;GZMM;C1QC;C1S;C3;FCN1;COLEC11;C1QB;C1R;FCN3;PIKFYVE"
"RNA Polymerase II Pre-transcription Events R-HSA-674695",0.0534847428168027,0.147906859874902,0.321775918075361,-0.302377020635237,-1.32298060465856,78,"SUPT4H1;MNAT1;POLR2A;POLR2E;SUPT6H;POLR2C;LEO1;TAF15;DMAP1;CDK7;GTF2A2;TAF6;ERCC3;CDK9;TAF13;SSRP1;TBP;POLR2K;POLR2H;POLR2G;GTF2H1;ELOA;NELFE;NELFA;GTF2H5;NCBP2;TAF9B;NELFB;POLR2F"
"G1/S-Specific Transcription R-HSA-69205",0.0552407932011331,0.152401904647098,0.227987202850442,0.472089752739799,1.43016703900979,29,"E2F6;TFDP1;DHFR;SLC25A15;E2F1;CDT1;LIN37;CCNE1;RBBP4;TYMS;E2F4;CDC6;RRM2;CCNA1;E2F5;RBL1;CDK1;TK1"
"TRAF6 Mediated Induction Of NFkB And MAP Kinases Upon TLR7/8 Or 9 Activation R-HSA-975138",0.0565279707575337,0.155585240268967,0.321775918075361,-0.276433406985948,-1.2503621695784,99,"MEF2C;APP;MAPK10;PPP2CA;PPP2R1A;SKP1;MAPK3;PPP2CB;CREB1;NKIRAS1;S100A12;MAP2K1;JUN;MAP2K4;NDUFA2;MAPK8;RPS6KA5;FOS;IKBIP;MAPK9;HOXC13;TLR4;SAA2;UBE2N;DUSP3;MAP3K1;LY96;NOD2;MAPK11;NFKB1"
"MyD88 Cascade Initiated On Plasma Membrane R-HSA-975871",0.0584532708380358,0.160505804865854,0.321775918075361,-0.271229681698445,-1.22232672563333,95,"MEF2C;APP;MAPK10;PPP2CA;PPP2R1A;SKP1;MAPK3;PPP2CB;CREB1;NKIRAS1;S100A12;MAP2K1;JUN;MAP2K4;MAPK8;RPS6KA5;FOS;IKBIP;MAPK9;HOXC13;SAA2;UBE2N;DUSP3;MAP3K1;NOD2;MAPK11;NFKB1"
"O-linked Glycosylation R-HSA-5173105",0.0588235294117647,0.161143330571665,0.20207170902116,0.3486565211495,1.32072656722249,105,"GALNTL5;MUC5B;B3GNT6;MUC5AC;B3GNT9;MUC17;MUC21;ADAMTSL5;POFUT2;POMT1;GALNT5;MUCL1;GALNT2;B3GNT5;GALNT8;ADAMTSL1;ADAMTS7;POMGNT2;ADAMTS3;MUC13;ADAMTS14;ST3GAL1;B3GNT7;SBSPON;GALNT14;MUC20;THSD7A;THBS2;ST6GAL1;A4GNT;ST6GALNAC4;B3GNT3;ADAMTS19;MUC2;MUC19;ADAMTS12;SEMA5A"
"Transport Of Bile Salts And Organic Acids, Metal Ions And Amine Compounds R-HSA-425366",0.058968058968059,0.161160948046194,0.204294756516886,0.360675094191188,1.32797930771714,86,"SLC6A3;SLC13A2;SLC6A20;SLC39A2;SLC6A9;SLC39A4;SLC6A6;SLC16A3;SLC6A18;SLC6A2;SLC44A1;SLC11A1;SLC13A5;SLC44A2;SLC10A6;SLC47A2;SLC6A5;SLC13A4;SLC22A1;SLC22A11;SLC30A6;SLC5A11;SLC6A19;SLC6A15;RHBG;SLC22A18"
"Cyclin A:Cdk2-associated Events At S Phase Entry R-HSA-69656",0.0593003892752277,0.161690547392969,0.321775918075361,-0.283458114296938,-1.26193279825597,83,"PSMC5;PSMB7;PSMD2;PSMD7;PSMC4;PSMB5;PSMA1;PSMD8;SKP1;MNAT1;CABLES1;PSMC2;PSMB6;PSMA5;CDK7;PSMC6;AKT1;PSMD11;PSMC3;PSMD12;CDK2;LIN52;SEM1;PSMD3;PSMF1;PSMA3;CDKN1B;PSMC1;PSMB1;PSMA7"
"NCAM Signaling For Neurite Out-Growth R-HSA-375165",0.0605875438139668,0.164815066738693,0.321775918075361,-0.315599588869521,-1.28816083575959,57,"SPTBN2;GRB2;PRNP;SPTAN1;PTPRA;GFRA2;MAPK3;CREB1;CACNB3;GFRA1;RPS6KA5;SPTBN4;CACNB1"
"Gap Junction Trafficking And Regulation R-HSA-157858",0.0610784935884286,0.165764190738828,0.321775918075361,-0.413459341963317,-1.39843192912038,27,"DNM1;CLTC;AP2M1;CLTB;CLTA;GJB6"
"Polymerase Switching On C-strand Of Telomere R-HSA-174411",0.0616929698708752,0.167043377817428,0.216542836735348,0.475990807824169,1.39686634745729,25,"TINF2;POLD4;POLD1;CTC1;POT1;TERF1;SLC19A1;RFC4;POLD2;DSCC1;STN1"
"Interleukin-17 Signaling R-HSA-448424",0.062160758295454,0.167829860670507,0.321775918075361,-0.309871992717851,-1.31508010379153,68,"MEF2C;MAPK10;PPP2CA;PPP2R1A;SKP1;MAPK3;PPP2CB;CREB1;MAP2K1;JUN;MAP2K4;MAPK8;RPS6KA5;FOS;MAPK9"
"Telomere Maintenance R-HSA-157579",0.0622710622710623,0.167829860670507,0.197822021315103,0.356927784195077,1.3202346779012,89,"H2AC19;BLM;TINF2;H3-4;POLD4;H2AJ;H2BC17;POLD1;CTC1;POT1;H2AB1;DKC1;POLR2L;H2BC21;TERF1;POLR2J;SLC19A1;H2AX;WRAP53;ATRX;RFC4;TERT;H2AC14;SHQ1;POLD2;FEN1;H2AC20;DSCC1;STN1;H2BC15;H2BC5"
"Separation Of Sister Chromatids R-HSA-2467813",0.0633711891584489,0.170401331216382,0.287805130535564,-0.237224719883753,-1.19752291637206,167,"DYNC1H1;PPP2CA;PSMC5;PPP2R1A;PSMB7;PSMD2;PSMD7;PSMC4;PSMB5;PPP2R5B;PSMA1;PSMD8;PPP2CB;PSMC2;ANAPC11;CLIP1;PSMB6;PAFAH1B1;DYNC1I1;NUP98;PSMA5;RANGAP1;UBE2D1;PSMC6;PSMD11;PSMC3;PSMD12;ITGB3BP;DYNLL1;CENPQ;UBE2E1;DSN1;SEM1;PSMD3;PSMF1;CENPT;PSMA3;SEH1L;PPP1CC;ESPL1;BUB1B;PSMC1;PSMB1;PSMA7;CDC16;PDS5B;ANAPC15"
"Defective GALNT12 Causes CRCS1 R-HSA-5083636",0.0639269406392694,0.171500551094316,0.219250346703755,0.529240708151667,1.39871793424934,17,"MUC5B;MUC5AC;MUC17;MUC21;MUCL1;MUC13;MUC20;MUC2;MUC19"
"Presynaptic Phase Of Homologous DNA Pairing And Strand Exchange R-HSA-5693616",0.0646029609690444,0.172745825557947,0.204294756516886,0.429427447543547,1.38795308967305,39,"XRCC2;BLM;BARD1;ATM;RAD51;MRE11;RAD51D;TOPBP1;RFC4;RMI2"
"SLC-mediated Transmembrane Transport R-HSA-425407",0.0646871686108165,0.172745825557947,0.179782316298324,0.300262232510185,1.24740489073385,247,"SLC36A1;SLC50A1;FGF21;SLC6A3;SLC5A10;SLC34A3;SLC24A4;SLC13A2;SLCO2B1;SLC7A7;SLC6A20;SLC4A1;SLC39A2;SLC6A9;SLC26A9;APOD;SLC39A4;SLC6A6;SLC2A10;SLC12A4;SLC34A1;SLC5A12;SLC16A3;SLC6A18;SLC25A22;SLC16A10;SLC6A2;SLC38A3;SLC32A1;SLC44A1;SLC11A1;SLC4A5;SLC13A5;SLC44A2;SLC26A6;SLC10A6;SLC47A2;SLC6A5;SLC29A4;SLC13A4;SLC45A3;SLCO1B3;SLC26A1;CTNS;SLC22A1;SLC2A2;SLC22A11;SLC17A6;SLC30A6;SLC12A2;SLC2A11;SLC5A11;SLC38A4;SLC1A5;SLC9A9;SLC25A10;SLCO3A1;LCN1;SLC6A19;SLC7A8;SLC8B1;AHCYL2;SLC38A2;SLC6A15;RHBG;SLC22A18;SLC7A9"
"Toll Like Receptor 4 (TLR4) Cascade R-HSA-166016",0.0669299902987827,0.178327165933058,0.287805130535564,-0.248645279820105,-1.19344534673183,138,"DNM1;MEF2C;APP;MAPK10;PPP2CA;PPP2R1A;PTPN4;SKP1;UBE2D2;MAPK3;PPP2CB;CREB1;NKIRAS1;S100A12;MAP2K1;JUN;MAP2K4;NDUFA2;UBE2D1;MAPK8;RPS6KA5;FOS;IKBIP;MAPK9;UBE2D3;HOXC13;TLR4;SAA2;UBE2N;CD180;DUSP3;MAP3K1;LY96;NOD2;MAPK11;NFKB1"
"Termination Of O-glycan Biosynthesis R-HSA-977068",0.0675287356321839,0.179512607022229,0.206587922696891,0.481549611976367,1.40236046332135,24,"MUC5B;MUC5AC;MUC17;MUC21;MUCL1;MUC13;ST3GAL1;MUC20;ST6GAL1;ST6GALNAC4;MUC2;MUC19"
"Surfactant Metabolism R-HSA-5683826",0.0714285714285714,0.189448051948052,0.197822021315103,0.467964735436857,1.40472509251796,27,"NAPSA;GATA6;SLC34A1;SFTPC;ADRA2C;CSF2RA;SFTPD;ADA2;ADGRF5;ADORA2A;PGA3;SFTPB;ADORA2B;ZDHHC2;ADRA2A;CCDC59;SFTPA2"
"RHO GTPases Activate PAKs R-HSA-5627123",0.0739644970414201,0.195729179245663,0.287857117255149,-0.448539106094997,-1.4492831927787,21,"CALM1;MYL12B;PPP1CB;CTTN;ARHGEF7;NF2;MYH9;MYH11"
"Regulation Of Signaling By CBL R-HSA-912631",0.0746268656716418,0.197035186060647,0.287857117255149,-0.469989894051506,-1.43857430514209,18,"GRB2;PIK3R1;CLSTN1;PIK3R2;RAPGEF1"
"Activated PKN1 Stimulates Transcription Of Androgen Receptor Regulated KLK2 And KLK3 R-HSA-5625886",0.0751043115438109,0.19784815253189,0.191892240384838,0.440519864447251,1.37674393620258,33,"H2AC19;KLK2;H2AJ;KDM1A;H2BC17;PKN1;H2AB1;H2BC21;H2AX;H2AC14;H3C13;H2AC20;H2BC15;H2BC5"
"Transport Of SLBP Dependant Mature mRNA R-HSA-159230",0.0753138075313808,0.197953183308832,0.191892240384838,0.435144286471829,1.36795108274719,35,"AAAS;RNASE7;NUP214;POM121C;NUP50;NUP62;NUP188;NUP210;NUP35;NUP133;NUP58"
"ABC-family Proteins Mediated Transport R-HSA-382556",0.0761083480753668,0.199592004952703,0.287805130535564,-0.256833659437542,-1.17378927415086,101,"VCP;PSMC5;PSMB7;PSMD2;PSMD7;PSMC4;PSMB5;OS9;PSMA1;PSMD8;ERLEC1;PSMC2;PEX19;PSMB6;PSMA5;ABCD3;PSMC6;PSMD11;PSMC3;PSMD12;ABCA3;ABCA6;ABCA4;SEM1;PSMD3;SEL1L;PSMF1;RNF5;PSMA3;ABCD2;PSMC1;PSMB1;PSMA7"
"Assembly Of Pre-Replicative Complex R-HSA-68867",0.0770037404056652,0.201487365590608,0.287805130535564,-0.261333779683656,-1.20888172788192,106,"PSMC5;PSMB7;PSMD2;PSMD7;PSMC4;PSMB5;PSMA1;PSMD8;KPNB1;H2AZ1;PSMC2;ANAPC11;PSMB6;ORC4;PSMA5;UBE2D1;PSMC6;H2AC7;KPNA1;PSMD11;PSMC3;PSMD12;UBE2E1;SLC25A2;SEM1;PSMD3;PSMF1;PSMA3;PSMC1;PSMB1;PSMA7;CDC16;H2BC14;ANAPC15;H2BC11;ANAPC5;H2AC4;PSMA6;ANAPC4;KPNA6;PSMB2"
"Diseases Of DNA Repair R-HSA-9675135",0.0772303595206391,0.201628254050528,0.184706471207739,0.40796421731999,1.36586972428786,50,"XRCC2;BLM;BARD1;ATM;RAD51;MRE11;RAD51D;MLH1;MSH3;TOPBP1;RFC4;RMI2"
"Digestion And Absorption R-HSA-8963743",0.0774748923959828,0.201815177290428,0.191892240384838,0.468998394451497,1.37634606268027,25,"AMY1A;CEL;NPC1L1;PMEL;LIPF;SLC2A2;GUCY2C;TREH;SLC2A5;CHIT1;GUCA2B;RSC1A1;PNLIPRP3"
"Activation Of HOX Genes During Differentiation R-HSA-5619507",0.078239608801956,0.203092369477912,0.175204047558551,0.350315528563826,1.29634957914394,88,"HOXB3;H2AC19;H2AJ;H2BC17;HOXD4;AJUBA;HOXB1;HOXD1;PKNOX1;HOXA1;PIAS2;H2AB1;POLR2L;H2BC21;HOXC4;ZNF335;POLR2J;H2AX;PAXIP1;PAX6;HOXA4;RBBP5;H2AC14;WDR5;H3C13;H2AC20;RXRA;RBBP4;H2BC15;H2BC5;EZH2"
"ERK/MAPK Targets R-HSA-198753",0.0783132530120482,0.203092369477912,0.282013350011725,-0.423070704538775,-1.38350938226167,22,"MEF2C;PPP2CA;PPP2R1A;MAPK3;PPP2CB"
"Initiation Of Nuclear Envelope (NE) Reformation R-HSA-2995383",0.0787878787878788,0.203870187462205,0.282013350011725,-0.453552474627388,-1.41743740567253,19,"PPP2CA;PPP2R1A;KPNB1;PPP2R2A;VRK1;TMPO"
"Chromosome Maintenance R-HSA-73886",0.0793838862559242,0.204957856978534,0.170932335370056,0.336216186506913,1.28499915919327,114,"RSF1;H2AC19;BLM;TINF2;H3-4;POLD4;H2AJ;H2BC17;POLD1;CTC1;POT1;H2AB1;DKC1;POLR2L;H2BC21;TERF1;CENPL;NPM1;POLR2J;SLC19A1;H2AX;WRAP53;CENPP;ATRX;RFC4;TERT;SMARCA5;H2AC14;SHQ1;POLD2;FEN1;H2AC20;DSCC1;RBBP4;STN1;H2BC15;H2BC5"
"Cooperation Of PDCL (PhLP1) And TRiC/CCT In G-protein Beta Folding R-HSA-6814122",0.0800057412371444,0.204957856978534,0.287805130535564,-0.356115355472549,-1.33116625678624,37,"GNB1;GNG3;GNB5;GNB2;RGS7;CSNK2B;CCT2;GNG2;CCT7;GNG4;GNG7;GNGT1;CCT6B;RGS11;GNAQ"
"Defective Homologous Recombination Repair (HRR) Due To BRCA2 Loss Of Function R-HSA-9701190",0.08,0.204957856978534,0.181383128498408,0.423370530273253,1.37501897687179,40,"XRCC2;BLM;BARD1;ATM;RAD51;MRE11;RAD51D;TOPBP1;RFC4;RMI2"
"Interferon Alpha/Beta Signaling R-HSA-909733",0.079746835443038,0.204957856978534,0.176694268938498,0.374553972986745,1.32175056796096,67,"IFNA14;USP18;IFITM3;HLA-C;IFNA4;PTPN11;IRF4;XAF1;HLA-G;ISG20;PTPN6;IFNA8;GBP2;SOCS1;IFNA6;IFNA5;IRF1;ISG15;TYK2;BST2;RSAD2;IRF3;PSMB8;OAS1;STAT2;IFI35;IRF6;OAS2"
"Signaling By Erythropoietin R-HSA-9006335",0.0800863605674477,0.204957856978534,0.287805130535564,-0.421884594116438,-1.38432889177355,24,"GRB2;PIK3R1;CLSTN1;RAPGEF1"
"PI3K Events In ERBB2 Signaling R-HSA-1963642",0.0813953488372093,0.207852017709022,0.271288554688953,-0.495345343994923,-1.45374454910433,16,"GRB2;PIK3R1;NRG3;EGFR"
"Receptor-type Tyrosine-Protein Phosphatases R-HSA-388844",0.0820485862356955,0.208153695950123,0.287805130535564,-0.446252507086962,-1.41686665398704,20,"PPFIA2;LRRC4B;SLITRK2;SLITRK4;PTPRS;NTRK3;PPFIA3;SLITRK5;PPFIBP1;SLITRK3"
"Transcriptional Regulation By TP53 R-HSA-3700989",0.0817860372909678,0.208153695950123,0.287805130535564,-0.212196524250675,-1.14602242184459,351,"COX8A;COX6C;YWHAH;PRDX2;COX7C;YWHAG;CYCS;PPP2CA;PRDX5;COX6B1;YWHAB;COX7B;PPP2R1A;RBBP7;COX6A1;COX4I1;COX5B;PLK2;MEAF6;COX14;SUPT4H1;YWHAE;CDK5R1;COX5A;BNIP3L;SMYD2;MNAT1;PTEN;PPP2CB;POLR2A;POLR2E;SESN3;HIPK1;NUAK1;POLR2C;EXO1;CSNK2B;LAMTOR3;FASN;JUN;MTA2;RRAGA;TAF15;CDK7;CHD3;GATAD2B;CNOT7;TAF6;STK11;AKT1;PDZD2;PIP4P1;CDK2;ZNF385A;FOS;GSR;TNKS1BP1;ERCC3;CDK9;PDPK1;TAF13;GNPDA1;SSRP1;PIP4K2B;TBP;LAMTOR5;POLR2K;CNOT6L;UBL4A;KAT5;MAPKAPK5;PRDX1;TNRC6A;LAMTOR1;POLR2H;COX7A2L;POLR2G;GTF2H1;TTC5;CDKN1B;ELOA;DYRK2;CARM1;POLR1A"
"Transport Of SLBP Independent Mature mRNA R-HSA-159227",0.0819444444444444,0.208153695950123,0.183023938384487,0.437374503456548,1.36768960042918,34,"AAAS;RNASE7;NUP214;POM121C;NUP50;NUP62;NUP188;NUP210;NUP35;NUP133;NUP58"
"Cleavage Of Damaged Purine R-HSA-110331",0.0833333333333333,0.210043196544276,0.181383128498408,0.435906605348043,1.36309941750441,34,"H2AC19;TINF2;H3-4;H2AJ;H2BC17;POT1;H2AB1;H2BC21;TERF1;H2AX;H2AC14;H2AC20;H2BC15;H2BC5"
"SUMOylation Of SUMOylation Proteins R-HSA-4085377",0.0833333333333333,0.210043196544276,0.181383128498408,0.435145259821839,1.36071865605103,34,"AAAS;RNASE7;NUP214;POM121C;NUP50;NUP62;NUP188;TOPORS;NUP210;NUP35;NUP133;NUP58"
"Spry Regulation Of FGF Signaling R-HSA-1295596",0.0833333333333333,0.210043196544276,0.271288554688953,-0.508322779111918,-1.44532761310924,15,"GRB2;PPP2CA;PPP2R1A;MAPK3;PPP2CB"
"Acyl Chain Remodelling Of PC R-HSA-1482788",0.0854341736694678,0.213516114167999,0.179782316298324,0.454726515377943,1.36498692746227,27,"PLAAT3;PLA2G3;TMEM86B;PLBD1;PLA2G12A;PLA2G5;PLA2G4E;PLA2G2D;PNPLA8;LPCAT2;PLA2G4D;PLA2G2A;PLA2G4C;PLB1;PLA2R1"
"Biological Oxidations R-HSA-211859",0.0849673202614379,0.213516114167999,0.157402899305283,0.304058891587425,1.24049379807955,200,"AURKAIP1;ACSM5;CHAC1;SULT1A4;CYP11B1;CES1;AKR7A3;AOC1;ACSM2B;CYP2W1;GGCT;ACSM4;UGT2B10;AKR7L;UGT2A3;CYP26C1;AHRR;CYP4F22;CYP7B1;SULT1B1;GSTA1;SLC38A3;CYP2A7;ALDH1A1;GGT1;CYP2A13;CYP27B1;SULT6B1;MAT2A;CYP2B6;ADH1B;SLC26A1;SULT1A2;ACY1;MGST1;GLYATL2;N6AMT1;GSTZ1;CBR3;CYP8B1;GSTM5;DPEP1;CYP4F12;AADAC;SULT2B1;GSTM4;CYP4F2;CYP2R1;ABHD14B;NNMT;CHAC2;CYP4A22;DPEP2;AOC3;TRMT112;ESD;RXRA;CYP1B1;PTGES3;CYP27A1;UGT2B7;CES3;CYP2C19;MTARC1;DPEP3;BPNT2;UGT2B11;CYP26A1;CES2;SLC35B2;CYP4F8;EPHX1;PTGS1;ACY3;GSTM2;COMT;CYP26B1;CYP2J2;CYP4F11;GSTT1;CYP2C18"
"Packaging Of Telomere Ends R-HSA-171306",0.0853146853146853,0.213516114167999,0.179782316298324,0.448180839239946,1.37068288384512,30,"H2AC19;TINF2;H3-4;H2AJ;H2BC17;POT1;H2AB1;H2BC21;TERF1;H2AX;H2AC14;H2AC20;H2BC15;H2BC5"
"Signaling By NTRK2 (TRKB) R-HSA-9006115",0.0854430379746835,0.213516114167999,0.276500599254472,-0.412348274224383,-1.34253279850611,23,"GRB2;PIK3R1;CDK5R1;NTRK2;GRIN2B;DOCK3"
"RAC3 GTPase Cycle R-HSA-9013423",0.0857961296584982,0.213940348956127,0.287805130535564,-0.26910413729863,-1.21299743147535,92,"PGRMC2;PIK3R1;ABR;RAB7A;ARHGAP26;WASF1;TFRC;ABI2;BAIAP2;OCRL;GIT1;ARHGAP32;PIK3R2;LMAN1;NCKAP1;YKT6;RAPGEF1"
"RHOF GTPase Cycle R-HSA-9035034",0.0888952680412715,0.221195688281799,0.287805130535564,-0.3457066452622,-1.30871837355924,40,"PIK3R1;ACTN1;RAB7A;ARHGAP32;FARP1;PIK3R2;FAM169A;TMPO;DIAPH1;AKAP12;MCAM;ARHGAP12;CAPZB;ARHGAP1;LMNB1"
"Processive Synthesis On C-strand Of Telomere R-HSA-174414",0.0892857142857143,0.22169452887538,0.181383128498408,0.498986686372539,1.36188207892384,19,"BLM;TINF2;POLD4;POLD1;POT1;TERF1;POLD2;FEN1"
"RHO GTPases Activate ROCKs R-HSA-5627117",0.0895522388059701,0.22188420952562,0.261663521711573,-0.446085015663268,-1.36540476628155,18,"MYL12B;PPP1CB;ROCK2;RHOB;MYH9;MYH11;VPS72"
"SUMOylation Of DNA Damage Response And Repair Proteins R-HSA-3108214",0.0903387703889586,0.223358781872701,0.16440575583821,0.360607674579187,1.2937795403349,74,"BLM;AAAS;RNASE7;CBX2;NUP214;RAD21;PHC3;POM121C;NUP50;PIAS2;TDG;NUP62;SP100;NUP188;XPC;CBX8;NUP210;NUP35;NUP133;STAG2;NUP58;PHC1;HDAC7;PIAS1"
"Adrenaline,noradrenaline Inhibits Insulin Secretion R-HSA-400042",0.0915254237288136,0.225814311821407,0.276500599254472,-0.400850543392465,-1.38416632907961,28,"GNB1;GNG3;GNB5;GNB2;CACNB3;GNG2;GNG4;GNG7;GNGT1;GNAI2"
"Synthesis Of Leukotrienes (LT) And Eoxins (EX) R-HSA-2142691",0.0919881305637982,0.226477106261503,0.178219874951973,0.493753443835251,1.36450990445488,20,"ALOX15;ABCC1;CYP4F22;GGT1;DPEP1;CYP4F2;CYP4A22;DPEP2;ALOX5AP;DPEP3;CYP4F8;CYP4F11"
"CTNNB1 S33 Mutants Not Phosphorylated R-HSA-5358747",0.0922619047619048,0.226672932330827,0.257206466468838,-0.493913588715944,-1.40435758064633,15,"PPP2CA;PPP2R1A;GSK3B;PPP2R5B;PPP2CB"
"Metabolism Of Porphyrins R-HSA-189445",0.0924608819345661,0.226684557179913,0.173747838999571,0.45325918225202,1.34660368663788,26,"SLCO2B1;HMOX1;ABCC1;GSTA1;ALAS2;SLCO1B3;CPOX;BLVRB;ALB;ALAD;HMBS;COX10"
"TP53 Regulates Transcription Of Cell Death Genes R-HSA-5633008",0.0941644562334217,0.230377191665415,0.165656695205483,0.410513806988791,1.34833509269994,44,"NDRG1;CASP1;CASP6;ATM;PIDD1;CRADD;TMEM219;PERP;TP53AIP1;IGFBP3;STEAP3;TP53I3;TNFRSF10D;TNFRSF10A;BID;NLRC4;TP73;TNFRSF10C;APAF1"
"Acyl Chain Remodelling Of PE R-HSA-1482839",0.0949008498583569,0.231693079047495,0.170932335370056,0.442273130929535,1.3398394064353,29,"PLAAT3;PLA2G3;PLBD1;PLAAT5;PLA2G12A;ABHD4;PLA2G5;PLA2G4E;PLA2G2D;PNPLA8;PLA2G4D;PLA2G2A;PLA2G4C"
"Extension Of Telomeres R-HSA-180786",0.0958721704394141,0.233575830694773,0.16440575583821,0.394875377452059,1.32204811115938,50,"BLM;TINF2;POLD4;POLD1;CTC1;POT1;DKC1;TERF1;SLC19A1;WRAP53;RFC4;TERT;SHQ1;POLD2;FEN1;DSCC1;STN1"
"G Beta:Gamma Signaling Thru CDC42 R-HSA-8964616",0.0975609756097561,0.236933147089397,0.252961123069611,-0.427587482100558,-1.35760457460578,20,"GNB1;GNG3;GNB5;GNB2;GNG2;GNG4;GNG7;GNGT1"
"Inositol Phosphate Metabolism R-HSA-1483249",0.09765625,0.236933147089397,0.287857117255149,-0.319444774484147,-1.278185012906,48,"PLCB1;CALM1;SYNJ1;ITPKA;INPP5A;IMPA1;OCRL;PTEN;NUDT3;IP6K1"
"Late Phase Of HIV Life Cycle R-HSA-162599",0.0981796927949556,0.237708924256666,0.287805130535564,-0.235959221461596,-1.12686112327949,131,"PPIA;VPS28;SUPT4H1;FURIN;RNGTT;VTA1;MNAT1;RNMT;NMT2;POLR2A;POLR2E;POLR2C;NUP98;TAF15;RANGAP1;CDK7;NUP88;GTF2A2;TAF6;PDCD6IP;ERCC3;CDK9;TAF13;SSRP1;SGIP1;NEDD4L;TBP;POLR2K;RANBP1;POLR2H;TPR;POLR2G;GTF2H1;NUP54;ELOA;SEH1L;NELFE;VPS37B;NELFA;GTF2H5;NCBP2;RAN;TAF9B"
"Negative Regulation Of MAPK Pathway R-HSA-5675221",0.0984409322693606,0.237847966787461,0.287805130535564,-0.340135703935196,-1.28762883602043,40,"PEBP1;PPP2CA;YWHAB;PPP2R1A;PPP2R5B;MAPK3;PPP2CB;MAP2K1;PAQR3"
"Signaling By NTRK3 (TRKC) R-HSA-9034015",0.0988372093023256,0.238312031520277,0.245041785430996,-0.477605498500427,-1.40168147028019,16,"GRB2;PIK3R1;PTPRU;PTPRS;NTRK3;NELFB;HRAS;SOS1;PLCG1"
"Mitophagy R-HSA-5205647",0.100694444444444,0.242289518900344,0.266350657088526,-0.402609925284144,-1.36173625156128,27,"ULK1;PINK1;MAP1LC3A;TOMM20;VDAC1;CSNK2B;ATG12;TOMM5;SQSTM1;ATG5;TOMM22"
"Formation Of HIV-1 Elongation Complex Containing HIV-1 Tat R-HSA-167200",0.102880658436214,0.247040593405477,0.287857117255149,-0.335568655955817,-1.28421415253346,42,"SUPT4H1;MNAT1;POLR2A;POLR2E;POLR2C;CDK7;ERCC3;CDK9;SSRP1;POLR2K;POLR2H;POLR2G;GTF2H1;ELOA;NELFE;NELFA;GTF2H5;NCBP2;NELFB;POLR2F"
"Activated Point Mutants Of FGFR2 R-HSA-2033519",0.105022831050228,0.248955159828434,0.16823816568964,0.51213832763735,1.35351845133867,17,"FGF1;FGF18;FGF3;FGFR2;FGF23;FGF17;FGF6;FGF9;FGF16;FGF22;FGF4"
"Bile Acid And Bile Salt Metabolism R-HSA-194068",0.106241699867198,0.248955159828434,0.155241966228839,0.402327007518315,1.32329810066743,45,"HSD3B7;ABCC3;BAAT;AKR1C1;CYP7B1;SYCP2;OSBPL9;ACOX2;SLCO1B3;STARD5;SLC27A5;CYP8B1;SLC10A2;RXRA;CYP27A1;SLCO1A2;ALB;AMACR;AKR1C2"
"COPI-dependent Golgi-to-ER Retrograde Traffic R-HSA-6811434",0.105994276206554,0.248955159828434,0.287805130535564,-0.282119466260714,-1.23434836838939,78,"ARF3;ARF5;NSF;KLC1;KIFC2;KIF21A;KIF1A;PTGES2;KIF3C;KIFAP3;KDELR1;KIF3A;TMED9;COPA"
"Cyclin E Associated Events During G1/S Transition R-HSA-69202",0.104555733535895,0.248955159828434,0.287805130535564,-0.296174676120229,-1.31575381286884,81,"PSMC5;PSMB7;PSMD2;PSMD7;PSMC4;PSMB5;PSMA1;PSMD8;SKP1;MNAT1;CABLES1;PSMC2;PSMB6;PSMA5;CDK7;PSMC6;AKT1;PSMD11;PSMC3;PSMD12;CDK2;LIN52;SEM1;PSMD3;PSMF1;PSMA3;CDKN1B;PSMC1;PSMB1;PSMA7"
"Depolymerisation Of Nuclear Lamina R-HSA-4419969",0.104166666666667,0.248955159828434,0.241339976815091,-0.476339877437502,-1.35438978219371,15,"PRKCB;TMPO;PRKCA;LMNB1;LPIN1"
"Digestion R-HSA-8935690",0.105341246290801,0.248955159828434,0.165656695205483,0.484896650906475,1.34003375786003,20,"AMY1A;CEL;PMEL;LIPF"
"Global Genome Nucleotide Excision Repair (GG-NER) R-HSA-5696399",0.10462263790971,0.248955159828434,0.287805130535564,-0.273011960584219,-1.20029741233783,79,"RAD23B;UBE2V2;DDB1;RBX1;YY1;GPS1;MNAT1;PARP1;COPS4;INO80C;SUMO1;CDK7;POLK;COPS5;COPS7A;ERCC3;COPS8;CUL4B;CETN2;XRCC1;UBE2N;GTF2H1"
"HIV Life Cycle R-HSA-162587",0.106451263714129,0.248955159828434,0.287805130535564,-0.232028807013919,-1.12316115088242,144,"PPIA;VPS28;SUPT4H1;FURIN;RNGTT;VTA1;MNAT1;RNMT;XRCC6;NMT2;POLR2A;POLR2E;POLR2C;NUP98;TAF15;RANGAP1;CDK7;NUP88;KPNA1;GTF2A2;TAF6;PDCD6IP;XRCC5;ERCC3;CDK9;TAF13;SSRP1;SGIP1;NEDD4L;TBP;POLR2K;RANBP1;POLR2H;TPR;POLR2G;GTF2H1;NUP54;ELOA;SEH1L;NELFE;VPS37B;NELFA;GTF2H5;NCBP2;RAN;TAF9B"
"Metalloprotease DUBs R-HSA-5689901",0.104815864022663,0.248955159828434,0.161978948883402,0.436070205886293,1.32104802430763,29,"H2AC19;RPS27A;BARD1;KAT2B;BRCC3"
"Nicotinamide Salvaging R-HSA-197264",0.104166666666667,0.248955159828434,0.166933848713193,0.492532309999551,1.344266179035,19,"SLC22A13;PARP16;CYP8B1;NAXD;NNMT;PARP9;PTGS2;PARP6;PARP4"
"PCNA-Dependent Long Patch Base Excision Repair R-HSA-5651801",0.105421686746988,0.248955159828434,0.166933848713193,0.473647202938284,1.31293051532123,21,"POLD4;POLD1;POLE4;SLC19A1;RFC4;POLE3;POLD2;FEN1;LRIG1;POLE2;RFC3;POLE"
"Plasma Lipoprotein Remodeling R-HSA-8963899",0.105702364394993,0.248955159828434,0.159646701919906,0.42676405005571,1.33375328906151,33,"APOC3;FGF21;APOA5;APOB;PCSK6;PCSK5;GPIHBP1;CIDEC"
"Transcriptional Regulation By Small RNAs R-HSA-5578749",0.106194690265487,0.248955159828434,0.151148761385484,0.356907482019669,1.27308377867681,72,"H2AC19;AAAS;RNASE7;H2AJ;NUP214;H2BC17;POM121C;NUP50;NUP62;H2AB1;POLR2L;H2BC21;POLR2J;AGO2;H2AX;NUP188;NUP210;H2AC14;NUP35;H3C13;NUP133;H2AC20;NUP58;H2BC15;H2BC5"
"Homologous DNA Pairing And Strand Exchange R-HSA-5693579",0.106719367588933,0.249083003952569,0.154190966581424,0.407914742062818,1.33362853305627,42,"XRCC2;BLM;BARD1;ATM;RAD51;MRE11;RAD51D;TOPBP1;RFC4;RMI2"
"Basigin Interactions R-HSA-210991",0.108196721311475,0.251525047351577,0.248911114434702,-0.403159483245031,-1.34215586910352,25,"ATP1B1;BSG;PPIA;DEAF1;L1CAM;ATP1B2;ATP1B3;SLC7A10"
"Diseases Associated With Glycosylation Precursor Biosynthesis R-HSA-5609975",0.108108108108108,0.251525047351577,0.16440575583821,0.527490636663296,1.36747938747241,15,"DPM2;NUS1;DPM1;GALK1;PGM1;DOLK;PMM2;GNE;SRD5A3"
"Formation Of HIV Elongation Complex In Absence Of HIV Tat R-HSA-167152",0.108870967741935,0.252589302892323,0.276500599254472,-0.326489262279379,-1.27029080678498,44,"SUPT4H1;MNAT1;POLR2A;POLR2E;POLR2C;CDK7;ERCC3;CDK9;SSRP1;POLR2K;POLR2H;POLR2G;GTF2H1;ELOA;NELFE;NELFA;GTF2H5;NCBP2;NELFB;POLR2F"
"Cargo Concentration In ER R-HSA-5694530",0.110344827586207,0.255500821018062,0.252961123069611,-0.366901135167558,-1.31546693906032,32,"GRIA1;CNIH2;CTSZ;LMAN1;MCFD2;STX5;F5;SEC24A;SEC23A;CNIH1;MIA3;LMAN1L"
"NEP/NS2 Interacts With Cellular Export Machinery R-HSA-168333",0.111111111111111,0.255752794214333,0.155241966228839,0.422914141430872,1.32247140274125,34,"AAAS;RNASE7;NUP214;POM121C;NUP50;NUP62;NUP188;NUP210;NUP35;NUP133;NUP58"
"Phospholipase C-mediated Cascade; FGFR2 R-HSA-5654221",0.110944527736132,0.255752794214333,0.161978948883402,0.49334973113033,1.33178003004767,18,"FGF1;FGF18;FGF3;FGFR2;FGF23;FGF17;FGF6;FGF9;FGF16;FGF22;FGF4"
"Role Of Nef In HIV-1 Replication And Disease Pathogenesis R-HSA-164952",0.111111111111111,0.255752794214333,0.252961123069611,-0.399438873714194,-1.3510108928277,27,"AP2M1;AP2A1;AP2S1;ATP6V1H;AP1S1"
"Leishmania Infection R-HSA-9658195",0.111654034665375,0.256496571760812,0.287805130535564,-0.208319598691659,-1.08095386290375,241,"GNAS;CHGA;GRB2;GNB1;MYO5A;PRKAR1B;CYFIP2;GNG3;PRKAR2B;WASL;ARPC2;ADCY1;ACTR2;PRKACB;PRKAR1A;CALM1;ITPR1;WASF1;GNB5;PLK2;GNB2;ABI2;FURIN;AHCYL1;HSP90AB1;BAIAP2;MAPK3;CREB1"
"Beta-catenin Phosphorylation Cascade R-HSA-196299",0.11304347826087,0.256657080020301,0.227987202850442,-0.442788509358649,-1.32741972585176,17,"PPP2CA;PPP2R1A;GSK3B;PPP2R5B;PPP2CB"
"FGFR2 Ligand Binding And Activation R-HSA-190241",0.112759643916914,0.256657080020301,0.159646701919906,0.479387171017651,1.32480806177516,20,"FGF1;FGF18;FGF3;FGFR2;FGF23;FGF17;FGF6;FGF9;FGF16;FGF22;FGF4"
"Inflammasomes R-HSA-622312",0.112951807228916,0.256657080020301,0.160801401070022,0.471434188494192,1.30679613053764,21,"RELA;P2RX7;TXNIP;NLRP1;CASP1;HMOX1"
"Meiotic Synapsis R-HSA-1221632",0.112676056338028,0.256657080020301,0.147331213699377,0.379213443418124,1.3021064106695,57,"H2AC19;SUN2;HSPA2;TINF2;H3-4;H2AJ;H2BC17;RAD21;LMNA;SYCP2;POT1;H2AB1;H2BC21;TERF1;H2AX;H2AC14;H2AC20;STAG2;H2BC15;H2BC5"
"Termination Of Translesion DNA Synthesis R-HSA-5656169",0.112834978843441,0.256657080020301,0.155241966228839,0.430286322458206,1.32609847529611,31,"RPS27A;POLD4;POLD1;POLE4;SLC19A1;UBA52;RFC4;POLE3;ISG15;POLD2"
"Transport Of Mature mRNA Derived From An Intron-Containing Transcript R-HSA-159236",0.112640801001252,0.256657080020301,0.14551614609036,0.352066943373084,1.26201314035408,73,"NXF2;AAAS;CASC3;RNASE7;THOC6;NUP214;NXT1;POM121C;NUP50;NUP62;ZC3H11A;SRRM1;NUP188;CDC40;U2AF1;NUP210;POLDIP3;NUP35;THOC1;NUP133;NUP58"
"Condensation Of Prophase Chromosomes R-HSA-2299718",0.113333333333333,0.256702257618982,0.150169802128406,0.401487671853547,1.3039480273282,40,"H2AC19;H3-4;KMT5A;PLK1;H2AJ;H2BC17;H2AB1;H2BC21;H2AX;H2AC14;H3C13;H2AC20;H2BC15;H2BC5"
"Gap-filling DNA Repair Synthesis And Ligation In GG-NER R-HSA-5696397",0.113505747126437,0.256702257618982,0.156312403073186,0.452126245234826,1.31667424285739,24,"RPS27A;POLD4;POLD1;POLE4;SLC19A1;UBA52;RFC4;POLE3;POLD2;LRIG1;POLE2;LRIG3;RFC3;POLE"
"Intrinsic Pathway For Apoptosis R-HSA-109606",0.113723279510723,0.256702257618982,0.287805130535564,-0.302094683032104,-1.23208146351581,55,"PPP3R1;YWHAH;YWHAG;CYCS;YWHAB;YWHAE;MAPK3;BCL2;C1QBP;MAPK8;AKT1;DYNLL1;GSDME;GZMB"
"Signaling By NOTCH R-HSA-157118",0.1143554350957,0.257630874047649,0.287805130535564,-0.224815112648329,-1.14952681652976,198,"FBXW7;CNTN1;PSMC5;ATP2A2;RBX1;PSMB7;PSMD2;PSMD7;PSMC4;FURIN;PSMB5;PSMA1;PSMD8;SKP1;H2AZ1;PSMC2;CREB1;DLGAP5;RAB6A;PSMB6;JUN;PSMA5;ARRB1;JAG2;PRKCI;NBEA;TLE2;PSMC6;PBX1;H2AC7;EGFR;MIB2;AKT1;PSMD11;CCNC;PSMC3;CDK8;PSMD12;NEURL1;NCSTN;TBL1XR1;SEM1;GZMB;MIB1;PSMD3;TNRC6A;SEL1L;PSMF1"
"Pyruvate Metabolism R-HSA-70268",0.114982578397213,0.258544641598356,0.248911114434702,-0.385977467935323,-1.35481211738825,30,"LDHB;PDHB;BSG;VDAC1;MPC2;PDHX;PDK3;GLO1;PDK2;PDPK1"
"PIP3 Activates AKT Signaling R-HSA-1257604",0.115438917196405,0.259071569938854,0.287805130535564,-0.213183454843633,-1.11607074879873,266,"GSK3A;GRB2;PIK3R1;PPP2CA;CBX6;PSMC5;PPP2R1A;PSMB7;CLSTN1;RBBP7;PSMD2;PSMD7;GSK3B;PSMC4;PSMB5;PPP2R5B;PSMA1;PSMD8;STUB1;RNMT;PTEN;MAPK3;PPP2CB;MTA1;FGF13;PSMC2;PIK3R2;CREB1;TRIM27;PSMB6;CSNK2B;LAMTOR3;PIP5K1C;NRG3;JUN;PSMA5;MTA2;RRAGA;VAPA;PSMC6;CHD3;EGFR;GATAD2B;NR4A1;AKT1;PSMD11;PSMC3;PSMD12"
"Nuclear Import Of Rev Protein R-HSA-180746",0.11682892906815,0.261687831521173,0.151148761385484,0.421053061573799,1.31590490265092,33,"AAAS;RNASE7;NUP214;POM121C;NUP50;NUP62;NPM1;NUP188;NUP210;NUP35;NUP133;NUP58"
"G-protein Activation R-HSA-202040",0.117647058823529,0.263015551048005,0.237793834423688,-0.396521024044609,-1.30110347103381,24,"GNB1;GNG3;GNB5;GNB2;GNG2;GNG4;GNG7;GNGT1;PDYN;GNAQ"
"Nicotinate Metabolism R-HSA-196807",0.118476727785614,0.264363941349543,0.151148761385484,0.428009070777179,1.3190802183252,31,"NMRK2;NADK;SLC22A13;PARP16;QPRT;CYP8B1;NMNAT1;NAXD;NNMT;PARP9;PTGS2;PARP6"
"Apoptotic Execution Phase R-HSA-75153",0.118852459016393,0.264696220748342,0.266350657088526,-0.299924280977195,-1.22385183813073,52,"BCAP31;DNM1L;SPTAN1;H1-4;STK24;SATB1;KPNB1;MAPT;KPNA1;DBNL;H1-3;CTNNB1;ADD1;LMNB1;H1-2"
"Rap1 Signaling R-HSA-392517",0.119186046511628,0.264933554817276,0.222056046145248,-0.458338995547936,-1.3451379416349,16,"RAP1GAP;YWHAB;PRKACB;RAP1GAP2;PRKCA"
"Regulation Of FZD By Ubiquitination R-HSA-4641263",0.120535714285714,0.267424293862032,0.154190966581424,0.480417085371939,1.31120015191827,19,"RPS27A;LRP6;LGR6;LRP5;UBA52;RSPO1"
"Signaling By FGFR1 R-HSA-5654736",0.12109375,0.268152573529412,0.257206466468838,-0.30901652911586,-1.2364587803759,48,"GRB2;PIK3R1;PPP2CA;PPP2R1A;FLRT2;MAPK3;PPP2CB;FGF13;SPRED1;FLRT1;FLRT3"
"Resolution Of Abasic Sites (AP Sites) R-HSA-73933",0.122085048010974,0.269835702706073,0.14641623786055,0.400923433935178,1.28514018147561,38,"POLD4;POLD1;TDG;UNG;POLE4;ADPRS;SLC19A1;PNKP;RFC4;SMUG1;POLE3;POLD2;FEN1;LRIG1;POLE2;LRIG3;RFC3;MBD4;PARG;POLE;NTHL1"
"Metabolism Of Non-Coding RNA R-HSA-194441",0.122529644268775,0.270306417507864,0.142901149386948,0.381506461824396,1.28435971491132,51,"PHAX;AAAS;RNASE7;NUP214;POM121C;NUP50;GEMIN2;SMN1;NUP62;NUP188;NUP210;NUP35;NUP133;NUP58"
"Glucagon-type Ligand Receptors R-HSA-420092",0.123674911660777,0.272318154543636,0.241339976815091,-0.354868230969203,-1.28689061074719,33,"GNAS;GNB1;GNG3;GNB5;GNB2"
"Signaling By ERBB2 ECD Mutants R-HSA-9665348",0.125,0.274717514124294,0.219250346703755,-0.450909494043797,-1.28208289995032,15,"GRB2;PIK3R1;CDC37"
"G Alpha (12/13) Signaling Events R-HSA-416482",0.125539017873721,0.275383522290661,0.249246554383295,-0.277037621835225,-1.21211393537365,78,"GNB1;ABR;GNG3;PLEKHG5;ARHGEF3;GNB5;GNB2;NGEF;ARHGEF9;ARHGEF11;RASGRF2;ARHGEF12;GNG2;ARHGEF7;TRIO;ROCK2;ARHGEF17;VAV3;RHOB;GNG4;GNG7;GNGT1;KALRN;ARHGEF2;ECT2;TIAM2;ARHGEF16"
"RHOV GTPase Cycle R-HSA-9013424",0.125874125874126,0.275600572035844,0.237793834423688,-0.341536238409018,-1.26701354944017,36,"CLTC;PIK3R1;WASL;SPTAN1;TXNL1;GIT1;ARHGEF7;TPM3;MYO9A;ARHGAP12"
"Vpr-mediated Nuclear Import Of PICs R-HSA-180910",0.126388888888889,0.276209425717853,0.144630528034484,0.411726320803649,1.28748658812038,34,"AAAS;RNASE7;NUP214;POM121C;NUP50;NUP62;NUP188;NUP210;NUP35;NUP133;NUP58;BANF1"
"Assembly Of Active LPL And LIPC Lipase Complexes R-HSA-8963889",0.12797619047619,0.277598911311737,0.149207542435322,0.476072032319,1.29934121851107,19,"FGF21;APOA5;PCSK6;PCSK5;GPIHBP1;CIDEC"
"Signaling By ERBB4 R-HSA-1236394",0.127467167354974,0.277598911311737,0.249246554383295,-0.298359695573329,-1.22069436168938,56,"GRB2;PIK3R1;GABRB2;ADAP1;GABRA1;GABRG2;STMN1;GABRB3;NRG3;GABRB1"
"Synthesis Of PIPs At Early Endosome Membrane R-HSA-1660516",0.127906976744186,0.277598911311737,0.213927855492356,-0.450007464165336,-1.32068647867077,16,"MTMR4;INPP5F;FIG4;PIK3R4;INPP4B;MTMR2;PIK3C3;VAC14;PI4K2A"
"Synthesis Of PIPs At Plasma Membrane R-HSA-1660499",0.127572016460905,0.277598911311737,0.257206466468838,-0.301823618425948,-1.2163904544022,51,"PIK3R1;CLSTN1;SYNJ1;PLEKHA5;OCRL;PTEN;PIK3R2;PLEKHA3;PIP5K1C;RAB14;PIP4K2B;MTMR6;INPP5J;PLEKHA6"
"SUMOylation Of RNA Binding Proteins R-HSA-4570464",0.131474103585657,0.284657289210505,0.138022242496643,0.388159913897842,1.27670096020801,45,"AAAS;RNASE7;CBX2;NUP214;PHC3;POM121C;NUP50;NUP62;NUP188;CBX8;NUP210;NUP35;NUP133;NUP58;PHC1"
"rRNA Modification In Nucleus And Cytosol R-HSA-6790901",0.131782945736434,0.28479758828596,0.135740943810425,0.368962862077517,1.26766388581182,59,"FCF1;RPS2;RPS6;RPS7;RPS9;NOP14;RPS14;NOC4L;WDR75;DHX37;DKC1;MPHOSPH10;UTP20;IMP4;HEATR1;TRMT112;UTP4;UTP6;TBL3;DDX52;DDX49;NOP2;UTP15;GAR1;RRP36;WDR46;DCAF13;PNO1;DIMT1;UTP25"
"Recycling Of Bile Acids And Salts R-HSA-159418",0.134932533733133,0.291065188293099,0.14551614609036,0.481673305099806,1.30025993379839,18,"ABCC3;BAAT;SLCO1B3;STARD5;SLC27A5;SLC10A2;RXRA;SLCO1A2;ALB"
"Interferon Signaling R-HSA-913531",0.136114160263447,0.291994898947504,0.121543282035469,0.295191716210262,1.19880430590627,188,"IFNA14;TRIM48;RPS27A;TRIM22;AAAS;RNASE7;USP18;IFITM3;FCGR1A;HLA-C;TRIM62;IFNA4;PTPN11;IRF4;SMAD7;HLA-DPA1;NUP214;XAF1;TRIM35;POM121C;HLA-G;NUP50;CD44;NUP62;ISG20;HERC5;HLA-DQA1;PDE12;PTPN6;IFNA8;SP100;GBP2;SOCS1;NUP188;IFNA6;FLNB;IFNA5;UBA52;IRF1;TRIM68;BCL11B;MT2A;NUP210;ISG15;GBP1;KPNA4;NUP35;TYK2;NUP133;BST2;TRIM21;EIF2AK2;RSAD2;NUP58;IRF3"
"SIRT1 Negatively Regulates rRNA Expression R-HSA-427359",0.136111111111111,0.291994898947504,0.13880510939114,0.40746803456505,1.27417073692614,34,"H2AC19;RRP8;H2AJ;H2BC17;TAF1A;H2AB1;H2BC21;H2AX;H2AC14;H3C13;H2AC20;SIRT1;H2BC15;H2BC5"
"SUMOylation Of Ubiquitinylation Proteins R-HSA-3232142",0.135802469135802,0.291994898947504,0.138022242496643,0.395166034992151,1.26668512473361,38,"AAAS;RNASE7;NUP214;POM121C;NUP50;PIAS2;NUP62;NUP188;NUP210;NUP35;MDM2;NUP133;NUP58"
"Transcriptional Regulation Of Granulopoiesis R-HSA-9616222",0.137305699481865,0.29401055283548,0.132846300606183,0.371030614805994,1.26593030909696,56,"H2AC19;TFDP1;H2AJ;CSF3R;H2BC17;CDK4;CBFB;E2F1;DEK;H2AB1;H2BC21;GATA2;H2AX;KMT2A;H2AC14;H3C13;H2AC20;RXRA;IL6R;H2BC15;H2BC5"
"Arachidonic Acid Metabolism R-HSA-2142753",0.137931034482759,0.294808639636226,0.131457611642763,0.367146861704268,1.26428147630792,58,"PRXL2B;ALOXE3;ALOX15;HPGD;ABCC1;CYP4F22;FA2H;GGT1;EPHX2;PTGES;CYP8B1;DPEP1;CYP4F2;CYP4A22;DPEP2;CBR1;ALOX5AP;CYP1B1;PTGES3;PTGS2;CYP2C19;ALOX12B;FAAH2;DPEP3;PTGDS;PON1;CYP4F8;PTGS1;PON2;CYP2J2;CYP4F11"
"Collagen Formation R-HSA-1474290",0.138517618469016,0.295521134832434,0.127505315300183,0.332133443417221,1.2328012598774,90,"COL1A2;COL16A1;SERPINH1;COL6A2;CD151;COL5A2;COL9A2;COLGALT1;COL6A1;DST;MMP3;MMP28;MMP13;TLL2;PCOLCE;ADAMTS3;COL6A3;P4HA1;ITGA6;ADAMTS14;COL4A5;PLOD1;CTSL;P3H3;LOXL2;COL6A5;ITGB4;COL7A1;COL18A1;PLEC"
"RNA Polymerase I Transcription Initiation R-HSA-73762",0.141129032258065,0.300543030374382,0.241339976815091,-0.318645209430624,-1.239771493065,44,"RBBP7;MNAT1;POLR2E;MTA1;TAF1B;MTA2;CDK7;CHD3;GATAD2B;ERCC3;TBP;POLR1H;POLR2K;POLR2H;GTF2H1;POLR1A;GTF2H5;MTA3;POLR2F;HDAC2"
"Constitutive Signaling By Ligand-Responsive EGFR Cancer Variants R-HSA-1236382",0.142028985507246,0.301908608537261,0.20207170902116,-0.424012638302893,-1.27113221819814,17,"GRB2;PIK3R1;CDC37"
"Abortive Elongation Of HIV-1 Transcript In Absence Of Tat R-HSA-167242",0.142405063291139,0.302018633540373,0.211400189384923,-0.388437907796855,-1.26468488896014,23,"SUPT4H1;POLR2A;POLR2E;POLR2C;POLR2K;POLR2H;POLR2G;NELFE;NELFA;NCBP2;NELFB;POLR2F"
"Circadian Clock R-HSA-400253",0.142857142857143,0.302018633540373,0.261663521711573,-0.281597221031163,-1.17035410599589,65,"MEF2C;PPP1CB;CRTC1;SKP1;HSD17B4;CREB1;SREBF1;RORA;NCOA2;CSNK1E;TBL1XR1;NR1D1;SERPINE1;CARM1;PPP1CC;CRY2;FBXL3"
"Negative Regulation Of TCF-dependent Signaling By WNT Ligand Antagonists R-HSA-3772470",0.142642642642643,0.302018633540373,0.141225119642531,0.505216438607823,1.3097352218015,15,"LRP6;DKK4;KREMEN2;SOST;DKK1;LRP5;WNT4;WNT9A"
"Gastrin-CREB Signaling Pathway Via PKC And MAPK R-HSA-881907",0.144927536231884,0.305289593470413,0.199915231309662,-0.421407132034458,-1.26332126478935,17,"GRB2;MAPK3;CREB1;PRKCA;EGFR;HRAS;MAPK1;SOS1;GAST;RPS6KA1;CCKBR"
"Signaling By BRAF And RAF1 Fusions R-HSA-6802952",0.144859813084112,0.305289593470413,0.257206466468838,-0.287201488431778,-1.18818212162694,62,"PEBP1;CAMK2A;CAMK2G;YWHAB;CALM1;CAMK2D;CNKSR2;MAPK3;MAP2K1;ARRB1;TLN1;AGTRAP;PAPSS1;TRAK1;CAMK2B;VWF;MAP2K2;ESRP1;HRAS;MAPK1;SND1;BRAF;FAM131B"
"Acyl Chain Remodelling Of PI R-HSA-1482922",0.146118721461187,0.307244230531902,0.140406238523342,0.493241459693018,1.30357635941761,17,"PLAAT3;PLBD1;PLA2G12A;PLA2G5;PLA2G4E;PLA2G2D;PLA2G4D;PLA2G2A;PLA2G4C;PLA2R1;PLA2G1B;PLA2G10;PLA2G4F"
"NS1 Mediated Effects On Host Pathways R-HSA-168276",0.148148148148148,0.310764261723347,0.128788713061714,0.384629291407636,1.25420521838808,41,"AAAS;RNASE7;NUP214;POM121C;NUP50;NUP62;NUP188;NUP210;ISG15;KPNA4;NUP35;NUP133;EIF2AK2;NUP58"
"Plasma Lipoprotein Assembly, Remodeling, And Clearance R-HSA-174824",0.148325358851675,0.310764261723347,0.257206466468838,-0.27841388331158,-1.1846049805618,70,"CLTC;NCEH1;AP2M1;AP2A1;CLTA;PRKACB;AP2S1;FURIN;HDLBP;SOAT1;NR1H2;P4HB;TRNP1;LDLR;PRKCA"
"Drug ADME R-HSA-9748784",0.149567367119901,0.312804869944309,0.123257226381337,0.333614336802302,1.22001544216698,82,"ACSM5;SULT1A4;SLCO2B1;CES1;ACSM2B;ABCC3;ACSM4;UGT2B10;UGT2A3;ABCC1;GSTA1;SLC38A3;GGT1;SLCO1B3;SLC22A1;ACY1;GLYATL2;ABCC4;ADAL;PCK1;RNASE1;XDH;UGT2B7;CYP2C19;ALB;UGT2B11;PON1;CES2"
"RUNX1 Regulates Genes Involved In Megakaryocyte Differentiation And Platelet Function R-HSA-8936459",0.150510204081633,0.314016634050881,0.125033367555272,0.354716140848173,1.23264955672424,63,"H2AC19;PF4;H2AJ;H2BC17;KAT2B;CBFB;KMT2E;ZFPM1;H2AB1;H2BC21;H2AX;KMT2A;RBBP5;H2AC14;WDR5;SIN3A;H3C13;AGO3;H2AC20;H2BC15;H2BC5;ITGA2B;PRMT1;SETD1B;H4C15;H2AZ2"
"TNF Receptor Superfamily (TNFSF) Members Mediating Non-Canonical NF-kB Pathway R-HSA-5676594",0.150684931506849,0.314016634050881,0.138022242496643,0.490459721856637,1.29622456931493,17,"MAP3K14;TNFRSF13C;TNFSF14;TNFSF12;LTA;LTB"
"Retrograde Transport At Trans-Golgi-Network R-HSA-6811440",0.152,0.316192513368984,0.231126709673834,-0.306428033174632,-1.21446529957944,46,"NSF;RAB6B;VPS53;RAB6A;GCC2;NAA30;VAMP4;RIC1;COG6;TMF1;VPS54;ARFIP2"
"N-glycan Trimming In ER And Calnexin/Calreticulin Cycle R-HSA-532668",0.152482269503546,0.316631331869463,0.216542836735348,-0.342068186048688,-1.24488885525451,34,"RAD23B;VCP;MARCHF6;OS9;AMFR;CANX;UGGT2;PRKCSH;SEL1L;RNF5;NGLY1;PSMC1;MAN1B1"
"Diseases Of Metabolism R-HSA-5668914",0.154091392136026,0.318356336007436,0.11101149245045,0.281724274793839,1.16859275448366,241,"B4GALT7;APRT;RPS27A;MUC5B;PRELP;CYP11B1;PMEL;ALG6;MUC5AC;MUC17;DPM2;MUC21;ADAMTSL5;B3GAT3;PROC;POMT1;CYP26C1;HGSNAT;NUS1;DPM1;CYP4F22;MPDU1;CYP7B1;MCCC1;MUCL1;SFTPC;GGT1;GALK1;SP8;CHST3;CYP27B1;BGN;NHLRC1;TCN2;PGM1;ACY1;DOLK;PMM2;MMACHC;ALG12;ADAMTSL1;GNE;ADAMTS7;ADAMTS3;CSF2RA;HEXA;ALDOB;MUC13;SFTPD;UBA52;ADAMTS14;CYP2R1;SDC4;SRD5A3;SBSPON;MUC20;THSD7A;DCN;B3GALT6;ALG9;CYP1B1;GYS1;CYP27A1;THBS2"
"Fertilization R-HSA-1187000",0.154949784791966,0.318356336007436,0.131457611642763,0.429572901939562,1.26064604743503,25,"CD9;IZUMO2;IZUMO4;HVCN1;CATSPER1;CATSPERD;IZUMO3;KCNU1;ACR"
"Formation Of beta-catenin:TCF Transactivating Complex R-HSA-201722",0.154929577464789,0.318356336007436,0.123257226381337,0.361314391989284,1.24064638066551,57,"H2AC19;H3-4;TCF7L1;H2AJ;H2BC17;H2AB1;TLE4;H2BC21;MEN1;H2AX;TERT;RBBP5;H2AC14;H3C13;H2AC20;H2BC15;H2BC5;BCL9;PYGO2"
"PINK1-PRKN Mediated Mitophagy R-HSA-5205685",0.153846153846154,0.318356336007436,0.195789002148949,-0.38910699625889,-1.25725097813697,21,"PINK1;MAP1LC3A;TOMM20;VDAC1;ATG12;TOMM5;SQSTM1;ATG5;TOMM22"
"Paracetamol ADME R-HSA-9753281",0.154518950437318,0.318356336007436,0.132846300606183,0.441594141160981,1.26674124132656,23,"SULT1A4;ABCC3;ABCC1;SLC38A3;GGT1;ACY1;ABCC4"
"tRNA Aminoacylation R-HSA-379724",0.154471544715447,0.318356336007436,0.231126709673834,-0.320174651329288,-1.21463050695085,41,"GARS1;DTD1;SARS1;WARS1;AARS1;HARS1;YARS1;KARS1"
"G Alpha (I) Signaling Events R-HSA-418594",0.156408717226981,0.320226268427872,0.249246554383295,-0.200749282358409,-1.07556791021221,306,"GNAS;GABBR2;PPP3R1;APP;PLCB1;CAMK2A;PPP3CB;RGS4;GNB1;CAMKK2;PRKAR1B;GNG3;PPP2CA;PRKAR2B;CAMK2G;ADCY1;PRKACB;PPP2R1A;PRKAR1A;CALM1;ITPR1;PRKCG;GNB5;PDE4C;CAMK2D;RGS12;GNB2;PDE1B;GRK2;AHCYL1;RGS7;TAS2R20;PPP2CB;PPP3CA;CREB1"
"NRIF Signals Cell Death From Nucleus R-HSA-205043",0.156156156156156,0.320226268427872,0.134273452883202,0.498662165089039,1.29274376581379,15,"RPS27A;PSEN1;APH1B;NGF;UBA52"
"Assembly And Cell Surface Presentation Of NMDA Receptors R-HSA-9609736",0.157377049180328,0.321644512072579,0.204294756516886,-0.377220538328171,-1.25580267984378,25,"CAMK2A;NEFL;CAMK2G;CAMK2D;GRIN2B;NBEA"
"Lagging Strand Synthesis R-HSA-69186",0.158753709198813,0.323890871739537,0.132147260608774,0.45624837677828,1.26086296060985,20,"POLD4;POLD1;SLC19A1;RFC4;POLD2;FEN1;LRIG1;PRIM1;POLA2;RFC3"
"Collagen Biosynthesis And Modifying Enzymes R-HSA-1650814",0.159493670886076,0.324832659553317,0.120433371642259,0.344615785774358,1.21610273398886,67,"COL1A2;COL16A1;SERPINH1;COL6A2;COL5A2;COL9A2;COLGALT1;COL6A1;TLL2;PCOLCE;ADAMTS3;COL6A3;P4HA1;ADAMTS14;COL4A5;PLOD1;P3H3;COL6A5;COL7A1;COL18A1;COL9A1;CRTAP;COL5A1;COL6A6;COL2A1"
"Class I Peroxisomal Membrane Protein Import R-HSA-9603798",0.161585365853659,0.327378683943089,0.193813302725311,-0.386941914355391,-1.22855353588686,20,"FIS1;PEX19;GDAP1;ABCD3;ALDH3A2;ATAD1"
"Removal Of Flap Intermediate From C-strand R-HSA-174437",0.161339421613394,0.327378683943089,0.132846300606183,0.483695580304691,1.27834777723756,17,"TINF2;POLD4;POLD1;POT1;TERF1;POLD2;FEN1"
"Signaling By FGFR3 R-HSA-5654741",0.161172161172161,0.327378683943089,0.213927855492356,-0.323818658570372,-1.21122680033959,38,"GRB2;PIK3R1;PPP2CA;PPP2R1A;MAPK3;PPP2CB;FGF13"
"NLRP3 Inflammasome R-HSA-844456",0.164133738601824,0.331965464381851,0.131457611642763,0.487389598766542,1.27455427863689,16,"RELA;P2RX7;TXNIP;CASP1;HMOX1;PSTPIP1;NFKB2;MEFV"
"Regulation Of Gene Expression In Late Stage (Branching Morphogenesis) Pancreatic Bud Precursor Cells R-HSA-210744",0.165165165165165,0.333473612020325,0.130105630751129,0.493748915526537,1.28000653971869,15,"ONECUT1;KAT2B;MAML3;RBPJ"
"Pre-NOTCH Expression And Processing R-HSA-1912422",0.165835411471322,0.33424857545256,0.116739204791222,0.333632395994334,1.20089483915775,75,"SIRT6;H2AC19;ATP2A3;TFDP1;H2AJ;H2BC17;KAT2B;E2F1;CCND1;MAML3;H2AB1;H2BC21;AGO2;RBPJ;H2AX;RFNG;H2AC14;MFNG;ELF3;H3C13;AGO3;H2AC20;H2BC15;H2BC5;NOTCH2"
"Sema3A PAK Dependent Axon Repulsion R-HSA-399954",0.168604651162791,0.339244186046512,0.184706471207739,-0.41873728049102,-1.22891442586534,16,"HSP90AB1;PLXNA2;PLXNA1;PLXNA4;ARHGEF7;SEMA3A"
"Rev-mediated Nuclear Export Of HIV RNA R-HSA-165054",0.169444444444444,0.3403471026965,0.122679189568808,0.39543503077414,1.23654299681626,34,"AAAS;RNASE7;NUP214;POM121C;NUP50;NUP62;NUP188;NUP210;NUP35;NUP133;NUP58"
"Regulation Of MECP2 Expression And Activity R-HSA-9022692",0.170648464163823,0.342176559586221,0.199915231309662,-0.346727260666641,-1.23227069696104,31,"CAMK2A;CAMK2G;CALM1;CAMK2D;CREB1;FOXG1;PRKCA;TBL1XR1;TNRC6A;CAMK2B;AGO4"
"SHC1 Events In ERBB2 Signaling R-HSA-1250196",0.171597633136095,0.34348960183503,0.184706471207739,-0.381689434848481,-1.2332839551117,21,"GRB2;NRG3;PRKCE;PRKCA;EGFR"
"Synthesis Of Active Ubiquitin: Roles Of E1 And E2 Enzymes R-HSA-8866652",0.172297297297297,0.34394341290893,0.197822021315103,-0.355302882576249,-1.23452901102168,29,"UBE2W;UBA1;UBE2K;USP5;UBE2D2;UBE2D1;UBA6;UBE2E1;UBE2B;UBE2E3;UBE2G2"
"Thrombin Signaling Thru Proteinase Activated Receptors (PARs) R-HSA-456926",0.172413793103448,0.34394341290893,0.199915231309662,-0.342931065471989,-1.22952598333912,32,"GNB1;GNG3;GNB5;GNB2;MAPK3;ARRB1;GNG2;F2R;GNG4;GNG7;GNGT1"
"HSF1-dependent Transactivation R-HSA-3371571",0.172942817294282,0.344410013280592,0.121543282035469,0.392440166409869,1.23370331920611,35,"CRYAB;HSPA1A;HSPA2;SERPINH1;DNAJB1;HSPA1B;FKBP4;HSP90AA1"
"Peptide Hormone Metabolism R-HSA-2980736",0.173913043478261,0.345752166506185,0.252961123069611,-0.261567667420413,-1.17112957131756,88,"VAMP2;ATP6AP2;CHGA;SPCS1;GNB1;MYO5A;CPE;PCSK2;STX1A;CTSZ;MMP12;EXOC7;CLTRN;CTSG;EXOC8;EXOC1;EXOC5;SPCS2;CTNNB1;GPR119"
"Assembly Of Collagen Fibrils And Other Multimeric Structures R-HSA-2022090",0.175416133162612,0.347101046954315,0.114750719227023,0.355717300982435,1.22142763141594,57,"COL1A2;COL6A2;CD151;COL5A2;COL9A2;COL6A1;DST;MMP3;MMP28;MMP13;TLL2;PCOLCE;COL6A3;ITGA6;COL4A5;CTSL;LOXL2;COL6A5;ITGB4;COL7A1;COL18A1;PLEC;COL9A1;PXDN;COL5A1;COL6A6;COL2A1;LOX;COL4A4"
"ECM Proteoglycans R-HSA-3000178",0.17578125,0.347101046954315,0.115734447701689,0.357412715675449,1.21828584328804,55,"TGFB3;SPARC;ITGAX;LRP4;COL9A2;LAMA5;ITGB1;BGN;DSPP;DCN;TNXB;TGFB1;AGRN;HSPG2;ITGB5;ITGA2B;MATN1;COL9A1;LAMA1;COMP;NCAN;ITGB6;ITGA9"
"G Alpha (S) Signaling Events R-HSA-418555",0.17561485156823,0.347101046954315,0.249246554383295,-0.227693137932777,-1.10789421482145,152,"GNAS;CHGA;GNB1;PRKAR1B;GNG3;PRKAR2B;ADCY1;PRKACB;PRKAR1A;PDE2A;GNB5;PDE4C;GNB2;PDE1B;GRK2"
"Molecules Associated With Elastic Fibres R-HSA-2129379",0.175388967468175,0.347101046954315,0.121543282035469,0.408088543910826,1.23041201108141,28,"TGFB3;BMP4;BMP7;ITGB1;EFEMP1;GDF5;TGFB1;MFAP4;ITGB5;FBLN1;BMP10;EFEMP2;MFAP2"
"RHOJ GTPase Cycle R-HSA-9013409",0.181434599156118,0.357542196496665,0.216542836735348,-0.283087032980135,-1.16092917868535,54,"PIK3R1;WASL;RAB7A;ARHGAP26;TFRC;OCRL;GIT1;ARHGAP32;PIK3R2;ARHGEF7;TMPO;TRIO;ARHGAP1;STOM;LAMTOR1;MPP7;NIPSNAP2;VANGL1"
"p75NTR Signals Via NF-kB R-HSA-193639",0.181681681681682,0.357542196496665,0.123257226381337,0.485086272203605,1.25754929524499,15,"RELA;RPS27A;NGF;UBA52"
"Phospholipase C-mediated Cascade; FGFR4 R-HSA-5654228",0.186186186186186,0.365790032456699,0.121543282035469,0.482640729318877,1.25120941117198,15,"FGF1;FGF18;FGFR4;FGF23;FGF17;FGF6;FGF9;FGF16;FGF4"
"GRB2 Events In ERBB2 Signaling R-HSA-1963640",0.1875,0.367497487437186,0.176694268938498,-0.422489247800184,-1.20127486152438,15,"GRB2;NRG3;EGFR"
"Nuclear Events Stimulated By ALK Signaling In Cancer R-HSA-9725371",0.187878787878788,0.367497487437186,0.178219874951973,-0.390609802798828,-1.22072963214298,19,"CLTC;RBX1;SKP1;MAPK3;CEBPB"
"Regulation Of Beta-Cell Development R-HSA-186712",0.188,0.367497487437186,0.112843355675562,0.37357225800589,1.21328459885815,40,"ONECUT1;KAT2B;HNF1A;PKLR;MAFA;MAML3;SLC2A2;RBPJ;PAX6;RFX6;MAP4K2;FOXO1;NR5A2;NKX6-1"
"Activation Of GABAB Receptors R-HSA-991365",0.189300411522634,0.368253333333333,0.208955027549354,-0.307871057897422,-1.17821603028197,42,"GABBR2;GNB1;GNG3;ADCY1;GNB5;GNB2"
"Amine Ligand-Binding Receptors R-HSA-375280",0.189333333333333,0.368253333333333,0.112378519110475,0.372595073095711,1.21011090655004,40,"DRD5;DRD4;DHX34;DRD3;TAAR5;ADRA2C;HTR7;ADRA2B;ADRA1A;HRH4;HTR1D;CHRM4;ADRA1D;TAAR1;HTR2C;ADRA2A;ADRA1B;HTR1E;HRH3;DRD1;CHRM2;DRD2;HTR1F;HTR5A;HTR2A;CHRM5"
"Nucleotide-like (Purinergic) Receptors R-HSA-418038",0.189189189189189,0.368253333333333,0.120433371642259,0.480353226208842,1.2452792332042,15,"P2RY4;P2RY14;P2RY1;P2RY6;P2RY10;ADORA2A;LPAR6;ADORA3;ADORA2B"
"DNA Replication Pre-Initiation R-HSA-69002",0.190140845070423,0.369208596001969,0.276500599254472,-0.240402045702977,-1.1398963345297,123,"PSMC5;PSMB7;PSMD2;PSMD7;PSMC4;PSMB5;PSMA1;PSMD8;KPNB1;H2AZ1;PSMC2;ANAPC11;PSMB6;ORC4;PSMA5;UBE2D1;PSMC6;H2AC7;RPA4;KPNA1;PSMD11;PSMC3;PSMD12;CDK2;UBE2E1;SLC25A2;SEM1;PSMD3;PSMF1;PSMA3;POLR1A;PSMC1;PSMB1;PSMA7;CDC16;H2BC14;ANAPC15;H2BC11;ANAPC5;H2AC4;PSMA6;ANAPC4;CDC45;KPNA6;PSMB2"
"Diseases Of Glycosylation R-HSA-3781865",0.191294387170676,0.369980273354939,0.102080107662747,0.294745638561048,1.15728544406482,140,"B4GALT7;MUC5B;PRELP;ALG6;MUC5AC;MUC17;DPM2;MUC21;ADAMTSL5;B3GAT3;POMT1;NUS1;DPM1;MPDU1;MUCL1;GALK1;CHST3;BGN;PGM1;DOLK;PMM2;ALG12;ADAMTSL1;GNE;ADAMTS7;ADAMTS3;HEXA;MUC13;ADAMTS14;SDC4;SRD5A3;SBSPON;MUC20;THSD7A;DCN;B3GALT6;ALG9;THBS2;NOTCH2;AGRN;HSPG2;ADAMTS19;MUC2;MUC19;ADAMTS12;SLPI;SEMA5A;EXT1;ALG2;NOTCH4;ADAMTS18;CSPG4;SPON1;B3GLCT;MOGS;OGN;LFNG;ALG3;GALT;NCAN;RFT1;ADAMTSL2;NOTCH3"
"RHOH GTPase Cycle R-HSA-9013407",0.191489361702128,0.369980273354939,0.191892240384838,-0.320577890026256,-1.16667921429527,34,"VCP;ARHGDIG;DBT;RAB7A;TFRC;DBN1;ROCK2;TMEM59;RHOH;STOM;NSFL1C;LAMTOR1;NIPSNAP2;VANGL1"
"Unfolded Protein Response (UPR) R-HSA-381119",0.191256830601093,0.369980273354939,0.241339976815091,-0.255844509778336,-1.15084841167914,89,"GSK3A;ATP6V0D1;DCTN1;KLHDC3;TSPYL2;PPP2R5B;SSR1;ASNS;ACADVL;SRPRA;CEBPB;EXTL1;SRPRB;CXCL8;WFS1;TLN1;SERP1;TATDN2;ADD1;CUL7"
"NOTCH4 Intracellular Domain Regulates Transcription R-HSA-9013695",0.191964285714286,0.370284828807556,0.118815039412263,0.451165393118857,1.23136364215631,19,"KAT2B;MAML3;RBPJ;NOTCH2;FLT4;HEY1;NOTCH4;MAMLD1;MAML1;EP300"
"Glycosphingolipid Metabolism R-HSA-1660662",0.192307692307692,0.37033511043412,0.11101149245045,0.367165985828022,1.20595891078326,44,"GLTP;UGT8;NAT8;SMPD3;NEU2;ARSA;NEU4;CPTP;NEU3"
"RHOB GTPase Cycle R-HSA-9013026",0.194174757281553,0.373314566305721,0.224966093540314,-0.269886778329118,-1.13612259614276,69,"PIK3R1;ABR;ARHGDIG;ARHGEF25;ARHGAP26;ARHGEF3;TFRC;ARHGAP32;PIK3R2;ARHGEF11;ARHGEF12;DIAPH1;ROCK2;ARHGEF17;MYO9A;FLOT1;MCAM;ARHGAP1;STOM;RHOB"
"Nephrin Family Interactions R-HSA-373753",0.19578313253012,0.375170633272004,0.173747838999571,-0.36834272768681,-1.20454007846778,22,"PIK3R1;WASL;ACTN1;SPTAN1;PIK3R2"
"RNA Polymerase I Promoter Opening R-HSA-73728",0.195467422096317,0.375170633272004,0.114266502484433,0.395847305994833,1.1991952085998,29,"H2AC19;H2AJ;H2BC17;H2AB1;H2BC21;H2AX;DPEP2;H2AC14;H3C13;H2AC20;H2BC15;H2BC5;H4C15;H2AZ2"
"Synthesis Of DNA R-HSA-69239",0.197368421052632,0.377588438308887,0.261663521711573,-0.245320809984431,-1.14707980569636,118,"PSMC5;RBX1;PSMB7;PSMD2;PSMD7;PSMC4;PSMB5;PSMA1;PSMD8;SKP1;PSMC2;ANAPC11;PSMB6;ORC4;PSMA5;UBE2D1;PSMC6;PSMD11;PSMC3;PSMD12;CDK2;UBE2E1;SLC25A2;SEM1;PSMD3;PSMF1;GINS4;GINS3;PSMA3;POLR1A;PSMC1;PSMB1;PSMA7;CDC16"
"Activation Of G Protein Gated Potassium Channels R-HSA-1296041",0.199324324324324,0.37835690685674,0.183023938384487,-0.348437831367702,-1.21067582745714,29,"GABBR2;GNB1;GNG3;GNB5;GNB2"
"Disassembly Of Destruction Complex And Recruitment Of AXIN To Membrane R-HSA-4641262",0.198300283286119,0.37835690685674,0.11331290842208,0.394575539637372,1.19534247018469,29,"WNT8A;DVL3;AXIN1;PROC;FZD2;LRP6;CAV1;FRAT1"
"HS-GAG Biosynthesis R-HSA-2022928",0.198606271777003,0.37835690685674,0.186432558434075,-0.341914387502834,-1.20014714272348,30,"GPC1;HS6ST3;HS3ST5;HS2ST1;GPC5;HS3ST1;HS6ST1;SDC1;HS6ST2;GLCE;GPC6;GPC3;HS3ST2;HS3ST3A1;GPC2"
"Phosphorylation Of CD3 And TCR Zeta Chains R-HSA-202427",0.199391171993912,0.37835690685674,0.11776578836269,0.46898612972469,1.23947251308591,17,"CSK;HLA-DPA1;TARP;LCK;HLA-DQA1"
"RNA Polymerase I Transcription Termination R-HSA-73863",0.199324324324324,0.37835690685674,0.183023938384487,-0.350885491167594,-1.2191804222135,29,"MNAT1;POLR2E;TAF1B;CDK7;ERCC3;TBP;POLR1H;POLR2K;POLR2H;GTF2H1;POLR1A;GTF2H5"
"Interactions Of Rev With Host Cellular Proteins R-HSA-177243",0.199720670391061,0.378366919393456,0.111918316325105,0.378328960077544,1.19778136980765,36,"AAAS;RNASE7;NUP214;POM121C;NUP50;NUP62;NPM1;NUP188;NUP210;NUP35;NUP133;NUP58"
"Gene Silencing By RNA R-HSA-211000",0.201680672268908,0.381460850142326,0.101713902282311,0.308148161932545,1.16442089160072,104,"H2AC19;AAAS;RNASE7;TDRD9;H2AJ;NUP214;H2BC17;HSP90AA1;HENMT1;POM121C;NUP50;NUP62;H2AB1;POLR2L;H2BC21;PRKRA;POLR2J;AGO2;H2AX;NUP188;PIWIL1;NUP210;H2AC14;NUP35;H3C13;NUP133;AGO3;H2AC20;NUP58;H2BC15;H2BC5"
"ADP Signaling Thru P2Y Purinoceptor 1 R-HSA-418592",0.20327868852459,0.383861212796435,0.178219874951973,-0.36377432774259,-1.21103897911329,25,"GNB1;GNG3;GNB5;GNB2;GNG2;PLA2G4A;GNG4;GNG7;GNGT1"
"Nuclear Envelope Breakdown R-HSA-2980766",0.205804749340369,0.386753852625139,0.106323255932708,0.353879922143474,1.1914776508104,52,"AAAS;NEK7;RNASE7;PLK1;NUP214;POM121C;NUP50;LMNA;NUP62;NUP188;NUP210;NUP35;NUP133;LEMD3;NUP58;BANF1"
"SUMOylation Of DNA Replication Proteins R-HSA-4615885",0.205570291777188,0.386753852625139,0.106729884364606,0.363146467602064,1.19275677875374,44,"AAAS;RNASE7;AURKA;NUP214;POM121C;NUP50;NUP62;NUP188;NUP210;NUP35;NUP133;NUP58"
"Transport Of Ribonucleoproteins Into Host Nucleus R-HSA-168271",0.205555555555556,0.386753852625139,0.109684061970549,0.380834826615204,1.19088750653388,34,"AAAS;RNASE7;NUP214;POM121C;NUP50;NUP62;NUP188;NUP210;NUP35;NUP133;NUP58"
"Synthesis Of Bile Acids And Bile Salts Via 7Alpha-Hydroxycholesterol R-HSA-193368",0.206896551724138,0.388180507816831,0.11146266692298,0.418921948913297,1.21997726456971,24,"HSD3B7;BAAT;AKR1C1;CYP7B1;SYCP2;ACOX2;SLC27A5;CYP8B1;RXRA;CYP27A1;AMACR;AKR1C2"
"Notch-HLH Transcription Pathway R-HSA-350054",0.207920792079208,0.389315394750177,0.110122263835536,0.398427926845715,1.20128465759714,28,"KAT2B;HDAC10;MAML3;RBPJ;NOTCH2;HDAC7;HDAC4;NOTCH4;HDAC11;HDAC6;NOTCH3;NCOR1;MAMLD1;MAML1;HDAC3;TBL1X"
"RND3 GTPase Cycle R-HSA-9696264",0.208168642951252,0.389315394750177,0.105520936843198,0.36563893242009,1.19541282231121,42,"PKP4;VANGL2;ARHGAP21;FLOT2;CAV1;UBXN11;KTN1;DST;HOMER2;SEMA4F;EPHA2;DSG1;MUC13;DSPP;ARHGAP5;RND3;LEMD3;SCRIB"
"Class B/2 (Secretin Family Receptors) R-HSA-373080",0.20995145631068,0.389528377606619,0.0999276973731092,0.31356897209867,1.16512777086217,91,"WNT8A;UCN;PTH1R;WNT9B;FZD2;DHH;RAMP3;UCN2;GNG5;PTH2;GNG11;WNT2;GHRH;CPAMD8;VIPR2;CALCRL;GNB3;SCTR;FZD10;ADGRE2;GHRHR;ADGRE1;ADGRE5;WNT4;CALCA;ADCYAP1R1;CRH;SCT;FZD9;IHH;CALCB;PTCH2;GNB4;WNT9A;CALCR;PTCH1"
"Signaling By EGFR In Cancer R-HSA-1643713",0.208860759493671,0.389528377606619,0.172324344900946,-0.367461255910816,-1.19638863329416,23,"GRB2;PIK3R1;CDC37"
"Signaling By KIT In Disease R-HSA-9669938",0.209090909090909,0.389528377606619,0.16823816568964,-0.382845446997901,-1.19646454936016,19,"GRB2;PIK3R1;PIK3R2"
"Synthesis, Secretion, And Deacylation Of Ghrelin R-HSA-422085",0.209821428571429,0.389528377606619,0.112843355675562,0.442893956504189,1.20878844806775,19,"GH1;UCN;IGF1;SEC11A;ACHE"
"Translesion Synthesis By Y Family DNA Polymerases Bypasses Lesions On DNA Template R-HSA-110313",0.209876543209877,0.389528377606619,0.107554375265169,0.372111561362391,1.19278515302688,38,"RPS27A;POLD4;POLD1;UFD1;POLE4;NPLOC4;SLC19A1;UBA52;RFC4;POLE3;ISG15;POLD2"
"SARS-CoV Infections R-HSA-9679506",0.210526315789474,0.389974937343358,0.0902635484340068,0.263954403966998,1.11831159235601,357,"MAN2A1;RPS28;IFNA14;CD79B;RPSA;RPS3A;ATG14;ZDHHC20;RPS10;RPS27A;AAAS;RNASE7;RPS27;RPS23;TLR9;RPS11;RPS24;RPS2;RPS12;CRB3;RPS8;RPS6;RPS13;RPS4X;HLA-C;RPS7;RPS15A;RPS19;IFNA4;RPS9;PTPN11;PDCD1;NUP214;KDM1A;FXYD4;RPS14;RPS29;CAV1;RPS20;FKBP4;RPS17;HSP90AA1;RPS5;RPS16;POM121C;HLA-G;NUP50;GEMIN2;SMN1;GOLGA7;NUP62;ZDHHC11;ITGB1;RPS3;MASP2;PARP16;MASP1;HAVCR1;PTPN6;FNTA;TLR2;IL17RA;IFNA8;AP2A2;TMPRSS2;RPS25;G3BP1;NUP188;VPS18;IFNA6;TJP1;CHD4;ZDHHC3;IFNA5;SFTPD;UBA52;TLR1;PHF21A;ST3GAL1;TRIM4;SDC4;NUP210;ISG15;SIKE1;NUP35;RPS21;TYK2;NUP133;IL6R;RBBP4;IRAK2;PTGES3;PARP9;NUP58;CHMP2A;NFE2L2;CTSL;IRF3;PARP6;ST6GAL1;SAP30L;IKBKE;NLRP12;BTK;DPEP3;SUDS3;CD79A;ST6GALNAC4;AGRN;VPS16;HSPG2;TLR8;CHMP6"
"Impaired BRCA2 Binding To RAD51 R-HSA-9709570",0.211111111111111,0.390140866473172,0.107972360317345,0.380252448764202,1.18906638499149,34,"BLM;BARD1;ATM;RAD51;MRE11;TOPBP1;RFC4;RMI2"
"Transport Of Inorganic Cations/Anions And Amino Acids/Oligopeptides R-HSA-425393",0.211284513805522,0.390140866473172,0.0988903007520636,0.306367940847223,1.15769384636892,104,"SLC36A1;SLC34A3;SLC24A4;SLC7A7;SLC6A20;SLC4A1;SLC26A9;SLC6A6;SLC12A4;SLC34A1;SLC5A12;SLC6A18;SLC25A22;SLC16A10;SLC38A3;SLC32A1;SLC4A5;SLC26A6;SLC26A1;CTNS;SLC17A6;SLC12A2;SLC38A4;SLC1A5;SLC9A9;SLC25A10;SLC6A19;SLC7A8;SLC8B1;AHCYL2;SLC38A2;SLC6A15;SLC7A9;SLC8A3;SLC15A1;SLC26A7;SLC17A5;SLC15A3;SLC24A1"
"EPHB-mediated Forward Signaling R-HSA-3928662",0.212543554006969,0.391845699093416,0.179782316298324,-0.338483796632781,-1.18810549141826,30,"WASL;ARPC2;ACTR2;GRIN2B;SYNGAP1;ROCK2;ARPC1A"
"SMAD2/SMAD3:SMAD4 Heterotrimer Regulates Transcription R-HSA-2173796",0.214783821478382,0.395351292847432,0.107140237276725,0.379822230019371,1.19403666084925,35,"COL1A2;RPS27A;DAND5;TFDP1;SMAD7;MEN1;TGIF2;UBA52"
"Post-translational Modification: Synthesis Of GPI-anchored Proteins R-HSA-163125",0.218446601941748,0.401460133017353,0.09754492162472,0.311141127858585,1.15610663357132,91,"PIGM;RAET1L;GP2;DPM2;CEACAM7;PIGH;CPM;PIGN;ULBP2;DPM1;LY6K;IZUMO1R;MELTF;PRSS41;RAET1G;GPIHBP1;OTOA;PIGQ;CD52;PIGG;PRSS21;PIGL;XPNPEP2;ALPG;MSLN;LYPD5;CD109;TEX101;LYPD6B;FOLR2;TECTA;TECTB;RTN4RL1;VNN2;BST1;MDGA1;ALPL;CEACAM5"
"G2/M Checkpoints R-HSA-69481",0.219512195121951,0.402784169351127,0.276500599254472,-0.230201792157343,-1.10526271677224,143,"YWHAH;YWHAG;PSMC5;UBE2V2;YWHAB;PSMB7;PSMD2;PSMD7;PSMC4;BABAM1;YWHAE;PSMB5;PSMA1;PSMD8;PSMC2;EXO1;PSMB6;ORC4;PSMA5;PSMC6;PSMD11;PSMC3;PSMD12;CDK2;SLC25A2;SEM1;PSMD3;KAT5;PSMF1;UBE2N"
"RUNX1 Regulates Transcription Of Genes Involved In Differentiation Of HSCs R-HSA-8939236",0.221621621621622,0.406016377444949,0.222056046145248,-0.246162022391473,-1.11392145491645,94,"TAL1;PSMC5;PSMB7;PSMD2;PSMD7;PSMC4;PSMB5;PSMA1;PSMD8;MNAT1;H2AZ1;PSMC2;PSMB6;LDB2;PSMA5;CDK7;PSMC6;H2AC7;GATA1;PSMD11;PSMC3;PSMD12"
"Metabolism Of Water-Soluble Vitamins And Cofactors R-HSA-196849",0.224178403755869,0.409415019065882,0.0940503465727813,0.298936373462545,1.14585585364603,120,"NMRK2;LRP2;DHFR;PROC;MTHFD2;ENPP2;ABCC1;CTRB1;NADK;THTPA;MCCC1;SLC25A19;FLAD1;SLC22A13;SP8;PARP16;TPK1;TCN2;ALDH1L2;MMACHC;QPRT;SLC19A1;SLC52A3;CYP8B1;AOX1;NMNAT1;NAXD;NNMT;SLC52A2;CYB5A;PARP9;PTGS2;ACP5;PARP6;FOLR2;MOCOS;SLC19A2;PRSS58;FPGS;MMAB;LDLRAP1;SLC23A1;PARP4;VNN2;BST1"
"Synthesis Of IP3 And IP4 In Cytosol R-HSA-1855204",0.224080267558528,0.409415019065882,0.170932335370056,-0.355957698889231,-1.19775653620076,26,"PLCB1;CALM1;SYNJ1;ITPKA;OCRL;PTEN"
"Resolution Of AP Sites Via Multiple-Nucleotide Patch Replacement Pathway R-HSA-110373",0.225251076040172,0.410525832798018,0.105920292736253,0.408227452410814,1.19800462741612,25,"POLD4;POLD1;POLE4;ADPRS;SLC19A1;RFC4;POLE3;POLD2;FEN1;LRIG1;POLE2;RFC3;PARG;POLE"
"Thromboxane Signaling Thru TP Receptor R-HSA-428930",0.225490196078431,0.410525832798018,0.16823816568964,-0.361841741758915,-1.1873104264819,24,"GNB1;GNG3;GNB5;GNB2;AAMP;GNG2;GNG4;GNG7;GNGT1"
"Synaptic Adhesion-Like Molecules R-HSA-8849932",0.227810650887574,0.414104407454515,0.158514105424824,-0.357820084935391,-1.15615924696135,21,"RTN3;GRIA1;GRIA3;GRIN2B;FLOT1;LRFN3;PTPRS;GRIA4"
"Formation Of Senescence-Associated Heterochromatin Foci (SAHF) R-HSA-2559584",0.228985507246377,0.415592670227872,0.156312403073186,-0.394156925506329,-1.1816288520134,17,"H1-4;UBN1;H1-3;LMNB1;H1-2;HMGA1"
"Transcriptional Regulation By E2F6 R-HSA-8953750",0.232267037552156,0.420893839787835,0.102080107662747,0.374030028462168,1.1689451831851,33,"E2F6;TFDP1;RAD51;E2F1;PHC3;RYBP;CBX3;MAX;EPC1;RBBP4;MGA;EZH2;PHC1;APAF1;UXT;SUZ12;RRM2"
"Phase II - Conjugation Of Compounds R-HSA-156580",0.233939393939394,0.422985728309295,0.0934449219410994,0.308072609365498,1.15021853242536,93,"ACSM5;CHAC1;SULT1A4;ACSM2B;GGCT;ACSM4;UGT2B10;UGT2A3;SULT1B1;GSTA1;SLC38A3;GGT1;SULT6B1;MAT2A;SLC26A1;SULT1A2;MGST1;GLYATL2;N6AMT1;GSTZ1;GSTM5;SULT2B1;GSTM4;ABHD14B;NNMT;CHAC2;TRMT112;ESD"
"RHOG GTPase Cycle R-HSA-9013408",0.234146341463415,0.422985728309295,0.204294756516886,-0.25452768437613,-1.09558468435041,74,"PGRMC2;PIK3R1;ARHGDIG;RAB7A;TFRC;ARHGAP32;LMAN1;NDUFS3;YKT6;NDUFA5;STX5;DOCK4;TMPO;TRIO;DOCK3;IQGAP2;MCAM;ARHGAP1;PRKCSH;VAV3;LAMTOR1;DOCK2;KALRN;MPP7"
"Regulation Of HSF1-mediated Heat Shock Response R-HSA-3371453",0.235148514851485,0.424139593248351,0.0943563635421779,0.316288997395009,1.15113275380287,79,"HSPA1A;AAAS;RNASE7;HSPA2;SERPINH1;DNAJB1;HSPA1B;NUP214;ATM;ST13;FKBP4;POM121C;BAG2;NUP50;NUP62"
"Extracellular Matrix Organization R-HSA-1474244",0.236286919831224,0.425535239881231,0.0850427463764322,0.263700539178236,1.10342471974322,290,"COL1A2;TGFB3;PDGFB;COL16A1;KLK2;PSEN1;SPARC;SERPINH1;COL6A2;CTSD;CAPN14;CAPN12;CXXC1;CD151;ITGAX;COL5A2;BMP4;CAPN15;CTRB1;LRP4;ITGA10;TPSAB1;COL9A2;ICAM2;ADAM12;LAMA5;BMP7;CD44;CEACAM1;COLGALT1;COL6A1;TIMP1;MMP2;ITGB1;CAPN5;DST;BGN;MMP3;CAPN3;MMP28;MMP13;TLL2;PCOLCE;ICAM5;PECAM1;ADAMTS3;ITGB2;COL6A3;EFEMP1;SH3PXD2A;P4HA1;ITGA6;CAPN8;ADAMTS14;DSPP;COL4A5;SDC4;SPOCK3;DCN;JAM3;GDF5;ITGA11;TNXB;PLOD1;CTSL;TGFB1;CAPN13;P3H3;MFAP4;VCAM1;LOXL2;CEACAM8;COL6A5;ITGB4;KLK7;AGRN;HSPG2;ITGB5;PRSS58;DDR1;ITGA2B;COL7A1;COL18A1;PLEC;CAPN11;CASP3;MMP8;FBLN1;CAPN7;PDGFA;MATN1;CAPN6;ADAMTS18;BMP10;CAPNS2;NID2;EFEMP2;MFAP2;COL9A1;LAMA1;PXDN;CRTAP;COL5A1;COL6A6;ICAM1;ITGA3;ITGAE;COL2A1;TTR;FN1;COMP;LOX;NCAN;CAPN2;KDR;ITGB6;FZR1;ITGB7;COL4A4;ITGA9"
"Regulation Of Gene Expression In Beta Cells R-HSA-210745",0.237388724035608,0.426860771879129,0.104732821580651,0.427315790391337,1.18090645361351,20,"HNF1A;PKLR;MAFA;SLC2A2;PAX6;RFX6;MAP4K2;FOXO1;NKX6-1"
"Regulation Of NF-kappa B Signaling R-HSA-9758274",0.240487062404871,0.431766772040745,0.105520936843198,0.449297276550298,1.18743730185659,17,"RPS27A;USP18;UBA52;NLRX1"
"Synthesis Of Very Long-Chain Fatty acyl-CoAs R-HSA-75876",0.241830065359477,0.433511038824132,0.161978948883402,-0.355266503216266,-1.16573511225656,24,"HACD3;ACSL3;ACSL6;ACSL4;TECRL;HSD17B12;ACSL5;HACD2"
"RUNX2 Regulates Osteoblast Differentiation R-HSA-8940973",0.244897959183673,0.438337298109428,0.101713902282311,0.413833342356717,1.18710760161142,23,"SP7;CBFB;YES1;UCMA;YAP1"
"Cobalamin (Cbl, Vitamin B12) Transport And Metabolism R-HSA-196741",0.245481927710843,0.438387412891986,0.103576326612592,0.420848058728972,1.16657346478823,21,"LRP2;ABCC1;CTRB1;TCN2;MMACHC;PRSS58;MMAB;LDLRAP1"
"Cyclin D Associated Events In G1 R-HSA-69231",0.246010638297872,0.438387412891986,0.0959206777921745,0.346771001934565,1.14582241800576,46,"PTK6;CKS1B;RPS27A;CDKN1C;TFDP1;CDK4;E2F1;CCND1;CCNE2;CCNE1"
"MAP2K And MAPK Activation R-HSA-5674135",0.246428571428571,0.438387412891986,0.16823816568964,-0.309830692374849,-1.15815326878795,37,"PEBP1;YWHAB;CNKSR2;MAPK3;LAMTOR3;MAP2K1;ARRB1"
"Transcription-Coupled Nucleotide Excision Repair (TC-NER) R-HSA-6781827",0.246305418719212,0.438387412891986,0.199915231309662,-0.254888406476147,-1.08819526053367,73,"PRPF19;DDB1;RBX1;GPS1;MNAT1;POLR2A;POLR2E;COPS4;POLR2C;CDK7;POLK;COPS5;COPS7A;ERCC3;COPS8;POLR2K;CUL4B;XRCC1;POLR2H;POLR2G;GTF2H1"
"PRC2 Methylates Histones And DNA R-HSA-212300",0.24764468371467,0.439394561734987,0.096240602328129,0.358200506276789,1.15774038723713,39,"JARID2;H2AC19;H2AJ;H2BC17;H2AB1;PHF19;H2BC21;H2AX;H2AC14;H3C13;H2AC20;RBBP4;H2BC15;H2BC5;EZH2"
"Synthesis Of Prostaglandins (PG) And Thromboxanes (TX) R-HSA-2162123",0.247747747747748,0.439394561734987,0.102821842840815,0.454117849834513,1.17726601378211,15,"PRXL2B;HPGD;PTGES;CYP8B1;CBR1;PTGES3;PTGS2;PTGDS;PTGS1"
"Netrin-1 Signaling R-HSA-373752",0.250980392156863,0.4444523788271,0.175204047558551,-0.277390221633758,-1.11409260553136,49,"WASL;ABLIM2;ABLIM1;RGMB;AGAP2;NTN1;TRIO;MAPK8;MYO10;SLIT3;TRPC5;SIAH2;RGMA;SLIT2;MAPK13;TRPC1;MAPK11"
"Viral Messenger RNA Synthesis R-HSA-168325",0.252659574468085,0.446748065764023,0.0943563635421779,0.344853927143746,1.13948789966352,46,"AAAS;RNASE7;NUP214;POM121C;GTF2F2;NUP50;NUP62;POLR2L;POLR2J;NUP188;NUP210;NUP35;NUP133;NUP58"
"DNA Repair R-HSA-73894",0.253177966101695,0.44698742275443,0.0815265143256594,0.261991375224678,1.09588189139784,300,"XRCC2;SIRT6;TP53BP1;TIPIN;H2AC19;FANCC;RPS27A;BLM;EME2;TINF2;H3-4;POLD4;BARD1;PPP4R2;H2AJ;FANCE;H2BC17;ATM;UVSSA;RNF4;BRCC3;TFPT;POLL;RAD18;RAD51;FAAP20;TCEA1;MRE11;POLD1;UFD1;RAD51D;TDG;POT1;ACTR5;FANCL;H2AB1;POLR2L;UNG;POLE4;ADPRS;MLH1;MSH3;FANCA;H2BC21;NPLOC4;GEN1;TERF1;POLR2J;HMGN1;EME1;ALKBH2;TOPBP1;SLC19A1;UBXN1;XAB2;PNKP;H2AX;PAXIP1;XPC;KDM4B;UBA52;RFC4;SMARCA5;SMUG1;POLE3;ISG15;FANCF;RMI2;H2AC14;POLD2;DDB2;FANCI;DTL;FEN1;ABL1;H2AC20"
"Complement Cascade R-HSA-166658",0.254901960784314,0.447324192835029,0.0928481214159878,0.340196752878856,1.15387590065883,54,"C4B;AKR1C1;SERPING1;C8G;CPNE1;MASP2;MASP1;GZMM;C1QC;C3AR1;C1S;C3;FCN1;CR1;COLEC11;CFI;C1QB;CFHR4;CFHR5;C8A;C5;C1R"
"RNA Polymerase II Transcription Termination R-HSA-73856",0.254716981132075,0.447324192835029,0.191892240384838,-0.260466676064456,-1.09368291582909,67,"SRSF9;SRSF5;SNRPD3;SNRPB;SRSF1;PABPN1;CPSF2;WDR33;SRSF4;DDX39B;DDX39A;NUDT21;FIP1L1;MAGOH;THOC2"
"Signaling By ERBB2 KD Mutants R-HSA-9664565",0.254901960784314,0.447324192835029,0.157402899305283,-0.351708898313786,-1.15406155194954,24,"GRB2;PIK3R1;CDC37;NRG3;EGFR"
"Signaling By FGFR4 R-HSA-5654743",0.254826254826255,0.447324192835029,0.172324344900946,-0.302422109163023,-1.1386007106453,39,"GRB2;PIK3R1;PPP2CA;PPP2R1A;MAPK3;PPP2CB;FGF13"
"Tie2 Signaling R-HSA-210993",0.257971014492754,0.452030291160726,0.14641623786055,-0.385935430648378,-1.15698192866338,17,"GRB2;PIK3R1;PIK3R2"
"HDR Thru Single Strand Annealing (SSA) R-HSA-5685938",0.258379888268156,0.452067960433191,0.0959206777921745,0.36131286956758,1.14390879236706,36,"BLM;BARD1;ATM;RAD51;MRE11;TOPBP1;RFC4;RMI2;ABL1;RMI1;RAD9A;RFC3;ERCC4;RRAD;ERCC1;RAD9B;RBBP8;SERPINA2;DNA2"
"Chaperone Mediated Autophagy R-HSA-9613829",0.259370314842579,0.452447223342746,0.0999276973731092,0.435215937719724,1.17484992499262,18,"LAMP2;RPS27A;CFTR;HSP90AA1;GFAP;PLIN3;UBA52;RNASE1"
"Deposition Of New CENPA-containing Nucleosomes At Centromere R-HSA-606279",0.259705488621151,0.452447223342746,0.0931454575337804,0.345011031445062,1.15009544016701,49,"RSF1;H2AC19;H2AJ;H2BC17;H2AB1;H2BC21;CENPL;NPM1;H2AX;CENPP;SMARCA5;H2AC14;H2AC20;RBBP4;H2BC15;H2BC5"
"Synthesis Of Bile Acids And Bile Salts Via 27-Hydroxycholesterol R-HSA-193807",0.25975975975976,0.452447223342746,0.0999276973731092,0.449967418444898,1.16650633582779,15,"HSD3B7;AKR1C1;CYP7B1;CYP8B1;RXRA;CYP27A1;AKR1C2"
"MyD88:MAL(TIRAP) Cascade Initiated On Plasma Membrane R-HSA-166058",0.260869565217391,0.453027950310559,0.219250346703755,-0.233871617314772,-1.09361042035214,111,"MEF2C;APP;MAPK10;PPP2CA;PPP2R1A;SKP1;MAPK3;PPP2CB;CREB1;NKIRAS1;S100A12;MAP2K1;JUN;MAP2K4;NDUFA2;MAPK8;RPS6KA5;FOS;IKBIP;MAPK9;HOXC13;TLR4;SAA2;UBE2N;DUSP3;MAP3K1;LY96;NOD2;MAPK11;NFKB1"
"Signaling To RAS R-HSA-167044",0.260606060606061,0.453027950310559,0.149207542435322,-0.366492739003738,-1.145359238968,19,"GRB2;SHC3;SHC2;RALA;MAPK13;MAPK11;HRAS;SOS1"
"Early Phase Of HIV Life Cycle R-HSA-162594",0.261904761904762,0.454149862025048,0.147331213699377,-0.402340950230465,-1.14398667372069,15,"PPIA;XRCC6;KPNA1;XRCC5;SGIP1"
"DNA Damage/Telomere Stress Induced Senescence R-HSA-2559586",0.26309067688378,0.455529406414498,0.0897104652742981,0.334081572747006,1.15042013988417,58,"H2AC19;TINF2;H3-4;H2AJ;H2BC17;ATM;MRE11;POT1;H2AB1;CCNE2;CCNE1;H2BC21;TERF1;H2AX;HMGA2;H2AC14;H2AC20;H2BC15;H2BC5"
"Regulation Of TP53 Activity Thru Methylation R-HSA-6804760",0.263868065967017,0.456198567382975,0.0988903007520636,0.434219357705926,1.17215969273551,18,"RPS27A;KMT5A;ATM;UBA52;MDM2"
"Inhibition Of DNA Recombination At Telomere R-HSA-9670095",0.266932270916335,0.460813550531601,0.0911073131586733,0.343787316171968,1.1307545703434,45,"H2AC19;TINF2;H3-4;H2AJ;H2BC17;POT1;H2AB1;POLR2L;H2BC21;TERF1;POLR2J;H2AX;ATRX;H2AC14;H2AC20;H2BC15;H2BC5"
"HCMV Late Events R-HSA-9610379",0.269041769041769,0.463753496263011,0.0862865626267245,0.305267561429328,1.12397282602643,86,"H2AC19;AAAS;RNASE7;VPS37D;H2BC18;NUP214;H2BC17;MVB12B;POM121C;NUP50;NUP62;H2BC21;RRM1;VPS25;NUP188;NUP210;SNF8;H2AC14;CEBPD;NUP35;TSG101;H3C13;NUP133;H2AC20;NUP58;CHMP2A;H2BC15;H2BC5"
"Recruitment And ATM-mediated Phosphorylation Of Repair And Signal Proteins At DNA Double Strand Breaks R-HSA-5693565",0.269430051813472,0.463753496263011,0.0891647117820678,0.332475338544195,1.13438242369959,56,"TP53BP1;RPS27A;H3-4;BARD1;H2BC17;ATM;BRCC3;MRE11;H2BC21;UBXN1;H2AX;KDM4B;UBA52;SMARCA5;ABL1;H2BC15;H2BC5"
"HSF1 Activation R-HSA-3371511",0.2703081232493,0.464579646291506,0.0934449219410994,0.382057560608911,1.14685103712468,27,"HSPA1A;SERPINH1;DNAJB1;HSPA1B;FKBP4;HSP90AA1"
"Role Of Phospholipids In Phagocytosis R-HSA-2029485",0.271241830065359,0.465498846597462,0.152144922367565,-0.348324658390549,-1.14295685372694,24,"PLD3;PIK3R1;ITPR1;AHCYL1;PIK3R2;PRKCE"
"Transport Of Mature Transcript To Cytoplasm R-HSA-72202",0.271940667490729,0.466012861911426,0.0860347242455604,0.308421236268815,1.12788519386434,82,"NXF2;AAAS;CASC3;RNASE7;THOC6;NUP214;NXT1;POM121C;NUP50;NUP62;ZC3H11A;SRRM1;NUP188;CDC40;U2AF1;NUP210;POLDIP3;NUP35;THOC1;NUP133;NUP58"
"Inwardly Rectifying K+ Channels R-HSA-1296065",0.273684210526316,0.468313011267171,0.157402899305283,-0.304038584563784,-1.12407541346595,35,"GABBR2;GNB1;GNG3;GNB5;GNB2"
"Antigen processing-Cross Presentation R-HSA-1236975",0.27710843373494,0.471121042576419,0.208955027549354,-0.240571333440631,-1.09531964242638,103,"PSMC5;PSMB7;PSMD2;PSMD7;PSMC4;PSMB5;PSMA1;PSMD8;PSMC2;PSMB6;PSMA5;NDUFA2;PSMC6;HLA-A;PSMD11;CTSS;PSMC3;PSMD12;ITGAV;SEM1;TLR4;PSMD3;PSMF1;PSMA3;PSMC1;LY96;PSMB1;PSMA7;CTSV"
"Collagen Chain Trimerization R-HSA-8948216",0.277188328912467,0.471121042576419,0.0888945288620449,0.343327118817802,1.1276600072802,44,"COL1A2;COL16A1;COL6A2;COL5A2;COL9A2;COL6A1;COL6A3;COL4A5;COL6A5;COL7A1;COL18A1;COL9A1;COL5A1;COL6A6;COL2A1"
"DNA Double Strand Break Response R-HSA-5693606",0.276568501920615,0.471121042576419,0.0870515867946735,0.327997359338317,1.12624557934298,57,"TP53BP1;RPS27A;H3-4;BARD1;H2BC17;ATM;BRCC3;MRE11;H2BC21;UBXN1;H2AX;KDM4B;UBA52;SMARCA5;ABL1;H2BC15;H2BC5"
"Nuclear Events (Kinase And Transcription Factor Activation) R-HSA-198725",0.277272727272727,0.471121042576419,0.179782316298324,-0.266830657126952,-1.10215206852469,61,"MEF2C;EGR3;PPP2CA;ID2;PPP2R1A;CDK5R1;MAPK3;PPP2CB;CREB1;VGF;F3;RPS6KA5;FOS;JUND"
"Signaling By ERBB2 R-HSA-1227986",0.27734375,0.471121042576419,0.165656695205483,-0.272689674532097,-1.09110520190537,48,"GRB2;PIK3R1;CDC37;STUB1;MATK;NRG3;PRKCE;PRKCA;DIAPH1;EGFR;AKT1;USP8"
"IRS-related Events Triggered By IGF1R R-HSA-2428928",0.27931488801054,0.473779759169041,0.0880945010398517,0.335778928118674,1.13041578989096,51,"FGF1;GAB2;TLR9;FGF18;IGF1;PTPN11;FGF3;FGFR4;FGFR2;IGF2;FGF23;THEM4;IGF1R;FGF17;FGF6;FLT3LG;FGF9;FGF16;FGF22;IRS1;FRS2;FGF4"
"Signaling By ERBB2 In Cancer R-HSA-1227990",0.281967213114754,0.477584524970853,0.149207542435322,-0.340467220549441,-1.13344742537053,25,"GRB2;PIK3R1;CDC37;NRG3;EGFR"
"TAK1-dependent IKK And NF-kappa-B Activation R-HSA-445989",0.282493368700265,0.477782262714796,0.0878312634480124,0.342453912904016,1.12479195715213,44,"RELA;RPS27A;USP18;S100B;NFKBIB"
"Protein Ubiquitination R-HSA-8852135",0.285714285714286,0.482530494107918,0.184706471207739,-0.250323737180356,-1.06870731456447,73,"VCP;UBE2V2;UBE2W;UBA1;UBE2K;USP5;UBE2D2;LEO1;RRAGA;UBE2D1;UBA6;HLA-A;UBE2D3;UBE2E1;UBE2B;HLTF;UBE2N;UBE2E3;PEX5;UBE2G2;H2BC14"
"EPHA-mediated Growth Cone Collapse R-HSA-3928663",0.288690476190476,0.486149762935477,0.139599673451922,-0.394639931844814,-1.12209016429948,15,"MYL12B;NGEF;ROCK2;MYH9;MYH11"
"Processive Synthesis On Lagging Strand R-HSA-69183",0.288288288288288,0.486149762935477,0.0937465422491719,0.437756291862548,1.13484991818063,15,"POLD4;POLD1;POLD2;FEN1;LRIG1;PRIM1;POLA2"
"Sensory Processing Of Sound By Outer Hair Cells Of Cochlea R-HSA-9662361",0.289817232375979,0.487343962799377,0.0855356947987884,0.330913737462695,1.12138362397764,53,"WHRN;RDX;FSCN2;XIRP2;RIPOR2;STRC;SPTBN1;GRXCR1;OTOG;USH1G;KCNQ4;MYO1E;TWF1;MYO7A;CDH23"
"Polo-like Kinase Mediated Events R-HSA-156711",0.290273556231003,0.487408978592202,0.0940503465727813,0.437089461984636,1.14301627554112,16,"PLK1;CDC25C;LIN37;RBBP4;PKMYT1"
"RIP-mediated NFkB Activation Via ZBP1 R-HSA-1810476",0.290715372907154,0.487449483021047,0.0940503465727813,0.429791117780295,1.13588492941116,17,"RELA;NFKBIB;NFKB2"
"Early SARS-CoV-2 Infection Events R-HSA-9772572",0.293706293706294,0.491757883436506,0.151148761385484,-0.299923032335998,-1.11263902047139,36,"VCP;GPC1;ISCU;FURIN;DDX5"
"DNA Strand Elongation R-HSA-69190",0.294781382228491,0.492850821003795,0.0888945288620449,0.364434779065265,1.12315074786106,31,"POLD4;MCM3;POLD1;SLC19A1;MCM5;RFC4;POLD2;FEN1;LRIG1;GINS2;MCM7;PRIM1;POLA2;RFC3"
"Integrin Cell Surface Interactions R-HSA-216083",0.29531051964512,0.493029150823828,0.0828962134571565,0.314209503592529,1.10362408071177,66,"COL16A1;CXXC1;ITGAX;ITGA10;COL9A2;ICAM2;CD44;ITGB1;ICAM5;PECAM1;ITGB2;ITGA6;JAM3;ITGA11;VCAM1;AGRN;HSPG2;ITGB5;ITGA2B;COL18A1;COL9A1;ICAM1;ITGA3;ITGAE;FN1;COMP;KDR;ITGB6;FZR1;ITGB7;COL4A4;ITGA9"
"HS-GAG Degradation R-HSA-2024096",0.29585798816568,0.49323753169907,0.137250779610133,-0.34367423621155,-1.11045232748773,21,"GPC1;IDS;GPC5;SDC1"
"Signaling By High-Kinase Activity BRAF Mutants R-HSA-6802948",0.296819787985866,0.494135082139095,0.151148761385484,-0.309413637796237,-1.12205452775982,33,"PEBP1;YWHAB;CNKSR2;MAPK3;MAP2K1;ARRB1"
"Carboxyterminal Post-Translational Modifications Of Tubulin R-HSA-8955332",0.3,0.497677652621332,0.151148761385484,-0.296896038892269,-1.10980327771165,37,"TUBB4B;TUBB2A;TUBA1C;TUBB2B;TUBB4A;AGBL4;AGBL3;AGBL5"
"Glyoxylate Metabolism And Glycine Degradation R-HSA-389661",0.300341296928328,0.497677652621332,0.147331213699377,-0.311969171344621,-1.10874024575992,31,"PDHB;NDUFAB1;DBT;GOT2;LIAS;PDHX;DHTKD1"
"IGF1R Signaling Cascade R-HSA-2428924",0.299472295514512,0.497677652621332,0.0843144320642653,0.330595983137738,1.11308299993523,52,"FGF1;GAB2;TLR9;FGF18;IGF1;PTPN11;FGF3;FGFR4;FGFR2;IGF2;FGF23;THEM4;IGF1R;FGF17;FGF6;FLT3LG;FGF9;FGF16;FGF22;IRS1;FRS2;FGF4"
"Other Interleukin Signaling R-HSA-449836",0.300653594771242,0.497677652621332,0.143758989039275,-0.337545777125429,-1.10758813686835,24,"SNAP25;VAMP2;STX1A;IFNL1"
"Interferon Gamma Signaling R-HSA-877300",0.302696078431373,0.499776049033475,0.0797705918628453,0.300586694101362,1.1052799817251,85,"TRIM48;TRIM22;FCGR1A;HLA-C;TRIM62;PTPN11;IRF4;SMAD7;HLA-DPA1;TRIM35;HLA-G;CD44;HLA-DQA1;PTPN6;SP100;GBP2;SOCS1;IRF1;TRIM68;BCL11B;MT2A;GBP1;TRIM21;IRF3;TRIM5;VCAM1;PRKCD;PIAS1;TRIM25;OAS1;IFI30;IRF6;OAS2"
"Synthesis Of Bile Acids And Bile Salts R-HSA-192105",0.302777777777778,0.499776049033475,0.0865399737444125,0.353750536743659,1.10619372283233,34,"HSD3B7;BAAT;AKR1C1;CYP7B1;SYCP2;OSBPL9;ACOX2;SLC27A5;CYP8B1;RXRA;CYP27A1;AMACR;AKR1C2"
"Processing Of Capped Intronless Pre-mRNA R-HSA-75067",0.304054054054054,0.50117384333486,0.14551614609036,-0.317792666312823,-1.10419668764977,29,"SNRPD3;SNRPB;PABPN1;CPSF2;WDR33;NUDT21;FIP1L1"
"EGFR Downregulation R-HSA-182971",0.306620209059233,0.504690809551658,0.147331213699377,-0.316383128798831,-1.110530360559,30,"GRB2;EPN1;SH3GL2;PTPRK;ARHGEF7;HGS;EGFR"
"Cytochrome P450 - Arranged By Substrate Type R-HSA-211897",0.308375634517767,0.504757785467128,0.0806388495950661,0.316319998949727,1.10005556279473,62,"CYP11B1;CYP2W1;CYP26C1;AHRR;CYP4F22;CYP7B1;CYP2A7;CYP2A13;CYP27B1;CYP2B6;CYP8B1;CYP4F12;CYP4F2;CYP2R1;CYP4A22;RXRA;CYP1B1;CYP27A1;CYP2C19;CYP26A1;CYP4F8;CYP26B1;CYP2J2;CYP4F11;CYP2C18;CYP11B2;TBXAS1;CYP2S1;CYP1A2;POMC"
"G1/S Transition R-HSA-69206",0.308823529411765,0.504757785467128,0.219250346703755,-0.224861307800398,-1.05836436330468,128,"PPP2CA;PSMC5;PPP2R1A;PSMB7;PSMD2;PSMD7;PSMC4;PSMB5;PSMA1;PSMD8;SKP1;MNAT1;PPP2CB;CABLES1;PSMC2;PSMB6;ORC4;PSMA5;CDK7;PSMC6;RPA4;AKT1;PSMD11;PSMC3;PSMD12;CDK2;LIN52;SLC25A2;SEM1;PSMD3;PSMF1"
"RND1 GTPase Cycle R-HSA-9696273",0.308641975308642,0.504757785467128,0.160801401070022,-0.284215118502069,-1.08768525029462,42,"STMN2;PIK3R1;RND1;PLEKHG5;TFRC;TXNL1;PLXNA1;PIK3R2;ALDH3A2;TMEM59;KIDINS220;RASAL2"
"Signal Amplification R-HSA-392518",0.307420494699647,0.504757785467128,0.148261500475107,-0.306047862226135,-1.10984891282715,33,"GNB1;GNG3;GNB5;GNB2;AAMP;GNG2;PLA2G4A;GNG4;GNG7;GNGT1;GNAI2"
"Signaling By NOTCH3 R-HSA-9012852",0.307589880159787,0.504757785467128,0.0833634065110386,0.332352595499924,1.10344048169949,47,"RPS27A;PSEN1;APH1B;HEYL;KAT2B;MAML3;DLL1;RBPJ;JAG1;UBA52"
"FGFR1 Ligand Binding And Activation R-HSA-190242",0.310030395136778,0.506021637936532,0.0902635484340068,0.431981870119221,1.12965960342076,16,"FGF1;FGF3;FGF23;FGF17;FGF6;FGF9;FGF22;FGF4"
"FRS-mediated FGFR2 Signaling R-HSA-5654700",0.317528735632184,0.516814552974559,0.0857844408075645,0.38340256380033,1.1165383246867,24,"FGF1;FGF18;PTPN11;FGF3;FGFR2;FGF23;FGF17;FGF6;FGF9;FGF16;FGF22;FRS2;FGF4"
"Negative Regulation Of FGFR1 Signaling R-HSA-5654726",0.317241379310345,0.516814552974559,0.143758989039275,-0.299785567072158,-1.07483451123905,32,"GRB2;PPP2CA;PPP2R1A;MAPK3;PPP2CB;FGF13"
"Constitutive Signaling By Aberrant PI3K In Cancer R-HSA-2219530",0.319201995012469,0.51737323358271,0.0778840111977068,0.301164456860403,1.09095566432156,78,"FGF1;GAB2;RAC2;PDGFB;FGF18;TRAT1;PTPN11;FGF3;FGFR4;LCK;ERBB3;CD80;FGFR2;FGF23;RNASE1;FGF17;KIT;FGF6;STRN;FLT3LG;FGF9;FGF16;RHOG;PDGFRB;FGF22;IRS1;BTC;PDGFA;EREG;FRS2;FGF4;TGFA;ERBB4"
"Estrogen-dependent Gene Expression R-HSA-9018519",0.319199057714959,0.51737323358271,0.0749278818393739,0.280853729890187,1.07445988116171,116,"H2AC19;GATA3;DAND5;CTSD;H2AJ;KDM1A;H2BC17;RAD21;AXIN1;KAT2B;GPAM;CBFB;FKBP4;HSP90AA1;GTF2F2;TFF1;CCND1;FOSB;H2AB1;POLR2L;H2BC21;POLR2J;AGO2;H2AX;KDM4B;H2AC14;H3C13;AGO3;PGR;H2AC20;PTGES3;STAG2;H2BC15;H2BC5;FOXA1;POU2F1"
"Signaling By Type 1 Insulin-like Growth Factor 1 Receptor (IGF1R) R-HSA-2404192",0.318537859007833,0.51737323358271,0.080419996876154,0.325176340150233,1.10194102410318,53,"FGF1;GAB2;TLR9;FGF18;IGF1;PTPN11;FGF3;FGFR4;FGFR2;IGF2;FGF23;THEM4;IGF1R;FGF17;FGF6;FLT3LG;FGF9;FGF16;FGF22;IRS1;FRS2;FGF4"
"Canonical Retinoid Cycle In Rods (Twilight Vision) R-HSA-2453902",0.32069970845481,0.518360886103551,0.0860347242455604,0.388206127282375,1.1135942842706,23,"STRA6;RHO;RPE65;DHRS9;RDH8;HSD17B1;MYO7A"
"Nonhomologous End-Joining (NHEJ) R-HSA-5693571",0.320375335120643,0.518360886103551,0.0815265143256594,0.328299753559974,1.09216212561077,48,"TP53BP1;H3-4;BARD1;H2BC17;ATM;BRCC3;POLL;MRE11;H2BC21;H2AX;PAXIP1;H2BC15;TDP1;H2BC5"
"Diseases Associated With O-glycosylation Of Proteins R-HSA-3906995",0.321926489226869,0.519624084270756,0.0782955249944794,0.307491074012866,1.08469592305939,68,"MUC5B;MUC5AC;MUC17;MUC21;ADAMTSL5;POMT1;MUCL1;ADAMTSL1;ADAMTS7;ADAMTS3;MUC13;ADAMTS14;SBSPON;MUC20;THSD7A;THBS2;NOTCH2;ADAMTS19;MUC2;MUC19;ADAMTS12;SEMA5A;NOTCH4;ADAMTS18;SPON1;B3GLCT;LFNG;ADAMTSL2;NOTCH3"
"Translesion Synthesis By REV1 R-HSA-110312",0.322822822822823,0.52035115225723,0.0873098257637931,0.426723738960117,1.10624886322977,15,"RPS27A;SLC19A1;UBA52;RFC4;MAD2L2;RFC3"
"Metabolism Of Steroid Hormones R-HSA-196071",0.326359832635983,0.52532679267061,0.0826646449123753,0.346836981283669,1.09034184484111,35,"HSD3B1;CYP11B1;HSD3B2;AKR1B15;SRD5A1;HSD11B1;HSD17B1;HSD17B14;SRD5A2;SRD5A3;HSD17B11;CD163L1"
"Ephrin Signaling R-HSA-3928664",0.326836581709145,0.525369546631643,0.0865399737444125,0.413320493270028,1.11574395243981,18,"NCK2;EPHB1;PKN1;EPHB3;EPHB4;RNASE1;SDCBP;EPHB2"
"GAG Synthesis Requires Tetrasaccharide Linker Sequence R-HSA-1971475",0.331436699857752,0.532031126181564,0.0828962134571565,0.37029504988185,1.10012262043354,26,"B4GALT7;XYLT1;B3GAT3;B3GAT2;BGN;SDC4;DCN;B3GALT6;AGRN;HSPG2;XYLT2"
"Synthesis Of PA R-HSA-1483166",0.332436069986541,0.532902326475678,0.0797705918628453,0.338760491158963,1.09490828556216,39,"GPAT2;GPAM;GPD1;AGPAT3;PLA2G12A;PLD2;PLA2G5;MIGA2;ACP6;GPAT3;LIPH;PLA2G2D"
"Anti-inflammatory Response Favoring Leishmania Infection R-HSA-9662851",0.333333333333333,0.53360768175583,0.234392647294686,-0.215564309458089,-1.06319028666632,162,"GNAS;CHGA;GNB1;PRKAR1B;GNG3;PRKAR2B;ADCY1;PRKACB;PRKAR1A;CALM1;ITPR1;GNB5;PLK2;GNB2;FURIN;AHCYL1"
"Regulation Of TP53 Activity Thru Acetylation R-HSA-6804758",0.334459459459459,0.534251093580184,0.138022242496643,-0.311319205705719,-1.08170411775214,29,"RBBP7;MEAF6;MTA2;CHD3;GATAD2B;AKT1;PDZD2;PIP4P1;PIP4K2B"
"Transport Of Mature mRNAs Derived From Intronless Transcripts R-HSA-159234",0.334650856389987,0.534251093580184,0.0782955249944794,0.332529848571921,1.08716662679502,42,"AAAS;RNASE7;NUP214;POM121C;NUP50;NUP62;NUP188;NUP210;NUP35;NUP133;NUP58"
"Transport Of Mature mRNA Derived From An Intronless Transcript R-HSA-159231",0.335978835978836,0.535638390146587,0.0782955249944794,0.334133301304135,1.08954710287196,41,"AAAS;RNASE7;NUP214;POM121C;NUP50;NUP62;NUP188;NUP210;NUP35;NUP133;NUP58"
"Chondroitin Sulfate Biosynthesis R-HSA-2022870",0.336795252225519,0.536207447949769,0.0843144320642653,0.399776263528331,1.10479972942201,20,"CSGALNACT2;CHST3;BGN;CHST11;DCN;CHST12;CSPG4;CHSY3;NCAN;CHST9;CHST13;CSGALNACT1;CHPF2;CHPF"
"Phase I - Functionalization Of Compounds R-HSA-211945",0.338164251207729,0.537619316501304,0.0732558655828455,0.286901967416768,1.0787093027675,100,"AURKAIP1;CYP11B1;CES1;AOC1;CYP2W1;CYP26C1;AHRR;CYP4F22;CYP7B1;CYP2A7;ALDH1A1;CYP2A13;CYP27B1;CYP2B6;ADH1B;CBR3;CYP8B1;CYP4F12;AADAC;CYP4F2;CYP2R1;CYP4A22;AOC3;RXRA;CYP1B1;PTGES3;CYP27A1;CES3;CYP2C19;MTARC1;CYP26A1;CES2;CYP4F8;EPHX1;PTGS1;CYP26B1;CYP2J2;CYP4F11;CYP2C18;FMO4;CYP11B2;TBXAS1;CMBL;CYP2S1;CYP1A2;POMC"
"Retinoid Metabolism And Transport R-HSA-975634",0.338603425559947,0.537619316501304,0.0776798560117236,0.331109311610145,1.08252235084925,42,"APOC3;APOM;APOB;LRP2;C1D;AKR1C1"
"NRAGE Signals Death Thru JNK R-HSA-193648",0.339366515837104,0.538098809758017,0.160801401070022,-0.255268112193987,-1.04191005420646,57,"ABR;PLEKHG5;MAGED1;ARHGEF3;NGEF;ARHGEF9;ARHGEF11;RASGRF2;ARHGEF12;ARHGEF7;TRIO;ARHGEF17;MAPK8"
"Signaling By FGFR R-HSA-190236",0.342105263157895,0.541705348853817,0.173747838999571,-0.236531809260694,-1.05870243273572,84,"GRB2;PIK3R1;PPP2CA;PPP2R1A;FLRT2;MAPK3;PPP2CB;POLR2A;POLR2E;FGF13;SPRED1;POLR2C;TIA1;FLRT1;FLRT3"
"Recognition Of DNA Damage By PCNA-containing Replication Complex R-HSA-110314",0.347025495750708,0.548751698565144,0.0802023444698144,0.361455707868328,1.09500796502176,29,"RPS27A;POLD4;RAD18;POLD1;POLE4;SLC19A1;UBA52;RFC4;POLE3;POLD2;DTL;CUL4A"
"Nuclear Signaling By ERBB4 R-HSA-1251985",0.348314606741573,0.549502335196386,0.0795564677235957,0.34909535486958,1.08851154567739,32,"PSEN1;SPARC;S100B;APH1B;YAP1;GFAP"
"RUNX2 Regulates Bone Development R-HSA-8941326",0.348441926345609,0.549502335196386,0.0799858801499946,0.361082553761376,1.09387751747204,29,"SP7;CBFB;YES1;UCMA;YAP1;ABL1;IHH;BGLAP;HDAC4;HEY1;ZNF521;HDAC6;RUNX2;SMAD1;SMAD6;SRC"
"Negative Regulation Of FGFR3 Signaling R-HSA-5654732",0.349152542372881,0.549879914911137,0.135002033828631,-0.308124448583161,-1.0639763221612,28,"GRB2;PPP2CA;PPP2R1A;MAPK3;PPP2CB;FGF13"
"Signaling By EGFR R-HSA-177929",0.3515625,0.552929161051213,0.14551614609036,-0.259162935238725,-1.0369810564527,48,"GRB2;PIK3R1;EPN1;AAMP;SH3GL2;PTPRK;ARHGEF7;HGS;EGFR"
"RIPK1-mediated Regulated Necrosis R-HSA-5213460",0.353846153846154,0.555024813895782,0.0785029047348687,0.353393137174872,1.08079123867809,30,"RPS27A;FLOT2;HSP90AA1;TRADD;PELI1;RRM1;CFLAR;UBA52;SDCBP;FASLG;TNFRSF10A"
"Signaling By Hippo R-HSA-2028269",0.353658536585366,0.555024813895782,0.126253987849115,-0.332382425337656,-1.05532533118181,20,"YWHAB;STK24;YWHAE"
"Stimuli-sensing Channels R-HSA-2672351",0.354721549636804,0.555651071712953,0.0709609456938284,0.281958098828101,1.05974270105134,99,"TTYH2;RPS27A;SGK1;WNK1;SGK3;ANO8;ANO2;CLCA1;WNK4;OSTM1;TRPM1;BSND;CLCNKA;TRPV4;CLCNKB;RYR1;ASIC4;RYR3;CLCN2;TRPM6;RNASE3;SCNN1B;TRPM5;UBA52"
"Triglyceride Metabolism R-HSA-8979227",0.356145251396648,0.55713338924918,0.0780892306943345,0.339301125026536,1.07422008145573,36,"GPAT2;PNPLA5;PLIN1;GPAM;CAV1;MOGAT3;PLIN3;DGAT2;DGAT1"
"DNA Methylation R-HSA-5334118",0.35966149506347,0.561880809556987,0.0780892306943345,0.348890867659258,1.07524600132419,31,"H2AC19;H2AJ;H2BC17;H2AB1;H2BC21;H2AX;H2AC14;H3C13;H2AC20;H2BC15;H2BC5;H4C15;H2AZ2"
"Activation Of IRF3/IRF7 Mediated By TBK1/IKK Epsilon R-HSA-936964",0.363363363363363,0.564640539340939,0.0808589150280032,0.413486794284299,1.07193309013511,15,"RPS27A;PTPN11;UBA52;IRF3;IKBKE"
"Phospholipase C-mediated Cascade: FGFR1 R-HSA-5654219",0.36322188449848,0.564640539340939,0.0815265143256594,0.41619664669912,1.08838025708214,16,"FGF1;FGF3;FGF23;FGF17;FGF6;FGF9;FGF22;FGF4"
"Platelet Sensitization By LDL R-HSA-432142",0.36231884057971,0.564640539340939,0.120985142145252,-0.35645637248948,-1.06860772185225,17,"PPP2CA;PPP2R1A;PPP2R5B;PPP2CB;FGR;PLA2G4A"
"Transcription Of E2F Targets Under Negative Control By DREAM Complex R-HSA-1362277",0.363095238095238,0.564640539340939,0.080419996876154,0.391595928565939,1.06878097524095,19,"TFDP1;E2F1;LIN37;MAX;RBBP4;E2F4;CDC6;E2F5;RBL1"
"RAC2 GTPase Cycle R-HSA-9013404",0.365591397849462,0.566943619823554,0.169570644405628,-0.228845699592763,-1.02979791762288,87,"PGRMC2;PIK3R1;ABR;RAB7A;ARHGAP26;TFRC;ABI2;GIT1;ARHGAP32;PIK3R2;LMAN1;NCKAP1;DOCK4;ARMCX3;TMPO;TRIO;DOCK3;MCAM;ARHGAP1;VAV3;BRK1;LAMTOR1;SLITRK5;DOCK2;MPP7"
"Translesion Synthesis By POLH R-HSA-110320",0.365817091454273,0.566943619823554,0.080419996876154,0.40361649776778,1.08954836215956,18,"RPS27A;UFD1;NPLOC4;SLC19A1;UBA52;RFC4"
"RORA Activates Gene Expression R-HSA-1368082",0.367164179104478,0.568276653865949,0.122107920287081,-0.351369183907067,-1.07549265629967,18,"SREBF1;RORA;NCOA2;TBL1XR1;CARM1;CHD9"
"Cell-Cell Communication R-HSA-1500931",0.37012987012987,0.572108024425905,0.186432558434075,-0.220940579679413,-1.03374175257837,117,"CADM2;CADM3;GRB2;SIRPA;PTK2B;PIK3R1;WASL;ACTN1;CD47;SPTAN1"
"TP53 Regulates Transcription Of Genes Involved In G2 Cell Cycle Arrest R-HSA-6804114",0.374812593703148,0.578579757740178,0.0791316651768349,0.399244837302364,1.07774722041645,18,"TFDP1;AURKA;CDC25C;PRMT1;GADD45A;E2F4;REXO2;BAX;RBL1;CDK1;EP300"
"B-WICH Complex Positively Regulates rRNA Expression R-HSA-5250924",0.376470588235294,0.580371435231953,0.0718276293603809,0.309836029016786,1.05089870497856,54,"H2AC19;H2AJ;H2BC17;KAT2B;TAF1A;DEK;POLR1F;H2AB1;POLR2L;H2BC21;MYO1E;H2AX;SMARCA5;H2AC14;H3C13;H2AC20;H2BC15;H2BC5;MYBBP1A"
"MicroRNA (miRNA) Biogenesis R-HSA-203927",0.379084967320261,0.583630813803094,0.126253987849115,-0.318099784863664,-1.04378004979292,24,"POLR2A;POLR2E;POLR2C;POLR2K;BCDIN3D;POLR2H;DROSHA;POLR2G;RAN;AGO4;POLR2F"
"Signaling By TGF-beta Receptor Complex R-HSA-170834",0.379888268156425,0.584096981473712,0.169570644405628,-0.230476279703646,-1.03659843230922,90,"PRKCZ;PPP1CB;FURIN;STUB1;TRIM33;PARP1;MAPK3;MTMR4;NEDD8;UBE2M;TGFBR1;UBE2D1;CCNC;CDK8;TGFB2;UBE2D3;CDK9;NEDD4L;F11R;ITGAV;SKIL;PARD6A;SERPINE1"
"CTLA4 Inhibitory Signaling R-HSA-389513",0.384615384615385,0.589810977458809,0.118287526124085,-0.321383638724277,-1.03842875617296,21,"PPP2CA;PPP2R1A;PPP2R5B;PPP2CB"
"SUMOylation Of Chromatin Organization Proteins R-HSA-4551638",0.384114583333333,0.589810977458809,0.070619624712259,0.307284434345306,1.04741734081335,55,"AAAS;RNASE7;CBX2;NUP214;PHC3;POM121C;NUP50;PIAS2;NUP62;NUP188;CBX8;NUP210;NUP35;NUP133;NUP58;PHC1;HDAC4;PIAS1"
"G0 And Early G1 R-HSA-1538133",0.38655462184874,0.592006881492755,0.0739901439101341,0.351851228469501,1.05617840840716,27,"TFDP1;E2F1;LIN37;CCNE2;CCNE1;MAX;RBBP4;E2F4;CDC6;CCNA1;E2F5;RBL1;CDK1"
"Mismatch Repair R-HSA-5358508",0.387387387387387,0.592504693422125,0.0774767547848578,0.406242459672912,1.05315270320789,15,"POLD4;POLD1;MLH1;MSH3;POLD2;LRIG1;PMS2"
"Regulated Necrosis R-HSA-5218859",0.388020833333333,0.592696744109948,0.070113215764256,0.305993630294955,1.04301747412694,55,"RPS27A;CASP5;FLOT2;CASP1;HSP90AA1;BAK1;IL18;TRADD;PELI1;RRM1;CFLAR;UBA52;IRF1;SDCBP;CHMP2A;FASLG;TNFRSF10A"
"Degradation Of Extracellular Matrix R-HSA-1474228",0.391616766467066,0.592716978754902,0.0655321029282414,0.273392014253592,1.03889925782864,109,"COL16A1;KLK2;PSEN1;CTSD;CAPN14;CAPN12;CXXC1;CAPN15;CTRB1;TPSAB1;COL9A2;LAMA5;CD44;TIMP1;MMP2;CAPN5;MMP3;CAPN3;MMP28;MMP13;TLL2"
"Energy Dependent Regulation Of mTOR By LKB1-AMPK R-HSA-380972",0.391891891891892,0.592716978754902,0.126253987849115,-0.295826850634174,-1.02787465921752,29,"CAB39;CAB39L;LAMTOR3;RRAGA;STK11;LAMTOR5;LAMTOR1"
"ISG15 Antiviral Mechanism R-HSA-1169408",0.390644753476612,0.592716978754902,0.0683110858318647,0.291655340114685,1.04033034097058,72,"RPS27A;AAAS;RNASE7;USP18;NUP214;POM121C;NUP50;NUP62;HERC5;NUP188;FLNB;UBA52;NUP210;ISG15;KPNA4;NUP35;NUP133;EIF2AK2;NUP58;IRF3"
"Metabolism Of Nitric Oxide: NOS3 Activation And Regulation R-HSA-202131",0.389880952380952,0.592716978754902,0.11776578836269,-0.361503276177783,-1.02787183411698,15,"WASL;CALM1;DDAH2;AKT1"
"Metabolism Of Vitamins And Cofactors R-HSA-196854",0.390350877192982,0.592716978754902,0.0614364107201271,0.256015479832426,1.03775624275844,183,"APOC3;NMRK2;APOM;APOB;LRP2;DHFR;C1D;PROC;MTHFD2;ENPP2;ABCC1;AKR1C1;GCHFR;HSP90AA1;PDSS2;CTRB1;NADK;THTPA;MCCC1;SLC25A19;FLAD1;SLC22A13;SP8;PARP16;GPIHBP1;TPK1;TCN2;ALDH1L2;MMACHC;QPRT;SLC19A1;SLC52A3;CYP8B1;AOX1;NMNAT1;NAXD;NNMT;TTPA;SDC4;COQ9;SLC52A2;CYB5A;PARP9;LRP10;PTGS2;ACP5;PARP6;FOLR2;MOCOS;SLC19A2;AGRN;HSPG2;PRSS58;FPGS;MMAB;LDLRAP1;SLC23A1;PLB1;PARP4;VNN2;BST1"
"PI3K Cascade R-HSA-109704",0.389920424403183,0.592716978754902,0.0707899094502623,0.318596437261454,1.04643193348311,44,"FGF1;GAB2;TLR9;FGF18;PTPN11;FGF3;FGFR4;FGFR2;FGF23;THEM4;FGF17;FGF6;FLT3LG;FGF9;FGF16;FGF22;IRS1;FRS2;FGF4"
"SUMO E3 Ligases SUMOylate Target Proteins R-HSA-3108232",0.390326209223847,0.592716978754902,0.0626618230932491,0.259304284948984,1.03988961046608,166,"HIPK2;TP53BP1;RELA;BLM;AAAS;RNASE7;CBX2;AURKA;NUP214;RAD21;PHC3;POM121C;CASP8AP2;NUP50;PIAS2;TDG;NUP62;HIC1;UHRF2;NPM1;SP100;MITF;DDX17;NUP188;TOPORS;XPC;CBX8;NUP210;NFKB2;NUP35;MDM2;SIN3A;NUP133;PGR;RXRA;STAG2;NUP58;IKBKE;PHC1;HDAC7;HDAC4;SP3;PIAS1;NR5A2;TFAP2B;ING3;H4C15;VHL;TOP1"
"Translesion Synthesis By POLI R-HSA-5656121",0.39209726443769,0.592716978754902,0.0774767547848578,0.407854144411412,1.06656409191931,16,"RPS27A;SLC19A1;UBA52;RFC4;MAD2L2;RFC3"
"Antigen Presentation: Folding, Assembly, Peptide Loading Of Class I MHC R-HSA-983170",0.393210749646393,0.593631235235887,0.0736212741014394,0.351634411017669,1.06019933487821,28,"ATG14;HLA-C;HLA-G"
"Cell Junction Organization R-HSA-446728",0.394313967861557,0.59452764921762,0.0667426134241917,0.284753535431974,1.04296565152033,83,"CRB3;CLDN5;CD151;CLDN11;CLDN2;PARD6G;JUP;CLDN16;FLNC;LIMS2;CLDN15;PARVA;ITGB1;CLDN1;DST;CLDN7;CDH24;CLDN3;CLDN4;CLDN17;ITGA6;SDK1"
"GAB1 Signalosome R-HSA-180292",0.402898550724638,0.60555288141495,0.11378726182188,-0.34347680875374,-1.02969675516812,17,"GRB2;PIK3R1"
"Metabolism Of Folate And Pterines R-HSA-196757",0.402402402402402,0.60555288141495,0.0755015292281669,0.402250363974795,1.04280349850062,15,"DHFR;MTHFD2;ALDH1L2;SLC19A1;FOLR2;FPGS"
"Regulation Of Complement Cascade R-HSA-977606",0.403183023872679,0.60555288141495,0.069119845655101,0.316110117856767,1.03826560229539,44,"C4B;AKR1C1;SERPING1;C8G;CPNE1;C1QC;C3AR1;C1S;C3;CR1;CFI;C1QB;CFHR4;CFHR5;C8A;C5;C1R"
"Costimulation By CD28 Family R-HSA-388841",0.404040404040404,0.606060606060606,0.0665892104103933,0.296167868555105,1.03876844255411,65,"PRR5;CD274;MAP3K14;CSK;PTPN11;PDCD1;HLA-DPA1;PKN1;TARP;YES1;LCK;CD80;HLA-DQA1;PTPN6"
"SUMOylation R-HSA-2990846",0.405829596412556,0.607962951236782,0.060640400949416,0.25628814869136,1.03020050178708,172,"HIPK2;TP53BP1;RELA;BLM;AAAS;RNASE7;CBX2;AURKA;NUP214;RAD21;PHC3;POM121C;CASP8AP2;NUP50;PIAS2;TDG;NUP62;HIC1;UHRF2;NPM1;SP100;MITF;DDX17;NUP188;TOPORS;XPC;CBX8;NUP210;NFKB2;NUP35;MDM2;SIN3A;NUP133;PGR;RXRA;STAG2;NUP58;IKBKE;PHC1;HDAC7;HDAC4;SP3;PIAS1;NR5A2;TFAP2B;SAE1;ING3;H4C15;VHL;TOP1"
"FLT3 Signaling R-HSA-9607240",0.406424581005587,0.608073700042974,0.0713052987340038,0.328370944350572,1.03961536396432,36,"GAB2;RPS27A;CSK;PTPN11;FOXO3;LCK;UBA52;GRB10;GRAP2;FLT3LG;STAT5B;SH2B3"
"Estrogen-dependent Nuclear Events Downstream Of ESR-membrane Signaling R-HSA-9634638",0.408496732026144,0.60961085201344,0.120985142145252,-0.311836111754307,-1.02322707446547,24,"MAPK3;CREB1;BCL2;EGFR;AKT1;FOS;CDKN1B;UHMK1;MAPK1"
"Triglyceride Catabolism R-HSA-163560",0.408227848101266,0.60961085201344,0.118815039412263,-0.315280759960402,-1.02649819932178,23,"PRKACB;FABP3;PPP1CB;PRKCA;PNPLA4;GPD2;MGLL;PPP1CC"
"HSP90 Chaperone Cycle For Steroid Hormone Receptors (SHR) In Presence Of Ligand R-HSA-3371497",0.410150891632373,0.610517972621147,0.0699458736501659,0.325289915559953,1.04270068978431,38,"HSPA1A;DYNC1LI2;HSPA2;DNAJB1;HSPA1B;FKBP4;HSP90AA1;FKBP5;DNAJA1"
"Signaling By Non-Receptor Tyrosine Kinases R-HSA-9006927",0.409749670619236,0.610517972621147,0.0679922591544058,0.309595139229505,1.04226681471457,51,"PTK6;RPS27A;ELMO1;CDK4;SRMS;CCND1;CCNE1;ERBB3;CRK;UBA52;PELP1;HIF1A;RNASE1;DOK1"
"Cellular Response To Heat Stress R-HSA-3371556",0.412698412698413,0.613495959237761,0.0639271933359996,0.276032867146773,1.03212931070774,96,"CRYAB;HSPA1A;AAAS;RNASE7;HSPA2;SERPINH1;DNAJB1;HSPA1B;NUP214;ATM;ST13;FKBP4;HSP90AA1;POM121C;BAG2;NUP50;NUP62;HIKESHI;HSPA6;NUP188;AKT1S1;NUP210;NUP35;NUP133;HSPB8;PTGES3;NUP58;RPTOR;SIRT1;HSBP1;HSF1"
"Oxidative Stress Induced Senescence R-HSA-2559580",0.41320293398533,0.613495959237761,0.0639271933359996,0.278514139009865,1.03064710939667,88,"MAP4K4;H2AC19;RPS27A;CBX2;TFDP1;H2AJ;H2BC17;CDK4;E2F1;PHC3;H2AB1;H2BC21;H2AX;UBA52;CBX8;CDKN2C;H2AC14;MDM2;CDK6;H3C13;AGO3;H2AC20;RBBP4;MAP2K3;H2BC15;H2BC5;EZH2;PHC1"
"Signal Transduction By L1 R-HSA-445144",0.414634146341463,0.614838689682958,0.115240003147781,-0.319725117946509,-1.01513795635036,20,"L1CAM;MAPK3;CSNK2B;MAP2K1;EGFR;ITGAV;MAP2K2;MAPK1"
"Diseases Of Programmed Cell Death R-HSA-9645723",0.417840375586854,0.618806749124187,0.14641623786055,-0.238609460082056,-1.01264574051411,68,"PRDX2;APP;CAPNS1;RBBP7;YWHAE;DNMT3A;CDK5R1;CAPN1;H2AZ1;JUN;H2AC7;C1QBP"
"Cell Death Signaling Via NRAGE, NRIF And NADE R-HSA-204998",0.41871921182266,0.619322332315646,0.150169802128406,-0.23629948419878,-1.0088335610342,73,"ABR;BEX3;PLEKHG5;MAGED1;ARHGEF3;NGEF;YWHAE;ARHGEF9;ARHGEF11;RASGRF2;ARHGEF12;ARHGEF7;TRIO;ARHGEF17;MAPK8;ITGB3BP;VAV3;NCSTN;SQSTM1"
"Signaling By CSF3 (G-CSF) R-HSA-9674555",0.423512747875354,0.625619464266504,0.0699458736501659,0.339488871691787,1.02846077803307,29,"GAB2;RPS27A;PTPN11;CSF3R;SOCS1;UBA52;ELOC;TYK2;STAT5B;CUL5"
"Metabolism Of Fat-Soluble Vitamins R-HSA-6806667",0.424202127659574,0.625845616913683,0.0667426134241917,0.310676705487888,1.02655738776961,46,"APOC3;APOM;APOB;LRP2;C1D;AKR1C1"
"Post-translational Protein Phosphorylation R-HSA-8957275",0.42603550295858,0.627756858526089,0.16440575583821,-0.220293300349997,-1.00847270962344,105,"CHGB;SCG3;APP;SPARCL1;APLP2;NUCB1;SHISA5;PPP3CA;CST3;P4HB;CHRDL1;VGF;FUCA2;F5;SCG2;AMELX;IGFBP7;GAS6;WFS1"
"FLT3 Signaling In Disease R-HSA-9682385",0.429587482219061,0.63198173001899,0.0694481442003175,0.347946474462448,1.03372644970106,26,"GAB2;RPS27A;PTPN11;SPTBN1;MYO18A;ETV6;UBA52;BCL2L1;FLT3LG;STAT5B;LONP1"
"Interconversion Of Nucleotide Di- And Triphosphates R-HSA-499943",0.42998585572843,0.63198173001899,0.069119845655101,0.342004875483469,1.03116569411763,28,"AK8;AK2;RRM2B;AK9;AK4;RRM1;CTPS1;CMPK1;AK6;DCTD;TYMS;DCTPP1;TXN2;NME4;RRM2"
"SUMOylation Of Transcription Factors R-HSA-3232118",0.431547619047619,0.633479335130279,0.0714786287425507,0.377300744455185,1.029765194686,19,"TP53BP1;PIAS2;HIC1;MITF;MDM2;SP3;PIAS1;TFAP2B;TFAP2A;CDKN2A"
"Glycerophospholipid Biosynthesis R-HSA-1483206",0.433566433566434,0.635643251221141,0.0593487680335629,0.265241126717125,1.02248086456817,126,"GPAT2;PLAAT3;PLA2G3;TMEM86B;PLD4;PLBD1;GPAM;GPD1;PLAAT5;PTDSS2;SLC44A1;SLC44A2;AGPAT3;PLA2G12A;ABHD4;PLD2;CPNE1;PLA2G5;MIGA2;PLA1A;ACP6;PHOSPHO1;PLA2G4E;ACHE;GPAT3;CPNE7;MFSD2A;LIPH;PLA2G2D;DGAT2;HADHA;DGAT1"
"Signaling By Cytosolic FGFR1 Fusion Mutants R-HSA-1839117",0.434782608695652,0.636626479733784,0.108820126769161,-0.334019015227099,-1.00134357656264,17,"GRB2;PIK3R1"
"Smooth Muscle Contraction R-HSA-445355",0.440329218106996,0.643940097156471,0.132147260608774,-0.268201706908007,-1.02640226264232,42,"CALM1;MYL12B;ANXA6;MYL6B;GUCY1B1;ALDH2;GUCY1A1;TPM3;TLN1"
"Glycogen Metabolism R-HSA-8982491",0.441690962099125,0.644316690962099,0.0692836467392548,0.351904545935926,1.0094608596377,23,"RPS27A;PHKA2;PHKG1;NHLRC1;PGM1;UBA52;PYGL;PYGM;GYS1"
"SUMOylation Of Transcription Cofactors R-HSA-3899300",0.44137022397892,0.644316690962099,0.0643583367917361,0.312759406622865,1.02252952797123,42,"HIPK2;CBX2;PHC3;CASP8AP2;PIAS2;UHRF2;NPM1;DDX17;TOPORS;CBX8;SIN3A;PHC1;PIAS1;ING3;DAXX"
"Negative Regulation Of FGFR4 Signaling R-HSA-5654733",0.442508710801394,0.644703702253716,0.119887845115423,-0.282725228415589,-0.992388409089687,30,"GRB2;PPP2CA;PPP2R1A;MAPK3;PPP2CB;FGF13"
"PI-3K cascade:FGFR2 R-HSA-5654695",0.443148688046647,0.64483107101052,0.069119845655101,0.351304231517875,1.00773881905738,23,"FGF1;FGF18;PTPN11;FGF3;FGFR2;FGF23;FGF17;FGF6;FGF9;FGF16;FGF22;FRS2;FGF4"
"Mitotic G1 Phase And G1/S Transition R-HSA-453279",0.444444444444444,0.645911166459112,0.188204146308491,-0.209686490799007,-1.01430141542941,146,"PPP2CA;PSMC5;PPP2R1A;PSMB7;PSMD2;PSMD7;PSMC4;PSMB5;PSMA1;PSMD8;SKP1;MNAT1;PPP2CB;CABLES1;PSMC2;CCND3;PSMB6;ORC4;PSMA5;PPP2R2A;CDK7;PSMC6;RPA4;AKT1;PSMD11;PSMC3;PSMD12;CDK2;LIN52;SLC25A2;SEM1;PSMD3;PSMF1"
"Biosynthesis Of N-glycan Precursor (Dolichol LLO) And Transfer To Protein R-HSA-446193",0.445137157107232,0.646113261622064,0.0613026075396207,0.281258789397685,1.01237839223854,75,"NUDT14;ALG6;NAGK;ALG10B;DPM2;NEU2;NUS1;DPM1;MPDU1;NEU4;NEU3;RENBP;NANP;DOLK;PMM2;ALG12;ST8SIA2;GNE;GFPT2;ST3GAL1;SRD5A3;ALG9;SLC17A5;ST6GAL1"
"Formation Of Fibrin Clot (Clotting Cascade) R-HSA-140877",0.445983379501385,0.646537396121884,0.0662842187012672,0.32043382884736,1.01901318174513,37,"PF4;GP9;PROC;F7;SERPING1;CD177;PF4V1;GP5;FAM110A;PROCR;KNG1;F12"
"Intra-Golgi Traffic R-HSA-6811438",0.446666666666667,0.646724565756824,0.0643583367917361,0.312781591857073,1.01584922347349,40,"MAN2A1;NAPSA;COG2;RAB36;CYTH4;GOLIM4"
"Sphingolipid Metabolism R-HSA-428157",0.450980392156863,0.652161236241709,0.0598603117764473,0.273119505023514,1.00737904059266,87,"DEGS2;GLTP;UGT8;NAT8;ACER2;SMPD3;PLPP2;NEU2;ARSA;NEU4;CPTP;NEU3;FA2H;ALDH3B1;SPTSSA;CERS2;GM2A;HEXA;KDSR"
"Diseases Associated With TLR Signaling Cascade R-HSA-5602358",0.452750352609309,0.653102177373379,0.066436413766281,0.327645616662354,1.00977030878224,31,"RELA;TIRAP;TLR2;CD36;UNC93B1;TLR1;NFKB2;BTK;IRAK4;TLR10;NFKBIA"
"Regulation Of Necroptotic Cell Death R-HSA-5675482",0.452616690240453,0.653102177373379,0.0665892104103933,0.337818922299816,1.01854478830726,28,"RPS27A;FLOT2;HSP90AA1;TRADD;PELI1;CFLAR;UBA52;SDCBP;FASLG;TNFRSF10A"
"O-glycosylation Of TSR Domain-Containing Proteins R-HSA-5173214",0.454046639231824,0.654163491337703,0.0649407684612899,0.314875025143376,1.00931627513776,38,"ADAMTSL5;POFUT2;ADAMTSL1;ADAMTS7;ADAMTS3;ADAMTS14;SBSPON;THSD7A;THBS2;ADAMTS19;ADAMTS12;SEMA5A;ADAMTS18;SPON1;B3GLCT;ADAMTSL2"
"TP53 Regulates Transcription Of Cell Cycle Genes R-HSA-6791312",0.455153949129853,0.654950257255904,0.0636424081651019,0.303199953110149,1.01071806913038,49,"TFDP1;AURKA;CDC25C;E2F1;CNOT2;CCNE2;CCNE1;NPM1;CNOT11;PLK3;E2F8"
"Processing Of Capped Intron-Containing Pre-mRNA R-HSA-72203",0.456140350877193,0.655561317085818,0.282013350011725,-0.195086446589774,-1.00929015241216,240,"HNRNPD;PRPF19;SNRPN;SRSF9;SF1;PQBP1;PRPF8;SRSF5;SNRPD3;TXNL4A;SNRPB;SRSF1;HSPA8;POLR2A;POLR2E;POLR2C;HNRNPA0;DDX5;PABPN1;NUP98;CPSF2;WDR33;HNRNPU;CHERP;SRSF4;SNRNP200;U2SURP;CDC5L;DDX39B;FUS;PUF60;NUP88;SNRNP70;GPKOW;DDX39A;SART1;NUDT21;FIP1L1"
"Activated NOTCH1 Transmits Signal To Nucleus R-HSA-2122948",0.461538461538462,0.658454015422231,0.0650877566917313,0.331448349244412,1.01367693442336,30,"RPS27A;PSEN1;APH1B;ARRB2;DLL1;NUMB;JAG1;UBA52;DTX4;DNER;DLK1;PSEN2"
"Azathioprine ADME R-HSA-9748787",0.461538461538462,0.658454015422231,0.106323255932708,-0.304447067998184,-0.98370468203295,21,"GMPS;GUK1;NME2;SLC29A2;VAV3;IMPDH2;SLC28A3"
"E2F Mediated Regulation Of DNA Replication R-HSA-113510",0.460843373493976,0.658454015422231,0.107554375265169,-0.305075242097405,-0.997645204949011,22,"PPP2CA;PPP2R1A;PPP2CB;ORC4"
"Metabolic Disorders Of Biological Oxidation Enzymes R-HSA-5579029",0.459269662921348,0.658454015422231,0.0655321029282414,0.323142503156283,1.00758815801521,32,"CYP11B1;CYP26C1;CYP4F22;CYP7B1;GGT1;CYP27B1;ACY1;CYP2R1;CYP1B1;CYP27A1;CYP17A1;CYP26B1;CYP11B2;TBXAS1"
"Regulation Of PTEN Gene Transcription R-HSA-8943724",0.460526315789474,0.658454015422231,0.133554954557592,-0.237820747184277,-0.986501078326007,60,"CBX6;RBBP7;PTEN;MAPK3;MTA1;LAMTOR3;JUN;MTA2;RRAGA;CHD3;GATAD2B"
"Regulation Of TP53 Activity Thru Phosphorylation R-HSA-6804756",0.459657701711491,0.658454015422231,0.0588438169595807,0.273025276173202,1.01033546332874,88,"HIPK2;RPS27A;BLM;BARD1;TPX2;AURKA;ATM;PRKAB2;MRE11;TAF2;TOPBP1;PLK3;UBA52;TAF1;RFC4;RMI2;MDM2;TAF4;CSNK2A2;TAF7L"
"FRS-mediated FGFR4 Signaling R-HSA-5654712",0.462349397590361,0.658805551877841,0.0686325631836726,0.364438796714072,1.01020931656426,21,"FGF1;FGF18;PTPN11;FGFR4;FGF23;FGF17;FGF6;FGF9;FGF16;FRS2;FGF4"
"Cellular Senescence R-HSA-2559583",0.465458663646659,0.660628900036706,0.0546808488785442,0.251899614373288,1.00211230256072,160,"MAP4K4;RELA;H2AC19;RPS27A;DAND5;TINF2;CBX2;H3-4;TFDP1;H2AJ;MAPK7;H2BC17;ATM;CDK4;E2F1;MRE11;PHC3;POT1;H2AB1;CCNE2;CCNE1;H2BC21;TERF1;H2AX;HMGA2;ETS1;UBA52;CBX8;CDKN2C;H2AC14;MDM2;CDK6;H3C13;AGO3;H2AC20;ANAPC7;RBBP4;MAP2K3;H2BC15;H2BC5;EZH2;RPS6KA3;PHC1;UBE2S"
"Elastic Fibre Formation R-HSA-1566948",0.467025572005384,0.660628900036706,0.0626618230932491,0.311487554999309,1.00675938817849,39,"TGFB3;BMP4;BMP7;ITGB1;EFEMP1;GDF5;TGFB1;MFAP4;LOXL2;ITGB5;FBLN1;BMP10;EFEMP2;MFAP2;LOX;ITGB6"
"IRS-mediated Signaling R-HSA-112399",0.466045272969374,0.660628900036706,0.062249042949858,0.303324965409823,1.00706614142682,47,"FGF1;GAB2;TLR9;FGF18;PTPN11;FGF3;FGFR4;FGFR2;FGF23;THEM4;FGF17;FGF6;FLT3LG;FGF9;FGF16;FGF22;IRS1;FRS2;FGF4"
"NOTCH3 Activation And Transmission Of Signal To Nucleus R-HSA-9013507",0.466954022988506,0.660628900036706,0.0658311958368866,0.342913873643297,0.998627860477507,24,"RPS27A;PSEN1;APH1B;DLL1;JAG1;UBA52"
"Regulation Of RUNX1 Expression And Activity R-HSA-8934593",0.464231354642314,0.660628900036706,0.0689567351672811,0.387277146998094,1.02352574676836,17,"PTPN11;CBFB;CCND1;AGO2;CDK6;AGO3"
"Xenobiotics R-HSA-211981",0.465671641791045,0.660628900036706,0.0678338263479455,0.360144789861743,1.01456189312019,22,"CYP2W1;AHRR;CYP2A7;CYP2A13;CYP2B6;CYP2C19;CYP2J2;CYP2C18;CYP2S1;CYP1A2"
"CDC42 GTPase Cycle R-HSA-9013148",0.468253968253968,0.66156462585034,0.183023938384487,-0.206848466062593,-1.00057324202063,146,"PIK3R1;ABR;ARHGDIG;ARHGEF25;WASL;RAB7A;ARHGAP26;ARHGAP44;TFRC;NGEF;BAIAP2;GIT1;ARHGAP32;FARP1;PIK3R2;YKT6;ARHGEF9;ARHGEF11;RASGRF2;ARHGEF12;PLEKHG4;ARHGEF7;TMPO;TRIO;IQGAP2;ARHGAP1;PRKCSH;VAV3;ARHGAP29;STOM;PARD6A;LAMTOR1;CDC42EP3;ARFGAP2;ARHGAP11B;GMIP;STARD13;DOCK7;ECT2;VANGL1"
"RAF-independent MAPK1/3 Activation R-HSA-112409",0.473760932944606,0.668535681676367,0.0658311958368866,0.344907732923179,0.989390050777337,23,"PTPN11;DUSP2;DUSP6;DUSP4;IL6ST;TYK2;IL6R;DUSP12;DUSP10;DUSP9;DUSP8"
"Effects Of PIP2 Hydrolysis R-HSA-114508",0.475694444444444,0.670453401771336,0.114750719227023,-0.288888175741554,-0.97709836953732,27,"DGKZ;ITPR1;DGKE;PRKCE;DAGLB;MGLL;DGKI;DGKH;DGKG;ABHD6;RASGRP1"
"HDMs Demethylate Histones R-HSA-3214842",0.476529160739687,0.670819699135362,0.0643583367917361,0.333964032599843,0.992185520145407,26,"KDM1A;UTY;KDM4B;JMJD6;H3C13;KDM5A;ARID5B;PHF2;H4C15;KDM4A;KDM6A;KDM4D;KDM6B"
"ADORA2B Mediated Anti-Inflammatory Cytokine Production R-HSA-9660821",0.482993197278912,0.677724466818511,0.165656695205483,-0.203738274970958,-0.975590925981445,130,"GNAS;CHGA;GNB1;PRKAR1B;GNG3;PRKAR2B;ADCY1;PRKACB;PRKAR1A;GNB5;GNB2"
"Class C/3 (Metabotropic Glutamate/Pheromone Receptors) R-HSA-420499",0.483176312247645,0.677724466818511,0.0610363728309177,0.307925736446677,0.995247229155453,39,"TAS1R3;GRM4;TAS2R60;TAS2R3;GPRC6A;TAS2R40;GRM2;TAS2R5;GRM6;TAS2R39;TAS1R2;TAS2R9;TAS2R38;UBD"
"RHOC GTPase Cycle R-HSA-9013106",0.483103879849812,0.677724466818511,0.057609110864425,0.276397373772986,0.990769296085907,73,"ANLN;ERBIN;ARHGAP21;FMNL2;FLOT2;PKN1;CAV1;ARHGEF40;JUP;CAVIN1;MYO9B;DIAPH3;ACBD5;RTKN;STK10;PREX1"
"Aberrant Regulation Of Mitotic Cell Cycle Due To RB1 Defects R-HSA-9687139",0.486033519553073,0.680913706264629,0.0625237414724762,0.315009523051675,0.997313390827796,36,"CDKN1C;TFDP1;CDK4;E2F1;CCND1;CCNE2;CCNE1"
"Antiviral Mechanism By IFN-stimulated Genes R-HSA-1169410",0.489467162329616,0.682905420232609,0.0565299525056311,0.271229800599701,0.98822534755434,80,"RPS27A;AAAS;RNASE7;USP18;NUP214;POM121C;NUP50;NUP62;HERC5;PDE12;NUP188;FLNB;UBA52;NUP210;ISG15;KPNA4;NUP35;NUP133;EIF2AK2;NUP58;IRF3"
"Assembly Of ORC Complex At Origin Of Replication R-HSA-68616",0.489539748953975,0.682905420232609,0.0621124188949471,0.314966087509897,0.990150195768924,35,"H2AC19;H2AJ;H2BC17;SLC25A15;H2AB1;H2BC21;H2AX;H2AC14;H3C13;H2AC20;H2BC15;H2BC5;H4C15;ORC5;H2AZ2;ORC3"
"Mitotic Prometaphase R-HSA-68877",0.488888888888889,0.682905420232609,0.213927855492356,-0.199669760960064,-1.00642539461974,183,"TUBB4B;DYNC1H1;TUBA4A;YWHAG;PPP2CA;PRKAR2B;DCTN3;PPP2R1A;DCTN1;YWHAE;PPP2R5B;HAUS3;PPP2CB;TUBB4A;HAUS8;CLIP1;CSNK2B;PAFAH1B1;DYNC1I1;SSNA1;NUP98;CSNK1E;RANGAP1;TUBGCP3;PRKCA"
"Mitotic Prophase R-HSA-68875",0.489795918367347,0.682905420232609,0.0550211117163117,0.261222417153705,0.991220902887203,108,"H2AC19;AAAS;NEK7;RNASE7;H3-4;KMT5A;PLK1;H2AJ;NUP214;H2BC17;POM121C;PPP2R2D;NUP50;LMNA;NUP62;H2AB1;H2BC21;RAB1B;H2AX;NUP188;NUP210;H2AC14;NUP35;H3C13;NUP133;H2AC20;LEMD3;NUP58;BANF1;H2BC15;H2BC5"
"Nucleotide-binding Domain, Leucine Rich Repeat Containing NLR Signaling Pathways R-HSA-168643",0.490861618798956,0.683574593243892,0.0588438169595807,0.294309294490716,0.997340351466997,53,"RELA;P2RX7;TXNIP;NLRP1;CASP1;HMOX1;MAPK12;CYLD;PSTPIP1;NFKB2;MEFV;IRAK2;BCL2L1;TNFAIP3;NLRC4"
"Pausing And Recovery Of Tat-mediated HIV Elongation R-HSA-167238",0.494880546075085,0.688349937150923,0.11101149245045,-0.276462717007725,-0.982550100952099,31,"SUPT4H1;POLR2A;POLR2E;POLR2C;CDK9;SSRP1;POLR2K;POLR2H;POLR2G;ELOA;NELFE;NELFA;NELFB;POLR2F"
"Assembly Of HIV Virion R-HSA-175474",0.497093023255814,0.688963845771419,0.100633389423036,-0.329122417859472,-0.965911816375421,16,"PPIA;VPS28;FURIN;NMT2"
"IKK Complex Recruitment Mediated By RIP1 R-HSA-937041",0.497041420118343,0.688963845771419,0.101713902282311,-0.301157724463323,-0.973076421897837,21,"UBE2D2;NDUFA2;UBE2D1;UBE2D3;TLR4;UBE2N;LY96"
"SHC-mediated cascade:FGFR2 R-HSA-5654699",0.497014925373134,0.688963845771419,0.0646484568421928,0.351008632270704,0.98882447416442,22,"FGF1;FGF18;FGF3;FGFR2;FGF23;FGF17;FGF6;FGF9;FGF16;FGF22;FGF4"
"HIV Elongation Arrest And Recovery R-HSA-167287",0.501766784452297,0.694616651786276,0.112378519110475,-0.26627642008167,-0.965622152004402,33,"SUPT4H1;POLR2A;POLR2E;POLR2C;CDK9;SSRP1;POLR2K;POLR2H;POLR2G;ELOA;NELFE;NELFA;NELFB;POLR2F"
"Defective Pyroptosis R-HSA-9710421",0.506056527590848,0.699725080211516,0.0588438169595807,0.30374120472703,0.981722397982361,39,"H2AC19;H2AJ;H2BC17;H2AB1;H2BC21;H2AX;H2AC14;H3C13;H2AC20;RBBP4;H2BC15;H2BC5;EZH2;H4C15;H2AZ2;PRIM1;SUZ12;POLA2"
"Activation Of Matrix Metalloproteinases R-HSA-1592389",0.51182197496523,0.706538661131292,0.0598603117764473,0.310891437413805,0.971619978621897,33,"KLK2;CTRB1;TPSAB1;TIMP1;MMP2;MMP3;MMP28;MMP13"
"Downstream Signaling Of Activated FGFR1 R-HSA-5654687",0.51219512195122,0.706538661131292,0.110122263835536,-0.271839042954359,-0.954177018010554,30,"GRB2;PIK3R1;FLRT2;FGF13;FLRT1;FLRT3"
"Acyl Chain Remodelling Of PS R-HSA-1482801",0.513432835820895,0.70657561250352,0.0630790410571939,0.344633313190876,0.970864598089692,22,"PLAAT3;PLA2G12A;PLA2G5;PLA1A;PLA2G4E;PLA2G2D;PLA2G4D;PLA2G2A;PLA2R1;PLA2G1B;PLA2G10;PLA2G4F"
"Vitamin B5 (Pantothenate) Metabolism R-HSA-199220",0.51304347826087,0.70657561250352,0.0985499803531691,-0.317658311731019,-0.952296412757593,17,"PPCS;FASN;PDZD11;AASDHPPT"
"MTOR Signaling R-HSA-165159",0.516260162601626,0.709545229856649,0.119887845115423,-0.254775956674699,-0.966530761038955,41,"YWHAB;CAB39;CAB39L;LAMTOR3;RRAGA;STK11;AKT1;LAMTOR5;LAMTOR1"
"VEGFR2 Mediated Vascular Permeability R-HSA-5218920",0.516806722689076,0.709545229856649,0.0597317976364411,0.322558963156711,0.968249603124091,27,"PRR5;PKN1;CAV1;HSP90AA1;JUP"
"ZBP1(DAI) Mediated Induction Of Type I IFNs R-HSA-1606322",0.518072289156627,0.710446958220662,0.0630790410571939,0.349764630004082,0.96953313154524,21,"RELA;NFKBIB;NFKB2;DTX4;IRF3"
"Translesion Synthesis By POLK R-HSA-5655862",0.521276595744681,0.714002097692538,0.0632191170859458,0.371557605398256,0.971646372673746,16,"RPS27A;SLC19A1;UBA52;RFC4;MAD2L2;RFC3"
"FRS-mediated FGFR3 Signaling R-HSA-5654706",0.522321428571429,0.714594498408977,0.0621124188949471,0.357183300432857,0.974858746806731,19,"FGF1;FGF18;PTPN11;FGF23;FGF17;FGF9;FGF16;FRS2;FGF4"
"FGFR2 Mutant Receptor Activation R-HSA-1839126",0.522948539638387,0.714614690583135,0.0588438169595807,0.309110517053046,0.966054119950322,33,"FGF1;FGF18;FGF3;GTF2F2;POLR2L;FGFR2;POLR2J;FGF23;FGF17;FGF6;FGF9;FGF16;FGF22;FGF4"
"Ub-specific Processing Proteases R-HSA-5689880",0.524122807017544,0.715381655894121,0.0477342401407188,0.240910884061407,0.976529911577298,183,"USP17L12;USP17L11;USP17L3;USP17L15;USP17L17;H2AC19;GATA3;RPS27A;USP18;FOXO4;MUL1;H2BC18;SMAD7;H2BC17;AXIN1;CDC20;ATXN7;CFTR;ARRB2;USP47;UFD1;CCP110;PSMD10"
"Sensory Perception Of Sweet, Bitter, And Umami (Glutamate) Taste R-HSA-9717207",0.527777777777778,0.719528816199377,0.116739204791222,-0.256377755017093,-0.970552007492536,40,"SCN1B;GNB1;SCN2A;SCN2B;TAS2R20;SCN3A;TAS2R46"
"PI3K/AKT Signaling In Cancer R-HSA-2219528",0.529411764705882,0.72081979272392,0.0514264916187015,0.256431333562652,0.971373412973584,105,"FGF1;GAB2;RAC2;PDGFB;PRR5;FGF18;FOXO4;TRAT1;PTPN11;FGF3;FOXO3;FGFR4;LCK;ERBB3;CD80;FGFR2;AKT1S1;FGF23;RNASE1;MDM2;FGF17;KIT;FGF6;RICTOR;STRN;FLT3LG;FGF9;FOXO1;FOXO6;FGF16;RHOG;PDGFRB;FGF22;IRS1;BTC;PDGFA;EREG;FRS2;FGF4"
"PKMTs Methylate Histone Lysines R-HSA-3214841",0.529960053262317,0.72081979272392,0.0561766586307176,0.289868489936328,0.962389433678783,47,"RELA;PRDM9;KMT5A;KMT5C;KMT2E;SETD7;KMT2A;RBBP5;NFKB2;WDR5;H3C13;RBBP4;EZH2;NSD1;SETD1B;H4C15;SUZ12;MECOM;KMT2C;SETD3;EHMT1;SETDB2;DOT1L;EED;SUV39H1;ATF7IP"
"Transcriptional Regulation By RUNX1 R-HSA-8878171",0.531079607415485,0.721501631960269,0.0468819856878333,0.237464929743208,0.967968070742067,199,"HIPK2;H2AC19;GATA3;RPS27A;PF4;LMO1;CBX2;TCF7L1;ELF2;H2AJ;IL2RA;PTPN11;CLDN5;H2BC17;NFATC2;AXIN1;KAT2B;GPAM;CBFB;PHC3;YAP1;PSMD10;KMT2E;ZFPM1;CCND1;H2AB1;PAX5;RYBP;H2BC21;AGO2;GATA2;H2AX;TJP1;CR1;TNFRSF18;UBA52;KMT2A;RBBP5;CBX8;PSME2;H2AC14;SOCS4;WDR5;CDK6;SIN3A;H3C13;CSF2;ABL1;AGO3;H2AC20;CTSL;H2BC15;CSNK2A2;H2BC5"
"Metabolism Of Amine-Derived Hormones R-HSA-209776",0.533733133433283,0.724263449670514,0.0614364107201271,0.354560053895013,0.95712223891992,18,"DUOX1;AANAT;DIO3;ASMT;TPO;TPH2;TPH1;TSHB;SLC5A5"
"ABC Transporters In Lipid Homeostasis R-HSA-1369062",0.535232383808096,0.725410376035864,0.0613026075396207,0.354350775051324,0.956557298134206,18,"ABCG4;ABCA2;PEX3;ABCG5;ABCG8;ABCA10"
"Telomere Extension By Telomerase R-HSA-171319",0.536443148688047,0.725410376035864,0.0598603117764473,0.330796059029596,0.948909805142383,23,"TINF2;POT1;DKC1;TERF1;WRAP53;TERT;SHQ1"
"Visual Phototransduction R-HSA-2187338",0.536019536019536,0.725410376035864,0.05163559644842,0.258728514831243,0.966252117262211,95,"APOC3;APOM;APOB;LRP2;GUCY2F;C1D;STRA6;RHO;AKR1C1;OPN1SW;RPE65;GPIHBP1;DHRS9;FNTA;GRK1;RDH8;HSD17B1;OPN1LW;MYO7A"
"HCMV Infection R-HSA-9609646",0.537102473498233,0.725461327051433,0.0498907356726307,0.253610330642924,0.97023502529421,116,"H2AC19;DYNC1LI2;AAAS;RNASE7;VPS37D;H2BC18;NUP214;H2BC17;MVB12B;POM121C;NUP50;NUP62;ITGB1;H2BC21;RRM1;VPS25;NUP188;NUP210;RNASE1;SNF8;H2AC14;CEBPD;NUP35;TSG101;H3C13;NUP133;H2AC20;RBBP4;NUP58;CHMP2A;H2BC15;H2BC5;EZH2;DYNC1LI1;TRMU;USH2A;CHMP6;DYNLL2;CBX1;H4C15;VPS37C;IRS1;DAXX;TXN2;H2AC1;SUZ12;CHMP4C"
"RNA Polymerase I Promoter Escape R-HSA-73772",0.540364583333333,0.729023663294798,0.0542315935495841,0.285102843418549,0.971808620075465,55,"RRN3;H2AC19;H2AJ;H2BC17;TAF1A;POLR1F;H2AB1;POLR2L;H2BC21;CBX3;H2AX;H2AC14;H3C13;H2AC20;H2BC15;H2BC5"
"Aflatoxin Activation And Detoxification R-HSA-5423646",0.541666666666667,0.729770292241631,0.0603786357920401,0.353065169058663,0.96361914969856,19,"AKR7A3;AKR7L;GGT1;CYP2A13;ACY1;MGST1;DPEP1;DPEP2;DPEP3;ACY3"
"TP53 Regulates Transcription Of Additional Cell Cycle Genes With Uncertain Roles In P53 Pathway R-HSA-6804115",0.542168674698795,0.729770292241631,0.0609039347452418,0.343119224767584,0.951112342258303,21,"CDC25C;CNOT2;NPM1;CNOT11;PLK3"
"Insulin Receptor Signaling Cascade R-HSA-74751",0.543080939947781,0.730156056358364,0.0541200569620232,0.283750964447143,0.961560820226628,53,"FGF1;GAB2;TLR9;FGF18;PTPN11;FGF3;FGFR4;FGFR2;FGF23;GRB10;THEM4;FGF17;FGF6;FLT3LG;FGF9;FGF16;FGF22;INSR;IRS1;FRS2;FGF4"
"Generation Of Second Messenger Molecules R-HSA-202433",0.544554455445545,0.730398488327593,0.0577308549299813,0.316765946814933,0.955068774848614,28,"HLA-DPA1;LCP2;PKN1;TARP;LCK;HLA-DQA1;GRAP2;FYB1;ITK;ZAP70;CD3D;ENAH;HLA-DRB1;CD3E;HLA-DQA2;VASP"
"Interleukin Receptor SHC Signaling R-HSA-912526",0.545138888888889,0.730398488327593,0.105920292736253,-0.270620447669129,-0.915311945538137,27,"GRB2;PIK3R1;CLSTN1;PIK3R2"
"KSRP (KHSRP) Binds And Destabilizes mRNA R-HSA-450604",0.544901065449011,0.730398488327593,0.0611692626746689,0.362597444350649,0.958300335772524,17,"KHSRP;EXOSC6;EXOSC3;EXOSC2;EXOSC1;EXOSC4;MAPK14"
"Disorders Of Transmembrane Transporters R-HSA-5619115",0.551724137931034,0.735002361832782,0.0460457683018055,0.2398732322306,0.96651358832075,174,"SLC6A3;SLC34A3;RPS27A;SLC24A4;AAAS;RNASE7;RNF185;SLC7A7;SLC6A20;SLC4A1;NUP214;SLC39A4;CFTR;SLC2A10;SLC34A1;SLC6A18;POM121C;SLC6A2;ABCC6;NUP50;PSMD10;NUP62;ERLIN2;TAC4;SLC6A5;SLCO1B3;SLC2A2;ABCG5;NUP188;SLC9A9;KCNJ11;SLC6A19;UBA52;ABCG8;AVPR2;SLC22A18;SLC7A9;PSME2;NUP210;DERL2;NUP35;MAP4K2;NUP133;NUP58;SLCO2A1"
"NOTCH3 Intracellular Domain Regulates Transcription R-HSA-9013508",0.550287356321839,0.735002361832782,0.0579754757571486,0.325710126156645,0.948527404166832,24,"HEYL;KAT2B;MAML3;RBPJ;HEY1;NOTCH3;MAMLD1;IKZF1;MAML1;EP300"
"Platelet Degranulation R-HSA-114608",0.550405561993047,0.735002361832782,0.0480220415968251,0.251314188767446,0.968054324155775,124,"ORM2;TGFB3;PDGFB;LAMP2;SERPINA3;PF4;SPARC;ACTN4;IGF1;LHFPL2;SELENOP;CD9;AHSG;GTPBP2;SERPING1;LGALS3BP;FERMT3;SYTL4;TIMP1;TAGLN2;PPBP;IGF2;CD36;VTI1B;TOR4A;ABCC4;PECAM1;SRGN;ECM1;CTSW;TMSB4X;SERPINA1;ANXA5;TGFB1;STXBP2;SERPINF2;KNG1;CD109;ALB"
"Sialic Acid Metabolism R-HSA-4085001",0.551236749116608,0.735002361832782,0.106323255932708,-0.25398049200437,-0.921032321153992,33,"CMAS;CTSA;ST6GALNAC6;EGFL7;ST8SIA3;ST8SIA1;ST8SIA5;ST3GAL2;ST8SIA6;ST6GAL2;ST3GAL4;ST6GALNAC3;NANS"
"Signaling By FLT3 ITD And TKD Mutants R-HSA-9703648",0.550595238095238,0.735002361832782,0.0959206777921745,-0.329779187136739,-0.937669892012662,15,"GRB2;PIK3R1"
"Transcriptional Regulation By RUNX3 R-HSA-8878159",0.553672316384181,0.736756662736989,0.13880510939114,-0.214844504695738,-0.96452071511774,93,"PSMC5;PSMB7;PSMD2;PSMD7;PSMC4;PSMB5;PSMA1;PSMD8;PSMC2;PSMB6;PSMA5;BRD2;PSMC6;PSMD11;PSMC3;PSMD12;CTNNB1;SEM1;PSMD3;PSMF1"
"FGFR1 Mutant Receptor Activation R-HSA-1839124",0.555244755244755,0.738007550536024,0.0562940749700968,0.310890361433988,0.950803916322378,30,"FGF1;GAB2;ERLIN2;MYO18A;TRIM24;FGF23;FGF17;FGF6;FGF9;STAT5B;CPSF6;FGF4;CNTRL"
"Inactivation, Recovery And Regulation Of Phototransduction Cascade R-HSA-2514859",0.557491289198606,0.740150551188593,0.104732821580651,-0.263526313526702,-0.924998665664229,30,"GNB1;CALM1;GNB5;NMT2"
"ERCC6 (CSB) And EHMT2 (G9a) Positively Regulate rRNA Expression R-HSA-427389",0.55952380952381,0.74200487012987,0.053347785067549,0.292001690895221,0.952163687686474,41,"H2AC19;H2AJ;H2BC17;H2AB1;H2BC21;CBX3;H2AX;CHD4;H2AC14;H3C13;H2AC20;RBBP4;H2BC15;H2BC5;DPEP3;H4C15;H2AZ2"
"Negative Regulation Of MET Activity R-HSA-6807004",0.560975609756098,0.743085739597464,0.096240602328129,-0.293804004999606,-0.932837554704563,20,"GRB2;RNMT;SH3GL2;HGS;USP8;PTPN2;STAM2;SOS1;STAM"
"HCMV Early Events R-HSA-9609690",0.562347188264059,0.744058014403806,0.0494904866135495,0.256212359308414,0.952826308537125,92,"H2AC19;DYNC1LI2;AAAS;RNASE7;H2BC18;NUP214;H2BC17;POM121C;NUP50;NUP62;ITGB1;H2BC21;RRM1;NUP188;NUP210;RNASE1;H2AC14;NUP35;H3C13;NUP133;H2AC20;RBBP4;NUP58;H2BC15;H2BC5;EZH2;DYNC1LI1;USH2A;DYNLL2;CBX1;H4C15;IRS1;DAXX;TXN2;H2AC1;SUZ12"
"NOTCH2 Activation And Transmission Of Signal To Nucleus R-HSA-2979096",0.565281899109792,0.746248841924352,0.0582216241124161,0.340864667846742,0.941994878542647,20,"RPS27A;PSEN1;APH1B;DLL1;JAG1;UBA52"
"RNA Polymerase III Transcription Termination R-HSA-73980",0.56508875739645,0.746248841924352,0.0940503465727813,-0.285507329091386,-0.922508133281134,21,"POLR2E;NFIX;POLR3E;POLR2K;POLR2H;POLR3C;POLR3F;POLR2F;POLR3H;POLR3B"
"Aberrant Regulation Of Mitotic Exit In Cancer Due To RB1 Defects R-HSA-9687136",0.567073170731707,0.747126077818411,0.0956031492204301,-0.291960111751291,-0.926983131893355,20,"ANAPC11;UBE2D1;UBE2E1;CDC16;ANAPC15;ANAPC5;ANAPC4"
"Interactions Of Vpr With Host Cellular Proteins R-HSA-176033",0.56786703601108,0.747126077818411,0.0547939500773363,0.296243415624563,0.942085130688336,37,"AAAS;RNASE7;NUP214;POM121C;NUP50;NUP62;NUP188;NUP210;NUP35;NUP133;NUP58;BANF1"
"Transcriptional Activity Of SMAD2/SMAD3:SMAD4 Heterotrimer R-HSA-2173793",0.567243675099867,0.747126077818411,0.0530212512043078,0.283340353675915,0.948627341136133,50,"COL1A2;RPS27A;DAND5;TFDP1;SMAD7"
"mRNA 3-End Processing R-HSA-72187",0.570776255707763,0.750107984697026,0.120985142145252,-0.233928522117856,-0.956045978197006,58,"SRSF9;SRSF5;SRSF1;PABPN1;CPSF2;WDR33;SRSF4;DDX39B;DDX39A;NUDT21;FIP1L1;MAGOH;THOC2"
"Transcription Of E2F Targets Under Negative Control By P107 (RBL1) And P130 (RBL2) In Complex With HDAC1 R-HSA-1362300",0.571428571428571,0.750120520649205,0.0588438169595807,0.355503948412159,0.929665055774121,16,"TFDP1;E2F1;LIN37;RBBP4;E2F4;E2F5;RBL1;CDK1"
"Cell Cycle Checkpoints R-HSA-69620",0.576271186440678,0.751406116844996,0.245041785430996,-0.18691237216125,-0.976981316181603,264,"YWHAH;DYNC1H1;YWHAG;PPP2CA;PSMC5;UBE2V2;YWHAB;PPP2R1A;PSMB7;PSMD2;PSMD7;PSMC4;BABAM1;YWHAE;PSMB5;PPP2R5B;PSMA1;PSMD8;PPP2CB;PSMC2;ANAPC11;CLIP1;EXO1;PSMB6;ORC4;PAFAH1B1;DYNC1I1;NUP98;PSMA5;RANGAP1;UBE2D1;PSMC6;PSMD11;PSMC3;PSMD12;CDK2;ZNF385A;ITGB3BP;DYNLL1;CENPQ;UBE2E1;DSN1;SLC25A2;SEM1;PSMD3;KAT5;PSMF1;UBE2N;CENPT;PSMA3;CDKN1B;POLR1A;SEH1L;PPP1CC;BUB1B;PSMC1;PSMB1;PSMA7;CDC16"
"Cell Surface Interactions At Vascular Wall R-HSA-202733",0.575087310826543,0.751406116844996,0.0462302524077616,0.244148396568785,0.949210527075566,133,"PSG5;CD99;PF4;MAG;CD48;SLC7A7;APOB;OLR1;PTPN11;SELENOP;PROC;ITGAX;CAV1;PSG2;YES1;SLC16A3;TREM1;LCK;CD44;CEACAM1;CD177;ITGB1;PF4V1;PTPN6;SELPLG;ANGPT2;VPREB3;PSG7;PECAM1;ITGB2;PPIL2;SLC7A8;EPCAM;ITGA6;CD2;SDC4;SLC7A9;JAM3;IGLL1;PSG4;PROCR;TGFB1;GYPB;GYPC;FCAMR;TNFRSF10D;TNFRSF10A;DOK2;CEACAM8;GYPE;CXADR"
"Chondroitin Sulfate/Dermatan Sulfate Metabolism R-HSA-1793185",0.575233022636485,0.751406116844996,0.0523759084097997,0.282188699684294,0.944771587976351,50,"B4GALT7;XYLT1;B3GAT3;B3GAT2;HYAL3;CSGALNACT2;CHST3;BGN;CHST11;HEXA;SDC4;DCN;B3GALT6;AGRN;HSPG2;XYLT2;CHST12;CSPG4;CHSY3;NCAN;CHST9;CHST13;SDC2"
"DNA Replication R-HSA-69306",0.576271186440678,0.751406116844996,0.169570644405628,-0.197870083065924,-0.963340527857492,151,"PSMC5;RBX1;PSMB7;PSMD2;PSMD7;PSMC4;PSMB5;PSMA1;PSMD8;SKP1;KPNB1;H2AZ1;PSMC2;ANAPC11;PSMB6;ORC4;PSMA5;UBE2D1;PSMC6;H2AC7;RPA4;KPNA1;PSMD11;PSMC3;PSMD12;CDK2;UBE2E1;SLC25A2;SEM1;PSMD3;PSMF1;GINS4;GINS3;PSMA3;POLR1A;PSMC1;PSMB1;PSMA7;CDC16;H2BC14;ANAPC15;H2BC11;ANAPC5;CCNA2;H2AC4;PSMA6;ANAPC4;CDC45;KPNA6;PSMB2"
"Regulation Of TP53 Degradation R-HSA-6804757",0.576011157601116,0.751406116844996,0.0544555953940371,0.29564008550762,0.929395576700978,35,"RPS27A;SGK1;PRR5;ATM"
"TRAF6 Mediated NF-kB Activation R-HSA-933542",0.576149425287356,0.751406116844996,0.055826471778749,0.318791318421838,0.928378571773852,24,"RELA;S100B;NFKBIB"
"Activation Of ATR In Response To Replication Stress R-HSA-176187",0.578800557880056,0.752373695932482,0.0542315935495841,0.294018440011865,0.924297654515819,35,"CDC25C;SLC25A15;MCM3;MCM5;RFC4;MCM10;MCM7;ORC5;RAD9A;CDC6;CLSPN;ORC3;RFC3;RRAD;DBF4;CHEK1;MCM4;RAD9B;MCM8;SERPINA2;MCM6"
"Signaling By FGFR2 R-HSA-5654738",0.578947368421053,0.752373695932482,0.123257226381337,-0.225420823547864,-0.959128284555758,70,"GRB2;PIK3R1;PPP2CA;PPP2R1A;MAPK3;PPP2CB;POLR2A;POLR2E;FGF13;POLR2C"
"Synthesis Of Substrates In N-glycan Biosythesis R-HSA-446219",0.57780612244898,0.752373695932482,0.0501934252649434,0.270295629868574,0.939285670917933,63,"NUDT14;NAGK;DPM2;NEU2;NUS1;DPM1;NEU4;NEU3;RENBP;NANP;DOLK;PMM2;ST8SIA2;GNE;GFPT2;ST3GAL1;SRD5A3"
"Deadenylation Of mRNA R-HSA-429947",0.580327868852459,0.752491803278688,0.0985499803531691,-0.273148077774596,-0.909335662325726,25,"EIF4A2;CNOT7;TNKS1BP1;EIF4A1;CNOT6L;TUT4;PARN;NLRP4;EIF4G1"
"Diseases Of Mitotic Cell Cycle R-HSA-9675126",0.580246913580247,0.752491803278688,0.053347785067549,0.290091501352214,0.929873918900417,38,"CDKN1C;TFDP1;CDK4;E2F1;CCND1;CCNE2;CCNE1;ATRX;CDK6;ANAPC7;UBE2S"
"Signaling By ERBB2 TMD/JMD Mutants R-HSA-9665686",0.582840236686391,0.754910717217556,0.0922597260527354,-0.282591685608323,-0.913087342454385,21,"GRB2;CDC37;NRG3;EGFR"
"Caspase Activation Via Extrinsic Apoptotic Signaling Pathway R-HSA-5357769",0.583606557377049,0.755065246628621,0.0982123351217438,-0.272061434505105,-0.905718124595918,25,"DAPK1;MAGED1;FASN;NDUFA2;TLR4;LY96;APPL1"
"Diseases Associated With Glycosaminoglycan Metabolism R-HSA-3560782",0.586666666666667,0.758183831672204,0.051530912208539,0.285922851703609,0.928617650264921,40,"B4GALT7;PRELP;B3GAT3;CHST3;BGN;HEXA;SDC4;DCN;B3GALT6;AGRN;HSPG2;EXT1;CSPG4;OGN;NCAN;SDC2"
"Defects In Vitamin And Cofactor Metabolism R-HSA-3296482",0.588855421686747,0.759330692937496,0.0570059526582387,0.333046583822714,0.923191396912581,21,"PROC;MCCC1;SP8;TCN2;MMACHC"
"RHO GTPases Activate NADPH Oxidases R-HSA-5668599",0.588235294117647,0.759330692937496,0.09754492162472,-0.276109252427178,-0.905996617917378,24,"PRKCB;PRKCZ;MAPK3;PRKCA;PDZD2"
"Acyl Chain Remodelling Of PG R-HSA-1482925",0.593703148425787,0.759663459775314,0.0564118388217596,0.33860127487888,0.914042083288875,18,"PLA2G3;PLA2G12A;PLA2G5;PLA2G2D;PLA2G4D;PLA2G2A;PLA2R1;PLA2G1B;PLA2G10;PLA2G4F"
"Biosynthesis Of Specialized Proresolving Mediators (SPMs) R-HSA-9018678",0.593703148425787,0.759663459775314,0.0564118388217596,0.339057796422804,0.91527444693908,18,"ALOX15;HPGD;EPHX2;GSTM4;ALOX5AP;PTGS2"
"Calnexin/calreticulin Cycle R-HSA-901042",0.59344262295082,0.759663459775314,0.0972150808846466,-0.27085846324742,-0.901713320043464,25,"MARCHF6;OS9;AMFR;CANX;UGGT2;PRKCSH;SEL1L;RNF5"
"Defects Of Contact Activation System (CAS) And Kallikrein/Kinin System (KKS) R-HSA-9651496",0.594594594594595,0.759663459775314,0.0564118388217596,0.352232870632402,0.913136948225116,15,"GP9;SERPING1;GP5;FAM110A;F12"
"Inactivation Of CSF3 (G-CSF) Signaling R-HSA-9705462",0.59051724137931,0.759663459775314,0.0546808488785442,0.31574445743831,0.919505555838901,24,"RPS27A;CSF3R;SOCS1;UBA52;ELOC;TYK2;STAT5B;CUL5"
"Interleukin-3, Interleukin-5 And GM-CSF Signaling R-HSA-512988",0.594164456233422,0.759663459775314,0.0507027937029348,0.283018117098744,0.929574724789993,44,"GAB2;IL2RA;PTPN11;CRKL;IL2RB;YES1;CRK;IL5RA;PTPN6"
"Negative Epigenetic Regulation Of rRNA Expression R-HSA-5250941",0.590738423028786,0.759663459775314,0.0483117581055019,0.261908907729063,0.938834188643488,73,"H2AC19;RRP8;H2AJ;H2BC17;SAP30BP;TAF1A;POLR1F;H2AB1;POLR2L;H2BC21;H2AX;SMARCA5;DPEP2;H2AC14;SIN3A;H3C13;H2AC20;SIRT1;H2BC15;H2BC5;SAP30L"
"Regulation Of TP53 Expression And Degradation R-HSA-6806003",0.594972067039106,0.759663459775314,0.0530212512043078,0.29142882928161,0.922657420322303,36,"RPS27A;SGK1;PRR5;ATM"
"Translation Of Structural Proteins R-HSA-9683701",0.594594594594595,0.759663459775314,0.0988903007520636,-0.257505265449268,-0.894723167971309,29,"GSK3A;GSK3B;SUMO1;CANX;PRKCSH;HOXC13;ST3GAL2;PARP14;ST3GAL4;ST6GALNAC3;GANAB"
"Apoptotic Factor-Mediated Response R-HSA-111471",0.596439169139466,0.759804556922344,0.0557104226766671,0.3318254855193,0.917014690620993,20,"SEPTIN4;CARD8;DIABLO;BAK1;UACA;APIP;CASP3;AVEN;APAF1;CDKN2A;BAX;GSDMD"
"Defective B3GALTL Causes PpS R-HSA-5083635",0.598337950138504,0.759804556922344,0.0523759084097997,0.288574014846212,0.917695631872503,37,"ADAMTSL5;ADAMTSL1;ADAMTS7;ADAMTS3;ADAMTS14;SBSPON;THSD7A;THBS2;ADAMTS19;ADAMTS12;SEMA5A;ADAMTS18;SPON1;B3GLCT;ADAMTSL2"
"PERK Regulates Gene Expression R-HSA-381042",0.598314606741573,0.759804556922344,0.0530212512043078,0.294685280959996,0.91885591197849,32,"KHSRP;ATF4;EXOSC6;EIF2S2;EXOSC3;DDIT3;HERPUD1;NFYA;EXOSC2;EIF2S3;EXOSC1;EXOSC4"
"RAC1 GTPase Cycle R-HSA-9013149",0.596153846153846,0.759804556922344,0.178219874951973,-0.191731304406478,-0.973006303656077,176,"PIK3R1;ABR;ARHGEF25;CYFIP2;WASL;RAB7A;ARHGAP26;ARHGAP44;WASF1;TFRC;ABI2;NGEF;BAIAP2;GIT1;ARHGAP32;FARP1;PIK3R2;NCKAP1;YKT6;DOCK4;ARHGEF11;RASGRF2;PLEKHG4;ARHGEF7;TMPO;TRIO;DOCK3;IQGAP2;MCAM;ARHGAP12;ARHGAP1;PRKCSH;VAV3;ARHGAP29;BRK1;PARD6A;SH3BP1;LAMTOR1;DOCK2;KALRN;GMIP;MPP7;DOCK7;ECT2;VANGL1;TIAM2;ABI1;FMNL1;DOCK8"
"Signaling By FGFR In Disease R-HSA-1226099",0.597186700767263,0.759804556922344,0.0487989701682839,0.268128278286678,0.927919146834183,61,"FGF1;GAB2;FGF18;FGF3;GTF2F2;FGFR4;ERLIN2;POLR2L;FGFR2;MYO18A;POLR2J;TRIM24;FGF23;FGF17;FGF6;FGF9;STAT5B;FGF16;FGF22;CPSF6;FRS2;FGF4;CNTRL"
"PI-3K cascade:FGFR4 R-HSA-5654720",0.599406528189911,0.760334150432202,0.0554793308704233,0.330124476458313,0.912313875385651,20,"FGF1;FGF18;PTPN11;FGFR4;FGF23;FGF17;FGF6;FGF9;FGF16;FRS2;FGF4"
"Metabolism Of Cofactors R-HSA-8978934",0.602678571428571,0.763654606793858,0.0553642837725362,0.337966711885642,0.922410999651878,19,"DHFR;GCHFR;HSP90AA1;PDSS2"
"Mitochondrial tRNA Aminoacylation R-HSA-379726",0.603550295857988,0.763747655790267,0.0902635484340068,-0.279123749627092,-0.901882028886549,21,"GARS1;DTD1;KARS1"
"Peroxisomal Protein Import R-HSA-9033241",0.604060913705584,0.763747655790267,0.047925896705813,0.265979301451548,0.924987389736731,62,"RPS27A;PEX6;PEX12;BAAT;ACOT2;SYCP2;ACOX2;EPHX2;AGXT;DECR2;DHRS4;UBA52;AGPS;KRTAP11-1;AMACR;DDO;DAO;NUDT7;LONP2;ZFAND6;CRAT;ACOT4;GNPAT"
"Plasma Lipoprotein Assembly R-HSA-8963898",0.604863221884498,0.763934393873604,0.0561766586307176,0.345083763211696,0.902415619870995,16,"APOC3;APOB"
"Epigenetic Regulation Of Gene Expression R-HSA-212165",0.606929510155317,0.765715392812167,0.0449543067640062,0.245411479100791,0.933302246077082,110,"JARID2;H2AC19;RRP8;H2AJ;H2BC17;SAP30BP;KAT2B;TAF1A;TET1;DEK;TDG;POLR1F;H2AB1;POLR2L;PHF19;H2BC21;MYO1E;CBX3;H2AX;CHD4;SMARCA5;DPEP2;H2AC14;SIN3A;H3C13;H2AC20;RBBP4;SIRT1;H2BC15;H2BC5;MYBBP1A;SAP30L;EZH2;DPEP3;SUDS3"
"Signaling By FGFR2 IIIa TM R-HSA-8851708",0.608630952380952,0.767032744523295,0.0549073703290958,0.336319017797698,0.917913955720239,19,"FGF1;GTF2F2;POLR2L;FGFR2;POLR2J"
"P75 NTR Receptor-Mediated Signaling R-HSA-193704",0.610810810810811,0.768949532056328,0.128142916898415,-0.207394169302313,-0.938490887286534,94,"ABR;BEX3;RTN4;PLEKHG5;MAGED1;ARHGEF3;NGEF;YWHAE;ARHGEF9;ARHGEF11;RASGRF2;ARHGEF12;PRKCI;ARHGEF7;TRIO;ARHGEF17;MAPK8;ITGB3BP;VAV3;NCSTN;SQSTM1"
"PI-3K cascade:FGFR3 R-HSA-5654710",0.611694152923538,0.769231763428631,0.0550211117163117,0.334583317936531,0.903195751610226,18,"FGF1;FGF18;PTPN11;FGF23;FGF17;FGF9;FGF16;FRS2;FGF4"
"Activation Of Pre-Replicative Complex R-HSA-68962",0.612359550561798,0.769239607648674,0.0519512476197082,0.291313865437158,0.908343527122333,32,"SLC25A15;MCM3;CDT1;POLE4;MCM5;POLE3;MCM10;MCM7;ORC5;POLE2;PRIM1;CDC6;ORC3;POLA2"
"DNA Damage Bypass R-HSA-73893",0.615179760319574,0.769469217891686,0.0492917662312669,0.274946564791351,0.91284730133861,47,"RPS27A;POLD4;RAD18;POLD1;UFD1;POLE4;NPLOC4;SLC19A1;UBA52;RFC4;POLE3;ISG15;POLD2;DTL;CUL4A"
"Phototransduction Cascade R-HSA-2514856",0.614334470989761,0.769469217891686,0.09754492162472,-0.253062222705879,-0.899384608376964,31,"GNB1;CALM1;GNB5;NMT2"
"RNA Polymerase III Transcription Initiation From Type 3 Promoter R-HSA-76071",0.614583333333333,0.769469217891686,0.0985499803531691,-0.262727193646111,-0.888614813970058,27,"POLR2E;TBP;POLR3E;POLR2K;POLR2H;POLR3C;POLR3F;POLR2F;POLR3H;POLR3B;SNAPC4;BRF2;POLR3G"
"Response To Elevated Platelet Cytosolic Ca2+ R-HSA-76005",0.614668218859139,0.769469217891686,0.0431901998334182,0.239801062545469,0.92739880889758,129,"ORM2;TGFB3;PDGFB;LAMP2;SERPINA3;PF4;SPARC;ACTN4;IGF1;LHFPL2;SELENOP;CD9;AHSG;STX4;GTPBP2;SERPING1;LGALS3BP;FERMT3;SYTL4;TIMP1;TAGLN2;PPBP;IGF2;CD36;VTI1B;TOR4A;ABCC4"
"ATF4 Activates Genes In Response To Endoplasmic Reticulum Stress R-HSA-380994",0.61624649859944,0.769978226836773,0.051530912208539,0.300490743821571,0.90200576229638,27,"KHSRP;ATF4;EXOSC6;EXOSC3;DDIT3;HERPUD1;NFYA;EXOSC2"
"Senescence-Associated Secretory Phenotype (SASP) R-HSA-2559582",0.61875,0.772279411764706,0.0461379160269737,0.256135751878261,0.924860307592239,77,"RELA;H2AC19;RPS27A;H2AJ;MAPK7;H2BC17;CDK4;H2AB1;H2BC21;H2AX;UBA52;CDKN2C;H2AC14;CDK6;H3C13;H2AC20;ANAPC7;H2BC15;H2BC5;RPS6KA3;UBE2S"
"Transcriptional Regulation Of Pluripotent Stem Cells R-HSA-452723",0.623229461756374,0.777039296869325,0.051530912208539,0.300307215833743,0.909762347455438,29,"ZIC3;CDX2;GATA6;LIN28A;SOX2;DKK1;PRDM14;SALL1;DPPA4"
"Signaling By FGFR1 In Disease R-HSA-5655302",0.624301675977654,0.777545417146128,0.0508054139066364,0.284156498393206,0.899633376771891,36,"FGF1;GAB2;ERLIN2;MYO18A;TRIM24;FGF23;FGF17;FGF6;FGF9;STAT5B;CPSF6;FRS2;FGF4;CNTRL"
"Regulation Of Pyruvate Dehydrogenase (PDH) Complex R-HSA-204174",0.625,0.777585287846482,0.0873098257637931,-0.301777473606194,-0.885659596109931,16,"PDHB;PDHX;PDK3;PDK2;PDPK1"
"Collagen Degradation R-HSA-1442490",0.626666666666667,0.778828541001065,0.048505983646947,0.278002065679533,0.902892593096166,40,"COL16A1;CTSD;COL9A2;MMP2;MMP3;MMP28;MMP13"
"DDX58/IFIH1-mediated Induction Of Interferon-Alpha/Beta R-HSA-168928",0.627352572145546,0.778851544355162,0.0456790414930062,0.256497753293148,0.920256469138656,74,"IFNA14;RELA;RPS27A;S100B;NFKBIB;IFNA4;HSP90AA1;HERC5;IFNA8;IFNA6;CYLD;IFNA5;UBA52;TRIM4;ISG15;NFKB2;SIKE1;NLRX1;IRF3;IKBKE"
"TNFR2 Non-Canonical NF-kB Pathway R-HSA-5668541",0.630681818181818,0.782152690561298,0.129442887745046,-0.206446582390107,-0.933798123294347,99,"PSMC5;PSMB7;PSMD2;PSMD7;PSMC4;PSMB5;PSMA1;PSMD8;SKP1;PSMC2;PSMB6;PSMA5;UBE2M;PSMC6;PSMD11;PSMC3;PSMD12;CD27;SEM1;PSMD3;PSMF1"
"Gap-filling DNA Repair Synthesis And Ligation In TC-NER R-HSA-6782210",0.631578947368421,0.782433791485082,0.11146266692298,-0.224163725062203,-0.929850566502877,60,"PRPF19;DDB1;RBX1;MNAT1;POLR2A;POLR2E;POLR2C;CDK7;POLK;ERCC3;POLR2K;CUL4B;XRCC1;POLR2H;POLR2G;GTF2H1;POLR1A;GTF2H5"
"Protein Methylation R-HSA-8876725",0.633633633633634,0.784146819141517,0.053457214108991,0.339487277534502,0.880094966754621,15,"EEF2KMT;RPS2;METTL22"
"Cell-cell Junction Organization R-HSA-421270",0.635658914728682,0.784535996439301,0.0464154956843849,0.265443818355737,0.911998406416488,59,"CRB3;CLDN5;CLDN11;CLDN2;PARD6G;JUP;CLDN16;CLDN15;CLDN1;CLDN7;CDH24;CLDN3;CLDN4;CLDN17;SDK1"
"RHO GTPases Activate PKNs R-HSA-5625740",0.635964912280702,0.784535996439301,0.11101149245045,-0.22576193752781,-0.93230909025353,59,"YWHAH;YWHAG;YWHAB;MYL12B;PPP1CB;YWHAE;H2AZ1;KLKB1;NCOA2"
"Signaling By NOTCH2 R-HSA-1980145",0.634965034965035,0.784535996439301,0.0500922874402106,0.294076569880664,0.899381869066267,30,"RPS27A;PSEN1;APH1B;MAML3;DLL1;RBPJ;JAG1;UBA52"
"Cell-extracellular Matrix Interactions R-HSA-446353",0.63963963963964,0.784920567254952,0.0530212512043078,0.337960113675089,0.876135910510039,15,"FLNC;LIMS2;PARVA;ITGB1;FERMT2;FBLIM1;PXDN;FLNA;VASP;PARVB"
"FRS-mediated FGFR1 Signaling R-HSA-5654693",0.638805970149254,0.784920567254952,0.052805004567129,0.309498634684119,0.871886889836106,22,"FGF1;PTPN11;FGF3;FGF23;FGF17;FGF6;FGF9;FGF22;FRS2;FGF4"
"G2/M DNA Damage Checkpoint R-HSA-69473",0.639549436795995,0.784920567254952,0.0446854397644147,0.253639245526799,0.909190899030559,73,"TP53BP1;BLM;H3-4;BARD1;CDC25C;H2BC17;ATM;BRCC3;MRE11"
"Regulation Of TP53 Activity R-HSA-5633007",0.639362912400455,0.784920567254952,0.0403295396423143,0.234206926619351,0.927635524603743,155,"HIPK2;PIP4K2A;RPS27A;BLM;SGK1;PRR5;BARD1;KMT5A;TPX2;AURKA;BANP;ATM;BRD1;PRKAB2;MRE11;TAF2"
"Signaling By BMP R-HSA-201451",0.638655462184874,0.784920567254952,0.0498907356726307,0.296109586289836,0.888854510817233,27,"AMH;GDF2;SMAD7;ACVRL1;GREM2;BMPR1A;SMURF2;AMHR2;FSTL1;BMP10;ACVR2B;NOG;SMAD1;SMAD6"
"Downstream Signal Transduction R-HSA-186763",0.640735502121641,0.78543942329407,0.0501934252649434,0.294716369274253,0.888587945013676,28,"PDGFB;NCK2;PTPN11;CRKL;CRK"
"Downstream Signaling Of Activated FGFR2 R-HSA-5654696",0.641643059490085,0.785726600655749,0.0501934252649434,0.294887649593484,0.893344102921287,29,"FGF1;FGF18;PTPN11;FGF3;FGFR2;FGF23;FGF17;FGF6;FGF9;FGF16;FGF22;FRS2;FGF4"
"N-Glycan Antennae Elongation R-HSA-975577",0.645833333333333,0.789201570680628,0.086794975677172,-0.314231662334459,-0.893463203200691,15,"ST8SIA3;MGAT5;B4GALT6;ST8SIA6;ST3GAL4"
"NR1H2 And NR1H3-mediated Signaling R-HSA-9024446",0.645418326693227,0.789201570680628,0.0469758727821845,0.273748633542859,0.900389583741974,45,"PLIN1;KDM1A;APOD;RXRB;ABCG5;AGO2;SCD;ABCG8;PCK1;APOC1;AGO3;RXRA"
"SHC-mediated cascade:FGFR4 R-HSA-5654719",0.647321428571429,0.790192580693365,0.0520570030732099,0.325469490935494,0.888302391720702,19,"FGF1;FGF18;FGFR4;FGF23;FGF17;FGF6;FGF9;FGF16;FGF4"
"Signaling By PDGF R-HSA-186797",0.649076517150396,0.79150710085111,0.0464154956843849,0.265076043970041,0.892484038773722,52,"PDGFB;NCK2;COL6A2;PTPN11;CXXC1;CRKL;COL9A2;COL6A1;CRK;COL6A3;PLAT;COL4A5"
"Mitochondrial Fatty Acid Beta-Oxidation R-HSA-77289",0.653846153846154,0.796158454063408,0.0952879846194844,-0.242063519512711,-0.897994779343105,36,"ECHS1;NDUFAB1;ACSF2;ACADVL;ACOT7;THEM5;ACOT13;MCEE;ACOT1"
"Sensory Perception Of Taste R-HSA-9717189",0.654255319148936,0.796158454063408,0.0464154956843849,0.270562167229071,0.894008423270043,46,"TAS1R3;GRM4;OTOP1;KCNJ2;TAS2R3;CALHM3;TAS2R40;GNB3;ITPR3;SCNN1B;TRPM5;TAS2R5;SCNN1A;TAS2R39;TAS1R2;TAS2R38"
"Factors Involved In Megakaryocyte Development And Platelet Production R-HSA-983231",0.658479532163743,0.799526258548545,0.0402477565068868,0.235595698041818,0.910429814158253,130,"IFNA14;GATA3;KIF5B;MFN1;DOCK5;IFNA4;KIF12;KDM1A;MAFK;KIF1C;GATA6;HBE1;MAFF;CARMIL1;DOCK10;ZFPM1;KIF9;KIF2B;KIF4B;IFNA8;GATA2;KIF4A;IFNA6;AK3;KIF18B;IFNA5;IRF1;PHF21A;KLC3;KIF6;RNASE1;KIF25;SIN3A;H3C13;ABL1;KIF13B;GATA4;KIF26B;SH2B2;DOCK6;KIF2C;KIF16B;SH2B3;KIF21B;HBD"
"Inactivation Of APC/C Via Direct Inhibition Of APC/C Complex R-HSA-141430",0.659763313609467,0.799526258548545,0.0852884689790502,-0.269969693196174,-0.872304183943263,21,"ANAPC11;UBE2D1;UBE2E1;BUB1B;CDC16;ANAPC15;ANAPC5;ANAPC4"
"Signaling By FLT3 Fusion Proteins R-HSA-9703465",0.659701492537313,0.799526258548545,0.0857844408075645,-0.285225407008815,-0.873035669255496,18,"GRB2;PIK3R1;TRIP11"
"Syndecan Interactions R-HSA-3000170",0.658536585365854,0.799526258548545,0.0870515867946735,-0.276085228280156,-0.876579845258603,20,"ACTN1;FGF13;PRKCA;ITGAV;SDC1"
"Late Endosomal Microautophagy R-HSA-9615710",0.661473087818697,0.800072665234424,0.0487989701682839,0.291432374960757,0.882876559701435,29,"RPS27A;VPS37D;CFTR;MVB12B;PLIN3;UBA52;RNASE1;TSG101;CHMP2A;CHMP6;VPS37C;CHMP4C;HDAC6"
"Processing Of Intronless Pre-mRNAs R-HSA-77595",0.661585365853659,0.800072665234424,0.086794975677172,-0.27544872612422,-0.87455892959849,20,"PABPN1;CPSF2;WDR33;NUDT21;FIP1L1;CSTF3;NCBP2"
"RND2 GTPase Cycle R-HSA-9696270",0.666666666666667,0.805383022774327,0.0451344222209097,0.268366626697511,0.87739263571098,42,"PKP4;VANGL2;CAV1;UBXN11;KTN1;DST;EPHA2;DSG1;MUC13;ARHGAP5;LEMD3;SCRIB;RND2"
"Interleukin-2 Family Signaling R-HSA-451927",0.668016194331984,0.806096875152819,0.102821842840815,-0.232913523061563,-0.899994772669691,43,"GRB2;PTK2B;PIK3R1;CLSTN1;PIK3R2"
"Signaling By FGFR3 In Disease R-HSA-5655332",0.668639053254438,0.806096875152819,0.0845557442441281,-0.269415783152769,-0.870514434721158,21,"GRB2;PIK3R1;FGF13"
"Positive Epigenetic Regulation Of rRNA Expression R-HSA-5250913",0.670854271356784,0.80793285312009,0.0426733861156084,0.251346458067674,0.890624230259533,69,"H2AC19;H2AJ;H2BC17;KAT2B;TAF1A;DEK;POLR1F;H2AB1;POLR2L;H2BC21;MYO1E;CBX3;H2AX;CHD4;SMARCA5;H2AC14;H3C13;H2AC20;RBBP4;H2BC15;H2BC5;MYBBP1A"
"Listeria Monocytogenes Entry Into Host Cells R-HSA-8876384",0.671641791044776,0.808047391906447,0.0847985102819124,-0.282460685823416,-0.864573238661699,18,"GRB2;RNMT;SH3GL2;HGS;CTNNB1"
"Apoptotic Cleavage Of Cellular Proteins R-HSA-111465",0.673992673992674,0.809207253651698,0.096240602328129,-0.239053461769464,-0.894167003493428,38,"BCAP31;SPTAN1;STK24;SATB1;MAPT"
"Downstream Signaling Of Activated FGFR3 R-HSA-5654708",0.673850574712644,0.809207253651698,0.0486034247259069,0.296074096095238,0.862221869255592,24,"FGF1;FGF18;PTPN11"
"Common Pathway Of Fibrin Clot Formation R-HSA-140875",0.682089552238806,0.813481765728957,0.0497903187820785,0.301600271633197,0.849636455024681,22,"PF4;PROC;CD177;PF4V1;FAM110A;PROCR"
"DAP12 Interactions R-HSA-2172127",0.68,0.813481765728957,0.044774889329693,0.269956382827889,0.876761897141109,40,"KLRC2;HLA-C;LCP2;TREM1;LCK;SIGLEC16;CD300E;RNASE1;TYROBP;GRAP2;TREM2;BTK;CD300LB;KIR2DS2;SIRPB1;B2M;KLRD1;SYK"
"FGFR2 Alternative Splicing R-HSA-6803529",0.681492109038737,0.813481765728957,0.0480220415968251,0.292771872646807,0.859182928871703,25,"HNRNPA1;GTF2F2;POLR2L;ESRP2;POLR2J"
"Fatty Acid Metabolism R-HSA-8978868",0.678970917225951,0.813481765728957,0.0367619553883609,0.225476406225444,0.906298996544611,171,"ELOVL5;MID1IP1;PRXL2B;DBI;ELOVL1;ALOXE3;ALOX15;HACD1;HPGD;ABCC1;PRKAB2;ACOT2;CYP4F22;SLC27A3;THRSP;SYCP2;ACSM3;FA2H;MECR;GGT1;FADS2;ACBD5;ACOX2;EPHX2;PTGES;ACAD10;SCD;MCAT;ACSM6;CYP8B1;DPEP1;DECR2;CYP4F2;HADHA;ACOT12;CYP4A22;DPEP2;CBR1;ALOX5AP;THEM4;RXRA;CYP1B1;PTGES3;PTGS2;ACAA2;CYP2C19;HADH;KRTAP11-1;ELOVL7;ALOX12B;FAAH2;DPEP3;PTGDS;ECI1;AMACR;ACOT6;PON1;ACSL1;ACBD6;CYP4F8;SLC25A17;PTGS1"
"Negative Regulation Of PI3K/AKT Network R-HSA-199418",0.680522565320665,0.813481765728957,0.0394366509525593,0.236090566876894,0.901655541739467,113,"FGF1;GAB2;PIP4K2A;RAC2;PDGFB;PHLPP1;FGF18;TRAT1;PTPN11;FGF3;FGFR4;LCK;ERBB3;CD80;IL33;FGFR2;FGF23;RNASE1;PIP5K1A;THEM4;FGF17;PIP5K1B;KIT;FGF6;STRN;FLT3LG;FGF9;FGF16;RHOG;PPP2R5E;PDGFRB;FGF22;INSR;IRS1;BTC;PDGFA;EREG;FRS2;IRAK4;FGF4;PPP2R5A;TGFA;ERBB4"
"Pyroptosis R-HSA-5620971",0.681492109038737,0.813481765728957,0.0480220415968251,0.293156166264649,0.860310696075359,25,"CASP5;CASP1;BAK1;IL18;IRF1;CHMP2A;CHMP6;CASP3;CHMP4C;BAX;GSDMD;IL1B"
"SUMOylation Of Intracellular Receptors R-HSA-4090294",0.682432432432432,0.813481765728957,0.0908241419007155,-0.247644940012034,-0.860462658396726,29,"RORA;NR1H2;SUMO1;RARA;NR1H4;THRA;NR3C2;PIAS3"
"SHC-mediated cascade:FGFR3 R-HSA-5654704",0.683409436834094,0.813815115087131,0.0506004243853618,0.322345777883275,0.851920144483071,17,"FGF1;FGF18;FGF23;FGF17;FGF9;FGF16;FGF4"
"Keratan Sulfate/Keratin Metabolism R-HSA-1638074",0.685512367491166,0.814656754442149,0.0931454575337804,-0.239831615016093,-0.869722974867621,33,"B4GAT1;B3GNT4;GNS;ST3GAL2;B4GALT6;HEXB;ST3GAL4;FMOD"
"RNA Polymerase I Transcription R-HSA-73864",0.685069008782936,0.814656754442149,0.0416556773979467,0.244582003606843,0.877505429050886,74,"RRN3;H2AC19;H2AJ;H2BC17;KAT2B;TAF1A;CAVIN1;POLR1F;H2AB1;POLR2L;H2BC21;CBX3;H2AX;CHD4;DPEP2;H2AC14;H3C13;H2AC20;RBBP4;H2BC15;H2BC5"
"Cargo Trafficking To Periciliary Membrane R-HSA-5620920",0.689243027888446,0.814896547025849,0.0999276973731092,-0.223003290072497,-0.898715526543143,50,"ARL6;RAB11A;PTGES2;CCT2;EXOC7;BBS2;EXOC8;EXOC1;EXOC5;TTC8;BBS5;MKKS;PDE6D;EXOC4;MCHR1;BBS10;EXOC2;ASAP1;EXOC6;TCP1;SMOX"
"Growth Hormone Receptor Signaling R-HSA-982772",0.688046647230321,0.814896547025849,0.0483117581055019,0.296789459912148,0.851359684875668,23,"GH1;PRL;PTPN6;SOCS1;PRLR;CISH;STAT5B;IRS1"
"Interleukin-12 Family Signaling R-HSA-447115",0.687581699346405,0.814896547025849,0.0433636987883266,0.257254137630053,0.872551978359981,54,"AURKAIP1;SNRPA1;BOLA2B;IL12B;RAP1B;RPLP0;IL6ST;IL10;TOX4;IL12A;PSME2;TYK2;CNN2;CRLF1;CA1;IL27;MTAP;PITPNA"
"Metabolism Of Nucleotides R-HSA-15869",0.687882496940024,0.814896547025849,0.0403295396423143,0.236854368117029,0.88229451643412,94,"APRT;AK8;ADSS2;AK2;RRM2B;NUDT5;DPYD;ENTPD8;AK9;DHODH;ADSS1;AK4;NT5C;ENTPD2;AMPD2;RRM1;UCK1;ADAL;CTPS1;CMPK1;AK6;XDH;ENTPD7;PFAS;ADSL;DCTD;PUDP;TYMS;ACOD1;DCTPP1;DNPH1;TXN2"
"PI5P, PP2A And IER3 Regulate PI3K/AKT Signaling R-HSA-6811558",0.689903846153846,0.814896547025849,0.0393561959521291,0.235938849279883,0.894515430813943,106,"FGF1;GAB2;PIP4K2A;RAC2;PDGFB;FGF18;TRAT1;PTPN11;FGF3;FGFR4;LCK;ERBB3;CD80;IL33;FGFR2;FGF23;RNASE1;PIP5K1A;FGF17;PIP5K1B;KIT;FGF6;STRN;FLT3LG;FGF9;FGF16;RHOG;PPP2R5E;PDGFRB;FGF22;INSR;IRS1;BTC;PDGFA;EREG;FRS2;IRAK4;FGF4;PPP2R5A;TGFA;ERBB4"
"RUNX1 Interacts With Co-Factors Whose Precise Effect On RUNX1 Targets Is Not Known R-HSA-8939243",0.688888888888889,0.814896547025849,0.0460457683018055,0.279344083466644,0.87352142129772,34,"HIPK2;CBX2;CBFB;PHC3;RYBP"
"FOXO-mediated Transcription Of Cell Death Genes R-HSA-9614657",0.693009118541033,0.817736745538307,0.0498907356726307,0.321268775503074,0.840137937793813,16,"FOXO4;FOXO3;DDIT3;NFYA;FASLG;FOXO1"
"Platelet Aggregation (Plug Formation) R-HSA-76009",0.696927374301676,0.821529541222279,0.04577044581081,0.270272256307832,0.855676164243537,36,"GP9;CSK;RAP1B;CRK;ADRA2C;GP5;ADRA2B;RAPGEF4;PTK2;RAP1A;ITGA2B;MPL;RASGRP2;FN1;SYK;ADRA2A;RAPGEF3;SRC"
"FOXO-mediated Transcription Of Cell Cycle Genes R-HSA-9617828",0.701674277016743,0.826290495740201,0.0493910105981501,0.317014113656965,0.837829213347446,17,"FOXO4;CAV1;FOXO3;FOXO1;GADD45A;KLF4"
"Synthesis, Secretion, And Inactivation Of Glucagon-like Peptide-1 (GLP-1) R-HSA-381771",0.707100591715976,0.831841119488452,0.0815265143256594,-0.26517840664811,-0.856822967319032,21,"SPCS1;GNB1"
"Elevation Of Cytosolic Ca2+ Levels R-HSA-139853",0.708708708708709,0.832301735305422,0.0483117581055019,0.324383235759557,0.840938886325569,15,"P2RX7;ITPR3;P2RX3;P2RX2"
"FOXO-mediated Transcription Of Oxidative Stress, Metabolic And Neuronal Genes R-HSA-9615017",0.709631728045326,0.832301735305422,0.0455878202571231,0.277878278636801,0.841815253681582,29,"FOXO4;RETN;TRIM63;FOXO3;NPY;PCK1;SIN3A;MAP4K2;FOXO1;FOXO6"
"RAS Processing R-HSA-9648002",0.709284627092846,0.832301735305422,0.0488970772260102,0.314403892540127,0.830930720785849,17,"GOLGA7;FNTA;RCE1;ABHD17C;ABHD17B;BCL2L1;ZDHHC9;ABHD17A"
"Constitutive Signaling By NOTCH1 HD+PEST Domain Mutants R-HSA-2894862",0.717616580310881,0.83847610676879,0.0409883873374721,0.250531167079721,0.85479468573096,56,"RPS27A;PSEN1;APH1B;HEYL;KAT2B;HDAC10;MAML3;DLL1;RBPJ;JAG1;UBA52"
"NR1H3 And NR1H2 Regulate Gene Expression Linked To Cholesterol Transport And Efflux R-HSA-9029569",0.716480446927374,0.83847610676879,0.0445070537769277,0.266207828095631,0.842808271734074,36,"KDM1A;APOD;RXRB;ABCG5;AGO2;ABCG8;APOC1;AGO3;RXRA;ABCA1;KDM4A;EEPD1;TNRC6C;NCOR1;KDM1B;EP300;HDAC3;TBL1X;NCOA1;ABCG1;APOC2;NR1H3"
"Regulation Of IGF Transport And Uptake By IGFBPs R-HSA-381426",0.717770034843206,0.83847610676879,0.0359208664409425,0.229235900799785,0.880979896741362,122,"NOTUM;KLK2;APOA5;IGF1;APOB;VWA1;ANO8;CXXC1;PROC;AHSG;BMP4;SERPINA10;FSTL3;MELTF;KTN1;IGFBP5;EVA1A;TIMP1;MMP2;HSP90B1;BMP15;MEN1;IGF2;STC2;C3;IGFBP3;BPIFB2"
"Response Of EIF2AK1 (HRI) To Heme Deficiency R-HSA-9648895",0.717717717717718,0.83847610676879,0.0477342401407188,0.32145973830447,0.833359941352349,15,"CHAC1;ATF4;EIF2S2;DDIT3;GRB10;EIF2S3"
"Negative Regulation Of FGFR2 Signaling R-HSA-5654727",0.719054242002782,0.839136300417246,0.0441523058441465,0.270130956971255,0.844232433099069,33,"FGF1;RPS27A;FGF18;PTPN11;FGF3;FGFR2;UBA52;FGF23;FGF17;FGF6;FGF9;FGF16;FGF22;FRS2;FGF4"
"Downregulation Of ERBB2 Signaling R-HSA-8863795",0.722033898305085,0.840093279483583,0.0878312634480124,-0.242188171096899,-0.836293519516281,28,"CDC37;STUB1;MATK;NRG3;EGFR;AKT1;USP8;RNF41"
"Interleukin-12 Signaling R-HSA-9020591",0.721485411140584,0.840093279483583,0.0418238690062304,0.257617569306778,0.846146471272942,44,"AURKAIP1;SNRPA1;BOLA2B;IL12B;RAP1B;RPLP0;IL10;TOX4;IL12A;PSME2;TYK2;CNN2;CA1"
"Laminin Interactions R-HSA-3000157",0.72089552238806,0.840093279483583,0.0472587336673259,0.292863540102272,0.825024257010929,22,"LAMA5;ITGB1;ITGA6;ITGB4;HSPG2;COL18A1;NID2;LAMA1;ITGA3"
"HDACs Deacetylate Histones R-HSA-3214815",0.723431498079385,0.840881034122154,0.0400845633477088,0.247706714806002,0.850551337018772,57,"H2AC19;H2BC18;KDM1A;H2BC17;HDAC10;H2BC21;CHD4;PHF21A;H2AC14;H3C13;H2AC20;RBBP4;H2BC15;H2BC5;SAP30L;DPEP3;SUDS3"
"MET Promotes Cell Motility R-HSA-8875878",0.727015558698727,0.844206126369567,0.0444181153081573,0.275120422555709,0.829504962727663,28,"CRKL;LAMA5;TNS4;RAP1B;ITGB1;CRK;PTK2;RNASE1;RAP1A"
"MyD88 Deficiency (TLR2/4) R-HSA-5602498",0.729071537290715,0.845751972185154,0.0476387259290825,0.307523146383249,0.812745757115437,17,"TIRAP;TLR2;CD36;TLR1;BTK"
"Blood Group Systems Biosynthesis R-HSA-9033658",0.729850746268657,0.845815115089893,0.0466948041282054,0.292106960690434,0.822892901339604,22,"B4GALNT2;RHD;FUT5;B3GALT1;FUT7;FUT2;FUT4"
"Diseases Associated With N-glycosylation Of Proteins R-HSA-3781860",0.73134328358209,0.845864828483943,0.0802023444698144,-0.26686948904781,-0.816850733663873,18,"CTSA;ALG13;ALG8;EGFL7"
"Pre-NOTCH Processing In Golgi R-HSA-1912420",0.73134328358209,0.845864828483943,0.0802023444698144,-0.267012718654143,-0.817289139753056,18,"ATP2A2;FURIN;RAB6A"
"Constitutive Signaling By AKT1 E17K In Cancer R-HSA-5674400",0.732441471571906,0.846296234974668,0.0862865626267245,-0.247424890813271,-0.83255617483519,26,"GSK3A;GSK3B;CREB1;NR4A1;AKT1;PDPK1"
"Dual Incision In TC-NER R-HSA-6782135",0.736363636363636,0.849146604383758,0.103958471559957,-0.213944131077939,-0.883702679276767,61,"PRPF19;DDB1;RBX1;MNAT1;POLR2A;POLR2E;POLR2C;CDK7;POLK;ERCC3;POLR2K;CUL4B;POLR2H;POLR2G;GTF2H1;POLR1A;GTF2H5"
"Metabolism Of Angiotensinogen To Angiotensins R-HSA-2022377",0.736131934032983,0.849146604383758,0.0465084048719156,0.305610401600347,0.824984395742315,18,"KCTD11;CES1;CTSD;ANPEP;AGXT;GZMH"
"Amyloid Fiber Formation R-HSA-977225",0.738154613466334,0.84953297230297,0.0379271467108098,0.236921269841727,0.852787480039745,75,"H2AC19;RPS27A;NAT8;APH1B;H2BC17;GGA1;SIAH1;SEMG1;NPPA;PRL;H2AB1;H2BC21;H2AX;UBA52;SNCAIP;H2AC14;CALCA;H3C13;H2AC20;GSN;H2BC15;H2BC5;TGFBI;LTF"
"Interleukin-37 Signaling R-HSA-9008059",0.737951807228916,0.84953297230297,0.0466015072985992,0.298460897617537,0.827321300920442,21,"CASP1;PTPN11;PTPN6;PTPN18;PTPN14;SIGIRR;IL18BP"
"Intrinsic Pathway Of Fibrin Clot Formation R-HSA-140837",0.740963855421687,0.851925930322274,0.0464154956843849,0.296356155868053,0.821487043581593,21,"GP9;PROC;SERPING1;GP5;FAM110A;KNG1;F12;SERPINA5;SERPINC1"
"Biosynthesis Of DHA-derived SPMs R-HSA-9018677",0.743161094224924,0.8525185894407,0.0466948041282054,0.307850623352858,0.805048630845654,16,"ALOX15;HPGD;EPHX2;GSTM4;PTGS2"
"Miscellaneous Transport And Binding Events R-HSA-5223345",0.743670886075949,0.8525185894407,0.0824344091527096,-0.256575082544946,-0.835362932569377,23,"TUSC3;ADD2;ANKH;LRRC8B;MAGT1;MMGT1;ADD1;NIPAL2"
"Signaling By MET R-HSA-6806834",0.74238578680203,0.8525185894407,0.0384786917635432,0.24091482276771,0.837821484020195,62,"RPS27A;SH3GL3;PTPN11;CRKL;LAMA5;TNS4;RAP1B;ITGB1;HPN;CRK;RANBP10;SH3GL1;UBA52;PTK2;RNASE1;MUC20;RAB4A"
"TGF-beta Receptor Signaling Activates SMADs R-HSA-2173789",0.744939271255061,0.853134572673853,0.096240602328129,-0.218465342841964,-0.844165954740594,43,"PPP1CB;FURIN;STUB1;MTMR4;NEDD8;UBE2M;TGFBR1;TGFB2;NEDD4L;ITGAV"
"Glutathione Conjugation R-HSA-156590",0.745833333333333,0.853321078431373,0.0424170054438747,0.264818674415449,0.828099818656742,34,"CHAC1;GGCT;GSTA1;GGT1;MGST1;GSTZ1;GSTM5;GSTM4;CHAC2;ESD"
"Downregulation Of SMAD2/3:SMAD4 Transcriptional Activity R-HSA-2173795",0.749128919860627,0.856002928461472,0.0873098257637931,-0.236589610182435,-0.830448659187112,30,"TRIM33;PARP1;MAPK3;UBE2D1;UBE2D3;NEDD4L;SKIL;SERPINE1"
"Downstream Signaling Of Activated FGFR4 R-HSA-5654716",0.749644381223329,0.856002928461472,0.0432768714901103,0.270603282769103,0.803944834349933,26,"FGF1;FGF18;PTPN11;FGFR4;FGF23;FGF17;FGF6;FGF9;FGF16;FRS2;FGF4"
"CD28 Dependent PI3K/Akt Signaling R-HSA-389357",0.755102040816326,0.86000430596992,0.0440640346597561,0.282626219451909,0.810731517222354,23,"PRR5;MAP3K14;LCK;CD80"
"GPVI-mediated Activation Cascade R-HSA-114604",0.755172413793103,0.86000430596992,0.0862865626267245,-0.232353774653501,-0.833068310303715,32,"PRKCZ;PIK3R1;GP6;PIK3R2;PDPK1;VAV3;RHOB"
"NoRC Negatively Regulates rRNA Expression R-HSA-427413",0.755359394703657,0.86000430596992,0.0373806494758473,0.237680101919071,0.843457688269436,70,"H2AC19;H2AJ;H2BC17;SAP30BP;TAF1A;POLR1F;H2AB1;POLR2L;H2BC21;H2AX;SMARCA5;DPEP2;H2AC14;SIN3A;H3C13;H2AC20;H2BC15;H2BC5;SAP30L;SUDS3;H4C15;ARID4B;H2AZ2"
"CD209 (DC-SIGN) Signaling R-HSA-5621575",0.767062314540059,0.870561803646282,0.0441523058441465,0.289974365399584,0.801357233181695,20,"RELA;PKN1;ICAM2;RNASE3"
"Death Receptor Signaling R-HSA-73887",0.766917293233083,0.870561803646282,0.135740943810425,-0.189004433091334,-0.907181754456539,138,"ABR;CLIP3;BEX3;RTN4;PLEKHG5;MAGED1;ARHGEF3;NGEF;YWHAE;NSMAF;SPPL2A;ARHGEF9;FASN;USP4;ARHGEF11;RASGRF2;ARHGEF12;PRKCI;ARHGEF7;TRIO;ARHGEF17;MAPK8"
"Regulation Of TLR By Endogenous Ligand R-HSA-5686938",0.767616191904048,0.870561803646282,0.0445961615888961,0.294436825840079,0.79482172589013,18,"APOB;TLR2;CD36;TLR1"
"Signaling By FGFR2 In Disease R-HSA-5655253",0.765432098765432,0.870561803646282,0.0956031492204301,-0.217655338823141,-0.832962380514901,42,"GRB2;PIK3R1;POLR2A;POLR2E;FGF13;POLR2C"
"Other Semaphorin Interactions R-HSA-416700",0.76969696969697,0.87207413945278,0.0782955249944794,-0.251382017792231,-0.785616428231099,19,"PLXNA2;PLXNA1;PLXNA4"
"Branched-chain Amino Acid Catabolism R-HSA-70895",0.772590361445783,0.874503348018651,0.0445070537769277,0.288905389826736,0.800833827353396,21,"ACAD8;MCCC1;SLC25A44;LDHD;HIBCH;BCKDHA;BCKDK;BCAT1;BCKDHB;IVD;HSD17B10"
"Signaling By Interleukins R-HSA-449147",0.775384615384615,0.875966937225408,0.0259735747969448,0.210213114372239,0.897738027043091,447,"CCL3;AURKAIP1;COL1A2;GAB2;CCR1;RELA;GATA3;RPS27A;USP18;RHOU;ZEB1;IL32;S100B;CCL5;NFKBIB;SOCS5;CASP1;IL36RN;IL2RA;IL1F10;PTPN11;SNRPA1;IRF4;CSF3R;MAPK7;HMOX1;ALOX15;IL25;BOLA2B;CSF1R;STX4;ITGAX;CRKL;CCR2;IL2RB;RAG2;CRLF2;HSP90AA1;IL1RL2;YES1;IL12B;TNF;FOXO3;LAMA5;BATF;TWIST1;ANXA1;LCK;PSMD10;CCND1;IL18;TXLNA;RAP1B;TIMP1;MMP2;ITGB1;HSP90B1;PELI1;MMP3;CRK;CD80;TNFRSF1B;IL5RA;IL33;PTPN6;RPLP0;IL17RA;IL9R;DUSP6;CD36;SOCS1;SOX2;IL22RA2;DUSP4;IL13;IL6ST;ITGB2;IL10;IL21R;CCL19;CSF2RA;IL1RN;IL36A;UBA52;TOX4;CXCL1;IL10RA;HIF1A;IL12A;PSME2;PTPN18;NFKB2;CEBPD;PTPN14;TYK2;H3C13;CSF2;CISH;NLRX1;IL6R;IRAK2;SIGIRR;PTGS2;TGFB1;MAP2K3;CNN2;STXBP2;FASLG;RPS6KA3;POU2F1;CRLF1;CCL20;CA1;BCL2L1;VCAM1;IL21;IL18BP;IL2RG;IL18RAP;STAT5B;PSMB8;FOXO1;IL27;PSMB11;CCL22;TNIP2"
"VxPx Cargo-Targeting To Cilium R-HSA-5620916",0.775147928994083,0.875966937225408,0.0766746872490091,-0.246305385792345,-0.795841992524321,21,"RAB11A;PTGES2;EXOC7;EXOC8;EXOC1;EXOC5;EXOC4;EXOC2;ASAP1;EXOC6"
"Aggrephagy R-HSA-9646399",0.78134110787172,0.88014003174353,0.0425023180036553,0.274815102259457,0.788324824365197,23,"DYNC1LI2;RPS27A;CFTR;HSP90AA1"
"Kinesins R-HSA-983189",0.779973649538867,0.88014003174353,0.0379271467108098,0.246717952206992,0.806614879904945,42,"KIF5B;KIF12;KIF1C;KIF9;KIF2B;KIF4B;KIF4A;KIF18B;KLC3;KIF6;KIF25;KIF13B;KIF26B;KIF2C;KIF16B;KIF21B"
"Signaling By SCF-KIT R-HSA-1433557",0.78129117259552,0.88014003174353,0.0378487722705029,0.246510591304428,0.805936938198545,42,"GAB2;PTPN11;YES1;LCK;PTPN6;FES;SOCS1;RNASE1;GRB10;GRAP2;SH2B2;KIT;STAT5B;SH2B3;FER"
"Keratan Sulfate Biosynthesis R-HSA-2022854",0.783050847457627,0.881215370282595,0.0833634065110386,-0.231256259166819,-0.798544825756212,28,"B4GAT1;B3GNT4;ST3GAL2;B4GALT6;ST3GAL4;FMOD"
"RNA Polymerase I Promoter Clearance R-HSA-73854",0.784730913642053,0.882255275742076,0.0352404270679709,0.231740838470017,0.830694243838495,73,"RRN3;H2AC19;H2AJ;H2BC17;KAT2B;TAF1A;POLR1F;H2AB1;POLR2L;H2BC21;CBX3;H2AX;CHD4;DPEP2;H2AC14;H3C13;H2AC20;RBBP4;H2BC15;H2BC5"
"Association Of TriC/CCT With Target Proteins During Biosynthesis R-HSA-390471",0.786312849162011,0.883182959549631,0.0402477565068868,0.25373052693557,0.803305403986551,36,"CCT5;FBXW4;FBXW10;KIF13A;GAPDHS;CCNE2;CCNE1;CCT3;WRAP53;KIFC3;FBXW9;CCT4"
"Deubiquitination R-HSA-5688426",0.791313559322034,0.884546347274542,0.0266052822097738,0.20696543052644,0.862064023353641,260,"USP17L12;USP17L11;USP17L3;USP17L15;USP17L17;H2AC19;GATA3;RPS27A;USP18;FOXO4;MUL1;BARD1;H2BC18;SMAD7;H2BC17;AXIN1;CDC20;PROC;KAT2B;BRCC3;ATXN7;CFTR;TFPT;ARRB2;USP47;UFD1;CCP110;OTUD7A;PSMD10;ACTR5"
"Gamma Carboxylation, Hypusine Formation And Arylsulfatase Activation R-HSA-163841",0.788617886178862,0.884546347274542,0.0931454575337804,-0.215336082207186,-0.81690968854098,41,"FURIN;FN3K;DPH1;PROS1;TPST2;GAS6;ARSL;SUMF2;ARSI;ARSF;DPH5;DNAJC24;TPST1"
"Heme Signaling R-HSA-9707616",0.790322580645161,0.884546347274542,0.0925528864684773,-0.213179875080254,-0.829431368172502,44,"MEF2C;CRTC1;CREB1;RORA;NCOA2;TBL1XR1;NR1D1;TLR4;CARM1;LY96"
"Synthesis Of PC R-HSA-1483191",0.791316526610644,0.884546347274542,0.0400845633477088,0.259289515306643,0.778328922665598,27,"SLC44A1;SLC44A2;PHOSPHO1;ACHE;MFSD2A;CSNK2A2;SH2D3C;CHPT1;SLC44A5"
"Transcriptional Regulation By AP-2 (TFAP2) Family Of Transcription Factors R-HSA-8864260",0.789473684210526,0.884546347274542,0.0847985102819124,-0.220458414114759,-0.815067217056154,35,"CHGA;YY1;KCTD1;SUMO1;YEATS4;EGFR"
"ER Quality Control Compartment (ERQC) R-HSA-901032",0.792682926829268,0.885225813980628,0.0770736734944102,-0.243428404660515,-0.772893336663171,20,"MARCHF6;OS9;AMFR;UGGT2;SEL1L;RNF5"
"Incretin Synthesis, Secretion, And Inactivation R-HSA-400508",0.794117647058823,0.885980204701383,0.0806388495950661,-0.243625544082889,-0.799407904795198,24,"SPCS1;GNB1"
"Diseases Of Carbohydrate Metabolism R-HSA-5663084",0.796348314606742,0.886773361780599,0.0399218624292714,0.252880265424939,0.788504014016018,32,"RPS27A;PMEL;HGSNAT;NHLRC1;ALDOB;UBA52;GYS1"
"Platelet Activation, Signaling And Aggregation R-HSA-76002",0.795744680851064,0.886773361780599,0.0265350909115755,0.207205008555245,0.861264693375219,253,"ORM2;TGFB3;RAC2;PDGFB;LAMP2;SERPINA3;PF4;SPARC;ACTN4;GP9;CSK;IGF1;DAGLA;TBXA2R;PTPN11;GNA15;LHFPL2;SELENOP;PRKCH;LCP2;CD9;AHSG;STX4;GTPBP2;ARRB2;SERPING1;LGALS3BP;LCK;FERMT3;P2RY1;SYTL4;GNG5;GNG11;RAP1B;TIMP1;CRK;TAGLN2;ADRA2C;PPBP;PTPN6;IGF2;GP5;ADRA2B;GNB3;CD36;VTI1B;TOR4A;ABCC4;RNASE3;ITPR3;PECAM1;RAPGEF4;GNA13;SRGN;ECM1;PTK2;CTSW;TMSB4X;DGKD"
"RNA Polymerase III Chain Elongation R-HSA-73780",0.802130898021309,0.892361065768224,0.0432768714901103,0.28861983404422,0.762786633453807,17,"POLR3D;POLR3K;POLR2L"
"Cytosolic Sensors Of Pathogen-Associated DNA R-HSA-1834949",0.807106598984772,0.895475783475783,0.034566432206351,0.227525192350449,0.791256810673018,62,"RELA;RPS27A;NFKBIB;POLR3D;MRE11;POLR3K;POLR2L;NLRC3;UBA52;NFKB2;DTX4;TRIM21;IRF3"
"PIWI-interacting RNA (piRNA) Biogenesis R-HSA-5601884",0.807365439093484,0.895475783475783,0.0396787203613389,0.254177857919668,0.770016278330829,29,"TDRD9;HSP90AA1;HENMT1;POLR2L;POLR2J;PIWIL1"
"Signaling By NODAL R-HSA-1181150",0.807121661721068,0.895475783475783,0.0418238690062304,0.279628990743155,0.772767323865124,20,"DAND5;PCSK6;FOXO3;CFC1"
"Signaling By Retinoic Acid R-HSA-5362517",0.808,0.895475783475783,0.0368389606870506,0.241523731945363,0.784418590910016,40,"CRABP2;PDHA2;CYP26C1;RXRB;ALDH1A2;ALDH1A1;DHRS9;DHRS4;LDHD;RXRA;PDK4"
"PI-3K cascade:FGFR1 R-HSA-5654689",0.811746987951807,0.898774890834686,0.0422468188360053,0.275442025777134,0.763513937380555,21,"FGF1;PTPN11;FGF3;FGF23;FGF17;FGF6;FGF9;FGF22;FRS2;FGF4"
"IRAK4 Deficiency (TLR2/4) R-HSA-5603041",0.812593703148426,0.898859574951861,0.0419926218968594,0.280726539408201,0.757811295917106,18,"TIRAP;TLR2;CD36;TLR1;BTK;IRAK4"
"S Phase R-HSA-69242",0.815126050420168,0.900806913674561,0.139599673451922,-0.180163755949017,-0.897454091411309,160,"PSMC5;RBX1;PSMB7;PSMD2;PSMD7;GSK3B;PSMC4;PSMB5;PSMA1;PSMD8;SKP1;MNAT1;CABLES1;PSMC2;ANAPC11;PSMB6;ORC4;PSMA5;UBE2D1;CDK7;PSMC6;AKT1;PSMD11;PSMC3;PSMD12;CDK2;UBE2E1;LIN52;SLC25A2;SEM1;PSMD3;PSMF1;GINS4;GINS3;PSMA3;CDKN1B;POLR1A;PSMC1;PSMB1;PSMA7;CDC16;PDS5B;ANAPC15;SMC3;ANAPC5;CCNA2;RBL2"
"E3 Ubiquitin Ligases Ubiquitinate Target Proteins R-HSA-8866654",0.817796610169492,0.90106974393531,0.0934449219410994,-0.202082395302819,-0.825192424543421,53,"VCP;UBE2V2;UBE2D2;LEO1;RRAGA;UBE2D1;HLA-A;UBE2D3;UBE2E1;UBE2B;HLTF;UBE2N"
"EML4 And NUDC In Mitotic Spindle Formation R-HSA-9648025",0.816849816849817,0.90106974393531,0.0321428397352941,0.218455095884634,0.815846289934166,95,"NDE1;DYNC1LI2;NEK7;RPS27;PLK1;B9D2;CDC20;AHCTF1;MIS12;KIF2B;CENPL;NUF2;EML4;CENPP;BUB1;CKAP5;MAPRE1;NUP133;ZW10;CLASP2;DYNC1LI1;KIF2C;ZWINT;SPDL1;PPP2R5E;DYNLL2"
"MAP3K8 (TPL2)-dependent MAPK1/3 Activation R-HSA-5684264",0.818452380952381,0.90106974393531,0.0741758965588009,-0.264399464958667,-0.751773997348116,15,"SKP1;MAP2K1;MAP2K4"
"TGF-beta Receptor Signaling In EMT (Epithelial To Mesenchymal Transition) R-HSA-2173791",0.818452380952381,0.90106974393531,0.0741758965588009,-0.265397114902783,-0.75461064184193,15,"PRKCZ;TGFBR1;F11R;PARD6A"
"Cytosolic Sulfonation Of Small Molecules R-HSA-156584",0.822289156626506,0.904440570954885,0.0416556773979467,0.271181320461826,0.751703437940134,21,"SULT1A4;SULT1B1;SULT6B1;SLC26A1;SULT1A2;SULT2B1;ABHD14B;BPNT2;SLC35B2"
"Zinc Transporters R-HSA-435354",0.835616438356164,0.918233882826407,0.0414044273760278,0.278486940224148,0.736006644511768,17,"SLC39A2;SLC39A4;SLC30A6;SLC30A8"
"CD28 Co-Stimulation R-HSA-389356",0.8375,0.919251680294533,0.0370705393657621,0.242123363349789,0.757130567642565,34,"PRR5;MAP3K14;PKN1;YES1;LCK;CD80"
"Gene And Protein Expression By JAK-STAT Signaling After Interleukin-12 Stimulation R-HSA-8950505",0.838214783821478,0.919251680294533,0.0372254009247509,0.242036267713275,0.760882734246585,35,"AURKAIP1;SNRPA1;BOLA2B;RAP1B;RPLP0;IL10;TOX4;PSME2;CNN2;CA1;MTAP;PITPNA;MSN"
"Regulation Of KIT Signaling R-HSA-1433559",0.838905775075988,0.919251680294533,0.0411544018789903,0.282483576088926,0.738712215976623,16,"YES1;LCK;PTPN6;SOCS1;SH2B2;KIT;SH2B3"
"STING Mediated Induction Of Host Immune Responses R-HSA-1834941",0.841945288753799,0.921716840502518,0.0409883873374721,0.281115983095629,0.735135874779658,16,"MRE11;NLRC3;DTX4;TRIM21;IRF3;IFI16;CGAS;TREX1;DDX41"
"APC-Cdc20 Mediated Degradation Of Nek2A R-HSA-179409",0.843615494978479,0.922679740056125,0.0382416816260774,0.253945060063793,0.745239829583367,25,"RPS27A;CDC20;UBA52;NEK2;ANAPC7;UBE2S"
"p130Cas Linkage To MAPK Signaling For Integrins R-HSA-372708",0.845345345345345,0.923706009380167,0.0402477565068868,0.285859384321973,0.741068729197884,15,"RAP1B;CRK;PTK2;RAP1A;ITGA2B;FN1;SRC"
"Budding And Maturation Of HIV Virion R-HSA-162588",0.849498327759197,0.926613455670189,0.0782955249944794,-0.225076194205035,-0.75735539249051,26,"PPIA;VPS28;VTA1;PDCD6IP;SGIP1;NEDD4L"
"Endosomal Sorting Complex Required For Transport (ESCRT) R-HSA-917729",0.85007072135785,0.926613455670189,0.0372254009247509,0.241465641091147,0.728033730657581,28,"RPS27A;VPS37D;MVB12B;VPS25;UBA52;SNF8;TSG101;CHMP2A;CHMP6;VPS37C"
"G Alpha (Q) Signaling Events R-HSA-416476",0.85097192224622,0.926613455670189,0.0237208606775806,0.201161700017569,0.826016740536324,210,"LPAR1;GPR4;NPFFR1;HCRTR1;DAGLA;TBXA2R;GNA15;TACR2;MAPK7;PRKCH;NMUR1;NMBR;DHX34;XCR1;FFAR2;UCMA;HCRT;ANXA1;P2RY1;PLCB3;RGS1;GNG5;GNG11;MMP3;GNRHR;PTGFR;GPRC6A;GNB3;PROKR2;ITPR3;LPAR2;AGXT;ADRA1A;BRS3;DGKD;RGS3;RGS17;LTB4R;P2RY6;CCKAR;OXT;P2RY10;BDKRB1;TAC3;GHSR;PROK1;RGSL1;GNRH1;GPR65;KISS1R;F2RL2;KNG1;LPAR3;GNB4;RPS6KA3;BTK;PTGER1;PRKCD;LPAR6;NMS;AVPR1B"
"Signaling By WNT In Cancer R-HSA-4791275",0.851182197496523,0.926613455670189,0.0363783055518278,0.240308022441585,0.751027682105583,33,"CTBP2;AXIN1;PROC;LRP6;DKK4;KREMEN2;DKK1;LRP5;PPP2R5E;TNKS2;PPP2R5A;TCF7L2;TNKS;KREMEN1;PPP2R1B;PORCN;CSNK1A1"
"Dual Incision In GG-NER R-HSA-5696400",0.857335127860027,0.932441839899955,0.0344919215094074,0.231313263773623,0.747627942679189,39,"RPS27A;POLD4;POLD1;POLE4;SLC19A1;UBA52;RFC4;POLE3;POLD2;DDB2;CUL4A"
"Transport Of Vitamins, Nucleosides, And Related Molecules R-HSA-425397",0.8582995951417,0.932621627123244,0.0880945010398517,-0.20041553253557,-0.774420176522554,43,"SLC25A5;SLC25A4;SLC25A6;ARL2;PDZD11;SLC29A2;ARL2BP;SLCO4C1"
"GRB2:SOS Provides Linkage To MAPK Signaling For Integrins R-HSA-354194",0.860119047619048,0.932773714615036,0.0716527366829457,-0.252297531955941,-0.717364250904339,15,"GRB2"
"TP53 Regulates Transcription Of DNA Repair Genes R-HSA-6796648",0.859335038363171,0.932773714615036,0.0319257308349884,0.220197086879271,0.76204231160551,61,"FANCC;ELOA2;ATM;TCEA1;GTF2F2;RAD51D;POLR2L;CTDP1;MLH1;POLR2J;ELOC;DDB2;FANCI"
"Transcriptional Regulation Of White Adipocyte Differentiation R-HSA-381340",0.860837438423645,0.932773714615036,0.0299906706583812,0.213568204433375,0.782532608447133,84,"RELA;CDK19;PLIN1;CDK4;MED30;MED26;TNF;MED27;ADIPOQ;CD36;PCK1;CEBPD;MED13L;RXRA;TGFB1;FAM120B;MED23;EBF1;MED13;MED18"
"Metabolism Of Steroids R-HSA-8957322",0.86281179138322,0.934045789002057,0.0256225253207008,0.202184341694728,0.80133331432586,153,"HSD3B7;DAND5;HSD3B1;CYP11B1;HSD3B2;LRP2;ABCC3;AKR1B15;GPAM;BAAT;AKR1C1;SRD5A1;CYP7B1;SYCP2;SOAT2;OSBPL9;CYP27B1;ACOX2;SLCO1B3;STARD5;HSD11B1;PLPP6;HSD17B1;SLC27A5;HSD17B14;SCD;CYP8B1;SRD5A2;CYP2R1;SRD5A3;HSD17B11;NFYA;CD163L1;SLC10A2;RXRA"
"NCAM1 Interactions R-HSA-419037",0.865650969529086,0.936250863244155,0.0353910624222457,0.232363606831604,0.738940639229567,37,"CNTN2;COL6A2;COL9A2;COL6A1;ST8SIA2;COL6A3;COL4A5;GFRA4;COL6A5;AGRN;CACNA1H;COL9A1;COL6A6;NCAN;PSPN;COL4A4;NRTN"
"Metal Ion SLC Transporters R-HSA-425410",0.867709815078236,0.936741308229696,0.0365314928349125,0.246416792192045,0.732088336670006,26,"SLC39A2;SLC39A4;SLC11A1;SLC30A6"
"RA Biosynthesis Pathway R-HSA-5365859",0.867469879518072,0.936741308229696,0.0391956336118146,0.259970034026011,0.720626214246477,21,"CYP26C1;ALDH1A2;ALDH1A1;DHRS9;DHRS4"
"SHC-mediated cascade:FGFR1 R-HSA-5654688",0.870919881305638,0.939337801740924,0.0383205781976994,0.258041964686421,0.713110604038847,20,"FGF1;FGF3;FGF23;FGF17;FGF6;FGF9;FGF22;FGF4"
"Postmitotic Nuclear Pore Complex (NPC) Reformation R-HSA-9615933",0.872909698996655,0.940466082916202,0.0768736734126542,-0.22008099874143,-0.740547136805065,26,"KPNB1;NUP98;SUMO1;RANGAP1;NUP54;SEH1L;RAN"
"Signaling By NOTCH1 R-HSA-1980143",0.873577749683944,0.940466082916202,0.0305608138615649,0.216685992956035,0.772915773964089,72,"RPS27A;PSEN1;APH1B;HEYL;KAT2B;HDAC10;ARRB2;MAML3;TLE4;DLL1;NUMB;RBPJ;JAG1;UBA52;HIF1A;DTX4;DNER;HDAC7;DLK1;HDAC4"
"Activated TAK1 Mediates P38 MAPK Activation R-HSA-450302",0.875757575757576,0.941527925462698,0.0716527366829457,-0.232030873130728,-0.725140435219866,19,"UBE2N;NOD2;MAPK11;IRAK1;RIPK2;TAB3;IKBKG;TAB1;MAPKAPK3;TRAF6;MAP3K7;MAPKAPK2;MAP2K6;NOD1;TAB2;UBE2V1;MAPK14;MAP2K3;IRAK2"
"NGF-stimulated Transcription R-HSA-9031628",0.876177658142665,0.941527925462698,0.0334561741060507,0.226647208647975,0.732546778991877,39,"SGK1;FOSL1;SH3GL3;ASCL1;FOSB;ID3"
"RHO GTPases Activate Formins R-HSA-5663220",0.880331753554502,0.945121579023095,0.0268860833830403,0.201590632816258,0.770467943145283,114,"NDE1;DYNC1LI2;DVL3;RPS27;FMNL2;PLK1;B9D2;CDC20;AHCTF1;MIS12;DIAPH3;ITGB1;KIF2B;CENPL;NUF2;CENPP;BUB1;CKAP5;RNASE1;MAPRE1;NUP133;ZW10;CLASP2;DYNC1LI1;KIF2C;ZWINT;SPDL1;PFN1;PPP2R5E;DYNLL2"
"EGR2 And SOX10-mediated Initiation Of Schwann Cell Myelination R-HSA-9619665",0.881756756756757,0.945781374205087,0.0768736734126542,-0.213236150060871,-0.740906495156913,29,"DRP2;HMGCR;SREBF2;CYP51A1;PRX"
"Activation Of SMO R-HSA-5635838",0.883582089552239,0.946868960980223,0.0704500850658419,-0.229866039934478,-0.703588274683768,18,"GRK2;KIF3A;ARRB1"
"BBSome-mediated Cargo-Targeting To Cilium R-HSA-5620922",0.889240506329114,0.947528349843587,0.0730744399126987,-0.225910799958794,-0.735525470676262,23,"ARL6;CCT2;BBS2;TTC8;BBS5;MKKS;MCHR1;BBS10;TCP1;SMOX"
"ERBB2 Regulates Cell Motility R-HSA-6785631",0.889880952380952,0.947528349843587,0.0699458736501659,-0.241489984166973,-0.686634864201103,15,"NRG3;DIAPH1;EGFR"
"IL-6-type Cytokine Receptor Ligand Interactions R-HSA-6788467",0.88695652173913,0.947528349843587,0.0687943095604775,-0.234540826990736,-0.703121498604461,17,"CCM2"
"Lewis Blood Group Biosynthesis R-HSA-9037629",0.889055472263868,0.947528349843587,0.0378487722705029,0.252115157202131,0.680575888558508,18,"B4GALNT2;FUT5;B3GALT1;FUT7;FUT2;FUT4"
"Myogenesis R-HSA-525793",0.888513513513513,0.947528349843587,0.0764767053228531,-0.212103952931917,-0.736972583358185,29,"MEF2C;CTNNA2"
"Signaling By Nuclear Receptors R-HSA-9006931",0.88604898828541,0.947528349843587,0.020562605901185,0.196056597537582,0.815449450655663,255,"CRABP2;H2AC19;GATA3;DAND5;CTSD;H2AJ;PDHA2;PLIN1;KDM1A;H2BC17;RAD21;AXIN1;APOD;KAT2B;GPAM;CAV1;CBFB;FKBP4;CYP26C1;HSP90AA1;S1PR3;GTF2F2;TFF1;RXRB;FOXO3;CCND1;ALDH1A2;ALDH1A1;FOSB;FKBP5;GNG5;H2AB1;GNG11;MMP2;POLR2L;MMP3;DHRS9;H2BC21;ABCG5;GNB3;POLR2J;AGO2;SCD;H2AX;KDM4B;DHRS4;LDHD;ABCG8;PTK2;PCK1;H2AC14;APOC1;H3C13;AGO3;PGR;H2AC20;RXRA;PTGES3;IGF1R;STAG2;H2BC15;PDK4;H2BC5;GNAI3;FOXA1;GNB4;POU2F1"
"TNFR1-induced NFkappaB Signaling Pathway R-HSA-5357956",0.887624466571835,0.947528349843587,0.0354665010333725,0.238955575347234,0.709921544460508,26,"TNF;TRADD;CYLD;OTUD7B;TNFAIP3;RBCK1;SHARPIN;TAB2;TANK;CHUK;IKBKB;RNF31;MAP3K7;TRAF1;BIRC3;XIAP"
"Conversion From APC/C:Cdc20 To APC/C:Cdh1 In Late Anaphase R-HSA-176407",0.893292682926829,0.948577540106952,0.0709609456938284,-0.225174819899749,-0.71493759377652,20,"ANAPC11;UBE2D1;UBE2E1;CDC16;ANAPC15;ANAPC5;ANAPC4;ANAPC16;CDC14A"
"RHOQ GTPase Cycle R-HSA-9013406",0.893997445721584,0.948577540106952,0.0299195667151671,0.21345474283055,0.735037952218994,58,"ARHGAP21;PKN1;CFTR;CAV1;JUP;SYDE1;DIAPH3;PLEKHG3;PREX1;CDC42EP1;SLC1A5;CDC42EP2;ARHGAP33;PAK4;STEAP3;ARHGAP5"
"SARS-CoV-1 Infection R-HSA-9678108",0.894117647058824,0.948577540106952,0.0840745577910723,-0.198430162917046,-0.796962401624039,49,"GSK3A;VCP;GSK3B;DDX5;SUMO1;CANX;PRKCSH;HOXC13;ST3GAL2;PARP14;ST3GAL4;ST6GALNAC3;PIK3R4"
"TP53 Regulates Transcription Of Genes Involved In Cytochrome C Release R-HSA-6803204",0.891691394658754,0.948577540106952,0.0372254009247509,0.249952638543336,0.690755386509899,20,"ATM;TP53AIP1;STEAP3;BID;TP73;BAX;PRELID1;PRELID3A;PPP1R13B;TP63;PMAIP1"
"Late SARS-CoV-2 Infection Events R-HSA-9772573",0.895927601809955,0.94871782555703,0.0919686140000427,-0.197053316783393,-0.804298782980475,57,"GSK3A;TUSC3;RPN1;GSK3B;SUMO1;CANX;ZDHHC5;MAGT1;DDOST;MGAT5;PRKCSH;HOXC13;ST3GAL2;RPN2;PARP14;ST3GAL4;MAN1B1;ST6GALNAC3"
"Phosphorylation Of APC/C R-HSA-176412",0.896341463414634,0.94871782555703,0.0707899094502623,-0.223937238429488,-0.711008231164638,20,"ANAPC11;UBE2D1;UBE2E1;CDC16;ANAPC15;ANAPC5;ANAPC4"
"Sphingolipid De Novo Biosynthesis R-HSA-1660661",0.896688741721854,0.94871782555703,0.0315649069021069,0.218426026040124,0.716668166019574,43,"DEGS2;ACER2;PLPP2;FA2H;ALDH3B1;SPTSSA;CERS2"
"APC/C:Cdc20 Mediated Degradation Of Cyclin B R-HSA-174048",0.897959183673469,0.949201419698314,0.0360729976388226,0.244123654401827,0.700284429048649,23,"RPS27A;CDC20;UBA52;ANAPC7;UBE2S"
"Negative Regulators Of DDX58/IFIH1 Signaling R-HSA-936440",0.90125173852573,0.950959112892882,0.0336769978828608,0.222132325486908,0.694223704378028,33,"RPS27A;HERC5;CYLD;UBA52;TRIM4;ISG15;NLRX1;IRF3;IKBKE;TNFAIP3;TRIM25"
"TCF Dependent Signaling In Response To WNT R-HSA-201681",0.900871459694989,0.950959112892882,0.0209275853209046,0.193121765993047,0.78735454111163,194,"WNT8A;H2AC19;RPS27A;SOX3;DVL3;H3-4;TCF7L1;H2AJ;CBY1;H2BC17;AXIN1;PROC;FZD2;LRP6;CAV1;FRAT1;PSMD10;DKK4;H2AB1;TLE4;SOX17;SOX7;H2BC21;MEN1;SOX2;KREMEN2;SOST;LGR6;H2AX;RNF146;DKK1;LRP5;UBA52;WNT4;TERT;RSPO1;RBBP5;PSME2;SOX6;H2AC14;H3C13;H2AC20;CCDC88C;H2BC15;CSNK2A2;H2BC5;BCL9;PYGO2;PIP5K1B;WNT9A;CXXC4;PSMB8;PSMB11"
"Resolution Of Sister Chromatid Cohesion R-HSA-2500257",0.902761104441777,0.951691245603933,0.0262543396498271,0.202117053702605,0.7637537683305,104,"NDE1;DYNC1LI2;RPS27;PLK1;B9D2;RAD21;CDC20;AHCTF1;CDCA5;MIS12;KIF2B;CENPL;NUF2;CENPP;BUB1;CKAP5;MAPRE1;NUP133;ZW10;STAG2;CLASP2;DYNC1LI1;KIF2C;ZWINT;SPDL1;PPP2R5E;DYNLL2"
"Sulfur Amino Acid Metabolism R-HSA-1614635",0.903735632183908,0.951858738951824,0.035090109926935,0.2357502526113,0.686547814093832,24,"MPST;GOLT1A;VSIG2;SLC25A10;APIP;MRI1;MTAP;TXN2;CSAD;ETHE1;ADI1"
"Signaling By ALK R-HSA-201556",0.906354515050167,0.95362453908181,0.0749278818393739,-0.20897161514712,-0.703165344376445,26,"PIK3R1;PTN;PIK3R2"
"TICAM1, RIP1-mediated IKK Complex Recruitment R-HSA-168927",0.907046476761619,0.95362453908181,0.0369160593316849,0.244310896959822,0.659508565959207,18,"RPS27A;UBA52"
"Downregulation Of TGF-beta Receptor Signaling R-HSA-2173788",0.914754098360656,0.960862315739771,0.0734381410838857,-0.207512760985439,-0.690829514485728,25,"PPP1CB;STUB1;MTMR4;TGFBR1"
"Ovarian Tumor Domain Proteases R-HSA-5689896",0.916897506925208,0.961875316164201,0.0326513265618535,0.215376158530209,0.684918772045308,37,"RPS27A;PROC;OTUD7A;YOD1;UBA52;TRIM4;OTUD7B;TNFAIP3;TNIP2;TRIM25"
"RNA Polymerase III Transcription Initiation From Type 1 Promoter R-HSA-76061",0.917366946778711,0.961875316164201,0.0331626424471441,0.225050288404909,0.675550449128737,27,"POLR3D;POLR3K;POLR2L;BRF1;GTF3C4;GTF3C5"
"RNA Polymerase II Transcribes snRNA Genes R-HSA-6807505",0.918444165621079,0.962140342261938,0.0276588991389961,0.204812769153992,0.734822326341207,74,"PHAX;DAND5;INTS13;GTF2F2;PCF11;ELL2;POLR2L;ZC3H8;POLR2J;INTS1;INTS6;INTS14"
"Signaling By Activin R-HSA-1502540",0.919642857142857,0.96253203074952,0.0683110858318647,-0.233577408191316,-0.66413682748431,15,"MAPK3;ACVR2A;ACVR1B"
"NOTCH1 Intracellular Domain Regulates Transcription R-HSA-2122947",0.922872340425532,0.964182651098116,0.0303467275556782,0.209595980021047,0.692560137070867,46,"RPS27A;HEYL;KAT2B;HDAC10;MAML3;TLE4;RBPJ;UBA52;HIF1A"
"mRNA Decay By 5 To 3 Exoribonuclease R-HSA-430039",0.922619047619048,0.964182651098116,0.0681513438679483,-0.232339353080677,-0.660616632617018,15,"EDC3;DCP1B;LSM1"
"ESR-mediated Signaling R-HSA-8939211",0.926695842450766,0.966446870545169,0.0194541744944906,0.189792771565798,0.770676579848977,185,"H2AC19;GATA3;DAND5;CTSD;H2AJ;KDM1A;H2BC17;RAD21;AXIN1;KAT2B;GPAM;CAV1;CBFB;FKBP4;HSP90AA1;S1PR3;GTF2F2;TFF1;FOXO3;CCND1;FOSB;FKBP5;GNG5;H2AB1;GNG11;MMP2;POLR2L;MMP3;H2BC21;GNB3;POLR2J;AGO2;H2AX;KDM4B;PTK2;H2AC14;H3C13;AGO3;PGR;H2AC20;PTGES3;IGF1R;STAG2;H2BC15;H2BC5;GNAI3;FOXA1;GNB4;POU2F1"
"RNA Polymerase III Transcription Initiation From Type 2 Promoter R-HSA-76066",0.926031294452347,0.966446870545169,0.0334561741060507,0.226413470526749,0.672659763010105,26,"POLR3D;POLR3K;POLR2L;BRF1;GTF3C4;GTF3C5"
"Deadenylation-dependent mRNA Decay R-HSA-429914",0.927966101694915,0.966675162482477,0.0862865626267245,-0.183607365462662,-0.749750649199923,53,"NT5C3B;EIF4A2;EDC3;DCP1B;CNOT7;LSM1;TNKS1BP1;EIF4A1;CNOT6L;TUT4"
"Endogenous Sterols R-HSA-211976",0.928571428571429,0.966675162482477,0.0325785172778622,0.222000753038722,0.666396428483559,27,"CYP11B1;AHRR;CYP7B1;CYP8B1;RXRA;CYP1B1;CYP27A1"
"Signaling By TGFB Family Members R-HSA-9006936",0.931764705882353,0.969134948096886,0.0234376252595191,0.190966284162784,0.731063294943173,118,"COL1A2;TGFB3;RPS27A;AMH;DAND5;GDF2;TFDP1;SMAD7"
"Defective B4GALT7 Causes EDS, Progeroid Type R-HSA-3560783",0.934718100890208,0.970611650485437,0.0350150690873584,0.22875657258086,0.632179102531759,20,"B4GALT7;BGN;SDC4;DCN;AGRN;HSPG2;CSPG4;NCAN;SDC2"
"RMTs Methylate Histone Arginines R-HSA-3214858",0.935656836461126,0.970611650485437,0.0300618095810087,0.204057778299334,0.678843570481389,48,"H2AC19;RPS2;H2AJ;CDK4;CCND1;H2AB1;H2AX;H2AC14;WDR5;H3C13;H2AC20;PRMT1;SMARCD1;H4C15;H2AZ2"
"Unattached Kinetochores Signal Amplification Via A MAD2 Inhibitory Signal R-HSA-141444",0.935679611650485,0.970611650485437,0.024919740580511,0.194409239309894,0.722366126074716,91,"NDE1;DYNC1LI2;RPS27;PLK1;B9D2;CDC20;AHCTF1;MIS12;KIF2B;CENPL;NUF2;CENPP;BUB1;CKAP5;MAPRE1;NUP133;ZW10;CLASP2;DYNC1LI1;KIF2C;ZWINT;SPDL1;PPP2R5E;DYNLL2"
"SUMOylation Of DNA Methylation Proteins R-HSA-4655427",0.936936936936937,0.970682119096634,0.0354665010333725,0.247381573961963,0.641317930064795,15,"CBX2;PHC3;CBX8;PHC1"
"WNT Ligand Biogenesis And Trafficking R-HSA-3238698",0.937411095305832,0.970682119096634,0.0328701032730105,0.220517212457815,0.655142362008881,26,"WNT8A;WNT9B;WNT2;VPS26A;WNT4"
"Organic Cation/Anion/Zwitterion Transport R-HSA-549132",0.93993993993994,0.97243786339531,0.0353157046479879,0.241741044592321,0.626695286341279,15,"SLC22A1;SLC22A11;SLC22A18;SLC22A2;SLC22A12;SLC22A4;RSC1A1"
"Nucleotide Catabolism R-HSA-8956319",0.941666666666667,0.973361381753764,0.0314928902471297,0.213427853694312,0.667398427738096,34,"NUDT5;DPYD;ENTPD8;NT5C;ENTPD2"
"DAP12 Signaling R-HSA-2424491",0.947666195190948,0.976152155478255,0.0320704174637537,0.213254356893554,0.642974977005497,28,"KLRC2;LCP2;LCK;RNASE1;TYROBP;GRAP2;TREM2;BTK"
"N-glycan Antennae Elongation In medial/trans-Golgi R-HSA-975576",0.945945945945946,0.976152155478255,0.0324330694656715,0.216544087565373,0.64333846517208,26,"MAN2A1;MOGAT3;ST8SIA2"
"Nucleotide Salvage R-HSA-8956321",0.947521865889213,0.976152155478255,0.0335297167141207,0.221004598110338,0.633965926751532,23,"APRT;AMPD2;UCK1;ADAL;PUDP;GMPR;CDA;TK1;SCO2;UCKL1"
"mTORC1-mediated Signaling R-HSA-166208",0.947712418300654,0.976152155478255,0.0714786287425507,-0.196562667093698,-0.644980601085358,24,"YWHAB;LAMTOR3;RRAGA;LAMTOR5;LAMTOR1"
"Caspase Activation Via Death Receptors In Presence Of Ligand R-HSA-140534",0.949404761904762,0.977032942806752,0.0667426134241917,-0.214595035427684,-0.610163744543697,15,"FASN;NDUFA2;TLR4;LY96"
"Interleukin-7 Signaling R-HSA-1266695",0.954088952654232,0.980988376870034,0.0324330694656715,0.217304073727351,0.637711364937208,25,"RAG2;CRLF2;SOCS1;H3C13;CISH;IL2RG;STAT5B;IRS1;IL7R;JAK3"
"BMAL1:CLOCK,NPAS2 Activates Circadian Gene Expression R-HSA-1368108",0.960655737704918,0.98687081505426,0.0709609456938284,-0.179725085068958,-0.598321725707301,25,"HSD17B4;NCOA2;TBL1XR1;SERPINE1;CARM1"
"Regulation Of TNFR1 Signaling R-HSA-5357905",0.9625,0.987895778364116,0.0304180507344859,0.203500364225432,0.636354724921278,34,"RPS27A;TNF;TRADD;CYLD;CFLAR;UBA52;OTUD7B;TNFAIP3;RBCK1;OTULIN"
"FOXO-mediated Transcription R-HSA-9614085",0.966666666666667,0.989787382363193,0.0905428948469474,-0.173892132370045,-0.722717967082286,65,"YWHAG;PINK1;YWHAB;PLXNA4;SREBF1;FOXG1;BTG1;SIRT3;STK11;AKT1;ABCA6"
"RNA Polymerase III Abortive And Retractive Initiation R-HSA-749476",0.965250965250965,0.989787382363193,0.0791316651768349,-0.17853154844316,-0.672160340699203,39,"POLR2E;NFIX;TBP;GTF3C2;POLR3E;POLR2K;POLR2H;POLR3C;POLR3F;POLR2F;POLR3H;POLR3B;SNAPC4;BRF2;POLR3G"
"TNF Signaling R-HSA-75893",0.966887417218543,0.989787382363193,0.0277995594097672,0.192195360735827,0.630603867099215,43,"RPS27A;SMPD3;TNF;TRADD;CYLD;CFLAR;UBA52;OTUD7B;TNFAIP3;RBCK1;OTULIN"
"Purine Catabolism R-HSA-74259",0.968085106382979,0.990144889701083,0.0344919215094074,0.21896886168316,0.572617266049212,16,"NUDT5;NT5C;XDH;DNPH1;NUDT18"
"Defective B3GAT3 Causes JDSSDHD R-HSA-3560801",0.973293768545994,0.990632803940342,0.0330894161454377,0.200391565814124,0.553791127406962,20,"B3GAT3;BGN;SDC4;DCN;AGRN;HSPG2;CSPG4;NCAN;SDC2"
"Heparan Sulfate/Heparin (HS-GAG) Metabolism R-HSA-1638091",0.972584856396867,0.990632803940342,0.0267456741432593,0.178530692223052,0.60499571934179,53,"B4GALT7;XYLT1;B3GAT3;B3GAT2;BGN;HS3ST4;SDC4;DCN;B3GALT6;AGRN;HSPG2;NDST2"
"Hyaluronan Metabolism R-HSA-2142845",0.974164133738602,0.990632803940342,0.0341946045318573,0.212361051816311,0.555337430042197,16,"HYAL3;CD44;HEXA"
"MET Activates PTK2 Signaling R-HSA-8874081",0.971080669710807,0.990632803940342,0.0344174840212229,0.213429267443074,0.564067237210289,17,"LAMA5;ITGB1;PTK2;LAMA1;ITGA3;SRC;LMNB2;LAMC1;LAMA2"
"Peroxisomal Lipid Metabolism R-HSA-390918",0.974504249291785,0.990632803940342,0.0307752597613667,0.192932310972537,0.584476638841576,29,"SYCP2;ACBD5;ACOX2;DECR2;KRTAP11-1;AMACR;ACOT6;SLC25A17;NUDT7;CRAT;ACOT4"
"Striated Muscle Contraction R-HSA-390522",0.971731448763251,0.990632803940342,0.0741758965588009,-0.166033364671611,-0.602101736419467,33,"TMOD2;TNNT1;TPM3;TNNT3;TNNC2;TMOD3;ACTN2;TPM1;TMOD1;MYH8;TMOD4;MYL1;DMD"
"Tristetraprolin (TTP, ZFP36) Binds And Destabilizes mRNA R-HSA-450513",0.973913043478261,0.990632803940342,0.0642140881844605,-0.186285017966582,-0.558457146590499,17,"YWHAB"
"Gastrulation R-HSA-9758941",0.977203647416413,0.991649266552134,0.0340463727579649,0.210919791587901,0.551568444418789,16,"BMP4;TBPL2;SOX2;MIXL1;FOXH1;TBXT"
"Transcriptional Regulation By VENTX R-HSA-8853884",0.976833976833977,0.991649266552134,0.0785029047348687,-0.17240173558515,-0.649081970881699,39,"ANAPC11;CEBPB;UBE2D1;CTNNB1;UBE2E1;TNRC6A;IL6;NFKB1;CDC16;AGO4;ANAPC15;ANAPC5;ANAPC4;LEF1;TNRC6B"
"Chromatin Modifying Enzymes R-HSA-3247509",0.979765708200213,0.993385387897175,0.0135373162884418,0.176242088857125,0.730359308874097,234,"RELA;H2AC19;RPS2;PRDM9;KAT6B;KMT5A;H2AJ;H2BC18;KDM1A;H2BC17;CDK4;KAT2B;HAT1;ATXN7;HDAC10;BRD1;SGF29;PADI4;KMT5C;KMT2E;ELP6;CCND1;H2AB1;UTY;H2BC21;KAT7;H2AX;CHD4;KDM4B;SETD7;PHF21A;KMT2A;RBBP5;KAT6A;NFKB2;H2AC14;EPC1;WDR5;JMJD6;H3C13;H2AC20;KDM5A;RBBP4;H2BC15;H2BC5;SAP30L;EZH2;NSD1;ARID5B;DPEP3;SUDS3;JADE3;PHF2;HCFC1;PRMT1;SMARCD1;SETD1B;MCRS1;ING3;H4C15;KDM4A;ARID4B;TAF12;H2AZ2"
"Butyrate Response Factor 1 Binds And Destabilizes mRNA R-HSA-450385",0.983257229832572,0.994333784414742,0.0338245444462164,0.203214300770415,0.537070339838755,17,"EXOSC6;EXOSC3;EXOSC2;EXOSC1;ZFP36L1;EXOSC4"
"HATs Acetylate Histones R-HSA-3214847",0.982142857142857,0.994333784414742,0.102821842840815,-0.159179204912969,-0.727318808013341,102,"USP22;MORF4L2;RBBP7;MEAF6;ATXN7L3;KANSL3;MORF4L1;H2AC21;NCOA2;DMAP1;YEATS4;H2AC7;JADE1;MSL2;ENY2;ELP5;KAT14"
"Nuclear Receptor Transcription Pathway R-HSA-383280",0.983050847457627,0.994333784414742,0.083129129135339,-0.153151451908225,-0.625385589541904,53,"RORA;NR1H2;NR2F1;RORB;NR4A1;RARA;NR2F6;NR1D1;NR1H4;THRA;NR1D2;NR3C2"
"Defective B3GALT6 Causes EDSP2 And SEMDJL1 R-HSA-4420332",0.984756097560976,0.994987329743427,0.066132620475844,-0.187234081881413,-0.594474480018902,20,"GPC1;GPC5;CSPG5;SDC1"
"Non-integrin membrane-ECM Interactions R-HSA-3000171",0.988095238095238,0.995774734764372,0.0266052822097738,0.18015480295053,0.587451603468144,41,"PDGFB;LAMA5;ITGB1;ITGA6;SDC4;TGFB1;ITGB4;AGRN;HSPG2;ITGB5;DDR1;PDGFA;LAMA1;TTR;SDC2;DDR2"
"Phospholipid Metabolism R-HSA-1483257",0.987068965517241,0.995774734764372,0.0138978052489646,0.170175819360235,0.698581489534819,207,"GPAT2;PIP4K2A;PLAAT3;PLA2G3;TMEM86B;PLD4;PLBD1;GPAM;GPD1;PLAAT5;PTDSS2;GDPD3;SLC44A1;SLC44A2;AGPAT3;PLA2G12A;ABHD4;PLD2;CPNE1;PLA2G5;MIGA2;SBF2;PLA1A;ACP6;PHOSPHO1;PLA2G4E;ACHE;GPAT3;CPNE7;PLEKHA8;MFSD2A;LIPH;ENPP6;PLA2G2D;DGAT2;PLEKHA4;HADHA;DGAT1;PIK3C2B;RAB4A;MTMR1;PIP5K1A;PNPLA8;LPCAT2;MTMR14;PLA2G4D;CSNK2A2;PIK3C2G;PLA2G2A;ETNK2;TNFAIP8L2;PIP5K1B;TNFAIP8L1"
"RNA Polymerase III Transcription Initiation R-HSA-76046",0.98744769874477,0.995774734764372,0.0293519190331994,0.184385212841499,0.579646704301675,35,"POLR3D;POLR3K;POLR2L;BRF1;GTF3C4;GTF3C5;POU2F1;GTF3C6"
"Interleukin-20 Family Signaling R-HSA-8854691",0.991391678622669,0.998234761822825,0.0305608138615649,0.182538883229035,0.53568770424505,25,"PTPN11;IL22RA2;TYK2;STAT5B;IL20;STAT2;JAK3;IFNLR1;IL10RB;IL20RA"
"Glycosaminoglycan Metabolism R-HSA-1630316",1,1,0.108820126769161,-0.145996239141947,-0.688309681900174,120,"B4GAT1;GPC1;IDS;HS6ST3;HS3ST5;HMMR;HS2ST1;B3GNT4;HAS2;GNS;DSE;SPAM1;PAPSS1;GPC5;CSPG5;HS3ST1;ST3GAL2;B4GALT6;HS6ST1;SDC1;HEXB;CHST7;HS6ST2;ST3GAL4;FMOD"
"Integrin Signaling R-HSA-354192",0.994397759103641,1,0.0292103127923884,0.174045711652274,0.522446158629582,27,"CSK;RAP1B;CRK;RAPGEF4;PTK2;RAP1A;ITGA2B;RASGRP2;FN1;SYK;RAPGEF3;SRC"
"Interleukin-6 Family Signaling R-HSA-6783589",0.997126436781609,1,0.0303467275556782,0.157279048608177,0.458025329044868,24,"PTPN11;IL6ST;TYK2;IL6R;CRLF1"
"Mitotic Spindle Checkpoint R-HSA-69618",0.995198079231693,1,0.0207818350435559,0.16147664050326,0.612730802887618,108,"NDE1;DYNC1LI2;RPS27;PLK1;B9D2;CDC20;AHCTF1;MIS12;KIF2B;CENPL;NUF2;CENPP;BUB1;CKAP5;MAPRE1;NUP133;ANAPC7;ZW10;CLASP2;UBE2S;DYNC1LI1;KIF2C;ZWINT;SPDL1;PPP2R5E;DYNLL2"
"NOD1/2 Signaling Pathway R-HSA-168638",0.995827538247566,1,0.0287861460642093,0.149141021354127,0.466106101812213,33,"CASP1;MAPK12;CYLD;IRAK2;TNFAIP3;MAPK14;UBE2V1;ITCH;TAB2;NOD1;CHUK;MAP2K6;IKBKB;MAP3K7;TRAF6"
"PPARA Activates Gene Expression R-HSA-1989781",1,1,0.0203426159572209,0.146337333182764,0.557354974869611,112,"CDK19;APOA5;DAND5;ESRRA;AHRR;MED30;MED26;RXRB;MED27;CD36;ARHGAP9;AGXT;NRF1;NFYA;MED13L;RXRA;FHL2;FAM120B;MED23;ABCA1;PKMYT1;MED13;MED18;ACSL1"
"Regulation Of Lipid Metabolism By PPARalpha R-HSA-400206",1,1,0.105520936843198,-0.151468987420931,-0.707795972124183,114,"HMGCS1;ARNT2;HMGCR;SREBF2;SREBF1;RORA;SIN3B;NR1H2;NCOA2;TNFRSF21;MED6;CCNC;CDK8;PLIN2;THRAP3;TBL1XR1;ACOX1;MED24;NR1D1;NR1H4;CYP7A1;TRIB3;CARM1;TIAM2;AHR;MED16;G0S2;ACADM;MIA3;CHD9"
"TRP Channels R-HSA-3295583",1,1,0.0301329841082956,0.168773485855906,0.49529108306281,25,"TRPM1;TRPV4;TRPM6;TRPM5;TRPA1;MCOLN3;TRPC4AP;TRPC4;TRPC3;TRPV6"
