"pathway","pval","padj","log2err","ES","NES","size","leadingEdge"
"Ribosomal Scanning And Start Codon Recognition R-HSA-72702",1.08131369895169e-26,5.65527064551736e-24,1.34223377296446,-0.752284702763985,-4.70939972652512,57,"RPS12;RPS16;RPS7;RPS29;RPS3;EIF4H;RPS17;RPS6;FAU;RPS13;EIF4A1;RPS14;RPS27A;RPS25;RPS9;EIF4B;RPS15;EIF3K;RPS20;RPS2;RPS19;RPS8;RPS23;EIF3F;EIF3J;EIF3A;EIF3G;RPS5;EIF4G1;EIF1AX;RPS4X;EIF4E;RPS27;EIF3B;EIF3H;EIF3C;RPS21;RPS10;RPS15A;RPS11;EIF3L;RPSA;EIF5;RPS27L;EIF2S2;RPS3A;EIF3E"
"Translation Initiation Complex Formation R-HSA-72649",7.18836787096819e-27,5.65527064551736e-24,1.34223377296446,-0.754669778231448,-4.72433060802908,57,"RPS12;RPS16;RPS7;RPS29;RPS3;EIF4H;RPS17;RPS6;FAU;RPS13;EIF4A1;PABPC1;RPS14;RPS27A;RPS25;RPS9;EIF4B;RPS15;EIF3K;RPS20;RPS2;RPS19;RPS8;RPS23;EIF3F;EIF3J;EIF3A;EIF3G;RPS5;EIF4G1;EIF1AX;RPS4X;EIF4E;RPS27;EIF3B;EIF3H;EIF3C;RPS21;RPS10;RPS15A;RPS11;EIF3L;RPSA;RPS27L;EIF2S2;RPS3A;EIF3E"
"mRNA Activation Upon Binding Of Cap-Binding Complex And eIFs, Subsequent Binding To 43S R-HSA-72662",2.06250993140727e-26,7.19128462750669e-24,1.33449749081658,-0.742222455775054,-4.70951507557762,58,"RPS12;RPS16;RPS7;RPS29;RPS3;EIF4H;RPS17;RPS6;FAU;RPS13;EIF4A1;PABPC1;RPS14;RPS27A;RPS25;RPS9;EIF4B;RPS15;EIF3K;RPS20;RPS2;RPS19;RPS8;RPS23;EIF3F;EIF3J;EIF3A;EIF3G;RPS5;EIF4G1;EIF1AX;RPS4X;EIF4E;RPS27;EIF3B;EIF3H;EIF3C;RPS21;RPS10;RPS15A;RPS11;EIF3L;RPSA;RPS27L;EIF2S2;RPS3A;EIF3E"
"Formation Of Ternary Complex, And Subsequently, 43S Complex R-HSA-72695",3.28427202431408e-23,8.58837134358133e-21,1.24623277191648,-0.745909325521368,-4.66771511030808,50,"RPS12;RPS16;RPS7;RPS29;RPS3;RPS17;RPS6;FAU;RPS13;RPS14;RPS27A;RPS25;RPS9;RPS15;EIF3K;RPS20;RPS2;RPS19;RPS8;RPS23;EIF3F;EIF3J;EIF3A;EIF3G;RPS5;EIF1AX;RPS4X;RPS27;EIF3B;EIF3H;EIF3C;RPS21;RPS10;RPS15A;RPS11;EIF3L;RPSA;RPS27L;EIF2S2;RPS3A;EIF3E"
"SARS-CoV-2 Modulates Host Translation Machinery R-HSA-9754678",7.96926314962927e-15,1.66716985090244e-12,0.986546283587582,-0.613348130149787,-3.92880587444642,47,"RPS12;RPS16;RPS7;RPS29;SNRPD3;RPS3;RPS17;RPS6;FAU;RPS13;RPS14;RPS27A;RPS25;RPS9;RPS15;RPS20;RPS2;RPS19;RPS8;RPS23;RPS5;RPS4X;RPS27;SNRPG;RPS21;SMN1;RPS10;RPS15A;RPS11;RPSA;RPS27L;RPS3A"
"Complex I Biogenesis R-HSA-6799198",7.72740470426511e-07,0.000134714422011022,0.659444398037935,-0.399125127495841,-2.45593259950406,51,"ACAD9;TMEM126B;NDUFV2;NDUFA12;NDUFS4;NDUFA1;NDUFA10;NDUFB8;NDUFV1;NDUFAF3;NDUFB7;NDUFB6;NDUFB4;NDUFB3;NDUFS7;NDUFA3;NDUFA2;NDUFA13;NDUFS5;NDUFS6;NDUFB1;NDUFB2;NDUFAB1"
"Formation Of ATP By Chemiosmotic Coupling R-HSA-163210",2.63990613702526e-06,0.000394477402761203,0.627256739718528,-0.665130929459328,-2.77595056315131,16,"ATP5MC2;ATP5ME;ATP5F1A;ATP5PO;ATP5F1C;ATP5MC1;ATP5F1B;ATP5PB"
"Keratinization R-HSA-6805567",4.52792460244857e-06,0.00059202614177015,0.610526878385931,0.388308829724238,1.63247061664854,192,"KRT14;KRTAP3-2;KRTAP10-4;KRTAP12-1;KRT2;SPRR2B;KRTAP4-3;KRT23;KRT4;KRT86;CASP14;LCE1A;LIPM;PPL;KRTAP6-1;KRTAP19-8;KRTAP5-4;KRTAP13-1;KRTAP9-1;KRTAP21-3;KRTAP25-1;KRT81;KRTAP1-5;SPINK9;KRT1;KRT32;KRTAP1-4;SPRR2E;PKP3;KRT73;LCE2D;KRT71;KRTAP15-1;SPRR2A;KRTAP20-1;KRT7;PRSS8;PERP;KRTAP19-5;KRTAP19-2;SPRR2G;KRT9;KRTAP19-4;KRTAP4-1;KRTAP6-3;KRT26;CSTA;KRT25;LCE3B;CDSN;KRTAP10-8;KRTAP4-2;KRTAP1-3;SPRR1B;KRTAP1-1;KRT31;KRTAP4-4;KRTAP2-2;IVL;KRT40;EVPL;DSG3;KRTAP5-10;KRTAP19-7;KRT19;DSG2;LIPK;KRT3;KRT17;TGM1;TCHH;LCE1F;KRT20;KRTAP26-1;RPTN;KRT82;LCE3C;KRT27;KRTAP13-4;KRTAP9-6;LIPJ;KRTAP3-1;SPRR1A;KRTAP21-2;KRTAP17-1;KRTAP24-1;KRT85;KLK5;LCE3E;KRTAP5-2;KRTAP16-1;KRTAP19-6;PKP1;KLK13;KRTAP13-3;DSPP;KRT84;KRT15;KRT78;KAZN;SPRR3;DSC3;KRT5;KRTAP3-3;KRTAP10-5;LCE2B;KRT80;FLG;KRT76;LIPN;KRT38;KRT39;KRTAP10-7;KRT13;TGM5;KRT16;KRTAP11-1;DSG4;LORICRIN;KRTAP5-11;KRT24;CELA2A;LELP1;LCE2C;KRTAP8-1;KRTAP13-2;KRT79;KRTAP19-3;KLK8;LCE5A;LCE2A;KRT33B"
"Olfactory Signaling Pathway R-HSA-381753",1.99664980950932e-05,0.0023205507786075,0.575610261071129,0.325538526343333,1.40506682470195,381,"OR5B2;OR51I2;OR2D3;OR2H1;OR2F2;OR12D3;OR52L1;OR6C6;OR52E8;OR5K4;OR51M1;OR5H14;OR4C11;OR4C45;OR7A5;OR10Z1;GNG13;OR2B2;OR6K3;OR52N1;OR9A4;OR3A2;OR3A1;OR52A5;OR10H1;OR8H3;OR2AG2;OR6X1;OR2V2;OR14K1;OR2L8;OR13J1;OR11A1;OR5J2;OR5AS1;OR2A12;OR5M3;OR8I2;OR4D10;OR2L2;OR10A5;OR52H1;OR2L5;OR5L2;OR2A5;OR2D2;OR6B2;OR4D5;OR2W3;OR52W1;OR51A2;OR10X1;OR2K2;GNAL;OR5H1;OR10G2;OR6C75;OR8U9;OR2T1;OR4K13;OR10V1;OR8J3;OR4K15;OR5B12;OR5H2;OR52E6;OR2T10;OR4C16;OR4C6;OR4E2;OR2W1;OR6K6;OR13A1;OR9I1;OR2A7;OR2G6;CNGA4;OR10W1;OR2T3;OR6C2;OR52B6;OR2G3;OR6J1;OR1L8;OR7G1;OR11L1;OR8K5;OR2AP1;OR2T6;OR1N2;OR1J4;OR7G3;OR1Q1;OR6B3;OR8K1;OR4A15;OR5D18;OR1G1;OR11H1;OR5M10;OR5C1;OR56A1;OR51B4;OR5K3;LDB2;OR5D14;OR6C68;OR52N2;OR51E1;OR2AG1;OR5T3;OR10J1;OR52I1;OR10AG1;OR9G9;OR8D2;OR6C3;OR8H2;OR8J1;OR1J1;OR52I2;OR13H1;OR11H4;OR52E2;OR14I1;OR8S1;OR7G2;OR51G2;OR2L13;OR52E5;OR6C1;OR5M1;OR2AE1;OR8U3;OR4C3;OR6N1;OR5K2;OR51D1;OR9K2;OR13C3;OR2J3;OR4Q2;OR5K1;OR8A1;OR51B2;OR1L1;OR13C5;OR4D6;OR1D2;OR4K14;OR5AL1;OR51B5;OR13D1;OR10J4;OR52K1;OR8D1;OR1S1;OR5A2;OR5M8;OR5P3;OR5M9;OR51V1;OR51A7;OR10G6;OR2T5;OR56A5;OR52E4;OR1S2;OR10H4;OR8B4;OR13C2;OR2J1;OR5H15;OR6C76;OR2M4;OR10G4;OR1L3;OR5AU1;OR4D11;GNB1;OR2AK2;OR56A3;OR5AP2;OR4C15;OR4A5;OR52N5;OR13F1;OR2C1;OR13C4;OR8D4;OR10A3;OR5AC2;OR52A1;OR52B2;OR2T35;OR10H3;OR6Q1;OR4C5;OR2T27;OR6C65;OR5B17;OR1I1;OR1A2;OR51F2;OR1K1;OR1L4;OR9A2;OR2G2;OR51I1;OR52K2;OR2M2;OR12D2;OR6Y1;OR5T2;OR56B1;OR5F1;OR51F1;OR4N4;OR2AT4;OR51L1;OR2C3;OR6V1;OR10G7;OR5AN1;OR5T1;OR10H5;OR2S2;OR5W2;OR6S1;OR14C36;OR8K3;OR10S1;OR5AK2;OR4D2;OR10AC1;OR6C4;OR10A2;OR4K17;CNGB1;OR4K3;OR14J1;OR8G1;OR2Y1;OR3A3;OR2B3;OR10K2;OR10P1;CNGA2;OR51G1;OR4D1;OR6P1;OR4S2;OR52E1;OR4K5"
"Prefoldin Mediated Transfer Of Substrate To CCT/TriC R-HSA-389957",2.28916498625064e-05,0.00239446657561817,0.575610261071129,-0.471289405050304,-2.3550444908758,26,"TUBB4A;TUBA1C;PFDN2;VBP1;TUBB2B;TUBB4B;CCT3;TUBA3D;CCT4;PFDN5;TUBB;CCT8"
"GPCR Ligand Binding R-HSA-500792",2.75061885249455e-05,0.002615588472463,0.575610261071129,0.321017402213635,1.3923487640305,447,"HTR6;FFAR3;GNRH2;CCL20;C5AR2;CXCL8;CCL17;MC1R;FZD7;GPR183;TAS2R50;ACKR3;PMCH;PTH2R;GNG13;CHRM4;GLP2R;EDNRA;TAS2R1;RXFP3;ADRA2B;HTR1F;CCKAR;PTGDR2;FSHB;FPR2;CCR6;CCL23;CXCL11;CYSLTR1;QRFP;AGTR2;ADORA2B;CYSLTR2;WNT7B;GIPR;HTR2C;PTAFR;PTHLH;SSTR1;LPAR3;NTS;ADRB2;GRM2;GHRH;NPFFR2;RXFP2;RLN2;MC5R;IAPP;SFTPA2;UTS2R;NMS;WNT5A;BDKRB2;P2RY6;TAS1R1;HCRTR1;TAAR8;CHRM1;CALCA;NPS;CXCL10;CCR3;UCN3;ADRA2C;UBD;HTR7;GPR35;GPR65;PTCH2;SHH;CCL22;PPY;GPNMB;PLPPR3;TSHB;CCL1;RAMP1;XK;PLPPR4;NPY1R;GPR68;GHSR;LPAR5;CASR;DRD2;OPN5;TACR3;PROK1;MC2R;MTNR1B;CX3CR1;GAL;GNRHR;GPRC6A;GNGT1;TRHR;HRH2;P2RY14;OPN3;PRLHR;FZD8;S1PR4;SUCNR1;TAS2R46;NMUR2;GABBR2;MLNR;PTGFR;FFAR2;TAS2R42;FZD6;TAAR1;KEL;EDN3;ADRA1A;PTGER2;LPAR6;CXCL5;CRH;CCR2;SSTR2;ADCYAP1;TAS2R41;GNGT2;AVPR1A;RAMP2;P2RY10;GPR31;PDYN;UTS2;ADRB3;CXCR6;LPAR4;INSL5;CHRM2;GNG10;WNT4;GHRHR;LHB;HCAR2;TAS2R16;GPR39;CHRM5;CCL27;UTS2B;NPW;TAS2R13;MRLN;OXGR1;F2RL3;AVPR2;CCL7;CCR9;NPY5R;PTGER1;OPN1MW3;CCR5;TAS2R30;CXCL1;NPY2R;SMOX;TAS2R45;F2R;FZD10;C5;PYY;MCHR2;CCL11;CCKBR;WNT1;TAS1R2;ADRA1B;TAS2R4;HTR1A;CPAMD8;GNB5;WNT16;CCL28;OPN4;GCG;PLPPR2;QRFPR;FZD9;WNT3A;TAS2R14;RXFP1;CCL21;ACKR1;LHCGR;GNG4;P2RY13;NPFFR1;CRHR2;NTSR2;OXER1;CHGA;POMC;TTF2;P2RY2;LTB4R2;TAS2R3;GALR2;WNT8B;CALCR;CCR7;FPR3;RXFP4;TAS2R10;NMUR1;TAS2R43;TAC1;EDN1;ADRA1D;TAS2R19;ADGRE2;NLRP3;TAAR6;GNB1;HCAR1;DRD1;GPR18;CCR8;ADM;GNG11;WNT7A;GPR55;CCL16;WNT6;SCTR;AGXT;RIPK2;CCL25;DHH;FZD4;HRH4;GNG12;WNT2B;GPHA2;GNRH1;KISS1;PENK;PNOC;AGTR1;TAC3;ADORA3;NPBWR2;TAS2R9;OPN1LW;F2RL2;UCN2;GNG3;CCL13;NPB;CXCL13;ADM2;PLPPR5;CNOT6;FPR1;HRH3;TSHR;NPBWR1;CXCL9;GNB2;S1PR1;GNG2;HTR2A;TAAR5;OPRK1;P2RY12;GALR1;HTR1E;GRM8;CCL5;RAMP3;PPBP;ANXA1;CALCB;CXCL2"
"Chaperone Mediated Autophagy R-HSA-9613829",3.03044517235365e-05,0.0026415380419016,0.575610261071129,-0.561649557780402,-2.47863365072812,18,"LAMP2;RNASE1;GFAP;PLIN3;RPS27A;HSP90AB1;PARK7;UBA52"
"EPHB-mediated Forward Signaling R-HSA-3928662",3.98085208543311e-05,0.00320305483181772,0.557332238758646,-0.436675678067738,-2.28229574297588,30,"ARPC5;RHOA;RNASE1;CDC42;PTK2;FYN;YES1;ACTR3"
"mRNA Splicing - Minor Pathway R-HSA-72165",6.90231224504686e-05,0.00515701329165644,0.538434096309916,-0.341894664108822,-2.13038479687156,49,"SF3B1;SNRPD3;YBX1;POLR2I;TXNL4A;POLR2A;PRPF6;SRSF1;POLR2F;SRSF2;SNRPG;POLR2E;SF3B2;POLR2L;SF3B5;NCBP2"
"Expression And Translocation Of Olfactory Receptors R-HSA-9752946",7.84006243724012e-05,0.00546713687290211,0.538434096309916,0.323864057483492,1.39638515967963,373,"OR5B2;OR51I2;OR2D3;OR2H1;OR2F2;OR12D3;OR52L1;OR6C6;OR52E8;OR5K4;OR51M1;OR5H14;OR4C11;OR4C45;OR7A5;OR10Z1;OR2B2;OR6K3;OR52N1;OR9A4;OR3A2;OR3A1;OR52A5;OR10H1;OR8H3;OR2AG2;OR6X1;OR2V2;OR14K1;OR2L8;OR13J1;OR11A1;OR5J2;OR5AS1;OR2A12;OR5M3;OR8I2;OR4D10;OR2L2;OR10A5;OR52H1;OR2L5;OR5L2;OR2A5;OR2D2;OR6B2;OR4D5;OR2W3;OR52W1;OR51A2;OR10X1;OR2K2;OR5H1;OR10G2;OR6C75;OR8U9;OR2T1;OR4K13;OR10V1;OR8J3;OR4K15;OR5B12;OR5H2;OR52E6;OR2T10;OR4C16;OR4C6;OR4E2;OR2W1;OR6K6;OR13A1;OR9I1;OR2A7;OR2G6;OR10W1;OR2T3;OR6C2;OR52B6;OR2G3;OR6J1;OR1L8;OR7G1;OR11L1;OR8K5;OR2AP1;OR2T6;OR1N2;OR1J4;OR7G3;OR1Q1;OR6B3;OR8K1;OR4A15;OR5D18;OR1G1;OR11H1;OR5M10;OR5C1;OR56A1;OR51B4;OR5K3;LDB2;OR5D14;OR6C68;OR52N2;OR51E1;OR2AG1;OR5T3;OR10J1;OR52I1;OR10AG1;OR9G9;OR8D2;OR6C3;OR8H2;OR8J1;OR1J1;OR52I2;OR13H1;OR11H4;OR52E2;OR14I1;OR8S1;OR7G2;OR51G2;OR2L13;OR52E5;OR6C1;OR5M1;OR2AE1;OR8U3;OR4C3;OR6N1;OR5K2;OR51D1;OR9K2;OR13C3;OR2J3;OR4Q2;OR5K1;OR8A1;OR51B2;OR1L1;OR13C5;OR4D6;OR1D2;OR4K14;OR5AL1;OR51B5;OR13D1;OR10J4;OR52K1;OR8D1;OR1S1;OR5A2;OR5M8;OR5P3;OR5M9;OR51V1;OR51A7;OR10G6;OR2T5;OR56A5;OR52E4;OR1S2;OR10H4;OR8B4;OR13C2;OR2J1;OR5H15;OR6C76;OR2M4;OR10G4;OR1L3;OR5AU1;OR4D11;OR2AK2;OR56A3;OR5AP2;OR4C15;OR4A5;OR52N5;OR13F1;OR2C1;OR13C4;OR8D4;OR10A3;OR5AC2;OR52A1;OR52B2;OR2T35;OR10H3;OR6Q1;OR4C5;OR2T27;OR6C65;OR5B17;OR1I1;OR1A2;OR51F2;OR1K1;OR1L4;OR9A2;OR2G2;OR51I1;OR52K2;OR2M2;OR12D2;OR6Y1;OR5T2;OR56B1;OR5F1;OR51F1;OR4N4;OR2AT4;OR51L1;OR2C3;OR6V1;OR10G7;OR5AN1;OR5T1;OR10H5;OR2S2;OR5W2;OR6S1;OR14C36;OR8K3;OR10S1;OR5AK2;OR4D2;OR10AC1;OR6C4;OR10A2;OR4K17;OR4K3;OR14J1;OR8G1;OR2Y1;OR3A3;OR2B3;OR10K2;OR10P1;OR51G1;OR4D1;OR6P1;OR4S2;OR52E1;OR4K5"
"Gene And Protein Expression By JAK-STAT Signaling After Interleukin-12 Stimulation R-HSA-8950505",0.000144027222324303,0.00941577965945133,0.518848077743792,-0.381594878630333,-2.16827093611697,35,"HNRNPA2B1;PDCD4;HNRNPDL;CDC42;TOX4;TALDO1;RPLP0;SNRPA1;AURKAIP1;SOD1;HSPA9;PPIA"
"RHO GTPases Activate PAKs R-HSA-5627123",0.00021364289828289,0.0124150262002168,0.518848077743792,-0.479287025301818,-2.24377233878605,21,"MYLK;RNASE1;CTTN;PPP1CB;MYL12B;CDC42;MYL6"
"RHO GTPases Activate PKNs R-HSA-5625740",0.000207801954675679,0.0124150262002168,0.518848077743792,-0.288070243881125,-1.84744828012846,59,"RHOA;YWHAE;RNASE1;H3-3B;YWHAQ;PPP1CB;H2AC6;MYL12B;KDM1A;PPP1R14A;MYL6;H2AJ;MYH14;H2BC17;H2AB1;H2AZ1;PKN1;H4C15;PKN2;H2AC19;H2AX;H2AZ2"
"Cooperation Of Prefoldin And TriC/CCT In Actin And Tubulin Folding R-HSA-389958",0.000317385991271968,0.0166426967696758,0.49849310876659,-0.396491063302563,-2.07226990499582,30,"TUBB4A;TUBA1C;PFDN2;VBP1;TUBB2B;TUBB4B;CCT3;TUBA3D;CCT4;PFDN5;TUBB;CCT8"
"N-glycan Trimming In ER And Calnexin/Calreticulin Cycle R-HSA-532668",0.000334126799391197,0.0166426967696758,0.49849310876659,-0.372795789970789,-2.02251643532698,34,"RAD23B;CALR;PDIA3;MARCHF6;CANX;RPS27A;VCP;AMFR;UBA52;UBXN1"
"Semaphorin Interactions R-HSA-373755",0.000320040807698944,0.0166426967696758,0.49849310876659,-0.27934181339168,-1.83067588295923,63,"SEMA4D;PLXNB3;RHOA;RNASE1;DPYSL2;PLXNB1;SEMA6A;ITGB1;MYL12B;FYN;MYL6;HSP90AB1"
"RHO GTPases Activate CIT R-HSA-5625900",0.000513388884838792,0.0244093078882444,0.477270815362862,-0.478184610469587,-2.17370888501923,19,"CDKN1B;RHOA;RNASE1;PPP1CB;MYL12B;LLGL1;MYL6"
"Aggrephagy R-HSA-9646399",0.000618882933043596,0.0281457194766783,0.477270815362862,-0.429149303714647,-2.02492295882331,23,"DYNC1LI2;DYNC1I2;RPS27A;DYNC1H1;VCP;PARK7;UBA52"
"Signaling By ERBB4 R-HSA-1236394",0.000839437331519843,0.0365854770320732,0.477270815362862,-0.275218285595861,-1.68432877956305,56,"S100B;PSENEN;APOE;SPARC;GFAP;STMN1;PSEN1;GRB2;RPS27A;WWOX;LLGL1;ERBB3;PIK3R1;UBA52;ADAP1"
"Selective Autophagy R-HSA-9663891",0.000908975738239671,0.0380315448879478,0.477270815362862,-0.268997672853473,-1.76645869663354,60,"DYNC1LI2;DYNC1I2;SQSTM1;PLIN3;RPS27A;DYNC1H1;VCP;TOMM7;ATG12;PARK7;UBA52;MFN1;NBR1;CSNK2B;HSP90AA1;PINK1;TOMM40;TOMM20;PEX5"
"Class A/1 (Rhodopsin-like Receptors) R-HSA-373076",0.00142663537152433,0.0537833907946507,0.45505986738723,0.316872576147106,1.359838035588,318,"HTR6;FFAR3;GNRH2;CCL20;C5AR2;CXCL8;CCL17;MC1R;GPR183;ACKR3;PMCH;CHRM4;EDNRA;RXFP3;ADRA2B;HTR1F;CCKAR;PTGDR2;FSHB;FPR2;CCR6;CCL23;CXCL11;CYSLTR1;QRFP;AGTR2;ADORA2B;CYSLTR2;HTR2C;PTAFR;SSTR1;LPAR3;NTS;ADRB2;NPFFR2;RXFP2;RLN2;MC5R;SFTPA2;UTS2R;NMS;BDKRB2;P2RY6;HCRTR1;TAAR8;CHRM1;NPS;CXCL10;CCR3;ADRA2C;HTR7;GPR35;GPR65;CCL22;PPY;GPNMB;PLPPR3;TSHB;CCL1;XK;PLPPR4;NPY1R;GPR68;GHSR;LPAR5;DRD2;OPN5;TACR3;PROK1;MC2R;MTNR1B;CX3CR1;GAL;GNRHR;TRHR;HRH2;P2RY14;OPN3;PRLHR;S1PR4;SUCNR1;NMUR2;MLNR;PTGFR;FFAR2;TAAR1;KEL;EDN3;ADRA1A;PTGER2;LPAR6;CXCL5;CCR2;SSTR2;AVPR1A;P2RY10;GPR31;PDYN;UTS2;ADRB3;CXCR6;LPAR4;INSL5;CHRM2;LHB;HCAR2;GPR39;CHRM5;CCL27;UTS2B;NPW;MRLN;OXGR1;F2RL3;AVPR2;CCL7;CCR9;NPY5R;PTGER1;OPN1MW3;CCR5;CXCL1;NPY2R;F2R;C5;PYY;MCHR2;CCL11;CCKBR;ADRA1B;HTR1A;CCL28;OPN4;PLPPR2;QRFPR;RXFP1;CCL21;ACKR1;LHCGR;P2RY13;NPFFR1;NTSR2;OXER1;CHGA;POMC;TTF2;P2RY2;LTB4R2;GALR2;CCR7;FPR3;RXFP4;NMUR1;TAC1;EDN1;ADRA1D;NLRP3;TAAR6;HCAR1;DRD1;GPR18;CCR8;GPR55;CCL16;AGXT;RIPK2;CCL25;HRH4;GPHA2;GNRH1;KISS1;PENK;PNOC;AGTR1;TAC3;ADORA3;NPBWR2;OPN1LW;F2RL2;CCL13;NPB;CXCL13;PLPPR5;CNOT6;FPR1;HRH3;TSHR;NPBWR1;CXCL9;S1PR1;HTR2A;TAAR5;OPRK1;P2RY12;GALR1;HTR1E;CCL5;PPBP;ANXA1;CXCL2;NPSR1;GPR143;MTNR1A;CXCR5"
"Cristae Formation R-HSA-8949613",0.0014440673258008,0.0537833907946507,0.45505986738723,-0.352372645488843,-1.7984910074354,29,"ATP5MC2;ATP5ME;ATP5F1A;ATP5PO;ATP5F1C;ATP5MC1;ATP5F1B;ATP5PB;HSPA9;ATP5MC3"
"HSP90 Chaperone Cycle For Steroid Hormone Receptors (SHR) In Presence Of Ligand R-HSA-3371497",0.00134034546444176,0.0537833907946507,0.45505986738723,-0.318938569149081,-1.78230926513806,38,"HSPA2;DYNC1LI2;DYNC1I2;DYNC1H1;DCTN5;HSP90AB1;ACTR10;DNAJA2;STIP1;HSP90AA1;CAPZB"
"Nuclear Signaling By ERBB4 R-HSA-1251985",0.00149112651342722,0.0537833907946507,0.45505986738723,-0.362678183172064,-1.9125955353324,32,"S100B;PSENEN;APOE;SPARC;GFAP;STMN1;PSEN1;WWOX"
"FGFR2 Alternative Splicing R-HSA-6803529",0.00164151131787405,0.0562769332709483,0.45505986738723,-0.389131591924598,-1.87496215056271,25,"TIAL1;POLR2I;POLR2A;POLR2F;PTBP1;HNRNPA1;POLR2E;POLR2L;NCBP2;HNRNPH1;HNRNPF;POLR2G"
"Signaling By ALK Fusions And Activated Point Mutants R-HSA-9725370",0.00166786322313518,0.0562769332709483,0.45505986738723,-0.288631750609179,-1.77475883402728,55,"PPM1B;SQSTM1;RPS6;RBX1;GRB2;NPM1;TPM3;SKP1;HIP1;MECP2;PIK3R1;ALK;KIF5B;STAT3;RRBP1;PRKAR1A;TPM4;TPR"
"Sema4D In Semaphorin Signaling R-HSA-400685",0.00175553698156409,0.0573841150848763,0.45505986738723,-0.404891845836677,-1.91046516300582,23,"SEMA4D;RHOA;RNASE1;PLXNB1;MYL12B;MYL6"
"Interleukin-12 Family Signaling R-HSA-447115",0.00204441347695838,0.0648017120272263,0.431707695803346,-0.268612754968651,-1.67277177889405,54,"HNRNPA2B1;PDCD4;HNRNPDL;CDC42;TOX4;CANX;TALDO1;RPLP0;SNRPA1;AURKAIP1;EBI3;SOD1;HSPA9;STAT3;PPIA"
"Antimicrobial Peptides R-HSA-6803157",0.00221467840737359,0.0661872461175079,0.431707695803346,0.390980324053988,1.53736316010016,84,"HTN1;REG3G;DEFB107A;DEFB129;GNLY;CCR6;DEFB115;RNASE3;ATP7A;ELANE;RNASE6;DEFB126;DEFB127;BPIFB2;LEAP2;DCD;DEFB136;DEFB128;PGLYRP2;DEFB130A;BPIFB4;S100A9;HTN3;TRIM21;BPIFB1;DEFB118;PRTN3;DEFB124;DEFB131A;LYZ;DEFB132;SEMG1;DEFB119;CCR2;LCN2;PRSS2;DEFB112;PGLYRP1;ITLN1;BPIFB6;DEFA5;DEFB116;DEFB134;DEFB135;CTSG"
"Interleukin-12 Signaling R-HSA-9020591",0.00220375683598958,0.0661872461175079,0.431707695803346,-0.280961612780911,-1.77250539253557,44,"HNRNPA2B1;PDCD4;HNRNPDL;CDC42;TOX4;TALDO1;RPLP0;SNRPA1;AURKAIP1"
"Activation Of Gene Expression By SREBF (SREBP) R-HSA-2426168",0.00257039564866912,0.0746842735696638,0.431707695803346,-0.283098636618113,-1.72377587172172,42,"SCD;SC5D;FDPS;SREBF1;FASN;FDFT1;NFYA"
"Polo-like Kinase Mediated Events R-HSA-156711",0.0029010948191668,0.0820147346175263,0.431707695803346,0.590621492693344,1.74882392203549,16,"CENPF;CCNB1;LIN52;FOXM1;CDC25A;LIN54;WEE1"
"Calnexin/calreticulin Cycle R-HSA-901042",0.00334126256833104,0.0919726485914281,0.431707695803346,-0.367174096535509,-1.76916382004917,25,"CALR;PDIA3;MARCHF6;CANX;RPS27A;AMFR;UBA52"
"RHO GTPases Activate WASPs And WAVEs R-HSA-5663213",0.00400006584075193,0.107283817164783,0.407017918923954,-0.328510552594641,-1.73369560705892,33,"ARPC5;RNASE1;CDC42;GRB2;PTK2;ACTR3;ABL1;WASL;WASF2"
"Basigin Interactions R-HSA-210991",0.00477269910645168,0.123917055291499,0.407017918923954,-0.357869139460553,-1.72432952057257,25,"MAG;ATP1B1;ITGB1;SLC16A1;ITGA6;SLC7A11;PPIA;SLC7A10"
"Uptake And Actions Of Bacterial Toxins R-HSA-5339562",0.00485716947127291,0.123917055291499,0.407017918923954,-0.327863577863578,-1.66072749899834,28,"CD9;HSP90AB1;MAP2K4;ANTXR1;HSP90AA1;VAMP2;MAP2K7;PDZD3;MAP2K2;VAMP1;SYT2;STX1B;TXNRD1;SNAP25;ANTXR2;SV2A;MAP2K3;MAP2K6;PDCD6IP;HBEGF;FURIN;SYT1;STX1A;SV2C;MAP2K1;CALM1;GUCY2C;SV2B"
"NR1H2 And NR1H3-mediated Signaling R-HSA-9024446",0.00503082089314268,0.12529139652922,0.407017918923954,-0.259835530556995,-1.69388296368155,45,"SCD;APOD;APOE;NR1H2;NCOR2;SREBF1;FASN;KDM1A;ABCG1;TNRC6B"
"Post-chaperonin Tubulin Folding Pathway R-HSA-389977",0.00531087392645948,0.129190095978526,0.407017918923954,-0.38832465826932,-1.81793389075066,21,"TUBB4A;TBCB;TUBA1C;ARL2;TUBB2B;TUBB4B;TUBA3D;TBCA"
"Aflatoxin Activation And Detoxification R-HSA-5423646",0.0054912049196976,0.130540916954629,0.407017918923954,0.551161688403955,1.69622112536272,19,"AKR7A2;CYP3A5;CYP3A4;DPEP3;CYP1A2;GGT5;GGT6"
"SCF(Skp2)-mediated Degradation Of P27/P21 R-HSA-187577",0.00628583330655241,0.146110703081196,0.407017918923954,-0.245968405088678,-1.56070717460479,58,"CDKN1B;PSMB7;RPS27A;PSMB6;SKP1;PSMD14;SEM1;PSMC5;PSMA2;CCND1;PSMD8;UBA52;PSMD4"
"Nuclear Events Stimulated By ALK Signaling In Cancer R-HSA-9725371",0.00669163100254153,0.152161870188227,0.407017918923954,-0.394580118716857,-1.79366355823223,19,"RPS6;RBX1;NPM1;SKP1;MECP2;ALK;KIF5B;STAT3"
"EPHA-mediated Growth Cone Collapse R-HSA-3928663",0.00697925857467605,0.154193954967505,0.407017918923954,-0.430538856081753,-1.79468808066859,15,"RHOA;MYL12B;FYN;YES1;MYL6;MYH14"
"Xenobiotics R-HSA-211981",0.0070758220252775,0.154193954967505,0.407017918923954,0.52066658441181,1.66522552355918,22,"CYP3A43;CYP3A5;CYP1A1;CYP3A4;CYP1A2;CYP2C9;CYP2C19;CYP2F1;CYP2E1"
"Common Pathway Of Fibrin Clot Formation R-HSA-140875",0.00795529388911833,0.1678729033745,0.380730400722792,0.516547457837545,1.65205149835457,22,"F5;F8;PROCR;FAM110A;F13A1;PRTN3;THBD;FGG;PROS1;SERPIND1;F2R;FGA;SERPINC1;F13B;PF4V1;TTF2"
"FCGR3A-mediated Phagocytosis R-HSA-9664422",0.00802451736971799,0.1678729033745,0.380730400722792,-0.235686505629038,-1.44239531005787,56,"ARPC5;RNASE1;MYO9B;CDC42;GRB2;PTK2;FYN;YES1;ACTR3;ELMO1;ABL1;WASL;WASF2"
"NIK To Noncanonical NF-kB Signaling R-HSA-5676590",0.00867294199132302,0.174459563902382,0.380730400722792,-0.236921794219732,-1.48316113408502,57,"PSMB7;FBXW11;RPS27A;PSMB6;UBA3;SKP1;PSMD14;SEM1;PSMC5;PSMA2;PSMD8;NFKB2;UBA52;PSMD4"
"mRNA 3-End Processing R-HSA-72187",0.00854864397819757,0.174459563902382,0.380730400722792,-0.240840808640376,-1.52817179038559,58,"SRSF5;SRSF1;CPSF2;SRSF9;CSTF3;SRSF2;DDX39B;SRSF4;RBM8A;THOC1;CASC3;SRSF3;NCBP2;CPSF7;U2AF1;U2AF2;SRRM1"
"Cyclin D Associated Events In G1 R-HSA-69231",0.00904699855824111,0.175243712813337,0.380730400722792,-0.247408545107041,-1.57341226029253,46,"CDKN1B;CDKN2D;RPS27A;PPP2CB;SKP1;CDKN1C;PPP2CA;CCND1;UBA52;ABL1;PPP2R2A"
"RNA Polymerase II Transcription Termination R-HSA-73856",0.00889237229314473,0.175243712813337,0.380730400722792,-0.223468454735511,-1.45587416386534,67,"SRSF5;SNRPD3;SRSF1;CPSF2;SRSF9;CSTF3;SRSF2;DDX39B;SRSF4;RBM8A;THOC1;SNRPG;CASC3;SRSF3;NCBP2;CPSF7;U2AF1;U2AF2;SRRM1"
"Formation Of Tubulin Folding Intermediates By CCT/TriC R-HSA-389960",0.00969409460009687,0.184364053667297,0.380730400722792,-0.344739965875262,-1.68183000027599,24,"TUBB4A;TUBA1C;TUBB2B;TUBB4B;CCT3;TUBA3D;CCT4;TUBB;CCT8"
"Infection With Mycobacterium Tuberculosis R-HSA-9635486",0.0116298387290828,0.21341774229159,0.380730400722792,-0.328005011137231,-1.58043446957238,25,"RAB7A;B2M;RPS27A;PGK1;KPNB1;UBA52;ENO1;GSK3A;CORO1A"
"Iron Uptake And Transport R-HSA-917937",0.0114287595450055,0.21341774229159,0.380730400722792,-0.233022873849457,-1.45875338731302,57,"TF;FTH1;ATP6AP1;ATP6V0B;SLC11A2;RPS27A;FBXL5;SKP1;ATP6V0E2;ATP6V0D1;SLC22A17;UBA52;ATP6V1G1;ATP6V0A1;ATP6V1E1;FLVCR1"
"Sphingolipid De Novo Biosynthesis R-HSA-1660661",0.0121415901971934,0.218967299073522,0.380730400722792,-0.250839035896574,-1.56160621569155,43,"FA2H;SGPP1;PLPP2;ALDH3B2;PLPP1;DEGS1;CERS2;DEGS2;KDSR;CERS4;SGMS1;CERT1;SGPL1;SPTLC2"
"Inhibition Of DNA Recombination At Telomere R-HSA-9670095",0.0123920391617388,0.219696151918284,0.380730400722792,-0.238918855359863,-1.55752593930798,45,"H3-3B;H2AC6;POLR2I;POLR2A;TERF2IP;POLR2F;H2AJ;POLR2E;POLR2L;H2BC17;H2AB1;H2AZ1;H4C15;H2AC19;H2AX;POLR2G;H2AZ2;ATRX;TINF2;H2BC4"
"Sema4D Induced Cell Migration And Growth-Cone Collapse R-HSA-416572",0.0128139615190546,0.223390062482186,0.380730400722792,-0.37434206552817,-1.70166637750209,19,"SEMA4D;RHOA;PLXNB1;MYL12B;MYL6"
"VLDLR Internalisation And Degradation R-HSA-8866427",0.0133634330979749,0.229150016729209,0.380730400722792,-0.406951138728161,-1.69636340082452,15,"NR1H2;RPS27A;CLTA;UBA52;AP2A2;AP2B1"
"Dectin-1 Mediated Noncanonical NF-kB Signaling R-HSA-5607761",0.014346696759245,0.242042658228552,0.380730400722792,-0.222358614343621,-1.46018849870359,60,"PSMB7;FBXW11;RPS27A;PSMB6;UBA3;SKP1;PSMD14;SEM1;PSMC5;PSMA2;RELA;PSMD8;NFKB2;UBA52;PSMD4"
"GSK3B And BTRC:CUL1-mediated-degradation Of NFE2L2 R-HSA-9762114",0.0151603383381406,0.251709744471351,0.380730400722792,-0.245883848999066,-1.53867999512063,50,"PSMB7;RBX1;RPS27A;PSMB6;SKP1;PSMD14;SEM1;PSMC5;PSMA2;PSMD8;UBA52;PSMD4"
"RHOB GTPase Cycle R-HSA-9013026",0.0155772867449661,0.25459128023804,0.380730400722792,-0.212987441764102,-1.38019478294699,69,"ANLN;PREX1;RTKN;MYO9B;VAMP3;ARHGEF2;ERBIN;PRPF38B;ARHGEF1;ARHGAP1;PIK3R1;ARHGAP21"
"Late SARS-CoV-2 Infection Events R-HSA-9772573",0.0167799133796794,0.269568991835607,0.352487857583619,-0.227314504139008,-1.42301825318824,57,"DAD1;SRPK2;ST6GALNAC3;CANX;MAN2A1;RPS27A;GOLGA7;DDOST;ST3GAL2;MAGT1;PRMT1;ZDHHC20;UBA52;PARP14;ZDHHC3;GSK3A"
"SUMOylation Of Transcription Cofactors R-HSA-3899300",0.0170091333280594,0.269568991835607,0.352487857583619,-0.252862818274384,-1.53967122626916,42,"DDX17;NCOR2;DDX5;NPM1;ZNF350;CBX4;HIPK2;TRIM28;SUMO2;PHC3;PARK7"
"Acyl Chain Remodelling Of PG R-HSA-1482925",0.0174243795332932,0.272028373012309,0.352487857583619,0.522574620656451,1.58078279617386,18,"PLA2G1B;PLA2G4B;PLA2G2D;PLA2R1;PLA2G4A;PLA2G4D;PLA2G10;PLA2G2F;PLA2G4F;LPCAT4;LPCAT1;PLA2G2E;CRLS1"
"Peptide Ligand-Binding Receptors R-HSA-375276",0.0178734195963761,0.274935248497196,0.352487857583619,0.308870822735839,1.29870104507912,191,"CCL20;C5AR2;CXCL8;CCL17;MC1R;ACKR3;PMCH;EDNRA;RXFP3;CCKAR;FPR2;CCR6;CCL23;CXCL11;QRFP;AGTR2;SSTR1;NTS;NPFFR2;RXFP2;RLN2;MC5R;SFTPA2;UTS2R;NMS;BDKRB2;HCRTR1;NPS;CXCL10;CCR3;CCL22;PPY;GPNMB;CCL1;XK;NPY1R;GHSR;TACR3;PROK1;MC2R;CX3CR1;GAL;TRHR;PRLHR;NMUR2;MLNR;KEL;EDN3;CXCL5;CCR2;SSTR2;AVPR1A;PDYN;UTS2;CXCR6;INSL5;CCL27;UTS2B;NPW;MRLN;F2RL3;AVPR2;CCL7;CCR9;NPY5R;CCR5;CXCL1;NPY2R;F2R;C5;PYY;MCHR2;CCL11;CCKBR;CCL28;QRFPR;RXFP1;CCL21;ACKR1;NPFFR1;NTSR2;POMC;TTF2;GALR2;CCR7;FPR3;RXFP4;NMUR1;TAC1;EDN1;NLRP3;CCR8;CCL16;AGXT;RIPK2;CCL25;KISS1;PENK;PNOC;AGTR1;TAC3;NPBWR2;F2RL2;CCL13;NPB;CXCL13;CNOT6;FPR1;NPBWR1;CXCL9;OPRK1;GALR1;CCL5;PPBP;ANXA1;CXCL2;NPSR1"
"Acyl Chain Remodelling Of PE R-HSA-1482839",0.0181999151748702,0.275900163375568,0.352487857583619,0.451642919813478,1.52615345934093,29,"PLA2G1B;PLA2G4B;PLA2G2D;PLA2R1;PLAAT1;PLA2G4A;PLA2G4D;PLA2G10;PLA2G6;PLA2G2F;PLA2G4F;LPCAT3;PLBD1;PLAAT4;LPCAT4"
"NCAM1 Interactions R-HSA-419037",0.0197252495861455,0.290600155874763,0.352487857583619,0.424561768794049,1.51168071966495,37,"CACNA1G;CACNA1S;GFRA4;COL9A1;CACNA1H;ST8SIA4;GDNF;GFRA2;COL6A5;PSPN;CACNB1;ENTHD1;CACNB4;CACNA1D;COL6A6;CACNB2;CACNB3"
"Sensory Perception Of Sweet, Bitter, And Umami (Glutamate) Taste R-HSA-9717207",0.0194749785434239,0.290600155874763,0.352487857583619,0.417889002542265,1.49938496869247,40,"TAS2R50;GNG13;TAS2R1;CALHM1;TAS1R1;TAS2R46;TAS2R41;SCN4B;TAS2R16;TAS2R13;GNAT3;TAS2R30;TRPM4;SCN1B;SCN9A;TAS1R2;TAS2R4;TAS2R14;PLCB2;TAS2R3;TAS2R10;TAS2R43;SCN2B;GNB1"
"Antigen Presentation: Folding, Assembly, Peptide Loading Of Class I MHC R-HSA-983170",0.0209859430472333,0.296639140910893,0.352487857583619,-0.28946938403142,-1.46624937515664,28,"CALR;HLA-B;PDIA3;B2M;CANX;HLA-C;SAR1B"
"Cholesterol Biosynthesis R-HSA-191273",0.0209394037008177,0.296639140910893,0.352487857583619,-0.30120246545703,-1.50511596337939,26,"SC5D;FDPS;DHCR24;SREBF1;FDFT1"
"RHOQ GTPase Cycle R-HSA-9013406",0.0208308440572733,0.296639140910893,0.352487857583619,-0.22742009000599,-1.44301527667202,58,"PREX1;RAB7A;OBSCN;CDC42;VAMP3;CDC42EP1;ARHGAP1;GJA1;RHOQ;ARHGAP21;WASL;PLEKHG3;FNBP1;ARHGAP5;CDC42BPB;LAMTOR1;GIT2;JUP;PKN1"
"Downregulation Of SMAD2/3:SMAD4 Transcriptional Activity R-HSA-2173795",0.0224575443443867,0.309086728739849,0.352487857583619,-0.290820231444707,-1.51997880700503,30,"PPM1A;NCOR2;RPS27A;SKI;PARP1;SMAD7;SMAD4;UBA52"
"NLRP3 Inflammasome R-HSA-844456",0.0223301378150097,0.309086728739849,0.352487857583619,-0.370123536229014,-1.54472539664585,16,"APP;P2RX7;SUGT1;HSP90AB1;RELA;NFKB2;NFKB1"
"DNA Damage Recognition In GG-NER R-HSA-5696394",0.0229263014265015,0.311440406391176,0.352487857583619,-0.269508038661744,-1.53137916676877,35,"RAD23B;RAD23A;RBX1;RPS27A;PARP1;YY1;DDB1;UBA52;GPS1"
"Fatty acyl-CoA Biosynthesis R-HSA-75105",0.0233901671778289,0.313668139333449,0.352487857583619,-0.256511926800921,-1.45898958169935,36,"SCD;SCD5;ELOVL1;ELOVL5;FASN;ELOVL4;HSD17B3;ELOVL2"
"Formation Of Incision Complex In GG-NER R-HSA-5696395",0.0239111551177938,0.316595800673574,0.352487857583619,-0.236274530297166,-1.39335356811143,40,"RAD23B;RAD23A;RBX1;RPS27A;PARP1;SUMO2;UBE2V2;DDB1;UBA52"
"PINK1-PRKN Mediated Mitophagy R-HSA-5205685",0.0243493940176822,0.318368326781195,0.352487857583619,-0.336390482051198,-1.57480511428841,21,"SQSTM1;RPS27A;TOMM7;ATG12;UBA52;MFN1;PINK1;TOMM40;TOMM20"
"Activation Of ATR In Response To Replication Stress R-HSA-176187",0.02711157455683,0.341671168511376,0.282013350011725,0.42239009084246,1.48723658133645,35,"MCM6;SLC25A2;RAD17;CDC7;ORC4;CDC25A;ORC5;CDC45;ORC6;SERPINA2;CDC6;MCM4;RFC3;RFC4;DBF4;RAD9A;ORC3;CHEK1;POLR1B;POLR1A;RFC5;MCM10;MCM7;RFC2;RAD9B;CDC25C;HUS1;RRAD;SLC25A15"
"Acyl Chain Remodelling Of PS R-HSA-1482801",0.0268528464017186,0.341671168511376,0.287857117255149,0.479184712475898,1.53255583823507,22,"PLA2G1B;PLA2G4B;PLA2G2D;PLA2R1;PLA2G4A;PLA2G4D;PLA2G10;PLA2G2F;OSBPL5;PLA2G4F;LPCAT3;OSBPL10;LPCAT4;OSBPL8;PLA1A;PLA2G2E"
"Cellular Hexose Transport R-HSA-189200",0.0268240343347639,0.341671168511376,0.287857117255149,0.482566160400413,1.52624515848383,21,"SLC5A4;SLC5A2;SLC2A10;SLC2A7;MFSD4B;SLC2A14;SLC2A2"
"COPI-independent Golgi-to-ER Retrograde Traffic R-HSA-6811436",0.0280894439889018,0.342740354699739,0.352487857583619,-0.265652940208764,-1.44123794345226,34,"DYNC1LI2;DYNC1I2;PAFAH1B2;DYNC1H1;BICD1;DCTN5;ACTR10;GALNT2"
"Keratan Sulfate Biosynthesis R-HSA-2022854",0.0283881184444178,0.342740354699739,0.352487857583619,0.445193098518403,1.49311726331437,28,"B4GALT1;CHST6;ST3GAL3;ACAN;B3GNT2;CHST5;B3GNT7;B4GALT6;B3GNT4;CHST2;FMOD;LUM;ST3GAL1;PRELP;OMD;KERA"
"Negative Regulation Of NOTCH4 Signaling R-HSA-9604323",0.0287776042192479,0.342740354699739,0.352487857583619,-0.229526971729002,-1.382088494647,52,"PSMB7;RBX1;RPS27A;PSMB6;SKP1;PSMD14;SEM1;PSMC5;PSMA2;PSMD8;UBA52;PSMD4"
"Sensory Perception Of Taste R-HSA-9717189",0.0277777777777778,0.342740354699739,0.276500599254472,0.398412014469458,1.45659920036698,46,"TAS2R50;GNG13;TAS2R1;CALHM1;SCNN1A;TAS1R1;TAS2R46;SCNN1G;TAS2R41;SCN4B;TAS2R16;TAS2R13;GNAT3;TAS2R30;TRPM4;SCN1B;SCN9A;TAS1R2;TAS2R4;TAS2R14;PLCB2;TAS2R3;TAS2R10;TAS2R43;SCN2B;GNB1;SCNN1D;OTOP1"
"Signal Transduction By L1 R-HSA-445144",0.0288347525942419,0.342740354699739,0.352487857583619,-0.344412202439407,-1.54152163390829,20,"NCAM1;RNASE1;ITGAV;ITGB1"
"GAB1 Signalosome R-HSA-180292",0.0298342541436464,0.350636290272518,0.276500599254472,0.518996096421015,1.55028519750065,17,"EGFR;EPGN;PXDN;BTC;AREG;EGF;TGFA;EREG;PIK3CA"
"Formation Of Cornified Envelope R-HSA-6809371",0.030241935483871,0.351478494623656,0.261663521711573,0.368014226801916,1.41860382173819,70,"SPRR2B;CASP14;LCE1A;LIPM;PPL;SPINK9;SPRR2E;PKP3;LCE2D;SPRR2A;PRSS8;PERP;SPRR2G;CSTA;LCE3B;CDSN;SPRR1B;IVL;EVPL;DSG3;DSG2;LIPK;TGM1;TCHH;LCE1F;RPTN;LCE3C;LIPJ;SPRR1A;KLK5;LCE3E;PKP1;KLK13;DSPP;KAZN;SPRR3;DSC3;LCE2B;FLG;LIPN;TGM5;DSG4;LORICRIN;CELA2A;LELP1;LCE2C;KLK8;LCE5A;LCE2A"
"Acyl Chain Remodelling Of PI R-HSA-1482922",0.030939226519337,0.353517072958004,0.271288554688953,0.516763158461092,1.54361522312112,17,"PLA2G1B;PLA2G2D;PLA2R1;PLA2G4A;PLA2G4D;PLA2G10;PLA2G2F;PLA2G4F;PLBD1"
"Phase I - Functionalization Of Compounds R-HSA-211945",0.0310932798395186,0.353517072958004,0.257206466468838,0.340454418680609,1.35999255032181,100,"FMO3;CYP21A2;CYP3A43;CYP3A5;CYP1A1;CYP24A1;CYP3A4;ADH1A;CYP1A2;BPHL;PTGIS;ADH7;CYP2C9;MTARC2;CYP11A1;CES3;CYP39A1;NR1H4;AADAC;CYP2C19;CYP4F22;CYP2F1;ALDH3A1;CYP4F8;CYP2E1;AOC1;CYP4F2;CYP1B1;FMO4;FDXR;CYP26C1;FMO1;CYP7A1;NCOA1"
"Acyl Chain Remodelling Of PC R-HSA-1482788",0.0317460317460317,0.357057518347841,0.261663521711573,0.449576724567713,1.49999790422746,27,"PLA2G1B;PLA2G4B;PLA2G2D;PLA2R1;PLA2G4A;PLA2G4D;PLA2G10;PLA2G6;PLB1;PLA2G2F;PLA2G4F;LPCAT3;PLBD1;LPCAT4"
"Beta Defensins R-HSA-1461957",0.0321910695742471,0.35821126356024,0.257206466468838,0.430871355185733,1.49605339794396,32,"DEFB107A;DEFB129;CCR6;DEFB115;DEFB126;DEFB127;DEFB136;DEFB128;DEFB130A;DEFB118;DEFB124;DEFB131A;DEFB132;DEFB119;CCR2;DEFB112;DEFB116;DEFB134;DEFB135"
"AUF1 (hnRNP D0) Binds And Destabilizes mRNA R-HSA-450408",0.0369268250160446,0.395855494640373,0.321775918075361,-0.227476450794929,-1.3791408833196,53,"PSMB7;PABPC1;RPS27A;PSMB6;PSMD14;EIF4G1;SEM1;PSMC5;PSMA2;HNRNPD;PSMD8;UBA52;PSMD4"
"Biological Oxidations R-HSA-211859",0.035964035964036,0.395855494640373,0.237793834423688,0.297705018162577,1.25203365260028,200,"FMO3;CYP21A2;AKR7A2;CYP3A43;SULT1E1;CYP3A5;CYP1A1;CYP24A1;CYP3A4;ADH1A;DPEP3;CYP1A2;BPHL;PTGIS;CHAC2;ADH7;CYP2C9;MTARC2;ABHD14B;CYP11A1;GGT5;CES3;CYP39A1;GGT6;AS3MT;UGT2B7;UGT3A2;ACSM2A;NR1H4;GLYATL1;OPLAH;AADAC;TPMT;CYP2C19;MTR;CYP4F22;CYP2F1;ALDH3A1;CYP4F8;CYP2E1;BPNT2;AOC1;CYP4F2;CYP1B1;FMO4;FDXR;CYP26C1;FMO1;SULT2A1;UGT2A3;CYP7A1;PAPSS2;NCOA1;UGT2B11;SULT1B1;SULT4A1;UGT2B10;MTRR;CYP26A1;FDX2;UGT2B28;DPEP2;ACSM2B;SMOX;GLYATL3;GSTA2;DPEP1;UGT2B4;AOC2;GSTM1;GSTT1;ACSS2;ADH6"
"Class B/2 (Secretin Family Receptors) R-HSA-373080",0.0381909547738693,0.395855494640373,0.231126709673834,0.34339275013827,1.35815018186225,91,"FZD7;PTH2R;GNG13;GLP2R;CYSLTR2;WNT7B;GIPR;PTHLH;GHRH;IAPP;WNT5A;CALCA;UCN3;PTCH2;SHH;RAMP1;GNGT1;FZD8;FZD6;CRH;ADCYAP1;GNGT2;RAMP2;GNG10;WNT4;GHRHR;SMOX;FZD10;WNT1;CPAMD8;GNB5;WNT16;GCG;FZD9;WNT3A;GNG4;CRHR2;WNT8B;CALCR;ADGRE2;GNB1;ADM;GNG11;WNT7A;WNT6;SCTR;DHH;FZD4;GNG12;WNT2B"
"Formation Of Fibrin Clot (Clotting Cascade) R-HSA-140877",0.0382231404958678,0.395855494640373,0.234392647294686,0.411350977810701,1.46464281025125,37,"F9;F5;F8;GP1BA;TFPI;PROCR;FAM110A;F13A1;PRTN3;THBD;FGG;GP9;KLKB1;PROS1;SERPIND1;F2R;FGA;SERPINC1;F13B;PF4V1;TTF2"
"Pausing And Recovery Of Tat-mediated HIV Elongation R-HSA-167238",0.0379244660815363,0.395855494640373,0.321775918075361,-0.253687315634218,-1.31787718294482,31,"SSRP1;POLR2I;CTDP1;POLR2A;POLR2F;POLR2E;POLR2L;ELOA2;POLR2G;CDK9;POLR2C;ELOC;SUPT16H;ELOB;POLR2J;TCEA1;GTF2F2;ELOA;POLR2H;ELL;POLR2K;POLR2D;NELFCD;GTF2F1;NELFA;POLR2B;SUPT5H;NELFB;SUPT4H1;CCNT1;NELFE"
"Processing Of Intronless Pre-mRNAs R-HSA-77595",0.0378288567671011,0.395855494640373,0.321775918075361,-0.331816852959937,-1.48514731391696,20,"CPSF2;CSTF3;NCBP2;CPSF7;NUDT21;SYMPK;CSTF2;PCF11;WDR33;PAPOLA;CSTF1;PABPN1;NCBP1;COLEC12;FIP1L1;CSTF2T;CPSF1;CPSF3"
"Recycling Pathway Of L1 R-HSA-437239",0.0380642058158894,0.395855494640373,0.321775918075361,-0.274016332813091,-1.38797502925663,28,"SHTN1;RDX;DPYSL2;DNM2"
"Phototransduction Cascade R-HSA-2514856",0.0396246089676747,0.40608907982165,0.231126709673834,0.424503663225704,1.46203485529743,31,"RGS9BP;GUCA1C;GNAT1;GRK7;GUCY2D;PPEF1;CAMKMT;GRK1;GNGT1;GRK4;METAP1;SLC24A1;NMT1;GNB5;RCVRN;PDE6G;GUCY2F;CNGA1;GNB1;CALM1"
"Surfactant Metabolism R-HSA-5683826",0.0402116402116402,0.40608907982165,0.231126709673834,0.437336131601601,1.45915756976992,27,"LMCD1;ADORA2B;DMBT1;SFTPA1;SFTPA2;CKAP4;ADRA2C;CSF2RB;PGA3;ADGRF5;GATA6;SFTPD;SLC34A2"
"TGF-beta Receptor Signaling Activates SMADs R-HSA-2173789",0.0403759696954604,0.40608907982165,0.321775918075361,-0.222883266849733,-1.38756670644234,43,"PPP1CB;ITGAV;ITGB1;RPS27A;SMAD7;SMAD4;ITGB8;UBA52;XPO1;PPP1CC;LTBP4"
"Cytochrome P450 - Arranged By Substrate Type R-HSA-211897",0.0414141414141414,0.408671621879169,0.222056046145248,0.367151915312982,1.39762488073173,62,"CYP21A2;CYP3A43;CYP3A5;CYP1A1;CYP24A1;CYP3A4;CYP1A2;PTGIS;CYP2C9;CYP11A1;CYP39A1;NR1H4;CYP2C19;CYP4F22;CYP2F1;CYP4F8;CYP2E1;CYP4F2;CYP1B1;FDXR;CYP26C1;CYP7A1;NCOA1"
"Other Semaphorin Interactions R-HSA-416700",0.0410791717996279,0.408671621879169,0.321775918075361,-0.328430850431652,-1.49296535703361,19,"SEMA4D;PLXNB3;SEMA6A;ITGB1"
"Golgi Associated Vesicle Biogenesis R-HSA-432722",0.042529432738011,0.415755015364108,0.321775918075361,-0.21137423100875,-1.31632188671806,54,"FTH1;SORT1;DNAJC6;DNM2;IGF2R;PICALM;CLTA;RAB5C;TGOLN2;AP1S2;BLOC1S1;VAMP2"
"Activation Of SMO R-HSA-5635838",0.0441501103752759,0.427601994930913,0.224966093540314,0.479804884059417,1.45140478748958,18,"EVC2;SHH;BOC;GAS8;IQCE;SMOX;CSNK1A1;ARRB2;EVC;CDON;GAS1;DHH"
"Disassembly Of Destruction Complex And Recruitment Of AXIN To Membrane R-HSA-4641262",0.045938033035951,0.43289353653698,0.321775918075361,-0.258808387408162,-1.3209440725931,29,"PPP2CB;CTNNB1;PPP2CA;WNT8A;PPP2R5A;AXIN1;PPP2R5B;PPP2R5D;FZD1;LRP5;PROC;GSK3B;LRP6;FZD2;DVL2;DVL3;PPP2R1B;PPP2R1A;FRAT2;CAV1;CSNK1G2;PPP2R5E;FRAT1;WNT8B;PPP2R5C;WNT3A;WNT1;CSNK1A1;AMER1"
"Homologous DNA Pairing And Strand Exchange R-HSA-5693579",0.045643153526971,0.43289353653698,0.213927855492356,0.394705887524131,1.42327272602254,42,"RBBP8;XRCC3;RHNO1;RAD51D;RAD17;PALB2;RAD51B;SERPINA2;DNA2;RFC3;RFC4;RAD51AP1;RAD9A;RAD50;BRCA2;RMI2;CHEK1;EXO1;MRE11;WRN;POLR1B;RMI1;RAD51;POLR1A;RFC5;RFC2;RAD9B;HUS1;XRCC2;ARTN;RRAD;BRIP1"
"Transcription Of E2F Targets Under Negative Control By DREAM Complex R-HSA-1362277",0.0459016393442623,0.43289353653698,0.219250346703755,0.468984796149448,1.4433186040311,19,"LIN52;TOP2A;CDC25A;LIN54;CDC6;RBL1;E2F5;E2F4"
"TRAF6 Mediated NF-kB Activation R-HSA-933542",0.0470529173484023,0.4394406388074,0.321775918075361,-0.29048699966386,-1.41715437455724,24,"HMGB1;S100B;APP;RELA;NFKB2;NFKB1;NFKBIA;SAA2"
"Drug ADME R-HSA-9748784",0.0482412060301508,0.44655134077467,0.204294756516886,0.345925682797831,1.35526978776718,82,"SULT1E1;CYP3A4;ADH1A;XDH;CYP2C9;VAV3;GGT5;SLCO1B1;ABCG2;SLC29A2;GGT6;UGT2B7;UGT3A2;ACSM2A;GLYATL1;TPMT;CYP2C19;HPRT1;VAV2;CYP2E1;BCHE;SLC28A3;SULT2A1;UGT2A3;ABCB1;VAV1;UGT2B11;ABCC2;PON1;UGT2B10;UGT2B28;ACSM2B;PCK1;GLYATL3;GSTA2;UGT2B4;GSTM1;GSTT1;SLC22A3;ADAL;SLC28A2;SLC29A1;UGT3A1;GSTA1;PON3;NUDT15;CYP2C8;NT5C2;ALB"
"Class C/3 (Metabotropic Glutamate/Pheromone Receptors) R-HSA-420499",0.0487551867219917,0.447350222028099,0.206587922696891,0.399954688632472,1.43145225495006,39,"TAS2R50;TAS2R1;GRM2;TAS1R1;UBD;CASR;GPRC6A;TAS2R46;GABBR2;TAS2R42;TAS2R41;TAS2R16;TAS2R13;TAS2R30;TAS2R45;TAS1R2;TAS2R4;TAS2R14;TAS2R3;TAS2R10;TAS2R43;TAS2R19"
"RHO GTPases Activate ROCKs R-HSA-5627117",0.0492365915093073,0.447838910597699,0.321775918075361,-0.32134814895197,-1.41815180757779,18,"RHOA;PPP1CB;MYL12B;MYL6"
"MAP3K8 (TPL2)-dependent MAPK1/3 Activation R-HSA-5684264",0.0499594392193484,0.450496322615848,0.321775918075361,-0.352393873276345,-1.46894310498564,15,"FBXW11;RPS27A;SKP1;UBA52;NFKB1;MAP2K4;TNIP2"
"Signaling By NOTCH4 R-HSA-9013694",0.0504242274871113,0.450801213260842,0.321775918075361,-0.181046035152186,-1.33678654149152,79,"PSENEN;PSMB7;RBX1;PSEN1;RPS27A;PSMB6;SKP1;RBPJ;PSMD14;SEM1;PSMC5;PSMA2;PSMD8;UBA52;PSMD4"
"G Alpha (Q) Signaling Events R-HSA-416476",0.050949050949051,0.451633112650062,0.197822021315103,0.291317213291114,1.22908813065499,210,"FFAR3;GNRH2;PMCH;GNG13;EDNRA;GNA14;CCKAR;FPR2;CCL23;CYSLTR1;QRFP;CYSLTR2;HTR2C;EGFR;PTAFR;LPAR3;NTS;NPFFR2;UTS2R;NMS;BDKRB2;P2RY6;HCRTR1;PLCB4;CHRM1;NPS;TRPC7;RGS21;ITPR1;GPR65;RPS6KA3;MMP3;RGS4;GPNMB;GPR68;GHSR;LPAR5;CASR;TACR3;PROK1;CREB1;GNRHR;GPRC6A;GNGT1;TRHR;NMUR2;MLNR;PTGFR;FFAR2;MAPK7;EDN3;ADRA1A;RGS17;LPAR6;DGKA;RASGRP1;GNGT2;PIK3R3;AVPR1A;P2RY10;UTS2;PIK3CA;LPAR4;DGKK;GNG10;SOS1;PRKCE;GPR39;CHRM5;UTS2B;MGLL;MRLN;TRPC6;F2RL3;PTGER1;GRK5;F2R;MCHR2;CCKBR;ADRA1B;GNB5;TRPC3;OPN4;GCG;QRFPR;GNG4;NPFFR1;NTSR2;TTF2;P2RY2;PLCB2;LTB4R2;PIK3R2;NMUR1;TAC1;EDN1;ADRA1D;RGSL1;NLRP3;GNB1;DGKE;PRKCH;GNG11;AGXT;RIPK2;GNG12;RASGRP2;GNRH1;KISS1"
"Defensins R-HSA-1461973",0.0549792531120332,0.460369148707638,0.193813302725311,0.395825870871714,1.41667506727882,39,"DEFB107A;DEFB129;CCR6;DEFB115;DEFB126;DEFB127;DEFB136;DEFB128;DEFB130A;DEFB118;DEFB124;DEFB131A;DEFB132;DEFB119;CCR2;PRSS2;DEFB112;DEFA5;DEFB116;DEFB134;DEFB135"
"Formation Of HIV Elongation Complex In Absence Of HIV Tat R-HSA-167152",0.0537937034589375,0.460369148707638,0.321775918075361,-0.209643234787747,-1.32257841379792,44,"SSRP1;POLR2I;CTDP1;POLR2A;POLR2F;POLR2E;POLR2L;NCBP2;ELOA2;POLR2G;CDK9;CDK7;POLR2C;CCNH;ELOC;SUPT16H;ELOB;MNAT1;POLR2J;TCEA1;NCBP1;GTF2F2;ELOA;POLR2H;ELL;CCNT2;POLR2K;GTF2H1;POLR2D;NELFCD;GTF2F1;CCNK;NELFA;GTF2H3;ERCC3;POLR2B;SUPT5H;GTF2H4;NELFB;SUPT4H1;CCNT1;ERCC2;NELFE"
"Inactivation, Recovery And Regulation Of Phototransduction Cascade R-HSA-2514859",0.0545073375262055,0.460369148707638,0.195789002148949,0.418751787820502,1.42851446396013,30,"RGS9BP;GUCA1C;GNAT1;GRK7;GUCY2D;PPEF1;CAMKMT;GRK1;GNGT1;GRK4;METAP1;NMT1;GNB5;RCVRN;PDE6G;GUCY2F;CNGA1;GNB1;CALM1"
"Insertion Of Tail-Anchored Proteins Into Endoplasmic Reticulum Membrane R-HSA-9609523",0.055827583396046,0.460369148707638,0.321775918075361,-0.312506129781873,-1.46299101100033,21,"APP;SEC61G;SEC61B;CAMLG;GET1;VAMP2"
"MET Promotes Cell Motility R-HSA-8875878",0.0558956805792257,0.460369148707638,0.321775918075361,-0.263309013379245,-1.33373924027324,28,"RNASE1;ITGB1;RAP1A;CRKL;GRB2;PTK2"
"NRIF Signals Cell Death From Nucleus R-HSA-205043",0.0546535472672186,0.460369148707638,0.321775918075361,-0.347121126026687,-1.44696381901024,15,"PSENEN;SQSTM1;PSEN1;RPS27A"
"Regulation Of Actin Dynamics For Phagocytic Cup Formation R-HSA-2029482",0.0527161471313676,0.460369148707638,0.321775918075361,-0.203878246059011,-1.27630424054489,57,"ARPC5;RNASE1;MYO9B;CDC42;GRB2;PTK2;ACTR3;HSP90AB1;ELMO1;ABL1;WASL;WASF2;HSP90AA1;ABI2;PKN1"
"Response Of Mtb To Phagocytosis R-HSA-9637690",0.0537008838802514,0.460369148707638,0.321775918075361,-0.314147657874375,-1.47067579096068,21,"RAB7A;RPS27A;PGK1;KPNB1;UBA52;ENO1;GSK3A;CORO1A"
"Signaling By FGFR2 IIIa TM R-HSA-8851708",0.0551856055218731,0.460369148707638,0.321775918075361,-0.317602517784648,-1.44374243691156,19,"POLR2I;POLR2A;POLR2F;POLR2E;POLR2L;NCBP2;FGF1"
"Activation Of Pre-Replicative Complex R-HSA-68962",0.0581516095534787,0.46789679686876,0.188204146308491,0.41186990496476,1.43007736164724,32,"MCM6;SLC25A2;CDC7;GMNN;ORC4;ORC5;CDC45;ORC6;CDC6;POLE2;MCM4;POLE;DBF4;CDT1;PRIM2;ORC3;POLR1B;POLR1A;POLA1;MCM10;MCM7"
"FOXO-mediated Transcription Of Cell Cycle Genes R-HSA-9617828",0.0579374521099185,0.46789679686876,0.321775918075361,-0.332648102973811,-1.45921616482611,17,"CDKN1B;GADD45A;PCBP4;SMAD4;FOXO4"
"Late Endosomal Microautophagy R-HSA-9615710",0.0580455144476574,0.46789679686876,0.321775918075361,-0.251281436242399,-1.28252691916665,29,"RNASE1;PLIN3;RPS27A;CHMP4B;PARK7;UBA52;MVB12B;CHMP6"
"Defective Homologous Recombination Repair (HRR) Due To BRCA2 Loss Of Function R-HSA-9701190",0.061139896373057,0.487904893968804,0.183023938384487,0.387180264273028,1.38920207254471,40,"RBBP8;RHNO1;RAD51D;RAD17;PALB2;RAD51B;SERPINA2;DNA2;RFC3;RFC4;RAD51AP1;RAD9A;RAD50;BRCA2;RMI2;EXO1;MRE11;WRN;POLR1B;RMI1;RAD51;POLR1A;RFC5;RFC2;RAD9B;HUS1;XRCC2;ARTN;RRAD;BRIP1"
"HIV Elongation Arrest And Recovery R-HSA-167287",0.0615711720878414,0.487904893968804,0.321775918075361,-0.2547750972371,-1.34456096883134,33,"SSRP1;POLR2I;CTDP1;POLR2A;POLR2F;POLR2E;POLR2L;ELOA2;POLR2G;CDK9;POLR2C;ELOC;SUPT16H;ELOB;POLR2J;TCEA1;GTF2F2;ELOA;POLR2H;ELL;CCNT2;POLR2K;POLR2D;NELFCD;GTF2F1;CCNK;NELFA;POLR2B;SUPT5H;NELFB;SUPT4H1;CCNT1"
"Degradation Of Extracellular Matrix R-HSA-1474228",0.0651302605210421,0.491037707410087,0.173747838999571,0.318715908168778,1.28187700449028,109,"CTRB2;LAMA4;CASP3;MMP24;COL23A1;CAPN10;COL9A1;TLL1;ERC2;ADAMTS16;MMP10;OPTC;ELANE;ADAM17;LAMB3;CTSK;ACAN;COL14A1;COL12A1;CAPN6;MMP9;COL17A1;MMP19;MMP3;CAPN7;PLG;LAMB1;MMP1;CTSV;CAPN9;TLL2;CAPNS2;ADAMTS5;LAMA5;MMP13;MMP17;KLKB1;COL26A1;PRSS2;PRSS58;ADAMTS8;COL18A1;SCUBE1;CTSG;COL19A1;MMP7;CTSS;CAPN13;COL15A1;ADAMTS18;SCUBE3;MMP16;COL13A1;LAMC2;TMPRSS6;NID1;MMP15;MMP2;CTRB1"
"Degradation Of GLI1 By Proteasome R-HSA-5610780",0.0657220640893042,0.491037707410087,0.287805130535564,-0.20350202639647,-1.29125150252154,58,"PSMB7;RBX1;RPS27A;PSMB6;SKP1;PSMD14;PRKACB;SEM1;PSMC5;PSMA2;PSMD8;UBA52;PSMD4"
"Diseases Of DNA Repair R-HSA-9675135",0.0649746192893401,0.491037707410087,0.175204047558551,0.368223549735228,1.36894825744537,50,"RBBP8;RHNO1;RAD51D;RAD17;OGG1;PALB2;NEIL3;NEIL1;RAD51B;SERPINA2;DNA2;RFC3;RFC4;MLH1;RAD51AP1;RAD9A;MUTYH;RAD50;BRCA2;RMI2;EXO1;MRE11;WRN;POLR1B;RMI1;RAD51;POLR1A;RFC5;RFC2;RAD9B;HUS1;XRCC2;ARTN;RRAD;BRIP1;PMS2"
"FGFR1 Ligand Binding And Activation R-HSA-190242",0.0655555555555556,0.491037707410087,0.183023938384487,0.476217119761665,1.41007379755895,16,"FGF10;FGF20;FGF23;FGF8;KL;ANOS1;FGF5;FGF13;FGFR1;FGF9;FGF3;FGF22"
"Keratan Sulfate/Keratin Metabolism R-HSA-1638074",0.0634095634095634,0.491037707410087,0.179782316298324,0.409512066221385,1.43110661960063,33,"B4GALT1;HEXB;CHST6;ST3GAL3;ACAN;B3GNT2;CHST5;B3GNT7;B4GALT6;B3GNT4;CHST2;FMOD;LUM;ST3GAL1;PRELP;OMD;KERA"
"Post-translational Modification: Synthesis Of GPI-anchored Proteins R-HSA-163125",0.0633165829145729,0.491037707410087,0.176694268938498,0.327653184543875,1.29589873984476,91,"TECTA;FOLR2;CNTN3;PLAUR;LY6G6F;LY6D;MSLN;PIGW;SPACA4;LYPD6B;LYPD2;LYPD5;LYPD4;CNTN5;CD109;CD52;RTN4RL2;PIGA;OTOA;ART4;SPRN;PIGB;RAET1G;VNN1;XPNPEP2;ALPP;MDGA1;PRND;TECTB;PIGF;VNN2;PSCA;RECK;GP2;MDGA2;GPIHBP1;PIGZ;CPM;CNTN4;ALPL;LYPD1;NRN1"
"Sealing Of Nuclear Envelope (NE) By ESCRT-III R-HSA-9668328",0.0639992545086285,0.491037707410087,0.287805130535564,-0.271061584624477,-1.36432051549672,27,"TUBB4A;TUBA1C;TUBB2B;TUBB4B;CHMP4B;TUBA3D"
"TRP Channels R-HSA-3295583",0.0643459915611814,0.491037707410087,0.179782316298324,0.431770887190337,1.41973795268709,25,"MCOLN2;TRPV2;TRPC4;TRPM8;TRPV6;MCOLN3;TRPC7;TRPV1;TRPC5;TRPV5;TRPM1;TRPM6;TRPC6;TRPM4;TRPC3;MCOLN1;TRPM2;TRPC4AP"
"GLI3 Is Processed To GLI3R By Proteasome R-HSA-5610785",0.0681788934468982,0.504088548953767,0.287805130535564,-0.20253677282957,-1.28512682091201,58,"PSMB7;RBX1;RPS27A;PSMB6;SKP1;PSMD14;PRKACB;SEM1;PSMC5;PSMA2;PSMD8;UBA52;PSMD4"
"Lewis Blood Group Biosynthesis R-HSA-9037629",0.0684326710816777,0.504088548953767,0.178219874951973,0.459561094165698,1.39016753346229,18,"ST3GAL3;FUT10;FUT5;FUT3;FUT7;FUT11;B3GALT4;FUT9;FUT4;ST6GALNAC6;FUT2;B3GALT2;B3GALT5"
"CTNNB1 S33 Mutants Not Phosphorylated R-HSA-5358747",0.0694130933190761,0.507734934347927,0.287805130535564,-0.33804838775214,-1.40914438643094,15,"PPP2CB;CTNNB1;PPP2CA;PPP2R5A;AXIN1"
"Complement Cascade R-HSA-166658",0.0711382113821138,0.516740063233966,0.166933848713193,0.36279275272989,1.35337870004763,54,"C5AR2;COLEC11;C1R;VTN;C4BPA;CFHR4;ELANE;CD19;MASP1;CFI;CFHR3;FCN3;C8A;C8G;CR1;CFHR2;FCN2;C8B;CFB;PROS1;CPB2;FCN1;AKR1C1;COLEC10;C5"
"Blood Group Systems Biosynthesis R-HSA-9033658",0.0719656283566058,0.519145153524205,0.170932335370056,0.435678245979341,1.39341097928127,22,"ST3GAL3;FUT10;FUT5;FUT3;FUT7;FUT11;B3GALT4;FUT9;FUT4;ABO;ST6GALNAC6;FUT1;FUT2;B3GALT2;B3GALT5"
"Interleukin-6 Family Signaling R-HSA-6783589",0.0733262486716259,0.525337370620005,0.16823816568964,0.430298899431434,1.40376164133774,24,"CNTF;IL6R;IL11;CLCF1;JAK2;IL31;IL31RA;LIF;CBL;CCM2"
"Amyloid Fiber Formation R-HSA-977225",0.0745942984053158,0.528684008302218,0.287805130535564,-0.181091190165075,-1.36597010649486,75,"PSENEN;APOE;APP;H3-3B;ITM2B;H2AC6;TSPAN15;B2M;RPS27A"
"Spry Regulation Of FGF Signaling R-HSA-1295596",0.0748042382683826,0.528684008302218,0.287805130535564,-0.335342848415622,-1.39786642828514,15,"GRB2;RPS27A;PPP2CB;PPP2CA;UBA52"
"Diseases Of Metabolism R-HSA-5668914",0.0759240759240759,0.532997204138144,0.159646701919906,0.277171412607607,1.17736649862433,241,"FMO3;CYP21A2;NAGLU;SDC1;ARSB;B4GALT1;GYG2;CYP24A1;MUC19;KHK;ADAMTS17;HEXB;ADAMTS16;CHST6;MUC17;ALG9;AMN;ST3GAL3;SFTPA1;MUC13;GPC6;CYP11A1;SPAM1;ADAMTS6;SFTPA2;GPC2;ADAMTS19;ALG13;ACAN;ADAMTSL2;POMT2;CUBN;MOGAT2;OPLAH;PPY;TPMT;HPRT1;ADAMTSL1;MTR;CYP4F22;MC2R;GPC3;CSF2RB;MAN1B1;GALT;SPON2;LCT;G6PC1;MUC1;GYS1;CYP1B1;ALG8;GYS2;FDXR;ALDOB;SP8;CYP26C1;DPAGT1;GALNT12;MUC15;ADAMTS5;PAPSS2;ADAMTS2;ADAMTS15;SFTPD;SLC34A2;MTRR;FMOD;MUC7;FDX2;IDS;LUM;CFP;SRD5A3;HLCS;GALNT3;G6PC3;THSD7A;ADAMTS8;SBSPON;GBE1;MMUT;NOTCH3;ADAMTS20;EXT1;GPC5;POMGNT1;MUC4;THBS1;ADAMTS18;ADAMTSL4;MAT1A;PRELP;OMD;KERA;POMC;GALNS;THSD4;THSD7B;ADA;GALK1;CYP17A1;MUC12;CD320;MUC6;VCAN;CYP2R1;UBB;MMACHC;PGM1;ALG2"
"Presynaptic Phase Of Homologous DNA Pairing And Strand Exchange R-HSA-5693616",0.0778008298755187,0.539550131072758,0.160801401070022,0.382007153059535,1.36721737785806,39,"RBBP8;RHNO1;RAD51D;RAD17;RAD51B;SERPINA2;DNA2;RFC3;RFC4;RAD9A;RAD50;BRCA2;RMI2;CHEK1;EXO1;MRE11;WRN;POLR1B;RMI1;RAD51;POLR1A;RFC5;RFC2;RAD9B;HUS1;XRCC2;ARTN;RRAD;BRIP1"
"Signaling By Cytosolic FGFR1 Fusion Mutants R-HSA-1839117",0.0778891680611726,0.539550131072758,0.287805130535564,-0.316796542393261,-1.38968066100068,17,"GAB2;GRB2;FGFR1OP2;PIK3R1;STAT3;MYO18A"
"Collagen Formation R-HSA-1474290",0.0803212851405622,0.545558858811871,0.155241966228839,0.322840670548798,1.27634035888614,90,"LAMA4;COL23A1;COL3A1;COL9A1;TLL1;LOXL3;P3H2;COL6A5;LAMB3;COL2A1;P3H3;COL8A2;PXDN;COL14A1;PCOLCE2;COL22A1;COL12A1;P4HA3;MMP9;COL17A1;MMP3;COL6A6;LOXL2;CTSV;TLL2;CD151;COL7A1;COL24A1;LOXL1;MMP13;ADAMTS2;COL5A1;COL26A1;P3H1;COL18A1;COL19A1;MMP7;CTSS;COL15A1;COL4A2;COL13A1;LAMC2;PLOD2;COL4A4;COL10A1;COL6A3;COL4A3;COL4A1"
"FBXL7 Down-Regulates AURKA During Mitotic Entry And In Early Mitosis R-HSA-8854050",0.0793367781608806,0.545558858811871,0.287805130535564,-0.211229695528095,-1.28064029421916,53,"PSMB7;RBX1;RPS27A;PSMB6;SKP1;PSMD14;SEM1;PSMC5;PSMA2;PSMD8;UBA52;PSMD4"
"Mitophagy R-HSA-5205647",0.0803130362760522,0.545558858811871,0.287805130535564,-0.266410741216711,-1.34091166143734,27,"SQSTM1;RPS27A;TOMM7;ATG12;UBA52;MFN1;CSNK2B;PINK1;TOMM40;TOMM20"
"Synthesis Of PA R-HSA-1483166",0.0829875518672199,0.560032124213626,0.155241966228839,0.38005263818825,1.3602220986443,39,"PLA2G1B;LIPI;PLA2G4B;PLA2G2D;PLA2R1;GNPAT;PLA2G4A;PLA2G4D;PLA2G10;PLA2G2F;ACP6;GPAM;GPD1L;GPD2;ALPP;GPAT3;LPCAT4"
"O-linked Glycosylation R-HSA-5173105",0.086258776328987,0.578376154103336,0.149207542435322,0.313524955473888,1.25690732435546,105,"ST6GALNAC4;B3GNT8;MUC19;ADAMTS17;GALNT9;ADAMTS16;MUC17;ST3GAL3;MUC13;ST6GALNAC2;ADAMTS6;ADAMTS19;GALNT18;B3GNT2;ADAMTSL2;B3GNT7;POMT2;B4GALT6;GCNT4;ADAMTSL1;GALNT10;SPON2;MUC1;CHST4;GALNT12;MUC15;ADAMTS5;B3GNT4;ADAMTS2;ADAMTS15;B3GNT6;MUC7;CFP;GALNT3;B3GNT9;LARGE2;THSD7A;ADAMTS8;SBSPON;ST3GAL1;ADAMTS20;POMGNT1;MUC4;THBS1;ADAMTS18;ADAMTSL4;A4GNT;POMK;GALNTL6;THSD4;THSD7B;MUC12;MUC6;GCNT3;ADAMTS12;ST6GAL1;B3GNTL1;GCNT1;ADAMTS10;GALNT14"
"IL-6-type Cytokine Receptor Ligand Interactions R-HSA-6788467",0.087292817679558,0.581581447724953,0.156312403073186,0.463139605242689,1.3834371382277,17,"CNTF;IL11;CLCF1;JAK2;IL31;IL31RA;LIF;CCM2;CRLF1;OSMR;TYK2"
"Assembly Of Collagen Fibrils And Other Multimeric Structures R-HSA-2022090",0.0890688259109312,0.589658176600215,0.147331213699377,0.3539465691053,1.3311112911947,57,"LAMA4;COL3A1;COL9A1;TLL1;LOXL3;COL6A5;LAMB3;COL2A1;COL8A2;PXDN;MMP9;MMP3;COL6A6;LOXL2;CTSV;TLL2;CD151;COL7A1;COL24A1;LOXL1;MMP13;COL5A1;COL18A1;MMP7;CTSS;COL15A1;COL4A2;LAMC2;COL4A4;COL10A1;COL6A3;COL4A3;COL4A1;LOX"
"Degradation Of GLI2 By Proteasome R-HSA-5610783",0.0902904420754126,0.59398617868479,0.287805130535564,-0.198645140365076,-1.2604338173286,58,"PSMB7;RBX1;RPS27A;PSMB6;SKP1;PSMD14;PRKACB;SEM1;PSMC5;PSMA2;PSMD8;UBA52;PSMD4"
"GPVI-mediated Activation Cascade R-HSA-114604",0.0925877621824312,0.601532914551696,0.287805130535564,-0.252446991544897,-1.33128765759753,32,"RHOA;RNASE1;CDC42;FYN;PRKCZ;GP6;RHOG;PIK3R1"
"HDR Thru Single Strand Annealing (SSA) R-HSA-5685938",0.0924195223260644,0.601532914551696,0.14641623786055,0.387058731867775,1.36900447621306,36,"RBBP8;RHNO1;RAD17;SERPINA2;DNA2;RFC3;RFC4;RAD52;RAD9A;RAD50;RMI2;EXO1;MRE11;WRN;POLR1B;RMI1;ERCC4;RAD51;POLR1A;ERCC1;RFC5;RFC2;RAD9B;HUS1;ARTN;RRAD;BRIP1"
"Activated NOTCH1 Transmits Signal To Nucleus R-HSA-2122948",0.095371730577812,0.603513952824687,0.287805130535564,-0.248243010654717,-1.29744795713786,30,"PSENEN;DNER;PSEN1;RPS27A;CNTN1"
"Collagen Chain Trimerization R-HSA-8948216",0.0957775489186406,0.603513952824687,0.142901149386948,0.366996073664208,1.33293375376534,44,"COL23A1;COL3A1;COL9A1;COL6A5;COL2A1;COL8A2;COL14A1;COL22A1;COL12A1;COL17A1;COL6A6;COL7A1;COL24A1;COL5A1;COL26A1;COL18A1;COL19A1;COL15A1;COL4A2;COL13A1;COL4A4;COL10A1;COL6A3;COL4A3;COL4A1"
"HSF1-dependent Transactivation R-HSA-3371571",0.0943441854764609,0.603513952824687,0.287805130535564,-0.229297622062121,-1.30289843360206,35,"HSPA2;CRYAB;HSPB8;HSBP1;HSP90AB1"
"Phospholipase C-mediated Cascade: FGFR1 R-HSA-5654219",0.0955555555555556,0.603513952824687,0.149207542435322,0.458453189276598,1.35747498941197,16,"FGF10;FGF20;FGF23;FGF8;KL;FGF5;FGF13;FGFR1;FGF9;FGF3;FGF22"
"RHOV GTPase Cycle R-HSA-9013424",0.0944776271650662,0.603513952824687,0.287805130535564,-0.216633609985864,-1.2321695289459,36,"CDC42;DST;TPM3;CCP110;PIK3R1;MYO9A;WASL;TPM4;GIT2;PKN1;MAP3K11;PKN2"
"cGMP Effects R-HSA-418457",0.0976430976430976,0.611584910986109,0.148261500475107,0.468192437312734,1.361327428519,15,"PDE5A;PDE10A;KCNMB1;ITPR1;PDE1A;PDE1B;PDE11A;KCNMB3;PDE2A;PRKG1;PRKG2"
"Regulation Of Cholesterol Biosynthesis By SREBP (SREBF) R-HSA-1655829",0.0988894049250142,0.615704271140267,0.287805130535564,-0.211056353735139,-1.29775787825996,55,"SCD;SC5D;FDPS;SREBF1;FASN;FDFT1;NFYA;KPNB1;SAR1B"
"EGR2 And SOX10-mediated Initiation Of Schwann Cell Myelination R-HSA-9619665",0.100918413547858,0.617313804509117,0.287805130535564,-0.239092667619785,-1.22031610047761,29,"MAG;SCD5;GJB1;SOX10"
"Formation Of HIV-1 Elongation Complex Containing HIV-1 Tat R-HSA-167200",0.100881482420089,0.617313804509117,0.287805130535564,-0.207139394149153,-1.26126319074798,42,"SSRP1;POLR2I;CTDP1;POLR2A;POLR2F;POLR2E;POLR2L;NCBP2;ELOA2;POLR2G;CDK9;CDK7;POLR2C;CCNH;ELOC;SUPT16H;ELOB;MNAT1;POLR2J;TCEA1;NCBP1;GTF2F2;ELOA;POLR2H;ELL;POLR2K;GTF2H1;POLR2D;NELFCD;GTF2F1;NELFA;GTF2H3;ERCC3;POLR2B;SUPT5H;GTF2H4;NELFB;SUPT4H1;CCNT1;ERCC2;NELFE"
"Recycling Of Bile Acids And Salts R-HSA-159418",0.100441501103753,0.617313804509117,0.144630528034484,0.446211266397748,1.34978444321396,18,"SLC51A;SLCO1B1;NR1H4;BAAT;SLC10A2;SLC10A1;NCOA1;SLC51B"
"RET Signaling R-HSA-8853659",0.10259067357513,0.623894445113869,0.138022242496643,0.367765715278384,1.31954270663793,40,"DOK2;GFRA4;DOK6;GDNF;GFRA2;SHC3;PSPN;RET;DOK4;MAPK7;GFRA3;PIK3R3;PIK3CA;SOS1;DOK5;GRB7;DOK1;PRKACG;IRS2;NRTN"
"Activation Of NF-kappaB In B Cells R-HSA-1169091",0.1080472527373,0.62533529793891,0.287805130535564,-0.189687567979775,-1.25113762325515,65,"PSMB7;FBXW11;RPS27A;PSMB6;SKP1;PSMD14;SEM1;PSMC5;PSMA2;RELA;PSMD8;UBA52;NFKB1;PSMD4;NFKBIA"
"Collagen Degradation R-HSA-1442490",0.107772020725389,0.62533529793891,0.134273452883202,0.365679735608703,1.31205821543885,40,"COL23A1;COL9A1;MMP10;ELANE;ADAM17;CTSK;COL14A1;COL12A1;MMP9;COL17A1;MMP19;MMP3;MMP1;MMP13;COL26A1;PRSS2;COL18A1;COL19A1;MMP7;COL15A1;COL13A1;TMPRSS6;MMP15;MMP2"
"Constitutive Signaling By Aberrant PI3K In Cancer R-HSA-2219530",0.105953582240161,0.62533529793891,0.133554954557592,0.32325000562822,1.25728726501976,78,"CD86;FGF10;FLT3;EGFR;EPGN;CD19;FGF20;BTC;FGF19;FGF23;ESR1;ESR2;AREG;FGF7;FGF8;LCK;EGF;FGFR4;KL;TGFA;PIK3R3;EREG;NRG4;PIK3CA;FGF5;SOS1;VAV1;KLB;FGF13;ICOS;FGFR1;KIT;IRS2;STRN;FGF9;FGF18;KITLG;FGF3;CD28;PIK3R2;FGF22"
"Defective Intrinsic Pathway For Apoptosis R-HSA-9734009",0.105552783777649,0.62533529793891,0.287805130535564,-0.264527426885145,-1.29050938814627,24,"PRDX1;YWHAE;APP;CAPNS1;C1QBP;LMNA"
"Downstream Signal Transduction R-HSA-186763",0.108208115608932,0.62533529793891,0.287805130535564,-0.243189618189618,-1.23182846057532,28,"CRKL;GRB2;PIK3R1;STAT3;BCAR1;PTPN11;STAT1;SRC;PDGFB;NCK2;PLCG1;HRAS;PIK3CB;PDGFRA;STAT5B;RAPGEF1;STAT6;NRAS;SYNGAP1;PDGFA;STAT5A;PDGFRB;PIK3R2;NCK1;CRK;GRB7;SOS1;PIK3CA"
"ISG15 Antiviral Mechanism R-HSA-1169408",0.1080472527373,0.62533529793891,0.287805130535564,-0.181401005642326,-1.25951590961483,72,"PPM1B;UBE2E1;EIF4A1;RPS27A;EIF4G3;KPNA3;USP18;PDZD2;POM121C;EIF4G1;EIF4G2;KPNB1;EIF4E;UBA52;NUP62;NUP50;NUP35;TPR;IFIT1;AAAS"
"NOTCH2 Activation And Transmission Of Signal To Nucleus R-HSA-2979096",0.105805408725274,0.62533529793891,0.287805130535564,-0.28436507516619,-1.27276244044739,20,"PSENEN;PSEN1;RPS27A;CNTN1;UBA52"
"NR1H3 And NR1H2 Regulate Gene Expression Linked To Cholesterol Transport And Efflux R-HSA-9029569",0.107837673504766,0.62533529793891,0.287805130535564,-0.213147772505861,-1.21234276833384,36,"APOD;APOE;NR1H2;NCOR2;KDM1A;ABCG1;TNRC6B"
"Signaling By NOTCH1 R-HSA-1980143",0.106372135348094,0.62533529793891,0.287805130535564,-0.181789628540509,-1.26221422278773,72,"PSENEN;DNER;RBX1;PSEN1;NCOR2;RPS27A;TLE4;SKP1;CNTN1;RBPJ"
"ABC Transporters In Lipid Homeostasis R-HSA-1369062",0.109271523178808,0.626932501278051,0.138022242496643,0.442043536969762,1.33717710501106,18,"ABCA6;ABCD2;APOA1;ABCA7;ABCG4;ABCA9;ABCA5;ABCA12;ABCG5;ABCD1;ABCG8"
"Aspirin ADME R-HSA-9749641",0.113305613305613,0.626932501278051,0.130777137971974,0.3833920576396,1.33982599500187,33,"CYP3A4;CYP2C9;UGT2B7;UGT3A2;ACSM2A;GLYATL1;CYP2C19;CYP2E1;BCHE;UGT2A3;UGT2B11;ABCC2;UGT2B10;UGT2B28;ACSM2B;GLYATL3;UGT2B4"
"G Alpha (I) Signaling Events R-HSA-418594",0.113886113886114,0.626932501278051,0.127505315300183,0.26542063563752,1.13598436093357,306,"CCL20;RGS9BP;CXCL8;CAMK2A;GPR183;TAS2R50;ACKR3;PMCH;GNAT1;GNG13;CHRM4;TAS2R1;RXFP3;ADRA2B;HTR1F;GNA14;PTGDR2;FPR2;CCR6;CCL23;CXCL11;AGTR2;GPSM3;SSTR1;LPAR3;PPP1CA;GRM2;SFTPA2;RGS11;NMS;ADCY7;GNAL;BDKRB2;PLA2G4A;TAS1R1;PLCB4;CXCL10;CCR3;RGS21;ADRA2C;UBD;ITPR1;PPY;RGS4;RGS6;CCL1;NPY1R;RGS20;LPAR5;CASR;OPN5;CREB1;MTNR1B;CX3CR1;GAL;GNGT1;P2RY14;OPN3;NBEA;S1PR4;PDE1A;SUCNR1;TAS2R46;NMUR2;GABBR2;TAS2R42;RGS17;CXCL5;CCR2;SSTR2;PDE1B;TAS2R41;GNGT2;GPR31;PDYN;CXCR6;INSL5;CHRM2;GNG10;HCAR2;PDE4B;TAS2R16;CCL27;NPW;TAS2R13;PRKACG;OXGR1;GNAT3;CCR9;NPY5R;OPN1MW3;CCR5;TAS2R30;CXCL1;NPY2R;TAS2R45;GNAT2;C5;PYY;PRKAR1B;MCHR2;CCL4L1;TAS1R2;TAS2R4;GNB5;CCL28;PRKCG;CAMKK1;TAS2R14;CCL21;RGS22;GNG4;RGS8;P2RY13;OXER1;PPP3CA;POMC;PLCB2;TAS2R3;GALR2;CCR7;FPR3;PPP1R1B;RXFP4;ADCY1;TAS2R10;NMUR1;TAS2R43;RGSL1;TAS2R19;RGS10;GNB1;HCAR1;GPR18;CCR8;GNG11;GPR55;CCL16;AGXT;CALM1;CCL25;HRH4;GNG12;PENK;PNOC;ADORA3;NPBWR2;TAS2R9;OPN1LW;GNG3;RGS16;CCL13;NPB;CXCL13;ADCY9;RGS19;CNOT6;CAMKK2;FPR1;ADCY2;NPBWR1;CXCL9;GNB2;PDE4A;GNG2;OPRK1;CAMK2B;P2RY12;GALR1;PRKCA;KPNA2;HTR1E;GRM8;CCL5;PPBP;ANXA1;CXCL2;RGS5"
"Inflammasomes R-HSA-622312",0.114343739144252,0.626932501278051,0.287805130535564,-0.285938856291708,-1.33861686726745,21,"APP;P2RX7;SUGT1;HSP90AB1;RELA;NFKB2;BCL2L1;NFKB1"
"Interleukin-10 Signaling R-HSA-6783783",0.112603305785124,0.626932501278051,0.130777137971974,0.360238474721995,1.30415324556643,43,"IL12A;CCL20;CXCL8;CSF3;CD86;PTAFR;CSF2;CXCL10;IL1RN;CCL22;IL1A;FCER2;ICAM1;LIF;CCR2;CCR5;CXCL1;PTGS2;IL1R2;TYK2;IL10RB;IL10RA;IL12B;TNFRSF1B;FPR1;IL6;IL1R1;CCL5;CXCL2"
"Phospholipase C-mediated Cascade; FGFR4 R-HSA-5654228",0.114478114478114,0.626932501278051,0.135740943810425,0.458832938440509,1.33411352774546,15,"FGF20;FGF19;FGF23;FGF8;FGFR4;KLB;FGF13;FGF9;FGF18"
"Regulation Of Complement Cascade R-HSA-977606",0.113285272914521,0.626932501278051,0.130105630751129,0.359735089362822,1.30656177936178,44,"C5AR2;C1R;VTN;C4BPA;CFHR4;ELANE;CD19;CFI;CFHR3;C8A;C8G;CR1;CFHR2;C8B;CFB;PROS1;CPB2;AKR1C1;C5"
"Signaling By FLT3 Fusion Proteins R-HSA-9703465",0.109868159864411,0.626932501278051,0.287805130535564,-0.283940451289988,-1.25306669901352,18,"GAB2;GRB2;PIK3R1;MYO18A;GOLGB1;ZMYM2;LONP1;HRAS;SPTBN1;ETV6;NOX4;STAT5B;NRAS;CDKN1A;TRIP11"
"TAK1-dependent IKK And NF-kappa-B Activation R-HSA-445989",0.110508027994733,0.626932501278051,0.287805130535564,-0.195881331320056,-1.23575855301125,44,"HMGB1;S100B;APP;RPS27A;USP18;RELA;NFKB2;UBA52;NFKB1;NFKBIA;SAA2"
"mTORC1-mediated Signaling R-HSA-166208",0.114094535982233,0.626932501278051,0.287805130535564,-0.261758092964645,-1.27699906346879,24,"RPS6;EIF4B;RPS6KB1;EIF4G1;EIF4E;RRAGA;LAMTOR2;LAMTOR1"
"TRAF6 Mediated IRF7 Activation R-HSA-933541",0.117078410311493,0.634528586455035,0.130777137971974,0.412535935396543,1.3193959235616,22,"IRF3;IFNA6;TANK;RNF135;SIKE1;IRF7;IFNA8;TRAF6;CREBBP;IFNB1;TRIM25;TRIM4"
"Visual Phototransduction R-HSA-2187338",0.116582914572864,0.634528586455035,0.126253987849115,0.310839278265324,1.2342145806284,95,"AKR1C4;RGS9BP;SDC1;GUCA1C;TTR;GNAT1;BCO1;RBP3;GRK7;GPC6;APOA1;GUCY2D;GPC2;ABCA4;PPEF1;CAMKMT;APOA4;DHRS9;GRK1;GPC3;PLB1;RDH8;RLBP1;GNGT1;HSD17B6;RIMBP2;LRP8;GRK4;METAP1;RBP4;SLC24A1;AKR1C1;OPN1MW3;NMT1;GPC5;GNB5;GPIHBP1;NAPEPLD;RCVRN;RDH12;BCO2;APOM;PDE6G;GUCY2F;CNGA1;RPE65;GNB1;RDH10;LRP12;CALM1;APOC2;LPL;STRA6;OPN1LW;RDH5;CLPS"
"Signaling By NTRK2 (TRKB) R-HSA-9006115",0.118050770342715,0.636500545249895,0.287805130535564,-0.267078886635211,-1.26020050524003,23,"RNASE1;NTRK2;GRB2;FYN;PIK3R1"
"Butyrate Response Factor 1 Binds And Destabilizes mRNA R-HSA-450385",0.122651933701657,0.657917552061198,0.129442887745046,0.441763833276194,1.31958590101546,17,"EXOSC8;AKT1;EXOSC1;DCP1A;EXOSC9"
"HSF1 Activation R-HSA-3371511",0.129923602495741,0.693367796992577,0.249246554383295,-0.255208877879179,-1.28452989127851,27,"YWHAE;HSBP1;VCP;HSP90AB1;HSP90AA1;MRPL18;DNAJB6;HDAC6;FKBP4;TNFRSF21;RPA3;SERPINH1;PTGES3;HSPA1A;HSPA1B;HSF1;DNAJB1;CRYBA4;HSPA1L;COL4A6;GML;DEDD2;UBB;POLR1A;POLR1B"
"Ubiquitin-dependent Degradation Of Cyclin D R-HSA-75815",0.1318023252509,0.696289051577985,0.249246554383295,-0.199260920522469,-1.24692530015832,50,"PSMB7;RPS27A;PSMB6;PSMD14;SEM1;PSMC5;PSMA2;CCND1;PSMD8;UBA52;PSMD4"
"p53-Dependent G1 DNA Damage Response R-HSA-69563",0.131498941765518,0.696289051577985,0.249246554383295,-0.182932009726441,-1.25536230306952,64,"CDKN1B;PSMB7;PCBP4;RPS27A;PSMB6;PSMD14;SEM1;PSMC5;PSMA2;PSMD8;UBA52;PSMD4"
"Activation Of Matrix Metalloproteinases R-HSA-1592389",0.137214137214137,0.696868754163891,0.117249716749792,0.37235194629992,1.30124452763479,33,"CTRB2;MMP24;MMP10;ELANE;CTSK;MMP9;MMP3;PLG;MMP1;CTSV;MMP13;MMP17;KLKB1;PRSS2;PRSS58;COL18A1;CTSG;MMP7;MMP16;MMP15;MMP2;CTRB1"
"Amine Ligand-Binding Receptors R-HSA-375280",0.138860103626943,0.696868754163891,0.116234148779716,0.355222604294042,1.27453804761089,40,"HTR6;CHRM4;ADRA2B;HTR1F;HTR2C;ADRB2;TAAR8;CHRM1;ADRA2C;HTR7;DRD2;HRH2;TAAR1;ADRA1A;ADRB3;CHRM2;CHRM5"
"Caspase Activation Via Extrinsic Apoptotic Signaling Pathway R-HSA-5357769",0.139240506329114,0.696868754163891,0.117249716749792,0.394803305262069,1.29818209832145,25,"CASP3;DCC;CASP8;FASLG;RIPK1;TANK;DAPK1;DAPK2;CASP9;TNFRSF10A;TLR4"
"Chemokine Receptors Bind Chemokines R-HSA-380108",0.139227642276423,0.696868754163891,0.114750719227023,0.337921023127118,1.25789201074241,53,"CCL20;CXCL8;CCL17;ACKR3;CCR6;CXCL11;CXCL10;CCR3;CCL22;CCL1;CX3CR1;CXCL5;CCR2;CXCR6;CCL27;CCL7;CCR9;CCR5;CXCL1;CCL11;CCL28;CCL21;CCR7;CCR8;CCL16;CCL25;CCL13;CXCL13;CNOT6;CXCL9;CCL5;PPBP;CXCL2;CXCR5"
"Hh Mutants Are Degraded By ERAD R-HSA-5362768",0.13270987321497,0.696868754163891,0.249246554383295,-0.184328654662629,-1.14789698500036,54,"PSMB7;RPS27A;PSMB6;VCP;PSMD14;SEM1;PSMC5;PSMA2;PSMD8;UBA52;PSMD4;ERLEC1"
"Impaired BRCA2 Binding To RAD51 R-HSA-9709570",0.135275754422477,0.696868754163891,0.118287526124085,0.37253022301534,1.30905179573812,34,"RBBP8;RHNO1;RAD17;SERPINA2;DNA2;RFC3;RFC4;RAD9A;RAD50;BRCA2;RMI2;EXO1;MRE11;WRN;POLR1B;RMI1;RAD51;POLR1A;RFC5;RFC2;RAD9B;HUS1;ARTN;RRAD;BRIP1"
"PIWI-interacting RNA (piRNA) Biogenesis R-HSA-5601884",0.137894736842105,0.696868754163891,0.11776578836269,0.385669293245232,1.30322097441683,29,"TDRD6;MAEL;MYBL1;PIWIL2;TDRKH;TDRD1;ASZ1"
"RHOH GTPase Cycle R-HSA-9013407",0.135256042764577,0.696868754163891,0.249246554383295,-0.222977317669278,-1.20971132674694,34,"TMEM59;RAB7A;VAMP3;VCP;ARHGDIA"
"Regulation Of APC/C Activators Between G1/S And Early Anaphase R-HSA-176408",0.1353224812018,0.696868754163891,0.249246554383295,-0.154230181108169,-1.13878677444603,79,"BUB3;PSMB7;UBE2E1;RPS27A;PSMB6;SKP1;PSMD14;ANAPC11;SEM1;PSMC5;PSMA2;PSMD8;UBA52;PSMD4"
"SUMOylation Of Intracellular Receptors R-HSA-4090294",0.136842105263158,0.696868754163891,0.118287526124085,0.385727055126462,1.30341615846819,29,"NR5A1;PIAS3;NR1I2;NR5A2;THRB;NR1H4;ESR1;AREG;UBE2I;VDR;HDAC4;PGR;SUMO1;PIAS4"
"Vif-mediated Degradation Of APOBEC3G R-HSA-180585",0.13682482686187,0.696868754163891,0.249246554383295,-0.197222206998414,-1.18756650309152,52,"PSMB7;RBX1;RPS27A;PSMB6;PSMD14;SEM1;PSMC5;PSMA2;PSMD8;UBA52;PSMD4"
"Regulation Of Signaling By CBL R-HSA-912631",0.142594360066636,0.710255717284289,0.249246554383295,-0.270214459946423,-1.19249208702911,18,"CRKL;GRB2;FYN;YES1;PIK3R1"
"ADORA2B Mediated Anti-Inflammatory Cytokine Production R-HSA-9660821",0.143856143856144,0.713144675229983,0.11146266692298,0.286947472875023,1.17338527608932,130,"HTR6;MC1R;PTH2R;GNG13;GLP2R;FSHB;ADORA2B;CYSLTR2;GIPR;PTHLH;ADRB2;GHRH;RXFP2;RLN2;MC5R;IAPP;ADCY7;TAAR8;CALCA;NPS;HTR7;GPR150;GPR83;TSHB;RAMP1;MC2R;CREB1;GNGT1;HRH2;TAAR1;PTGER2;CRH;ADCYAP1;GNGT2;RAMP2;ADRB3;GNG10;GHRHR;LHB;GPR39;PRKACG;AVPR2;GNAT3;GPR45;PRKAR1B;CPAMD8;GNB5;GCG;RXFP1;LHCGR;GNG4;CRHR2;CHGA;POMC;CALCR;ADCY1;NLRP3;TAAR6;GNB1;DRD1;ADM;GNG11;SCTR;GNG12;GPHA2;GPR25;GNG3;ADM2;ADCY9;ADCY2;TSHR;GNB2;IL6;GNG2;TAAR5;PRKCA;RAMP3;CALCB;NPSR1"
"Cytoprotection By HMOX1 R-HSA-9707564",0.146819079575573,0.724399798283253,0.249246554383295,-0.17695068621925,-1.1077342264539,57,"COX8A;COX6C;NCOR2;COX14;COX4I1;HBA1;COX5B;COX16;COX6A1;HM13;STAT3"
"G1/S-Specific Transcription R-HSA-69205",0.149473684210526,0.727206854345165,0.112378519110475,0.379814167776511,1.28343583089536,29,"LIN52;CDC25A;LIN54;CDC45;CDC6;RBL1;TYMS;E2F5;E2F4;CDK1;TK1;CDT1;RRM2;FBXO5;POLA1;RBL2;CCNE1;CCNA1;LIN37;SLC25A15;LIN9"
"Nitric Oxide Stimulates Guanylate Cyclase R-HSA-392154",0.149141630901288,0.727206854345165,0.11378726182188,0.403374678529971,1.27578081656306,21,"PDE5A;PDE10A;KCNMB1;ITPR1;PDE1A;PDE1B;PDE11A;KCNMB3;PDE2A;NANOS1;NANOS2;PRKG1;PRKG2"
"Vpu Mediated Degradation Of CD4 R-HSA-180534",0.149230358303849,0.727206854345165,0.249246554383295,-0.196039234869243,-1.2267647923195,50,"PSMB7;RPS27A;PSMB6;SKP1;PSMD14;SEM1;PSMC5;PSMA2;PSMD8;UBA52;PSMD4"
"Nuclear Receptor Transcription Pathway R-HSA-383280",0.150406504065041,0.728357422463114,0.109684061970549,0.334675348989315,1.24581017123555,53,"NR5A1;NR2E3;NR2E1;ESRRB;RORC;PPARD;NR1I2;ESRRG;NR5A2;THRB;NR1H4;RORB;ESR1;ESR2;NR4A1;AREG;RXRG"
"Autodegradation Of Cdh1 By Cdh1:APC/C R-HSA-174084",0.155857929477727,0.735000041333318,0.249246554383295,-0.181002512448428,-1.20361115178757,62,"PSMB7;UBE2E1;RPS27A;PSMB6;PSMD14;ANAPC11;SEM1;PSMC5;PSMA2;PSMD8;UBA52;PSMD4"
"Deregulated CDK5 Triggers Neurodegenerative Pathways In Alzheimers Disease Models R-HSA-8862803",0.154950768769225,0.735000041333318,0.249246554383295,-0.269131865735401,-1.2599352870917,21,"PRDX1;YWHAE;APP;CAPNS1;LMNA"
"GABA Synthesis, Release, Reuptake And Degradation R-HSA-888590",0.153906289458467,0.735000041333318,0.249246554383295,-0.272176662914724,-1.23724774390297,19,"VAMP2;SLC32A1;DNAJC5;GAD2;SLC6A1;SNAP25;HSPA8;STXBP1;RAB3A;SYT1;ALDH5A1;STX1A;CPLX1;RIMS1;SLC6A11;SLC6A12;GAD1;SLC6A13;ABAT"
"Gap Junction Trafficking R-HSA-190828",0.153764267551675,0.735000041333318,0.249246554383295,-0.247413239275629,-1.19211718816139,25,"DNM2;GJB1;MYO6;CLTA;CLTCL1;GJA1"
"NCAM Signaling For Neurite Out-Growth R-HSA-375165",0.15587044534413,0.735000041333318,0.107140237276725,0.327516198490476,1.23171277224653,57,"CACNA1G;CACNA1S;GFRA4;COL9A1;CACNA1H;ST8SIA4;GDNF;GFRA2;COL6A5;SPTA1;PSPN;CACNB1;ENTHD1;CACNB4;CACNA1D;COL6A6;CREB1;CACNB2;CACNB3;SPTBN4;SOS1;FGFR1;SPTBN2"
"Nucleotide Catabolism R-HSA-8956319",0.156087408949011,0.735000041333318,0.108820126769161,0.364345460808204,1.28029096774887,34,"ENTPD7;XDH;NT5C3A;ENTPD4;PPY;NT5M;ITPA;UPP2;ENTPD3;ENTPD2;ENTPD8;DPYS;ADPRM;NT5C1A;NUDT1;NUDT9;SAMHD1;NUDT5;NUDT15;NT5C2;ENTPD1;UPP1;AGXT2;NT5E;UPB1;SCO2;NUDT16;GDA;DPYD;NUDT18;ENTPD5"
"RHOJ GTPase Cycle R-HSA-9013409",0.157399626442317,0.735000041333318,0.249246554383295,-0.181235144071249,-1.12863231078347,54,"PREX1;RAB7A;CDC42;VAMP3;CDC42EP1;ARHGAP1;GJA1;PIK3R1;ARHGAP21;WASL;FNBP1;ARHGAP5;CDC42BPB;LAMTOR1;GIT2;JUP;PKN1;PKN2;ARHGAP26;NIPSNAP2"
"Signaling By EGFR In Cancer R-HSA-1643713",0.156716417910448,0.735000041333318,0.110122263835536,0.39281448992069,1.27216343107054,23,"EGFR;EPGN;BTC;AREG;EGF;CBL;TGFA;EREG;PIK3CA;SOS1"
"Diseases Associated With O-glycosylation Of Proteins R-HSA-3906995",0.158425832492432,0.736504092387039,0.105920292736253,0.316695701117192,1.21632101843666,68,"MUC19;ADAMTS17;ADAMTS16;MUC17;MUC13;ADAMTS6;ADAMTS19;ADAMTSL2;POMT2;ADAMTSL1;SPON2;MUC1;GALNT12;MUC15;ADAMTS5;ADAMTS2;ADAMTS15;MUC7;CFP;GALNT3;THSD7A;ADAMTS8;SBSPON;NOTCH3;ADAMTS20;POMGNT1;MUC4;THBS1;ADAMTS18;ADAMTSL4;THSD4;THSD7B;MUC12;MUC6"
"Diseases Associated With N-glycosylation Of Proteins R-HSA-3781860",0.161147902869757,0.745843833636133,0.110564716336619,0.419470991263583,1.26889538885471,18,"B4GALT1;ALG9;ALG13;MOGAT2;MAN1B1;ALG8;DPAGT1"
"Abortive Elongation Of HIV-1 Transcript In Absence Of Tat R-HSA-167242",0.162464658846664,0.748625696711941,0.249246554383295,-0.253578512839758,-1.19649955870585,23,"POLR2I;CTDP1;POLR2A;POLR2F;POLR2E;POLR2L;NCBP2;POLR2G;POLR2C;POLR2J;NCBP1;GTF2F2;POLR2H;POLR2K;POLR2D;NELFCD;GTF2F1;NELFA;POLR2B;SUPT5H;NELFB;SUPT4H1;NELFE"
"Hyaluronan Metabolism R-HSA-2142845",0.164444444444444,0.751130519165454,0.109684061970549,0.432480179680937,1.28056918583037,16,"HAS3;SLC9A1;HEXB;SPAM1;STAB2;HMMR"
"MECP2 Regulates Neuronal Receptors And Channels R-HSA-9022699",0.164442581845455,0.751130519165454,0.249246554383295,-0.262857755945972,-1.16002598100025,18,"MECP2;HDAC2;FKBP5;HDAC1;GRIA2;OPRM1;NOTCH1;RNMT;PTPN4;GRIN2B;SLC2A3;SIN3A;GRIN2A;GPRIN1;PTPN1;OPRK1"
"Glycerophospholipid Biosynthesis R-HSA-1483206",0.165834165834166,0.754184945489293,0.102449405629826,0.285704227210621,1.16552493654065,126,"PLA2G1B;LIPI;PLA2G4B;PLA2G2D;DGAT2L6;PLA2R1;GNPAT;PCYT1B;PLAAT1;PLA2G4A;STARD10;PISD;PLA2G4D;PLA2G10;PLA2G6;GPCPD1;CHPT1;LPIN3;PLB1;PLA2G2F;CHEK2;ACP6;GPAM;LPIN1;PLA2G15;HADHA;SLC44A3;BCHE;OSBPL5;CHKA;SELENOI;GPD1L;PCTP;PLA2G4F;GPD2;ALPP;MGLL;LPCAT3;PLBD1;PGS1;OSBPL10;GPAT3;PLAAT4;PITPNB;LPCAT4;PNPLA3;PITPNM2;DGAT1;LPIN2;PHOSPHO1;ETNK1;OSBPL8;LPCAT1;PLA1A;PLD2;SLC44A5;PLA2G2E;CRLS1;DGAT2;ACHE;PLAAT2;AGK;PCYT1A;ABHD3"
"Degradation Of AXIN R-HSA-4641257",0.167687041737677,0.759310154361948,0.249246554383295,-0.190886103123169,-1.15730146111719,53,"PSMB7;RPS27A;PSMB6;PSMD14;SEM1;PSMC5;TNKS2;PSMA2;AXIN1;PSMD8;UBA52;PSMD4"
"Cargo Concentration In ER R-HSA-5694530",0.16926272066459,0.761182969848912,0.103576326612592,0.362833382230607,1.25981480978147,32,"CFAP73;FOLR2;F5;F8;AREG;GRIA1;SEC24D;CTSC;COL7A1;SEC23A;TGFA;GOSR2;CNIH3;LMAN1;SEC24C;CNIH2;LMAN1L;SEC24B;LMAN2L"
"Downstream Signaling Events Of B Cell Receptor (BCR) R-HSA-1168372",0.17002683215752,0.761182969848912,0.249246554383295,-0.156358211329561,-1.17415615394173,78,"PSMB7;FBXW11;RPS27A;PSMB6;SKP1;PSMD14;SEM1;PSMC5;PSMA2;RELA;PSMD8;UBA52;NFKB1;PSMD4;NFKBIA;PPIA;NFATC2"
"Listeria Monocytogenes Entry Into Host Cells R-HSA-8876384",0.170706875249731,0.761182969848912,0.249246554383295,-0.260713992823965,-1.15056527131075,18,"GRB2;RPS27A;CTNNB1;EPS15;UBA52"
"Nicotinate Metabolism R-HSA-196807",0.171011470281543,0.761182969848912,0.103197466945307,0.366918888645495,1.26370689051389,31,"PTGIS;NAPRT;CD38;RNLS;NMNAT3;NUDT12;SLC22A13;PTGS2;SLC5A8;NADK;NADSYN1;PARP4;CYP8B1;QPRT;NMRK1;NAXE;NT5E;PARP8;NMRK2"
"Formation Of TC-NER Pre-Incision Complex R-HSA-6781823",0.171913957066756,0.761957623270454,0.249246554383295,-0.194942375157598,-1.23037064889272,48,"RBX1;RPS27A;POLR2I;POLR2A;POLR2F;DDB1;UBA52;POLR2E;GPS1;POLR2L"
"Collagen Biosynthesis And Modifying Enzymes R-HSA-1650814",0.172727272727273,0.762332182585347,0.100633389423036,0.314645897410373,1.20702735326472,67,"COL23A1;COL3A1;COL9A1;TLL1;P3H2;COL6A5;COL2A1;P3H3;COL8A2;COL14A1;PCOLCE2;COL22A1;COL12A1;P4HA3;COL17A1;COL6A6;TLL2;COL7A1;COL24A1;ADAMTS2;COL5A1;COL26A1;P3H1;COL18A1;COL19A1;COL15A1;COL4A2;COL13A1;PLOD2;COL4A4;COL10A1;COL6A3;COL4A3;COL4A1"
"Activated Point Mutants Of FGFR2 R-HSA-2033519",0.175690607734807,0.767368165164696,0.105125131597001,0.419905562281903,1.25429339843386,17,"FGF10;FGF20;FGF23;FGF7;FGF8;FGF5;FGF13;FGF9;FGF18;FGF3;FGF22"
"Fertilization R-HSA-1187000",0.178270042194093,0.767368165164696,0.101350743797099,0.38182028683827,1.25549167026446,25,"B4GALT1;ADAM20;CATSPER3;CATSPERB;ADAM2;ADAM21;KCNU1;SPAM1"
"IRS-mediated Signaling R-HSA-112399",0.176591375770021,0.767368165164696,0.10027910675413,0.33213557653542,1.21752570605677,47,"TRIB3;FGF10;FLT3;FGF20;THEM4;FGF19;FGF23;FGF7;FGF8;FGFR4;KL;PIK3CA;FGF5;SOS1;KLB;FGF13;FGFR1;IRS2;FGF9;FGF18;PDE3B;FGF3;PIK3R4;PIK3R2;FGF22"
"O-linked Glycosylation Of Mucins R-HSA-913709",0.177125506072875,0.767368165164696,0.0992333343771191,0.323625731228566,1.21708162350156,57,"ST6GALNAC4;B3GNT8;MUC19;GALNT9;MUC17;ST3GAL3;MUC13;ST6GALNAC2;GALNT18;B3GNT2;B3GNT7;B4GALT6;GCNT4;GALNT10;MUC1;CHST4;GALNT12;MUC15;B3GNT4;B3GNT6;MUC7;GALNT3;B3GNT9;ST3GAL1;MUC4;A4GNT;GALNTL6;MUC12;MUC6;GCNT3;ST6GAL1;B3GNTL1;GCNT1;GALNT14"
"PI3K Cascade R-HSA-109704",0.175077239958805,0.767368165164696,0.100990587455923,0.338244037989961,1.22850604570562,44,"TRIB3;FGF10;FLT3;FGF20;THEM4;FGF19;FGF23;FGF7;FGF8;FGFR4;KL;PIK3CA;FGF5;KLB;FGF13;FGFR1;IRS2;FGF9;FGF18;PDE3B;FGF3;PIK3R4;PIK3R2;FGF22"
"Phase 0 - Rapid Depolarisation R-HSA-5576892",0.177570093457944,0.767368165164696,0.100633389423036,0.359532050417423,1.24835206430672,32,"CAMK2A;SCN11A;FGF12;CACNB1;SCN5A;CACNB2;SCN4B;FGF13;SCN1A;SCN1B;SCN9A;SCN2B;SCN10A;SCN4A;CALM1;CACNG8;CACNA2D2;SCN3B;CACNA1C;FGF14;CAMK2B;RANGRF"
"MET Activates PTK2 Signaling R-HSA-8874081",0.179005524861878,0.767376143465266,0.103958471559957,0.419108953653668,1.25191386114433,17,"LAMA4;LAMA2;LAMB3;LAMB1;LAMC3;LMNB2;LAMA5;SOS1"
"Phospholipase C-mediated Cascade; FGFR2 R-HSA-5654221",0.181015452538631,0.772825156552687,0.103197466945307,0.413032778659628,1.24941986264248,18,"FGF10;FGF20;FGF23;FGF7;FGF8;FGF5;FGF13;FGF9;FGF18;FGF3;FGF22"
"Azathioprine ADME R-HSA-9748787",0.187768240343348,0.78942860347778,0.0992333343771191,0.389383049377066,1.23152852950629,21,"XDH;VAV3;SLC29A2;TPMT;HPRT1;VAV2;SLC28A3;VAV1;GSTA2;GSTM1;SLC28A2;SLC29A1;GSTA1;NUDT15"
"Defective GALNT12 Causes CRCS1 R-HSA-5083636",0.186740331491713,0.78942860347778,0.101350743797099,0.415152539985798,1.24009571918375,17,"MUC19;MUC17;MUC13;MUC1;GALNT12;MUC15;MUC7;MUC4;MUC12;MUC6"
"Formation Of RNA Pol II Elongation Complex R-HSA-112382",0.186498952660723,0.78942860347778,0.249246554383295,-0.180860961969549,-1.10686440286928,56,"SSRP1;POLR2I;CTDP1;POLR2A;POLR2F;POLR2E;POLR2L;NCBP2;ELOA2;POLR2G;CDK9;SUPT6H;CDK7;MLLT1;POLR2C;CCNH;ELOC;SUPT16H;ELOB;CTR9;PAF1;MNAT1;AFF4;POLR2J;EAF1;TCEA1;MLLT3;NCBP1;GTF2F2;ELOA;DMAP1;POLR2H;ELL;CCNT2;POLR2K;GTF2H1;POLR2D;IWS1;NELFCD;GTF2F1;CDC73;CCNK;NELFA;RTF1;GTF2H3;ERCC3;POLR2B;SUPT5H;GTF2H4;NELFB;SUPT4H1;CCNT1;ERCC2;NELFE"
"RUNX1 Interacts With Co-Factors Whose Precise Effect On RUNX1 Targets Is Not Known R-HSA-8939243",0.187923252644328,0.78942860347778,0.249246554383295,-0.209660098207086,-1.137461864817,34,"SMARCB1;CBX4;HIPK2;PHC3;CBFB;CSNK2B;ARID1A;SMARCE1;CBX2"
"Voltage Gated Potassium Channels R-HSA-1296072",0.18904958677686,0.79098347107438,0.0965629554309422,0.335220386040241,1.2135815164435,43,"KCNV1;KCNAB1;KCNG3;KCNG1;KCNH5;KCNV2;KCNA1;KCNS2;KCNB1;KCND1;KCNQ2;KCNG4;KCNA2;KCNB2;KCND3;KCNA5;KCNAB2;KCNC1;KCNA4;KCNH1;KCNA10;KCNC3;KCNS3;KCNS1"
"Beta-catenin Phosphorylation Cascade R-HSA-196299",0.190646052495433,0.793988158494003,0.249246554383295,-0.275878310537767,-1.21018603942955,17,"PPP2CB;CTNNB1;PPP2CA;PPP2R5A;AXIN1"
"Impaired BRCA2 Binding To PALB2 R-HSA-9709603",0.191285866099894,0.793988158494003,0.09754492162472,0.376518694493511,1.22831478601254,24,"RBBP8;RAD51D;PALB2;RAD51B;DNA2;RAD51AP1;RAD50;BRCA2;RMI2;EXO1;MRE11;WRN;RMI1;RAD51"
"Defective GALNT3 Causes HFTC R-HSA-5083625",0.192265193370166,0.794445532222075,0.0995791200495904,0.413825162681127,1.23613073100538,17,"MUC19;MUC17;MUC13;MUC1;MUC15;MUC7;GALNT3;MUC4;MUC12;MUC6"
"Gap Junction Trafficking And Regulation R-HSA-157858",0.192915071878018,0.794445532222075,0.249246554383295,-0.239964185528816,-1.20779955505308,27,"DNM2;GJB1;MYO6;CLTA;CLTCL1;GJA1"
"Anti-inflammatory Response Favoring Leishmania Infection R-HSA-9662851",0.193806193806194,0.794985406750113,0.0931454575337804,0.27275875954276,1.13046621745852,162,"HTR6;MC1R;PTH2R;GNG13;GLP2R;DPEP3;FSHB;CYSLTR1;ADORA2B;CYSLTR2;GIPR;PTHLH;CD247;ADRB2;GHRH;GGT5;ADAM17;RXFP2;RLN2;MC5R;IAPP;ADCY7;TAAR8;CALCA;NPS;ITPR1;HTR7;GPR150;GPR83;TSHB;RAMP1;MC2R;CREB1;GNGT1;HRH2;TAAR1;PTGER2;CRH;ADCYAP1;GNGT2;RAMP2;ADRB3;GNG10;GHRHR;LHB;GPR39;RHBDF2;PRKACG;AVPR2;GNAT3;GPR45;DPEP2;DPEP1;PRKAR1B;CPAMD8;GNB5;FGR;GCG;CD163;RXFP1;LHCGR;GNG4;CRHR2;CHGA;POMC;CALCR;ADCY1;NLRP3;TAAR6;GNB1;DRD1;ADM;GNG11;SCTR;CALM1;GNG12;GPHA2;GPR25;GNG3;ADM2;ADCY9;ADCY2;GGT1;TSHR;GNB2;IL6;GNG2;TAAR5;MAPK14;SYK;PRKCA;RAMP3;CALCB;NPSR1"
"FGFR2 Ligand Binding And Activation R-HSA-190241",0.197424892703863,0.79732215354533,0.096240602328129,0.393068867560699,1.23416499618453,20,"FGF10;FGF20;FGF23;FGF7;FGF8;FGF5;FGF13;FGFBP3;FGF9;FGF18;FGF3;FGF22;FGFBP1"
"Hh Mutants Abrogate Ligand Secretion R-HSA-5387390",0.197080280881332,0.79732215354533,0.249246554383295,-0.167443985198536,-1.04822104610793,57,"PSMB7;RPS27A;PSMB6;VCP;PSMD14;SEM1;PSMC5;PSMA2;PSMD8;UBA52;PSMD4;ERLEC1"
"Nucleotide Salvage R-HSA-8956321",0.197228144989339,0.79732215354533,0.0959206777921745,0.375750888041435,1.21690149224156,23,"PPY;PUDP;HPRT1;CDA;AMPD3;UPP2;TK1;TK2;AMPD1;ADAL;ADA;UPP1;GMPR;DGUOK;SCO2"
"Processing Of Capped Intronless Pre-mRNA R-HSA-75067",0.197079481202458,0.79732215354533,0.249246554383295,-0.209991483406867,-1.07178522334313,29,"SNRPD3;CPSF2;CSTF3;SNRPG;NCBP2;CPSF7;NUDT21;SYMPK;CSTF2;PCF11;WDR33;PAPOLA;CSTF1;PABPN1;NCBP1;SNRPB;COLEC12;SNRPE;FIP1L1;SLBP;CSTF2T;CPSF1;CPSF3"
"Biosynthesis Of Specialized Proresolving Mediators (SPMs) R-HSA-9018678",0.198675496688742,0.799286805909322,0.09754492162472,0.408615684924778,1.23605820000305,18,"CYP1A1;CYP3A4;CYP1A2;CYP2C9;CYP2E1;LTC4S;PTGR1;PTGS2"
"FLT3 Signaling In Disease R-HSA-9682385",0.199930165400855,0.801252693522202,0.249246554383295,-0.235518089305548,-1.17688955613467,26,"GAB2;GRB2;RPS27A;PIK3R1;UBA52;BCL2L1"
"Plasma Lipoprotein Clearance R-HSA-8964043",0.202518791409524,0.808529220665503,0.249246554383295,-0.206513533826247,-1.12039091512746,34,"APOE;NR1H2;HDLBP;RPS27A;CLTA;UBA52;AP2A2;NPC2;AP2B1"
"Degradation Of DVL R-HSA-4641258",0.20470152552431,0.814136105317218,0.249246554383295,-0.177286293011904,-1.10404104886853,54,"PSMB7;RBX1;RPS27A;PSMB6;PSMD14;SEM1;PSMC5;PSMA2;PSMD8;UBA52;PSMD4"
"DAP12 Interactions R-HSA-2172127",0.208239279957228,0.815086798862357,0.249246554383295,-0.181794998000971,-1.07207792905515,40,"RNASE1;HLA-B;B2M;GRB2;FYN;HLA-C;PIK3R1;SIGLEC16;SIGLEC15"
"Defective B3GALTL Causes PpS R-HSA-5083635",0.206611570247934,0.815086798862357,0.0913924325943768,0.341196799152709,1.21485414090769,37,"ADAMTS17;ADAMTS16;ADAMTS6;ADAMTS19;ADAMTSL2;ADAMTSL1;SPON2;ADAMTS5;ADAMTS2;ADAMTS15;CFP;THSD7A;ADAMTS8;SBSPON;ADAMTS20;THBS1;ADAMTS18;ADAMTSL4;THSD4;THSD7B;ADAMTS12;ADAMTS10;ADAMTSL3;SEMA5B;B3GLCT;THSD1;ADAMTS7;ADAMTS9;ADAMTS13;SEMA5A;THBS2;SPON1"
"Metabolism Of Steroid Hormones R-HSA-196071",0.207507820646507,0.815086798862357,0.0916795246008379,0.342247230386242,1.2050533663711,35,"CYP21A2;HSD11B2;CYP11A1;CD163L1;FDXR;LHB;FDX2;SRD5A3;AKR1B15;SRD5A2;CHGA;POMC;STARD3NL;CYP17A1;TSPO;HSD17B11;HSD11B1;CYP19A1;HSD17B2"
"Polymerase Switching On C-strand Of Telomere R-HSA-174411",0.206403044660132,0.815086798862357,0.249246554383295,-0.234464639965686,-1.12972663927568,25,"TERF2IP;POLD2;CTC1;TINF2;TERF2;TERF1;POT1;POLD4;PRIM1;PCNA;CHTF8;CHTF18;POLD1;POLD3;POLA2;ACD;RFC2;RFC5;SLC19A1;POLA1;DSCC1;PRIM2;RFC4;RFC3;STN1"
"SCF-beta-TrCP Mediated Degradation Of Emi1 R-HSA-174113",0.208836770645422,0.815086798862357,0.249246554383295,-0.185846826711501,-1.12674941013612,53,"PSMB7;RPS27A;PSMB6;SKP1;PSMD14;SEM1;PSMC5;PSMA2;PSMD8;UBA52;PSMD4"
"Striated Muscle Contraction R-HSA-390522",0.211018711018711,0.817502117502118,0.0905428948469474,0.346090647202907,1.20947014031618,33,"MYH8;TTR;TNNI3;MYL2;MYL4;DES;TMOD4;TNNI1;MYBPC3;TNNT1;ACTN3;NEB"
"Transferrin Endocytosis And Recycling R-HSA-917977",0.210495196074177,0.817502117502118,0.249246554383295,-0.204144074231629,-1.06050559441912,31,"TF;ATP6AP1;ATP6V0B;ATP6V0E2;ATP6V0D1;ATP6V1G1;ATP6V0A1;ATP6V1E1"
"Insulin Receptor Signaling Cascade R-HSA-74751",0.21239837398374,0.819810698106981,0.0888945288620449,0.316098731319228,1.17665975633216,53,"TRIB3;FGF10;FLT3;FGF20;INS;THEM4;FGF19;FGF23;FGF7;FGF8;FGFR4;KL;PIK3CA;FGF5;SOS1;KLB;FGF13;FGFR1;IRS2;FGF9;FGF18;PDE3B;FGF3;PIK3R4;GRB10;PIK3R2;FGF22"
"NOTCH3 Activation And Transmission Of Signal To Nucleus R-HSA-9013507",0.214600588015788,0.825265496560715,0.249246554383295,-0.229077273396911,-1.11756416115604,24,"PSENEN;YBX1;PSEN1;RPS27A"
"Dual Incision In TC-NER R-HSA-6782135",0.220668331141423,0.844828236928117,0.249246554383295,-0.169334894998479,-1.12001220611879,61,"RBX1;RPS27A;POLR2I;POLR2A;POLR2F;DDB1;UBA52;POLR2E;POLR2L;POLD2;USP7;POLR2G;PRPF19;UVSSA;CDK7;CUL4B;POLE4;POLR2C;CCNH;PPIE;ERCC5;MNAT1;POLR2J;RPA3;HMGN1;POLK;TCEA1;POLD4;PCNA;POLE3;POLD1;XAB2;POLR2H;POLD3;ZNF830;EP300;POLR2K;GTF2H1;CUL4A;POLR2D;ERCC8;RFC2;XPA;RFC5;ERCC1;UBB;SLC19A1;POLR1A;ERCC4;POLR1B;GTF2H3;ERCC3;POLR2B;GTF2H4;RFC4;ERCC2;RFC3;POLE"
"O-glycosylation Of TSR Domain-Containing Proteins R-HSA-5173214",0.221302998965874,0.844828236928117,0.0875697115548511,0.334590186232234,1.1948201906639,38,"ADAMTS17;ADAMTS16;ADAMTS6;ADAMTS19;ADAMTSL2;ADAMTSL1;SPON2;ADAMTS5;ADAMTS2;ADAMTS15;CFP;THSD7A;ADAMTS8;SBSPON;ADAMTS20;THBS1;ADAMTS18;ADAMTSL4;THSD4;THSD7B"
"Biosynthesis Of DHA-derived SPMs R-HSA-9018677",0.222222222222222,0.845252525252525,0.0913924325943768,0.407344951034092,1.20614404267653,16,"CYP1A1;CYP3A4;CYP1A2;CYP2C9;CYP2E1;LTC4S;PTGS2;CYP2C8;EPHX2"
"Activation Of BAD And Translocation To Mitochondria R-HSA-111447",0.225225225225225,0.847430163976927,0.287857117255149,-0.283100216064666,-1.18009460987996,15,"YWHAE;YWHAQ"
"CD28 Dependent PI3K/Akt Signaling R-HSA-389357",0.223880597014925,0.847430163976927,0.0886261133285098,0.368399879792839,1.19309462127494,23,"CD86;TRIB3;AKT1;THEM4;LCK;PIK3R3;PIK3CA;RICTOR;HOXC13;AKT3;CD28;MAP3K8;PIK3R2"
"Resolution Of D-loop Structures Thru Holliday Junction Intermediates R-HSA-5693568",0.224532224532225,0.847430163976927,0.0870515867946735,0.342186950851545,1.19582803755497,33,"RBBP8;XRCC3;RAD51D;PALB2;RAD51B;SPIDR;SLX4;DNA2;RAD51AP1;RAD50;BRCA2;RMI2;EXO1;MRE11;WRN;RMI1;RAD51;SLX1A;GEN1;MUS81;XRCC2;ARTN;BRIP1"
"Caspase Activation Via Death Receptors In Presence Of Ligand R-HSA-140534",0.226711560044893,0.84996520360917,0.0908241419007155,0.417993278456739,1.21536716433472,15,"CASP8;FASLG;RIPK1;TANK"
"Regulation Of Activated PAK-2p34 By Proteasome Mediated Degradation R-HSA-211733",0.228626080019189,0.854081713214541,0.249246554383295,-0.186629391619177,-1.1779036009144,48,"PSMB7;RPS27A;PSMB6;PSMD14;SEM1;PSMC5;PSMA2;PSMD8;UBA52;PSMD4"
"TNFs Bind Their Physiological Receptors R-HSA-5669034",0.234736842105263,0.873789099082225,0.0852884689790502,0.350377401694941,1.18396560692783,29,"TNFSF11;FASLG;EDA2R;TNFRSF9;TNFRSF14;TNFRSF8;TNFSF13B;TNFRSF11B;TNFSF4;TNFSF8;TNFRSF4;TNFSF15;CD70;TNFSF13;TNFRSF25;TNFRSF17;TNFSF9;TNFRSF1B;EDA;TNFSF18;TNFRSF1A;TNFRSF13B;EDARADD;TNFRSF6B"
"Association Of TriC/CCT With Target Proteins During Biosynthesis R-HSA-390471",0.235920466895937,0.875080880755853,0.249246554383295,-0.190217438549587,-1.08191952149177,36,"FBXW4;LONP2;FBXL5;CCT3;CCT4;USP11;STAT3;FBXL3;CCT8"
"Negative Regulation Of PI3K/AKT Network R-HSA-199418",0.237,0.875978798586572,0.0819778796501272,0.27959252536182,1.12894638245188,113,"CD86;TRIB3;FGF10;FLT3;EGFR;EPGN;PIP5K1C;AKT1;CD19;FGF20;INS;BTC;THEM4;FGF19;FGF23;ESR1;ESR2;AREG;FGF7;IL1RL1;FGF8;LCK;IRAK4;TRAF6;EGF;FGFR4;KL;TGFA;PIK3R3;EREG;NRG4;PTEN;PIK3CA;FGF5;SOS1;VAV1;KLB;FGF13;ICOS;FGFR1;PIP5K1B;KIT;IRS2;STRN;MYD88;FGF9;PHLPP2;FGF18;KITLG;FGF3;AKT3;PPP2R5C;CD28;PIK3R2;FGF22"
"Glucagon-type Ligand Receptors R-HSA-420092",0.241164241164241,0.888231676964071,0.083129129135339,0.338688863503555,1.18360340152448,33,"GNG13;GLP2R;CYSLTR2;GIPR;GHRH;GNGT1;ADCYAP1;GNGT2;GNG10;GHRHR;CPAMD8;GNB5;GCG;GNG4;GNB1;GNG11;SCTR;GNG12;GNG3;GNB2;GNG2"
"Endogenous Sterols R-HSA-211976",0.242328042328042,0.889386429035552,0.0838361057159929,0.35472474076234,1.1835273906423,27,"CYP21A2;PTGIS;CYP11A1;CYP39A1;NR1H4;CYP1B1;FDXR;CYP7A1;NCOA1;FDX2;POMC;CYP8B1;CYP19A1;AHR"
"Synthesis Of Bile Acids And Bile Salts Via 27-Hydroxycholesterol R-HSA-193807",0.244668911335578,0.894838046353198,0.0865399737444125,0.410963460391682,1.19492709869763,15,"AKR1C4;AKR1C2;PTGIS;NR1H4;CYP7A1;NCOA1;AKR1C1"
"Activation Of APC/C And APC/C:Cdc20 Mediated Degradation Of Mitotic Proteins R-HSA-176814",0.246998753162606,0.89708574933363,NA,-0.146989803190844,-1.10874348407137,75,"BUB3;PSMB7;UBE2E1;RPS27A;PSMB6;PSMD14;ANAPC11;SEM1;PSMC5;PSMA2;PSMD8;UBA52;PSMD4"
"YAP1- And WWTR1 (TAZ)-stimulated Gene Expression R-HSA-2032785",0.246913580246914,0.89708574933363,0.0860347242455604,0.410388103800657,1.19325417823562,15,"TEAD3;TEAD4;RUNX2;NKX2-5;NPPA;GATA4;HIPK1;TBX5"
"GRB2:SOS Provides Linkage To MAPK Signaling For Integrins R-HSA-354194",0.252252252252252,0.901886114603916,0.271288554688953,-0.278120281675073,-1.15933590537451,15,"RAP1A;GRB2;PTK2"
"RNA Polymerase I Transcription Termination R-HSA-73863",0.252631578947368,0.901886114603916,0.0813027345384498,0.347136013374677,1.17301258235682,29,"POLR1H;POLR1D;TAF1C;GTF2H5;TAF1B;TBP;POLR1E;ERCC2;POLR1F;GTF2H4;ERCC3;GTF2H3;POLR1B;POLR1G;POLR1A;UBTF"
"Synthesis Of Prostaglandins (PG) And Thromboxanes (TX) R-HSA-2162123",0.252252252252252,0.901886114603916,0.271288554688953,-0.274236921763866,-1.14314823811256,15,"PTGDS;CBR1;PRXL2B"
"Transport Of Inorganic Cations/Anions And Amino Acids/Oligopeptides R-HSA-425393",0.250752256770311,0.901886114603916,0.0791316651768349,0.280194151765514,1.12279169070879,104,"SLC1A5;SLC4A10;SLC9A1;SLC8B1;SLC4A9;AHCYL2;SLC25A10;SLC4A7;SLC43A1;SLC17A6;SLC26A4;SLC9A7;SLC17A1;SLC4A8;SLC8A3;SLC15A1;SLC9A3;SLC6A14;SLC1A1;SLC36A2;SLC24A3;SLC9A2;SLC6A19;SLC7A1;SLC26A3;SLC24A5;SLC9A8;SLC34A2;SLC24A1;SLC20A1;SLC17A7;SLC8A2;SLC5A8;SLC7A3;SLC38A5;SLC4A2;SLC25A22;SLC4A3;SLC9A4;SLC17A8;SLC15A3;SLC1A7;SLC43A2;SLC7A6;SLC12A1;SLC15A2;SLC1A4;SLC12A3;SLC7A9;CTNS;SLC3A1;CALM1;SLC1A2;SLC34A1;SLC7A8;SLC6A12;SLC5A12;SLC12A5;SLC12A6"
"p75NTR Signals Via NF-kB R-HSA-193639",0.252252252252252,0.901886114603916,0.271288554688953,-0.273616497320673,-1.14056201775771,15,"SQSTM1;RPS27A;RELA;UBA52;NFKB1;NFKBIA"
"TP53 Regulates Transcription Of Genes Involved In Cytochrome C Release R-HSA-6803204",0.258583690987124,0.919995036641266,0.0810802057550866,0.37385650259131,1.17384165262825,20,"BBC3;TP73;TP53BP2;PPP1R13B;BID;CREBBP;TP53;TP53INP1;TRIAP1;BAX;PRELID3A;PMAIP1"
"Defects Of Contact Activation System (CAS) And Kallikrein/Kinin System (KKS) R-HSA-9651496",0.261503928170595,0.920986898540209,0.0828962134571565,0.406283282721035,1.18131890316598,15,"F9;F8;GP1BA;FAM110A;GP9;KLKB1;TTF2;GP5"
"Diseases Of Glycosylation R-HSA-3781865",0.261,0.920986898540209,0.0768736734126542,0.267979209146278,1.10228854631785,140,"SDC1;B4GALT1;MUC19;ADAMTS17;HEXB;ADAMTS16;CHST6;MUC17;ALG9;ST3GAL3;MUC13;GPC6;ADAMTS6;GPC2;ADAMTS19;ALG13;ACAN;ADAMTSL2;POMT2;MOGAT2;ADAMTSL1;GPC3;MAN1B1;GALT;SPON2;MUC1;ALG8;DPAGT1;GALNT12;MUC15;ADAMTS5;PAPSS2;ADAMTS2;ADAMTS15;FMOD;MUC7;LUM;CFP;SRD5A3;GALNT3;THSD7A;ADAMTS8;SBSPON;NOTCH3;ADAMTS20;EXT1;GPC5;POMGNT1;MUC4;THBS1;ADAMTS18;ADAMTSL4;PRELP;OMD;KERA;THSD4;THSD7B;GALK1;MUC12;MUC6;VCAN;PGM1;ALG2"
"Negative Regulation Of MAPK Pathway R-HSA-5675221",0.260803050103188,0.920986898540209,0.203508959461977,-0.172592419947139,-1.01780866460669,40,"DUSP10;RPS27A;PPP2CB;PEBP1;PPP2CA;PPP2R5A;UBA52;KSR1;DUSP6"
"Acetylcholine Neurotransmitter Release Cycle R-HSA-264642",0.278350515463918,0.924300441826215,0.276500599254472,-0.253969622543853,-1.11407993996573,17,"VAMP2;TSPOAP1;PPFIA2;PPFIA1;SNAP25;SH2D3C;STXBP1;SLC18A3;RAB3A;UNC13B;SYT1;STX1A;PPFIA4;CPLX1;RIMS1"
"Assembly Of HIV Virion R-HSA-175474",0.264705882352941,0.924300441826215,0.276500599254472,-0.270359817035668,-1.12835752047152,16,"RPS27A;UBA52;PPIA;MVB12B;VPS37C;VPS28;NMT2;SGIP1;VPS37D;TSG101;UBAP1;VPS37B;FURIN;MVB12A;UBB"
"Attenuation Phase R-HSA-3371568",0.275637609877721,0.924300441826215,0.203508959461977,-0.220470752238486,-1.06229955195555,25,"HSPA2;HSBP1;HSP90AB1;HSP90AA1;MRPL18;DNAJB6;FKBP4;TNFRSF21;SERPINH1;PTGES3;HSPA1A;HSPA8;HSPA1B;HSF1;EP300;DNAJB1;CRYBA4;HSPA1L;COL4A6;GML;DEDD2;UBB;CREBBP;HSPA6;HSPH1"
"DNA Strand Elongation R-HSA-69190",0.265901981230448,0.924300441826215,0.0780892306943345,0.337202984807055,1.16136222088647,31,"MCM6;LRIG1;GINS4;GINS1;CDC45;MCM4;DNA2;GINS3;RFC3;RFC4;PRIM2;POLR1B;POLR1A;POLA1;SLC19A1;RFC5;MCM7;RFC2"
"Deadenylation Of mRNA R-HSA-429947",0.272894423990477,0.924300441826215,0.203508959461977,-0.221751607104645,-1.06847112590187,25,"EIF4A1;PABPC1;EIF4B;EIF4G1;EIF4E;CNOT3"
"Defective HDR Thru Homologous Recombination (HRR) Due To BRCA1 Loss-Of-Function R-HSA-9701192",0.267932489451477,0.924300441826215,0.0782955249944794,0.352261920055682,1.15829860703186,25,"RBBP8;RAD51D;PALB2;RAD51B;DNA2;RAD51AP1;RAD50;BRCA2;RMI2;EXO1;MRE11;WRN;RMI1;RAD51"
"Formation Of Senescence-Associated Heterochromatin Foci (SAHF) R-HSA-2559584",0.268508287292818,0.924300441826215,0.0806388495950661,0.388666416748756,1.16097943087885,17,"H1-3;EP400;ASF1A;H1-5;LMNB1;TP53;HIRA;H1-1"
"G0 And Early G1 R-HSA-1538133",0.278306878306878,0.924300441826215,0.0764767053228531,0.344795415297454,1.1503985239243,27,"LIN52;TOP2A;CDC25A;LIN54;CDC6;RBL1;E2F5;E2F4;CDK1;CCNE2;RBL2;CCNE1;CCNA1;LIN37;LIN9;CCNA2"
"GAG Synthesis Requires Tetrasaccharide Linker Sequence R-HSA-1971475",0.270626016970853,0.924300441826215,0.203508959461977,-0.222196426508616,-1.11032088677137,26,"XYLT1;AGRN;BCAN;B4GALT7;SDC4;HSPG2;BGN"
"IRS-related Events Triggered By IGF1R R-HSA-2428928",0.2706002034588,0.924300441826215,0.0758886900606117,0.306330606567587,1.1379119297905,51,"TRIB3;FGF10;FLT3;FGF20;THEM4;FGF19;FGF23;FGF7;FGF8;IGF2;FGFR4;KL;PIK3CA;FGF5;SOS1;KLB;FGF13;FGFR1;IRS2;FGF9;FGF18;PDE3B;FGF3;PIK3R4;PIK3R2;FGF22"
"Kinesins R-HSA-983189",0.276970954356846,0.924300441826215,0.0756946307932749,0.319930607538243,1.15364001987724,42,"KIF4A;KIF15;KIF4B;KIF26A;KIF2B;KIF20A;KIF16B;KIF3C;KIF22;KIF23;KIF26B;KIF27;KIF20B;KIFC2;KIF19;KIF11;KIF9;KIF25;KIFC1;KIF18A"
"Mitochondrial tRNA Aminoacylation R-HSA-379726",0.267167381974249,0.924300441826215,0.0793434960134973,0.367519867589813,1.16238034198282,21,"WARS2;MARS2;VARS2;PPA2;SARS2;FARS2;EARS2;LARS2;YARS2"
"Removal Of Flap Intermediate From C-strand R-HSA-174437",0.278350515463918,0.924300441826215,0.276500599254472,-0.253577511779409,-1.11235988095813,17,"TERF2IP;FEN1;POLD2;TINF2;TERF2;TERF1;RPA3;POT1;POLD4;PCNA;POLD1;POLD3;ACD;POLR1A;POLR1B;WRN"
"Resolution Of D-loop Structures Thru Synthesis-Dependent Strand Annealing (SDSA) R-HSA-5693554",0.274074074074074,0.924300441826215,0.077274697304471,0.3464536269771,1.1559310924678,27,"RBBP8;XRCC3;RAD51D;PALB2;RAD51B;DNA2;RAD51AP1;RAD50;BRCA2;RMI2;EXO1;MRE11;WRN;RMI1;RAD51"
"Signaling By Hippo R-HSA-2028269",0.274678111587983,0.924300441826215,0.0778840111977068,0.369456549220301,1.16002659658211,20,"CASP3;MOB1B;SAV1;LATS1;WWC1"
"Synthesis Of Leukotrienes (LT) And Eoxins (EX) R-HSA-2142691",0.275751072961373,0.924300441826215,0.0776798560117236,0.369220321063097,1.15928488298739,20,"DPEP3;GGT5;CYP4F22;CYP4F8;CYP4F2;LTC4S;PTGR1;DPEP2;DPEP1"
"XBP1(S) Activates Chaperone Genes R-HSA-381038",0.266802058003254,0.924300441826215,0.203508959461977,-0.169074544752768,-1.07524160696345,46,"ADD1;HDGF;MYDGF;LMNA;WIPI1;ATP6V0D1;CTDSP2;GSK3A;PDIA6;KLHDC3;SSR1;ZBTB17;YIF1A;TLN1;WFS1"
"ZBP1(DAI) Mediated Induction Of Type I IFNs R-HSA-1606322",0.274678111587983,0.924300441826215,0.0778840111977068,0.365271919869648,1.15527060324445,21,"RIPK1;TLR3;NLRP4;ZBP1;IRF3"
"APC:Cdc20 Mediated Degradation Of Cell Cycle Proteins Before Cycle Checkpoint Satisfied R-HSA-179419",0.280832210332598,0.929590164581955,0.203508959461977,-0.157742865923562,-1.09525109056291,72,"BUB3;PSMB7;UBE2E1;RPS27A;PSMB6;PSMD14;ANAPC11;SEM1;PSMC5;PSMA2;PSMD8;UBA52;PSMD4"
"Termination Of O-glycan Biosynthesis R-HSA-977068",0.28586609989373,0.943267951068901,0.0753093764172773,0.349159214784243,1.13906011166042,24,"ST6GALNAC4;MUC19;MUC17;ST3GAL3;MUC13;ST6GALNAC2;MUC1;MUC15;MUC7;ST3GAL1;MUC4;MUC12;MUC6"
"Bile Acid And Bile Salt Metabolism R-HSA-194068",0.289094650205761,0.950921396588762,0.0730744399126987,0.31044195800306,1.1311681732956,45,"AKR1C4;AKR1C2;PTGIS;OSBPL7;SLC51A;CYP39A1;SLCO1B1;SYCP2;NR1H4;BAAT;OSBPL3;SLC10A2;SLC10A1;CYP7A1;NCOA1;SLC51B;AKR1C1"
"HDR Thru Homologous Recombination (HRR) R-HSA-5685942",0.290615539858729,0.95292744417627,0.0718276293603809,0.294166385458031,1.12594710782116,65,"RBBP8;XRCC3;RHNO1;RAD51D;RAD17;PALB2;RAD51B;SERPINA2;SPIDR;SLX4;POLE2;DNA2;POLE;RFC3;RFC4;RAD51AP1;RAD9A;RAD50;BRCA2;RMI2;CHEK1;EXO1;MRE11;WRN;POLR1B;RMI1;RAD51;POLR1A;SLC19A1;UBB;RFC5;SLX1A;RFC2;RAD9B;HUS1;GEN1;MUS81;XRCC2;ARTN;RRAD;BRIP1"
"Regulation Of RUNX3 Expression And Activity R-HSA-8941858",0.295677363440627,0.964983354057198,0.203508959461977,-0.177713368341281,-1.07743799824293,53,"PSMB7;RPS27A;PSMB6;PSMD14;SEM1;PSMC5;PSMA2;PSMD8;UBA52;CBFB;PSMD4"
"SHC-mediated cascade:FGFR1 R-HSA-5654688",0.296137339055794,0.964983354057198,0.0739901439101341,0.362903080134512,1.13944989153943,20,"FGF10;FGF20;FGF23;FGF8;KL;FGF5;SOS1;FGF13;FGFR1;FGF9;FGF3;FGF22"
"Canonical Retinoid Cycle In Rods (Twilight Vision) R-HSA-2453902",0.297441364605544,0.966222569495027,0.0734381410838857,0.352624837006624,1.14200579163363,23,"TTR;RBP3;ABCA4;DHRS9;RDH8;RLBP1;HSD17B6;RBP4;NAPEPLD;RDH12;RPE65;RDH10;STRA6;RDH5"
"Cytosolic Sulfonation Of Small Molecules R-HSA-156584",0.304721030042918,0.980732915153516,0.0725351864394589,0.357977057961224,1.13219864216807,21,"SULT1E1;ABHD14B;BPNT2;SULT2A1;PAPSS2;SULT1B1;SULT4A1"
"Lysosome Vesicle Biogenesis R-HSA-432720",0.304688133411599,0.980732915153516,0.203508959461977,-0.187506597733356,-1.01727322531639,34,"APP;DNAJC6;DNM2"
"Resolution Of D-Loop Structures R-HSA-5693537",0.303850156087409,0.980732915153516,0.0711327399327894,0.319758913137136,1.12361616208573,34,"RBBP8;XRCC3;RAD51D;PALB2;RAD51B;SPIDR;SLX4;DNA2;RAD51AP1;RAD50;BRCA2;RMI2;EXO1;MRE11;WRN;RMI1;RAD51;SLX1A;GEN1;MUS81;XRCC2;ARTN;BRIP1"
"Elevation Of Cytosolic Ca2+ Levels R-HSA-139853",0.308641975308642,0.983087413663916,0.0741758965588009,0.391920210887942,1.13955649504934,15,"ORAI2;TRPC7;ITPR1;P2RX4;ORAI1;TRPC6;P2RX6;TRPC3"
"Metabolism Of Vitamins And Cofactors R-HSA-196854",0.31,0.983087413663916,0.0681513438679483,0.25730567982409,1.07612508479313,183,"CTRB2;AKR1C4;SDC1;MTHFR;ENPP3;TTR;FOLR2;BCO1;SLC52A1;PTGIS;NAPRT;SLC25A16;CD38;AMN;MOCS2;RNLS;GPC6;APOA1;AKT1;GPC2;NMNAT3;TCN1;PANK1;GCH1;CUBN;APOA4;MTR;SLC52A2;SLC19A2;GPC3;PLB1;NUDT12;FLAD1;SLC22A13;SHMT1;SP8;MOCS1;RIMBP2;PPCDC;COQ2;PANK4;VNN1;LRP8;COQ5;ENPP1;PRSS58;MTRR;RBP4;HLCS;PTS;AKR1C1;VNN2;PTGS2;COQ6;SLC5A8;MMUT;SLC25A19;GPC5;NADK;GPIHBP1;COQ7;COQ3;BCO2;APOM;AOX1;NADSYN1;GSTO2;PRKG2;SLC23A1;UBIAD1;PPCS;CD320;PARP4;SLC19A1;CTRB1;CYP8B1;MMACHC;PDSS2;LRP12;CALM1;QPRT;APOC2;PDSS1;NFS1;SLC19A3;TCN2;MMAB;NMRK1;LPL"
"Regulation Of RAS By GAPs R-HSA-5658442",0.307899123261168,0.983087413663916,0.203508959461977,-0.167260499638468,-1.14781730301166,64,"PSMB7;RASA3;RBX1;RPS27A;PSMB6;PSMD14;SEM1;PSMC5;PSMA2;NF1;PSMD8;UBA52;PSMD4"
"Role Of GTSE1 In G2/M Progression After G2 Checkpoint R-HSA-8852276",0.310151860907354,0.983087413663916,0.203508959461977,-0.166692373319008,-1.05768862019934,58,"PSMB7;MAPRE1;RPS27A;PSMB6;PSMD14;HSP90AB1;SEM1;PSMC5;PSMA2;PSMD8;UBA52;PSMD4"
"SMAD2/SMAD3:SMAD4 Heterotrimer Regulates Transcription R-HSA-2173796",0.307912593417016,0.983087413663916,0.203508959461977,-0.193229976932568,-1.0979574581118,35,"YBX1;RPS27A;SMAD7;SMAD4;UBA52;MEN1;CDK9;MYC;DAND5;WWTR1;SMAD2;HDAC1;TFDP1;COL1A2;TFDP2;SMAD3;MAPK3;FURIN;MAPK1;EP300;CCNT2;TGIF1;SERPINE1;RNF111;CCNK;RNASEH2A;UBB;TGIF2;CDKN2B;CCNT1;CDK8;E2F4;CCNC;E2F5;RBL1"
"Synthesis Of Bile Acids And Bile Salts R-HSA-192105",0.312174817898023,0.986510149611275,0.0697792517076235,0.31840606056371,1.11886230862311,34,"AKR1C4;AKR1C2;PTGIS;OSBPL7;CYP39A1;SYCP2;NR1H4;BAAT;OSBPL3"
"Extracellular Matrix Organization R-HSA-1474244",0.316683316683317,0.993604342439082,0.0670512579829467,0.246640209672285,1.05371209617761,290,"CTRB2;LAMA4;SDC1;CASP3;MMP24;COL23A1;TTR;TNNI3;COL3A1;CAPN10;VTN;COL9A1;TLL1;LOXL3;P3H2;ERC2;ADAMTS16;MMP10;ITGAL;OPTC;ASPN;ELANE;ADAM17;COL6A5;CEACAM1;LAMA2;ITGA1;LAMB3;COL2A1;ACTN1;CTSK;P3H3;ACAN;COL8A2;PXDN;HAPLN1;COL14A1;PCOLCE2;FBLN2;COL22A1;COL12A1;P4HA3;CAPN6;MMP9;MATN3;COL17A1;ITGA11;MMP19;MMP3;FBLN1;MUSK;CAPN7;COL6A6;PLG;LOXL2;LAMB1;MMP1;MFAP5;LAMC3;CTSV;ICAM1;NTN4;COMP;CAPN9;TLL2;CD151;COL7A1;ITGB7;LMNB2;FBN2;IBSP;COL24A1;LOXL1;CAPNS2;ADAMTS5;MATN1;LAMA5;MMP13;FGG;TNN;F11R;ADAMTS2;ICAM4;MMP17;FGF13;COL5A1;KLKB1;COL26A1;PRSS2;P3H1;PRSS58;KDR;FMOD;FBN1;LUM;ITGB3;NID2;ADAMTS8;COL18A1;ICAM3;SCUBE1;DSPP;ADAM19;MFAP2;FGA;CTSG;EFEMP2;COL19A1;MMP7;CTSS;CAPN13;COL15A1;COL4A2;ITGB2;THBS1;ADAMTS18;CEACAM8;SCUBE3;MMP16;COL13A1;LAMC2;TMPRSS6;NID1;PLOD2;MMP15;COL4A4;VCAN;MMP2;COL10A1;CTRB1;TGFB2;ITGA8;COL6A3;ITGA5;ITGAE;COL4A3;COL4A1;ITGB6"
"IGF1R Signaling Cascade R-HSA-2428924",0.320121951219512,0.993604342439082,0.0673623868166279,0.297111982819211,1.10510593220724,52,"TRIB3;FGF10;FLT3;FGF20;THEM4;FGF19;FGF23;FGF7;FGF8;IGF2;FGFR4;KL;PIK3CA;FGF5;SOS1;KLB;FGF13;FGFR1;IRS2;FGF9;FGF18;PDE3B;FGF3;PIK3R4;PIK3R2;FGF22"
"Intraflagellar Transport R-HSA-5620924",0.321981424148607,0.993604342439082,0.0678338263479455,0.312021459613182,1.12354757066542,41,"HSPB11;TTC21B;WDR35;IFT20;DYNLRB2;KIF17;IFT57;KIF3C;IFT88;TTC30A;DYNLT5;DYNLT2B;TTC26;IFT172;IFT74;TRAF3IP1;KIF3B;IFT81;DYNC2LI1;WDR19;IFT122;CLUAP1;DYNC2H1;DYNC2I2;IFT80;IFT140;KIFAP3;IFT46;IFT52;DYNLT2;TRIP11"
"Metabolism Of Cofactors R-HSA-8978934",0.320218579234973,0.993604342439082,0.0709609456938284,0.363707807998272,1.11932465620484,19,"AKT1;GCH1;COQ2;COQ5;PTS;COQ6;COQ7;COQ3;PRKG2;PDSS2;CALM1;PDSS1"
"PD-1 Signaling R-HSA-389948",0.322295805739514,0.993604342439082,0.0711327399327894,0.365985588669444,1.10710260190107,18,"CD247;HLA-DQA2;PDCD1LG2;LCK;CD3E;CD3D"
"SLC Transporter Disorders R-HSA-5619102",0.32296890672016,0.993604342439082,0.0662842187012672,0.27303621175912,1.08742323512767,98,"NDC1;HEPH;SLC5A2;SLC2A10;SLC40A1;NUP107;NUP155;TAC4;SLC5A7;SLC26A4;SLC2A2;SLCO1B1;RHAG;SLC9A7;SLC6A14;SLCO2A1;NUP160;SLC1A1;SLC36A2;SLC22A5;SLC6A19;AVPR1A;SLC26A3;SLC22A12;SLC24A5;SLC2A9;NUP205;SLC29A3;SLC34A2;AVPR2;SLC24A1;NUP153;SLC35C1;NUP37;SLC17A8;NUP214;SLC35A3;SLC12A1;NLRP3;SLC6A5;SLC12A3;SLC7A9;SLC3A1;SLC22A18;NUP88;NUP85;SLC34A1"
"Sensory Processing Of Sound By Outer Hair Cells Of Cochlea R-HSA-9662361",0.319105691056911,0.993604342439082,0.0675188953767744,0.297289561555212,1.10664367933314,53,"ESPNL;MYO3B;CLIC5;TMC1;OTOGL;CHRNA9;CHRNA10;MYO3A;KCNMB1;TMC2;USH1G;TRIOBP;GRXCR2;SLC26A5;PJVK;MYO1E;EZR;KIF20B;USH1C;STRC;ESPN;OTOG;PLS1;EPS8L2;EPS8;RIPOR2;GRXCR1;CIB2;TMIE"
"Signaling By PDGFR In Disease R-HSA-9671555",0.32183908045977,0.993604342439082,0.271288554688953,-0.243072305300959,-1.10494653773139,19,"GRB2;KANK1;PIK3R1;STAT3;STAT1;GOLGA4;HRAS;PIK3CB;WDR48;ETV6;PDGFRA;NRAS;FIP1L1;PIK3R2;BIN2;STRN;KDR;SOS1;PIK3CA"
"Signaling To ERKs R-HSA-187687",0.319785615737729,0.993604342439082,0.203508959461977,-0.202756836440347,-1.07003757980202,33,"RALGDS;RAP1A;CRKL;GRB2"
"ABC Transporter Disorders R-HSA-5619084",0.995967741935484,1,0.00523322083191526,0.115817882907674,0.449675842127907,76,"PSMA6;PSMD9;PSMD5;APOA1;ABCA1;DERL3;ERLIN1;ABCC2;ABCC8;PSMB11;ABCA12;ABCG5;SEL1L;ABCD1;ABCG8;DERL1;PSMD13;ABCB4;PSME4;CFTR;UBB;PSMA4;DERL2;ABCC6;PSMB9;PSMA8;PSMA7;ABCB6;PSMF1;PSMB3;ABCD4;PSMB4;PSMC3"
"ABC-family Proteins Mediated Transport R-HSA-382556",0.981945837512538,1,0.00683906706351732,0.150259325267239,0.60108937558874,101,"ABCC10;PSMA6;ABCC11;ABCA6;ABCD2;PSMD9;PSMD5;APOA1;ABCA4;ABCA7;ABCG4;DERL3;ABCA9;ERLIN1;EIF2S1;ABCB1;ABCA5;ABCC2;EIF2S3;ABCB7;PSMB11;ABCA12;ABCG5;SEL1L;ABCD1;ABCG8;DERL1;PSMD13;ABCB4;PSME4;CFTR;UBB;PSMA4;DERL2;ABCA10;ABCC6;ABCB8;PSMB9;PSMA8;PSMA7;ABCB6;PSMF1;PSMB3;PSMB4;ABCC1;PSMC3"
"ADP Signaling Thru P2Y Purinoceptor 1 R-HSA-418592",0.421940928270042,1,0.0559428593065705,0.317226824177834,1.04309710371261,25,"GNG13;GNA14;PLA2G4A;GNGT1;GNGT2;GNG10;GNB5;GNG4;GNB1;GNG11;GNG12;GNG3;GNB2;GNG2;MAPK14;P2RY1"
"ADP Signaling Thru P2Y Purinoceptor 12 R-HSA-392170",0.450704225352113,1,0.252961123069611,-0.201603084163908,-0.949110903548499,22,"GNAI1;GNAI2;GNG7"
"APC-Cdc20 Mediated Degradation Of Nek2A R-HSA-179409",0.5,1,0.276500599254472,-0.198999720462895,-0.958845160823604,25,"BUB3;UBE2E1;RPS27A;ANAPC11;UBA52"
"APC/C:Cdc20 Mediated Degradation Of Cyclin B R-HSA-174048",0.96875,1,0.178219874951973,-0.140150829281496,-0.661295799512539,23,"UBE2E1;RPS27A;ANAPC11;UBA52"
"APC/C:Cdc20 Mediated Degradation Of Securin R-HSA-174154",0.490602508758566,1,0.203508959461977,-0.159256601907858,-1.02561363362447,66,"PSMB7;UBE2E1;RPS27A;PSMB6;PSMD14;ANAPC11;SEM1;PSMC5;PSMA2;PSMD8;UBA52;PSMD4"
"APC/C:Cdh1 Mediated Degradation Of Cdc20 And APC/C:Cdh1 Targets In Late Mitosis/Early G1 R-HSA-174178",0.41483646910602,1,NA,-0.14315661864278,-0.993974857574733,72,"PSMB7;UBE2E1;RPS27A;PSMB6;PSMD14;ANAPC11;SEM1;PSMC5;PSMA2;PSMD8;UBA52;PSMD4"
"ATF4 Activates Genes In Response To Endoplasmic Reticulum Stress R-HSA-380994",0.953439153439153,1,0.0151993170205216,0.174168701405568,0.581108124184088,27,"CXCL8;EXOSC8;EXOSC1"
"AURKA Activation By TPX2 R-HSA-8854518",0.960685483870968,1,0.0102389179310485,0.161334259447772,0.622332270569747,71,"HAUS7;HAUS2;AKAP9;HAUS8;NEDD1;CEP63;CEP135;HMMR;SFI1;HAUS6;NINL;CEP152;TUBG1;CEP131;CEP70;CEP192;CEP290;CDK1"
"Aberrant Regulation Of Mitotic Cell Cycle Due To RB1 Defects R-HSA-9687139",0.389361958558647,1,0.203508959461977,-0.169811068354176,-0.965852086005572,36,"CDKN1B;UBE2E1;CDKN1C;ANAPC11;CCND1"
"Aberrant Regulation Of Mitotic Exit In Cancer Due To RB1 Defects R-HSA-9687136",1,1,0.166933848713193,-0.106360759790357,-0.476049951350384,20,"UBE2E1;ANAPC11"
"Aberrant Regulation Of Mitotic G1/S Transition In Cancer Due To RB1 Defects R-HSA-9659787",0.329896907216495,1,0.252961123069611,-0.244358363978505,-1.0719185575995,17,"CDKN1B;CDKN1C;CCND1"
"Activated PKN1 Stimulates Transcription Of Androgen Receptor Regulated KLK2 And KLK3 R-HSA-5625886",0.85966735966736,1,0.0209275853209046,0.203931886187196,0.712673194133337,33,"H2BC3;H2BC14;H2BC1;AREG;H2BC11;H2BC9;H2BC13;KLKB1;H2AC14;H2AC20"
"Activated TAK1 Mediates P38 MAPK Activation R-HSA-450302",0.780327868852459,1,0.0289274314524646,0.25408750292451,0.781963984832227,19,"NOD2;TAB3;TRAF6;MAPK11;IRAK2;RIPK2;MAPK14;IRAK1;MAP2K6;MAP2K3;MAPKAPK3;IKBKG"
"Activation Of BH3-only Proteins R-HSA-114452",0.872117400419287,1,0.020562605901185,0.204393599915605,0.697260817297047,30,"BBC3;TP73;AKT1;TP53BP2;PPP1R13B;BID;TP53;BMF;AKT3;PMAIP1;BCL2L11;REXO2;BCL2;MAPK8;BAD;TP63;PPP3R1"
"Activation Of G Protein Gated Potassium Channels R-HSA-1296041",0.556842105263158,1,0.0431036828790402,0.282087712761263,0.953206880439899,29,"GNG13;KCNJ15;UBD;KCNJ6;GNGT1;GABBR2;GNGT2;GNG10;GNB5;GNG4;GNB1;GNG11;GNG12;KCNJ5;GNG3;GNB2;GNG2"
"Activation Of GABAB Receptors R-HSA-991365",0.839211618257261,1,0.0222267787552589,0.205878773496074,0.742379712200313,42,"GNG13;KCNJ15;ADCY7;GNAL;UBD;KCNJ6;GNGT1;GABBR2;GNGT2;GNG10;GNAT3;GNB5;GNG4;ADCY1;GNB1;GNG11;GNG12;KCNJ5;GNG3;ADCY9;ADCY2;GNB2;GNG2"
"Activation Of HOX Genes During Differentiation R-HSA-5619507",0.976907630522088,1,0.00773927265828568,0.152169678167512,0.600467938947481,88,"PAGR1;HOXA3;H2BC3;H2BC14;HDAC3;HOXD3;H2BC1;HOXB4;HOXA2;SUZ12;EED;MAFB;HOXC4;HOXB2;H2BC11;H2BC9;KDM6A;EZH2;H2BC13;CREBBP;H2AC14;H2AC20;PKNOX1;NCOA3;PCGF2;KMT2C;POLR2B;H3C7;RARG;KMT2D;H2BC15;H2AC4;H3C13;HOXD1;CNOT6;EGR2;NCOA6;RBBP7;POLR2D;POLR2K;EP300;PAX6"
"Activation Of IRF3/IRF7 Mediated By TBK1/IKK Epsilon R-HSA-936964",0.857463524130191,1,0.025411808387565,0.240926368422809,0.700523219618702,15,"IRF3;TANK;IRF7;SARM1;TLR4;UBB;TRAF3"
"Activation Of Kainate Receptors Upon Glutamate Binding R-HSA-451326",0.812631578947368,1,0.0248493879589072,0.224964089001237,0.760179574604003,29,"GNG13;GNGT1;GNGT2;GNG10;GNB5;GRIK4;GNG4;PLCB2;GNB1;MPP3;GNG11;NCALD;CALM1;GNG12;GNG3;GNB2;GNG2;GRIK5;GRIK3;PLCB1;GRIK1"
"Activation Of NMDA Receptors And Postsynaptic Events R-HSA-442755",0.846774193548387,1,0.019974159565129,0.201038568179854,0.777616950301961,74,"CAMK2A;PRKAG3;KIF17;GRIN2D;GRIN3B;RPS6KA3;PPM1E;PRKAA2;CREB1;GRIA1;PRKAB2;NBEA;LIN7A;NRGN;PRKACG;GRIA4;RPS6KA6;NEFL;PRKAR1B;CAMKK1;CAMK1;ADCY1;MPP3;CALM1;PPM1F;PRKAG2;ERBB4;CAMKK2;PRKAA1;CAMK2B;PRKCA;KPNA2;APBA1;RPS6KA2;PRKAG1;GRIA3;PDPK1;MAPK1;PRKAR2A;CASK;ACTN2;LIN7C;GRIN3A;GPRIN1;GRIN2A;CAMK2G;NRG1;MAPK3"
"Adherens Junctions Interactions R-HSA-418990",0.813684210526316,1,0.0247790185105207,0.224187300633814,0.757554717217533,29,"CDH12;CDH15;CADM3;CDH4;CDH9;NECTIN4;CDH8;CDH18;PVR;NECTIN3;CDH24;CADM1;CDH2;CDH17;NECTIN2;CDH5;CDH11;CDH13;ANG;CDH6;AFDN"
"Adrenaline,noradrenaline Inhibits Insulin Secretion R-HSA-400042",0.80379746835443,1,0.0255522951965404,0.229848519031983,0.77088075456702,28,"GNG13;ADRA2C;CACNA1D;GNGT1;CACNB2;CACNB3;GNGT2;GNG10;GNB5;GNG4;GNB1;GNG11;GNG12;CACNA2D2;GNG3;CACNA1C;GNB2;GNG2"
"Amino Acid Transport Across Plasma Membrane R-HSA-352230",0.869022869022869,1,0.0202691096367175,0.199839304528989,0.698371000900404,33,"SLC1A5;SLC43A1;SLC6A14;SLC36A2;SLC6A19;SLC7A1;SLC7A3;SLC38A5;SLC43A2;SLC7A6;SLC1A4;SLC7A9;SLC3A1;SLC7A8;SLC6A12"
"Amino Acids Regulate mTORC1 R-HSA-9639288",0.982723577235772,1,0.00855469372683394,0.146706624591254,0.547281111278189,54,"RRAGD;FLCN;ATP6V1B1;ATP6V0D2;DEPDC5;MIOS;NPRL2;ATP6V1G3;SESN1;ATP6V1E2;ATP6V1C1;ATP6V1D;ATP6V1A;ITFG2;ATP6V1C2;RRAGB"
"Anchoring Of Basal Body To Plasma Membrane R-HSA-5620912",0.747991967871486,1,0.0267456741432593,0.219257088451805,0.87055844680456,96,"B9D1;HAUS7;KIF24;TCTN1;IQCB1;TMEM67;HAUS2;AKAP9;HAUS8;NEDD1;CEP63;CEP135;MKS1;SFI1;FBF1;HAUS6;C2CD3;AHI1;NINL;CEP89;CEP152;TUBG1;CEP131;CEP70;CEP192;RAB3IP;CEP290;CDK1"
"Antigen Activates B Cell Receptor Leading To Second Messenger Generation R-HSA-983695",0.659019812304484,1,0.0348652196832942,0.256607836060402,0.883784129474718,31,"CD79A;DAPP1;ORAI2;CD19;ITPR1;ORAI1;SOS1;VAV1;BLK"
"Antigen Processing: Ubiquitination And Proteasome Degradation R-HSA-983168",0.99000999000999,1,0.00458288223817775,0.174429083611039,0.746469232794155,303,"ASB14;ASB9;UBE2Q1;KLHL13;PSMA6;TRAIP;FBXL18;RNF182;TRIM39;ASB6;ASB11;PSMD9;PSMD5;FBXO9;SPSB4;ASB5;HERC6;UBE2J2;UBE2C;FBXL22;FBXL13;LONRF1;LMO7;FBXL16;CBLL2;TRIM32;GLMN;ASB15;HACE1;FBXL12;ASB2;SH3RF1;UBE2D1;KLHL3;RNF114;HERC3;NEDD4L;TRIM21;SMURF1;FBXO27;TRIM63;MYLIP;GAN;FBXO6;UBE2U;ASB13;KBTBD8;ZNRF1;CUL7;KBTBD7;UBE2A;UBR1;ASB16;BTRC;KBTBD13;RBCK1;UBE3D;UBE2J1;HECTD2;FBXO40;PSMB11;ASB17;NEDD4;FBXO31;PRKN;CDC23;TRIM71;UBE2E2;KLHL11;TRAF7;SPSB2;FBXO17;UBE2Q2;TRIM4;FBXW8;RNF34;RNF41;FBXO22;FBXO41;LRR1;UBE2D3;LRSAM1;UBE2M;RNF14;PSMD13;MIB2;ASB10;UBE2W;ASB4;UBOX5;CBLB;TRIM37;PSME4;TRIM36;SIAH2;UBB;PSMA4;RNF19B;FBXO44;UBR2;UBE3B;UBE2D4;UBE2O;DZIP3;LNX1;ANAPC1;SPSB1;RNF144B;FBXO10;PSMB9;THOP1;UBE2R2;CUL2;LRRC41;RNF217;UBE2L6;ASB18;UNKL;FBXO2;PJA1;RNF126;RNF111;ANAPC13;PSMA8;SMURF2;ATG7;UBE3A;UBE2G2;PSMA7;AREL1;SIAH1;FBXL14;KLHL42;BLMH;CUL3;KLHL25;PSMF1;PSMB3;FBXW10;DET1;PSMB4;PSMC3;SOCS1;ITCH;KLHL9;KLHL5;ASB7;UBA6;ASB1;TRIM69;ANAPC4;PSMD12;KCTD6;FBXL15;RBBP6;KLHL22;HERC4;TRIM11;PSMB10;UBR4;FBXW12;PSMB8;WWP1;UBE2K;FBXW9;MKRN1;PSMC1;ZNRF2;KLHL21;RNF25"
"Apoptotic Cleavage Of Cellular Proteins R-HSA-111465",0.897621509824199,1,0.0178589946943486,0.192730117604666,0.688238464063167,38,"CASP3;CASP8;OCLN;LMNB1;DSG3;DSG2;GAS2;CASP7;PKP1;DSPP"
"Apoptotic Execution Phase R-HSA-75153",0.930894308943089,1,0.0138978052489646,0.177596138027292,0.660567587374892,52,"CASP3;CASP8;H1-3;OCLN;H1-5;LMNB1;DSG3;DFFB;DSG2;GAS2;CASP7;H1-1;PKP1;DSPP;KPNA1;BMX"
"Apoptotic Factor-Mediated Response R-HSA-111471",0.771459227467811,1,0.0285743975105342,0.253013575290393,0.794416764982495,20,"CASP3;GSDME;BAK1;APAF1;CASP7;CDKN2A;CASP9;UACA;BAX;GSDMD"
"Aquaporin-mediated Transport R-HSA-445717",0.69746192893401,1,0.0308468245215279,0.235258521296626,0.871317362048411,49,"MINDY4;GNG13;ADCY7;MYO5B;GNGT1;GNGT2;GNG10;AQP3;PRKACG;AVPR2;PRKAR1B;GNB5;GNG4;AQP5;ADCY1;NLRP3;GNB1;GNG11;GNG12;GNG3;ADCY9;ADCY2;GNB2;GNG2;AQP6;PRKCA"
"Arachidonic Acid Metabolism R-HSA-2142753",0.631205673758865,1,0.0355420211253902,0.241851059333226,0.911763378818052,58,"GPX2;CYP1A1;PTGES;DPEP3;CYP1A2;PTGIS;CYP2C9;GGT5;FAAH2;PLA2G4A;ALOX12B;CYP2C19;CYP4F22;CYP4F8;CYP4F2;CYP1B1;LTC4S;PON1;PTGR1;DPEP2;PTGS2;DPEP1"
"Asparagine N-linked Glycosylation R-HSA-446203",1,1,0,0.140599477457389,0.600372867535879,279,"CHST8;GMPPB;ST6GALNAC4;CFAP73;ST8SIA1;B4GALT1;UGGT2;FOLR2;F5;F8;FUCA1;ST8SIA4;ALG9;GFUS;GNPNAT1;ST3GAL3;TMED7;SPTA1;NEU2;ST6GALNAC2;ALG13;INS;ANK1;NANP;FUT3;MOGAT1;B4GALT6;MOGAT2;TRAPPC5;AREG;PMM1;NPL;GRIA1;MAN1B1;COPZ2;COG3;SEC22A;SEC24D;CTSC;GOLGA2;GMDS;PPP6R3;ALG8;KDELR3;COL7A1;ARCN1;SEC23A;TGFA;MGAT4C;DPAGT1;CAPZA3;SPTBN4;COG4;TMED9;CAPZA1;LHB;SPTBN2;ALG10B;NEU4;MOGAT3;MGAT4A;SRD5A3;ENGASE;COPG1;TRAPPC1;EDEM1;ASGR1;SEL1L;CHST10;ST8SIA5;ST3GAL1;SLC35C1;GOSR2;FCSK;CNIH3;MAN1A1;ST6GALNAC5;DERL1;CHGA;FUOM;TRAPPC6B;SPTBN5;CAPZA2;LMAN1;SEC24C;NGLY1;TMEM115;DOLPP1;ST6GALNAC6;ARF4;UBB;ALG2;DERL2;ASGR2;COG7;GLB1;AMDHD2;COG5;COG8;BET1;ST6GAL1;TRAPPC6A;CNIH2;TRAPPC2;LMAN1L;SEC13;ACTR1A;SCFD1;SLPI;GORASP1"
"Assembly And Cell Surface Presentation Of NMDA Receptors R-HSA-9609736",0.858649789029536,1,0.0218679438176212,0.214302360322485,0.704663522545772,25,"CAMK2A;KIF17;GRIN2D;GRIN3B;NBEA;LIN7A;NEFL;MPP3;CAMK2B;APBA1;CASK;ACTN2;LIN7C;GRIN3A;GPRIN1;GRIN2A;CAMK2G"
"Assembly Of Active LPL And LIPC Lipase Complexes R-HSA-8963889",0.99016393442623,1,0.0147735037814303,0.157524782181542,0.484788527443256,19,"APOA4;LIPC;MBTPS2;GPIHBP1;CREB3L3;ANGPTL3;APOC2;PCSK5;LPL;ANGPTL4;FURIN;ANGPTL8"
"Assembly Of ORC Complex At Origin Of Replication R-HSA-68616",0.603753910323253,1,0.0389556479965885,0.263959885149257,0.929403425199575,35,"SLC25A2;H2BC3;H2BC14;H2BC1;ORC4;ORC5;ORC6;H2BC11;H2BC9;KPNA6;H2BC13;H2AC14;H2AC20;KPNA1;ORC3;H3C7;H2BC15;H2AC4;H3C13"
"Assembly Of Pre-Replicative Complex R-HSA-68867",0.995987963891675,1,0.00409492237559551,0.128661605623151,0.516357375520693,106,"PSMA6;MCM6;SLC25A2;H2BC3;PSMD9;PSMD5;H2BC14;H2BC1;UBE2C;GMNN;ORC4;ORC5;ORC6;CDC6;UBE2D1"
"Asymmetric Localization Of PCP Proteins R-HSA-4608870",0.997979797979798,1,0.00523322083191526,0.120288708947772,0.457387468172702,61,"PSMA6;FZD7;PSMD9;PSMD5;WNT5A;SMURF1;FZD8;PARD6A;SCRIB;PSMB11;PRICKLE1;FZD9;PSMD13;PSME4;UBB;PSMA4;FZD4;PSMB9;PSMA8;SMURF2;PSMA7;PSMF1;PSMB3;PSMB4;PSMC3"
"Autodegradation Of E3 Ubiquitin Ligase COP1 R-HSA-349425",0.418025749280944,1,0.203508959461977,-0.171244550359217,-1.07160582113775,50,"PSMB7;RPS27A;PSMB6;PSMD14;SEM1;PSMC5;PSMA2;PSMD8;UBA52;PSMD4"
"B-WICH Complex Positively Regulates rRNA Expression R-HSA-5250924",0.915650406504065,1,0.0151993170205216,0.184693023504697,0.688987313494535,54,"H2BC3;H2BC14;H2BC1;POLR1H;POLR1D;TAF1C;TAF1B;TBP;H2BC11;H2BC9;MYO1E;POLR1E;H2BC13;H2AC14;H2AC20;POLR1F;DDX56;POLR1B;POLR1G;POLR1A;H3C7;H2BC15;MYBBP1A;H2AC4;H3C13"
"BBSome-mediated Cargo-Targeting To Cilium R-HSA-5620922",0.674840085287846,1,0.0347904098478036,0.268573598404829,0.869798643401962,23,"BBS12;BBS9;MKKS;BBS4;RAB3IP;LZTFL1;TTC8;SMOX;BBS10;ARL6"
"BMAL1:CLOCK,NPAS2 Activates Circadian Gene Expression R-HSA-1368108",0.998945147679325,1,0.0108943796561199,0.125477065849899,0.412590468380486,25,"NPAS2;TBL1XR1;NCOA1;CREBBP;PPARA;NLRP3;F7;SERPINE1;HELZ2;NCOA6;LIN9;CLOCK;KLF15;CHD9;CARM1;SMARCD3;NCOA2;BHLHE40;NOCT"
"Base Excision Repair R-HSA-73884",0.82744702320888,1,0.0214353576364558,0.206014864782164,0.791577213530356,69,"H2BC3;OGG1;LRIG1;NEIL3;H2BC14;H2BC1;PARG;SMUG1;NEIL1;POLE2;H2BC11;H2BC9;H2BC13;POLE;RFC3;RFC4;LRIG3;H2AC14;H2AC20;MUTYH;POLR1B;POLR1A;SLC19A1;RFC5;PNKP;H2BC15;RFC2;ACD;H2AC4;POLG2"
"Base-Excision Repair, AP Site Formation R-HSA-73929",0.510835913312694,1,0.0461379160269737,0.27303236788924,0.983153062726151,41,"H2BC3;OGG1;NEIL3;H2BC14;H2BC1;SMUG1;NEIL1"
"Beta-catenin Independent WNT Signaling R-HSA-3858494",0.999,1,0.00204130030921835,0.121411627723291,0.499211032724822,141,"PSMA6;CAMK2A;FZD7;GNG13;PSMD9;PSMD5;AXIN2;AGO4;WNT5A;ITPR1;TCF7;GNGT1;SMURF1;FZD8;PARD6A;SCRIB;FZD6;TNRC6C;GNGT2;GNG10;WNT4;NFATC1;PSMB11;PRICKLE1;GNAT2;WNT1;GNB5;ARRB2;NCOA3;FZD9;PRKCG;GNG4;PPP3CA;PRKG1;PSMD13;PLCB2;PDE6G;PRKG2;PRKCB;PSME4;UBB;PSMA4;GNB1;GNG11;CALM1;FZD4;GNG12;PSMB9;GNG3;PSMA8;SMURF2;PSMA7;GNB2;GNG2;PRKCA;PSMF1;PSMB3;LEF1;PSMB4;PDE6A;PSMC3;PPP3R1;AGO3;RORA;RAC2"
"Binding And Uptake Of Ligands By Scavenger Receptors R-HSA-2173782",0.517634854771784,1,0.04577044581081,0.271399067608781,0.97134705095789,39,"JCHAIN;SCARF1;COLEC11;COL3A1;MARCO;APOA1;MASP1;STAB2;SSC5D;SCGB3A2"
"Biosynthesis Of N-glycan Precursor (Dolichol LLO) And Transfer To Protein R-HSA-446193",0.619576185671039,1,0.0362254755857254,0.241280795363054,0.934032109692552,75,"GMPPB;ST6GALNAC4;ST8SIA1;ST8SIA4;ALG9;GFUS;GNPNAT1;ST3GAL3;NEU2;ST6GALNAC2;ALG13;NANP;PMM1;NPL;GMDS;ALG8;DPAGT1;ALG10B;NEU4;SRD5A3;ST8SIA5;ST3GAL1;SLC35C1;FCSK;ST6GALNAC5;FUOM;DOLPP1;ST6GALNAC6;ALG2;GLB1;AMDHD2;ST6GAL1;SLPI;ALG14;GMPPA;GFPT1;GFPT2;NANS;ALG12;ALG6;DPM3;GNE;ST8SIA3;DHDDS;NEU3;ST8SIA6;SLC35A1;EGFL7;ST3GAL6;RENBP;NUDT14;ST6GAL2"
"Branched-chain Amino Acid Catabolism R-HSA-70895",0.944206008583691,1,0.0169176756264572,0.192469275381552,0.6087358041522,21,"BCAT2;BCAT1;SOAT1;HIBADH;SLC25A44;LDHD;PPM1K;MCCC1;HSD17B10;BCKDHB;ACADSB;AUH;BCKDK"
"Budding And Maturation Of HIV Virion R-HSA-162588",0.509090909090909,1,0.271288554688953,-0.189436997319035,-0.946621231293386,26,"RPS27A;CHMP4B;UBA52;PPIA;MVB12B;CHMP6;VPS37C;CHMP2B;CHMP7;VTA1;VPS28;SGIP1;VPS37D;TSG101;VPS4A;UBAP1;PDCD6IP;VPS37B;CHMP2A;MVB12A;UBB;VPS4B;CHMP5;CHMP4C;VPS37A;NEDD4L"
"C-type Lectin Receptors (CLRs) R-HSA-5621481",1,1,0,0.104100230615798,0.428129059292614,138,"PSMA6;CCL17;CASP8;MUC19;PSMD9;PSMD5;MUC17;TAB3;RNASE3;MUC13"
"CD209 (DC-SIGN) Signaling R-HSA-5621575",0.9,1,0.176694268938498,-0.159077505545682,-0.71199979132556,20,"FYN;PRKACB;RELA;NFKB1;PKN1;PKN2;CD209;LYN;HRAS;ARHGEF7;NRAS;RELB;RPS6KA5;EP300;PRKCA;ICAM2;ICAM3;PRKACG;CREBBP"
"CD28 Co-Stimulation R-HSA-389356",0.879292403746098,1,0.0196032645039178,0.197246244501491,0.693113027118457,34,"CD86;TRIB3;AKT1;THEM4;LCK;PIK3R3;PIK3CA;VAV1;RICTOR;HOXC13;AKT3;CD28;MAP3K8;PIK3R2"
"CDC42 GTPase Cycle R-HSA-9013148",0.995004995004995,1,0.00323243877654383,0.142066338440945,0.585044819984985,146,"DOCK8;SHKBP1;ECT2;VAV3;ARHGEF6;GMIP;ARHGEF4;CDC42EP5;ARHGAP30;IQGAP3;ARHGEF16;VAV2;FMNL3;ARHGEF11;PLEKHG1;PARD6A;SCRIB;SYDE1;STARD13;CDC42BPA;FGD1;DIAPH3;ARHGAP44;VANGL1;WDR91;ARAP2;WAS;WIPF2;BAIAP2;ARHGEF19;STARD8;ARHGAP11B;DEF6;ARHGAP20;ARHGAP32;TAGAP;PLEKHG4B;FGD4;DEPDC1B;TMPO;KCTD3;TIAM1;CDC42EP3;ARHGAP42;IQGAP2;SRGAP1;PIK3R2;ARHGDIG;ABR;CPNE8;ARHGAP40;FMNL1;ITSN1;ARHGAP31;DOCK6;ARHGEF9;ARHGAP4;ARHGAP10"
"COPI-dependent Golgi-to-ER Retrograde Traffic R-HSA-6811434",0.72452068617558,1,0.0286449572929609,0.224145627150974,0.871818832544469,78,"KIF4A;KIF15;KIF4B;TMED7;KIF26A;KIF2B;KIF20A;KIF16B;KIF3C;KIF22;KIF23;COPZ2;KIF26B;KDELR3;ARCN1;KIF27;TMED9;BNIP1;KIF20B;KIFC2;KIF19;KIF11;COPG1;KIF9;KIF25;KIFC1;KIF18A;RINT1;ARF4"
"COPII-mediated Vesicle Transport R-HSA-204005",0.644803229061554,1,0.0343431191135615,0.236520658389863,0.905184408337921,66,"FOLR2;F5;F8;TRAPPC5;AREG;GRIA1;SEC22A;SEC24D;CTSC;GOLGA2;PPP6R3;COL7A1;SEC23A;TGFA;TRAPPC1;GOSR2;CNIH3;TRAPPC6B;LMAN1;SEC24C;BET1;TRAPPC6A;CNIH2;TRAPPC2;LMAN1L;SEC13;SCFD1;GORASP1;SEC24B;LMAN2L;TRAPPC2L;TRAPPC3;NSF;SEC16B;LMAN2"
"CREB1 Phosphorylation Thru NMDA Receptor-Mediated Activation Of RAS Signaling R-HSA-442742",0.902645502645503,1,0.0190041999938594,0.195654785164139,0.652795733543539,27,"CAMK2A;GRIN2D;RPS6KA3;CREB1;RPS6KA6;NEFL;MPP3;CALM1;CAMK2B;RPS6KA2;PDPK1;MAPK1;ACTN2;GPRIN1;CAMK2G;MAPK3;NRAS;GRIN2B"
"CRMPs In Sema3A Signaling R-HSA-399956",0.754901960784314,1,0.158514105424824,-0.201093783230939,-0.839272955266002,16,"DPYSL2;FYN"
"CTLA4 Inhibitory Signaling R-HSA-389513",0.777896995708155,1,0.0281514818960232,0.248606371074785,0.786284454563261,21,"CD86;CTLA4;AKT1"
"Ca-dependent Events R-HSA-111996",0.613138686131387,1,0.0382416816260774,0.26210820905902,0.922883668988691,35,"CAMK2A;ADCY7;PLA2G4A;CREB1;NBEA;PDE1A;PDE1B;PRKACG;PRKAR1B;PRKCG;CAMKK1;ADCY1;CALM1;ADCY9;CAMKK2;ADCY2;CAMK2B;PRKCA;KPNA2;MAPK1;PRKAR2A"
"Ca2+ Pathway R-HSA-4086398",0.528282828282828,1,0.0436251240000606,0.257391097376437,0.978707506207567,61,"CAMK2A;GNG13;AXIN2;AGO4;WNT5A;ITPR1;TCF7;GNGT1;FZD6;TNRC6C;GNGT2;GNG10;NFATC1;GNAT2;GNB5;FZD9;GNG4;PPP3CA;PRKG1;PLCB2;PDE6G;PRKG2;GNB1;GNG11;CALM1;FZD4;GNG12;GNG3;GNB2;GNG2;PRKCA;LEF1;PDE6A;PPP3R1;AGO3"
"CaM Pathway R-HSA-111997",0.581081081081081,1,0.0405756447890657,0.26932014022555,0.941183098766593,33,"CAMK2A;ADCY7;CREB1;NBEA;PDE1A;PDE1B;PRKACG;PRKAR1B;PRKCG;CAMKK1;ADCY1;CALM1;ADCY9;CAMKK2;ADCY2;CAMK2B;PRKCA;KPNA2"
"Carboxyterminal Post-Translational Modifications Of Tubulin R-HSA-8955332",0.775826446280992,1,0.0263245268606861,0.22467370522352,0.799965831513278,37,"TTLL10;VASH2;TTLL2;TTL;TTLL1;AGBL3;TPGS2;TUBB8;AGBL1;TUBA3C;LRRC49;TTLL3;AGBL2;TUBB3;TPGS1;TTLL8;AGBL4;TUBB6"
"Cardiac Conduction R-HSA-5576891",0.766233766233766,1,0.0252009996957834,0.21560317989485,0.87840649630483,125,"CAMK2A;PLN;TNNI3;ORAI2;SCN11A;AKAP9;FGF12;KCNK10;CACNB1;SLC8A3;ITPR1;SCN5A;KCNE5;KCNK2;KCNK3;KCNK7;FXYD3;KCNE4;ORAI1;CORIN;CACNB2;KCNK18;SLN;KCND1;KCNJ14;NKX2-5;SCN4B;KCNK12;NPPA;NPRL2;FGF13;KCND3;SCN1A;KCNA5;NPPC;SCN1B;GATA4;KCNIP2;SLC8A2;SCN9A;KCNK16;NANOS1;DMPK;HIPK1;FKBP1B;FXYD7;SCN2B;SCN10A;SCN4A;CALM1;TBX5;CACNG8;MMP12;RYR1;CACNA2D2;SCN3B;CACNA1C;FGF14;KCNK9;CAMK2B;CLIC2;PRKCA;RANGRF;SLC8A1;KCNIP4;KCNJ4;ATP1A3;ATP2B3;KCNE3;KCNK17;SCN7A"
"Cargo Trafficking To Periciliary Membrane R-HSA-5620920",0.917766497461929,1,0.014944717875289,0.181397392739637,0.674382843994138,50,"INPP5E;BBS12;BBS9;CNGA4;EXOC1;MKKS;BBS4;RAB3IP;LZTFL1;UNC119B;TTC8;SMOX;BBS10;ARL6;ARF4;ARL3;PRKD2;EXOC6;PDE6D;BBS5;CNGB1;CNGA2;PTGES2;SSTR3;PKD1;BBS7"
"Cell Cycle Checkpoints R-HSA-69620",0.997002997002997,1,0.00250132493941571,0.161875636089912,0.689407848030042,264,"SGO2;RBBP8;PSMA6;CENPF;MCM6;CENPH;CCNB1;CENPQ;SLC25A2;H2BC3;RHNO1;MAD1L1;PSMD9;PSMD5;ABRAXAS1;RAD17;SPC25;H2BC14;CDC7;H2BC1;NUP107;KIF2B;UBE2C;BRCC3;BUB1B;MAD2L1;ORC4;MIS12;GTSE1;AURKB;SKA1;CDC25A;ORC5;BUB1;WEE1;CDC45;ORC6;SERPINA2;CDC6;NUP160;UBE2D1;SGO1;CLIP1;SPDL1;CENPO;CHEK2;CENPU;SKA2;SPC24;ZWILCH;H2BC11;H2BC9;CENPP;CDCA8;MCM4;CDKN2A;DNA2;H2BC13;KNL1;RFC3;CDK1;RFC4;DBF4;KNTC1;PIAS4;TP53;ITGB3BP;ZWINT;PSMB11;DSN1;CCNE2;CDC23;RAD9A;ERCC6L;RAD50;RMI2;NUP37;ORC3;CHEK1;EXO1;MRE11;WRN;PSMD13;PPP2R5C;POLR1B;RMI1;KIF18A;POLR1A;PSME4;MDC1;UBB;PSMA4;ANAPC16;CCNB2;RFC5;PPP2R5E;MCM10;H2BC15;NUP85;ANAPC1;REXO2;MCM7;RFC2;NDEL1;RNF168;PSMB9;CCNE1;SEC13;RAD9B;NDC80;PSMA8;CCNA1;NUF2;PSMA7;CDC25C;HUS1;BABAM1;PSMF1;ARTN;PSMB3;RRAD;BRIP1;PSMB4;NUP43;CENPE;CENPA;MDM2;PSMC3;SLC25A15"
"Cell Junction Organization R-HSA-446728",0.712562814070352,1,0.0292811015816512,0.224451579018529,0.880884760355016,83,"LAMA4;CLDN18;CDH12;CLDN9;ARHGEF6;PATJ;LAMB3;ACTN1;PXDN;CDH15;CLDN12;CLDN6;COL17A1;CLDN14;CLDN16;CADM3;CDH4;CDH9;PARD6A;NECTIN4;CDH8;CD151;FBLIM1;CDH18;F11R;CLDN23;CLDN20;PARD3;PVR;TESK1;CLDN15;CLDN8;NECTIN3;LAMC2;CDH24;CADM1;CLDN17;SDK1;PRKCI;CDH2;CDH17;PARD6G;PARVB;NECTIN2;CLDN7;PARD6B;CDH5;CRB3;PARVA"
"Cell Recruitment (Pro-Inflammatory Response) R-HSA-9664424",0.611111111111111,1,0.248911114434702,-0.183289948157003,-0.883150385383188,25,"P2RX7;SUGT1;HSP90AB1;C3;RELA;NFKB2;NFKB1"
"Cell-Cell Communication R-HSA-1500931",0.959,1,0.00954760674075313,0.170679540218083,0.691097199810081,117,"LAMA4;CLDN18;CDH12;CLDN9;ARHGEF6;PATJ;LAMB3;ACTN1;PXDN;CDH15;CLDN12;CLDN6;COL17A1;CLDN14;CLDN16;SIRPB1;CADM3;CDH4;CDH9;PARD6A;NECTIN4;CDH8;CD151;ACTN3;FBLIM1;CDH18;PIK3CA;F11R;CLDN23;CLDN20;PARD3;PVR;TESK1;CLDN15;CLDN8;PTK2B;NECTIN3;LAMC2;NCK1;NPHS1;PIK3R2;CDH24;SIRPG;CADM1;CLDN17;SDK1;FYB1;KIRREL1;PRKCI;CDH2;CDH17;PARD6G;TYROBP;PARVB;NECTIN2;CLDN7;PARD6B;SKAP2;CDH5;CRB3;PARVA"
"Cell-cell Junction Organization R-HSA-421270",0.546558704453441,1,0.0421619430092452,0.255977329764979,0.967124980409604,59,"CLDN18;CDH12;CLDN9;PATJ;CDH15;CLDN12;CLDN6;CLDN14;CLDN16;CADM3;CDH4;CDH9;PARD6A;NECTIN4;CDH8;CDH18;F11R;CLDN23;CLDN20;PARD3;PVR;CLDN15;CLDN8;NECTIN3;CDH24;CADM1;CLDN17;SDK1;PRKCI;CDH2;CDH17;PARD6G;NECTIN2;CLDN7;PARD6B;CDH5;CRB3"
"Cell-extracellular Matrix Interactions R-HSA-446353",0.821548821548822,1,0.0276588991389961,0.252826658845532,0.735124786130068,15,"ARHGEF6;ACTN1;PXDN"
"Cellular Response To Hypoxia R-HSA-1234174",0.45563656586017,1,NA,-0.139292039787761,-0.96714204849177,72,"PSMB7;RBX1;RPS27A;PSMB6;HIGD1A;PSMD14;SEM1;PSMC5;PSMA2;PSMD8;UBA52;PSMD4"
"Cellular Senescence R-HSA-2559583",1,1,0.0014426950408889,0.108498082668023,0.449423083439146,160,"ETS1;CXCL8;RNF2;H2BC3;H1-3;H2BC14;H2BC1;UBE2C;AGO4;EP400;E2F2;ASF1A;SUZ12;RPS6KA3;H1-5;IL1A;EED;LMNB1;ETS2;UBE2D1;MAPK7;TNRC6C;H2BC11;H2BC9;EZH2;CDKN2A;H2BC13;TP53;H2AC14;HIRA;H2AC20;H1-1;VENTX;CDKN2B;CCNE2;CDC23;IFNB1"
"Centrosome Maturation R-HSA-380287",0.892821031344793,1,0.0166782153543946,0.191738035533126,0.745544426082148,79,"HAUS7;HAUS2;AKAP9;HAUS8;NEDD1;CEP63;CEP135;SFI1;NME7;TUBGCP2;HAUS6;TUBGCP5;NINL;TUBGCP6;CEP152;TUBG1;CEP131;MZT2A;CEP70;CEP192;CEP290;CDK1"
"Chondroitin Sulfate Biosynthesis R-HSA-2022870",0.919527896995708,1,0.0187018035626708,0.202241572438199,0.635001878997704,20,"CHST9;CHPF2;CHST13;VCAN;CHST7;CHPF;CHST3;CSPG5;CHST12;CHSY3;CHST15"
"Chondroitin Sulfate/Dermatan Sulfate Metabolism R-HSA-1793185",0.760406091370558,1,0.0264649017470855,0.223739694996133,0.831799231218515,50,"SDC1;ARSB;HEXB;GPC6;DSE;SPAM1;GPC2;CHST9;DSEL;GPC3"
"Chromatin Modifying Enzymes R-HSA-3247509",1,1,0,0.118055424496634,0.500969617059222,234,"H2BC3;DPEP3;TADA2A;UTY;KDM3A;GDNF;H2BC14;PHF21A;HDAC3;H2BC1;PBRM1;SMYD2;KDM4D;EP400;JAK2;SUZ12;H2AC11;EED;ENY2;DOT1L;CHD3;SETDB2;TBL1XR1;SMARCD2;VPS72;JADE1;KDM3B;REST;PHF8;PADI3;H2BC11;H2BC9;KDM6A;BRPF3;EZH2;ING3;ELP3;NCOA1;SETD6;H2BC13;PRMT6;JADE3;CREBBP;BRMS1L;SUV39H2;KDM1B;SUPT3H;HMG20B;PADI6;MSL3;ASH1L;H2AC14;JADE2;H2AC20;TADA3;ZZZ3;KMT2B;TAF5L;MRGBP"
"Chromosome Maintenance R-HSA-73886",0.999000999000999,1,0.0014426950408889,0.110896227760328,0.44849824392352,114,"CENPH;CENPQ;H2BC3;LRIG1;H2BC14;H2BC1;PIF1;OIP5;CENPO;CENPU;PPP6R3;H2BC11;H2BC9;CENPP;STN1;DNA2;MIS18BP1;H2BC13;KNL1;RFC3;RFC4;ITGB3BP;PRIM2;H2AC14;H2AC20;CENPW;DKC1;SHQ1;WRN;POLR2B;DSCC1;POLR1B;POLR1A;POLA1;MIS18A;SLC19A1;RFC5;TERT;H2BC15;RFC2;GAR1;ACD;H2AC4"
"Cilium Assembly R-HSA-5617833",0.823176823176823,1,0.0211456362513594,0.20602644634204,0.863252455348342,185,"B9D1;HAUS7;KIF24;HSPB11;TTC21B;TCTN1;IQCB1;WDR35;IFT20;DYNLRB2;INPP5E;KIF17;BBS12;TMEM67;HAUS2;AKAP9;HAUS8;IFT57;NEDD1;CEP63;CEP135;MKS1;KIF3C;SFI1;BBS9;CNGA4;FBF1;HAUS6;EXOC1;C2CD3;AHI1;MKKS;IFT88;NINL;TTC30A;BBS4;CEP89;CEP152;TUBG1;CEP131;CEP70;CEP192;DYNLT5;RAB3IP;CEP290;LZTFL1;CDK1;UNC119B;TTC8;RPGRIP1L;SMOX;CEP164;CC2D2A;DYNLT2B;CEP78;BBS10;TTC26;TMEM216;CEP162;ARL6;IFT172;HAUS3;ARF4;IFT74;TRAF3IP1;ARL3;PRKD2;CEP97;NPHP1;KIF3B;TCTN3;ODF2;IFT81;CEP83;CENPJ;CEP76;EXOC6;DYNC2LI1;WDR19;ACTR1A;PDE6D;IFT122;CLUAP1;DCTN3;PRKCA;DYNC2H1;SCLT1;BBS5;CEP41;PLK4;CNGB1;CETN2;CNGA2;TCTN2;DYNC2I2;IFT80;CEP43;PTGES2;OFD1;SSTR3;IFT140;PKD1;KIFAP3;NEK2;IFT46;YWHAG;BBS7;IFT52"
"Circadian Clock R-HSA-400253",0.988900100908174,1,0.00667841440698826,0.137371211912231,0.525800113121806,65,"CREM;GDNF;PPP1CA;HDAC3;NPAS2;ELOVL3;CRY1;CREB1;TBL1XR1;PER2;NCOA1;CREBBP;BTRC;HIF1A;RNASE12;RBM4;PPARGC1A;CRTC1;PPARA;MEF2C;UBB;NLRP3;NRIP1;NFIL3;F7;SERPINE1;HELZ2;NCOA6;EP300;LIN9;CLOCK;RORA;NR3C1;CRTC2"
"Citric Acid Cycle (TCA Cycle) R-HSA-71403",0.586206896551724,1,0.197822021315103,-0.201747333440532,-0.917093443885542,19,"IDH2;MDH2;DLST;SDHA;SDHB;SUCLG1;ACO2;SUCLG2;IDH3A;SUCLA2;OGDH;IDH3G;IDH3B;LDHD;LDLR;CS;SDHD;FAHD1;NNT"
"Class I MHC Mediated Antigen Processing And Presentation R-HSA-983169",1,1,0,0.13454631998082,0.580000872336883,374,"ASB14;ASB9;UBE2Q1;KLHL13;PSMA6;TRAIP;CYBB;FBXL18;RNF182;TRIM39;ASB6;ASB11;PSMD9;PSMD5;FBXO9;SPSB4;ASB5;HERC6;UBE2J2;UBE2C;FBXL22;FBXL13;LONRF1;LMO7;FBXL16;CBLL2;TRIM32;GLMN;HLA-G;ASB15;HACE1;FBXL12;ASB2;SH3RF1;UBE2D1;KLHL3;S100A9;RNF114;HERC3;TIRAP;NEDD4L;TRIM21;SMURF1;FBXO27;TRIM63;MYLIP;SEC24D;GAN;CTSV;FBXO6;UBE2U;SEC23A;ASB13;KBTBD8;ZNRF1;CUL7;KBTBD7;UBE2A;FGG;CD207;UBR1;ASB16;BTRC;TLR6;KBTBD13;RBCK1;UBE3D;UBE2J1;HECTD2;FBXO40;PSMB11;ASB17;NEDD4;FBXO31;PRKN;CD36;CDC23;TRIM71;UBE2E2;KLHL11;MYD88;IKBKB;FGA;TLR4;TRAF7;SPSB2;CTSS;FBXO17;UBE2Q2;TRIM4;FBXW8;RNF34;RNF41;FBXO22;FBXO41;LRR1;PIK3R4;UBE2D3;LRSAM1;UBE2M;RNF14;PSMD13;MIB2;ASB10;SEC24C;UBE2W;ASB4;UBOX5;CBLB;TRIM37;ERAP1;PSME4;BECN1;TRIM36;SIAH2;UBB;PSMA4;MRC2;RNF19B;FBXO44;UBR2;UBE3B;UBE2D4;UBE2O;DZIP3;LNX1;SEC14L2;ANAPC1;SEC14L3;SPSB1;RNF144B;FBXO10;PSMB9;THOP1;UBE2R2;CUL2;LRRC41;RNF217;UBE2L6;ASB18;UNKL;SEC13;FBXO2;PJA1;RNF126;RNF111;ANAPC13;PSMA8;SMURF2;ATG7;UBE3A;UBE2G2;PSMA7;AREL1;SIAH1;FBXL14;KLHL42;BLMH;SEC24B;CUL3;KLHL25;S100A8;PSMF1;PSMB3;ERAP2;FBXW10;HLA-F;DET1;PSMB4"
"Class I Peroxisomal Membrane Protein Import R-HSA-9603798",0.84656652360515,1,0.0236501012290726,0.231730265885526,0.727591031279747,20,"PEX13;ABCD2;PEX14;GDAP1;ACBD5;ABCD1"
"Cleavage Of Damaged Purine R-HSA-110331",0.712799167533819,1,0.0309900819310557,0.241232008276271,0.847676709469452,34,"H2BC3;OGG1;NEIL3;H2BC14;H2BC1;H2BC11;H2BC9;H2BC13;H2AC14;H2AC20;MUTYH"
"Cleavage Of Damaged Pyrimidine R-HSA-110329",0.41804979253112,1,0.0555947097758869,0.294655876679352,1.05458400937646,39,"H2BC3;OGG1;NEIL3;H2BC14;H2BC1;SMUG1;NEIL1;H2BC11;H2BC9;H2BC13;H2AC14;H2AC20"
"Cobalamin (Cbl, Vitamin B12) Transport And Metabolism R-HSA-196741",0.446351931330472,1,0.0541200569620232,0.323680569672848,1.02372678172991,21,"CTRB2;AMN;TCN1;CUBN;MTR;PRSS58;MTRR;MMUT;CD320;CTRB1;MMACHC;TCN2;MMAB;MMADHC;ABCD4;ABCC1"
"Condensation Of Prophase Chromosomes R-HSA-2299718",0.578238341968912,1,0.0406579344155557,0.261429782577793,0.938009576660344,40,"CCNB1;H2BC3;SMC4;H2BC14;RAB33B;H2BC1;MCPH1;PHF8;H2BC11;H2BC9;H2BC13;CDK1;H2AC14;H2AC20;SET;NCAPG2;H3C7;H2BC15;RB1;H2AC4;H3C13"
"Constitutive Signaling By AKT1 E17K In Cancer R-HSA-5674400",0.727272727272727,1,0.224966093540314,-0.167582187575787,-0.837412221429305,26,"CDKN1B;RPS6KB2;FOXO4;PRR5"
"Constitutive Signaling By Ligand-Responsive EGFR Cancer Variants R-HSA-1236382",0.85414364640884,1,0.0247790185105207,0.238293563099984,0.711803009851374,17,"EGFR;EGF;CBL;PIK3CA;SOS1"
"Constitutive Signaling By NOTCH1 HD+PEST Domain Mutants R-HSA-2894862",0.380156610137949,1,0.203508959461977,-0.165975865002866,-1.01576799496423,56,"PSENEN;RBX1;PSEN1;NCOR2;RPS27A;SKP1;RBPJ;UBA52;HDAC2;HDAC7"
"Conversion From APC/C:Cdc20 To APC/C:Cdh1 In Late Anaphase R-HSA-176407",1,1,0.166933848713193,-0.104420174994585,-0.467364273479716,20,"UBE2E1;ANAPC11"
"Cooperation Of PDCL (PhLP1) And TRiC/CCT In G-protein Beta Folding R-HSA-6814122",0.755165289256198,1,0.0277292221875017,0.228876863410934,0.814931458803894,37,"RGS9BP;GNG13;GNA14;RGS11;RGS6;CCT6B;GNGT1;GNGT2;GNG10;GNB5;GNG4;GNB1;GNG11;GNG12;GNG3;GNB2;GNG2;CCT6A"
"Costimulation By CD28 Family R-HSA-388841",0.866801210898083,1,0.0185498307405843,0.194089596574894,0.74289460225515,65,"BTLA;CD86;TRIB3;CTLA4;CD247;TNFRSF14;AKT1;HLA-DQA2;PDCD1LG2;THEM4;LCK;PIK3R3;CD3E;PIK3CA;VAV1;CD3D;ICOS;RICTOR;HOXC13;AKT3;PPP2R5C;CD28;MAP3K8;PIK3R2"
"Cross-presentation Of Soluble Exogenous Antigens (Endosomes) R-HSA-1236978",0.906564001558193,1,NA,-0.133696133873115,-0.843817558162655,48,"PSMB7;PSMB6;PSMD14;SEM1;PSMC5;PSMA2;PSMD8;PSMD4"
"Cyclin A/B1/B2 Associated Events During G2/M Transition R-HSA-69273",0.522151898734177,1,0.0461379160269737,0.29676890882026,0.975827911352257,25,"CCNB1;FOXM1;CDC25A;WEE1;CDC25B"
"Cytosolic Sensors Of Pathogen-Associated DNA R-HSA-1834949",0.709090909090909,1,0.029777461260706,0.228751694863067,0.870781403871025,62,"POLR3G;RIPK1;TLR3;CGAS;NLRP4;ZBP1;IRF3;TRIM32;POLR1D;POLR3C;STING1;TRIM21;IRF7;AIM2;POLR3D;POLR3F;CREBBP;DDX41;POLR3GL;MYD88;CRCP;IKBKB"
"Cytosolic tRNA Aminoacylation R-HSA-379716",0.993603411513859,1,0.0124136372369971,0.145073793302316,0.469833927671955,23,"WARS1;MARS1;NARS1;AIMP1;RARS1;TARS1;KARS1;GARS1;QARS1;AIMP2;EEF1E1;CARS1;YARS1;IARS1;FARSA;LARS1;VARS1"
"DAG And IP3 Signaling R-HSA-1489509",0.561203319502075,1,0.042077210988939,0.263605327171425,0.943452972851956,39,"CAMK2A;ADCY7;ITPR1;CREB1;NBEA;PDE1A;PDE1B;PRKCE;PRKACG;PRKAR1B;PRKCG;CAMKK1;ADCY1;CALM1;ADCY9;CAMKK2;ADCY2;CAMK2B;PRKCA;KPNA2"
"DAP12 Signaling R-HSA-2424491",0.518518518518518,1,0.271288554688953,-0.193449131344655,-0.979877954650662,28,"RNASE1;B2M;GRB2;FYN"
"DARPP-32 Events R-HSA-180024",0.442622950819672,1,0.276500599254472,-0.201398085906341,-0.982529954180027,24,"PDE4C;PPP2CB;PRKACB;PPP2CA;PDE4D;PRKAR1A"
"DDX58/IFIH1-mediated Induction Of Interferon-Alpha/Beta R-HSA-168928",0.94758064516129,1,0.011622042518008,0.169594144191216,0.655989954509932,74,"AGER;CASP8;DHX58;NLRX1;RIPK1;IRF3;IFNA6;TANK;TKFC;UBE2D1;RNF135;SIKE1;TAX1BP1;IRF7;IFNA8;S100A12;TRAF6;NLRC5;CREBBP;IFNB1;ISG15;TRIM25;IKBKB;HOXC13;TRIM4;UBE2D3;NKIRAS2;RNF125;UBB;NFKBIB;RNF216;TRAF3;IFIH1"
"DNA Damage Bypass R-HSA-73893",0.940451745379877,1,0.0138978052489646,0.176685659968564,0.647685307148638,47,"REV1;PCLAF;SPRTN;POLE2;USP1;DTL;POLE;RFC3;RFC4;ISG15;TRIM25;POLR1B;POLR1A;SLC19A1;UBB;USP43;REV3L;RFC5;RFC2;UBE2L6;USP32"
"DNA Damage/Telomere Stress Induced Senescence R-HSA-2559586",0.941236068895643,1,0.0127010968624207,0.173280684297911,0.653257350350013,58,"H2BC3;H1-3;H2BC14;H2BC1;EP400;ASF1A;H1-5;LMNB1;H2BC11;H2BC9;H2BC13;TP53;H2AC14;HIRA;H2AC20;H1-1;CCNE2;RAD50"
"DNA Double Strand Break Response R-HSA-5693606",0.822874493927126,1,0.0219398252709772,0.20828285283098,0.783303699952181,57,"H2BC3;ABRAXAS1;H2BC14;H2BC1;BRCC3;CHEK2;CNKSR3;EYA4;UBE2I;H2BC11;H2BC9;H2BC13;SUMO1;PIAS4;TP53;PPP5C;EYA3;RAD50;MRE11;MDC1;UBB;H2BC15;EYA1;RNF168;MAPK8;BABAM1;KPNA2;ARTN;EYA2"
"DNA Double-Strand Break Repair R-HSA-5693532",0.547,1,0.0415717899246479,0.236809614501896,0.974092928601461,144,"RBBP8;XRCC3;H2BC3;RHNO1;RAD51D;ABRAXAS1;RAD17;PALB2;H2BC14;H2BC1;LRIF1;BRCC3;TIMELESS;RAD51B;SERPINA2;LIG4;SPIDR;CHEK2;CNKSR3;EYA4;SLX4;POLE2;UBE2I;H2BC11;H2BC9;DNA2;H2BC13;POLE;SUMO1;RFC3;RFC4;PIAS4;TP53;PPP5C;LRIG3;RAD51AP1;RAD52;RAD9A;EYA3;RAD50;BRCA2;RMI2;CHEK1;EXO1;MRE11;WRN;POLR1B;RMI1;ERCC4;RAD51;POLR1A;MDC1;SLC19A1;UBB;ERCC1;NHEJ1;RFC5;H2BC15;SLX1A;PPP4C;EYA1;RFC2;POLL;RNF168;POLM;XRCC4;RAD9B;MAPK8;CCNA1;HUS1;GEN1;BABAM1;MUS81;XRCC2;KPNA2;ARTN;RRAD;BRIP1;EYA2;TDP2"
"DNA Methylation R-HSA-5334118",0.716371220020855,1,0.0308468245215279,0.241815676341292,0.832838389854641,31,"H2BC3;DNMT3B;H2BC14;H2BC1;DNMT1;H2BC11;H2BC9;H2BC13;H2AC14;H2AC20;UHRF1;H3C7;DNMT3L;H2BC15;H2AC4;H3C13"
"DNA Repair R-HSA-73894",0.996003996003996,1,0.00288973010331959,0.16424939324337,0.702723145273184,300,"RBBP8;REV1;INO80C;XRCC3;H2BC3;RHNO1;RAD51D;ABRAXAS1;RAD17;OGG1;LRIG1;PALB2;NEIL3;H2BC14;H2BC1;PARG;LRIF1;SMUG1;DCLRE1B;BRCC3;NEIL1;ASCC2;PCLAF;PIAS3;ACTR8;TIMELESS;RAD51B;SERPINA2;AQR;LIG4;FANCD2;SPIDR;GTF2H5;CHEK2;SPRTN;CNKSR3;EYA4;SLX4;POLE2;UBE2I;H2BC11;H2BC9;INO80;DNA2;FANCB;USP1;H2BC13;DTL;POLE;ACTR5;SUMO1;RFC3;ERCC2;RFC4;COPS5;PIAS4;TP53;PPP5C;MLH1;LRIG3;H2AC14;POLN;RAD51AP1;H2AC20;ISG15;TRIM25;RAD52;RAD9A;MUTYH;EYA3;RAD50;BRCA2;RMI2;GTF2H4;TFPT;CHEK1;EXO1;MRE11;WRN;POLR2B;ERCC3;GTF2H3;POLR1B;RMI1;ERCC4;RAD51;POLR1A;MDC1;SLC19A1;UBB;ERCC1;USP43;NHEJ1;NFRKB;COPS4;REV3L;RFC5;XPA;PNKP;H2BC15;SLX1A;FANCG;PPP4C;EYA1;RFC2;FAAP24;POLL;RNF168;ALKBH2;FANCI;POLM;XPC;ACD;XRCC4;H2AC4;FANCM;POLG2;UBE2L6;RAD9B;USP32;MAPK8;RNF111;CCNA1;APEX1;HUS1;GEN1;FANCE;BABAM1;MUS81;XRCC2;KPNA2;ARTN;RRAD;BRIP1;EYA2;TDP2;PMS2;ERCC8;FANCA;ASCC3;POLR2D;CUL4A;GTF2H1;POLR2K;CETN2;EP300"
"DNA Replication Pre-Initiation R-HSA-69002",0.991008991008991,1,0.00434551079568136,0.143949438670262,0.585897974528836,123,"PSMA6;MCM6;SLC25A2;H2BC3;PSMD9;PSMD5;H2BC14;CDC7;H2BC1;UBE2C;GMNN;ORC4;ORC5;CDC45;ORC6;CDC6;UBE2D1;POLE2;H2BC11;H2BC9;MCM4;KPNA6;H2BC13;POLE;DBF4;CDT1;PRIM2;H2AC14;H2AC20;CDC23;KPNA1;ORC3;PSMD13;POLR1B;POLR1A;POLA1;UBB;PSMA4;H3C7;ANAPC16;MCM10;H2BC15;ANAPC1;MCM7;PSMB9;H2AC4;H3C13"
"DNA Replication R-HSA-69306",0.988011988011988,1,0.00502537209391229,0.153591354507365,0.633942831483696,151,"PSMA6;MCM6;SLC25A2;H2BC3;PSMD9;PSMD5;LRIG1;H2BC14;CDC7;H2BC1;GINS4;UBE2C;GMNN;ORC4;GINS1;ORC5;CDC45;ORC6;CDC6;UBE2D1;POLE2;H2BC11;H2BC9;MCM4;KPNA6;DNA2;GINS3;H2BC13;POLE;RFC3;RFC4;DBF4;CDT1;PRIM2;H2AC14;H2AC20;PSMB11;CCNE2;CDC23;KPNA1;ORC3;PSMD13;POLR1B;POLR1A;POLA1;PSME4;SLC19A1;UBB;PSMA4;H3C7;ANAPC16;RFC5;MCM10;H2BC15;ANAPC1;MCM7;RFC2;PSMB9;CCNE1;H2AC4;H3C13"
"Deactivation Of Beta-Catenin Transactivating Complex R-HSA-3769402",0.980392156862745,1,0.0105706949179311,0.152116048564394,0.54774955875031,41,"PYGO1;AKT1;TLE1;BCL9L;SRY;TCF7;SOX13;BTRC;SOX6;UBB;SOX7;KMT2D;BCL9;CHD8;LEF1;SOX4"
"Deadenylation-dependent mRNA Decay R-HSA-429914",0.994918699186992,1,0.00683906706351732,0.13127838897753,0.488676422525653,53,"EXOSC8;CNOT10;NLRP4;EXOSC1;DCP1A;NT5C3B;CNOT11;EXOSC9"
"Dectin-2 Family R-HSA-5621480",0.916402116402116,1,0.0180135486781383,0.189863913784209,0.633474682299397,27,"MUC19;MUC17;MUC13;MUC1;MUC15;MUC7;MUC4;MUC12;MUC6;CLEC4A;SYK;MUCL1;CLEC4D;PLCG2;CLEC4C;MUC16;CLEC4E;MUC20;FCER1G"
"Defective B3GALT6 Causes EDSP2 And SEMDJL1 R-HSA-4420332",0.738197424892704,1,0.0307752597613667,0.261420029252367,0.820811506662978,20,"SDC1;GPC6;GPC2;GPC3"
"Defective B3GAT3 Causes JDSSDHD R-HSA-3560801",0.767167381974249,1,0.0288567763564905,0.254213809478576,0.798185282778046,20,"SDC1;GPC6;GPC2;GPC3"
"Defective B4GALT7 Causes EDS, Progeroid Type R-HSA-3560783",0.810085836909871,1,0.0260437699289678,0.242616495262666,0.761771818277909,20,"SDC1;GPC6;GPC2;GPC3"
"Defective C1GALT1C1 Causes TNPS R-HSA-5083632",0.481236203090508,1,0.0519512476197082,0.330957451061588,1.00114284969773,18,"MUC19;MUC17;MUC13;MUC1;MUC15;MUC7;MUC4;MUC12;MUC6"
"Defective CFTR Causes Cystic Fibrosis R-HSA-5678895",0.337622341778107,1,0.203508959461977,-0.160748265522309,-1.03090865155574,59,"PSMB7;RPS27A;PSMB6;VCP;PSMD14;SEM1;PSMC5;PSMA2;PSMD8;UBA52;PSMD4;ERLEC1"
"Defective Pyroptosis R-HSA-9710421",0.467842323651452,1,0.0503964322442957,0.283851942251427,1.01591633841587,39,"GSDME;H2BC3;DNMT3B;H2BC14;H2BC1;SUZ12;EED;DNMT1;H2BC11;H2BC9;EZH2;H2BC13;PRIM2;H2AC14;H2AC20"
"Defective TPR May Confer Susceptibility Towards Thyroid Papillary Carcinoma (TPC) R-HSA-5619107",0.923879040667362,1,0.0164369248025913,0.183346935555342,0.631465953337034,31,"NDC1;NUP107;NUP155;NUP160;NUP205;NUP153;NUP37;NUP214;NUP88;NUP85;SEC13"
"Defects In Vitamin And Cofactor Metabolism R-HSA-3296482",0.554721030042919,1,0.0441523058441465,0.302663126649614,0.957253470316394,21,"AMN;CUBN;MTR;SP8;MTRR;HLCS;MMUT;CD320;MMACHC;TCN2;MMAB;MMADHC;ABCD4"
"Depolymerisation Of Nuclear Lamina R-HSA-4419969",0.390572390572391,1,0.0625237414724762,0.367897297391426,1.0697069023403,15,"CCNB1;CNEP1R1;LMNB1;LPIN3;LPIN1;CDK1;TMPO;LPIN2;PRKCB"
"Deposition Of New CENPA-containing Nucleosomes At Centromere R-HSA-606279",0.404060913705584,1,0.0561766586307176,0.28524265335106,1.05644154733153,49,"CENPH;CENPQ;H2BC3;H2BC14;H2BC1;OIP5;CENPO;CENPU;H2BC11;H2BC9;CENPP;MIS18BP1;H2BC13;KNL1;ITGB3BP;H2AC14;H2AC20;CENPW"
"Detoxification Of Reactive Oxygen Species R-HSA-3299685",0.714880332986472,1,0.0308468245215279,0.24089097970625,0.846478352841178,34,"GPX8;GPX2;CYBB;ATP7A;GPX7;GPX6;NOX5;GPX5;NUDT2;GSR"
"Deubiquitination R-HSA-5688426",1,1,0,0.0889188712522453,0.378574089129079,260,"PSMA6;INO80C;TNIP3;H2BC3;RIPK1;PSMD9;USP28;PSMD5;IDE;OTUB2;ABRAXAS1;NOD2;H2BC14;ADRB2;H2BC1;AXIN2;RNF128;BRCC3;ACTR8;TANK;ZRANB1;CDC25A;ESR1;H2AC11;AREG;UBE2D1;RNF135;CNKSR3;USP26;SENP8;TRAF6;H2BC11;VCPIP1;H2BC9;INO80;PTEN;H2BC13;ACTR5;CDK1;KDM1B;TP53;USP33;HIF1A;H2AC14;H2AC20;TADA3;ASXL2;PSMB11;PRKN;TRIM25;UCHL3;ARRB2;TRIM4;TFPT;OTUB1;ATXN3L;PSMD13;USP24;PSME4;BECN1;CFTR;SIAH2;UBB;PSMA4;NLRP3;TAF9B;TRRAP;BIRC3;NFRKB;RIPK2;TRAF3;H2BC15;IFIH1;PSMB9;SUDS3;H2AC4;POLG2;MBD5;USP32;SMAD1;PSMA8;CCNA1;SMURF2;TNKS;PSMA7;USP20;BABAM1;ASXL1;PSMF1;PSMB3;STAM;FOXK2;PSMB4;OTUD7A;MDM2;PSMC3;EP300;TGFBR1;MYSM1;CCNA2;ABRAXAS2;USP8;H2AC7;STAM2;PSMD12;TGFB1;ATXN3;H2AC12;STAMBPL1;H2AC21;MBD6;PSMB10;KAT2A;USP37;CYLD;USP42;PSMB8;MCRS1;TADA2B;PSMC1;HCFC1;WDR20;TGFBR2;MUL1;YOD1;FOXK1"
"Digestion And Absorption R-HSA-8963743",0.695147679324895,1,0.0328701032730105,0.260642187857065,0.857036954436782,25,"RSC1A1;GUCA2A;SLC2A2;CHIT1;PNLIPRP2;LCT;GUCA2B;ALPP;GUCY2C;AMY2B;TREH;CLPS;PNLIPRP1;CHIA;CEL;SLC5A1;PIR;PNLIP"
"Digestion R-HSA-8935690",0.400214592274678,1,0.059221919380382,0.335379040055795,1.05302939472029,20,"GUCA2A;CHIT1;PNLIPRP2;LCT;GUCA2B;ALPP;GUCY2C;AMY2B;TREH;CLPS;PNLIPRP1;CHIA;CEL;PIR;PNLIP"
"Diseases Associated With Glycosaminoglycan Metabolism R-HSA-3560782",0.380310880829016,1,0.059989249649033,0.299951195286832,1.07622433425711,40,"SDC1;B4GALT1;HEXB;CHST6;ST3GAL3;GPC6;GPC2;ACAN;GPC3;PAPSS2;FMOD;LUM;EXT1;GPC5;PRELP;OMD;KERA"
"Diseases Associated With Glycosylation Precursor Biosynthesis R-HSA-5609975",0.785634118967452,1,0.0299195667151671,0.267285184944512,0.777164739332798,15,"GALT;SRD5A3;GALK1;PGM1;GALE;SLPI;GFPT1;DPM3;GNE;DHDDS;DPM1;DOLK"
"Diseases Associated With TLR Signaling Cascade R-HSA-5602358",0.815432742440042,1,0.0241447930798382,0.218181904936053,0.751441218169412,31,"TLR3;S100A9;TIRAP;IRAK4;FGG;TLR6;CD36;MYD88;UNC93B1;IKBKB;FGA;TLR4;TLR10;TLR5"
"Diseases Of Carbohydrate Metabolism R-HSA-5663084",0.398753894080997,1,0.0578529757032509,0.304886748063967,1.05861494374014,32,"NAGLU;ARSB;GYG2;KHK;SPAM1;LCT;G6PC1;GYS1;GYS2;ALDOB;IDS;G6PC3;GBE1;GALNS;UBB;GLB1;RPIA;SGSH"
"Diseases Of Mitotic Cell Cycle R-HSA-9675126",0.714285714285714,1,0.287857117255149,-0.16082348840887,-0.898722265568856,38,"CDKN1B;UBE2E1;CDKN1C;ANAPC11;CCND1"
"Diseases Of Programmed Cell Death R-HSA-9645723",0.36125126135217,1,0.0611692626746689,0.281293631633459,1.08035364957969,68,"GSDME;CASP8;FASLG;H2BC3;RIPK1;ERC2;DNMT3B;H2BC14;H2BC1;TANK;CDC25A;SUZ12;EED;CDC25B;LMNB1;DNMT1;GOLGA2;H2BC11;H2BC9;CAPNS2;EZH2;CDKN2A;H2BC13;TP53;FOXO3;PRIM2;H2AC14;H2AC20"
"Disorders Of Transmembrane Transporters R-HSA-5619115",0.83,1,0.0207088406492443,0.205344770259531,0.855468311702446,174,"NDC1;PSMA6;HEPH;SLC5A2;PSMD9;PSMD5;SLC2A10;SLC40A1;NUP107;APOA1;NUP155;TAC4;SLC5A7;SLC26A4;SLC2A2;SLCO1B1;RHAG;SLC9A7;ABCA1;DERL3;SLC6A14;SLCO2A1;NUP160;SLC1A1;SLC36A2;SLC22A5;SLC6A19;AVPR1A;ERLIN1;SLC26A3;SLC22A12;SLC24A5;SLC2A9;NUP205;ABCC2;ABCC8;SLC29A3;SLC34A2;AVPR2;SLC24A1;NUP153;PSMB11;ABCA12;ABCG5;SEL1L;ABCD1;ABCG8;SLC35C1;NUP37;DERL1;SLC17A8;NUP214;PSMD13;SLC35A3;ABCB4;SLC12A1;PSME4;CFTR;UBB;PSMA4;NLRP3;SLC6A5;SLC12A3;SLC7A9;DERL2;SLC3A1;SLC22A18;NUP88;ABCC6;NUP85;SLC34A1;PSMB9;CP;SEC13;PSMA8;SLC12A6;PSMA7;SLC4A1;SLC2A1;ABCB6;PSMF1;PSMB3;SLC6A18;ABCD4;PSMB4;NUP43"
"Dopamine Neurotransmitter Release Cycle R-HSA-212676",0.809168443496802,1,0.0257629629837414,0.23134694120633,0.749236919829871,23,"SLC18A2;SYN2;LIN7A;SYN3;PPFIA3;RIMS1;APBA1;CPLX1;PPFIA4;STX1A;CASK;SYT1;UNC13B;LIN7C;RAB3A"
"Downregulation Of ERBB2 Signaling R-HSA-8863795",0.95253164556962,1,0.0150298748621405,0.173442799117111,0.581703621240256,28,"EGFR;AKT1;BTC;EGF;EREG;NRG4;RNF41;AKT3;UBB;PTPN12;ERBB4;NRG2"
"Downregulation Of TGF-beta Receptor Signaling R-HSA-2173788",0.913502109704641,1,0.0180135486781383,0.195618800318061,0.643228719930435,25,"PPP1CA;ZFYVE9;MTMR4;NEDD4L;SMURF1;PMEPA1"
"Downstream Signaling Of Activated FGFR1 R-HSA-5654687",0.365828092243187,1,0.0623861492893626,0.318310255506748,1.08587191086369,30,"FGF10;FLRT3;FGF20;FGF23;FGF8;KL;PIK3CA;FGF5;SOS1;FGF13;FGFR1;FLRT2;FGF9;FGF3;FGF22"
"Downstream Signaling Of Activated FGFR2 R-HSA-5654696",0.58,1,0.0412376090540065,0.27727932476253,0.93695878342301,29,"FGF10;FGF20;FGF23;FGF7;FGF8;PIK3CA;FGF5;SOS1;FGF13;FGF9;FGF18;FGF3;FGF22"
"Downstream Signaling Of Activated FGFR3 R-HSA-5654708",0.75557917109458,1,0.0291395520262835,0.248019900951223,0.809113905947114,24,"FGF20;FGF23;FGF8;PIK3CA;FGF5;SOS1;FGF13;FGF9;FGF18"
"Downstream Signaling Of Activated FGFR4 R-HSA-5654716",0.474128827877508,1,0.0506004243853618,0.305011812628404,1.01226572773439,26,"FGF20;FGF19;FGF23;FGF8;FGFR4;PIK3CA;SOS1;KLB;FGF13;FGF9;FGF18"
"Dual Incision In GG-NER R-HSA-5696400",0.911825726141079,1,0.0169971052149879,0.188711560951676,0.675405482513676,39,"GTF2H5;POLE2;POLE;RFC3;ERCC2;RFC4;GTF2H4;ERCC3;GTF2H3;POLR1B;ERCC4;POLR1A;SLC19A1;UBB;ERCC1;RFC5;XPA;RFC2"
"E2F Mediated Regulation Of DNA Replication R-HSA-113510",0.721804511278195,1,0.0319257308349884,0.259975684815136,0.831469041455777,22,"CCNB1;SLC25A2;ORC4;ORC5;ORC6;CDK1;PRIM2;ORC3;POLA1;RB1;SLC25A15;POLA2;MCM8;PPP2R3B;TFDP2;PRIM1;PPP2R1A;PPP2R1B"
"E3 Ubiquitin Ligases Ubiquitinate Target Proteins R-HSA-8866654",0.911585365853659,1,0.0155348639580133,0.184003506393371,0.684942707911197,53,"PEX13;H2BC3;H2BC14;UBE2J2;H2BC1;HLTF;UBE2D1;LEO1;PEX14;H2BC11;H2BC9;UBE2A;H2BC13"
"ECM Proteoglycans R-HSA-3000178",0.514690982776089,1,0.0449543067640062,0.263278155484721,0.985527266936577,55,"LAMA4;TNNI3;VTN;COL9A1;ASPN;LAMA2;ACAN;HAPLN1;MATN3;MUSK;LAMB1;COMP;LMNB2;IBSP;MATN1;LAMA5;TNN;FMOD;LUM;ITGB3"
"EGFR Downregulation R-HSA-182971",0.654088050314465,1,0.0354665010333725,0.259162199858778,0.884096406935665,30,"EGFR;EPGN;BTC;AREG;EGF;CBL;TGFA;SH3GL2;EREG;SPRY2;SPRY1"
"EML4 And NUDC In Mitotic Spindle Formation R-HSA-9648025",0.766834170854271,1,0.0254820564855004,0.216122403169038,0.85813293184909,95,"SGO2;CENPF;CENPH;CENPQ;MAD1L1;SPC25;NUP107;KIF2B;BUB1B;MAD2L1;MIS12;AURKB;SKA1;BUB1;NUP160;SGO1;CLIP1;SPDL1;CENPO;CENPU;SKA2;SPC24;ZWILCH;CENPP;CDCA8"
"EPH-ephrin Mediated Repulsion Of Cells R-HSA-3928665",0.9248730964467,1,0.0143399359768684,0.17825807038444,0.660207123615198,49,"EPHA1;EFNB2;EFNB1;VAV3;EPHA6;EFNB3;MMP9;VAV2;EFNA4;EFNA5;APH1A;EPHA2;EPHA5;EPHB2;TIAM1;EPHA10;MMP2;EPHB6;EPHB3;PSEN2"
"ER Quality Control Compartment (ERQC) R-HSA-901032",0.614285714285714,1,0.216542836735348,-0.197216011965088,-0.882700284264129,20,"MARCHF6;RPS27A;AMFR;UBA52"
"ER To Golgi Anterograde Transport R-HSA-199977",0.979020979020979,1,0.00667841440698826,0.157728105775174,0.645711758918434,133,"CFAP73;FOLR2;F5;F8;TMED7;SPTA1;INS;ANK1;TRAPPC5;AREG;GRIA1;COPZ2;COG3;SEC22A;SEC24D;CTSC;GOLGA2;PPP6R3;KDELR3;COL7A1;ARCN1;SEC23A;TGFA;CAPZA3;SPTBN4;COG4;TMED9;CAPZA1;SPTBN2;COPG1;TRAPPC1;GOSR2;CNIH3;TRAPPC6B;SPTBN5;CAPZA2;LMAN1;SEC24C;TMEM115;ARF4;COG7;COG5;COG8;BET1;TRAPPC6A;CNIH2;TRAPPC2;LMAN1L;SEC13;ACTR1A;SCFD1;GORASP1;SEC24B;LMAN2L;DCTN3;TRAPPC2L;ARFGAP3;TRAPPC3;DCTN6;PTGES2;COPG2;NSF;ANK2;SEC16B;LMAN2"
"ERBB2 Regulates Cell Motility R-HSA-6785631",0.57351290684624,1,0.0446854397644147,0.320072038255404,0.930649045251492,15,"EGFR;DIAPH1;BTC;EGF;EREG;NRG4"
"ERCC6 (CSB) And EHMT2 (G9a) Positively Regulate rRNA Expression R-HSA-427389",0.533048671317195,1,0.143902565267782,-0.152238731073485,-0.904594585339493,41,"H3-3B;H2AC6;MTA1;H2AJ;HDAC2;CHD4;H2BC17;GATAD2B;H2AB1;H2AZ1;H4C15;H2AC19;H2AX;H2AZ2"
"ERK/MAPK Targets R-HSA-198753",0.993555316863588,1,0.0130773356900516,0.133815719075381,0.427977053894251,22,"DUSP3;RPS6KA3;MAPK7;MAPK11;MEF2C;MEF2A;MAPK14;RPS6KA2;DUSP4;RPS6KA5;MAPK1;MAPK3;VRK3;PPP2R1A;PPP2R1B"
"Early Phase Of HIV Life Cycle R-HSA-162594",0.711711711711712,1,0.156312403073186,-0.198949025620702,-0.829312940977167,15,"XRCC6;CXCR4;FEN1;PPIA;BANF1"
"Early SARS-CoV-2 Infection Events R-HSA-9772572",0.897196261682243,1,0.0181674946847152,0.190743700041262,0.674649498038286,36,"SDC1;GPC6;GPC2;TMPRSS2;GPC3;ACE2;MAP1LC3B;CHMP4C;HAVCR1;GPC5;HOXC13;PIK3R4;BECN1"
"Effects Of PIP2 Hydrolysis R-HSA-114508",0.674074074074074,1,0.0344919215094074,0.261396832007399,0.87214190316416,27,"TRPC7;ITPR1;DGKA;RASGRP1;DGKK;PRKCE;MGLL;TRPC6;TRPC3;DGKE;PRKCH;RASGRP2"
"Eicosanoid Ligand-Binding Receptors R-HSA-391903",0.409652076318743,1,0.0602484086158019,0.362295373480825,1.05341861559276,15,"PTGDR2;CYSLTR1;CYSLTR2;PTGFR;PTGER2;PTGER1;OXER1;LTB4R2"
"Elastic Fibre Formation R-HSA-1566948",0.867219917012448,1,0.0202691096367175,0.199819314025966,0.715160531366802,39,"VTN;LOXL3;FBLN2;FBLN1;LOXL2;MFAP5;FBN2;LOXL1;FBN1;ITGB3;MFAP2;EFEMP2;TGFB2;ITGA8;ITGA5;ITGB6;LOX;BMP2;EFEMP1;BMP10;FBLN5;ITGB5;TGFB1;LOXL4;FURIN"
"Endosomal Sorting Complex Required For Transport (ESCRT) R-HSA-917729",0.537037037037037,1,0.266350657088526,-0.191816816816817,-0.971609791285095,28,"RPS27A;CHMP4B;UBA52;MVB12B;CHMP6;VPS37C;HGS;CHMP2B;CHMP7;VTA1;SNF8;VPS28;VPS25;VPS37D;TSG101;VPS4A;UBAP1;VPS36;VPS37B;CHMP2A;STAM2;STAM;MVB12A;UBB;VPS4B;CHMP5;CHMP4C;VPS37A"
"Energy Dependent Regulation Of mTOR By LKB1-AMPK R-HSA-380972",0.968421052631579,1,0.0135373162884418,0.161383686041888,0.54533406797506,29,"PRKAG3;RRAGD;PRKAA2;PRKAB2;STK11;STRADA;CAB39;RRAGB;PRKAG2;MLST8;PRKAA1;PRKAG1;LAMTOR3;TSC2;STRADB;MTOR;SLC38A9;RPTOR;PRKAB1;RHEB;CAB39L;RRAGC"
"Ephrin Signaling R-HSA-3928664",0.886313465783664,1,0.0226556224333514,0.223574814401708,0.676311489869177,18,"EFNB2;EFNB1;EFNB3;MYL12A;EPHB2;EPHB6;EPHB3"
"Epigenetic Regulation Of Gene Expression R-HSA-212165",0.928857715430862,1,0.0128901829648689,0.183094430553157,0.736635100108059,110,"H2BC3;DPEP3;DNMT3B;H2BC14;H2BC1;TET1;POLR1H;POLR1D;SUZ12;TAF1C;EED;GTF2H5;CHD3;TAF1B;DNMT1;TBP;H2BC11;H2BC9;EZH2;MYO1E;POLR1E;H2BC13;ERCC2;H2AC14;DPEP2;H2AC20;POLR1F;SAP30BP;DDX56;GTF2H4;UHRF1;ERCC3;GTF2H3;POLR1B;POLR1G;POLR1A;MTA2;H3C7;UBTF;DNMT3L;H2BC15;SAP30L;MYBBP1A;SUDS3;H2AC4;H3C13"
"Estrogen-dependent Nuclear Events Downstream Of ESR-membrane Signaling R-HSA-9634638",0.55154091392136,1,0.0439759278026345,0.292704861659512,0.95488939798268,24,"EGFR;EPGN;AKT1;BTC;AREG;CREB1;EGF;TGFA;EREG;FOXO3"
"Export Of Viral Ribonucleoproteins From Nucleus R-HSA-168274",0.823774765380605,1,0.0235793094960052,0.212821637454454,0.749345525343394,35,"NDC1;NUP107;PBRM1;NUP155;NUP160;BLOC1S6;NUP205;NUP153;NUP37;NUP214;NUP88;NUP85;SEC13"
"Extension Of Telomeres R-HSA-180786",0.973604060913706,1,0.00954760674075313,0.148649442592122,0.552635472535731,50,"LRIG1;PIF1;PPP6R3;STN1;DNA2;RFC3;RFC4;PRIM2;DKC1;SHQ1;WRN;DSCC1;POLR1B;POLR1A;POLA1;SLC19A1;RFC5;TERT;RFC2;GAR1;ACD;CCNA1;CCNA2;POLA2;WRAP53;POLD3;BLM;POLD1;CHTF18;RUVBL1;CHTF8;PCNA"
"Extra-nuclear Estrogen Signaling R-HSA-9009391",0.970824949698189,1,0.00881182919930239,0.157446182872938,0.609350499378317,73,"GNG13;EGFR;EPGN;AKT1;BTC;MMP9;MMP3;ESR1;ESR2;AREG;CREB1;GNGT1;EGF;TGFA;GNGT2;PIK3R3;EREG;PIK3CA;GNG10;FOXO3;GNAT3;STRN;MMP7;GNB5;GNG4;AKT3;PIK3R2;MMP2;GNB1;GNG11;CALM1;SPHK1;GNG12"
"FCERI Mediated Ca+2 Mobilization R-HSA-2871809",0.690526315789474,1,0.0330894161454377,0.25528300053819,0.862630669696297,29,"TEC;TXK;VAV3;ITPR1;VAV2;ITK;SOS1;VAV1;NFATC1;PPP3CA;CALM1;NFATC3;SYK;PPP3R1;PLCG2;IGLL5;SPNS1;LCP2;SHC1"
"FCERI Mediated MAPK Activation R-HSA-2871796",0.807692307692308,1,0.219250346703755,-0.156260332976782,-0.79754432495102,29,"RNASE1;GRB2;MAP2K4;PKN1;PKN2;MAP2K7;MAP3K1;PLCG1;LYN;HRAS;GRAP2;JUN;FOS;NRAS;MAPK3;SHC1;LCP2;MAPK10;SPNS1;IGLL5;PLCG2;MAPK1;SYK;MAPK8"
"FCGR3A-mediated IL10 Synthesis R-HSA-9664323",0.998961578400831,1,0.00918593980608508,0.113286314398696,0.400687179325736,36,"CD247;ADCY7;ITPR1;CREB1;PRKACG;PRKAR1B;FGR;ADCY1;CALM1;ADCY9;ADCY2;SYK;PRKCA;PRKAR2A;PLCG2;IGLL5"
"FGFR1 Mutant Receptor Activation R-HSA-1839124",0.844863731656184,1,0.0224414263839237,0.212062104218518,0.723420871133873,30,"FGF20;FGF23;BAG4;FGF8;CPSF6;PIK3CA;FGF5;FGF13;FGFR1"
"FGFR2 Mutant Receptor Activation R-HSA-1839126",0.975051975051975,1,0.0118236229287788,0.154072334581509,0.53843086957472,33,"FGF10;FGF20;FGF23;FGF7;FGF8;FGF5;FGF13;FGF9;FGF18;FGF3;POLR2B;FGF22"
"FLT3 Signaling R-HSA-9607240",0.920041536863967,1,0.0164369248025913,0.181282143462005,0.64118451651871,36,"SOCS6;FLT3;AKT1;SOCS2;SLA2;SEPSECS;LCK;CBL;PIK3CA;SOS1;FOXO3;ABL2;AKT3;GRB10;UBB;BCL2L11"
"FOXO-mediated Transcription Of Cell Death Genes R-HSA-9614657",0.712222222222222,1,0.0341946045318573,0.280533915815568,0.830657923881687,16,"BBC3;FASLG;STK11;CREBBP;FOXO3;BCL2L11;NFYC;NFYB;BCL6;EP300"
"FOXO-mediated Transcription Of Oxidative Stress, Metabolic And Neuronal Genes R-HSA-9615017",0.958947368421053,1,0.0143399359768684,0.169194416558409,0.571727426256182,29,"ABCA6;INS;G6PC1;TRIM63;FOXO3;PCK1;IGFBP1;PPARGC1A;POMC;PLXNA4"
"FOXO-mediated Transcription R-HSA-9614085",0.915773127370522,1,NA,-0.129760435135039,-0.855871389656472,65,"CDKN1B;YWHAQ;GADD45A;PCBP4;SREBF1;NFYA;SMAD4;FOXO4"
"FRS-mediated FGFR1 Signaling R-HSA-5654693",0.357679914070892,1,0.0646484568421928,0.343704192045492,1.09925432183248,22,"FGF10;FGF20;FGF23;FGF8;KL;FGF5;SOS1;FGF13;FGFR1;FGF9;FGF3;FGF22"
"FRS-mediated FGFR2 Signaling R-HSA-5654700",0.456960680127524,1,0.0525898950623616,0.311892008837334,1.01748351860562,24,"FGF10;FGF20;FGF23;FGF7;FGF8;FGF5;SOS1;FGF13;FGF9;FGF18;FGF3;FGF22"
"FRS-mediated FGFR3 Signaling R-HSA-5654706",0.677595628415301,1,0.0357690767485421,0.280262767215961,0.862519359393333,19,"FGF20;FGF23;FGF8;FGF5;SOS1;FGF13;FGF9;FGF18"
"FRS-mediated FGFR4 Signaling R-HSA-5654712",0.368025751072961,1,0.0632191170859458,0.3419228100964,1.08142276916351,21,"FGF20;FGF19;FGF23;FGF8;FGFR4;SOS1;KLB;FGF13;FGF9;FGF18"
"Factors Involved In Megakaryocyte Development And Platelet Production R-HSA-983231",0.937062937062937,1,0.0118236229287788,0.182356213182684,0.74569081723595,130,"DOCK8;SH2B2;KIF4A;GATA1;KIF15;PHF21A;KIF4B;KIF26A;KIF2B;KIF20A;MYB;KIF16B;IFNA6;CABLES1;JAK2;KIF3C;RAD51B;WEE1;KIF22;GATA5;KIF23;KIF26B;HBG2;IFNA8;KIF27;EHD3;GATA6;ZFPM2;CAPZA1;HBE1;KIF20B;HBD;PRKACG;KIFC2;HMG20B;TP53;KIF19;KIF11;GATA4;PRKAR1B;IFNB1"
"Fanconi Anemia Pathway R-HSA-6783310",0.668404588112617,1,0.0341946045318573,0.251016453799785,0.883829570584384,35,"DCLRE1B;SERPINA2;FANCD2;SLX4;FANCB;USP1;POLN;POLR1B;ERCC4;POLR1A;UBB;ERCC1;SLX1A;FANCG;FAAP24;FANCI;FANCM;FANCE;MUS81;FANCA;DCLRE1A"
"Fatty Acid Metabolism R-HSA-8978868",0.961,1,0.00930780437504605,0.179135782965818,0.745234009125909,171,"GPX2;CYP1A1;PTGES;OLAH;DPEP3;CYP1A2;ACBD7;PTGIS;CBR4;CYP2C9;ACSL5;GGT5;ACSBG2;FAAH2;PPARD;PLA2G4A;ALOX12B;SYCP2;THEM4;ACADL;ELOVL3;MUSK;CYP2C19;CYP4F22;PRKAA2;ACOT12;HSD17B8;CYP4F8;PRKAB2;CYP4F2;ACOT9;ACOXL;CYP1B1;HADHA;ACSBG1;LTC4S;SLC22A5;NUDT7;ACSM6;EHHADH;PCTP;MCEE;PON1;HACD4;ACBD5;PTGR1;DPEP2;ACOX3;PTGS2;DPEP1;ABCD1;MMUT;ACOT13;ACOT2;ACBD4;SLC27A3;ELOVL6;CROT;CYP8B1;PON3;KRTAP11-1;PECR;CRAT;CYP2C8;THRSP;EPHX2;CYP2U1;ACSL6;CPT2;DECR2;CYP4F11;SLC27A2;ALOX15B;MECR;PRKAG2;PTGR2;ACAD10"
"Formation Of Early Elongation Complex R-HSA-113418",0.389361958558647,1,0.203508959461977,-0.1973415113625,-1.04068706384966,32,"POLR2I;CTDP1;POLR2A;POLR2F;POLR2E;POLR2L;NCBP2;POLR2G;CDK7;POLR2C;CCNH;MNAT1;POLR2J;NCBP1;GTF2F2;POLR2H;POLR2K;GTF2H1;POLR2D;NELFCD;GTF2F1;NELFA;GTF2H3;ERCC3;POLR2B;SUPT5H;GTF2H4;NELFB;SUPT4H1;ERCC2;NELFE"
"Formation Of beta-catenin:TCF Transactivating Complex R-HSA-201722",0.901821862348178,1,0.0160304351647231,0.184042095719225,0.692139811628219,57,"H2BC3;H2BC14;PYGO1;H2BC1;AXIN2;TLE1;BCL9L;TCF7;LEO1;H2BC11;H2BC9;H2BC13;CREBBP;H2AC14;H2AC20;H3C7;TRRAP;TERT;KMT2D;H2BC15;BCL9;H2AC4;H3C13;CDC73"
"G Alpha (12/13) Signaling Events R-HSA-416482",0.87891019172553,1,0.0176259777744384,0.194964765713886,0.758319297112582,78,"GNG13;PLEKHG5;ECT2;VAV3;ARHGEF38;ARHGEF6;ARHGEF4;AKAP13;ARHGEF16;VAV2;GNGT1;ARHGEF11;ADRA1A;GNGT2;FGD1;GNG10;SOS1;VAV1;ARHGEF33;ROCK2;ARHGEF19;TIAM2;ADRA1B;GNB5;FGD4;GNG4;TIAM1;ADRA1D;ARHGEF10L;ARHGEF3;GNB1;ABR;GNG11;ARHGEF39;ITSN1;ARHGEF9;GNG12"
"G Alpha (S) Signaling Events R-HSA-418555",0.397602397602398,1,0.0561766586307176,0.250973020305218,1.03603755717732,152,"HTR6;MC1R;PTH2R;GNG13;GLP2R;FSHB;ADORA2B;CYSLTR2;GIPR;PTHLH;ADRB2;GHRH;RXFP2;RLN2;MC5R;IAPP;PDE10A;ADCY7;TAAR8;CALCA;NPS;HTR7;GPR150;GPR83;TSHB;RAMP1;MC2R;GNGT1;HRH2;PDE1A;TAAR1;PTGER2;CRH;PDE1B;ADCYAP1;GNGT2;RAMP2;ADRB3;GNG10;PDE11A;GHRHR;LHB;GPR39;PRKACG;AVPR2;GNAT3;GRK5;GRK3;PDE2A;GPR45;PRKAR1B;CPAMD8;GNB5;ARRB2;GCG;PDE3B;RXFP1;LHCGR;GNG4;CRHR2;CHGA;POMC;CALCR;ADCY1;NLRP3;TAAR6;GNB1;DRD1;ADM;GNG11;SCTR;ITGA5;GNG12;GPHA2;GPR25;GNG3;ADM2;GRK6;ADCY9;ADCY2;TSHR;GNB2;PDE4A;GNG2;TAAR5;PRKCA;RAMP3;CALCB;NPSR1"
"G Alpha (Z) Signaling Events R-HSA-418597",0.528747433264887,1,0.0443293451680314,0.266869438342853,0.978276415711543,47,"GNG13;ADRA2B;ADCY7;ADRA2C;RGS4;RGS20;GNGT1;RGS17;GNGT2;GNG10;PRKCE;GNAT3;GNB5;PRKCG;GNG4;ADCY1;PRKCB;RGSL1;GNB1;PRKCH;GNG11;GNG12;GNG3;RGS16;ADCY9;RGS19;ADCY2;GNB2;GNG2;PRKCA"
"G Beta:Gamma Signaling Thru BTK R-HSA-8964315",0.559602649006622,1,0.0450442767152794,0.314476437221682,0.951287954125309,18,"GNG13;GNGT1;GNGT2;GNG10;GNB5;GNG4;GNB1;GNG11;GNG12;GNG3;GNB2;GNG2"
"G Beta:Gamma Signaling Thru CDC42 R-HSA-8964616",0.65343347639485,1,0.0366082221336689,0.281132114805437,0.882703882272291,20,"GNG13;ARHGEF6;GNGT1;GNGT2;GNG10;GNB5;GNG4;GNB1;GNG11;GNG12;GNG3;GNB2;GNG2"
"G Beta:Gamma Signaling Thru PI3Kgamma R-HSA-392451",0.707805907172996,1,0.0319980480340634,0.257742090544566,0.847500928865828,25,"GNG13;AKT1;GNGT1;PIK3R5;GNGT2;GNG10;PIK3R6;GNB5;GNG4;AKT3;GNB1;GNG11;GNG12;GNG3;GNB2;GNG2"
"G Beta:Gamma Signaling Thru PLC Beta R-HSA-418217",0.524678111587983,1,0.0466948041282054,0.308987045189557,0.970163314672973,20,"GNG13;GNGT1;GNGT2;GNG10;GNB5;GNG4;PLCB2;GNB1;GNG11;GNG12;GNG3;GNB2;GNG2"
"G-protein Activation R-HSA-202040",0.341126461211477,1,0.066436413766281,0.338444167637063,1.10410447456673,24,"GNG13;GNA14;GNGT1;GNGT2;PDYN;GNG10;GNB5;GNG4;POMC;GNB1;GNG11;GNG12;GNG3;GNB2;GNG2"
"G-protein Beta:Gamma Signaling R-HSA-397795",0.866043613707165,1,0.0204160330522345,0.203858736865699,0.707829732280591,32,"GNG13;ARHGEF6;AKT1;GNGT1;PIK3R5;GNGT2;GNG10;PIK3R6;GNB5;GNG4;AKT3;PLCB2;GNB1;GNG11;GNG12;GNG3;GNB2;GNG2"
"G-protein Mediated Events R-HSA-112040",0.905487804878049,1,0.0160304351647231,0.186671082858183,0.694321780901222,52,"CAMK2A;GNA14;ADCY7;GNAL;PLA2G4A;PLCB4;ITPR1;CREB1;NBEA;PDE1A;PDE1B;PRKACG;GNAT3;PRKAR1B;PRKCG;CAMKK1;PLCB2;ADCY1;CALM1;ADCY9;CAMKK2;ADCY2;CAMK2B;PRKCA;KPNA2"
"G1/S DNA Damage Checkpoints R-HSA-69615",0.341732897419782,1,0.203508959461977,-0.169675352989052,-1.09271046368489,66,"CDKN1B;PSMB7;PCBP4;RPS27A;PSMB6;PSMD14;SEM1;PSMC5;PSMA2;PSMD8;UBA52;PSMD4"
"G1/S Transition R-HSA-69206",0.978,1,0.00699634910626994,0.160343403911018,0.655054861455757,128,"PSMA6;MCM6;CCNB1;SLC25A2;PSMD9;PSMD5;CDC7;LIN52;AKT1;GMNN;ORC4;CABLES1;CDC25A;LIN54;ORC5;WEE1;CDC45;ORC6;CDC6;RBL1;POLE2;TYMS;E2F5;MCM4;E2F4;POLE;CDK1;TK1;DBF4;CDT1;PRIM2;CCNE2;RRM2;ORC3;FBXO5;AKT3;PSMD13;POLR1B;POLR1A;POLA1;UBB;PSMA4;MCM10;MCM7;RB1;RBL2;PSMB9;CCNE1;CCNA1;PSMA7;RPA4;PSMF1;PSMB3;PSMB4;LIN37;PSMC3;SLC25A15;LIN9"
"G2/M Checkpoints R-HSA-69481",0.803,1,0.0226556224333514,0.210766840406661,0.866944035494231,143,"RBBP8;PSMA6;MCM6;CCNB1;SLC25A2;H2BC3;RHNO1;PSMD9;PSMD5;ABRAXAS1;RAD17;H2BC14;CDC7;H2BC1;BRCC3;ORC4;GTSE1;CDC25A;ORC5;WEE1;CDC45;ORC6;SERPINA2;CDC6;CHEK2;H2BC11;H2BC9;MCM4;DNA2;H2BC13;RFC3;CDK1;RFC4;DBF4;PIAS4;TP53;PSMB11;RAD9A;RAD50;RMI2;ORC3;CHEK1;EXO1;MRE11;WRN;PSMD13;POLR1B;RMI1;POLR1A;PSME4;MDC1;UBB;PSMA4;CCNB2;RFC5;MCM10;H2BC15;REXO2;MCM7;RFC2;RNF168;PSMB9;RAD9B;PSMA8;PSMA7;CDC25C;HUS1;BABAM1;PSMF1;ARTN;PSMB3;RRAD;BRIP1"
"G2/M DNA Damage Checkpoint R-HSA-69473",0.436619718309859,1,0.0521630305460055,0.26714218526015,1.0338975580288,73,"RBBP8;CCNB1;H2BC3;RHNO1;ABRAXAS1;RAD17;H2BC14;H2BC1;BRCC3;WEE1;SERPINA2;CHEK2;H2BC11;H2BC9;DNA2;H2BC13;RFC3;CDK1;RFC4;PIAS4;TP53;RAD9A;RAD50;RMI2;CHEK1;EXO1;MRE11;WRN;POLR1B;RMI1;POLR1A;MDC1;RFC5;H2BC15;REXO2;RFC2;RNF168;RAD9B;CDC25C;HUS1;BABAM1;ARTN;RRAD;BRIP1"
"G2/M Transition R-HSA-69275",0.993,1,0.00409492237559551,0.150579023970237,0.628677318972289,179,"HAUS7;PSMA6;CENPF;CCNB1;FBXL18;PSMD9;PSMD5;HAUS2;LIN52;AKAP9;HAUS8;NEDD1;CEP63;FOXM1;GTSE1;CEP135;HMMR;SFI1;NME7;TUBGCP2;CDC25A;LIN54;WEE1;HAUS6;TUBGCP5;CDC25B;FKBPL;NINL;BORA;TUBGCP6;CEP152;TUBG1;CEP131;MZT2A;CEP70"
"GABA Receptor Activation R-HSA-977443",0.669028340080972,1,0.0327241935806629,0.234181828287017,0.88477794616542,59,"GABRR3;GNG13;GABRA5;KCNJ15;ADCY7;GNAL;UBD;KCNJ6;GABRB1;GNGT1;GABBR2;GNGT2;GABRR2;GABRB2;GABRA6;GNG10;GNAT3;GABRR1;GABRA3;GNB5;GNG4;ADCY1;GABRB3;GNB1;GNG11;ARHGEF9;GNG12;KCNJ5;GNG3;ADCY9;ADCY2;GNB2;GNG2"
"GPER1 Signaling R-HSA-9634597",0.437777380394027,1,0.203508959461977,-0.154934166964693,-0.96454747280569,43,"GNAI1;GNAI2;ITGB1;GNG7;PRKACB"
"GRB2 Events In ERBB2 Signaling R-HSA-1963640",0.437710437710438,1,0.0571258510018113,0.355878561337384,1.03476094050374,15,"EGFR;BTC;EGF;EREG;NRG4;SOS1"
"Gamma Carboxylation, Hypusine Formation And Arylsulfatase Activation R-HSA-163841",0.437564499484004,1,0.0532386494755899,0.286749985401484,1.03254836986402,41,"ARSB;F9;DPH1;F8;PROZ;ARSK;DPH7;DPH6;FAM110A"
"Gap Junction Assembly R-HSA-190861",0.754901960784314,1,0.158514105424824,-0.201446945337621,-0.840746891457367,16,"GJB1;GJA1;GJC2;GJD4;GJA5;GJA8;GJB7;GJA3;GJD2;GJA4;GJD3;GJB4;GJB3;GJB6;GJB2;GJB5"
"Gap-filling DNA Repair Synthesis And Ligation In GG-NER R-HSA-5696397",0.722635494155154,1,0.0313490001730997,0.256771308643281,0.837663573264534,24,"LRIG1;POLE2;POLE;RFC3;RFC4;LRIG3;POLR1B;POLR1A;SLC19A1;UBB;RFC5;RFC2"
"Gap-filling DNA Repair Synthesis And Ligation In TC-NER R-HSA-6782210",1,1,NA,-0.129023990711617,-0.847277034218248,60,"RBX1;RPS27A;POLR2I;POLR2A;POLR2F;DDB1;UBA52;POLR2E;POLR2L;POLD2;USP7;POLR2G;XRCC1;PRPF19;UVSSA;CDK7;CUL4B;POLE4;POLR2C;CCNH;PPIE;MNAT1;POLR2J;RPA3;HMGN1;POLK;TCEA1;POLD4;PCNA;POLE3;POLD1;XAB2;POLR2H;POLD3;ZNF830;EP300;POLR2K;GTF2H1;CUL4A;POLR2D;ERCC8;RFC2;RFC5;UBB;SLC19A1;POLR1A;POLR1B;GTF2H3;ERCC3;POLR2B;GTF2H4;LRIG3;RFC4;ERCC2;RFC3;POLE"
"Gastrin-CREB Signaling Pathway Via PKC And MAPK R-HSA-881907",0.711602209944751,1,0.0339723613634993,0.282794547959192,0.844731212158056,17,"EGFR;RPS6KA3;MMP3;CREB1;MAPK7;SOS1;CCKBR;PRKCA;RPS6KA2;GAST;MAPK1;HBEGF;MAPK3;NRAS"
"Gastrulation R-HSA-9758941",0.637254901960784,1,0.173747838999571,-0.211820265426734,-0.884040358153511,16,"SOX2;CTNNB1;SMAD4;EOMES"
"Gene Silencing By RNA R-HSA-211000",0.720160481444333,1,0.0286449572929609,0.222467284026481,0.891469063096374,104,"NDC1;TDRD6;MAEL;H2BC3;MYBL1;TARBP2;PIWIL2;H2BC14;TDRKH;TDRD1;H2BC1;NUP107;NUP155;ASZ1;AGO4"
"Generation Of Second Messenger Molecules R-HSA-202433",0.778481012658228,1,0.027237219988033,0.237245603350827,0.795689571979991,28,"CD247;HLA-DQA2;ITK;ZAP70;LCK;CD3E;CD3D;WAS"
"Global Genome Nucleotide Excision Repair (GG-NER) R-HSA-5696399",0.98685540950455,1,0.00730167173587984,0.145677692154135,0.566445729393436,79,"INO80C;LRIG1;PIAS3;ACTR8;GTF2H5;POLE2;UBE2I;INO80;POLE;ACTR5;SUMO1;RFC3;ERCC2;RFC4;COPS5;LRIG3;GTF2H4;TFPT;ERCC3;GTF2H3;POLR1B;ERCC4;POLR1A;SLC19A1;UBB;ERCC1;NFRKB;COPS4;RFC5;XPA"
"Glucagon Signaling In Metabolic Regulation R-HSA-163359",0.680166147455867,1,0.0331626424471441,0.247876344145474,0.860665816990572,32,"GNG13;CYSLTR2;ADCY7;GNG10;PRKACG;PRKAR1B;GCG;GNG4;ADCY1;GNB1;GNG11;GNG12;GNG3;ADCY9;ADCY2;GNB2;GNG2;PRKCA"
"Glucagon-like Peptide-1 (GLP1) Regulates Insulin Secretion R-HSA-381676",0.83195020746888,1,0.0227269260340067,0.207555798647077,0.748426908945333,42,"GNG13;ITPR1;AKAP5;GNGT1;KCNB1;GNGT2;GNG10;PRKACG;PRKAR1B;GNB5;GCG;GNG4;GNB1;GNG11;KCNS3;GNG12;GNG3;GNB2;GNG2;PRKCA"
"Gluconeogenesis R-HSA-70263",0.562043795620438,1,0.0422468188360053,0.277697958012023,0.95642070735826,31,"FBP1;SLC25A10;SLC37A1;G6PC1;ENO3;SLC37A2;ALDOB;TPI1;G6PC3;PCK1"
"Glucose Metabolism R-HSA-70326",0.914829659318637,1,0.0141641602737639,0.18576296864489,0.733434919892754,87,"NDC1;FBP1;GNPDA2;SLC25A10;NUP107;NUP155;TAC4;SLC37A1;NUP160;ADPGK;PFKFB1;G6PC1;ENO3;SLC37A2;ALDOB;PFKFB2;TPI1;NUP205;PRKACG;NUP153;G6PC3;PCK1"
"Glutamate Binding, Activation Of AMPA Receptors And Synaptic Plasticity R-HSA-399721",0.941605839416058,1,0.0150298748621405,0.174001990850737,0.599280989901994,31,"CAMK2A;CACNG3;LGALS12;AKAP5;GRIA1;CACNG2;GRIA4;GRIP2;PRKCG;PRKCB;CACNG8;CAMK2B;PRKCA;MDM2;GRIA3;NSF;AP2M1;CAMK2G"
"Glutamate Neurotransmitter Release Cycle R-HSA-210500",0.875,1,0.188204146308491,-0.16179702996837,-0.7634324879861,23,"ARL6IP5;SLC38A2;VAMP2;SLC1A3;TSPOAP1;PPFIA2;PPFIA1;SLC1A6;SNAP25;STXBP1;RAB3A;UNC13B;SYT1;STX1A;PPFIA4;CPLX1;RIMS1;SLC1A2;SLC1A7;PPFIA3;SLC17A7;GLS2;SLC1A1"
"Glutathione Conjugation R-HSA-156590",0.966701352757544,1,0.0127010968624207,0.156803127789002,0.550998021980877,34,"CHAC2;GGT5;GGT6;OPLAH;GSTA2;GSTM1;GSTT1;GSTM2;GSTO2;GSTA1;GGT1;MGST2;GSTT2;GCLM;GSTK1;GSTA3;GSTZ1;GGCT;GSTM5"
"Glycogen Metabolism R-HSA-8982491",0.350746268656716,1,0.0652353056017703,0.339105789520133,1.09822319634624,23,"GYG2;GYS1;PHKA1;GYS2;PHKB;PYGL;PYGB;GBE1;PHKG1;UBB;PHKA2;PGM1;CALM1;PYGM"
"Glycolysis R-HSA-70171",0.967676767676768,1,0.00966564348468499,0.161175862067948,0.618294011786534,67,"NDC1;GNPDA2;NUP107;NUP155;TAC4;NUP160;ADPGK;PFKFB1;ENO3;ALDOB;PFKFB2;TPI1;NUP205;PRKACG;NUP153;NUP37;NUP214;HOOK2;NUP88;PGAM2;PFKP;NUP85;PKLR;SEC13;GAPDHS;BPGM"
"Glycosaminoglycan Metabolism R-HSA-1630316",0.480519480519481,1,0.0474483193656297,0.248490229999865,1.00950825261864,120,"NAGLU;SDC1;ARSB;B4GALT1;HAS3;SLC9A1;HEXB;CHST6;GLCE;ST3GAL3;GPC6;DSE;SPAM1;GPC2;ACAN;HS3ST1;CHST9;B3GNT2;STAB2;CHST5;B3GNT7;HMMR;B4GALT6;HS6ST3;DSEL;GPC3;CHPF2;HS3ST5;HS3ST6;PAPSS2;B3GNT4;CEMIP;HS6ST2;CHST2;FMOD;HS3ST2;IDS;LUM;XYLT2;ST3GAL1;EXT1;GPC5;PRELP;OMD;KERA;HAS2;NDST4"
"Glycosphingolipid Metabolism R-HSA-1660662",0.979402677651905,1,0.0104610403416792,0.151818623947163,0.551406902773946,44,"ARSB;HEXB;NEU2;SFTPA2;ARSK;ENPP7;STS;B3GALNT1;B4GALNT1;NEU4;SMPD2;ARSD;GLB1;ESYT3;GBA2;ESYT2;SUMF2;SMPD1;ARSF;ARSJ;ARSH;NAT8;ARSA;CERK;NEU3;ARSI;EGFL7;HEXA;ARSL"
"Glyoxylate Metabolism And Glycine Degradation R-HSA-389661",0.982273201251303,1,0.0114177828322783,0.147488128088898,0.507964483439315,31,"LIPT1;GNMT;LIPT2;HAO1;AGXT;GCSH;AGXT2;DAO;LDHD;GOT2;HOGA1;PDHA2;AMT;GLDC;PDHA1;ALDH4A1;BCKDHB;DHTKD1"
"Golgi-to-ER Retrograde Transport R-HSA-8856688",0.993993993993994,1,0.00409492237559551,0.137350564982395,0.5537128726325,112,"KIF4A;KIF15;KIF4B;TMED7;KIF26A;KIF2B;KIF20A;KIF16B;PLA2G4A;KIF3C;KIF22;PLA2G6;KIF23;COPZ2;KIF26B;KDELR3;ARCN1;KIF27;CAPZA3;RAB6B;TMED9;BNIP1;CAPZA1;KIF20B;KIFC2;KIF19;KIF11;COPG1"
"Growth Hormone Receptor Signaling R-HSA-982772",0.773987206823028,1,0.0280810636309052,0.241317298432801,0.781526777214685,23,"GHR;ADAM17;SOCS2;JAK2;PRLR;IRS2;GH2;STAT5A;SOCS1;CISH;PTPN1;MAPK1;MAPK3;PRL;STAT5B;SOCS3;PTPN6"
"HATs Acetylate Histones R-HSA-3214847",0.991967871485944,1,0.00523322083191526,0.132522733773722,0.530292684483458,102,"H2BC3;TADA2A;GDNF;H2BC14;H2BC1;EP400;H2AC11;ENY2;VPS72;JADE1;H2BC11;H2BC9;BRPF3;ING3;ELP3;NCOA1;H2BC13;JADE3;CREBBP;SUPT3H;MSL3;H2AC14;JADE2;H2AC20;TADA3;ZZZ3;TAF5L;MRGBP"
"HCMV Early Events R-HSA-9609690",0.968812877263581,1,0.00906269502060309,0.163560005480323,0.647804707462812,92,"NDC1;H2BC3;EGFR;H2BC14;HDAC3;H2BC1;NUP107;NUP155;USH2A;PCSK1;UCN3;SUZ12;H2AC11;NUP160;EED;CREB1;TBL1XR1;H2BC11;H2BC9;EZH2;NUP205;H2BC13;H2AC14;NUP153;H2AC20;RRM1"
"HCMV Infection R-HSA-9609646",0.992007992007992,1,0.00409492237559551,0.138605498409501,0.561042499866096,116,"NDC1;H2BC3;EGFR;H2BC14;HDAC3;H2BC1;NUP107;NUP155;USH2A;PCSK1;UCN3;SUZ12;H2AC11;NUP160;EED;CREB1;VPS37A;TBL1XR1;CHMP4C;H2BC11;H2BC9;EZH2;TRMU;NUP205;H2BC13"
"HCMV Late Events R-HSA-9610379",0.968937875751503,1,0.00855469372683394,0.155934497547284,0.614935518158099,86,"NDC1;H2BC3;H2BC14;H2BC1;NUP107;NUP155;PCSK1;UCN3;H2AC11;NUP160;VPS37A;CHMP4C;H2BC11;H2BC9;TRMU;NUP205;H2BC13;H2AC14;NUP153;H2AC20;RRM1"
"HDACs Deacetylate Histones R-HSA-3214815",0.857287449392713,1,0.0194541744944906,0.199392144787107,0.749867800590789,57,"H2BC3;DPEP3;H2BC14;PHF21A;HDAC3;H2BC1;H2AC11;CHD3;TBL1XR1;REST;H2BC11;H2BC9;H2BC13;BRMS1L;HMG20B;H2AC14;H2AC20;HDAC10;MTA2;H3C7;H2BC15;SAP30L;SUDS3;H2AC4;H3C13"
"HDMs Demethylate Histones R-HSA-3214842",0.78247096092925,1,0.0270265157079683,0.235087575363506,0.780202882983331,26,"UTY;KDM3A;KDM4D;KDM3B;PHF8;KDM6A;KDM1B"
"HDR Thru Homologous Recombination (HRR) Or Single Strand Annealing (SSA) R-HSA-5693567",0.530060120240481,1,0.0431036828790402,0.245283796005421,0.986532675698538,109,"RBBP8;XRCC3;H2BC3;RHNO1;RAD51D;ABRAXAS1;RAD17;PALB2;H2BC14;H2BC1;BRCC3;TIMELESS;RAD51B;SERPINA2;SPIDR;SLX4;POLE2;UBE2I;H2BC11;H2BC9;DNA2;H2BC13;POLE;RFC3;RFC4;PIAS4;RAD51AP1;RAD52;RAD9A;RAD50;BRCA2;RMI2;CHEK1;EXO1;MRE11;WRN;POLR1B;RMI1;ERCC4;RAD51;POLR1A;MDC1;SLC19A1;UBB;ERCC1;RFC5;H2BC15;SLX1A;PPP4C;RFC2;RNF168;RAD9B;CCNA1;HUS1;GEN1;BABAM1;MUS81;XRCC2;ARTN;RRAD;BRIP1"
"HIV Transcription Initiation R-HSA-167161",0.574162541871834,1,0.143902565267782,-0.145159630869762,-0.94630409173644,45,"POLR2I;POLR2A;TAF10;POLR2F;TAF12;TAF15;TAF2;TAF6;POLR2E;POLR2L"
"HS-GAG Biosynthesis R-HSA-2022928",0.554507337526205,1,0.0431036828790402,0.279360328872506,0.952999562170456,30,"SDC1;GLCE;GPC6;GPC2;HS3ST1;HS6ST3;GPC3;HS3ST5;HS3ST6;HS6ST2;HS3ST2;EXT1;GPC5;NDST4;HS6ST1;HS3ST3B1;HS3ST4;HS3ST3A1;NDST3"
"HS-GAG Degradation R-HSA-2024096",0.605150214592275,1,0.0401660980049421,0.292229523852997,0.924254397731884,21,"NAGLU;SDC1;GPC6;GPC2;GPC3"
"Hedgehog Ligand Biogenesis R-HSA-5358346",0.814402120183187,1,NA,-0.132477359748989,-0.868194791842832,63,"PSMB7;RPS27A;PSMB6;VCP;PSMD14;SEM1;PSMC5;PSMA2;PSMD8;UBA52;PSMD4;ERLEC1"
"Hedgehog Off State R-HSA-5610787",0.984939759036145,1,0.00651414071836222,0.142337136790129,0.565944532586579,97,"TTC21B;PSMA6;WDR35;PSMD9;PSMD5;KIF7;IFT57;ADCY7;MKS1;GLI2;IFT88;ADCY10;GPR161;PRKACG;FUZ;BTRC;RPGRIP1L;SMOX;PSMB11;CSNK1A1;PRKAR1B;PSMD13;IFT172;GLI1;ADCY1;PSME4;UBB;PSMA4;PSMB9;WDR19;ADCY9;PSMA8;ADCY2;GLI3;PSMA7;IFT122;TULP3;PRKCA;DYNC2H1;PSMF1;PSMB3;PSMB4;PSMC3;ITCH;OFD1;PRKAR2A;IFT140;PSMD12;SUFU;PSMB10;IFT52;PSMB8;PSMC1"
"Hedgehog On State R-HSA-5632684",0.98894472361809,1,0.00599657425469861,0.132150838242953,0.519626737694909,84,"PSMA6;PSMD9;PSMD5;KIF7;EVC2;PTCH2;SHH;BOC;GAS8;GLI2;IQCE;SMURF1;GPR161;SMOX;PSMB11;CSNK1A1;SPOP;ARRB2;EVC;CDON;PSMD13;GAS1;ULK3;GLI1;PSME4;UBB;PSMA4;DHH;PSMB9;CDC73;PSMA8;SMURF2;GLI3;PSMA7;CUL3;PSMF1;PSMB3;PSMB4;PSMC3"
"Heme Signaling R-HSA-9707616",0.614830072090628,1,0.037536290520292,0.253236579587625,0.919758026973539,44,"CLEC1B;GDNF;HDAC3;APOA1;NPAS2;CREB1;TBL1XR1;NCOA1;CREBBP;RNASE12;TLR4;PPARGC1A;CRTC1;PPARA;MEF2C;NRIP1;HELZ2;BRIP1;NCOA6;APOB;EP300;LIN9;MAFK;CLOCK;RORA"
"Heparan Sulfate/Heparin (HS-GAG) Metabolism R-HSA-1638091",0.932926829268293,1,0.0137183520206939,0.17418716911833,0.64840194427726,53,"NAGLU;SDC1;GLCE;GPC6;GPC2;HS3ST1;HS6ST3;GPC3;HS3ST5;HS3ST6;HS6ST2;HS3ST2;IDS;XYLT2;EXT1;GPC5;NDST4;VCAN;HS6ST1;HS3ST3B1;GLB1;SGSH;HS3ST4;HS3ST3A1;NDST3"
"Homology Directed Repair R-HSA-5693538",0.635364635364635,1,0.034566432206351,0.232130265565675,0.93880575174037,114,"RBBP8;XRCC3;H2BC3;RHNO1;RAD51D;ABRAXAS1;RAD17;PALB2;H2BC14;H2BC1;BRCC3;TIMELESS;RAD51B;SERPINA2;SPIDR;SLX4;POLE2;UBE2I;H2BC11;H2BC9;DNA2;H2BC13;POLE;RFC3;RFC4;PIAS4;LRIG3;RAD51AP1;RAD52;RAD9A;RAD50;BRCA2;RMI2;CHEK1;EXO1;MRE11;WRN;POLR1B;RMI1;ERCC4;RAD51;POLR1A;MDC1;SLC19A1;UBB;ERCC1;RFC5;H2BC15;SLX1A;PPP4C;RFC2;RNF168;RAD9B;CCNA1;HUS1;GEN1;BABAM1;MUS81;XRCC2;ARTN;RRAD;BRIP1"
"IKK Complex Recruitment Mediated By RIP1 R-HSA-937041",0.837982832618026,1,0.024215353215022,0.230982140129188,0.730543088176527,21,"RIPK1;UBE2D1;TRAF6;SARM1;IKBKB;TLR4;UBE2D3;UBB;BIRC3"
"IRAK4 Deficiency (TLR2/4) R-HSA-5603041",0.7560706401766,1,0.0309900819310557,0.265257362137817,0.802400763548725,18,"S100A9;TIRAP;IRAK4;FGG;TLR6;CD36;MYD88;FGA;TLR4"
"IRE1alpha Activates Chaperones R-HSA-381070",0.851966334093925,1,0.143902565267782,-0.146144571278262,-0.922385350288346,48,"ADD1;HDGF;MYDGF;LMNA;WIPI1;ATP6V0D1;CTDSP2;GSK3A;PDIA6;KLHDC3;SSR1;ZBTB17;YIF1A;TLN1;WFS1"
"Immunoregulatory Interactions Between A Lymphoid And A non-Lymphoid Cell R-HSA-198933",0.443556443556444,1,0.0511147954416412,0.253925036640792,1.02796747549985,115,"CD8B;SLAMF7;SIGLEC9;CLEC1B;FCGR2B;SH2D1A;SLAMF6;CD300LF;ITGAL;CD247;CD300LB;CD19;SIGLEC8;CD40;KLRD1;CD96;TREM1;SIGLEC5;HLA-G;MICB;TREML2;CLEC4G;KLRF1;CD160;LILRA2;ICAM1;TREML1;JAML;ITGB7;CD3E;CD3D;SELL;ICAM4;NCR1;CD226;KLRK1;CD300C;MICA;PVR;ULBP3;CD300E;OSCAR;ICAM3"
"Inactivation Of APC/C Via Direct Inhibition Of APC/C Complex R-HSA-141430",0.946351931330472,1,0.0167582341026205,0.190751573965496,0.603303111839502,21,"UBE2C;BUB1B;MAD2L1;UBE2D1"
"Inactivation Of CSF3 (G-CSF) Signaling R-HSA-9705462",0.995749202975558,1,0.0119234526278759,0.138470275706172,0.451730789362056,24,"CSF3;JAK2;UBE2D1;UBE2D3;TYK2;UBB;STAT5A;SYK;SOCS1;CUL5;CSF3R;STAT5B;SOCS3"
"Incretin Synthesis, Secretion, And Inactivation R-HSA-400508",0.67268862911796,1,0.0347904098478036,0.268418965891172,0.87566165896181,24,"GNG13;SPCS2;PCSK1;DPP4;GNAT3;ISL1;GATA4;GCG;LEP;GPR119;GNB1"
"Initial Triggering Of Complement R-HSA-166663",0.450643776824034,1,0.0536769600638126,0.324929279801144,1.02021904165202,20,"COLEC11;C1R;MASP1;FCN3;FCN2;CFB;FCN1;COLEC10;MBL2;MASP2;PIKFYVE;GZMM"
"Initiation Of Nuclear Envelope (NE) Reformation R-HSA-2995383",0.666666666666667,1,0.184706471207739,-0.190340754397462,-0.865241958767177,19,"SIRT2;LMNA;PPP2CA;KPNB1;PPP2R2A"
"Inositol Phosphate Metabolism R-HSA-1483249",0.54841997961264,1,0.042331839351853,0.260455069719974,0.961383165273742,48,"NUDT10;PPIP5K2;PLCH1;IP6K1;INPP5J;ITPKA;PLCB4;PLCH2;MIOX;INPP5D;PLCD4;PLCD1;IMPA2;PTEN"
"Insulin Processing R-HSA-264876",0.780952380952381,1,0.027237219988033,0.235739586750537,0.786537351125688,27,"INS;PCSK1;SLC30A8;EXOC1;CLTRN;SLC30A5"
"Insulin Receptor Recycling R-HSA-77387",0.894403379091869,1,0.0194541744944906,0.195171759003075,0.647731250006184,26,"INS;ATP6V1B1;ATP6V0D2;ATP6V1G3;ATP6V1E2;ATP6V1C1;ATP6V1D;ATP6V0A4;ATP6V1A;ATP6V1C2;ATP6V0A2"
"Integration Of Energy Metabolism R-HSA-163685",0.94383149448345,1,0.0115202567953401,0.178090798474582,0.713957932518253,105,"ADIPOQ;GNG13;GNA14;CYSLTR2;CACNA1A;SLC2A2;ADCY7;INS;MLXIPL;ADRA2C;ITPR1;CACNA1D;AKAP5;PRKAA2;PFKFB1;GNGT1;PRKAB2;CACNB2;KCNB1;CACNB3;GNGT2;STK11;GNG10;ABCC8;PRKACG;PRKAR1B;CD36;GNB5;GCG;GNG4;SYT5;PLCB2;TKT;ADCY1;GNB1;GNG11;ADIPOR1;KCNS3;GNG12;PKLR;CACNA2D2;PRKAG2;GNG3;CACNA1C;ADCY9;ADCY2;GNB2;GNG2;PRKCA;SLC2A1"
"Integrin Cell Surface Interactions R-HSA-216083",0.765893037336024,1,0.0257629629837414,0.218098105267306,0.834679751527653,66,"COL23A1;TNNI3;VTN;COL9A1;ITGAL;ITGA1;ITGA11;ICAM1;COMP;ITGB7;IBSP;FGG;F11R;ICAM4;KDR;FBN1;LUM;ITGB3;COL18A1;ICAM3;FGA;COL4A2;ITGB2;THBS1;COL13A1;COL4A4;ITGA8;ITGA5;ITGAE;COL4A3;COL4A1;ITGB6"
"Integrin Signaling R-HSA-354192",0.984126984126984,1,0.012605799966357,0.151518078467141,0.505535068284105,27,"AKT1;RASGRP1;SOS1;FGG;CRK;ITGB3;FGA;RASGRP2;APBB1IP;SYK;FGB;PDPK1;PTPN1;SHC1;ITGA2B"
"Interaction Between L1 And Ankyrins R-HSA-445095",0.549473684210526,1,0.0437125833579551,0.283163907805234,0.956843467480741,29,"SCN11A;SPTA1;ANK1;SCN5A;KCNQ2;L1CAM;SPTBN4;SCN4B;SPTBN2;SCN1A;SCN1B;SCN9A;SPTBN5;SCN2B;SCN10A;SCN4A"
"Interactions Of Rev With Host Cellular Proteins R-HSA-177243",0.952232606438214,1,0.0138082722594766,0.166100275107403,0.587487121204997,36,"NDC1;NUP107;NUP155;NUP160;RCC1"
"Interactions Of Vpr With Host Cellular Proteins R-HSA-176033",0.93698347107438,1,0.0146874349112173,0.174820357954753,0.622459637088333,37,"NDC1;NUP107;NUP155;NUP160;SLC25A4;NUP205;NUP153;KPNA1;NUP37;NUP214;NUP88;NUP85;SEC13"
"Interconversion Of Nucleotide Di- And Triphosphates R-HSA-499943",0.739451476793249,1,0.0298484971250709,0.245855764523769,0.824566884611351,28,"DTYMK;DCTD;AK6;TYMS;GLRX;GSR;RRM1;AK7;RRM2;CTPS2"
"Interferon Alpha/Beta Signaling R-HSA-909733",0.981818181818182,1,0.0078803141868031,0.149461678150057,0.573356701221105,67,"IRF8;IRF3;IFNA6;HLA-G;RNASEL;IFIT3;OAS1;IRF7;IFNA8;IRF6;OASL;IFIT2;RSAD2;IRF5;IFNB1;IFNAR1;ISG15;IRF1;KPNA1;HOXC13;OAS3;TYK2;IRF4;SAMHD1;OAS2;IFNA5;MX2;IRF2;HLA-F;SOCS1;GBP2;MX1;IFI35;PTPN1;IFIT5"
"Interferon Gamma Signaling R-HSA-877300",0.919839679358717,1,0.0137183520206939,0.183919366064747,0.724255185992672,85,"IRF8;CAMK2A;GBP4;TRIM26;TRIM62;MID1;PTAFR;IRF3;HLA-DQA2;JAK2;HLA-G;TRIM21;GBP6;ICAM1;OAS1;TRIM29;IRF7;IRF6;GBP5;OASL;CIITA;SUMO1;TRIM3;IRF5;TRIM25;IFNG;PTPN2;IRF1;TRIM31;PML;TRIM35;OAS3;TRIM14;IRF4"
"Interleukin Receptor SHC Signaling R-HSA-912526",0.807407407407407,1,0.0254820564855004,0.228717757549371,0.763109249736054,27,"IL2RG;CSF2;JAK2;INPP5D;CSF2RB;PIK3R3;PIK3CA;SOS1;IL5RA"
"Interleukin-17 Signaling R-HSA-448424",0.985872855701312,1,0.00715048391330487,0.13800651058511,0.530036305872228,68,"IL17RE;NOD2;GDNF;TAB3;DUSP3;RPS6KA3;CREB1;MAPK7;TRAF6;BTRC;IL17RC;IKBKB;IL17C;MAPK11;IRAK2;MEF2C;MAPK9;MAP3K8;UBB;RIPK2;IL17F;MEF2A;MAP2K1;MAPK8;MAPK14;RPS6KA2;DUSP4;RPS6KA5;MAPK1;IRAK1;MAPK10;CHUK;MAPK3;MAP2K6;IL17RA;FOS;VRK3;MAP2K3;JUN;MAPKAPK3;IL25"
"Interleukin-2 Family Signaling R-HSA-451927",0.648760330578512,1,0.0351652290409302,0.245772237261945,0.889756878808254,43,"IL2RG;IL9R;CSF2;JAK2;IL21R;IL15RA;INPP5D;CSF2RB;LCK;IL9;PIK3R3;PIK3CA;SOS1;IL5RA;IL15;IL5;PTK2B;STAT4;PIK3R2"
"Interleukin-20 Family Signaling R-HSA-8854691",0.850210970464135,1,0.0224414263839237,0.217383407235588,0.714794541950545,25,"IL22;IFNL3;JAK2;IL20RA;IL20RB;IL19;STAT4;TYK2;IL10RB;IL22RA2;IL26;STAT5A;IL22RA1;IL20"
"Interleukin-3, Interleukin-5 And GM-CSF Signaling R-HSA-512988",0.870236869207003,1,0.0196032645039178,0.198825813914224,0.722137530900734,44,"IL2RG;TEC;CSF2;JAK2;INPP5D;CSF2RB;CBL;PIK3R3;PIK3CA;SOS1;VAV1;CRK;IL5RA"
"Interleukin-37 Signaling R-HSA-9008059",0.991416309012876,1,0.0131702144400005,0.155641909867797,0.492259364386005,21,"IL37;CASP1;IL18R1;PTPN20;PTPN2;PTPN14;PTPN12;IL18BP;PTPN23;SMAD3;PTPN4;PTPN7;PTPN6"
"Interleukin-4 And Interleukin-13 Signaling R-HSA-6785807",0.441323971915747,1,0.051530912208539,0.255800746353809,1.02660464560315,106,"IL2RG;IL12A;CXCL8;IL4R;FASLG;IL6R;LBP;RORC;AKT1;JAK2;IL23R;F13A1;MMP9;CCL22;IL13RA2;MMP3;IL4;IL1A;VEGFA;FCER2;POU2F1;MMP1;MUC1;ICAM1;LIF;CCM2;LCN2;LAMA5;SOS1;FGF13;MCL1;TP53;FOXO3;HIF1A;PTGS2;IL23A;CCL11;CD36"
"Interleukin-7 Signaling R-HSA-1266695",0.818565400843882,1,0.024567800621605,0.228415236133667,0.751069118673568,25,"IL2RG;SOCS2;RAG1;TSLP;PIK3R3;SOS1;IRS2;PIK3R2;H3C7;H3C13;STAT5A;IL7R;SOCS1;CISH;RAG2"
"Intra-Golgi And Retrograde Golgi-to-ER Traffic R-HSA-6811442",1,1,0.0014426950408889,0.118224069463839,0.493502600268776,178,"KIF4A;NAA30;KIF15;RAB33B;KIF4B;TMED7;KIF26A;KIF2B;GCC2;KIF20A;SYS1;KIF16B;PLA2G4A;KIF3C;RAB41;RABEPK;KIF22;PLA2G6;RAB30;KIF23;COPZ2;COG3;KIF26B;KDELR3;STX6;ARCN1;VPS54;KIF27;CAPZA3;GOLGA1;RAB6B;COG4;TMED9;BNIP1;CAPZA1;ALPP;KIF20B;KIFC2;KIF19;KIF11"
"Intra-Golgi Traffic R-HSA-6811438",0.968911917098446,1,0.0121212734616549,0.158624348195885,0.569143868124398,40,"RAB33B;RAB41;RAB30;COG3;STX6;COG4;ALPP;GOSR2;MAN1A1;CYTH4;COG7;COG5;COG8;RAB36;MAN1A2;NSF;COG1;TRIP11;MAN2A2;RIC1;YKT6;STX5;VPS45;MAN1C1;CYTH3"
"Intracellular Signaling By Second Messengers R-HSA-9006925",0.998001998001998,1,0.00204130030921835,0.158239237773213,0.67720127542745,304,"RNF2;PSMA6;CD86;CAMK2A;TRIB3;FGF10;RRAGD;DPEP3;PSMD9;PSMD5;FLT3;EGFR;EPGN;GDNF;NR2E1;HDAC3;PIP5K1C;AKT1;CD19;AGO4;ADCY7;FGF20;INS;BTC;FRK;SNAI1;THEM4;FGF19;ITPR1;SUZ12;FGF23;ESR1;ESR2;EED;NR4A1;AREG;FGF7;CREB1;IL1RL1;SALL4;CHD3;FGF8;NBEA;PDE1A;TNRC6C;LCK;IRAK4;TRAF6;REST;EGF;FGFR4;KL;TGFA;PDE1B;PIK3R3;EZH2;EREG;NRG4;PTEN;PIK3CA;FGF5;SOS1;PRKCE;VAV1;KLB;FGF13;ICOS;FGFR1;PIP5K1B;PRKACG;CASP9;TP53;KIT;FOXO3;RICTOR;IRS2;PSMB11;NEDD4;STRN;PRKAR1B;AKT1S1;MYD88;FGF9;HOXC13;PHLPP2;FGF18;SCMH1;KITLG;PRKCG;CAMKK1;PML;FGF3;MECOM;AKT3;PSMD13;PPP2R5C;ADCY1;CD28;PIK3R2;FGF22;PPARG;MTA2;PSME4;RRAGB;UBB;PSMA4"
"Intrinsic Pathway For Apoptosis R-HSA-109606",0.821681864235056,1,0.0220834140571177,0.207679053827347,0.777403540911382,55,"CASP3;GSDME;BBC3;CASP8;TP73;AKT1;TP53BP2;BAK1;APAF1;PPP1R13B;CASP7;CDKN2A;BID;CASP9;TP53;NMT1;BMF;UACA;AKT3;BAX;PMAIP1;BCL2L11;GSDMD;REXO2;BCL2;MAPK8;BAD"
"Intrinsic Pathway Of Fibrin Clot Formation R-HSA-140837",0.356223175965665,1,0.0647943366000727,0.344423095345036,1.08933059314436,21,"F9;F8;GP1BA;FAM110A;GP9;KLKB1;PROS1;SERPIND1;SERPINC1;TTF2;GP5"
"Inwardly Rectifying K+ Channels R-HSA-1296065",0.388946819603754,1,0.059221919380382,0.300957774637287,1.05967308793976,35,"GNG13;KCNJ15;KCNJ1;UBD;KCNJ6;GNGT1;GABBR2;KCNJ14;GNGT2;GNG10;ABCC8;GNB5;GNG4;KCNJ8;GNB1;GNG11;GNG12;KCNJ5;GNG3;GNB2;GNG2"
"Ion Channel Transport R-HSA-983712",0.946,1,0.0110006035430037,0.183667284713513,0.764422608974499,173,"CAMK2A;PLN;STOML3;MCOLN2;TRPV2;TRPC4;TRPM8;TRPV6;WNK3;RNASE3;ATP7A;SLC9C2;ANO9;ANO1;WNK4;SCNN1A;MCOLN3;BSND;ATP6V1B1;TRPC7;BEST2;ASIC4;SLC9C1;FXYD3;ATP8B3;TRPV1;TRPC5;NEDD4L;ATP12A;ATP6V0D2;SLN;SCNN1G;SLC17A3;TRPV5;ATP8B4;ATP13A2;ASIC5;ATP4B;ANO5;CLCN5;CLCA2;TRPM1;ATP6V1G3;TRPM6;TRPC6;SLC9B2;ANO6;ATP2C2;CLCN1;TRPM4;ATP6V1E2;ATP6V1C1;CLCA1;ATP6V1D;ATP13A5;TRPC3;MCOLN1;ATP6V0A4;ATP9B;ATP6V1A;CLCA4;FKBP1B;FXYD7;TRPM2;ATP6V1C2;ATP10D;UBB;ATP8B1;TRPC4AP;TSC22D3;BEST4;CALM1;SCNN1D"
"Ion Homeostasis R-HSA-5578775",0.913705583756345,1,0.0152836130945825,0.183349278492049,0.679063222826874,49,"CAMK2A;PLN;TNNI3;ORAI2;SLC8A3;ITPR1;FXYD3;ORAI1;SLN;SLC8A2;NANOS1;DMPK;FKBP1B;FXYD7;CALM1;RYR1;CAMK2B;CLIC2;PRKCA;SLC8A1;ATP1A3;ATP2B3;CAMK2G;ATP1A4;TRDN;RYR2;ATP2B1;ATP2A2;RYR3;ATP1A2;STIM1;ABCC9;ATP1B3;FXYD4"
"Ion Transport By P-type ATPases R-HSA-936837",0.943089430894309,1,0.0127958872528513,0.171456935747277,0.637732867636263,52,"CAMK2A;PLN;ATP7A;FXYD3;ATP8B3;ATP12A;SLN;ATP8B4;ATP13A2;ATP4B;ATP2C2;ATP13A5;ATP9B;FXYD7;ATP10D;ATP8B1;CALM1;ATP11C;ATP13A4;PDZD11;CAMK2B;ATP7B;ATP8A2;ATP10B;ATP1A3;ATP2B3;ATP13A1;CAMK2G;ATP11A;ATP4A"
"JNK (c-Jun Kinases) Phosphorylation And Activation Mediated By Activated Human TAK1 R-HSA-450321",0.777041942604856,1,0.0296354881939192,0.258924579018847,0.783244160432804,18,"NOD2;TAB3;TRAF6;IRAK2;MAPK9;RIPK2;MAPK8;IRAK1;MAPK10"
"KSRP (KHSRP) Binds And Destabilizes mRNA R-HSA-450604",0.740331491712707,1,0.0320704174637537,0.275515840081937,0.822989096645328,17,"EXOSC8;AKT1;EXOSC1;EXOSC9;EXOSC4;MAPK11"
"LDL Clearance R-HSA-8964038",1,1,0.140406238523342,-0.126828788368258,-0.559712187743858,18,"CLTA;AP2A2;NPC2;AP2B1;CLTC;LSR;AP2A1;NCEH1;PCSK9;SOAT2;LDLRAP1;AP2S1;AP2M1;APOB;LDLR"
"Lagging Strand Synthesis R-HSA-69186",0.65343347639485,1,0.0366082221336689,0.281079705508795,0.882539326580583,20,"LRIG1;DNA2;RFC3;RFC4;PRIM2;POLR1B;POLR1A;POLA1;SLC19A1;RFC5;RFC2"
"Laminin Interactions R-HSA-3000157",0.423200859291085,1,0.0566484183613995,0.327156412031568,1.04633026935356,22,"LAMA4;LAMA2;ITGA1;LAMB3;LAMB1;LAMC3;LMNB2;LAMA5;NID2;COL18A1;LAMC2;NID1"
"Leishmania Infection R-HSA-9658195",0.853146853146853,1,0.0189287891242153,0.205018782566518,0.870877136684691,241,"HTR6;MC1R;MYH2;FZD7;PTH2R;GNG13;GLP2R;DPEP3;FSHB;CYSLTR1;ADORA2B;CYSLTR2;GIPR;VAV3;PTHLH;CD247;ADRB2;GHRH;GGT5;ADAM17;RXFP2;RLN2;MC5R;IAPP;PSTPIP1;WNT5A;ADCY7;TAAR8;CALCA;NPS;CASP1;NOXO1;ITPR1;HTR7;GPR150;GPR83;TSHB;RAMP1;IL1A;VAV2;MC2R;CREB1;P2RX4;GNGT1;HRH2;TAAR1;PTGER2;CRH;NOX1;ADCYAP1;GNGT2;RAMP2;NCKIPSD;ADRB3;MEFV;MYO1E;GNG10;VAV1;GHRHR;LHB;GPR39;CRK;RHBDF2;WAS;WIPF2;PRKACG;AVPR2;BAIAP2;GNAT3;GPR45;NCKAP1;DPEP2;ARPC1B;DPEP1;PRKAR1B;CTSG;CPAMD8;GNB5;FGR;GCG;CD163;RXFP1;LHCGR;GNG4;CRHR2;CHGA;POMC;CALCR;NCK1;ADCY1;NLRP3;TAAR6;GNB1;DRD1;ADM;GNG11;SCTR;CALM1;GSDMD;GNG12;ENTPD1;GPHA2;NOXA1;GPR25;GNG3;NT5E;ADM2;MAPK8;ADCY9;NCKAP1L;ADCY2;GGT1;TSHR;GNB2;IL6;GNG2;TAAR5;MAPK14;SYK;PRKCA"
"Long-term Potentiation R-HSA-9620244",0.961620469083156,1,0.0151147394041638,0.175328485303068,0.5678163437214,23,"CAMK2A;GRIN2D;GRIA1;NRGN;NEFL;MPP3;CALM1;ERBB4;CAMK2B;ACTN2;GPRIN1;GRIN2A;CAMK2G;NRG1;GRIN2B"
"Loss Of Nlp From Mitotic Centrosomes R-HSA-380259",0.976791120080727,1,0.00842359386195179,0.155334084762881,0.596585654652759,68,"HAUS7;HAUS2;AKAP9;HAUS8;NEDD1;CEP63;CEP135;SFI1;HAUS6;NINL;CEP152;TUBG1;CEP131;CEP70;CEP192;CEP290;CDK1"
"M Phase R-HSA-68886",1,1,0,0.152535743583647,0.657409986639452,369,"SGO2;NDC1;HAUS7;PSMA6;CENPF;CENPH;CCNB1;CENPQ;H2BC3;TUBA4B;MAD1L1;PSMD9;PSMD5;SMC4;SPC25;H2BC14;RAB33B;HAUS2;H2BC1;NUP107;NUP155;CNEP1R1;KIF2B;AKAP9;HAUS8;KIF20A;UBE2C;NCAPH;NEDD1;BUB1B;MAD2L1;MIS12;CEP63;CEP135;MCPH1;ESPL1;SFI1;NME7;TUBGCP2;AURKB;SKA1;CDCA5;BUB1;HAUS6;TUBB8;NUP160;RCC1;TUBGCP5;LMNB1;NCAPG;UBE2D1;SGO1;LPIN3;CLIP1;SPDL1;CENPO;KIF23;CENPU;LPIN1;SKA2;GOLGA2;NINL;TUBA3C;TUBGCP6;SPC24;CHMP4C;ZWILCH;CC2D1B;CEP152;TUBG1;PHF8;CEP131;MZT2A;UBE2I;H2BC11;CEP70;H2BC9;CENPP;PMEPA1;CDCA8"
"MAP Kinase Activation R-HSA-450294",1,1,0.00480899561354898,0.114057435179853,0.433693585703344,61,"NOD2;GDNF;TAB3;DUSP3;RPS6KA3;CREB1;MAPK7;TRAF6;BTRC;IKBKB;MAPK11;IRAK2;MEF2C;MAPK9;MAP3K8;UBB;RIPK2;MEF2A;MAP2K1;MAPK8;MAPK14;RPS6KA2;DUSP4;RPS6KA5;MAPK1;IRAK1;MAPK10;CHUK;MAPK3;MAP2K6;FOS;VRK3;MAP2K3;JUN;MAPKAPK3"
"MAP2K And MAPK Activation R-HSA-5674135",0.96900826446281,1,0.0118236229287788,0.154452085514026,0.549937033772003,37,"KSR2;CNKSR1;RNASE3;IL17RD;FGG;ITGB3;FGA;ARRB2;WDR83;APBB1IP;VCL;MAP2K1;FGB;CNKSR2;MAPK1;LAMTOR3;BRAF;ITGA2B;MAPK3"
"MAPK Family Signaling Cascades R-HSA-5683057",1,1,0,0.141795580404982,0.608072429847161,314,"IL2RG;KSR2;PSMA6;CAMK2A;DUSP9;FGF10;GFRA4;PSMD9;PSMD5;CNKSR1;MMP10;FLT3;EGFR;IL6R;EPGN;GDNF;RNASE3;GRIN2D;CSF2;GFRA2;SHC3;SPTA1;CDC42EP5;RASAL3;AGO4;PSPN;FGF20;BTC;JAK2;SPRED2;RAG1;RET;FGF19;DAB2IP;SPRED3;FGF23;MRAS;ZDHHC9;AREG;MAPK12;FGF7;CSF2RB;FGF8;DUSP8;DUSP12;TNRC6C;GFRA3;RASGRP4;EGF;RASGRP1;FGFR4;KL;RGL2;TGFA;IL17RD;SPTBN4;TEK;EREG;NRG4;KBTBD7;PIK3CA;FGF5;SOS1;KLB;FGG;LYPLA1;FGF13;ABHD17C;FGFR1;SPTBN2;CDK1;PRKACG;IL5RA;SHC2;KIT;FOXO3;ITGB3;ANGPT1;PPP5C;IRS2;PSMB11;NEFL;NRTN;FGA;ZNF367;FGF9;ARRB2;FGF18;WDR83;IL5;NCOA3;KITLG;FGF3;CDC14A;PSMD13;SPTBN5;MAPK4;CDC42EP3;PPP2R5C;RGL3;PRKG2;TYK2;PIK3R2;FGF22;PSME4;MMP2;RASAL1;UBB;PSMA4"
"MAPK Targets/ Nuclear Events Mediated By MAP Kinases R-HSA-450282",0.908805031446541,1,0.0179363489740654,0.189607365106044,0.64681959911645,30,"GDNF;DUSP3;RPS6KA3;CREB1;MAPK7;MAPK11;MEF2C;MAPK9;MEF2A;MAPK8;MAPK14;RPS6KA2;DUSP4;RPS6KA5;MAPK1;MAPK10;MAPK3;FOS;VRK3;JUN"
"MAPK1/MAPK3 Signaling R-HSA-5684996",0.999000999000999,1,0.0014426950408889,0.152096218852676,0.64861776480101,273,"IL2RG;KSR2;PSMA6;CAMK2A;DUSP9;FGF10;GFRA4;PSMD9;PSMD5;CNKSR1;FLT3;EGFR;IL6R;EPGN;GDNF;RNASE3;GRIN2D;CSF2;GFRA2;SHC3;SPTA1;RASAL3;PSPN;FGF20;BTC;JAK2;SPRED2;RET;FGF19;DAB2IP;SPRED3;FGF23;MRAS;ZDHHC9;AREG;MAPK12;FGF7;CSF2RB;FGF8;DUSP8;DUSP12;GFRA3;RASGRP4;EGF;RASGRP1;FGFR4;KL;RGL2;TGFA;IL17RD;SPTBN4;TEK;EREG;NRG4;KBTBD7;PIK3CA;FGF5;SOS1;KLB;FGG;LYPLA1;FGF13;ABHD17C;FGFR1;SPTBN2;CDK1;IL5RA;SHC2;KIT;ITGB3;ANGPT1;PPP5C;IRS2;PSMB11"
"MTOR Signaling R-HSA-165159",0.878787878787879,1,0.266350657088526,-0.128522151608724,-0.763671909386285,41,"PPM1A;RPS6;EIF4B;RPS6KB1;EIF4G1;EIF4E;RRAGA;LAMTOR2"
"Meiosis R-HSA-1500620",0.860721442885772,1,0.0185498307405843,0.200238948057148,0.788519989336262,85,"RBBP8;SYNE2;H2BC3;STAG3;SPO11;H2BC14;REC8;H2BC1;SMC1B;SYCP2;SYNE1;SYCP1;SERPINA2;LMNB1;UBE2I;H2BC11;H2BC9;MND1;PMEPA1;SYCE1;H2BC13;MLH1;H2AC14;TEX12;H2AC20;RAD50;BRCA2;MSH4;MRE11;POLR1B;RAD51;POLR1A;SYCE2;H3C7;H2BC15;PSMC3IP;STAG2;SYCE3;SYCP3;ACD;H2AC4;H3C13"
"Meiotic Recombination R-HSA-912446",0.84349593495935,1,0.0207088406492443,0.204871133522949,0.762621276727478,53,"RBBP8;H2BC3;SPO11;H2BC14;H2BC1;H2BC11;H2BC9;MND1;H2BC13;MLH1;H2AC14;H2AC20;RAD50;BRCA2;MSH4;MRE11;POLR1B;RAD51;POLR1A;H3C7;H2BC15;PSMC3IP;H2AC4;H3C13"
"Meiotic Synapsis R-HSA-1221632",0.674089068825911,1,0.0323604297137014,0.235325432808489,0.885004596904198,57,"SYNE2;H2BC3;STAG3;H2BC14;REC8;H2BC1;SMC1B;SYCP2;SYNE1;SYCP1;SERPINA2;LMNB1;UBE2I;H2BC11;H2BC9;PMEPA1;SYCE1;H2BC13;H2AC14;TEX12;H2AC20"
"Metabolic Disorders Of Biological Oxidation Enzymes R-HSA-5579029",0.356178608515057,1,0.0632191170859458,0.314442485716054,1.09179397412173,32,"FMO3;CYP21A2;CYP24A1;CYP11A1;OPLAH;TPMT;CYP4F22;CYP1B1;FDXR;CYP26C1"
"Metabolism Of Amine-Derived Hormones R-HSA-209776",0.965783664459161,1,0.0173129588067077,0.185239007488383,0.560346072394633,18,"TSHB;TH;TPO;CHGA;TPH2;ASMT;AANAT;DDC;TPH1;DIDO1;SLC5A5;DUOX2;DBH;DUOX1"
"Metabolism Of Angiotensinogen To Angiotensins R-HSA-2022377",0.809050772626932,1,0.0275885895800029,0.248804175510575,0.752630045005392,18,"CPA4;ACE2;ENPEP;CPB1;GZMH;CPB2;CTSG;AOPEP;AGXT;MMP12"
"Metabolism Of Carbohydrates R-HSA-71387",0.502497502497502,1,0.0454059226590179,0.234566914714973,1.00188965846264,282,"NDC1;NAGLU;SDC1;FBP1;ARSB;B4GALT1;GYG2;HAS3;KHK;SLC9A1;UBL4A;HEXB;GNPDA2;CHST6;GLCE;SLC25A10;ST3GAL3;GPC6;NUP107;NUP155;TAC4;DSE;SPAM1;GPC2;FUT10;ACAN;HS3ST1;CHST9;B3GNT2;STAB2;FUT5;CHST5;B3GNT7;HMMR;SLC37A1;FUT3;B4GALT6;FUT7;HS6ST3;MAN2B2;NUP160;ADPGK;DERA;DSEL;TKFC;XYLB;GPC3;GALT;PFKFB1;G6PC1;LALBA;GYS1;ENO3;PHKA1;GYS2;PRPS1L1;SLC37A2;PHKB;CHPF2;ALDOB;HS3ST5;PFKFB2;FUT11;HS3ST6;PAPSS2;B3GNT4;TPI1;NUP205;CEMIP;PYGL;HS6ST2;PRKACG;CHST2;B3GALT4;FUT9;FMOD;HS3ST2;PYGB;RPEL1;IDS;LUM;NUP153;G6PC3;PCK1;XYLT2;ST3GAL1;GBE1;EXT1;GPC5;PHKG1;FUT4;NUP37;PRELP;OMD;KERA;HAS2;NUP214;NDST4;ABO;MAN2C1;TKT;GALK1;CHST13;ST6GALNAC6;FUT1;PGM2;VCAN;UBB;PHKA2;PGM1;HOOK2;HS6ST1;FUT2;NUP88;HS3ST3B1;RBKS;CALM1;PGAM2;PYGM;GLB1;PFKP;HYAL3;NUP85;B3GALT2;GALE;B3GALT5;CHST14;PKLR"
"Metabolism Of Fat-Soluble Vitamins R-HSA-6806667",0.671810699588477,1,0.0333092817548776,0.242113851551529,0.885171204079644,46,"AKR1C4;SDC1;TTR;BCO1;GPC6;APOA1;GPC2;APOA4;GPC3;PLB1;RIMBP2;LRP8;RBP4;AKR1C1;GPC5;GPIHBP1;BCO2;APOM;UBIAD1;LRP12;APOC2;LPL"
"Metabolism Of Folate And Pterines R-HSA-196757",0.438832772166106,1,0.0570059526582387,0.354742672209205,1.03145820235013,15,"MTHFR;FOLR2"
"Metabolism Of Nitric Oxide: NOS3 Activation And Regulation R-HSA-202131",1,1,0.129442887745046,-0.123615676139814,-0.515288172990792,15,"DNM2;WASL;HSP90AA1;CYGB;TACR1;ZDHHC21;DDAH2;DDAH1;NANOS3;CAV1;NOSTRIN;CALM1;NOSIP;LYPLA1"
"Metabolism Of Non-Coding RNA R-HSA-194441",0.985757884028484,1,0.00829069833204511,0.138853271561435,0.515791732241864,51,"NDC1;GEMIN5;NUP107;NUP155;GEMIN4;NUP160;GEMIN7;GEMIN8;NUP205;NUP153;SNRPF;SNUPN;NUP37;NUP214;WDR77;NUP88;NUP85"
"Metabolism Of Nucleotides R-HSA-15869",0.374245472837022,1,0.0593487680335629,0.267363413326098,1.0611193286648,94,"ENTPD7;XDH;NT5C3A;DTYMK;ENTPD4;DCTD;PPY;PUDP;HPRT1;AK6;TYMS;NT5M;ACOD1;PFAS;GLRX;ITPA;CDA;AMPD3;UPP2;TK1;GSR;TK2;AMPD1;ENTPD3;RRM1;ENTPD2;ENTPD8;ADSL;AK7;RRM2;CTPS2;UMPS;DPYS;ADPRM;NT5C1A;NUDT1;ADAL;ADA;NUDT9;SAMHD1;CTPS1;NUDT5;NUDT15;NT5C2;ENTPD1;UPP1;AGXT2;NT5E;GMPR;AK9;PAICS;DGUOK"
"Metabolism Of Polyamines R-HSA-351202",1,1,NA,-0.121339403985891,-0.769917088720291,58,"PSMB7;SLC38A1;PSMB6;PSMD14;SEM1;PSMC5;PSMA2;PSMD8;PSMD4"
"Metabolism Of Porphyrins R-HSA-189445",0.799366420274551,1,0.0259033757772498,0.229699174161117,0.762319989145688,26,"SLCO1B1;ABCG2;UROS;HMBS;ABCC2;GSTA1;ALB;COX10;ABCC1;ALAS2;FECH;GUSB;BLVRB;PPOX;ALAS1;SLCO1B3;SLCO2B1;ALAD"
"Metabolism Of Steroids R-HSA-8957322",0.978021978021978,1,0.00683906706351732,0.166623908546843,0.687821729321867,153,"CYP21A2;AKR1C4;CYP24A1;HSD11B2;AKR1C2;PTGIS;OSBPL7;SLC51A;CYP11A1;CYP39A1;SLCO1B1;SYCP2;NR1H4;CUBN;SH3D19;ARV1;BAAT;OSBPL3;CD163L1;SLC10A2;GPAM;SEC24D;TBL1XR1;INSIG2;SLC10A1;FDXR;SEC23A;UBE2I;CYP7A1;VDR;NCOA1;LHB;MBTPS2;CREBBP;SLC51B;PIAS4;FDX2;SRD5A3;AKR1C1;IDI2;GC;PLPP6;AKR1B15;SRD5A2;CHGA;POMC;PPARA;SEC24C;STARD3NL;CYP17A1;ELOVL6;CH25H;TSPO;CYP2R1;CYP8B1;HSD17B11;HSD11B1;CYP19A1"
"Metabolism Of Water-Soluble Vitamins And Cofactors R-HSA-196849",0.450549450549451,1,0.0503964322442957,0.251179393420812,1.02043315967067,120,"CTRB2;MTHFR;ENPP3;FOLR2;SLC52A1;PTGIS;NAPRT;SLC25A16;CD38;AMN;MOCS2;RNLS;NMNAT3;TCN1;PANK1;CUBN;MTR;SLC52A2;SLC19A2;NUDT12;FLAD1;SLC22A13;SHMT1;SP8;MOCS1;PPCDC;PANK4;VNN1;ENPP1;PRSS58;MTRR;HLCS;VNN2;PTGS2;SLC5A8;MMUT;SLC25A19;NADK;AOX1;NADSYN1;GSTO2;SLC23A1;PPCS;CD320;PARP4;SLC19A1;CTRB1;CYP8B1;MMACHC;QPRT;NFS1;SLC19A3;TCN2;MMAB;NMRK1;NAXE;NT5E;SHMT2;PARP8;PDZD11;NMRK2;SLC2A1;MMADHC"
"Metal Ion SLC Transporters R-HSA-425410",0.857444561774023,1,0.0220116482772519,0.214263465272942,0.711092336825806,26,"HEPH;SLC40A1;SLC39A14;SLC30A8;SLC30A1;SLC30A5;SLC39A8;SLC30A10;CP;SLC39A2;SLC11A1;SLC31A1;SLC30A2;SLC41A1;SLC30A7;SLC39A1"
"Metalloprotease DUBs R-HSA-5689901",0.634615384615385,1,0.248911114434702,-0.174775360535057,-0.892044028580909,29,"H2AC6;BABAM2;RPS27A;PSMD14;STAMBP;UBA52"
"MicroRNA (miRNA) Biogenesis R-HSA-203927",0.721311475409836,1,0.213927855492356,-0.168381718582683,-0.821458066491925,24,"POLR2I;POLR2A;POLR2F;POLR2E;POLR2L"
"Miscellaneous Transport And Binding Events R-HSA-5223345",0.4375,1,0.271288554688953,-0.207113955017808,-0.977258494836384,23,"ADD1;NIPA1;ADD3;LRRC8D;MAGT1"
"Mismatch Repair R-HSA-5358508",0.849607182940516,1,0.0259033757772498,0.243609682467847,0.708325287139925,15,"LRIG1;MLH1;EXO1;POLR1B;POLR1A;PMS2;POLD3;POLD1;MSH3;MSH6;PCNA;POLD4"
"Mitochondrial Biogenesis R-HSA-1592230",0.980923694779116,1,0.00715048391330487,0.147924067343062,0.584244815720971,89,"TWNK;PRKAG3;GDNF;HDAC3;NRF1;SIRT4;MTX1;PPRC1;PRKAA2;MAPK12;GLUD2;SAMM50;CREB1;PRKAB2;TBL1XR1;IMMT;NCOA1;MTERF1;CREBBP;CHCHD6;ACSS2;TFB2M;PPARGC1B;PPARGC1A;CRTC1;ESRRA;PPARA;MAPK11;ATP5F1E;MEF2C;DMAC2L;APOOL;CALM1;POLG2;PRKAG2;MAPK14;APOO;HELZ2;NCOA6;TFB1M;PRKAG1;SIRT3;LIN9"
"Mitochondrial Calcium Ion Transport R-HSA-8949215",0.5,1,0.241339976815091,-0.208635872318302,-0.976724539729635,21,"AFG3L2;YME1L1;AKAP1;SPG7"
"Mitochondrial Fatty Acid Beta-Oxidation R-HSA-77289",0.70404984423676,1,0.0314928902471297,0.240266038489687,0.849807161272694,36,"ACBD7;THEM4;ACADL;ACOT12;ACOT9;HADHA;ACSM6;PCTP;MCEE;MMUT;ACOT13;ACOT2"
"Mitochondrial Protein Import R-HSA-1268020",0.986868686868687,1,0.00715048391330487,0.14756086973628,0.561871362564111,63,"OTC;TIMM10;HSCB;CHCHD4;MTX1;GRPEL2;SAMM50;COA6;TIMM50;SLC25A4;COQ2;TIMM22;TIMM44;PITRM1;CS;CHCHD7;TIMM21;TIMM8B;TOMM22;GFER;COX19;GRPEL1"
"Mitochondrial Translation Elongation R-HSA-5389840",0.95678391959799,1,0.0103504582782501,0.163862556867787,0.641981742647834,82,"MRPL44;MRPL34;MRPS31;MRPL37;MRPL40;MRPL47;MRPL12;MRPS7;MRPS15;DLGAP3;MRPL11;MRPL3;MRPL51;MRPL1;MRPL54;MRPL23;MRPL58;MRPL35;ERAL1;OXA1L;MRPL17;MRPL32;MRPL13;MRPS17;MRPS25;MRPL45;MRPS18C;MRPL38;MRPS11;MRPL48"
"Mitochondrial Translation Initiation R-HSA-5368286",0.885427135678392,1,0.016838053046391,0.194424081393004,0.761715873175918,82,"MRPL44;MTIF2;MRPL34;MRPS31;MRPL37;MRPL40;MRPL47;MRPL12;MRPS7;MRPS15;DLGAP3;MRPL11;MRPL3;MRPL51;MRPL1;MRPL54;MRPL23;MTIF3;MRPL58;MRPL35;ERAL1;OXA1L;MRPL17;MRPL32;MRPL13;MRPS17;MRPS25;MRPL45;MRPS18C;MRPL38;MRPS11;MRPL48"
"Mitochondrial Translation R-HSA-5368287",0.899598393574297,1,0.0156180851425484,0.190015311997983,0.749808399005018,88,"MRPL44;MTIF2;MRPL34;MRPS31;MRPL37;MRPL40;MRPL47;MRPL12;MRPS7;MRPS15;DLGAP3;MTRF1L;MRPL11;MRPL3;MRPL51;MRPL1;MRPL54;MRPL23;MTIF3;MRPL58;MRPL35;ERAL1;OXA1L;MRPL17;MRPL32;MRPL13;MRRF;MRPS17;MRPS25;MRPL45;MRPS18C;MRPL38;MRPS11;MRPL48"
"Mitochondrial Translation Termination R-HSA-5419276",0.889447236180904,1,0.0165175643261291,0.192613845852824,0.754623721137637,82,"MRPL44;MRPL34;MRPS31;MRPL37;MRPL40;MRPL47;MRPL12;MRPS7;MRPS15;DLGAP3;MTRF1L;MRPL11;MRPL3;MRPL51;MRPL1;MRPL54;MRPL23;MRPL58;MRPL35;ERAL1;OXA1L;MRPL17;MRPL32;MRPL13;MRRF;MRPS17;MRPS25;MRPL45;MRPS18C;MRPL38;MRPS11;MRPL48"
"Mitotic G1 Phase And G1/S Transition R-HSA-453279",0.981018981018981,1,0.00634596373149448,0.159676077468083,0.657563663732035,146,"PSMA6;MCM6;CCNB1;SLC25A2;PSMD9;PSMD5;CDC7;LIN52;AKT1;TOP2A;GMNN;ORC4;CABLES1;E2F2;JAK2;CDC25A;LIN54;ORC5;WEE1;CDC45;ORC6;CDC6;RBL1;POLE2;TYMS;E2F5;MCM4;CDKN2A;E2F4;POLE;CDK1;TK1;DBF4;CDT1;PRIM2"
"Mitotic G2-G2/M Phases R-HSA-453274",0.994,1,0.00382852089890286,0.147725368952285,0.617344732646341,181,"HAUS7;PSMA6;CENPF;CCNB1;FBXL18;PSMD9;PSMD5;HAUS2;LIN52;AKAP9;HAUS8;NEDD1;CEP63;FOXM1;GTSE1;CEP135;HMMR;SFI1;NME7;TUBGCP2;CDC25A;LIN54;WEE1;HAUS6;TUBGCP5;CDC25B;FKBPL;NINL;BORA;TUBGCP6;CEP152;TUBG1;CEP131;MZT2A;CEP70"
"Mitotic Prometaphase R-HSA-68877",0.64,1,0.0342688261591917,0.226920916855176,0.949047417293925,183,"SGO2;HAUS7;CENPF;CENPH;CCNB1;CENPQ;MAD1L1;SMC4;SPC25;RAB33B;HAUS2;NUP107;KIF2B;AKAP9;HAUS8;NCAPH;NEDD1;BUB1B;MAD2L1;MIS12;CEP63;CEP135;SFI1;NME7;TUBGCP2;AURKB;SKA1;CDCA5;BUB1;HAUS6;NUP160;TUBGCP5;NCAPG;SGO1;CLIP1;SPDL1;CENPO;CENPU;SKA2;NINL;TUBGCP6;SPC24;ZWILCH;CEP152;TUBG1;CEP131;MZT2A;CEP70;CENPP;PMEPA1;CDCA8"
"Mitotic Prophase R-HSA-68875",0.969939879759519,1,0.00842359386195179,0.167889543147815,0.674506748670792,108,"NDC1;CCNB1;H2BC3;SMC4;H2BC14;RAB33B;H2BC1;NUP107;NUP155;CNEP1R1;MCPH1;NUP160;LMNB1;LPIN3;LPIN1;GOLGA2;PHF8;H2BC11;H2BC9;NUP205;H2BC13;CDK1;H2AC14;MASTL;NUP153;H2AC20;VRK1;NUP37;SET;NCAPG2;NUP214;TMPO;LPIN2;PRKCB;H3C7;CCNB2;NUP88;H2BC15;NEK6;NUP85;RB1;VRK2;H2AC4;H3C13;SEC13"
"Mitotic Spindle Checkpoint R-HSA-69618",0.852705410821643,1,0.0191546578437244,0.20322533665311,0.816470510928302,108,"SGO2;CENPF;CENPH;CENPQ;MAD1L1;SPC25;NUP107;KIF2B;UBE2C;BUB1B;MAD2L1;MIS12;AURKB;SKA1;BUB1;NUP160;UBE2D1;SGO1;CLIP1;SPDL1;CENPO;CENPU;SKA2;SPC24;ZWILCH;CENPP;CDCA8"
"Molecules Associated With Elastic Fibres R-HSA-2129379",0.918776371308017,1,0.0176259777744384,0.189445591241909,0.635374815295796,28,"VTN;FBLN2;FBLN1;MFAP5;ITGB3;MFAP2;EFEMP2;TGFB2;ITGA8;ITGB6;BMP2;EFEMP1;BMP10;FBLN5;ITGB5;TGFB1"
"Muscle Contraction R-HSA-397014",0.546453546453546,1,0.0415717899246479,0.233935736187029,0.983448425426689,194,"CACNA1G;CAMK2A;PLN;MYH8;PDE5A;TTR;TNNI3;MYL10;ORAI2;SCN11A;MYL7;CACNA1H;MYL9;MYL2;AKAP9;ITGA1;FGF12;MYL4;PXDN;KCNK10;CACNB1;ENTHD1;DES;SLC8A3;ITPR1;SCN5A;TMOD4;KCNE5;TNNI1;KCNK2;KCNK3;KCNK7;MYBPC3;FXYD3;KCNE4;ORAI1;CORIN;CACNB2;KCNK18;SLN;KCND1;MYL12A;MYH11;TNNT1;ACTN3;CALD1;KCNJ14;NEB;NKX2-5;SCN4B;KCNK12;NPPA;NPRL2;FGF13;KCND3;SCN1A;KCNA5;ANXA2;MYL3;NPPC;SCN1B;GATA4;KCNIP2;SLC8A2;SCN9A;MYH3"
"MyD88 Cascade Initiated On Plasma Membrane R-HSA-975871",0.994974874371859,1,0.00480899561354898,0.125828135598412,0.499611633624657,95,"ECSIT;AGER;CASP8;NLRX1;NOD2;GDNF;TAB3;TIFA;TANK;DUSP3;RPS6KA3;CREB1;MAPK7;S100A12;IRAK4;TRAF6;ALPK1;NLRC5;BTRC;TP53;MYD88;IKBKB;HOXC13;TLR10;TLR5;MAPK11;IRAK2;NKIRAS2;MEF2C;MAPK9;MAP3K8;UBB;PELI1;NFKBIB;RIPK2;MEF2A;IKBIP;PELI2;MAP2K1;MAPK8"
"MyD88 Deficiency (TLR2/4) R-HSA-5602498",0.864088397790055,1,0.0241447930798382,0.234125338025265,0.699352169319529,17,"S100A9;TIRAP;FGG;TLR6;CD36;MYD88;FGA;TLR4"
"MyD88 Dependent Cascade Initiated On Endosome R-HSA-975155",0.995987963891675,1,0.00409492237559551,0.122240984381518,0.488308622185425,100,"ECSIT;AGER;CASP8;NLRX1;NOD2;GDNF;TAB3;TIFA;TANK;DUSP3;RPS6KA3;CREB1;TLR7;MAPK7;IRF7;S100A12;IRAK4;TRAF6;ALPK1;NLRC5;BTRC;TP53;MYD88;IKBKB;TLR4;HOXC13;MAPK11;IRAK2;NKIRAS2;MEF2C;MAPK9;MAP3K8;UBB;PELI1;NFKBIB"
"MyD88-independent TLR4 Cascade R-HSA-166166",0.996990972918756,1,0.00382852089890286,0.120754321531235,0.484098597353361,105,"AGER;CASP8;NLRX1;RIPK1;NOD2;GDNF;TAB3;TIFA;IRF3;TANK;DUSP3;RPS6KA3;UBE2D1;CREB1;MAPK7;IRF7;S100A12;TRAF6;ALPK1;SARM1;NLRC5;BTRC;TP53;IKBKB;TLR4;HOXC13;UBE2D3;MAPK11;IRAK2;NKIRAS2;MEF2C;MAPK9;MAP3K8;UBB;NFKBIB;BIRC3;RIPK2;TRAF3;MEF2A;IKBIP;MAP2K1;MAPK8;MAPK14;RIPK3;NKIRAS1;RPS6KA2;IKBKE"
"MyD88:MAL(TIRAP) Cascade Initiated On Plasma Membrane R-HSA-166058",0.997995991983968,1,0.00323243877654383,0.126357243581053,0.508791099046851,111,"ECSIT;AGER;CASP8;NLRX1;NOD2;GDNF;TAB3;TIFA;TANK;DUSP3;RPS6KA3;CREB1;S100A9;TIRAP;MAPK7;S100A12;IRAK4;TRAF6;ALPK1;NLRC5;FGG;BTRC;TLR6;TP53;CD36;MYD88;IKBKB;FGA;TLR4;IRAK3;HOXC13;MAPK11;IRAK2;NKIRAS2;MEF2C;MAPK9;MAP3K8;UBB;PELI1;NFKBIB;RIPK2;MEF2A;IKBIP;PELI2;MAP2K1;MAPK8;MAPK14;S100A8;NKIRAS1;RPS6KA2;FGB;DUSP4;SOCS1;PELI3;RPS6KA5;MAPK1"
"Myogenesis R-HSA-525793",0.730769230769231,1,0.231126709673834,-0.168652861251884,-0.860795121933968,29,"SPAG9;CDC42;CTNNB1;CTNNA1;NEO1;ABL1;BNIP2"
"N-Glycan Antennae Elongation R-HSA-975577",0.877665544332211,1,0.0241447930798382,0.234712744448569,0.682456339266712,15,"B4GALT1;B4GALT6;MGAT4C;MGAT4A;ST6GAL1;B4GALT4;MGAT5;MGAT4B;ST8SIA3;ST8SIA6"
"N-glycan Antennae Elongation In medial/trans-Golgi R-HSA-975576",0.350580781414995,1,0.0647943366000727,0.330781211228035,1.09778857618391,26,"CHST8;B4GALT1;FUCA1;FUT3;B4GALT6;MOGAT2;MGAT4C;LHB;MOGAT3;MGAT4A;CHST10"
"NEP/NS2 Interacts With Cellular Export Machinery R-HSA-168333",0.803329864724246,1,0.0248493879589072,0.219544311055659,0.771467271313619,34,"NDC1;NUP107;PBRM1;NUP155;NUP160;BLOC1S6;NUP205;NUP153;NUP37;NUP214;NUP88;NUP85;SEC13"
"NGF-stimulated Transcription R-HSA-9031628",0.971991701244813,1,0.0119234526278759,0.159843048545821,0.57208403547249,39,"GDNF;ID4;FOSB;CREB1;ARC;CDK5R2;REST;EGR3;EGR4;NAB2;CDK5R1;ASCL1;TRIB1;LYL1"
"NOD1/2 Signaling Pathway R-HSA-168638",0.794178794178794,1,0.025411808387565,0.221191045668065,0.772988138231866,33,"CASP8;NOD2;TAB3;CASP1;MAPK12;TRAF6;MAPK13;CASP9;IKBKB;HOXC13;MAPK11;IRAK2;BIRC3;RIPK2;MAPK14;CASP4;ITCH;IRAK1;CHUK;CYLD"
"NOTCH1 Intracellular Domain Regulates Transcription R-HSA-2122947",0.882716049382716,1,0.018625883535806,0.194803108717483,0.712202549325078,46,"HES5;HDAC3;MAML2;TLE1;NBEA;TBL1XR1;MAMLD1;CCNC;HDAC4;CREBBP;HIF1A;CDK8;MAML3;HDAC10"
"NOTCH3 Intracellular Domain Regulates Transcription R-HSA-9013508",0.44952178533475,1,0.053347785067549,0.313205840052223,1.02176962267209,24,"HES5;DLGAP5;MAML2;IKZF1;WWC1;MAMLD1;CREBBP;NOTCH3;MAML3"
"NOTCH4 Intracellular Domain Regulates Transcription R-HSA-9013695",0.837158469945355,1,0.0252712808055621,0.240304105617522,0.739545053721315,19,"HES5;FLT4;MAML2;MAMLD1;CREBBP;MAML3;ACTA2;NOTCH2;EP300;KAT2A"
"NRAGE Signals Death Thru JNK R-HSA-193648",0.824898785425101,1,0.0217960026831818,0.207488766358113,0.780317324147238,57,"PLEKHG5;ECT2;VAV3;ARHGEF38;ARHGEF6;ARHGEF4;AKAP13;ARHGEF16;VAV2;ARHGEF11;AATF;FGD1;SOS1;VAV1;ARHGEF33;ARHGEF19;TIAM2;FGD4;NGFR;TIAM1;ARHGEF10L;ARHGEF3;ABR;BCL2L11;ARHGEF39;ITSN1;ARHGEF9;NGF;PLEKHG2;MAPK8;BAD"
"NS1 Mediated Effects On Host Pathways R-HSA-168276",0.8328173374613,1,0.0223699288741888,0.205687471059093,0.740653090692083,41,"NDC1;KPNA7;NUP107;NUP155;NUP160;NUP205;CPSF4;NUP153;ISG15;KPNA1;NUP37;EIF2AK2;NUP214;KPNA4;NUP88;NUP85;SEC13;KPNA2;NUP43"
"Na+/Cl- Dependent Neurotransmitter Transporters R-HSA-442660",0.638251366120219,1,0.0385579101998489,0.290473577260031,0.893943516892327,19,"SLC18A2;SLC6A14;SLC6A19;SLC6A13;SLC6A5;SLC6A12;SLC22A2;SLC6A11;SLC6A18"
"Neddylation R-HSA-8951664",1,1,0,0.129201657707259,0.548268792061031,234,"ASB14;ASB9;KLHL13;PSMA6;CCDC8;FBXL18;ASB6;ASB11;PSMD9;SOCS6;PSMD5;DCUN1D3;FBXO9;SPSB4;ASB5;FBXL22;FBXL13;COMMD9;LMO7;SOCS2;FBXL16;NAE1;UBD;OBSL1;NEURL2;ASB15;FBXL12;ASB2;UBE2D1;KLHL3;COMMD8;FBXO27;GAN;SENP8;FBXO6;COMMD10;ASB13;KBTBD8;UBXN7;CUL7;COMMD2;KBTBD7;DTL;DCUN1D5;COPS5;ASB16;BTRC;KBTBD13;HIF1A;CUL9;COMMD7;FBXO40;PSMB11;ASB17;FBXO31;KLHL11;WSB2;UCHL3;SPSB2;FBXO17;FBXW8;FBXO22;FBXO41;LRR1;UBE2D3;UBE2M;PSMD13;ASB10;ASB4;PSME4;DCUN1D2;UBB;PSMA4;FBXO44;COPS4;SPSB1;DCUN1D4;FBXO10;PSMB9;NUB1;CUL2;LRRC41;ASB18;FBXO2;PSMA8;PSMA7;FBXL14;KLHL42;CUL3;KLHL25;PSMF1;PSMB3;RBBP7;FBXW10;PSMB4;PUM2;ERCC8;CUL4A;PSMC3;CCDC22;CISH;DCAF7;COMMD1;KLHL9;KLHL5;ASB7;DCAF13;ASB1;PSMD12;KCTD6;FBXL15;KLHL22"
"Nef-mediated Downmodulation Of Cell Surface Receptors By Recruitment To Clathrin Adapters R-HSA-164938",0.991416309012876,1,0.0131702144400005,0.145529991261555,0.456937793686539,20,"CD8B;LCK;AP1B1;AP1M2;CD28;PACS1;ATP6V1H;AP1S1;AP2M1;AP1G1;AP2S1;CD4;AP1S3"
"Negative Epigenetic Regulation Of rRNA Expression R-HSA-5250941",0.676056338028169,1,0.0319257308349884,0.231541397454134,0.896114872974038,73,"H2BC3;DNMT3B;H2BC14;H2BC1;POLR1H;POLR1D;TAF1C;GTF2H5;TAF1B;DNMT1;TBP;H2BC11;H2BC9;POLR1E;H2BC13;ERCC2;H2AC14;DPEP2;H2AC20;POLR1F;SAP30BP;GTF2H4;ERCC3;GTF2H3;POLR1B;POLR1G;POLR1A;H3C7;UBTF;H2BC15;SAP30L;SUDS3;H2AC4;H3C13"
"Negative Regulation Of FGFR1 Signaling R-HSA-5654726",0.781931464174455,1,0.0261841515946199,0.224338750634044,0.778939574741259,32,"FGF10;FGF20;FGF23;FGF8;CBL;KL;ANOS1;FGF5;FGF13;FGFR1;SPRY2;FGF9;FGF3;FGF22;UBB"
"Negative Regulation Of FGFR2 Signaling R-HSA-5654727",0.902286902286902,1,0.0178589946943486,0.188264990014212,0.657922673523205,33,"FGF10;FGF20;FGF23;FGF7;FGF8;CBL;FGF5;FGF13;SPRY2;FGF9;FGF18;FGF3;FGF22;UBB"
"Negative Regulation Of FGFR3 Signaling R-HSA-5654732",0.9957805907173,1,0.0112106917277743,0.129092854426523,0.43295992268578,28,"FGF20;FGF23;FGF8;CBL;FGF5;FGF13;SPRY2;FGF9;FGF18"
"Negative Regulation Of FGFR4 Signaling R-HSA-5654733",0.912997903563941,1,0.0176259777744384,0.187208549340556,0.638636367146956,30,"FGF20;FGF19;FGF23;FGF8;FGFR4;CBL;KLB;FGF13;SPRY2;FGF9;FGF18"
"Negative Regulation Of MET Activity R-HSA-6807004",0.685714285714286,1,0.204294756516886,-0.194216612758246,-0.869275560246438,20,"GRB2;RPS27A;EPS15;PTPRJ;UBA52"
"Negative Regulation Of NMDA Receptor-Mediated Neuronal Transmission R-HSA-9617324",0.96137339055794,1,0.0156180851425484,0.180713098026306,0.571553734120947,21,"CAMK2A;GRIN2D;PPM1E;NEFL;CAMK1;MPP3;CALM1;PPM1F;CAMK2B;ACTN2;GPRIN1;GRIN2A;CAMK2G"
"Negative Regulation Of TCF-dependent Signaling By WNT Ligand Antagonists R-HSA-3772470",0.647586980920314,1,0.0391155247681459,0.300927815927303,0.874984850625679,15,"DKK2;WIF1;WNT5A;WNT4;SOST;WNT3A;KREMEN2"
"Negative Regulators Of DDX58/IFIH1 Signaling R-HSA-936440",0.892931392931393,1,0.0185498307405843,0.191197488786404,0.66817076814854,33,"NLRX1;IRF3;UBE2D1;RNF135;TAX1BP1;NLRC5;ISG15;TRIM25;TRIM4;UBE2D3;RNF125;UBB;RNF216;TRAF3;IFIH1;UBE2L6;ATG5;IKBKE;ITCH;CYLD;UBE2K;UBA7"
"Nephrin Family Interactions R-HSA-373753",0.985915492957746,1,0.166933848713193,-0.135438290585405,-0.63761900709846,22,"ACTN4;FYN;PIK3R1;WASL"
"Netrin-1 Signaling R-HSA-373752",0.654822335025381,1,0.0338984188001938,0.242358938245519,0.89761488585862,49,"UNC5C;NTN1;DCC;TRPC4;TRPC7;SLIT2;MAPK12;SLIT3;UNC5D;TRPC5;NTN4;EZR;MAPK13;TRPC6;ROBO1;TRPC3;ABLIM2;RGMB;MAPK11;NCK1;SIAH2;AGAP2"
"Neurexins And Neuroligins R-HSA-6794361",0.758097165991903,1,0.0264649017470855,0.220427753229672,0.828977865100888,57,"SYT10;GRIN2D;SHANK2;EPB41;SYT7;SHANK1;SIPA1L1;LRRTM3;HOMER2;DLGAP3;LIN7A;NRXN2;SYT12;HOMER1;NLGN4X;DLGAP1;NLGN1;LRRTM1;SYT9;MPP3;APBA1;BEGAIN;LRRTM2;LRRTM4;STX1A;CASK;SYT1;LIN7C;GRM5;GPRIN1;GRIN2A;NRXN1;GRIN2B;NRXN3;SHANK3;STXBP1;SHARPIN;GRM1"
"Neuronal System R-HSA-112316",0.83016983016983,1,0.020635764771317,0.209512478518895,0.904257596104931,386,"GABRR3;LRFN3;KCNV1;CAMK2A;SYT10;GNG13;PRKAG3;SLITRK3;GABRA5;KCNJ15;SLITRK5;KIF17;SLITRK4;CACNG3;KCNAB1;CHRNA9;GRIN2D;SHANK2;KCNJ1;CACNA1A;EPB41;SYT7;LRFN4;SLC5A7;KCNN1;ADCY7;GNAL;CHRNB2;SHANK1;GRIN3B;KCNK10;CACNB1;CHRNA3;KCNG3;IL1RAPL2;KCNMB1;KCNG1;UBD;SIPA1L1;KCNJ6;SLC18A2;KCNH5;RPS6KA3;CACNB4;PPM1E;KCNK2;LRRTM3;KCNK3;GABRB1;LGALS12;AKAP5;PRKAA2;SYN2;SLC1A1;KCNK7;KCNV2;CREB1;GRIA1;PANX1;CHRNA5;KCNA1;GNGT1;PRKAB2;CACNG2;KCNS2;HTR3C;CACNB2;NBEA;KCNK18;GABBR2;HOMER2;KCNB1;KCND1;GLRA3;CACNB3;HTR3A;BCHE;GLS2;CHRNA6;KCNQ2;KCNJ14;GNGT2;DLGAP3;GABRR2;CHRNE;KCNG4;GABRB2;GABRA6;CHRNG;LIN7A;GNG10;KCNA2;KCNB2;KCND3;CHRND;ABCC8;NRXN2;KCNMB3;ABAT;NRGN;SYT12;PRKACG;KCNA5;HOMER1;GNAT3;SLC6A13;KCNAB2;GRIA4;NLGN4X;SYN3;RPS6KA6;NEFL;CACNA2D1;SLC17A7;CACNA2D3;PRKAR1B;HTR3E;KCNC1;PPFIA3;KCNA4;GABRR1;GABRA3;GAD1;GNB5;DLGAP1;NLGN1;LRRTM1;KCNK16;LRTOMT;GRIP2;PRKCG;HTR3D;CAMKK1;GRIK4;GNG4;CAMK1;KCNJ8;KCNH1;SLC1A7;PLCB2;KCNA10;GLRB;ADCY1;PRKCB;GABRB3;KCNC3;GNB1;PTPRD;SYT9;MPP3;GNG11;NCALD;KCNS3;CALM1;ACHE;ARHGEF9;GNG12;KCNS1;SLC1A2;CACNG8;KCNJ5;CHRNA2;LRRC4B;PPM1F;CACNA2D2;HCN2;PRKAG2;SLC6A12;GNG3;ERBB4;SLC22A2;ADCY9;CAMKK2;SLC6A11;ADCY2;KCNH4;KCNK9;GNB2;GNG2;PRKAA1;CAMK2B;KCNN2;PRKCA;RIMS1;KCNN4;KPNA2;APBA1;KCNH7;RPS6KA2;HCN1;NTRK3;CPLX1;PRKAG1;KCNQ5;GABRA1;MDM2;GRIK5;GRIK3;GRIA3;CACNA1B;PDPK1;BEGAIN;PPFIA4;CACNA1E;LRRTM2;KCNJ4;GJD3;MAPK1;NSF;LRRTM4;STX1A;PRKAR2A;CASK;KCNK17;SLITRK2;ALDH5A1;GABRA2;SYT1;CHRNA1;UNC13B;ACTN2;LIN7C;GRIN3A;AP2M1;KCNK6;PLCB1;GRM5;GPRIN1;GRIK1;GRIN2A;NRXN1;CAMK2G;RAB3A"
"Neurotransmitter Receptors And Postsynaptic Signal Transmission R-HSA-112314",0.782,1,0.0241447930798382,0.211202410991943,0.882598775700883,182,"GABRR3;CAMK2A;GNG13;PRKAG3;GABRA5;KCNJ15;KIF17;CACNG3;CHRNA9;GRIN2D;ADCY7;GNAL;CHRNB2;GRIN3B;CHRNA3;UBD;KCNJ6;RPS6KA3;PPM1E;GABRB1;LGALS12;AKAP5;PRKAA2;CREB1;GRIA1;CHRNA5;GNGT1;PRKAB2;CACNG2;HTR3C;NBEA;GABBR2;GLRA3;HTR3A;CHRNA6;GNGT2;GABRR2;CHRNE;GABRB2;GABRA6;CHRNG;LIN7A;GNG10;CHRND;NRGN;PRKACG;GNAT3;GRIA4;RPS6KA6;NEFL;PRKAR1B;HTR3E;GABRR1;GABRA3;GNB5;GRIP2;PRKCG;HTR3D;CAMKK1;GRIK4;GNG4;CAMK1;PLCB2;GLRB;ADCY1;PRKCB;GABRB3;GNB1;MPP3;GNG11;NCALD;CALM1;ARHGEF9;GNG12;CACNG8;KCNJ5;CHRNA2;PPM1F;PRKAG2;GNG3;ERBB4;ADCY9;CAMKK2;ADCY2;GNB2;GNG2;PRKAA1;CAMK2B;PRKCA;KPNA2;APBA1;RPS6KA2;PRKAG1;GABRA1;MDM2;GRIK5;GRIK3;GRIA3;PDPK1;KCNJ4;MAPK1;NSF;PRKAR2A;CASK;GABRA2;CHRNA1;ACTN2;LIN7C;GRIN3A;AP2M1;PLCB1;GPRIN1;GRIK1;GRIN2A;CAMK2G"
"Neurotransmitter Release Cycle R-HSA-112310",0.89746192893401,1,0.0165979932903048,0.187694690460242,0.69779436872534,50,"SLC5A7;SLC18A2;SYN2;SLC1A1;GLS2;LIN7A;ABAT;SLC6A13;SYN3;SLC17A7;PPFIA3;GAD1;SLC1A7;SLC1A2;SLC6A12;SLC22A2;SLC6A11;RIMS1;APBA1;CPLX1;PPFIA4;STX1A;CASK;ALDH5A1;SYT1;UNC13B;LIN7C;RAB3A;SLC22A1;SLC18A3"
"Nicotinamide Salvaging R-HSA-197264",0.438251366120219,1,0.055826471778749,0.333657176129764,1.02684269006262,19,"PTGIS;NAPRT;RNLS;NUDT12;SLC22A13;PTGS2;SLC5A8;PARP4;CYP8B1;NAXE;PARP8"
"NoRC Negatively Regulates rRNA Expression R-HSA-427413",0.596774193548387,1,0.0379271467108098,0.243984515675462,0.940499962161656,70,"H2BC3;DNMT3B;H2BC14;H2BC1;POLR1H;POLR1D;TAF1C;GTF2H5;TAF1B;DNMT1;TBP;H2BC11;H2BC9;POLR1E;H2BC13;ERCC2;H2AC14;DPEP2;H2AC20;POLR1F;SAP30BP;GTF2H4;ERCC3;GTF2H3;POLR1B;POLR1G;POLR1A;H3C7;UBTF;H2BC15;SAP30L;SUDS3;H2AC4;H3C13"
"Non-integrin membrane-ECM Interactions R-HSA-3000171",0.422084623323013,1,0.0549073703290958,0.289815637760108,1.0435873742463,41,"LAMA4;SDC1;TTR;TNNI3;VTN;LAMA2;LAMB3;ACTN1;LAMB1;LAMC3;NTN4;LMNB2;LAMA5;FGF13"
"Nonhomologous End-Joining (NHEJ) R-HSA-5693571",0.922528032619776,1,0.0148592627836833,0.181036595664963,0.668236312535166,48,"H2BC3;ABRAXAS1;H2BC14;H2BC1;LRIF1;BRCC3;LIG4;H2BC11;H2BC9;H2BC13;PIAS4;RAD50;MRE11;MDC1;NHEJ1;H2BC15;POLL;RNF168;POLM;XRCC4;BABAM1;ARTN;TDP2"
"Norepinephrine Neurotransmitter Release Cycle R-HSA-181430",0.395833333333333,1,0.231126709673834,-0.235833597996075,-1.04076480408075,18,"VAMP2;TSPOAP1;PPFIA2;MAOA;PPFIA1;SNAP25;STXBP1;SLC22A1;RAB3A;UNC13B;SYT1;STX1A;PPFIA4;CPLX1;RIMS1;SLC22A2"
"Notch-HLH Transcription Pathway R-HSA-350054",0.729957805907173,1,0.0304894126298511,0.247476534411835,0.83000272696332,28,"HDAC3;MAML2;TBL1XR1;MAMLD1;HDAC4;CREBBP;NOTCH3;MAML3;HDAC10"
"Nuclear Envelope Breakdown R-HSA-2980766",0.608739837398374,1,0.0373806494758473,0.250601122319254,0.93210911342245,52,"NDC1;CCNB1;NUP107;NUP155;CNEP1R1;NUP160;LMNB1;LPIN3;LPIN1;NUP205;CDK1;NUP153;VRK1;NUP37;NUP214;TMPO;LPIN2;PRKCB;CCNB2;NUP88;NEK6;NUP85;VRK2;SEC13"
"Nuclear Events (Kinase And Transcription Factor Activation) R-HSA-198725",0.990909090909091,1,0.00651414071836222,0.137926668835286,0.524454293373929,61,"GDNF;ID4;DUSP3;FOSB;RPS6KA3;CREB1;ARC;CDK5R2;MAPK7;REST;EGR3;EGR4;NAB2;CDK5R1;ASCL1;TRIB1;LYL1;MAPK11;MEF2C;RNASEH2A;MEF2A;EGR2;MAPK14;RRAD;RPS6KA2;DUSP4;EP300;SH3GL3;RPS6KA5;MAPK1;CDK5;EGR1;TPH1;FOSL1;MAPK3;JUND;FOS;VRK3"
"Nuclear Import Of Rev Protein R-HSA-180746",0.926195426195426,1,0.0160304351647231,0.179419592425125,0.627010990847903,33,"NDC1;NUP107;NUP155;NUP160;RCC1;NUP205;NUP153;NUP37;NUP214;NUP88;NUP85;SEC13"
"Nuclear Pore Complex (NPC) Disassembly R-HSA-3301854",0.70281543274244,1,0.0317812506835949,0.24439527687718,0.860516389843904,35,"NDC1;CCNB1;NUP107;NUP155;NUP160;NUP205;CDK1;NUP153;NUP37;NUP214;CCNB2;NUP88;NEK6;NUP85;SEC13"
"Nucleotide-binding Domain, Leucine Rich Repeat Containing NLR Signaling Pathways R-HSA-168643",0.974593495934959,1,0.00954760674075313,0.156608343197332,0.58296575306421,53,"CASP8;NOD2;TAB3;PSTPIP1;CASP1;MAPK12;PANX1;NLRC4;TRAF6;MEFV;AIM2;MAPK13;CASP9;IKBKB;HOXC13;NLRP1;MAPK11;IRAK2;NLRP3;BIRC3;RIPK2"
"Nucleotide-like (Purinergic) Receptors R-HSA-418038",0.363636363636364,1,0.065981614400873,0.375490673446934,1.09178558254871,15,"ADORA2B;P2RY6;P2RY14;LPAR6;P2RY10;LPAR4;P2RY13;P2RY2;ADORA3;P2RY12;P2RY1;ADORA1;ADORA2A"
"Oncogene Induced Senescence R-HSA-2559585",0.977154724818276,1,0.0115202567953401,0.152876029365117,0.530809719521213,32,"ETS1;AGO4;E2F2;ETS2;TNRC6C;CDKN2A;TP53;CDKN2B"
"Oncogenic MAPK Signaling R-HSA-6802957",0.939516129032258,1,0.0124136372369971,0.173651573100318,0.675134315456443,77,"KSR2;CAMK2A;DUSP9;AGTRAP;CNKSR1;RNASE3;KIAA1549;AKAP9;JAK2;SPRED2;SPRED3;MRAS"
"Opioid Signaling R-HSA-111885",0.944779116465863,1,0.0115202567953401,0.173924538560923,0.68631353144549,88,"CAMK2A;GNG13;GNA14;PPP1CA;ADCY7;GNAL;PLA2G4A;PLCB4;ITPR1;CREB1;GNGT1;NBEA;PDE1A;PDE1B;GNGT2;PDYN;GNG10;PDE4B;PRKACG;GNAT3;PRKAR1B;GNB5;PRKCG;CAMKK1;GNG4;PPP3CA;POMC;PLCB2;PPP1R1B;ADCY1;GNB1;GNG11;CALM1;GNG12;GNG3;ADCY9;CAMKK2;ADCY2;GNB2;PDE4A;GNG2;CAMK2B;PRKCA;KPNA2"
"Orc1 Removal From Chromatin R-HSA-68949",0.986881937436932,1,0.00699634910626994,0.13749404911961,0.528068114799763,68,"PSMA6;MCM6;SLC25A2;PSMD9;PSMD5;ORC4;ORC5;ORC6;CDC6"
"Organelle Biogenesis And Maintenance R-HSA-1852241",0.97002997002997,1,0.00801915843678622,0.181785134222857,0.77563754227483,274,"B9D1;HAUS7;KIF24;HSPB11;TTC21B;TCTN1;IQCB1;WDR35;IFT20;TWNK;PRKAG3;DYNLRB2;INPP5E;KIF17;BBS12;TMEM67;GDNF;HDAC3;NRF1;HAUS2;AKAP9;HAUS8;IFT57;NEDD1;CEP63;CEP135;MKS1;KIF3C;SFI1;BBS9;CNGA4;FBF1;HAUS6;EXOC1;C2CD3;SIRT4;MTX1;PPRC1;PRKAA2;MAPK12;GLUD2;AHI1;SAMM50;CREB1;MKKS;PRKAB2;IFT88;TBL1XR1;NINL;TTC30A;BBS4;CEP89;CEP152;TUBG1;CEP131;IMMT;CEP70;CEP192;NCOA1;DYNLT5;RAB3IP;CEP290;LZTFL1;MTERF1;CREBBP;CDK1;UNC119B;CHCHD6;TTC8;RPGRIP1L;SMOX;CEP164;ACSS2;TFB2M;CC2D2A;DYNLT2B;CEP78;PPARGC1B;BBS10;PPARGC1A;TTC26;CRTC1;TMEM216;ESRRA;PPARA;CEP162;ARL6;MAPK11;IFT172;ATP5F1E;MEF2C;HAUS3;ARF4;IFT74;TRAF3IP1;ARL3;DMAC2L;APOOL;PRKD2;CEP97;CALM1;NPHP1;KIF3B;TCTN3;ODF2;IFT81;CEP83;CENPJ;CEP76;EXOC6;POLG2;PRKAG2;DYNC2LI1;WDR19;ACTR1A;PDE6D;IFT122;MAPK14;CLUAP1;APOO;DCTN3;HELZ2;PRKCA;DYNC2H1;SCLT1;BBS5;NCOA6;TFB1M;CEP41;PRKAG1;PLK4;CNGB1;SIRT3;CETN2;LIN9;CNGA2;TCTN2;DYNC2I2;IFT80;CEP43"
"Organic Cation/Anion/Zwitterion Transport R-HSA-549132",0.390572390572391,1,0.0625237414724762,0.367091536442649,1.0673640527063,15,"RSC1A1;SLC22A16;SLC22A5;SLC22A12;SLC22A6;SLC22A4;SLC22A3;SLC22A18;SLC22A2;SLC22A11;SLC22A7;SLC22A1"
"Other Interleukin Signaling R-HSA-449836",0.586609989373007,1,0.0411544018789903,0.285797047460772,0.93235407518615,24,"SDC1;CASP3;CSF3"
"Ovarian Tumor Domain Proteases R-HSA-5689896",0.43801652892562,1,0.0532386494755899,0.290176980178996,1.03319464555927,37,"TNIP3;RIPK1;OTUB2;NOD2;RNF128;ZRANB1;ESR1;UBE2D1;RNF135;TRAF6;VCPIP1;PTEN;CDK1;TP53;TRIM25;TRIM4;OTUB1;UBB;RIPK2;TRAF3;IFIH1"
"Oxygen-dependent Proline Hydroxylation Of Hypoxia-inducible Factor Alpha R-HSA-1234176",0.449718966362019,1,0.203508959461977,-0.157853483383843,-1.03449806372781,63,"PSMB7;RBX1;RPS27A;PSMB6;PSMD14;SEM1;PSMC5;PSMA2;PSMD8;UBA52;PSMD4"
"PCNA-Dependent Long Patch Base Excision Repair R-HSA-5651801",0.699570815450644,1,0.0333826959919392,0.269181603001433,0.851359154551904,21,"LRIG1;POLE2;POLE;RFC3;RFC4;POLR1B;POLR1A;SLC19A1;RFC5;RFC2;POLG2;APEX1;POLD3;POLD1;POLE3;PCNA"
"PERK Regulates Gene Expression R-HSA-381042",0.941848390446521,1,0.0146874349112173,0.176607445714574,0.613208945276947,32,"CXCL8;EXOSC8;EXOSC1;EIF2AK3;EXOSC9;EIF2S1;EIF2S3"
"PI Metabolism R-HSA-1483255",0.925628140703518,1,0.0134461833974729,0.179285965910755,0.7024076703536,82,"TPTE;INPP5E;TNFAIP8;PLEKHA6;MTMR6;PIP5K1C;INPP5J;MTMR4;TPTE2;MTMR1;INPP5D;PNPLA7;MTMR14;PI4K2B;SBF1;PIK3R5;PLEKHA3;PIK3R3;PIK3C2G;PTEN;PIK3CA;PIP5K1B;GDPD3;PIK3R6;PITPNB"
"PI-3K cascade:FGFR1 R-HSA-5654689",0.340128755364807,1,0.0670512579829467,0.348296052833986,1.10157986195264,21,"FGF10;FGF20;FGF23;FGF8;KL;PIK3CA;FGF5;FGF13;FGFR1;FGF9;FGF3;FGF22"
"PI-3K cascade:FGFR2 R-HSA-5654695",0.46908315565032,1,0.051530912208539,0.316131048519163,1.02381752626606,23,"FGF10;FGF20;FGF23;FGF7;FGF8;PIK3CA;FGF5;FGF13;FGF9;FGF18;FGF3;FGF22"
"PI-3K cascade:FGFR3 R-HSA-5654710",0.688741721854305,1,0.0354665010333725,0.285409114830537,0.863359605999561,18,"FGF20;FGF23;FGF8;PIK3CA;FGF5;FGF13;FGF9;FGF18"
"PI-3K cascade:FGFR4 R-HSA-5654720",0.362660944206009,1,0.0639271933359996,0.346737307624823,1.08869229607899,20,"FGF20;FGF19;FGF23;FGF8;FGFR4;PIK3CA;KLB;FGF13;FGF9;FGF18"
"PI3K Events In ERBB2 Signaling R-HSA-1963642",0.525555555555556,1,0.0482149710025564,0.325335238178791,0.963314160163133,16,"EGFR;BTC;EGF;EREG;NRG4;PIK3CA"
"PI3K/AKT Signaling In Cancer R-HSA-2219528",0.362086258776329,1,0.0607719451853533,0.266038462107497,1.06653612653499,105,"CD86;FGF10;FLT3;EGFR;EPGN;AKT1;CD19;FGF20;BTC;FGF19;FGF23;ESR1;ESR2;NR4A1;AREG;FGF7;CREB1;FGF8;LCK;EGF;FGFR4;KL;TGFA;PIK3R3;EREG;NRG4;PTEN;PIK3CA;FGF5;SOS1;VAV1;KLB;FGF13;ICOS;FGFR1;CASP9;KIT;FOXO3;RICTOR;IRS2;STRN;AKT1S1;FGF9;FGF18;KITLG;FGF3;AKT3;CD28;PIK3R2;FGF22"
"PI5P, PP2A And IER3 Regulate PI3K/AKT Signaling R-HSA-6811558",0.337011033099298,1,0.0642140881844605,0.268123373909648,1.07605902318094,106,"CD86;FGF10;FLT3;EGFR;EPGN;PIP5K1C;AKT1;CD19;FGF20;INS;BTC;FGF19;FGF23;ESR1;ESR2;AREG;FGF7;IL1RL1;FGF8;LCK;IRAK4;TRAF6;EGF;FGFR4;KL;TGFA;PIK3R3;EREG;NRG4;PIK3CA;FGF5;SOS1;VAV1;KLB;FGF13;ICOS;FGFR1;PIP5K1B;KIT;IRS2;STRN;MYD88;FGF9;FGF18;KITLG;FGF3;PPP2R5C;CD28;PIK3R2;FGF22"
"PIP3 Activates AKT Signaling R-HSA-1257604",0.997002997002997,1,0.00250132493941571,0.160417108742166,0.683337911144224,266,"RNF2;PSMA6;CD86;TRIB3;FGF10;RRAGD;DPEP3;PSMD9;PSMD5;FLT3;EGFR;EPGN;GDNF;NR2E1;HDAC3;PIP5K1C;AKT1;CD19;AGO4;FGF20;INS;BTC;FRK;SNAI1;THEM4;FGF19;SUZ12;FGF23;ESR1;ESR2;EED;NR4A1;AREG;FGF7;CREB1;IL1RL1;SALL4;CHD3;FGF8;TNRC6C;LCK;IRAK4;TRAF6;REST;EGF;FGFR4;KL;TGFA;PIK3R3;EZH2;EREG;NRG4;PTEN;PIK3CA;FGF5;SOS1;VAV1;KLB;FGF13;ICOS;FGFR1;PIP5K1B;CASP9;TP53;KIT;FOXO3;RICTOR;IRS2;PSMB11;NEDD4;STRN;AKT1S1;MYD88;FGF9;HOXC13;PHLPP2;FGF18;SCMH1;KITLG;PML;FGF3;MECOM;AKT3;PSMD13;PPP2R5C;CD28;PIK3R2;FGF22;PPARG;MTA2;PSME4;RRAGB;UBB;PSMA4"
"PKA Activation In Glucagon Signaling R-HSA-164378",0.985555555555556,1,0.016356070983033,0.162957182988779,0.4825144756902,16,"ADCY7;PRKACG;PRKAR1B;ADCY1;ADCY9;ADCY2;PRKCA;PRKAR2A"
"PKA Activation R-HSA-163615",0.881767955801105,1,0.0230116943194552,0.226726114303004,0.677250062793643,17,"ADCY7;NBEA;PRKACG;PRKAR1B;ADCY1;CALM1;ADCY9;ADCY2;PRKCA;PRKAR2A"
"PKA-mediated Phosphorylation Of CREB R-HSA-111931",0.869945355191257,1,0.0231538258045259,0.227245878612501,0.69935786188322,19,"ADCY7;CREB1;NBEA;PRKACG;PRKAR1B;ADCY1;CALM1;ADCY9;ADCY2;PRKCA;PRKAR2A"
"PKMTs Methylate Histone Lysines R-HSA-3214841",0.991786447638604,1,0.0086840800745758,0.132336452945259,0.485112239375066,47,"SMYD2;SUZ12;EED;DOT1L;SETDB2;EZH2;SETD6;SUV39H2;ASH1L;KMT2B;SMYD3;MECOM;KMT2C;H3C7;KMT2D;H3C13;KMT5B;SETD2;RBBP7;NSD1;SETDB1;SETD1B"
"PLC Beta Mediated Events R-HSA-112043",0.629363449691992,1,0.0363018462359236,0.250377811762798,0.917822249658768,47,"CAMK2A;GNA14;ADCY7;PLA2G4A;PLCB4;ITPR1;CREB1;NBEA;PDE1A;PDE1B;PRKACG;PRKAR1B;PRKCG;CAMKK1;PLCB2;ADCY1;CALM1;ADCY9;CAMKK2;ADCY2;CAMK2B;PRKCA;KPNA2;MAPK1;PRKAR2A;PLCB1;CAMK2G"
"PPARA Activates Gene Expression R-HSA-1989781",0.687687687687688,1,0.0308468245215279,0.22627756614837,0.912211763965904,112,"MED18;CYP1A1;MED8;TRIB3;MED23;MED19;MED6;HDAC3;NRF1;ANKRD1;APOA1;ABCA1;NPAS2;NR1H4;MED17;MUSK;MED7;TBL1XR1;MED9;MED4;SULT2A1;CYP7A1;NCOA1;CCNC;PEX11A;CREBBP;MED12;CDK8;G0S2;MED31;CD36;TIAM2;GRHL1;PPARGC1B;NCOA3;PPARGC1A;HMGCS2;RXRB;ESRRA;PPARA;MED22;GLIPR1;ABCB4;PPARG;AGXT;NFYC;CPT2;MED26;AHR;NFYB;MED27;HELZ2;MED21;NCOA6;ANGPTL4;FAM120B;EP300;MED20;LIN9;CLOCK;RORA;MED24;ACOX1"
"PRC2 Methylates Histones And DNA R-HSA-212300",0.655601659751037,1,0.0348652196832942,0.24652243306162,0.882312678739731,39,"H2BC3;DNMT3B;H2BC14;H2BC1;SUZ12;EED;DNMT1;H2BC11;H2BC9;EZH2;H2BC13;H2AC14;H2AC20"
"PTEN Regulation R-HSA-6807070",1,1,0,0.110886652756897,0.455378982985953,137,"RNF2;PSMA6;RRAGD;DPEP3;PSMD9;PSMD5;GDNF;NR2E1;HDAC3;AKT1;AGO4;FRK;SNAI1"
"Packaging Of Telomere Ends R-HSA-171306",0.877358490566038,1,0.0201955124804332,0.201685124875918,0.688021225056484,30,"H2BC3;H2BC14;H2BC1;H2BC11;H2BC9;H2BC13;H2AC14;H2AC20"
"Paracetamol ADME R-HSA-9753281",0.386993603411514,1,0.0605092988656667,0.332170546571348,1.07576281697781,23,"SULT1E1;GGT5;ABCG2;GGT6;CYP2E1;SULT2A1;ABCC2;GSTM1;GSTT1"
"Paradoxical Activation Of RAF Signaling By Kinase Inactive BRAF R-HSA-6802955",0.86839378238342,1,0.0201218228563507,0.198177756834018,0.711061425207202,40,"KSR2;CAMK2A;CNKSR1;RNASE3;JAK2;FGG;ITGB3;FGA;ARRB2;CALM1;APBB1IP;VCL;MAP2K1;CAMK2B;FGB;CNKSR2;MAPK1;BRAF;CAMK2G;ITGA2B;MAPK3"
"Peptide Hormone Metabolism R-HSA-2980736",0.741967871485944,1,0.0271669768425399,0.220279096670551,0.869230563958819,88,"GNG13;FSHB;SPCS2;CPA4;KLF4;INS;PCSK1;INHBA;SLC30A8;EXOC1;TSHB;ACE2;ENPEP;CLTRN;SLC30A5;BCHE;MBOAT4;CPB1;GZMH;DPP4;LHB;CPB2;GNAT3;ISL1;GATA4;CTSG;GCG;AOPEP;INHBB;CRHR2;CHGA;POMC;LEP;GPR119;RAB27A;GNB1;AGXT;ACHE;MMP12"
"Peroxisomal Lipid Metabolism R-HSA-390918",0.746315789473684,1,0.0292811015816512,0.241900062614336,0.817408180617825,29,"SYCP2;ACOXL;NUDT7;EHHADH;ACBD5;ACOX3;ABCD1;ACBD4;CROT;KRTAP11-1;PECR;CRAT;DECR2;SLC27A2"
"Peroxisomal Protein Import R-HSA-9033241",0.903030303030303,1,0.0157837626630889,0.183620205026044,0.698980875343363,62,"PEX13;IDE;GNPAT;TYSND1;SYCP2;BAAT;HAO1;UBE2D1;ZNF260;PEX14;NUDT7;EHHADH;ACOX3;ACOT2;NANOS2;UBE2D3;CROT;HMGCL;UBB;KRTAP11-1;PECR;CRAT;AGXT;EPHX2;DECR2;SLC27A2"
"Phase 2 - Plateau Phase R-HSA-5576893",0.409652076318743,1,0.0602484086158019,0.362072524175775,1.0527706536711,15,"AKAP9;CACNB1;KCNE5;KCNE4;CACNB2"
"Phase 4 - Resting Membrane Potential R-HSA-5576886",0.594535519125683,1,0.0418238690062304,0.301607015899795,0.928207099097002,19,"KCNK10;KCNK2;KCNK3;KCNK7;KCNK18;KCNJ14;KCNK12"
"Phase II - Conjugation Of Compounds R-HSA-156580",0.485915492957746,1,0.0472587336673259,0.254354605010336,1.00748142267055,93,"SULT1E1;CYP1A2;CHAC2;ABHD14B;GGT5;GGT6;AS3MT;UGT2B7;UGT3A2;ACSM2A;GLYATL1;OPLAH;TPMT;MTR;BPNT2;SULT2A1;UGT2A3;PAPSS2;UGT2B11;SULT1B1;SULT4A1;UGT2B10;MTRR;UGT2B28;ACSM2B;GLYATL3;GSTA2;UGT2B4;GSTM1;GSTT1;SULT1A2;GSTM2;MAT1A;GSTO2;ABHD10;UGT3A1;GSTA1"
"Phospholipid Metabolism R-HSA-1483257",0.511488511488511,1,0.0445961615888961,0.235778663772112,0.993290637827168,207,"PLA2G1B;LIPI;PLA2G4B;TPTE;PLA2G2D;INPP5E;TNFAIP8;DGAT2L6;PLA2R1;GNPAT;PLEKHA6;MTMR6;PCYT1B;PIP5K1C;INPP5J;PLAAT1;MTMR4;PLA2G4A;STARD10;PISD;TPTE2;PLA2G4D;MTMR1;PLA2G10;PLA2G6;GPCPD1;CHPT1;INPP5D;LPIN3;PNPLA7;PLB1;MTMR14;PLA2G2F;CHEK2;ACP6;GPAM;LPIN1;PLA2G15;PI4K2B;SBF1;HADHA;SLC44A3;BCHE;OSBPL5;PIK3R5;PLEKHA3;CHKA;PIK3R3;PIK3C2G;PTEN;PIK3CA;SELENOI;GPD1L;PCTP;PLA2G4F;GPD2;ALPP;PIP5K1B;MGLL;LPCAT3;PLBD1;PGS1;GDPD3;OSBPL10;GPAT3;PIK3R6;PLAAT4;PITPNB;LPCAT4;PNPLA3;INPP4A;PITPNM2;MTMR3;BMX;PIK3R4;DGAT1;LPIN2;PHOSPHO1;ETNK1;PIK3R2;PIKFYVE;OSBPL8;LPCAT1;PLA1A;PLD2;SLC44A5;PLA2G2E;CRLS1;DGAT2;ACHE;PLAAT2;RUFY1;AGK;PCYT1A;OCRL;ABHD3;GDPD5;PIK3C2A"
"Phosphorylation Of APC/C R-HSA-176412",0.975321888412017,1,0.0145143429459948,0.171646253263116,0.538938122518313,20,"CCNB1;UBE2C;UBE2D1;CDK1;CDC23;ANAPC16;ANAPC1"
"Phosphorylation Of CD3 And TCR Zeta Chains R-HSA-202427",0.682872928176796,1,0.0359208664409425,0.29109018715983,0.869510987468972,17,"CD247;HLA-DQA2;LCK;CD3E;CD3D;PTPN22"
"Plasma Lipoprotein Assembly R-HSA-8963898",0.627450980392157,1,0.175204047558551,-0.214794258220763,-0.896452436145589,16,"APOE;APOC3;PRKACB;SAR1B"
"Plasma Lipoprotein Remodeling R-HSA-8963899",0.95,1,0.231126709673834,-0.129813092524847,-0.685081153319186,33,"PCSK6;APOE"
"Platelet Aggregation (Plug Formation) R-HSA-76009",0.692627206645898,1,0.0322878452489437,0.243605533333,0.861618762490743,36,"ADRA2B;GP1BA;AKT1;ADRA2C;RASGRP1;SOS1;MPL;FGG;GP9;CRK;ITGB3;THPO;FGA;TTF2;GP5;RASGRP2;APBB1IP;SYK;FGB;PDPK1;PTPN1;ADRA2A;SHC1;ITGA2B"
"Platelet Calcium Homeostasis R-HSA-418360",0.650475184794087,1,0.0360729976388226,0.265754364146393,0.881979069935162,26,"ORAI2;TRPC7;SLC8A3;ITPR1;P2RX4;ORAI1;TRPC6;P2RX6;SLC8A2;TRPC3"
"Platelet Homeostasis R-HSA-418346",0.607035175879397,1,0.036993251998507,0.240911412664316,0.945483176993268,83,"PDE5A;GNG13;ORAI2;PDE10A;PLA2G4A;TRPC7;KCNMB1;SLC8A3;ITPR1;P2RX4;ORAI1;GNGT1;PDE1A;PDE1B;GNGT2;LRP8;GNG10;PDE11A;PAFAH2;KCNMB3;TRPC6;P2RX6;PDE2A;SLC8A2;GNB5;FGR;TRPC3;NANOS1;GNG4;NANOS2;PRKG1;PPP2R5C;PRKG2;GNB1;GNG11;PPP2R5E;CALM1;GNG12;P2RX1"
"Platelet Sensitization By LDL R-HSA-432142",0.989690721649485,1,0.140406238523342,-0.147075501674483,-0.645171120997531,17,"PPP2CB;PPP2CA;PPP2R5A"
"Positive Epigenetic Regulation Of rRNA Expression R-HSA-5250913",0.981836528758829,1,0.00773927265828568,0.148527458220929,0.570691593713815,69,"H2BC3;DPEP3;H2BC14;H2BC1;POLR1H;POLR1D;TAF1C;CHD3;TAF1B;TBP;H2BC11;H2BC9;MYO1E;POLR1E;H2BC13;H2AC14;H2AC20;POLR1F;DDX56;POLR1B;POLR1G;POLR1A;MTA2;H3C7;H2BC15;MYBBP1A;H2AC4;H3C13"
"Post NMDA Receptor Activation Events R-HSA-438064",0.972727272727273,1,0.00906269502060309,0.159151202823073,0.605158758063416,61,"CAMK2A;PRKAG3;GRIN2D;RPS6KA3;PRKAA2;CREB1;GRIA1;PRKAB2;NRGN;PRKACG;RPS6KA6;NEFL;PRKAR1B;CAMKK1;CAMK1;ADCY1;MPP3;CALM1;PRKAG2;ERBB4;CAMKK2;PRKAA1;CAMK2B;PRKCA;KPNA2;RPS6KA2;PRKAG1;PDPK1;MAPK1;PRKAR2A;ACTN2;GPRIN1;GRIN2A;CAMK2G;NRG1;MAPK3"
"Post-translational Protein Phosphorylation R-HSA-8957275",0.962888665997994,1,0.00942834302346016,0.171086596208374,0.685878403358105,105,"TNNI3;F5;TRIM26;ENAM;VWA1;APOA1;MSLN;IGFBP3;GOLM1;CKAP4;BPIFB2;STC2;MATN3;FGF23;GPC3;HRC;LAMB1;CHRDL1;LMNB2;IGFBP4;SGPP2;FGG;SERPIND1;FBN1;MGAT4A;FGA;IGFBP1;SERPINC1;AMTN;ITIH2;PPP3CA;FAM20A;VCAN;PRSS23;ALB;PENK;AMBN;CDH2;SERPINA10;CP;AHSG;FSTL1"
"Postmitotic Nuclear Pore Complex (NPC) Reformation R-HSA-9615933",0.42766631467793,1,0.0553642837725362,0.31406879904713,1.04232383226886,26,"NDC1;NUP107;NUP155;NUP160;RCC1;UBE2I;NUP205;SUMO1"
"Potassium Channels R-HSA-1296071",0.391566265060241,1,0.0571258510018113,0.262473787703472,1.05029473452814,102,"KCNV1;GNG13;KCNJ15;KCNAB1;KCNJ1;KCNN1;KCNK10;KCNG3;KCNMB1;KCNG1;UBD;KCNJ6;KCNH5;KCNK2;KCNK3;KCNK7;KCNV2;KCNA1;GNGT1;KCNS2;KCNK18;GABBR2;KCNB1;KCND1;KCNQ2;KCNJ14;GNGT2;KCNG4;GNG10;KCNA2;KCNB2;KCND3;ABCC8;KCNMB3;KCNA5;KCNAB2;KCNC1;KCNA4;GNB5;KCNK16;GNG4;KCNJ8;KCNH1;KCNA10;KCNC3;GNB1;GNG11;KCNS3;GNG12;KCNS1;KCNJ5;HCN2;GNG3;KCNH4;KCNK9;GNB2;GNG2;KCNN2;KCNN4;KCNH7;HCN1;KCNQ5"
"Pre-NOTCH Expression And Processing R-HSA-1912422",0.96468213925328,1,0.00989821417740655,0.161148917026112,0.623830266798007,75,"B4GALT1;H2BC3;H2BC14;ST3GAL3;H2BC1;AGO4;MAML2;POGLUT1;TNRC6C;MAMLD1;H2BC11;H2BC9;H2BC13;CREBBP;TP53;H2AC14;H2AC20;SEL1L;NOTCH3;MAML3"
"Pre-NOTCH Processing In Golgi R-HSA-1912420",0.762693156732892,1,0.0305608138615649,0.262104864550688,0.792864491112738,18,"B4GALT1;ST3GAL3;SEL1L;NOTCH3;NOTCH2;FURIN;LFNG;ST3GAL6;RAB6A;ATP2A2;MFNG;ATP2A1;NOTCH4;RFNG;NOTCH1"
"Pre-NOTCH Transcription And Translation R-HSA-1912408",0.984817813765182,1,0.00773927265828568,0.147383660089974,0.556840011996694,59,"H2BC3;H2BC14;H2BC1;AGO4;MAML2;TNRC6C;MAMLD1;H2BC11;H2BC9;H2BC13;CREBBP;TP53;H2AC14;H2AC20;NOTCH3;MAML3;H3C7;E2F3;H2BC15;PRKCI;H2AC4;H3C13"
"Presynaptic Function Of Kainate Receptors R-HSA-500657",0.638412017167382,1,0.0376923295943841,0.282592521036291,0.893774786647909,21,"GNG13;GNGT1;GNGT2;GNG10;GNB5;GNG4;PLCB2;GNB1;GNG11;GNG12;GNG3;GNB2;GNG2;GRIK3"
"Processing Of DNA Double-Strand Break Ends R-HSA-5693607",0.587285570131181,1,0.0387166740042594,0.245567154969371,0.950625214419206,75,"RBBP8;H2BC3;RHNO1;ABRAXAS1;RAD17;H2BC14;H2BC1;BRCC3;TIMELESS;SERPINA2;UBE2I;H2BC11;H2BC9;DNA2;H2BC13;RFC3;RFC4;PIAS4;RAD9A;RAD50;RMI2;CHEK1;EXO1;MRE11;WRN;POLR1B;RMI1;POLR1A;MDC1;UBB;RFC5;H2BC15;PPP4C;RFC2;RNF168;RAD9B;CCNA1;HUS1;BABAM1;ARTN;RRAD;BRIP1"
"Processing Of SMDT1 R-HSA-8949664",0.423423423423423,1,0.206587922696891,-0.244563308777564,-1.01945468807726,15,"AFG3L2;YME1L1;SPG7"
"Processive Synthesis On C-strand Of Telomere R-HSA-174414",0.988505747126437,1,0.149207542435322,-0.141794562202789,-0.64456298458651,19,"TERF2IP;FEN1;POLD2;TINF2;TERF2;TERF1;RPA3;POT1;POLD4;PCNA;POLD1;BLM;POLD3;ACD;POLR1A;POLR1B;WRN"
"Processive Synthesis On Lagging Strand R-HSA-69183",0.925925925925926,1,0.0210730272985761,0.213526714106279,0.620855335260893,15,"LRIG1;DNA2;PRIM2;POLR1B;POLR1A;POLA1;POLA2;POLD3;POLD1;PCNA;PRIM1;POLD4"
"Programmed Cell Death R-HSA-5357801",1,1,0,0.109705401501996,0.461782551716642,205,"CASP3;PSMA6;DCC;GSDME;BBC3;CASP8;FASLG;RIPK1;PSMD9;PSMD5;H1-3;TP73;ELANE;OCLN;AKT1;TP53BP2;TANK;CASP1;BAK1;H1-5;IL1A;APAF1;DAPK1;LMNB1;DSG3;CHMP4C;DFFB;DSG2;GAS2;PPP1R13B;CASP7;CDKN2A;DAPK2;BID;CASP9;TP53;MED12;TNFRSF10A;H1-1;PSMB11;NMT1;RRM1;PKP1;DSPP;TLR4;IRF1;KPNA1;BMF;UACA;BMX;AKT3;PSMD13;BAX;PSME4;PMAIP1;UBB;PSMA4;PELI1;BIRC3;BCL2L11;CASP6;GSDMD;STK26;REXO2;ARHGAP10;UNC5B;BCL2;PSMB9;MAPK8;PSMA8;BAD;SDCBP;MLKL;OMA1;TNFSF10;PSMA7;RIPK3;IRF2;PSMF1;PSMB3;PSMB4;TP63"
"Prostacyclin Signaling Thru Prostacyclin Receptor R-HSA-392851",0.615300546448087,1,0.0402477565068868,0.297036183996038,0.914140189515376,19,"GNG13;GNGT1;GNGT2;GNG10;GNB5;GNG4;GNB1;GNG11;GNG12;GNG3;GNB2;GNG2"
"Protein Localization R-HSA-9609507",0.999,1,0.00204130030921835,0.115670666809378,0.479133515197631,160,"OTC;PEX13;ABCD2;TIMM10;IDE;UBL4A;GNPAT;UBE2J2;HSCB;TYSND1;CHCHD4;SYCP2;BAAT;MTX1;HAO1;GRPEL2;UBE2D1;SAMM50;ZNF260;COA6;PEX14;TIMM50;SLC25A4;NUDT7;COQ2;EHHADH;GDAP1;TIMM22;ACBD5;TIMM44;ACOX3;PITRM1;ABCD1;CS;ACOT2;CHCHD7;TIMM21;NANOS2;UBE2D3;TIMM8B;CROT;TOMM22;HMGCL;UBB;KRTAP11-1;PECR;CRAT;AGXT;GFER;COX19;EPHX2;GRPEL1;PXMP4"
"Protein Methylation R-HSA-8876725",0.850729517396184,1,0.0258331720982323,0.243329110004293,0.707509487994354,15,"CAMKMT;METTL21A;KIN;ETFBKMT;VCPKMT;METTL22;CALM1"
"Protein Ubiquitination R-HSA-8852135",0.988933601609658,1,0.00617356336775808,0.134691088524035,0.521283403359263,73,"PEX13;H2BC3;H2BC14;UBE2J2;H2BC1;UBE2C;HLTF;UBE2D1;LEO1;PEX14;H2BC11;H2BC9;UBE2A;H2BC13;UCHL3;UBE2Q2;DERL1;UBE2D3;RTF1;SELENOS;UBE2W"
"Protein-protein Interactions At Synapses R-HSA-6794362",0.812248995983936,1,0.0222267787552589,0.209002787771115,0.824733775601773,88,"LRFN3;SYT10;SLITRK3;SLITRK5;SLITRK4;GRIN2D;SHANK2;EPB41;SYT7;LRFN4;SHANK1;IL1RAPL2;SIPA1L1;LRRTM3;GRIA1;HOMER2;DLGAP3;LIN7A;NRXN2;SYT12;HOMER1;GRIA4;NLGN4X;PPFIA3;DLGAP1;NLGN1;LRRTM1"
"Purine Catabolism R-HSA-74259",0.406666666666667,1,0.0601186142531851,0.357328968066104,1.05804725212517,16,"XDH;PPY;ITPA;ADPRM;NT5C1A;NUDT1;NUDT9;NUDT5;NUDT15;NT5C2;NT5E;NUDT16;GDA;NUDT18;DNPH1"
"Pyroptosis R-HSA-5620971",0.695147679324895,1,0.0328701032730105,0.260605686558142,0.856916931802228,25,"CASP3;GSDME;ELANE;CASP1;BAK1;IL1A;CHMP4C"
"Pyruvate Metabolism And Citric Acid (TCA) Cycle R-HSA-71406",1,1,NA,-0.109727644231491,-0.675186000504839,51,"SLC16A1;IDH2;MPC2;MDH2;PDHX;DLST;MPC1;LDHB;LDHA"
"Pyruvate Metabolism R-HSA-70268",0.976939203354298,1,0.0124136372369971,0.156656772229975,0.534413157189321,30,"PPARD;PDK2;PDK3;LDHAL6B;LDHC"
"RA Biosynthesis Pathway R-HSA-5365859",0.55793991416309,1,0.0438879842863647,0.302109460656163,0.955502352829785,21,"SDR16C5;ADH1A;ADH7;CRABP1;DHRS9;CYP26C1;CYP26A1;RDH10;RDH13;RDH5;ALDH1A3;DHRS3;ALDH1A2;AKR1C3;ALDH1A1;CYP26B1;RDH14"
"RAB GEFs Exchange GTP For GDP On RABs R-HSA-8876198",0.945891783567134,1,0.0112106917277743,0.171934662767986,0.678837588212147,87,"DENND2C;TRAPPC11;RAB39B;RAB13;ALS2;RAB32;AKT1;DENND4C;CHML;TRAPPC5;GAPVD1;RINL;SBF1;RAB8B;RAB6B;RAB3IP;DENND4A;TRAPPC1;RAB38;AKT3;TRAPPC6B;RAB27A;MON1A;TRAPPC12;DENND2B;DENND6B;TRAPPC8;DENND2D;RAB3GAP1;TRAPPC6A;TRAPPC2;SBF2;RAB3GAP2;HPS4;RAB18;RABGEF1;HPS1;RAB9B;RAB10;ALS2CL;TRAPPC2L;RAB27B;TRAPPC3"
"RAB Geranylgeranylation R-HSA-8873719",0.945454545454545,1,0.0120226641890431,0.167395171223798,0.637217583400841,62,"RAB39B;RAB13;RAB32;RAB33B;RAB44;RAB40A;CHML;RAB41;RAB22A;RAB15;RAB30;RAB8B;RAB17;RAB6B;RAB24;RABGGTA;RAB40C;RAB38"
"RAC1 GTPase Cycle R-HSA-9013149",1,1,0.0014426950408889,0.128780499284079,0.537304187976487,176,"DOCK8;NHS;SLC1A5;BAIAP2L1;CYBB;ALS2;ECT2;VAV3;ARHGEF6;GMIP;ARHGEF4;FAM13A;ARHGAP30;IQGAP3;NOXO1;NOX3;VAV2;MPP7;ARHGEF11;PLEKHG1;PARD6A;NOX1;SH3BP1;PIK3R3;CDC42BPA;PIK3CA;DIAPH3;ARHGAP44;SOS1;VANGL1;VAV1;FARP2;NISCH;ARAP2;WAS;WIPF2;BAIAP2;ARHGEF19;SWAP70;NCKAP1;ABL2;JAG1;EPHA2;DEF6;TIAM2;ARHGAP20;ARHGAP32;TAGAP;DEPDC1B;TMPO;TIAM1;ARHGAP42;IQGAP2;SRGAP1;PIK3R2;GARRE1;PLD2;ABR;ARHGEF39;FMNL1;DOCK3;ARHGAP31;DOCK6;ARHGAP4;ARHGAP10;NOXA1;VRK2"
"RAC3 GTPase Cycle R-HSA-9013423",0.988933601609658,1,0.00617356336775808,0.136958189566709,0.542444099744006,92,"NHS;SLC1A5;BAIAP2L1;CYBB;SLITRK3;SLITRK5;NOXO1;NOX3;VAV2;MPP7;SYDE1;DSG2;NOX1;DIAPH3;VANGL1;ARAP2;ARHGAP6;IL32;BAIAP2;SWAP70;NCKAP1;ABL2;JAG1;EPHA2;ARHGAP32;NCOA3;DEPDC1B;TMPO;TIAM1;ARHGAP42;LMAN1;PIK3R2;GARRE1;ABR"
"RAF Activation R-HSA-5673000",0.977059436913452,1,0.0119234526278759,0.153431947119279,0.528435615608029,31,"CAMK2A;RNASE3;JAK2;MRAS"
"RAF-independent MAPK1/3 Activation R-HSA-112409",0.840085287846482,1,0.0237208606775806,0.222618902631088,0.720970417994267,23,"DUSP9;IL6R;JAK2;DUSP8;DUSP12;CDK1;TYK2;MAP2K1;IL6;DUSP4;MAPK1;DUSP16;MAPK3;DUSP2"
"RAF/MAP Kinase Cascade R-HSA-5673001",0.999000999000999,1,0.0014426950408889,0.150207278099486,0.639922302403069,267,"IL2RG;KSR2;PSMA6;CAMK2A;DUSP9;FGF10;GFRA4;PSMD9;PSMD5;CNKSR1;FLT3;EGFR;EPGN;GDNF;RNASE3;GRIN2D;CSF2;GFRA2;SHC3;SPTA1;RASAL3;PSPN;FGF20;BTC;JAK2;SPRED2;RET;FGF19;DAB2IP;SPRED3;FGF23;MRAS;ZDHHC9;AREG;MAPK12;FGF7;CSF2RB;FGF8;DUSP8;DUSP12;GFRA3;RASGRP4;EGF;RASGRP1;FGFR4;KL;RGL2;TGFA;IL17RD;SPTBN4;TEK;EREG;NRG4;KBTBD7;PIK3CA;FGF5;SOS1;KLB;FGG;LYPLA1;FGF13;ABHD17C;FGFR1;SPTBN2;IL5RA;SHC2;KIT;ITGB3;ANGPT1;PPP5C;IRS2;PSMB11;NEFL;NRTN;FGA;FGF9;ARRB2;FGF18;WDR83;IL5;KITLG"
"RAS Processing R-HSA-9648002",0.855670103092783,1,0.152144922367565,-0.175611762791149,-0.770350170969193,17,"ARL2;GOLGA7;BCL2L1;FNTA"
"RHO GTPases Activate Formins R-HSA-5663220",0.756243756243756,1,0.0259033757772498,0.216206701792885,0.874405992313607,114,"SGO2;CENPF;CENPH;RHOD;CENPQ;MAD1L1;SCAI;SPC25;DIAPH1;NUP107;KIF2B;BUB1B;MAD2L1;MIS12;MRTFA;AURKB;SKA1;BUB1;NUP160;SGO1;CLIP1;SPDL1;FMNL3;CENPO;CENPU;SKA2;SPC24;ZWILCH;DIAPH2;CENPP;CDCA8;DIAPH3"
"RHO GTPases Activate NADPH Oxidases R-HSA-5668599",0.974495217853347,1,0.0138082722594766,0.164460426965849,0.536518311335984,24,"CYBB;NOXO1;NOX3;S100A9;NOX1;PIK3R4;MAPK11;PRKCB;NOXA1;MAPK14;S100A8;PRKCA;MAPK1;RAC2;NCF2;MAPK3;NCF4;PIK3C3"
"RHOBTB GTPase Cycle R-HSA-9706574",0.853658536585366,1,0.241339976815091,-0.139763902185588,-0.758256388190254,34,"MYO6;DDX39B;HSP90AB1;RHOBTB1;HNRNPC;GPS1;CPSF7;HSP90AA1;SRRM1"
"RHOBTB1 GTPase Cycle R-HSA-9013422",0.980810234541578,1,0.0135373162884418,0.158785568582591,0.51424068845653,23,"PDE5A;STK38"
"RHOBTB2 GTPase Cycle R-HSA-9013418",0.366197183098592,1,0.282013350011725,-0.229797944170772,-1.0818472114652,22,"MYO6;DDX39B;HSP90AB1;HNRNPC;HSP90AA1;SRRM1;CDC37;RBMX;TXNL1;CCT7;TRA2B;CCT2;MSI2;TWF1;TMOD3;CCT6A;PHIP;CUL3;RHOBTB2;DBN1"
"RHOD GTPase Cycle R-HSA-9013405",0.48842767339944,1,0.203508959461977,-0.164973645236707,-1.03236405596048,50,"PGRMC2;PLXNB1;RAB7A;VAMP3;ADD3;ARHGAP1;PIK3R1;ARHGAP21"
"RHOF GTPase Cycle R-HSA-9035034",0.959585492227979,1,0.0129839954274655,0.164002096629654,0.58843921956449,40,"BAIAP2L1;DIAPH1;SLC4A7;ACTN1;MTMR1;LMNB1;SYDE1;DIAPH2;DIAPH3;VANGL1;BAIAP2L2;AKAP12;ARHGAP32;DEPDC1B;TMPO;PIK3R2;RHOF"
"RHOU GTPase Cycle R-HSA-9013420",0.742857142857143,1,0.282013350011725,-0.149561603173792,-0.835788006940458,38,"CDC42;DST;GRB2;MYO6;PIK3R1"
"RIP-mediated NFkB Activation Via ZBP1 R-HSA-1810476",0.711602209944751,1,0.0339723613634993,0.283251807847117,0.846097086083794,17,"RIPK1;TLR3;ZBP1"
"RIPK1-mediated Regulated Necrosis R-HSA-5213460",0.830188679245283,1,0.0234376252595191,0.21520231526228,0.734133271716683,30,"CASP8;FASLG;RIPK1;TANK;TNFRSF10A;RRM1;UBB;PELI1;BIRC3;SDCBP;MLKL;TNFSF10;RIPK3"
"RMTs Methylate Histone Arginines R-HSA-3214858",0.423889938558957,1,0.203508959461977,-0.171218467484519,-1.08063819767784,48,"SMARCB1;H2AC6;RPS2;PRMT1;H2AJ;CCND1;ARID1A;H2AB1;SMARCE1;H2AZ1;H4C15;H2AC19;H2AX;H2AZ2;SMARCC2;H2AC1"
"RNA Pol II CTD Phosphorylation And Interaction With CE R-HSA-77075",0.396367841132181,1,0.203508959461977,-0.204597204501659,-1.02237715116636,26,"POLR2I;POLR2A;POLR2F;POLR2E;POLR2L;POLR2G;CDK7;POLR2C;CCNH;MNAT1;POLR2J;RNMT;GTF2F2;POLR2H;POLR2K;GTF2H1;POLR2D;GTF2F1;GTF2H3;ERCC3;POLR2B;SUPT5H;GTF2H4;RNGTT;ERCC2"
"RNA Polymerase I Promoter Clearance R-HSA-73854",0.859154929577465,1,0.0189287891242153,0.197625563574977,0.764853321032986,73,"H2BC3;DPEP3;H2BC14;H2BC1;POLR1H;POLR1D;TAF1C;GTF2H5;CHD3;TAF1B;TBP;H2BC11;H2BC9;POLR1E;H2BC13;ERCC2;H2AC14;DPEP2;H2AC20;POLR1F;GTF2H4;ERCC3;GTF2H3;POLR1B;POLR1G;POLR1A;MTA2;H3C7;UBTF;H2BC15;H2AC4;H3C13"
"RNA Polymerase I Promoter Escape R-HSA-73772",0.573454913880446,1,0.0400031517498194,0.25345683759676,0.948763196791765,55,"H2BC3;H2BC14;H2BC1;POLR1H;POLR1D;TAF1C;GTF2H5;TAF1B;TBP;H2BC11;H2BC9;POLR1E;H2BC13;ERCC2;H2AC14;H2AC20;POLR1F;GTF2H4;ERCC3;GTF2H3;POLR1B;POLR1G;POLR1A;H3C7;UBTF;H2BC15;H2AC4;H3C13"
"RNA Polymerase I Promoter Opening R-HSA-73728",0.875789473684211,1,0.020562605901185,0.204732448900918,0.691814531839699,29,"H2BC3;H2BC14;H2BC1;H2BC11;H2BC9;H2BC13;H2AC14;DPEP2;H2AC20;H3C7;UBTF;H2BC15;H2AC4;H3C13"
"RNA Polymerase I Transcription Initiation R-HSA-73762",0.66529351184346,1,0.0338245444462164,0.243952045748913,0.886036498516756,44,"DPEP3;POLR1H;POLR1D;TAF1C;GTF2H5;CHD3;TAF1B;TBP;POLR1E;ERCC2;POLR1F;GTF2H4;ERCC3;GTF2H3;POLR1B;POLR1G;POLR1A;MTA2;UBTF"
"RNA Polymerase I Transcription R-HSA-73864",0.870967741935484,1,0.0181674946847152,0.197149884779189,0.762575527384494,74,"H2BC3;DPEP3;H2BC14;H2BC1;POLR1H;POLR1D;TAF1C;GTF2H5;CHD3;TAF1B;TBP;H2BC11;H2BC9;POLR1E;H2BC13;ERCC2;H2AC14;DPEP2;H2AC20;POLR1F;GTF2H4;ERCC3;GTF2H3;POLR1B;POLR1G;POLR1A;MTA2;H3C7;UBTF;H2BC15;H2AC4;H3C13"
"RNA Polymerase II Pre-transcription Events R-HSA-674695",0.467266959915172,1,NA,-0.105424615552293,-0.791675474380813,78,"SSRP1;POLR2I;CTDP1;POLR2A;TAF10;POLR2F;TAF12;TAF15;TAF2;TAF6;POLR2E;POLR2L"
"RNA Polymerase II Transcribes snRNA Genes R-HSA-6807505",0.915322580645161,1,0.0146010500585968,0.18062817850342,0.698669586528141,74,"INTS4;GTF2B;TAF11;RPAP2;SNAPC1;TAF8;ICE1;ICE2;POU2F1;INTS12;TBP;SNAPC4;TAF5;CCNT1;SUPT4H1;INTS1;INTS14;INTS2;SUPT5H;POLR2B;INTS3;NABP1;ELL3;SNAPC5;TAF9;CCNK;ZNF143;GTF2F1;INTS6;INTS7;INTS5;POU2F2;POLR2D;POLR2K;CCNT2;GTF2A1;ELL;SRRT;SNAPC2;ELL2;POLR2H;RPRD1A;GTF2F2;NABP2;ZC3H8;INTS9;GTF2E2;GTF2A2"
"RNA Polymerase III Abortive And Retractive Initiation R-HSA-749476",0.772821576763486,1,0.0267456741432593,0.224793265460058,0.804543204233018,39,"POLR3G;GTF3C6;SNAPC1;POLR1D;POLR3C;POU2F1;TBP;POLR3D;POLR3F;SNAPC4;POLR3GL;CRCP;POLR3H;SNAPC5;BRF2;ZNF143;POLR3B;BDP1;POLR2K;NFIA;POLR3E;SNAPC2;BRF1;POLR2H"
"RNA Polymerase III Chain Elongation R-HSA-73780",0.729281767955801,1,0.0327971189467838,0.279225721736828,0.834070826650079,17,"POLR3G;POLR1D;POLR3C;POLR3D;POLR3F;POLR3GL;CRCP;POLR3H;POLR3B;POLR2K;POLR3E;POLR2H"
"RNA Polymerase III Transcription Initiation From Type 1 Promoter R-HSA-76061",0.713227513227513,1,0.0317812506835949,0.253477118180269,0.845718039352708,27,"POLR3G;GTF3C6;POLR1D;POLR3C;TBP;POLR3D;POLR3F;POLR3GL;CRCP;POLR3H;POLR3B;BDP1;POLR2K;POLR3E;BRF1;POLR2H"
"RNA Polymerase III Transcription Initiation From Type 2 Promoter R-HSA-76066",0.704329461457233,1,0.0322878452489437,0.253873903055751,0.842550486864544,26,"POLR3G;GTF3C6;POLR1D;POLR3C;TBP;POLR3D;POLR3F;POLR3GL;CRCP;POLR3H;POLR3B;BDP1;POLR2K;POLR3E;BRF1;POLR2H"
"RNA Polymerase III Transcription Initiation From Type 3 Promoter R-HSA-76071",0.471957671957672,1,0.0509082865515105,0.303847035216494,1.01377560519555,27,"POLR3G;SNAPC1;POLR1D;POLR3C;POU2F1;TBP;POLR3D;POLR3F;SNAPC4;POLR3GL;CRCP;POLR3H;SNAPC5;BRF2;ZNF143;POLR3B;BDP1;POLR2K;POLR3E;SNAPC2;POLR2H"
"RNA Polymerase III Transcription Initiation R-HSA-76046",0.565172054223149,1,0.0419926218968594,0.271369890496391,0.955494072823853,35,"POLR3G;GTF3C6;SNAPC1;POLR1D;POLR3C;POU2F1;TBP;POLR3D;POLR3F;SNAPC4;POLR3GL;CRCP;POLR3H;SNAPC5;BRF2;ZNF143;POLR3B;BDP1;POLR2K;POLR3E;SNAPC2;BRF1;POLR2H"
"RNA Polymerase III Transcription Termination R-HSA-73980",0.935622317596567,1,0.0175479783225763,0.19559923044732,0.618635128135954,21,"POLR3G;POLR1D;POLR3C;POLR3D;POLR3F;POLR3GL;CRCP;POLR3H;POLR3B;POLR2K;NFIA;POLR3E;POLR2H"
"RND1 GTPase Cycle R-HSA-9696273",0.987551867219917,1,0.0103504582782501,0.1485134772469,0.535525788424827,42,"PLEKHG5;ANKRD26;MUC13;KIF14;RND1;HOMER2;VANGL1;GRB7;FAM83B;EPHA2;DSPP;EPSTI1;DEPDC1B"
"RND2 GTPase Cycle R-HSA-9696270",0.979253112033195,1,0.0112106917277743,0.159535182554516,0.575269032836475,42,"ANKRD26;MUC13;KIF14;CKAP4;RND2;LRRC1;SCRIB;VANGL1;NISCH;FAM83B;EPHA2"
"RND3 GTPase Cycle R-HSA-9696264",0.941908713692946,1,0.0146010500585968,0.175009324397189,0.631067349353693,42,"PLEKHG5;ANKRD26;MUC13;CKAP4;RND3;SCRIB;HOMER2;VANGL1;NISCH;FAM83B;EPHA2;DSPP"
"RORA Activates Gene Expression R-HSA-1368082",0.677083333333333,1,0.173747838999571,-0.200825383213635,-0.88626893025759,18,"SREBF1;RXRA;TBL1X;CPT1A;MBD4;NCOA2;SMARCD3;CARM1;CHD9;RORA;LIN9;EP300;NCOA6;HELZ2;PPARA;CREBBP;NCOA1;TBL1XR1"
"ROS And RNS Production In Phagocytes R-HSA-1222556",0.905503634475597,1,0.0175479783225763,0.18795533088725,0.664787196689972,36,"CYBB;ATP6V1B1;ATP6V0D2;ATP6V1G3;ATP6V1E2;ATP6V1C1;HVCN1;ATP6V1D;NANOS1;NANOS2;ATP6V0A4;ATP6V1A;ATP6V1C2;LPO;ATP6V0A2;ATP6V1H;SLC11A1;RAC2;NANOS3;NCF2"
"RUNX1 Regulates Genes Involved In Megakaryocyte Differentiation And Platelet Function R-HSA-8936459",0.973737373737374,1,0.00893801210835004,0.156335546208675,0.595282926445612,63,"H2BC3;GATA1;GP1BA;MYL9;H2BC14;H2BC1;AGO4"
"RUNX2 Regulates Bone Development R-HSA-8941326",0.881052631578947,1,0.0201955124804332,0.203606808205178,0.68801086224495,29,"HDAC3;ZNF521;GLI2;AREG;RUNX2;HDAC4;MAF;BGLAP;SMAD6;RB1;SMAD1;GLI3;MAPK1;YAP1;SATB2;MAPK3;COL1A1"
"RUNX2 Regulates Osteoblast Differentiation R-HSA-8940973",0.93816631130064,1,0.0169176756264572,0.188088790910268,0.609141688328827,23,"HDAC3;ZNF521;AREG;RUNX2;MAF;BGLAP;RB1;GLI3;MAPK1;YAP1;SATB2;MAPK3;COL1A1"
"Rab Regulation Of Trafficking R-HSA-9007101",0.992007992007992,1,0.00409492237559551,0.1370365469691,0.555448113065802,118,"DENND2C;TRAPPC11;RAB39B;TBC1D10C;RAB13;ALS2;RAB32;RAB33B;AKT1;DENND4C;CHML;TBC1D24;TRAPPC5;GAPVD1;SYTL1;RINL;SBF1;MAP1LC3B;RAB8B;RAB6B;RAB3IP;DENND4A;TRAPPC1;RAB38;AKT3;TRAPPC6B;GGA2;RAB27A;MON1A;TRAPPC12;TBC1D10B;DENND2B;DENND6B;TRAPPC8;DENND2D;RAB3GAP1;TRAPPC6A;TRAPPC2;SBF2;RAB3GAP2;TBC1D25;RABEP1;HPS4;RAB18;RABGEF1;HPS1;RAB9B;RAB10;ALS2CL;TRAPPC2L;RAB27B;TRAPPC3;RIN2;TRAPPC13;TBC1D14;RAB7B;RAB3A;TBC1D10A;RIN3;TBC1D15;RABGAP1;DENND2A;RAB3IL1"
"Rap1 Signaling R-HSA-392517",0.907777777777778,1,0.0216519363667421,0.219708609711038,0.650554843149468,16,"RNASE3;RASGRP1;PRKACG;PRKG1;RASGRP2;PRKCA;RAP1GAP2"
"Ras Activation Upon Ca2+ Influx Thru NMDA Receptor R-HSA-442982",0.967213114754098,1,0.0165175643261291,0.183003593453337,0.563200541263551,19,"CAMK2A;GRIN2D;NEFL;MPP3;CALM1;CAMK2B;ACTN2;GPRIN1;CAMK2G;NRAS;GRIN2B"
"Receptor-type Tyrosine-Protein Phosphatases R-HSA-388844",0.453862660944206,1,0.053347785067549,0.324180844406717,1.01786909017548,20,"SLITRK3;SLITRK5;SLITRK4;IL1RAPL2"
"Recognition Of DNA Damage By PCNA-containing Replication Complex R-HSA-110314",0.480769230769231,1,0.287857117255149,-0.204215155252856,-1.04230315549824,29,"RBX1;RPS27A;DDB1;UBA52;UBE2B;POLD2;CUL4B;POLE4;RPA3;WDR48;POLD4;PCNA;POLE3;POLD1;RAD18;POLD3;CUL4A;RFC2;RFC5;UBB;SLC19A1;POLR1A;POLR1B;RFC4;RFC3;POLE;DTL;USP1;POLE2"
"Recruitment And ATM-mediated Phosphorylation Of Repair And Signal Proteins At DNA Double Strand Breaks R-HSA-5693565",0.842105263157895,1,0.020562605901185,0.203450440859539,0.763212700409447,56,"H2BC3;ABRAXAS1;H2BC14;H2BC1;BRCC3;CHEK2;CNKSR3;EYA4;UBE2I;H2BC11;H2BC9;H2BC13;SUMO1;PIAS4;TP53;PPP5C;EYA3;RAD50;MRE11;MDC1;UBB;H2BC15;EYA1;RNF168;MAPK8;BABAM1;ARTN;EYA2"
"Recruitment Of NuMA To Mitotic Centrosomes R-HSA-380320",0.90798786653185,1,0.0154513814985972,0.185997419980463,0.723222908519561,79,"HAUS7;HAUS2;AKAP9;HAUS8;NEDD1;CEP63;CEP135;SFI1;NME7;TUBGCP2;HAUS6;TUBGCP5;NINL;TUBGCP6;CEP152;TUBG1;CEP131;MZT2A;CEP70;CEP192;CEP290;CDK1"
"Regulated Necrosis R-HSA-5218859",0.795339412360689,1,0.0239329549624917,0.214622840296668,0.803396167943815,55,"CASP3;GSDME;CASP8;FASLG;RIPK1;ELANE;TANK;CASP1;BAK1;IL1A"
"Regulation Of Apoptosis R-HSA-169911",0.546009685605454,1,0.143902565267782,-0.165135881124555,-1.01612894268564,51,"PSMB7;RPS27A;PSMB6;PSMD14;SEM1;PSMC5;PSMA2;PSMD8;UBA52;PSMD4"
"Regulation Of Beta-Cell Development R-HSA-186712",0.38860103626943,1,0.0589694466690997,0.29880579989521,1.07211465770912,40,"FGF10;AKT1;IAPP;SLC2A2;MAML2;INS;NR5A2;PAX4;HNF1B;RFX6;MAMLD1;PTF1A;CREBBP;NKX6-1;MAML3;NEUROG3;AKT3;FOXA3;ONECUT3;PKLR;INSM1"
"Regulation Of FZD By Ubiquitination R-HSA-4641263",0.785792349726776,1,0.0285743975105342,0.25242344352821,0.776842778548756,19,"RSPO2;RSPO3;RSPO1;FZD8;FZD6;WNT3A;UBB;FZD4;LGR4;ZNRF3;RSPO4;USP8;LGR6"
"Regulation Of Gene Expression In Beta Cells R-HSA-210745",0.682403433476395,1,0.034566432206351,0.273009144535839,0.8571992280014,20,"AKT1;IAPP;SLC2A2;INS;RFX6;NKX6-1;AKT3;FOXA3;PKLR;PAX6;HNF4G;FOXA2"
"Regulation Of Gene Expression In Late Stage (Branching Morphogenesis) Pancreatic Bud Precursor Cells R-HSA-210744",0.7003367003367,1,0.0354665010333725,0.286498329397376,0.833029333562267,15,"MAML2;HNF1B;MAMLD1;CREBBP;MAML3;NEUROG3;ONECUT3;EP300;KAT2A;ONECUT1"
"Regulation Of HSF1-mediated Heat Shock Response R-HSA-3371453",0.53478610346134,1,NA,-0.094244074417809,-0.695868375085658,79,"HSPA2;YWHAE;HSBP1;HSPA4;POM121C;NUP62;NUP50;HSPA9;NUP35;HSPA13;MRPL18;TPR;AAAS"
"Regulation Of IFNA/IFNB Signaling R-HSA-912694",1,1,0.166933848713193,-0.117177786066871,-0.524464844614029,20,"USP18;STAT2;IFNA14;IFNAR2;PTPN11;JAK1;STAT1"
"Regulation Of IGF Transport And Uptake By IGFBPs R-HSA-381426",0.73026973026973,1,0.0277292221875017,0.21975031665819,0.894137469774601,122,"TNNI3;PAPPA;F5;TRIM26;KLK1;ENAM;VWA1;APOA1;MSLN;IGFBP3;GOLM1;CKAP4;BPIFB2;STC2;MATN3;FGF23;PLG;GPC3;HRC;LAMB1;MMP1;CHRDL1;IGF2;LMNB2;IGFBP4;GZMH;SGPP2;PAPPA2;FGG;KLKB1;SERPIND1;FBN1;MGAT4A;KLK13;FGA;CTSG;IGFBP1;SERPINC1;AMTN;ITIH2;PPP3CA;TTF2;FAM20A;VCAN;MMP2;PRSS23;ALB;PENK;AMBN;CDH2;SERPINA10;CP;AHSG;FSTL1;IGFALS;IGFBP6;APOL1;IL6"
"Regulation Of Insulin Secretion R-HSA-422356",0.969758064516129,1,0.00918593980608508,0.159695114568351,0.620873453265848,77,"GNG13;GNA14;CACNA1A;SLC2A2;INS;ADRA2C;ITPR1;CACNA1D;AKAP5;GNGT1;CACNB2;KCNB1;CACNB3;GNGT2;GNG10;ABCC8;PRKACG;PRKAR1B;CD36;GNB5;GCG;GNG4;SYT5;PLCB2;GNB1;GNG11;KCNS3;GNG12;CACNA2D2;GNG3;CACNA1C;GNB2;GNG2;PRKCA;SLC2A1"
"Regulation Of KIT Signaling R-HSA-1433559",0.803333333333333,1,0.0282923737721473,0.259313119656048,0.76782337345046,16,"SH2B2;SOCS6;LCK;CBL;SOS1;KIT;KITLG"
"Regulation Of Lipid Metabolism By PPARalpha R-HSA-400206",0.721278721278721,1,0.0283628487151644,0.221786328073078,0.896971706575992,114,"MED18;CYP1A1;MED8;TRIB3;MED23;MED19;MED6;HDAC3;NRF1;ANKRD1;APOA1;ABCA1;NPAS2;NR1H4;MED17;MUSK;MED7;TBL1XR1;MED9;MED4;SULT2A1;CYP7A1;NCOA1;CCNC;PEX11A;CREBBP;MED12;CDK8;G0S2;MED31;CD36;TIAM2;GRHL1;PPARGC1B;NCOA3;PPARGC1A;HMGCS2;RXRB;ESRRA;PPARA;MED22;GLIPR1;ABCB4;PPARG;AGXT;NFYC;CPT2;MED26;AHR;NFYB;MED27;HELZ2;MED21;NCOA6;ANGPTL4;FAM120B;EP300;MED20;LIN9;CLOCK;RORA;MED24;ACOX1"
"Regulation Of MECP2 Expression And Activity R-HSA-9022692",0.692387904066736,1,0.0325057651164641,0.248110980228158,0.85452007249867,31,"CAMK2A;HDAC3;AGO4;AURKB;CREB1;TBL1XR1;TNRC6C"
"Regulation Of NF-kappa B Signaling R-HSA-9758274",0.758011049723757,1,0.030918431706181,0.270252337257917,0.807266568920455,17,"CASP8;NLRX1;TANK;TRAF6;NLRC5;TP53;IKBKB"
"Regulation Of Necroptotic Cell Death R-HSA-5675482",0.794303797468354,1,0.0261841515946199,0.233178399242537,0.782048721104896,28,"CASP8;FASLG;RIPK1;TANK"
"Regulation Of Ornithine Decarboxylase (ODC) R-HSA-350562",0.977679867023825,1,NA,-0.13010623075235,-0.814172444892671,50,"PSMB7;PSMB6;PSMD14;SEM1;PSMC5;PSMA2;PSMD8;PSMD4;PSMA1;OAZ2"
"Regulation Of PTEN Gene Transcription R-HSA-8943724",0.768218623481781,1,0.0257629629837414,0.215099326807539,0.814455972125063,60,"RNF2;RRAGD;DPEP3;GDNF;NR2E1;HDAC3;SNAI1;SUZ12;EED;SALL4;CHD3;REST;EZH2;PTEN"
"Regulation Of PTEN Stability And Activity R-HSA-8948751",0.673240485659749,1,0.143902565267782,-0.14506239904209,-0.934202867582974,66,"PSMB7;RPS27A;PSMB6;PSMD14;SEM1;PSMC5;TNKS2;PSMA2;PREX2;PSMD8;UBA52;PSMD4"
"Regulation Of Pyruvate Dehydrogenase (PDH) Complex R-HSA-204174",0.857777777777778,1,0.0248493879589072,0.242084969208016,0.716811004261943,16,"PPARD;PDK2;PDK3;PLPP6;PDP2;LDHD;PDPK1;PDHA2;PDK4;PDHA1;GSTZ1"
"Regulation Of RUNX1 Expression And Activity R-HSA-8934593",0.979381443298969,1,0.141225119642531,-0.149564606803621,-0.656089994148826,17,"TNRC6B;CCND1;CBFB;MOV10;PTPN11;SRC"
"Regulation Of TLR By Endogenous Ligand R-HSA-5686938",0.886313465783664,1,0.0226556224333514,0.224056711127721,0.677769222456836,18,"GSDME;LBP;S100A9;FGG;TLR6;CD36;FGA;TLR4"
"Regulation Of TNFR1 Signaling R-HSA-5357905",0.983350676378772,1,0.0111060331981493,0.144720730757332,0.50854110827571,34,"CASP8;RIPK1;TANK;TAX1BP1;RNF31;SPPL2A;RBCK1;IKBKB;UBB;BIRC3;OTULIN;TNFRSF1A;SPPL2B;CHUK;CYLD;SHARPIN;TNFAIP3;IKBKG;USP2;MADD;BIRC2"
"Regulation Of TP53 Activity R-HSA-5633007",0.945054945054945,1,0.0110006035430037,0.185352611741149,0.766029156720311,155,"RBBP8;TAF3;PRKAG3;RHNO1;DPEP3;TAF11;RAD17;TP73;AKT1;SMYD2;TAF4;TP53BP2;PLK3;AURKB;POU4F2;SERPINA2;PRKAA2;TAF7L;CHEK2;CHD3;PPP1R13L;PRKAB2;TBP;PPP1R13B;BRPF3;ING3;CDKN2A;STK11;DNA2;RFC3;CDK1;RFC4;PRDM1;TP53;POU4F1;RICTOR;TAF5;TP53INP1;CDK5R1;L3MBTL1;RAD9A;RAD50;RMI2;RNF34;BANP;PML;CHEK1;EXO1;AKT3;MRE11;WRN;PPP2R5C;MAPK11;HIPK1;POLR1B;RMI1;POLR1A;RFFL;MTA2;UBB;TAF9B;SETD9;RFC5;RFC2;TAF9;PRKAG2;TPX2;RAD9B;BRD1;CCNA1;MLST8;HUS1;PRKAA1;MAPK14;TP53RK;PIP4K2B;ARTN;RRAD;BRIP1;RBBP7;TP63;PRKAG1;MDM2;DAXX;EP300;PDPK1"
"Regulation Of TP53 Activity Thru Acetylation R-HSA-6804758",0.557692307692308,1,0.266350657088526,-0.193072940822896,-0.985433893051953,29,"PIP4K2A;MEAF6;PDZD2;PIP4K2C;HDAC2;CHD4;GATAD2B"
"Regulation Of TP53 Activity Thru Methylation R-HSA-6804760",0.986754966887417,1,0.0157837626630889,0.164398195178842,0.497302831764565,18,"SMYD2;CHEK2;TP53;L3MBTL1;UBB;SETD9;MDM2;EP300;ATM;KMT5A"
"Regulation Of TP53 Activity Thru Phosphorylation R-HSA-6804756",0.567269076305221,1,0.0400845633477088,0.244800751879507,0.965994044963844,88,"RBBP8;TAF3;PRKAG3;RHNO1;TAF11;RAD17;TAF4;PLK3;AURKB;SERPINA2;PRKAA2;TAF7L;CHEK2;PRKAB2;TBP;STK11;DNA2;RFC3;RFC4;TP53;TAF5;TP53INP1;CDK5R1;RAD9A;RAD50;RMI2;CHEK1;EXO1;MRE11;WRN;MAPK11;HIPK1;POLR1B;RMI1;POLR1A;UBB;TAF9B;RFC5;RFC2;TAF9;PRKAG2;TPX2;RAD9B;CCNA1;HUS1;PRKAA1;MAPK14;TP53RK;ARTN;RRAD;BRIP1;PRKAG1;MDM2"
"Regulation Of TP53 Degradation R-HSA-6804757",0.767441860465116,1,0.248911114434702,-0.143416229775332,-0.814909371701949,35,"SGK1;RPS27A;PPP2CB;PPP2CA;PRR5;UBA52"
"Regulation Of TP53 Expression And Degradation R-HSA-6806003",0.794871794871795,1,0.257206466468838,-0.138983374713842,-0.790510204596789,36,"SGK1;RPS27A;PPP2CB;PPP2CA;PRR5;UBA52;USP7;MDM4;CDK2;AKT2;PHF20;CCNG1;PPP2R1B;PPP2R1A;USP2;MAPKAP1;MTOR;ATM;CCNA2;PDPK1;DAXX;MDM2;MLST8;CCNA1;UBB;RFFL;PPP2R5C;AKT3;RNF34;RICTOR;TP53;PRDM1;CDK1;CDKN2A"
"Reproduction R-HSA-1474165",0.584168336673347,1,0.03863723737086,0.238147162410288,0.958126133561565,110,"RBBP8;B4GALT1;ADAM20;SYNE2;CATSPER3;H2BC3;CATSPERB;STAG3;ADAM2;SPO11;H2BC14;REC8;H2BC1;ADAM21;SMC1B;KCNU1;SPAM1;SYCP2;SYNE1;SYCP1;SERPINA2;LMNB1;ZP4;ZP3;UBE2I;H2BC11;H2BC9;MND1;CATSPER4;PMEPA1;SYCE1;H2BC13;MLH1;H2AC14;TEX12;H2AC20;HVCN1;RAD50;BRCA2;IZUMO1;MSH4;ADAM30;MRE11;POLR1B;RAD51;IZUMO2;POLR1A;SYCE2;H3C7;H2BC15;PSMC3IP;STAG2;SYCE3;SYCP3;ZP2;ACR;ACD;H2AC4;H3C13"
"Resolution Of AP Sites Via Multiple-Nucleotide Patch Replacement Pathway R-HSA-110373",0.930379746835443,1,0.0167582341026205,0.186297926479279,0.612580061732937,25,"LRIG1;PARG;POLE2;POLE;RFC3;RFC4;POLR1B;POLR1A;SLC19A1;RFC5;RFC2;POLG2;APEX1"
"Resolution Of Abasic Sites (AP Sites) R-HSA-73933",0.798345398138573,1,0.0248493879589072,0.216976585928449,0.77482250357663,38,"OGG1;LRIG1;PARG;SMUG1;NEIL1;POLE2;POLE;RFC3;RFC4;LRIG3;MUTYH;POLR1B;POLR1A;SLC19A1;RFC5;PNKP;RFC2;POLG2"
"Resolution Of Sister Chromatid Cohesion R-HSA-2500257",0.745235707121364,1,0.0268860833830403,0.218579625248873,0.875890468952615,104,"SGO2;CENPF;CENPH;CCNB1;CENPQ;MAD1L1;SPC25;NUP107;KIF2B;BUB1B;MAD2L1;MIS12;AURKB;SKA1;CDCA5;BUB1;NUP160;SGO1;CLIP1;SPDL1;CENPO;CENPU;SKA2;SPC24;ZWILCH;CENPP;PMEPA1;CDCA8;KNL1;CDK1;KNTC1;ITGB3BP;ZWINT"
"Response Of EIF2AK1 (HRI) To Heme Deficiency R-HSA-9648895",0.648709315375982,1,0.0390355298112393,0.300491346063995,0.873715760505271,15,"TRIB3;ATF5;EIF2S1;EIF2S3;GRB10;CEBPB;CEBPG;ASNS"
"Retinoid Metabolism And Transport R-HSA-975634",0.519709543568465,1,0.0455878202571231,0.270359031260514,0.974889525567158,42,"AKR1C4;SDC1;TTR;BCO1;GPC6;APOA1;GPC2;APOA4;GPC3;PLB1;RIMBP2;LRP8;RBP4;AKR1C1;GPC5;GPIHBP1;BCO2;APOM"
"Retrograde Transport At Trans-Golgi-Network R-HSA-6811440",0.960905349794239,1,0.01221929569568,0.168539256355202,0.616181583691304,46,"NAA30;GCC2;SYS1;RABEPK;COG3;STX6;VPS54;GOLGA1;RAB6B;COG4"
"Rev-mediated Nuclear Export Of HIV RNA R-HSA-165054",0.899063475546306,1,0.0181674946847152,0.189596149028818,0.666230990179248,34,"NDC1;NUP107;NUP155;NUP160;RCC1;NUP205;NUP153;NUP37;NUP214;NUP88;NUP85;SEC13"
"Role Of Nef In HIV-1 Replication And Disease Pathogenesis R-HSA-164952",0.508771929824561,1,0.266350657088526,-0.192148195914657,-0.967129761545623,27,"RNASE1;B2M;FYN;ELMO1;AP2A2;AP2B1;AP1S2"
"Role Of Phospholipids In Phagocytosis R-HSA-2029485",0.904357066950053,1,0.0191546578437244,0.197920675635085,0.645675489412803,24,"CD247;ITPR1;PLA2G6;PIK3CA;PRKCE;PIK3R2;PLD2;SYK;PLD3;PLCG2;IGLL5"
"S Phase R-HSA-69242",0.994,1,0.00382852089890286,0.147188256082043,0.609686348991295,160,"PSMA6;MCM6;SLC25A2;PSMD9;PSMD5;LRIG1;GINS4;LIN52;AKT1;UBE2C;GMNN;ORC4;CABLES1;GINS1;CDC25A;LIN54;CDCA5;ORC5;WEE1;CDC45;ORC6;CDC6;CDC25B;UBE2D1;POLE2;E2F5;PMEPA1;MCM4;DNA2;E2F4;GINS3;POLE;RFC3;RFC4;CDT1;PRIM2;ESCO2;PSMB11;CCNE2;CDC23;ORC3;AKT3;PSMD13;POLR1B;WAPL;POLR1A;POLA1;PSME4;SLC19A1;UBB;PSMA4;ANAPC16;RFC5;STAG2;ANAPC1;MCM7;RFC2;RB1;RBL2;PSMB9;CCNE1"
"SARS-CoV-1 Infection R-HSA-9678108",0.840180039145275,1,0.143902565267782,-0.154057036094517,-0.959947030475994,49,"ST6GALNAC3;CANX;DDX5;RPS27A;VCP;CHMP4B;ST3GAL2"
"SARS-CoV-2 Activates/Modulates Innate And Adaptive Immune Responses R-HSA-9705671",0.602397602397602,1,0.0370705393657621,0.235793670362589,0.953621680572033,114,"NDC1;NOD2;TAB3;NLRP12;IRF3;NUP107;NUP155;MASP1;IFNA6;TLR8;HLA-G;STING1;NUP160;TKFC;RNF135;TLR7;SIKE1;SEC24D;IRF7;IFNA8;TRAF6;SEC23A;NUP205;SFTPD;CREBBP;NUP153;IFNB1;IFNAR1;ISG15;TRIM25;IL17RC;IKBKB;HOXC13;TRIM4;NUP37;PIK3R4;NUP214;MBL2;MASP2;SEC24C;IRAK2;TYK2;BECN1;NLRP3;NUP88;RIPK2;TRAF3;NUP85;IL17F;IFIH1"
"SHC-mediated cascade:FGFR2 R-HSA-5654699",0.419978517722879,1,0.0570059526582387,0.329487008572263,1.05378411594345,22,"FGF10;FGF20;FGF23;FGF7;FGF8;FGF5;SOS1;FGF13;FGF9;FGF18;FGF3;FGF22"
"SHC-mediated cascade:FGFR3 R-HSA-5654704",0.638674033149171,1,0.0390355298112393,0.301395399034571,0.900293526175312,17,"FGF20;FGF23;FGF8;FGF5;SOS1;FGF13;FGF9;FGF18"
"SHC-mediated cascade:FGFR4 R-HSA-5654719",0.32896174863388,1,0.0696133438850965,0.361905094355781,1.11377673618843,19,"FGF20;FGF19;FGF23;FGF8;FGFR4;SOS1;KLB;FGF13;FGF9;FGF18"
"SHC1 Events In ERBB2 Signaling R-HSA-1250196",0.718884120171674,1,0.0320704174637537,0.264897745314482,0.837810303449462,21,"EGFR;BTC;EGF;EREG;NRG4;SOS1;PRKCE"
"SIRT1 Negatively Regulates rRNA Expression R-HSA-427359",0.787721123829344,1,0.0259033757772498,0.223684442558906,0.786015477725033,34,"H2BC3;H2BC14;H2BC1;TAF1C;TAF1B;TBP;H2BC11;H2BC9;H2BC13;H2AC14;H2AC20"
"SLC-mediated Transmembrane Transport R-HSA-425407",0.541458541458541,1,0.0419926218968594,0.233139533043818,0.990670692441585,247,"SLC5A4;LCN15;SLC1A5;HEPH;SLC5A2;RSC1A1;SLC16A7;SLC4A10;RHCG;SLC9A1;SLC8B1;SLC2A10;SLC4A9;AHCYL2;EMB;SLC25A10;SLC40A1;RHBG;SLC2A7;MFSD4B;SLC4A7;SLC43A1;SLC2A14;SLC17A6;SLC5A7;SLC26A4;SLC2A2;SLC22A16;SLCO1B1;SLC29A2;RHAG;SLC9A7;SLC39A14;SLC13A4;SLC17A1;SLC18A2;SLC4A8;SLC8A3;SLC15A1;SLC9A3;SLC30A8;SLC6A14;SLCO2A1;SLC1A1;SLC36A2;SLC24A3;SLC9A2;SLC30A1;SLC28A1;SLC30A5;SLC44A3;SLC22A5;SLC6A19;SLC28A3;SLC7A1;SLC25A4;SLC2A12;SLC47A2;SLC26A3;SLC22A12;SLC14A1;SLC24A5;SLC22A6;SLC2A9;SLC5A3;SLC9A8;SLC29A3;SLC34A2;SLC39A8;SLC13A5;SLC24A1;SLC6A13;SLC20A1;SLC22A4;SLC17A7;SLC8A2;SLC5A8;SLC35C1;SLC7A3;SLC38A5;SLC4A2;SLC25A22;SLC22A3;SLC4A3;SLC9A4;SLC30A10;SLC17A8;SLC15A3;SLC28A2;SLC1A7;SLC43A2;SLC35A3;SLC7A6;SLC29A1;SLC12A1;SLC15A2;SLCO4A1;NLRP3;SLC1A4;SLC6A5;SLC12A3;SLC44A5;SLC7A9;CTNS;SLC3A1;SLC22A18;CALM1"
"STING Mediated Induction Of Host Immune Responses R-HSA-1834941",0.398888888888889,1,0.0610363728309177,0.359145897860798,1.06342716181171,16,"CGAS;NLRP4;IRF3;STING1;TRIM21"
"SUMO E3 Ligases SUMOylate Target Proteins R-HSA-3108232",0.986013986013986,1,0.0054335217582325,0.158074837236954,0.655722240388964,166,"NDC1;RNF2;NR5A1;DNMT3B;NUP107;NUP155;TOP2A;PIAS3;TFAP2B;NR1I2;NSMCE4A;MRTFA;NR5A2;THRB;AURKB;NR1H4;SUZ12;ESR1;NUP160;AREG;TFAP2A;CHD3;SMC6;DNMT1;UBE2I;PMEPA1;CDCA8;ING3;ZNF131;VDR;CDKN2A;SMC5;NCOA1;HIC1;NUP205;HDAC4;PGR;SUMO1;CREBBP;PIAS4;TP53;NSMCE3;NUP153;RAD52;ZBED1;NUP37;SCMH1;PPARGC1A;PML;NUP214;PCGF2;MITF;WRN;PPARA;L3MBTL2;FOXL2;NOP58;POLR1A;PPARG"
"SUMOylation Of Chromatin Organization Proteins R-HSA-4551638",0.826747720364742,1,0.0217240006200525,0.206722676705571,0.773823541160743,55,"NDC1;RNF2;NUP107;NUP155;SUZ12;NUP160;CHD3;UBE2I;NUP205;HDAC4;SUMO1;NUP153;ZBED1;NUP37;SCMH1;NUP214;PCGF2;L3MBTL2"
"SUMOylation Of DNA Damage Response And Repair Proteins R-HSA-3108214",0.915322580645161,1,0.0146010500585968,0.180741029337255,0.699106093423511,74,"NDC1;RNF2;NUP107;NUP155;NSMCE4A;NUP160;SMC6;UBE2I;PMEPA1;CDKN2A;SMC5;NUP205;SUMO1;PIAS4;NSMCE3;NUP153;RAD52;NUP37;SCMH1;PML;NUP214;PCGF2;WRN;POLR1A;MDC1;NUP88;STAG2;NUP85;RNF168;XPC;XRCC4;SEC13"
"SUMOylation Of DNA Methylation Proteins R-HSA-4655427",0.358024691358025,1,0.0667426134241917,0.376935352014227,1.09598616419487,15,"RNF2;DNMT3B;DNMT1;UBE2I;SUMO1;SCMH1;PCGF2"
"SUMOylation Of DNA Replication Proteins R-HSA-4615885",0.720906282183316,1,0.0299195667151671,0.232722620861822,0.845251104498966,44,"NDC1;NUP107;NUP155;TOP2A;PIAS3;AURKB;NUP160;UBE2I;CDCA8;NUP205;SUMO1;PIAS4;NUP153"
"SUMOylation Of RNA Binding Proteins R-HSA-4570464",0.945473251028807,1,0.013628036219219,0.177435626541111,0.646528371497034,45,"NDC1;RNF2;NUP107;NUP155;NUP160;UBE2I;NUP205;SUMO1;NUP153;NUP37;SCMH1;NUP214;PCGF2;NOP58;NUP88;NUP85;SEC13"
"SUMOylation Of SUMOylation Proteins R-HSA-4085377",0.818938605619147,1,0.0237915888102658,0.214321755794514,0.753115484208652,34,"NDC1;NUP107;NUP155;NUP160;UBE2I;NUP205;SUMO1;PIAS4;NUP153;NUP37;NUP214;NUP88;NUP85;SEC13"
"SUMOylation Of Transcription Factors R-HSA-3232118",0.351912568306011,1,0.0662842187012672,0.356149602692703,1.09606399099739,19,"PIAS3;TFAP2B;TFAP2A;UBE2I;CDKN2A;HIC1;SUMO1;PIAS4;TP53;MITF;FOXL2"
"SUMOylation Of Ubiquitinylation Proteins R-HSA-3232142",0.805584281282316,1,0.0243564001293776,0.21602666030155,0.771430323036522,38,"NDC1;NUP107;NUP155;NUP160;UBE2I;NUP205;SUMO1;PIAS4;NUP153;NUP37;PML;NUP214;NUP88;NUP85;SEC13;NUP43;MDM2"
"SUMOylation R-HSA-2990846",0.991,1,0.00458288223817775,0.154107111860562,0.641370341802131,172,"NDC1;RNF2;NR5A1;DNMT3B;NUP107;NUP155;TOP2A;PIAS3;TFAP2B;NR1I2;NSMCE4A;MRTFA;NR5A2;THRB;AURKB;NR1H4;SUZ12;ESR1;NUP160;AREG;TFAP2A;CHD3;SMC6;DNMT1;UBE2I;PMEPA1;CDCA8;ING3;ZNF131;VDR;CDKN2A;SMC5;NCOA1;HIC1;NUP205;HDAC4;PGR;SUMO1;CREBBP;PIAS4;TP53;NSMCE3;NUP153;RAD52;ZBED1;NUP37;SCMH1;RWDD3;PPARGC1A;PML;NUP214;PCGF2;MITF;WRN;PPARA;L3MBTL2;FOXL2;NOP58;POLR1A;PPARG"
"Scavenging By Class A Receptors R-HSA-3000480",0.603752759381898,1,0.0415717899246479,0.306277264304522,0.926485541267947,18,"COLEC11;COL3A1;MARCO;APOA1;MASP1;SCGB3A2"
"Sema3A PAK Dependent Axon Repulsion R-HSA-399954",0.441176470588235,1,0.211400189384923,-0.234693195511981,-0.979501447600478,16,"RNASE1;FYN;HSP90AB1;HSP90AA1;PKN1;PKN2"
"Sensory Processing Of Sound By Inner Hair Cells Of Cochlea R-HSA-9662360",0.598989898989899,1,0.0378487722705029,0.243572194899149,0.934378309578127,67,"ESPNL;MYO3B;CLIC5;TMC1;MYO3A;KCNMB1;CACNA1D;TMC2;USH1G;TRIOBP;CACNB2;GRXCR2;PJVK;MYO1E;CAPZA1;EZR;USH1C;STRC;CABP2;ESPN;PLS1;SLC17A8;CAPZA2;BSN;EPS8L2;LRRC52;EPS8;RIPOR2;GRXCR1;CIB2;CACNA2D2;TMIE"
"Sensory Processing Of Sound R-HSA-9659379",0.406659939455096,1,0.0555947097758869,0.270638422117308,1.0476796381317,75,"ESPNL;MYO3B;CLIC5;TMC1;OTOGL;CHRNA9;CHRNA10;MYO3A;KCNMB1;CACNA1D;TMC2;USH1G;TRIOBP;CACNB2;GRXCR2;SLC26A5;PJVK;MYO1E;CAPZA1;EZR;KIF20B;USH1C;STRC;CABP2;ESPN;OTOG;PLS1;SLC17A8;CAPZA2;BSN;EPS8L2;LRRC52;EPS8;RIPOR2;GRXCR1;CIB2;CACNA2D2;TMIE"
"Separation Of Sister Chromatids R-HSA-2467813",0.995004995004995,1,0.00323243877654383,0.135923128683491,0.564042228683966,167,"SGO2;PSMA6;CENPF;CENPH;CENPQ;MAD1L1;PSMD9;PSMD5;SPC25;NUP107;KIF2B;UBE2C;BUB1B;MAD2L1;MIS12;ESPL1;AURKB;SKA1;CDCA5;BUB1;NUP160;UBE2D1;SGO1;CLIP1;SPDL1;CENPO;CENPU;SKA2;SPC24;ZWILCH;CENPP;PMEPA1;CDCA8"
"Serotonin Neurotransmitter Release Cycle R-HSA-181429",0.869757174392936,1,0.0237208606775806,0.229290703294129,0.693601994361399,18,"SLC18A2;SYN2;SYN3;PPFIA3;RIMS1;CPLX1;PPFIA4;STX1A;SYT1;UNC13B;RAB3A;STXBP1;SYN1;SNAP25"
"Sialic Acid Metabolism R-HSA-4085001",0.466735966735967,1,0.0506004243853618,0.289568584984379,1.01194458718465,33,"ST6GALNAC4;ST8SIA1;ST8SIA4;ST3GAL3;NEU2;ST6GALNAC2;NANP;NPL"
"Signal Amplification R-HSA-392518",0.575074601826589,1,0.143902565267782,-0.18223324675429,-0.961725511898062,33,"GNAI1;GNAI2;AAMP;GNG7"
"Signaling By ALK R-HSA-201556",0.97571277719113,1,0.0131702144400005,0.159703107737642,0.530018759543717,26,"IL2RG;HDAC3;PIK3CA;PRDM1;HIF1A"
"Signaling By Activin R-HSA-1502540",0.993265993265993,1,0.0165175643261291,0.161650924367978,0.470020059381241,15,"ACVR1C;INHBA;INHBB;ACVR2B;FOXH1;MAPK1;FST;MAPK3;SMAD3"
"Signaling By BMP R-HSA-201451",0.733333333333333,1,0.0304180507344859,0.246425769414945,0.822191446911488,27,"AMHR2;UBE2D1;SMURF1;CHRDL1;BMPR1B;ZFYVE16;BMPR1A;SMAD6;GREM2;ACVR2B;UBE2D3;FSTL1;SMAD1;SMURF2;BMP2;BMP10;SMAD9;ACVRL1;GDF2"
"Signaling By BRAF And RAF1 Fusions R-HSA-6802952",0.906060606060606,1,0.0155348639580133,0.181450936761113,0.690723194602503,62,"KSR2;CAMK2A;AGTRAP;CNKSR1;RNASE3;KIAA1549;AKAP9;JAK2"
"Signaling By CSF3 (G-CSF) R-HSA-9674555",0.807692307692308,1,0.219250346703755,-0.15465272716989,-0.789339191481633,29,"GAB2;GRB2;RPS27A;UBA52;STAT3;PTPN11;HCK;JAK1;STAT1"
"Signaling By EGFR R-HSA-177929",0.532110091743119,1,0.0437125833579551,0.263921613439679,0.97417875714835,48,"EGFR;EPGN;LRIG1;ADAM17;PXDN;BTC;AREG;EGF;CBL;TGFA;SH3GL2;EREG;PIK3CA;SOS1;SPRY2;SPRY1"
"Signaling By ERBB2 ECD Mutants R-HSA-9665348",0.846240179573513,1,0.0261139619405561,0.24487191015328,0.711995370277277,15,"EGFR;EGF;PIK3CA;SOS1"
"Signaling By ERBB2 In Cancer R-HSA-1227990",0.833333333333333,1,0.0235793094960052,0.222212455608555,0.730673294904633,25,"EGFR;BTC;EGF;EREG;NRG4;PIK3CA;SOS1"
"Signaling By ERBB2 KD Mutants R-HSA-9664565",0.769394261424017,1,0.0282219183873982,0.244603200037353,0.797967622075248,24,"EGFR;BTC;EGF;EREG;NRG4;PIK3CA;SOS1"
"Signaling By ERBB2 R-HSA-1227986",0.352649778202726,1,0.203508959461977,-0.174560864768844,-1.10173359836867,48,"RHOA;GRB2;ERBIN;RPS27A;FYN;YES1;ERBB3;PIK3R1;UBA52"
"Signaling By ERBB2 TMD/JMD Mutants R-HSA-9665686",0.828326180257511,1,0.0248493879589072,0.235288305463736,0.744162493209056,21,"EGFR;BTC;EGF;EREG;NRG4;SOS1"
"Signaling By Erythropoietin R-HSA-9006335",0.983606557377049,1,0.181383128498408,-0.135303275168065,-0.660083337699195,24,"CRKL;GRB2;PIK3R1;PIGU;CLSTN1;PLCG1;LYN;HRAS;PIK3CB;STAT5B;EPOR;RAPGEF1;NRAS;SHC1;PIK3CG;PLCG2;STAT5A;EPX;IRS2;VAV1;SOS1;PIK3CA;PIK3R5"
"Signaling By FGFR In Disease R-HSA-1226099",0.478664759740058,1,NA,-0.116578727522976,-0.771073190795688,61,"GAB2;GRB2;POLR2I;POLR2A;FGFR1OP2;POLR2F;PIK3R1;POLR2E;POLR2L;STAT3;NCBP2;FGF1"
"Signaling By FGFR R-HSA-190236",0.982914572864322,1,0.00699634910626994,0.144426873381505,0.567897003519074,84,"FGF10;FLRT3;FGF20;SPRED2;FGF19;FGF23;ESRP2;FGF7;FGF8;FGFRL1;FGFR4;CBL;KL;ANOS1;PIK3CA;FGF5;SOS1;KLB;FGF13;FGFR1;SPRY2;FLRT2;GALNT3;FGFBP3;FGF9;FGF18;FGF3;TIA1;POLR2B;FGF22;UBB;FGFBP1"
"Signaling By FGFR1 In Disease R-HSA-5655302",0.855659397715473,1,0.0211456362513594,0.202617447474694,0.716646259892363,36,"FGF20;FGF23;BAG4;FGF8;CPSF6;PIK3CA;FGF5;SOS1;FGF13;FGFR1"
"Signaling By FGFR1 R-HSA-5654736",0.662589194699286,1,0.0335297167141207,0.243268347874357,0.897944104301024,48,"FGF10;FLRT3;FGF20;SPRED2;FGF23;FGF8;FGFRL1;CBL;KL;ANOS1;PIK3CA;FGF5;SOS1;FGF13;FGFR1;SPRY2;FLRT2;FGF9;FGF18;FGF3;FGF22;UBB"
"Signaling By FGFR2 In Disease R-HSA-5655253",0.99896265560166,1,0.00906269502060309,0.126520955203055,0.456222799057736,42,"FGF10;FGF20;FGF23;FGF7;FGF8;PIK3CA;FGF5;SOS1;FGF13;FGF9;FGF18;FGF3;POLR2B;FGF22"
"Signaling By FGFR3 In Disease R-HSA-5655332",0.629828326180258,1,0.0383205781976994,0.286397384690243,0.905808690404685,21,"FGF20;FGF23;FGF8;PIK3CA;FGF5;SOS1;FGF13;FGF9;FGF18"
"Signaling By FGFR3 R-HSA-5654741",0.982419855222337,1,0.0105706949179311,0.147892298878612,0.528122796229348,38,"FGF20;FGF23;FGF8;CBL;PIK3CA;FGF5;SOS1;FGF13;SPRY2;GALNT3;FGF9;FGF18"
"Signaling By FGFR4 R-HSA-5654743",0.936721991701245,1,0.0150298748621405,0.176599275600671,0.63205517641381,39,"FGF20;FGF19;FGF23;FGF8;FGFR4;CBL;PIK3CA;SOS1;KLB;FGF13;SPRY2;FGF9;FGF18"
"Signaling By FLT3 ITD And TKD Mutants R-HSA-9703648",0.378378378378378,1,0.219250346703755,-0.254087344044229,-1.05915533839373,15,"GAB2;GRB2;PIK3R1;BCL2L1"
"Signaling By Hedgehog R-HSA-5358351",0.956043956043956,1,0.00978249842757038,0.176033839322499,0.720945066952424,134,"TTC21B;PSMA6;WDR35;PSMD9;PSMD5;KIF7;EVC2;ADAM17;IFT57;ADCY7;MKS1;SCUBE2;PTCH2;SHH;BOC;GAS8;GLI2;IQCE;SMURF1;IFT88;ADCY10;HHAT;GPR161;PRKACG;FUZ;BTRC;RPGRIP1L;SMOX;PSMB11;DISP2;CSNK1A1;PRKAR1B;SEL1L;SPOP;GPC5;ARRB2;EVC;CDON;PSMD13;GAS1;IFT172;ULK3;GLI1;ADCY1;PSME4;UBB;PSMA4;DERL2;DHH;PSMB9;CDC73;WDR19;ADCY9;PSMA8;SMURF2;ADCY2;GLI3;PSMA7;IFT122;CUL3;TULP3;PRKCA;DYNC2H1;PSMF1;PSMB3"
"Signaling By High-Kinase Activity BRAF Mutants R-HSA-6802948",0.931392931392931,1,0.0156180851425484,0.178491308813503,0.623766952561763,33,"KSR2;CNKSR1;RNASE3;FGG;ITGB3;FGA;ARRB2;APBB1IP;VCL;MAP2K1;FGB;CNKSR2;MAPK1;BRAF;ITGA2B;MAPK3;NRAS"
"Signaling By Insulin Receptor R-HSA-74752",0.42741935483871,1,0.0532386494755899,0.265607197723481,1.03264560414753,77,"TRIB3;FGF10;FLT3;FGF20;INS;ATP6V1B1;THEM4;FGF19;FGF23;FGF7;FGF8;ATP6V0D2;FGFR4;KL;PIK3CA;FGF5;SOS1;KLB;FGF13;ATP6V1G3;FGFR1;IRS2;ATP6V1E2;ATP6V1C1;ATP6V1D;FGF9;FGF18;PDE3B;FGF3;ATP6V0A4;PIK3R4;ATP6V1A;GRB10;PIK3R2;FGF22;ATP6V1C2"
"Signaling By Interleukins R-HSA-449147",0.999000999000999,1,0.0014426950408889,0.152304079598907,0.660588477521897,447,"IL2RG;TEC;IL12A;CCL20;SDC1;CASP3;AGER;CXCL8;PSMA6;CSF3;CD86;IL4R;IL22;CASP8;FASLG;CNTF;IFNL3;NLRX1;IL17RE;PSMD9;PSMD5;IL9R;NOD2;IL6R;PTAFR;GDNF;TAB3;TIFA;CSF2;IL36G;IL11;LBP;RORC;AKT1;CLCF1;TANK;SOCS2;JAK2;DUSP3;IL37;IL23R;RAG1;CXCL10;IL20RA;IL1RN;CASP1;IL31;IL21R;F13A1;MMP9;CCL22;IL13RA2;RPS6KA3;MMP3;IL31RA;IL4;IL1A;TSLP;LMNB1;IL15RA;INPP5D;VEGFA;IL12RB2;CREB1;S100A9;CSF2RB;FCER2;IL1RL1;POU2F1;IL18R1;MMP1;MUC1;ICAM1;MAPK7;LIF;PRTN3;LCK;IL1RL2;SERPINB2;VPS72;S100A12;IRAK4;IL9;TRAF6;CBL;CCR2;ALPK1;CCM2;PIK3R3;PTPN20;LCN2;PIK3CA;LAMA5;SOS1;NLRC5;VAV1;IL20RB;CAPZA1;FGF13;CRK;IL27RA;MCL1;IL32;IL5RA;BTRC;TP53;FOXO3;HIF1A;IL15;ANXA2;CCR5;CXCL1;IRS2;PTGS2;PSMB11;IL23A;GSTA2;CCL11;CD36;STXBP2;CRLF1;IFNG;IL17RC;MYD88;IKBKB;PTPN2;CNN2;CTSG;IL1R2;IRAK3;TOLLIP;HOXC13;IL19;IL17C;IL5;PTK2B;ITGB2;NANOS2;POMC;PSMD13;MAPK11;VAMP7;OSMR;STAT4;IRAK2;NKIRAS2;STX3;MEF2C;TYK2;MAPK9;MAP3K8;PIK3R2;PSME4;IRF4;IL10RB;IL10RA;MMP2;MTAP;UBB;PSMA4;PELI1;H3C7;NFKBIB"
"Signaling By KIT In Disease R-HSA-9669938",0.939890710382514,1,0.0184736429135616,0.200808575774354,0.617996053696709,19,"JAK2;LCK;PIK3R3;PIK3CA;SOS1;KIT"
"Signaling By MET R-HSA-6806834",0.913131313131313,1,0.014944717875289,0.178880425599849,0.680938115986971,62,"LAMA4;LRIG1;LAMA2;LAMB3;SPINT1;LAMB1;HGFAC;TNS4;LAMC3;CBL;LMNB2;SH3GL2;PIK3CA;LAMA5;SOS1;CRK"
"Signaling By NODAL R-HSA-1181150",0.414285714285714,1,0.266350657088526,-0.225909449678461,-1.01112649760118,20,"PCSK6;TDGF1;SMAD4;DRAP1"
"Signaling By NOTCH2 R-HSA-1980145",0.520833333333333,1,0.287857117255149,-0.187105933687889,-0.977913580694443,30,"PSENEN;PSEN1;RPS27A;CNTN1;RBPJ"
"Signaling By NOTCH3 R-HSA-9012852",0.860369609856263,1,0.0201218228563507,0.202046295655803,0.74065103576236,47,"HES5;EGFR;DLGAP5;MAML2;IKZF1;WWC1;MAMLD1;EGF;APH1A;TACC3;CREBBP;NEURL1;JAG1;NOTCH3;MAML3;DLL4;MIB2;UBB;FABP7;PSEN2"
"Signaling By NTRK3 (TRKC) R-HSA-9034015",0.42156862745098,1,0.216542836735348,-0.243033226152197,-1.01430889937727,16,"GRB2;PIK3R1;PTPRS;SRC;PLCG1;IRS1;HRAS;NRAS;SHC1;NTRK3;NTF3;BAX;PTPRU;NELFB;SOS1;PIK3CA"
"Signaling By Non-Receptor Tyrosine Kinases R-HSA-9006927",0.927772126144456,1,0.0142522226913804,0.180124130462824,0.669098655186336,51,"EGFR;AKT1;KHDRBS2;PXDN;BTC;STAP2;GPNMB;LRRK2;EGF;CBL;EREG;NRG4;CRK;DOK1;HIF1A"
"Signaling By PDGF R-HSA-186797",0.967479674796748,1,0.0103504582782501,0.155483514633549,0.578319840053442,52,"COL9A1;PDGFC;COL6A5;COL6A6;PLG;PIK3CA;SOS1;GRB7;CRK;COL4A2;THBS1;NCK1;PIK3R2;COL4A4;PDGFRB;COL6A3;COL4A3;COL4A1;PTPN12;PDGFD;STAT5A;PLAT;PDGFA;SYNGAP1;FURIN;COL4A5;THBS4"
"Signaling By RAF1 Mutants R-HSA-9656223",0.822130299896587,1,0.0232248320654428,0.213189071785375,0.761297306016208,38,"KSR2;CAMK2A;CNKSR1;RNASE3;JAK2;FGG;ITGB3;FGA;ARRB2;CALM1;APBB1IP;VCL;MAP2K1;CAMK2B;FGB;CNKSR2;MAPK1;BRAF;CAMK2G;ITGA2B;MAPK3"
"Signaling By Receptor Tyrosine Kinases R-HSA-9006934",1,1,0,0.110514275869642,0.480922670674291,494,"IL2RG;LAMA4;TEC;SH2B2;CYBB;TRIB3;FGF10;COL9A1;SOCS6;FLT3;EGFR;EPGN;GDNF;LRIG1;VAV3;HDAC3;FLRT3;PDGFC;DIAPH1;ADAM17;COL6A5;SHC3;LAMA2;AKT1;ID4;LAMB3;FLT4;FGF20;PXDN;INS;BTC;JAK2;DUSP3;SPRED2;ATP6V1B1;THEM4;FER;FGF19;ITPR1;MMP9;MXD4;FGF23;FOSB;RPS6KA3;ESR1;GABRB1;COL6A6;SPINT1;PLG;ESRP2;NTF4;AREG;VEGFA;MAPK12;VAV2;FGF7;CREB1;ARC;CDK5R2;LAMB1;GRAP;HGFAC;FGF8;TNS4;ATP6V0D2;LAMC3;MAPK7;LCK;FGFRL1;IGF2;REST;EGF;FGFR4;CBL;KL;LMNB2;TGFA;ADCYAP1;PIK3R3;ANOS1;SH3GL2;GABRB2;EREG;NRG4;PIK3CA;FGF5;EGR3;APH1A;LAMA5;SOS1;PRKCE;VAV1;KLB;FGF13;ATP6V1G3;GRB7;CRK;FGFR1;PGR;MAPK13;PRKACG;ROCK2;SPRY2;SHC2;PRDM1;KDR;BAIAP2;KIT;SPRY1;HIF1A;ITGB3;FLRT2;GALNT3;RICTOR;NCKAP1;EGR4;IRS2;FGFBP3;NAB2;ATP6V1E2;NEDD4;NELFB;CDK5R1;ASCL1;PTPN2;ATP6V1C1;SH2D2A;ATP6V1D;FGF9;HOXC13;VEGFC;TRIB1;FGF18;COL4A2;KITLG;PTK2B;RNF41;THBS1;PDE3B;FGF3;ATP6V0A4;PIK3R4;CHEK1;LYL1;TIA1;LAMC2;AKT3;ATP6V1A;TIAM1;POLR2B;MAPK11;PTPRU;BAX;NCK1;MEF2C;GRB10;PIK3R2;FGF22;PRKCB"
"Signaling By Retinoic Acid R-HSA-5362517",0.567875647668394,1,0.041488040200221,0.262552507461725,0.942037911468641,40,"SDR16C5;ADH1A;ADH7;PPARD;PDK2;PDK3;CRABP1;DHRS9;RXRG;CYP26C1;CYP26A1;RXRB;RDH10;RDH13;RARG;RDH5;ALDH1A3;LDHD;PDPK1;DHRS3;ALDH1A2;PDHA2;PDK4;RARB;AKR1C3;PDHA1;ALDH1A1"
"Signaling By SCF-KIT R-HSA-1433557",0.615145228215768,1,0.0378487722705029,0.253326044184194,0.913470158097149,42,"TEC;SH2B2;SOCS6;JAK2;FER;MMP9;GRAP;LCK;CBL;PIK3R3;PIK3CA;SOS1;VAV1;GRB7;KIT;KITLG;CHEK1;PTPRU;GRB10;PIK3R2"
"Signaling By Type 1 Insulin-like Growth Factor 1 Receptor (IGF1R) R-HSA-2404192",0.38719512195122,1,0.0582216241124161,0.286107972452993,1.0650208425267,53,"TRIB3;FGF10;FLT3;FGF20;THEM4;FGF19;FGF23;FGF7;FGF8;IGF2;FGFR4;KL;PIK3CA;FGF5;SOS1;KLB;FGF13;FGFR1;IRS2;FGF9;FGF18;PDE3B;FGF3;PIK3R4;PIK3R2;FGF22"
"Signaling By WNT In Cancer R-HSA-4791275",0.675,1,0.276500599254472,-0.171357442204357,-0.904329076920472,33,"PPP2CB;CTNNB1;DKK1;TNKS2;PPP2CA;PPP2R5A;AXIN1"
"Signaling By WNT R-HSA-195721",1,1,0,0.134034593181784,0.572631171249611,290,"PSMA6;CAMK2A;FZD7;GNG13;H2BC3;DKK2;PSMD9;PSMD5;WNT7B;RSPO2;H2BC14;WIF1;PYGO1;H2BC1;AXIN2;AKT1;AGO4;WNT5A;RSPO3;TLE1;DACT1;ZRANB1;BCL9L;ITPR1;SRY;TCF7;RSPO1;GNGT1;LEO1;SMURF1;FZD8;PARD6A;SCRIB;FZD6;TNRC6C;CCDC88C;GNGT2;H2BC11;H2BC9;GNG10;WNT4;SOST;AMER1;H2BC13;PIP5K1B;NFATC1;SOX13;CREBBP;VPS26A;TMED5;BTRC;KLHL12;H2AC14;H2AC20;PSMB11;PRICKLE1;CSNK1A1;GNAT2;SOX6;WNT1;GNB5;ARRB2;WNT16;NCOA3;FZD9;PRKCG;WNT3A;GNG4;PPP3CA;PRKG1;PSMD13;PLCB2;PPP2R5C;WNT8B;PDE6G;PRKG2;FRAT1;PRKCB;KREMEN2;PSME4;UBB;PSMA4;H3C7;GNB1;SOX7;HECW1;TRRAP;GNG11;WNT7A;WNT6;PPP2R5E;CALM1;TERT;FZD4;KMT2D;GNG12;H2BC15;WNT2B;BCL9;CXXC4;PSMB9;H2AC4;H3C13;LGR4;GNG3;CDC73;PSMA8;SMURF2;TNKS;CSNK1G2;PSMA7;GNB2;GNG2;KREMEN1;ZNRF3;CHD8;RSPO4;CUL3;PRKCA;PSMF1;CAV1;PSMB3;LEF1"
"Signaling To RAS R-HSA-167044",0.724137931034483,1,0.176694268938498,-0.179795891838459,-0.81730762350427,19,"RALGDS;GRB2"
"Smooth Muscle Contraction R-HSA-445355",0.442946058091286,1,0.0529129848430583,0.286494293545611,1.03307178092101,42,"CACNA1G;PDE5A;MYL10;MYL7;CACNA1H;MYL9;ITGA1;PXDN;ENTHD1;MYL12A;MYH11;CALD1"
"Stabilization Of P53 R-HSA-69541",0.831930401475372,1,0.143902565267782,-0.147092089171773,-0.904449992497918,55,"PSMB7;RPS27A;PSMB6;PSMD14;SEM1;PSMC5;PSMA2;PSMD8;UBA52;PSMD4"
"Stimuli-sensing Channels R-HSA-2672351",0.595787362086259,1,0.037770500132479,0.237998035471088,0.949238265098476,99,"STOML3;MCOLN2;TRPV2;TRPC4;TRPM8;TRPV6;WNK3;RNASE3;SLC9C2;ANO9;ANO1;WNK4;SCNN1A;MCOLN3;BSND;TRPC7;BEST2;ASIC4;SLC9C1;TRPV1;TRPC5;NEDD4L;SCNN1G;SLC17A3;TRPV5;ASIC5;ANO5;CLCN5;CLCA2;TRPM1;TRPM6;TRPC6;SLC9B2;ANO6;CLCN1;TRPM4"
"Sulfur Amino Acid Metabolism R-HSA-1614635",0.453772582359192,1,0.0529129848430583,0.312763394256993,1.02032623428199,24,"GADL1;SLC25A10;MTR;TSTD1;BHMT2;MTRR;SQOR;CSAD;MAT1A;BHMT;MTAP;CDO1;ADO;GOLT1A;ETHE1;GOT2;VSIG2"
"Switching Of Origins To A Post-Replicative State R-HSA-69052",0.996987951807229,1,0.00409492237559551,0.122203002185038,0.482656215276758,89,"PSMA6;MCM6;SLC25A2;PSMD9;PSMD5;UBE2C;GMNN;ORC4;ORC5;ORC6;CDC6;UBE2D1"
"Synaptic Adhesion-Like Molecules R-HSA-8849932",0.887339055793991,1,0.0209275853209046,0.214225546773622,0.67754585882171,21,"LRFN3;GRIN2D;LRFN4;GRIA1"
"Syndecan Interactions R-HSA-3000170",0.65343347639485,1,0.0366082221336689,0.28111061433934,0.882636374705937,20,"SDC1;TNNI3;VTN;ACTN1"
"Synthesis Of Active Ubiquitin: Roles Of E1 And E2 Enzymes R-HSA-8866652",0.961538461538462,1,0.199915231309662,-0.13183654316683,-0.672886616973281,29,"UBE2E1;RPS27A;UBE2L3;UBA52;UBE2Z;UBE2B"
"Synthesis Of Bile Acids And Bile Salts Via 7Alpha-Hydroxycholesterol R-HSA-193368",0.393198724760893,1,0.0596037042575973,0.326505970594586,1.06515856255742,24,"AKR1C4;AKR1C2;PTGIS;SYCP2;NR1H4;BAAT;CYP7A1;NCOA1;AKR1C1"
"Synthesis Of DNA R-HSA-69239",0.994005994005994,1,0.00354273909070668,0.132415805991886,0.536718935240432,118,"PSMA6;MCM6;SLC25A2;PSMD9;PSMD5;LRIG1;GINS4;UBE2C;GMNN;ORC4;GINS1;ORC5;CDC45;ORC6;CDC6;UBE2D1;POLE2;MCM4;DNA2;GINS3;POLE;RFC3;RFC4;CDT1;PRIM2;PSMB11;CCNE2;CDC23;ORC3;PSMD13;POLR1B;POLR1A;POLA1;PSME4;SLC19A1;UBB;PSMA4;ANAPC16;RFC5;ANAPC1;MCM7;RFC2;PSMB9;CCNE1;PSMA8;CCNA1;PSMA7;PSMF1;PSMB3;PSMB4;PSMC3;SLC25A15;CCNA2;ANAPC4;PSMD12;POLA2;PSMB10;POLD3;PSMB8;PSMC1;MCM8;POLD1;PSMD11;POLE3;PSMA5;GINS2;ANAPC2;ANAPC5;ANAPC15;PCNA"
"Synthesis Of Glycosylphosphatidylinositol (GPI) R-HSA-162710",0.858719646799117,1,0.0244268887168729,0.231482539944274,0.700232277447514,18,"PIGW;PIGA;PIGB;PIGF;PIGZ;PIGP;PIGH"
"Synthesis Of IP3 And IP4 In Cytosol R-HSA-1855204",0.581837381203801,1,0.0412376090540065,0.28246471376515,0.937436968669517,26,"PLCH1;INPP5J;ITPKA;PLCB4;PLCH2;INPP5D;PLCD4;PLCD1;PTEN"
"Synthesis Of PC R-HSA-1483191",0.356613756613757,1,0.0640703750499722,0.328635998190509,1.09648316205306,27,"PCYT1B;STARD10;CHPT1;LPIN3;LPIN1;SLC44A3;BCHE;CHKA;PCTP;LPIN2;PHOSPHO1;LPCAT1;SLC44A5;ACHE;PCYT1A;ABHD3"
"Synthesis Of PIPs At Early Endosome Membrane R-HSA-1660516",0.983333333333333,1,0.0165175643261291,0.168459083870896,0.498805545348768,16,"MTMR4;PI4K2B;INPP4A;PIK3R4;PIKFYVE;PIK3C2A;INPP4B;VAC14;MTMR12;FIG4;PIK3C3;INPP5F;MTM1;MTMR2;PI4K2A"
"Synthesis Of PIPs At Golgi Membrane R-HSA-1660514",0.482872928176796,1,0.0518457624865066,0.332837498130856,0.994213733173896,17,"TPTE;INPP5E;TPTE2;PI4K2B;PIK3C2G;PIK3R4;PIKFYVE;OCRL;PIK3C2A;VAC14;PI4KA;SACM1L;FIG4;PIK3C3"
"Synthesis Of PIPs At Plasma Membrane R-HSA-1660499",0.91353001017294,1,0.0154513814985972,0.185476910634539,0.688982376513402,51,"PLEKHA6;MTMR6;PIP5K1C;INPP5J;MTMR1;INPP5D;MTMR14;PI4K2B;PIK3R5;PLEKHA3;PIK3R3;PIK3C2G;PTEN;PIK3CA;PIP5K1B;PIK3R6;INPP4A;MTMR3;BMX;PIK3R2;RUFY1;OCRL;PIK3C2A;SBF2;INPP4B;PIP4K2B;PLEKHA8"
"Synthesis Of Substrates In N-glycan Biosythesis R-HSA-446219",0.686868686868687,1,0.0313490001730997,0.230263369659266,0.876779823067452,63,"GMPPB;ST6GALNAC4;ST8SIA1;ST8SIA4;GFUS;GNPNAT1;ST3GAL3;NEU2;ST6GALNAC2;NANP;PMM1;NPL;GMDS;NEU4;SRD5A3;ST8SIA5;ST3GAL1;SLC35C1;FCSK;ST6GALNAC5;FUOM;DOLPP1;ST6GALNAC6;GLB1;AMDHD2;ST6GAL1;SLPI;GMPPA;GFPT1;GFPT2;NANS;DPM3;GNE;ST8SIA3;DHDDS;NEU3;ST8SIA6;SLC35A1;EGFL7;ST3GAL6;RENBP;NUDT14;ST6GAL2"
"Synthesis Of Very Long-Chain Fatty acyl-CoAs R-HSA-75876",0.704918032786885,1,0.216542836735348,-0.169357733174735,-0.826219599195141,24,"ELOVL1;ELOVL5;ELOVL4;HSD17B3;ELOVL2"
"Synthesis, Secretion, And Deacylation Of Ghrelin R-HSA-422085",0.523497267759563,1,0.0476387259290825,0.316827544229697,0.97504885576395,19,"SPCS2;KLF4;INS;PCSK1;BCHE;MBOAT4;GCG;CRHR2;LEP;ACHE"
"Synthesis, Secretion, And Inactivation Of Glucagon-like Peptide-1 (GLP-1) R-HSA-381771",0.817596566523605,1,0.0255522951965404,0.239947451256492,0.758898293794334,21,"GNG13;SPCS2;PCSK1;DPP4;GNAT3;GCG;LEP;GPR119;GNB1"
"TBC/RABGAPs R-HSA-8854214",0.411246349268965,1,0.203508959461977,-0.156912842385524,-0.976865778148246,43,"RAB7A;GABARAP;GABARAPL2;RAB33A;RAB5C;RAB4A;TBC1D2;TBC1D17"
"TCF Dependent Signaling In Response To WNT R-HSA-201681",0.999000999000999,1,0.0014426950408889,0.125890796363563,0.529235539116073,194,"PSMA6;H2BC3;DKK2;PSMD9;PSMD5;RSPO2;H2BC14;WIF1;PYGO1;H2BC1;AXIN2;AKT1;WNT5A;RSPO3;TLE1;DACT1;BCL9L;SRY;TCF7;RSPO1;LEO1;FZD8;FZD6;CCDC88C;H2BC11;H2BC9;WNT4;SOST;AMER1;H2BC13;PIP5K1B;SOX13;CREBBP;BTRC;KLHL12;H2AC14;H2AC20;PSMB11;CSNK1A1;SOX6;WNT1;WNT3A;PSMD13;PPP2R5C;WNT8B;FRAT1;KREMEN2;PSME4;UBB;PSMA4;H3C7;SOX7;HECW1;TRRAP;PPP2R5E;TERT;FZD4;KMT2D;H2BC15;BCL9;CXXC4;PSMB9;H2AC4;H3C13;LGR4;CDC73;PSMA8;SMURF2;TNKS;CSNK1G2;PSMA7;KREMEN1;ZNRF3;CHD8;RSPO4;CUL3;PSMF1;CAV1;PSMB3;LEF1;SOX4;PSMB4"
"TGF-beta Receptor Signaling In EMT (Epithelial To Mesenchymal Transition) R-HSA-2173791",0.396396396396396,1,0.213927855492356,-0.250200634724972,-1.04295370922656,15,"RHOA;RPS27A;PRKCZ;UBA52"
"TICAM1, RIP1-mediated IKK Complex Recruitment R-HSA-168927",0.816777041942605,1,0.0270967423183296,0.247483029574121,0.748633592278777,18,"RIPK1;TLR3;UBE2D1;TRAF6;IKBKB;UBE2D3;UBB;BIRC3"
"TNF Receptor Superfamily (TNFSF) Members Mediating Non-Canonical NF-kB Pathway R-HSA-5676594",0.340331491712707,1,0.0684714904492087,0.367571961085423,1.09796850923664,17,"TNFSF11;TNFSF12;CD40;TANK;TNFSF13B;LTB;BIRC3;LTBR;TRAF3;TNFRSF11A"
"TNF Signaling R-HSA-75893",0.837809917355372,1,0.0220834140571177,0.207829375112144,0.752394241858023,43,"CASP8;RIPK1;TAB3;ADAM17;TANK;BAG4;TAX1BP1;RNF31;SPPL2A;RBCK1;SMPD2;IKBKB"
"TNFR1-induced NFkappaB Signaling Pathway R-HSA-5357956",0.898627243928194,1,0.0191546578437244,0.194638063680654,0.645960035051317,26,"RIPK1;TAB3;TANK;RNF31;RBCK1;IKBKB;BIRC3;TNFRSF1A;CHUK;CYLD;SHARPIN;TNFAIP3;IKBKG;USP2;BIRC2;TAB1;TNF;TRAF1;TRADD;XIAP"
"TNFR2 Non-Canonical NF-kB Pathway R-HSA-5668541",0.979939819458375,1,0.00715048391330487,0.15094622959324,0.602038318587926,99,"TNFSF11;TNFSF12;PSMA6;FASLG;PSMD9;PSMD5;EDA2R;TNFRSF9;TNFRSF14;CD40;TANK;TNFRSF8;TNFSF13B;TNFRSF11B;LTB;TNFSF4;BTRC;PSMB11;TNFSF8;TNFRSF4;TNFSF15;CD70;TNFSF13;UBE2M;PSMD13;TNFRSF25;TNFRSF17;PSME4;TNFSF9;UBB;PSMA4;BIRC3;LTBR;TRAF3;PSMB9;TNFRSF11A;TNFRSF1B;PSMA8;EDA;PSMA7;PSMF1;PSMB3;PSMB4;PSMC3;TNFSF18;TNFRSF1A;TNFRSF13B;EDARADD;PSMD12;RELB;TNFRSF6B;PSMB10;CHUK;PSMB8;PSMC1;TNFRSF12A"
"TP53 Regulates Transcription Of Additional Cell Cycle Genes With Uncertain Roles In P53 Pathway R-HSA-6804115",0.828326180257511,1,0.0248493879589072,0.236076227122841,0.746654507187981,21,"CNOT10;PLK3;PLAGL1;CNOT11;TP53;TNKS1BP1;CENPJ;CNOT6;CDC25C;CNOT4"
"TP53 Regulates Transcription Of Cell Cycle Genes R-HSA-6791312",0.952284263959391,1,0.0118236229287788,0.162904294778458,0.603341972951346,49,"E2F8;CCNB1;ARID3A;E2F7;CNOT10;PLK3;PLAGL1;CNOT11;RBL1;E2F4;CDK1;TP53;CCNE2;TNKS1BP1;BAX;REXO2;RBL2;CCNE1;CENPJ;CNOT6;CCNA1;CDC25C;CNOT4;EP300;CCNA2"
"TP53 Regulates Transcription Of Cell Death Genes R-HSA-5633008",0.617919670442842,1,0.0373029764832679,0.252182920712296,0.915931126413383,44,"BBC3;TP73;TP53I3;IGFBP3;TP53BP2;TNFRSF10D;PERP;CASP1;APAF1;NLRC4;PPP1R13B;BID;CREBBP;RABGGTA;TP53;TNFRSF10A;TP53INP1;TRIAP1;BAX;PRELID3A;PMAIP1;CASP6"
"TP53 Regulates Transcription Of DNA Repair Genes R-HSA-6796648",0.967676767676768,1,0.00966564348468499,0.161516399376402,0.614152214496036,61,"RAD51D;GDNF;SERPINA2;FANCD2;GTF2H5;NELFE;ERCC2;TP53;MLH1;CCNT1;SUPT4H1;NELFB;GTF2H4;SUPT5H;CHEK1;POLR2B;CDK13;ERCC3;GTF2H3;MDC1;NELFA;CCNK;FANCI;GTF2F1;NELFCD;PMS2;POLR2D;GTF2H1;POLR2K;CCNT2;ELL;CDK12;ATM;POLR2H;ELOA;GTF2F2;FOS;JUN"
"TP53 Regulates Transcription Of Genes Involved In G2 Cell Cycle Arrest R-HSA-6804114",0.991169977924945,1,0.0154513814985972,0.159953582310536,0.48385792403245,18,"CCNB1;RBL1;E2F4;CDK1;TP53;BAX;REXO2;RBL2;CDC25C;EP300"
"Telomere C-strand (Lagging Strand) Synthesis R-HSA-174417",0.858627858627859,1,0.0210003441275487,0.204642811832922,0.715157639602872,33,"LRIG1;STN1;DNA2;RFC3;RFC4;PRIM2;WRN;DSCC1;POLR1B;POLR1A;POLA1;SLC19A1;RFC5;RFC2;ACD;POLA2;POLD3;BLM;POLD1;CHTF18;CHTF8;PCNA;PRIM1;POLD4;POT1"
"Telomere Extension By Telomerase R-HSA-171319",0.421875,1,0.276500599254472,-0.219845282135278,-1.03733072693208,23,"RUVBL2;TERF2IP;RTEL1;PPP6C;NHP2;NOP10"
"Termination Of Translesion DNA Synthesis R-HSA-5656169",0.625651720542232,1,0.0373029764832679,0.264175021125672,0.909846303444765,31,"REV1;PCLAF;POLE2;POLE;RFC3;RFC4;ISG15;TRIM25;POLR1B;POLR1A;SLC19A1;UBB;USP43;RFC5;RFC2;UBE2L6;USP32"
"Thrombin Signaling Thru Proteinase Activated Receptors (PARs) R-HSA-456926",0.501557632398754,1,0.0472587336673259,0.286993328452011,0.996486164722641,32,"GNG13;GNA14;GNGT1;GNGT2;GNG10;F2RL3;F2R;GNB5;ARRB2;GNG4;TTF2;GNB1;GNG11;GNG12;F2RL2;GNG3;GNB2;GNG2"
"Thromboxane Signaling Thru TP Receptor R-HSA-428930",0.733262486716259,1,0.0306322550486472,0.254303516101338,0.829612907753337,24,"GNG13;GNA14;GNGT1;GNGT2;GNG10;GNB5;GNG4;GNB1;GNG11;GNG12;GNG3;GNB2;GNG2"
"Tie2 Signaling R-HSA-210993",0.528176795580111,1,0.0477342401407188,0.323292944189292,0.965703343992953,17,"DOK2;ANGPT2;TEK;PIK3CA;SOS1;GRB7;ANGPT1;ANGPT4;PIK3R2"
"Tight Junction Interactions R-HSA-420029",0.475738396624473,1,0.0503964322442957,0.299648992383662,1.00498207396247,28,"CLDN18;CLDN9;PATJ;CLDN12;CLDN6;CLDN14;CLDN16;PARD6A;F11R;CLDN23;CLDN20;PARD3;CLDN15;CLDN8"
"Toll Like Receptor 3 (TLR3) Cascade R-HSA-168164",0.992971887550201,1,0.00502537209391229,0.130549870263883,0.52239822700465,102,"AGER;CASP8;NLRX1;RIPK1;TLR3;NOD2;GDNF;TAB3;TIFA;IRF3;TANK;DUSP3;RPS6KA3;UBE2D1;CREB1;MAPK7;IRF7;S100A12;TRAF6;ALPK1;SARM1;NLRC5;BTRC;TP53;IKBKB;HOXC13;UBE2D3;MAPK11;IRAK2;NKIRAS2;MEF2C;MAPK9;MAP3K8;UBB;NFKBIB;BIRC3;RIPK2;TRAF3;MEF2A;IKBIP;MAP2K1;MAPK8;MAPK14;RIPK3;NKIRAS1;RPS6KA2;IKBKE"
"Toll Like Receptor 4 (TLR4) Cascade R-HSA-166016",0.988011988011988,1,0.00502537209391229,0.147127907167831,0.605087348210881,138,"ECSIT;AGER;CASP8;NLRX1;RIPK1;NOD2;GDNF;TAB3;TIFA;IRF3;LBP;TANK;DUSP3;RPS6KA3;UBE2D1;CREB1;S100A9;CD180;TIRAP;MAPK7;IRF7;S100A12;IRAK4;TRAF6;ALPK1;SARM1;NLRC5;FGG;BTRC;TLR6;TP53;CD36;MYD88;IKBKB;FGA;TLR4;IRAK3;HOXC13;ITGB2;UBE2D3;MAPK11;IRAK2;NKIRAS2;MEF2C;MAPK9;MAP3K8;BPI;UBB;PELI1;NFKBIB;BIRC3;RIPK2;TRAF3;MEF2A;IKBIP;PELI2;MAP2K1;MAPK8;MAPK14;RIPK3;S100A8;NKIRAS1;RPS6KA2;IKBKE;FGB;LY86;DUSP4;DNM1;SOCS1;PELI3;RPS6KA5;MAPK1"
"Toll Like Receptor 7/8 (TLR7/8) Cascade R-HSA-168181",0.988966900702106,1,0.00562708211299112,0.13003436768874,0.520182536026222,101,"ECSIT;AGER;CASP8;NLRX1;NOD2;GDNF;TAB3;TIFA;TANK;DUSP3;TLR8;RPS6KA3;CREB1;TLR7;MAPK7;IRF7;S100A12;IRAK4;TRAF6;ALPK1;NLRC5;BTRC;TP53;MYD88;IKBKB;TLR4;HOXC13;MAPK11;IRAK2;NKIRAS2;MEF2C;MAPK9;MAP3K8;UBB;PELI1;NFKBIB"
"Toll Like Receptor 9 (TLR9) Cascade R-HSA-168138",0.992978936810431,1,0.00480899561354898,0.127411045614988,0.510560489644863,104,"ECSIT;AGER;CASP8;NLRX1;NOD2;GDNF;TAB3;TIFA;TANK;DUSP3;RPS6KA3;CREB1;TLR7;MAPK7;IRF7;S100A12;IRAK4;TRAF6;ALPK1;NLRC5;BTRC;TP53;EEA1;MYD88;IKBKB;TLR4;HOXC13;PIK3R4;MAPK11;IRAK2;NKIRAS2;MEF2C;MAPK9;MAP3K8;UBB;PELI1;NFKBIB"
"Toll-like Receptor Cascades R-HSA-168898",0.978,1,0.00699634910626994,0.170632136567853,0.706796093206316,160,"ECSIT;AGER;GSDME;CASP8;NLRX1;RIPK1;TLR3;NOD2;GDNF;TAB3;TIFA;IRF3;LBP;CTSK;TANK;DUSP3;TLR8;RPS6KA3;UBE2D1;CREB1;S100A9;TLR7;CD180;TIRAP;CTSV;MAPK7;IRF7;S100A12;IRAK4;TRAF6;ALPK1;SARM1;NLRC5;FGG;BTRC;TLR6;TP53;EEA1;CD36;MYD88;UNC93B1;IKBKB;FGA;TLR4;IRAK3;CTSS;HOXC13;ITGB2;TLR10;TLR5;PIK3R4;UBE2D3;MAPK11;IRAK2;NKIRAS2;MEF2C;MAPK9;MAP3K8;BPI;UBB;PELI1;NFKBIB;BIRC3;RIPK2;GSDMD;TRAF3;MEF2A;IKBIP;PELI2;MAP2K1;MAPK8;MAPK14;RIPK3;S100A8;NKIRAS1;RPS6KA2;IKBKE;FGB;LY86;DUSP4;DNM1;APOB;SOCS1;PELI3;RPS6KA5;MAPK1"
"Trafficking Of GluR2-containing AMPA Receptors R-HSA-416993",0.847513812154696,1,0.0252009996957834,0.241931059288042,0.722668518349799,17,"LGALS12;GRIA1;GRIA4;GRIP2;PRKCG;PRKCB;PRKCA;GRIA3;NSF;AP2M1"
"Transcription Of E2F Targets Under Negative Control By P107 (RBL1) And P130 (RBL2) In Complex With HDAC1 R-HSA-1362300",0.365555555555556,1,0.0652353056017703,0.3674299717054,1.08795621585152,16,"LIN52;LIN54;RBL1;E2F5;E2F4;CDK1;RBL2;LIN37;LIN9;CCNA2"
"Transcription Of HIV Genome R-HSA-167172",0.451104682229821,1,NA,-0.121357312567678,-0.784737666990811,68,"SSRP1;POLR2I;CTDP1;POLR2A;TAF10;POLR2F;TAF12;TAF15;TAF2;TAF6;POLR2E;POLR2L"
"Transcriptional Activation Of Mitochondrial Biogenesis R-HSA-2151201",0.806910569105691,1,0.0232958000490367,0.214222972496613,0.796800840796545,52,"TWNK;GDNF;HDAC3;NRF1;SIRT4;PPRC1;GLUD2;CREB1;TBL1XR1;NCOA1;MTERF1;CREBBP;ACSS2;TFB2M;PPARGC1B;PPARGC1A;CRTC1;ESRRA;PPARA;MEF2C"
"Transcriptional Activity Of SMAD2/SMAD3:SMAD4 Heterotrimer R-HSA-2173793",0.374369681006005,1,0.203508959461977,-0.175526683268652,-1.09840234425635,50,"PPM1A;YBX1;NCOR2;RPS27A;SKI;PARP1;SMAD7;SMAD4"
"Transcriptional Regulation By AP-2 (TFAP2) Family Of Transcription Factors R-HSA-8864260",0.681960375391032,1,0.0332359307785383,0.247938367748759,0.872991621790518,35,"EGFR;TFAP2B;TFAP2D;ESR1;VEGFA;TFAP2A;TFAP2E;TGFA;UBE2I;SUMO1;CREBBP;KIT;NOP2;CITED4;CHGA"
"Transcriptional Regulation By E2F6 R-HSA-8953750",0.336798336798337,1,0.065981614400873,0.314716789334734,1.09982908360241,33,"RBBP8;RNF2;CDC7;SUZ12;APAF1;EED;EZH2;PCGF6;RRM2;RYBP;CHEK1;PCGF2;L3MBTL2;RAD51;UXT"
"Transcriptional Regulation By MECP2 R-HSA-8986944",1,1,NA,-0.128479370780996,-0.843700614383081,60,"MOBP;SGK1;SOX2;NCOR2;HIPK2;MECP2;TNRC6B;HDAC2"
"Transcriptional Regulation By RUNX1 R-HSA-8878171",1,1,0,0.121338924665212,0.510464465649873,199,"RNF2;PSMA6;H2BC3;GATA1;PSMD9;PSMD5;GP1BA;MYL9;CTLA4;TP73;H2BC14;CSF2;H2BC1;PBRM1;OCLN;AGO4;MYB;CTSK;RSPO3;FOXP3"
"Transcriptional Regulation By RUNX2 R-HSA-8878166",0.994005994005994,1,0.00354273909070668,0.133937503191341,0.542147551710273,116,"PSMA6;CCNB1;PPM1D;PSMD9;PSMD5;HDAC3;ITGBL1;AKT1;ZNF521;HAND2;ESR1;NKX3-2;GLI2;AREG;RUNX2;MSX2;SMURF1;LGALS3;MMP13;HDAC4;CDK1;MAF;PSMB11;BGLAP;SMAD6;PPARGC1B;PPARGC1A;DLX5;ESRRA;AKT3;PSMD13;BAX;PSME4;UBB;PSMA4;ITGA5;RB1;PSMB9;TWIST2;SMAD1;PSMA8;GLI3;PSMA7;BMP2;TWIST1;PSMF1;PSMB3;DLX6;PSMB4;PSMC3;MAPK1;PSMD12;NR3C1;YAP1;PSMB10;PSMB8;WWP1;PSMC1;SATB2;MAPK3;COL1A1"
"Transcriptional Regulation By Small RNAs R-HSA-5578749",0.41483646910602,1,NA,-0.144984326565194,-1.00666512463394,72,"H3-3B;H2AC6;POLR2I;POLR2A;POLR2F;POM121C;H2AJ;POLR2E;NUP62;POLR2L;NUP50;H2BC17;NUP35;H2AB1;TPR;AAAS;RAN;H2AZ1;H4C15;H2AC19;H2AX;POLR2G;H2AZ2"
"Transcriptional Regulation By TP53 R-HSA-3700989",1,1,0,0.120745613539642,0.519982682744411,351,"RBBP8;E2F8;TAF3;GPX2;BBC3;CCNB1;PRKAG3;RHNO1;RRAGD;DPEP3;ARID3A;RAD51D;E2F7;UBL4A;TAF11;CNOT10;RAD17;TP73;GDNF;TP53I3;AKT1;SMYD2;IGFBP3;AGO4;TAF4;TP53BP2;PLK3;TNFRSF10D;AURKB;PERP;CASP1;PLAGL1;POU4F2;SERPINA2;APAF1;FANCD2;PRKAA2;COX7A2L;TAF7L;GTF2H5;CHEK2;CNOT11;CHD3;PPP1R13L;PRKAB2;RBL1;TNRC6C;NLRC4;TBP;GLS2;PPP1R13B;BRPF3;ING3;CDKN2A;STK11;PTEN;DNA2;E2F4;NELFE;BID;RFC3;CREBBP;CDK1;ERCC2;RABGGTA;SESN1;RFC4;PRDM1;GSR;TP53;POU4F1;RICTOR;MLH1;TAF5;TNFRSF10A;CCNT1;TP53INP1;SUPT4H1;CCNE2;NELFB;CDK5R1;L3MBTL1;RAD9A;RAD50;RMI2;RNF34;BANP;GTF2H4;TNKS1BP1;SUPT5H;PML;TRIAP1;CHEK1;EXO1;AKT3;MRE11;WRN;POLR2B;CDK13;PPP2R5C;MAPK11;ERCC3;HIPK1;BAX;GTF2H3;POLR1B;RMI1;PRELID3A;POLR1A;RFFL;MTA2;MDC1;PMAIP1;RRAGB;UBB;TAF9B;SETD9;CASP6;RFC5;LRPPRC;COX19;REXO2;NELFA;RFC2;TIGAR;TAF9;CCNK;RBL2;FANCI;CCNE1;CENPJ;PRKAG2;TPX2;RAD9B;CNOT6;GTF2F1;BRD1;CCNA1;NELFCD;BCL6;MLST8;CDC25C;HUS1;PRKAA1;MAPK14;TP53RK;PIP4K2B;ARTN;RRAD;BRIP1;RBBP7;PMS2;TP63;PRKAG1;POLR2D;CNOT4;MDM2;GTF2H1;POLR2K;CCNT2;DAXX;EP300;GNPDA1;PDPK1;SCO2;ELL;AGO3"
"Transcriptional Regulation By VENTX R-HSA-8853884",0.921052631578947,1,0.241339976815091,-0.127988058695042,-0.728162914699793,39,"UBE2E1;CTNNB1;ANAPC11;TNRC6B;RELA;CCND1;NFKB1"
"Transcriptional Regulation Of Granulopoiesis R-HSA-9616222",0.913967611336032,1,0.0150298748621405,0.182962281304743,0.686354554935922,56,"H2BC3;IL6R;H2BC14;H2BC1;CEBPE;MYB;KLF5;CEBPA;GFI1;CREB1;H2BC11;H2BC9;H2BC13;H2AC14;H2AC20"
"Transcriptional Regulation Of Pluripotent Stem Cells R-HSA-452723",0.725263157894737,1,0.0307037368093842,0.247677358248463,0.836930328161507,29,"EPHA1;NR5A1;KLF4;PRDM14;ZSCAN10;SALL4;FOXP1;GATA6;FGF13"
"Transcriptional Regulation Of White Adipocyte Differentiation R-HSA-381340",0.586934673366834,1,0.0385579101998489,0.243011145459101,0.955537554035522,84,"MED18;ADIPOQ;MED8;MED23;MED19;MED6;HDAC3;ZNF467;KLF4;KLF5;MED17;CEBPA;MED7;TBL1XR1;MED9;MED4;NCOA1;CCNC;FABP4;CREBBP;MED12;CDK8;PCK1;MED31;CD36;WNT1;NCOA3;PPARGC1A;NR2F2;PPARA;LEP;MED22;PPARG;LPL;MED26;MED27;EGR2;HELZ2;MED21;NCOA6;ANGPTL4;FAM120B;EP300;CEBPB;MED20;LIN9"
"Translation Of Structural Proteins R-HSA-9683701",0.75,1,0.227987202850442,-0.166307127384568,-0.84882262259211,29,"ST6GALNAC3;CANX;RPS27A;ST3GAL2;UBA52;PARP14;GSK3A"
"Translesion Synthesis By POLH R-HSA-110320",0.909492273730684,1,0.0211456362513594,0.215952026070849,0.653252634394797,18,"SPRTN;RFC3;RFC4;POLR1B;POLR1A;SLC19A1;UBB;RFC5;RFC2"
"Translesion Synthesis By POLI R-HSA-5656121",0.438888888888889,1,0.0565299525056311,0.349998943702457,1.03634312839308,16,"REV1;RFC3;RFC4;POLR1B;POLR1A;SLC19A1;UBB;REV3L;RFC5;RFC2"
"Translesion Synthesis By POLK R-HSA-5655862",0.467777777777778,1,0.0535669384770951,0.340603763165203,1.00852409932175,16,"REV1;RFC3;RFC4;POLR1B;POLR1A;SLC19A1;UBB;REV3L;RFC5;RFC2"
"Translesion Synthesis By REV1 R-HSA-110312",0.408529741863075,1,0.0603786357920401,0.36243854918926,1.05383491667637,15,"REV1;RFC3;RFC4;POLR1B;POLR1A;SLC19A1;UBB;REV3L;RFC5;RFC2"
"Translesion Synthesis By Y Family DNA Polymerases Bypasses Lesions On DNA Template R-HSA-110313",0.705274043433299,1,0.0312052969963336,0.2368865168883,0.845920785846761,38,"REV1;PCLAF;SPRTN;POLE2;POLE;RFC3;RFC4;ISG15;TRIM25;POLR1B;POLR1A;SLC19A1;UBB;USP43;REV3L;RFC5;RFC2;UBE2L6;USP32"
"Translocation Of SLC2A4 (GLUT4) To Plasma Membrane R-HSA-1445148",0.429140318707116,1,0.203508959461977,-0.174827158934681,-1.07576218415573,51,"YWHAE;RNASE1;YWHAQ;STX4"
"Transmission Across Chemical Synapses R-HSA-112315",0.858141858141858,1,0.0185498307405843,0.204371822634954,0.868675747431932,246,"GABRR3;CAMK2A;GNG13;PRKAG3;GABRA5;KCNJ15;KIF17;CACNG3;CHRNA9;GRIN2D;CACNA1A;SLC5A7;ADCY7;GNAL;CHRNB2;GRIN3B;CACNB1;CHRNA3;UBD;KCNJ6;SLC18A2;RPS6KA3;CACNB4;PPM1E;GABRB1;LGALS12;AKAP5;PRKAA2;SYN2;SLC1A1;CREB1;GRIA1;CHRNA5;GNGT1;PRKAB2;CACNG2;HTR3C;CACNB2;NBEA;GABBR2;GLRA3;CACNB3;HTR3A;BCHE;GLS2;CHRNA6;GNGT2;GABRR2;CHRNE;GABRB2;GABRA6;CHRNG;LIN7A;GNG10;CHRND;ABAT;NRGN;PRKACG;GNAT3;SLC6A13;GRIA4;SYN3;RPS6KA6;NEFL;CACNA2D1;SLC17A7;CACNA2D3;PRKAR1B;HTR3E;PPFIA3;GABRR1;GABRA3;GAD1;GNB5;LRTOMT;GRIP2;PRKCG;HTR3D;CAMKK1;GRIK4;GNG4;CAMK1;SLC1A7;PLCB2;GLRB;ADCY1;PRKCB;GABRB3;GNB1;MPP3;GNG11;NCALD;CALM1;ACHE;ARHGEF9;GNG12;SLC1A2;CACNG8;KCNJ5;CHRNA2;PPM1F;CACNA2D2;PRKAG2;SLC6A12;GNG3;ERBB4;SLC22A2;ADCY9;CAMKK2;SLC6A11;ADCY2;GNB2;GNG2;PRKAA1;CAMK2B;PRKCA;RIMS1;KPNA2;APBA1;RPS6KA2;CPLX1;PRKAG1;GABRA1;MDM2;GRIK5;GRIK3;GRIA3;CACNA1B;PDPK1;PPFIA4;CACNA1E;KCNJ4;MAPK1;NSF;STX1A;PRKAR2A;CASK;ALDH5A1;GABRA2;SYT1;CHRNA1;UNC13B;ACTN2;LIN7C;GRIN3A;AP2M1;PLCB1;GPRIN1;GRIK1;GRIN2A;CAMK2G;RAB3A"
"Transport Of Bile Salts And Organic Acids, Metal Ions And Amine Compounds R-HSA-425366",0.366733466933868,1,0.0601186142531851,0.270645462046989,1.06730396454151,86,"HEPH;RSC1A1;SLC16A7;RHCG;EMB;SLC40A1;RHBG;SLC5A7;SLC22A16;RHAG;SLC39A14;SLC13A4;SLC18A2;SLC30A8;SLC6A14;SLC30A1;SLC30A5;SLC44A3;SLC22A5;SLC6A19;SLC47A2;SLC22A12;SLC14A1;SLC22A6;SLC5A3;SLC39A8;SLC13A5;SLC6A13;SLC22A4"
"Transport Of Mature mRNA Derived From An Intronless Transcript R-HSA-159231",0.998968008255934,1,0.00842359386195179,0.111272179868836,0.400676246849384,41,"NDC1;NUP107;NUP155;NUP160;NUP205;CPSF4;NUP153;NUP37;NUP214;NXF1;NUP88;NUP85;SEC13"
"Transport Of Mature mRNAs Derived From Intronless Transcripts R-HSA-159234",1,1,0.00893801210835004,0.107113734531526,0.38624216602753,42,"NDC1;NUP107;NUP155;NUP160;NUP205;CPSF4;NUP153;NUP37;NUP214;NXF1;NUP88;NUP85;SEC13;NUP43;CPSF3;CPSF1;SLBP;FIP1L1;RNASE7;NUP133;NCBP1;NUP54;NUP98;NUP210;NUP42"
"Transport Of Ribonucleoproteins Into Host Nucleus R-HSA-168271",0.753381893860562,1,0.0282219183873982,0.230537667503425,0.810097353143369,34,"NDC1;NUP107;PBRM1;NUP155;NUP160;BLOC1S6;NUP205;NUP153;KPNA1;NUP37;NUP214;NUP88;NUP85;SEC13"
"Transport Of SLBP Dependant Mature mRNA R-HSA-159230",0.980187695516163,1,0.011622042518008,0.148000406099196,0.521109805309023,35,"NDC1;NUP107;NUP155;NUP160;NUP205;NUP153;NUP37;NUP214;NXF1;NUP88;NUP85;SEC13"
"Transport Of SLBP Independent Mature mRNA R-HSA-159227",0.95837669094693,1,0.0134461833974729,0.164240641312931,0.577133057027211,34,"NDC1;NUP107;NUP155;NUP160;NUP205;NUP153;NUP37;NUP214;NXF1;NUP88;NUP85;SEC13"
"Transport Of Vitamins, Nucleosides, And Related Molecules R-HSA-425397",0.997933884297521,1,0.0086840800745758,0.123612226911147,0.44750713271889,43,"LCN15;SLCO1B1;SLC29A2;SLCO2A1;SLC28A1;SLC28A3;SLC25A4;SLC29A3;SLC35C1;SLC28A2;SLC35A3;SLC29A1;SLCO4A1;NLRP3"
"Transport To Golgi And Subsequent Modification R-HSA-948021",0.971028971028971,1,0.0078803141868031,0.174907771623635,0.725175628735556,164,"CHST8;CFAP73;B4GALT1;FOLR2;F5;F8;FUCA1;TMED7;SPTA1;INS;ANK1;FUT3;MOGAT1;B4GALT6;MOGAT2;TRAPPC5;AREG;GRIA1;COPZ2;COG3;SEC22A;SEC24D;CTSC;GOLGA2;PPP6R3;KDELR3;COL7A1;ARCN1;SEC23A;TGFA;MGAT4C;CAPZA3;SPTBN4;COG4;TMED9;CAPZA1;LHB;SPTBN2;MOGAT3;MGAT4A;COPG1;TRAPPC1;CHST10;GOSR2;CNIH3;MAN1A1;CHGA;TRAPPC6B;SPTBN5;CAPZA2;LMAN1;SEC24C;TMEM115;ARF4;COG7;COG5;COG8;BET1;ST6GAL1;TRAPPC6A;CNIH2;TRAPPC2;LMAN1L;SEC13;ACTR1A;SCFD1;GORASP1;SEC24B;LMAN2L;DCTN3;TRAPPC2L;MAN1A2;ARFGAP3;TRAPPC3;DCTN6;PTGES2;COPG2;B4GALT4;NSF;MGAT5;ANK2;SEC16B;LMAN2"
"Triglyceride Catabolism R-HSA-163560",0.859275053304904,1,0.0224414263839237,0.2176206745357,0.704783227434197,23,"PPP1CA;FABP2;PNPLA4;FABP3;FABP9;GPD2;FABP4;MGLL;PRKACG;FABP12"
"Triglyceride Metabolism R-HSA-8979227",0.452751817237799,1,0.0519512476197082,0.289525156688666,1.02403382962169,36,"PPP1CA;GK;FABP2;MOGAT1;MOGAT2;PNPLA4;LPIN3;GPAM;LPIN1;AGMO;FABP3;FABP9;GPD2;FABP4;MGLL;PRKACG;MOGAT3"
"Tristetraprolin (TTP, ZFP36) Binds And Destabilizes mRNA R-HSA-450513",0.448618784530387,1,0.0552495663125249,0.339296900553798,1.01350851405961,17,"EXOSC8;EXOSC1;DCP1A;EXOSC9"
"UCH Proteinases R-HSA-5689603",1,1,0.00382852089890286,0.0983385930335248,0.389485212508452,92,"PSMA6;INO80C;PSMD9;PSMD5;ACTR8;H2AC11;CNKSR3;SENP8;INO80;ACTR5;KDM1B;H2AC14;H2AC20;ASXL2;PSMB11;UCHL3;TFPT;PSMD13;PSME4;UBB;PSMA4;NFRKB;PSMB9;H2AC4;MBD5;PSMA8;PSMA7;ASXL1;PSMF1;PSMB3;FOXK2;PSMB4;PSMC3;TGFBR1;H2AC7;PSMD12;TGFB1;H2AC12;H2AC21;MBD6;PSMB10;PSMB8;MCRS1;PSMC1;HCFC1;TGFBR2;FOXK1;RUVBL1;PSMD11;PSMA5"
"Ub-specific Processing Proteases R-HSA-5689880",1,1,0.0014426950408889,0.0807751596756964,0.3378245502183,183,"PSMA6;H2BC3;RIPK1;PSMD9;USP28;PSMD5;IDE;H2BC14;ADRB2;H2BC1;AXIN2;RNF128"
"Ubiquitin Mediated Degradation Of Phosphorylated Cdc25A R-HSA-69601",0.558829877806415,1,0.143902565267782,-0.160414213680703,-1.00383226685394,50,"PSMB7;RPS27A;PSMB6;PSMD14;SEM1;PSMC5;PSMA2;PSMD8;UBA52;PSMD4"
"Unattached Kinetochores Signal Amplification Via A MAD2 Inhibitory Signal R-HSA-141444",0.680402010050251,1,0.0315649069021069,0.229460859463302,0.907538985272306,91,"SGO2;CENPF;CENPH;CENPQ;MAD1L1;SPC25;NUP107;KIF2B;BUB1B;MAD2L1;MIS12;AURKB;SKA1;BUB1;NUP160;SGO1;CLIP1;SPDL1;CENPO;CENPU;SKA2;SPC24;ZWILCH;CENPP;CDCA8"
"Unblocking Of NMDA Receptors, Glutamate Binding And Activation R-HSA-438066",0.954935622317597,1,0.0161121851693944,0.185080285117363,0.58536613685633,21,"CAMK2A;GRIN2D;GRIA1;GRIA4;NEFL;MPP3;CALM1;CAMK2B;GRIA3;ACTN2;GPRIN1;GRIN2A;CAMK2G"
"Unfolded Protein Response (UPR) R-HSA-381119",0.997991967871486,1,0.00382852089890286,0.121321631233505,0.479175129214097,89,"CXCL8;PLA2G4B;EXOSC8;CREB3L4;PDIA5;ERN1;EXOSC1;EIF2AK3;SRPRB;EXOSC9;KDELR3;CUL7;EXTL1;EIF2S1;MBTPS2;EIF2S3"
"VEGFR2 Mediated Cell Proliferation R-HSA-5218921",0.98233995584989,1,0.0161121851693944,0.170229491248775,0.514942441769289,18,"ITPR1;VEGFA;KDR;PRKCB;CALM1;SPHK1;PRKCA;PDPK1;SYNGAP1"
"VEGFR2 Mediated Vascular Permeability R-HSA-5218920",0.97037037037037,1,0.0138082722594766,0.162730084151893,0.54294355522365,27,"TRIB3;VAV3;AKT1;THEM4;VAV2;VAV1;RICTOR;HOXC13;AKT3;CALM1;MLST8;CAV1;CDH5;PDPK1;NANOS3"
"Vasopressin Regulates Renal Water Homeostasis Via Aquaporins R-HSA-432040",0.533195020746888,1,0.0444181153081573,0.266757790878527,0.961903787635343,42,"MINDY4;GNG13;ADCY7;MYO5B;GNGT1;GNGT2;GNG10;AQP3;PRKACG;AVPR2;PRKAR1B;GNB5;GNG4;ADCY1;NLRP3;GNB1;GNG11;GNG12;GNG3;ADCY9;ADCY2;GNB2;GNG2;PRKCA"
"Viral Messenger RNA Synthesis R-HSA-168325",0.990740740740741,1,0.00906269502060309,0.129761610968709,0.47441003762662,46,"NDC1;NUP107;PBRM1;NUP155"
"Vitamin B5 (Pantothenate) Metabolism R-HSA-199220",0.69060773480663,1,0.0353910624222457,0.288843727557582,0.862800622801173,17,"ENPP3;SLC25A16;PANK1;PPCDC;PANK4;VNN1;ENPP1;VNN2"
"Vpr-mediated Nuclear Import Of PICs R-HSA-180910",0.942767950052029,1,0.0147735037814303,0.172429184417205,0.605907170892031,34,"NDC1;NUP107;NUP155;NUP160;NUP205;NUP153;KPNA1;NUP37;NUP214;NUP88;NUP85;SEC13"
"VxPx Cargo-Targeting To Cilium R-HSA-5620916",0.860515021459227,1,0.0227269260340067,0.221259645034378,0.699793084789377,21,"CNGA4;EXOC1;RAB3IP;ARF4;PRKD2;EXOC6;CNGB1;CNGA2;PTGES2;PKD1;RHO;RAB11FIP3;ASAP1"
"WNT Ligand Biogenesis And Trafficking R-HSA-3238698",0.638859556494192,1,0.0369160593316849,0.269273844153833,0.893659433919357,26,"WNT7B;WNT5A;WNT4;VPS26A;TMED5;WNT1;WNT16;WNT3A;WNT8B;WNT7A;WNT6;WNT2B"
"WNT5A-dependent Internalization Of FZD4 R-HSA-5099900",0.792792792792793,1,0.147331213699377,-0.187361885877068,-0.781012302618543,15,"CLTA;AP2A2;AP2B1;CLTC;CLTB;AP2A1;DVL2;AP2S1;AP2M1;PRKCA;FZD4;PRKCB;PRKCG;ARRB2"
"Zinc Transporters R-HSA-435354",0.742541436464088,1,0.0319257308349884,0.273160757861437,0.815954267037715,17,"SLC39A14;SLC30A8;SLC30A1;SLC30A5;SLC39A8"
"mRNA Capping R-HSA-72086",0.462962962962963,1,0.287857117255149,-0.208075201884839,-1.05396339502392,28,"POLR2I;POLR2A;POLR2F;POLR2E;POLR2L;NCBP2;POLR2G;CDK7;POLR2C;CCNH;MNAT1;POLR2J;NCBP1;RNMT;GTF2F2;POLR2H;POLR2K;GTF2H1;POLR2D;GTF2F1;GTF2H3;ERCC3;POLR2B;SUPT5H;GTF2H4;RNGTT;ERCC2"
"mRNA Decay By 5 To 3 Exoribonuclease R-HSA-430039",0.513513513513513,1,0.186432558434075,-0.226999993250272,-0.946242543369316,15,"EDC3;LSM3;LSM5;DCP1B;XRN1;LSM2;DDX6;DCP2;LSM7;EDC4;PATL1;LSM6;LSM1;LSM4"
"p130Cas Linkage To MAPK Signaling For Integrins R-HSA-372708",0.387387387387387,1,0.216542836735348,-0.252933926370505,-1.05434735202543,15,"RAP1A;PTK2;BCAR1;TLN1;SRC;RAP1B;VWF;FN1;ITGA2B;FGB;APBB1IP;FGA;ITGB3;CRK;FGG"
"rRNA Modification In Nucleus And Cytosol R-HSA-6790901",0.710526315789474,1,0.029777461260706,0.22707726317725,0.857935716039376,59,"NOL11;KRR1;RRP9;UTP14C;UTP4;BMS1;NAT10;HEATR1;NOC4L;SPPL2A;DDX52;EMG1;IMP4;UTP20;UTP6;UTP15;PDCD11;DKC1;NOP2;WDR46;UTP25;UTP11;NOP58;PWP2"
"tRNA Aminoacylation R-HSA-379724",0.489164086687306,1,0.0481183992657975,0.277300979919186,0.998523764094911,41,"WARS1;WARS2;MARS2;MARS1;VARS2;PPA2;SARS2;FARS2;NARS1;EARS2;LARS2;YARS2"
"tRNA Modification In Nucleus And Cytosol R-HSA-6782315",0.484439834024896,1,0.0487989701682839,0.277559009483497,1.00085197750069,42,"QTRT2;TRDMT1;PUS3;TRMT5;QTRT1;TRMT9B;ALKBH8;PUS1;THADA;TRMU;TRMT61A;TRMT44;TRIT1;METTL1;WDR4;FTSJ1;TRMT6;THG1L;NSUN2;URM1;TP53RK;ADAT1;TYW5;TRMT11;NSUN6;LCMT2;PUS7;ADAT2;CTU2;CDKAL1;TRMT10A"
"tRNA Processing In Nucleus R-HSA-6784531",0.631578947368421,1,0.0354665010333725,0.244211044070706,0.916119766698827,56,"NDC1;RPP40;TRNT1;NUP107;NUP155;NLRP2B;NUP160;ZBTB8OS;FAM98B;RPP14;ELAC2;NUP205;CPSF4;NUP153;TSEN2;NUP37;RTRAF;DDX1;RPP38;NUP214;RTCB"
"tRNA Processing R-HSA-72306",0.699097291875627,1,0.0301329841082956,0.224281727165063,0.898739884655021,104,"NDC1;RPP40;TRNT1;QTRT2;TRDMT1;PUS3;TRMT5;NUP107;NUP155;QTRT1;NLRP2B;TRMT9B;NUP160;ZBTB8OS;ALKBH8;PUS1;FAM98B;RPP14;THADA;TRMU;ELAC2;NUP205;CPSF4;TRMT61A;TRMT44;NUP153;GTPBP3;TSEN2;TRIT1;NUP37;RTRAF;DDX1;METTL1;RPP38;NUP214;RTCB;WDR4;FTSJ1;NUP88;TRMT6;NUP85;THG1L;NSUN2;URM1;SEC13;TRMT10C;RPP21"
"APC/C-mediated Degradation Of Cell Cycle Proteins R-HSA-174143",NA,NA,NA,-0.134282815260296,NA,86,"BUB3;PSMB7;UBE2E1;RPS27A;PSMB6;SKP1;PSMD14;ANAPC11;SEM1;PSMC5;PSMA2;PSMD8;UBA52;PSMD4"
"APC/C:Cdc20 Mediated Degradation Of Mitotic Proteins R-HSA-176409",NA,NA,NA,-0.147038826073318,NA,74,"BUB3;PSMB7;UBE2E1;RPS27A;PSMB6;PSMD14;ANAPC11;SEM1;PSMC5;PSMA2;PSMD8;UBA52;PSMD4"
"Antigen processing-Cross Presentation R-HSA-1236975",NA,NA,NA,-0.2489557631273,NA,103,"HMGB1;CALR;HLA-B;PDIA3;SEC61G;PSMB7;ITGAV;STX4;VAMP3;B2M;RPS27A;S100A1;PSMB6;HLA-C;PSMD14;SEC61B;SEM1;PSMC5;PSMA2;PSMD8;UBA52;NDUFA2;PSMD4"
"Antiviral Mechanism By IFN-stimulated Genes R-HSA-1169410",NA,NA,NA,-0.148277317253133,NA,80,"PPM1B;UBE2E1;EIF4A1;RPS27A;EIF4G3;KPNA3;USP18;PDZD2;POM121C;EIF4G1;EIF4G2;KPNB1;EIF4E;UBA52;NUP62;NUP50;NUP35;TPR;IFIT1;AAAS"
"Apoptosis R-HSA-109581",NA,NA,NA,-0.113724107271877,NA,176,"HMGB1;SEPTIN4;YWHAE;YWHAQ;PSMB7;ADD1;RPS27A;PTK2;PSMB6;FASN;C1QBP;LMNA;CTNNB1;PSMD14;H1-4;SEM1;PSMC5;DIABLO;PSMA2;KPNB1;PSMD8;UBA52;BCL2L1;NDUFA2;PSMD4"
"Autophagy R-HSA-9612973",NA,NA,NA,-0.252600420456407,NA,125,"LAMP2;DYNC1LI2;RNASE1;DYNC1I2;GABARAP;GABARAPL2;GFAP;SQSTM1;PLIN3;RPS27A;DYNC1H1;VCP;TOMM7;ATG12;CHMP4B;HSP90AB1;WIPI1;ATG13;ATG4C;ATG3;ATG4B;PARK7;UBA52;MFN1;NBR1;RRAGA;LAMTOR2;CSNK2B;HSP90AA1;PINK1;MVB12B;CHMP6;ATG9A;LAMTOR1;TOMM40;TOMM20;PEX5"
"CDK-mediated Phosphorylation And Removal Of Cdc6 R-HSA-69017",NA,NA,NA,-0.139037287345377,NA,71,"PSMB7;UBE2E1;RPS27A;PSMB6;PSMD14;ANAPC11;SEM1;PSMC5;PSMA2;PSMD8;UBA52;PSMD4"
"CLEC7A (Dectin-1) Signaling R-HSA-5607764",NA,NA,NA,-0.125225826673016,NA,98,"PSMB7;FBXW11;RPS27A;PSMB6;UBA3;SKP1;PSMD14;SEM1;PSMC5;PSMA2;RELA;PSMD8;NFKB2;UBA52;NFKB1;PSMD4;NFKBIA;NFATC2;PSMA1;AHCYL1"
"COPI-mediated Anterograde Transport R-HSA-6807878",NA,NA,NA,-0.103786163599587,NA,80,"DYNC1LI2;DYNC1I2;ANK3;DYNC1H1;DCTN5;ARF5;COPE;RAB1B;ACTR10"
"Cap-dependent Translation Initiation R-HSA-72737",NA,NA,NA,-0.673260491402167,NA,115,"RPS12;RPS16;RPS7;RPL27A;RPS29;RPL18;RPL23;RPLP2;RPL30;RPS3;EIF4H;RPL19;RPS17;RPS6;FAU;RPS13;EIF4A1;RPL21;PABPC1;RPS14;RPL28;RPS27A;RPS25;RPL27;RPS9;RPLP0;EIF4B;RPS15;EIF3K;RPS20;RPS2;RPS19;RPLP1;RPL11;RPL39;RPL9;RPS8;RPL8;RPL32;RPL12;RPS23;RPL29;RPL18A;EIF3F;EIF3J;EIF3A;RPL36;EIF3G;RPS5;RPL34;EIF4G1;RPL37A;EIF1AX;RPS4X;RSL24D1;RPL5;RPL35A;EIF4E;RPS27;RPL37;EIF3B;RPL38;RPL35;EIF3H;UBA52;EIF3C;RPL15;RPS21;RPL36AL;RPL39L;RPL7;RPL22;RPS10;RPS15A;RPS11;EIF3L;RPL7A;RPSA;EIF5"
"Cargo Recognition For Clathrin-Mediated Endocytosis R-HSA-8856825",NA,NA,NA,-0.113272942644552,NA,102,"TF;SCARB2;IGF2R;VAMP3;GRB2;RPS27A;EPN2;PICALM;EPS15;CLTA;CLTCL1;UBA52;GPS1;FCHO1;AP2A2;TGOLN2;AP2B1;COPS6;VAMP2"
"Cdc20:Phospho-APC/C Mediated Degradation Of Cyclin A R-HSA-174184",NA,NA,NA,-0.16079702059185,NA,71,"BUB3;PSMB7;UBE2E1;RPS27A;PSMB6;PSMD14;ANAPC11;SEM1;PSMC5;PSMA2;PSMD8;UBA52;PSMD4"
"Cell Death Signaling Via NRAGE, NRIF And NADE R-HSA-204998",NA,NA,NA,-0.186791635380588,NA,73,"PREX1;PSENEN;YWHAE;RNASE1;OBSCN;SQSTM1;PSEN1;ARHGEF2;RPS27A;CASP2;PRPF38B"
"Cell Surface Interactions At Vascular Wall R-HSA-202733",NA,NA,NA,-0.168355870303889,NA,133,"MAG;JAM3;SELENOP;CD99;CD74;ATP1B1;ITGAV;ITGB1;SLC16A1;CD44;CD47;GRB2;GLG1;GYPC;FYN;GP6;YES1"
"Cellular Response To Chemical Stress R-HSA-9711123",NA,NA,NA,-0.171557676964847,NA,180,"ATOX1;PRDX1;PSMB7;COX8A;SQSTM1;RBX1;COX6C;NCOR2;TALDO1;RPS27A;PSMB6;VCP;SKP1;COX14;GCLC;COX4I1;HBA1;PSMD14;COX5B;GSTP1;ATF4;SEM1;PSMC5;PHGDH;PRDX5;PSMA2;SESN2;COX16;COX6A1;PSMD8;UBA52;SLC7A11;HM13;PSMD4;SOD1;STAT3"
"Cellular Response To Heat Stress R-HSA-3371556",NA,NA,NA,-0.129679010320327,NA,96,"HSPA2;YWHAE;CRYAB;HSPB8;HSBP1;VCP;HSPA4;HSP90AB1;POM121C;NUP62;NUP50;HSPA9;NUP35;HSPA13;HSP90AA1;MRPL18;TPR;AAAS"
"Cellular Response To Starvation R-HSA-9711097",NA,NA,NA,-0.451469370088032,NA,151,"RPS12;RPS16;RPS7;RPL27A;RPS29;RPL18;RPL23;RPLP2;RPL30;RPS3;RPL19;RPS17;ATP6V0B;RPS6;FAU;RPS13;RPL21;RPS14;RPL28;RPS27A;RPS25;RPL27;RPS9;RPLP0;RPS15;RPS20;RPS2;RPS19;RPLP1;RPL11;RPL39;RPL9;RPS8;RPL8;RPL32;RPL12;RPS23;RPL29;RPL18A;RPL36;RPS5;ATF4;RPL34;RPL37A;ATP6V0E2;RPS4X;RSL24D1;SESN2;RPL5;ATP6V0D1;RPL35A;RPS27;RPL37;RPL38;RPL35;UBA52;ATP6V1G1;RPL15;RPS21;RRAGA;LAMTOR2;RPL36AL;RPL39L;ATP6V1E1;RPL7;RPL22;FNIP2;RPS10;LAMTOR1;RPS15A;WDR59;RPS11"
"Chaperonin-mediated Protein Folding R-HSA-390466",NA,NA,NA,-0.175210466926012,NA,85,"TUBB4A;TUBA1C;PFDN2;FBXW4;VBP1;LONP2;GNG7;TUBB2B;TUBB4B;FBXL5;CCT3;TUBA3D;CCT4;USP11;PFDN5;STAT3;FBXL3;CSNK2B;TUBB;CCT8"
"Citric Acid (TCA) Cycle And Respiratory Electron Transport R-HSA-1428517",NA,NA,NA,-0.309513157053456,NA,159,"UQCRC1;ACAD9;ATP5MC2;COX8A;ATP5ME;TMEM126B;SLC16A1;ATP5F1A;NDUFV2;COX6C;NDUFA12;IDH2;ATP5PO;MPC2;ATP5F1C;ATP5MC1;NDUFS4;NDUFA1;COX14;COX4I1;COX5B;NDUFA10;NDUFB8;MDH2;ATP5F1B;PDHX;NDUFV1;NDUFAF3;ATP5PB;COX16;NDUFB7;NDUFB6;NDUFB4;DLST;COX6A1;NDUFB3;NDUFS7;ETFA;NDUFA3;UQCRQ;UQCRB;NDUFA2;NDUFA13;NDUFS5;UQCR11;NDUFS6;NDUFB1;MPC1;NDUFB2;LDHB;LDHA;ATP5MC3;COX6B1;NDUFAB1"
"Clathrin-mediated Endocytosis R-HSA-8856828",NA,NA,NA,-0.182702333999512,NA,139,"BIN1;ARPC5;TF;CTTN;DNAJC6;SCARB2;DNM2;IGF2R;VAMP3;GRB2;RPS27A;EPN2;ACTR3;PICALM;HIP1;EPS15;CLTA;CLTCL1;SYNJ2;RAB5C;UBA52;GPS1;FCHO1;AP2A2;TGOLN2;WASL;PACSIN2;AP2B1;COPS6;VAMP2;FNBP1"
"Cyclin A:Cdk2-associated Events At S Phase Entry R-HSA-69656",NA,NA,NA,-0.137755732249373,NA,83,"CDKN1B;PSMB7;RPS27A;PSMB6;SKP1;PSMD14;SEM1;PSMC5;PSMA2;CCND1;PSMD8;UBA52;PSMD4"
"Cyclin E Associated Events During G1/S Transition R-HSA-69202",NA,NA,NA,-0.143939263743151,NA,81,"CDKN1B;PSMB7;RPS27A;PSMB6;SKP1;PSMD14;SEM1;PSMC5;PSMA2;CCND1;PSMD8;UBA52;PSMD4"
"Death Receptor Signaling R-HSA-73887",NA,NA,NA,-0.172992653882274,NA,138,"MAG;PREX1;PSENEN;RHOA;YWHAE;RTN4;RNASE1;OBSCN;SQSTM1;PSEN1;ARHGEF2;RPS27A;FASN;CASP2;ARHGDIA;PRPF38B;OTUD7B;OMG;ARHGEF1;RELA;ARHGEF15;UBA52;CLIP3;NFKB1;BEX3;HDAC2"
"Degradation Of Beta-Catenin By Destruction Complex R-HSA-195253",NA,NA,NA,-0.198232514355562,NA,83,"PSMB7;RBX1;RPS27A;TLE4;PPP2CB;PSMB6;SKP1;CTNNB1;PSMD14;SEM1;PSMC5;PPP2CA;PSMA2;PPP2R5A;AXIN1;PSMD8;UBA52;PSMD4"
"Diseases Of Signal Transduction By Growth Factor Receptors And Second Messengers R-HSA-5663202",NA,NA,NA,-0.124043110320978,NA,421,"QKI;CDKN1B;PSENEN;RNASE1;PPP1CB;PSMB7;DUSP10;RPS6KB2;PPM1B;SQSTM1;GAB2;RPS6;RBX1;RAP1A;PSEN1;GRB2;NCOR2;ERBIN;RPS27A;POLR2I;POLR2A;FGFR1OP2;PPP2CB;NPM1;PSMB6;TPM3;VCP;FYN;PEBP1;YES1;SKP1;POLR2F;LMNA;RBPJ;CTNNB1;SND1;PSMD14;HIP1;ERBB3;DKK1;SEM1;PSMC5;SMAD4;TNKS2;FOXO4;PPP2CA;PRR5;PSMA2;MECP2;RHOG;KANK1;PIK3R1;FXR1;PPP2R5A;NF1;AXIN1;PSMD8;UBA52;BCL2L1;POLR2E;HDAC2;PPP1CC;PSMD4;ALK;KIF5B;HDAC7;POLR2L;ERLEC1;STAT3;RRBP1;KSR1"
"Downstream TCR Signaling R-HSA-202424",NA,NA,NA,-0.157131720885943,NA,90,"HLA-DRB1;PSMB7;FBXW11;RPS27A;PSMB6;SKP1;PSMD14;SEM1;PSMC5;PSMA2;PIK3R1;RELA;PSMD8;UBA52;NFKB1;PSMD4;NFKBIA"
"EPH-Ephrin Signaling R-HSA-2682334",NA,NA,NA,-0.200717345854843,NA,87,"ARPC5;PSENEN;RHOA;RNASE1;MYL12B;CDC42;PSEN1;PTK2;FYN;YES1;ACTR3;MYL6;CLTA;CLTCL1"
"ER-Phagosome Pathway R-HSA-1236974",NA,NA,NA,-0.283032922051154,NA,88,"HMGB1;CALR;HLA-B;PDIA3;SEC61G;PSMB7;STX4;VAMP3;B2M;RPS27A;S100A1;PSMB6;HLA-C;PSMD14;SEC61B;SEM1;PSMC5;PSMA2;PSMD8;UBA52;NDUFA2;PSMD4"
"ESR-mediated Signaling R-HSA-8939211",NA,NA,NA,-0.128552643951167,NA,185,"GNAI1;CDKN1B;H3-3B;SMC1A;H2AC6;GNAI2;DDX5;POLR2I;PTK2;POLR2A;GNG7;PRKCZ;CTSD;KDM1A;POLR2F;USF2;RAD21;IGF1R;HSP90AB1;PRMT1;KDM4B;H2AJ;YY1;KANK1;PIK3R1;TNRC6B;CCND1;AXIN1;POLR2E;XPO1;CBFB;KCNH8;POLR2L"
"Estrogen-dependent Gene Expression R-HSA-9018519",NA,NA,NA,-0.144321663104825,NA,116,"H3-3B;SMC1A;H2AC6;DDX5;POLR2I;POLR2A;CTSD;KDM1A;POLR2F;USF2;RAD21;HSP90AB1;PRMT1;KDM4B;H2AJ;YY1;KANK1;TNRC6B;CCND1;AXIN1;POLR2E;CBFB;POLR2L"
"Eukaryotic Translation Elongation R-HSA-156842",NA,NA,NA,-0.730739187705109,NA,87,"RPS12;RPS16;RPS7;RPL27A;RPS29;EEF1D;RPL18;RPL23;RPLP2;RPL30;RPS3;RPL19;RPS17;RPS6;FAU;RPS13;RPL21;RPS14;RPL28;RPS27A;RPS25;RPL27;RPS9;RPLP0;RPS15;RPS20;RPS2;RPS19;RPLP1;RPL11;EEF1B2;RPL39;RPL9;RPS8;RPL8;RPL32;RPL12;RPS23;RPL29;RPL18A;RPL36;RPS5;RPL34;RPL37A;RPS4X;RSL24D1;RPL5;RPL35A;RPS27;RPL37;RPL38;RPL35;UBA52;RPL15;RPS21;RPL36AL;RPL39L;RPL7;RPL22;RPS10;RPS15A;RPS11;RPL7A;RPSA"
"Eukaryotic Translation Termination R-HSA-72764",NA,NA,NA,-0.681479354527179,NA,89,"RPS12;RPS16;RPS7;RPL27A;RPS29;RPL18;RPL23;RPLP2;RPL30;RPS3;RPL19;RPS17;RPS6;FAU;RPS13;RPL21;RPS14;RPL28;RPS27A;RPS25;RPL27;RPS9;RPLP0;RPS15;RPS20;RPS2;RPS19;RPLP1;RPL11;RPL39;RPL9;RPS8;RPL8;RPL32;RPL12;RPS23;RPL29;RPL18A;RPL36;RPS5;RPL34;RPL37A;RPS4X;RSL24D1;RPL5;RPL35A;RPS27;RPL37;RPL38;RPL35;UBA52;RPL15;RPS21;RPL36AL;RPL39L;RPL7;RPL22;RPS10;RPS15A;RPS11;RPL7A;RPSA"
"FCERI Mediated NF-kB Activation R-HSA-2871837",NA,NA,NA,-0.162332256753886,NA,77,"PSMB7;FBXW11;RPS27A;PSMB6;SKP1;PSMD14;SEM1;PSMC5;PSMA2;RELA;PSMD8;UBA52;NFKB1;PSMD4;NFKBIA"
"Fc Epsilon Receptor (FCERI) Signaling R-HSA-2454202",NA,NA,NA,-0.115668130544476,NA,129,"RNASE1;PSMB7;FBXW11;GAB2;GRB2;RPS27A;PSMB6;FYN;SKP1;PSMD14;SEM1;PSMC5;PSMA2;PIK3R1;RELA;PSMD8;UBA52;NFKB1;PSMD4;NFKBIA"
"Fcgamma Receptor (FCGR) Dependent Phagocytosis R-HSA-2029480",NA,NA,NA,-0.182185066847654,NA,82,"ARPC5;RNASE1;MYO9B;CDC42;GRB2;PTK2;FYN;YES1;ACTR3;HSP90AB1;PIK3R1;ELMO1;PLPP4;ABL1;WASL;WASF2;HSP90AA1;AHCYL1"
"Formation Of A Pool Of Free 40S Subunits R-HSA-72689",NA,NA,NA,-0.733407315487509,NA,97,"RPS12;RPS16;RPS7;RPL27A;RPS29;RPL18;RPL23;RPLP2;RPL30;RPS3;RPL19;RPS17;RPS6;FAU;RPS13;RPL21;RPS14;RPL28;RPS27A;RPS25;RPL27;RPS9;RPLP0;RPS15;EIF3K;RPS20;RPS2;RPS19;RPLP1;RPL11;RPL39;RPL9;RPS8;RPL8;RPL32;RPL12;RPS23;RPL29;RPL18A;EIF3F;EIF3J;EIF3A;RPL36;EIF3G;RPS5;RPL34;RPL37A;EIF1AX;RPS4X;RSL24D1;RPL5;RPL35A;RPS27;RPL37;EIF3B;RPL38;RPL35;EIF3H;UBA52;EIF3C;RPL15;RPS21;RPL36AL;RPL39L;RPL7;RPL22;RPS10;RPS15A;RPS11;EIF3L;RPL7A;RPSA"
"GTP Hydrolysis And Joining Of 60S Ribosomal Subunit R-HSA-72706",NA,NA,NA,-0.707054262058068,NA,108,"RPS12;RPS16;RPS7;RPL27A;RPS29;RPL18;RPL23;RPLP2;RPL30;RPS3;EIF4H;RPL19;RPS17;RPS6;FAU;RPS13;EIF4A1;RPL21;RPS14;RPL28;RPS27A;RPS25;RPL27;RPS9;RPLP0;EIF4B;RPS15;EIF3K;RPS20;RPS2;RPS19;RPLP1;RPL11;RPL39;RPL9;RPS8;RPL8;RPL32;RPL12;RPS23;RPL29;RPL18A;EIF3F;EIF3J;EIF3A;RPL36;EIF3G;RPS5;RPL34;EIF4G1;RPL37A;EIF1AX;RPS4X;RSL24D1;RPL5;RPL35A;EIF4E;RPS27;RPL37;EIF3B;RPL38;RPL35;EIF3H;UBA52;EIF3C;RPL15;RPS21;RPL36AL;RPL39L;RPL7;RPL22;RPS10;RPS15A;RPS11;EIF3L;RPL7A;RPSA;EIF5;RPS27L;EIF2S2;RPS3A;EIF3E"
"HIV Infection R-HSA-162906",NA,NA,NA,-0.13141424369459,NA,224,"RNASE1;PSMB7;SSRP1;B2M;RBX1;RPS27A;POLR2I;CTDP1;POLR2A;TAF10;NPM1;PSMB6;XRCC6;FYN;CXCR4;CHMP4B;SKP1;POLR2F;TAF12;PSMD14;POM121C;TAF15;SEM1;PSMC5;TAF2;PSMA2;KPNB1;ELMO1;FEN1;TAF6;PSMD8;UBA52;POLR2E;NUP62;XPO1;PSMD4;POLR2L;NUP50;AP2A2;PPIA;NCBP2;AP2B1;NUP35;AP1S2;PSMA1;TPR;MVB12B;AAAS;RAN;CHMP6"
"HIV Life Cycle R-HSA-162587",NA,NA,NA,-0.100034177435749,NA,144,"SSRP1;RPS27A;POLR2I;CTDP1;POLR2A;TAF10;XRCC6;CXCR4;CHMP4B;POLR2F;TAF12;POM121C;TAF15;TAF2;FEN1;TAF6;UBA52;POLR2E;NUP62;XPO1;POLR2L;NUP50;PPIA;NCBP2;NUP35;TPR;MVB12B;AAAS;RAN;CHMP6"
"Host Interactions Of HIV Factors R-HSA-162909",NA,NA,NA,-0.156243154942925,NA,128,"RNASE1;PSMB7;B2M;RBX1;RPS27A;NPM1;PSMB6;FYN;SKP1;PSMD14;POM121C;SEM1;PSMC5;PSMA2;KPNB1;ELMO1;PSMD8;UBA52;NUP62;XPO1;PSMD4;NUP50;AP2A2;PPIA;AP2B1;NUP35;AP1S2;PSMA1;TPR;AAAS;RAN"
"Influenza Infection R-HSA-168255",NA,NA,NA,-0.49096884404179,NA,155,"RPS12;CALR;RPS16;RPS7;RPL27A;RPS29;RPL18;RPL23;RPLP2;RPL30;RPS3;RPL19;RPS17;RPS6;FAU;RPS13;RPL21;RPS14;CANX;RPL28;RPS27A;POLR2I;RPS25;RPL27;RPS9;PARP1;RPLP0;POLR2A;RPS15;RPS20;RPS2;RPS19;RPLP1;RPL11;RPL39;RPL9;RPS8;RPL8;RPL32;RPL12;POLR2F;RPS23;RPL29;RPL18A;KPNA3;POM121C;RPL36;RPS5;RPL34;RPL37A;CLTA;RPS4X;RSL24D1;KPNB1;RPL5;RPL35A;RPS27;RPL37;RPL38;RPL35;UBA52;POLR2E;NUP62;XPO1;RPL15;POLR2L;RPS21;NUP50;RPL36AL;NUP35;RPL39L;RPL7;RPL22;HSP90AA1;TPR;AAAS;RAN;RPS10;RPS15A;RPS11;SLC25A6;RPL7A;RPSA"
"Influenza Viral RNA Transcription And Replication R-HSA-168273",NA,NA,NA,-0.525174430502039,NA,135,"RPS12;RPS16;RPS7;RPL27A;RPS29;RPL18;RPL23;RPLP2;RPL30;RPS3;RPL19;RPS17;RPS6;FAU;RPS13;RPL21;RPS14;RPL28;RPS27A;POLR2I;RPS25;RPL27;RPS9;PARP1;RPLP0;POLR2A;RPS15;RPS20;RPS2;RPS19;RPLP1;RPL11;RPL39;RPL9;RPS8;RPL8;RPL32;RPL12;POLR2F;RPS23;RPL29;RPL18A;POM121C;RPL36;RPS5;RPL34;RPL37A;RPS4X;RSL24D1;RPL5;RPL35A;RPS27;RPL37;RPL38;RPL35;UBA52;POLR2E;NUP62;RPL15;POLR2L;RPS21;NUP50;RPL36AL;NUP35;RPL39L;RPL7;RPL22;HSP90AA1;TPR;AAAS;RPS10;RPS15A;RPS11"
"Interferon Signaling R-HSA-913531",NA,NA,NA,-0.127517544456434,NA,188,"NCAM1;HLA-B;HLA-DRB1;IRF9;IFNGR1;PPM1B;CD44;B2M;UBE2E1;EIF4A1;RPS27A;IFI6;EIF4G3;TRIM2;HLA-C;TRIM45;IFITM2;KPNA3;USP18;SMAD7;PDZD2;POM121C;EIF4G1;EIF4G2;KPNB1;EIF4E;STAT2;IFNA14;UBA52;NUP62"
"Interleukin-1 Family Signaling R-HSA-446652",NA,NA,NA,-0.122169776980927,NA,151,"HMGB1;S100B;APP;PSMB7;FBXW11;SQSTM1;RBX1;RPS27A;PSMB6;SKP1;SIGIRR;PSMD14;USP18;SEM1;PSMC5;PSMA2;RELA;PSMD8;NFKB2;UBA52;NFKB1;PSMD4;NFKBIA;SAA2;STAT3"
"Interleukin-1 Signaling R-HSA-9020702",NA,NA,NA,-0.167302194101571,NA,113,"HMGB1;S100B;APP;PSMB7;FBXW11;SQSTM1;RBX1;RPS27A;PSMB6;SKP1;PSMD14;USP18;SEM1;PSMC5;PSMA2;RELA;PSMD8;NFKB2;UBA52;NFKB1;PSMD4;NFKBIA;SAA2"
"KEAP1-NFE2L2 Pathway R-HSA-9755511",NA,NA,NA,-0.198708168365849,NA,98,"PRDX1;PSMB7;SQSTM1;RBX1;TALDO1;RPS27A;PSMB6;VCP;SKP1;GCLC;PSMD14;ATF4;SEM1;PSMC5;PHGDH;PSMA2;SESN2;PSMD8;UBA52;SLC7A11;PSMD4"
"L13a-mediated Translational Silencing Of Ceruloplasmin Expression R-HSA-156827",NA,NA,NA,-0.714343820804452,NA,107,"RPS12;RPS16;RPS7;RPL27A;RPS29;RPL18;RPL23;RPLP2;RPL30;RPS3;EIF4H;RPL19;RPS17;RPS6;FAU;RPS13;EIF4A1;RPL21;PABPC1;RPS14;RPL28;RPS27A;RPS25;RPL27;RPS9;RPLP0;EIF4B;RPS15;EIF3K;RPS20;RPS2;RPS19;RPLP1;RPL11;RPL39;RPL9;RPS8;RPL8;RPL32;RPL12;RPS23;RPL29;RPL18A;EIF3F;EIF3J;EIF3A;RPL36;EIF3G;RPS5;RPL34;EIF4G1;RPL37A;EIF1AX;RPS4X;RSL24D1;RPL5;RPL35A;EIF4E;RPS27;RPL37;EIF3B;RPL38;RPL35;EIF3H;UBA52;EIF3C;RPL15;RPS21;RPL36AL;RPL39L;RPL7;RPL22;RPS10;RPS15A;RPS11;EIF3L;RPL7A;RPSA;RPS27L;EIF2S2;RPS3A;EIF3E"
"L1CAM Interactions R-HSA-373760",NA,NA,NA,-0.213607590284628,NA,99,"NCAM1;NFASC;SHTN1;RDX;RNASE1;DPYSL2;DLG1;ITGAV;ITGB1;DNM2;ANK3;ALCAM;CNTN2;CNTN1;LLGL1;CLTA;KCNQ3;LYPLA2"
"Late Phase Of HIV Life Cycle R-HSA-162599",NA,NA,NA,-0.0939311933642734,NA,131,"SSRP1;RPS27A;POLR2I;CTDP1;POLR2A;TAF10;CHMP4B;POLR2F;TAF12;POM121C;TAF15;TAF2;TAF6;UBA52;POLR2E;NUP62;XPO1;POLR2L;NUP50;PPIA;NCBP2;NUP35;TPR;MVB12B;AAAS;RAN;CHMP6"
"MAPK6/MAPK4 Signaling R-HSA-5687128",NA,NA,NA,-0.164650170682562,NA,89,"SEPTIN7;RNASE1;PSMB7;CDC42;RPS27A;PSMB6;PSMD14;PRKACB;SEM1;PSMC5;PSMA2;TNRC6B;PSMD8;UBA52;XPO1;PSMD4"
"MHC Class II Antigen Presentation R-HSA-2132295",NA,NA,NA,-0.172847699295185,NA,101,"DYNC1LI2;RAB7A;HLA-DRB1;DYNC1I2;CD74;OSBPL1A;DNM2;CANX;DYNC1H1;CTSD;CTSF;DCTN5;KIF5C;CLTA;ACTR10;HLA-DMB;SAR1B"
"Macroautophagy R-HSA-1632852",NA,NA,NA,-0.214846171417816,NA,112,"DYNC1LI2;DYNC1I2;GABARAP;GABARAPL2;SQSTM1;PLIN3;RPS27A;DYNC1H1;VCP;TOMM7;ATG12;CHMP4B;WIPI1;ATG13;ATG4C;ATG3;ATG4B;PARK7;UBA52;MFN1;NBR1;RRAGA;LAMTOR2;CSNK2B;HSP90AA1;PINK1;CHMP6;ATG9A;LAMTOR1;TOMM40;TOMM20;PEX5"
"Major Pathway Of rRNA Processing In Nucleolus And Cytosol R-HSA-6791226",NA,NA,NA,-0.332891758820508,NA,177,"RPS12;RPS16;RPS7;RPL27A;RPS29;RPL18;RPL23;RPLP2;RPL30;RPS3;RPL19;RPS17;RPS6;FAU;RPS13;RPL21;RPS14;RPL28;RPS27A;RPS25;RPL27;RPS9;RPLP0;RPS15;RPS20;RPS2;RPS19;RPLP1;RPL11;PNO1;RPL39;RPL9;RPS8;RPL8;RPL32;RPL12;SENP3;RPS23;RPL29;RPL18A;RPL36;RPS5;RPL34;RPL37A;RPS4X;RSL24D1;RPL5;RPL35A;RPS27;RPL37;RPL38;EBNA1BP2;EXOSC6;RPL35;UBA52;EXOSC3"
"Metabolism Of Amino Acids And Derivatives R-HSA-71291",NA,NA,NA,-0.242770040721759,NA,361,"SERINC1;RPS12;QDPR;SLC36A4;SLC6A8;CARNS1;RPS16;ALDH9A1;RPS7;PSMB7;SERINC5;ASPA;RPL27A;RPS29;RPL18;RPL23;RPLP2;RPL30;SLC44A1;RPS3;RPL19;PSAT1;RPS17;RPS6;FAU;RPS13;FOLH1;RPL21;RPS14;RPL28;RPS27A;SARDH;SLC38A1;RPS25;RPL27;RPS9;RPLP0;RPS15;PSMB6;RPS20;RPS2;RPS19;RPLP1;GLUL;RPL11;RPL39;GLUD1;RPL9;RPS8;RPL8;DIO3;ENOPH1;RPL32;RPL12;PYCR2;AHCY;RPS23;PSMD14;RPL29;RPL18A;GATM;OAT;RPL36;RPS5;RPL34;RPL37A;SEM1;PSMC5;SBDS;PDHX;PHGDH;RPS4X;RSL24D1;PSMA2;ACAD8;RPL5;SARS1;RPL35A;RPS27;RPL37;RPL38;DLST;RPL35;PSMD8;UBA52"
"Mitotic Anaphase R-HSA-68882",NA,NA,NA,-0.140321798691336,NA,224,"DYNC1LI2;TUBB4A;SIRT2;BUB3;DYNC1I2;TUBA1C;SMC1A;PSMB7;RCC2;BIRC5;UBE2E1;MAPRE1;RPS27A;DYNC1H1;PPP2CB;PSMB6;TUBB2B;TUBB4B;CHMP4B;LMNA;RAD21;PSMD14;CLASP2;ANAPC11;TUBA3D;SEM1;PSMC5;PPP2CA;PSMA2;KPNB1;PPP2R5A;RPS27;PSMD8;UBA52;NUP62;XPO1;PPP1CC;PSMD4;CENPT"
"Mitotic Metaphase And Anaphase R-HSA-2555396",NA,NA,NA,-0.139136034885363,NA,225,"DYNC1LI2;TUBB4A;SIRT2;BUB3;DYNC1I2;TUBA1C;SMC1A;PSMB7;RCC2;BIRC5;UBE2E1;MAPRE1;RPS27A;DYNC1H1;PPP2CB;PSMB6;TUBB2B;TUBB4B;CHMP4B;LMNA;RAD21;PSMD14;CLASP2;ANAPC11;TUBA3D;SEM1;PSMC5;PPP2CA;PSMA2;KPNB1;PPP2R5A;RPS27;PSMD8;UBA52;NUP62;XPO1;PPP1CC;PSMD4;CENPT"
"Neutrophil Degranulation R-HSA-6798695",NA,NA,NA,-0.135935531979368,NA,458,"LAMP2;HMGB1;NFASC;ARPC5;TMEM63A;SVIP;FTH1;RHOA;RNASE1;ATP8A1;RAB7A;HLA-B;LAMP1;TMEM30A;PSMB7;ATP6AP2;ITGAV;IGF2R;CD44;CD47;TIMP2;B2M;CD63;RAP1A;SLC2A5;PSEN1;RAB3D;PAFAH1B2;DYNC1H1;ASAH1;VCP;XRCC6;GOLGA7;HUWE1;TMC6;DDOST;CTSD;TMBIM1;TUBB4B;FUCA2;ARL8A;PADI2;DEGS1;GDI2;HLA-C;PSMD14;GSTP1;HSP90AB1;MAGT1;VPS35L;SRP14;PRDX5;RCAN1;ACTR10;PSMA2;RHOG;KPNB1;C3;RAB5C;PTPRJ;SERPINA3;NFKB1;CD68;NDUFA2;CHAMP1;DPP7;ALDOC;AP2A2;PPIA;NPC2;TSPAN14;STBD1;LAMTOR2;NME2;ACAA1;ATP6V0A1;CSNK2B;TUBB;CCT8;CST3;SERPINA1;HSP90AA1;DDX3X;HGSNAT"
"Nonsense Mediated Decay (NMD) Enhanced By Exon Junction Complex (EJC) R-HSA-975957",NA,NA,NA,-0.616684620284882,NA,111,"RPS12;RPS16;RPS7;RPL27A;RPS29;RPL18;RPL23;RPLP2;RPL30;RPS3;RPL19;RPS17;RPS6;FAU;RPS13;RPL21;PABPC1;RPS14;RPL28;RPS27A;RPS25;RPL27;RPS9;RPLP0;RPS15;RPS20;RPS2;RPS19;RPLP1;RPL11;RPL39;RPL9;RPS8;RPL8;RPL32;RPL12;RPS23;RPL29;RPL18A;RPL36;RPS5;RPL34;EIF4G1;RPL37A;PPP2CA;RPS4X;RSL24D1;RBM8A;RPL5;RPL35A;RPS27;RPL37;RPL38;RPL35;UBA52;RPL15;RPS21;PPP2R2A;CASC3;RPL36AL;NCBP2;RPL39L;RPL7;RPL22;RPS10;RPS15A;RPS11;RPL7A;RPSA;SMG5;RPS27L;RPS3A;UPF1"
"Nonsense Mediated Decay (NMD) Independent Of Exon Junction Complex (EJC) R-HSA-975956",NA,NA,NA,-0.71568750106324,NA,91,"RPS12;RPS16;RPS7;RPL27A;RPS29;RPL18;RPL23;RPLP2;RPL30;RPS3;RPL19;RPS17;RPS6;FAU;RPS13;RPL21;PABPC1;RPS14;RPL28;RPS27A;RPS25;RPL27;RPS9;RPLP0;RPS15;RPS20;RPS2;RPS19;RPLP1;RPL11;RPL39;RPL9;RPS8;RPL8;RPL32;RPL12;RPS23;RPL29;RPL18A;RPL36;RPS5;RPL34;EIF4G1;RPL37A;RPS4X;RSL24D1;RPL5;RPL35A;RPS27;RPL37;RPL38;RPL35;UBA52;RPL15;RPS21;RPL36AL;NCBP2;RPL39L;RPL7;RPL22;RPS10;RPS15A;RPS11;RPL7A;RPSA;RPS27L;RPS3A;UPF1"
"Nuclear Envelope (NE) Reassembly R-HSA-2995410",NA,NA,NA,-0.138577045007949,NA,70,"TUBB4A;SIRT2;TUBA1C;TUBB2B;TUBB4B;CHMP4B;LMNA;TUBA3D;PPP2CA;KPNB1;NUP62;PPP2R2A;NUP35;TUBB;RAN;CHMP6"
"Nuclear Events Mediated By NFE2L2 R-HSA-9759194",NA,NA,NA,-0.252999862131776,NA,76,"PRDX1;PSMB7;SQSTM1;RBX1;TALDO1;RPS27A;PSMB6;SKP1;GCLC;PSMD14;ATF4;SEM1;PSMC5;PHGDH;PSMA2;PSMD8;UBA52;SLC7A11;PSMD4"
"Nucleotide Excision Repair R-HSA-5696398",NA,NA,NA,-0.123343019990265,NA,103,"RAD23B;RAD23A;RBX1;RPS27A;POLR2I;PARP1;POLR2A;POLR2F;SUMO2;UBE2V2;YY1;DDB1;UBA52;POLR2E;GPS1"
"Oxidative Stress Induced Senescence R-HSA-2559580",NA,NA,NA,-0.101169334211988,NA,88,"H3-3B;MAP4K4;H2AC6;CDKN2D;RPS27A;CBX4;PHC3;H2AJ;TNRC6B;UBA52;H2BC17;MAP2K4;H2AB1;MOV10;H2AZ1;H4C15;CBX2"
"P75 NTR Receptor-Mediated Signaling R-HSA-193704",NA,NA,NA,-0.230257885257359,NA,94,"MAG;PREX1;PSENEN;RHOA;YWHAE;RTN4;RNASE1;OBSCN;SQSTM1;PSEN1;ARHGEF2;RPS27A;CASP2;ARHGDIA;PRPF38B;OMG;ARHGEF1;RELA;ARHGEF15;UBA52;NFKB1;BEX3;HDAC2;NFKBIA"
"PCP/CE Pathway R-HSA-4086400",NA,NA,NA,-0.142405406062686,NA,87,"RHOA;RNASE1;PSMB7;PFN1;RPS27A;PSMB6;PSMD14;SEM1;PSMC5;CLTA;PSMA2;PSMD8;UBA52;PSMD4;AP2A2;AP2B1;PSMA1"
"Peptide Chain Elongation R-HSA-156902",NA,NA,NA,-0.741690944629772,NA,83,"RPS12;RPS16;RPS7;RPL27A;RPS29;RPL18;RPL23;RPLP2;RPL30;RPS3;RPL19;RPS17;RPS6;FAU;RPS13;RPL21;RPS14;RPL28;RPS27A;RPS25;RPL27;RPS9;RPLP0;RPS15;RPS20;RPS2;RPS19;RPLP1;RPL11;RPL39;RPL9;RPS8;RPL8;RPL32;RPL12;RPS23;RPL29;RPL18A;RPL36;RPS5;RPL34;RPL37A;RPS4X;RSL24D1;RPL5;RPL35A;RPS27;RPL37;RPL38;RPL35;UBA52;RPL15;RPS21;RPL36AL;RPL39L;RPL7;RPL22;RPS10;RPS15A;RPS11;RPL7A;RPSA"
"Plasma Lipoprotein Assembly, Remodeling, And Clearance R-HSA-174824",NA,NA,NA,-0.143054434540569,NA,70,"PCSK6;APOE;NR1H2;HDLBP;RPS27A;APOC3;PRKACB;CLTA;ABCG1;SAR1B;UBA52;AP2A2;NPC2;AP2B1"
"Platelet Activation, Signaling And Aggregation R-HSA-76002",NA,NA,NA,-0.149000854764683,NA,253,"LAMP2;GNAI1;CD9;TF;RHOA;SELENOP;RNASE1;APP;LGALS3BP;ENDOD1;SPARC;GNAI2;TMX3;CDC42;STX4;CD63;RAP1A;GRB2;AAMP;PFN1;DGKQ;PTK2;ACTN4;GNG7;FYN;PRKCZ;GP6;TMSB4X"
"Platelet Degranulation R-HSA-114608",NA,NA,NA,-0.15610627442429,NA,124,"LAMP2;CD9;TF;SELENOP;APP;LGALS3BP;ENDOD1;SPARC;TMX3;CD63;PFN1;ACTN4;TMSB4X;ANXA5"
"Potential Therapeutics For SARS R-HSA-9679191",NA,NA,NA,-0.123882512325087,NA,95,"IFNGR1;ATP1B1;ITGB1;RBX1;GRB2;MTA1;JAK3;KDM1A;HSP90AB1;SIGMAR1;STAT2;HDAC2;CHD4;IFNAR2;AP2A2;GATAD2B;AP2B1;TUBB;FNTA;HSP90AA1"
"Processing Of Capped Intron-Containing Pre-mRNA R-HSA-72203",NA,NA,NA,-0.216017124117614,NA,240,"HNRNPA2B1;HNRNPU;FUS;SF3B1;HNRNPUL1;PLRG1;SRSF5;SART1;SNRPD3;YBX1;HNRNPL;DDX5;POLR2I;TXNL4A;SRRM2;POLR2A;PRPF6;SRSF1;CPSF2;SNRPA1;SNRNP70;SRSF9;CSTF3;NXF2;POLR2F;PTBP1;SRSF2;DDX39B;PCBP2;POM121C;HNRNPA1;SRSF4;DNAJC8;RBM8A;THOC1;EIF4E;WTAP;HNRNPK;SNRPG;HNRNPD;HNRNPC;POLR2E;NUP62;SF3B2;HNRNPA3;POLR2L;NUP50;TFIP11;CASC3;SRSF3;SF3B5;NCBP2;NUP35;CPSF7;TPR;U2AF1;AAAS;HNRNPH1;PUF60;U2SURP"
"Protein Folding R-HSA-391251",NA,NA,NA,-0.198325025531063,NA,91,"TUBB4A;TBCB;TUBA1C;PFDN2;FBXW4;VBP1;ARL2;LONP2;GNG7;TUBB2B;TUBB4B;FBXL5;CCT3;TUBA3D;CCT4;USP11;PFDN5;TBCA;STAT3;FBXL3;CSNK2B;TUBB;CCT8"
"RAC2 GTPase Cycle R-HSA-9013404",NA,NA,NA,-0.162695079930745,NA,87,"PREX1;PGRMC2;RAB7A;ITGB1;CDC42;VAMP3;DOCK10;ERBIN;ARHGDIA;CDC42EP1;ARHGAP1;PIK3R1;ARHGAP21"
"RHO GTPase Cycle R-HSA-9012999",NA,NA,NA,-0.107929165089401,NA,434,"ANLN;TMEM59;PREX1;RHOA;FMNL2;PGRMC2;RNASE1;RTKN;PLXNB1;RAB7A;KTN1;MYO9B;ITGB1;OBSCN;TEX2;ATP6AP1;CDC42;PKP4;VAMP3;DOCK10;ADD3;DST;GRB2;ARHGEF2;ERBIN;HSPE1;TPM3;VCP;ARHGDIA;MYO6;PRPF38B;C1QBP;PICALM;DDX39B;DOCK9;CCP110;HSP90AB1;CDC42EP1;PLEKHG4;ARHGEF1;ARHGAP1;GJA1;RHOG;PIK3R1;RHOQ;ARHGAP21;RALGAPA1;PREX2;RHOBTB1;AMIGO2;FARP1;ARHGEF15;DOCK5;HNRNPC;GPS1"
"RHO GTPase Effectors R-HSA-195258",NA,NA,NA,-0.196749821916538,NA,258,"ARPC5;DYNC1LI2;CDKN1B;MYLK;RHOA;YWHAE;FMNL2;RNASE1;RTKN;H3-3B;YWHAQ;BUB3;CTTN;DYNC1I2;KTN1;PPP1CB;H2AC6;ITGB1;MYL12B;CDC42;RCC2;BIRC5;GRB2;MAPRE1;PFN1;PTK2;DYNC1H1;PPP2CB;PRKCZ;KDM1A;PPP1R14A;CTNNB1;ACTR3;LLGL1;MYL6;CLASP2;PDZD2;LIN7B;CTNNA1;H2AJ;PPP2CA;RHOG;RHOQ;PPP2R5A;RPS27;XPO1;PPP1CC;CENPT;KIF5B;TAOK1;MYH14;ABL1;WASL;H2BC17;WASF2"
"RHOA GTPase Cycle R-HSA-8980692",NA,NA,NA,-0.177180591157,NA,147,"ANLN;PREX1;RHOA;PGRMC2;RTKN;KTN1;MYO9B;OBSCN;TEX2;ATP6AP1;VAMP3;ARHGEF2;ERBIN;ARHGDIA;PRPF38B;C1QBP;PLEKHG4;ARHGEF1;ARHGAP1;PIK3R1;ARHGAP21;PREX2;FARP1;ARHGEF15"
"RHOC GTPase Cycle R-HSA-9013106",NA,NA,NA,-0.258076625312422,NA,73,"ANLN;PREX1;RHOA;FMNL2;RTKN;MYO9B;VAMP3;ERBIN;ARHGDIA;C1QBP;ARHGEF1;ARHGAP1;PIK3R1;ARHGAP21"
"RHOG GTPase Cycle R-HSA-9013408",NA,NA,NA,-0.262296982626431,NA,74,"PREX1;PGRMC2;RAB7A;KTN1;ITGB1;CDC42;VAMP3;ERBIN;HSPE1;ARHGDIA;CDC42EP1;ARHGAP1;RHOG;PIK3R1;ARHGAP21;DOCK5"
"RUNX1 Regulates Transcription Of Genes Involved In Differentiation Of HSCs R-HSA-8939236",NA,NA,NA,-0.142618971213119,NA,94,"H3-3B;PSMB7;H2AC6;RPS27A;TAL1;PSMB6;PSMD14;SEM1;PSMC5;H2AJ;PSMA2;PSMD8;UBA52;GATA2;CBFB;PSMD4;ABL1;H2BC17;PSMA1;H2AB1"
"Regulation Of Expression Of SLITs And ROBOs R-HSA-9010553",NA,NA,NA,-0.442778157694982,NA,165,"RPS12;RPS16;RPS7;PSMB7;RPL27A;RPS29;RPL18;RPL23;RPLP2;RPL30;RPS3;RPL19;RPS17;RPS6;FAU;RBX1;RPS13;RPL21;PABPC1;RPS14;RPL28;RPS27A;RPS25;RPL27;RPS9;RPLP0;RPS15;PSMB6;RPS20;RPS2;RPS19;RPLP1;RPL11;RPL39;RPL9;RPS8;RPL8;RPL32;RPL12;RPS23;PSMD14;RPL29;RPL18A;RPL36;RPS5;RPL34;EIF4G1;RPL37A;SEM1;PSMC5;RPS4X;RSL24D1;PSMA2;RBM8A;RPL5;RPL35A;RPS27;RPL37;RPL38;RPL35;PSMD8;UBA52;PSMD4;RPL15;RPS21;CASC3;RPL36AL;NCBP2;RPL39L;RPL7;RPL22;PSMA1"
"Regulation Of PLK1 Activity At G2/M Transition R-HSA-2565942",NA,NA,NA,-0.176032382934227,NA,85,"TUBB4A;YWHAE;DYNC1I2;PPP1CB;FBXW11;MAPRE1;SSNA1;RPS27A;DYNC1H1;TUBB4B;SKP1;CCP110"
"Regulation Of RUNX2 Expression And Activity R-HSA-8939902",NA,NA,NA,-0.142213000683726,NA,71,"PSMB7;RBX1;RPS27A;PSMB6;SKP1;PSMD14;SEM1;PSMC5;PSMA2;PSMD8;UBA52;CBFB;PSMD4"
"Regulation Of mRNA Stability By Proteins That Bind AU-rich Elements R-HSA-450531",NA,NA,NA,-0.192313357917392,NA,87,"ENPP2;PSMB7;PABPC1;RPS27A;PSMB6;KHSRP;PSMD14;EIF4G1;SEM1;PSMC5;ZFP36;PSMA2;EXOSC6;HNRNPD;PSMD8;UBA52;EXOSC3;XPO1;PSMD4"
"Respiratory Electron Transport R-HSA-611105",NA,NA,NA,-0.388286412790865,NA,89,"UQCRC1;ACAD9;COX8A;TMEM126B;NDUFV2;COX6C;NDUFA12;NDUFS4;NDUFA1;COX14;COX4I1;COX5B;NDUFA10;NDUFB8;NDUFV1;NDUFAF3;COX16;NDUFB7;NDUFB6;NDUFB4;COX6A1;NDUFB3;NDUFS7;ETFA;NDUFA3;UQCRQ;UQCRB;NDUFA2;NDUFA13;NDUFS5;UQCR11;NDUFS6;NDUFB1"
"Respiratory Electron Transport, ATP Synthesis By Chemiosmotic Coupling, Heat Production By Uncoupling Proteins R-HSA-163200",NA,NA,NA,-0.390012926503103,NA,111,"UQCRC1;ACAD9;ATP5MC2;COX8A;ATP5ME;TMEM126B;ATP5F1A;NDUFV2;COX6C;NDUFA12;ATP5PO;ATP5F1C;ATP5MC1;NDUFS4;NDUFA1;COX14;COX4I1;COX5B;NDUFA10;NDUFB8;ATP5F1B;NDUFV1;NDUFAF3;ATP5PB;COX16;NDUFB7;NDUFB6;NDUFB4;COX6A1;NDUFB3;NDUFS7;ETFA;NDUFA3;UQCRQ;UQCRB;NDUFA2;NDUFA13;NDUFS5;UQCR11;NDUFS6;NDUFB1;NDUFB2;ATP5MC3;COX6B1;NDUFAB1"
"Response Of EIF2AK4 (GCN2) To Amino Acid Deficiency R-HSA-9633012",NA,NA,NA,-0.620491219684597,NA,97,"RPS12;RPS16;RPS7;RPL27A;RPS29;RPL18;RPL23;RPLP2;RPL30;RPS3;RPL19;RPS17;RPS6;FAU;RPS13;RPL21;RPS14;RPL28;RPS27A;RPS25;RPL27;RPS9;RPLP0;RPS15;RPS20;RPS2;RPS19;RPLP1;RPL11;RPL39;RPL9;RPS8;RPL8;RPL32;RPL12;RPS23;RPL29;RPL18A;RPL36;RPS5;ATF4;RPL34;RPL37A;RPS4X;RSL24D1;RPL5;RPL35A;RPS27;RPL37;RPL38;RPL35;UBA52;RPL15;RPS21;RPL36AL;RPL39L;RPL7;RPL22;RPS10;RPS15A;RPS11;RPL7A;RPSA;RPS27L;EIF2S2;RPS3A"
"Response To Elevated Platelet Cytosolic Ca2+ R-HSA-76005",NA,NA,NA,-0.160071750194558,NA,129,"LAMP2;CD9;TF;SELENOP;APP;LGALS3BP;ENDOD1;SPARC;TMX3;STX4;CD63;PFN1;ACTN4;TMSB4X;ANXA5"
"SARS-CoV Infections R-HSA-9679506",NA,NA,NA,-0.173870925092314,NA,357,"RPS12;YWHAE;YWHAQ;DAD1;HLA-B;RPS16;RPS7;RPS29;IFNGR1;SRPK2;ATP1B1;ITGB1;SNRPD3;RPS3;ST6GALNAC3;B2M;RPS17;RPS6;FAU;RBX1;RPS13;RPS14;CANX;GRB2;DDX5;MAN2A1;CNBP;RPS27A;RPS25;RPS9;RPS15;RPS20;RPS2;RPS19;VCP;GOLGA7;MTA1;JAK3;DDOST;KDM1A;RPS8;CHMP4B;AGRN;ST3GAL2;RPS23;HLA-C;HSP90AB1;MAGT1;POM121C;RPS5;PRMT1;SIGMAR1;RPS4X;GJA1;ZDHHC20;SDC4;RPS27;HSPG2;STAT2;SNRPG;IFNA14;SAR1B;UBA52;NUP62;HDAC2;CHD4;PARP14;RPS21;NUP50;IFNAR2;SMN1;AP2A2;ZDHHC3;GATAD2B;GSK3A;AP2B1;NUP35;TUBB;FNTA"
"SARS-CoV-2 Infection R-HSA-9694516",NA,NA,NA,-0.192852500871081,NA,273,"RPS12;YWHAE;YWHAQ;DAD1;HLA-B;RPS16;RPS7;RPS29;SRPK2;SNRPD3;RPS3;ST6GALNAC3;B2M;RPS17;RPS6;FAU;RPS13;RPS14;CANX;DDX5;MAN2A1;CNBP;RPS27A;RPS25;RPS9;RPS15;RPS20;RPS2;RPS19;VCP;GOLGA7;DDOST;RPS8;CHMP4B;AGRN;ST3GAL2;RPS23;HLA-C;HSP90AB1;MAGT1;POM121C;RPS5;PRMT1;RPS4X;GJA1;ZDHHC20;SDC4;RPS27;HSPG2;STAT2;SNRPG;IFNA14;SAR1B;UBA52;NUP62;PARP14;RPS21;NUP50;IFNAR2;SMN1"
"SARS-CoV-2-host Interactions R-HSA-9705683",NA,NA,NA,-0.197522589570927,NA,188,"RPS12;YWHAE;YWHAQ;HLA-B;RPS16;RPS7;RPS29;SNRPD3;RPS3;B2M;RPS17;RPS6;FAU;RPS13;RPS14;CNBP;RPS27A;RPS25;RPS9;RPS15;RPS20;RPS2;RPS19;RPS8;RPS23;HLA-C;HSP90AB1;POM121C;RPS5;RPS4X;GJA1;RPS27;STAT2;SNRPG;IFNA14;SAR1B;NUP62;RPS21;NUP50;IFNAR2;SMN1"
"SRP-dependent Cotranslational Protein Targeting To Membrane R-HSA-1799339",NA,NA,NA,-0.669686406998976,NA,106,"RPS12;RPS16;RPS7;SEC61G;RPL27A;RPS29;RPL18;RPL23;RPLP2;SSR4;RPL30;RPS3;RPL19;RPS17;RPS6;FAU;RPS13;RPL21;RPS14;RPL28;RPS27A;RPS25;RPL27;RPS9;RPLP0;RPS15;RPS20;RPS2;RPS19;SPCS1;RPLP1;DDOST;RPL11;RPL39;RPL9;RPS8;RPL8;RPL32;RPL12;RPS23;SEC61B;RPL29;RPL18A;RPL36;RPS5;RPL34;RPL37A;SRP14;RPS4X;RSL24D1;RPL5;RPL35A;RPS27;RPL37;RPL38;SEC11C;RPL35;UBA52;SEC11A;RPL15;RPS21;SRP72;SEC61A2;RPL36AL;RPL39L;RPL7;RPL22;RPS10;RPS15A;RPS11;SSR1;RPL7A;RPSA"
"Selenoamino Acid Metabolism R-HSA-2408522",NA,NA,NA,-0.547401828247236,NA,112,"RPS12;RPS16;RPS7;RPL27A;RPS29;RPL18;RPL23;RPLP2;RPL30;RPS3;RPL19;RPS17;RPS6;FAU;RPS13;RPL21;RPS14;RPL28;RPS27A;RPS25;RPL27;RPS9;RPLP0;RPS15;RPS20;RPS2;RPS19;RPLP1;RPL11;RPL39;RPL9;RPS8;RPL8;RPL32;RPL12;AHCY;RPS23;RPL29;RPL18A;RPL36;RPS5;RPL34;RPL37A;RPS4X;RSL24D1;RPL5;SARS1;RPL35A;RPS27;RPL37;RPL38;RPL35;UBA52;RPL15;RPS21;RPL36AL;RPL39L;RPL7;RPL22"
"Selenocysteine Synthesis R-HSA-2408557",NA,NA,NA,-0.701214137687076,NA,89,"RPS12;RPS16;RPS7;RPL27A;RPS29;RPL18;RPL23;RPLP2;RPL30;RPS3;RPL19;RPS17;RPS6;FAU;RPS13;RPL21;RPS14;RPL28;RPS27A;RPS25;RPL27;RPS9;RPLP0;RPS15;RPS20;RPS2;RPS19;RPLP1;RPL11;RPL39;RPL9;RPS8;RPL8;RPL32;RPL12;RPS23;RPL29;RPL18A;RPL36;RPS5;RPL34;RPL37A;RPS4X;RSL24D1;RPL5;SARS1;RPL35A;RPS27;RPL37;RPL38;RPL35;UBA52;RPL15;RPS21;RPL36AL;RPL39L;RPL7;RPL22;RPS10;RPS15A;RPS11;RPL7A;RPSA"
"Senescence-Associated Secretory Phenotype (SASP) R-HSA-2559582",NA,NA,NA,-0.134052141053544,NA,77,"CDKN1B;H3-3B;H2AC6;CDKN2D;UBE2E1;RPS27A;ANAPC11;H2AJ;RELA;UBA52;NFKB1;STAT3;H2BC17"
"Signaling By B Cell Receptor (BCR) R-HSA-983705",NA,NA,NA,-0.142684159400039,NA,108,"CD22;PSMB7;FBXW11;GRB2;RPS27A;PSMB6;FYN;SKP1;PSMD14;SEM1;PSMC5;PSMA2;PIK3R1;RELA;PSMD8;UBA52;NFKB1;PSMD4;NFKBIA;PPIA;NFATC2;PSMA1;AHCYL1"
"Signaling By FGFR2 R-HSA-5654738",NA,NA,NA,-0.163850339387087,NA,70,"TIAL1;GRB2;RPS27A;POLR2I;POLR2A;PPP2CB;POLR2F;PTBP1;HNRNPA1;PPP2CA;PIK3R1;UBA52;POLR2E;POLR2L;NCBP2;FGF1"
"Signaling By NOTCH R-HSA-157118",NA,NA,NA,-0.109259205979777,NA,198,"PSENEN;DNER;H3-3B;PSMB7;H2AC6;RBX1;YBX1;PSEN1;NCOR2;RPS27A;TLE4;PSMB6;SKP1;CNTN1;RBPJ;PSMD14;SEM1;PSMC5;H2AJ;PSMA2;PBX1;TNRC6B;CCND1;PSMD8;UBA52;HDAC2;PSMD4;HDAC7"
"Signaling By NTRK1 (TRKA) R-HSA-187037",NA,NA,NA,-0.141520520848138,NA,114,"RALGDS;TF;RHOA;SGK1;DNM2;NTRK2;RAP1A;CRKL;GRB2;PPP2CB"
"Signaling By NTRKs R-HSA-166520",NA,NA,NA,-0.160431862077737,NA,132,"RALGDS;TF;PCSK6;RHOA;RNASE1;SGK1;DNM2;NTRK2;RAP1A;CRKL;GRB2;PPP2CB;FYN"
"Signaling By Nuclear Receptors R-HSA-9006931",NA,NA,NA,-0.130895750342046,NA,255,"SCD;GNAI1;CDKN1B;APOD;APOE;H3-3B;SMC1A;H2AC6;GNAI2;NR1H2;NCOR2;DDX5;POLR2I;PTK2;SREBF1;POLR2A;GNG7;FASN;PRKCZ;CTSD;KDM1A;POLR2F;USF2;RAD21;IGF1R;HSP90AB1;PRMT1;KDM4B;PDHX;H2AJ;YY1;ABCG1;KANK1;PIK3R1;TNRC6B;CCND1;AXIN1;POLR2E;XPO1;CRABP2;CBFB;DHRS4;KCNH8;POLR2L"
"Signaling By ROBO Receptors R-HSA-376176",NA,NA,NA,-0.398232252505087,NA,205,"RPS12;RHOA;RNASE1;RPS16;RPS7;PSMB7;RPL27A;RPS29;MYO9B;RPL18;RPL23;RPLP2;RPL30;CDC42;RPS3;RPL19;RPS17;RPS6;FAU;RBX1;RPS13;RPL21;PABPC1;RPS14;PFN1;RPL28;RPS27A;RPS25;RPL27;RPS9;RPLP0;RPS15;PSMB6;RPS20;RPS2;RPS19;RPLP1;RPL11;CXCR4;RPL39;RPL9;RPS8;RPL8;RPL32;RPL12;RPS23;PSMD14;RPL29;RPL18A;PRKACB;CLASP2;RPL36;RPS5;RPL34;EIF4G1;RPL37A;SEM1;PSMC5;RPS4X;RSL24D1;PSMA2;RBM8A;RPL5;RPL35A;RPS27;RPL37;RPL38;RPL35;PSMD8;UBA52;PSMD4;RPL15;RPS21;ABL1;CASC3;RPL36AL;NCBP2;RPL39L;RPL7;RPL22;PSMA1"
"Signaling By TGF-beta Receptor Complex R-HSA-170834",NA,NA,NA,-0.189744059004731,NA,90,"RHOA;PPP1CB;ITGAV;ITGB1;PPM1A;YBX1;NCOR2;RPS27A;SKI;PARP1;PRKCZ;SMAD7;SMAD4;ITGB8;UBA52;XPO1;PPP1CC;LTBP4"
"Signaling By TGFB Family Members R-HSA-9006936",NA,NA,NA,-0.137812695931004,NA,118,"RHOA;PPP1CB;ITGAV;ITGB1;PPM1A;YBX1;NCOR2;RPS27A;SKI;PARP1;PRKCZ;SMAD7;SMAD4;ITGB8;DRAP1;UBA52;XPO1;SMAD5;PPP1CC;LTBP4"
"Signaling By VEGF R-HSA-194138",NA,NA,NA,-0.138202919726793,NA,102,"RHOA;RNASE1;ITGAV;CDC42;AAMP;PTK2;FYN;PRKCZ;SHB;CTNNB1;PRKACB;CTNNA1;PRR5;PIK3R1;ELMO1"
"Sphingolipid Metabolism R-HSA-428157",NA,NA,NA,-0.134880711028538,NA,87,"FA2H;UGT8;SGPP1;PLPP2;ASAH1;ALDH3B2;PLPP1;DEGS1;CERS2;GALC;CPTP;DEGS2"
"TCR Signaling R-HSA-202403",NA,NA,NA,-0.121858205264038,NA,111,"HLA-DRB1;PSMB7;FBXW11;RPS27A;PSMB6;SKP1;PSMD14;SEM1;PSMC5;PSMA2;PIK3R1;RELA;PTPRJ;PSMD8;UBA52;NFKB1;PSMD4;NFKBIA"
"TP53 Regulates Metabolic Genes R-HSA-5628897",NA,NA,NA,-0.163609953613568,NA,81,"PRDX1;YWHAE;YWHAQ;COX8A;COX6C;COX14;COX4I1;COX5B;PRDX5;SESN2;TNRC6B;COX16;COX6A1"
"TRAF6 Mediated Induction Of NFkB And MAP Kinases Upon TLR7/8 Or 9 Activation R-HSA-975138",NA,NA,NA,-0.118350640338222,NA,99,"HMGB1;S100B;APP;FBXW11;RPS27A;PPP2CB;SKP1;USP18;PPP2CA;RELA;NFKB2;UBA52;NFKB1;NDUFA2;NFKBIA;KCNH8;SAA2"
"Telomere Maintenance R-HSA-157579",NA,NA,NA,-0.120002807500493,NA,89,"H3-3B;H2AC6;RUVBL2;POLR2I;POLR2A;TERF2IP;POLR2F;RTEL1;H2AJ;FEN1;POLR2E;PPP6C;NHP2;NOP10;POLR2L"
"Transcription-Coupled Nucleotide Excision Repair (TC-NER) R-HSA-6781827",NA,NA,NA,-0.151714951836009,NA,73,"RBX1;RPS27A;POLR2I;POLR2A;POLR2F;DDB1;UBA52;POLR2E;GPS1;POLR2L;COPS6;POLD2;USP7;POLR2G;XRCC1;COPS3;PRPF19;UVSSA;CDK7;CUL4B;POLE4;POLR2C;CCNH;PPIE;COPS2;ERCC5;MNAT1;POLR2J;RPA3;HMGN1;POLK;COPS7A;TCEA1;POLD4;PCNA;POLE3;COPS8;POLD1;XAB2;POLR2H;POLD3;ZNF830;ELL;EP300;POLR2K;GTF2H1;CUL4A;POLR2D;ERCC8;RFC2;XPA;RFC5;COPS4;ERCC1;UBB;SLC19A1;POLR1A;ERCC4;POLR1B;GTF2H3;ERCC3;POLR2B;GTF2H4;LRIG3;COPS5;RFC4;ERCC2;RFC3;POLE"
"Transcriptional Regulation By RUNX3 R-HSA-8878159",NA,NA,NA,-0.119844186004486,NA,93,"PSMB7;RPS27A;PSMB6;RBPJ;CTNNB1;PSMD14;SEM1;PSMC5;SMAD4;PSMA2;CCND1;PSMD8;UBA52;BRD2;CBFB;PSMD4"
"Translation R-HSA-72766",NA,NA,NA,-0.330333701049356,NA,276,"RPS12;RPS16;RPS7;SEC61G;RPL27A;RPS29;EEF1D;RPL18;RPL23;RPLP2;SSR4;RPL30;RPS3;EIF4H;RPL19;DTD1;RPS17;MRPL10;RPS6;FAU;RPS13;EIF4A1;RPL21;PABPC1;RPS14;RPL28;RPS27A;RPS25;RPL27;RPS9;RPLP0;EIF4B;RPS15;EIF3K;RPS20;RPS2;RPS19;SPCS1;RPLP1;DDOST;RPL11;EEF1B2;RPL39;RPL9;RPS8;RPL8;RPL32;RPL12;AURKAIP1;RPS23;SEC61B;RPL29;RPL18A;EIF3F;EIF3J;PPA1;EIF3A;RPL36;MRPS14;EIF3G;RPS5;RPL34;EIF4G1;RPL37A;MRPS16;SRP14;EIF1AX;MRPL43;RPS4X;RSL24D1;RPL5;SARS1;RPL35A;EIF4E;RPS27;RPL37;EIF3B;RPL38;SEC11C;RPL35;EIF3H;UBA52;TSFM;MRPS18B;MRPL33;SEC11A;EIF3C;RPL15;RPS21;SRP72"
"Transport Of Mature Transcript To Cytoplasm R-HSA-72202",NA,NA,NA,-0.172518369617228,NA,82,"SRSF5;SRSF1;CPSF2;SRSF9;NXF2;SRSF2;DDX39B;POM121C;SRSF4;RBM8A;THOC1;EIF4E;NUP62;NUP50;CASC3;SRSF3;NCBP2;NUP35;TPR;U2AF1;AAAS;U2AF2;SRRM1"
"Transport Of Mature mRNA Derived From An Intron-Containing Transcript R-HSA-159236",NA,NA,NA,-0.171208550101764,NA,73,"SRSF5;SRSF1;SRSF9;NXF2;SRSF2;DDX39B;POM121C;SRSF4;RBM8A;THOC1;NUP62;NUP50;CASC3;SRSF3;NCBP2;NUP35;TPR;U2AF1;AAAS;U2AF2;SRRM1"
"VEGFA-VEGFR2 Pathway R-HSA-4420097",NA,NA,NA,-0.138538752391588,NA,93,"RHOA;RNASE1;ITGAV;CDC42;PTK2;FYN;PRKCZ;SHB;CTNNB1;PRKACB;CTNNA1;PRR5;PIK3R1;ELMO1"
"Viral mRNA Translation R-HSA-192823",NA,NA,NA,-0.686988002635559,NA,89,"RPS12;RPS16;RPS7;RPL27A;RPS29;RPL18;RPL23;RPLP2;RPL30;RPS3;RPL19;RPS17;RPS6;FAU;RPS13;RPL21;RPS14;RPL28;RPS27A;RPS25;RPL27;RPS9;RPLP0;RPS15;RPS20;RPS2;RPS19;RPLP1;RPL11;RPL39;RPL9;RPS8;RPL8;RPL32;RPL12;RPS23;RPL29;RPL18A;RPL36;RPS5;RPL34;RPL37A;RPS4X;RSL24D1;RPL5;RPL35A;RPS27;RPL37;RPL38;RPL35;UBA52;RPL15;RPS21;RPL36AL;RPL39L;RPL7;RPL22;RPS10;RPS15A;RPS11;RPL7A;RPSA"
"mRNA Splicing - Major Pathway R-HSA-72163",NA,NA,NA,-0.277293547226803,NA,180,"HNRNPA2B1;HNRNPU;FUS;SF3B1;HNRNPUL1;PLRG1;SRSF5;SART1;SNRPD3;YBX1;HNRNPL;DDX5;POLR2I;TXNL4A;SRRM2;POLR2A;PRPF6;SRSF1;CPSF2;SNRPA1;SNRNP70;SRSF9;CSTF3;POLR2F;PTBP1;SRSF2;PCBP2;HNRNPA1;SRSF4;DNAJC8;RBM8A;HNRNPK;SNRPG;HNRNPD;HNRNPC;POLR2E;SF3B2;HNRNPA3;POLR2L;TFIP11;CASC3;SRSF3;SF3B5;NCBP2;CPSF7;U2AF1;HNRNPH1;PUF60;U2SURP;DDX46;U2AF2;SRRM1"
"mRNA Splicing R-HSA-72172",NA,NA,NA,-0.256404231660448,NA,188,"HNRNPA2B1;HNRNPU;FUS;SF3B1;HNRNPUL1;PLRG1;SRSF5;SART1;SNRPD3;YBX1;HNRNPL;DDX5;POLR2I;TXNL4A;SRRM2;POLR2A;PRPF6;SRSF1;CPSF2;SNRPA1;SNRNP70;SRSF9;CSTF3;POLR2F;PTBP1;SRSF2;PCBP2;HNRNPA1;SRSF4;DNAJC8;RBM8A;HNRNPK;SNRPG;HNRNPD;HNRNPC;POLR2E;SF3B2;HNRNPA3;POLR2L;TFIP11;CASC3;SRSF3;SF3B5;NCBP2;CPSF7;U2AF1;HNRNPH1;PUF60;U2SURP;DDX46;U2AF2;SRRM1"
"rRNA Processing In Nucleus And Cytosol R-HSA-8868773",NA,NA,NA,-0.322684567795395,NA,187,"RPS12;RPS16;RPS7;RPL27A;RPS29;RPL18;RPL23;RPLP2;RPL30;RPS3;RPL19;RPS17;RPS6;FAU;RPS13;RPL21;RPS14;RPL28;RPS27A;RPS25;RPL27;RPS9;RPLP0;RPS15;RPS20;RPS2;RPS19;RPLP1;RPL11;PNO1;RPL39;RPL9;RPS8;RPL8;RPL32;RPL12;SENP3;RPS23;RPL29;RPL18A;RPL36;RPS5;RPL34;RPL37A;RPS4X;RSL24D1;RPL5;RPL35A;RPS27;RPL37;RPL38;EBNA1BP2;EXOSC6;RPL35;UBA52;TSR3;EXOSC3;NHP2;NOP10;RPL15;RPS21"
"rRNA Processing R-HSA-72312",NA,NA,NA,-0.303900543963237,NA,197,"RPS12;RPS16;RPS7;RPL27A;RPS29;RPL18;RPL23;RPLP2;RPL30;RPS3;RPL19;RPS17;RPS6;FAU;RPS13;RPL21;RPS14;RPL28;RPS27A;RPS25;RPL27;RPS9;RPLP0;RPS15;RPS20;RPS2;RPS19;RPLP1;RPL11;PNO1;RPL39;RPL9;RPS8;RPL8;RPL32;RPL12;SENP3;RPS23;RPL29;RPL18A;RPL36;RPS5;RPL34;RPL37A;RPS4X;RSL24D1;RPL5;RPL35A;RPS27;RPL37;RPL38;EBNA1BP2;EXOSC6;RPL35;UBA52;TSR3;EXOSC3;NHP2;NOP10;RPL15;RPS21"
"trans-Golgi Network Vesicle Budding R-HSA-199992",NA,NA,NA,-0.209930626881224,NA,70,"FTH1;SORT1;APP;DNAJC6;DNM2;IGF2R;STX4"
