"pathway","pval","padj","log2err","ES","NES","size","leadingEdge"
"Expression And Translocation Of Olfactory Receptors R-HSA-9752946",3.75942623582232e-09,2.04324815916943e-06,0.761460801445585,0.396227583222493,1.55393946704431,373,"OR14K1;OR10G4;OR10Z1;OR52E4;OR52E2;OR5B2;OR4D10;OR5H14;OR2W3;OR5D16;OR5H2;OR9Q2;EBF1;OR6C6;OR2AT4;OR4N4;OR12D3;OR2L5;OR2G6;OR4F17;OR1L8;OR5L1;OR56A5;OR2M5;OR56A1;OR5M3;OR52M1;OR10H3;OR2J3;OR10X1;OR2T8;OR2A1;RTP2;OR1E1;OR13J1;OR2T5;OR4E1;OR9K2;OR11H1;OR4C3;OR11L1;OR4C13;OR5AS1;OR5J2;OR52E8;OR4C15;OR51B2;OR11G2;OR14C36;OR10S1;OR4C16;OR2G2;OR12D2;OR2S2;OR4C5;OR2T12;OR4F15;OR8I2;OR4N2;OR2A4;OR6Y1;OR4K13;OR7A10;OR2C1;OR10J1;OR4D5;OR51E1;OR9Q1;OR4F21;OR13F1;OR8U9;OR8K5;OR51F2;OR1L4;OR3A1;OR10AD1;OR9I1;OR2L2;OR4K14;OR1L3;OR2A12;OR5AR1;OR4K5;OR5L2;OR2B3;OR11H4;OR51M1;OR2H2;OR5V1;OR2F2;OR8K1;OR6X1;OR13D1;OR2L8;OR4A47;OR6T1;OR51E2;OR1J4;OR52A5;OR8G1;OR7A5;OR8D4;OR5H1;OR5M9;OR4D6;OR5T2;OR5D14;OR52L1;OR10G7;OR10A5;RTP1;OR3A2;OR2D3;OR5C1;OR5K4;OR6N2;OR5AU1;OR2T3;OR52E5;OR5M1;OR2A2;OR4C46;OR2L13;OR52B6;OR51Q1;OR4A5;OR2A14;OR5M8;OR1M1;OR2H1;OR52N2;OR1D5;OR2M2;OR51B4;OR7D4;OR5B21;OR10A4;OR13C8;OR2V2;OR4L1;OR52J3;OR8A1;OR1K1;OR4C45;OR5AC2;OR14A16;OR6C4;OR7A17;OR13A1;OR2A7;OR2W1;OR2AG2;OR1S1;OR6J1;OR2T34;OR1S2;OR2B2;OR13C3;OR4C11;OR8S1;OR6Q1;OR8B12;OR7G2;OR10H1;OR4D11;OR7D2;OR5F1;OR10G2;OR52K1;OR52D1;OR10T2;OR51I2;OR4K15;OR4K3;OR9G9;OR1B1;OR6C2;OR4Q3;OR1A2;OR51S1;OR11H7;OR7C2;OR10A3;OR5B12;OR5A1;OR7C1;OR56B1;OR7G3;OR52B2;OR51A7;OR51G2;OR10J5;OR2T35;OR5K3;OR51F1;OR7E24;OR2T1;OR8K3;OR6C70;OR8H3;OR2C3;OR51D1;OR2V1;OR10K2;OR52A1;OR5K2;OR4D9;OR2AP1;OR2G3;OR4Q2;OR8U3;OR6C75;OR13C4;OR5AK2;OR8D1;OR10A2;OR10J4;OR6F1;OR6V1;OR2A5;OR1L1;OR10W1;OR8H1;OR10V1;OR52W1;OR8B4;OR6P1;OR5B3;OR52E6;OR2T11;OR14J1;OR5K1;OR52N4;OR5M10;OR11A1;OR51G1;OR10C1;OR56B4"
"Olfactory Signaling Pathway R-HSA-381753",3.21335673752407e-09,2.04324815916943e-06,0.774939030136436,0.395571043750152,1.5537070480503,381,"OR14K1;OR10G4;OR10Z1;OR52E4;OR52E2;OR5B2;OR4D10;OR5H14;OR2W3;OR5D16;OR5H2;OR9Q2;EBF1;OR6C6;OR2AT4;OR4N4;OR12D3;OR2L5;GNAL;OR2G6;OR4F17;OR1L8;OR5L1;OR56A5;OR2M5;OR56A1;OR5M3;CNGA4;OR52M1;OR10H3;OR2J3;OR10X1;OR2T8;OR2A1;RTP2;OR1E1;OR13J1;OR2T5;OR4E1;OR9K2;OR11H1;OR4C3;OR11L1;OR4C13;OR5AS1;OR5J2;OR52E8;OR4C15;OR51B2;OR11G2;OR14C36;OR10S1;OR4C16;OR2G2;OR12D2;OR2S2;OR4C5;OR2T12;OR4F15;OR8I2;OR4N2;OR2A4;OR6Y1;OR4K13;OR7A10;OR2C1;OR10J1;OR4D5;OR51E1;OR9Q1;OR4F21;OR13F1;OR8U9;OR8K5;OR51F2;OR1L4;OR3A1;OR10AD1;OR9I1;OR2L2;OR4K14;OR1L3;OR2A12;OR5AR1;OR4K5;OR5L2;OR2B3;OR11H4;OR51M1;OR2H2;OR5V1;OR2F2;OR8K1;OR6X1;OR13D1;OR2L8;OR4A47;OR6T1;OR51E2;OR1J4;OR52A5;OR8G1;OR7A5;OR8D4;OR5H1;OR5M9;OR4D6;OR5T2;OR5D14;OR52L1;OR10G7;OR10A5;RTP1;OR3A2;OR2D3;OR5C1;OR5K4;OR6N2;OR5AU1;OR2T3;ANO2;OR52E5;OR5M1;OR2A2;OR4C46;OR2L13;OR52B6;OR51Q1;OR4A5;OR2A14;OR5M8;OR1M1;OR2H1;OR52N2;OR1D5;OR2M2;OR51B4;OR7D4;OR5B21;OR10A4;OR13C8;OR2V2;OR4L1;OR52J3;OR8A1;OR1K1;OR4C45;OR5AC2;OR14A16;OR6C4;OR7A17;OR13A1;OR2A7;OR2W1;OR2AG2;OR1S1;OR6J1;OR2T34;OR1S2;OR2B2;OR13C3;OR4C11;OR8S1;OR6Q1;OR8B12;OR7G2;OR10H1;OR4D11;OR7D2;OR5F1;OR10G2;OR52K1;OR52D1;OR10T2;OR51I2;OR4K15;OR4K3;OR9G9;OR1B1;OR6C2;OR4Q3;OR1A2;OR51S1;OR11H7;OR7C2;OR10A3;OR5B12;OR5A1;OR7C1;OR56B1;OR7G3;OR52B2;OR51A7;OR51G2;OR10J5;OR2T35;OR5K3;OR51F1;OR7E24;OR2T1;OR8K3;OR6C70;OR8H3;OR2C3;OR51D1;OR2V1;OR10K2;OR52A1;OR5K2;OR4D9;OR2AP1;OR2G3;OR4Q2;GNG13;OR8U3;OR6C75;OR13C4;OR5AK2;OR8D1;OR10A2;OR10J4;OR6F1;OR6V1;OR2A5;OR1L1;OR10W1;OR8H1;OR10V1;OR52W1;OR8B4;CNGB1;OR6P1;OR5B3;OR52E6;OR2T11;OR14J1;OR5K1;OR52N4;OR5M10;OR11A1;OR51G1;OR10C1;OR56B4"
"Smooth Muscle Contraction R-HSA-445355",4.57063451188941e-08,1.65609323814126e-05,0.719512826338911,0.638964988250101,2.12199292639036,42,"MYL9;ACTA2;ANXA1;TPM2;TLN1;CALD1;MYL12A;CACNA1H;ITGB5;TRIM72;MYL6;LMOD1;TPM4;ANXA2;PXDN;ENTHD1;MYH11;MYL10;PDE5A;MYL7;TPM1;ITGA1;CACNA1G"
"Formation Of ATP By Chemiosmotic Coupling R-HSA-163210",1.16236937431034e-07,2.52699101975069e-05,0.704975715167238,-0.782831268448968,-3.27371547358326,16,"ATP5MC2;ATP5PO;ATP5F1A;ATP5F1B;ATP5ME;ATP5F1D;ATP5MF;ATP5PF;ATP5PD;ATP5MC3;ATP5F1C;ATP5MC1"
"Glutamate Neurotransmitter Release Cycle R-HSA-210500",9.9554400553563e-08,2.52699101975069e-05,0.704975715167238,-0.65112111749254,-2.93183200486408,23,"VAMP2;TSPOAP1;SNAP25;PPFIA2;ARL6IP5;SYT1;RAB3A;SLC1A3;STXBP1;SLC1A2;CPLX1;SLC17A7"
"Iron Uptake And Transport R-HSA-917937",2.91484830738601e-07,5.280733516881e-05,0.674962860011025,-0.415081640759515,-2.62492957007218,57,"ATP6AP1;TF;SLC22A17;ATP6V0B;ATP6V1B2;ATP6V0D1;ATP6V0E2;ATP6V0C;ATP6V1G2;SKP1;FBXL5;ATP6V1A;SLC11A2;ATP6V0A1;FTH1;ATP6V1F;ATP6V1H;FLVCR1"
"Immunoregulatory Interactions Between A Lymphoid And A non-Lymphoid Cell R-HSA-198933",4.64496412609352e-07,7.21296572151951e-05,0.674962860011025,0.478426285692608,1.7841451418619,115,"ICAM2;HLA-E;IFITM1;TREML1;B2M;HLA-F;NCR3;HLA-G;SIGLEC9;CD8B;HLA-A;CD300LF;CLEC4G;HLA-C;MICB;CD8A;NECTIN2;SLAMF7;TARP;CD300LG;CD3E;ULBP1;CLEC1B;ICAM1;FCGR1A;LILRB4;CD40;CD300LB;TYROBP;CXADR;CD1E;MICA;SIGLEC5;CD247;SIGLEC10;OSCAR;FCGR2B;SLAMF6;CD300C;KIR2DS2;ITGB2;CD81;CD300LD;ULBP3;SH2D1B;ITGB1;SH2D1A;SIGLEC8;VCAM1;SIGLEC1;NCR3LG1;CD226;KLRF1;LILRA5;KIR3DL1;ITGA4;ICAM3;ITGAL"
"Dopamine Neurotransmitter Release Cycle R-HSA-212676",7.66841779618099e-07,0.000104194626805609,0.659444398037935,-0.608929075758767,-2.74185202267275,23,"VAMP2;TSPOAP1;SNAP25;SYN1;PPFIA2;SYT1;RAB3A;STXBP1;APBA1;CPLX1;SYN2;LIN7B;STX1A;SYN3;PPFIA1"
"Glutamate Binding, Activation Of AMPA Receptors And Synaptic Plasticity R-HSA-399721",9.5553910372897e-07,0.000115407889528155,0.643551836150722,-0.521361633350603,-2.74081719182823,31,"GRIA2;CAMK2B;EPB41L1;TSPAN7;DLG1;LLGL1;AP2A1;AP2B1;PRKCB;CAMK2D;MYO6;NSF;GRIA1;PICK1;CAMK2G;AP2S1;AP2M1;CAMK2A;CACNG8"
"Transferrin Endocytosis And Recycling R-HSA-917977",1.58651745383564e-06,0.000172454447231934,0.643551836150722,-0.512527887502317,-2.69437786652992,31,"ATP6AP1;TF;ATP6V0B;ATP6V1B2;ATP6V0D1;ATP6V0E2;ATP6V0C;ATP6V1G2;ATP6V1A;ATP6V0A1;ATP6V1F;ATP6V1H"
"Keratinization R-HSA-6805567",1.87450644343686e-06,0.000185235318546897,0.643551836150722,0.415540606465397,1.59035572190324,192,"TGM1;KRTAP9-4;CSTA;LIPM;KRTAP9-6;KRTAP5-4;LCE1A;PKP3;KRTAP13-3;KRT86;KRTAP20-1;KRTAP8-1;SPRR2B;KRTAP21-3;SPRR2E;KRTAP10-7;ST14;KRT38;KRTAP9-2;KRT80;KRTAP5-7;KRT31;KRT8;KRT34;KRTAP10-3;KRTAP15-1;KRTAP4-3;LCE5A;KRTAP3-2;LCE3B;KRTAP9-1;KRTAP4-1;KRTAP6-1;KRTAP21-2;KRT18;KRTAP12-1;KRTAP1-4;PPL;KRTAP2-3;PRSS8;KRTAP12-3;LCE1D;KRT72;KRTAP4-2;KLK14;CASP14;LIPJ;KRTAP10-1;DSG4;KRTAP5-1;KRT75;KRTAP10-6;LIPK;KRTAP10-4;EVPL;KRTAP5-11;KRT81;KRT14;KRT16;FLG;KRT82;LCE2D;KRT23;KRTAP12-2;KRT3;PI3;SPRR1B;KRTAP1-1;KRTAP26-1;PKP1;LCE3A;LCE3E;KRTAP29-1;KRT6A;SPRR2F;IVL;CAPN1;KRTAP13-1;KRT2;KRTAP21-1;KRT27;KRTAP6-3;KRT35;KRTAP1-3;SPRR2G;PERP;LCE2C;KRT9;DSPP;KRT84;KRTAP19-8;KRTAP16-1;KRTAP19-5;KRT78;KRTAP4-4;KRTAP17-1;KRT24;KRT83;KRTAP5-2;KRT79;SPINK9;DSG3;SPRR2A;KRT71;KRTAP10-2;KRT1;CELA2A;KRT19;LORICRIN;KRT20"
"Post NMDA Receptor Activation Events R-HSA-438064",2.75830145675583e-06,0.000230636437191814,0.627256739718528,-0.370072584941825,-2.29527942301499,61,"PRKACB;GRIA2;GIT1;CAMK2B;CAMKK1;DLG1;LLGL1;ADCY8;ADCY1;PRKAR2B;RASGRF2;MAPT;CAMK4;NRGN;PRKAR1B;RASGRF1;GPRIN1;CAMK2D;CALM1;PRKAR1A;GRIA1;CAMK2G"
"Serotonin Neurotransmitter Release Cycle R-HSA-181429",2.54880556731715e-06,0.000230636437191814,0.627256739718528,-0.663177579742366,-2.90957124371601,18,"VAMP2;TSPOAP1;SNAP25;SYN1;PPFIA2;SYT1;RAB3A;STXBP1;CPLX1;SYN2;STX1A;SYN3;PPFIA1"
"Neurotransmitter Release Cycle R-HSA-112310",4.00552680032496e-06,0.000311000545139516,0.610526878385931,-0.392262911599281,-2.31936774302348,50,"VAMP2;TSPOAP1;SNAP25;SYN1;PPFIA2;ARL6IP5;SYT1;RAB3A;SLC1A3;STXBP1;APBA1;SLC1A2;CPLX1;SLC17A7;SYN2;LIN7B;STX1A;SYN3;PPFIA1"
"GPCR Ligand Binding R-HSA-500792",8.82269380437027e-06,0.000639351211023366,0.593325476396405,0.352058363869979,1.39182165891359,447,"GPR4;ANXA1;GLP2R;RAMP2;PTAFR;GNRH1;PTGER3;GRM2;CCL5;GALR2;CYSLTR1;CCL20;ADRA2C;PTHLH;CXCR6;CCL3;PTGIR;CCL17;EDNRA;ADORA2A;P2RY14;CPAMD8;ADORA3;CXCR2;TAC1;UCN3;CXCL2;GNG11;CYSLTR2;AVPR1A;RAMP1;GPER1;CCR6;OPN1MW3;ADRA2B;PTH2R;TAS2R1;FZD10;CCR1;EDN1;P2RY6;ADRB3;UCN2;LPAR3;GPNMB;PTGDR2;AGXT;FPR3;TAS2R16;CX3CL1;CASR;HTR4;CCL27;NPFFR1;NMS;TACR3;SSTR1;BDKRB2;RIPK2;MC1R;INSL3;ADRA1A;RLN2;CHRM4;GHSR;GPR18;PTH2;CCL21;LPAR6;CCL1;AGTR2;HTR7;HCRTR1;HTR1F;WNT1;MLNR;PTGFR;GAL;TAS1R3;HCRT;GPR65;FFAR3;F2RL3;TAS2R4;S1PR4;GPRC6A;GPR68;PYY;FZD6;HRH2;GNRH2;PTCH2;CALCB;GRM4;TAS2R3;CCL19;CD55;GPHA2;PTGER1;UTS2R;KEL;GIPR;GPR143;CCR2;P2RY10;TAS2R41;FFAR2;TACR1;PRLHR;PTH1R;DRD3;FZD4;CCL13;RLN3;INSL5;PF4;PNOC;IHH;HTR6;TSHB;AVPR2;EDN3;HTR1E;HCAR2;WNT9A;PPY;NPW;TAS2R43;TAAR6;WNT7B;CALCRL;TAS1R1;PMCH;SSTR3;NMUR1;SSTR4;SMOX;CHRM5;PROK1;SCTR;TAS2R45;LPAR5;HTR1A;FPR2;ADCYAP1;LHB;UBD;SUCNR1;XCR1;NMUR2;HTR2C;GPR132;GPHB5;GPR55;WNT2;PLPPR2;ADRA1D;GLP1R;OPRK1;GHRH;UTS2B;RXFP2;IAPP;GPR39;VIPR2;P2RY4;APLN;NTS;OXER1;CHRM2;RHO;C5;NPY1R;CCR9;PDYN;GNB4;FZD7;SFTPA2;CCR5;MC2R;CALCA;DRD5;CXCL9;PROKR2;POMC;WNT8A;F2RL2;S1PR5;TAS2R40;ADGRE1;TAS2R46;MC4R;KISS1;FZD8;BRS3;RRH;PPBP;PTGDR;C1QTNF1;CXCR3;P2RY12;GHRHR;MC5R;DRD2;ECE1;TAAR5;GNGT1;CCR7;GNG10;OPN1SW;TAS2R60;TAS2R50;WNT3A;GALR1;TAS2R10;CCL25;OPN1LW;OPRL1;SSTR2;QRFPR;GPR35;CNOT6;CCL22;OXT;RXFP3;TRH;ADM;GNG8;QRFP;GNG13;ACKR4;GNB3;TAS1R2;LHCGR;CXCL8;OXTR;PTGER2;TTF2;ADRB2;NPBWR1;C5AR2;MRLN;TAAR8;NPBWR2;F2RL1;XK;TAS2R5;HCAR1"
"Complex I Biogenesis R-HSA-6799198",9.78718245955441e-06,0.000664916708345977,0.593325476396405,-0.380858880349618,-2.27535271135978,51,"ACAD9;NDUFB6;NDUFA1;NDUFA2;NDUFS4;NDUFV2;NDUFB8;NDUFB3;NDUFAB1;NDUFS6;NDUFS5;NDUFB10;NDUFB2;NDUFV3;NDUFA13;NDUFS3;NDUFB4;NDUFA5;NDUFA6;NDUFAF1;NDUFA11;NDUFS7;NDUFAF5;NDUFA9;NDUFA8;NDUFA12"
"Assembly Of Collagen Fibrils And Other Multimeric Structures R-HSA-2022090",1.13547827557082e-05,0.000692692456280981,0.593325476396405,0.524377370206706,1.81126827075107,57,"COL4A1;LAMA4;COL4A2;CD151;MMP13;COL1A2;COL6A1;MMP28;LOXL3;TLL2;COL1A1;PXDN;MMP3;COL9A1;COL5A1;COL6A2;COL8A1;COL3A1;CTSV;COL6A5;BMP1;COL2A1;LOXL1;LOXL2;MMP9;COL15A1;CTSL;COL24A1;COL6A6;LAMB3;COL8A2;COL6A3;COL18A1"
"Extracellular Matrix Organization R-HSA-1474244",1.18793200820458e-05,0.000692692456280981,0.593325476396405,0.377502338712875,1.46503333184624,290,"ICAM2;COL4A1;BGN;ADAMTS1;FN1;LAMA4;COL4A2;SERPINH1;CD151;DCN;TTR;LAMA5;MMP13;COL1A2;CEACAM1;ITGA11;JAM2;COL6A1;COL23A1;LAMC1;ITGB5;PECAM1;PDGFB;MMP28;LOXL3;ADAMTS4;LAMC3;EFEMP1;TLL2;TIMP1;NID1;COL1A1;COL22A1;CEACAM8;P3H2;PXDN;CAPN12;CTRB1;FBLN5;MMP3;MMP11;MFAP4;COL9A1;ITGA10;MATN3;FBLN2;MMP24;COL5A1;COL6A2;CAPN7;ICAM1;COL8A1;FBLN1;HAPLN1;COL3A1;MMP14;SPARC;TNNI3;ITGA8;KLK2;P4HB;CTSV;COL6A5;TGFB1;ADAM17;ITGA1;TGFB3;BMP1;COL2A1;LOXL1;CAPN6;LOXL2;NCAN;CASP3;LTBP4;ITGA3;ACAN;ITGA5;ITGB2;CTRB2;MMP9;LMNB2;P3H3;FBN1;PRSS58;COL15A1;CRTAP;ITGB1;CXXC1;CTSL;VCAM1;CAPNS2;ITGB6;COL28A1;ITGAD;COL24A1;COL6A6;TNXB;LAMB3;TNN;CAPN1;COL14A1;LUM;PLOD2;COL8A2;ITGA4;ICAM3;ITGAL;ADAMTS18;COL6A3;CAPN9;IBSP;COL18A1;SDC2;DDR2;NTN4;VCAN;AGRN;DSPP;SCUBE1;MATN1;COL13A1;PLOD3;SDC1;LTBP1;KDR;ADAM19;CAPN5;ITGA2;CAPN2;ADAMTS9;COL11A2;TLL1;COL4A5;ADAMTS8;CAPN13;ERC2;PCOLCE;FMOD;MADCAM1;CTSK;THBS1;ASPN;ADAMTS3;COL19A1;CAPN10;PCOLCE2;TMPRSS6;MMP1;COL5A2"
"Insulin Receptor Recycling R-HSA-77387",1.21077798245986e-05,0.000692692456280981,0.593325476396405,-0.520268406078029,-2.44092568783315,26,"ATP6AP1;ATP6V0B;ATP6V1B2;ATP6V0D1;ATP6V0E2;ATP6V0C;ATP6V1G2;ATP6V1A;ATP6V0A1;ATP6V1F;ATP6V1H"
"Regulation Of Cholesterol Biosynthesis By SREBP (SREBF) R-HSA-1655829",1.77864004318773e-05,0.000966690863472534,0.575610261071129,-0.34945143901574,-2.23699183448406,55,"SC5D;FASN;SCD;KPNB1;HMGCS1;INSIG1;NFYA;SREBF2;TBL1X;SREBF1;ACACA;FDPS;RXRA;CYP51A1;SQLE;CHD9;SAR1B;CARM1"
"Acetylcholine Neurotransmitter Release Cycle R-HSA-264642",3.04120645168224e-05,0.00150263246044482,0.575610261071129,-0.61716651343444,-2.60880116784365,17,"VAMP2;TSPOAP1;SNAP25;PPFIA2;SYT1;RAB3A;STXBP1;CPLX1"
"Response Of Mtb To Phagocytosis R-HSA-9637690",2.91497859683139e-05,0.00150263246044482,0.575610261071129,-0.548357801991973,-2.40646303836394,21,"PGK1;ENO1;KPNB1;GSK3A;RAB7A;HGS;ATP6V1H"
"Activation Of Gene Expression By SREBF (SREBP) R-HSA-2426168",3.42615979658809e-05,0.00161923291256142,0.557332238758646,-0.394677566574286,-2.23433039439045,42,"SC5D;FASN;SCD;HMGCS1;NFYA;SREBF2;TBL1X;SREBF1;ACACA;FDPS;RXRA;CYP51A1;SQLE;CHD9;CARM1"
"Cristae Formation R-HSA-8949613",3.59389713138161e-05,0.00162773590908825,0.557332238758646,-0.46818214871289,-2.38309492064562,29,"ATP5MC2;ATP5PO;ATP5F1A;HSPA9;ATP5F1B;ATP5ME;ATP5F1D;ATP5MF;ATP5PF;ATP5PD;ATP5MC3;ATP5F1C;ATP5MC1;APOO;ATP5PB;CHCHD3"
"Class A/1 (Rhodopsin-like Receptors) R-HSA-373076",3.84464347842464e-05,0.00167165098441903,0.557332238758646,0.363075535215279,1.41641534202618,318,"GPR4;ANXA1;PTAFR;GNRH1;PTGER3;CCL5;GALR2;CYSLTR1;CCL20;ADRA2C;CXCR6;CCL3;PTGIR;CCL17;EDNRA;ADORA2A;P2RY14;ADORA3;CXCR2;TAC1;CXCL2;CYSLTR2;AVPR1A;GPER1;CCR6;OPN1MW3;ADRA2B;CCR1;EDN1;P2RY6;ADRB3;LPAR3;GPNMB;PTGDR2;AGXT;FPR3;CX3CL1;HTR4;CCL27;NPFFR1;NMS;TACR3;SSTR1;BDKRB2;RIPK2;MC1R;INSL3;ADRA1A;RLN2;CHRM4;GHSR;GPR18;CCL21;LPAR6;CCL1;AGTR2;HTR7;HCRTR1;HTR1F;MLNR;PTGFR;GAL;HCRT;GPR65;FFAR3;F2RL3;S1PR4;GPR68;PYY;HRH2;GNRH2;CCL19;GPHA2;PTGER1;UTS2R;KEL;GPR143;CCR2;P2RY10;FFAR2;TACR1;PRLHR;DRD3;CCL13;RLN3;INSL5;PF4;PNOC;HTR6;TSHB;AVPR2;EDN3;HTR1E;HCAR2;PPY;NPW;TAAR6;PMCH;SSTR3;NMUR1;SSTR4;CHRM5;PROK1;LPAR5;HTR1A;FPR2;LHB;SUCNR1;XCR1;NMUR2;HTR2C;GPR132;GPHB5;GPR55;PLPPR2;ADRA1D;OPRK1;UTS2B;RXFP2;GPR39;P2RY4;APLN;NTS;OXER1;CHRM2;RHO;C5;NPY1R;CCR9;PDYN;SFTPA2;CCR5;MC2R;DRD5;CXCL9;PROKR2;POMC;F2RL2;S1PR5;MC4R;KISS1;BRS3;RRH;PPBP;PTGDR;CXCR3;P2RY12;MC5R;DRD2;ECE1;TAAR5;CCR7;OPN1SW;GALR1;CCL25;OPN1LW;OPRL1;SSTR2;QRFPR;GPR35;CNOT6;CCL22;OXT;RXFP3;TRH;QRFP;ACKR4;LHCGR;CXCL8;OXTR;PTGER2;TTF2;ADRB2;NPBWR1;C5AR2;MRLN;TAAR8;NPBWR2;F2RL1;XK;HCAR1"
"Interferon Alpha/Beta Signaling R-HSA-909733",4.78567601136263e-05,0.00200078070167353,0.557332238758646,0.486733877831175,1.70896361236023,67,"HLA-E;IFITM3;IFITM1;IFI27;XAF1;HLA-F;IRF3;HLA-G;HLA-A;IFNAR1;HLA-C;ISG15;OAS1;IFIT3;IFNA8;RSAD2;OAS3;IFNA4;IFNA5;IRF8;PSMB8;IRF6;IFNA14;EGR1;ABCE1;IRF4;ISG20;OAS2;IRF5;PTPN1;MX1;TYK2;BST2;IRF7;HLA-B;IRF1;SAMHD1;IFIT2;IFNB1;IFI35"
"DARPP-32 Events R-HSA-180024",5.16430289248154e-05,0.00207911009041757,0.557332238758646,-0.510461806436763,-2.32052702683766,24,"PDE4C;PRKACB;PPP2CA;PPP2CB;PPP3R1;PPP3CA;PRKAR2B;PPP2R1A;PRKAR1B;CALM1;PRKAR1A;PPP2R5D"
"Collagen Formation R-HSA-1474290",8.4293490868465e-05,0.00327239373478648,0.538434096309916,0.458362712087474,1.6718774983429,90,"COL4A1;LAMA4;COL4A2;SERPINH1;CD151;MMP13;COL1A2;COL6A1;COL23A1;MMP28;LOXL3;TLL2;COL1A1;COL22A1;P3H2;PXDN;MMP3;COL9A1;COL5A1;COL6A2;COL8A1;COL3A1;P4HB;CTSV;COL6A5;BMP1;COL2A1;LOXL1;LOXL2;MMP9;P3H3;COL15A1;CRTAP;CTSL;COL28A1;COL24A1;COL6A6;LAMB3;COL14A1;PLOD2;COL8A2;COL6A3"
"COPI-independent Golgi-to-ER Retrograde Traffic R-HSA-6811436",9.67197064488882e-05,0.00362532141068764,0.538434096309916,-0.412383067712642,-2.24457212125145,34,"DYNC1H1;DYNC1LI2;PAFAH1B2;DYNC1I2;BICD1;DCTN5;DCTN4;ACTR10;RAB6B;DCTN6;GALNT2"
"Diseases Of Glycosylation R-HSA-3781865",0.00015304108652043,0.00538244284403501,0.518848077743792,0.403859190456699,1.52347546580941,140,"NOTCH3;BGN;ADAMTS1;DCN;MOGAT2;MUC13;CSPG4;SPON2;MUC20;ADAMTS4;ALG6;B4GALT1;ADAMTSL5;ADAMTS6;ADAMTSL2;ADAMTS10;GPC2;ADAMTS17;MUCL1;CHST3;THSD7A;THSD4;MUC5B;POMT1;ADAMTSL1;GFPT1;CHSY1;NOTCH4;SEMA5A;PAPSS2;NCAN;GPC4;MUC12;ACAN;ADAMTS12;SLPI;DPM3;POMT2;GALT;PRELP;GPC6;GPC5;MUC15;DHDDS;ADAMTS20;GALK1;ADAMTS7;LUM;MUC17;CHST14;ALG8;ADAMTS18;CHST6;OMD;MUC1;SDC2;VCAN;AGRN;PMM2;PGM1;SDC1;B3GALT6;ADAMTS13;ADAMTS19;EXT1;MUC5AC;NOTCH1;KERA;ADAMTS9;ADAMTS8;SBSPON;NOTCH2;FMOD;GALNT3;THBS1;ADAMTS3;CTSA;B3GAT3;MUC2;ALG9;ADAMTS15;DPAGT1;ADAMTS16"
"Interleukin-4 And Interleukin-13 Signaling R-HSA-6785807",0.000153501129866684,0.00538244284403501,0.518848077743792,0.434559671512167,1.61068457412665,106,"VIM;FN1;ANXA1;CEBPD;LAMA5;LIF;COL1A2;CDKN1A;TIMP1;IL2RG;MAOA;PTGS2;AKT1;MMP3;GATA3;IL17F;MCL1;VEGFA;ICAM1;FOXO3;FOS;POU2F1;IL23A;STAT6;TGFB1;HSP90B1;TWIST1;TNFRSF1B;ITGB2;MMP9;BCL6;SOCS5;IL6R;ITGB1;CD36;IL4;VCAM1;TP53;IRF4;NANOS2;IL12A;IL23R;LBP;FASLG;F13A1;SOS1"
"GABA Synthesis, Release, Reuptake And Degradation R-HSA-888590",0.000185806793030884,0.00612036315225973,0.518848077743792,-0.532786870362523,-2.29729273926456,19,"VAMP2;SNAP25;SYT1;RAB3A;STXBP1;CPLX1"
"trans-Golgi Network Vesicle Budding R-HSA-199992",0.000182186162301962,0.00612036315225973,0.518848077743792,-0.286871827536285,-1.82358807956824,70,"APP;DNAJC6;VAMP2;TPD52;CLTB;DNM2;GOLGB1;SORT1;BLOC1S1;FTH1;HGS;STX4;SNX5;CLTA;PTGES2;AP1G1"
"Muscle Contraction R-HSA-397014",0.000248354604182293,0.00794004278665155,0.49849310876659,0.379137991679666,1.45236859689741,194,"MYL9;ACTA2;VIM;ANXA1;TTR;TPM2;TLN1;CALD1;KCNK2;MYL12A;CACNA1H;PLN;CES1;KCNK6;ITGB5;TNNI1;WWTR1;KCNH2;TRIM72;MYL6;TBX5;KCNK7;MYH6;LMOD1;TPM4;ORAI2;SCN11A;ANXA2;KCNK12;PXDN;KCNE1;ENTHD1;MYH11;MYL10;GATA4;PDE5A;MYL7;RYR1;ORAI1;MYBPC3;TNNI3;CACNA2D2;KCNE4;TPM1;KCNK16;FKBP1B"
"HSP90 Chaperone Cycle For Steroid Hormone Receptors (SHR) In Presence Of Ligand R-HSA-3371497",0.000375946130672529,0.0116758126868868,0.49849310876659,-0.367661094822972,-2.06616216957028,38,"DYNC1H1;DYNC1LI2;HSP90AB1;DYNC1I2;HSPA2;DNAJA2;DCTN5;DCTN4;ACTR10"
"Collagen Biosynthesis And Modifying Enzymes R-HSA-1650814",0.000531416053448869,0.0160458125027478,0.477270815362862,0.451727382012278,1.58605285912212,67,"COL4A1;COL4A2;SERPINH1;COL1A2;COL6A1;COL23A1;TLL2;COL1A1;COL22A1;P3H2;COL9A1;COL5A1;COL6A2;COL8A1;COL3A1;P4HB;COL6A5;BMP1;COL2A1;P3H3;COL15A1;CRTAP;COL28A1;COL24A1;COL6A6;COL14A1;PLOD2;COL8A2;COL6A3;COL18A1;COL13A1;PLOD3;COL11A2;TLL1;COL4A5;PCOLCE;ADAMTS3;COL19A1;PCOLCE2;COL5A2"
"Prefoldin Mediated Transfer Of Substrate To CCT/TriC R-HSA-389957",0.000548447515054262,0.0161124986179455,0.477270815362862,-0.429664742273797,-2.01584354214087,26,"TUBB2B;TUBB4A;TUBA1C;TUBB4B;PFDN5;TUBA4A;VBP1;TUBA3D;PFDN2;PFDN6"
"Recycling Pathway Of L1 R-HSA-437239",0.000644159574246487,0.0184263541369982,0.477270815362862,-0.397002253404229,-1.95489255397346,28,"DPYSL2;DNM1;RDX;DNM2;AP2A1;SHTN1;AP2B1;CLTA;AP2S1;AP2M1;CLTC;NUMB;DNM3"
"Binding And Uptake Of Ligands By Scavenger Receptors R-HSA-2173782",0.000817560340776931,0.0211258222785351,0.477270815362862,0.516330460614919,1.68793765559121,39,"COL4A1;COL4A2;COL1A2;STAB1;APOL1;MASP1;COL1A1;APOB;APOA1;MARCO;COL3A1;SPARC;C1D;MSR1;SSC5D;SCARF1;HSP90B1;CD36;SCARB1"
"Cellular Hexose Transport R-HSA-189200",0.000835704101174802,0.0211258222785351,0.477270815362862,0.608838900153979,1.81062980906758,21,"SLC2A1;SLC2A6;SLC2A4;SLC5A2;SLC5A4;SLC2A12;SLC2A14;SLC2A7;SLC5A10;SLC2A2;SLC2A9;SLC5A1;SLC50A1;SLC2A10;SLC5A9"
"Diseases Of Metabolism R-HSA-5668914",0.000828876325615112,0.0211258222785351,0.477270815362862,0.354530958076125,1.36513403010421,241,"NOTCH3;BGN;ADAMTS1;DCN;MOGAT2;MUC13;CYP1B1;CSPG4;SPON2;CUBN;MUC20;ADAMTS4;GYG2;ALG6;MAOA;B4GALT1;ADAMTSL5;ADAMTS6;KHK;ADAMTSL2;ADAMTS10;SFTPC;CSF2RB;NAGLU;CYP21A2;TCN2;GPC2;ADAMTS17;MUCL1;CHST3;THSD7A;SPAM1;THSD4;MUC5B;POMT1;ADAMTSL1;GFPT1;MMAB;CHSY1;NOTCH4;ADA;SEMA5A;ARSB;GYS1;PAPSS2;G6PC1;MCCC1;NCAN;CYP26C1;GPC4;GGT1;MUC12;ACAN;CYP11A1;MTRR;ADAMTS12;SLPI;CYP2R1;SFTPD;DPM3;POMT2;PPY;SFTPA1;GALT;PRELP;GPC6;CSF2RA;CYP19A1;GPC5;MUC15;DHDDS;ADAMTS20;GALK1;ADAMTS7;LUM;MUC17;CYP11B1;SLC37A4;CHST14;FDXR;ALG8;ADAMTS18;CHST6;NHLRC1;OMD;APRT;MUC1;SDC2;ALDOB;VCAN;SFTPA2;AGRN;MC2R;MAT1A;PMM2;POMC;PGM1;FMO3;CYP24A1;SDC1;B3GALT6;ADAMTS13;ADAMTS19;EXT1;MUC5AC;NOTCH1;KERA;GYS2;ADAMTS9;CYP4F22;ADAMTS8;SBSPON;NOTCH2;CYP11B2;CYP2U1;FMOD;GALNT3;THBS1;ADAMTS3;CTSA;B3GAT3;MUC2;ACY1;PROC;ALG9;ADAMTS15;DPAGT1;ADAMTS16;TPMT"
"Insertion Of Tail-Anchored Proteins Into Endoplasmic Reticulum Membrane R-HSA-9609523",0.0008205525111359,0.0211258222785351,0.477270815362862,-0.455179112990518,-1.99754924114857,21,"APP;PRNP;VAMP2;CAMLG;STX1A;ALDH3A2;SGTA;GET4;VAPA;GET1"
"Unblocking Of NMDA Receptors, Glutamate Binding And Activation R-HSA-438066",0.0008205525111359,0.0211258222785351,0.477270815362862,-0.456029964050857,-2.00128319299611,21,"GRIA2;CAMK2B;DLG1;LLGL1;GPRIN1;CAMK2D;CALM1;GRIA1;CAMK2G;CAMK2A;GRIA3;GRIN2B;NEFL"
"Ras Activation Upon Ca2+ Influx Thru NMDA Receptor R-HSA-442982",0.000923282647020866,0.0218175703763409,0.477270815362862,-0.483760325006865,-2.08589802790439,19,"CAMK2B;DLG1;LLGL1;RASGRF2;RASGRF1;GPRIN1;CAMK2D;CALM1;CAMK2G;CAMK2A;GRIN2B;NEFL"
"Scavenging By Class A Receptors R-HSA-3000480",0.000903675421209773,0.0218175703763409,0.477270815362862,0.617895982091028,1.77323872978708,18,"COL4A1;COL4A2;COL1A2;MASP1;COL1A1;APOB;APOA1;MARCO;COL3A1;MSR1;HSP90B1"
"VLDLR Internalisation And Degradation R-HSA-8866427",0.000916820110882073,0.0218175703763409,0.477270815362862,-0.536146937659611,-2.1537552517994,15,"AP2A1;AP2B1;NR1H2;VLDLR;CLTA;AP2S1;AP2M1;CLTC"
"Cytoprotection By HMOX1 R-HSA-9707564",0.00100456890738728,0.022285028618979,0.45505986738723,-0.295275835658179,-1.86729114525203,57,"COX8A;COX6C;COX4I1;SIN3B;COX6A1;COX7C;COX6B1;TBL1X;COX5A;COX14;FABP1;COX16;COX5B;RXRA;HMOX2;SIN3A;COX7B;CHD9;CYCS;CARM1"
"Fertilization R-HSA-1187000",0.000976042847857642,0.022285028618979,0.477270815362862,0.565712115352215,1.74136409437788,25,"HVCN1;ADAM20;B4GALT1;IZUMO1;ADAM21;CATSPER3;SPAM1;CATSPERB;IZUMO3;ACR;IZUMO2;KCNU1"
"Lysosome Vesicle Biogenesis R-HSA-432720",0.00100234133265755,0.022285028618979,0.45505986738723,-0.360972094866696,-1.96474580098935,34,"APP;DNAJC6;VAMP2;CLTB;DNM2;BLOC1S1;HGS"
"CaM Pathway R-HSA-111997",0.00105007187230791,0.022380943631347,0.45505986738723,-0.370756170292626,-1.99893498177015,33,"PRKACB;CAMK2B;CAMKK1;ADCY8;ADCY1;PRKAR2B;CAMK4;PRKAR1B;CAMK2D;CALM1;PRKAR1A;CAMK2G;GRK2;CAMK2A"
"Trafficking Of GluR2-containing AMPA Receptors R-HSA-416993",0.0010476388844254,0.022380943631347,0.45505986738723,-0.510114916674219,-2.1562874222526,17,"GRIA2;TSPAN7;AP2A1;AP2B1;PRKCB;NSF;GRIA1;PICK1;AP2S1;AP2M1"
"Norepinephrine Neurotransmitter Release Cycle R-HSA-181430",0.0010871462772989,0.0227255385273828,0.45505986738723,-0.494348125231209,-2.16886265985714,18,"VAMP2;TSPOAP1;SNAP25;PPFIA2;SYT1;RAB3A;STXBP1;CPLX1"
"G-protein Mediated Events R-HSA-112040",0.00118335037014856,0.0242698462707827,0.45505986738723,-0.298419435219228,-1.78730775608191,52,"PRKACB;GNAI1;CAMK2B;CAMKK1;AHCYL1;ADCY8;PLCB1;GNAQ;ADCY1;PRKAR2B;CAMK4;PRKAR1B;CAMK2D;GNA11;CALM1;PRKAR1A;CAMK2G;GRK2"
"Long-term Potentiation R-HSA-9620244",0.0012456988094726,0.0250754556647539,0.45505986738723,-0.428219069348656,-1.9281610423638,23,"GRIA2;CAMK2B;DLG1;LLGL1;NRGN;GPRIN1;CAMK2D;CALM1;GRIA1;CAMK2G;CAMK2A"
"Activation Of BAD And Translocation To Mitochondria R-HSA-111447",0.0013429874048461,0.026542314710322,0.45505986738723,-0.523406294131231,-2.10257482721219,15,"YWHAQ;YWHAE;YWHAH;PPP3R1;YWHAG;YWHAB"
"Aggrephagy R-HSA-9646399",0.00156832084599293,0.0295057631538548,0.45505986738723,-0.423399157901439,-1.90645821279504,23,"DYNC1H1;DYNC1LI2;VCP;DYNC1I2"
"DAG And IP3 Signaling R-HSA-1489509",0.00157134315721702,0.0295057631538548,0.45505986738723,-0.336788122403994,-1.97149411681129,39,"PRKACB;CAMK2B;CAMKK1;AHCYL1;ADCY8;ADCY1;PRKAR2B;CAMK4;PRKAR1B;CAMK2D;CALM1;PRKAR1A;CAMK2G;GRK2"
"Integrin Cell Surface Interactions R-HSA-216083",0.0015743645473078,0.0295057631538548,0.45505986738723,0.443701346053866,1.55249547379022,66,"ICAM2;COL4A1;FN1;COL4A2;ITGA11;JAM2;COL23A1;ITGB5;PECAM1;COL9A1;ITGA10;ICAM1;TNNI3;ITGA8;ITGA1;ITGA3;ITGA5;ITGB2;FBN1;ITGB1;CXXC1;VCAM1;ITGB6;ITGAD;LUM;ITGA4;ICAM3;ITGAL;IBSP;COL18A1;AGRN;COL13A1;KDR;ITGA2"
"Formation Of Incision Complex In GG-NER R-HSA-5696395",0.0016553670199509,0.0304980330624852,0.45505986738723,-0.323384270333461,-1.83980976660597,40,"RAD23B;UBE2V2;PARP1;DDB1;RAD23A;RBX1;CCNH;CDK7;RPA3;CHD1L;CETN2;ERCC3;PARP2;MNAT1"
"Ca-dependent Events R-HSA-111996",0.00174397833326164,0.03159507413759,0.45505986738723,-0.346308591272304,-1.90751633745296,35,"PRKACB;CAMK2B;CAMKK1;ADCY8;ADCY1;PRKAR2B;CAMK4;PRKAR1B;CAMK2D;CALM1;PRKAR1A;CAMK2G;GRK2;CAMK2A"
"Diseases Associated With O-glycosylation Of Proteins R-HSA-3906995",0.00188728067985139,0.0336307229344009,0.45505986738723,0.43258432186029,1.52271041404417,68,"NOTCH3;ADAMTS1;MUC13;SPON2;MUC20;ADAMTS4;ADAMTSL5;ADAMTS6;ADAMTSL2;ADAMTS10;ADAMTS17;MUCL1;THSD7A;THSD4;MUC5B;POMT1;ADAMTSL1;NOTCH4;SEMA5A;MUC12;ADAMTS12;POMT2;MUC15;ADAMTS20;ADAMTS7;MUC17;ADAMTS18;MUC1;ADAMTS13;ADAMTS19;MUC5AC;NOTCH1;ADAMTS9;ADAMTS8;SBSPON;NOTCH2;GALNT3;THBS1;ADAMTS3;MUC2;ADAMTS15;ADAMTS16"
"Collagen Chain Trimerization R-HSA-8948216",0.00202183496755255,0.0354473324149939,0.431707695803346,0.483530936791361,1.61734783630627,44,"COL4A1;COL4A2;COL1A2;COL6A1;COL23A1;COL1A1;COL22A1;COL9A1;COL5A1;COL6A2;COL8A1;COL3A1;COL6A5;COL2A1;COL15A1;COL28A1;COL24A1;COL6A6;COL14A1;COL8A2;COL6A3;COL18A1"
"PLC Beta Mediated Events R-HSA-112043",0.00214379656554372,0.0364110447929067,0.431707695803346,-0.308291769199996,-1.80577640104689,47,"PRKACB;CAMK2B;CAMKK1;AHCYL1;ADCY8;PLCB1;GNAQ;ADCY1;PRKAR2B;CAMK4;PRKAR1B;CAMK2D;GNA11;CALM1;PRKAR1A;CAMK2G;GRK2"
"Peptide Ligand-Binding Receptors R-HSA-375276",0.00212740862357548,0.0364110447929067,0.431707695803346,0.358916656781663,1.37409329564183,191,"ANXA1;CCL5;GALR2;CCL20;CXCR6;CCL3;CCL17;EDNRA;CXCR2;TAC1;CXCL2;AVPR1A;GPER1;CCR6;CCR1;EDN1;GPNMB;AGXT;FPR3;CX3CL1;CCL27;NPFFR1;NMS;TACR3;SSTR1;BDKRB2;RIPK2;MC1R;INSL3;RLN2;GHSR;CCL21;CCL1;AGTR2;HCRTR1;MLNR;GAL;HCRT;F2RL3;PYY;CCL19;UTS2R;KEL;CCR2;TACR1;PRLHR;CCL13;RLN3;INSL5;PF4;PNOC;AVPR2;EDN3;PPY;NPW;PMCH;SSTR3;NMUR1;SSTR4;PROK1;FPR2;XCR1;NMUR2;OPRK1;UTS2B;RXFP2;APLN;NTS;C5;NPY1R;CCR9;PDYN;SFTPA2;CCR5;MC2R;CXCL9;PROKR2;POMC;F2RL2;MC4R;KISS1;BRS3;PPBP;CXCR3;MC5R;ECE1;CCR7;GALR1;CCL25;OPRL1;SSTR2;QRFPR;CNOT6;CCL22;OXT;RXFP3;TRH;QRFP;ACKR4;CXCL8;OXTR;TTF2;NPBWR1;C5AR2;MRLN;NPBWR2;F2RL1;XK"
"Uptake And Actions Of Bacterial Toxins R-HSA-5339562",0.00236737304379108,0.0395897615169371,0.431707695803346,-0.357238721999486,-1.75909157099095,28,"VAMP2;SNAP25;HSP90AB1;SYT1;SV2A;SV2B;CALM1;STX1A;MAP2K4;HSP90AA1"
"RAF Activation R-HSA-5673000",0.0025535083368205,0.0420555085170285,0.431707695803346,-0.359223805746187,-1.88845269678871,31,"PPP2CA;PPP2CB;CAMK2B;PPP2R5B;PPP1CB;YWHAB;PPP2R1A;CAMK2D;CALM1;CAMK2G;PPP2R5D;CAMK2A;MAP2K2"
"N-glycan Trimming In ER And Calnexin/Calreticulin Cycle R-HSA-532668",0.00327536655310317,0.0531391558690022,0.431707695803346,-0.329057273905492,-1.79103566836536,34,"RAD23B;MARCHF6;CALR;PDIA3;VCP"
"Elastic Fibre Formation R-HSA-1566948",0.00341715938077008,0.0546242977484864,0.431707695803346,0.483732984392255,1.58137313579134,39,"ITGB5;LOXL3;EFEMP1;FBLN5;MFAP4;FBLN2;FBLN1;ITGA8;TGFB1;TGFB3;LOXL1;LOXL2;LTBP4;ITGA5;FBN1;ITGB1;ITGB6"
"Interleukin-10 Signaling R-HSA-6783783",0.00354430259157959,0.0558356074934349,0.431707695803346,0.467203602197167,1.55424394456603,43,"LIF;PTAFR;CCL5;CCL20;IL1RN;CCL3;TIMP1;CXCL2;PTGS2;CD86;CCR1;TNFRSF1A;ICAM1;CSF3;CCL19;IL10RA;CCR2;TNFRSF1B"
"Sema4D In Semaphorin Signaling R-HSA-400685",0.00360885421469618,0.0560403504482107,0.431707695803346,0.554545289929534,1.67661525242058,23,"MYL9;MYH9;MYL6;RRAS;RHOC;MYH11;RHOB"
"Selective Autophagy R-HSA-9663891",0.0038016511498082,0.0582027436597397,0.431707695803346,-0.262504958745784,-1.62473947721575,60,"DYNC1H1;DYNC1LI2;ATG12;VCP;DYNC1I2;TOMM20;TOMM5;MAP1LC3A;ULK1;PINK1"
"Post-chaperonin Tubulin Folding Pathway R-HSA-389977",0.00477435852511693,0.0720795516222514,0.407017918923954,-0.395416219541161,-1.73528034731844,21,"TUBB2B;ARL2;TUBB4A;TUBA1C;TUBB4B;TUBA4A;TBCB;TUBA3D;TBCA"
"ECM Proteoglycans R-HSA-3000178",0.00495486036486714,0.0737799070768573,0.407017918923954,0.431887023246334,1.48643081341142,55,"BGN;LAMA4;DCN;LAMA5;LAMC1;ITGB5;COL9A1;MATN3;HAPLN1;SPARC;TNNI3;ITGA8;TGFB1;TGFB3;NCAN;ACAN;LMNB2;ITGB1;ITGB6;TNXB;TNN;LUM;IBSP;VCAN;AGRN;DSPP;MATN1"
"Infection With Mycobacterium Tuberculosis R-HSA-9635486",0.00522999703289697,0.0768244158751217,0.407017918923954,-0.389550946936253,-1.77202406271929,25,"PGK1;ENO1;KPNB1;GSK3A;RAB7A;HGS;ATP6V1H"
"Cooperation Of Prefoldin And TriC/CCT In Actin And Tubulin Folding R-HSA-389958",0.0053527990091579,0.0775799003060619,0.407017918923954,-0.348639338241943,-1.82169920207997,30,"TUBB2B;TUBB4A;TUBA1C;TUBB4B;PFDN5;TUBA4A;VBP1;TUBA3D;PFDN2;PFDN6"
"Signaling By ERBB4 R-HSA-1236394",0.0054695271271381,0.0782286314105146,0.407017918923954,-0.269345968145842,-1.70523508119904,56,"PIK3R1;STMN1;GRB2;ADAP1;PSENEN;LLGL1;S100B;GABRB3;GFAP"
"Insulin Processing R-HSA-264876",0.00561135654646612,0.0792148644936191,0.407017918923954,-0.360432958069769,-1.78468829776615,27,"VAMP2;KIF5C;CPE;PCSK2;KIF5A;EXOC4;EXOC5;SLC30A7;STX1A;MYO5A"
"PINK1-PRKN Mediated Mitophagy R-HSA-5205685",0.00574746414125973,0.0800960707890939,0.407017918923954,-0.389651085338518,-1.70998011028439,21,"ATG12;TOMM20;TOMM5;MAP1LC3A;PINK1;SQSTM1;MFN1;TOMM70;TOMM7"
"MET Activates PTK2 Signaling R-HSA-8874081",0.00591735482055288,0.0814198062017845,0.407017918923954,0.581860470594906,1.66205267158728,17,"LAMA4;LAMA5;LAMC1;LAMC3;ITGA3;LMNB2;ITGB1;LAMB3;SOS1"
"PKA Activation In Glucagon Signaling R-HSA-164378",0.00603857010933146,0.0820490713605412,0.407017918923954,-0.472368722794584,-1.97539477455122,16,"PRKACB;GNAS;ADCY8;ADCY1;PRKAR2B;PRKAR1B"
"Cholesterol Biosynthesis R-HSA-191273",0.00611818201028391,0.0821044919157853,0.407017918923954,-0.358299966944079,-1.68102383893825,26,"SC5D;DHCR24;HMGCS1;SREBF2;SREBF1;FDPS;CYP51A1;MSMO1;SQLE"
"O-glycosylation Of TSR Domain-Containing Proteins R-HSA-5173214",0.00648438077700208,0.0850408067366117,0.407017918923954,0.468620468781887,1.52876836880797,38,"ADAMTS1;SPON2;ADAMTS4;ADAMTSL5;ADAMTS6;ADAMTSL2;ADAMTS10;ADAMTS17;THSD7A;THSD4;ADAMTSL1;SEMA5A;ADAMTS12;ADAMTS20;ADAMTS7;ADAMTS18;ADAMTS13;ADAMTS19;ADAMTS9;ADAMTS8;SBSPON;THBS1;ADAMTS3;ADAMTS15;ADAMTS16"
"Translocation Of SLC2A4 (GLUT4) To Plasma Membrane R-HSA-1445148",0.0064934562641571,0.0850408067366117,0.407017918923954,-0.267038586135037,-1.59535986253562,51,"YWHAQ;YWHAE;VAMP2;YWHAH;RHOQ;YWHAG;C2CD5;YWHAB;STX4;EXOC4;EXOC5;CALM1;RAB4A;MYO5A;KIF3A"
"Sealing Of Nuclear Envelope (NE) By ESCRT-III R-HSA-9668328",0.00662500796743638,0.0857307578643255,0.407017918923954,-0.355365337027557,-1.75959590882374,27,"TUBB2B;TUBB4A;CHMP4B;TUBA1C;TUBB4B;TUBA4A;CHMP2B"
"Defective B3GALTL Causes PpS R-HSA-5083635",0.00692518250172597,0.088560863286778,0.407017918923954,0.478089473951306,1.55331148125829,37,"ADAMTS1;SPON2;ADAMTS4;ADAMTSL5;ADAMTS6;ADAMTSL2;ADAMTS10;ADAMTS17;THSD7A;THSD4;ADAMTSL1;SEMA5A;ADAMTS12;ADAMTS20;ADAMTS7;ADAMTS18;ADAMTS13;ADAMTS19;ADAMTS9;ADAMTS8;SBSPON;THBS1;ADAMTS3;ADAMTS15;ADAMTS16"
"Formation Of Cornified Envelope R-HSA-6809371",0.00733081610585883,0.0926581058961459,0.407017918923954,0.411865343723735,1.45394856958389,70,"TGM1;CSTA;LIPM;LCE1A;PKP3;SPRR2B;SPRR2E;ST14;LCE5A;LCE3B;PPL;PRSS8;LCE1D;KLK14;CASP14;LIPJ;DSG4;LIPK;EVPL;FLG;LCE2D;PI3;SPRR1B;PKP1;LCE3A;LCE3E;SPRR2F;IVL;CAPN1;SPRR2G;PERP;LCE2C;DSPP;SPINK9;DSG3;SPRR2A;CELA2A;LORICRIN;LIPN;DSG2;LCE3D;KLK5;KLK13;KLK12;FURIN;DSC3;LCE2B;TCHH;DSG1;LCE6A"
"Processing Of SMDT1 R-HSA-8949664",0.00744375563341194,0.0930041652128595,0.407017918923954,-0.459943197041959,-1.84763729227423,15,"SPG7;AFG3L2;MCU;PMPCB;YME1L1;MAIP1;SMDT1;PARL;PHB2;MICU3;MICU1;PMPCA;MCUB;MICU2;STOML2"
"RHO GTPases Activate ROCKs R-HSA-5627117",0.00782889571102403,0.0956180858189114,0.380730400722792,0.559944378913754,1.60692914017066,18,"MYL9;MYH9;MYL6;RHOC;MYH11;RHOB"
"TNFs Bind Their Physiological Receptors R-HSA-5669034",0.00775867013178766,0.0956180858189114,0.407017918923954,0.484502662223138,1.51895939348797,29,"TNFRSF6B;TNFRSF1A;TNFSF11;TNFSF8;TNFRSF14;TNFRSF8;TNFSF13;TNFRSF1B;LTA;TNFSF4;EDAR;FASLG;TNFSF14;TNFRSF18;EDARADD;EDA2R;CD70;TNFRSF9;TNFRSF4"
"DNA Damage Recognition In GG-NER R-HSA-5696394",0.00805862926946635,0.0973303335101103,0.380730400722792,-0.310293374563929,-1.70913946780691,35,"RAD23B;PARP1;DDB1;RAD23A;RBX1"
"Chondroitin Sulfate Biosynthesis R-HSA-2022870",0.00829370652143966,0.0990687800967572,0.380730400722792,0.548323293849288,1.62160018786621,20,"BGN;DCN;CSPG4;CHST3;CHST9;CHST13;CHSY1;CHPF2;NCAN"
"Ion Homeostasis R-HSA-5578775",0.0085107848670528,0.100556773374852,0.380730400722792,-0.271823989958121,-1.5670838654591,49,"ATP1B1;ATP2B1;CAMK2B;ATP2B4;ASPH;AHCYL1;RYR2;ATP1A3;SLC8A2;SLC8A1;FXYD7;ATP2B3;CAMK2D;CALM1;SRI;CAMK2G;ATP2A2;ATP1B2;CAMK2A;TRDN"
"Molecules Associated With Elastic Fibres R-HSA-2129379",0.00863735810957118,0.100954927581762,0.380730400722792,0.502638170544959,1.57140086717543,28,"ITGB5;EFEMP1;FBLN5;MFAP4;FBLN2;FBLN1;ITGA8;TGFB1;TGFB3;LTBP4;ITGB1;ITGB6"
"RHO GTPases Activate CIT R-HSA-5625900",0.00938111172026606,0.108481579148183,0.380730400722792,0.557260395894673,1.6208951002042,19,"MYL9;MYH9;MYL6;KIF14;RHOC;MYH11;RHOB"
"Complement Cascade R-HSA-166658",0.0099283868605763,0.111259345540685,0.380730400722792,0.420443499032979,1.44629159201381,54,"CFH;SERPING1;C1R;MASP1;C1QC;FCN1;GZMM;CFHR5;C1S;CR1;CFHR3;C8G;AKR1C1;CD55;MASP2;CD81;CFB;PSMA7;CFHR4;CFHR2;COLEC11;C4BPA;FCN3;CD59;PIKFYVE;C5;CFI;FCN2"
"Degradation Of GLI1 By Proteasome R-HSA-5610780",0.00985832069066487,0.111259345540685,0.380730400722792,-0.241226579956067,-1.45113470433441,58,"PRKACB;PSMC5;PSMB7;PSMD8;SKP1;RBX1;PSME3;PSMD2;PSMC4;PSMB6;PSMD14;PSMD3;SEM1;CUL1;PSMB2"
"Signaling By Cytosolic FGFR1 Fusion Mutants R-HSA-1839117",0.00983014154842635,0.111259345540685,0.380730400722792,-0.428096892650579,-1.80959214277867,17,"PIK3R1;GRB2;FGFR1OP2"
"Interferon Gamma Signaling R-HSA-877300",0.010868290394635,0.120549302642533,0.380730400722792,0.386591799020688,1.40098643599489,85,"HLA-E;TRIM5;PTAFR;B2M;HLA-F;IRF3;HLA-G;GBP5;HLA-A;HLA-C;TRIM26;OAS1;TRIM22;TRIM38;GBP4;TRIM62;ICAM1;FCGR1A;HLA-DQA2;TRIM35;TRIM48;OAS3;TRIM21;SP100;PML;IRF8;TRIM46"
"Interferon Signaling R-HSA-913531",0.0114335415885304,0.123275834761656,0.380730400722792,0.336839214722684,1.28909097248988,188,"FLNA;HLA-E;IFITM3;IFITM1;IFI27;XAF1;TRIM5;PTAFR;B2M;HLA-F;IRF3;HLA-G;GBP5;HLA-A;IFNAR1;HLA-C;NUP37;NUP85;TRIM26;ISG15;OAS1;TRIM22;TRIM38;GBP4;TRIM62;ICAM1;FCGR1A;IFIT3;HLA-DQA2;TRIM35;IFNA8;RSAD2;TRIM48;OAS3;IFNA4;IFNA5;TRIM21;UBA7;SP100;NUP210;PML;IRF8;PSMB8;TRIM46;RNASE7;NUP153;NDC1;EIF4E2;IRF6;IFNA14;EGR1;ABCE1;NUP160;EIF2AK2;VCAM1;IRF4;ISG20;FLNB;HLA-DPA1;PDE12;POM121C;NUP93;OAS2;NUP98;IRF5;PRKCD;PTPN1;MX1;NUP43;TYK2;BST2;IRF7;JAK2;NUP214;HLA-B;IRF1;SAMHD1;IFIT2;IFNB1;AAAS;IFI30"
"Striated Muscle Contraction R-HSA-390522",0.0114543323927573,0.123275834761656,0.380730400722792,0.468909546508567,1.50452168664314,33,"VIM;TTR;TPM2;TNNI1;MYH6;TPM4;MYBPC3;TNNI3;TPM1;ACTN3;TNNT2"
"p130Cas Linkage To MAPK Signaling For Integrins R-HSA-372708",0.0113085419010725,0.123275834761656,0.380730400722792,0.571406823679216,1.58343496586319,15,"FN1;VWF;TLN1;RAP1B"
"Sema4D Induced Cell Migration And Growth-Cone Collapse R-HSA-416572",0.0118283029594828,0.126052601146645,0.380730400722792,0.549806602265199,1.59921436053392,19,"MYL9;MYH9;MYL6;RHOC;MYH11;RHOB"
"Fatty acyl-CoA Biosynthesis R-HSA-75105",0.0130812823930466,0.137136936407124,0.380730400722792,-0.295101267713821,-1.64003974591165,36,"ACSL3;SCD5;FASN;SCD;ACACA;ELOVL4;ACSL4"
"GLI3 Is Processed To GLI3R By Proteasome R-HSA-5610785",0.0131207372459438,0.137136936407124,0.380730400722792,-0.236942155679114,-1.4253611069244,58,"PRKACB;PSMC5;PSMB7;PSMD8;SKP1;RBX1;PSME3;PSMD2;PSMC4;PSMB6;PSMD14;PSMD3;SEM1;CUL1;PSMB2;GSK3B"
"Formation Of Fibrin Clot (Clotting Cascade) R-HSA-140877",0.013296699199074,0.137652495518033,0.380730400722792,0.457530399786415,1.4865151017429,37,"VWF;SERPING1;PROCR;PF4V1;SERPINC1;TFPI;GP9;PRTN3;GP1BA;PF4;F7;F8;FAM110A;GP5;SERPINA5;F13A1"
"Diseases Associated With Glycosaminoglycan Metabolism R-HSA-3560782",0.0135936771221065,0.138093492698134,0.380730400722792,0.444050332938986,1.46092255872148,40,"BGN;DCN;CSPG4;B4GALT1;GPC2;CHST3;CHSY1;PAPSS2;NCAN;GPC4;ACAN;PRELP;GPC6;GPC5;LUM;CHST14;CHST6;OMD;SDC2;VCAN;AGRN;SDC1;B3GALT6;EXT1;KERA"
"GPER1 Signaling R-HSA-9634597",0.0135932474635771,0.138093492698134,0.380730400722792,-0.273996276747714,-1.56203585664002,43,"PRKACB;GNAI1;GNG7;GNAS;ADCY8;GNAZ;ADCY1;PRKAR2B;PRKAR1B;GNG3;GNG4;GNB1;PRKAR1A"
"Loss Of Nlp From Mitotic Centrosomes R-HSA-380259",0.0137204206176618,0.138093492698134,0.380730400722792,-0.235212474537976,-1.42877441452961,68,"YWHAE;DYNC1H1;TUBB4A;CCP110;TUBB4B;DYNC1I2;TUBA4A;YWHAG;CEP57;PRKAR2B;PPP2R1A"
"Degradation Of GLI2 By Proteasome R-HSA-5610783",0.0141136485724013,0.13911760484637,0.380730400722792,-0.235787895261599,-1.41841748010683,58,"PRKACB;PSMC5;PSMB7;PSMD8;SKP1;RBX1;PSME3;PSMD2;PSMC4;PSMB6;PSMD14;PSMD3;SEM1;CUL1;PSMB2;GSK3B"
"Formation Of Tubulin Folding Intermediates By CCT/TriC R-HSA-389960",0.0141885819904976,0.13911760484637,0.380730400722792,-0.333886829562354,-1.5178283705748,24,"TUBB2B;TUBB4A;TUBA1C;TUBB4B;TUBA4A"
"Nuclear Envelope (NE) Reassembly R-HSA-2995410",0.0142791795162189,0.13911760484637,0.380730400722792,-0.22017864584185,-1.39963257243129,70,"TUBB2B;TUBB4A;SIRT2;PPP2CA;CHMP4B;TUBA1C;TUBB4B;KPNB1;TUBA4A;CHMP2B;TNPO1"
"Signaling By NTRK2 (TRKB) R-HSA-9006115",0.0143341046391844,0.13911760484637,0.380730400722792,-0.353532855587417,-1.59186810707926,23,"PIK3R1;NTRK2;GRB2"
"Chaperone Mediated Autophagy R-HSA-9613829",0.0153881740363904,0.148026063518198,0.380730400722792,-0.397472670458876,-1.74383918795842,18,"LAMP2;HSP90AB1;GFAP;PARK7;HSP90AA1;PLIN3"
"AURKA Activation By TPX2 R-HSA-8854518",0.0170214886844672,0.160890071304486,0.352487857583619,-0.216143565491173,-1.41493983562215,71,"YWHAE;DYNC1H1;TUBB4A;CCP110;TUBB4B;DYNC1I2;TUBA4A;YWHAG;CEP57;PRKAR2B;PPP2R1A"
"Neurexins And Neuroligins R-HSA-6794361",0.0169631222967021,0.160890071304486,0.352487857583619,-0.247861999252527,-1.56745138123832,57,"APBA2;EPB41L1;SYT1;LLGL1;NLGN4X;LRRTM4;STXBP1;APBA1;GRM5;NLGN4Y;GPRIN1;DLGAP4;LIN7B;STX1A;EPB41L3;NLGN3"
"RHO GTPases Activate PAKs R-HSA-5627123",0.0173540171076042,0.162570937803998,0.352487857583619,0.535475260948038,1.59245322407217,21,"MYL9;FLNA;MYH9;MYL6;MYH11"
"WNT5A-dependent Internalization Of FZD4 R-HSA-5099900",0.01749843580779,0.162570937803998,0.352487857583619,-0.428039372805998,-1.71947647632211,15,"CLTB;AP2A1;AP2B1;CLTA;PRKCB;AP2S1;AP2M1;CLTC"
"CREB1 Phosphorylation Thru NMDA Receptor-Mediated Activation Of RAS Signaling R-HSA-442742",0.0176954706691707,0.163008276418547,0.352487857583619,-0.322036486748182,-1.59456769001117,27,"CAMK2B;DLG1;LLGL1;RASGRF2;RASGRF1;GPRIN1;CAMK2D;CALM1;CAMK2G;CAMK2A;MAPK3;GRIN2B;MAPK1;NEFL"
"Glucagon Signaling In Metabolic Regulation R-HSA-163359",0.0184426402454331,0.168463444930973,0.352487857583619,-0.305034893220317,-1.61132013124395,32,"PRKACB;GNG7;GNAS;ADCY8;ADCY1;PRKAR2B;PRKAR1B;GNG3;GNG4;GNB1;PRKAR1A"
"Signaling By FGFR2 R-HSA-5654738",0.019576565609626,0.177331056813862,0.352487857583619,-0.214042705292265,-1.36062759888872,70,"PIK3R1;TIAL1;PTBP1;GRB2;PPP2CA;NCBP2;PPP2CB"
"GSK3B And BTRC:CUL1-mediated-degradation Of NFE2L2 R-HSA-9762114",0.0207667542650075,0.185028376115271,0.352487857583619,-0.239784541357938,-1.41779534606988,50,"PSMC5;PSMB7;PSMD8;SKP1;RBX1;PSME3;PSMD2;PSMC4;PSMB6;PSMD14;PSMD3;SEM1;CUL1;PSMB2;GSK3B"
"ROS And RNS Production In Phagocytes R-HSA-1222556",0.0206839279015617,0.185028376115271,0.352487857583619,-0.283213063832763,-1.57397047069815,36,"ATP6V0B;ATP6V1B2;ATP6V0D1;ATP6V0E2;ATP6V0C;ATP6V1G2;ATP6V1A;ATP6V0A1;ATP6V1F;ATP6V1H"
"Surfactant Metabolism R-HSA-5683826",0.0209748844499149,0.185363409732175,0.352487857583619,0.472571519871739,1.46870309234694,27,"GATA6;ADGRF5;ADRA2C;ADORA2A;SFTPC;CSF2RB;LMCD1;CKAP4;SFTPD;SLC34A1;SFTPA1;CSF2RA;PGA3;SFTPA2;CCDC59"
"PKA Activation R-HSA-163615",0.02201553631335,0.192991032037189,0.352487857583619,-0.398104137804407,-1.68281090600333,17,"PRKACB;ADCY8;ADCY1;PRKAR2B;PRKAR1B;CALM1;PRKAR1A"
"MAP3K8 (TPL2)-dependent MAPK1/3 Activation R-HSA-5684264",0.0225949255368225,0.196485472468209,0.352487857583619,-0.416697926156155,-1.67391676391989,15,"SKP1;FBXW11;CUL1;MAP2K4;RPS27A;UBA52;MAP2K1;CHUK;BTRC;TNIP2;NFKB1;UBB;IKBKB;MAP3K8;IKBKG"
"CTNNB1 S33 Mutants Not Phosphorylated R-HSA-5358747",0.0232744595519764,0.200788393119035,0.352487857583619,-0.412954502249484,-1.65887906001376,15,"PPP2CA;PPP2CB;PPP2R5B;PPP2R1A;GSK3B;PPP2R5D"
"Spry Regulation Of FGF Signaling R-HSA-1295596",0.0239539939197259,0.205023554257811,0.352487857583619,-0.410494642724651,-1.64899756112201,15,"GRB2;PPP2CA;PPP2CB;PPP2R1A"
"O-linked Glycosylation R-HSA-5173105",0.0250501002004008,0.211081076882447,0.287857117255149,0.364763754972278,1.35142364141668,105,"ADAMTS1;ST6GALNAC4;MUC13;B3GNT2;SPON2;MUC20;ADAMTS4;ST6GAL1;ADAMTSL5;ADAMTS6;GALNT10;ADAMTSL2;ADAMTS10;ST6GALNAC2;ADAMTS17;MUCL1;THSD7A;B3GNT3;THSD4;MUC5B;POMT1;ADAMTSL1;B3GNT6;B4GALT6;SEMA5A;B3GNT8;MUC12;B3GNT9;B3GNT7;CHST4;ADAMTS12;GALNTL5;POMT2;GCNT3;MUC15;ADAMTS20;ADAMTS7;MUC17;ADAMTS18;MUC1;A4GNT;POMK;ADAMTS13;ADAMTS19;B3GNTL1;MUC5AC;ST3GAL1;ADAMTS9;ADAMTS8;SBSPON;GALNT3;THBS1;ADAMTS3;MUC2"
"Signaling By Interleukins R-HSA-449147",0.024975024975025,0.211081076882447,0.287857117255149,0.297581817766668,1.17645499091023,447,"VIM;FN1;IL32;ANXA1;CEBPD;LAMA5;LIF;CNN2;COL1A2;PTPN14;IL25;PTAFR;NLRX1;CBL;CCL5;CASP1;CDKN1A;CCL20;MAP2K3;IL9R;IFNLR1;IL1RN;TSLP;CTF1;PTPN7;CCL3;TIMP1;ANXA2;SOCS2;IL31;CASP8;IL2RG;PSMD5;MAPK14;MAOA;MAPKAPK2;AGER;CXCL2;PTGS2;LCK;PTPN18;AKT1;MMP3;CD86;TIFA;IL36RN;IL20RA;CCR1;GATA3;CSF2RB;TNFRSF1A;INPP5D;IL15RA;IL17F;IFNL3;MCL1;VEGFA;IL3RA;ICAM1;FOXO3;FOS;IL9;PSMA4;RIPK2;POU2F1;IL1RAP;IL11;PITPNA;IL23A;MSN;P4HB;GSDMD;CNTF;STAT6;IL7R;TGFB1;PSME4;PRTN3;IL19;IL22RA1;OSMR;NLRC5;TAB3;CSF3;CREB1;PIK3R3;IL26;HSP90B1;CASP3;MAPK7;RAP1B;CCL19;CLCF1;AURKAIP1;PSMB8;IL10RA;CCR2;TWIST1;TNFRSF1B;IL16;ITGB2;DUSP3;IL37;MMP9;PSMF1;BCL6;NOD2;SOCS5;IL6R;NFKBIA;RPS6KA3;HCK;ITGB1;PSMA7;CD36;IL4;IRAK2;VCAM1;TP53;CSF2RA;IRF4;STXBP2;H3C13;NANOS2;MAPK9;IL27RA;MAPKAPK3;IL17RE;CRKL;S100A9;IL12A;IL5RA;IL1F10;IL3;IL23R;LBP"
"Laminin Interactions R-HSA-3000157",0.0267379679144385,0.223570547099959,0.287857117255149,0.496119221560381,1.48721798281412,22,"LAMA4;LAMA5;LAMC1;LAMC3;NID1;ITGA1;ITGA3;LMNB2;ITGB1;LAMB3;COL18A1"
"SLC Transporter Disorders R-HSA-5619102",0.027027027027027,0.224262430369301,0.276500599254472,0.366704478019478,1.34876972485651,98,"SLC2A1;SLC6A3;NUP37;NUP85;SLC7A7;AVPR1A;SLC5A2;HEPH;SLCO1B1;SLC35C1;SLC24A4;SLC40A1;SLCO2A1;SLC34A3;TAC4;SLC29A3;SLC6A20;NUP210;RNASE7;SLC6A19;NUP153;NDC1;SLC34A1;NUP160;AVPR2;SLC12A1;SLC39A4;SLC7A9;SLC2A2;SLC4A1;POM121C;SLC20A2;NUP93;SLC2A9;NUP98;SLC6A5;SLC5A1;SLC12A6;SLC26A4;SLC36A2;NUP43;SLC2A10;SLC1A1;SLC6A18;NUP214;SLC22A18;AAAS"
"Gluconeogenesis R-HSA-70263",0.0278493722632352,0.229335360985884,0.352487857583619,-0.295166758248076,-1.55170245317707,31,"PGK1;ENO1;ALDOC;MDH2;MDH1"
"Chemokine Receptors Bind Chemokines R-HSA-380108",0.0303643724696356,0.24816596146236,0.261663521711573,0.40351685387016,1.38416861885738,53,"CCL5;CCL20;CXCR6;CCL3;CCL17;CXCR2;CXCL2;CCR6;CCR1;CX3CL1;CCL27;CCL21;CCL1;CCL19;CCR2;CCL13;PF4;XCR1;CCR9;CCR5;CXCL9;PPBP;CXCR3;CCR7;CCL25;CNOT6;CCL22;ACKR4;CXCL8;CCL16;ACKR3;CXCR5;CXCL13;CXCL1;CXCL5;CXCL10;XCL1;CXCR1;CXCL6;CXCL11"
"Activation Of Matrix Metalloproteinases R-HSA-1592389",0.03125,0.249770220588235,0.261663521711573,0.450911323250682,1.44677341213229,33,"MMP13;MMP28;TIMP1;CTRB1;MMP3;MMP11;MMP24;MMP14;KLK2;CTSV;CTRB2;MMP9;PRSS58"
"Defective Intrinsic Pathway For Apoptosis R-HSA-9734009",0.0308629186501739,0.249770220588235,0.352487857583619,-0.312478206620718,-1.42050612723161,24,"APP;YWHAE;PRDX2;PRDX1;C1QBP"
"Initial Triggering Of Complement R-HSA-166663",0.031216361679225,0.249770220588235,0.266350657088526,0.506111765607134,1.49676467039791,20,"C1R;MASP1;C1QC;FCN1;GZMM;C1S;MASP2;CFB;COLEC11;FCN3;PIKFYVE;FCN2"
"Beta-catenin Phosphorylation Cascade R-HSA-196299",0.0314799252884633,0.249771378018684,0.321775918075361,-0.380383546823376,-1.60790486777885,17,"PPP2CA;PPP2CB;PPP2R5B;PPP2R1A;GSK3B;PPP2R5D;FRAT2"
"Golgi Associated Vesicle Biogenesis R-HSA-432722",0.0333107460491985,0.262382470691875,0.321775918075361,-0.242977792667754,-1.52860549482593,54,"DNAJC6;VAMP2;TPD52;DNM2;GOLGB1;SORT1;BLOC1S1;FTH1"
"EPHA-mediated Growth Cone Collapse R-HSA-3928663",0.0347144456886898,0.271471960169826,0.257206466468838,0.540246435410561,1.49708589495647,15,"MYL9;MYH9;MYL6;MYH11"
"Degradation Of Extracellular Matrix R-HSA-1474228",0.034965034965035,0.271478521478521,0.241339976815091,0.353406340239597,1.3137898829604,109,"ADAMTS1;LAMA4;DCN;LAMA5;MMP13;COL23A1;LAMC1;MMP28;ADAMTS4;TLL2;TIMP1;NID1;CAPN12;CTRB1;MMP3;MMP11;COL9A1;MMP24;CAPN7;MMP14;KLK2;CTSV;ADAM17;BMP1;CAPN6;CASP3;ACAN;CTRB2;MMP9;PRSS58;COL15A1;CXXC1;CTSL;CAPNS2;LAMB3;CAPN1;COL14A1;ADAMTS18;CAPN9;COL18A1;SCUBE1;COL13A1;CAPN5;CAPN2;ADAMTS9;TLL1;ADAMTS8;CAPN13;ERC2;CTSK;COL19A1;CAPN10;TMPRSS6;MMP1"
"Sensory Perception Of Taste R-HSA-9717189",0.0356052899287894,0.274489008174426,0.241339976815091,0.414390281720306,1.39627628746811,46,"TAS2R1;TRPM4;TAS2R16;TAS1R3;TAS2R4;GRM4;SCNN1A;GNAT3;TAS2R3;TAS2R41;ITPR3;CALHM3;TAS2R43;TAS1R1;PLCB2;CALHM1;OTOP1;TAS2R40;TAS2R46;TAS2R50;TAS2R10;SCN4B;GNG13;GNB3;SCNN1G;KCNJ2;TAS1R2;TAS2R5"
"Vasopressin Regulates Renal Water Homeostasis Via Aquaporins R-HSA-432040",0.0368553779351046,0.282125322644075,0.321775918075361,-0.247477226105496,-1.40100663183468,42,"PRKACB;GNG7;GNAS;AQP4;ADCY8;ADCY1;PRKAR2B;PRKAR1B;GNG3;GNG4;GNB1;PRKAR1A"
"Visual Phototransduction R-HSA-2187338",0.038038038038038,0.289142289142289,0.231126709673834,0.361226237825441,1.32460280916855,95,"TTR;APOM;GRK1;APOB;APOA1;OPN1MW3;GPC2;CLPS;GUCY2D;GNAT1;C1D;AKR1C3;LPL;GUCY2F;RDH10;GPC4;AKR1C1;NMT1;CYP4V2;RETSAT;GPC6;GPC5;GRK7;BCO1;CAMKMT;STRA6;GPIHBP1;SDC2;RHO;RDH5;AGRN;PPEF1;SDC1;GUCA1C;PLB1;NAPEPLD;BCO2;GNGT1;OPN1SW;OPN1LW;APOA4;DHRS9;FNTA;CNGB1;AKR1C4;APOC3;RIMBP2;PDE6A;RPE65;LRP12;DHRS3;LRP10;MYO7A;RGS9BP;HSPG2;METAP1;GPC3;RDH8"
"Glucagon-like Peptide-1 (GLP1) Regulates Insulin Secretion R-HSA-381676",0.0394332384535825,0.293588563007152,0.321775918075361,-0.246133425178768,-1.39339916815069,42,"PRKACB;GNG7;GNAS;ADCY8;PRKAR2B;PRKAR1B;RAPGEF3;GNG3;GNG4;KCNC2;GNB1;PRKAR1A"
"NOTCH4 Intracellular Domain Regulates Transcription R-HSA-9013695",0.0392584514721919,0.293588563007152,0.237793834423688,0.504777877676263,1.46823997299025,19,"ACTA2;MAMLD1;FLT4;NOTCH4;MAML3;RBPJ;MAML2;HEY1;CREBBP;EP300;NOTCH1;HES5;NOTCH2;SNW1"
"RET Signaling R-HSA-8853659",0.039156728096401,0.293588563007152,0.321775918075361,-0.254856510135118,-1.44993909551075,40,"PRKACB;PIK3R1;GRB2;CLSTN1;RAP1GAP;SHC3;GFRA1"
"Mitochondrial Calcium Ion Transport R-HSA-8949215",0.0402448900170425,0.297593166316498,0.321775918075361,-0.333160041360464,-1.46206969697769,21,"SPG7;AFG3L2;VDAC2;MCU;AKAP1;PMPCB;YME1L1"
"Ribosomal Scanning And Start Codon Recognition R-HSA-72702",0.0415426781430501,0.305114129334429,0.321775918075361,-0.227826171207381,-1.4407470601309,57,"RPS15;EIF4H;EIF3K;EIF1AX;EIF3A;RPS27L;RPS16;EIF4A2;EIF3C;RPS12;RPS29;EIF4G1"
"Defective B3GALT6 Causes EDSP2 And SEMDJL1 R-HSA-4420332",0.0419806243272336,0.306261333179214,0.227987202850442,0.491464087049725,1.45344592292367,20,"BGN;DCN;CSPG4;GPC2;NCAN;GPC4;GPC6;GPC5;SDC2;VCAN;AGRN;SDC1;B3GALT6"
"Antigen Activates B Cell Receptor Leading To Second Messenger Generation R-HSA-983695",0.0425067080393801,0.308031944258708,0.321775918075361,-0.285112441350945,-1.49884654119397,31,"PIK3R1;CD22;GRB2;CLSTN1;AHCYL1"
"SARS-CoV-2 Activates/Modulates Innate And Adaptive Immune Responses R-HSA-9705671",0.043,0.309543046357616,0.216542836735348,0.345943357199614,1.28975611305278,114,"HLA-E;B2M;HLA-F;IRF3;STING1;HLA-G;HLA-A;IFNAR1;MASP1;HLA-C;NUP37;NUP85;ISG15;MAVS;IL17F;IKBKE;RIPK2;IFNA8;IFNA4;SIKE1;IFNA5;TAB3;NUP210;RNASE7;NUP153;NDC1;MASP2;TLR2;NOD2;IFNA14;SFTPD;NUP160;IRAK2;RNF135;SEC23A;POM121C;NUP93;NUP98;CREBBP;IRAK1;NUP43;TYK2;IRF7;TLR8;NUP214;HLA-B;TLR7;SEC24D;IFNB1;AAAS;TKFC;PIK3R4;IL17RC;TLR1;NLRP12;TAB1;TRAF6;MBL2;IKBKG;RANBP2;NUP35;NUP42"
"YAP1- And WWTR1 (TAZ)-stimulated Gene Expression R-HSA-2032785",0.0436730123180291,0.3123195025638,0.227987202850442,0.528359300190644,1.46414525656863,15,"WWTR1;TBX5;TEAD4;GATA4;YAP1;NPPA;CCN2;RUNX2"
"Translation Initiation Complex Formation R-HSA-72649",0.0444076464744679,0.315497462207494,0.321775918075361,-0.226373482555018,-1.43156042062375,57,"RPS15;EIF4H;EIF3K;EIF1AX;EIF3A;RPS27L;RPS16;EIF4A2;EIF3C;RPS12;RPS29;EIF4G1"
"CRMPs In Sema3A Signaling R-HSA-399956",0.0454491613932067,0.319502077892526,0.321775918075361,-0.381272572852627,-1.59444055405908,16,"DPYSL2;PLXNA4;DPYSL3;FYN;CDK5R1;GSK3B"
"Mitophagy R-HSA-5205647",0.0455591739405165,0.319502077892526,0.321775918075361,-0.287158275189202,-1.42186778945359,27,"ATG12;TOMM20;TOMM5;MAP1LC3A;ULK1;PINK1;SQSTM1;MFN1;TOMM70"
"GRB2:SOS Provides Linkage To MAPK Signaling For Integrins R-HSA-354194",0.0470324748040314,0.327719872512706,0.219250346703755,0.528030493800149,1.46323409570367,15,"FN1;VWF;TLN1;RAP1B"
"Negative Regulation Of MAPK Pathway R-HSA-5675221",0.047711796303,0.329165696579084,0.321775918075361,-0.251222062799182,-1.42926186313338,40,"PEBP1;PPP2CA;PPP2CB;PPP2R5B;PTPN3;YWHAB;PPP2R1A"
"mRNA Activation Upon Binding Of Cap-Binding Complex And eIFs, Subsequent Binding To 43S R-HSA-72662",0.0478456118302624,0.329165696579084,0.321775918075361,-0.209592929841511,-1.26083773326942,58,"RPS15;EIF4H;EIF3K;EIF1AX;EIF3A;RPS27L;RPS16;EIF4A2;EIF3C;RPS12;RPS29;EIF4G1"
"Activation Of SMO R-HSA-5635838",0.0484581497797357,0.331051377118644,0.213927855492356,0.501159289510457,1.4382276106492,18,"ARRB2;IQCE;EVC2;GAS8;IHH;SMOX;CSNK1A1;GAS1"
"MET Promotes Cell Motility R-HSA-8875878",0.048728813559322,0.331051377118644,0.208955027549354,0.44821379809273,1.40125361000594,28,"LAMA4;LAMA5;LAMC1;LAMC3;RAP1B;ITGA3;LMNB2;TNS4;ITGB1;CRKL;LAMB3;SOS1"
"Non-integrin membrane-ECM Interactions R-HSA-3000171",0.0522540983606557,0.352796303838713,0.197822021315103,0.415830330433323,1.37211346713285,41,"LAMA4;TTR;LAMA5;LAMC1;ITGB5;PDGFB;LAMC3;TNNI3;TGFB1;LMNB2;ITGB1;LAMB3;SDC2;DDR2;NTN4;AGRN;SDC1;ITGA2"
"Antigen Presentation: Folding, Assembly, Peptide Loading Of Class I MHC R-HSA-983170",0.0550847457627119,0.367344286159925,0.195789002148949,0.442033631539875,1.38193251652449,28,"HLA-E;B2M;HLA-F;HLA-G;HLA-A;HLA-C"
"Tight Junction Interactions R-HSA-420029",0.0550847457627119,0.367344286159925,0.195789002148949,0.44218639609902,1.38241010532451,28,"CLDN5;CLDN15;CLDN9;CLDN7;PARD6A;CLDN12;PATJ;CLDN20;CLDN23;PARD3;PRKCI;CLDN14"
"Synthesis Of Leukotrienes (LT) And Eoxins (EX) R-HSA-2142691",0.0559741657696448,0.370999501168316,0.195789002148949,0.477661103550631,1.41262525948238,20,"LTC4S;MAPKAPK2;CYP4F3;GGT5;ALOX5AP;DPEP1;GGT1;DPEP3;CYP4F2;ABCC1;CYP4F8;CYP4F22;PTGR1;CYP4F11;DPEP2;CYP4B1"
"Eicosanoid Ligand-Binding Receptors R-HSA-391903",0.0571108622620381,0.376239438053548,0.197822021315103,0.517240069874772,1.43333257224983,15,"PTGER3;CYSLTR1;PTGIR;CYSLTR2;PTGDR2;PTGFR;PTGER1"
"NOTCH3 Intracellular Domain Regulates Transcription R-HSA-9013508",0.0575079872204473,0.376573386196543,0.191892240384838,0.4527864098317,1.38026862519267,24,"NOTCH3;MAMLD1;PLXND1;MAML3;IKZF1;RBPJ;MAML2;HEY1;CREBBP;EP300;DLGAP5;NOTCH1;HES5;SNW1;HEYL"
"Nucleotide Catabolism R-HSA-8956319",0.058455114822547,0.380483292288075,0.188204146308491,0.427279311455411,1.37457300952433,34,"NUDT1;UPP2;ENTPD1;NUDT5;ENTPD7;ADPRM;NT5E;NUDT16;ENTPD8;ENTPD2;AGXT2;PPY;ITPA;NT5C3A"
"SLC-mediated Transmembrane Transport R-HSA-425407",0.0589410589410589,0.381362684934114,0.183023938384487,0.306162284343094,1.18106267240974,247,"SLC2A1;SLC9A3;SLC36A1;SLC6A3;SLC4A2;SLC1A5;SLC35B4;SLCO2B1;SLC9A1;SLC22A7;SLC38A5;SLC7A7;SLC2A6;SLC2A4;SLC7A3;SLC6A6;RSC1A1;SLC5A2;HEPH;SLC44A2;SLC25A18;SLC5A4;AHCYL2;SLCO1B1;SLC35C1;SLC24A4;SLC15A3;SLC40A1;SLCO2A1;LCN15;SLC34A3;SLCO4A1;SLC22A2;SLC29A3;SLC8B1;LCN12;SLC6A20;SLC12A7;SLC27A1;SLC6A19;SLC39A2;SLC2A12;SLC30A8;SLC2A14;SLC25A10;SLC24A3;SLC2A7;SLC34A1;SLC22A16;SLC22A8;SLC17A6;SLC22A4;SLC12A1;SLC39A5;SLC5A10;SLC39A4;SLC7A9;SLC2A2;SLC44A5;SLC4A1;SLC44A3;SLC4A5;SLC20A2;SLC26A9;SLC18A2;SLC2A9;SLC6A5;SLC29A4;CTNS;SLC5A1;SLC16A7;SLC9A2;SLC12A6;SLC39A7;SLC26A4;SLC50A1;SLC36A2;SLC4A7;SLC6A1;SLC5A3;SLC17A1;SLC2A10;SLC30A10;SLC5A8;SLC5A9;SLC31A1;SLC16A8;SLC16A3;SLC1A1;SLC6A18;SLC28A1;SLC47A2;SLC15A1;SLC12A4;SLC1A7;SLC22A18;SLC39A8;SLC28A2;SLC7A1;SLC30A1;EMB;SLC5A6;SLC30A3"
"Cell-extracellular Matrix Interactions R-HSA-446353",0.0593505039193729,0.381521965868191,0.193813302725311,0.516186152211313,1.43041204345965,15,"FLNA;LIMS2;PXDN;PARVA;VASP;FBLIM1;ITGB1;RSU1;ILK;ARHGEF6;FLNC"
"Signaling By Erythropoietin R-HSA-9006335",0.0596676487558349,0.381521965868191,0.321775918075361,-0.292221631484328,-1.32842102021199,24,"PIK3R1;GRB2;CLSTN1"
"Purine Catabolism R-HSA-74259",0.0601336302895323,0.381819282945736,0.191892240384838,0.503743798312661,1.41644720430141,16,"NUDT1;NUDT5;ADPRM;NT5E;NUDT16;PPY;ITPA"
"Signaling By High-Kinase Activity BRAF Mutants R-HSA-6802948",0.0604166666666667,0.381819282945736,0.184706471207739,0.426469037832251,1.36834901502423,33,"FN1;VWF;TLN1;CNKSR1;ARRB2;IQGAP1;MARK3;KSR2;RAP1B;RNASE3"
"Sensory Perception Of Sweet, Bitter, And Umami (Glutamate) Taste R-HSA-9717207",0.0616016427104723,0.387057720383141,0.181383128498408,0.407210155241669,1.33971862602965,40,"TAS2R1;TRPM4;TAS2R16;TAS1R3;TAS2R4;GRM4;GNAT3;TAS2R3;TAS2R41;ITPR3;CALHM3;TAS2R43;TAS1R1;PLCB2;CALHM1;TAS2R40;TAS2R46;TAS2R50;TAS2R10;SCN4B;GNG13;GNB3;TAS1R2;TAS2R5"
"NCAM1 Interactions R-HSA-419037",0.0623700623700624,0.389633665495734,0.181383128498408,0.414566241722833,1.34692466179618,37,"COL4A1;COL4A2;CACNA1H;COL6A1;NRTN;CACNA1S;ENTHD1;COL9A1;COL6A2;COL6A5;NCAN;CACNA1G;ST8SIA4;ST8SIA2;COL6A6;COL6A3;AGRN;ARTN;GDNF;COL4A5;GFRA4"
"Aflatoxin Activation And Detoxification R-HSA-5423646",0.0632497273718648,0.392871163732669,0.184706471207739,0.485206783771521,1.41131382060344,19,"AKR7L;CYP3A4;GGT5;DPEP1;CYP1A2;GGT1;ACY3;CYP3A5;GGT6;AKR7A3;AKR7A2;DPEP3"
"Regulation Of Signaling By CBL R-HSA-912631",0.0653295631711554,0.403484290721852,0.287805130535564,-0.332629603566467,-1.45935200300593,18,"PIK3R1;GRB2;CLSTN1"
"Cobalamin (Cbl, Vitamin B12) Transport And Metabolism R-HSA-196741",0.0668824163969795,0.409100329316377,0.178219874951973,0.461536983097071,1.3725677176201,21,"CUBN;CTRB1;TCN2;MMAB;TCN1;MTRR;CTRB2;PRSS58"
"Diseases Of DNA Repair R-HSA-9675135",0.0671414038657172,0.409100329316377,0.172324344900946,0.387409359791507,1.31724234192057,50,"RAD51D;RAD9A;XRCC2;RHNO1;RAD51;MLH1;RMI1;EXO1;BLM;TOP3A;NEIL1;SERPINA2;MUTYH;RFC4;MSH6;NEIL3;OGG1;RAD50;PALB2;RAD17;ARTN;MSH3;RFC5;BARD1;RAD51B;RBBP8;MRE11"
"MAP2K And MAPK Activation R-HSA-5674135",0.0675675675675676,0.409100329316377,0.173747838999571,0.412540573127202,1.34034326969647,37,"FN1;VWF;TLN1;CNKSR1;ARRB2;IL17RD;IQGAP1;MARK3;KSR2;RAP1B;RNASE3"
"Post-translational Protein Phosphorylation R-HSA-8957275",0.0681362725450902,0.409100329316377,0.169570644405628,0.338754055549003,1.25505956404439,105,"IGFBP4;IGFBP3;IGFBP7;FN1;MFGE8;LAMC1;APOL1;VWA1;MXRA8;TIMP1;APOB;ITIH2;APOA1;TRIM26;SERPINC1;NOTUM;RCN1;MATN3;APOA5;IGFBP5;LGALS1;TNNI3;P4HB;MSLN;HSP90B1;CKAP4;LMNB2;FBN1;CXXC1;FGF23;PNPLA2;SERPINA10;BPIFB2;PRSS23;MELTF"
"Signaling By FLT3 Fusion Proteins R-HSA-9703465",0.0684970192599638,0.409100329316377,0.287805130535564,-0.331488656787239,-1.45434630612948,18,"PIK3R1;GRB2;GOLGB1"
"TRAF6 Mediated IRF7 Activation R-HSA-933541",0.0684491978609626,0.409100329316377,0.175204047558551,0.459119717327274,1.37630446513662,22,"IRF3;MAVS;IKBKE;IFNA8;IFNA4;SIKE1;IFNA5;IFNA14;RNF135;CREBBP;IRF7;EP300;IFNB1"
"Defects Of Contact Activation System (CAS) And Kallikrein/Kinin System (KKS) R-HSA-9651496",0.070548712206047,0.419051640262148,0.176694268938498,0.500340262476295,1.38650123450206,15,"VWF;SERPING1;GP9;GP1BA;F8;FAM110A;GP5"
"Platelet Aggregation (Plug Formation) R-HSA-76009",0.0718002081165453,0.422626022626023,0.16823816568964,0.409609511819155,1.32762748112851,36,"FN1;VWF;TLN1;ADRA2C;MPL;AKT1;ADRA2B;GP9;RAP1B;GP1BA;RASGRP2;GP5;SOS1;PTPN1;CSK"
"Platelet Degranulation R-HSA-114608",0.0719280719280719,0.422626022626023,0.16440575583821,0.327266785951775,1.22569934767356,124,"FLNA;TIMP3;TAGLN2;FN1;SRGN;VWF;TTR;TLN1;SERPING1;CLEC3B;SYTL4;PECAM1;PLEK;PDGFB;IGF2;TIMP1;ITIH3;APOA1;ECM1;WDR1;CD109;VEGFA;SPARC;SERPINF2;TGFB1;LHFPL2;TGFB3;SERPINA3;ORM2;PF4;CD36;VCL;F8;STXBP2;SERPINA4;F13A1;HSPA5;SOS1;VEGFC;GTPBP2;PIKFYVE;CTSW;ORM1;PFN1;NHLRC2;SFTPA2;ACTN4;A1BG;PPBP;BRPF3;ITIH4;IGF1;MANF;SGPP2;THBS1;LEFTY2;CALU;VEGFB;MAGED2;F5;ISLR;EGF;RARRES2;PCDH7;TOR4A;FGB;VPS72;CDC37L1;LY6G6F"
"Common Pathway Of Fibrin Clot Formation R-HSA-140875",0.0727272727272727,0.425024437927664,0.169570644405628,0.455194300326635,1.36453723157725,22,"PROCR;PF4V1;SERPINC1;PRTN3;PF4;F8;FAM110A;SERPINA5;F13A1;SERPINE2;PROC;F5;TTF2;FGB;SERPIND1"
"IL-6-type Cytokine Receptor Ligand Interactions R-HSA-6788467",0.0734649122807018,0.427039356412421,0.170932335370056,0.489806464933901,1.39910542947139,17,"LIF;CTF1;IL31;IL11;CNTF;OSMR;CLCF1;CRLF1;TYK2;JAK2"
"Negative Regulation Of NOTCH4 Signaling R-HSA-9604323",0.0743209768105169,0.429717562728893,0.287805130535564,-0.220473285336995,-1.32046899895172,52,"PSMC5;PSMB7;PSMD8;SKP1;FBXW7;RBX1;PSME3;PSMD2;PSMC4;PSMB6;PSMD14;PSMD3;SEM1;CUL1;PSMB2"
"Defective B4GALT7 Causes EDS, Progeroid Type R-HSA-3560783",0.077502691065662,0.44574299041468,0.16440575583821,0.46213988492928,1.36672312234061,20,"BGN;DCN;CSPG4;GPC2;NCAN;GPC4;GPC6;GPC5;SDC2;VCAN;AGRN;SDC1"
"Signaling By RAF1 Mutants R-HSA-9656223",0.0783505154639175,0.448247422680412,0.159646701919906,0.403479872757413,1.31626189638184,38,"FN1;VWF;TLN1;CNKSR1;ARRB2;IQGAP1;MARK3;KSR2;RAP1B;RNASE3"
"HDMs Demethylate Histones R-HSA-3214842",0.0788072417465389,0.448499852243391,0.161978948883402,0.435848547093071,1.34561437247461,26,"UTY;KDM5A;KDM4D;PHF2;KDM5D;PHF8;H3C13;JMJD6;KDM3B;KDM3A;KDM4A;H3C7;KDM7A;KDM2A;KDM6A"
"Cell Junction Organization R-HSA-446728",0.0793969849246231,0.449502721943049,0.156312403073186,0.348894349380901,1.2604146604867,83,"FLNA;LAMA4;CD151;LIMS2;CLDN5;CDH5;CLDN15;CLDN9;CDH12;PXDN;NECTIN2;NECTIN4;CLDN7;PARD6A;PARVA;CLDN12;PATJ;VASP;FBLIM1;CLDN20;CLDN23;PARD3;PRKCI;CLDN14;ITGB1;RSU1"
"Amino Acids Regulate mTORC1 R-HSA-9639288",0.0829199124848124,0.463045793397231,0.287805130535564,-0.220611147957563,-1.38789396876656,54,"ATP6V0B;ATP6V1B2;ATP6V0D1;ATP6V0E2;ATP6V0C;ATP6V1G2;ATP6V1A;ATP6V1F;ATP6V1H;BMT2;CASTOR2;RRAGA;WDR59"
"Interleukin-6 Family Signaling R-HSA-6783589",0.0830670926517572,0.463045793397231,0.157402899305283,0.438282351658589,1.33605462936678,24,"LIF;CBL;CTF1;IL31;IL11;CNTF;OSMR;CLCF1;IL6R;CRLF1;TYK2;JAK2"
"Mitochondrial Protein Import R-HSA-1268020",0.082920564176279,0.463045793397231,0.287805130535564,-0.207900674396446,-1.24461302149117,63,"ATP5F1A;HSPA9;ATP5F1B;TOMM20;CMC2;TOMM5;NDUFB8;TIMM17A;SLC25A6;CHCHD10"
"Metabolism Of Vitamins And Cofactors R-HSA-196854",0.0839160839160839,0.465391751106037,0.151148761385484,0.310535374993804,1.18777903294255,183,"TTR;FOLR2;APOM;FLAD1;SLC2A1;PTGIS;COQ7;SLC52A2;CUBN;MTHFD2;APOB;PTGS2;APOA1;CTRB1;AKT1;VNN1;VNN2;NADK;TCN2;GPC2;NAXE;CLPS;NMRK2;SLC19A2;PRKG2;SHMT1;GCHFR;MMAB;C1D;SHMT2;AKR1C3;TCN1;LPL;MCCC1;SLC52A3;RNLS;PARP4;NT5E;GPC4;AKR1C1;PTS;ENPP1;MTHFR;NNMT;MTRR;CTRB2;TACR1;PRSS58;PANK1;RETSAT;GPC6;GPC5;BCO1;PDSS1;COQ5;GPIHBP1;ENPP3;SLC22A13;SDC2;ABCC1;MOCS1;SLC19A1;SLC5A8;AGRN;THTPA;SDC1;PDSS2;COQ2;PLB1;CYB5R3;BCO2;SLC5A6;DHFR;SLC19A3;SLC23A1;NAPRT;PARP9;APOA4;BST1;NUDT12;NMNAT3;PROC;COQ9;NANOS3;PARP8;MOCOS;SLC25A16;AKR1C4;APOC3;UBIAD1;MMADHC;RIMBP2;SLC52A1;LRP12;NADSYN1;MTR;COQ3;SLC46A1"
"Defective B3GAT3 Causes JDSSDHD R-HSA-3560801",0.0871905274488698,0.473880516684607,0.154190966581424,0.455553419477227,1.34724444300265,20,"BGN;DCN;CSPG4;GPC2;NCAN;GPC4;GPC6;GPC5;SDC2;VCAN;AGRN;SDC1"
"EGR2 And SOX10-mediated Initiation Of Schwann Cell Myelination R-HSA-9619665",0.0868424129777138,0.473880516684607,0.287805130535564,-0.269145099229484,-1.36997602461724,29,"SCD5;MAG;DRP2;TEAD1;SREBF2;GJB1;SOX10;CYP51A1"
"Na+/Cl- Dependent Neurotransmitter Transporters R-HSA-442660",0.0861504907306434,0.473880516684607,0.156312403073186,0.466320784926972,1.35638039412076,19,"SLC6A3;SLC6A6;SLC22A2;SLC6A20;SLC6A19;SLC18A2;SLC6A5;SLC6A1;SLC6A18"
"Regulation Of IGF Transport And Uptake By IGFBPs R-HSA-381426",0.0869130869130869,0.473880516684607,0.148261500475107,0.324008983262522,1.21249438436611,122,"IGFBP4;IGFBP3;IGFBP7;FN1;MFGE8;LAMC1;APOL1;VWA1;IGF2;MXRA8;TIMP1;APOB;ITIH2;APOA1;TRIM26;SERPINC1;NOTUM;RCN1;MATN3;APOA5;IGFBP5;LGALS1;TNNI3;KLK2;P4HB;PAPPA;MSLN;HSP90B1;KLK1;CKAP4;LMNB2;FBN1;CXXC1;FGF23;PNPLA2;SERPINA10;BPIFB2;PRSS23;MELTF"
"Deregulated CDK5 Triggers Neurodegenerative Pathways In Alzheimers Disease Models R-HSA-8862803",0.0888270075554718,0.480372921456706,0.287805130535564,-0.30531217989827,-1.33985961979303,21,"APP;YWHAE;PRDX2;PRDX1"
"HSF1 Activation R-HSA-3371511",0.0903867931807914,0.486388337561981,0.287805130535564,-0.267953748492079,-1.32677633543107,27,"YWHAE;HSBP1;HSP90AB1;VCP"
"Endosomal Sorting Complex Required For Transport (ESCRT) R-HSA-917729",0.0917619403781256,0.488947201916777,0.287805130535564,-0.239878257052961,-1.18119283845851,28,"CHMP4B;CHMP2B;HGS;VPS37C;VPS36;VPS28;VPS4A"
"Transcriptional Regulation By MECP2 R-HSA-8986944",0.0915188646430436,0.488947201916777,0.287805130535564,-0.197712312379359,-1.22371402273373,60,"GRIA2;CAMK2B;TNRC6B;TBL1X;SOX2;MECP2;CAMK4;GPRIN1;MEF2C;CAMK2D;CALM1;MOBP;RNMT;SIN3A;CAMK2G;RBFOX1;PTEN;CAMK2A"
"Signaling By NOTCH3 R-HSA-9012852",0.0976602238046795,0.517837381832618,0.140406238523342,0.380004952864978,1.28349621679041,47,"NOTCH3;JAG1;MAMLD1;PLXND1;APH1B;MAML3;TACC3;IKZF1;DLL4;RBPJ;MAML2;HEY1;CREBBP;DLL1;EP300;DLGAP5;NOTCH1;HES5;YBX1;EGFR;SNW1;WWP2;HEYL;EGF"
"Amine Ligand-Binding Receptors R-HSA-375280",0.0995893223819302,0.522074079766387,0.139599673451922,0.391982340001346,1.28961921802474,40,"ADRA2C;ADRA2B;ADRB3;HTR4;ADRA1A;CHRM4;HTR7;HTR1F;HRH2;GPR143;DRD3;HTR6;HTR1E;TAAR6;CHRM5;HTR1A;HTR2C;ADRA1D;CHRM2;DRD5"
"Anti-inflammatory Response Favoring Leishmania Infection R-HSA-9662851",0.0999000999000999,0.522074079766387,0.137250779610133,0.310088880602217,1.17729278595179,162,"MYH9;GLP2R;RAMP2;CYSLTR1;PTHLH;PTGIR;ADORA2A;CPAMD8;MAPK14;GNG11;CYSLTR2;RAMP1;PTH2R;TARP;ADRB3;HTR4;ADCY4;GPR32;FCGR1A;GPR20;MC1R;INSL3;RLN2;PTH2;GGT5;HTR7;ADAM17;ADCY9;CD247;HRH2;CREB1;CALCB;DPEP1;PLCG2;GNAT3;GGT1;GPHA2;GIPR;PTH1R;ITPR3;RLN3;HCK;HTR6;TSHB;AVPR2;TAAR6;CALCRL;SCTR;PRKX;ADCYAP1;LHB;ADCY7;GPHB5;PRKAR2A;GLP1R;GHRH;RXFP2;IAPP;DPEP3;GPR39;VIPR2;CD163;FGR;GNB4;MC2R;CALCA;DRD5;POMC;MC4R;PTGDR;C1QTNF1;GHRHR;MC5R;TAAR5;GNGT1;GNG10"
"Nef-mediated Downmodulation Of Cell Surface Receptors By Recruitment To Clathrin Adapters R-HSA-164938",0.0990312163616792,0.522074079766387,0.143758989039275,0.448819784876978,1.32733052861078,20,"B2M;AP1B1;CD8B;HLA-A;LCK"
"Metabolism Of Cofactors R-HSA-8978934",0.101417666303162,0.527293630273543,0.142901149386948,0.456354068003126,1.32739035150155,19,"COQ7;AKT1;PRKG2;GCHFR;PTS;TACR1;PDSS1;COQ5;PDSS2;COQ2;DHFR;COQ9;NANOS3;COQ3"
"Regulation Of Complement Cascade R-HSA-977606",0.102040816326531,0.527293630273543,0.137250779610133,0.381362207157698,1.27560677852062,44,"CFH;SERPING1;C1R;C1QC;CFHR5;C1S;CR1;CFHR3;C8G;AKR1C1;CD55;CD81;CFB;PSMA7;CFHR4;CFHR2;C4BPA;CD59;C5;CFI"
"Retinoid Metabolism And Transport R-HSA-975634",0.102354145342886,0.527293630273543,0.137250779610133,0.384730977788792,1.27768567674871,42,"TTR;APOM;APOB;APOA1;GPC2;CLPS;C1D;AKR1C3;LPL;GPC4;AKR1C1;RETSAT;GPC6;GPC5;BCO1;GPIHBP1;SDC2;AGRN;SDC1;PLB1;BCO2;APOA4;AKR1C4;APOC3;RIMBP2;LRP12;LRP10;HSPG2;GPC3"
"Calnexin/calreticulin Cycle R-HSA-901042",0.104595581838987,0.536299044617826,0.287805130535564,-0.285545584218239,-1.29891520022607,25,"MARCHF6;CALR;PDIA3"
"Gap Junction Trafficking R-HSA-190828",0.108445678511931,0.552214018832278,0.287805130535564,-0.283600961572943,-1.29006932743979,25,"CLTCL1;CLTB;DNM1;DNM2;GJB6;GJB1;CLTA;GJA1"
"Negative Regulation Of NMDA Receptor-Mediated Neuronal Transmission R-HSA-9617324",0.108715547405803,0.552214018832278,0.287805130535564,-0.294065486086523,-1.29050361015216,21,"CAMK2B;DLG1;LLGL1;CAMK4;GPRIN1;CAMK2D;CALM1;CAMK2G;CAMK2A"
"Chondroitin Sulfate/Dermatan Sulfate Metabolism R-HSA-1793185",0.109867751780264,0.553594597211187,0.131457611642763,0.374121075078198,1.2720604410876,50,"BGN;DCN;CSPG4;DSE;GPC2;CHST3;CHST9;SPAM1;CHST13;CHSY1;ARSB;CHPF2;NCAN;GPC4;GPC6;GPC5;DSEL;CHPF;CHST14;SDC2;VCAN;AGRN;SDC1;B3GALT6;B3GAT3;HYAL3;IDUA;CHST15;CHST7;HSPG2;CSGALNACT1;GPC3;HEXB;UST;B4GALT7"
"PKA-mediated Phosphorylation Of CREB R-HSA-111931",0.110005918121082,0.553594597211187,0.287805130535564,-0.318619041321949,-1.37383492525314,19,"PRKACB;ADCY8;ADCY1;PRKAR2B;PRKAR1B;CALM1;PRKAR1A"
"Autodegradation Of Cdh1 By Cdh1:APC/C R-HSA-174084",0.111327524707,0.555105593378482,0.287805130535564,-0.204856629613055,-1.29568816559807,62,"PSMC5;UBE2E1;PSMB7;PSMD8;CDC16;PSME3;PSMD2;PSMC4;CDC26;PSMB6;PSMD14;PSMD3;SEM1"
"Response Of EIF2AK1 (HRI) To Heme Deficiency R-HSA-9648895",0.110862262038074,0.555105593378482,0.138022242496643,0.481884180999547,1.33535727973629,15,"DDIT3;CEBPB;CHAC1;GRB10;CEBPG;EIF2S3;PPP1R15A;TRIB3;EIF2S2;ATF5;ATF3"
"Cdc20:Phospho-APC/C Mediated Degradation Of Cyclin A R-HSA-174184",0.114103159528863,0.563773338217607,0.287805130535564,-0.184154621608747,-1.20553072878212,71,"PSMC5;UBE2E1;PSMB7;PSMD8;CDC16;BUB3;PSME3;PSMD2;PSMC4;CDC26;PSMB6;PSMD14;PSMD3;SEM1"
"Response To Elevated Platelet Cytosolic Ca2+ R-HSA-76005",0.113886113886114,0.563773338217607,0.127505315300183,0.31540323777817,1.18462739760129,129,"FLNA;TIMP3;TAGLN2;FN1;SRGN;VWF;TTR;TLN1;SERPING1;CLEC3B;SYTL4;PECAM1;PLEK;PDGFB;IGF2;TIMP1;ITIH3;APOA1;ECM1;WDR1;CD109;VEGFA;SPARC;SERPINF2;TGFB1;LHFPL2;TGFB3;SERPINA3;ORM2;PF4;CD36;VCL;F8;STXBP2;SERPINA4;F13A1;HSPA5;SOS1;VEGFC;GTPBP2;PIKFYVE;CTSW;ORM1;PFN1;NHLRC2;SFTPA2;ACTN4"
"TRP Channels R-HSA-3295583",0.115466101694915,0.567926029603497,0.130777137971974,0.418525644458422,1.28829754579765,25,"TRPV5;TRPV4;TRPC4;TRPM4;TRPC3;TRPC6;MCOLN3;TRPV2;TRPA1;MCOLN2;TRPM8;MCOLN1;TRPV6;TRPM1;TRPM6;TRPV3;TRPC5"
"RHOV GTPase Cycle R-HSA-9013424",0.118916648756811,0.582263050444387,0.287805130535564,-0.231028894646965,-1.28395439508074,36,"PIK3R1;GIT1;DST;CCP110;MYO9A"
"Generation Of Second Messenger Molecules R-HSA-202433",0.120762711864407,0.58436598919993,0.127505315300183,0.410909933955427,1.28463030543121,28,"ITK;LCK;TARP;CD3E;HLA-DQA2;VASP;LCP2;FYB1;CD247;PLCG2;GRAP2;HLA-DPA1;NCK1;CD3D"
"Regulation Of MECP2 Expression And Activity R-HSA-9022692",0.120958921407529,0.58436598919993,0.287805130535564,-0.247366077458533,-1.30041252444353,31,"CAMK2B;TNRC6B;TBL1X;MECP2;CAMK4;CAMK2D;CALM1;SIN3A;CAMK2G;CAMK2A"
"STING Mediated Induction Of Host Immune Responses R-HSA-1834941",0.120267260579065,0.58436598919993,0.131457611642763,0.469487850018238,1.32012494216169,16,"IRF3;STING1;STAT6;TRIM21;CGAS;NLRC3;DDX41;MRE11;NLRP4;IFI16;TREX1"
"Regulation Of RUNX2 Expression And Activity R-HSA-8939902",0.123927344003903,0.596057623593993,0.287805130535564,-0.179150191649132,-1.17277024716265,71,"PSMC5;PSMB7;PSMD8;SKP1;FBXW7;RBX1;PSME3;PSMD2;PSMC4;PSMB6;PSMD14;PSMD3;DLX5;SKP2;SEM1;CUL1;STAT1;PSMB2;GSK3B"
"Defensins R-HSA-1461973",0.12680412371134,0.601904290280466,0.122107920287081,0.38483353293141,1.25806060443445,39,"TSPAN32;CCR6;DEFB119;DEFB127;DEFB107A;DEFB112;CCR2;TLR2;DEFB132;DEFB129;DEFB131A;DEFB126;DEFB130A;DEFB1;DEFA5;DEFB124;TLR1;DEFB121;DEFB136;DEFB105A;PRSS2;DEFB123;DEFB128;DEFB125;DEFB115;DEFB118;DEFA6;DEFB114;PRSS3;DEFB103A;CD4"
"PD-1 Signaling R-HSA-389948",0.126651982378855,0.601904290280466,0.126875729929857,0.452160018248443,1.297609435339,18,"PDCD1;LCK;TARP;CD3E;HLA-DQA2;CD247;HLA-DPA1;CSK;CD3D;HLA-DRA;PDCD1LG2;CD274"
"Resolution Of D-loop Structures Thru Holliday Junction Intermediates R-HSA-5693568",0.126041666666667,0.601904290280466,0.123257226381337,0.396908738146558,1.27350319183307,33,"RAD51D;XRCC2;EME2;RAD51;RMI1;EXO1;BLM;TOP3A;RAD50;PALB2;ARTN;BARD1;XRCC3;RAD51B;RBBP8;EME1;MRE11;SLX4;RAD51AP1;MUS81;SLX1A;BRCA2"
"O-linked Glycosylation Of Mucins R-HSA-913709",0.127789046653144,0.603942146573772,0.120433371642259,0.359565556229715,1.24198663072954,57,"ST6GALNAC4;MUC13;B3GNT2;MUC20;ST6GAL1;GALNT10;ST6GALNAC2;MUCL1;B3GNT3;MUC5B;B3GNT6;B4GALT6;B3GNT8;MUC12;B3GNT9;B3GNT7;CHST4;GALNTL5;GCNT3;MUC15"
"Ion Transport By P-type ATPases R-HSA-936837",0.129624258330731,0.609963501322529,0.249246554383295,-0.208411780501629,-1.24822966532242,52,"ATP1B1;ATP2B1;ATP8A1;CAMK2B;ATP2B4;ATP9A;ATP1A3"
"Beta Defensins R-HSA-1461957",0.133472367049009,0.620019072573817,0.119348440591015,0.395572899665344,1.25928551868434,32,"CCR6;DEFB119;DEFB127;DEFB107A;DEFB112;CCR2;TLR2;DEFB132;DEFB129;DEFB131A;DEFB126;DEFB130A;DEFB1;DEFB124;TLR1;DEFB121;DEFB136;DEFB105A;DEFB123;DEFB128;DEFB125;DEFB115"
"Class B/2 (Secretin Family Receptors) R-HSA-373080",0.133266533066132,0.620019072573817,0.116739204791222,0.331549173699243,1.21089123631651,91,"GLP2R;RAMP2;PTHLH;CPAMD8;UCN3;GNG11;CYSLTR2;RAMP1;PTH2R;FZD10;UCN2;PTH2;WNT1;FZD6;PTCH2;CALCB;CD55;GIPR;PTH1R;FZD4;IHH;WNT9A;WNT7B;CALCRL;SMOX;SCTR;ADCYAP1;WNT2;GLP1R;GHRH;IAPP;VIPR2;GNB4;FZD7;CALCA;WNT8A;ADGRE1;FZD8;C1QTNF1;GHRHR;GNGT1;GNG10;WNT3A;ADM;GNG8;GNG13;GNB3"
"Oncogene Induced Senescence R-HSA-2559585",0.133472367049009,0.620019072573817,0.119348440591015,0.395399203715411,1.25873256676426,32,"ID1;ETS1;CDKN2C;ETS2;AGO3;RB1;CDK4;MDM2;TP53;DAND5"
"Acyl Chain Remodelling Of PG R-HSA-1482925",0.138766519823789,0.639149182408721,0.120433371642259,0.447822633729491,1.28516200334736,18,"PLA2R1;PLA2G3;PLA2G4B;PLA2G2F;PLA2G1B;LPCAT1;CRLS1;PLA2G4D;PLA2G4A;PLA2G10;PLA2G4F;PLA2G5"
"Incretin Synthesis, Secretion, And Inactivation R-HSA-400508",0.138445154419595,0.639149182408721,0.118287526124085,0.414568294863636,1.26376498493537,24,"GATA4;GNAT3;TCF7L2;CDX2;PAX6;PCSK1;SPCS2;ISL1;SPCS3;SEC11A;SEC11C;C1QTNF1;GNG13;GNB3;DPP4;UCMA"
"ADORA2B Mediated Anti-Inflammatory Cytokine Production R-HSA-9660821",0.146853146853147,0.641069375320868,0.110122263835536,0.31049525731283,1.16708070740111,130,"GLP2R;RAMP2;PTHLH;PTGIR;ADORA2A;CPAMD8;GNG11;CYSLTR2;RAMP1;PTH2R;ADRB3;HTR4;ADCY4;GPR32;GPR20;MC1R;INSL3;RLN2;PTH2;HTR7;ADCY9;HRH2;CREB1;CALCB;GNAT3;GPHA2;GIPR;PTH1R;RLN3;HTR6;TSHB;AVPR2;TAAR6;CALCRL;SCTR;PRKX;ADCYAP1;LHB;ADCY7;GPHB5;PRKAR2A;GLP1R;GHRH;RXFP2;IAPP;GPR39;VIPR2;GNB4;MC2R;CALCA;DRD5;POMC;MC4R;PTGDR;C1QTNF1;GHRHR;MC5R;TAAR5;GNGT1;GNG10;GPR27;ADM;GNG8;GNG13;GNB3;LHCGR;PTGER2;ADRB2;TAAR8"
"Acyl Chain Remodelling Of PC R-HSA-1482788",0.144834930777423,0.641069375320868,0.115240003147781,0.40166829499858,1.24834324997463,27,"PLA2R1;TMEM86B;PLA2G4E;PLA2G3;PLA2G4B;PLA2G2F;PLA2G1B;LPCAT1;PLBD1;LPCAT3;PLA2G4D;PLA2G4A;PLA2G10;PLB1;LPCAT2;PLA2G4F;PLA2G5"
"Dectin-2 Family R-HSA-5621480",0.148029818956337,0.641069375320868,0.11378726182188,0.400456461770361,1.24457699844476,27,"MUC13;MUC20;FCER1G;MUCL1;CLEC10A;MUC5B;PLCG2;MUC12;CLEC4E;MUC15;MUC17;MUC1;CLEC6A;MUC5AC"
"Formation Of Senescence-Associated Heterochromatin Foci (SAHF) R-HSA-2559584",0.146929824561404,0.641069375320868,0.116234148779716,0.450104126210883,1.28569786618498,17,"CDKN1A;ASF1A;H1-3;RB1;TP53;HMGA1;EP400;LMNB1;H1-0;HMGA2;UBN1;CABIN1;H1-1;H1-5"
"HDR Thru Homologous Recombination (HRR) R-HSA-5685942",0.147773279352227,0.641069375320868,0.110564716336619,0.349677116775357,1.22130959798389,65,"RAD51D;RAD9A;XRCC2;EME2;RHNO1;POLD4;RAD51;RMI1;POLD2;POLD3;EXO1;BLM;TOP3A;POLE4;SERPINA2;RFC4;CHEK1;POLH;SLC19A1;RAD50;PALB2;RAD17;ARTN;POLD1;POLE;RFC5;BARD1;XRCC3;RAD51B;RBBP8;EME1;MRE11;SLX4;RAD51AP1;MUS81"
"Homologous DNA Pairing And Strand Exchange R-HSA-5693579",0.14431934493347,0.641069375320868,0.112843355675562,0.373412886072278,1.24009846773988,42,"RAD51D;RAD9A;XRCC2;RHNO1;RAD51;RMI1;EXO1;BLM;TOP3A;SERPINA2;RFC4;CHEK1;RAD50;PALB2;RAD17;ARTN;RFC5;BARD1;XRCC3;RAD51B;RBBP8;MRE11;RAD51AP1"
"Impaired BRCA2 Binding To PALB2 R-HSA-9709603",0.141640042598509,0.641069375320868,0.116739204791222,0.413637684394539,1.26092812321673,24,"RAD51D;XRCC2;RAD51;RMI1;EXO1;BLM;TOP3A;RAD50;PALB2;ARTN;BARD1;RAD51B;RBBP8;MRE11;RAD51AP1"
"Interleukin-37 Signaling R-HSA-9008059",0.141316073354908,0.641069375320868,0.11776578836269,0.424352948547443,1.26198588495479,21,"PTPN14;CASP1;PTPN7;PTPN18"
"Metabolism Of Fat-Soluble Vitamins R-HSA-6806667",0.141403865717192,0.641069375320868,0.11378726182188,0.367526576340005,1.23837036290405,46,"TTR;APOM;APOB;APOA1;GPC2;CLPS;C1D;AKR1C3;LPL;GPC4;AKR1C1;RETSAT;GPC6;GPC5;BCO1;GPIHBP1;SDC2;AGRN;SDC1;PLB1;BCO2;APOA4;AKR1C4;APOC3;UBIAD1;RIMBP2;LRP12;LRP10;HSPG2;GPC3"
"Netrin-1 Signaling R-HSA-373752",0.143292682926829,0.641069375320868,0.112843355675562,0.364259222122386,1.23788430957229,49,"SLIT3;MAPK12;MAPK14;TRPC4;DCC;PITPNA;TRPC3;UNC5C;TRPC6;UNC5A;NTN1;SLIT2;UNC5D;SIAH2;NCK1;NTN4;HJV;SIAH1;MAPK13"
"RHOU GTPase Cycle R-HSA-9013420",0.143057595866718,0.641069375320868,0.249246554383295,-0.224089960134989,-1.25932878058355,38,"PIK3R1;GRB2;GIT1;DST"
"Signaling By FGFR3 R-HSA-5654741",0.147709774527922,0.641069375320868,0.249246554383295,-0.222717763673171,-1.25161738424995,38,"PIK3R1;GRB2;PPP2CA;PPP2CB"
"Synthesis Of PC R-HSA-1483191",0.146964856230032,0.641069375320868,0.114266502484433,0.40138541577344,1.24746409078866,27,"CHPT1;SLC44A2;CSNK2A2;PHOSPHO1;MFSD2A;LPCAT1;CHKA;LPIN3;SLC44A5;SLC44A3;BCHE;ACHE;CSNK2B;LPIN2"
"Synthesis Of Prostaglandins (PG) And Thromboxanes (TX) R-HSA-2162123",0.139977603583427,0.641069375320868,0.120985142145252,0.468964127869368,1.2995543053241,15,"PTGIS;PTGES;PTGS2;HPGD;AKR1C3"
"TGF-beta Receptor Signaling Activates SMADs R-HSA-2173789",0.146366427840328,0.641069375320868,0.111918316325105,0.373686320496847,1.24314045967968,43,"TGFBR2;CBL;ITGB5;PPP1CA;ITGA8;TGFB1;TGFB3;LTBP4;PPP1R15A;ITGB1;PMEPA1;ZFYVE9;ITGB6;SMURF2"
"Initiation Of Nuclear Envelope (NE) Reformation R-HSA-2995383",0.148727282816007,0.641533954051588,0.249246554383295,-0.299629344503252,-1.29195435527448,19,"SIRT2;PPP2CA;KPNB1;PPP2R1A;PPP2R2A"
"Gap Junction Trafficking And Regulation R-HSA-157858",0.150795363852525,0.647883638370333,0.249246554383295,-0.255858651401355,-1.2668873109818,27,"CLTCL1;CLTB;DNM1;DNM2;GJB6;GJB1;CLTA;GJA1"
"Blood Group Systems Biosynthesis R-HSA-9033658",0.152941176470588,0.649697139877251,0.111918316325105,0.419311469030938,1.25697116749813,22,"FUT5;FUT1;FUT3;ABO;RHCE;FUT10;B3GALT4;FUT7"
"Glycosaminoglycan Metabolism R-HSA-1630316",0.152847152847153,0.649697139877251,0.107554375265169,0.31099161054248,1.16225998626588,120,"BGN;DCN;B3GNT2;CSPG4;CEMIP;HS3ST3B1;B4GALT1;SLC9A1;DSE;NAGLU;GPC2;CHST3;B3GNT3;CHST9;SPAM1;HS3ST2;CHST13;CHSY1;B4GALT6;ARSB;PAPSS2;CHPF2;NCAN;GPC4;ACAN;B3GNT7;HS3ST1;PRELP;GPC6;GPC5;HS3ST6;DSEL;LUM;CHPF;CHST14;CHST6;OMD;SDC2;HS2ST1;VCAN;AGRN;HAS3;HYAL2;NDST2;SDC1;B3GALT6;EXT1;STAB2;B4GALT2;KERA;ST3GAL1"
"Role Of Nef In HIV-1 Replication And Disease Pathogenesis R-HSA-164952",0.153354632587859,0.649697139877251,0.11146266692298,0.397623209563992,1.23577154550925,27,"B2M;AP1B1;CD8B;HLA-A;LCK;CD247;AP1M2;HCK;CD28"
"Translesion Synthesis By Y Family DNA Polymerases Bypasses Lesions On DNA Template R-HSA-110313",0.15360824742268,0.649697139877251,0.109250039480711,0.380897734534411,1.2425927741066,38,"REV3L;UFD1;ISG15;POLD4;POLD2;REV1;UBA7;POLD3;PCLAF;POLE4;SPRTN;RFC4;POLH;SLC19A1;NPLOC4;POLD1;POLE;RFC5"
"Butyrate Response Factor 1 Binds And Destabilizes mRNA R-HSA-450385",0.157894736842105,0.663221243575562,0.11146266692298,0.443665209930001,1.26730545331695,17,"MAPKAPK2;AKT1;ZFP36L1;EXOSC1;DCP1A;EXOSC8;EXOSC2;EXOSC9"
"Cyclin A/B1/B2 Associated Events During G2/M Transition R-HSA-69273",0.158636176016234,0.663221243575562,0.249246554383295,-0.267656068921678,-1.21753777879965,25,"PPP2CA;PPP2CB;CCNH;PPP2R1A;PPP2R2A;CDK7;XPO1"
"FGFR2 Alternative Splicing R-HSA-6803529",0.158636176016234,0.663221243575562,0.249246554383295,-0.267884268872686,-1.21857583507311,25,"TIAL1;PTBP1;NCBP2"
"Presynaptic Phase Of Homologous DNA Pairing And Strand Exchange R-HSA-5693616",0.160824742268041,0.669794999407513,0.106323255932708,0.375968462481975,1.22907977263683,39,"RAD51D;RAD9A;XRCC2;RHNO1;RAD51;RMI1;EXO1;BLM;TOP3A;SERPINA2;RFC4;CHEK1;RAD50;RAD17;ARTN;RFC5;BARD1;RAD51B;RBBP8;MRE11"
"N-glycan Antennae Elongation In medial/trans-Golgi R-HSA-975576",0.161874334398296,0.671593135461633,0.107972360317345,0.398306311091259,1.2297085775011,26,"MOGAT2;ST6GAL1;B4GALT1;B4GALT6;FUCA1;FUT3;ST8SIA2;LHB;MGAT4B;B4GALT2;CHST8"
"Vpu Mediated Degradation Of CD4 R-HSA-180534",0.162759799099812,0.672699245709111,0.249246554383295,-0.193519035434093,-1.1442371816823,50,"PSMC5;PSMB7;PSMD8;SKP1;PSME3;PSMD2;PSMC4;PSMB6;PSMD14;PSMD3;SEM1"
"Rap1 Signaling R-HSA-392517",0.166249225155064,0.684518589937708,0.249246554383295,-0.319821232635044,-1.33745771311902,16,"PRKACB;RAP1GAP;YWHAB;RAPGEF3"
"Aspirin ADME R-HSA-9749641",0.16875,0.692193396226415,0.103958471559957,0.381570244796281,1.22428880484149,33,"CES1;ACSM2B;SLCO2B1;CYP3A4;SLC22A7;ABCC2;UGT2B10;ACSM5;UGT2A3;UGT2B4;ACSM2A;UGT2B11;UGT3A2;BCHE;CYP2C19"
"FOXO-mediated Transcription Of Cell Cycle Genes R-HSA-9617828",0.169956140350877,0.694520017148133,0.106729884364606,0.441452975333068,1.26098632595253,17,"CAV1;CDKN1A;BTG1;KLF4;FOXO3"
"Defective HDR Thru Homologous Recombination (HRR) Due To BRCA1 Loss-Of-Function R-HSA-9701192",0.175847457627119,0.697391551397276,0.102449405629826,0.39728863787603,1.22292620279288,25,"RAD51D;XRCC2;RAD51;RMI1;EXO1;BLM;TOP3A;RAD50;PALB2;ARTN;BARD1;RAD51B;RBBP8;MRE11;RAD51AP1"
"GAG Synthesis Requires Tetrasaccharide Linker Sequence R-HSA-1971475",0.173588924387646,0.697391551397276,0.103576326612592,0.394929729128368,1.21928390762573,26,"BGN;DCN;CSPG4;GPC2;NCAN;GPC4;GPC6;GPC5;SDC2;VCAN;AGRN;SDC1;B3GALT6"
"RHO GTPases Activate WASPs And WAVEs R-HSA-5663213",0.172762892508917,0.697391551397276,0.249246554383295,-0.226693552207059,-1.22222017583895,33,"GRB2;ABI2;CYFIP2;ARPC5;ACTR2;ARPC2;WASF1;CDC42;WASL;ABI1;MAPK3;ACTR3;BRK1"
"SCF(Skp2)-mediated Degradation Of P27/P21 R-HSA-187577",0.177074579747606,0.697391551397276,0.249246554383295,-0.181838778266621,-1.09387846805489,58,"PSMC5;PSMB7;CDKN1B;PSMD8;SKP1;PSME3;PSMD2;PSMC4;PSMB6;PSMD14;PSMD3;SKP2;SEM1;CUL1;PSMB2"
"Signaling By EGFR R-HSA-177929",0.172505781663549,0.697391551397276,0.249246554383295,-0.200151509626728,-1.18556069612486,48,"PIK3R1;AAMP;GRB2;EPN1;PTPRK;HGS;PTPN3"
"Signaling By ERBB2 ECD Mutants R-HSA-9665348",0.175174693572374,0.697391551397276,0.249246554383295,-0.318527393369802,-1.27955602862686,15,"PIK3R1;GRB2;CDC37"
"Synthesis Of Active Ubiquitin: Roles Of E1 And E2 Enzymes R-HSA-8866652",0.174542506198701,0.697391551397276,0.249246554383295,-0.240877590677778,-1.22609152104513,29,"UBE2E1;CDC34;UBE2D2;UBE2B;UBE2E3;UBE2H;UBE2R2;USP7;UBA1;USP5;UBE2L3"
"TP53 Regulates Transcription Of Genes Involved In Cytochrome C Release R-HSA-6803204",0.17545748116254,0.697391551397276,0.103576326612592,0.417415407675127,1.2344558604331,20,"PRELID3A;TP73;BBC3;PMAIP1;TP53INP1;BAX;TP53;CREBBP"
"Telomere Extension By Telomerase R-HSA-171319",0.17691689542297,0.697391551397276,0.249246554383295,-0.261573483523512,-1.1777985539331,23,"TERF2IP;RTEL1;RUVBL2;NOP10"
"tRNA Processing In Nucleus R-HSA-6784531",0.176470588235294,0.697391551397276,0.0995791200495904,0.346963265573964,1.19742156656541,56,"RTCB;NUP37;RPP25;NUP85;RPP30;ZBTB8OS;NLRP2B;NUP210;RNASE7;NUP153;NDC1;NUP160;RPP40;TSEN34;POM121C;NUP93;NUP98;TSEN2;NUP43;NUP214;RPP14;AAAS;RTRAF;TRNT1"
"Mismatch Repair R-HSA-5358508",0.178051511758119,0.69870755697139,0.105125131597001,0.455432565909584,1.26205676860953,15,"POLD4;MLH1;POLD2;POLD3;EXO1;MSH6;POLD1;MSH3"
"EPH-ephrin Mediated Repulsion Of Cells R-HSA-3928665",0.180031950462243,0.70141480341383,0.249246554383295,-0.209348762742642,-1.20690991401592,49,"CLTCL1;CLTB;DNM1;PSENEN;AP2A1;AP2B1;EPHA7;EPHA4;FYN;CLTA;AP2S1;AP2M1;LYN;NCSTN;EPHB4;CLTC"
"NIK To Noncanonical NF-kB Signaling R-HSA-5676590",0.179389247390784,0.70141480341383,0.249246554383295,-0.197774658531476,-1.25070467689265,57,"PSMC5;PSMB7;PSMD8;SKP1;PSME3;PSMD2;PSMC4;FBXW11;PSMB6;PSMD14;PSMD3;SEM1;CUL1;PSMB2"
"Nucleotide-like (Purinergic) Receptors R-HSA-418038",0.184770436730123,0.717305231163014,0.102821842840815,0.453084296073459,1.25554943895628,15,"ADORA2A;P2RY14;ADORA3;P2RY6;LPAR6;P2RY10;P2RY4;P2RY12;P2RY1;ADORA2B;GPR17;P2RY2;LPAR4"
"Budding And Maturation Of HIV Virion R-HSA-162588",0.186415650159348,0.718924326540734,0.249246554383295,-0.242111862947411,-1.13590804033724,26,"CHMP4B;PPIA;CHMP2B;VPS37C;VPS28;VPS4A"
"CTLA4 Inhibitory Signaling R-HSA-389513",0.186510266867053,0.718924326540734,0.249246554383295,-0.275545174624962,-1.20922739810715,21,"PPP2CA;PPP2CB;PPP2R5B;PPP2R1A;FYN"
"Termination Of Translesion DNA Synthesis R-HSA-5656169",0.187891440501044,0.721689031182455,0.09754492162472,0.381523913412793,1.2133120911592,31,"ISG15;POLD4;POLD2;REV1;UBA7;POLD3;PCLAF;POLE4;RFC4;POLH;SLC19A1;POLD1;POLE;RFC5"
"Thromboxane Signaling Thru TP Receptor R-HSA-428930",0.191165030049226,0.731677421350384,0.249246554383295,-0.246392862844416,-1.12008634189795,24,"AAMP;GNG7;GNAQ;GNG3;GNA11;GNG4;GNB1"
"Phosphorylation Of CD3 And TCR Zeta Chains R-HSA-202427",0.191885964912281,0.731859803016313,0.0992333343771191,0.429964863431485,1.22817116142004,17,"LCK;TARP;CD3E;HLA-DQA2;CD247;HLA-DPA1;CSK;CD3D;HLA-DRA"
"Regulation Of KIT Signaling R-HSA-1433559",0.193763919821826,0.736438394567571,0.0995791200495904,0.437227395214413,1.22941368939901,16,"CBL;SH2B3;SH2B2;LCK;SOCS6;KIT;SOS1"
"Aquaporin-mediated Transport R-HSA-445717",0.196431043985546,0.738744484640639,0.249246554383295,-0.206821450319205,-1.19233978530008,49,"PRKACB;GNG7;GNAS;AQP4;ADCY8;ADCY1;PRKAR2B;PRKAR1B;AQP9;GNG3;GNG4;GNB1;PRKAR1A"
"Elevation Of Cytosolic Ca2+ Levels R-HSA-139853",0.197088465845465,0.738744484640639,0.0988903007520636,0.448730949129307,1.24348580673446,15,"ORAI2;ORAI1;TRPC3;TRPC6;ITPR3"
"PI3K Events In ERBB2 Signaling R-HSA-1963642",0.195161459177728,0.738744484640639,0.249246554383295,-0.312790050306272,-1.30805407108912,16,"PIK3R1;GRB2"
"Pre-NOTCH Transcription And Translation R-HSA-1912408",0.197768762677485,0.738744484640639,0.0928481214159878,0.34282272674259,1.18757794883531,59,"NOTCH3;MAMLD1;H2BC11;SIRT6;NOTCH4;AGO3;MAML3;PRKCI;TP53;H3C13;H2AC19;H2BC15;H2BC1;RBPJ;MAML2;CREBBP;H2AX;TNRC6C;H3C7;EP300;NOTCH1;AGO2;H2AC14;E2F1;NOTCH2;SNW1;AGO4;TFDP1;H2AC7;H2BC13;H2BC3"
"Regulation Of NF-kappa B Signaling R-HSA-9758274",0.197368421052632,0.738744484640639,0.09754492162472,0.42750544895031,1.22114597820937,17,"NLRX1;CASP8;NLRC5;TP53;TRAF6;IKBKG;IKBIP;USP18;USP14;IKBKB;TANK;UBB"
"Activated TAK1 Mediates P38 MAPK Activation R-HSA-450302",0.199563794983642,0.740361246236243,0.0965629554309422,0.417110736806923,1.21324385244971,19,"MAP2K3;MAPK14;MAPKAPK2;RIPK2;TAB3;NOD2;IRAK2;MAPKAPK3;IRAK1;TAB1;TRAF6;IKBKG;MAP3K7;MAPK11;MAP2K6;UBE2V1;UBE2N"
"SUMOylation Of Ubiquitinylation Proteins R-HSA-3232142",0.198969072164948,0.740361246236243,0.0934449219410994,0.370407015692735,1.20836917484108,38,"UBE2I;NUP37;NUP85;NUP210;PML;RNASE7;NUP153;NDC1;NUP160;MDM2;POM121C;NUP93;NUP98;NUP43;NUP214;AAAS;PIAS2;RANBP2;NUP35;NUP42;PIAS4;VHL;NUP205;SUMO1;NUP62;NUP155;NUP133;NUP188"
"Acyl Chain Remodelling Of PS R-HSA-1482801",0.201069518716578,0.743410091309251,0.0949751525905595,0.401952817618686,1.20493508944313,22,"PLA2R1;PLA1A;PLA2G4E;PLA2G4B;OSBPL5;PLA2G2F;PLA2G1B;LPCAT3;PLA2G4D;PLA2G4A;PLA2G10;PLA2G4F;PLA2G5;MBOAT1"
"Assembly And Cell Surface Presentation Of NMDA Receptors R-HSA-9609736",0.20506536920972,0.749275587005977,0.249246554383295,-0.258489529730024,-1.17584020843762,25,"CAMK2B;DLG1;LLGL1;APBA1;GPRIN1;CAMK2D;LIN7B;CAMK2G;CAMK2A"
"Digestion R-HSA-8935690",0.203444564047363,0.749275587005977,0.0946646223153342,0.40529582648588,1.19861365683935,20,"GUCA2B;CLPS;GUCA2A;PNLIPRP2;AMY1A;PNLIPRP3;GUCY2C;CHIA;CEL;LIPF;PMEL;ALPP;LCT;CHIT1;TREH"
"FLT3 Signaling In Disease R-HSA-9682385",0.205413178406422,0.749275587005977,0.249246554383295,-0.235647805083042,-1.10558083863818,26,"PIK3R1;GRB2;GOLGB1"
"Glycerophospholipid Biosynthesis R-HSA-1483206",0.204795204795205,0.749275587005977,0.0899860794997137,0.301233425673798,1.12850418932946,126,"PLA2R1;DGAT2L6;TMEM86B;PLA1A;CHPT1;LCLAT1;PLA2G4E;PLA2G3;LIPI;PITPNB;SLC44A2;CSNK2A2;PLAAT5;PLA2G4B;DGAT1;GPD1L;PHOSPHO1;MFSD2A;OSBPL5;PLA2G2F;PLAAT4;PLA2G1B;LPCAT1;CHKA;CRLS1;AGPAT3;PNPLA2;LPIN3;GPAT2;PNPLA3;SLC44A5;PLBD1;LPCAT3;SLC44A3;PLA2G4D;GPD1;HADHA;GNPAT;GPAT3;HADHB;PLA2G4A;BCHE;GPCPD1;CHEK2;ACHE;CPNE3;CPNE7;PLA2G10;PLB1;CSNK2B;LIPH;GPD2;LPCAT2;LPIN2;DGAT2;PLA2G4F;PLD4;CPNE6;AGPAT2;PLA2G5;CPNE1;PRKCSH;MBOAT1;GPAM;DDHD1;ALPP;ETNK2"
"Phase 4 - Resting Membrane Potential R-HSA-5576886",0.207197382769902,0.753256037026366,0.0943563635421779,0.412437773067811,1.19965167169551,19,"KCNK2;KCNK6;KCNK7;KCNK12;KCNK16;KCNJ14;KCNK9;KCNJ4;KCNK17"
"Cargo Concentration In ER R-HSA-5694530",0.211678832116788,0.76052411792287,0.0905428948469474,0.373079433547371,1.1876787524692,32,"FOLR2;CTSC;CTSZ;TGFA;LMAN2;GOSR2;CFAP73;F8;SEC23A;CD59;AREG;SEC24D;TMED2;F5"
"Dectin-1 Mediated Noncanonical NF-kB Signaling R-HSA-5607761",0.210905880555158,0.76052411792287,0.249246554383295,-0.173294391649751,-1.07258255477796,60,"PSMC5;PSMB7;PSMD8;SKP1;PSME3;PSMD2;PSMC4;FBXW11;PSMB6;PSMD14;PSMD3;SEM1;CUL1;PSMB2"
"Hyaluronan Metabolism R-HSA-2142845",0.212694877505568,0.76052411792287,0.0940503465727813,0.43188676941263,1.21439670157406,16,"CEMIP;SLC9A1;SPAM1;HAS3;HYAL2;STAB2;LYVE1;HYAL3;HMMR;HEXB;HAS2;ABCC5;GUSB"
"Intrinsic Pathway Of Fibrin Clot Formation R-HSA-140837",0.212513484358145,0.76052411792287,0.0922597260527354,0.404542841619907,1.20307248419354,21,"VWF;SERPING1;SERPINC1;GP9;GP1BA;F8;FAM110A;GP5;SERPINA5"
"RUNX2 Regulates Bone Development R-HSA-8941326",0.210582010582011,0.76052411792287,0.0916795246008379,0.37996646230688,1.191229010968,29,"WWTR1;COL1A1;SMAD1;YAP1;BGLAP;SP7;RB1;IHH;SMAD6;RUNX2;HEY1;AREG;MAF;SRC;HDAC3;UCMA;ABL1;HDAC4;ZNF521;CBFB"
"Defective GALNT3 Causes HFTC R-HSA-5083625",0.217105263157895,0.763732754215636,0.0919686140000427,0.420641064212568,1.20153823791985,17,"MUC13;MUC20;MUCL1;MUC5B;MUC12;MUC15;MUC17;MUC1;MUC5AC;GALNT3;MUC2"
"Defective Homologous Recombination Repair (HRR) Due To BRCA2 Loss Of Function R-HSA-9701190",0.216632443531828,0.763732754215636,0.0883594442500905,0.360891171812416,1.18732948730078,40,"RAD51D;RAD9A;XRCC2;RHNO1;RAD51;RMI1;EXO1;BLM;TOP3A;SERPINA2;RFC4;RAD50;PALB2;RAD17;ARTN;RFC5;BARD1;RAD51B;RBBP8;MRE11;RAD51AP1"
"G Alpha (Q) Signaling Events R-HSA-416476",0.214785214785215,0.763732754215636,0.0873098257637931,0.288650881941182,1.1060656742442,210,"GPR4;ANXA1;PRKCH;PTAFR;GNRH1;CYSLTR1;EDNRA;TAC1;GNG11;CYSLTR2;AVPR1A;MMP3;EDN1;P2RY6;LPAR3;GPNMB;AGXT;CASR;NPFFR1;NMS;TACR3;BDKRB2;RIPK2;ADRA1A;GHSR;LPAR6;TRPC3;RGS19;HCRTR1;MLNR;TRPC6;PTGFR;HCRT;GPR65;FFAR3;F2RL3;GPRC6A;GPR68;GNRH2;CREB1;PIK3R3;MAPK7;PTGER1;UTS2R;GPR143;P2RY10;FFAR2;TACR1;ITPR3;RASGRP2;RPS6KA3;EDN3;PMCH;NMUR1;PLCB3;GNA14;CHRM5;PROK1;LPAR5;RGS21;FPR2;PLCB2;XCR1;NMUR2;HTR2C;SOS1;GPR132;ADRA1D;UTS2B;PRKCD;GPR39;GRK5;NTS"
"PERK Regulates Gene Expression R-HSA-381042",0.21689259645464,0.763732754215636,0.0891647117820678,0.371131243617067,1.18147679230218,32,"DDIT3;HERPUD1;CEBPB;EXOSC1;CEBPG;EIF2S3;EXOSC8;EXOSC2;ATF6;NFYC;HSPA5;EIF2AK3;EXOSC9"
"Synthesis, Secretion, And Deacylation Of Ghrelin R-HSA-422085",0.21701199563795,0.763732754215636,0.0916795246008379,0.409486110448046,1.19106621413729,19,"KLF4;GH1;PCSK1;SPCS2;BCHE;ACHE;SPCS3;SEC11A;SEC11C;INS;IGF1"
"APC:Cdc20 Mediated Degradation Of Cell Cycle Proteins Before Cycle Checkpoint Satisfied R-HSA-179419",0.22052839047274,0.76655633832764,0.249246554383295,-0.180746739754158,-1.16567498944918,72,"PSMC5;UBE2E1;PSMB7;PSMD8;CDC16;BUB3;PSME3;PSMD2;PSMC4;CDC26;PSMB6;PSMD14;PSMD3;SEM1"
"Diseases Associated With Glycosylation Precursor Biosynthesis R-HSA-5609975",0.222844344904815,0.76655633832764,0.0916795246008379,0.442325471694116,1.22573548153074,15,"GFPT1;SLPI;DPM3;GALT;DHDDS;GALK1;PMM2;PGM1"
"Metabolism Of Water-Soluble Vitamins And Cofactors R-HSA-196849",0.222777222777223,0.76655633832764,0.0852884689790502,0.300603019769367,1.12343500526971,120,"FOLR2;FLAD1;SLC2A1;PTGIS;SLC52A2;CUBN;MTHFD2;PTGS2;CTRB1;VNN1;VNN2;NADK;TCN2;NAXE;NMRK2;SLC19A2;SHMT1;MMAB;SHMT2;TCN1;MCCC1;SLC52A3;RNLS;PARP4;NT5E;ENPP1;MTHFR;NNMT;MTRR;CTRB2;PRSS58;PANK1"
"Processing Of Intronless Pre-mRNAs R-HSA-77595",0.220372244640399,0.76655633832764,0.249246554383295,-0.27982426989514,-1.19127766514076,20,"CSTF3;NCBP2;CPSF7;NUDT21;CPSF2"
"SUMOylation Of RNA Binding Proteins R-HSA-4570464",0.222560975609756,0.76655633832764,0.0862865626267245,0.350408767491802,1.17704844814779,45,"PCGF2;UBE2I;NUP37;NUP85;NUP210;RNF2;RNASE7;NUP153;NDC1;NUP160;NOP58;POM121C;NUP93;NUP98;NUP43;CBX8;NUP214;AAAS;CBX2;RING1;RANBP2;NUP35;NUP42;NUP205;SUMO1;NUP62;NUP155;NUP133;NUP188"
"SUMOylation Of SUMOylation Proteins R-HSA-4085377",0.222338204592902,0.76655633832764,0.0878312634480124,0.368050469226394,1.18403168039687,34,"UBE2I;NUP37;NUP85;NUP210;RNASE7;NUP153;NDC1;NUP160;POM121C;NUP93;NUP98;NUP43;NUP214;AAAS;TOPORS;RANBP2;NUP35;NUP42;PIAS4;NUP205;SUMO1;NUP62;NUP155;NUP133;NUP188"
"Signaling By FLT3 ITD And TKD Mutants R-HSA-9703648",0.222070988822819,0.76655633832764,0.249246554383295,-0.303480669275255,-1.21911185042737,15,"PIK3R1;GRB2"
"Cyclin D Associated Events In G1 R-HSA-69231",0.225268629727375,0.768863616372031,0.249246554383295,-0.203332379994072,-1.1624562395432,46,"PPP2CA;PPP2CB;CDKN1B;SKP1;CCNH;PPP2R1A;PPP2R2A;CDK7;CDKN2D;SKP2;CUL1;CCND2;LYN;CCND1"
"Resolution Of Abasic Sites (AP Sites) R-HSA-73933",0.224742268041237,0.768863616372031,0.0865399737444125,0.363234551502608,1.18497063143393,38,"TDG;PARG;POLD4;POLD2;APEX1;POLD3;SMUG1;POLE4;NEIL1;MUTYH;RFC4;LRIG3;OGG1;MPG;SLC19A1;POLD1;POLE;RFC5"
"mRNA 3-End Processing R-HSA-72187",0.225637068650118,0.768863616372031,0.249246554383295,-0.176413045763954,-1.06123915968145,58,"CSTF3;SRSF5;NCBP2;SRSF9;SRSF1;THOC1;U2AF1L4;EIF4A3;CPSF7;NUDT21;CPSF2;SRSF4"
"Metabolism Of Folate And Pterines R-HSA-196757",0.230683090705487,0.783601623740202,0.0897104652742981,0.439772471256397,1.21866081949762,15,"FOLR2;MTHFD2;SHMT1;SHMT2;MTHFR"
"Cytochrome P450 - Arranged By Substrate Type R-HSA-211897",0.232323232323232,0.786714496994871,0.0835990603684159,0.332555622389722,1.15895583667017,62,"CYP1B1;CYP3A43;PTGIS;CYP3A4;CYP21A2;CYP4F3;CYP2B6;CYP26C1;CYP1A2;CYP11A1;CYP4V2;CYP3A5;CYP2R1;CYP19A1;AHR;CYP11B1;CYP2A7;FDXR;CYP4F2;POMC;NR1H4;CYP24A1;CYP2C19;CYP4F8;CYP2F1;CYP4F22;NCOA1;CYP11B2;CYP1A1;CYP2U1"
"Inactivation Of APC/C Via Direct Inhibition Of APC/C Complex R-HSA-141430",0.238550573546299,0.805293395791389,0.249246554383295,-0.262695224958768,-1.15283551528137,21,"UBE2E1;CDC16;BUB3;CDC26"
"Basigin Interactions R-HSA-210991",0.241177069224638,0.811496827174319,0.249246554383295,-0.252411541903175,-1.14819211576374,25,"ATP1B1;MAG;PPIA;SLC7A11;BSG"
"Synthesis Of Bile Acids And Bile Salts Via 27-Hydroxycholesterol R-HSA-193807",0.241881298992161,0.811496827174319,0.0870515867946735,0.436466918541946,1.20950074731671,15,"PTGIS;AKR1C2;HSD3B7;AKR1C3;AKR1C1;NR1H4;NCOA1;AKR1C4;CYP7A1"
"Phase I - Functionalization Of Compounds R-HSA-211945",0.24749498997996,0.827775551102204,0.0797705918628453,0.304798375498676,1.12138341910121,100,"CYP1B1;CES1;CYP3A43;PTGIS;AOC3;FMO1;MAOA;CYP3A4;BPHL;CYP21A2;CYP4F3;CYP2B6;CYP26C1;AURKAIP1;CYP1A2;CYP11A1;CYP4V2;CYP3A5;ADH1B;CYP2R1;SMOX;CYP19A1;MTARC2;AHR;AADAC;CYP11B1;CYP2A7;FDXR;CYP4F2;ADH1A;POMC;NR1H4;FMO3;CYP24A1;CYP2C19;CYP4F8;CYP2F1;CYB5R3;CYP4F22;NCOA1;CYP11B2;CYP1A1;CYP2U1;ACSS2;CES3;ADH7;CYP39A1"
"Protein Methylation R-HSA-8876725",0.248600223964166,0.828921605671927,0.0855356947987884,0.43254545188507,1.19863390575192,15,"EEF2KMT;VCPKMT;METTL21A;METTL22;EEF1AKMT1;CAMKMT"
"NCAM Signaling For Neurite Out-Growth R-HSA-375165",0.249492900608519,0.829354076334741,0.0799858801499946,0.334192677862696,1.15434537819858,57,"COL4A1;COL4A2;CACNA1H;COL6A1;NRTN;CACNA1S;ENTHD1;COL9A1;COL6A2;COL6A5;CREB1;NCAN;CACNA1G;ST8SIA4;ST8SIA2;COL6A6;SPTA1;SOS1;COL6A3;AGRN;ARTN;FGFR1;GDNF;COL4A5;GFRA4"
"Paradoxical Activation Of RAF Signaling By Kinase Inactive BRAF R-HSA-6802955",0.250513347022587,0.830207342114489,0.080419996876154,0.353806680381332,1.16402155893996,40,"FN1;VWF;TLN1;CNKSR1;ARRB2;IQGAP1;MARK3;KSR2;RAP1B;RNASE3"
"Class C/3 (Metabotropic Glutamate/Pheromone Receptors) R-HSA-420499",0.252577319587629,0.832655058378889,0.0802023444698144,0.355885418085436,1.16342622425726,39,"GRM2;TAS2R1;TAS2R16;CASR;TAS1R3;TAS2R4;GPRC6A;GRM4;TAS2R3;TAS2R41;TAS2R43;TAS1R1;TAS2R45;UBD;TAS2R40;TAS2R46;TAS2R60;TAS2R50;TAS2R10"
"FGFR1 Ligand Binding And Activation R-HSA-190242",0.252783964365256,0.832655058378889,0.0843144320642653,0.420450093327497,1.18223859278632,16,"FGF9;FGF3;FGF8;FGF23;FGF4;FGF22;FGFR1;FGF5;KL;FGF6"
"Azathioprine ADME R-HSA-9748787",0.254587221325184,0.833543101146009,0.203508959461977,-0.259584827440189,-1.13918556512859,21,"GSTA2;GUK1;RNASE1;ABCC4;SLC29A1;GSTA1;VAV1;GMPS;HPRT1;ABCC5;NME2;VAV3;SLC29A2;NUDT15;TPMT;SLC28A3;IMPDH2;XDH;GSTM1;SLC28A2"
"Synthesis Of PIPs At Plasma Membrane R-HSA-1660499",0.254324614874165,0.833543101146009,0.203508959461977,-0.178998316354726,-1.06938376774276,51,"PIK3R1;CLSTN1;PIP4K2A;SYNJ1;MTM1;PLEKHA1;MTMR9;INPP5K;RAB4A;PIP4K2B"
"Defective GALNT12 Causes CRCS1 R-HSA-5083636",0.255482456140351,0.833962251725409,0.0828962134571565,0.410593254563869,1.17283721814934,17,"MUC13;MUC20;MUCL1;MUC5B;MUC12;MUC15;MUC17;MUC1;MUC5AC;MUC2"
"Gene And Protein Expression By JAK-STAT Signaling After Interleukin-12 Stimulation R-HSA-8950505",0.257657345148603,0.834028676928979,0.203508959461977,-0.202704727541821,-1.1165260961168,35,"TALDO1;HNRNPDL;PPIA;HSPA9;PDCD4;HNRNPA2B1"
"Pre-NOTCH Expression And Processing R-HSA-1912422",0.257804632426989,0.834028676928979,0.0778840111977068,0.317435262063915,1.13547253697427,75,"NOTCH3;MAMLD1;B4GALT1;H2BC11;SIRT6;MFNG;NOTCH4;POFUT1;POGLUT1;AGO3;MAML3;PRKCI;TP53;H3C13;H2AC19;H2BC15;H2BC1;RBPJ;MAML2;CREBBP;H2AX;TNRC6C;H3C7;EP300;NOTCH1;AGO2;H2AC14;E2F1;NOTCH2;TMED2;SNW1;AGO4;TFDP1;H2AC7;H2BC13;H2BC3;FURIN;SEL1L;H2BC5;ATP2A1"
"Transport Of Inorganic Cations/Anions And Amino Acids/Oligopeptides R-HSA-425393",0.257257257257257,0.834028676928979,0.0776798560117236,0.301839377544902,1.11681685542486,104,"SLC9A3;SLC36A1;SLC4A2;SLC1A5;SLC9A1;SLC38A5;SLC7A7;SLC7A3;SLC6A6;SLC25A18;AHCYL2;SLC24A4;SLC15A3;SLC34A3;SLC8B1;SLC6A20;SLC12A7;SLC6A19;SLC25A10;SLC24A3;SLC34A1;SLC17A6;SLC12A1;SLC7A9;SLC4A1;SLC4A5;SLC20A2;SLC26A9;CTNS;SLC9A2;SLC12A6;SLC26A4;SLC36A2;SLC4A7;SLC17A1;SLC5A8;SLC1A1;SLC6A18;SLC15A1;SLC12A4;SLC1A7"
"Export Of Viral Ribonucleoproteins From Nucleus R-HSA-168274",0.26123301985371,0.839114781454691,0.0791316651768349,0.358271951661777,1.15373809959291,35,"NUP37;HSPA1A;NUP85;NUP210;PBRM1;RNASE7;NUP153;NDC1;NUP160;POM121C;NUP93;NUP98;NUP43;NUP214;AAAS;BLOC1S6;RANBP2;NUP35;NUP42;GNL3;NUP205;NUP62;NUP155;NUP133;NUP188"
"Formation Of Ternary Complex, And Subsequently, 43S Complex R-HSA-72695",0.260527238933142,0.839114781454691,0.203508959461977,-0.179053593112363,-1.05870607660586,50,"RPS15;EIF3K;EIF1AX;EIF3A;RPS27L;RPS16;EIF3C;RPS12;RPS29"
"Phospholipase C-mediated Cascade: FGFR1 R-HSA-5654219",0.261692650334076,0.839114781454691,0.0824344091527096,0.41724950444813,1.17323904741131,16,"FGF9;FGF3;FGF8;FGF23;FGF4;FGF22;FGFR1;FGF5;KL;FGF6;PLCG1;FGF1"
"Transcriptional Regulation Of Pluripotent Stem Cells R-HSA-452723",0.264550264550265,0.845782757547463,0.0791316651768349,0.368239719035507,1.15446461680483,29,"EPAS1;GATA6;FOXP1;NR5A1;KLF4;EPHA1;LIN28A;NR6A1;HIF3A;CDX2;SALL1;ZIC3;SMAD2;SALL4;ZSCAN10;PRDM14"
"Activated Point Mutants Of FGFR2 R-HSA-2033519",0.265350877192982,0.845854555744199,0.0808589150280032,0.4080147581977,1.16547188403464,17,"FGF9;FGF3;FGF8;FGF23;FGFR2;FGF4;FGF22;FGF5;FGF18;FGF6"
"Pyruvate Metabolism R-HSA-70268",0.266945368740029,0.848449169065532,0.203508959461977,-0.21456227266619,-1.12112397551998,30,"MPC2;PDHB;BSG;LDHB;PDHA1;PDHX;RXRA;MPC1;SLC16A1"
"Activation Of Kainate Receptors Upon Glutamate Binding R-HSA-451326",0.276955927318661,0.860145979986812,0.203508959461977,-0.220903025016917,-1.12441894318337,29,"GNG7;DLG1;LLGL1;PLCB1;GNG3;GNG4;CALM1;GNB1"
"Digestion And Absorption R-HSA-8963743",0.276483050847458,0.860145979986812,0.0768736734126542,0.375333681183327,1.15534487964146,25,"GUCA2B;CLPS;RSC1A1;GUCA2A;PNLIPRP2;AMY1A;PNLIPRP3;SLC2A2;SLC5A1;GUCY2C;CHIA;CEL;LIPF;PMEL;ALPP;LCT;CHIT1;TREH"
"RUNX2 Regulates Osteoblast Differentiation R-HSA-8940973",0.276890308839191,0.860145979986812,0.0770736734944102,0.379262250494681,1.14666355551868,23,"WWTR1;COL1A1;YAP1;BGLAP;SP7;RB1;RUNX2;HEY1;AREG;MAF;SRC;HDAC3;UCMA;ABL1;ZNF521;CBFB"
"Regulation Of Gene Expression In Late Stage (Branching Morphogenesis) Pancreatic Bud Precursor Cells R-HSA-210744",0.276595744680851,0.860145979986812,0.0797705918628453,0.419927135462867,1.16366707895662,15,"MAMLD1;ONECUT1;MAML3;RBPJ;MAML2;CREBBP;EP300;NOTCH1;SNW1;HNF1B;KAT2B;ONECUT3"
"Regulation Of RAS By GAPs R-HSA-5658442",0.27603801955343,0.860145979986812,0.203508959461977,-0.174874123857543,-1.04296411734246,64,"PSMC5;PSMB7;NF1;RASA3;PSMD8;RBX1;PSME3;PSMD2;PSMC4;PSMB6;PSMD14;PSMD3;SEM1"
"SUMOylation Of Transcription Factors R-HSA-3232118",0.274809160305344,0.860145979986812,0.0787113806986485,0.396414276893151,1.15304436453895,19,"HIC1;UBE2I;TFAP2B;TP53BP1;MDM2;TP53;PIAS2;FOXL2;TFAP2A;PIAS4;SUMO1;PIAS3"
"Synthesis, Secretion, And Inactivation Of Glucagon-like Peptide-1 (GLP-1) R-HSA-381771",0.274002157497303,0.860145979986812,0.0782955249944794,0.38398474601787,1.14193463523991,21,"GNAT3;TCF7L2;CDX2;PAX6;PCSK1;SPCS2;SPCS3;SEC11A;SEC11C;GNG13;GNB3;DPP4;UCMA"
"Termination Of O-glycan Biosynthesis R-HSA-977068",0.271565495207668,0.860145979986812,0.0780892306943345,0.376222337676202,1.146871632,24,"ST6GALNAC4;MUC13;MUC20;ST6GAL1;ST6GALNAC2;MUCL1;MUC5B;MUC12;MUC15;MUC17;MUC1;MUC5AC;ST3GAL1"
"Transcriptional Regulation Of White Adipocyte Differentiation R-HSA-381340",0.279839518555667,0.866625517578376,0.0734381410838857,0.307963798959612,1.11556062569375,84,"ADIRF;CEBPD;NR2F2;EBF1;CEBPB;KLF4;SLC2A4;MED23;MED18;TGFB1;WNT1;HELZ2;ADIPOQ;LPL;FABP4;CDK4;MED9;CD36;MED12;PPARG;NCOA3;MED27;MED19;ZNF467;CREBBP;MED4;MED22;EP300;MED21;ZNF638;MED8;NCOA1"
"Resolution Of D-Loop Structures R-HSA-5693537",0.281837160751566,0.867866837781734,0.0751181635276301,0.355250698654307,1.1428543552028,34,"RAD51D;XRCC2;EME2;RAD51;RMI1;EXO1;BLM;TOP3A;RAD50;PALB2;ARTN;BARD1;XRCC3;RAD51B;RBBP8;EME1;MRE11;SLX4;RAD51AP1;MUS81;SLX1A;BRCA2"
"TNF Signaling R-HSA-75893",0.281473899692938,0.867866837781734,0.0741758965588009,0.341355447531117,1.13558550228379,43,"RIPK1;CASP8;RBCK1;BAG4;TNFRSF1A;OTULIN;SMPD2;RNF31;ADAM17;FADD;TAB3;TRADD;TAX1BP1;SHARPIN;TRAF1"
"Defective C1GALT1C1 Causes TNPS R-HSA-5083632",0.284140969162996,0.872489360113492,0.0774767547848578,0.400297695418312,1.14877487074466,18,"MUC13;MUC20;MUCL1;MUC5B;MUC12;MUC15;MUC17;MUC1;MUC5AC;MUC2"
"G Alpha (S) Signaling Events R-HSA-418555",0.28971028971029,0.875203832190517,0.0714786287425507,0.286534222076715,1.08650511045818,152,"GLP2R;RAMP2;PTHLH;PTGIR;ADORA2A;CPAMD8;GNG11;CYSLTR2;RAMP1;GPER1;ARRB2;PTH2R;ADRB3;HTR4;ADCY4;GPR32;GPR20;MC1R;PDE10A;INSL3;RLN2;PTH2;HTR7;ADCY9;HRH2;CALCB;GNAT3;GPHA2;ITGA5;GIPR;PTH1R;RLN3;HTR6;ITGB1;TSHB;AVPR2;TAAR6;CALCRL;SCTR;ADCYAP1;LHB;ADCY7;PDE7B;GPHB5;PRKAR2A;GLP1R;GHRH;RXFP2;IAPP;GPR39;VIPR2;GRK5;PDE3B;GNB4;MC2R;CALCA;DRD5;POMC;MC4R;PDE4A;PTGDR;C1QTNF1;GHRHR;MC5R;TAAR5;GNGT1;GNG10;GPR27;ADM;GNG8;GNG13;GNB3;LHCGR;PTGER2;ADRB2;TAAR8;SRC"
"HDR Thru Single Strand Annealing (SSA) R-HSA-5685938",0.286160249739854,0.875203832190517,0.0741758965588009,0.35245375634204,1.1423740886009,36,"RAD9A;RHNO1;RAD51;RMI1;EXO1;BLM;TOP3A;SERPINA2;RFC4;RAD52;RAD50;RAD17;ARTN;ERCC1;RFC5;BARD1;RBBP8;MRE11"
"HS-GAG Biosynthesis R-HSA-2022928",0.290661070304302,0.875203832190517,0.0738052724171275,0.360130846714284,1.13675778169637,30,"HS3ST3B1;GPC2;HS3ST2;GPC4;HS3ST1;GPC6;GPC5;HS3ST6;SDC2;HS2ST1;AGRN;NDST2;SDC1;EXT1"
"Hh Mutants Are Degraded By ERAD R-HSA-5362768",0.290302579705571,0.875203832190517,0.203508959461977,-0.191017662933934,-1.20171743254284,54,"PSMC5;PSMB7;VCP;PSMD8;ERLEC1;PSME3;PSMD2;PSMC4;PSMB6;PSMD14;PSMD3;SEM1"
"Negative Regulation Of TCF-dependent Signaling By WNT Ligand Antagonists R-HSA-3772470",0.29003359462486,0.875203832190517,0.077274697304471,0.413034508613157,1.14456680589687,15,"KREMEN2;WIF1;DKK2;SOST;WNT9A;KREMEN1;DKK4;WNT3A"
"PCNA-Dependent Long Patch Base Excision Repair R-HSA-5651801",0.289104638619202,0.875203832190517,0.0755015292281669,0.38036394688401,1.13116671807371,21,"POLD4;POLD2;APEX1;POLD3;POLE4;RFC4;SLC19A1;POLD1;POLE;RFC5"
"Pre-NOTCH Processing In Golgi R-HSA-1912420",0.289647577092511,0.875203832190517,0.0764767053228531,0.399152129457316,1.14548732399174,18,"NOTCH3;B4GALT1;MFNG;NOTCH4;NOTCH1;NOTCH2;TMED2;FURIN;SEL1L;ATP2A1"
"CDK-mediated Phosphorylation And Removal Of Cdc6 R-HSA-69017",0.294884333227952,0.875790355789027,0.203508959461977,-0.164580662986312,-1.07739379473662,71,"PSMC5;UBE2E1;PSMB7;PSMD8;CDC16;PSME3;PSMD2;PSMC4;CDC26;PSMB6;PSMD14;PSMD3;SEM1"
"Caspase Activation Via Death Receptors In Presence Of Ligand R-HSA-140534",0.29451287793953,0.875790355789027,0.0764767053228531,0.410698845171723,1.1380944100339,15,"RIPK1;CASP8;TNFSF10;TNFRSF10A;FADD;TRADD;FASLG"
"Caspase Activation Via Extrinsic Apoptotic Signaling Pathway R-HSA-5357769",0.292372881355932,0.875790355789027,0.0739901439101341,0.369150557286936,1.13631210722582,25,"RIPK1;CASP8;TNFSF10;TNFRSF10A;DCC;UNC5A;FADD;CASP3;TRADD;FASLG"
"Disorders Of Transmembrane Transporters R-HSA-5619115",0.292707292707293,0.875790355789027,0.0709609456938284,0.283192618100961,1.08102428643936,174,"SLC2A1;SLC6A3;DERL1;CFTR;NUP37;PSMD5;APOA1;NUP85;SLC7A7;AVPR1A;SLC5A2;HEPH;SLCO1B1;ABCC2;SLC35C1;SLC24A4;PSMA4;SLC40A1;SLCO2A1;SLC34A3;ABCC6;TAC4;PSME4;SLC29A3;SLC6A20;NUP210;PSMB8;RNASE7;SLC6A19;NUP153;NDC1;ABCG5;PSMF1;ABCA1;SLC34A1;NUP160;AVPR2;PSMA7;SLC12A1;SLC39A4;KCNJ11;SLC7A9;SLC2A2;SLC4A1;POM121C;SLC20A2;NUP93;SLC2A9;NUP98;SLC6A5;SLC5A1;SLC12A6;SLC26A4;ABCD1;SLC36A2;PSMB10;ABCG8;PSMC1;NUP43;PSMB9;SLC2A10"
"Phospholipase C-mediated Cascade; FGFR4 R-HSA-5654228",0.293393057110862,0.875790355789027,0.0766746872490091,0.411389887342242,1.14000936850191,15,"FGF19;FGFR4;FGF9;FGF8;FGF23;FGF4;FGF18;FGF6;PLCG1;FGF1"
"ABC Transporters In Lipid Homeostasis R-HSA-1369062",0.300660792951542,0.878749179866904,0.0745500777420554,0.395932895904564,1.13624876316367,18,"APOA1;ABCA5;ABCG5;ABCA9;ABCD1;ABCG8;ABCA7;ABCG4;ABCD2"
"APC/C:Cdc20 Mediated Degradation Of Securin R-HSA-174154",0.300610064440248,0.878749179866904,0.203508959461977,-0.183378919506332,-1.12207787912715,66,"PSMC5;UBE2E1;PSMB7;PSMD8;CDC16;PSME3;PSMD2;PSMC4;CDC26;PSMB6;PSMD14;PSMD3;SEM1"
"Organic Cation/Anion/Zwitterion Transport R-HSA-549132",0.303471444568869,0.878749179866904,0.0749278818393739,0.407648380134586,1.12964121556407,15,"SLC22A7;RSC1A1;SLC22A2;SLC22A16;SLC22A8;SLC22A4;SLC22A18;SLC22A11;SLC22A1"
"PI-3K cascade:FGFR3 R-HSA-5654710",0.297872340425532,0.878749179866904,0.271288554688953,-0.261182409270157,-1.14589040792383,18,"PIK3R1;GRB2"
"Phospholipase C-mediated Cascade; FGFR2 R-HSA-5654221",0.303964757709251,0.878749179866904,0.0739901439101341,0.394551013699776,1.13228303573291,18,"FGF9;FGF3;FGF8;FGF23;FGFR2;FGF4;FGF22;FGF5;FGF18;FGF6;PLCG1;FGF1"
"Reproduction R-HSA-1474165",0.303,0.878749179866904,0.0692836467392548,0.292969921286496,1.08946356345625,110,"HVCN1;UBE2I;STAG2;ADAM20;B4GALT1;IZUMO1;SYCP1;ADAM21;CATSPER3;H2BC11;MSH5;RAD51;MLH1;SPAM1;REC8;CATSPERB;IZUMO3;SMC1B;BLM;TOP3A;ACR;SYNE2;IZUMO2;KCNU1;PRDM9;CDK4;SERPINA2;POT1;PMEPA1;H3C13;H2AC19;SYCP2;H2BC15;H2BC1;TINF2;H2AX;RAD50;ARTN;LMNB1;H3C7;ADAM2;H3-4;H2AC14;CDK2;RBBP8;MRE11;SYNE1;MND1;H2AC7;H2BC13;H2BC3;STAG3;ZP3;LMNA;BRCA2;CATSPER1;ZP2;H2BC5;SMC3"
"SMAD2/SMAD3:SMAD4 Heterotrimer Regulates Transcription R-HSA-2173796",0.300940438871473,0.878749179866904,0.0718276293603809,0.35239860801589,1.13482425410534,35,"COL1A2;WWTR1;E2F4;TGIF1;E2F5;TGIF2;DAND5;CDK9;EP300;YBX1;SMAD2;RNASEH2A;TFDP1;SMAD3;CCNT2;FURIN;MYC;RBL1;CDK8;CCNC;CCNT1;UBB"
"Signaling By FGFR4 R-HSA-5654743",0.296878372584658,0.878749179866904,0.203508959461977,-0.203970537583944,-1.19400503788317,39,"PIK3R1;GRB2;PPP2CA;PPP2CB"
"Synthesis Of PA R-HSA-1483166",0.303092783505155,0.878749179866904,0.0707899094502623,0.343422050097661,1.12268218580366,39,"PLA2R1;LCLAT1;LIPI;PLA2G4B;GPD1L;PLA2G2F;PLA2G1B;LPCAT1;AGPAT3;GPAT2;PLA2G4D;GPD1;GNPAT;GPAT3;PLA2G4A;PLA2G10;LIPH;GPD2;AGPAT2;PLA2G5;PRKCSH;GPAM;DDHD1;ALPP"
"TP53 Regulates Transcription Of Cell Death Genes R-HSA-5633008",0.302040816326531,0.878749179866904,0.0704500850658419,0.334281710704388,1.11812866641413,44,"IGFBP3;PRELID3A;CASP1;TP73;BBC3;PMAIP1;TNFRSF10A;TP53INP1;TNFRSF10D;APAF1;BCL6;BAX;TP53"
"Endogenous Sterols R-HSA-211976",0.307774227902023,0.88505445960185,0.0716527366829457,0.361145193224274,1.12240166783366,27,"CYP1B1;PTGIS;CYP21A2;CYP11A1;CYP4V2;CYP19A1;AHR;CYP11B1;FDXR;POMC;NR1H4;NCOA1;CYP11B2;CYP39A1;CYP7A1"
"PI3K/AKT Signaling In Cancer R-HSA-2219528",0.307615230460922,0.88505445960185,0.0686325631836726,0.294774028473062,1.09211670711199,105,"NR4A1;PDGFRB;CDKN1A;BTC;PDGFB;STRN;TRAT1;RAC2;LCK;AKT1;CD86;FGF19;FGFR4;FGF9;TGFA;FOXO3;FGF3;ICOS;CREB1;PIK3R3;FGF8;PRR5;KIT;AKT1S1;FGF23;MDM2;CD28;FGFR2;FGF4;SOS1;FGF22;MTOR;EPGN"
"NEP/NS2 Interacts With Cellular Export Machinery R-HSA-168333",0.310020876826722,0.886822876606966,0.0702812841717392,0.351329261350709,1.13023894946807,34,"NUP37;NUP85;NUP210;PBRM1;RNASE7;NUP153;NDC1;NUP160;POM121C;NUP93;NUP98;NUP43;NUP214;AAAS;BLOC1S6;RANBP2;NUP35;NUP42;GNL3;NUP205;NUP62;NUP155;NUP133;NUP188"
"Nitric Oxide Stimulates Guanylate Cyclase R-HSA-392154",0.309600862998921,0.886822876606966,0.072003313661988,0.375244263682538,1.11594126021413,21,"KCNMB1;PDE5A;PRKG2;PDE10A;KCNMB3;NANOS2;IRAG1;GUCY1B1;PDE9A"
"Regulation Of Activated PAK-2p34 By Proteasome Mediated Degradation R-HSA-211733",0.311032246678562,0.887380714277158,0.203508959461977,-0.174954898593417,-1.03631319970403,48,"PSMC5;PSMB7;PSMD8;PSME3;PSMD2;PSMC4;PSMB6;PSMD14;PSMD3;SEM1"
"Biosynthesis Of Specialized Proresolving Mediators (SPMs) R-HSA-9018678",0.317180616740088,0.891249254621348,0.0718276293603809,0.392761564753767,1.12714767271388,18,"LTC4S;CYP3A4;PTGS2;HPGD;ALOX5AP;CYP1A2"
"Constitutive Signaling By Ligand-Responsive EGFR Cancer Variants R-HSA-1236382",0.315726457626603,0.891249254621348,0.203508959461977,-0.275069507610735,-1.16273588581422,17,"PIK3R1;GRB2"
"Downregulation Of ERBB2 Signaling R-HSA-8863795",0.315677966101695,0.891249254621348,0.070113215764256,0.360213773008242,1.12613857928853,28,"BTC;CUL5;PTPN18;AKT1"
"Nuclear Events Stimulated By ALK Signaling In Cancer R-HSA-9725371",0.316248636859324,0.891249254621348,0.0714786287425507,0.385512145563022,1.12133349582305,19,"FN1;CEBPB;BCL2A1"
"Semaphorin Interactions R-HSA-373755",0.314833501513623,0.891249254621348,0.0678338263479455,0.318814453409324,1.11280023964334,63,"MYL9;MYH9;TLN1;MYL6;RRAS;PLXND1;RHOC;MYH11;RHOB;TYROBP;CD72;ITGA1;SEMA5A"
"Signaling By NTRK3 (TRKC) R-HSA-9034015",0.317307692307692,0.891249254621348,0.248911114434702,-0.258909159132634,-1.08273002710314,16,"PIK3R1;GRB2"
"Inactivation, Recovery And Regulation Of Phototransduction Cascade R-HSA-2514859",0.318992654774397,0.893672720978786,0.069119845655101,0.354702980103933,1.11962464893748,30,"GRK1;GUCY2D;GNAT1;GUCY2F;NMT1;GRK7;CAMKMT;RHO;PPEF1;GUCA1C;GNGT1;FNTA;CNGB1;PDE6A;RGS9BP;METAP1"
"G1/S-Specific Transcription R-HSA-69205",0.321693121693122,0.896588255886751,0.069119845655101,0.359519943720086,1.12712733745184,29,"E2F6;E2F4;LIN37;E2F5;CDC45;RRM2;TK1;LIN52;TYMS;CCNE1;DHFR;E2F1;CDT1;TFDP1;FBXO5;CCNA1;RBL1;RBBP4;CDK1;POLA1;LIN54;HDAC1;CDC25A;CDC6"
"Hh Mutants Abrogate Ligand Secretion R-HSA-5387390",0.323332655296786,0.896588255886751,0.203508959461977,-0.175013466898375,-1.10676546325149,57,"PSMC5;PSMB7;VCP;PSMD8;ERLEC1;PSME3;PSMD2;PSMC4;PSMB6;PSMD14;PSMD3;SEM1"
"Pyroptosis R-HSA-5620971",0.322033898305085,0.896588255886751,0.069119845655101,0.362811657937022,1.11679982982137,25,"BAK1;CASP1;CASP5;CHMP4C;GSDMD;CASP4;CASP3;BAX;TP53"
"Signaling By BMP R-HSA-201451",0.322683706070288,0.896588255886751,0.0692836467392548,0.358920414890319,1.1154872883557,27,"AMH;ACVRL1;SMAD1;BMPR1A;ACVR2B;SMAD6;SMURF2;FSTL1;GDF2;ZFYVE16;GREM2;BMPR1B;UBE2D3;AMHR2;BMP2;UBE2D1;CHRDL1"
"Activation Of IRF3/IRF7 Mediated By TBK1/IKK Epsilon R-HSA-936964",0.325867861142217,0.901318995067659,0.0713052987340038,0.40111697982312,1.11154194338067,15,"IRF3;SARM1;IKBKE"
"SCF-beta-TrCP Mediated Degradation Of Emi1 R-HSA-174113",0.326988790552498,0.902123896778085,0.203508959461977,-0.191605455666099,-1.16462184288333,53,"PSMC5;PSMB7;PSMD8;SKP1;PSME3;PSMD2;PSMC4;PSMB6;PSMD14;PSMD3;SEM1;CUL1;PSMB2"
"APC-Cdc20 Mediated Degradation Of Nek2A R-HSA-179409",0.334391879348932,0.904188987194748,0.203508959461977,-0.233700445459108,-1.06307741279737,25,"UBE2E1;CDC16;BUB3;CDC26"
"Cytosolic Sensors Of Pathogen-Associated DNA R-HSA-1834949",0.334343434343434,0.904188987194748,0.0649407684612899,0.316212437345162,1.10199986172359,62,"RIPK1;IRF3;STING1;STAT6;AIM2;TLR3;TRIM21;CGAS;POLR3G;NFKBIA;TRIM56;CREBBP;POLR2K;NLRC3;POLR3C;IRF7;POLR3GL;DDX41;EP300;MYD88;MRE11;NKIRAS2;NLRP4;IKBKG;IFI16;POLR3E;TREX1;POLR1D;RIPK3;ZBP1;POLR3F;IKBKB;NFKBIB"
"Metabolic Disorders Of Biological Oxidation Enzymes R-HSA-5579029",0.332638164754953,0.904188987194748,0.0667426134241917,0.349866920891015,1.11378293942146,32,"CYP1B1;MAOA;CYP21A2;CYP26C1;GGT1;CYP11A1;CYP2R1;CYP19A1;CYP11B1;FDXR;MAT1A;FMO3;CYP24A1;CYP4F22;CYP11B2;CYP2U1;ACY1;TPMT"
"PIWI-interacting RNA (piRNA) Biogenesis R-HSA-5601884",0.333333333333333,0.904188987194748,0.0673623868166279,0.355702186900598,1.11515832668024,29,"TDRD9;PIWIL1;MYBL1;TDRD6;MOV10L1;TDRKH;PIWIL4;MAEL"
"Resolution Of D-loop Structures Thru Synthesis-Dependent Strand Annealing (SDSA) R-HSA-5693554",0.332268370607029,0.904188987194748,0.0678338263479455,0.355870886128174,1.10600967039773,27,"RAD51D;XRCC2;RAD51;RMI1;EXO1;BLM;TOP3A;RAD50;PALB2;ARTN;BARD1;XRCC3;RAD51B;RBBP8;MRE11;RAD51AP1"
"SUMOylation Of DNA Methylation Proteins R-HSA-4655427",0.330347144456887,0.904188987194748,0.070619624712259,0.400182120260768,1.10895133847737,15,"PCGF2;UBE2I;DNMT3B;RNF2;CBX8;CBX2;RING1;SUMO1"
"Stimuli-sensing Channels R-HSA-2672351",0.333667334669339,0.904188987194748,0.0646484568421928,0.292728009616487,1.07607079292621,99,"TRPV5;STOM;WNK4;TRPV4;TRPC4;TRPM4;CLCN1;SLC9C1;RYR1;ANO6;FKBP1B;TSC22D3;TRPC3;BEST3;TRPC6;ANO5;SCNN1A;MCOLN3;CLCN6;RNASE3;ANO1;TPCN1;CLCA4;ANO2;SLC17A3;ASIC4;TRPV2;TRPA1;ANO4"
"cGMP Effects R-HSA-418457",0.333706606942889,0.904188987194748,0.070113215764256,0.399323242247696,1.10657128731076,15,"KCNMB1;PDE5A;PRKG2;PDE10A;KCNMB3;IRAG1;PDE9A"
"Signaling By PDGF R-HSA-186797",0.336372847011145,0.907288547645445,0.0647943366000727,0.321190970427602,1.09899447855026,52,"COL4A1;PDGFRB;COL4A2;COL6A1;PDGFB;COL9A1;COL6A2;PLAT;STAT6;COL6A5;PDGFC;CXXC1;CRKL;COL6A6;SOS1;COL6A3;NCK1;NCK2;PIK3CA;STAT5B;COL4A5;THBS1;CRK"
"FBXL7 Down-Regulates AURKA During Mitotic Entry And In Early Mitosis R-HSA-8854050",0.337622341778107,0.907354233200671,0.203508959461977,-0.189837479990437,-1.15387568180767,53,"PSMC5;PSMB7;PSMD8;SKP1;RBX1;PSME3;PSMD2;PSMC4;PSMB6;PSMD14;PSMD3;SEM1;CUL1;PSMB2"
"p53-Dependent G1 DNA Damage Response R-HSA-69563",0.338066664623985,0.907354233200671,0.203508959461977,-0.16758734675073,-0.99950516020327,64,"PSMC5;PSMB7;PCBP4;CDKN1B;PSMD8;PHF20;PSME3;PSMD2;PSMC4;PSMB6;PSMD14;PSMD3;SEM1"
"Processing Of Capped Intronless Pre-mRNA R-HSA-75067",0.345533622780177,0.922837955680719,0.203508959461977,-0.208010508955103,-1.05879472059027,29,"CSTF3;NCBP2;SNRPD3"
"SUMOylation Of DNA Damage Response And Repair Proteins R-HSA-3108214",0.345417925478348,0.922837955680719,0.0632191170859458,0.304116065256824,1.08492701005534,74,"TDG;PCGF2;UBE2I;STAG2;NUP37;NUP85;SP100;NUP210;PML;RNF2;RNASE7;BLM;NUP153;NDC1;NSMCE3;NUP160;NSMCE4A;PMEPA1;NSMCE1;SMC6;RAD52;POM121C;NUP93;NUP98;NUP43;CBX8;NUP214;AAAS;PIAS2;CBX2;RING1;RANBP2;NUP35;NUP42;PIAS4;NUP205;SMC3;SUMO1;MDC1;NUP62;NSMCE2;NUP155;NUP133;NUP188"
"Antimicrobial Peptides R-HSA-6803157",0.348044132397192,0.92499748634657,0.0626618230932491,0.299024425226152,1.08317885423523,84,"PGLYRP4;TSPAN32;CCR6;DCD;DEFB119;DEFB127;DEFB107A;REG3A;HTN1;PGLYRP2;PRTN3;TRIM21;RNASE3;RNASE7;DEFB112;CCR2;RNASE6;TLR2;DEFB132;DEFB129;DEFB131A;ATP7A;PI3;BPIFB2;ITLN1;S100A9;DEFB126;DEFB130A;BPIFA2;DEFB1;DEFA5;DEFB124;RNASE8;TLR1;DEFB121;S100A7;EPPIN;DEFB136;DEFB105A;PRSS2;DEFB123;SEMG1;LEAP2;DEFB128;SLC11A1;DEFB125;DEFB115;REG3G;DEFB118;ELANE;DEFA6;DEFB114;PRSS3;HTN3;PGLYRP1;DEFB103A;CD4;PLA2G2A;BPIFB1;GNLY;RO60;S100A8;DEFB106A"
"Metabolism Of Non-Coding RNA R-HSA-194441",0.347560975609756,0.92499748634657,0.0633597010643758,0.320970081495503,1.09472141507853,51,"GEMIN2;NUP37;NUP85;GEMIN4;SNRPE;NUP210;SNRPF;RNASE7;NUP153;NDC1;GEMIN7;NUP160;DDX20;PHAX;NCBP1;POM121C;NUP93;NUP98;NUP43;SNRPB;WDR77;NUP214;AAAS"
"Sialic Acid Metabolism R-HSA-4085001",0.348958333333333,0.925165142276423,0.0643583367917361,0.345216253931587,1.10764505540364,33,"ST6GALNAC4;NEU4;ST6GAL1;ST6GALNAC2;ST6GALNAC5;ST8SIA1"
"Collagen Degradation R-HSA-1442490",0.353182751540041,0.927317997401026,0.0630790410571939,0.332144861461912,1.09275432282989,40,"MMP13;COL23A1;MMP28;MMP3;MMP11;COL9A1;MMP14;ADAM17;MMP9;COL15A1;CTSL;COL14A1;COL18A1;COL13A1;CTSK;COL19A1;TMPRSS6;MMP1;PRSS2"
"Drug ADME R-HSA-9748784",0.352763819095477,0.927317997401026,0.0621124188949471,0.299563715783227,1.08152097990644,82,"CES1;ACSM2B;SLCO2B1;CYP3A4;SLC22A7;ABCB1;SULT1A4;SLCO1B1;ABCC2;UGT2B10;GGT5;SLC22A2;GGT1;ACSM5;UGT2A3;GSTT1;GGT6;UGT2B4;ACSM2A;VAV2;SULT2A1;UGT2B11;ABCC1;UGT3A2;ADH1A;BCHE;ABCG2;CYP2C19;SLC28A2;GSTM1;XDH;IMPDH2;ACY1;GLYATL1;SLC28A3;TPMT;SLC22A1;ADAL;CNDP2;SULT1E1;UGT2A1;NUDT15"
"Phase 0 - Rapid Depolarisation R-HSA-5576892",0.353142241483424,0.927317997401026,0.203508959461977,-0.212348046926067,-1.12170997629171,32,"CAMK2B;CACNG7;SCN3A;CAMK2D;CALM1;SCN3B;FGF14;CAMK2G;CACNB1;CAMK2A;CACNG8;SCN1B"
"Synthesis Of Bile Acids And Bile Salts Via 7Alpha-Hydroxycholesterol R-HSA-193368",0.352502662406816,0.927317997401026,0.0649407684612899,0.358664814729516,1.09334949102316,24,"PTGIS;AKR1C2;HSD3B7;AKR1C3;AKR1C1;BAAT;SYCP2;ACOX2;NR1H4;NCOA1;AKR1C4;CYP7A1;ABCB11"
"Arachidonic Acid Metabolism R-HSA-2142753",0.360040567951318,0.927403074320102,0.0615706755421678,0.314271983735551,1.08714573704939,58,"CYP1B1;PTGIS;PTGES;LTC4S;MAPKAPK2;PTGS2;CYP4F3;HPGD;ALOX12B;GGT5;ALOX5AP;AKR1C3;DPEP1;CYP1A2;GGT1;FAAH2;AWAT1;DPEP3;CYP4F2;ABCC1;PLA2G4A;CYP2C19;CYP4F8;GPX2;CYP4F22;CYP1A1;CYP2U1;PTGR1;ALOX15B;EPHX2;CYP4F11;PTGR2;DPEP2;CYP4B1"
"Cell-Cell Communication R-HSA-1500931",0.35964035964036,0.927403074320102,0.0609039347452418,0.286309456972995,1.06887347711688,117,"FLNA;LAMA4;CD151;LIMS2;CLDN5;CDH5;CLDN15;CLDN9;CDH12;PXDN;NPHS1;NECTIN2;NECTIN4;CLDN7;PARD6A;PARVA;IQGAP1;CLDN12;PATJ;VASP;FBLIM1;TYROBP;FYB1;CLDN20;ACTN3;CLDN23;PARD3;PRKCI"
"Diseases Associated With N-glycosylation Of Proteins R-HSA-3781860",0.354625550660793,0.927403074320102,0.0662842187012672,0.383939403071557,1.10182982111951,18,"MOGAT2;ALG6;B4GALT1"
"FGFR1 Mutant Receptor Activation R-HSA-1839124",0.358991962315662,0.927403074320102,0.203508959461977,-0.201392724245457,-1.05231086919991,30,"PIK3R1;GRB2;FGFR1OP2"
"Fanconi Anemia Pathway R-HSA-6783310",0.359456635318704,0.927403074320102,0.0630790410571939,0.341924813768219,1.10109564260006,35,"POLN;EME2;FANCE;FAAP20;FANCF;SERPINA2;FANCC;FANCG;ERCC1;EME1;FANCA;SLX4;FAAP24;MUS81;UBE2T;SLX1A"
"Nuclear Pore Complex (NPC) Disassembly R-HSA-3301854",0.359456635318704,0.927403074320102,0.0630790410571939,0.341903345012201,1.10102650706865,35,"NUP37;NUP85;NEK7;NUP210;RNASE7;NUP153;NDC1;NUP160;POM121C;NUP93;NUP98;NUP43;NUP214;AAAS;RANBP2;NUP35;NUP42;CCNB1;NUP205;NUP62;NUP155;NUP133;NUP188;CDK1;CCNB2;NUP107;NUP54"
"TNF Receptor Superfamily (TNFSF) Members Mediating Non-Canonical NF-kB Pathway R-HSA-5676594",0.357456140350877,0.927403074320102,0.0656813601934011,0.385851595704688,1.10216402021864,17,"TNFSF11;CD40;TNFSF12;LTB;LTA;TNFSF14"
"tRNA Processing R-HSA-72306",0.356356356356356,0.927403074320102,0.0614364107201271,0.288124456952462,1.06607114221462,104,"QTRT2;RTCB;TRMT9B;NUP37;RPP25;NUP85;ADAT3;TRMT10A;RPP30;URM1;NSUN2;PUS3;ZBTB8OS;TRMT10C;NLRP2B;NUP210;GTPBP3;RNASE7;THADA;NUP153;NDC1;NUP160;TRMT6;RPP40;TSEN34;POM121C;NUP93;NUP98;TRMT5;TSEN2;NUP43;NUP214;PRORP;RPP14;AAAS;RTRAF;TRNT1;PYDC1;TRMT44;HSD17B10;RANBP2;TRMT112;NUP35;NUP42;TRDMT1;MTO1;NUP205;PUS1;TRMT61A;LCMT2;CPSF1;QTRT1;NUP62;NUP155;NUP133;NUP188;PUS7;FTSJ1;COLEC12;DUS2;NUP107;NUP54;TRMT12;ALKBH8;TRMU;RPP21;CDKAL1;THG1L"
"Defective TPR May Confer Susceptibility Towards Thyroid Papillary Carcinoma (TPC) R-HSA-5619107",0.363256784968685,0.933475473430166,0.0625237414724762,0.342787062028726,1.09012219792996,31,"NUP37;NUP85;NUP210;RNASE7;NUP153;NDC1;NUP160;POM121C;NUP93;NUP98;NUP43;NUP214;AAAS;RANBP2;NUP35;NUP42;NUP205;NUP62;NUP155;NUP133;NUP188;NUP107;NUP54"
"Nicotinamide Salvaging R-HSA-197264",0.368593238822246,0.938315809367171,0.0639271933359996,0.371401057504077,1.08028878196612,19,"PTGIS;PTGS2;NAXE;RNLS;PARP4;NNMT;SLC22A13;SLC5A8;NAPRT;PARP9;NUDT12;PARP8;PARP16;NAMPT;CYP8B1;NAXD"
"Other Semaphorin Interactions R-HSA-416700",0.367502726281352,0.938315809367171,0.0640703750499722,0.371518828475451,1.08063134065476,19,"PLXND1;TYROBP;CD72;ITGA1;SEMA5A;PLXNA2;ITGB1;PLXNA1;PLXNC1"
"TBC/RABGAPs R-HSA-8854214",0.368035928357662,0.938315809367171,0.203508959461977,-0.187208505290797,-1.06726413002124,43,"GABARAPL2;RAB33A;RAB7A;ULK1;GGA3;TBC1D15;GABARAP;OPTN;RAB6B;TBC1D17;RAB4A;TBC1D2"
"Viral Messenger RNA Synthesis R-HSA-168325",0.367243133265514,0.938315809367171,0.0607719451853533,0.321645421621339,1.08377511489443,46,"NUP37;NUP85;NUP210;PBRM1;RNASE7;NUP153;NDC1;NUP160;GTF2F1;POM121C;NUP93;NUP98;POLR2K;NUP43;NUP214;AAAS;POLR2B;GTF2F2;POLR2D;BLOC1S6;RANBP2;NUP35;NUP42;GNL3;NUP205;NUP62;NUP155;NUP133;NUP188"
"Phototransduction Cascade R-HSA-2514856",0.370563674321503,0.941127836419332,0.0615706755421678,0.34019575313321,1.0818813870546,31,"GRK1;GUCY2D;GNAT1;GUCY2F;NMT1;GRK7;CAMKMT;RHO;PPEF1;GUCA1C;GNGT1;FNTA;CNGB1;PDE6A;RGS9BP;METAP1"
"ATF4 Activates Genes In Response To Endoplasmic Reticulum Stress R-HSA-380994",0.376996805111821,0.94640999343314,0.0617054053637522,0.346724046319946,1.07758224439628,27,"DDIT3;HERPUD1;CEBPB;EXOSC1;CEBPG;EXOSC8;EXOSC2;ATF6;NFYC;EXOSC9"
"Acyl Chain Remodelling Of PE R-HSA-1482839",0.375661375661376,0.94640999343314,0.0615706755421678,0.345976722147046,1.08466812054668,29,"PLA2R1;PLA2G4E;PLA2G3;PLAAT5;PLA2G4B;PLA2G2F;PLAAT4;PLA2G1B;PLBD1;LPCAT3;PLA2G4D;PLA2G4A;PLA2G10"
"Leishmania Infection R-HSA-9658195",0.376623376623377,0.94640999343314,0.0587185879555941,0.269926730584873,1.03936245104175,241,"MYH9;GLP2R;RAMP2;ARPC1B;CASP1;CYSLTR1;TXNIP;PTHLH;PTGIR;ADORA2A;CPAMD8;MAPK14;GNG11;ENTPD1;CYSLTR2;RAMP1;NCKAP1L;PTH2R;TARP;ADRB3;HTR4;ADCY4;GPR32;FCGR1A;GPR20;MC1R;INSL3;RLN2;PSTPIP1;PTH2;GGT5;WASF2;GSDMD;HTR7;ADAM17;ADCY9;MYO1E;CD247;HRH2;CREB1;MYH2;CALCB;DPEP1;PLCG2;NT5E;GNAT3;GGT1;GPHA2;GIPR;PTH1R;ITPR3;RLN3;ARPC3;HCK;HTR6;TSHB;AVPR2;TAAR6;CALCRL;SCTR;PRKX;ADCYAP1;LHB;VAV2;ADCY7;DVL3;GPHB5;PRKAR2A;GLP1R;GHRH;RXFP2;IAPP;DPEP3;GPR39;VIPR2;NCK1;CD163;FGR;GNB4;WIPF1;FZD7;MC2R;CYFIP1;CALCA;BTK;DRD5;POMC"
"Metabolism Of Steroid Hormones R-HSA-196071",0.375130616509927,0.94640999343314,0.0610363728309177,0.338518502236711,1.09012634574399,35,"HSD17B11;CYP21A2;AKR1B15;HSD17B2;STARD4;CYP11A1;HSD3B1;CYP19A1;LHB;CYP11B1;FDXR;HSD11B2;HSD17B12;POMC"
"Signal Amplification R-HSA-392518",0.375868758503897,0.94640999343314,0.203508959461977,-0.205844398751972,-1.10981179124275,33,"GNAI1;AAMP;GNG7;GNAQ;GNG3;GNA11;GNG4;GNB1"
"Amino Acid Transport Across Plasma Membrane R-HSA-352230",0.380208333333333,0.95227294546851,0.0602484086158019,0.336771596449117,1.08054991431886,33,"SLC36A1;SLC1A5;SLC38A5;SLC7A7;SLC7A3;SLC6A6;SLC6A20;SLC6A19"
"Recycling Of Bile Acids And Salts R-HSA-159418",0.38215859030837,0.954957213023444,0.0626618230932491,0.374474603889236,1.07466772755328,18,"SLC10A2;SLCO1B1;BAAT;SLC51A;NR1H4;SLC51B;STARD5;NCOA1;SLCO1A2;FABP6;ABCB11;SLCO1B3;SLC10A1"
"EGFR Downregulation R-HSA-182971",0.383537842742941,0.956205585003616,0.203508959461977,-0.199825546264868,-1.04412210056826,30,"GRB2;EPN1;PTPRK;HGS;PTPN3"
"Biosynthesis Of DHA-derived SPMs R-HSA-9018677",0.389755011135857,0.961124921176008,0.062249042949858,0.383168240043647,1.07740796850476,16,"LTC4S;CYP3A4;PTGS2;HPGD;CYP1A2"
"Cell-cell Junction Organization R-HSA-421270",0.387423935091278,0.961124921176008,0.0580983576873206,0.308942698540018,1.07021357576239,59,"CLDN5;CDH5;CLDN15;CLDN9;CDH12;NECTIN2;NECTIN4;CLDN7;PARD6A;CLDN12;PATJ;CLDN20;CLDN23;PARD3;PRKCI;CLDN14"
"Heparan Sulfate/Heparin (HS-GAG) Metabolism R-HSA-1638091",0.3917004048583,0.961124921176008,0.0574877409561325,0.311475448655395,1.06844246389779,53,"BGN;DCN;CSPG4;HS3ST3B1;NAGLU;GPC2;HS3ST2;NCAN;GPC4;HS3ST1;GPC6;GPC5;HS3ST6;SDC2;HS2ST1;VCAN;AGRN;NDST2;SDC1;B3GALT6;EXT1"
"Nucleotide Salvage R-HSA-8956321",0.390841320553781,0.961124921176008,0.059989249649033,0.351482551734841,1.06267426285998,23,"PUDP;UPP2;ADA;PPY;APRT;TK1;AMPD2;TK2;UPP1;ADAL;AMPD3;AMPD1;GMPR;CDA;HPRT1"
"Paracetamol ADME R-HSA-9753281",0.390841320553781,0.961124921176008,0.059989249649033,0.351227720496997,1.06190380470639,23,"SULT1A4;ABCC2;GGT5;GGT1;GSTT1;GGT6;SULT2A1;ABCC1;ABCG2;GSTM1;ACY1;CNDP2;SULT1E1;ABCC5;SLC38A1;UGT2B15;GSTP1"
"Transport Of Bile Salts And Organic Acids, Metal Ions And Amine Compounds R-HSA-425366",0.39039039039039,0.961124921176008,0.0571258510018113,0.292260875626813,1.06059236169045,86,"SLC6A3;SLC22A7;SLC6A6;RSC1A1;HEPH;SLC44A2;SLC40A1;SLC22A2;SLC6A20;SLC6A19;SLC39A2;SLC30A8;SLC22A16;SLC22A8;SLC22A4;SLC39A5;SLC39A4;SLC44A5;SLC44A3;SLC18A2;SLC6A5;SLC16A7;SLC39A7;SLC6A1;SLC5A3;SLC30A10;SLC31A1;SLC16A8;SLC16A3;SLC6A18;SLC47A2;SLC22A18;SLC39A8;SLC30A1;EMB;SLC30A3;SLC13A4;SLC30A5;CP;SLC5A7;SLC22A11;SLC22A1;SLC39A14;SLC11A1;SLC39A1"
"Ubiquitin-dependent Degradation Of Cyclin D R-HSA-75815",0.389770807487223,0.961124921176008,0.203508959461977,-0.16759149349585,-0.990933102583222,50,"PSMC5;PSMB7;PSMD8;PSME3;PSMD2;PSMC4;PSMB6;PSMD14;PSMD3;SEM1;PSMB2;GSK3B;CCND1;PSMC2"
"APC/C:Cdh1 Mediated Degradation Of Cdc20 And APC/C:Cdh1 Targets In Late Mitosis/Early G1 R-HSA-174178",0.39586715414396,0.962781354152399,0.203508959461977,-0.169703129540672,-1.09445234810807,72,"PSMC5;UBE2E1;PSMB7;PSMD8;CDC16;PSME3;PSMD2;PSMC4;CDC26;PSMB6;PSMD14;PSMD3;SKP2;SEM1"
"SUMOylation Of DNA Replication Proteins R-HSA-4615885",0.395918367346939,0.962781354152399,0.0573667426768556,0.317737688231502,1.06279107182736,44,"UBE2I;NUP37;NUP85;AURKA;NUP210;RNASE7;NUP153;NDC1;NUP160;POM121C;NUP93;NUP98;CDCA8;NUP43;NUP214;AAAS;RANBP2;NUP35;NUP42;PIAS4;NUP205;INCENP;SUMO1;PIAS3;NUP62;NUP155;NUP133;NUP188;TOP2A"
"Transport Of Ribonucleoproteins Into Host Nucleus R-HSA-168271",0.394572025052192,0.962781354152399,0.0585937568945671,0.33525151541202,1.07851625887949,34,"NUP37;NUP85;NUP210;PBRM1;RNASE7;NUP153;NDC1;NUP160;POM121C;NUP93;NUP98;NUP43;NUP214;AAAS;KPNA1;BLOC1S6;RANBP2;NUP35;NUP42;GNL3;NUP205;NUP62;NUP155;NUP133;NUP188"
"Vpr-mediated Nuclear Import Of PICs R-HSA-180910",0.395615866388309,0.962781354152399,0.0584693210386381,0.33514630130518,1.07817778128976,34,"NUP37;NUP85;NUP210;RNASE7;NUP153;NDC1;NUP160;HMGA1;POM121C;NUP93;NUP98;NUP43;NUP214;AAAS;KPNA1;RANBP2;NUP35;NUP42;NUP205;NUP62;NUP155;NUP133;NUP188"
"N-Glycan Antennae Elongation R-HSA-975577",0.397536394176932,0.964558170692689,0.0615706755421678,0.38133578403157,1.0567259422674,15,"ST6GAL1;B4GALT1;B4GALT6;ST8SIA2;MGAT4B;B4GALT2"
"HDR Thru Homologous Recombination (HRR) Or Single Strand Annealing (SSA) R-HSA-5693567",0.3996003996004,0.965256965256965,0.0559428593065705,0.280654096667487,1.04333304423218,109,"RAD51D;RAD9A;XRCC2;EME2;RHNO1;UBE2I;BRCC3;H2BC11;POLD4;RAD51;SIRT6;RMI1;POLD2;POLD3;EXO1;BLM;TP53BP1;TOP3A;PPP4C;POLE4;SERPINA2;RFC4;H2BC15;RAD52;H2BC1;CHEK1;POLH;SLC19A1;H2AX;RAD50;PALB2;RAD17;ARTN;POLD1;TIMELESS;ERCC1;POLE;H3-4;RNF4;RFC5;BARD1;XRCC3;RAD51B;CDK2;RBBP8;EME1;MRE11;SLX4;RAD51AP1;MUS81;H2BC13;H2BC3;SLX1A;BRCA2;CCNA1;PIAS4;ABL1;H2BC5"
"Regulation Of Beta-Cell Development R-HSA-186712",0.399383983572895,0.965256965256965,0.0572461135202884,0.322387706475832,1.0606533496502,40,"MAMLD1;PAX4;AKT1;ONECUT1;NR5A2;NKX6-1;MAML3;PTF1A;SLC2A2;PAX6;RBPJ;MAML2;CREBBP;IAPP;EP300;NOTCH1;INS;SNW1;FOXO1"
"Pyruvate Metabolism And Citric Acid (TCA) Cycle R-HSA-71406",0.40311341585414,0.971583776127383,0.203508959461977,-0.164934920491196,-0.985365283311893,51,"MDH2;MPC2;PDHB;BSG;LDHB;SUCLG1;PDHA1;IDH2;PDHX;RXRA;MPC1"
"Gene Silencing By RNA R-HSA-211000",0.405405405405405,0.974350997986054,0.0553642837725362,0.2815376633052,1.04169976221675,104,"TDRD9;PIWIL1;NUP37;NUP85;MYBL1;H2BC11;TDRD6;PRKRA;MOV10L1;TDRKH;TARBP2;AGO3;NUP210;PIWIL4;BCDIN3D;RNASE7;MAEL;NUP153;NDC1;NUP160;H3C13;H2AC19;HENMT1;H2BC15;H2BC1;POM121C;NUP93;NUP98;POLR2K;NUP43;H2AX;TNRC6C;H3C7;NUP214;AAAS;AGO2;H2AC14;POLR2B;AGO4;XPO5;POLR2D;H2AC7;H2BC13;H2BC3;TDRD12;RANBP2;PIWIL2;NUP35;NUP42;ASZ1;NUP205;H2BC5;TDRD1;NUP62;AGO1;NUP155;ANG;H2BC9;NUP133;H2AC20;NUP188;H2BC17"
"Impaired BRCA2 Binding To RAD51 R-HSA-9709570",0.406054279749478,0.974350997986054,0.0572461135202884,0.332599442718827,1.06998444503869,34,"RAD9A;RHNO1;RAD51;RMI1;EXO1;BLM;TOP3A;SERPINA2;RFC4;RAD50;RAD17;ARTN;RFC5;BARD1;RBBP8;MRE11"
"Mitochondrial tRNA Aminoacylation R-HSA-379726",0.40992448759439,0.981471185055292,0.0583452776743612,0.354685534647202,1.05480152748926,21,"NARS2;WARS2;EARS2;RARS2;DARS2;CARS2;YARS2;LARS2;VARS2;FARS2;PARS2;SARS2;MARS2;KARS1;TARS2;PPA2;QARS1"
"Metabolism Of Nucleotides R-HSA-15869",0.411411411411411,0.982866382866383,0.0546808488785442,0.286077941180865,1.04728436062572,94,"DCTD;NUDT1;PUDP;UPP2;ENTPD1;NUDT5;ADA;ENTPD7;ADPRM;AK6;AK9;AK8;NT5E;NUDT16;RRM2B;ENTPD8;ENTPD2;AGXT2;CMPK1;PPY;ITPA;NT5C3A;RRM2;PFAS;AK4;APRT;TK1;AMPD2;ACOD1;CTPS2;TYMS;SAMHD1;ATIC;TK2;UPP1;NME4;XDH;IMPDH2;AK7"
"Defective CFTR Causes Cystic Fibrosis R-HSA-5678895",0.416101701521231,0.988460528491261,0.203508959461977,-0.166669344763585,-1.03058275516209,59,"PSMC5;PSMB7;VCP;PSMD8;ERLEC1;PSME3;PSMD2;PSMC4;PSMB6;PSMD14;PSMD3;SEM1"
"Polo-like Kinase Mediated Events R-HSA-156711",0.416481069042316,0.988460528491261,0.0590954798717342,0.37459784955665,1.05330939759283,16,"FOXM1;LIN37;CENPF;LIN52;EP300;CCNB1;PKMYT1;RBBP4;CDC25C;WEE1;LIN54;CCNB2;CDC25A"
"RHOH GTPase Cycle R-HSA-9013407",0.41544885177453,0.988460528491261,0.0561766586307176,0.330863969209232,1.06440136394612,34,"CAV1;SLC1A5;ARHGDIB;STOM;LCK;UACA;FAM91A1"
"BBSome-mediated Cargo-Targeting To Cilium R-HSA-5620922",0.417465388711395,0.988638077405853,0.0568864160475701,0.346984132314929,1.04907371706476,23,"CCT5;LZTFL1;BBS4;SSTR3;SMOX;BBS9;BBS12"
"Cell Surface Interactions At Vascular Wall R-HSA-202733",0.41958041958042,0.989336043565978,0.0536769600638126,0.274296594518087,1.03283046109697,133,"FN1;CAV1;CEACAM1;JAM2;PROCR;PECAM1;MERTK;ESAM;PF4V1;DOK2;APOB;CEACAM8;LCK;ANGPT2;SLC7A7;FCER1G;SELE;INPP5D;TNFRSF10A;CD48;VPREB3;ANGPT1;CD2;CXADR;TNFRSF10D;TGFB1;VPREB1;ITGA3;ITGA5;PPIL2;ITGB2;PF4;ITGB1;SLC7A9;S100A9;TEK;CD58;SOS1;ITGA4;ITGAL;JCHAIN;PSG5;SDC2;SIRPG;PSG8;SLC16A8;SLC16A3;CD84;PIK3CA;SDC1"
"Signaling By TGFB Family Members R-HSA-9006936",0.41958041958042,0.989336043565978,0.0536769600638126,0.277731617004348,1.03773655793606,118,"TGFBR2;COL1A2;AMH;CBL;ITGB5;WWTR1;PPP1CA;ACVRL1;SMAD1;INHBA;PARD6A;BMPR1A;ITGA8;TGFB1;E2F4;TGFB3;LTBP4;PARD3;ACVR2B;TGIF1;E2F5;PPP1R15A;ITGB1;PMEPA1;SMAD6;ZFYVE9;TGIF2;ATP1B4;ITGB6;DAND5"
"Nuclear Envelope Breakdown R-HSA-2980766",0.42451874366768,0.99881358088045,0.05378728077603,0.307443476784578,1.05195573525224,52,"NUP37;NUP85;VRK2;NEK7;NUP210;CNEP1R1;RNASE7;NUP153;NDC1;NUP160;LEMD3;LPIN3;POM121C;NUP93;NUP98;NUP43;LMNB1;NUP214;EMD;AAAS;LPIN2;TMPO;RANBP2;NUP35;NUP42;CCNB1;LMNA;LEMD2;NUP205;NUP62;NUP155;NUP133;NUP188;CDK1;CCNB2;NUP107;NUP54;LPIN1;NEK6"
"ABC Transporter Disorders R-HSA-5619084",0.974874371859296,1,0.00815591848796014,0.174662994724683,0.626347106605729,76,"DERL1;CFTR;PSMD5;APOA1;ABCC2;PSMA4;ABCC6;PSME4;PSMB8;ABCG5;PSMF1;ABCA1;PSMA7;KCNJ11;ABCD1;PSMB10;ABCG8;PSMC1;PSMB9"
"ABC-family Proteins Mediated Transport R-HSA-382556",0.904809619238477,1,0.0150298748621405,0.209660812164364,0.772726813007041,101,"DERL1;CFTR;PSMD5;APOA1;ABCB1;ABCB7;ABCC2;PSMA4;ABCC6;PSME4;ABCA5;EIF2S3;PSMB8;ABCG5;ABCC11;PSMF1;ABCA9;ABCB10;PSMA7;KCNJ11;ABCB5;ABCC10;ABCD1;PSMB10;ABCG8;PSMC1;ABCC1;PSMB9;PSMB4;ABCB9;ABCA7;ABCB8"
"ADP Signaling Thru P2Y Purinoceptor 1 R-HSA-418592",0.794491525423729,1,0.0263947139776277,0.256416579745383,0.789296557479223,25,"MAPK14;GNG11;GNA14;PLA2G4A;GNB4;GNGT1;GNG10;GNG8;GNG13;GNB3;SRC;GNG12;P2RY1;GNA15"
"ADP Signaling Thru P2Y Purinoceptor 12 R-HSA-392170",0.552238805970149,1,0.234392647294686,-0.211980787559647,-0.940783461619185,22,"GNAI1;GNG7"
"APC/C:Cdc20 Mediated Degradation Of Cyclin B R-HSA-174048",0.634920634920635,1,0.224966093540314,-0.196596944114522,-0.885225801050807,23,"UBE2E1;CDC16;CDC26"
"AUF1 (hnRNP D0) Binds And Destabilizes mRNA R-HSA-450408",1,1,0.143902565267782,-0.153932807312633,-0.935638858034676,53,"PSMC5;PSMB7;PSMD8;PSME3;PSMD2;PSMC4;PSMB6;PSMD14;PSMD3;SEM1;EIF4G1;HNRNPD;PSMB2"
"Aberrant Regulation Of Mitotic Cell Cycle Due To RB1 Defects R-HSA-9687139",0.878048780487805,1,0.237793834423688,-0.141868450441665,-0.788440860379033,36,"UBE2E1;CDKN1B;CDC16"
"Aberrant Regulation Of Mitotic Exit In Cancer Due To RB1 Defects R-HSA-9687136",0.63013698630137,1,0.208955027549354,-0.220568226650918,-0.939010766104773,20,"UBE2E1;CDC16;CDC26;SKP2"
"Aberrant Regulation Of Mitotic G1/S Transition In Cancer Due To RB1 Defects R-HSA-9659787",0.696271929824561,1,0.0346410167413251,0.30304205292967,0.865623081698757,17,"CDKN1A;RB1;CDK4;CCNE1;E2F1;CDK2;TFDP1"
"Abortive Elongation Of HIV-1 Transcript In Absence Of Tat R-HSA-167242",0.428571428571429,1,0.276500599254472,-0.231120667415519,-1.04067730489809,23,"CTDP1;NCBP2"
"Activated NOTCH1 Transmits Signal To Nucleus R-HSA-2122948",0.685204616998951,1,0.0333092817548776,0.276884544376657,0.873989727131957,30,"JAG1;ARRB2;ADAM17;DLK1;APH1B"
"Activated PKN1 Stimulates Transcription Of Androgen Receptor Regulated KLK2 And KLK3 R-HSA-5625886",0.667708333333333,1,0.0341946045318573,0.277191880031533,0.889385166017741,33,"H2BC11;KLK2;H3C13;H2AC19;H2BC15;H2BC1;H2AX;H3C7;AREG;H2AC14;H2AC7;PKN1;H2BC13;H2BC3;H2BC5;KDM1A;H2BC9;H2AC20;H2BC17;H2AZ2;H2BC14"
"Activation Of ATR In Response To Replication Stress R-HSA-176187",0.51619644723093,1,0.0462302524077616,0.310427846309825,0.999666403694158,35,"RAD9A;DBF4;SERPINA2;ORC4;CDC45;MCM3;MCM6;RFC4;CHEK1;SLC25A2;MCM8;CDC7;RAD17;RFC5;ORC5;CDK2;ORC6;MCM10;RRAD;CDC25C;RFC3;MCM5;HUS1;MCM7;RFC2;CDC25A;CDC6;MCM4;ORC3;POLR1B;RAD9B"
"Activation Of BH3-only Proteins R-HSA-114452",0.780692549842602,1,0.0268158762373842,0.25086828217513,0.791869051332968,30,"TP73;BBC3;BMF;AKT1;PMAIP1"
"Activation Of G Protein Gated Potassium Channels R-HSA-1296041",0.88994708994709,1,0.0199001825208318,0.226249183294663,0.7093115250544,29,"GNG11;KCNJ16;KCNJ5;UBD;KCNJ15;GNB4;KCNJ4;GNGT1;GNG10;KCNJ10;GNG8;GNG13;GNB3;KCNJ2;GNG12;KCNJ6;KCNJ12;GNGT2"
"Activation Of GABAB Receptors R-HSA-991365",0.893551688843398,1,0.0174698106128933,0.213611633911543,0.709400960131417,42,"GNAL;GNG11;ADCY4;KCNJ16;KCNJ5;ADCY9;GNAT3;UBD;KCNJ15;ADCY7;GNB4;KCNJ4;GNGT1;GNG10;KCNJ10;GNG8;GNG13;GNB3;KCNJ2"
"Activation Of HOX Genes During Differentiation R-HSA-5619507",0.487975951903808,1,0.0468819856878333,0.278025115677368,1.01197842643772,88,"HOXA1;PCGF2;HOXC4;PKNOX1;H2BC11;HOXA4;PAGR1;AJUBA;MAFB;HOXB2;HOXD1;RARG;HOXB3;NCOA3;H3C13;H2AC19;H2BC15;H2BC1;PAX6;CREBBP;POLR2K;H2AX;H3C7;EP300;HOXD4;PIAS2;H2AC14;SUZ12;KDM6A;CNOT6;CNOT9;HOXA3;KMT2C;POLR2B;POLR2D;H2AC7;H2BC13;H2BC3;HDAC3;ZNF335;H2BC5;EED;RARB;RBBP4;EZH2;H2BC9;H2AC20;H2BC17;NCOR1;H2AZ2;HOXB4;NCOA6;H2BC14;HOXA2;POLR2J"
"Activation Of NF-kappaB In B Cells R-HSA-1169091",0.49691672189361,1,0.203508959461977,-0.156909590394877,-0.943095412414795,65,"PSMC5;PSMB7;PSMD8;SKP1;PSME3;PSMD2;PSMC4;FBXW11;PSMB6;PRKCB;PSMD14;PSMD3;SEM1;CUL1;PSMB2"
"Activation Of Pre-Replicative Complex R-HSA-68962",0.511991657977059,1,0.0465084048719156,0.312204189594428,0.993885615423743,32,"DBF4;POLE4;ORC4;CDC45;MCM3;MCM6;SLC25A2;MCM8;CDC7;PRIM2;POLE;ORC5;CDK2;CDT1;GMNN;ORC6;POLA2;MCM10;PRIM1;POLA1;MCM5;POLE2;MCM7;CDC6;MCM4;ORC3;POLR1B"
"Acyl Chain Remodelling Of PI R-HSA-1482922",0.485745614035088,1,0.051218434854034,0.351430989945728,1.0038434388242,17,"PLA2R1;PLA2G4E;PLA2G2F;PLA2G1B;PLBD1;PLA2G4D;PLA2G4A;PLA2G10;PLA2G4F;PLA2G5"
"Adherens Junctions Interactions R-HSA-418990",0.651851851851852,1,0.0360729976388226,0.286832441754762,0.899245485589987,29,"CDH5;CDH12;NECTIN2;NECTIN4"
"Adrenaline,noradrenaline Inhibits Insulin Secretion R-HSA-400042",0.724137931034483,1,0.219250346703755,-0.175308592342347,-0.863243114815963,28,"GNAI1;GNG7"
"Amyloid Fiber Formation R-HSA-977225",0.751258811681772,1,0.0266754763765933,0.239862793022438,0.857994201236793,75,"TTR;MFGE8;B2M;CALB1;APOA1;TGFBI;H2BC11;NAT8;ODAM;APH1B;NPPA;SNCAIP;H3C13;H2AC19;GSN;H2BC15;H2BC1;IAPP;SIAH2;GGA1;H2AX;SIAH1;CALCA;H3C7;INS;H2AC14;TSPAN14;APOA4;H2AC7;SEMG1;H2BC13;H2BC3;GGA2;TSPAN33"
"Antigen Processing: Ubiquitination And Proteasome Degradation R-HSA-983168",1,1,0,0.118914153314458,0.462647681323979,303,"RNF144B;TRAIP;LRR1;KLHL20;FBXW8;PSMD5;CUL5;RBCK1;KLHL25;KLHL42;FBXL7;RNF34;ASB10;FBXW12;UBE2Q1;PSMA4;CUL7;LONRF1;PSME4;ASB4;HECTD2;FBXL8;TRIM39;SPSB4;TRIM21;UBA7;ASB14;FBXO7;PSMB8;ZBTB16;FBXL12;UBE2J2;ASB18;RNF126;PSMF1;PSMA7;ZNRF1;ASB11;FBXL13;TRIM36;KCTD6;KLHL5;SMURF2;TRIM63;MKRN1;FBXO9;SIAH2;PSMB10;PSMC1;DTX3L;FBXO17;SH3RF1;KBTBD8;PSMB9;CBLB;SIAH1;FBXO27;ASB1;PSMB4;TPP2;UBE2G2;CDC27;FBXL14;TRIM41;RNF4;ASB6;UBA6;ASB9;CCNF;KBTBD7;RLIM;UBE2C;RNF14;ASB2;ASB16;UBR1;ELOB;HERC6;FBXO6;RNF182;AREL1;SPSB1;FBXL18;FBXL4;FBXO30;TRIM11;NEDD4;SPSB2;HERC5;RNF19B;GAN;UBE2A;ASB7;UBE2E2;UBE2D4;WWP1;DET1;PSMB1;VHL;UBE2Q2;KLHL13;TRIM71;PSMD10;KLHL2;CBLL2;UBE2D3;PSMD13;ELOC;RNF115;KBTBD13;ASB5;FBXO31;CDC23;KLHL11;PSMD9;ASB17;HERC3;UBE2J1;UBOX5;HERC4;PSMA5;ANAPC4;PSMA1;PRKN;UBE2D1;FBXL20;GLMN;LRRC41;BLMH;CUL3;FBXW10;PSMA6;LMO7;UBB;PSME1"
"Antigen processing-Cross Presentation R-HSA-1236975",0.678356713426854,1,0.0315649069021069,0.247112114661052,0.913142703575538,103,"HLA-E;B2M;HLA-F;TLR6;HLA-G;ITGB5;HLA-A;HLA-C;PSMD5;TIRAP;FCGR1A;PSMA4;CTSV;NCF2;PSME4;MRC1;PSMB8;VAMP8;PSMF1;TLR2;SEC61A1;PSMA7;CTSL;CD36"
"Antiviral Mechanism By IFN-stimulated Genes R-HSA-1169410",0.822937625754527,1,0.0215798086475871,0.227444891447253,0.819101174883384,80,"FLNA;IRF3;NUP37;NUP85;ISG15;OAS1;OAS3;UBA7;NUP210;RNASE7;NUP153;NDC1;EIF4E2;ABCE1;NUP160;EIF2AK2;FLNB;PDE12;POM121C;NUP93;OAS2;NUP98;MX1;NUP43"
"Apoptosis R-HSA-109581",0.996003996003996,1,0.00288973010331959,0.154167795349394,0.588638546466013,176,"VIM;RIPK1;BAK1;TP73;CASP8;PSMD5;BBC3;BMF;TNFSF10;AKT1;PMAIP1;TNFRSF10A;UACA;PSMA4;DCC;GSDMD;PSME4;UNC5A;H1-3;FADD;CASP3;OCLN;PSMB8;DFFA;NMT1;APAF1;PSMF1;BAX;PSMA7;MED12;TRADD;TP53;GSN;PKP1;FASLG;ARHGAP10;ROCK1;PRKCD;PSMB10;TJP1;PSMC1;HMGB2;PSMB9;DSPP;DFFB;PSMB4;LMNB1"
"Apoptotic Cleavage Of Cellular Proteins R-HSA-111465",0.604123711340206,1,0.0383995813369433,0.288638079278674,0.94161649998285,38,"VIM;CASP8;CASP3;OCLN;GSN;PKP1;ROCK1;PRKCD;TJP1;DSPP;LMNB1;DSG3;PROC;DSG2;FNTA;GAS2;LMNA;ACIN1"
"Apoptotic Execution Phase R-HSA-75153",0.792299898682877,1,0.0241447930798382,0.236074375895861,0.807757563331721,52,"VIM;CASP8;H1-3;CASP3;OCLN;DFFA;GSN;PKP1;ROCK1;PRKCD;TJP1;HMGB2;DSPP;DFFB;LMNB1;H1-0;DSG3;KPNA1;PROC;DSG2;FNTA;GAS2;LMNA;ACIN1;H1-1;DSG1;H1-5"
"Apoptotic Factor-Mediated Response R-HSA-111471",0.468245425188375,1,0.0520570030732099,0.347155736865343,1.02667133502157,20,"BAK1;UACA;GSDMD;CASP3;APAF1;BAX"
"Asparagine N-linked Glycosylation R-HSA-446203",0.999000999000999,1,0.0014426950408889,0.172658721752492,0.668583862347576,279,"FOLR2;ST6GALNAC4;CTSC;MOGAT2;NEU4;TMEM115;DERL1;ALG6;ST6GAL1;B4GALT1;ALG10B;ST6GALNAC2;CTSZ;ARF4;GMPPA;TGFA;ST6GALNAC5;GMPPB;SLC35C1;ST8SIA1;SYVN1;KDELR3;GFPT1;B4GALT6;BET1L;FUCA1;LMAN2;GFUS;TMED9;FUT3;GOSR2;TMED7;GOLGA2;CD55;GORASP1;RNF139;UGGT2;ENGASE;CFAP73;ST8SIA4;SLPI;DPM3;NGLY1;ST8SIA2;F8;LHB;DHDDS;TRAPPC9;SPTA1;SEC23A;ALG5;MGAT4B;RENBP;ARFGAP3;ALG8;EDEM2;CD59;PSMC1;COG2;COG8;SEC23IP;AMDHD2;MOGAT1;SEC16B;ANK1;DYNC1LI1;UMOD;PMM2;GMDS;NANP;AREG;BET1;MAN1A1;SEC24D;B4GALT2;ST3GAL1;INS;ASGR1;CHST8;TRAPPC6B"
"Assembly Of Active LPL And LIPC Lipase Complexes R-HSA-8963889",0.715376226826609,1,0.0330894161454377,0.291028911161512,0.846511504486349,19,"CIDEC;APOA5;LPL;LIPC;GPIHBP1;MBTPS2;APOA4;FURIN;ANGPTL8;ANGPTL4;MBTPS1;ANGPTL3;LMF1"
"Assembly Of HIV Virion R-HSA-175474",0.471153846153846,1,0.20207170902116,-0.234190782422294,-0.979360456188027,16,"PPIA;VPS37C;VPS28;RPS27A;UBAP1;UBA52;TSG101;SGIP1;VPS37D;VPS37A;NMT2;UBB;FURIN;VPS37B;MVB12B;MVB12A"
"Assembly Of ORC Complex At Origin Of Replication R-HSA-68616",0.779519331243469,1,0.0266754763765933,0.254477116843893,0.819489060797383,35,"H2BC11;ORC4;H3C13;H2AC19;H2BC15;H2BC1;SLC25A2;H2AX;H3C7;H2AC14;ORC5;KPNA1;H2AC7;ORC6;H2BC13;H2BC3;H2BC5;KPNA6;H2BC9;H2AC20;H2BC17;H2AZ2;H2BC14"
"Assembly Of Pre-Replicative Complex R-HSA-68867",1,1,0.00250132493941571,0.129053114052194,0.478332145556807,106,"ANAPC16;PSMD5;H2BC11;PSMA4;PSMB8;PSMF1;PSMA7;ORC4;H3C13;H2AC19;MCM3;MCM6;H2BC15;H2BC1;PSMB10;PSMC1;SLC25A2;PSMB9;H2AX;MCM8;PSMB4;H3C7;CDC27;H2AC14;ORC5;UBE2C;KPNA1;CDT1;GMNN;H2AC7;ORC6;H2BC13;H2BC3;PSMB1;H2BC5;PSMD10;PSMD13;CDC23;PSMD9;KPNA6;PSMA5;ANAPC4;PSMA1;H2BC9;UBE2D1;H2AC20;PSMA6;H2BC17;UBB;PSME1;PSMB5;MCM5"
"Association Of TriC/CCT With Target Proteins During Biosynthesis R-HSA-390471",0.95837669094693,1,0.0134461833974729,0.182893404384522,0.59279460747788,36,"GAPDHS;KIFC3;SPHK1;WRAP53;CCT5"
"Asymmetric Localization Of PCP Proteins R-HSA-4608870",0.990872210953347,1,0.00715048391330487,0.153962223902326,0.53462945432346,61,"PSMD5;PARD6A;PSMA4;SCRIB;PSME4;PSMB8;PSMF1;FZD4;PSMA7;SMURF2;PSMB10;PSMC1;PSMB9;FZD7;PSMB4;VANGL2;FZD8"
"Attenuation Phase R-HSA-3371568",0.741525423728814,1,0.0299195667151671,0.271277372533605,0.835040762478768,25,"SERPINH1;HSPA6;HSPA1A;DNAJB1;CREBBP;HSPA1B;CRYBA4;EP300"
"Autodegradation Of E3 Ubiquitin Ligase COP1 R-HSA-349425",0.444888153319728,1,0.203508959461977,-0.161620227197299,-0.955626266203009,50,"PSMC5;PSMB7;PSMD8;PSME3;PSMD2;PSMC4;PSMB6;PSMD14;PSMD3;SEM1"
"B-WICH Complex Positively Regulates rRNA Expression R-HSA-5250924",0.957446808510638,1,0.0111060331981493,0.184970564631482,0.636283764671972,54,"H2BC11;TAF1A;MYO1E;H3C13;H2AC19;H2BC15;H2BC1;POLR2K;H2AX;H3C7;EP300;H2AC14;TAF1C;TBP;H2AC7;H2BC13;H2BC3;POLR1G;POLR1D;H2BC5;MYBBP1A;KAT2B;H2BC9;H2AC20;H2BC17;H2AZ2;TAF1D;TAF1B;H2BC14"
"BMAL1:CLOCK,NPAS2 Activates Circadian Gene Expression R-HSA-1368108",0.896551724137931,1,0.195789002148949,-0.146863373576087,-0.668065201627008,25,"TBL1X;BHLHE41;HSD17B4;SERPINE1;RXRA"
"Base Excision Repair R-HSA-73884",0.511088709677419,1,0.0450442767152794,0.284265501138826,1.00263733392054,69,"TDG;PARG;H2BC11;POLD4;POLD2;APEX1;POLD3;SMUG1;POLE4;NEIL1;POT1;H2AC19;MUTYH;RFC4;H2BC15;LRIG3;H2BC1;NEIL3;OGG1;TINF2;MPG;SLC19A1;H2AX;POLD1;POLE;H3-4;H2AC14;RFC5"
"Base-Excision Repair, AP Site Formation R-HSA-73929",0.700819672131147,1,0.0310617758113358,0.266379713860948,0.87897194122113,41,"TDG;H2BC11;SMUG1;NEIL1;POT1;H2AC19;MUTYH;H2BC15;H2BC1;NEIL3;OGG1;TINF2;MPG;H2AX;H3-4;H2AC14;H2AC7;H2BC13;H2BC3;H2BC5;H2BC9;H2AC20;H2BC17;H2AZ2;H2BC14;NTHL1;NEIL2;UNG;TERF1;H2BC4;ACD"
"Bile Acid And Bile Salt Metabolism R-HSA-194068",0.651422764227642,1,0.0341946045318573,0.271973410837219,0.913578400035039,45,"PTGIS;AKR1C2;HSD3B7;SLC10A2;SLCO1B1;AKR1C3;AKR1C1;OSBPL3;BAAT;SYCP2;ACOX2;SLC51A;OSBPL9;NR1H4;SLC51B;STARD5;NCOA1;SLCO1A2;CYP39A1;AKR1C4;CYP7A1;FABP6;ABCB11;OSBP;SLCO1B3;SLC10A1"
"Biological Oxidations R-HSA-211859",0.516483516483517,1,0.0441523058441465,0.261834111314634,1.00272075166903,200,"CYP1B1;CES1;CYP3A43;PTGIS;ACSM2B;AOC3;FMO1;AKR7L;BPNT1;MAOA;CYP3A4;BPHL;GGCT;SULT1A4;CYP21A2;CHAC1;CYP4F3;UGT2B10;GGT5;CHAC2;CYP2B6;PAPSS2;AS3MT;DPEP1;CYP26C1;AURKAIP1;CYP1A2;GGT1;ACSM5;CYP11A1;ACY3;NNMT;CYP4V2;CYP3A5;MTRR;ADH1B;UGT2A3;GSTT1;CYP2R1;ABHD14B;GGT6;SMOX;UGT2B4;CYP19A1;MTARC2;ACSM2A;AHR;AADAC;AKR7A3;CYP11B1;CYP2A7;SULT2A1;AKR7A2;FDXR;SULT1B1;DPEP3;CYP4F2;UGT2B11;UGT3A2;ADH1A;GSTM4;MAT1A;POMC;NR1H4;FMO3;CYP24A1;CYP2C19;SULT2B1;CYP4F8;CYP2F1;MGST2;CYB5R3;CYP4F22;GSTM1;NCOA1;CYP11B2;CYP1A1;CYP2U1"
"Biosynthesis Of N-glycan Precursor (Dolichol LLO) And Transfer To Protein R-HSA-446193",0.505538771399799,1,0.0454967810085007,0.280028132470015,1.00166645612255,75,"ST6GALNAC4;NEU4;ALG6;ST6GAL1;ALG10B;ST6GALNAC2;GMPPA;ST6GALNAC5;GMPPB;SLC35C1;ST8SIA1;GFPT1;GFUS;ST8SIA4;SLPI;DPM3;ST8SIA2;DHDDS;ALG5;RENBP;ALG8;AMDHD2;PMM2;GMDS;NANP;ST3GAL1;NEU2;CTSA;ALG9;DPAGT1;NAGK;ALG14;GNPNAT1;FUOM"
"Branched-chain Amino Acid Catabolism R-HSA-70895",0.969795037756203,1,0.0153676328786693,0.186698933644057,0.555225125220428,21,"BCAT2;MCCC1;BCAT1;BCKDHB"
"C-type Lectin Receptors (CLRs) R-HSA-5621481",0.996003996003996,1,0.00288973010331959,0.160401560945084,0.604449624839825,138,"ICAM2;MUC13;MUC20;CCL17;CASP8;PSMD5;FCER1G;MUCL1;CLEC10A;PSMA4;MUC5B;PSME4;TAB3;MALT1;PLCG2;RNASE3;PSMB8;MUC12;PSMF1;ITPR3;NFKBIA;PSMA7;CLEC4E;MUC15;MUC17;ICAM3;CREBBP;PRKCD;NFATC1;PSMB10;PSMC1;MUC1;RELB;PSMB9;CLEC6A"
"CD209 (DC-SIGN) Signaling R-HSA-5621575",0.930032292787944,1,0.0181674946847152,0.206459150588377,0.610578104443672,20,"ICAM2;RNASE3;ICAM3;CREBBP;RELB;EP300"
"CD28 Co-Stimulation R-HSA-389356",0.913361169102296,1,0.0173129588067077,0.208051433189992,0.669308990603122,34,"LCK;THEM4;AKT1;CD86;PIK3R3;PRR5;GRAP2;CD28"
"CD28 Dependent PI3K/Akt Signaling R-HSA-389357",0.662406815761448,1,0.0356176233437444,0.297065799701909,0.89815035813581,23,"LCK;THEM4;AKT1;CD86;PIK3R3;PRR5;CD28;MTOR"
"CDC42 GTPase Cycle R-HSA-9013148",0.759240759240759,1,0.0256927476530375,0.23555962627662,0.89072781407818,146,"CAV1;ARHGEF19;DOCK6;ARHGDIB;STOM;ARHGAP40;DEF6;SYDE1;SHKBP1;CDC42EP5;ARHGAP4;FGD4;PARD6A;ARAP3;FMNL1;IQGAP1;FMNL3;ARHGAP45;CDC42BPA;SCRIB;ARHGAP42;DOCK8;ARHGAP31;DIAPH3;ITSN1;FAM13B;ARHGAP24;CDC42EP4;ARHGAP17;ARHGAP29;VAV2;ARHGAP10;IQGAP3;CDC42EP3;ARFGAP3;PLEKHG4B;WDR91;FGD1;TAGAP;ARHGEF26;DOCK9;ECT2;SPATA13;WIPF1"
"COPI-dependent Golgi-to-ER Retrograde Traffic R-HSA-6811434",0.940763052208835,1,0.0119234526278759,0.189755379000505,0.683229966394485,78,"BNIP1;KIF2C;KIF16B;KIF4A;KIF9;ARF4;KIF4B;KDELR3;TMED9;KIF12;KIF26A;TMED7;KIFC1;KIF25;KIF15;STX18;KLC3;KIF23;KIF2B;ARFGAP3;KIF1C;KIF20B;KIF20A;KIF21B;TMED2;KIF19;CENPE;ZW10;KIF13B;RACGAP1;TMED3;KIF11;NBAS;KIF18B;RAB1B;ARFGAP1;KIF6;KIF26B;COPA"
"COPII-mediated Vesicle Transport R-HSA-204005",0.862487360970677,1,0.0190041999938594,0.218236836461871,0.763603049291221,66,"FOLR2;CTSC;CTSZ;TGFA;LMAN2;GOSR2;GOLGA2;GORASP1;F8;TRAPPC9;SEC23A;CD59;SEC23IP;SEC16B;AREG;BET1;SEC24D;TRAPPC6B;TMED2;SEC22C"
"Ca2+ Pathway R-HSA-4086398",0.993914807302231,1,0.00667841440698826,0.150014014402467,0.520919408852806,61,"GNG11;PRKG2;FZD6;AGO3;TCF7L2;ITPR3;FZD4;PLCB3;TCF7;PLCB2;NFATC1;GNB4;TNRC6C;AGO2;TCF7L1;GNGT1;GNG10;GNG8;GNG13;AGO4;GNB3;AXIN2;GNAT2;GNG12;PDE6A;PRKG1;MYC;LEF1;ITPR2;AGO1;MAP3K7;GNGT2"
"Canonical Retinoid Cycle In Rods (Twilight Vision) R-HSA-2453902",0.53248136315229,1,0.0456790414930062,0.323375003483922,0.977693748262825,23,"TTR;RDH10;CYP4V2;STRA6;RHO;RDH5;NAPEPLD;DHRS9;RPE65;MYO7A;RDH8;RBP4;HSD17B1;HSD17B6;RBP1"
"Carboxyterminal Post-Translational Modifications Of Tubulin R-HSA-8955332",0.841995841995842,1,0.0221551238181839,0.234759692010875,0.762733640469763,37,"AGBL2;TUBA3C;TUBB8;AGBL1;TUBB3;TPGS1;TTLL10;VASH2;NICN1;TUBB6"
"Cardiac Conduction R-HSA-5576891",0.79020979020979,1,0.0235084845013289,0.233849256203147,0.875884638280094,125,"KCNK2;PLN;CES1;KCNK6;WWTR1;KCNH2;TBX5;KCNK7;ORAI2;SCN11A;KCNK12;KCNE1;GATA4;RYR1;ORAI1;TNNI3;CACNA2D2;KCNE4;KCNK16;FKBP1B"
"Cargo Trafficking To Periciliary Membrane R-HSA-5620920",0.721261444557477,1,0.0292811015816512,0.255255695965637,0.867902651921712,50,"CNGA4;ARF4;CCT5;LZTFL1;BBS4;PRKD2;SSTR3;SMOX;BBS9;BBS12;UNC119B;RHO;INPP5E;EXOC3;EXOC1"
"Cell Cycle Checkpoints R-HSA-69620",1,1,0,0.123511053443098,0.477360934131977,264,"KIF2C;MIS12;CDKN1A;RAD9A;RHNO1;SPDL1;NUP37;ANAPC16;PSMD5;BRCC3;NUP85;H2BC11;PSMA4;RMI1;CENPH;KNTC1;SKA1;DBF4;PSME4;MAD1L1;NUF2;EXO1;PSMB8;BLM;TP53BP1;TOP3A;NDE1;PSMF1;NUP160;SERPINA2;PSMA7;ORC4;CDC45;MDM2;TP53;GTSE1;MCM3;ZNF385A;MCM6;RFC4;H2BC15;H2BC1;KIF2B;SPC24;NUP98;CHEK1;PSMB10;PSMC1;CDCA8;RPS27;SGO2;SLC25A2;NUP43;BUB1;PSMB9;MAD2L1;H2AX;CENPF;ZWINT;RAD50;MCM8;CHEK2;CDC7;DYNC1LI1;RAD17;ARTN;PSMB4;CLIP1;CDC27;CCNE1;H3-4;RFC5;ORC5;AHCTF1;BARD1;UBE2C;CDK2;RBBP8;MRE11;B9D2;CENPP;CENPN;CENPE;CENPU;ZW10;ORC6;H2BC13;H2BC3;SGO1;RANBP2;DSN1;CCNB1;PPP2R5E;CCNA1;PIAS4;SPC25;PSMB1;PKMYT1;INCENP;H2BC5;MCM10;CENPI;PSMD10;CENPO;RMI2;PSMD13;MAPRE1;CDC23;PSMD9;RRAD;MDC1;CDC25C;WEE1;CENPQ;BUB1B;PSMA5;CARD16;ANAPC4;PSMA1;H2BC9;NUP133;UBE2D1;SKA2;RFC3;PSMA6;H2BC17;CKAP5;UBB;PSME1;CDK1;PSMB5;MCM5;UIMC1;PPP2R1B;REXO2;HUS1;DNA2;KIF18A;PSMB11;KNL1;YWHAZ;CCNB2;UBE2N;NUP107;MCM7;RFC2;H2BC14"
"Cell Recruitment (Pro-Inflammatory Response) R-HSA-9664424",0.458686440677966,1,0.0522693317499306,0.332974088835971,1.02495440157958,25,"CASP1;TXNIP;ENTPD1;PSTPIP1;GSDMD;NT5E"
"Cellular Response To Heat Stress R-HSA-3371556",0.961923847695391,1,0.00942834302346016,0.188553259229193,0.691996054334957,96,"SERPINH1;HSPA6;NUP37;MAPKAPK2;BAG4;HSPA1A;NUP85;HSPA12B;BAG3;HSPA14;NUP210;RNASE7;NUP153;NDC1;AKT1S1;NUP160;SERPINA2;DNAJB1;HSPA5;POM121C;NUP93;MTOR;NUP98;CREBBP;HSPA1B;NUP43;CRYBA4;NUP214;EP300;AAAS"
"Cellular Response To Hypoxia R-HSA-1234174",0.971745711402624,1,0.00906269502060309,0.179172015887227,0.635410316249429,72,"EPAS1;PSMD5;VEGFA;PSMA4;AJUBA;PSME4;LIMD1;WTIP;PSMB8;PSMF1;HIF3A;PSMA7;CREBBP;PSMB10;PSMC1;CA9;PSMB9;CITED2;HIF1A;PSMB4;EP300"
"Cellular Response To Starvation R-HSA-9711097",1,1,0,0.126597892772834,0.479761183824028,151,"RPL13A;DDIT3;RRAGC;SESN2;CEBPB;RPS28;ATP6V0E1;CEBPG;EIF2S3;RPL7A;DEPDC5;RRAGD;ITFG2;RPSA;ATP6V1C2;CASTOR1;ATP6V1E2;RPL12;RPL6;GCN1;RPS4X;RPS3A;LAMTOR4;RPL7;ATP6V1B1;MTOR;ATP6V0D2;WDR24;RPS27;RPL26L1;LAMTOR3;RPS15A;RPL10L;RPL26;TCIRG1"
"Cellular Senescence R-HSA-2559583",0.675324675324675,1,0.031636972118622,0.245692923054635,0.933014084577352,160,"IGFBP7;ID1;ETS1;CDKN2C;CDKN1A;MAP2K3;CEBPB;ANAPC16;MAPK14;MAPKAPK2;H2BC11;ASF1A;FOS;ETS2;H1-3;AGO3;MAPK7;RNF2;RB1;CDK4;RPS6KA3;POT1;MDM2;TP53;H3C13;H2AC19;DAND5;MAPK9;MAPKAPK3;H2BC15;H2BC1;HMGA1;TINF2;EP400;CBX8;H2AX;RAD50;TNRC6C;ARTN;LMNB1;H3C7;CDC27;VENTX;IFNB1;CCNE1;H1-0;H3-4;HMGA2;H2AC14;UBE2C;E2F1;SUZ12;CDK2;IL1A;CBX2;UBN1;MRE11;AGO4;TFDP1;CXCL8;H2AC7;RING1;H2BC13;H2BC3;CCNA1;H2BC5;CABIN1;EED;H1-1;ETF1;RBBP4;CDC23;IL6;STAT3;H1-5;AGO1;EZH2;ANAPC4;E2F2;H2BC9;UBE2D1;H2AC20;H2BC17;MAPK11;UBB"
"Chromatin Modifying Enzymes R-HSA-3247509",1,1,0,0.128913752486519,0.495549383528099,234,"SGF29;DOT1L;H2AC11;H2BC11;UTY;MSL3;KDM5A;BRMS1L;ELP3;MRGBP;KDM4D;JADE3;PHF2;PBRM1;KAT6B;BRD1;TADA3;SMARCD2;SMYD3;KDM5D;PRDM9;CDK4;PHF8;ARID2;SETD1B;PADI4;CHD3;MSL1;TADA2A;H3C13;H2AC19;JMJD6;PADI1;SMARCE1;H2AC12;H2BC15;KDM3B;H2BC1;SUV39H2;KDM3A;CREBBP;KDM4A;NSD1;DPEP3;EP400;PHF21A;H2AX;MCRS1;ACTL6B;JADE2;JAK2;WDR77;H3C7;EP300;SETD6;KDM7A;SETDB2;KAT6A;H2AC14;GDNF;BRPF3;NCOA1;KDM2A;SUZ12;REST;KDM6A"
"Chromosome Maintenance R-HSA-73886",0.969,1,0.00829069833204511,0.181737589880116,0.677559382601787,114,"H2BC11;DSCC1;DKC1;POLD4;STN1;CENPH;POLD2;WRAP53;POLD3;DAXX;BLM;POT1;H2AC19;OIP5;RSF1;RFC4;H2BC15;H2BC1;POLR2K;TINF2;MIS18A;SLC19A1;H2AX;POLD1;PRIM2;H3-4;H2AC14;RFC5;GAR1;CDK2;POLR2B;CENPP;CENPN;MIS18BP1;CENPU;POLR2D;H2AC7;H2BC13;H2BC3;LRIG1;TERT;CCNA1;POLA2;SHQ1;H2BC5;CENPI;CENPO;PRIM1;RBBP4;CENPQ;H2BC9;H2AC20;RFC3;CTC1;H2BC17;POLA1;H2AZ2;DNA2;CHTF8;KNL1;RFC2;H2BC14;POLR2J;CENPX;RUVBL1;WRN;PIF1;CENPK;CCNA2;TERF1;H2BC4;ACD;PPP6R3"
"Cilium Assembly R-HSA-5617833",0.996003996003996,1,0.00288973010331959,0.157554681265435,0.602481913678139,185,"IFT20;HSPB11;HAUS7;CNGA4;HAUS2;ARF4;TMEM67;B9D1;KIF24;IQCB1;HAUS8;C2CD3;IFT46;CC2D2A;CCT5;LZTFL1;DYNC2H1;IFT172;BBS4;CEP63;CLUAP1;OFD1;CEP250;NDE1;CEP152;IFT52;KIF17;PRKD2;SSTR3;SMOX;CEP78;NINL;PLK4;BBS9;CEP89;TCTN2;BBS12;AKAP9;WDR19;IFT88;UNC119B;CEP290;RHO;TTC30A;FBF1;TTC21B"
"Circadian Clock R-HSA-400253",0.582899797960425,1,NA,-0.122035580365285,-0.733487326709863,65,"SKP1;PPP1CB;TBL1X;SREBF1;BHLHE41;HSD17B4;FBXL3;SERPINE1;RXRA;MEF2C;CRTC2;CPT1A;PER1;CUL1"
"Citric Acid Cycle (TCA Cycle) R-HSA-71403",0.952941176470588,1,0.154190966581424,-0.14754650922499,-0.63619721731462,19,"MDH2;SUCLG1;IDH2"
"Class I MHC Mediated Antigen Processing And Presentation R-HSA-983169",1,1,0,0.140069158631562,0.549415513932628,374,"HLA-E;B2M;HLA-F;RNF144B;TLR6;HLA-G;ITGB5;TRAIP;HLA-A;HLA-C;LRR1;KLHL20;FBXW8;PSMD5;CUL5;RBCK1;KLHL25;KLHL42;FBXL7;RNF34;ASB10;TIRAP;FBXW12;FCGR1A;UBE2Q1;PSMA4;CUL7;CTSV;NCF2;LONRF1;PSME4;ASB4;HECTD2;FBXL8;TRIM39;SPSB4;TRIM21;UBA7;ASB14;MRC1;FBXO7;PSMB8;ZBTB16;FBXL12;VAMP8;UBE2J2;ASB18;RNF126;PSMF1;TLR2;SEC61A1;PSMA7;CTSL;CD36;ZNRF1;ASB11;FBXL13;TRIM36;S100A9;NCF1;KCTD6;SEC23A;KLHL5;HSPA5;SMURF2;TRIM63;MKRN1;FBXO9;SIAH2;PSMB10;PSMC1;DTX3L;FBXO17;SH3RF1;KBTBD8;PSMB9;CBLB;SIAH1;FBXO27;BTK;ASB1;PSMB4;TPP2;HLA-B;UBE2G2;CDC27;SEC24D;FBXL14;MYD88;TRIM41;RNF4;ASB6;UBA6;ERAP1;ASB9;CCNF;KBTBD7;RLIM;UBE2C;PIK3R4;RNF14;ASB2;ASB16;UBR1;ELOB;HERC6;FBXO6;RNF182;TLR1;AREL1;SPSB1"
"Class I Peroxisomal Membrane Protein Import R-HSA-9603798",0.705059203444564,1,0.0331626424471441,0.291444306223556,0.861911480008278,20,"PEX13;PXMP2;PEX12;PEX11B;ABCD1;PEX2;ABCD2"
"Cleavage Of Damaged Purine R-HSA-110331",0.777661795407098,1,0.0267456741432593,0.25444634856566,0.818563112543481,34,"H2BC11;POT1;H2AC19;MUTYH;H2BC15;H2BC1;NEIL3;OGG1;TINF2;MPG;H2AX;H3-4;H2AC14;H2AC7;H2BC13;H2BC3;H2BC5;H2BC9;H2AC20;H2BC17;H2AZ2;H2BC14;TERF1;H2BC4;ACD"
"Cleavage Of Damaged Pyrimidine R-HSA-110329",0.74639175257732,1,0.0282219183873982,0.255981505815764,0.836830006672053,39,"TDG;H2BC11;SMUG1;NEIL1;POT1;H2AC19;H2BC15;H2BC1;NEIL3;OGG1;TINF2;H2AX;H3-4;H2AC14;H2AC7;H2BC13;H2BC3;H2BC5;H2BC9;H2AC20;H2BC17;H2AZ2;H2BC14;NTHL1;NEIL2;UNG;TERF1;H2BC4;ACD"
"Condensation Of Prophase Chromosomes R-HSA-2299718",0.623203285420945,1,0.0367619553883609,0.281901565789766,0.927454223658388,40,"H2BC11;MCPH1;RB1;PHF8;H3C13;H2AC19;H2BC15;H2BC1;RAB33B;NCAPG2;H2AX;H3C7;H3-4;H2AC14;H2AC7;H2BC13;H2BC3;SMC4;CCNB1;H2BC5;NCAPH2;H2BC9;H2AC20;H2BC17;CDK1;H2AZ2;H2BC14"
"Constitutive Signaling By AKT1 E17K In Cancer R-HSA-5674400",0.469648562300319,1,0.0514264916187015,0.330696739169686,1.02097457505622,26,"NR4A1;CDKN1A;AKT1;FOXO3;CREB1;PRR5;AKT1S1;MDM2;MTOR;TSC2;BAD;FOXO1;CASP9;PDPK1"
"Constitutive Signaling By Aberrant PI3K In Cancer R-HSA-2219530",0.442771084337349,1,0.0514264916187015,0.287564933653749,1.03540137302754,78,"PDGFRB;BTC;PDGFB;STRN;TRAT1;RAC2;LCK;CD86;FGF19;FGFR4;FGF9;TGFA;FGF3;ICOS;PIK3R3;FGF8;KIT;FGF23;CD28;FGFR2;FGF4;SOS1;FGF22;EPGN"
"Constitutive Signaling By NOTCH1 HD+PEST Domain Mutants R-HSA-2894862",0.99290060851927,1,0.00683906706351732,0.145836657199436,0.503303882148828,56,"JAG1;MAMLD1;ADAM17;APH1B;MAML3;DLL4;RBPJ;MAML2;HEY1;CREBBP;DLL1;EP300;NOTCH1;HES5;SNW1;HEYL;HDAC3;MYC;KAT2B;CDK8;HDAC4;CCNC;HDAC10;UBB;JAG2;NCOR1"
"Conversion From APC/C:Cdc20 To APC/C:Cdh1 In Late Anaphase R-HSA-176407",0.73972602739726,1,0.191892240384838,-0.204459915955185,-0.870433902624827,20,"UBE2E1;CDC16;CDC26"
"Cooperation Of PDCL (PhLP1) And TRiC/CCT In G-protein Beta Folding R-HSA-6814122",0.954261954261954,1,0.0137183520206939,0.187638525105488,0.609637089400576,37,"GNG11;RGS6;CSNK2A2;CCT5;GNA14;GNB4;CCT6A;CSNK2B;CCT6B;GNGT1;GNG10;GNG8;GNG13;GNB3;GNG12;GNA15;RGS9BP"
"Costimulation By CD28 Family R-HSA-388841",0.850202429149798,1,0.019974159565129,0.222317408005658,0.77648313592863,65,"PDCD1;BTLA;LCK;THEM4;AKT1;CD86;TARP;CD3E;HLA-DQA2;TNFRSF14;CD247;ICOS;PIK3R3;PRR5"
"Cross-presentation Of Soluble Exogenous Antigens (Endosomes) R-HSA-1236978",0.640961737520047,1,0.143902565267782,-0.152126695976334,-0.901094535420847,48,"PSMC5;PSMB7;PSMD8;PSME3;PSMD2;PSMC4;PSMB6;PSMD14;PSMD3;SEM1"
"Cyclin A:Cdk2-associated Events At S Phase Entry R-HSA-69656",0.993969849246231,1,0.00502537209391229,0.147847957378138,0.534115079057853,83,"CDC25B;CDKN1A;PSMD5;AKT1;PSMA4;PTK6;E2F4;LIN37;PSMB8;E2F5;PSMF1;RB1;CDK4;PSMA7"
"Cytosolic Sulfonation Of Small Molecules R-HSA-156584",0.756202804746494,1,0.0298484971250709,0.278652904620958,0.828687614018046,21,"BPNT1;SULT1A4;PAPSS2;ABHD14B;SULT2A1;SULT1B1;SULT2B1"
"Cytosolic tRNA Aminoacylation R-HSA-379716",0.507936507936508,1,0.252961123069611,-0.221849745692814,-0.998932713468014,23,"SARS1;HARS1;PPA1;AARS1;EEF1E1"
"DAP12 Interactions R-HSA-2172127",0.617043121149897,1,0.0372254009247509,0.282392768071053,0.929070275804724,40,"HLA-E;B2M;HLA-C;LCK;CD300LB;TYROBP;LCP2;PLCG2;KIR2DS2;GRAP2;VAV2;SOS1;BTK;SIRPB1;PIK3CA;HLA-B;KLRK1"
"DAP12 Signaling R-HSA-2424491",0.695974576271186,1,0.0330162512586498,0.274781420039037,0.859050878020048,28,"HLA-E;B2M;LCK;TYROBP;LCP2;PLCG2;GRAP2;VAV2;SOS1;BTK;PIK3CA;KLRK1"
"DDX58/IFIH1-mediated Induction Of Interferon-Alpha/Beta R-HSA-168928",0.644511581067472,1,0.0342688261591917,0.259717778140494,0.926537150407445,74,"RIPK1;NLRX1;IRF3;CASP8;AGER;ISG15;MAVS;IKBKE;IFNA8;IFNA4;SIKE1;NLRC5;IFNA5;FADD;UBA7;DHX58"
"DNA Damage Bypass R-HSA-73893",0.472024415055951,1,0.0490939668192139,0.303127167836782,1.0238355321204,47,"REV3L;UFD1;ISG15;POLD4;RAD18;POLD2;REV1;UBA7;POLD3;PCLAF;POLE4;SPRTN;RFC4;POLH;SLC19A1;NPLOC4;POLD1;POLE;RFC5"
"DNA Damage/Telomere Stress Induced Senescence R-HSA-2559586",0.628803245436105,1,0.0357690767485421,0.267781187794299,0.926322395373171,58,"CDKN1A;H2BC11;ASF1A;H1-3;RB1;POT1;TP53;H2AC19;H2BC15;H2BC1;HMGA1;TINF2;EP400;H2AX;RAD50;ARTN;LMNB1;CCNE1;H1-0;H3-4;HMGA2;H2AC14;CDK2;UBN1;MRE11;H2AC7;H2BC13;H2BC3;CCNA1;H2BC5;CABIN1;H1-1;H1-5;H2BC9;H2AC20;H2BC17"
"DNA Double Strand Break Response R-HSA-5693606",0.94421906693712,1,0.0125099843193737,0.191181304958867,0.660365323347724,57,"UBE2I;BRCC3;H2BC11;TP53BP1;TP53;H2BC15;H2BC1;KDM4A;H2AX;RAD50;CHEK2;ARTN;H3-4;EYA4;BARD1;MRE11;H2BC13;H2BC3;EYA1;PIAS4;ABL1;H2BC5;SUMO1;MDC1;H2BC9;H2BC17;UBB;UIMC1;EYA3;KPNA2;CNKSR3;UBE2N;H2BC14"
"DNA Double-Strand Break Repair R-HSA-5693532",0.689310689310689,1,0.0306322550486472,0.245066522684107,0.925638097877832,144,"RAD51D;RAD9A;XRCC2;EME2;RHNO1;LIG4;UBE2I;BRCC3;POLL;H2BC11;POLD4;RAD51;SIRT6;RMI1;POLD2;NHEJ1;POLD3;EXO1;BLM;TP53BP1;TOP3A;PPP4C;POLE4;SERPINA2;TP53;RFC4;H2BC15;LRIG3;RAD52;H2BC1;KDM4A;CHEK1;POLH;SLC19A1;H2AX;RAD50;CHEK2;PALB2;RAD17;ARTN;POLD1;TIMELESS;ERCC1;POLE;H3-4;RNF4;RFC5;EYA4;BARD1;XRCC3;RAD51B;CDK2;RBBP8;EME1;MRE11;SLX4;RAD51AP1;MUS81;TDP1;H2BC13;H2BC3;EYA1;SLX1A;BRCA2;CCNA1;PIAS4;LRIF1;ABL1;H2BC5"
"DNA Methylation R-HSA-5334118",0.664926931106472,1,0.0344919215094074,0.279407861730455,0.888565369258271,31,"H2BC11;DNMT3B;H3C13;H2AC19;UHRF1;H2BC15;H2BC1;H2AX;H3C7;H2AC14;H2AC7;H2BC13;H2BC3;H2BC5;H2BC9;H2AC20;H2BC17;H2AZ2;DNMT3L;H2BC14"
"DNA Repair R-HSA-73894",0.947052947052947,1,0.010787337352153,0.210074974308613,0.817056987072969,300,"RAD51D;TDG;POLN;RAD9A;XRCC2;PARG;EME2;REV3L;RHNO1;UFD1;LIG4;UBE2I;GTF2H3;FANCE;BRCC3;POLL;ISG15;H2BC11;FAAP20;POLD4;RAD51;FANCF;ACTR8;MLH1;RAD18;SIRT6;RMI1;POLD2;APEX1;REV1;NHEJ1;UBA7;POLD3;SMUG1;PCLAF;HMGN1;ERCC2;EXO1;BLM;TP53BP1;TOP3A;INO80D;PPP4C;POLE4;NEIL1;TCEA1;SERPINA2;POT1;FANCC;TP53;H2AC19;SPRTN;MUTYH;RFC4;H2BC15;LRIG3;RAD52;ALKBH2;H2BC1;MSH6;NEIL3;KDM4A;POLR2K;CHEK1;OGG1;TINF2;FANCG;POLH;MPG;SLC19A1;H2AX;RAD50;CHEK2;PALB2;RAD17;MCRS1;ARTN;NPLOC4;POLD1;TIMELESS;EP300;TFPT;MSH3;ERCC1;POLE;H3-4;RNF4;H2AC14;RFC5;EYA4;BARD1;XRCC3;RAD51B;CDK2;DDB2;RBBP8;EME1;ASCC3;FANCA;MRE11;SLX4;POLR2B;FAAP24;RAD51AP1;POLR2D;MUS81;TDP1;POLI;H2AC7;INO80C;ASCC2;CUL4A;H2BC13;H2BC3;ZNF830;LRIG1;ERCC8;UBE2T;EYA1"
"DNA Replication Pre-Initiation R-HSA-69002",0.995004995004995,1,0.00323243877654383,0.159475630331768,0.596761426388223,123,"ANAPC16;PSMD5;H2BC11;PSMA4;DBF4;PSMB8;POLE4;PSMF1;PSMA7;ORC4;CDC45;H3C13;H2AC19;MCM3;MCM6;H2BC15;H2BC1;PSMB10;PSMC1;SLC25A2;PSMB9;H2AX;MCM8;CDC7;PSMB4;H3C7;PRIM2;CDC27;POLE;H2AC14;ORC5;UBE2C;KPNA1;CDK2;CDT1;GMNN;H2AC7;ORC6;H2BC13;H2BC3;POLA2;PSMB1;H2BC5;MCM10;PSMD10;PRIM1;PSMD13;CDC23;PSMD9;KPNA6;PSMA5;ANAPC4;PSMA1;H2BC9;UBE2D1;H2AC20;PSMA6;H2BC17;UBB;PSME1;PSMB5;POLA1;MCM5;POLE2"
"DNA Replication R-HSA-69306",0.997002997002997,1,0.00250132493941571,0.159627365379149,0.604931188881884,151,"ANAPC16;PSMD5;H2BC11;POLD4;PSMA4;POLD2;DBF4;PSME4;POLD3;PSMB8;POLE4;PSMF1;PSMA7;ORC4;CDC45;H3C13;H2AC19;MCM3;MCM6;RFC4;H2BC15;H2BC1;GINS4;PSMB10;PSMC1;SLC25A2;PSMB9;SLC19A1;H2AX;MCM8;CDC7;PSMB4;H3C7;POLD1;GINS1;PRIM2;CDC27;CCNE1;POLE;H2AC14;RFC5;ORC5;UBE2C;KPNA1;CDK2;CDT1;GMNN;H2AC7;ORC6;H2BC13;H2BC3;LRIG1;CCNA1;POLA2;PSMB1;H2BC5;MCM10;GINS2;PSMD10;PRIM1;PSMD13;CDC23;PSMD9;KPNA6;PSMA5;ANAPC4;PSMA1;H2BC9;UBE2D1;H2AC20;RFC3;PSMA6;H2BC17;UBB;PSME1;PSMB5;POLA1;MCM5;POLE2;H2AZ2;DNA2;PSMB11;MCM7;RFC2;H2BC14"
"DNA Strand Elongation R-HSA-69190",0.477035490605428,1,0.0497903187820785,0.320106733092375,1.017994825667,31,"POLD4;POLD2;POLD3;CDC45;MCM3;MCM6;RFC4;GINS4;SLC19A1;MCM8;POLD1;GINS1;PRIM2;RFC5;LRIG1;POLA2;GINS2;PRIM1;RFC3;POLA1;MCM5;DNA2;MCM7;RFC2"
"Deactivation Of Beta-Catenin Transactivating Complex R-HSA-3769402",0.706967213114754,1,0.0306322550486472,0.264692562905114,0.873404856816359,41,"BCL9L;AKT1;SOX4;BCL9;SOX17;TCF7L2;TLE1;PYGO1;TCF7;SOX13;CHD8;SOX3;SOX6;TCF7L1"
"Deadenylation Of mRNA R-HSA-429947",0.925847457627119,1,0.0173914717556673,0.209743442472631,0.645628208838434,25,"PAN3;TNKS1BP1;CNOT8;CNOT2;TUT7;TUT4;CNOT6;CNOT9;NLRP4;CNOT1;CNOT10"
"Deadenylation-dependent mRNA Decay R-HSA-429914",0.67914979757085,1,0.0319980480340634,0.262197070337798,0.899404704505103,53,"DCPS;EXOSC1;PAN3;TNKS1BP1;CNOT8;DCP1A;EXOSC8;EXOSC2;EXOSC9;LSM7;PATL1;LSM1;LSM4;EDC4;CNOT2;EXOSC5;TUT7;TUT4;CNOT6;CNOT9;LSM2;NT5C3B;NLRP4;CNOT1"
"Death Receptor Signaling R-HSA-73887",0.96003996003996,1,0.00930780437504605,0.196834076438239,0.741740186054177,138,"RIPK1;ARHGEF19;SORCS3;ARHGEF38;CASP8;RBCK1;BAG4;TNFSF10;FGD4;TNFRSF1A;TNFRSF10A;RIPK2;OTULIN;SMPD2;ARHGEF10L;TNFRSF10D;RNF31;ADAM17;ARHGEF39;FADD;TAB3;APH1B;CASP3;PRKCI;ITSN1;NFKBIA;ARHGEF35;TRADD;PRDM4;TAX1BP1;SHARPIN;VAV2;FASLG;ARHGEF17;AATF;TRAF1;SOS1;IRAK1;FGD1;ARHGEF26;ECT2;CYLD;ARHGEF40;NGF;MYD88;ARHGEF6;BAD;ARHGEF15;CFLAR;ARHGEF10;TNFRSF10B;TIAM1;PLEKHG2;ARHGEF33;TAB1;TRAF6;IKBKG;SOS2"
"Defective Pyroptosis R-HSA-9710421",0.637113402061856,1,0.0359208664409425,0.2813474414434,0.919753872647728,39,"H2BC11;DNMT3B;H3C13;H2AC19;H2BC15;H2BC1;H2AX;H3C7;PRIM2;H2AC14;SUZ12;H2AC7;H2BC13;H2BC3;POLA2;H2BC5;EED;PRIM1;RBBP4;EZH2;H2BC9;H2AC20;H2BC17;POLA1;H2AZ2;H2BC14"
"Defects In Vitamin And Cofactor Metabolism R-HSA-3296482",0.625674217907228,1,0.038875878582578,0.308209728137381,0.916586836138463,21,"CUBN;TCN2;MMAB;MCCC1;MTRR"
"Degradation Of AXIN R-HSA-4641257",1,1,NA,-0.143908623881447,-0.874709575303956,53,"PSMC5;PSMB7;PSMD8;PSME3;PSMD2;PSMC4;PSMB6;PSMD14;PSMD3;SEM1"
"Degradation Of DVL R-HSA-4641258",0.691612268433575,1,0.143902565267782,-0.161502700351122,-1.01603489140065,54,"PSMC5;PSMB7;PSMD8;RBX1;PSME3;PSMD2;PSMC4;PSMB6;PSMD14;PSMD3;SEM1"
"Depolymerisation Of Nuclear Lamina R-HSA-4419969",0.506159014557671,1,0.0502948063662358,0.356213078578623,0.987107994768739,15,"CNEP1R1;LEMD3;LPIN3;LMNB1;EMD;LPIN2;TMPO;CCNB1;LMNA;LEMD2"
"Deposition Of New CENPA-containing Nucleosomes At Centromere R-HSA-606279",0.684959349593496,1,0.0317812506835949,0.261958045248458,0.890227986788879,49,"H2BC11;CENPH;H2AC19;OIP5;RSF1;H2BC15;H2BC1;MIS18A;H2AX;H2AC14;CENPP;CENPN;MIS18BP1;CENPU;H2AC7;H2BC13;H2BC3;H2BC5;CENPI;CENPO;RBBP4;CENPQ;H2BC9;H2AC20;H2BC17;H2AZ2;KNL1;H2BC14;CENPX;RUVBL1"
"Detoxification Of Reactive Oxygen Species R-HSA-3299685",0.843423799582463,1,0.0222983800506052,0.232839359845102,0.749052647805066,34,"GPX3;AQP8;P4HB;NCF2;GPX8;SOD3;NUDT2;ATP7A;NCF1"
"Deubiquitination R-HSA-5688426",1,1,0,0.128621186628045,0.496809758257085,260,"TGFBR2;RIPK1;USP28;UFD1;CFTR;PSMD5;BRCC3;H2AC11;SMAD1;ARRB2;H2BC11;MAVS;FOXK2;GATA3;USP17L3;ACTR8;WDR20;PSMA4;RIPK2;YOD1;TGFB1;PSME4;TNKS;USP17L15;RCE1;PSMB8;TADA3;RNF128;INO80D;USP17L12;UCHL3;PSMF1;NOD2;NFKBIA;PSMA7;MDM2;TP53;RNF135;H2AC19;H2AC12;H2BC15;USP17L17;USP33;USP3;H2BC1;SMURF2;SIAH2;PSMB10;PSMC1;PSMB9;USP8;HIF1A;CYLD;MCRS1;MUL1;PSMB4;SENP8;EP300;AREG;USP24;TFPT;USP17L11;USP19;H2AC14;BARD1;DDB2;USP42;PROC;SMAD2;TAB1;TRAF6;H2AC7;USP26;ADRB2;INO80C;IKBKG;H2BC13;H2BC3;AXIN2;SMAD3;IDE;USP37;USP30;CCNA1;H2BC18;MYC;USP18;PSMB1;ATXN3L;TNIP3;H2BC5;USP14;PSMD10;NLRP3;USP20;PSMD13;KAT2B;ZRANB1;PSMD9;TANK;ESR1;PSMA5;VCPIP1;MAP3K7;PSMA1;H2BC9;PRKN;UBE2D1;H2AC20;PSMA6;H2BC17;UBB;PSME1;ACTR5;CDK1;PSMB5"
"Disassembly Of Destruction Complex And Recruitment Of AXIN To Membrane R-HSA-4641262",0.807017543859649,1,0.208955027549354,-0.161211748659883,-0.820584254303474,29,"PPP2CA;PPP2CB;PPP2R5B;PPP2R1A"
"Diseases Associated With TLR Signaling Cascade R-HSA-5602358",0.863256784968685,1,0.0209275853209046,0.229108065261397,0.728603308969998,31,"TLR6;TIRAP;TLR3;TLR10;TLR2;NFKBIA;CD36;S100A9;UNC93B1;BTK;MYD88;TLR1;IKBKG;FGB"
"Diseases Of Carbohydrate Metabolism R-HSA-5663084",0.691345151199166,1,0.0325785172778622,0.276151799287885,0.879114727262813,32,"GYG2;KHK;NAGLU;SPAM1;ARSB;GYS1;G6PC1;SLC37A4;NHLRC1;ALDOB;GYS2;IDUA;PMEL;RPIA;LCT;GBE1;GUSB;G6PC3;UBB;SGSH"
"Diseases Of Mitotic Cell Cycle R-HSA-9675126",0.78125,1,0.287857117255149,-0.148309768151906,-0.833463308052092,38,"UBE2E1;CDKN1B;CDC16;ATRX;CDC26"
"Diseases Of Programmed Cell Death R-HSA-9645723",0.924318869828456,1,0.0138978052489646,0.19639913394749,0.691331126576716,68,"RIPK1;CDC25B;CASP8;H2BC11;FOXO3;DNMT3B;FADD;GOLGA2;TRADD;TP53;H3C13;H2AC19;CAPNS2;H2BC15;FASLG;H2BC1;CAPN1;H2AX;LMNB1;H3C7;PRIM2;CAPN2;H2AC14;ERC2;SUZ12;H2AC7;H2BC13;H2BC3;BCL2L11;LMNA;POLA2;H2BC5;EED;PRIM1;RBBP4;CDC25C;TANK;EZH2;H2BC9;H2AC20;H2BC17"
"Diseases Of Signal Transduction By Growth Factor Receptors And Second Messengers R-HSA-5663202",1,1,0,0.173841408726886,0.686031143380144,421,"NR4A1;MYH9;FN1;PDGFRB;JAG1;VWF;TLN1;TGFBR2;CBL;CDKN1A;KREMEN2;BTC;PDGFB;STRN;TPM4;TRAT1;CNKSR1;MAMLD1;CEBPB;ESRP1;PSMD5;RAC2;BAG4;LCK;CTBP2;BCL2A1;AKT1;CD86;ARRB2;FGF19;FGFR4;FGF9;EEF1G;IQGAP1;TGFA;DKK2;FOXO3;BIN2;PSMA4;FGF3;MARK3;SYVN1;MSN;TGFB1;ADAM17;PSME4;CARS1;TNKS;APH1B;FZD6;KSR2;ICOS;CREB1;PIK3R3;RAP1B;FGF8;CLCN6;PRR5;MAML3;RNASE3;PSMB8;TCF7L2;SPRED3;KIT;AKT1S1;PSMF1;FZD4;IHH;PSMA7;FGF23;GTF2F1;VCL;AP3B1;MDM2;ZFYVE9;CD28;FGFR2;CSNK1A1;NCBP1;FGF4;KREMEN1;AKAP9;SOS1;DLL4;RBPJ;FGF22;MAML2;DUSP8;MTOR;EIF2AK3;EPGN;HEY1;CREBBP;POLR2K;PSMB10;PSMC1;DLL1;CSK"
"Downregulation Of SMAD2/3:SMAD4 Transcriptional Activity R-HSA-2173795",1,1,0.0102389179310485,0.106727621632869,0.336887149545851,30,"WWTR1;TGIF1;TGIF2;ATP1B4;SMURF2;SNW1;SMAD2;SMAD3;UBE2D3;UBE2D1;UBB;NCOR1;HDAC1;RNF111;TRIM33;NEDD4L;SKIL"
"Downregulation Of TGF-beta Receptor Signaling R-HSA-2173788",0.543432203389831,1,0.0445070537769277,0.314414472349833,0.967824548996769,25,"TGFBR2;PPP1CA;TGFB1;PPP1R15A;PMEPA1;ZFYVE9;SMURF2;MTMR4"
"Downstream Signal Transduction R-HSA-186763",0.971398305084746,1,0.0138082722594766,0.181034358790011,0.565968852072536,28,"PDGFRB;PDGFB;STAT6;CRKL;SOS1;NCK1;NCK2;PIK3CA;STAT5B;CRK;SRC;BCAR1;PLCG1;PDGFRA;STAT3"
"Downstream Signaling Of Activated FGFR1 R-HSA-5654687",0.983210912906611,1,0.0119234526278759,0.165871857190487,0.523576711481503,30,"FGF9;FGF3;FLRT3;FGF8;FGF23;FGF4;SOS1;FGF22;PIK3CA;FGFR1;FGF5;KL;FGF6;SHC1;PLCG1;FGF1;FRS2;NRAS"
"Downstream Signaling Of Activated FGFR2 R-HSA-5654696",0.978835978835979,1,0.0130773356900516,0.172598434729022,0.541111606136493,29,"FGF9;FGF3;FGF8;FGF23;FGFR2;FGF4;SOS1;FGF22;PIK3CA;FGF5;FGF18;FGF6;SHC1;PLCG1;FGF1;FRS2;NRAS"
"Downstream Signaling Of Activated FGFR3 R-HSA-5654708",0.634920634920635,1,0.224966093540314,-0.206041253416587,-0.936650482303869,24,"PIK3R1;GRB2"
"Downstream Signaling Of Activated FGFR4 R-HSA-5654716",0.963791267305644,1,0.0148592627836833,0.180789463396381,0.558159254999638,26,"FGF19;FGFR4;FGF9;FGF8;FGF23;FGF4;SOS1"
"Downstream TCR Signaling R-HSA-202424",0.991983967935872,1,0.00480899561354898,0.152368560904199,0.555764161684265,90,"TRAT1;PSMD5;LCK;TARP;INPP5D;CD3E;PSMA4;RIPK2;HLA-DQA2;PSME4;CD247;MALT1;PSMB8;PSMF1;NFKBIA;PSMA7"
"Dual Incision In GG-NER R-HSA-5696400",0.962886597938144,1,0.01221929569568,0.184038341376061,0.601640364411663,39,"GTF2H3;POLD4;POLD2;POLD3;ERCC2;POLE4;RFC4;SLC19A1;POLD1;ERCC1;POLE;RFC5;DDB2;CUL4A;GTF2H1;POLK;GTF2H4;RFC3;UBB;POLE2;XPA;RFC2;ERCC4"
"Dual Incision In TC-NER R-HSA-6782135",0.961460446247465,1,0.010787337352153,0.178219111402508,0.618860807957554,61,"GTF2H3;POLD4;POLD2;POLD3;HMGN1;ERCC2;POLE4;TCEA1;RFC4;POLR2K;SLC19A1;POLD1;EP300;ERCC1;POLE;RFC5;POLR2B;POLR2D;CUL4A;ZNF830;ERCC8"
"E2F Mediated Regulation Of DNA Replication R-HSA-113510",0.761194029850746,1,0.197822021315103,-0.18746649512169,-0.831987560045146,22,"PPP2CA;PPP2CB;PPP2R1A;SLC25A15;PPP2R3B;TFDP2;ORC3;PPP2R1B;POLA1;CDK1;PRIM1;POLA2;CCNB1;ORC6;TFDP1;E2F1;ORC5;PRIM2;MCM8;SLC25A2;ORC4;RB1"
"E3 Ubiquitin Ligases Ubiquitinate Target Proteins R-HSA-8866654",0.954453441295547,1,0.0113146012252547,0.18638404256367,0.639346139567746,53,"RNF152;DERL1;HLA-A;H2BC11;CTR9;RAD18;PEX13;UBE2J2;PEX12;TMEM129;H2BC15;H2BC1;PEX2;PEX10;HLA-B;CDC73;H2BC13;H2BC3;UBE2A;H2BC5;UBE2D3;RNF20;SELENOS;PAF1;BCL10;H2BC9;UBE2D1;H2BC17;UBB;PEX14;UBE2N;RNF181;H2BC14;SHPRH"
"EML4 And NUDC In Mitotic Spindle Formation R-HSA-9648025",0.995995995995996,1,0.00354273909070668,0.143299453059981,0.525473617913915,95,"KIF2C;MIS12;SPDL1;NUP37;NUP85;NEK7;CENPH;KNTC1;SKA1;MAD1L1;NUF2;NDE1;NUP160;KIF2B;SPC24;NUP98;CDCA8;RPS27;SGO2;NUP43;BUB1;MAD2L1;CENPF;ZWINT;DYNC1LI1;CLIP1;AHCTF1;B9D2;CENPP;CENPN;CENPE;CENPU;ZW10;SGO1;RANBP2;DSN1;PPP2R5E;SPC25;INCENP;CENPI;CENPO"
"EPH-Ephrin Signaling R-HSA-2682334",0.955911823647295,1,0.0101263868834473,0.189207387836069,0.687733632923421,87,"MYL9;MYH9;ARPC1B;MYL12A;MYL6;EPHA1;SDCBP;MYH11;EPHA2;APH1B;ITSN1;EPHB3;MMP9;ARPC3;EFNB1;EFNB2;VAV2;EFNA1;ROCK1;SDC2;EFNA3"
"EPHB-mediated Forward Signaling R-HSA-3928662",0.795918367346939,1,0.227987202850442,-0.158343349455884,-0.82737064271926,30,"ARPC5;ACTR2;FYN;GPRIN1;RHOA;ARPC2;CDC42;LYN;WASL;ACTR3;GRIN2B;YES1;LIMK1"
"ER Quality Control Compartment (ERQC) R-HSA-901032",0.956942949407966,1,0.0161937051076875,0.191185722814081,0.56540877892717,20,"SYVN1;RNF139;UGGT2;EDEM2;EDEM3;OS9;DERL2;SEL1L"
"ER To Golgi Anterograde Transport R-HSA-199977",1,1,0,0.118307881899776,0.445473938269745,133,"FOLR2;CTSC;TMEM115;CTSZ;ARF4;TGFA;KDELR3;BET1L;LMAN2;TMED9;GOSR2;TMED7;GOLGA2;CD55;GORASP1;CFAP73;F8;TRAPPC9;SPTA1;SEC23A;ARFGAP3;CD59;COG2;COG8;SEC23IP;SEC16B;ANK1;DYNC1LI1;AREG;BET1;SEC24D;INS;TRAPPC6B"
"ER-Phagosome Pathway R-HSA-1236974",0.882765531062124,1,0.016838053046391,0.21096571422458,0.767890163423385,88,"HLA-E;B2M;HLA-F;TLR6;HLA-G;HLA-A;HLA-C;PSMD5;TIRAP;PSMA4;PSME4;PSMB8;VAMP8;PSMF1;TLR2;SEC61A1;PSMA7;CD36"
"ERBB2 Regulates Cell Motility R-HSA-6785631",0.743561030235162,1,0.0325057651164641,0.291665060288151,0.808237906238453,15,"BTC;DIAPH1;EGFR;EGF;NRG4;NRG1;ERBB2;HBEGF;ERBB3;MEMO1;EREG"
"ERCC6 (CSB) And EHMT2 (G9a) Positively Regulate rRNA Expression R-HSA-427389",0.896516393442623,1,0.0173129588067077,0.211052497621607,0.696408975162686,41,"H2BC11;CHD3;H3C13;H2AC19;H2BC15;H2BC1;DPEP3;H2AX;H3C7;H2AC14;H2AC7;H2BC13;H2BC3;H2BC5;RBBP4;H2BC9;H2AC20;H2BC17;H2AZ2;HDAC1;H2BC14;GATAD2A"
"ERK/MAPK Targets R-HSA-198753",0.776119402985075,1,0.195789002148949,-0.18523530878662,-0.822085421139121,22,"PPP2CA;PPP2CB;PPP2R1A;MEF2C"
"ESR-mediated Signaling R-HSA-8939211",0.973026973026973,1,0.00759591053352814,0.191683159207181,0.732987656421665,185,"CAV1;BTC;STAG2;STRN;ZNF217;GNG11;AKT1;MMP3;H2BC11;GATA3;NR5A2;TGFA;FOXO3;FOS;POU2F1;SPHK1;AGO3;CREB1;PIK3R3;GNAT3;GREB1;MMP9;PMEPA1;NCOA3;GTF2F1;H3C13;H2AC19;DAND5;KCTD6;H2BC15;FKBP5;H2BC1;EPGN;CREBBP;POLR2K;CDK9;USF1;GNB4;H2AX;TNRC6C;CAV2;H3C7;PIK3CA;EP300;AREG;GTF2A1;AGO2;EBAG9;BCL2;H2AC14;GDNF;NCOA1;MYB;TFF3;GNGT1;GNG10;EGFR;POLR2B;GNG8;GNG13;AGO4;GNB3;GTF2F2;POLR2D;TBP;NANOS3;NRIP1;H2AC7;SRC;H2BC13;KCNH8;H2BC3;PDPK1;EGF;GPAM;FOXA1;GNG12"
"Early Phase Of HIV Life Cycle R-HSA-162594",0.908256880733945,1,0.138022242496643,-0.178054841374534,-0.715263900214942,15,"PPIA;PSIP1;CXCR4;FEN1;XRCC6;XRCC5"
"Early SARS-CoV-2 Infection Events R-HSA-9772572",0.879292403746098,1,0.0196032645039178,0.219600221900304,0.711768845801321,36,"GPC2;CHMP4C;GPC4;HAVCR1;RB1;CTSL;GPC6;GPC5;SDC2;AGRN;SDC1;PIK3R4;TMPRSS2;ACE2;MAP1LC3B;FURIN;VHL;CHMP6;HSPG2;GPC3"
"Effects Of PIP2 Hydrolysis R-HSA-114508",0.856230031948882,1,0.0225842720346634,0.236201650701859,0.734090143429356,27,"PRKCH;TRPC3;TRPC6;ITPR3;RASGRP2"
"Energy Dependent Regulation Of mTOR By LKB1-AMPK R-HSA-380972",0.888888888888889,1,0.019974159565129,0.22702252326402,0.711736015366638,29,"RRAGC;PRKAB2;STRADA;RRAGD;LAMTOR4;MTOR;LAMTOR3;TSC2;PRKAG3;TSC1;STRADB;SLC38A9;STK11;RHEB;MLST8;PRKAA1;PRKAA2;CAB39"
"Ephrin Signaling R-HSA-3928664",0.77863436123348,1,0.0294227657846801,0.278421353976909,0.799013980315672,18,"MYL12A;SDCBP;EPHB3;EFNB1;EFNB2"
"Epigenetic Regulation Of Gene Expression R-HSA-212165",0.999,1,0.00204130030921835,0.14259770835584,0.530276305512352,110,"TDG;GTF2H3;H2BC11;DNMT3B;TAF1A;MYO1E;ERCC2;TET1;CHD3;H3C13;H2AC19;UHRF1;SAP30BP;H2BC15;JARID2;H2BC1;PHF1;POLR2K;DPEP3;H2AX;RRP8;H3C7;BAZ2A;EP300;H2AC14;TAF1C;SUZ12;TBP;H2AC7;H2BC13;H2BC3;POLR1G;POLR1D;DPEP2;UBTF;SAP30;H2BC5;EED;MYBBP1A;GTF2H1;KAT2B;RBBP4;SAP30L;EZH2;H2BC9;GTF2H4;H2AC20;H2BC17;H2AZ2;TAF1D;TAF1B;DNMT3L;HDAC1;H2BC14"
"Estrogen-dependent Gene Expression R-HSA-9018519",0.85014985014985,1,0.0191546578437244,0.223121374551356,0.832637784576048,116,"STAG2;ZNF217;H2BC11;GATA3;NR5A2;TGFA;FOS;POU2F1;AGO3;GREB1;PMEPA1;NCOA3;GTF2F1;H3C13;H2AC19;DAND5;KCTD6;H2BC15;H2BC1;CREBBP;POLR2K;CDK9;USF1;H2AX;TNRC6C;H3C7;EP300;GTF2A1;AGO2;EBAG9;BCL2;H2AC14;GDNF;NCOA1;MYB;TFF3;POLR2B;AGO4;GTF2F2;POLR2D;TBP;NRIP1;H2AC7;H2BC13;H2BC3;GPAM;FOXA1;TFF1;MYC;H2BC5;SMC3;KDM1A;KAT2B;AGO1;ESR1;KANK1;H2BC9;CCNT1;H2AC20;CBFB;H2BC17;CXCL12;H2AZ2;KPNA2;CTSD;FKBP4;HDAC1;H2BC14;POLR2J"
"Estrogen-dependent Nuclear Events Downstream Of ESR-membrane Signaling R-HSA-9634638",0.503727369542066,1,0.0482149710025564,0.324800108285163,0.990116728750378,24,"BTC;AKT1;TGFA;FOXO3;FOS;CREB1;EPGN;AREG;BCL2;EGFR;KCNH8;EGF"
"Eukaryotic Translation Termination R-HSA-72764",1,1,0.00250132493941571,0.104756060567431,0.382055590745914,89,"RPL13A;RPS28;GSPT2;RPL7A;RPSA;RPL12;RPL6;RPS4X;RPS3A;RPL7;RPS27;RPL26L1;RPS15A;RPL10L;RPL26;RPS24;RPL29;RPL3L;RPL10A;RPL36AL;RPL39;TRMT112;RPL11;RPL37;APEH;RPL36A;RPL5;RPL4;ETF1;RPS10;RPS11;RPL18A;RPL23A;RPL32"
"Extension Of Telomeres R-HSA-180786",0.980671414038657,1,0.00893801210835004,0.168409230910185,0.572613345853491,50,"DSCC1;DKC1;POLD4;STN1;POLD2;WRAP53;POLD3;BLM;POT1;RFC4;TINF2;SLC19A1;POLD1;PRIM2;RFC5;GAR1;CDK2;LRIG1;TERT;CCNA1;POLA2;SHQ1;PRIM1;RFC3;CTC1;POLA1;DNA2;CHTF8;RFC2;RUVBL1;WRN;PIF1;CCNA2;TERF1;ACD;PPP6R3"
"Extra-nuclear Estrogen Signaling R-HSA-9009391",0.948640483383686,1,0.0114177828322783,0.188113983180516,0.669977355010097,73,"CAV1;BTC;STRN;GNG11;AKT1;MMP3;TGFA;FOXO3;FOS;SPHK1;CREB1;PIK3R3;GNAT3;MMP9;EPGN;GNB4;CAV2;PIK3CA;AREG;BCL2;GNGT1;GNG10;EGFR;GNG8;GNG13;GNB3;NANOS3;SRC;KCNH8;PDPK1;EGF"
"FCERI Mediated Ca+2 Mobilization R-HSA-2871809",0.856084656084656,1,0.0222267787552589,0.237357294230295,0.744136451241935,29,"ITK;LCP2;PLCG2;ITPR3;TXK;GRAP2;VAV2;SOS1;NFATC1;TEC;BTK"
"FCERI Mediated MAPK Activation R-HSA-2871796",0.91957671957672,1,0.0177814832001704,0.211792857085997,0.66398964304611,29,"FOS;LCP2;PLCG2;GRAP2;MAPK9;VAV2;SOS1"
"FCGR3A-mediated IL10 Synthesis R-HSA-9664323",0.716961498439126,1,0.0307037368093842,0.265338410669117,0.860015589576475,36,"TARP;ADCY4;FCGR1A;ADCY9;CD247;CREB1;PLCG2;ITPR3;HCK;PRKX;ADCY7;PRKAR2A;FGR"
"FCGR3A-mediated Phagocytosis R-HSA-9664422",0.814401622718053,1,0.0226556224333514,0.230055785592624,0.79395655538938,56,"MYH9;ARPC1B;NCKAP1L;TARP;WASF2;MYO1E;CD247;MYH2;ARPC3;HCK;VAV2;NCK1;FGR;WIPF1;CYFIP1;BTK"
"FGFR2 Ligand Binding And Activation R-HSA-190241",0.43702906350915,1,0.0552495663125249,0.352381739738963,1.04212660992364,20,"FGF9;FGF3;FGF8;FGF23;FGFR2;FGF4;FGF22;FGF5;FGF18;FGF6"
"FGFR2 Mutant Receptor Activation R-HSA-1839126",0.532291666666667,1,0.0446854397644147,0.30392360702908,0.975155360479966,33,"FGF9;FGF3;FGF8;FGF23;GTF2F1;FGFR2;NCBP1;FGF4;FGF22;POLR2K;FGF5;POLR2B;FGF18;GTF2F2;POLR2D;FGF6"
"FLT3 Signaling R-HSA-9607240",0.4474505723205,1,0.0525898950623616,0.320437048926928,1.03860144809073,36,"CBL;SH2B3;SOCS2;LCK;AKT1;SEPSECS;FOXO3;SOCS6;GRB10;SLA2;HCK;GRAP2"
"FOXO-mediated Transcription Of Cell Death Genes R-HSA-9614657",0.44988864142539,1,0.0554793308704233,0.366173855984747,1.02962247145311,16,"DDIT3;BBC3;FOXO3;BCL6;FASLG;NFYC;CREBBP;CITED2;EP300;FOXO1;BCL2L11"
"FOXO-mediated Transcription Of Oxidative Stress, Metabolic And Neuronal Genes R-HSA-9615017",0.985185185185185,1,0.0125099843193737,0.151735088132666,0.47570313934558,29,"FOXO3;G6PC1;TRIM63;POMC;INS;SMAD2;FOXO1;SMAD3;ABCA6;PPARGC1A;NPY;NR3C1;RETN;HDAC1;AGRP;PCK1;MAP4K2;FOXO4;IGFBP1;FOXO6;GLYAT"
"FOXO-mediated Transcription R-HSA-9614085",0.861336032388664,1,0.0191546578437244,0.21984935081593,0.76786300670203,65,"CAV1;CDKN1A;TXNIP;DDIT3;BTG1;BBC3;AKT1;KLF4"
"FRS-mediated FGFR1 Signaling R-HSA-5654693",0.833155080213904,1,0.0243564001293776,0.249290439695315,0.747298650700208,22,"FGF9;FGF3;FGF8;FGF23;FGF4;SOS1;FGF22;FGFR1;FGF5;KL;FGF6;FGF1;FRS2;NRAS"
"FRS-mediated FGFR2 Signaling R-HSA-5654700",0.714589989350373,1,0.0319980480340634,0.28260928885334,0.86150274416864,24,"FGF9;FGF3;FGF8;FGF23;FGFR2;FGF4;SOS1;FGF22"
"FRS-mediated FGFR3 Signaling R-HSA-5654706",0.95092693565976,1,0.0175479783225763,0.200246353910037,0.582453618232513,19,"FGF9;FGF8;FGF23;FGF4;SOS1;FGF5;FGF18;FGF1;FRS2;NRAS;HRAS;FRS3;FGF17;PTPN11;FGF16"
"FRS-mediated FGFR4 Signaling R-HSA-5654712",0.647249190938511,1,0.0373029764832679,0.301814811989915,0.897568955053399,21,"FGF19;FGFR4;FGF9;FGF8;FGF23;FGF4;SOS1"
"Factors Involved In Megakaryocyte Development And Platelet Production R-HSA-983231",0.744255744255744,1,0.0267456741432593,0.237665842686048,0.893331583250731,130,"GATA6;KIF2C;GATA5;DOCK6;MAFK;SH2B3;SH2B2;KIF16B;EHD2;MAFF;KIF4A;GATA3;KIF9;GATA4;KIF4B;DOCK8;IFNA8;IFNA4;KIF12;IFNA5;KIF26A;KIFC1;KIF25;GATA1;IFNA14;KIF15;TP53;H3C13;KLC3;KIF23;AKAP10;KIF2B;PRKAR2A;ZFPM2;MICAL1;KIF1C;DOCK9;PHF21A;KIF20B;JAK2;H3C7;IRF1;IFNB1;KIF20A;KIF21B;MYB;RAD51B;CDK2;CABLES1;AK3;KIF19;CAPZA1;VPS45;CENPE;DOCK2;HBE1;KIF13B;RACGAP1"
"Fatty Acid Metabolism R-HSA-8978868",1,1,0,0.143132067960232,0.545773415952481,171,"CYP1B1;PTGIS;PTGES;LTC4S;MAPKAPK2;PTGS2;THEM4;PRKAB2;ACOT2;CYP4F3;MECR;HPGD;ALOX12B;GGT5;ALOX5AP;AKR1C3;ACSBG2;ACSM6;ACOXL;DPEP1;CYP1A2;GGT1;ACOX3;FAAH2;AWAT1;ACOT9;SYCP2;SLC27A3;ACOX2;ACSL5;THRSP;HADHA;PHYH;OLAH;ABCD1;DPEP3;CYP4F2;HADHB;ACOT12;ABCC1;PPARD;PLA2G4A;HSD17B12;MCEE;HSD17B8;CYP2C19;ACOT6;CYP4F8;GPX2;CYP4F22;ACBD7;CYP1A1;CYP2U1;CBR4;PTGR1;ACBD4;ACAD11"
"Fcgamma Receptor (FCGR) Dependent Phagocytosis R-HSA-2029480",0.993969849246231,1,0.00502537209391229,0.156232013261976,0.564047617162419,82,"MYH9;ARPC1B;NCKAP1L;TARP;FCGR1A;WASF2;MYO1E;CD247;MYH2;PLCG2;ITPR3;ARPC3;HCK;VAV2;PRKCD;NCK1;PLPP5;FGR;WIPF1;CYFIP1;BTK;PIK3CA"
"Formation Of Early Elongation Complex R-HSA-113418",0.651162790697674,1,0.271288554688953,-0.177475120946581,-0.937496796373501,32,"CTDP1;NCBP2;CCNH;CDK7;POLR2E;ERCC3;POLR2A;POLR2C;MNAT1;SUPT4H1"
"Formation Of HIV Elongation Complex In Absence Of HIV Tat R-HSA-167152",0.997959183673469,1,0.00699634910626994,0.129327449194263,0.432583427892647,44,"ELOA2;GTF2H3;ERCC2;TCEA1;GTF2F1;NCBP1;POLR2K;CDK9;NELFE;NELFB;ELOB;POLR2B;GTF2F2;POLR2D;CCNT2;GTF2H1;ELOC;SUPT5H;CCNT1;GTF2H4;ELL"
"Formation Of HIV-1 Elongation Complex Containing HIV-1 Tat R-HSA-167200",0.996929375639713,1,0.00759591053352814,0.135975933994737,0.451573991379969,42,"ELOA2;GTF2H3;ERCC2;TCEA1;GTF2F1;NCBP1;POLR2K;CDK9;NELFE;NELFB;ELOB;POLR2B;GTF2F2;POLR2D"
"Formation Of RNA Pol II Elongation Complex R-HSA-112382",0.99290060851927,1,0.00683906706351732,0.148589167781904,0.512803203433445,56,"ELOA2;GTF2H3;CTR9;ERCC2;TCEA1;GTF2F1;NCBP1;POLR2K;CDK9;NELFE;CDC73;IWS1;NELFB;ELOB;MLLT1;POLR2B;GTF2F2;POLR2D;CCNT2;GTF2H1;ELOC;SUPT5H;PAF1;CCNT1;GTF2H4"
"Formation Of TC-NER Pre-Incision Complex R-HSA-6781823",1,1,NA,-0.120076910984953,-0.711253522101003,48,"DDB1;RBX1;CCNH;CDK7;COPS4;POLR2E;COPS6;USP7;ERCC3;POLR2A;POLR2C;MNAT1;PRPF19"
"Formation Of beta-catenin:TCF Transactivating Complex R-HSA-201722",0.742393509127789,1,0.0276588991389961,0.246543562171689,0.851593827062934,57,"BCL9L;H2BC11;BCL9;TCF7L2;TLE1;H3C13;H2AC19;PYGO1;TCF7;H2BC15;H2BC1;CREBBP;H2AX;H3C7;EP300;CDC73;TCF7L1;H3-4;H2AC14;H2AC7;H2BC13;H2BC3;AXIN2;TERT;MYC;H2BC5;LEF1;H2BC9;H2AC20;H2BC17;H2AZ2;TRRAP;HDAC1;H2BC14;RUVBL1;PYGO2;KAT5;LEO1;H2BC4"
"G Alpha (12/13) Signaling Events R-HSA-416482",0.883534136546185,1,0.0169176756264572,0.210734193921067,0.758765927950197,78,"ARHGEF19;ARHGEF38;GNG11;RHOC;FGD4;RHOB;ARHGEF10L;ADRA1A;ARHGEF39;ITSN1;ARHGEF35;VAV2;ARHGEF17;SOS1;ADRA1D;ROCK1;FGD1;ARHGEF26;ECT2;GNB4;BTK;ARHGEF40;ARHGEF6;ARHGEF15;GNGT1;GNG10;ARHGEF10;TIAM1;PLEKHG2;GNG8;GNG13;ARHGEF33;GNB3"
"G Alpha (I) Signaling Events R-HSA-418594",0.629370629370629,1,0.0350150690873584,0.247628234708252,0.963551822542441,306,"ANXA1;PTGER3;GRM2;CCL5;GALR2;CCL20;ADRA2C;CCL4L1;GNAL;CXCR6;P2RY14;PPP1CA;ADORA3;CXCR2;CXCL2;GNG11;GPER1;CCR6;OPN1MW3;ADRA2B;TAS2R1;RGS6;CCR1;GPSM3;LPAR3;PTGDR2;AGXT;FPR3;TAS2R16;CX3CL1;CASR;ADCY4;CCL27;NMS;SSTR1;BDKRB2;GNAT1;CHRM4;GPR18;CCL21;RGS19;CCL1;AGTR2;HTR1F;ADCY9;GAL;TAS1R3;TAS2R4;S1PR4;PYY;CREB1;GRM4;GNAT3;TAS2R3;CCL19;CCR2;TAS2R41;ITPR3;DRD3;CCL13;RLN3;INSL5;PF4;PNOC;HTR1E;HCAR2;PPY;NPW;TAS2R43;TAS1R1;PMCH;SSTR3;NMUR1;PLCB3;GNA14;SSTR4;TAS2R45;RGS10;LPAR5;PRKX;RGS21;FPR2;PLCB2;UBD;SUCNR1;NMUR2;RGS20;ADCY7;GPR55;PRKAR2A;OPRK1;PRKCD;P2RY4;APLN;OXER1;CHRM2;RHO;C5;NPY1R;CCR9;PDYN;PLA2G4A;GNB4;SFTPA2;CCR5;CXCL9;POMC;S1PR5;TAS2R40;TAS2R46;PDE4A;PPP1R1B;RGS22;RRH;PPBP;CXCR3;P2RY12;GNGT1;CCR7;GNG10;OPN1SW;TAS2R60;TAS2R50;GALR1;TAS2R10;CCL25;OPN1LW;OPRL1;SSTR2"
"G Alpha (Z) Signaling Events R-HSA-418597",0.950152594099695,1,0.01221929569568,0.187303495943804,0.63263209235304,47,"PRKCH;ADRA2C;GNG11;ADRA2B;ADCY4;RGS19;ADCY9;GNAT3"
"G Beta:Gamma Signaling Thru BTK R-HSA-8964315",0.920704845814978,1,0.0202691096367175,0.224280134352991,0.643639434603064,18,"GNG11;GNB4;BTK;GNGT1;GNG10;GNG8;GNG13;GNB3;GNG12"
"G Beta:Gamma Signaling Thru CDC42 R-HSA-8964616",0.908503767491927,1,0.019677649030838,0.22281902890539,0.65896047675928,20,"GNG11;GNB4;ARHGEF6;GNGT1;GNG10;GNG8;GNG13;GNB3;PKN1;GNG12"
"G Beta:Gamma Signaling Thru PI3Kgamma R-HSA-392451",0.983050847457627,1,0.0127958872528513,0.167281978595371,0.514924151803084,25,"GNG11;AKT1;GNB4;GNGT1;GNG10;GNG8;GNG13;GNB3;PDPK1;GNG12;PIK3R5;GNGT2"
"G Beta:Gamma Signaling Thru PLC Beta R-HSA-418217",0.930032292787944,1,0.0181674946847152,0.207488968609917,0.613623667373297,20,"GNG11;PLCB3;PLCB2;GNB4;GNGT1;GNG10;GNG8;GNG13;GNB3;GNG12"
"G-protein Activation R-HSA-202040",0.932907348242812,1,0.0172342687658066,0.210639938306927,0.642112244856548,24,"GNG11;GNA14;PDYN;GNB4;POMC;GNGT1;GNG10;GNG8;GNG13;GNB3;GNG12;GNA15"
"G-protein Beta:Gamma Signaling R-HSA-397795",0.908237747653806,1,0.0176259777744384,0.213493462197307,0.679645207005585,32,"GNG11;AKT1;PLCB3;PLCB2;GNB4;BTK;ARHGEF6;GNGT1;GNG10;GNG8;GNG13;GNB3;PKN1;PDPK1;GNG12"
"G0 And Early G1 R-HSA-1538133",0.542066027689031,1,0.0448645113168564,0.314077157215329,0.976119111373639,27,"E2F4;LIN37;E2F5;LIN52;CCNE1;E2F1;CDK2;TFDP1;CCNA1;MYC;RBL1;RBBP4;TOP2A;CDK1;LIN54;HDAC1;CDC25A;CDC6;CCNA2;CCNE2;PCNA"
"G1/S DNA Damage Checkpoints R-HSA-69615",0.684745285364469,1,0.143902565267782,-0.159012986667145,-0.972985091816856,66,"PSMC5;PSMB7;PCBP4;CDKN1B;PSMD8;PHF20;PSME3;PSMD2;PSMC4;PSMB6;PSMD14;PSMD3;SEM1"
"G1/S Transition R-HSA-69206",0.998001998001998,1,0.00204130030921835,0.154327645334301,0.579423409580069,128,"CDKN1A;PSMD5;E2F6;AKT1;PSMA4;PTK6;DBF4;E2F4;LIN37;PSMB8;POLE4;E2F5;PSMF1;RB1;CDK4;PSMA7;ORC4;CDC45;MCM3;MCM6;RRM2;PSMB10;PSMC1;SLC25A2;TK1;PSMB9;MCM8;CDC7;PSMB4;LIN52;TYMS;PRIM2;CCNE1;POLE;ORC5;DHFR;E2F1;CDK2;CABLES1;CDT1;TFDP1;GMNN;FBXO5;ORC6;CCNB1;CCNA1;POLA2;CKS1B;MYC;PSMB1;MCM10;PSMD10;RBL1;PRIM1;PSMD13;RBBP4;PSMD9;WEE1;PSMA5;PSMA1;PSMA6;UBB;PSME1;CDK1;PSMB5;POLA1;MCM5;POLE2;PPP2R1B"
"G2/M Checkpoints R-HSA-69481",0.997002997002997,1,0.00250132493941571,0.151549178770009,0.572321963735657,143,"RAD9A;RHNO1;PSMD5;BRCC3;H2BC11;PSMA4;RMI1;DBF4;PSME4;EXO1;PSMB8;BLM;TP53BP1;TOP3A;PSMF1;SERPINA2;PSMA7;ORC4;CDC45;TP53;GTSE1;MCM3;MCM6;RFC4;H2BC15;H2BC1;CHEK1;PSMB10;PSMC1;SLC25A2;PSMB9;H2AX;RAD50;MCM8;CHEK2;CDC7;RAD17;ARTN;PSMB4;H3-4;RFC5;ORC5;BARD1;CDK2;RBBP8;MRE11;ORC6;H2BC13;H2BC3;CCNB1;PIAS4;PSMB1;PKMYT1;H2BC5;MCM10;PSMD10;RMI2;PSMD13;PSMD9;RRAD;MDC1;CDC25C;WEE1;PSMA5;PSMA1;H2BC9;RFC3;PSMA6;H2BC17;UBB;PSME1;CDK1;PSMB5;MCM5;UIMC1;REXO2;HUS1;DNA2;PSMB11;YWHAZ;CCNB2;UBE2N;MCM7;RFC2;H2BC14"
"G2/M DNA Damage Checkpoint R-HSA-69473",0.989929506545821,1,0.00617356336775808,0.159148790748157,0.566816374177702,73,"RAD9A;RHNO1;BRCC3;H2BC11;RMI1;EXO1;BLM;TP53BP1;TOP3A;SERPINA2;TP53;RFC4;H2BC15;H2BC1;CHEK1;H2AX;RAD50;CHEK2;RAD17;ARTN;H3-4;RFC5;BARD1;RBBP8;MRE11;H2BC13;H2BC3;CCNB1;PIAS4;H2BC5;RMI2;RRAD;MDC1;CDC25C;WEE1;H2BC9;RFC3;H2BC17;CDK1;UIMC1;REXO2;HUS1;DNA2;YWHAZ;UBE2N;RFC2;H2BC14"
"GAB1 Signalosome R-HSA-180292",0.845394736842105,1,0.024919740580511,0.253165528626288,0.72315351269166,17,"BTC;PXDN;TGFA;EPGN;CSK;PIK3CA;AREG;EGFR;SRC;EGF"
"GABA Receptor Activation R-HSA-977443",0.972616632860041,1,0.00954760674075313,0.170793790973521,0.591649631532269,59,"GABRR3;GNAL;GABRR1;GNG11;ADCY4;KCNJ16;KCNJ5;ADCY9;GNAT3;GABRA6;UBD;KCNJ15;ADCY7;GNB4;KCNJ4;GNGT1;GNG10;KCNJ10;GNG8;GNG13;GNB3;KCNJ2"
"GPVI-mediated Activation Cascade R-HSA-114604",0.62252346193952,1,0.037536290520292,0.287927149646066,0.916600935736743,32,"RAC2;LCK;FCER1G;RHOB;CLEC1B;LCP2;PIK3R3;PLCG2"
"GRB2 Events In ERBB2 Signaling R-HSA-1963640",0.985442329227324,1,0.0169176756264572,0.180522563245191,0.500249081607324,15,"BTC;SOS1;EGFR;EGF;NRG4;NRG1;ERBB2;NRAS;HBEGF;EREG;HRAS"
"Gamma Carboxylation, Hypusine Formation And Arylsulfatase Activation R-HSA-163841",0.780737704918033,1,0.0255522951965404,0.248023315869838,0.818401417504389,41,"ARSK;DPH1;BGLAP;ARSB;ARSA;F7;F8;FAM110A;EIF5AL1;DPH6;DPH3;PROZ;ARSH;PROC;TTF2;ARSD;ARSJ;DHPS;FURIN;FN3KRP"
"Gap Junction Assembly R-HSA-190861",0.643652561247216,1,0.0390355298112393,0.31776480437446,0.893503940473771,16,"GJA4;GJA5;GJC2;GJB5;GJD3;GJD4;GJB7;GJA3;GJB3"
"Gap-filling DNA Repair Synthesis And Ligation In GG-NER R-HSA-5696397",0.530351437699681,1,0.0458620343117985,0.319146983337193,0.972883810909763,24,"POLD4;POLD2;POLD3;POLE4;RFC4;LRIG3;SLC19A1;POLD1;POLE;RFC5;LRIG1;POLK;RFC3;UBB;POLE2;RFC2"
"Gap-filling DNA Repair Synthesis And Ligation In TC-NER R-HSA-6782210",0.933130699088146,1,0.0134461833974729,0.197820347815189,0.685739063832307,60,"GTF2H3;POLD4;POLD2;POLD3;HMGN1;ERCC2;POLE4;TCEA1;RFC4;LRIG3;POLR2K;SLC19A1;POLD1;EP300;POLE;RFC5;POLR2B;POLR2D;CUL4A;ZNF830;LRIG1;ERCC8"
"Gastrin-CREB Signaling Pathway Via PKC And MAPK R-HSA-881907",0.843201754385965,1,0.0250603987343648,0.253783858467384,0.724919738129289,17,"MMP3;CREB1;MAPK7;RPS6KA3;SOS1"
"Gastrulation R-HSA-9758941",0.993318485523385,1,0.0159484509317776,0.166966183936091,0.469482275000361,16,"TBXT;TBPL2;TCF7;SMAD2;SMAD3;LEF1;BMP4;MIXL1;TRIM33;GSC;FOXH1"
"Glucagon-type Ligand Receptors R-HSA-420092",0.445833333333333,1,0.052805004567129,0.324277777848203,1.04046282039207,33,"GLP2R;CPAMD8;GNG11;CYSLTR2;GIPR;SCTR;ADCYAP1;GLP1R;GHRH;VIPR2;GNB4;C1QTNF1;GHRHR;GNGT1;GNG10;GNG8;GNG13;GNB3"
"Glutathione Conjugation R-HSA-156590",0.965553235908142,1,0.0130773356900516,0.178108508295467,0.572981517489497,34,"GGCT;CHAC1;GGT5;CHAC2;GGT1;GSTT1;GGT6;GSTM4;MGST2;GSTM1;CNDP2;OPLAH;GSTT2;GSTM2;GSTO1;GSTA4;GSTZ1;GSTP1"
"Glycogen Metabolism R-HSA-8982491",0.64643237486688,1,0.0367619553883609,0.300928107726846,0.909827681271993,23,"PHKG1;GYG2;PYGL;GYS1;NHLRC1;PGM1;GYS2"
"Glycosphingolipid Metabolism R-HSA-1660662",0.81530612244898,1,0.0229405670056901,0.233923049620454,0.782442051539409,44,"NEU4;ARSK;NAT8;SMPD2;ARSB;ARSA;ENPP7;B4GALNT1;SFTPA2;ESYT2;NEU2;ARSH;CTSA;ESYT3;ARSD;ARSJ"
"Glyoxylate Metabolism And Glycine Degradation R-HSA-389661",0.794363256784969,1,0.0256225253207008,0.24947514290236,0.793374141661215,31,"PRODH2;AGXT;PXMP2;OGDH;AGXT2;BCKDHB;GNMT;PDHA2;AMT;LDHD"
"Growth Hormone Receptor Signaling R-HSA-982772",0.738019169329074,1,0.0304180507344859,0.278335799945104,0.841521974773139,23,"GHR;SOCS2;ADAM17;GH1;PTPN1;JAK2;CISH;STAT5B"
"HCMV Early Events R-HSA-9609690",0.897795591182365,1,0.0156180851425484,0.207758427441072,0.759065209147942,92,"NUP37;UCN3;H2AC11;NUP85;H2BC11;CREB1;NUP210;PML;RNASE7;DAXX;NUP153;NDC1;USH2A;ITGB1;NUP160;H3C13;H2AC19;H2AC12;H2BC15;H2BC1;POM121C;PCSK1;NUP93;NUP98;NUP43;DYNC1LI1;H3C7;NUP214;AAAS;H2AC14;SUZ12;EGFR;H2AC7;H2BC13;KCNH8;H2BC3;RANBP2;HDAC3;NUP35;NUP42;RRM1;H2BC18;NUP205;H2BC5;EED;RBBP4;NUP62;EZH2;NUP155;H2BC9;NUP133;H2AC20;NUP188;H2BC17;CBX1;NCOR1;CD46;NUP107;NUP54;H2BC14;TXN2"
"HCMV Infection R-HSA-9609646",0.976023976023976,1,0.00715048391330487,0.173466251062148,0.647336254868108,116,"CEBPD;NUP37;UCN3;H2AC11;NUP85;H2BC11;CHMP4C;CREB1;NUP210;PML;RNASE7;DAXX;NUP153;NDC1;USH2A;ITGB1;NUP160;H3C13;H2AC19;MVB12A;H2AC12;H2BC15;H2BC1;POM121C;PCSK1;NUP93;NUP98;NUP43;DYNC1LI1;H3C7;NUP214;MVB12B;AAAS;H2AC14;SUZ12;VPS37B;EGFR;H2AC7;H2BC13;KCNH8;H2BC3;RANBP2;HDAC3;NUP35;NUP42;RRM1;H2BC18;NUP205;H2BC5;CHMP6;EED;RBBP4;NUP62;EZH2;NUP155;H2BC9;NUP133;H2AC20;NUP188;H2BC17;CBX1;VPS37A;NCOR1;CD46;SNF8;NUP107;NUP54;H2BC14;TXN2;TRMU"
"HCMV Late Events R-HSA-9610379",0.791791791791792,1,0.0235084845013289,0.230702666046209,0.837202327904695,86,"CEBPD;NUP37;UCN3;H2AC11;NUP85;H2BC11;CHMP4C;NUP210;RNASE7;NUP153;NDC1;NUP160;H3C13;H2AC19;MVB12A;H2AC12;H2BC15;H2BC1;POM121C;PCSK1;NUP93;NUP98;NUP43;H3C7;NUP214;MVB12B;AAAS;H2AC14;VPS37B;H2AC7;H2BC13;H2BC3;RANBP2;NUP35;NUP42;RRM1;H2BC18;NUP205;H2BC5;CHMP6;NUP62;NUP155;H2BC9;NUP133;H2AC20;NUP188;H2BC17;VPS37A;CD46;SNF8;NUP107;NUP54;H2BC14;TXN2;TRMU"
"HDACs Deacetylate Histones R-HSA-3214815",0.806288032454361,1,0.0232248320654428,0.233604937611299,0.806902119401792,57,"H2AC11;H2BC11;BRMS1L;CHD3;H3C13;H2AC19;H2AC12;H2BC15;H2BC1;DPEP3;PHF21A;H3C7;H2AC14;REST;H2AC7;H2BC13;H2BC3;HDAC3;H2BC18;SAP30;H2BC5;KDM1A;RBBP4;SAP30L;H2BC9;H2AC20;HDAC10;H2BC17;NCOR1;HMG20B;HDAC1;H2BC14;GATAD2A;RCOR1"
"HIV Elongation Arrest And Recovery R-HSA-167287",0.989583333333333,1,0.0105706949179311,0.159804133024063,0.512740219387954,33,"ELOA2;TCEA1;GTF2F1;POLR2K;CDK9;NELFE;NELFB;ELOB;POLR2B;GTF2F2;POLR2D;CCNT2;ELOC;SUPT5H;CCNT1;ELL"
"HIV Infection R-HSA-162906",1,1,0,0.135149234118913,0.519144949008395,224,"B2M;AP1B1;CD8B;LIG4;HLA-A;ELOA2;GTF2H3;NUP37;PSMD5;CUL5;LCK;NUP85;PSMA4;CHMP4C;TAF7L;TAF3;PSME4;CD247;ERCC2;NUP210;GTF2B;AP1M2;TAF11;PSMB8;RNASE7;NUP153;NDC1;NMT1;PSMF1;HCK;TCEA1;NUP160;PSMA7;TAF4;GTF2F1;CD28;TAF5;APOBEC3G;MVB12A;NCBP1;HMGA1;POM121C;NUP93;NUP98;POLR2K;PACS1;CDK9;PSMB10;PSMC1;VPS4B;NUP43;PSMB9;NELFE"
"HIV Life Cycle R-HSA-162587",0.997002997002997,1,0.00250132493941571,0.149086680025206,0.563113677894453,144,"LIG4;ELOA2;GTF2H3;NUP37;NUP85;CHMP4C;TAF7L;TAF3;ERCC2;NUP210;GTF2B;TAF11;RNASE7;NUP153;NDC1;NMT1;TCEA1;NUP160;TAF4;GTF2F1;TAF5;MVB12A;NCBP1;HMGA1;POM121C;NUP93;NUP98;POLR2K;CDK9;VPS4B;NUP43;NELFE;CCR5;NUP214;GTF2A1;MVB12B;AAAS;CHMP5;TAF1L;NELFB;ELOB;KPNA1;VPS37B;POLR2B;GTF2F2;POLR2D;TBP;LRIG1;RANBP2;NUP35;NUP42;CCNT2;TAF13;RCC1;FURIN;RNGTT;NUP205;CHMP6;GTF2H1;ELOC;NUP62;SUPT5H;TAF2;NUP155;NUP133;CCNT1;GTF2H4;NUP188;UBB;ELL;GTF2E1;NMT2;VPS37A"
"HIV Transcription Initiation R-HSA-167161",0.969512195121951,1,0.0101263868834473,0.175762589988865,0.590399279303623,45,"GTF2H3;TAF7L;TAF3;ERCC2;GTF2B;TAF11;TAF4;GTF2F1;TAF5;POLR2K;GTF2A1;TAF1L;POLR2B;GTF2F2;POLR2D;TBP"
"HS-GAG Degradation R-HSA-2024096",0.558791801510248,1,0.0440640346597561,0.320494140442532,0.953119526643222,21,"NAGLU;GPC2;GPC4;GPC6;GPC5;SDC2;AGRN;SDC1;IDUA;HPSE;HSPG2;GPC3;GUSB;HPSE2;SGSH"
"HSF1-dependent Transactivation R-HSA-3371571",0.946708463949843,1,0.0147735037814303,0.195296618754964,0.628910939676307,35,"SERPINH1;HSPA6;HSPA1A;AKT1S1;DNAJB1;MTOR;CREBBP;HSPA1B;CRYBA4;EP300"
"Hedgehog Ligand Biogenesis R-HSA-5358346",0.958627648839556,1,0.0105706949179311,0.180053726830431,0.628465329043079,63,"PSMD5;NOTUM;PSMA4;SYVN1;P4HB;SCUBE2;ADAM17;PSME4;DISP2;PSMB8;PSMF1;IHH;PSMA7;GPC5;PSMB10;PSMC1;PSMB9;PSMB4"
"Hedgehog Off State R-HSA-5610787",0.98496993987976,1,0.00617356336775808,0.170313008995405,0.62536133419151,97,"GPR161;PSMD5;INTU;ADCY4;PSMA4;ADCY9;PSME4;DYNC2H1;SUFU;IFT172;PSMB8;OFD1;IFT52;PSMF1;PSMA7;SMOX;CSNK1A1;ADCY7;WDR19;KIF7;PRKAR2A;IFT88;PSMB10;PSMC1;PSMB9;TTC21B"
"Hedgehog On State R-HSA-5632684",0.903711133400201,1,0.0151993170205216,0.206004230439238,0.74622474778113,84,"GPR161;PSMD5;SPOPL;ARRB2;IQCE;PSMA4;EVC2;PSME4;SUFU;PTCH2;PSMB8;GAS8;PSMF1;IHH;PSMA7;SMOX;CSNK1A1;GAS1;SMURF2;KIF7;PSMB10;PSMC1;PSMB9"
"Heme Signaling R-HSA-9707616",0.813265306122449,1,0.0230827802358481,0.236028115395584,0.789483221643812,44,"MAFK;APOB;APOA1;CLEC1B;HELZ2;CREB1;NPAS2;RNASE12;CREBBP;EP300;CRTC3;GDNF;NCOA1;NFE2L2"
"Homology Directed Repair R-HSA-5693538",0.535,1,0.0425877779273254,0.264472690557335,0.986014797749151,114,"RAD51D;RAD9A;XRCC2;EME2;RHNO1;UBE2I;BRCC3;H2BC11;POLD4;RAD51;SIRT6;RMI1;POLD2;POLD3;EXO1;BLM;TP53BP1;TOP3A;PPP4C;POLE4;SERPINA2;RFC4;H2BC15;LRIG3;RAD52;H2BC1;CHEK1;POLH;SLC19A1;H2AX;RAD50;PALB2;RAD17;ARTN;POLD1;TIMELESS;ERCC1;POLE;H3-4;RNF4;RFC5;BARD1;XRCC3;RAD51B;CDK2;RBBP8;EME1;MRE11;SLX4;RAD51AP1;MUS81;H2BC13;H2BC3;SLX1A;BRCA2;CCNA1;PIAS4;ABL1;H2BC5"
"Host Interactions Of HIV Factors R-HSA-162909",0.974025974025974,1,0.00745009291296373,0.18168380998019,0.682132176747605,128,"B2M;AP1B1;CD8B;HLA-A;NUP37;PSMD5;CUL5;LCK;NUP85;PSMA4;PSME4;CD247;NUP210;AP1M2;PSMB8;RNASE7;NUP153;NDC1;PSMF1;HCK;NUP160;PSMA7;CD28;APOBEC3G;HMGA1;POM121C;NUP93;NUP98;PACS1;CDK9;PSMB10;PSMC1;NUP43;PSMB9"
"IGF1R Signaling Cascade R-HSA-2428924",0.684903748733536,1,0.031636972118622,0.259726017648694,0.888684569655739,52,"IGF2;THEM4;FGF19;FGFR4;FGF9;FGF3;FGF8;FGF23;FGFR2;FGF4;SOS1;FGF22;PDE3B;PIK3CA;FGFR1;FGF5;IGF1;PIK3R4;TRIB3;KL;FGF18;FLT3;PDPK1;TLR9;FGF6;FLT3LG;SHC1;IRS2"
"IKK Complex Recruitment Mediated By RIP1 R-HSA-937041",0.922330097087379,1,0.0188532541830902,0.21621489795035,0.643002835880558,21,"RIPK1;SARM1;TRAF6;IKBKG;RIPK3;UBE2D3;IKBKB;UBE2D1;UBB;UBE2V1;UBE2N"
"IRAK4 Deficiency (TLR2/4) R-HSA-5603041",0.904185022026432,1,0.0213630317196063,0.231235413573356,0.66359970436934,18,"TLR6;TIRAP;TLR2;CD36;S100A9;BTK;MYD88;TLR1"
"IRE1alpha Activates Chaperones R-HSA-381070",0.911495422177009,1,0.0156180851425484,0.203444493567035,0.688230715084064,48,"TLN1;PLA2G4B;CUL7;SYVN1;KDELR3;GFPT1;GOSR2;ERN1;CXXC1;HSPA5;SRPRA"
"IRS-mediated Signaling R-HSA-112399",0.74059003051882,1,0.0279402790995263,0.252648494381532,0.853339895366334,47,"THEM4;FGF19;FGFR4;FGF9;FGF3;FGF8;FGF23;FGFR2;FGF4;SOS1;FGF22;PDE3B;PIK3CA;FGFR1;FGF5;PIK3R4;TRIB3;KL;FGF18;FLT3;PDPK1;TLR9;FGF6;FLT3LG"
"IRS-related Events Triggered By IGF1R R-HSA-2428928",0.66260162601626,1,0.0333826959919392,0.265957596850104,0.907092260493789,51,"IGF2;THEM4;FGF19;FGFR4;FGF9;FGF3;FGF8;FGF23;FGFR2;FGF4;SOS1;FGF22;PDE3B;PIK3CA;FGFR1;FGF5;IGF1;PIK3R4;TRIB3;KL;FGF18;FLT3;PDPK1;TLR9;FGF6;FLT3LG"
"ISG15 Antiviral Mechanism R-HSA-1169408",0.993945509586276,1,0.00581457622839549,0.153978068684867,0.546063250078676,72,"IRF3;NUP37;NUP85;ISG15;UBA7;NUP210;RNASE7;NUP153;NDC1;EIF4E2;NUP160;EIF2AK2;FLNB;POM121C;NUP93;NUP98;MX1;NUP43;NUP214;AAAS;KPNA1;NEDD4;HERC5;RANBP2;NUP35;NUP42;GNL3;USP18;NUP205;PLCG1;NUP62;NUP155;KPNA7;NUP133;NUP188;UBB;KPNA2;UBE2N;NUP107;NUP54;KPNA5"
"Inactivation Of CSF3 (G-CSF) Signaling R-HSA-9705462",0.871139510117146,1,0.0215798086475871,0.231827492518788,0.706700129316399,24,"CUL5;CSF3;HCK;TYK2;JAK2;STAT5B;CSF3R;ELOB;UBE2D3;ELOC;STAT3;UBE2D1;UBB;SYK;JAK1;SOCS1"
"Inflammasomes R-HSA-622312",0.587918015102481,1,0.0417397034728504,0.315595656349573,0.938551894194455,21,"NLRP1;CASP1;TXNIP;PSTPIP1;AIM2"
"Influenza Infection R-HSA-168255",1,1,0,0.124094715969158,0.470832549421403,155,"RPL13A;NUP37;RPS28;HSPA1A;NUP85;ISG15;TGFB1;RPL7A;NUP210;PBRM1;RNASE7;NUP153;NDC1;RPSA;RPL12;RPL6;NUP160;EIF2AK2;GTF2F1;RPS4X;RPS3A;RPL7;POM121C;NUP93;NUP98;POLR2K;RPS27;RPL26L1;NUP43;RPS15A;RPL10L;RPL26;NUP214;AAAS;RPS24;RPL29;KPNA1;RPL3L;POLR2B;GTF2F2;POLR2D;RPL10A;BLOC1S6;RPL36AL;DNAJC3;XK;RPL39;RANBP2;NUP35;NUP42;RPL11;RPL37;GNL3;RPL36A;RPL5;NUP205;RPL4;RPS10;NUP62;RPS11;RPL18A;NUP155;RPL23A;RPL32;KPNA7;NUP133"
"Influenza Viral RNA Transcription And Replication R-HSA-168273",0.994005994005994,1,0.00354273909070668,0.162080015776247,0.610511984661527,135,"RPL13A;NUP37;RPS28;NUP85;RPL7A;NUP210;PBRM1;RNASE7;NUP153;NDC1;RPSA;RPL12;RPL6;NUP160;GTF2F1;RPS4X;RPS3A;RPL7;POM121C;NUP93;NUP98;POLR2K;RPS27;RPL26L1;NUP43;RPS15A;RPL10L;RPL26;NUP214;AAAS;RPS24;RPL29;RPL3L;POLR2B;GTF2F2;POLR2D;RPL10A;BLOC1S6;RPL36AL;DNAJC3;XK;RPL39;RANBP2;NUP35;NUP42;RPL11;RPL37;GNL3;RPL36A;RPL5;NUP205;RPL4;RPS10;NUP62;RPS11;RPL18A;NUP155;RPL23A;RPL32;NUP133;NUP188"
"Inhibition Of DNA Recombination At Telomere R-HSA-9670095",0.980691056910569,1,0.00881182919930239,0.162916890811608,0.547249644692045,45,"H2BC11;DAXX;POT1;H2AC19;H2BC15;H2BC1;POLR2K;TINF2;H2AX;H3-4;H2AC14;POLR2B;POLR2D;H2AC7;H2BC13;H2BC3;H2BC5;H2BC9;H2AC20;H2BC17;H2AZ2;H2BC14;POLR2J;TERF1;H2BC4;ACD"
"Inositol Phosphate Metabolism R-HSA-1483249",0.689725330620549,1,0.0314928902471297,0.261787942054727,0.885600290289222,48,"PPIP5K2;INPP5B;PLCD1;INPP5D;PLCE1;IP6K1;INPP5J;PLCG2;ISYNA1;ITPKC;IMPA2;PLCB3;PLCH1;PLCB2"
"Insulin Receptor Signaling Cascade R-HSA-74751",0.720647773279352,1,0.0290688186426821,0.252736089240557,0.866951058485604,53,"THEM4;FGF19;FGFR4;FGF9;FGF3;GRB10;FGF8;FGF23;FGFR2;FGF4;SOS1;FGF22;PDE3B;PIK3CA;FGFR1;INS;FGF5;PIK3R4;TRIB3;KL;FGF18;FLT3;PDPK1;TLR9;FGF6;FLT3LG;SHC1;IRS2"
"Integrin Signaling R-HSA-354192",0.4419595314164,1,0.0542315935495841,0.333358931072781,1.0360448574238,27,"FN1;VWF;TLN1;AKT1;RAP1B;RASGRP2;SOS1;PTPN1;CSK;CRK;SRC;PDPK1;BCAR1;FGB;SHC1"
"Interaction Between L1 And Ankyrins R-HSA-445095",0.684210526315789,1,0.227987202850442,-0.172858205520845,-0.879865908388702,29,"NFASC;NRCAM;KCNQ3;SCN3A;SCN3B;ANK3;ANK2;SCN1B;SPTBN2;SPTAN1;L1CAM"
"Interactions Of Rev With Host Cellular Proteins R-HSA-177243",0.76690946930281,1,0.0273074724591201,0.255465424085515,0.828015238190616,36,"NUP37;NUP85;NUP210;RNASE7;NUP153;NDC1;NUP160;POM121C;NUP93;NUP98;NUP43;NUP214;AAAS;RANBP2;NUP35;NUP42;RCC1;NUP205;NUP62;NUP155;NUP133;NUP188"
"Interactions Of Vpr With Host Cellular Proteins R-HSA-176033",0.616424116424116,1,0.0378487722705029,0.286803959499869,0.931825332776222,37,"NUP37;NUP85;NUP210;RNASE7;NUP153;NDC1;NUP160;HMGA1;POM121C;NUP93;NUP98;NUP43;NUP214;AAAS;KPNA1;RANBP2;NUP35;NUP42;NUP205;NUP62;NUP155;NUP133;NUP188"
"Interconversion Of Nucleotide Di- And Triphosphates R-HSA-499943",0.817796610169492,1,0.0248493879589072,0.245515803947021,0.767557598758035,28,"DCTD;AK6;AK9;AK8;RRM2B;CMPK1;RRM2;AK4;CTPS2;TYMS;NME4;AK7;GLRX;RRM1;DTYMK;CTPS1;TXNRD1;NME2"
"Interleukin Receptor SHC Signaling R-HSA-912526",0.638977635782748,1,0.0373029764832679,0.292393304201208,0.90872795334431,27,"IL2RG;CSF2RB;INPP5D;IL3RA;PIK3R3;CSF2RA;IL5RA;IL3;SOS1;IL2RB;JAK2;IL5;PIK3CA"
"Interleukin-1 Family Signaling R-HSA-446652",0.995004995004995,1,0.00323243877654383,0.161973649677786,0.61382277552718,151,"PTPN14;NLRX1;CASP1;IL1RN;PTPN7;CASP8;PSMD5;AGER;PTPN18;TIFA;IL36RN;PSMA4;RIPK2;IL1RAP;GSDMD;PSME4;NLRC5;TAB3;PSMB8;IL37;PSMF1;NOD2;NFKBIA;PSMA7;IL4;IRAK2;TP53"
"Interleukin-1 Signaling R-HSA-9020702",1,1,0.0014426950408889,0.133609112686608,0.497805906835838,113,"NLRX1;IL1RN;CASP8;PSMD5;AGER;TIFA;PSMA4;RIPK2;IL1RAP;PSME4;NLRC5;TAB3;PSMB8;PSMF1;NOD2;NFKBIA;PSMA7;IRAK2;TP53;PSMB10;PSMC1;IRAK1;PSMB9;PSMB4;MYD88;IL1A;IL1R2;IRAK3;NKIRAS2;TAB1;TRAF6;IL1R1;IKBKG;S100A12;IKBIP;USP18;MAP3K8;PSMB1;USP14;PSMD10;ALPK1;PSMD13;IKBKB;NFKBIB;PSMD9;TANK;PELI1;PSMA5;MAP3K7;IRAK4;PSMA1;PSMA6;UBB;PSME1;PSMB5;MAP2K6"
"Interleukin-12 Family Signaling R-HSA-447115",0.963525835866261,1,0.0104610403416792,0.180897141780824,0.622271519903833,54,"CNN2;ANXA2;PITPNA;IL23A;MSN;P4HB;RAP1B;AURKAIP1;IL27RA;S100A9;IL12A;IL23R;BOLA2B;CRLF1;TYK2;JAK2;LMNB1;MTAP;CA1;HNRNPF;IL12B;CAPZA1;SERPINB2;IL6ST;VPS72;SNRPA1;STAT4"
"Interleukin-12 Signaling R-HSA-9020591",0.968367346938775,1,0.0106794512946723,0.178021517072295,0.595458725688676,44,"CNN2;ANXA2;PITPNA;MSN;P4HB;RAP1B;AURKAIP1;S100A9;IL12A;BOLA2B;TYK2;JAK2;LMNB1;MTAP;CA1;HNRNPF;IL12B;CAPZA1;SERPINB2;VPS72;SNRPA1;STAT4"
"Interleukin-17 Signaling R-HSA-448424",0.698284561049445,1,0.0304894126298511,0.253730026612879,0.893137671327615,68,"IL25;MAP2K3;MAPK14;MAPKAPK2;IL17F;FOS;RIPK2;TAB3;CREB1;MAPK7;DUSP3;NOD2;RPS6KA3;IRAK2;MAPK9;MAPKAPK3;IL17RE"
"Interleukin-2 Family Signaling R-HSA-451927",0.560900716479017,1,0.041488040200221,0.29148936399313,0.969696245408088,43,"IL9R;IL2RG;LCK;CSF2RB;INPP5D;IL15RA;IL3RA;IL9;PIK3R3;CSF2RA;IL5RA;IL3;SOS1;IL15;IL2RB;JAK2;IL5;PIK3CA;IL21R;STAT5B"
"Interleukin-20 Family Signaling R-HSA-8854691",0.608050847457627,1,0.0393561959521291,0.304721186641681,0.9379868643677,25,"IFNLR1;IL20RA;IFNL3;IL19;IL22RA1;IL26;TYK2;JAK2;STAT5B;IL20;IL22RA2;STAT4;IL10RB;STAT3"
"Interleukin-3, Interleukin-5 And GM-CSF Signaling R-HSA-512988",0.770408163265306,1,0.0260437699289678,0.248245339218521,0.830348239809593,44,"CBL;IL2RG;CSF2RB;INPP5D;IL3RA;PIK3R3;HCK;CSF2RA;CRKL;IL5RA;IL3;SOS1;TEC;IL2RB;JAK2;IL5;PIK3CA;STAT5B"
"Interleukin-7 Signaling R-HSA-1266695",0.669491525423729,1,0.0348652196832942,0.288607572869523,0.888386250041033,25,"TSLP;SOCS2;IL2RG;IL7R;PIK3R3;H3C13;SOS1;CISH;H3C7;STAT5B"
"Intra-Golgi Traffic R-HSA-6811438",0.986652977412731,1,0.00930780437504605,0.156721808021022,0.515613676643697,40,"RAB36;BET1L;GOSR2;RAB41;RAB33B;COG2;COG8;RAB30;RIC1;MAN1A1;VPS45;COG5;COG4;ALPP"
"Intracellular Signaling By Second Messengers R-HSA-9006925",1,1,0,0.143722356407599,0.559262195678783,304,"NR4A1;PDGFRB;CDKN1A;BTC;PDGFB;RRAGC;STRN;TRAT1;PSMD5;RAC2;LCK;THEM4;AKT1;CD86;FGF19;FGFR4;FGF9;SNAI1;ADCY4;TGFA;CSNK2A2;FOXO3;PSMA4;FGF3;IL1RAP;ADCY9;PSME4;TNKS;ICOS;AGO3;CREB1;PIK3R3;PML;FGF8;PRR5;RNF2;PSMB8;RRAGD;KIT;AKT1S1;PSMF1;ITPR3;EGR1;PSMA7;CHD3;FGF23;PPARG;MDM2;CD28;TP53;FGFR2;PRKX;LAMTOR4;FGF4;ADCY7;SOS1;FGF22;MTOR;PRKAR2A;EPGN;MKRN1;PRKCD;DPEP3;PSMB10;PSMC1;IRAK1;LAMTOR3;PSMB9;CBX8;TNRC6C;MAF1;TSC2;PSMB4;PIK3CA;FGFR1;AREG;AGO2;MYD88;INS;GDNF;CSNK2B;FGF5;BAD;SUZ12;CBX2;TRIB3;REST;EGFR;PIP5K1C;KL;AGO4;NEDD4;FGF18;SALL4;FOXO1;CASP9;TRAF6;FLT3;RING1;WWP2;SRC;PDPK1;EGF;HDAC3;FGF6;NR2E1;PPP2R5E;FLT3LG;PSMB1;CD19;EED;PLCG1;NRG4;PSMD10;MECOM;IRS2;KDM1A;PSMD13;RBBP4;ITPR2;SLC38A9;PDGFRA;PSMD9;RHEB;AGO1;NRG1;FGF1;ESR1;MLST8;PSMA5;NBEA;EZH2"
"Intraflagellar Transport R-HSA-5620924",0.616803278688525,1,0.0371479221137289,0.284787925073101,0.93971343278982,41,"IFT20;HSPB11;IFT46;DYNC2H1;IFT172;CLUAP1;IFT52;KIF17;WDR19;IFT88;TTC30A;TTC21B;DYNLRB2;DYNC2I2;IFT43;TTC30B"
"Intrinsic Pathway For Apoptosis R-HSA-109606",0.802845528455285,1,0.0235793094960052,0.233381979457604,0.803233593251239,55,"BAK1;TP73;CASP8;BBC3;BMF;AKT1;PMAIP1;UACA;GSDMD;CASP3;NMT1;APAF1;BAX;TP53"
"Inwardly Rectifying K+ Channels R-HSA-1296065",0.794148380355277,1,0.0256927476530375,0.25119427800953,0.80891738132189,35,"GNG11;KCNJ16;KCNJ5;KCNJ1;KCNJ11;UBD;KCNJ15;KCNJ14;GNB4;KCNJ4;GNGT1;GNG10;KCNJ10;GNG8;GNG13;GNB3;KCNJ2;KCNJ8;GNG12;KCNJ6"
"Ion Channel Transport R-HSA-983712",0.97002997002997,1,0.00801915843678622,0.190514020475054,0.727087973539496,173,"PLN;TRPV5;ATP8B1;STOM;WNK4;TRPV4;ATP10D;TRPC4;TRPM4;CLCN1;SLC9C1;ATP12A;RYR1;ANO6;ATP4A;ATP6V0E1;FKBP1B;TSC22D3;TRPC3;BEST3;TRPC6;FXYD4;ATP13A1;ANO5;SCNN1A;MCOLN3;CLCN6;RNASE3;ANO1;TPCN1;ATP6V1C2;CLCA4;ATP6V1E2;ANO2;ATP7A;SLC17A3;ASIC4;TRPV2;ATP8B4;TRPA1;ATP8B3;ANO4;ATP10A;ATP6V1B1;ATP6V0A2;MCOLN2;ATP6V0D2;ATP8B2"
"JNK (c-Jun Kinases) Phosphorylation And Activation Mediated By Activated Human TAK1 R-HSA-450321",0.497797356828194,1,0.0502948063662358,0.349955666227466,1.00430324690405,18,"RIPK2;TAB3;NOD2;IRAK2;MAPK9;IRAK1;TAB1;TRAF6;IKBKG"
"KEAP1-NFE2L2 Pathway R-HSA-9755511",0.998998998998999,1,0.00250132493941571,0.14170298415007,0.521195421380384,98,"MAFK;UFD1;UBXN7;SESN2;PSMD5;AKT1;CSNK2A2;PSMA4;SRXN1;PSME4;TRIM21;PSMB8;PSMF1;PSMA7;UBL4A;CREBBP;PRKCD;PSMB10;PSMC1;PSMB9;NQO1;NPLOC4;MUL1;PSMB4;EP300;NOTCH1;TKT;CSNK2B;NFE2L2"
"KSRP (KHSRP) Binds And Destabilizes mRNA R-HSA-450604",0.558114035087719,1,0.0448645113168564,0.330750801576921,0.944771609641236,17,"MAPK14;AKT1;EXOSC1;EXOSC8;EXOSC2;EXOSC9;EXOSC5"
"Keratan Sulfate Biosynthesis R-HSA-2022854",0.524364406779661,1,0.0461379160269737,0.31712607805649,0.991433248138756,28,"B3GNT2;B4GALT1;B3GNT3;B4GALT6;ACAN;B3GNT7;PRELP;LUM;CHST6;OMD;B4GALT2;KERA;ST3GAL1;FMOD"
"Keratan Sulfate/Keratin Metabolism R-HSA-1638074",0.675,1,0.0336769978828608,0.275728065025355,0.884688436257327,33,"B3GNT2;B4GALT1;B3GNT3;B4GALT6;ACAN;B3GNT7;PRELP;LUM;CHST6;OMD;B4GALT2;KERA;ST3GAL1;FMOD"
"Kinesins R-HSA-983189",0.809621289662231,1,0.0235084845013289,0.237418390268432,0.788462832876536,42,"KIF2C;KIF16B;KIF4A;KIF9;KIF4B;KIF12;KIF26A;KIFC1;KIF25;KIF15;KLC3;KIF23;KIF2B;KIF1C;KIF20B;KIF20A;KIF21B;KIF19;CENPE;KIF13B;RACGAP1"
"LDL Clearance R-HSA-8964038",0.504405286343612,1,0.0496901392724606,0.348227588227814,0.999344006310338,18,"SCGB1D1;APOB;LSR;SOAT2"
"Lagging Strand Synthesis R-HSA-69186",0.611410118406889,1,0.0398406946073899,0.314255289910885,0.929372220501556,20,"POLD4;POLD2;POLD3;RFC4;SLC19A1;POLD1;PRIM2;RFC5;LRIG1;POLA2;PRIM1;RFC3;POLA1;DNA2;RFC2"
"Late Endosomal Microautophagy R-HSA-9615710",0.578947368421053,1,0.248911114434702,-0.184982190755717,-0.941578230634727,29,"CHMP4B;CHMP2B;VPS37C;VPS28;PARK7"
"Late Phase Of HIV Life Cycle R-HSA-162599",0.998001998001998,1,0.00204130030921835,0.153739571128717,0.577976159786144,131,"ELOA2;GTF2H3;NUP37;NUP85;CHMP4C;TAF7L;TAF3;ERCC2;NUP210;GTF2B;TAF11;RNASE7;NUP153;NDC1;NMT1;TCEA1;NUP160;TAF4;GTF2F1;TAF5;MVB12A;NCBP1;POM121C;NUP93;NUP98;POLR2K;CDK9;VPS4B;NUP43;NELFE;NUP214;GTF2A1;MVB12B;AAAS;CHMP5;TAF1L;NELFB;ELOB;VPS37B;POLR2B;GTF2F2;POLR2D;TBP;RANBP2;NUP35;NUP42;CCNT2;TAF13;RCC1;FURIN;RNGTT;NUP205;CHMP6;GTF2H1;ELOC;NUP62;SUPT5H;TAF2;NUP155;NUP133;CCNT1;GTF2H4;NUP188;UBB;ELL;GTF2E1;NMT2;VPS37A"
"Late SARS-CoV-2 Infection Events R-HSA-9772573",0.970588235294118,1,0.00978249842757038,0.177933599580785,0.614606009969806,57,"ST6GALNAC4;MOGAT2;UBE2I;ST6GAL1;ST6GALNAC2;ZDHHC9"
"Lewis Blood Group Biosynthesis R-HSA-9037629",0.580396475770925,1,0.0432768714901103,0.327925823316299,0.941081973755435,18,"FUT5;FUT3;FUT10;B3GALT4;FUT7;FUT4;FUT6"
"Listeria Monocytogenes Entry Into Host Cells R-HSA-8876384",0.659574468085106,1,0.178219874951973,-0.204294363315474,-0.896304433251336,18,"GRB2;HGS"
"M Phase R-HSA-68886",1,1,0,0.134593162280881,0.527696307632998,369,"KIF2C;MIS12;UBE2I;SPDL1;STAG2;NCAPH;HAUS7;CDCA5;NUP37;ANAPC16;PSMD5;TUBA3C;TUBB8;TUBA4B;NUP85;H2BC11;VRK2;HAUS2;MCPH1;NEK7;TUBB3;CSNK2A2;HAUS8;PSMA4;MZT2B;CENPH;KNTC1;CHMP4C;SKA1;PSME4;MAD1L1;NUF2;CEP63;NUP210;TUBGCP4;GOLGA2;CNEP1R1;PSMB8;RNASE7;OFD1;GORASP1;NUP153;NDC1;CEP250;TUBB6;NDE1;CEP152;PSMF1;RB1;PHF8;NUP160;PSMA7;PMEPA1;NCAPG;LEMD3;H3C13;H2AC19;CEP78;NINL;PLK4;LPIN3;H2BC15;KIF23;H2BC1;AKAP9;KIF2B;POM121C;SPC24;NUP93;NUP98;TUBGCP5;TUBA3E;PSMB10;PSMC1;CDCA8;RPS27;RAB33B;NCAPG2;SPAST;SGO2;CEP290;NUP43;BUB1;PSMB9;MAD2L1;NIPBL;H2AX;CENPF;ZWINT;HAUS4;DYNC1LI1;PSMB4;MZT1;LMNB1;H3C7;CLIP1;NUP214;EMD;CDC27;TUBAL3;PDS5A;AAAS;ESPL1;ANKLE2;H3-4;H2AC14;AHCTF1;CSNK2B;KIF20A;UBE2C;CEP41;ARPP19;LPIN2;B9D2;NCAPD2;CENPP;CENPN;CENPE;CENPU;TMPO;ZW10;CEP70;NEDD1;PTTG1;PCM1;H2AC7;FBXO5;H2BC13;H2BC3;SMC4;SGO1;RANBP2;NUP35;NUP42;DSN1;CCNB1;LMNA;PPP2R5E;RCC1;TUBA8;HAUS6;LEMD2;TUBG1;SPC25;PSMB1;NUP205;INCENP;H2BC5;CENPI;SMC3;CHMP6;PSMD10;CENPO;SUMO1;NCAPH2;RAB1B;PSMD13;MAPRE1;CDC23;PSMD9;ACTR1A;CEP76;SFI1;NUP62;CENPQ;BUB1B;PSMA5;NUP155;MASTL;ANAPC4;PSMA1;H2BC9;NUP133;UBE2D1;SKA2;H2AC20;NUP188;PSMA6;H2BC17;CKAP5;UBB;GORASP2;CSNK1D;PSME1"
"MAP Kinase Activation R-HSA-450294",0.854969574036511,1,0.0197519290144334,0.221875368373339,0.770455921684458,61,"MAP2K3;MAPK14;MAPKAPK2;FOS;RIPK2;TAB3;CREB1;MAPK7;DUSP3;NOD2;RPS6KA3;IRAK2;MAPK9;MAPKAPK3"
"MAPK Family Signaling Cascades R-HSA-5683057",1,1,0,0.150823795763437,0.587833120557696,314,"FN1;PDGFRB;VWF;HSPB1;TLN1;MAPK12;BTC;PDGFB;PTPN7;CNKSR1;IL2RG;PSMD5;NRTN;DUSP12;ARRB2;FGF19;CDC42EP5;IL17RD;CSF2RB;FGFR4;RGL3;FGF9;IQGAP1;RGL2;TGFA;IL3RA;ZDHHC9;FOXO3;PSMA4;FGF3;MARK3;PRKG2;ANGPT1;LYPLA1;PSME4;CDC14A;KSR2;AGO3;RAP1B;FGF8;RCE1;RNASE3;PSMB8;SPRED3;KIT;PSMF1;IL6R;PSMA7;FGF23;ETV4;DNAJB1;RASAL3;NCOA3;RET;VCL;CSF2RA;FGFR2;IL5RA;TEK;IL3;SPTA1;FGF4;RASAL1;SOS1;FGF22;DUSP8;CDC42EP3;EPGN;PSMB10;PSMC1;CSK;LAMTOR3;DUSP4;PSMB9;TYK2;IL2RB;TNRC6C;ARTN;PSMB4;JAK2;IL5;PIK3CA;FGFR1"
"MAPK Targets/ Nuclear Events Mediated By MAP Kinases R-HSA-450282",0.757607555089192,1,0.0283628487151644,0.259763115781911,0.819945711279358,30,"MAPK14;MAPKAPK2;FOS;CREB1;MAPK7;DUSP3;RPS6KA3;MAPK9"
"MAPK1/MAPK3 Signaling R-HSA-5684996",1,1,0,0.15906606684036,0.615223439458259,273,"FN1;PDGFRB;VWF;TLN1;MAPK12;BTC;PDGFB;PTPN7;CNKSR1;IL2RG;PSMD5;NRTN;DUSP12;ARRB2;FGF19;IL17RD;CSF2RB;FGFR4;RGL3;FGF9;IQGAP1;RGL2;TGFA;IL3RA;ZDHHC9;PSMA4;FGF3;MARK3;PRKG2;ANGPT1;LYPLA1;PSME4;KSR2;RAP1B;FGF8;RCE1;RNASE3;PSMB8;SPRED3;KIT;PSMF1;IL6R;PSMA7;FGF23;RASAL3;RET;VCL;CSF2RA;FGFR2;IL5RA;TEK;IL3;SPTA1;FGF4;RASAL1;SOS1;FGF22;DUSP8;EPGN;PSMB10;PSMC1;CSK;LAMTOR3;DUSP4;PSMB9;TYK2;IL2RB;ARTN;PSMB4;JAK2;IL5;PIK3CA;FGFR1"
"MAPK6/MAPK4 Signaling R-HSA-5687128",0.998997995991984,1,0.00288973010331959,0.132996382903306,0.485050806244141,89,"HSPB1;PSMD5;CDC42EP5;FOXO3;PSMA4;PSME4;CDC14A;AGO3;PSMB8;PSMF1;PSMA7;ETV4;DNAJB1;NCOA3;CDC42EP3;PSMB10;PSMC1;PSMB9;TNRC6C;PSMB4;AGO2;AGO4;FOXO1;PKN1;IGF2BP1;RAG1;MAPK6;CDC42EP2;MYC;PSMB1;PSMD10;PSMD13;MMP2;PSMD9;AGO1;RAG2;PSMA5;ARHGEF7;PSMA1;MMP10;PSMA6;UBB;PSME1;CDK1;PSMB5"
"MECP2 Regulates Neuronal Receptors And Channels R-HSA-9022699",0.926211453744493,1,0.0199001825208318,0.218258195112959,0.626357665181756,18,"TRPC3;CREB1;FKBP5;OPRK1;PTPN1;PTPN4;NOTCH1"
"MTOR Signaling R-HSA-165159",0.904713114754098,1,0.0166782153543946,0.207988908467504,0.686300063838862,41,"RRAGC;EIF4EBP1;AKT1;PRKAB2;STRADA;RRAGD;AKT1S1;LAMTOR4;MTOR;LAMTOR3;TSC2;EEF2K;FKBP1A;PRKAG3"
"Major Pathway Of rRNA Processing In Nucleolus And Cytosol R-HSA-6791226",0.991008991008991,1,0.00434551079568136,0.173085729105956,0.660902496919617,177,"FCF1;NOC4L;RPL13A;NOB1;KRR1;BMS1;RPS28;RPP25;TSR1;RPP30;RRP9;EXOSC1;C1D;RPL7A;UTP25;HEATR1;RPSA;RPL12;UTP15;RPL6;EXOSC8;UTP6;EXOSC2;NOP58;RPP40;RPS4X;RPS3A;WDR46;SNU13;RPL7;DHX37;EXOSC9;NOP14;DDX49;RPS27;RPL26L1;RPS15A;RPL10L;RPL26;ERI1;RPP14;EXOSC5;RPS24;EMG1;RRP1B;RPL29;RPL3L;MTREX;BYSL;ISG20L2;RIOK1;RPL10A;RPL36AL;NOL11;FBL;RPL39;RPL11;RPL37;GNL3;RPL36A;RPL5;LTV1;UTP20;RPL4;RPS10;SPPL2A;IMP4;UTP11;UTP4;PDCD11;RPS11;RPL18A;UTP14C;RPL23A;RPL32;TBL3;WDR12"
"Meiosis R-HSA-1500620",0.69438877755511,1,0.0304180507344859,0.249714373365613,0.904950521051962,85,"UBE2I;STAG2;SYCP1;H2BC11;MSH5;RAD51;MLH1;REC8;SMC1B;BLM;TOP3A;SYNE2;PRDM9;CDK4;SERPINA2;POT1;PMEPA1;H3C13;H2AC19;SYCP2;H2BC15;H2BC1;TINF2;H2AX;RAD50;ARTN;LMNB1;H3C7;H3-4;H2AC14;CDK2;RBBP8;MRE11;SYNE1;MND1;H2AC7;H2BC13;H2BC3;STAG3;LMNA;BRCA2;H2BC5;SMC3"
"Meiotic Recombination R-HSA-912446",0.554655870445344,1,0.041488040200221,0.283646470461518,0.972981771385494,53,"H2BC11;MSH5;RAD51;MLH1;BLM;TOP3A;PRDM9;CDK4;H3C13;H2AC19;H2BC15;H2BC1;H2AX;RAD50;ARTN;H3C7;H3-4;H2AC14;CDK2;RBBP8;MRE11;MND1;H2AC7;H2BC13;H2BC3"
"Meiotic Synapsis R-HSA-1221632",0.883367139959432,1,0.0176259777744384,0.213691667181642,0.738119069359216,57,"UBE2I;STAG2;SYCP1;H2BC11;REC8;SMC1B;SYNE2;SERPINA2;POT1;PMEPA1;H2AC19;SYCP2;H2BC15;H2BC1;TINF2;H2AX;LMNB1;H3-4;H2AC14;SYNE1;H2AC7;H2BC13;H2BC3;STAG3;LMNA;H2BC5;SMC3"
"Metabolism Of Amine-Derived Hormones R-HSA-209776",0.440528634361233,1,0.0559428593065705,0.361356430907449,1.03702117688851,18,"ASMT;DUOX1;TSHB;TPO;AANAT;TH;DUOX2;TPH2"
"Metabolism Of Amino Acids And Derivatives R-HSA-71291",1,1,0,0.16185479682475,0.634307513659277,361,"FTCD;HNMT;RPL13A;TINAGL1;RARS1;BCAT2;PRODH2;RPS28;PSMD5;SQOR;HAL;PSPH;CYP21A2;AASS;ALDH18A1;AGXT;SLC45A2;SEPSECS;ASPG;GPT;PCBD1;NAGS;ASMT;PSMA4;SHMT1;AGMAT;DUOX1;SERINC2;AMDHD1;PSME4;DCT;MPST;PXMP2;PAPSS2;MCCC1;RPL7A;OGDH;PSMB8;SERINC4;NNMT;RPSA;MTRR;FAH;PSMF1;SLC25A10;ADO;RPL12;AGXT2;SECISBP2;RPL6;HECA;TSHB;BCAT1;PSMA7;CARNMT1;AIMP2;ACMSD;BCKDHB;SMOX;IDO2;RNASE12;RIMKLB;RPS4X;RPS3A;OAZ3;GNMT;CRYM;TPO;UROC1;RPL7;SCLY;AANAT;ASS1;NMRAL1;TH;HYKK;PSMB10;PSMC1;RPS27;DUOX2;PDHA2;RPL26L1;GLUD2;SLC25A2;AMT;RPS15A;PSMB9;NQO1;GADL1;RPL10L"
"Metabolism Of Angiotensinogen To Angiotensins R-HSA-2022377",0.591409691629956,1,0.0424170054438747,0.325783117327342,0.934932833194094,18,"CES1;CTSZ;AGXT;CPA4;ANPEP;AOPEP;KCTD11;CPB1;CPB2;ACE2;GZMH"
"Metabolism Of Carbohydrates R-HSA-71387",0.725274725274725,1,0.0280810636309052,0.238937820529852,0.925981509736399,282,"BGN;DCN;SLC2A1;PHKG1;B3GNT2;CSPG4;CEMIP;FUT5;FUT1;GYG2;NUP37;HS3ST3B1;B4GALT1;SLC9A1;NUP85;KHK;DSE;PYGL;NAGLU;GPC2;GAPDHS;RPEL1;CHST3;B3GNT3;CHST9;SPAM1;DERA;HS3ST2;CHST13;CHSY1;SHPK;TAC4;FBP1;B4GALT6;ARSB;FUT3;ADPGK;GYS1;PAPSS2;G6PC1;ABO;CHPF2;NCAN;NUP210;GPC4;RNASE7;ACAN;B3GNT7;NUP153;NDC1;HS3ST1;SLC25A10;NUP160;PGAM2;GALT;ENO3;PRELP;GPC6;RHCE;FUT10;B3GALT4;GPC5;FUT7;HS3ST6;GALK1;DSEL;XYLB;POM121C;LUM;CHPF;NUP93;SLC37A4;NUP98;UBL4A;CHST14;PGM2;CHST6;NHLRC1;OMD;SDC2;HS2ST1;ALDOB;NUP43;VCAN;AGRN;HAS3;PGM1;HYAL2;NDST2;MAN2C1;NUP214;SDC1;B3GALT6;PRPS1L1;EXT1;STAB2;PFKFB2;B4GALT2;AAAS;KERA;TKT;ST3GAL1;GYS2;TKFC;LYVE1;FUT4"
"Metabolism Of Nitric Oxide: NOS3 Activation And Regulation R-HSA-202131",0.453527435610302,1,0.0553642837725362,0.368478669929599,1.02109737924453,15,"CAV1;AKT1;LYPLA1;TACR1;DDAH2;NOSTRIN;NANOS3;NOSIP"
"Metabolism Of Polyamines R-HSA-351202",0.990872210953347,1,0.00715048391330487,0.149869150733516,0.518435039606502,58,"PSMD5;PSMA4;AGMAT;PSME4;PSMB8;PSMF1;PSMA7;SMOX;RNASE12;OAZ3;PSMB10;PSMC1;PSMB9;NQO1;PSMB4"
"Metabolism Of Porphyrins R-HSA-189445",0.761448349307774,1,0.0288567763564905,0.266860419265959,0.823889899378731,26,"SLCO2B1;SLCO1B1;ABCC2;PPOX;BLVRB;ALAS2;ABCC1;ABCG2;BLVRA;HMBS"
"Metabolism Of Steroids R-HSA-8957322",0.992007992007992,1,0.00409492237559551,0.167540457024883,0.635184903491853,153,"HSD17B11;PTGIS;CUBN;UBE2I;AKR1C2;HSD3B7;SLC10A2;CYP21A2;AKR1B15;SLCO1B1;PLPP6;HSD17B2;ARV1;SOAT2;AKR1C3;HELZ2;AKR1C1;STARD4;OSBPL3;CYP11A1;HSD3B1;SH3D19;BAAT;CYP2R1;DAND5;CYP19A1;SYCP2;LHB;ACOX2;INSIG2;SLC51A;NFYC;SEC23A;CYP11B1;CREBBP;FDXR;HSD11B2;OSBPL9;HSD17B12;POMC;NR1H4;CYP24A1;SEC24D;MBTPS2;SLC51B;STARD5;GC;NCOA1;CYP11B2;VDR"
"Metal Ion SLC Transporters R-HSA-425410",0.550585729499467,1,0.0441523058441465,0.314594322901896,0.971260877704187,26,"HEPH;SLC40A1;SLC39A2;SLC30A8;SLC39A5;SLC39A4;SLC39A7;SLC30A10;SLC31A1;SLC39A8;SLC30A1;SLC30A3;SLC30A5;CP;SLC39A14;SLC11A1;SLC39A1"
"Metalloprotease DUBs R-HSA-5689901",0.934391534391534,1,0.0166782153543946,0.204073156852297,0.639787688961717,29,"BRCC3;H2AC11;H2AC19;H2AC12;EP300;H2AC14;BARD1;H2AC7;NLRP3;KAT2B;H2AC20;UBB;UIMC1"
"MicroRNA (miRNA) Biogenesis R-HSA-203927",0.628328008519702,1,0.0380842053196415,0.301749854873993,0.91985061453992,24,"PRKRA;TARBP2;AGO3;BCDIN3D;POLR2K;AGO2;POLR2B;AGO4;XPO5;POLR2D"
"Miscellaneous Transport And Binding Events R-HSA-5223345",0.961661341853035,1,0.0150298748621405,0.19391882131769,0.586295221430831,23,"BPNT1;LRRC8C;NIPAL1;LRRC8A;CTNS;NIPA2;SLC66A1;NIPAL3"
"Mitochondrial Fatty Acid Beta-Oxidation R-HSA-77289",0.436373000389572,1,0.203508959461977,-0.179699400793505,-0.998688219474745,36,"DBI;ACSF2;PCCB;NDUFAB1;ACADM;DECR1;ACOT7;THEM5"
"Mitochondrial Translation Elongation R-HSA-5389840",0.997989949748744,1,0.00409492237559551,0.135809444284339,0.490315600735957,82,"MRPL44;MRPL51;MRPL12;MRPL37;MRPL53;MRPL35;AURKAIP1;MRPS17;MRPL34;MRPL47;MRPL16;TUFM;MRPL48;MRPL57;MRPS18C;MRPL58;MRPS26;MRPS6;MRPL54;MRPL23;MRPL14;MRPS11;OXA1L;MRPL4;MRPS7"
"Mitochondrial Translation Initiation R-HSA-5368286",0.987939698492462,1,0.00617356336775808,0.165611814562767,0.597911704699308,82,"MRPL44;MRPL51;MRPL12;MTIF2;MRPL37;MRPL53;MRPL35;AURKAIP1;MTIF3;MRPS17;MRPL34;MRPL47;MRPL16;MRPL48;MRPL57;MRPS18C;MRPL58;MRPS26;MRPS6;MRPL54;MRPL23;MRPL14;MRPS11;OXA1L;MRPL4;MRPS7"
"Mitochondrial Translation R-HSA-5368287",0.975951903807615,1,0.00759591053352814,0.169561287825805,0.617182965001747,88,"MRPL44;MRPL51;MRPL12;MTIF2;MRPL37;MRPL53;MRPL35;GFM2;AURKAIP1;MTIF3;MRPS17;MRPL34;MRPL47;MRPL16;TUFM;MRPL48;MRPL57;MRPS18C;MRPL58;MRRF;MRPS26;MRPS6;MRPL54;MRPL23;MRPL14;MRPS11;OXA1L;MRPL4;MRPS7"
"Mitochondrial Translation Termination R-HSA-5419276",0.995979899497487,1,0.00458288223817775,0.148895322168584,0.537559811989318,82,"MRPL44;MRPL51;MRPL12;MRPL37;MRPL53;MRPL35;GFM2;AURKAIP1;MRPS17;MRPL34;MRPL47;MRPL16;MRPL48;MRPL57;MRPS18C;MRPL58;MRRF;MRPS26;MRPS6;MRPL54;MRPL23;MRPL14;MRPS11;OXA1L;MRPL4;MRPS7"
"Mitotic G1 Phase And G1/S Transition R-HSA-453279",0.999000999000999,1,0.0014426950408889,0.150456731726639,0.568925999257785,146,"CDKN2C;CDKN1A;PSMD5;E2F6;AKT1;PSMA4;PTK6;DBF4;E2F4;LIN37;PSMB8;POLE4;E2F5;PSMF1;RB1;CDK4;PSMA7;ORC4;CDC45;MCM3;MCM6;RRM2;PSMB10;PSMC1;SLC25A2;TK1;PSMB9;MCM8;CDC7;PSMB4;JAK2;LIN52;TYMS;PRIM2;CCNE1;POLE;ORC5;DHFR;E2F1;CDK2;CABLES1;CDT1;TFDP1;GMNN;FBXO5;SRC;ORC6;CCNB1;CCNA1;POLA2;CKS1B;MYC;PSMB1;ABL1;MCM10;PSMD10;RBL1;PRIM1;PSMD13;RBBP4;PSMD9;WEE1;PSMA5;E2F2;PSMA1;PSMA6;TOP2A;UBB;PSME1;CDK1;PSMB5;POLA1;MCM5;POLE2;PPP2R1B"
"Mitotic Prometaphase R-HSA-68877",1,1,0,0.140764528629624,0.538415810732176,183,"KIF2C;MIS12;SPDL1;STAG2;NCAPH;HAUS7;CDCA5;NUP37;NUP85;HAUS2;NEK7;CSNK2A2;HAUS8;MZT2B;CENPH;KNTC1;SKA1;MAD1L1;NUF2;CEP63;TUBGCP4;OFD1;CEP250;NDE1;CEP152;NUP160;PMEPA1;NCAPG;CEP78;NINL;PLK4;AKAP9;KIF2B;SPC24;NUP98;TUBGCP5;CDCA8;RPS27;RAB33B;SGO2;CEP290;NUP43;BUB1;MAD2L1;CENPF;ZWINT;HAUS4;DYNC1LI1;MZT1;CLIP1;PDS5A;AHCTF1;CSNK2B;CEP41;B9D2;NCAPD2;CENPP;CENPN;CENPE;CENPU;ZW10;CEP70;NEDD1;PCM1;SMC4;SGO1;RANBP2;DSN1;CCNB1;PPP2R5E;HAUS6;TUBG1;SPC25;INCENP;CENPI;SMC3"
"Mitotic Prophase R-HSA-68875",0.834,1,0.0204160330522345,0.226116544408321,0.839661783300808,108,"NUP37;NUP85;H2BC11;VRK2;MCPH1;NEK7;NUP210;GOLGA2;CNEP1R1;RNASE7;GORASP1;NUP153;NDC1;RB1;PHF8;NUP160;LEMD3;H3C13;H2AC19;LPIN3;H2BC15;H2BC1;POM121C;NUP93;NUP98;RAB33B;NCAPG2;NUP43;H2AX;LMNB1;H3C7;NUP214;EMD;AAAS;H3-4;H2AC14;ARPP19;LPIN2;TMPO;H2AC7;H2BC13;H2BC3;SMC4;RANBP2;NUP35;NUP42;CCNB1;LMNA;LEMD2;NUP205;H2BC5;NCAPH2;RAB1B;NUP62;NUP155;MASTL;H2BC9;NUP133;H2AC20;NUP188;H2BC17;GORASP2;CDK1;PPP2R1B;H2AZ2;PPP2R2D;CCNB2;NUP107;NUP54;H2BC14"
"MyD88 Cascade Initiated On Plasma Membrane R-HSA-975871",0.888888888888889,1,0.0162749990509926,0.212833970184905,0.780454034819183,95,"NLRX1;MAP2K3;CASP8;MAPK14;MAPKAPK2;AGER;TIFA;FOS;RIPK2;NLRC5;TAB3;TLR10;CREB1;MAPK7;DUSP3;NOD2;NFKBIA;RPS6KA3;IRAK2;TP53;MAPK9;MAPKAPK3"
"MyD88 Deficiency (TLR2/4) R-HSA-5602498",0.835526315789474,1,0.0255522951965404,0.255314858839654,0.729292957118252,17,"TLR6;TIRAP;TLR2;CD36;S100A9;BTK;MYD88;TLR1"
"MyD88 Dependent Cascade Initiated On Endosome R-HSA-975155",0.978957915831663,1,0.00715048391330487,0.17922833282959,0.659398792199691,100,"NLRX1;MAP2K3;CASP8;MAPK14;MAPKAPK2;AGER;TIFA;FOS;RIPK2;NLRC5;TAB3;CREB1;MAPK7;DUSP3;NOD2;NFKBIA;RPS6KA3;IRAK2;TP53;MAPK9;MAPKAPK3;IRAK1;DUSP4;IRF7;ECSIT;TLR7;MYD88;GDNF;NKIRAS2;TAB1;TRAF6;IKBKG;KCNH8;TLR9;S100A12;DUSP7;IKBIP;USP18;MAP3K8;MEF2A;USP14;ALPK1;IKBKB;NFKBIB;TANK;PELI1;MAP3K7;IRAK4"
"MyD88-independent TLR4 Cascade R-HSA-166166",0.645290581162325,1,0.0339723613634993,0.252112802487961,0.934059913962497,105,"RIPK1;NLRX1;IRF3;MAP2K3;CASP8;MAPK14;MAPKAPK2;AGER;TIFA;SARM1;FOS;IKBKE;RIPK2;NLRC5;FADD;TAB3;CREB1;MAPK7;DUSP3;NOD2;NFKBIA;RPS6KA3;IRAK2;TP53;MAPK9;MAPKAPK3"
"MyD88:MAL(TIRAP) Cascade Initiated On Plasma Membrane R-HSA-166058",0.917917917917918,1,0.0138082722594766,0.205507719170469,0.764512466968933,111,"NLRX1;TLR6;MAP2K3;CASP8;MAPK14;MAPKAPK2;AGER;TIFA;TIRAP;FOS;RIPK2;NLRC5;TAB3;CREB1;MAPK7;DUSP3;TLR2;NOD2;NFKBIA;RPS6KA3;CD36;IRAK2;TP53;MAPK9;MAPKAPK3;S100A9"
"Myogenesis R-HSA-525793",0.816931216931217,1,0.0248493879589072,0.248325026026097,0.778521276208733,29,"MAPK12;MYF5;MAPK14;MYOD1;MEF2B;TCF7L2;CDH15;TCF7L1;NTN3;CDH4;TCF12;CTNNA1;MEF2A;ABL1"
"NGF-stimulated Transcription R-HSA-9031628",0.515463917525773,1,0.0456790414930062,0.303068445568883,0.990762080718562,39,"ID3;ID1;LYL1;FOSL1;FOS;ARC;EGR4;CREB1"
"NLRP3 Inflammasome R-HSA-844456",0.866369710467706,1,0.0244268887168729,0.248637444003346,0.699128830216581,16,"CASP1;TXNIP;PSTPIP1"
"NOD1/2 Signaling Pathway R-HSA-168638",0.48125,1,0.0492917662312669,0.316685730706607,1.0161033257825,33,"MAPK12;CASP1;CASP8;MAPK14;RIPK2;CASP4;TAB3;NOD2;IRAK2;IRAK1;CYLD;MAPK13;TAB1;CASP9;TRAF6;IKBKG"
"NOTCH1 Intracellular Domain Regulates Transcription R-HSA-2122947",0.998982706002035,1,0.00634596373149448,0.133980477253764,0.451443413673868,46,"MAMLD1;MAML3;TLE1;RBPJ;MAML2;HEY1;CREBBP;HIF1A;EP300;NOTCH1;HES5;SNW1;HEYL;HDAC3;MYC;KAT2B;CDK8;HDAC4;NBEA;CCNC;HDAC10;UBB;NCOR1"
"NOTCH2 Activation And Transmission Of Signal To Nucleus R-HSA-2979096",0.930032292787944,1,0.0181674946847152,0.208070289674089,0.615342854497841,20,"JAG1;APH1B;DLL4;DLL1"
"NOTCH3 Activation And Transmission Of Signal To Nucleus R-HSA-9013507",0.470713525026624,1,0.0513223330421143,0.333350410691598,1.01618136737745,24,"NOTCH3;JAG1;APH1B;TACC3;DLL4;DLL1;YBX1;EGFR;WWP2;EGF"
"NR1H2 And NR1H3-mediated Signaling R-HSA-9024446",0.743389281053999,1,0.143902565267782,-0.160554514819154,-0.92091625784962,45,"FASN;SCD;TNRC6B;TBL1X;SREBF1;NR1H2"
"NR1H3 And NR1H2 Regulate Gene Expression Linked To Cholesterol Transport And Efflux R-HSA-9029569",0.95837669094693,1,0.0134461833974729,0.184133964165768,0.596815513267516,36,"AGO3;ABCG5;ABCA1;CETP;KDM3A;KDM4A;ABCG8;TNRC6C;EP300;AGO2;NCOA1;EEPD1;AGO4;HDAC3;KDM1A;AGO1;NR1H3;APOC1;NCOR1"
"NRAGE Signals Death Thru JNK R-HSA-193648",0.839756592292089,1,0.0208547494438027,0.225964978610004,0.780512698127894,57,"ARHGEF19;ARHGEF38;FGD4;ARHGEF10L;ARHGEF39;ITSN1;ARHGEF35;VAV2;ARHGEF17;AATF;SOS1;FGD1;ARHGEF26;ECT2;ARHGEF40;NGF;ARHGEF6;BAD;ARHGEF15;ARHGEF10;TIAM1;PLEKHG2;ARHGEF33;SOS2;BCL2L11"
"NRIF Signals Cell Death From Nucleus R-HSA-205043",0.926605504587156,1,0.136490437780413,-0.175331138526097,-0.704322516608858,15,"PSENEN;SQSTM1;NCSTN;MAPK8;NGFR"
"NS1 Mediated Effects On Host Pathways R-HSA-168276",0.67827868852459,1,0.0326513265618535,0.27276061237109,0.900026963275559,41,"NUP37;NUP85;ISG15;NUP210;RNASE7;NUP153;NDC1;NUP160;EIF2AK2;POM121C;NUP93;NUP98;NUP43;NUP214;AAAS;KPNA1;RANBP2;NUP35;NUP42;GNL3;NUP205;NUP62;NUP155;KPNA7;NUP133;NUP188;KPNA2;NUP107;NUP54;KPNA5"
"Neddylation R-HSA-8951664",0.997002997002997,1,0.00250132493941571,0.16647098135013,0.639920804353291,234,"EPAS1;CCDC8;UFD1;UBXN7;SOCS2;LRR1;KLHL20;FBXW8;PSMD5;CUL5;KLHL25;KLHL42;FBXL7;ASB10;FBXW12;DCUN1D3;PSMA4;SOCS6;CUL7;COMMD6;PSME4;ASB4;FBXL8;SPSB4;ASB14;DCAF16;FBXO7;PSMB8;ZBTB16;FBXL12;ASB18;UCHL3;PSMF1;SOCS5;COMMD5;OBSL1;HIF3A;PSMA7;ASB11;FBXL13;KCTD6;UBD;KLHL5;FBXO9;PSMB10;PSMC1;FBXO17;KBTBD8;PSMB9;CCDC22;HIF1A;FBXO27;ASB1;NPLOC4;MUL1;PSMB4;COMMD8;SENP8;CISH;FBXL14;DCAF17;ASB6;ASB9;CCNF;KBTBD7;NFE2L2;ASB2;ASB16;ELOB;DDB2;FBXO6;SPSB1;FBXL18;FBXL4;WDTC1;COMMD1;FBXO30;DCAF4;NUB1;SPSB2;CUL4A;ERCC8;GAN;ASB7;PSMB1;VHL;PUM2;KLHL13;PSMD10;COMMD9;KLHL2;UBE2D3;PSMD13;ELOC;KBTBD13;ASB5;FBXO31;KLHL11;PSMD9;ASB17;PSMA5;COMMD7;DTL;CARD16;NEURL2;COMMD2;PSMA1;UBE2D1;FBXL20;COPS3;LRRC41;CUL3;FBXW10;PSMA6;COMMD10;LMO7;UBB;PSME1"
"Negative Epigenetic Regulation Of rRNA Expression R-HSA-5250941",0.987915407854985,1,0.00651414071836222,0.163455145290728,0.582153671157901,73,"GTF2H3;H2BC11;DNMT3B;TAF1A;ERCC2;H3C13;H2AC19;SAP30BP;H2BC15;H2BC1;POLR2K;H2AX;RRP8;H3C7;BAZ2A;H2AC14;TAF1C;TBP;H2AC7;H2BC13;H2BC3;POLR1G;POLR1D;DPEP2;UBTF;SAP30;H2BC5;GTF2H1;SAP30L;H2BC9;GTF2H4;H2AC20;H2BC17;H2AZ2;TAF1D;TAF1B;HDAC1;H2BC14"
"Negative Regulation Of FGFR1 Signaling R-HSA-5654726",0.720930232558139,1,0.257206466468838,-0.170366529995765,-0.899946286715729,32,"GRB2;PPP2CA;PPP2CB"
"Negative Regulation Of FGFR2 Signaling R-HSA-5654727",0.980208333333333,1,0.0115202567953401,0.168848745299388,0.541760347932631,33,"CBL;FGF9;FGF3;FGF8;FGF23;FGFR2;FGF4;FGF22"
"Negative Regulation Of FGFR3 Signaling R-HSA-5654732",0.448275862068966,1,0.282013350011725,-0.208911734674335,-1.02870951247902,28,"GRB2;PPP2CA;PPP2CB"
"Negative Regulation Of FGFR4 Signaling R-HSA-5654733",0.927597061909759,1,0.0165979932903048,0.207026542885067,0.653482021297127,30,"CBL;FGF19;FGFR4;FGF9"
"Negative Regulation Of MET Activity R-HSA-6807004",0.931506849315068,1,0.169570644405628,-0.159365725309439,-0.678457337604187,20,"GRB2;HGS"
"Negative Regulation Of PI3K/AKT Network R-HSA-199418",0.931,1,0.0125099843193737,0.202559903967624,0.754705383903731,113,"PDGFRB;BTC;PDGFB;STRN;TRAT1;RAC2;LCK;THEM4;AKT1;CD86;FGF19;FGFR4;FGF9;TGFA;FGF3;IL1RAP"
"Negative Regulators Of DDX58/IFIH1 Signaling R-HSA-936440",0.53125,1,0.044774889329693,0.304101063665906,0.975724739714256,33,"NLRX1;IRF3;ISG15;MAVS;IKBKE;NLRC5;UBA7"
"Nephrin Family Interactions R-HSA-373753",0.671641791044776,1,0.211400189384923,-0.192924111763573,-0.856208790354033,22,"PIK3R1;MAGI2"
"Neutrophil Degranulation R-HSA-6798695",0.967032967032967,1,0.00842359386195179,0.210430776500462,0.831983373714102,458,"HVCN1;TTR;S100A11;CNN2;CD93;CTSC;PLAUR;GRN;PTAFR;CEACAM1;HRNR;CRISPLD2;B2M;HSPA6;STING1;DYNLT1;TINAGL1;PECAM1;SIGLEC9;CPPED1;HLA-A;MMP28;PIGR;STOM;ANXA2;HLA-C;CXCR2;CEACAM8;MAPK14;B4GALT1;NBEAL2;HSPA1A;FCN1;FCER1G;PGRMC1;VNN1;NCKAP1L;NIT2;SDCBP;NDUFC2;PYGL;CTSZ;CD53;IQGAP1;NAT8;SLC44A2;GMFG;BIN2;ANO6;ARL8A;ARHGAP45;CREG1;FGL2;DERA;TYROBP;DGAT1;GSDMD;PRTN3;LGALS3;CR1;FUCA1;ARSB;TCN1;SIGLEC5;SERPINB6;SERPINA3;OSCAR;FLG2;MNDA;RAP1B;TXNDC5;RNASE3;CD55;CKAP4;VAMP8;FRMPD3;ORM2;TNFRSF1B;ITGB2;PLAC8;APAF1;ALDH3B1;MMP9;LPCAT1;TLR2;STK11IP;SLPI;CD36;ARSA;PPY;VCL;ADGRG3;GSN;STK10;ATP8B4;VAT1;S100A9;PKP1;ACP3;FPR2;CAPN1;CD58;ANPEP;UNC13D;QPCT;ITGAL;CRISP3;ROCK1;PRKCD;PGM2;TMBIM1;CD59;APRT;PIKFYVE;HSPA1B;SERPINB12;MPO;CEP290;LAMTOR3;ORM1;FGR;AGA;BST2;ABCA13;SFTPA2;DSPP;TCIRG1;CYFIP1;DYNC1LI1;DIAPH1;CANT1;PGM1;SIRPB1;CPNE3"
"Nicotinate Metabolism R-HSA-196807",0.468684759916493,1,0.0506004243853618,0.322357820846075,1.02515367441489,31,"PTGIS;PTGS2;NADK;NAXE;NMRK2;RNLS;PARP4;NT5E;NNMT;SLC22A13;SLC5A8;NAPRT;PARP9;BST1;NUDT12;NMNAT3;PARP8;NADSYN1;PARP16;NAMPT;CYP8B1;NAXD;CD38"
"NoRC Negatively Regulates rRNA Expression R-HSA-427413",0.986868686868687,1,0.00715048391330487,0.164181134780756,0.579584880604226,70,"GTF2H3;H2BC11;DNMT3B;TAF1A;ERCC2;H3C13;H2AC19;SAP30BP;H2BC15;H2BC1;POLR2K;H2AX;H3C7;BAZ2A;H2AC14;TAF1C;TBP;H2AC7;H2BC13;H2BC3;POLR1G;POLR1D;DPEP2;UBTF;SAP30;H2BC5;GTF2H1;SAP30L;H2BC9;GTF2H4;H2AC20;H2BC17;H2AZ2;TAF1D;TAF1B;HDAC1;H2BC14"
"Nonhomologous End-Joining (NHEJ) R-HSA-5693571",0.955239064089522,1,0.0117231586093378,0.186685264272257,0.631536055230799,48,"LIG4;BRCC3;POLL;H2BC11;NHEJ1;TP53BP1;H2BC15;H2BC1;H2AX;RAD50;ARTN;H3-4;BARD1;MRE11;TDP1;H2BC13;H2BC3;PIAS4;LRIF1;H2BC5;MDC1;H2BC9;H2BC17;UIMC1;UBE2N;H2BC14;TDP2;KAT5;XRCC4;H2BC4;PAXIP1;BRCA1"
"Notch-HLH Transcription Pathway R-HSA-350054",0.795550847457627,1,0.0263245268606861,0.252653793279213,0.789873139605908,28,"NOTCH3;MAMLD1;NOTCH4;MAML3;RBPJ;MAML2;CREBBP;NOTCH1;NOTCH2;SNW1;HDAC3;KAT2B;HDAC4;HDAC10;NCOR1"
"Nuclear Events (Kinase And Transcription Factor Activation) R-HSA-198725",0.578093306288032,1,0.0396787203613389,0.27672267433301,0.96091163551549,61,"ID3;ID1;LYL1;FOSL1;MAPK14;MAPKAPK2;FOS;ARC;EGR4;CREB1;MAPK7;DUSP3;RPS6KA3;EGR1"
"Nuclear Import Of Rev Protein R-HSA-180746",0.498958333333333,1,0.0476387259290825,0.312107661640685,1.00141434313347,33,"NUP37;NUP85;NUP210;RNASE7;NUP153;NDC1;NUP160;POM121C;NUP93;NUP98;NUP43;NUP214;AAAS;RANBP2;NUP35;NUP42;RCC1;NUP205;NUP62;NUP155;NUP133;NUP188"
"Nuclear Receptor Transcription Pathway R-HSA-383280",0.734817813765182,1,0.0280810636309052,0.248898752927915,0.85378798870793,53,"NR4A1;RXRG;ESRRA;NR5A1;NR0B2;NR5A2;NR4A3;NR6A1;RARG;PPARG;NR1I3;NR2C2AP;PPARD;NR2E3;NR1H4;AREG;VDR;ESRRB;NR2E1;RORC;RARB;NRBP1;NR0B1;ESR1;NR1H3;NCOR1;NR2C1;NR3C1;PPARA;NR3C2;THRB;HNF4G;RXRB;NR2F6;NRBF2;NR1D1;ESRRG;NR1I2;MBD4;NR4A2"
"Nuclear Signaling By ERBB4 R-HSA-1251985",0.855057351407716,1,0.0214353576364558,0.232997240089485,0.741734458013512,32,"BTC;SPARC;MXD4;YAP1;ADAM17;APH1B"
"Nucleotide-binding Domain, Leucine Rich Repeat Containing NLR Signaling Pathways R-HSA-168643",0.644736842105263,1,0.0344919215094074,0.267585530849835,0.91788853702208,53,"NLRP1;MAPK12;CASP1;TXNIP;CASP8;MAPK14;RIPK2;PSTPIP1;CASP4;AIM2;TAB3"
"Oncogenic MAPK Signaling R-HSA-6802957",0.901507537688442,1,0.0155348639580133,0.205501301824436,0.738030267065774,77,"FN1;VWF;TLN1;CNKSR1;ESRP1;ARRB2;IQGAP1;MARK3;KSR2;RAP1B;CLCN6;RNASE3;SPRED3"
"Orc1 Removal From Chromatin R-HSA-68949",0.751767562662154,1,NA,-0.141581837006933,-0.860024565767435,68,"PSMC5;PSMB7;PSMD8;SKP1;RBX1;PSME3;PSMD2;PSMC4;PSMB6;PSMD14;PSMD3;SKP2;SEM1;CUL1;PSMB2"
"Organelle Biogenesis And Maintenance R-HSA-1852241",1,1,0,0.13929148273564,0.538593193784264,274,"MAPK12;IFT20;HSPB11;HAUS7;TFB1M;CNGA4;MAPK14;NRF1;ESRRA;PRKAB2;HAUS2;ARF4;TMEM67;B9D1;KIF24;IQCB1;HAUS8;C2CD3;IFT46;TWNK;CC2D2A;CCT5;LZTFL1;DYNC2H1;IFT172;HELZ2;BBS4;CEP63;CREB1;IMMT;CLUAP1;OFD1;CEP250;NDE1;CEP152;IFT52;KIF17;SIRT4;PRKD2;SSTR3;SMOX;CEP78;NINL;PLK4;BBS9;CEP89;TCTN2;BBS12;AKAP9;WDR19;IFT88;TMEM11;UNC119B;CREBBP;GLUD2;CEP290;PPRC1;SAMM50;RHO;TTC30A;FBF1;TTC21B;HAUS4;INPP5E;MTERF1;CRTC3;TFB2M;CHCHD6;PERM1;DYNLRB2;EXOC3;DYNC2I2;IFT43;TTC30B;EXOC1;GDNF;NCOA1;CEP41;NPHP1;PRKAG3;ACSS2;B9D2;MKS1;MTX1"
"Other Interleukin Signaling R-HSA-449836",0.712460063897764,1,0.0321428397352941,0.283013493733723,0.862734917445992,24,"IL32;IFNLR1;PRTN3;CSF3;CASP3;IL16;STXBP2;TYK2;CSF1R;SDC1;CSF3R"
"Ovarian Tumor Domain Proteases R-HSA-5689896",0.886694386694387,1,0.0190041999938594,0.216740880714073,0.704190568532563,37,"RIPK1;MAVS;RIPK2;YOD1;RNF128;NOD2;TP53;RNF135;PROC;TRAF6;IKBKG;TNIP3;ZRANB1;ESR1;VCPIP1;UBE2D1;UBB;CDK1;TNFAIP3;IFIH1;OTUB2;TRIM4;OTUD3;TRAF3;OTUB1"
"Oxidative Stress Induced Senescence R-HSA-2559580",0.791583166332665,1,0.0235793094960052,0.232885000931955,0.847673765767093,88,"CDKN2C;MAP2K3;MAPK14;MAPKAPK2;H2BC11;FOS;AGO3;RNF2;CDK4;MDM2;TP53;H3C13;H2AC19;MAPK9;MAPKAPK3;H2BC15;H2BC1;CBX8;H2AX;TNRC6C;H3C7;IFNB1;H2AC14;E2F1;SUZ12;CBX2;AGO4;TFDP1;H2AC7;RING1;H2BC13;H2BC3;H2BC5;EED;RBBP4;AGO1;EZH2;E2F2;H2BC9;H2AC20;H2BC17;MAPK11;UBB;MAP2K6;H2AZ2;H2BC14;KDM6B;TXN2"
"Oxygen-dependent Proline Hydroxylation Of Hypoxia-inducible Factor Alpha R-HSA-1234176",0.988900100908174,1,0.00667841440698826,0.157241677374368,0.548841416670226,63,"EPAS1;PSMD5;PSMA4;AJUBA;PSME4;LIMD1;WTIP;PSMB8;PSMF1;HIF3A;PSMA7;PSMB10;PSMC1;PSMB9;HIF1A;PSMB4"
"PCP/CE Pathway R-HSA-4086400",0.986973947895792,1,0.00581457622839549,0.162583429330806,0.590960499934073,87,"PSMD5;RAC2;ARRB2;PARD6A;PSMA4;SCRIB;PSME4;WNT1;FZD6;PSMB8;PSMF1;FZD4;PSMA7;NCOA3;SMURF2;DVL3;PSMB10;PSMC1;PSMB9;PFN1;FZD7;PSMB4;VANGL2;FZD8"
"PI-3K cascade:FGFR1 R-HSA-5654689",0.933117583603021,1,0.0180905963991599,0.211360881256415,0.628567445307571,21,"FGF9;FGF3;FGF8;FGF23;FGF4;FGF22;PIK3CA;FGFR1;FGF5;KL"
"PI-3K cascade:FGFR2 R-HSA-5654695",0.952076677316294,1,0.0157837626630889,0.201013997870365,0.607746816896268,23,"FGF9;FGF3;FGF8;FGF23;FGFR2;FGF4;FGF22;PIK3CA;FGF5;FGF18;FGF6"
"PI-3K cascade:FGFR4 R-HSA-5654720",0.916038751345533,1,0.0191546578437244,0.218427537597774,0.645973169436532,20,"FGF19;FGFR4;FGF9;FGF8;FGF23;FGF4"
"PI3K Cascade R-HSA-109704",0.704081632653061,1,0.0306322550486472,0.26292544662894,0.87945128193248,44,"THEM4;FGF19;FGFR4;FGF9;FGF3;FGF8;FGF23;FGFR2;FGF4;FGF22;PDE3B;PIK3CA;FGFR1;FGF5;PIK3R4;TRIB3;KL;FGF18;FLT3;PDPK1;TLR9;FGF6;FLT3LG"
"PI5P, PP2A And IER3 Regulate PI3K/AKT Signaling R-HSA-6811558",0.93687374749499,1,0.0121212734616549,0.199103684135976,0.737972834832241,106,"PDGFRB;BTC;PDGFB;STRN;TRAT1;RAC2;LCK;AKT1;CD86;FGF19;FGFR4;FGF9;TGFA;FGF3;IL1RAP"
"PIP3 Activates AKT Signaling R-HSA-1257604",0.998001998001998,1,0.00204130030921835,0.17648342528796,0.682120253068691,266,"NR4A1;PDGFRB;CDKN1A;BTC;PDGFB;RRAGC;STRN;TRAT1;PSMD5;RAC2;LCK;THEM4;AKT1;CD86;FGF19;FGFR4;FGF9;SNAI1;TGFA;CSNK2A2;FOXO3;PSMA4;FGF3;IL1RAP;PSME4;TNKS;ICOS;AGO3;CREB1;PIK3R3;PML;FGF8;PRR5;RNF2;PSMB8;RRAGD;KIT;AKT1S1;PSMF1;EGR1;PSMA7;CHD3;FGF23;PPARG;MDM2;CD28;TP53;FGFR2;LAMTOR4;FGF4;SOS1;FGF22;MTOR;EPGN;MKRN1;DPEP3;PSMB10;PSMC1;IRAK1;LAMTOR3;PSMB9;CBX8;TNRC6C;MAF1;TSC2;PSMB4;PIK3CA;FGFR1;AREG;AGO2;MYD88;INS;GDNF;CSNK2B;FGF5;BAD;SUZ12;CBX2;TRIB3;REST;EGFR;PIP5K1C;KL;AGO4;NEDD4;FGF18;SALL4;FOXO1;CASP9;TRAF6;FLT3;RING1;WWP2;SRC;PDPK1;EGF;HDAC3;FGF6;NR2E1;PPP2R5E;FLT3LG;PSMB1;CD19;EED;NRG4;PSMD10;MECOM;IRS2;KDM1A;PSMD13;RBBP4;SLC38A9;PDGFRA;PSMD9;RHEB;AGO1;NRG1;FGF1;ESR1;MLST8;PSMA5;EZH2"
"PKMTs Methylate Histone Lysines R-HSA-3214841",0.98677517802645,1,0.00815591848796014,0.163085868094818,0.550835174998504,47,"DOT1L;SMYD3;PRDM9;SETD1B;H3C13;SUV39H2;NSD1;H3C7;SETD6;SETDB2;SUZ12;KMT2C;SMYD2;PRDM16;EED;MECOM;SETD3;RBBP4;EZH2"
"PPARA Activates Gene Expression R-HSA-1989781",0.939,1,0.0117231586093378,0.197823167796562,0.736645548253046,112,"NRF1;APOA1;ESRRA;MED23;APOA5;AGXT;MED18;HELZ2;NPAS2;SLC27A1;ABCA1;HMGCS2;MED9;CD36;MED12;PPARG;NCOA3;MED27;DAND5;ANKRD1;AHR;MED19;NFYC;SULT2A1;PEX11A;CREBBP;MED4;MED22;NR1H4;EP300;MED21;MED8;NCOA1;CYP1A1;MED30;TRIB3;MED29;MED26;HDAC3;MED24;CYP7A1;ACSL1;PKMYT1;ACOX1;CPT2;MED17;PPARGC1A;AHRR;CDK8;CDK19;TXNRD1;NFYB;CCNC;NR1H3;FHL2;ANGPTL4;ABCB4;NCOR1"
"PRC2 Methylates Histones And DNA R-HSA-212300",0.769072164948454,1,0.0266754763765933,0.252111011032289,0.824176959081143,39,"H2BC11;DNMT3B;H3C13;H2AC19;H2BC15;JARID2;H2BC1;PHF1;H2AX;H3C7;H2AC14;SUZ12;H2AC7;H2BC13;H2BC3;H2BC5;EED;RBBP4;EZH2;H2BC9;H2AC20;H2BC17"
"PTEN Regulation R-HSA-6807070",0.996003996003996,1,0.00288973010331959,0.158241937452363,0.596473111502663,137,"RRAGC;PSMD5;AKT1;SNAI1;CSNK2A2;PSMA4;PSME4;TNKS;AGO3;PML;RNF2;PSMB8;RRAGD;PSMF1;EGR1;PSMA7;CHD3;PPARG;TP53;LAMTOR4;MTOR;MKRN1;DPEP3;PSMB10;PSMC1;LAMTOR3;PSMB9;CBX8;TNRC6C;MAF1;PSMB4;AGO2;GDNF;CSNK2B;SUZ12;CBX2;REST;AGO4;NEDD4;SALL4;RING1;WWP2;HDAC3;NR2E1;PSMB1;EED;PSMD10;MECOM;KDM1A;PSMD13;RBBP4;SLC38A9;PSMD9;RHEB;AGO1;MLST8;PSMA5;EZH2;PSMA1;PSMA6;UBB;PSME1;PSMB5;FRK"
"Packaging Of Telomere Ends R-HSA-171306",0.896117523609654,1,0.0189287891242153,0.221327346080327,0.698622695763198,30,"H2BC11;POT1;H2AC19;H2BC15;H2BC1;TINF2;H2AX;H3-4;H2AC14;H2AC7;H2BC13;H2BC3;H2BC5;H2BC9;H2AC20;H2BC17;H2AZ2;H2BC14;TERF1;H2BC4;ACD"
"Pausing And Recovery Of Tat-mediated HIV Elongation R-HSA-167238",0.971816283924843,1,0.0125099843193737,0.169786654162643,0.539950952406258,31,"ELOA2;TCEA1;GTF2F1;POLR2K;CDK9;NELFE;NELFB;ELOB;POLR2B;GTF2F2;POLR2D"
"Peptide Hormone Metabolism R-HSA-2980736",0.886773547094188,1,0.0165175643261291,0.210545735333686,0.766361490101524,88,"CES1;KLF4;INHBA;CTSZ;GATA4;AGXT;GNAT3;TCF7L2;SLC30A8;ERO1B;TSHB;GH1;LHB;CDX2;CPA4;PAX6;PCSK1;ANPEP;SPCS2;BCHE;ISL1;ACHE;SPCS3;POMC;AOPEP;SEC11A;SEC11C;EXOC3;INS;EXOC1;C1QTNF1;KCTD11;IGF1;SLC30A5;GNG13;GNB3;CPB1;CPB2;ACE2;INHBE;DPP4;GZMH;UCMA;INHA"
"Peroxisomal Lipid Metabolism R-HSA-390918",0.764021164021164,1,0.0283628487151644,0.259278069031807,0.812860050498353,29,"ACOXL;ACOX3;SYCP2;ACOX2;PHYH;ABCD1;ACOT6;ACBD4;KRTAP11-1;ACOX1;CRAT;MLYCD;PECR;NUDT7;EHHADH;ACOT4;DECR2;CROT"
"Peroxisomal Protein Import R-HSA-9033241",0.684848484848485,1,0.0314928902471297,0.256887351584205,0.895252028354997,62,"ACOT2;AGXT;TYSND1;PEX13;ACOX3;BAAT;PEX12;NANOS2;SYCP2;ACOX2;PHYH;GNPAT;PEX2;PEX10;DHRS4;MPV17;KRTAP11-1;EPHX2;HAO1;IDE;ACOX1;DAO;UBE2D3;CRAT;MLYCD;HMGCL;UBE2D1;PECR;UBB;ZNF260;NUDT7;EHHADH;ACOT4;PEX14;DECR2;CROT"
"Phase 2 - Plateau Phase R-HSA-5576893",0.585666293393057,1,0.0436251240000606,0.33500507058349,0.928338130594607,15,"KCNE1;CACNA2D2;KCNE4;KCNE3;AKAP9;KCNE5;CACNA1C;KCNQ1;KCNE2;CACNB2"
"Phase II - Conjugation Of Compounds R-HSA-156580",0.87987987987988,1,0.0169971052149879,0.213254544755638,0.779516248148265,93,"ACSM2B;BPNT1;GGCT;SULT1A4;CHAC1;UGT2B10;GGT5;CHAC2;PAPSS2;AS3MT;CYP1A2;GGT1;ACSM5;NNMT;MTRR;UGT2A3;GSTT1;ABHD14B;GGT6;UGT2B4;ACSM2A;SULT2A1;SULT1B1;UGT2B11;UGT3A2;GSTM4;MAT1A;SULT2B1;MGST2;GSTM1;GLYATL1;TPMT;CNDP2;SULT1E1;TRMT112;UGT2A1;ACSM1;MTR;OPLAH;GLYATL3;SULT1A2;GSTT2;GSTM2;SLC38A1;GSTO1;UGT2B15;GSTA4;GSTZ1;GSTP1;BPNT2"
"Phospholipid Metabolism R-HSA-1483257",0.897102897102897,1,0.0154513814985972,0.217567516379973,0.834156663108556,207,"PIK3C2A;PLA2R1;DGAT2L6;TMEM86B;PLA1A;TNFAIP8;CHPT1;LCLAT1;PLA2G4E;INPP5D;PLA2G3;LIPI;PITPNB;SLC44A2;CSNK2A2;PLAAT5;PLA2G4B;PLEKHA3;INPP5J;DGAT1;GPD1L;PIK3R3;MTMR14;PHOSPHO1;MFSD2A;OSBPL5;PLA2G2F;PLAAT4;PLA2G1B;LPCAT1;CHKA;CRLS1;AGPAT3;PNPLA2;PIK3C2G;LPIN3;GPAT2;PNPLA3;SLC44A5;PLBD1;LPCAT3;RUFY1;SLC44A3;PLA2G4D;GPD1;MTMR6;HADHA;GNPAT;GPAT3;HADHB;PIKFYVE;TPTE;PLA2G4A;BCHE;GPCPD1;MTMR4;SBF2;INPP4B;CHEK2;ACHE;CPNE3;CPNE7;INPP5E;PIK3CA;PLA2G10;PLB1;CSNK2B;PIK3R4;LIPH;GPD2;LPCAT2;LPIN2;DGAT2;PIP5K1C;GDPD5;PIK3C2B;PLA2G4F;PLD4;CPNE6;AGPAT2;PLA2G5;TNFAIP8L3;TNFAIP8L2;PI4K2A;MTMR12;PLEKHA6;CPNE1;PRKCSH;MBOAT1;GPAM;DDHD1;ALPP;ETNK2"
"Phosphorylation Of APC/C R-HSA-176412",0.698630136986301,1,0.197822021315103,-0.208084041970443,-0.88586265860532,20,"UBE2E1;CDC16;CDC26"
"Plasma Lipoprotein Assembly R-HSA-8963898",0.644766146993318,1,0.0389556479965885,0.316897747730833,0.891065915503637,16,"APOB;APOA1;P4HB;BMP1;ABCA1"
"Plasma Lipoprotein Assembly, Remodeling, And Clearance R-HSA-174824",0.777777777777778,1,0.0249900772245545,0.239112706461399,0.844104955240127,70,"CUBN;SCGB1D1;APOB;CIDEC;APOA1;APOA5;P4HB;LSR;LIPG;SOAT2;BMP1;LPL;ABCA1;CETP;SCARB1"
"Plasma Lipoprotein Clearance R-HSA-8964043",0.657620041753653,1,0.0350150690873584,0.278829255185561,0.897003805633218,34,"CUBN;SCGB1D1;APOB;APOA1;LSR;SOAT2;SCARB1;LIPC"
"Plasma Lipoprotein Remodeling R-HSA-8963899",0.445833333333333,1,0.052805004567129,0.324326447457519,1.0406189794706,33,"APOB;CIDEC;APOA1;APOA5;P4HB;LIPG;LPL;CETP;LIPC;GPIHBP1;LCAT"
"Platelet Activation, Signaling And Aggregation R-HSA-76002",0.520479520479521,1,0.0438002031299891,0.259373772719695,1.00101530508241,253,"FLNA;TIMP3;TAGLN2;FN1;SRGN;VWF;TTR;TLN1;SERPING1;PRKCH;CLEC3B;ADRA2C;SYTL4;PECAM1;PLEK;PDGFB;IGF2;TIMP1;ITIH3;MPL;MAPK14;RAC2;GNG11;APOA1;LCK;FCER1G;AKT1;ARRB2;ADRA2B;ECM1;WDR1;CD109;VEGFA;RHOB;CLEC1B;SPARC;SERPINF2;GP9;TRPC3;LCP2;TGFB1;TRPC6;LHFPL2;TGFB3;F2RL3;SERPINA3;PIK3R3;PLCG2;RAP1B;GP1BA;GNAT3;RNASE3"
"Platelet Calcium Homeostasis R-HSA-418360",0.666666666666667,1,0.219250346703755,-0.195055260416757,-0.915134169471056,26,"ATP2B1;ATP2B4;SLC8A2;SLC8A1;ATP2B3;CALM1;P2RX7;SRI;ATP2A2"
"Platelet Homeostasis R-HSA-418346",0.966834170854271,1,0.00918593980608508,0.182061789408781,0.657715864107462,83,"PECAM1;PTGIR;ORAI2;APOB;MAPK14;GNG11;KCNMB1;PDE5A;ORAI1;PRKG2;PDE10A;TRPC3;TRPC6"
"Platelet Sensitization By LDL R-HSA-432142",0.697368421052632,1,0.034566432206351,0.302475957473015,0.864006060928908,17,"PECAM1;APOB;MAPK14"
"Polymerase Switching On C-strand Of Telomere R-HSA-174411",0.542372881355932,1,0.0445961615888961,0.315023800732929,0.969700171843112,25,"DSCC1;POLD4;STN1;POLD2;POLD3;POT1;RFC4;TINF2;SLC19A1;POLD1;PRIM2;RFC5"
"Positive Epigenetic Regulation Of rRNA Expression R-HSA-5250913",0.990927419354839,1,0.00617356336775808,0.159932730550611,0.564101257182047,69,"H2BC11;TAF1A;MYO1E;CHD3;H3C13;H2AC19;H2BC15;H2BC1;POLR2K;DPEP3;H2AX;H3C7;EP300;H2AC14;TAF1C;TBP;H2AC7;H2BC13;H2BC3;POLR1G;POLR1D;H2BC5;MYBBP1A;KAT2B;RBBP4;H2BC9;H2AC20;H2BC17;H2AZ2;TAF1D;TAF1B;HDAC1;H2BC14;POLR1E;GATAD2A"
"Post-translational Modification: Synthesis Of GPI-anchored Proteins R-HSA-163125",0.456913827655311,1,0.0498907356726307,0.279655638014836,1.02136451579834,91,"FOLR2;PLAUR;RAET1G;ALPL;LYPD2;PRSS41;SPACA4;VNN1;VNN2;XPNPEP2;CD109;OTOA;PRSS21;PIGH;ULBP2;IZUMO1R;LYPD6B;MSLN;LY6K;GP2;PIGV;LY6G6C;DPM3;RTN4RL2;MELTF;PIGG;PIGL;GPIHBP1;CNTN5;CPM;PIGB"
"Postmitotic Nuclear Pore Complex (NPC) Reformation R-HSA-9615933",0.748668796592119,1,0.0297064584935533,0.270762026089911,0.835935501579472,26,"UBE2I;NUP37;NUP85;NDC1;NUP160;NUP93;NUP98;NUP43;AHCTF1;NUP35;RCC1;NUP205;SUMO1;NUP62;NUP155;NUP133;NUP188;NUP107;NUP54"
"Potassium Channels R-HSA-1296071",0.51002004008016,1,0.0448645113168564,0.270909678430178,1.00014052914756,102,"KCNK2;KCNB2;KCNK6;KCNH2;KCNK7;KCNV2;GNG11;KCNS3;KCNMB1;KCNG3;KCNJ16;KCNJ5;KCNK16;KCNH7;KCNN1;KCNH6;KCNN4;KCNJ1;KCNMB3;KCNQ4;KCNG4;KCNJ11;UBD;KCNJ15;KCND1;KCNJ14;KCNH4;KCNK9;KCNA7;GNB4;KCNJ4;KCNK17;KCNA4;KCNH1;KCNA5;KCNC3;KCNAB1;GNGT1;GNG10;KCNF1;KCNJ10;KCNC4;GNG8;GNG13;GNB3;KCNJ2;KCNH3;KCNH8;KCNJ8;GNG12;HCN4;KCNG1"
"Potential Therapeutics For SARS R-HSA-9679191",0.996996996996997,1,0.00323243877654383,0.133838490033618,0.490780628064668,95,"RIPK1;CYSLTR1;PDCD1;IFNAR1;BRD4;VEGFA;CD79A;BRMS1L;FXYD4;PLCG2;IL6R;ITGB1;CHD3;SOS1;ITGA4;ROCK1;DPEP3;NCK1;PHF21A;TYK2;BTK;JAK2;TLR7;FKBP1A;NFE2L2;IMPDH2;REST;ATP1B3;IL1R1;FNTA;TLR9;ACE2;CD79B;FURIN;SAP30;ZBP1;ROCK2;KDM1A;RBBP4;FXYD3;SAP30L;CUL3;SYK;ATP1A4;AP2A2;NR3C1;HMG20B;FKBP4;HDAC1;ATP1A2;BLNK;JAK1;GATAD2A;RCOR1"
"Presynaptic Function Of Kainate Receptors R-HSA-500657",0.955771305285868,1,0.0164369248025913,0.195780697831137,0.582233440477369,21,"GNG11;PLCB3;PLCB2;GNB4;GNGT1;GNG10;GNG8;GNG13;GNB3;GNG12"
"Processing Of Capped Intron-Containing Pre-mRNA R-HSA-72203",1,1,0,0.13735112203025,0.528855167191382,240,"CWC15;NXF1;BCAS2;THOC6;NUP37;SNRNP35;SNRPC;ZC3H11A;NUP85;PCBP1;SNRNP40;PRPF40A;SNRPE;THOC5;SNRPB2;FYTTD1;PPWD1;NUP210;SARNP;CSTF2T;SNRPF;RNPS1;RNASE7;NUP153;NDC1;SF3A1;MAGOHB;NUP160;PDCD7;GTF2F1;CCAR1;SNU13;NCBP1;NXT1;WTAP;POM121C;METTL3;NUP93;SUGP1;NUP98;CSTF1;POLR2K;LSM7;ELAVL1;CD2BP2;CPSF3;NUP43;CDC40;PRPF3;RBM22;LSM8;SNRPB;LSM4;NUP214;DHX38;ZMAT5;AAAS;ALYREF;NXF2;DNAJC8;HNRNPF;YBX1;PCF11;CPSF6;MTREX;LSM2;SNW1;POLR2B;PRPF31;SF1;THOC3;GTF2F2;POLR2D;PPIL1;SNRPD2;LUZP4;GPKOW;RANBP2;NUP35;NUP42;UPF3B;TRA2B;SLU7;WBP11;GCFC2;SNRPA1;NUP205;TFIP11;SNRPA;HNRNPA1;CWC27;DHX16;PPIL6;PPIH;CPSF1"
"Processing Of DNA Double-Strand Break Ends R-HSA-5693607",0.711983887210473,1,0.0294227657846801,0.247306345875398,0.88461994466271,75,"RAD9A;RHNO1;UBE2I;BRCC3;H2BC11;SIRT6;RMI1;EXO1;BLM;TP53BP1;TOP3A;PPP4C;SERPINA2;RFC4;H2BC15;H2BC1;CHEK1;H2AX;RAD50;RAD17;ARTN;TIMELESS;H3-4;RNF4;RFC5;BARD1;CDK2;RBBP8;MRE11;H2BC13;H2BC3;CCNA1;PIAS4;H2BC5;RMI2;RRAD;MDC1;H2BC9;RFC3;H2BC17;UBB;UIMC1;HUS1;DNA2;UBE2N;RFC2;H2BC14"
"Processive Synthesis On C-strand Of Telomere R-HSA-174414",0.794983642311887,1,0.0278699114874201,0.271026920490409,0.788332009026118,19,"POLD4;POLD2;POLD3;BLM;POT1;TINF2;POLD1"
"Processive Synthesis On Lagging Strand R-HSA-69183",0.759238521836506,1,0.0314928902471297,0.28876651361125,0.800205695266875,15,"POLD4;POLD2;POLD3;POLD1;PRIM2;LRIG1;POLA2;PRIM1;POLA1;DNA2"
"Programmed Cell Death R-HSA-5357801",1,1,0,0.148670090634594,0.569688155039484,205,"VIM;RIPK1;BAK1;CASP1;TP73;CASP8;PSMD5;BBC3;BMF;TNFSF10;AKT1;PMAIP1;SDCBP;CASP5;TNFRSF10A;UACA;PSMA4;DCC;CHMP4C;GSDMD;PSME4;UNC5A;H1-3;CASP4;FADD;CASP3;OCLN;PSMB8;DFFA;NMT1;APAF1;PSMF1;BAX;PSMA7;MED12;TRADD;TP53;GSN;PKP1;FASLG;ARHGAP10;ROCK1;PRKCD;FLOT2;PSMB10;TJP1;PSMC1;HMGB2;PSMB9;DSPP;DFFB;PSMB4;LMNB1;IRF1;H1-0;BCL2;DSG3;E2F1;BAD;CFLAR;KPNA1;IL1A;TNFRSF10B"
"Prostacyclin Signaling Thru Prostacyclin Receptor R-HSA-392851",0.694117647058824,1,0.183023938384487,-0.190570397094316,-0.821709418750593,19,"GNG7;GNAS;GNG3;GNG4;GNB1"
"Protein Ubiquitination R-HSA-8852135",0.990936555891239,1,0.00599657425469861,0.154658994529501,0.550825740497789,73,"RNF152;DERL1;HLA-A;H2BC11;CTR9;RAD18;OTULIN;PEX13;UBE2J2;UCHL3;PEX12;TMEM129;H2BC15;H2BC1;PEX2;PEX10;HLA-B;UBE2G2;CDC73;UBA6;UBE2C;H2BC13;H2BC3;UBE2T;UBE2A;UBE2Q2;H2BC5;UBE2D3;RNF20;SELENOS;PAF1;BCL10;H2BC9;UBE2D1;H2BC17;UBB"
"RA Biosynthesis Pathway R-HSA-5365859",0.469255663430421,1,0.0520570030732099,0.343154250483723,1.0205085694704,21,"AKR1C3;RDH10;CYP26C1;ALDH1A2;ADH1A;RDH5;ALDH1A3;DHRS4;DHRS9;ADH7;CRABP1;DHRS3;SDR16C5;ALDH1A1;RDH13;CYP26B1;CYP26A1"
"RAB GEFs Exchange GTP For GDP On RABs R-HSA-8876198",0.959919839679359,1,0.00966564348468499,0.187414663638816,0.681217414190592,87,"RAB13;RIN2;DENND4B;RAB39B;AKT1;RAB32;DENND2D;DENND4C;HPS1;TRAPPC11;GAPVD1;RIN1;DENND4A;TRAPPC8;ALS2CL;DENND2C;ALS2;TRAPPC9"
"RAB Geranylgeranylation R-HSA-8873719",0.941414141414141,1,0.0124136372369971,0.187936688106793,0.65495907132966,62,"RAB13;RAB34;RAB39B;RAB32;RAB40A;RAB36;RAB17;RAB41;RAB43;RAB33B;RAB22A;RAB30;RAB38;RAB29;RAB3B;RAB44;RAB5B;RAB24"
"RAC1 GTPase Cycle R-HSA-9013149",0.49050949050949,1,0.0465084048719156,0.264316953762795,1.00920654094226,176,"JAG1;CAV1;ARHGEF19;MCAM;PLEKHG6;DOCK6;SLC1A5;ARHGDIB;BAIAP2L1;DEF6;NCKAP1L;ARHGAP4;VRK2;PARD6A;ARAP3;FMNL1;IQGAP1;FGD5;ARHGAP45;CDC42BPA;EPHA2;ARHGAP42;DOCK8;WASF2;ARHGAP31;NCF2;GARRE1;SH3BP1;DIAPH3;ARHGEF39;PIK3R3;NHS;FAM13B;ARHGAP24;ITGB1;CDC42EP4;LEMD3;ARHGAP17;ARHGAP29;NCF1;NOX3;DHDDS;VAV2;ALS2;SOS1;ARHGAP10;IQGAP3;NISCH;SYDE2;TAGAP;DOCK9;FARP2;ECT2;FAM13A;SPATA13;WIPF1;CYFIP1;ARHGAP33;PIK3CA;EMD;ARHGEF6;ARHGEF15;ARHGEF10;DEPDC1B;ABL2;TIAM1;PLEKHG2;DOCK2;FERMT2;DLC1;TMPO;IQGAP2;RACGAP1;CYBB;SOS2;PKN1;NOX1;CYBA"
"RAC2 GTPase Cycle R-HSA-9013404",0.822645290581162,1,0.0213630317196063,0.225406304706755,0.819309957146761,87,"CAV1;MCAM;BAIAP2L1;DEF6;RAC2;SYDE1;NCKAP1L;VRK2;IQGAP1;EPHA2;ARHGAP42;WASF2;NCF2;GARRE1;DIAPH3;PIK3R3;NHS;ITGB1;CDC42EP4;LEMD3;ARHGAP17;NCF1;VAV2;SAMM50;CYFIP1;PIK3CA;EMD;ANKLE2;DEPDC1B;TIAM1;MTX1;DOCK2;TMPO;DSG2;RACGAP1;CYBB;PKN1;CYBA"
"RAC3 GTPase Cycle R-HSA-9013423",0.539078156312625,1,0.042331839351853,0.269341668815058,0.984065448942364,92,"JAG1;IL32;CAV1;MCAM;SLC1A5;ARHGDIB;BAIAP2L1;SYDE1;NCKAP1L;VRK2;ARAP3;EPHA2;ARHGAP42;WASF2;NCF2;GARRE1;DIAPH3;NHS;ITGB1;NCOA3;LEMD3;ARHGAP17;NCF1;NOX3;VAV2"
"RAF-independent MAPK1/3 Activation R-HSA-112409",0.990415335463259,1,0.012605799966357,0.156786353270328,0.474028715125929,23,"DUSP12;IL6R;DUSP8;DUSP4;TYK2;JAK2;IL6ST;DUSP7;IL6;CDK1;DUSP9"
"RAF/MAP Kinase Cascade R-HSA-5673001",0.999000999000999,1,0.0014426950408889,0.15890725579996,0.614349162389344,267,"FN1;PDGFRB;VWF;TLN1;MAPK12;BTC;PDGFB;PTPN7;CNKSR1;IL2RG;PSMD5;NRTN;DUSP12;ARRB2;FGF19;IL17RD;CSF2RB;FGFR4;RGL3;FGF9;IQGAP1;RGL2;TGFA;IL3RA;ZDHHC9;PSMA4;FGF3;MARK3;PRKG2;ANGPT1;LYPLA1;PSME4;KSR2;RAP1B;FGF8;RCE1;RNASE3;PSMB8;SPRED3;KIT;PSMF1;PSMA7;FGF23;RASAL3;RET;VCL;CSF2RA;FGFR2;IL5RA;TEK;IL3;SPTA1;FGF4;RASAL1;SOS1;FGF22;DUSP8;EPGN;PSMB10;PSMC1;CSK;LAMTOR3;DUSP4;PSMB9;IL2RB;ARTN;PSMB4;JAK2;IL5;PIK3CA;FGFR1"
"RAS Processing R-HSA-9648002",0.679824561403509,1,0.0357690767485421,0.305319608914557,0.872128796042097,17,"ZDHHC9;PRKG2;LYPLA1;RCE1"
"RHO GTPase Cycle R-HSA-9012999",0.997002997002997,1,0.00250132493941571,0.189263334250345,0.747684941685472,434,"VIM;JAG1;IL32;CAV1;FILIP1;ARHGEF19;MCAM;MUC13;PLEKHG6;DOCK6;SLC1A5;ARHGDIB;CFTR;TPM4;BAIAP2L1;RHOD;STOM;KIF14;ARHGAP40;DEF6;RAC2;SYDE1;LCK;PLXND1;SHKBP1;NCKAP1L;CDC42EP5;ARHGAP4;CAVIN1;VRK2;RHOC;FGD4;PARD6A;ARAP3;FMNL1;IQGAP1;PDE5A;RHOB;FGD5;UACA;FAM91A1;FMNL3;ARHGAP45;CDC42BPA;SCRIB;EPHA2;ARHGEF10L;ARHGAP42;DOCK8;WASF2;ARHGAP31;NCF2;SHMT2;GARRE1;RHOV;STK38;SH3BP1;DIAPH3;ARHGEF39;PIK3R3;HOMER2;NHS;WDR6;ITSN1;CKAP4;FAM13B;ARHGAP24;RHPN2;ITGB1;CDC42EP4;NCOA3;LEMD3;ARHGAP17;ARHGAP29;STK10;NCF1;NOX3;DHDDS;VAV2;ALS2;ANKRD26;ARHGEF17;SOS1;ARHGAP10;TNFAIP1;ZNF512B;IQGAP3;NISCH;CDC42EP3;SYDE2;ITSN2;ARFGAP3;ROCK1;FLOT2;CSK;SH3RF1;PLEKHG4B;RND3;SLC4A7;WDR91;SAMM50;FGD1;NCK1;TAGAP;DIAPH2;PLXNA1;ARHGEF26;DOCK9;FARP2;ECT2;FAM13A;SPATA13;WIPF1;DSPP;CYFIP1;TMOD3;ARHGAP6;DIAPH1;LMNB1;ARHGAP33;NCK2;PIK3CA;ARHGEF40;VANGL2;CCT6A;FAM135A;EMD"
"RHO GTPase Effectors R-HSA-195258",0.999000999000999,1,0.0014426950408889,0.163072159406925,0.6296647282019,258,"MYL9;FLNA;MYH9;KIF2C;ARPC1B;MIS12;SCAI;MYL6;CFTR;SPDL1;RHOD;NUP37;KIF14;MAPK14;RAC2;NUP85;NCKAP1L;H2BC11;RHOC;MYH11;FMNL1;IQGAP1;RHOB;FMNL3;CENPH;KNTC1;KLK2;WASF2;SKA1;NCF2;MAD1L1;NUF2;DIAPH3;NDE1;ARPC3;RHPN2;ITGB1;NUP160;H3C13;H2AC19;S100A9;NCF1;NOX3;H2BC15;DHDDS;KLC3;H2BC1;KIF2B;MRTFA;SPC24;DVL3;IQGAP3;NUP98;ROCK1;PRKCD;CDCA8;RPS27;SGO2;NCK1;DIAPH2;NUP43;BUB1;PFN1;MAD2L1;WIPF1;H2AX;CENPF;ZWINT;CYFIP1;DYNC1LI1;BTK;DIAPH1;PRC1;H3C7;CLIP1"
"RHO GTPases Activate Formins R-HSA-5663220",0.922,1,0.0133546284394486,0.20558233244241,0.766458047206417,114,"KIF2C;MIS12;SCAI;SPDL1;RHOD;NUP37;NUP85;RHOC;FMNL1;RHOB;FMNL3;CENPH;KNTC1;SKA1;MAD1L1;NUF2;DIAPH3;NDE1;ITGB1;NUP160;KIF2B;MRTFA;SPC24;DVL3;NUP98;CDCA8;RPS27;SGO2;DIAPH2;NUP43;BUB1;PFN1;MAD2L1;CENPF;ZWINT;DYNC1LI1;DIAPH1;CLIP1"
"RHO GTPases Activate NADPH Oxidases R-HSA-5668599",0.856230031948882,1,0.0225842720346634,0.239864929551853,0.731201355331167,24,"MAPK14;RAC2;NCF2;S100A9;NCF1;NOX3;PRKCD;PIK3R4;CYBB;NOX1;CYBA"
"RHO GTPases Activate PKNs R-HSA-5625740",0.864097363083164,1,0.0190794888813551,0.219258960681966,0.759538637547692,59,"MYL9;MYH9;MYL6;H2BC11;RHOC;MYH11;RHOB;KLK2"
"RHOBTB GTPase Cycle R-HSA-9706574",0.996868475991649,1,0.0100128309769611,0.143157760505545,0.460543696872638,34,"VIM;PDE5A;STK38;ROCK1;TMOD3;CCT6A;DBN1;RBM15;PHIP;TRA2B;ROCK2;RNF20;ACTN1;CUL3;RHOBTB2;TWF1;COPS2;CCT2;SRRM1"
"RHOBTB1 GTPase Cycle R-HSA-9013422",0.846645367412141,1,0.0232248320654428,0.245896454756443,0.743444681701629,23,"VIM;PDE5A;STK38"
"RHOBTB2 GTPase Cycle R-HSA-9013418",0.611940298507463,1,0.222056046145248,-0.205004256704824,-0.90982119884409,22,"HSP90AB1;CDC37;MYO6;HSP90AA1;HNRNPC;TXNL1;MSI2;RBMX;DDX39B;CCT7;SRRM1;CCT2;TWF1;RHOBTB2;CUL3;ACTN1;TRA2B;PHIP;DBN1;CCT6A;TMOD3"
"RHOD GTPase Cycle R-HSA-9013405",0.943031536113937,1,0.0128901829648689,0.195317954860942,0.664106516214852,50,"CAV1;FILIP1;MCAM;RHOD;VRK2"
"RHOF GTPase Cycle R-HSA-9035034",0.82135523613963,1,0.0228693972350018,0.237141522091481,0.780193985983555,40,"CAV1;MCAM;BAIAP2L1;SYDE1"
"RHOJ GTPase Cycle R-HSA-9013409",0.780141843971631,1,0.0249900772245545,0.237982262868628,0.818639714080394,54,"CAV1;SLC1A5;STOM;SYDE1;FMNL3;CDC42BPA;SCRIB;DOCK8;DIAPH3"
"RHOQ GTPase Cycle R-HSA-9013406",0.890466531440162,1,0.01707634511757,0.212702359145199,0.735790891241616,58,"CAV1;SLC1A5;CFTR;STOM;SYDE1;IQGAP1;CDC42BPA;SCRIB;DIAPH3;ITSN1;CDC42EP4;ARHGAP17;IQGAP3;CDC42EP3;SLC4A7;ARHGAP33;TRIP10;DEPDC1B;DLC1;WWP2;PKN1;CDC42BPB;MPP7;CDC42EP2"
"RIP-mediated NFkB Activation Via ZBP1 R-HSA-1810476",0.509868421052632,1,0.0489954089862481,0.345363022840935,0.986510622028257,17,"RIPK1;TLR3;NFKBIA;MYD88;NKIRAS2;IKBKG;RIPK3;ZBP1;IKBKB;NFKBIB"
"RIPK1-mediated Regulated Necrosis R-HSA-5213460",0.669464847848898,1,0.0344174840212229,0.280546848378711,0.885549838161756,30,"RIPK1;CASP8;TNFSF10;SDCBP;TNFRSF10A;FADD;TRADD;FASLG;FLOT2"
"RMTs Methylate Histone Arginines R-HSA-3214858",0.873855544252289,1,0.0185498307405843,0.217698763596477,0.736451368704909,48,"H2AC11;PBRM1;SMARCD2;CDK4;ARID2;H3C13;H2AC19;SMARCE1;H2AC12;H2AX;ACTL6B;JAK2;WDR77;H3C7;H2AC14"
"RNA Pol II CTD Phosphorylation And Interaction With CE R-HSA-77075",0.992545260915868,1,0.0124136372369971,0.151995331306698,0.469261865662843,26,"GTF2H3;ERCC2;GTF2F1;POLR2K;POLR2B;GTF2F2;POLR2D;RNGTT;GTF2H1;SUPT5H;GTF2H4"
"RNA Polymerase I Promoter Clearance R-HSA-73854",0.958710976837865,1,0.0103504582782501,0.184577939854866,0.657383559937207,73,"GTF2H3;H2BC11;RRN3;TAF1A;ERCC2;CHD3;H3C13;H2AC19;H2BC15;H2BC1;POLR2K;DPEP3;H2AX;H3C7;H2AC14;TAF1C;TBP;H2AC7;H2BC13;H2BC3;POLR1G;POLR1D;DPEP2;UBTF;H2BC5;GTF2H1;KAT2B;RBBP4;H2BC9;GTF2H4;H2AC20;H2BC17;H2AZ2;TAF1D;TAF1B;HDAC1;H2BC14;POLR1E;GATAD2A"
"RNA Polymerase I Promoter Escape R-HSA-73772",0.905487804878049,1,0.0160304351647231,0.20836006545639,0.717115367928407,55,"GTF2H3;H2BC11;RRN3;TAF1A;ERCC2;H3C13;H2AC19;H2BC15;H2BC1;POLR2K;H2AX;H3C7;H2AC14;TAF1C;TBP;H2AC7;H2BC13;H2BC3;POLR1G;POLR1D;UBTF;H2BC5;GTF2H1;H2BC9;GTF2H4;H2AC20;H2BC17;H2AZ2;TAF1D;TAF1B;H2BC14"
"RNA Polymerase I Promoter Opening R-HSA-73728",0.655026455026455,1,0.0358449292332649,0.285621038912086,0.895447628796512,29,"H2BC11;H3C13;H2AC19;H2BC15;H2BC1;H2AX;H3C7;H2AC14;H2AC7;H2BC13;H2BC3;DPEP2;UBTF;H2BC5;H2BC9;H2AC20;H2BC17;H2AZ2;H2BC14"
"RNA Polymerase I Transcription Initiation R-HSA-73762",0.996938775510204,1,0.00715048391330487,0.139903377903234,0.467958528248975,44,"GTF2H3;RRN3;TAF1A;ERCC2;CHD3;POLR2K;DPEP3;TAF1C;TBP;POLR1G;POLR1D;UBTF;GTF2H1;KAT2B;RBBP4;GTF2H4;TAF1D;TAF1B;HDAC1;POLR1E;GATAD2A"
"RNA Polymerase I Transcription R-HSA-73864",0.936555891238671,1,0.012605799966357,0.192407215726814,0.686408279994282,74,"GTF2H3;H2BC11;RRN3;CAVIN1;TAF1A;ERCC2;CHD3;H3C13;H2AC19;H2BC15;H2BC1;POLR2K;DPEP3;H2AX;H3C7;H2AC14;TAF1C;TBP;H2AC7;H2BC13;H2BC3;POLR1G;POLR1D;DPEP2;UBTF;H2BC5;GTF2H1;KAT2B;RBBP4;H2BC9;GTF2H4;H2AC20;H2BC17;H2AZ2;TAF1D;TAF1B;HDAC1;H2BC14;POLR1E;GATAD2A"
"RNA Polymerase I Transcription Termination R-HSA-73863",0.968253968253968,1,0.0139869590598254,0.178658688357422,0.560111045961113,29,"GTF2H3;CAVIN1;TAF1A;ERCC2;POLR2K;TAF1C;TBP;POLR1G;POLR1D;UBTF;GTF2H1;GTF2H4;TAF1D;TAF1B"
"RNA Polymerase II Pre-transcription Events R-HSA-674695",0.990963855421687,1,0.0054335217582325,0.155956394687228,0.561533922581852,78,"ELOA2;GTF2H3;CTR9;TAF7L;TAF3;ERCC2;GTF2B;TAF11;TCEA1;TAF4;GTF2F1;TAF5;NCBP1;POLR2K;CDK9;NELFE;GTF2A1;CDC73;TAF1L;IWS1;NELFB;ELOB;MLLT1;POLR2B;GTF2F2;POLR2D;TBP"
"RNA Polymerase II Transcribes snRNA Genes R-HSA-6807505",0.692849949647533,1,0.0307752597613667,0.251899180597437,0.898644484993498,74,"SNAPC1;ELL2;POU2F1;INTS7;RPRD1A;INTS14;GTF2B;TAF11;NABP1;GTF2F1;DAND5;PHAX;TAF5;ZNF143;NCBP1;POLR2K;CDK9;SNAPC4;ICE2;GTF2A1;INTS1;INTS6;PCF11;INTS3;NABP2;POLR2B;GTF2F2;POLR2D;TBP;ELL3;ICE1;TAF8;CCNT2;TAF13"
"RNA Polymerase III Abortive And Retractive Initiation R-HSA-749476",0.943298969072165,1,0.0139869590598254,0.19469996322006,0.636494308451161,39,"SNAPC1;GTF3C6;POU2F1;POLR3G;ZNF143;POLR2K;SNAPC4;POLR3C;POLR3GL;BDP1;TBP;BRF1;POLR3E;POLR1D"
"RNA Polymerase III Chain Elongation R-HSA-73780",0.831140350877193,1,0.0258331720982323,0.256274175389704,0.732033192476184,17,"POLR3G;POLR2K;POLR3C;POLR3GL;POLR3E;POLR1D;POLR3F;POLR3K;CRCP;POLR3D;POLR3A;POLR2H;POLR2L"
"RNA Polymerase III Transcription Initiation From Type 1 Promoter R-HSA-76061",0.850905218317359,1,0.0229405670056901,0.238436990679378,0.741037347396112,27,"GTF3C6;POLR3G;POLR2K;POLR3C;POLR3GL;BDP1;TBP;BRF1;POLR3E;POLR1D;POLR3F;POLR3K;CRCP;POLR3D;POLR3A;POLR2H;GTF3C3;POLR2L"
"RNA Polymerase III Transcription Initiation From Type 2 Promoter R-HSA-76066",0.767838125665602,1,0.0284333438791734,0.264118236569364,0.81542383823639,26,"GTF3C6;POLR3G;POLR2K;POLR3C;POLR3GL;BDP1;TBP;BRF1;POLR3E;POLR1D;POLR3F;POLR3K;CRCP;POLR3D;POLR3A;POLR2H;GTF3C3;POLR2L"
"RNA Polymerase III Transcription Initiation From Type 3 Promoter R-HSA-76071",0.660276890308839,1,0.0357690767485421,0.286205997340624,0.889498447677302,27,"SNAPC1;POU2F1;POLR3G;ZNF143;POLR2K;SNAPC4;POLR3C;POLR3GL;BDP1;TBP;POLR3E;POLR1D;POLR3F;POLR3K"
"RNA Polymerase III Transcription Initiation R-HSA-76046",0.686520376175549,1,0.0330162512586498,0.274623390271061,0.884365820225324,35,"SNAPC1;GTF3C6;POU2F1;POLR3G;ZNF143;POLR2K;SNAPC4;POLR3C;POLR3GL;BDP1;TBP;BRF1;POLR3E;POLR1D;POLR3F"
"RNA Polymerase III Transcription Termination R-HSA-73980",0.773333333333333,1,0.184706471207739,-0.181291878852854,-0.795597699221454,21,"NFIX;SSB;POLR2E;NFIB;POLR2F;POLR3H;POLR3B;NFIA;POLR2L;POLR2H;POLR3A;POLR3D;CRCP;POLR3K;POLR3F;POLR1D;POLR3E;POLR3GL;POLR3C;POLR2K;POLR3G"
"RND1 GTPase Cycle R-HSA-9696273",0.859774820880246,1,0.019974159565129,0.223567393080792,0.742463883644406,42,"CAV1;MUC13;KIF14;EPHA2;HOMER2;WDR6;LEMD3;ANKRD26;FLOT2;PLXNA1;DSPP;VANGL2;FAM135A"
"RND2 GTPase Cycle R-HSA-9696270",0.746161719549642,1,0.0278699114874201,0.254221603020759,0.844266044721868,42,"CAV1;MUC13;KIF14;PLXND1;SCRIB;EPHA2;WDR6;CKAP4;LEMD3;ANKRD26;TNFAIP1;NISCH"
"RND3 GTPase Cycle R-HSA-9696264",0.76560900716479,1,0.0265350909115755,0.24890817602644,0.826620235163953,42,"CAV1;MUC13;SCRIB;EPHA2;HOMER2;WDR6;CKAP4;LEMD3;ANKRD26;TNFAIP1;NISCH;ROCK1;FLOT2;RND3;DSPP;TMOD3;VANGL2"
"RORA Activates Gene Expression R-HSA-1368082",0.542553191489362,1,0.197822021315103,-0.21984326921046,-0.964522435254468,18,"TBL1X;SREBF1;RXRA;CPT1A;CHD9;CARM1"
"RUNX1 Interacts With Co-Factors Whose Precise Effect On RUNX1 Targets Is Not Known R-HSA-8939243",0.81419624217119,1,0.024285888595648,0.244180235407327,0.785536654950435,34,"CSNK2A2;RNF2;PBRM1;SMARCD2;ARID2;SMARCE1;CBX8;ACTL6B;EP300;CSNK2B;CBX2;RING1;SMARCD1"
"RUNX1 Regulates Genes Involved In Megakaryocyte Differentiation And Platelet Function R-HSA-8936459",0.921291624621594,1,0.0141641602737639,0.200914246065273,0.701277557457994,63,"MYL9;H2BC11;NR4A3;AGO3;GP1BA;GATA1;PF4;SETD1B;H3C13;H2AC19;H2BC15;H2BC1;H2AX;TNRC6C;H3C7;EP300;H2AC14;THBS1;KMT2C;AGO4;H2AC7;H2BC13;H2BC3;ZFPM1;H2BC5;KAT2B;AGO1;H2BC9;H2AC20;CBFB;H2BC17;ITGA2B"
"RUNX1 Regulates Transcription Of Genes Involved In Differentiation Of HSCs R-HSA-8939236",0.994994994994995,1,0.00382852089890286,0.147106197383225,0.538531629648335,94,"LMO2;TP73;PSMD5;H2BC11;GATA3;PSMA4;YAP1;PSME4;PSMB8;GATA1;PSMF1;PSMA7;H3C13;H2AC19;H2BC15;H2BC1;PSMB10;PSMC1;PSMB9;H2AX;PSMB4;H3C7;TCF7L1;H2AC14;MYB;H2AC7;H2BC13;H2BC3;TCF12;PSMB1;ABL1;SPI1;H2BC5;PSMD10;PSMD13;PSMD9;PSMA5;PSMA1;H2BC9;H2AC20;CBFB;PSMA6;H2BC17;UBB;PSME1;PSMB5;H2AZ2;LMO1;PSMB11"
"Rab Regulation Of Trafficking R-HSA-9007101",0.977022977022977,1,0.00699634910626994,0.17334522548461,0.647699673408932,118,"RAB13;RIN2;TBC1D13;DENND4B;RAB39B;AKT1;TBC1D10B;TBC1D24;RAB32;DENND2D;DENND4C;HPS1;ARF6;TRAPPC11;GAPVD1;RIN1;DENND4A;TRAPPC8;ALS2CL;DENND2C;RAB43;ALS2;TRAPPC9;RAB33B;RIC1;GGA1;SBF2;TSC2;RAB38;TRAPPC6B;TBC1D10A;DENND2B;RAB5B;RAB3GAP2;ANKRD27;GGA2;TRAPPC12;TBC1D25;TRAPPC5;HPS4;DENND1B;MAP1LC3B;MON1B;RAB3IP;TBC1D20;SYTL1;RAB5A;TSC1;RAB1B"
"Receptor-type Tyrosine-Protein Phosphatases R-HSA-388844",0.998923573735199,1,0.0127958872528513,0.1320679907273,0.390575197108745,20,"NTRK3;IL1RAP;PTPRF;SLITRK4;PPFIA3;PPFIA4;SLITRK3;SLITRK5;IL1RAPL2;PPFIBP1;SLITRK6;LRRC4B"
"Recognition Of DNA Damage By PCNA-containing Replication Complex R-HSA-110314",0.859259259259259,1,0.0220116482772519,0.235992833163738,0.739858743159617,29,"POLD4;RAD18;POLD2;POLD3;POLE4;RFC4;SLC19A1;POLD1;POLE;RFC5"
"Recruitment And ATM-mediated Phosphorylation Of Repair And Signal Proteins At DNA Double Strand Breaks R-HSA-5693565",0.949290060851927,1,0.0120226641890431,0.187895835275091,0.648456328810558,56,"UBE2I;BRCC3;H2BC11;TP53BP1;TP53;H2BC15;H2BC1;KDM4A;H2AX;RAD50;CHEK2;ARTN;H3-4;EYA4;BARD1;MRE11;H2BC13;H2BC3;EYA1;PIAS4;ABL1;H2BC5;SUMO1;MDC1;H2BC9;H2BC17;UBB;UIMC1;EYA3;CNKSR3;UBE2N;H2BC14"
"Regulated Necrosis R-HSA-5218859",0.439024390243902,1,0.0523759084097997,0.301070691340718,1.03619865505584,55,"RIPK1;BAK1;CASP1;CASP8;TNFSF10;SDCBP;CASP5;TNFRSF10A;CHMP4C;GSDMD;CASP4;FADD;CASP3;BAX;TRADD;TP53"
"Regulation Of Actin Dynamics For Phagocytic Cup Formation R-HSA-2029482",0.899594320486815,1,0.016356070983033,0.206861961083736,0.714528367974037,57,"MYH9;ARPC1B;NCKAP1L;TARP;FCGR1A;WASF2;MYO1E;CD247;MYH2"
"Regulation Of Apoptosis R-HSA-169911",0.461292802655026,1,0.203508959461977,-0.155020812036198,-0.926135750491007,51,"PSMC5;PSMB7;PSMD8;PSME3;PSMD2;PSMC4;PSMB6;PSMD14;PSMD3;SEM1"
"Regulation Of Expression Of SLITs And ROBOs R-HSA-9010553",1,1,0,0.11655495177996,0.443296323219431,165,"SLIT3;RPL13A;LHX3;RPS28;PSMD5;GSPT2;PSMA4;ROBO3;PSME4;RPL7A;PSMB8;RNPS1;RPSA;ZSWIM8;PSMF1;MAGOHB;RPL12;RPL6;PSMA7;LHX9;SLIT2;RPS4X;RPS3A;NCBP1;RPL7;USP33;PSMB10;PSMC1;RPS27;RPL26L1;RPS15A;PSMB9;RPL10L;RPL26;ISL1;PSMB4;RPS24;COL4A5;RPL29;ELOB;RPL3L;UPF3A;ROBO1;MSI1;RPL10A;RPL36AL;RPL39;RPL11;UPF3B;RPL37;RPL36A;PSMB1;RPL5;PSMD10;RPL4;ETF1;RPS10;PSMD13;ELOC;PSMD9;PSMA5;RPS11;RPL18A;RPL23A;RPL32;PSMA1;ROBO2;PSMA6;UBB;PSME1;PSMB5;RPS2;RPL21"
"Regulation Of FZD By Ubiquitination R-HSA-4641263",0.482006543075245,1,0.0513223330421143,0.345684920340193,1.00548863282185,19,"RSPO1;FZD6;FZD4;RSPO2;USP8;FZD8;LGR6;WNT3A;LRP6;RSPO3;ZNRF3;UBB"
"Regulation Of Gene Expression In Beta Cells R-HSA-210745",0.918191603875135,1,0.0190041999938594,0.216869656564844,0.641365923667456,20,"AKT1;NKX6-1;SLC2A2;PAX6;IAPP;INS;FOXO1"
"Regulation Of HSF1-mediated Heat Shock Response R-HSA-3371453",0.858433734939759,1,0.0188532541830902,0.220245242076313,0.793101026069914,79,"SERPINH1;HSPA6;NUP37;MAPKAPK2;BAG4;HSPA1A;NUP85;HSPA12B;BAG3;HSPA14;NUP210;RNASE7;NUP153;NDC1;NUP160;SERPINA2;DNAJB1;HSPA5;POM121C;NUP93;NUP98;HSPA1B;NUP43"
"Regulation Of IFNA/IFNB Signaling R-HSA-912694",0.491926803013994,1,0.0497903187820785,0.340663211695138,1.0074704727678,20,"IFNAR1;IFNA8;IFNA4;IFNA5;IFNA14;PTPN1;TYK2;IFNB1"
"Regulation Of Lipid Metabolism By PPARalpha R-HSA-400206",0.97,1,0.00815591848796014,0.17968604530663,0.669910754293751,114,"NRF1;APOA1;ESRRA;MED23;APOA5;AGXT;MED18;HELZ2;NPAS2;SLC27A1;ABCA1;HMGCS2;MED9;CD36;MED12;PPARG;NCOA3;MED27;DAND5;ANKRD1;AHR;MED19;NFYC;SULT2A1;PEX11A;CREBBP;MED4;MED22;NR1H4;EP300;MED21;MED8;NCOA1;CYP1A1;MED30;TRIB3;MED29;MED26;HDAC3;MED24;CYP7A1;ACSL1;PKMYT1;ACOX1;CPT2;MED17;PPARGC1A;AHRR;CDK8;CDK19;TXNRD1;NFYB;CCNC;NR1H3;FHL2;ANGPTL4;ABCB4;NCOR1"
"Regulation Of Necroptotic Cell Death R-HSA-5675482",0.573093220338983,1,0.042077210988939,0.305474411078133,0.955006568537448,28,"RIPK1;CASP8;TNFSF10;SDCBP;TNFRSF10A;FADD;TRADD;FASLG;FLOT2"
"Regulation Of Ornithine Decarboxylase (ODC) R-HSA-350562",0.435233852067563,1,NA,-0.155619479092267,-0.920145110128178,50,"PSMC5;PSMB7;PSMD8;PSME3;PSMD2;PSMC4;PSMB6;PSMD14;PSMD3;SEM1"
"Regulation Of PTEN Gene Transcription R-HSA-8943724",0.585612968591692,1,0.0390355298112393,0.27546961646947,0.954908223538745,60,"RRAGC;SNAI1;RNF2;RRAGD;EGR1;CHD3;PPARG;TP53;LAMTOR4;MTOR;DPEP3;LAMTOR3;CBX8;MAF1;GDNF;SUZ12;CBX2;REST;SALL4;RING1;HDAC3;NR2E1;EED;MECOM;KDM1A;RBBP4;SLC38A9;RHEB;MLST8;EZH2"
"Regulation Of PTEN Stability And Activity R-HSA-8948751",0.674216881655321,1,NA,-0.118314455978359,-0.723954717323417,66,"PSMC5;PSMB7;PSMD8;XIAP;PSME3;PSMD2;PSMC4;PSMB6;PSMD14;PSMD3;SEM1"
"Regulation Of Pyruvate Dehydrogenase (PDH) Complex R-HSA-204174",0.942307692307692,1,0.13880510939114,-0.165002178958661,-0.690021219390187,16,"PDHB;PDHA1;PDHX;RXRA"
"Regulation Of RUNX1 Expression And Activity R-HSA-8934593",0.962719298245614,1,0.01707634511757,0.192512386722497,0.549901123784247,17,"AGO3;PML;TNRC6C;AGO2;AGO4;SRC;AGO1;CBFB"
"Regulation Of RUNX3 Expression And Activity R-HSA-8941858",1,1,0.143902565267782,-0.146880835905529,-0.892775360711229,53,"PSMC5;PSMB7;PSMD8;PSME3;PSMD2;PSMC4;PSMB6;PSMD14;PSMD3;SEM1;RUNX3;PSMB2"
"Regulation Of TLR By Endogenous Ligand R-HSA-5686938",0.51431718061674,1,0.0487989701682839,0.344056017435782,0.987372426777732,18,"TLR6;APOB;GSDMD;TLR2;CD36;S100A9;LBP"
"Regulation Of TNFR1 Signaling R-HSA-5357905",0.48643006263048,1,0.0488970772260102,0.31358428561255,1.0088119964099,34,"RIPK1;CASP8;RBCK1;TNFRSF1A;OTULIN;RNF31;FADD;TRADD;TAX1BP1;SHARPIN;TRAF1"
"Regulation Of TP53 Activity R-HSA-5633007",0.937062937062937,1,0.0118236229287788,0.20484416277056,0.777207140836895,155,"RAD9A;RHNO1;TP73;BANP;MAPK14;AKT1;PRKAB2;AURKA;CSNK2A2;RNF34;RMI1;TP53INP1;TAF7L;TAF3;L3MBTL1;PML;RFFL;PRR5;EXO1;TAF11;DAXX;BRD1;BLM;TOP3A;PRDM1;SERPINA2;CHD3;TAF4;TPX2;MDM2;TP53;TAF5;ZNF385A;RFC4;MTOR;CHEK1;DPEP3;PLK3;RAD50;CHEK2;RAD17;ARTN;EP300;KAT6A;RFC5;BRPF3;BARD1;CSNK2B;TAF1L;CDK2;PRKAG3;RBBP8;BRD7;MRE11;SMYD2;TP53BP2;PPP1R13L"
"Regulation Of TP53 Activity Thru Acetylation R-HSA-6804758",0.895238095238095,1,0.0195287736089407,0.222270881980117,0.696839192860954,29,"AKT1;PML;BRD1;CHD3;TP53;DPEP3;EP300;KAT6A;BRPF3;BRD7"
"Regulation Of TP53 Activity Thru Methylation R-HSA-6804760",0.798458149779736,1,0.0281514818960232,0.270992491525626,0.777694620749202,18,"L3MBTL1;MDM2;TP53;CHEK2;EP300;SMYD2;SETD9;UBB;JMY"
"Regulation Of TP53 Activity Thru Phosphorylation R-HSA-6804756",0.669338677354709,1,0.0322153154599285,0.252385262130856,0.918652402337785,88,"RAD9A;RHNO1;MAPK14;PRKAB2;AURKA;CSNK2A2;RMI1;TP53INP1;TAF7L;TAF3;EXO1;TAF11;BLM;TOP3A;SERPINA2;TAF4;TPX2;MDM2;TP53;TAF5;RFC4;CHEK1;PLK3;RAD50;CHEK2;RAD17;ARTN;RFC5;BARD1;CSNK2B;TAF1L;CDK2;PRKAG3;RBBP8;MRE11"
"Regulation Of TP53 Degradation R-HSA-6804757",0.990595611285266,1,0.010787337352153,0.157438230403593,0.506996107025953,35,"AKT1;RNF34;RFFL;PRR5;DAXX;MDM2;TP53;MTOR"
"Regulation Of TP53 Expression And Degradation R-HSA-6806003",0.954214360041623,1,0.0138082722594766,0.187050770744029,0.606269474805757,36,"AKT1;RNF34;RFFL;PRR5;DAXX;PRDM1;MDM2;TP53"
"Regulation Of mRNA Stability By Proteins That Bind AU-rich Elements R-HSA-450531",0.804609218436874,1,0.0226556224333514,0.229661777714416,0.834777809352945,87,"HSPB1;PSMD5;MAPK14;MAPKAPK2;HSPA1A;AKT1;ZFP36L1;PSMA4;EXOSC1;PSME4;PSMB8;GPRC5A;TNFSF13;PSMF1;DCP1A;PSMA7;EXOSC8;EXOSC2;ANP32A;EXOSC9;PRKCD;PSMB10;PSMC1;ELAVL1;PSMB9"
"Removal Of Flap Intermediate From C-strand R-HSA-174437",0.804824561403509,1,0.0275182928235944,0.266868847060931,0.762296293761876,17,"POLD4;POLD2;POLD3;POT1;TINF2;POLD1"
"Resolution Of AP Sites Via Multiple-Nucleotide Patch Replacement Pathway R-HSA-110373",0.544491525423729,1,0.0444181153081573,0.314075153759332,0.966780065072848,25,"PARG;POLD4;POLD2;APEX1;POLD3;POLE4;RFC4;SLC19A1;POLD1;POLE;RFC5"
"Resolution Of Sister Chromatid Cohesion R-HSA-2500257",0.994994994994995,1,0.00382852089890286,0.151574991897134,0.560833073499242,104,"KIF2C;MIS12;SPDL1;STAG2;CDCA5;NUP37;NUP85;CENPH;KNTC1;SKA1;MAD1L1;NUF2;NDE1;NUP160;PMEPA1;KIF2B;SPC24;NUP98;CDCA8;RPS27;SGO2;NUP43;BUB1;MAD2L1;CENPF;ZWINT;DYNC1LI1;CLIP1;PDS5A;AHCTF1;B9D2;CENPP;CENPN;CENPE;CENPU;ZW10;SGO1;RANBP2;DSN1;CCNB1;PPP2R5E;SPC25;INCENP;CENPI;SMC3;CENPO"
"Response Of EIF2AK4 (GCN2) To Amino Acid Deficiency R-HSA-9633012",0.993987975951904,1,0.00434551079568136,0.150427047895174,0.552343358414588,97,"RPL13A;DDIT3;CEBPB;RPS28;CEBPG;EIF2S3;RPL7A;RPSA;RPL12;RPL6;GCN1;RPS4X;RPS3A;RPL7;RPS27;RPL26L1;RPS15A;RPL10L;RPL26;RPS24;GDNF;RPL29;TRIB3;RPL3L;EIF2S2;EIF2AK4;RPL10A;RPL36AL;ATF3;RPL39;RPL11;RPL37;RPL36A;RPL5;RPL4;RPS10;RPS11;RPL18A;RPL23A;RPL32"
"Retrograde Transport At Trans-Golgi-Network R-HSA-6811440",1,1,0.00617356336775808,0.122112018587631,0.411452979208269,46,"SYS1;GCC1;NAA30;USP6NL;VPS52;RAB43;COG2;COG8;VAMP4;RIC1"
"Rev-mediated Nuclear Export Of HIV RNA R-HSA-165054",0.560542797494781,1,0.0424170054438747,0.298556015480913,0.960465507476406,34,"NUP37;NUP85;NUP210;RNASE7;NUP153;NDC1;NUP160;POM121C;NUP93;NUP98;NUP43;NUP214;AAAS;RANBP2;NUP35;NUP42;RCC1;NUP205;NUP62;NUP155;NUP133;NUP188"
"Role Of GTSE1 In G2/M Progression After G2 Checkpoint R-HSA-8852276",0.498048119315348,1,NA,-0.140584711226293,-0.845708434768915,58,"PSMC5;HSP90AB1;PSMB7;PSMD8;PSME3;PSMD2;PSMC4;PSMB6;PSMD14;PSMD3;SEM1"
"Role Of Phospholipids In Phagocytosis R-HSA-2029485",0.971246006389776,1,0.0142522226913804,0.184686630166223,0.562996493657464,24,"TARP;FCGR1A;CD247;PLCG2;ITPR3;PRKCD;PLPP5;PIK3CA"
"S Phase R-HSA-69242",0.994005994005994,1,0.00354273909070668,0.159780453535271,0.606763156769535,160,"CDC25B;CDKN1A;STAG2;CDCA5;ANAPC16;PSMD5;ESCO2;AKT1;POLD4;PSMA4;PTK6;POLD2;PSME4;E2F4;POLD3;LIN37;PSMB8;POLE4;E2F5;PSMF1;RB1;CDK4;PSMA7;PMEPA1;ORC4;CDC45;MCM3;MCM6;RFC4;GINS4;PSMB10;PSMC1;SLC25A2;PSMB9;SLC19A1;MCM8;PSMB4;LIN52;POLD1;GINS1;PRIM2;CDC27;PDS5A;CCNE1;POLE;RFC5;ORC5;UBE2C;E2F1;CDK2;CABLES1;CDT1;TFDP1;GMNN;ORC6;LRIG1;CCNA1;POLA2;CKS1B;MYC;PSMB1;SMC3;GINS2;PSMD10;PRIM1;PSMD13;RBBP4;CDC23;PSMD9;WEE1;PSMA5;ANAPC4;PSMA1;UBE2D1;RFC3;PSMA6;UBB;PSME1;PSMB5;POLA1;MCM5;POLE2"
"SARS-CoV Infections R-HSA-9679506",0.986013986013986,1,0.0054335217582325,0.193891947713923,0.759950734514288,357,"HLA-E;CAV1;RIPK1;ST6GALNAC4;MOGAT2;B2M;HLA-F;IRF3;STING1;CYSLTR1;PDCD1;HLA-G;UBE2I;HLA-A;GEMIN2;IFNAR1;MASP1;HLA-C;NUP37;RPS28;ST6GAL1;NUP85;ISG15;AKT1;ST6GALNAC2;MAVS;GPC2;BRD4;GEMIN4;IL17F;VEGFA;ZDHHC9;PATJ;IKBKE;RIPK2;CD79A;SNRPE;CHMP4C;IFNA8;BRMS1L;IFNA4;SIKE1;FXYD4;IFNA5;TAB3;NUP210;PLCG2;PARP4;SNRPF;GPC4;RNASE7;NUP153;NDC1;MASP2;RPSA;HAVCR1;RB1;GEMIN7;TLR2;NOD2;IFNA14;IL6R;SFTPD;ITGB1;NUP160;CHD3;CTSL;IRAK2;GPC6;DDX20;RNF135;GPC5;CSNK1A1;RPS4X;RPS3A;TUFM;SEC23A;POM121C;SOS1;NUP93;MGAT4B;NUP98;ITGA4;CREBBP;ROCK1;EDEM2;DPEP3;TJP1;RPS27;IRAK1;SDC2;VPS39;NCK1;NUP43;MOGAT1;RPS15A;PHF21A;TYK2;AGRN;IRF7;BTK;CRB3;SNRPB;JAK2;TLR8;NUP214;HLA-B;SDC1;TLR7;SEC24D;IFNB1;AAAS;ZDHHC11;ST3GAL1;RPS24;TKFC;FKBP1A;PIK3R4;NFE2L2;IL17RC;IMPDH2;REST;PARP9;TLR1;ATP1B3;NLRP12;VPS45;TMPRSS2;TAB1;VPS16;TRAF6;PARP8;IL1R1;MBL2;SNRPD2;IKBKG;FNTA;VPS18;PDPK1;TLR9;RANBP2;ACE2;PRKCSH;NUP35;NUP42;CD79B"
"SARS-CoV-1 Infection R-HSA-9678108",0.951219512195122,1,0.0120226641890431,0.185275405975598,0.629632701323266,49,"CAV1;ST6GALNAC4;UBE2I;ST6GAL1;ST6GALNAC2"
"SARS-CoV-2 Infection R-HSA-9694516",0.898101898101898,1,0.0153676328786693,0.218833943644818,0.846389014034634,273,"HLA-E;CAV1;ST6GALNAC4;MOGAT2;B2M;HLA-F;IRF3;STING1;HLA-G;UBE2I;HLA-A;GEMIN2;IFNAR1;MASP1;HLA-C;NUP37;RPS28;ST6GAL1;NUP85;ISG15;AKT1;ST6GALNAC2;MAVS;GPC2;GEMIN4;IL17F;ZDHHC9;PATJ;IKBKE;RIPK2;SNRPE;CHMP4C;IFNA8;IFNA4;SIKE1;IFNA5;TAB3;NUP210;PARP4;SNRPF;GPC4;RNASE7;NUP153;NDC1;MASP2;RPSA;HAVCR1;RB1;GEMIN7;TLR2;NOD2;IFNA14;SFTPD;NUP160;CTSL;IRAK2;GPC6;DDX20;RNF135;GPC5;CSNK1A1;RPS4X;RPS3A;TUFM;SEC23A;POM121C;NUP93;MGAT4B;NUP98;CREBBP;EDEM2;TJP1;RPS27;IRAK1;SDC2;VPS39;NUP43;MOGAT1;RPS15A;TYK2;AGRN;IRF7;CRB3;SNRPB;TLR8;NUP214;HLA-B;SDC1;TLR7;SEC24D;IFNB1;AAAS;ZDHHC11;ST3GAL1"
"SARS-CoV-2 Modulates Host Translation Machinery R-HSA-9754678",0.876907426246185,1,0.0183208529217527,0.216350654154793,0.730741123278129,47,"GEMIN2;RPS28;GEMIN4;SNRPE;SNRPF;RPSA;GEMIN7;DDX20;RPS4X;RPS3A;RPS27;RPS15A;SNRPB"
"SARS-CoV-2-host Interactions R-HSA-9705683",0.486513486513487,1,0.0468819856878333,0.264205580437422,1.01112048044563,188,"HLA-E;CAV1;B2M;HLA-F;IRF3;STING1;HLA-G;HLA-A;GEMIN2;IFNAR1;MASP1;HLA-C;NUP37;RPS28;NUP85;ISG15;AKT1;MAVS;GEMIN4;IL17F;PATJ;IKBKE;RIPK2;SNRPE;IFNA8;IFNA4;SIKE1;IFNA5;TAB3;NUP210;SNRPF;RNASE7;NUP153;NDC1;MASP2;RPSA;GEMIN7;TLR2;NOD2;IFNA14;SFTPD;NUP160;IRAK2;DDX20;RNF135;RPS4X;RPS3A;TUFM;SEC23A;POM121C;NUP93;NUP98;CREBBP;TJP1;RPS27;IRAK1;VPS39;NUP43;RPS15A;TYK2;IRF7;CRB3;SNRPB;TLR8;NUP214;HLA-B;TLR7;SEC24D;IFNB1;AAAS;RPS24;TKFC;PIK3R4;IL17RC;TLR1;NLRP12;VPS45;TAB1;VPS16;TRAF6;MBL2;SNRPD2;IKBKG;VPS18;PDPK1;RANBP2;NUP35;NUP42"
"SHC-mediated cascade:FGFR1 R-HSA-5654688",0.736275565123789,1,0.0310617758113358,0.282756350786421,0.836217896811896,20,"FGF9;FGF3;FGF8;FGF23;FGF4;SOS1;FGF22;FGFR1;FGF5;KL;FGF6;SHC1;FGF1"
"SHC-mediated cascade:FGFR2 R-HSA-5654699",0.66096256684492,1,0.0359208664409425,0.299194630426412,0.896896583309316,22,"FGF9;FGF3;FGF8;FGF23;FGFR2;FGF4;SOS1;FGF22"
"SHC-mediated cascade:FGFR3 R-HSA-5654704",0.916666666666667,1,0.0202691096367175,0.219317338686778,0.62646800583838,17,"FGF9;FGF8;FGF23;FGF4;SOS1;FGF5;FGF18;SHC1;FGF1;NRAS"
"SHC-mediated cascade:FGFR4 R-HSA-5654719",0.60196292257361,1,0.0411544018789903,0.320412432039222,0.931978918586293,19,"FGF19;FGFR4;FGF9;FGF8;FGF23;FGF4;SOS1"
"SHC1 Events In ERBB2 Signaling R-HSA-1250196",0.977346278317152,1,0.0147735037814303,0.177921240846411,0.529121089768296,21,"BTC;SOS1;PRKCD;EGFR;EGF;SHC1;NRG4;NRG1;ERBB2;NRAS;HBEGF;ERBB3;EREG;HRAS;PTPN12;PRKCA"
"SIRT1 Negatively Regulates rRNA Expression R-HSA-427359",0.539665970772443,1,0.0441523058441465,0.303833565234391,0.977443576044347,34,"H2BC11;TAF1A;H3C13;H2AC19;H2BC15;H2BC1;H2AX;RRP8;H3C7;H2AC14;TAF1C;TBP;H2AC7;H2BC13;H2BC3;H2BC5;H2BC9;H2AC20;H2BC17;H2AZ2;TAF1D;TAF1B;H2BC14"
"SRP-dependent Cotranslational Protein Targeting To Membrane R-HSA-1799339",1,1,0.00250132493941571,0.112235813983925,0.415999242680287,106,"RPL13A;RPS28;RPL7A;RPSA;RPL12;RPL6;SEC61A1;RPS4X;RPS3A;RPL7;TRAM1;SRP54;SRPRA;RPS27;RPL26L1;SPCS2;RPS15A;RPL10L;RPL26;SRP68;SPCS3;SEC11A;SEC11C;RPS24;RPL29;RPL3L;RPL10A;RPL36AL;SSR2;RPL39;RPL11;RPL37;RPL36A;RPL5;RPL4;RPS10;RPS11;RPL18A;RPL23A;RPL32;RPN1;RPS2;SRPRB;RPL21;SSR3"
"SUMO E3 Ligases SUMOylate Target Proteins R-HSA-3108232",0.859140859140859,1,0.0184736429135616,0.223118409468381,0.849025635003577,166,"TDG;HIC1;PCGF2;UBE2I;STAG2;NUP37;NUP85;NR5A1;TFAP2B;AURKA;NR5A2;IKBKE;DNMT3B;SP100;NUP210;PML;RNF2;RNASE7;DAXX;BLM;TP53BP1;NUP153;NDC1;NSMCE3;NFKBIA;NUP160;NSMCE4A;CHD3;PMEPA1;NSMCE1;PPARG;MDM2;TP53;NOP58;SMC6;RAD52;POM121C;MRTFA;NUP93;NUP98;CREBBP;CDCA8;NUP43;ZNF131;CBX8;L3MBTL2;NR1H4;NUP214;EP300;AREG;AAAS;TOPORS;PIAS2;NCOA1;SUZ12;VDR;CBX2"
"SUMOylation Of Chromatin Organization Proteins R-HSA-4551638",0.620934959349594,1,0.0364548541965309,0.273571217865312,0.941553383199367,55,"PCGF2;UBE2I;NUP37;NUP85;NUP210;RNF2;RNASE7;NUP153;NDC1;NUP160;CHD3;POM121C;NUP93;NUP98;NUP43;CBX8;L3MBTL2;NUP214;AAAS;PIAS2;SUZ12;CBX2;RING1;RANBP2;NUP35;NUP42;NUP205;SUMO1;NUP62;HDAC4;NUP155;NUP133;NUP188"
"SUMOylation Of Intracellular Receptors R-HSA-4090294",0.925925925925926,1,0.0173129588067077,0.209589963533614,0.657083373761865,29,"UBE2I;NR5A1;NR5A2;PPARG;NR1H4;AREG;PIAS2;VDR;PIAS4;SUMO1;PIAS3;HDAC4;ESR1;NR1H3;NR2C1;NR3C1;PPARA;NR3C2;THRB"
"SUMOylation Of Transcription Cofactors R-HSA-3899300",0.751279426816786,1,0.0275182928235944,0.253064891325341,0.840424622921477,42,"PCGF2;UBE2I;RNF2;DAXX;MRTFA;CREBBP;ZNF131;CBX8;EP300;TOPORS;PIAS2;NCOA1;CBX2;NRIP1;RING1;PIAS4;SUMO1;PIAS3;PPARGC1A"
"SUMOylation R-HSA-2990846",0.896103896103896,1,0.0155348639580133,0.215636486637619,0.8223420119266,172,"TDG;HIC1;PCGF2;UBE2I;STAG2;NUP37;NUP85;NR5A1;TFAP2B;AURKA;NR5A2;IKBKE;DNMT3B;SP100;NUP210;PML;RNF2;RNASE7;DAXX;BLM;TP53BP1;NUP153;NDC1;NSMCE3;NFKBIA;NUP160;NSMCE4A;CHD3;PMEPA1;NSMCE1;PPARG;MDM2;TP53;NOP58;SMC6;RAD52;POM121C;MRTFA;NUP93;NUP98;CREBBP;CDCA8;NUP43;ZNF131;CBX8;L3MBTL2;NR1H4;NUP214;EP300;AREG;AAAS;TOPORS;PIAS2;NCOA1;SUZ12;VDR;SENP1;CBX2"
"Selenoamino Acid Metabolism R-HSA-2408522",1,1,0.0014426950408889,0.127709076624452,0.475557659978716,112,"HNMT;RPL13A;RARS1;RPS28;SEPSECS;PAPSS2;RPL7A;NNMT;RPSA;RPL12;SECISBP2;RPL6;AIMP2;RPS4X;RPS3A;GNMT;RPL7;SCLY;RPS27;RPL26L1;RPS15A;RPL10L;RPL26;MAT1A;RPS24;RPL29;RPL3L;LARS1;RPL10A;VSIG2;RPL36AL;RPL39;RPL11;RPL37;RPL36A;RPL5;AIMP1;RPL4;RPS10;TXNRD1;RPS11;RPL18A;KARS1;RPL23A;RPL32;QARS1;EEFSEC;RPS2;RPL21;GSR"
"Sema3A PAK Dependent Axon Repulsion R-HSA-399954",0.548076923076923,1,0.186432558434075,-0.228006303843116,-0.953497637421461,16,"HSP90AB1;PLXNA4;FYN"
"Senescence-Associated Secretory Phenotype (SASP) R-HSA-2559582",0.877386934673367,1,0.0174698106128933,0.213026360637682,0.76505550299528,77,"IGFBP7;CDKN2C;CDKN1A;CEBPB;ANAPC16;H2BC11;FOS;MAPK7;CDK4;RPS6KA3;H3C13;H2AC19;H2BC15;H2BC1;H2AX;H3C7;CDC27;VENTX;H2AC14;UBE2C;CDK2;IL1A;CXCL8;H2AC7;H2BC13;H2BC3;CCNA1;H2BC5;CDC23;IL6;STAT3;ANAPC4;H2BC9;UBE2D1;H2AC20;H2BC17;UBB"
"Sensory Processing Of Sound By Outer Hair Cells Of Cochlea R-HSA-9662361",0.660931174089069,1,0.0333092817548776,0.265282019767554,0.90998688998379,53,"MYH9;EPS8;ESPN;KCNMB1;CHRNA10;TMIE;STRC;MSN;MYO1E;ESPNL;KCNQ4;GSN;GRXCR2;MYO3A;WHRN;MYO3B;KIF20B;GRXCR1;SLC26A5;USH1G;TRIOBP;OTOG;PLS1;CLIC5;MYO7A;TMC1;OTOGL;CHRNA9;CIB2;CASK"
"Signal Transduction By L1 R-HSA-445144",0.800861141011841,1,0.0268158762373842,0.264608135260619,0.782546732306956,20,"CSNK2A2;ITGA5;ITGB1;VAV2;FGFR1;CSNK2B;EGFR;PKN1;ITGA9"
"Signaling By ALK Fusions And Activated Point Mutants R-HSA-9725370",0.774390243902439,1,0.0255522951965404,0.240309972220342,0.827077750087021,55,"MYH9;FN1;STRN;TPM4;CEBPB;BCL2A1;EEF1G;MSN;CARS1"
"Signaling By ALK R-HSA-201556",0.965921192758253,1,0.0146874349112173,0.178206379806298,0.550184387520324,26,"IL2RG;PRDM1;HIF1A;PIK3CA;EP300;CD274;SRC;HDAC3;MYC;PTN;SHC1;PLCG1;STAT3;FRS2;HDAC1;PTPN6"
"Signaling By Activin R-HSA-1502540",0.788353863381859,1,0.0296354881939192,0.281531216341185,0.78015584249811,15,"INHBA;ACVR2B;ACVR1C;SMAD2;SMAD3"
"Signaling By BRAF And RAF1 Fusions R-HSA-6802952",0.736363636363636,1,0.0278699114874201,0.247429823233102,0.862292556480125,62,"FN1;VWF;TLN1;CNKSR1;ESRP1;ARRB2;IQGAP1;MARK3;KSR2;RAP1B;CLCN6;RNASE3"
"Signaling By CSF3 (G-CSF) R-HSA-9674555",0.985185185185185,1,0.0125099843193737,0.152563540936476,0.478300413347409,29,"CUL5;CSF3;HCK;TYK2;JAK2;STAT5B;CSF3R;ELOB;SHC1;UBE2D3;ELOC;STAT3;UBE2D1;UBB;SYK;NRAS"
"Signaling By EGFR In Cancer R-HSA-1643713",0.964856230031949,1,0.0147735037814303,0.187697481604591,0.567485589029487,23,"CBL;BTC;TGFA;SOS1;EPGN;PIK3CA;AREG;EGFR;EGF;SHC1;PLCG1"
"Signaling By ERBB2 In Cancer R-HSA-1227990",0.517241379310345,1,0.261663521711573,-0.218553540083358,-0.994175819789682,25,"PIK3R1;GRB2"
"Signaling By ERBB2 KD Mutants R-HSA-9664565",0.492063492063492,1,0.257206466468838,-0.223041969857911,-1.01393466200201,24,"PIK3R1;GRB2"
"Signaling By ERBB2 R-HSA-1227986",0.98880976602238,1,0.0078803141868031,0.15860319228492,0.53653744334397,48,"BTC;CUL5;PTPN18;AKT1;PTK6"
"Signaling By ERBB2 TMD/JMD Mutants R-HSA-9665686",0.973333333333333,1,0.163180127180689,-0.153021388905123,-0.671532920916995,21,"GRB2;CDC37;HSP90AA1;ERBB4;NRG3;NRG2;ERBIN;HRAS;EREG;ERBB3;HBEGF;NRAS;ERBB2;NRG1;NRG4;PLCG1;SHC1;EGF;EGFR"
"Signaling By FGFR In Disease R-HSA-1226099",0.948275862068966,1,0.0121212734616549,0.185862327690922,0.645401659667665,61,"BAG4;FGFR4;FGF9;FGF3;FGF8;FGF23;GTF2F1;FGFR2;NCBP1;FGF4;SOS1;FGF22;POLR2K;PIK3CA;FGFR1;STAT5B;FGF5;CPSF6;TRIM24;POLR2B;FGF18;GTF2F2;POLR2D"
"Signaling By FGFR1 In Disease R-HSA-5655302",0.479077318872125,1,0.203508959461977,-0.17140380262206,-0.952585026416029,36,"PIK3R1;GRB2;FGFR1OP2"
"Signaling By FGFR1 R-HSA-5654736",0.437014234094236,1,0.203508959461977,-0.165020395346031,-0.977467994851009,48,"PIK3R1;GRB2;PPP2CA;PPP2CB"
"Signaling By FGFR2 IIIa TM R-HSA-8851708",0.611764705882353,1,0.195789002148949,-0.212520769684301,-0.916355954504774,19,"NCBP2;POLR2E;POLR2A;POLR2C;FGF13;POLR2F;POLR2I;POLR2G;POLR2L;POLR2H;POLR2J;FGF1;POLR2D;GTF2F2;POLR2B;POLR2K;NCBP1;FGFR2;GTF2F1"
"Signaling By FGFR2 In Disease R-HSA-5655253",0.965199590583419,1,0.0113146012252547,0.181290656833347,0.602063490950537,42,"FGF9;FGF3;FGF8;FGF23;GTF2F1;FGFR2;NCBP1;FGF4;SOS1;FGF22;POLR2K;PIK3CA;FGF5;POLR2B;FGF18;GTF2F2;POLR2D"
"Signaling By FGFR3 In Disease R-HSA-5655332",0.546666666666667,1,0.222056046145248,-0.223155769404745,-0.979316987775888,21,"PIK3R1;GRB2"
"Signaling By Hedgehog R-HSA-5358351",0.838161838161838,1,0.0200480391102353,0.224881405285899,0.846819144581361,134,"GPR161;PSMD5;SPOPL;ARRB2;IQCE;NOTUM;INTU;ADCY4;PSMA4;EVC2;SYVN1;P4HB;SCUBE2;ADAM17;ADCY9;PSME4;DYNC2H1;SUFU;IFT172;DISP2;PTCH2;PSMB8;OFD1;GAS8;IFT52;PSMF1;IHH;PSMA7;SMOX;GPC5;CSNK1A1;GAS1;ADCY7;WDR19;SMURF2;KIF7;PRKAR2A;IFT88;PSMB10;PSMC1;PSMB9;TTC21B"
"Signaling By Hippo R-HSA-2028269",0.51237890204521,1,0.047925896705813,0.336062006311807,0.993862961291057,20,"WWTR1;SAV1;MOB1B;YAP1;CASP3"
"Signaling By KIT In Disease R-HSA-9669938",0.529411764705882,1,0.211400189384923,-0.2290482881168,-0.987620000608626,19,"PIK3R1;GRB2"
"Signaling By MET R-HSA-6806834",0.497979797979798,1,0.0463227785794633,0.289920748142129,1.01037336496251,62,"LAMA4;LAMA5;CBL;LAMC1;HGFAC;MUC20;LAMC3;ARF6;RAP1B;ITGA3;LMNB2;TNS4;ITGB1;CRKL;LAMB3;HPN;SOS1;PTPN1;USP8;PIK3CA;ITGA2;TNS3"
"Signaling By NODAL R-HSA-1181150",0.516684607104413,1,0.0475434194201301,0.335039401487995,0.990838730526093,20,"FOXO3;ACVR2B;DAND5;CFC1;LEFTY1;ACVR1C;LEFTY2;SMAD2;SMAD3;FURIN;NODAL"
"Signaling By NOTCH R-HSA-157118",0.985014985014985,1,0.00562708211299112,0.180722044840136,0.692272848882664,198,"ACTA2;NOTCH3;JAG1;MAMLD1;PSMD5;B4GALT1;AKT1;PLXND1;ARRB2;H2BC11;FLT4;SIRT6;PSMA4;MFNG;NOTCH4;POFUT1;ADAM17;POGLUT1;DLK1;APH1B;AGO3;CREB1;MAML3;PSMB8;PRKCI;TACC3;PSMF1;IKZF1;PSMA7;TP53;TLE1;H3C13;H2AC19;H2BC15;H2BC1;DLL4;RBPJ;MAML2;HEY1;CREBBP;PSMB10;PSMC1;DLL1;PSMB9;HIF1A;H2AX;TNRC6C;PSMB4;H3C7;EP300;DLGAP5;NOTCH1;AGO2;HES5;H2AC14;E2F1;NOTCH2;YBX1;TMED2;EGFR;SNW1;AGO4;TFDP1;H2AC7;FCER2;WWP2;H2BC13;H2BC3;HEYL;EGF;SMAD3;HDAC3;FURIN;MYC;PSMB1;SEL1L;H2BC5;ATP2A1;PSMD10;PSMD13;KAT2B;CDK8;PSMD9;AGO1;HDAC4;PSMA5;NBEA;CCNC;PSMA1;H2BC9;H2AC20;HDAC10;PSMA6;H2BC17;UBB;PSME1;PSMB5;JAG2"
"Signaling By NOTCH1 R-HSA-1980143",0.998990918264379,1,0.00480899561354898,0.126370652049546,0.448157127583965,72,"JAG1;MAMLD1;ARRB2;ADAM17;DLK1;APH1B;MAML3;TLE1;DLL4;RBPJ;MAML2;HEY1;CREBBP;DLL1;HIF1A;EP300;NOTCH1;HES5"
"Signaling By NOTCH2 R-HSA-1980145",0.558237145855194,1,0.042845050912155,0.30386277969612,0.959146883803311,30,"JAG1;MAMLD1;APH1B;CREB1;MAML3;DLL4;RBPJ;MAML2;DLL1;EP300;HES5;NOTCH2"
"Signaling By NOTCH4 R-HSA-9013694",0.883534136546185,1,0.0169176756264572,0.212789564139841,0.76625320059265,79,"ACTA2;JAG1;MAMLD1;PSMD5;AKT1;FLT4;PSMA4;NOTCH4;APH1B;MAML3;PSMB8;TACC3;PSMF1;PSMA7;DLL4;RBPJ;MAML2;HEY1;CREBBP;PSMB10;PSMC1;PSMB9;PSMB4;EP300;NOTCH1;HES5"
"Signaling By Non-Receptor Tyrosine Kinases R-HSA-9006927",0.626016260162602,1,0.0360729976388226,0.273852865804792,0.934020377788179,51,"EPAS1;CBL;BTC;PXDN;AKT1;GPNMB;PTK6"
"Signaling By Nuclear Receptors R-HSA-9006931",0.998001998001998,1,0.00204130030921835,0.174913973504004,0.675477537069255,255,"CAV1;BTC;RXRG;STAG2;STRN;ZNF217;GNG11;AKT1;MMP3;H2BC11;GATA3;NR5A2;TGFA;FOXO3;FOS;POU2F1;SPHK1;AKR1C3;AGO3;CREB1;PIK3R3;RDH10;CYP26C1;GNAT3;RARG;GREB1;ABCG5;MMP9;ABCA1;ALDH1A2;CETP;PMEPA1;NCOA3;GTF2F1;H3C13;H2AC19;DAND5;KCTD6;H2BC15;FKBP5;H2BC1;KDM3A;EPGN;CREBBP;KDM4A;POLR2K;CDK9;ABCG8;PDHA2;ADH1A;PPARD;USF1;GNB4;RDH5;H2AX;TNRC6C;CAV2;H3C7;PIK3CA;LDHD;EP300;AREG;GTF2A1;AGO2;EBAG9;BCL2;H2AC14;GDNF;ALDH1A3;NCOA1;MYB;TFF3;DHRS4;GNGT1;GNG10;EEPD1;EGFR;DHRS9;PDK4;POLR2B;GNG8;GNG13;AGO4;ADH7;GNB3;GTF2F2;POLR2D;CRABP2;TBP;NANOS3;NRIP1;H2AC7;SRC;H2BC13;KCNH8;H2BC3;PDPK1;EGF;HDAC3;GPAM;FOXA1;GNG12;FABP6;CRABP1;DHRS3;TFF1;MYC"
"Signaling By PDGFR In Disease R-HSA-9671555",0.435294117647059,1,0.234392647294686,-0.246863600602643,-1.06443681104093,19,"PIK3R1;GRB2"
"Signaling By ROBO Receptors R-HSA-376176",1,1,0,0.104179179536072,0.399203661813209,205,"SLIT3;RPL13A;LHX3;RPS28;PSMD5;GSPT2;PSMA4;ROBO3;DCC;VASP;FLRT3;PSME4;RPL7A;PSMB8;RNPS1;RPSA;NTN1;ZSWIM8;PSMF1;MAGOHB;RPL12;RPL6;PSMA7;LHX9;SLIT2;RPS4X;RPS3A;NCBP1;RPL7;USP33;SOS1;PRKAR2A;PSMB10;PSMC1;RPS27;RPL26L1;NCK1;RPS15A;PSMB9;PFN1;RPL10L;RPL26;ISL1;PSMB4;NCK2;AKAP5;RPS24;COL4A5;RPL29;ELOB;ABL2;RPL3L;UPF3A;ROBO1;MSI1;RPL10A;RPL36AL;SOS2;SRC;PKN1;RPL39;RPL11;UPF3B;RPL37;RPL36A;PSMB1;RPL5;ABL1;PSMD10;RPL4;ETF1;RPS10;PSMD13;ELOC;PSMD9;PSMA5;RPS11;RPL18A;RPL23A;RPL32;ARHGEF7;PSMA1;ROBO2"
"Signaling By Receptor Tyrosine Kinases R-HSA-9006934",0.992007992007992,1,0.00409492237559551,0.196824596291917,0.781034843732144,494,"COL4A1;PDGFRB;LAMA4;COL4A2;HSPB1;CAV1;ID3;LAMA5;ID1;MAPK12;CDH5;LYL1;COL6A1;CBL;LAMC1;HGFAC;BTC;SH2B3;PDGFB;SH2B2;MUC20;IGF2;LAMC3;ADORA2A;FOSL1;ESRP1;PGF;IL2RG;MAPK14;MAPKAPK2;CUL5;PXDN;LCK;PTPN18;THEM4;AKT1;FGF19;NCKAP1L;FLT4;COL9A1;NTRK3;FGFR4;FGF9;VEGFA;COL6A2;TGFA;FOS;SH2D2A;FGF3;SPARC;ATP6V0E1;PTK6;SOCS6;ARF6;MXD4;GRB10;YAP1;SPHK1;FLRT3;PLAT;WASF2;NCF2;STAT6;COL6A5;ADAM17;ARC;EGR4;AXL;FGFRL1;APH1B;CILP;CREB1;PIK3R3;MAPK7;RAP1B;ITGA3;FGF8;PRR5;KIT;DUSP3;ATP6V1C2;PRDM1;MMP9;LMNB2;TNS4;ITPR3;ATP6V1E2;PDGFC;BAX;RPS6KA3;EGR1;ITGB1;CXXC1;FGF23;GRAP2;GTF2F1;FLT1;FER;FGFR2;MAPKAPK3;CRKL;NCF1;COL6A6;ADCYAP1;GRAP;LAMB3;VAV2;NCBP1;FGF4;ATP6V1B1;HPN;ATP6V0A2;SOS1;FGF22;MTOR;EPGN;ATP6V0D2;ROCK1;POLR2K;PRKCD;VEGFC;COL6A3;CHEK1;PTPN1;CSK;TEC;PDE3B;NCK1;DUSP4"
"Signaling By Retinoic Acid R-HSA-5362517",0.805954825462012,1,0.0239329549624917,0.241777746817357,0.795447133626764,40,"RXRG;AKR1C3;RDH10;CYP26C1;RARG;ALDH1A2;PDHA2;ADH1A;PPARD;RDH5;LDHD;ALDH1A3;DHRS4;DHRS9;PDK4;ADH7;CRABP2;PDPK1;CRABP1;DHRS3;RARB;SDR16C5;ALDH1A1;PDK3;RDH13;CYP26B1;CYP26A1"
"Signaling By SCF-KIT R-HSA-1433557",0.515864892528147,1,0.0453152441270267,0.29926127089422,0.993842090971597,42,"CBL;SH2B3;SH2B2;LCK;SOCS6;GRB10;PIK3R3;KIT;MMP9;GRAP2;FER;GRAP;SOS1;CHEK1;TEC;JAK2;PIK3CA;STAT5B"
"Signaling By TGF-beta Receptor Complex R-HSA-170834",0.561122244488978,1,0.0404934829859503,0.267008014907757,0.973911446610634,90,"TGFBR2;COL1A2;CBL;ITGB5;WWTR1;PPP1CA;PARD6A;ITGA8;TGFB1;E2F4;TGFB3;LTBP4;PARD3;TGIF1;E2F5;PPP1R15A;ITGB1;PMEPA1;ZFYVE9;TGIF2;ATP1B4;ITGB6;DAND5"
"Signaling By Type 1 Insulin-like Growth Factor 1 Receptor (IGF1R) R-HSA-2404192",0.6417004048583,1,0.0347156757446657,0.268400014780112,0.920682430476691,53,"IGF2;THEM4;FGF19;FGFR4;FGF9;FGF3;CILP;FGF8;FGF23;FGFR2;FGF4;SOS1;FGF22;PDE3B;PIK3CA;FGFR1;FGF5;IGF1;PIK3R4;TRIB3;KL;FGF18;FLT3;PDPK1;TLR9;FGF6;FLT3LG;SHC1;IRS2"
"Signaling By VEGF R-HSA-194138",0.814629258517034,1,0.0219398252709772,0.227667173740565,0.840498460349784,102,"HSPB1;CAV1;MAPK12;CDH5;PGF;MAPK14;MAPKAPK2;PXDN;THEM4;AKT1;NCKAP1L;FLT4;VEGFA;SH2D2A;SPHK1;WASF2;NCF2;AXL;PRR5;ITPR3;FLT1;MAPKAPK3;NCF1;VAV2;MTOR;ROCK1;PRKCD;VEGFC;NCK1;MAPK13;CYFIP1;NCK2;PIK3CA;KDR"
"Signaling By WNT In Cancer R-HSA-4791275",0.873958333333333,1,0.0200480391102353,0.223874206621974,0.718312522000728,33,"KREMEN2;CTBP2;DKK2;TNKS;FZD6;TCF7L2;FZD4;CSNK1A1;KREMEN1;DKK4;AMER1;FZD8;WNT3A;PROC"
"Signaling By WNT R-HSA-195721",1,1,0,0.146179898348186,0.567303567591602,290,"CAV1;BCL9L;KREMEN2;PSMD5;RAC2;GNG11;DACT1;CTBP2;AKT1;ARRB2;SOX4;H2BC11;WIF1;PARD6A;DKK2;CSNK2A2;PSMA4;CSNK1G2;SOST;PRKG2;VPS26A;SCRIB;BCL9;SOX17;PSME4;WNT1;TNKS;RSPO1;FZD6;AGO3;PSMB8;TCF7L2;PSMF1;ITPR3;FZD4;CCDC88C;PSMA7;WNT9A;WNT7B;NCOA3;CXXC4;TLE1;PLCB3;H3C13;H2AC19;RSPO2;CSNK1A1;PYGO1;TCF7;H2BC15;PLCB2;H2BC1;KREMEN1;SMURF2;DVL3;WNT2;CREBBP;SOX13;NFATC1;PSMB10;PSMC1;CHD8;PSMB9;PFN1;USP8;SOX3;GNB4;H2AX;FZD7;DKK4;TNRC6C;PSMB4;WNT8A;H3C7;VANGL2;EP300;CDC73;AMER1;FZD8;SOX6;AGO2;LGR6;TCF7L1;H3-4;H2AC14;CSNK2B"
"Signaling To ERKs R-HSA-187687",0.969791666666667,1,0.0125099843193737,0.176724980239065,0.567031674490329,33,"MAPK12;MAPK14;MAPKAPK2"
"Signaling To RAS R-HSA-167044",0.826608505997819,1,0.0258331720982323,0.262231430040867,0.762748695590275,19,"MAPK12;MAPK14;MAPKAPK2"
"Sphingolipid De Novo Biosynthesis R-HSA-1660661",0.840327533265097,1,0.0213630317196063,0.228172871494132,0.759061578648398,43,"ACER2;PRKD1;CERS3;CSNK1G2;SPHK1;ORMDL1;ALDH3B1;PRKD2;ACER1;DEGS2;SGMS2;SPTLC1;ACER3"
"Sphingolipid Metabolism R-HSA-428157",0.902805611222445,1,0.0151993170205216,0.205632005424317,0.747434060335538,87,"NEU4;ARSK;ACER2;PRKD1;CERS3;NAT8;CSNK1G2;SMPD2;SPHK1;ARSB;ORMDL1;ALDH3B1;ARSA;PRKD2;ACER1;ENPP7;B4GALNT1;DEGS2;SGMS2;SFTPA2;SPTLC1;ACER3;ESYT2;NEU2;SGPP2;ARSH;CTSA;ORMDL2"
"Stabilization Of P53 R-HSA-69541",0.461292802655026,1,0.203508959461977,-0.162448484931551,-1.03990395729868,55,"PSMC5;PSMB7;PSMD8;PHF20;PSME3;PSMD2;PSMC4;PSMB6;PSMD14;PSMD3;SEM1"
"Sulfur Amino Acid Metabolism R-HSA-1614635",0.512247071352503,1,0.0474483193656297,0.322558587901558,0.983283705075109,24,"SQOR;MPST;MTRR;SLC25A10;ADO;GADL1;MAT1A;MTAP;VSIG2;BHMT;CSAD;MTR;GOT2"
"Synaptic Adhesion-Like Molecules R-HSA-8849932",0.533333333333333,1,0.224966093540314,-0.229435073968571,-1.00687365658699,21,"RTN3;DLG1;LLGL1;GPRIN1;PTPRS;PTPRD;GRIA1"
"Syndecan Interactions R-HSA-3000170",0.745963401506997,1,0.0304180507344859,0.280481368345494,0.829489909883416,20,"ITGB5;TNNI3;TGFB1;ITGB1;SDC2;SDC1;ITGA2;THBS1"
"Synthesis Of Bile Acids And Bile Salts R-HSA-192105",0.823590814196242,1,0.0236501012290726,0.240592636084679,0.773995218083056,34,"PTGIS;AKR1C2;HSD3B7;AKR1C3;AKR1C1;OSBPL3;BAAT;SYCP2;ACOX2;OSBPL9;NR1H4;NCOA1;CYP39A1;AKR1C4;CYP7A1;ABCB11"
"Synthesis Of DNA R-HSA-69239",0.999000999000999,1,0.0014426950408889,0.131716409753676,0.49215474693087,118,"ANAPC16;PSMD5;POLD4;PSMA4;POLD2;PSME4;POLD3;PSMB8;POLE4;PSMF1;PSMA7;ORC4;CDC45;MCM3;MCM6;RFC4;GINS4;PSMB10;PSMC1;SLC25A2;PSMB9;SLC19A1;MCM8;PSMB4;POLD1;GINS1;PRIM2;CDC27;CCNE1;POLE;RFC5;ORC5;UBE2C;CDK2;CDT1;GMNN;ORC6;LRIG1;CCNA1;POLA2;PSMB1;GINS2;PSMD10;PRIM1;PSMD13;CDC23;PSMD9;PSMA5;ANAPC4;PSMA1;UBE2D1;RFC3;PSMA6;UBB;PSME1;PSMB5;POLA1;MCM5;POLE2"
"Synthesis Of Glycosylphosphatidylinositol (GPI) R-HSA-162710",0.809471365638767,1,0.0274480081801021,0.269855970926791,0.774433032388916,18,"PIGH;PIGV;PIGG;PIGL;PIGB;PIGY;PIGZ;PIGM;PIGF;PIGO;PIGA;PIGW;PIGC"
"Synthesis Of IP3 And IP4 In Cytosol R-HSA-1855204",0.429179978700745,1,0.0555947097758869,0.338079166407778,1.04376666708355,26,"INPP5B;PLCD1;INPP5D;PLCE1;INPP5J;PLCG2;ITPKC;PLCB3;PLCH1;PLCB2"
"Synthesis Of PIPs At Early Endosome Membrane R-HSA-1660516",0.915367483296214,1,0.0212906370865403,0.225141777599348,0.633062764286603,16,"PIK3C2A;PIKFYVE;MTMR4;INPP4B;PIK3R4;PI4K2A;MTMR12"
"Synthesis Of PIPs At Golgi Membrane R-HSA-1660514",0.8125,1,0.0270265157079683,0.262183744053667,0.748913552772575,17,"PIK3C2A;PIK3C2G;PIKFYVE;TPTE;INPP5E;PIK3R4;PI4K2A"
"Synthesis Of Substrates In N-glycan Biosythesis R-HSA-446219",0.432896064581231,1,0.0526973085708419,0.300257339971606,1.0480278930331,63,"ST6GALNAC4;NEU4;ST6GAL1;ST6GALNAC2;GMPPA;ST6GALNAC5;GMPPB;SLC35C1;ST8SIA1;GFPT1;GFUS;ST8SIA4;SLPI;DPM3;ST8SIA2;DHDDS;ALG5;RENBP;AMDHD2;PMM2;GMDS;NANP;ST3GAL1"
"Synthesis Of Very Long-Chain Fatty acyl-CoAs R-HSA-75876",0.682539682539683,1,0.216542836735348,-0.188753027574708,-0.85805930308873,24,"ACSL3;ELOVL4;ACSL4;HACD3;HACD2;ELOVL2;TECR;HSD17B3;ACSL6"
"TAK1-dependent IKK And NF-kappa-B Activation R-HSA-445989",0.788775510204082,1,0.0247790185105207,0.243305735678086,0.813825911059861,44,"NLRX1;CASP8;AGER;TIFA;RIPK2;NLRC5;TAB3;NOD2;NFKBIA;IRAK2;TP53;IRAK1;NKIRAS2;TAB1;TRAF6;IKBKG;S100A12;IKBIP;USP18;USP14;ALPK1;IKBKB;NFKBIB;TANK;MAP3K7"
"TCF Dependent Signaling In Response To WNT R-HSA-201681",0.964035964035964,1,0.00881182919930239,0.196751759972127,0.753699401903385,194,"CAV1;BCL9L;KREMEN2;PSMD5;DACT1;AKT1;SOX4;H2BC11;WIF1;DKK2;CSNK2A2;PSMA4;CSNK1G2;SOST;BCL9;SOX17;PSME4;WNT1;TNKS;RSPO1;FZD6;PSMB8;TCF7L2;PSMF1;FZD4;CCDC88C;PSMA7;WNT9A;CXXC4;TLE1;H3C13;H2AC19;RSPO2;CSNK1A1;PYGO1;TCF7;H2BC15;H2BC1;KREMEN1;SMURF2;DVL3;CREBBP;SOX13;PSMB10;PSMC1;CHD8;PSMB9;USP8;SOX3;H2AX;DKK4;PSMB4;WNT8A;H3C7;EP300;CDC73;AMER1;FZD8;SOX6;LGR6;TCF7L1;H3-4;H2AC14;CSNK2B"
"TCR Signaling R-HSA-202403",0.974974974974975,1,0.00759591053352814,0.176608894175322,0.657005497991204,111,"TRAT1;PSMD5;ITK;LCK;TARP;INPP5D;CD3E;PSMA4;RIPK2;HLA-DQA2;VASP;LCP2;FYB1;PSME4;CD247;MALT1;PLCG2;PSMB8;PSMF1;NFKBIA;PSMA7;GRAP2"
"TGF-beta Receptor Signaling In EMT (Epithelial To Mesenchymal Transition) R-HSA-2173791",0.629339305711086,1,0.0403295396423143,0.322003894065967,0.892310353812645,15,"TGFBR2;PARD6A;TGFB1;PARD3"
"TICAM1, RIP1-mediated IKK Complex Recruitment R-HSA-168927",0.742290748898678,1,0.0317812506835949,0.286168779057715,0.821247551349615,18,"RIPK1;TLR3;TRAF6;IKBKG;RIPK3;UBE2D3;IKBKB;UBE2D1;UBB;UBE2V1;UBE2N"
"TNFR1-induced NFkappaB Signaling Pathway R-HSA-5357956",0.664536741214057,1,0.0354665010333725,0.2926929951296,0.903643946035522,26,"RIPK1;RBCK1;TNFRSF1A;RNF31;TAB3;TRADD;SHARPIN;TRAF1"
"TNFR2 Non-Canonical NF-kB Pathway R-HSA-5668541",0.707414829659319,1,0.0294936424723046,0.244655405562721,0.899355468588316,99,"PSMD5;TNFRSF6B;TNFRSF1A;TNFSF11;PSMA4;CD40;TNFSF8;TNFSF12;PSME4;TNFRSF14;TNFRSF8;PSMB8;TNFSF13;TNFRSF1B;LTB;PSMF1;PSMA7;LTA;TNFSF4;EDAR;FASLG;TNFSF14;TNFRSF18;PSMB10;PSMC1;EDARADD;EDA2R;RELB;PSMB9;CD70;TNFRSF9;PSMB4;TNFRSF4"
"TP53 Regulates Transcription Of Additional Cell Cycle Genes With Uncertain Roles In P53 Pathway R-HSA-6804115",0.772384034519957,1,0.0287861460642093,0.272953845246061,0.811739145736493,21,"BTG2;PLAGL1;TNKS1BP1;CNOT8;TP53;PLK3;CNOT2;CNOT6;CNOT9;CNOT1;CNOT10;CNOT4;CDC25C"
"TP53 Regulates Transcription Of Cell Cycle Genes R-HSA-6791312",0.820121951219512,1,0.0223699288741888,0.233458179376567,0.793375156043319,49,"CDKN1A;BTG2;AURKA;PLAGL1;TNKS1BP1;E2F8;E2F4;E2F7;CNOT8;ARID3A;BAX;TP53;ZNF385A;PLK3;EP300;CNOT2;CCNE1;E2F1;CDK2;CNOT6;CNOT9;TFDP1;CNOT1;CNOT10;CCNB1;CCNA1"
"TP53 Regulates Transcription Of DNA Repair Genes R-HSA-6796648",0.831643002028398,1,0.0214353576364558,0.228526619500635,0.793552202516373,61,"RAD51D;ELOA2;GTF2H3;MLH1;FOS;ERCC2;CDK12;TCEA1;SERPINA2;GTF2F1;FANCC;TP53;POLR2K;CDK9;CHEK1;NELFE;GDNF;NELFB;ELOB;DDB2;POLR2B;GTF2F2;POLR2D;CCNT2;GTF2H1;ELOC;CDK13;MDC1;SUPT5H;CCNT1;GTF2H4"
"TP53 Regulates Transcription Of Genes Involved In G2 Cell Cycle Arrest R-HSA-6804114",0.920704845814978,1,0.0202691096367175,0.222730143542738,0.639191268867703,18,"AURKA;E2F4;BAX;TP53;ZNF385A;EP300;TFDP1;CCNB1;RBL1;CDC25C;CDK1;REXO2"
"TRAF6 Mediated Induction Of NFkB And MAP Kinases Upon TLR7/8 Or 9 Activation R-HSA-975138",0.970941883767535,1,0.00829069833204511,0.184678081258419,0.678878285669339,99,"NLRX1;MAP2K3;CASP8;MAPK14;MAPKAPK2;AGER;TIFA;FOS;RIPK2;NLRC5;TAB3;CREB1;MAPK7;DUSP3;NOD2;NFKBIA;RPS6KA3;IRAK2;TP53;MAPK9;MAPKAPK3"
"TRAF6 Mediated NF-kB Activation R-HSA-933542",0.603174603174603,1,0.231126709673834,-0.209724139146701,-0.953392647468269,24,"APP;HMGB1;S100B"
"Telomere C-strand (Lagging Strand) Synthesis R-HSA-174417",0.777083333333333,1,0.0266754763765933,0.253054911717702,0.811940395382615,33,"DSCC1;POLD4;STN1;POLD2;POLD3;BLM;POT1;RFC4;TINF2;SLC19A1;POLD1;PRIM2;RFC5;LRIG1;POLA2;PRIM1;RFC3;CTC1;POLA1;DNA2;CHTF8;RFC2;WRN;TERF1;ACD"
"Telomere Maintenance R-HSA-157579",0.975951903807615,1,0.00759591053352814,0.170565688782121,0.62206973644919,89,"H2BC11;DSCC1;DKC1;POLD4;STN1;POLD2;WRAP53;POLD3;DAXX;BLM;POT1;H2AC19;RFC4;H2BC15;H2BC1;POLR2K;TINF2;SLC19A1;H2AX;POLD1;PRIM2;H3-4;H2AC14;RFC5;GAR1;CDK2;POLR2B;POLR2D;H2AC7;H2BC13;H2BC3;LRIG1;TERT;CCNA1;POLA2;SHQ1;H2BC5;PRIM1;H2BC9;H2AC20;RFC3;CTC1;H2BC17;POLA1;H2AZ2;DNA2;CHTF8;RFC2;H2BC14;POLR2J;RUVBL1;WRN;PIF1;CCNA2;TERF1;H2BC4;ACD;PPP6R3"
"Thrombin Signaling Thru Proteinase Activated Receptors (PARs) R-HSA-456926",0.89155370177268,1,0.0188532541830902,0.220296294084062,0.701301664483542,32,"GNG11;ARRB2;F2RL3;GNA14;GNB4;F2RL2;GNGT1;GNG10;GNG8;GNG13;GNB3;TTF2;SRC;GNG12;GNA15"
"Tie2 Signaling R-HSA-210993",0.466666666666667,1,0.219250346703755,-0.233570173851763,-0.987315625611388,17,"PIK3R1;GRB2"
"Toll Like Receptor 3 (TLR3) Cascade R-HSA-168164",0.493987975951904,1,0.0463227785794633,0.272086259136668,1.00448421320194,102,"RIPK1;NLRX1;IRF3;MAP2K3;CASP8;MAPK14;MAPKAPK2;AGER;TIFA;SARM1;FOS;IKBKE;RIPK2;TLR3;NLRC5;FADD;TAB3;CREB1;MAPK7;DUSP3;NOD2;NFKBIA;RPS6KA3;IRAK2;TP53;MAPK9;MAPKAPK3"
"Toll Like Receptor 4 (TLR4) Cascade R-HSA-166016",0.877122877122877,1,0.01707634511757,0.218937560539928,0.825033905854651,138,"RIPK1;NLRX1;IRF3;TLR6;MAP2K3;CASP8;MAPK14;MAPKAPK2;AGER;TIFA;SARM1;TIRAP;FOS;IKBKE;RIPK2;NLRC5;FADD;TAB3;CREB1;PLCG2;MAPK7;ITGB2;DUSP3;TLR2;NOD2;NFKBIA;RPS6KA3;CD36;IRAK2;TP53;MAPK9;MAPKAPK3;S100A9;LBP"
"Toll Like Receptor 7/8 (TLR7/8) Cascade R-HSA-168181",0.974949899799599,1,0.00773927265828568,0.179040579161644,0.65987274734991,101,"NLRX1;MAP2K3;CASP8;MAPK14;MAPKAPK2;AGER;TIFA;FOS;RIPK2;NLRC5;TAB3;CREB1;MAPK7;DUSP3;NOD2;NFKBIA;RPS6KA3;IRAK2;TP53;MAPK9;MAPKAPK3;IRAK1;DUSP4;IRF7;TLR8;ECSIT;TLR7;MYD88;GDNF;NKIRAS2;TAB1;TRAF6;IKBKG;KCNH8;TLR9;S100A12;DUSP7;IKBIP;USP18;MAP3K8;MEF2A;USP14;ALPK1;IKBKB;NFKBIB;TANK;PELI1;MAP3K7;IRAK4"
"Toll Like Receptor 9 (TLR9) Cascade R-HSA-168138",0.970970970970971,1,0.00815591848796014,0.180092691830729,0.666349617506326,104,"NLRX1;MAP2K3;CASP8;MAPK14;MAPKAPK2;AGER;TIFA;FOS;RIPK2;NLRC5;TAB3;CREB1;MAPK7;DUSP3;EEA1;NOD2;NFKBIA;RPS6KA3;IRAK2;TP53;MAPK9;MAPKAPK3;IRAK1;DUSP4;IRF7;ECSIT;TLR7;MYD88;GDNF;PIK3R4;NKIRAS2;TAB1;TRAF6;IKBKG;KCNH8;TLR9;S100A12;DUSP7;IKBIP;USP18;MAP3K8;MEF2A;USP14;ALPK1;IKBKB;NFKBIB;TANK;PELI1;MAP3K7;IRAK4"
"Toll-like Receptor Cascades R-HSA-168898",0.795204795204795,1,0.0231538258045259,0.232785515944508,0.883998457755878,160,"RIPK1;NLRX1;IRF3;TLR6;MAP2K3;CASP8;APOB;MAPK14;MAPKAPK2;AGER;TIFA;SARM1;TIRAP;FOS;IKBKE;RIPK2;CTSV;GSDMD;TLR3;NLRC5;FADD;TAB3;TLR10;CREB1;HSP90B1;PLCG2;MAPK7;ITGB2;DUSP3;EEA1;TLR2;NOD2;NFKBIA;RPS6KA3;CTSL;CD36;IRAK2;TP53;MAPK9;MAPKAPK3;S100A9;LBP"
"Transcription Of E2F Targets Under Negative Control By DREAM Complex R-HSA-1362277",0.527808069792803,1,0.0471642455670861,0.335661903030313,0.976334830099582,19,"E2F4;LIN37;E2F5;LIN52;E2F1;TFDP1;MYC;RBL1;RBBP4;TOP2A;LIN54;HDAC1;CDC25A;CDC6"
"Transcription Of E2F Targets Under Negative Control By P107 (RBL1) And P130 (RBL2) In Complex With HDAC1 R-HSA-1362300",0.524498886414254,1,0.0484087618816951,0.348164219396516,0.978982246240751,16,"E2F4;LIN37;E2F5;LIN52;E2F1;TFDP1;RBL1;RBBP4;CDK1;LIN54;HDAC1;CCNA2"
"Transcription Of HIV Genome R-HSA-167172",0.997981836528759,1,0.00502537209391229,0.134229354216565,0.472491547213307,68,"ELOA2;GTF2H3;TAF7L;TAF3;ERCC2;GTF2B;TAF11;TCEA1;TAF4;GTF2F1;TAF5;NCBP1;POLR2K;CDK9;NELFE;GTF2A1;TAF1L;NELFB;ELOB;POLR2B;GTF2F2;POLR2D;TBP;CCNT2;TAF13;RNGTT;GTF2H1;ELOC;SUPT5H;TAF2;CCNT1;GTF2H4;ELL;GTF2E1"
"Transcription-Coupled Nucleotide Excision Repair (TC-NER) R-HSA-6781827",0.996978851963746,1,0.00480899561354898,0.146656158406875,0.52232323958125,73,"GTF2H3;POLD4;POLD2;POLD3;HMGN1;ERCC2;POLE4;TCEA1;RFC4;LRIG3;POLR2K;SLC19A1;POLD1;EP300;ERCC1;POLE;RFC5;POLR2B;POLR2D;CUL4A;ZNF830;LRIG1;ERCC8;GTF2H1;POLK;GTF2H4;COPS3;RFC3;UBB;ELL;POLE2;XPA;COPS5;RFC2;POLR2J;ERCC4;COPS8;COPS2"
"Transcriptional Activation Of Mitochondrial Biogenesis R-HSA-2151201",0.952380952380952,1,0.011622042518008,0.188858489508816,0.64620259069305,52,"TFB1M;NRF1;ESRRA;TWNK;HELZ2;CREB1;SIRT4;CREBBP;GLUD2;PPRC1;MTERF1;CRTC3;TFB2M;PERM1;GDNF;NCOA1;ACSS2"
"Transcriptional Activity Of SMAD2/SMAD3:SMAD4 Heterotrimer R-HSA-2173793",0.788402848423194,1,0.0246382257063476,0.239111748411452,0.813011125048013,50,"COL1A2;WWTR1;E2F4;TGIF1;E2F5;TGIF2;ATP1B4;DAND5;SMURF2;CDK9;EP300;YBX1;SNW1;SMAD2;RNASEH2A;TFDP1;SMAD3;CCNT2;FURIN;MYC;UBE2D3;RBL1;CDK8;CCNC;UBE2D1;CCNT1;UBB;NCOR1"
"Transcriptional Regulation By AP-2 (TFAP2) Family Of Transcription Factors R-HSA-8864260",0.599791013584117,1,0.0393561959521291,0.290705543531317,0.936154950950706,35,"CDKN1A;UBE2I;TFAP2B;TFAP2D;VEGFA;TGFA;KIT;CITED4;PITX2;CREBBP;CITED2;EP300;EGFR;HSPD1;TFAP2A"
"Transcriptional Regulation By E2F6 R-HSA-8953750",0.530208333333333,1,0.0448645113168564,0.304401363132866,0.976688266824962,33,"PCGF2;PCGF6;E2F6;MGA;RAD51;RNF2;APAF1;RRM2;CHEK1;L3MBTL2;CDC7;E2F1;SUZ12;RBBP8;TFDP1;RING1"
"Transcriptional Regulation By RUNX1 R-HSA-8878171",0.978021978021978,1,0.00683906706351732,0.186762782171366,0.71535085690953,199,"MYL9;CLDN5;LMO2;TP73;PSMD5;H2BC11;GATA3;NR4A3;CSNK2A2;PSMA4;YAP1;CTSV;PSME4;LGALS3;CR1;AGO3;PML;GP1BA;OCLN;RNF2;PBRM1;PSMB8;GATA1;SMARCD2;PSMF1;PF4;ARID2;SETD1B;PSMA7;CTSL;RUNX2;H3C13;H2AC19;SMARCE1;KCTD6;IL3;H2BC15;H2BC1;CREBBP;TNFRSF18;PSMB10;TJP1;PSMC1;FOXP3;PSMB9;CBX8;CTLA4;H2AX;TNRC6C;ACTL6B;PSMB4;BLK;H3C7;EP300;AGO2;TCF7L1;H2AC14;CSNK2B;MYB;SOCS4;CBX2;CTSK;THBS1;KMT2C;AGO4;H2AC7;RING1;SRC;H2BC13;H2BC3;TCF12;GPAM;SMARCD1;ZFPM1;PSMB1;ABL1;SPI1;H2BC5;CSF2;IL2;PSMD10;PSMD13;KAT2B;RSPO3;PSMD9;PAX5;AGO1;ESR1;PSMA5;PSMA1;ELOF1;H2BC9;H2AC20;CBFB;PSMA6;H2BC17;ITGA2B;UBB;PSME1;PSMB5;ELF2"
"Transcriptional Regulation By RUNX2 R-HSA-8878166",0.879120879120879,1,0.0169176756264572,0.217700852420686,0.812409639481469,116,"MMP13;CDKN1A;WWTR1;COL1A1;PSMD5;SMAD1;ESRRA;AKT1;PSMA4;YAP1;PSME4;LGALS3;BGLAP;SP7;PSMB8;ITGA5;TWIST1;PSMF1;RB1;CDK4;BAX;IHH;PSMA7;SMAD6;RUNX2;MSX2"
"Transcriptional Regulation By RUNX3 R-HSA-8878159",0.635635635635636,1,0.0346410167413251,0.256339047558615,0.937004427435578,93,"JAG1;CDKN1A;WWTR1;MAMLD1;PSMD5;TEAD4;FOXO3;PSMA4;ZFHX3;YAP1;TGFB1;MAML3;PSMB8;TCF7L2;CCN2;PSMF1;PSMA7;CXXC1;MDM2;TP53;TCF7;SMURF2;RBPJ;MAML2;ITGA4;ITGAL;CREBBP;PSMB10;PSMC1;PSMB9;PSMB4;EP300;NOTCH1;TCF7L1;SNW1;TEAD3;SRC;BCL2L11;SMAD3;MYC;PSMB1;RORC;PSMD10;PSMD13;LEF1;KAT2B;PSMD9;HDAC4;PSMA5;PSMA1;CBFB;PSMA6;UBB;PSME1;PSMB5;NRAS"
"Transcriptional Regulation By Small RNAs R-HSA-5578749",0.501513622603431,1,0.0459538081039063,0.284936309840447,1.01048966743009,72,"NUP37;NUP85;H2BC11;NUP210;RNASE7;NUP153;NDC1;NUP160;H3C13;H2AC19;H2BC15;H2BC1;POM121C;NUP93;NUP98;POLR2K;NUP43;H2AX;H3C7;NUP214;AAAS;AGO2;H2AC14;POLR2B;POLR2D;H2AC7;H2BC13;H2BC3;RANBP2;NUP35;NUP42;NUP205;H2BC5;NUP62;AGO1;NUP155;H2BC9;NUP133;H2AC20;NUP188;H2BC17;H2AZ2;NUP107;NUP54;H2BC14;POLR2J"
"Transcriptional Regulation By TP53 R-HSA-3700989",1,1,0,0.148175889672528,0.580452497681201,351,"IGFBP3;PRELID3A;RAD51D;CASP1;CDKN1A;RAD9A;RHNO1;RRAGC;ELOA2;TP73;GTF2H3;SESN2;BANP;MAPK14;BBC3;AKT1;PMAIP1;PRKAB2;BTG2;AURKA;TNFRSF10A;CSNK2A2;RNF34;MLH1;FOS;PLAGL1;RMI1;TP53INP1;TAF7L;TNFRSF10D;TAF3;TNKS1BP1;E2F8;E2F4;E2F7;AGO3;ERCC2;L3MBTL1;PML;RFFL;PRR5;EXO1;TAF11;CDK12;DAXX;BRD1;RRAGD;BLM;CNOT8;TOP3A;RRM2B;PRDM1;APAF1;BCL6;ARID3A;BAX;TCEA1;SERPINA2;CHD3;TAF4;TPX2;GTF2F1;FANCC;MDM2;TP53;TAF5;ZNF385A;RFC4;LAMTOR4;MTOR;UBL4A;CREBBP;POLR2K;CDK9;CHEK1;DPEP3;PLK3;LAMTOR3;PERP;NELFE;RAD50;TNRC6C;CHEK2;RAD17;TSC2;ARTN;DDIT4;EP300;CNOT2;CCNE1;GPX2;AGO2;KAT6A;RFC5;GDNF;BRPF3;BARD1;CSNK2B;TAF1L;E2F1;COX7A2L;NELFB;ELOB;CDK2;PRKAG3;DDB2;TNFRSF10B;RBBP8;BRD7;COX18;CNOT6;MRE11;CNOT9;BCL2L14;POLR2B;SMYD2;TP53BP2;PPP1R13L;AGO4;TFDP1;GTF2F2;POLR2D;TBP"
"Transcriptional Regulation By VENTX R-HSA-8853884",0.987628865979381,1,0.00966564348468499,0.154951196665425,0.50655148123355,39,"CEBPB;ANAPC16;AGO3;TCF7L2;TP53;TNRC6C;CSF1R;CDC27;VENTX;UBE2C;AGO4;LEF1;CDC23;IL6;AGO1;ANAPC4;UBE2D1"
"Transcriptional Regulation Of Granulopoiesis R-HSA-9616222",0.509127789046653,1,0.0454967810085007,0.290681807383174,1.003185926882,56,"CDKN1A;CEBPB;GFI1;H2BC11;CEBPE;CREB1;PML;CDK4;IL6R;H3C13;H2AC19;H2BC15;H2BC1;H2AX;H3C7;EP300;H2AC14;CSF3R;E2F1;MYB;CDK2;TFDP1;H2AC7;H2BC13;H2BC3;KLF5;MYC;SPI1;H2BC5;LEF1;STAT3;H2BC9;H2AC20;CBFB;H2BC17"
"Translation Of Structural Proteins R-HSA-9683701",0.743915343915344,1,0.0297064584935533,0.263848550362411,0.82718892026767,29,"ST6GALNAC4;UBE2I;ST6GAL1;ST6GALNAC2"
"Translation R-HSA-72766",1,1,0,0.127153532932699,0.492021455254923,276,"RPL13A;RARS1;MRPL44;EIF4EBP1;NARS2;RPS28;GSPT2;MRPL51;MRPL12;EEF1G;MTIF2;MRPL37;MRPL53;TARS1;EIF2B4;WARS2;CARS1;MRPL35;EIF2S3;RPL7A;GFM2;AURKAIP1;MTIF3;MRPS17;MRPL34;EIF5B;MRPL47;RPSA;RPL12;EARS2;RPL6;SEC61A1;RARS2;AIMP2;MRPL16;EIF3B;RPS4X;RPS3A;RPL7;TUFM;TRAM1;SRP54;DARS2;SRPRA;EIF3D;CARS2;RPS27;RPL26L1;YARS2;SPCS2;RPS15A;RPL10L;LARS2;RPL26;SRP68;SPCS3;MRPL48;MRPL57;MRPS18C;MRPL58;VARS2;SEC11A;MRRF;SEC11C;FARS2;PARS2;RPS24;EIF3M;MRPS26;RPL29;MRPS6;RPL3L;MRPL54;EIF2S2;LARS1;MRPL23;RPL10A;WARS1;EIF2B3;MRPL14;MRPS11;RPL36AL;OXA1L;SSR2;SARS2;RPL39;MRPL4;TRMT112;MRPS7;RPL11"
"Translesion Synthesis By POLH R-HSA-110320",0.791850220264317,1,0.0285743975105342,0.273511633805758,0.784924058690936,18,"UFD1;SPRTN;RFC4;POLH;SLC19A1;NPLOC4;RFC5"
"Translesion Synthesis By POLI R-HSA-5656121",0.757238307349666,1,0.0313490001730997,0.284986702097067,0.801337145589873,16,"REV3L;REV1;RFC4;SLC19A1;RFC5;POLI;RFC3;UBB;RFC2;MAD2L2;POLR1B;PCNA"
"Translesion Synthesis By POLK R-HSA-5655862",0.757238307349666,1,0.0313490001730997,0.283862515955704,0.798176113489068,16,"REV3L;REV1;RFC4;SLC19A1;RFC5;POLK;RFC3;UBB;RFC2;MAD2L2;POLR1B;PCNA"
"Translesion Synthesis By REV1 R-HSA-110312",0.737961926091825,1,0.0328701032730105,0.294078310446596,0.814925303945139,15,"REV3L;REV1;RFC4;SLC19A1;RFC5;RFC3;UBB;RFC2;MAD2L2;POLR1B;PCNA"
"Transport Of Mature Transcript To Cytoplasm R-HSA-72202",0.774874371859297,1,0.024919740580511,0.235397001896914,0.849858586821699,82,"NXF1;THOC6;NUP37;ZC3H11A;NUP85;THOC5;FYTTD1;NUP210;SARNP;RNPS1;RNASE7;NUP153;NDC1;MAGOHB;NUP160;NCBP1;NXT1;POM121C;NUP93;NUP98;CPSF3;NUP43;CDC40;NUP214;DHX38;AAAS;ALYREF;NXF2"
"Transport Of Mature mRNA Derived From An Intron-Containing Transcript R-HSA-159236",0.724068479355488,1,0.0285743975105342,0.247735936691259,0.882323922970066,73,"NXF1;THOC6;NUP37;ZC3H11A;NUP85;THOC5;FYTTD1;NUP210;SARNP;RNPS1;RNASE7;NUP153;NDC1;MAGOHB;NUP160;NCBP1;NXT1;POM121C;NUP93;NUP98;NUP43;CDC40;NUP214;DHX38;AAAS;ALYREF;NXF2;THOC3;LUZP4;RANBP2;NUP35;NUP42;UPF3B;SLU7"
"Transport Of Mature mRNA Derived From An Intronless Transcript R-HSA-159231",0.462090163934426,1,0.0503964322442957,0.30947644291769,1.02117802384745,41,"NXF1;NUP37;NUP85;NUP210;RNASE7;NUP153;NDC1;NUP160;NCBP1;POM121C;NUP93;NUP98;CPSF3;NUP43;NUP214;AAAS;ALYREF;RANBP2;NUP35;NUP42;NUP205;CPSF1;NUP62;NUP155;NUP133;NUP188"
"Transport Of Mature mRNAs Derived From Intronless Transcripts R-HSA-159234",0.477993858751279,1,0.0487989701682839,0.304551101561895,1.01140953749062,42,"NXF1;NUP37;NUP85;NUP210;RNASE7;NUP153;NDC1;NUP160;NCBP1;POM121C;NUP93;NUP98;CPSF3;NUP43;NUP214;AAAS;ALYREF;RANBP2;NUP35;NUP42;NUP205;CPSF1;NUP62;NUP155;NUP133;NUP188"
"Transport Of SLBP Dependant Mature mRNA R-HSA-159230",0.450365726227795,1,0.0524827622635459,0.321927685720035,1.03669917392699,35,"NXF1;NUP37;NUP85;NUP210;RNASE7;NUP153;NDC1;NUP160;NCBP1;POM121C;NUP93;NUP98;NUP43;NUP214;AAAS;ALYREF;RANBP2;NUP35;NUP42;NUP205;NUP62;NUP155;NUP133;NUP188"
"Transport Of SLBP Independent Mature mRNA R-HSA-159227",0.437369519832985,1,0.05378728077603,0.326207816605657,1.04942235249972,34,"NXF1;NUP37;NUP85;NUP210;RNASE7;NUP153;NDC1;NUP160;NCBP1;POM121C;NUP93;NUP98;NUP43;NUP214;AAAS;ALYREF;RANBP2;NUP35;NUP42;NUP205;NUP62;NUP155;NUP133;NUP188"
"Transport Of Vitamins, Nucleosides, And Related Molecules R-HSA-425397",0.464687819856704,1,0.0500922874402106,0.306161778464768,1.01850689506375,43,"SLC35B4;SLCO2B1;SLCO1B1;SLC35C1;SLCO2A1;LCN15;SLCO4A1;SLC29A3;LCN12;SLC27A1"
"Transport To Golgi And Subsequent Modification R-HSA-948021",0.99000999000999,1,0.00458288223817775,0.173285389561935,0.658874280031876,164,"FOLR2;CTSC;MOGAT2;TMEM115;ST6GAL1;B4GALT1;CTSZ;ARF4;TGFA;KDELR3;B4GALT6;BET1L;FUCA1;LMAN2;TMED9;FUT3;GOSR2;TMED7;GOLGA2;CD55;GORASP1;CFAP73;ST8SIA2;F8;LHB;TRAPPC9;SPTA1;SEC23A;MGAT4B;ARFGAP3;CD59;COG2;COG8;SEC23IP;MOGAT1;SEC16B;ANK1;DYNC1LI1;AREG;BET1;MAN1A1;SEC24D;B4GALT2;INS;CHST8;TRAPPC6B"
"Triglyceride Catabolism R-HSA-163560",0.8604898828541,1,0.0222983800506052,0.241321951822531,0.729614104595447,23,"CAV1;PPP1CA;PNPLA5;FABP4;PNPLA4"
"Triglyceride Metabolism R-HSA-8979227",0.643080124869927,1,0.0359208664409425,0.281490217371422,0.912366870074384,36,"CAV1;MOGAT2;PPP1CA;DGAT1;GK2;PNPLA5;FABP4;PNPLA4;LPIN3;GPAT2;FABP9;MOGAT1;GK;AGMO;GPD2;LPIN2;DGAT2"
"Tristetraprolin (TTP, ZFP36) Binds And Destabilizes mRNA R-HSA-450513",0.730263157894737,1,0.0323604297137014,0.291947152344163,0.83393110382598,17,"MAPKAPK2;EXOSC1;DCP1A;EXOSC8;EXOSC2;EXOSC9;EXOSC5"
"UCH Proteinases R-HSA-5689603",0.993987975951904,1,0.00434551079568136,0.147140552945504,0.537592029220582,92,"TGFBR2;PSMD5;H2AC11;FOXK2;ACTR8;PSMA4;TGFB1;PSME4;PSMB8;INO80D;UCHL3;PSMF1;PSMA7;H2AC19;H2AC12;PSMB10;PSMC1;PSMB9;MCRS1;PSMB4;SENP8;TFPT;H2AC14;BARD1"
"Ub-specific Processing Proteases R-HSA-5689880",0.992007992007992,1,0.00409492237559551,0.166253046047203,0.635907848700459,183,"RIPK1;USP28;UFD1;CFTR;PSMD5;H2AC11;SMAD1;ARRB2;H2BC11;GATA3;USP17L3;WDR20;PSMA4;PSME4;TNKS;USP17L15;RCE1;PSMB8;TADA3;RNF128;USP17L12;PSMF1;NFKBIA;PSMA7;MDM2;TP53;H2AC19;H2AC12;H2BC15;USP17L17;USP33;USP3;H2BC1;SMURF2;SIAH2;PSMB10;PSMC1;PSMB9;USP8;HIF1A;CYLD;MUL1;PSMB4;AREG;USP24;USP17L11;USP19;H2AC14;DDB2;USP42;SMAD2;TAB1;TRAF6;H2AC7;USP26;ADRB2;IKBKG;H2BC13;H2BC3;AXIN2;SMAD3;IDE;USP37;USP30;CCNA1;H2BC18;MYC;USP18;PSMB1;H2BC5;USP14"
"Ubiquitin Mediated Degradation Of Phosphorylated Cdc25A R-HSA-69601",0.435233852067563,1,NA,-0.157015169183807,-0.928397530843606,50,"PSMC5;PSMB7;PSMD8;PSME3;PSMD2;PSMC4;PSMB6;PSMD14;PSMD3;SEM1"
"Unattached Kinetochores Signal Amplification Via A MAD2 Inhibitory Signal R-HSA-141444",0.993987975951904,1,0.00434551079568136,0.144362256532453,0.527243031070246,91,"KIF2C;MIS12;SPDL1;NUP37;NUP85;CENPH;KNTC1;SKA1;MAD1L1;NUF2;NDE1;NUP160;KIF2B;SPC24;NUP98;CDCA8;RPS27;SGO2;NUP43;BUB1;MAD2L1;CENPF;ZWINT;DYNC1LI1;CLIP1;AHCTF1;B9D2;CENPP;CENPN;CENPE;CENPU;ZW10;SGO1;RANBP2;DSN1;PPP2R5E;SPC25;INCENP;CENPI;CENPO"
"Unfolded Protein Response (UPR) R-HSA-381119",0.744488977955912,1,0.0268860833830403,0.23925739097724,0.872595087625465,89,"TLN1;DDIT3;HERPUD1;CEBPB;PLA2G4B;EXOSC1;CUL7;SYVN1;KDELR3;GFPT1;CEBPG;EIF2S3;GOSR2;HSP90B1;ERN1;CXXC1;EXOSC8;EXOSC2;ATF6;CREB3L4;NFYC;HSPA5;EIF2AK3;SRPRA;EXOSC9"
"VEGFA-VEGFR2 Pathway R-HSA-4420097",0.817817817817818,1,0.0216519363667421,0.225313559279568,0.823595954720664,93,"HSPB1;CAV1;MAPK12;CDH5;MAPK14;MAPKAPK2;PXDN;THEM4;AKT1;NCKAP1L;VEGFA;SH2D2A;SPHK1;WASF2;NCF2;AXL;PRR5;ITPR3;MAPKAPK3;NCF1;VAV2;MTOR;ROCK1;PRKCD;NCK1;MAPK13;CYFIP1;NCK2;PIK3CA;KDR"
"VEGFR2 Mediated Cell Proliferation R-HSA-5218921",0.787234042553192,1,0.161978948883402,-0.18264756124722,-0.801333018746234,18,"PRKCZ;AHCYL1;PRKCB;CALM1"
"VEGFR2 Mediated Vascular Permeability R-HSA-5218920",0.443024494142705,1,0.0541200569620232,0.332761368311382,1.03418769456351,27,"CAV1;CDH5;THEM4;AKT1;PRR5;VAV2;MTOR;TRIB3;NANOS3;PKN1;PDPK1;CTNNA1;VAV3;MLST8;ARHGEF7"
"Vif-mediated Degradation Of APOBEC3G R-HSA-180585",0.553551363186032,1,0.143902565267782,-0.163265222531494,-0.977835771033511,52,"PSMC5;PSMB7;PSMD8;RBX1;PSME3;PSMD2;PSMC4;PSMB6;PSMD14;PSMD3;SEM1"
"Viral mRNA Translation R-HSA-192823",1,1,0.00250132493941571,0.115014314654987,0.419468445946979,89,"RPL13A;RPS28;RPL7A;PBRM1;RPSA;RPL12;RPL6;RPS4X;RPS3A;RPL7;RPS27;RPL26L1;RPS15A;RPL10L;RPL26;RPS24;RPL29;RPL3L;RPL10A;BLOC1S6;RPL36AL;DNAJC3;XK;RPL39;RPL11;RPL37;GNL3;RPL36A;RPL5;RPL4;RPS10;RPS11;RPL18A;RPL23A;RPL32"
"Vitamin B5 (Pantothenate) Metabolism R-HSA-199220",0.942982456140351,1,0.0184736429135616,0.205174953164592,0.586071053600442,17,"VNN1;VNN2;ENPP1;PANK1;ENPP3;SLC5A6"
"Voltage Gated Potassium Channels R-HSA-1296072",0.432958034800409,1,0.053347785067549,0.311785791933821,1.03721627323918,43,"KCNB2;KCNH2;KCNV2;KCNS3;KCNG3;KCNH7;KCNH6;KCNQ4;KCNG4;KCND1;KCNH4;KCNA7;KCNA4;KCNH1;KCNA5;KCNC3;KCNAB1;KCNF1;KCNC4;KCNH3;KCNH8;KCNG1;KCNQ1;KCNB1;KCNAB3;KCND3;KCNA6;KCNA10;KCNC1;KCNG2"
"VxPx Cargo-Targeting To Cilium R-HSA-5620916",0.886731391585761,1,0.0212906370865403,0.239220077818558,0.711418084022232,21,"CNGA4;ARF4;PRKD2;RHO;EXOC3;EXOC1;CNGB1;RAB3IP"
"WNT Ligand Biogenesis And Trafficking R-HSA-3238698",0.992545260915868,1,0.0124136372369971,0.149898467834839,0.462788126921093,26,"VPS26A;WNT1;WNT9A;WNT7B;WNT2;WNT8A;WNT3A;VPS29;TMED5;WNT9B;WNT6"
"XBP1(S) Activates Chaperone Genes R-HSA-381038",0.911495422177009,1,0.0156180851425484,0.204002686139511,0.687381258203961,46,"TLN1;PLA2G4B;CUL7;SYVN1;KDELR3;GFPT1;GOSR2"
"Xenobiotics R-HSA-211981",0.609625668449198,1,0.0396787203613389,0.308989427484229,0.926258473938317,22,"CYP3A43;CYP3A4;CYP2B6;CYP1A2;CYP3A5;AHR;CYP2A7;CYP2C19;CYP2F1;CYP1A1"
"ZBP1(DAI) Mediated Induction Of Type I IFNs R-HSA-1606322",0.531823085221144,1,0.0463227785794633,0.327845622874126,0.974982146177082,21,"RIPK1;IRF3;TLR3;NFKBIA;MYD88;NKIRAS2;NLRP4;IKBKG;RIPK3;ZBP1;IKBKB;NFKBIB"
"Zinc Transporters R-HSA-435354",0.703947368421053,1,0.0341204536062472,0.300420037101603,0.85813343661679,17,"SLC39A2;SLC30A8;SLC39A5;SLC39A4;SLC39A7;SLC39A8;SLC30A1;SLC30A3;SLC30A5;SLC39A14;SLC39A1"
"mRNA Capping R-HSA-72086",0.982758620689655,1,0.186432558434075,-0.132639426523783,-0.653134396722522,28,"NCBP2;CCNH;CDK7;POLR2E;RNMT;ERCC3;POLR2A;POLR2C;MNAT1"
"mRNA Decay By 5 To 3 Exoribonuclease R-HSA-430039",0.595744680851064,1,0.042845050912155,0.332411637573345,0.921151425186636,15,"DCP1A;LSM7;PATL1;LSM1;LSM4;EDC4;LSM2"
"mRNA Splicing - Minor Pathway R-HSA-72165",1,1,NA,-0.141096728633262,-0.813432276320837,49,"NCBP2;TXNL4A;SNRPD3;SRSF1;SNRNP200;SF3B2"
"mTORC1-mediated Signaling R-HSA-166208",0.761448349307774,1,0.0288567763564905,0.27116824585523,0.826626006822125,24,"RRAGC;EIF4EBP1;RRAGD;AKT1S1;LAMTOR4;MTOR;LAMTOR3;EEF2K;FKBP1A"
"p75NTR Signals Via NF-kB R-HSA-193639",0.638297872340426,1,0.0396787203613389,0.319935472913597,0.88657851750781,15,"RIPK2;PRKCI;NFKBIA;IRAK1;NGF;MYD88;TRAF6;IKBKB;UBB"
"rRNA Modification In Nucleus And Cytosol R-HSA-6790901",0.703853955375254,1,0.0303467275556782,0.255306686116115,0.884412166902146,59,"FCF1;NOC4L;KRR1;BMS1;DKC1;RRP9;UTP25;HEATR1;UTP15;UTP6;NOP58;WDR46;SNU13;DHX37;NOP14;DDX49;NAT10;EMG1;GAR1;DIMT1;NOL11;FBL;TRMT112;UTP20;SPPL2A;IMP4;UTP11;UTP4;PDCD11;UTP14C;TBL3;RPS2;UTP3;NOP2;DDX52;WDR36;WDR43"
"rRNA Processing In Nucleus And Cytosol R-HSA-8868773",0.994005994005994,1,0.00354273909070668,0.1665922116113,0.637204809875031,187,"FCF1;NOC4L;RPL13A;NOB1;KRR1;BMS1;RPS28;RPP25;TSR1;DKC1;RPP30;RRP9;EXOSC1;C1D;RPL7A;UTP25;HEATR1;RPSA;RPL12;UTP15;RPL6;EXOSC8;UTP6;EXOSC2;NOP58;RPP40;RPS4X;RPS3A;WDR46;SNU13;RPL7;DHX37;EXOSC9;NOP14;DDX49;NAT10;RPS27;RPL26L1;RPS15A;RPL10L;RPL26;ERI1;RPP14;EXOSC5;RPS24;EMG1;RRP1B;GAR1;RPL29;RPL3L;MTREX;BYSL;ISG20L2;RIOK1;RPL10A;RPL36AL;DIMT1;NOL11;FBL;RPL39;TRMT112;RPL11;RPL37;GNL3;RPL36A;RPL5;LTV1;UTP20;RPL4;RPS10;SPPL2A;IMP4;UTP11;UTP4;PDCD11;RPS11;RPL18A;UTP14C;RPL23A;RPL32;TBL3;WDR12"
"rRNA Processing R-HSA-72312",0.986013986013986,1,0.0054335217582325,0.181662717036703,0.695841926832597,197,"FCF1;NOC4L;RPL13A;NOB1;KRR1;BMS1;TFB1M;RPS28;RPP25;TSR1;DKC1;RPP30;RRP9;EXOSC1;C1D;TRMT10C;MRM3;RPL7A;UTP25;HEATR1;RPSA;RPL12;UTP15;RPL6;EXOSC8;UTP6;EXOSC2;NOP58;RPP40;RPS4X;RPS3A;WDR46;SNU13;RPL7;DHX37;EXOSC9;NOP14;DDX49;NAT10;RPS27;RPL26L1;RPS15A;RPL10L;MTERF4;RPL26;ERI1;PRORP;RPP14;EXOSC5;RPS24;EMG1;RRP1B;GAR1;RPL29;RPL3L;MTREX;BYSL;ISG20L2;RIOK1;RPL10A;RPL36AL;DIMT1;HSD17B10;NOL11;FBL;RPL39;TRMT112;RPL11;RPL37;GNL3;RPL36A;RPL5;MRM2;LTV1;UTP20;RPL4;RPS10;SPPL2A;IMP4;UTP11;UTP4;PDCD11;RPS11;RPL18A;UTP14C;RPL23A;RPL32;TBL3;WDR12"
"tRNA Aminoacylation R-HSA-379724",0.849385245901639,1,0.0207818350435559,0.225143472814278,0.7429049024962,41,"RARS1;NARS2;TARS1;WARS2;CARS1;EARS2;RARS2;AIMP2;DARS2;CARS2;YARS2;LARS2;VARS2;FARS2;PARS2;LARS1;WARS1;SARS2;AIMP1;MARS2;NARS1;KARS1;TARS2;PPA2;QARS1"
"tRNA Modification In Nucleus And Cytosol R-HSA-6782315",0.627430910951894,1,0.0363018462359236,0.282047786063053,0.936676371844644,42,"QTRT2;TRMT9B;ADAT3;TRMT10A;URM1;NSUN2;PUS3;THADA;TRMT6"
"APC/C-mediated Degradation Of Cell Cycle Proteins R-HSA-174143",NA,NA,NA,-0.157145678603535,NA,86,"PSMC5;UBE2E1;PSMB7;PSMD8;CDC16;SKP1;BUB3;PSME3;PSMD2;PSMC4;CDC26;PSMB6;PSMD14;PSMD3;SKP2;SEM1"
"APC/C:Cdc20 Mediated Degradation Of Mitotic Proteins R-HSA-176409",NA,NA,NA,-0.171777588028651,NA,74,"PSMC5;UBE2E1;PSMB7;PSMD8;CDC16;BUB3;PSME3;PSMD2;PSMC4;CDC26;PSMB6;PSMD14;PSMD3;SEM1"
"Activation Of APC/C And APC/C:Cdc20 Mediated Degradation Of Mitotic Proteins R-HSA-176814",NA,NA,NA,-0.169748534338622,NA,75,"PSMC5;UBE2E1;PSMB7;PSMD8;CDC16;BUB3;PSME3;PSMD2;PSMC4;CDC26;PSMB6;PSMD14;PSMD3;SEM1"
"Activation Of NMDA Receptors And Postsynaptic Events R-HSA-442755",NA,NA,NA,-0.307520857006507,NA,74,"PRKACB;GRIA2;GIT1;CAMK2B;CAMKK1;DLG1;LLGL1;ADCY8;APBA1;ADCY1;PRKAR2B;RASGRF2;MAPT;CAMK4;NRGN;PRKAR1B;RASGRF1;GPRIN1;CAMK2D;CALM1;LIN7B;PRKAR1A;GRIA1;CAMK2G"
"Anchoring Of Basal Body To Plasma Membrane R-HSA-5620912",NA,NA,NA,-0.14388934205185,NA,96,"YWHAE;DYNC1H1;TUBB4A;CCP110;TUBB4B;DYNC1I2;TUBA4A;YWHAG;CEP57;PRKAR2B;PPP2R1A"
"Autophagy R-HSA-9612973",NA,NA,NA,-0.221222390583031,NA,125,"DYNC1H1;DYNC1LI2;ATG12;CHMP4B;LAMP2;HSP90AB1;VCP;DYNC1I2;TOMM20;GABARAPL2;TOMM5;MAP1LC3A;CHMP2B;GFAP;ATG4C;ULK1;PINK1;GABARAP;ATG3;VPS37C;GABARAPL1;SQSTM1;RRAGA;VPS28;MFN1;PARK7"
"Beta-catenin Independent WNT Signaling R-HSA-3858494",NA,NA,NA,-0.137691944262833,NA,141,"GNAO1;GNG7;PSMC5;CLTB;PSMB7;NLK;PSMD8;PLCB1;PPP3R1;AP2A1;TNRC6B;PPP3CA;AP2B1;PSME3;PSMD2;PSMC4;PSMB6;CLTA;RHOA;PRKCB;PSMD14;PSMD3;GNG3;GNG4;SEM1;CALM1"
"CLEC7A (Dectin-1) Signaling R-HSA-5607764",NA,NA,NA,-0.133793871568136,NA,98,"PSMC5;PSMB7;AHCYL1;PSMD8;SKP1;CDC34;PPP3R1;UBE2D2;PPP3CA;PSME3;PSMD2;PSMC4;FBXW11;PSMB6;PSMD14;PSMD3;SEM1;CALM1"
"COPI-mediated Anterograde Transport R-HSA-6807878",NA,NA,NA,-0.159830660641702,NA,80,"DYNC1H1;DYNC1LI2;ARF5;DYNC1I2;ARF3;GOLGB1;YKT6;DCTN5;COG6;DCTN4;ACTR10;PTGES2;DCTN6;COG1;NSF;ANK3;NAPG;ANK2;ARFGAP2"
"Cap-dependent Translation Initiation R-HSA-72737",NA,NA,NA,-0.124147252331172,NA,115,"RPS15;EIF4H;RPL27;EIF3K;RPL23;EIF1AX;RPL39L;EIF3A;RPS27L;RPL36;RPS16;EIF4A2;RPLP2;EIF3C;RPS12;RPS29;EIF4G1"
"Cargo Recognition For Clathrin-Mediated Endocytosis R-HSA-8856825",NA,NA,NA,-0.182339138881981,NA,102,"VAMP2;GRB2;TF;CLTCL1;CLTB;SCARB2;SYT1;VAMP3;EPN1;KIAA0319;AP2A1;HGS;AP2B1"
"Cell Death Signaling Via NRAGE, NRIF And NADE R-HSA-204998",NA,NA,NA,-0.152698571396082,NA,73,"YWHAE;BEX3;PREX1;ARHGEF2;OBSCN;PSENEN;PLEKHG5;RASGRF2;NGEF;SQSTM1;ABR"
"Cellular Response To Chemical Stress R-HSA-9711123",NA,NA,NA,-0.171496066433527,NA,180,"COX8A;COX6C;COX4I1;SIN3B;PSMC5;ATOX1;TALDO1;PSMB7;VCP;PRDX2;PRDX1;PRDX5;COX6A1;PSMD8;COX7C;SKP1;COX6B1;RBX1;TBL1X;SLC7A11;COX5A;PSME3;COX14;PSMD2;FABP1;PSMC4;SQSTM1;PSMB6;COX16;COX5B;PSMD14;PSMD3;RXRA;SKP2;SEM1;SOD1;CUL1;ATF4;HMOX2;SIN3A;PSMB2"
"Centrosome Maturation R-HSA-380287",NA,NA,NA,-0.210186316931537,NA,79,"YWHAE;DYNC1H1;TUBB4A;CCP110;TUBB4B;DYNC1I2;TUBA4A;YWHAG;CEP57;PRKAR2B;PPP2R1A;TUBGCP3"
"Chaperonin-mediated Protein Folding R-HSA-390466",NA,NA,NA,-0.228672373779737,NA,85,"TUBB2B;TUBB4A;GNG7;TUBA1C;USP11;TUBB4B;PFDN5;RGS7;TUBA4A;FBXL5;FBXW7;GNAQ;VBP1;FBXL3;TUBA3D;PFDN2;FBXW2;PFDN6;GNG3;GNA11;GNG4;GNB1;NOP56"
"Citric Acid (TCA) Cycle And Respiratory Electron Transport R-HSA-1428517",NA,NA,NA,-0.375465465354872,NA,159,"COX8A;ACAD9;ATP5MC2;UQCRC1;COX6C;COX4I1;UQCRQ;ATP5PO;ATP5F1A;NDUFB6;MDH2;NDUFA1;NDUFA2;MPC2;ATP5F1B;NDUFS4;TRAP1;COX6A1;COX7C;NDUFV2;PDHB;NDUFB8;ATP5ME;COX6B1;UQCRFS1;BSG;UQCRB;COX5A;NDUFB3;NDUFAB1;COX14;LDHB;NDUFS6;NDUFS5;NDUFB10;SUCLG1;ATP5F1D;PDHA1;UQCRC2;IDH2;ATP5MF;COX16;NDUFB2;COX5B;ATP5PF;NDUFV3;NDUFA13;NDUFS3;PDHX;RXRA;MPC1;ATP5PD;ATP5MC3;SLC16A1;NDUFB4;ATP5F1C;UQCR10"
"Clathrin-mediated Endocytosis R-HSA-8856828",NA,NA,NA,-0.219719761385618,NA,139,"DNAJC6;CTTN;VAMP2;GRB2;TF;SYNJ1;CLTCL1;CLTB;DNM1;SCARB2;SYT1;VAMP3;EPN1;BIN1;DNM2;KIAA0319;AP2A1;HGS;ARPC5;AP2B1;ACTR2;AMPH;CLTA;COPS4;ARPC2;FCHO1;FNBP1;TGOLN2;COPS6;NECAP1;AGFG1;GRK2;AP2S1;AP2M1;WASL;STON2;SYNJ2"
"Cyclin E Associated Events During G1/S Transition R-HSA-69202",NA,NA,NA,-0.126234303629327,NA,81,"PSMC5;PSMB7;CDKN1B;PSMD8;SKP1;CCNH;PSME3;PSMD2;PSMC4;PSMB6;CDK7;PSMD14;PSMD3;SKP2;SEM1"
"Degradation Of Beta-Catenin By Destruction Complex R-HSA-195253",NA,NA,NA,-0.193456535449313,NA,83,"PPP2CA;PSMC5;PPP2CB;PSMB7;PPP2R5B;PSMD8;SKP1;RBX1;TLE4;PSME3;PPP2R1A;PSMD2;PSMC4;PSMB6;PSMD14;PSMD3;SEM1;CUL1;PSMB2;GSK3B;PPP2R5D"
"Downstream Signaling Events Of B Cell Receptor (BCR) R-HSA-1168372",NA,NA,NA,-0.185336489911469,NA,78,"PSMC5;PSMB7;PPIA;PSMD8;SKP1;PPP3R1;PPP3CA;PSME3;PSMD2;PSMC4;FBXW11;PSMB6;PRKCB;PSMD14;PSMD3;SEM1;CALM1"
"Eukaryotic Translation Elongation R-HSA-156842",NA,NA,NA,-0.105292699114692,NA,87,"RPS15;RPL27;RPL23;EEF1A2;RPL39L;RPS27L;RPL36;RPS16;RPLP2;RPS12;RPS29"
"FCERI Mediated NF-kB Activation R-HSA-2871837",NA,NA,NA,-0.141825912229706,NA,77,"PSMC5;PSMB7;PSMD8;SKP1;CDC34;UBE2D2;PSME3;PSMD2;PSMC4;FBXW11;PSMB6;PSMD14;PSMD3;SEM1"
"Fc Epsilon Receptor (FCERI) Signaling R-HSA-2454202",NA,NA,NA,-0.132322153355085,NA,129,"PIK3R1;GRB2;PSMC5;PSMB7;AHCYL1;PSMD8;SKP1;CDC34;PPP3R1;UBE2D2;PPP3CA;PSME3;PSMD2;PSMC4;FBXW11;FYN;PSMB6;MAP3K1;PSMD14;PSMD3;SEM1;CALM1"
"Formation Of A Pool Of Free 40S Subunits R-HSA-72689",NA,NA,NA,-0.132142274647927,NA,97,"RPS15;RPL27;EIF3K;RPL23;EIF1AX;RPL39L;EIF3A;RPS27L;RPL36;RPS16;RPLP2;EIF3C;RPS12;RPS29"
"G2/M Transition R-HSA-69275",NA,NA,NA,-0.178449449138799,NA,179,"YWHAE;DYNC1H1;TUBB4A;PPP2CA;PSMC5;CCP110;TUBB4B;PPP2CB;HSP90AB1;PSMB7;DYNC1I2;TUBA4A;PSMD8;SKP1;PPP1CB;RBX1;YWHAG;CCNH;CEP57;PSME3;PRKAR2B;PPP2R1A;PSMD2;TUBGCP3;PPP2R2A;OPTN;PSMC4;FBXW11;PSMB6;CDK7;XPO1;PSMD14;PSMD3;HAUS1;SSNA1;SEM1;CEP72"
"GTP Hydrolysis And Joining Of 60S Ribosomal Subunit R-HSA-72706",NA,NA,NA,-0.143904056523933,NA,108,"RPS15;EIF4H;RPL27;EIF3K;RPL23;EIF1AX;RPL39L;EIF3A;RPS27L;RPL36;RPS16;EIF4A2;RPLP2;EIF3C;RPS12;RPS29;EIF4G1"
"Global Genome Nucleotide Excision Repair (GG-NER) R-HSA-5696399",NA,NA,NA,-0.138448488168077,NA,79,"RAD23B;UBE2V2;PARP1;DDB1;RAD23A;RBX1;CCNH"
"Glucose Metabolism R-HSA-70326",NA,NA,NA,-0.203510979872225,NA,87,"PRKACB;PGK1;ENO1;ALDOC;PPP2CA;MDH2;MDH1;PPP2CB;PKM;PFKFB3;PFKM;ENO2;PPP2R1A"
"Glycolysis R-HSA-70171",NA,NA,NA,-0.220834395194185,NA,67,"PRKACB;PGK1;ENO1;ALDOC;PPP2CA;PPP2CB;PKM;PFKFB3;PFKM;ENO2;PPP2R1A"
"Golgi-to-ER Retrograde Transport R-HSA-8856688",NA,NA,NA,-0.16694550553066,NA,112,"KIF21A;DYNC1H1;DYNC1LI2;PAFAH1B2;ARF5;KIF5C;KIF1A;KLC1;DYNC1I2;ARF3;BICD1;KIF5A;DCTN5;DCTN4;ACTR10"
"HATs Acetylate Histones R-HSA-3214847",NA,NA,NA,-0.139244236629791,NA,102,"SUPT7L;TAF12;RUVBL2;MEAF6;EPC1;KAT7;PHF20;ATXN7L3;USP22;H2AC1;MBIP;MORF4L2"
"Integration Of Energy Metabolism R-HSA-163685",NA,NA,NA,-0.275438514763606,NA,105,"PRKACB;ACSL3;GNAI1;VAMP2;FASN;GNG7;PPP2CA;SNAP25;GNAS;TALDO1;PPP2CB;AHCYL1;ADCY8;PLCB1;MARCKS;STXBP1;GNAQ;ACACA;ADCY1;PRKAR2B;PPP2R1A;PRKAR1B;SYT5;RAPGEF3;ACSL4;GNG3;GNA11;GNG4;STX1A;KCNC2;GNB1"
"Intra-Golgi And Retrograde Golgi-to-ER Traffic R-HSA-6811442",NA,NA,NA,-0.123699060520631,NA,178,"KIF21A;DYNC1H1;DYNC1LI2;PAFAH1B2;ARF5;KIF5C;KIF1A;KLC1;DYNC1I2;VAMP3;ARF3;BICD1;KIF5A;YKT6;RAB39A;DCTN5;COG6;DCTN4;ACTR10;VTI1A;RAB6B;PTGES2;NAA38;TMF1;KIF1B;DCTN6;COG1;GALNT2;TGOLN2;KIF3A;STX16;NSF;NAPG;TRIP11;ARFGAP2;PAFAH1B1"
"L13a-mediated Translational Silencing Of Ceruloplasmin Expression R-HSA-156827",NA,NA,NA,-0.148128776220686,NA,107,"RPS15;EIF4H;RPL27;EIF3K;RPL23;EIF1AX;RPL39L;EIF3A;RPS27L;RPL36;RPS16;EIF4A2;RPLP2;EIF3C;RPS12;RPS29;EIF4G1"
"L1CAM Interactions R-HSA-373760",NA,NA,NA,-0.220343009644958,NA,99,"DPYSL2;NCAM1;CNTN1;GAP43;DNM1;RDX;DNM2;DLG1;NFASC;LLGL1;AP2A1;SHTN1;AP2B1;NRCAM;CHL1;KCNQ3;SCN3A;CLTA"
"MHC Class II Antigen Presentation R-HSA-2132295",NA,NA,NA,-0.194083073882252,NA,101,"DYNC1H1;DYNC1LI2;OSBPL1A;KIF5C;KLC1;DNM1;DYNC1I2;DNM2;AP2A1;RAB7A;KIF5A;AP2B1;HLA-DQB2;CTSF;DCTN5;DCTN4;ACTR10;CLTA;CANX"
"Macroautophagy R-HSA-1632852",NA,NA,NA,-0.193902664228629,NA,112,"DYNC1H1;DYNC1LI2;ATG12;CHMP4B;VCP;DYNC1I2;TOMM20;GABARAPL2;TOMM5;MAP1LC3A;CHMP2B;ATG4C;ULK1;PINK1;GABARAP;ATG3;GABARAPL1;SQSTM1;RRAGA"
"Mitochondrial Biogenesis R-HSA-1592230",NA,NA,NA,-0.177499788143944,NA,89,"ATP5MC2;ATP5PO;ATP5F1A;HSPA9;ATP5F1B;ATP5ME;TBL1X;GLUD1;POLRMT;CAMK4;ATP5F1D;IDH2;ATP5MF;ATP5PF;RXRA;MEF2C;CRTC2;CALM1;ATP5PD;ATP5MC3;ATP5F1C;SIRT5;CHD9;CYCS;CARM1;ATP5MC1"
"Mitotic Anaphase R-HSA-68882",NA,NA,NA,-0.172199719845319,NA,224,"TUBB2B;DYNC1H1;DYNC1LI2;TUBB4A;SIRT2;PPP2CA;CHMP4B;TUBA1C;PSMC5;UBE2E1;TUBB4B;PPP2CB;PSMB7;DYNC1I2;SMC1A;KPNB1;TUBA4A;PPP2R5B;PSMD8;CDC16;BUB3;CHMP2B;TNPO1;TAOK1;CLASP2;PDS5B;PSME3;PPP2R1A;PSMD2;PPP2R2A;PSMC4;CDC26;PSMB6;RCC2;BIRC5;TUBA3D;XPO1"
"Mitotic G2-G2/M Phases R-HSA-453274",NA,NA,NA,-0.176315793583571,NA,181,"YWHAE;DYNC1H1;TUBB4A;PPP2CA;PSMC5;CCP110;TUBB4B;PPP2CB;HSP90AB1;PSMB7;DYNC1I2;TUBA4A;PSMD8;SKP1;PPP1CB;RBX1;YWHAG;CCNH;CEP57;PSME3;PRKAR2B;PPP2R1A;PSMD2;TUBGCP3;PPP2R2A;OPTN;PSMC4;FBXW11;PSMB6;CDK7;XPO1;PSMD14;PSMD3;HAUS1;SSNA1;SEM1;CEP72"
"Mitotic Metaphase And Anaphase R-HSA-2555396",NA,NA,NA,-0.171083726386499,NA,225,"TUBB2B;DYNC1H1;DYNC1LI2;TUBB4A;SIRT2;PPP2CA;CHMP4B;TUBA1C;PSMC5;UBE2E1;TUBB4B;PPP2CB;PSMB7;DYNC1I2;SMC1A;KPNB1;TUBA4A;PPP2R5B;PSMD8;CDC16;BUB3;CHMP2B;TNPO1;TAOK1;CLASP2;PDS5B;PSME3;PPP2R1A;PSMD2;PPP2R2A;PSMC4;CDC26;PSMB6;RCC2;BIRC5;TUBA3D;XPO1"
"Mitotic Spindle Checkpoint R-HSA-69618",NA,NA,NA,-0.147593048922034,NA,108,"DYNC1H1;DYNC1LI2;PPP2CA;UBE2E1;PPP2CB;DYNC1I2;PPP2R5B;CDC16;BUB3;TAOK1;CLASP2;PPP2R1A;CDC26;RCC2;BIRC5;XPO1"
"Neuronal System R-HSA-112316",NA,NA,NA,-0.160319325626859,NA,386,"PRKACB;GNAI1;GRIA2;GLUL;VAMP2;GIT1;GNG7;TSPOAP1;SNAP25;KCNJ9;APBA2;SYN1;GLRA1;PPFIA2;ARL6IP5;RTN3;KCNK4;CAMK2B;EPB41L1;SYT1;RAB3A;CAMKK1;TSPAN7;DLG1;LLGL1;ADCY8;KCNMB4;NLGN4X;SLC1A3;PLCB1;GABRB3;AP2A1;LRRTM4;STXBP1;APBA1;ALDH2;GRM5;SLC1A2;CACNA1B;ADCY1;AP2B1;CPLX1;NPTN;SLC17A7;NLGN4Y;PRKAR2B;KCNMA1;RASGRF2;MAPT;CAMK4;NRGN;PRKAR1B;RASGRF1;GABRA2;KCND2;KCNQ3;GABRA3;GPRIN1;PTPRS;KCNAB2;GABRA4;PRKCB;DLGAP4;GABBR2;PTPRD;GNG3;CAMK2D;SYN2;SLITRK2;GNG4;CALM1;LIN7B;STX1A;EPB41L3;KCNC2;NLGN3;GNB1;MYO6"
"Neurotransmitter Receptors And Postsynaptic Signal Transmission R-HSA-112314",NA,NA,NA,-0.204177788184942,NA,182,"PRKACB;GNAI1;GRIA2;GIT1;GNG7;KCNJ9;GLRA1;CAMK2B;EPB41L1;CAMKK1;TSPAN7;DLG1;LLGL1;ADCY8;PLCB1;GABRB3;AP2A1;APBA1;ADCY1;AP2B1;NPTN;PRKAR2B;RASGRF2;MAPT;CAMK4;NRGN;PRKAR1B;RASGRF1;GABRA2;GABRA3;GPRIN1;GABRA4;PRKCB;GABBR2;GNG3;CAMK2D;GNG4;CALM1;LIN7B;GNB1;MYO6;PRKAR1A;NSF;GRIA1;PICK1;CAMK2G;GLRB;AP2S1;AP2M1"
"Nonsense Mediated Decay (NMD) Enhanced By Exon Junction Complex (EJC) R-HSA-975957",NA,NA,NA,-0.113540711887909,NA,111,"PPP2CA;RPS15;NCBP2;RPL27;RPL23;RPL39L;RPS27L;PPP2R1A;PPP2R2A;RPL36;RPS16;RPLP2;EIF4A3;RPS12;RPS29;EIF4G1"
"Nonsense Mediated Decay (NMD) Independent Of Exon Junction Complex (EJC) R-HSA-975956",NA,NA,NA,-0.103170769370902,NA,91,"RPS15;NCBP2;RPL27;RPL23;RPL39L;RPS27L;RPL36;RPS16;RPLP2;RPS12;RPS29;EIF4G1"
"Nuclear Events Mediated By NFE2L2 R-HSA-9759194",NA,NA,NA,-0.195840888461992,NA,76,"PSMC5;TALDO1;PSMB7;PRDX1;PSMD8;SKP1;RBX1;SLC7A11;PSME3;PSMD2;PSMC4;SQSTM1;PSMB6;PSMD14;PSMD3;SEM1;CUL1;ATF4;PSMB2;GSK3B"
"Nucleotide Excision Repair R-HSA-5696398",NA,NA,NA,-0.105304237260789,NA,103,"RAD23B;UBE2V2;PARP1;DDB1;RAD23A"
"Opioid Signaling R-HSA-111885",NA,NA,NA,-0.288532195401111,NA,88,"PDE4C;PRKACB;GNAI1;GNG7;PPP2CA;PPP2CB;CAMK2B;CAMKK1;AHCYL1;ADCY8;PLCB1;PPP3R1;GNAQ;PPP3CA;ADCY1;PRKAR2B;PPP2R1A;CAMK4;PRKAR1B;GNG3;CAMK2D;GNA11;GNG4;CALM1;GNB1;PRKAR1A;CAMK2G;GRK2;PPP2R5D"
"P75 NTR Receptor-Mediated Signaling R-HSA-193704",NA,NA,NA,-0.158820063661762,NA,94,"YWHAE;BEX3;RTN4;PREX1;MAG;ARHGEF2;OMG;OBSCN;PSENEN"
"PI Metabolism R-HSA-1483255",NA,NA,NA,-0.147788335755218,NA,82,"PIK3R1;CLSTN1;PIP4K2A;SYNJ1;MTMR10;MTMR7;ARF3"
"Peptide Chain Elongation R-HSA-156902",NA,NA,NA,-0.0945979506345171,NA,83,"RPS15;RPL27;RPL23;RPL39L;RPS27L;RPL36;RPS16;RPLP2;RPS12;RPS29"
"Protein Folding R-HSA-391251",NA,NA,NA,-0.239762878194323,NA,91,"TUBB2B;ARL2;TUBB4A;GNG7;TUBA1C;USP11;TUBB4B;PFDN5;RGS7;TUBA4A;FBXL5;FBXW7;GNAQ;VBP1;FBXL3;TBCB;TUBA3D;PFDN2;TBCA;FBXW2;PFDN6;GNG3;GNA11;GNG4;GNB1;NOP56"
"Protein Localization R-HSA-9609507",NA,NA,NA,-0.14111383351797,NA,160,"APP;PRNP;VAMP2;ATP5F1A;HSPA9;ATP5F1B;TOMM20;CMC2;TOMM5;NDUFB8;CAMLG;TIMM17A;UBE2D2;SLC25A6;CHCHD10;HSD17B4"
"Protein-protein Interactions At Synapses R-HSA-6794362",NA,NA,NA,-0.206994678570296,NA,88,"APBA2;PPFIA2;RTN3;EPB41L1;SYT1;DLG1;LLGL1;NLGN4X;LRRTM4;STXBP1;APBA1;GRM5;NLGN4Y;GPRIN1;PTPRS;DLGAP4;PTPRD;SLITRK2;LIN7B;STX1A;EPB41L3;NLGN3;PPFIA1;GRIA1"
"RHOA GTPase Cycle R-HSA-8980692",NA,NA,NA,-0.155386685361262,NA,147,"ATP6AP1;PIK3R1;PGRMC2;ANLN;PREX1;ARHGEF2;VAPB;VAMP3;OBSCN;C1QBP;PLEKHG4;MYO9A;KTN1;YKT6;FARP1;PLEKHG5;RASGRF2;RTKN;NGEF;TEX2;ARHGEF25;ABR;RHOA;BCAP31"
"RHOB GTPase Cycle R-HSA-9013026",NA,NA,NA,-0.156062872786788,NA,69,"PIK3R1;ANLN;PREX1;ARHGEF2;VAMP3;MYO9A"
"RHOC GTPase Cycle R-HSA-9013106",NA,NA,NA,-0.168600625990754,NA,73,"PIK3R1;ANLN;FMNL2;PREX1;VAPB;VAMP3;C1QBP"
"RHOG GTPase Cycle R-HSA-9013408",NA,NA,NA,-0.153677509436586,NA,74,"PIK3R1;PGRMC2;PREX1;VAPB;VAMP3;KTN1;RAB7A;YKT6"
"RNA Polymerase II Transcription Termination R-HSA-73856",NA,NA,NA,-0.157405344369013,NA,67,"CSTF3;SRSF5;NCBP2;SNRPD3;SRSF9;SRSF1;THOC1;U2AF1L4;EIF4A3;CPSF7;NUDT21;CPSF2;SRSF4"
"Recruitment Of NuMA To Mitotic Centrosomes R-HSA-380320",NA,NA,NA,-0.209218446521692,NA,79,"YWHAE;DYNC1H1;TUBB4A;CCP110;TUBB4B;DYNC1I2;TUBA4A;YWHAG;CEP57;PRKAR2B;PPP2R1A;TUBGCP3"
"Regulation Of APC/C Activators Between G1/S And Early Anaphase R-HSA-176408",NA,NA,NA,-0.178231302860749,NA,79,"PSMC5;UBE2E1;PSMB7;PSMD8;CDC16;SKP1;BUB3;PSME3;PSMD2;PSMC4;CDC26;PSMB6;PSMD14;PSMD3;SEM1"
"Regulation Of Insulin Secretion R-HSA-422356",NA,NA,NA,-0.284914438266366,NA,77,"PRKACB;ACSL3;GNAI1;VAMP2;GNG7;SNAP25;GNAS;AHCYL1;ADCY8;PLCB1;MARCKS;STXBP1;GNAQ;PRKAR2B;PRKAR1B;SYT5;RAPGEF3;ACSL4;GNG3;GNA11;GNG4;STX1A;KCNC2;GNB1"
"Regulation Of PLK1 Activity At G2/M Transition R-HSA-2565942",NA,NA,NA,-0.228453621505473,NA,85,"YWHAE;DYNC1H1;TUBB4A;CCP110;TUBB4B;DYNC1I2;TUBA4A;SKP1;PPP1CB;YWHAG;CEP57;PRKAR2B;PPP2R1A;OPTN;FBXW11"
"Respiratory Electron Transport R-HSA-611105",NA,NA,NA,-0.449454281087189,NA,89,"COX8A;ACAD9;UQCRC1;COX6C;COX4I1;UQCRQ;NDUFB6;NDUFA1;NDUFA2;NDUFS4;TRAP1;COX6A1;COX7C;NDUFV2;NDUFB8;COX6B1;UQCRFS1;UQCRB;COX5A;NDUFB3;NDUFAB1;COX14;NDUFS6;NDUFS5;NDUFB10;UQCRC2;COX16;NDUFB2;COX5B;NDUFV3;NDUFA13;NDUFS3"
"Respiratory Electron Transport, ATP Synthesis By Chemiosmotic Coupling, Heat Production By Uncoupling Proteins R-HSA-163200",NA,NA,NA,-0.454714980469228,NA,111,"COX8A;ACAD9;ATP5MC2;UQCRC1;COX6C;COX4I1;UQCRQ;ATP5PO;ATP5F1A;NDUFB6;NDUFA1;NDUFA2;ATP5F1B;NDUFS4;TRAP1;COX6A1;COX7C;NDUFV2;NDUFB8;ATP5ME;COX6B1;UQCRFS1;UQCRB;COX5A;NDUFB3;NDUFAB1;COX14;NDUFS6;NDUFS5;NDUFB10;ATP5F1D;UQCRC2;ATP5MF;COX16;NDUFB2;COX5B;ATP5PF;NDUFV3;NDUFA13;NDUFS3;ATP5PD;ATP5MC3;NDUFB4;ATP5F1C;UQCR10"
"Selenocysteine Synthesis R-HSA-2408557",NA,NA,NA,-0.104575462376429,NA,89,"RPS15;SARS1;RPL27;RPL23;RPL39L;RPS27L;RPL36;RPS16;RPLP2;RPS12;RPS29"
"Sensory Processing Of Sound By Inner Hair Cells Of Cochlea R-HSA-9662360",NA,NA,NA,-0.220414409945706,NA,67,"VAMP2;ATP2B1;SNAP25;SYN1;CABP1;EPB41L1;SYP;RAB3A;ATP2B4;RDX;BSN;PCLO;KCNMA1"
"Sensory Processing Of Sound R-HSA-9659379",NA,NA,NA,-0.191581307213804,NA,75,"VAMP2;ATP2B1;SNAP25;SYN1;CABP1;EPB41L1;SYP;RAB3A;ATP2B4;RDX;BSN;PCLO;KCNMA1"
"Separation Of Sister Chromatids R-HSA-2467813",NA,NA,NA,-0.146253610975666,NA,167,"DYNC1H1;DYNC1LI2;PPP2CA;PSMC5;UBE2E1;PPP2CB;PSMB7;DYNC1I2;SMC1A;PPP2R5B;PSMD8;CDC16;BUB3;TAOK1;CLASP2;PDS5B;PSME3;PPP2R1A;PSMD2;PSMC4;CDC26;PSMB6;RCC2;BIRC5;XPO1;PSMD14;PSMD3"
"Signaling By B Cell Receptor (BCR) R-HSA-983705",NA,NA,NA,-0.207268950819216,NA,108,"PIK3R1;CD22;GRB2;CLSTN1;PSMC5;PSMB7;PPIA;AHCYL1;PSMD8;SKP1;PPP3R1;PPP3CA;PSME3;PSMD2;PSMC4;FBXW11;FYN;PSMB6;PRKCB;PSMD14;PSMD3;SEM1;CALM1"
"Signaling By FGFR R-HSA-190236",NA,NA,NA,-0.172553942578369,NA,84,"PIK3R1;TIAL1;PTBP1;GRB2;PPP2CA;NCBP2;PPP2CB"
"Signaling By Insulin Receptor R-HSA-74752",NA,NA,NA,-0.229850485577259,NA,77,"ATP6AP1;PIK3R1;GRB2;ATP6V0B;ATP6V1B2;ATP6V0D1;ATP6V0E2;ATP6V0C;ATP6V1G2;ATP6V1A;ATP6V0A1;ATP6V1F;ATP6V1H"
"Signaling By NTRK1 (TRKA) R-HSA-187037",NA,NA,NA,-0.180445493726601,NA,114,"PIK3R1;RALGDS;NTRK2;GRB2;TF;PPP2CA;ID2;PPP2CB;DNM1;DNM2;AP2A1;AP2B1;YWHAB;PPP2R1A;SHC3;CLTA;RIT2;KIDINS220;RHOA;VGF;MEF2C;MAP2K5"
"Signaling By NTRKs R-HSA-166520",NA,NA,NA,-0.172132717540959,NA,132,"PIK3R1;RALGDS;NTRK2;GRB2;TF;PPP2CA;ID2;PPP2CB;DNM1;DNM2;AP2A1;AP2B1;YWHAB;PPP2R1A;SHC3;FYN;CLTA;RIT2;KIDINS220;PTPRS;PCSK6;RHOA;VGF;MEF2C;MAP2K5"
"Switching Of Origins To A Post-Replicative State R-HSA-69052",NA,NA,NA,-0.146157552426555,NA,89,"PSMC5;UBE2E1;PSMB7;PSMD8;CDC16;SKP1;RBX1;PSME3;PSMD2;PSMC4;CDC26;PSMB6;PSMD14;PSMD3;SKP2;SEM1"
"TP53 Regulates Metabolic Genes R-HSA-5628897",NA,NA,NA,-0.300275992211593,NA,81,"YWHAQ;COX8A;YWHAE;COX6C;COX4I1;PRDX2;PRDX1;YWHAH;PRDX5;COX6A1;COX7C;COX6B1;TNRC6B;YWHAG;COX5A;COX14;YWHAB;RRAGA;COX16;COX5B"
"Transmission Across Chemical Synapses R-HSA-112315",NA,NA,NA,-0.236017458998616,NA,246,"PRKACB;GNAI1;GRIA2;GLUL;VAMP2;GIT1;GNG7;TSPOAP1;SNAP25;KCNJ9;SYN1;GLRA1;PPFIA2;ARL6IP5;CAMK2B;EPB41L1;SYT1;RAB3A;CAMKK1;TSPAN7;DLG1;LLGL1;ADCY8;SLC1A3;PLCB1;GABRB3;AP2A1;STXBP1;APBA1;ALDH2;SLC1A2;CACNA1B;ADCY1;AP2B1;CPLX1;NPTN;SLC17A7;PRKAR2B;RASGRF2;MAPT;CAMK4;NRGN;PRKAR1B;RASGRF1;GABRA2;GABRA3;GPRIN1;GABRA4;PRKCB;GABBR2;GNG3;CAMK2D;SYN2;GNG4;CALM1;LIN7B;STX1A;GNB1;MYO6;SYN3;PPFIA1;PRKAR1A;NSF;GRIA1;PICK1;CACNA1E;CAMK2G;GLRB;AP2S1;AP2M1"
"mRNA Splicing - Major Pathway R-HSA-72163",NA,NA,NA,-0.142446785364676,NA,180,"CSTF3;PTBP1;SRSF5;HNRNPU;NCBP2;TXNL4A;SNRPD3;SRSF9;SNRPN;HNRNPA2B1;PLRG1;SART1;SNRNP70;SRSF1;DHX9;PUF60;FUS;SNRNP200;DDX46;U2AF1L4;SF3B2;PQBP1"
"mRNA Splicing R-HSA-72172",NA,NA,NA,-0.132327654952687,NA,188,"CSTF3;PTBP1;SRSF5;HNRNPU;NCBP2;TXNL4A;SNRPD3;SRSF9;SNRPN;HNRNPA2B1;PLRG1;SART1;SNRNP70;SRSF1;DHX9;PUF60;FUS;SNRNP200;DDX46;U2AF1L4;SF3B2;PQBP1"
