"pathway","pval","padj","log2err","ES","NES","size","leadingEdge"
"L13a-mediated Translational Silencing Of Ceruloplasmin Expression R-HSA-156827",1.08501311847364e-48,1.26621030925874e-45,1.82023946954892,0.840595501814354,3.85279823500482,107,"RPL21;RPL32;RPS28;RPS12;RPL30;RPL7;RPS27A;RPL19;RPL37;RPS3A;RPS6;RPS23;RPSA;RPL39;RPS8;RPS10;RPL37A;RPS27;RPL5;RPL34;RPL18A;RPS11;RPS7;RPS24;RPL27A;RPS2;RPS9;RPS13;RPL6;RPS14;RPS29;RPS4X;RPL12;RPS20;RPL7A;RPS19;RPS17;RPL9;RPS16;RPS3;RPL22;RPL35;RPL36A;RPL26;RPS25;RPL4;RPL38;RPL29;RPL28;RPS15A;RPL31;RPS5;RPLP0;RPL14;RPS21;EIF3L;RPL18;RPL10A;FAU;EIF3J;EIF4B;EIF3F;PABPC1;RPLP2;RPS15;RPL36AL;RPL11;RPLP1;UBA52;RPL15;RPL35A"
"Formation Of A Pool Of Free 40S Subunits R-HSA-72689",1.6928280112561e-46,7.45743299297317e-44,1.77997642918922,0.854913460990656,3.81216440135917,97,"RPL21;RPL32;RPS28;RPS12;RPL30;RPL7;RPS27A;RPL19;RPL37;RPS3A;RPS6;RPS23;RPSA;RPL39;RPS8;RPS10;RPL37A;RPS27;RPL5;RPL34;RPL18A;RPS11;RPS7;RPS24;RPL27A;RPS2;RPS9;RPS13;RPL6;RPS14;RPS29;RPS4X;RPL12;RPS20;RPL7A;RPS19;RPS17;RPL9;RPS16;RPS3;RPL22;RPL35;RPL36A;RPL26;RPS25;RPL4;RPL38;RPL29;RPL28;RPS15A;RPL31;RPS5;RPLP0;RPL14;RPS21;EIF3L;RPL18;RPL10A;FAU;EIF3J;EIF3F;RPLP2;RPS15;RPL36AL;RPL11;RPLP1;UBA52;RPL15;RPL35A"
"Nonsense Mediated Decay (NMD) Independent Of Exon Junction Complex (EJC) R-HSA-975956",1.91707789022447e-46,7.45743299297317e-44,1.77414997679975,0.86481091868049,3.82890884523644,91,"RPL21;RPL32;RPS28;RPS12;RPL30;RPL7;RPS27A;RPL19;RPL37;RPS3A;RPS6;RPS23;RPSA;RPL39;RPS8;RPS10;RPL37A;RPS27;RPL5;RPL34;RPL18A;RPS11;RPS7;RPS24;RPL27A;RPS2;RPS9;RPS13;RPL6;RPS14;RPS29;RPS4X;RPL12;RPS20;RPL7A;RPS19;RPS17;RPL9;RPS16;RPS3;RPL22;RPL35;RPL36A;RPL26;RPS25;RPL4;RPL38;RPL29;RPL28;RPS15A;RPL31;RPS5;RPLP0;RPL14;RPS21;RPL18;RPL10A;FAU;PABPC1;RPLP2;RPS15;RPL36AL;RPL11;RPLP1;UBA52;RPL15;RPL35A"
"Cap-dependent Translation Initiation R-HSA-72737",7.26429443185134e-46,2.11935790049263e-43,1.7624392879181,0.822365078169867,3.82953377372675,115,"RPL21;RPL32;RPS28;RPS12;RPL30;RPL7;RPS27A;RPL19;RPL37;RPS3A;RPS6;RPS23;RPSA;RPL39;RPS8;RPS10;RPL37A;RPS27;RPL5;RPL34;RPL18A;RPS11;RPS7;RPS24;RPL27A;RPS2;RPS9;RPS13;RPL6;RPS14;RPS29;RPS4X;RPL12;RPS20;RPL7A;RPS19;RPS17;RPL9;RPS16;RPS3;RPL22;RPL35;RPL36A;RPL26;RPS25;RPL4;RPL38;RPL29;RPL28;RPS15A;RPL31;RPS5;RPLP0;RPL14;RPS21;EIF3L;RPL18;RPL10A;FAU;EIF3J;EIF4B;EIF3F;PABPC1;RPLP2;RPS15;RPL36AL;RPL11;RPLP1;UBA52;RPL15;RPL35A"
"GTP Hydrolysis And Joining Of 60S Ribosomal Subunit R-HSA-72706",2.62304542306565e-45,6.12218801743523e-43,1.75655466618793,0.832988244586299,3.83008721906688,108,"RPL21;RPL32;RPS28;RPS12;RPL30;RPL7;RPS27A;RPL19;RPL37;RPS3A;RPS6;RPS23;RPSA;RPL39;RPS8;RPS10;RPL37A;RPS27;RPL5;RPL34;RPL18A;RPS11;RPS7;RPS24;RPL27A;RPS2;RPS9;RPS13;RPL6;RPS14;RPS29;RPS4X;RPL12;RPS20;RPL7A;RPS19;RPS17;RPL9;RPS16;RPS3;RPL22;RPL35;RPL36A;RPL26;RPS25;RPL4;RPL38;RPL29;RPL28;RPS15A;RPL31;RPS5;RPLP0;RPL14;RPS21;EIF3L;RPL18;RPL10A;FAU;EIF3J;EIF4B;EIF3F;RPLP2;RPS15;RPL36AL;RPL11;RPLP1;UBA52;RPL15;RPL35A"
"Viral mRNA Translation R-HSA-192823",3.52241996318562e-45,6.85110682839603e-43,1.75065026404932,0.864378083881567,3.79142947268059,89,"RPL21;RPL32;RPS28;RPS12;RPL30;RPL7;RPS27A;RPL19;RPL37;RPS3A;RPS6;RPS23;RPSA;RPL39;RPS8;RPS10;RPL37A;RPS27;RPL5;RPL34;RPL18A;RPS11;RPS7;RPS24;RPL27A;RPS2;RPS9;RPS13;RPL6;RPS14;RPS29;RPS4X;RPL12;RPS20;RPL7A;RPS19;RPS17;RPL9;RPS16;RPS3;RPL22;RPL35;RPL36A;RPL26;RPS25;RPL4;RPL38;RPL29;RPL28;RPS15A;RPL31;RPS5;RPLP0;RPL14;RPS21;RPL18;RPL10A;FAU;RPLP2;RPS15;RPL36AL;RPL11;RPLP1;UBA52;RPL15;RPL35A"
"Nonsense Mediated Decay (NMD) Enhanced By Exon Junction Complex (EJC) R-HSA-975957",5.40631338061447e-45,9.01309673596727e-43,1.75065026404932,0.819192436204938,3.79805333106158,111,"RPL21;RPL32;RPS28;RPS12;RPL30;RPL7;RPS27A;RPL19;RPL37;RPS3A;RPS6;RPS23;RPSA;RPL39;RPS8;RPS10;RPL37A;RPS27;RPL5;RPL34;RPL18A;RPS11;RPS7;RPS24;RPL27A;RPS2;RPS9;RPS13;RPL6;CASC3;RPS14;RPS29;RPS4X;RPL12;RPS20;RPL7A;RPS19;RPS17;RPL9;RPS16;RPS3;RPL22;RPL35;RPL36A;RPL26;RPS25;RPL4;RPL38;RPL29;RPL28;RPS15A;RPL31;RPS5;RPLP0;RPL14;RPS21;RPL18;RPL10A;FAU;PABPC1;UPF3A;RPLP2;RPS15;RPL36AL;RPL11;RPLP1;UBA52;RPL15;RPL35A"
"Peptide Chain Elongation R-HSA-156902",1.12709608118731e-44,1.64415140843199e-42,1.7387813118488,0.875205123380589,3.80650862966104,83,"RPL21;RPL32;RPS28;RPS12;RPL30;RPL7;RPS27A;RPL19;RPL37;RPS3A;RPS6;RPS23;RPSA;RPL39;RPS8;RPS10;RPL37A;RPS27;RPL5;RPL34;RPL18A;RPS11;RPS7;RPS24;RPL27A;RPS2;RPS9;RPS13;RPL6;RPS14;RPS29;RPS4X;RPL12;RPS20;RPL7A;RPS19;RPS17;RPL9;RPS16;RPS3;RPL22;RPL35;RPL36A;RPL26;RPS25;RPL4;RPL38;RPL29;RPL28;RPS15A;RPL31;RPS5;RPLP0;RPL14;RPS21;RPL18;RPL10A;FAU;RPLP2;RPS15;RPL36AL;RPL11;RPLP1;UBA52;RPL15;RPL35A"
"Eukaryotic Translation Elongation R-HSA-156842",1.09165118255857e-42,1.41550770005095e-40,1.7026781142338,0.861760729456361,3.76420635307028,87,"RPL21;RPL32;RPS28;RPS12;RPL30;RPL7;RPS27A;RPL19;RPL37;RPS3A;RPS6;RPS23;RPSA;RPL39;RPS8;RPS10;RPL37A;RPS27;RPL5;RPL34;RPL18A;RPS11;RPS7;RPS24;RPL27A;RPS2;RPS9;RPS13;RPL6;RPS14;RPS29;RPS4X;RPL12;RPS20;RPL7A;RPS19;RPS17;RPL9;RPS16;RPS3;EEF1D;RPL22;RPL35;RPL36A;RPL26;RPS25;RPL4;RPL38;RPL29;RPL28;RPS15A;RPL31;RPS5;RPLP0;RPL14;RPS21;RPL18;RPL10A;FAU;EEF1G;EEF1B2;RPLP2;RPS15;RPL36AL;RPL11;RPLP1;UBA52;RPL15;RPL35A"
"Selenocysteine Synthesis R-HSA-2408557",1.95570711821979e-42,2.28231020696249e-40,1.69658622309628,0.853216248331728,3.74247021160951,89,"RPL21;RPL32;RPS28;RPS12;RPL30;RPL7;RPS27A;RPL19;RPL37;RPS3A;RPS6;RPS23;RPSA;RPL39;RPS8;RPS10;RPL37A;RPS27;RPL5;RPL34;RPL18A;RPS11;RPS7;RPS24;RPL27A;RPS2;RPS9;RPS13;RPL6;RPS14;RPS29;RPS4X;RPL12;RPS20;RPL7A;RPS19;RPS17;RPL9;RPS16;RPS3;RPL22;RPL35;RPL36A;RPL26;RPS25;RPL4;RPL38;RPL29;RPL28;RPS15A;RPL31;RPS5;RPLP0;RPL14;RPS21;RPL18;RPL10A;FAU;RPLP2;RPS15;RPL36AL;RPL11;RPLP1;UBA52;RPL15;RPL35A"
"Eukaryotic Translation Termination R-HSA-72764",4.63895118008716e-42,4.92150547923793e-40,1.69047237898449,0.851430147243767,3.73463582011769,89,"RPL21;RPL32;RPS28;RPS12;RPL30;RPL7;RPS27A;RPL19;RPL37;RPS3A;RPS6;RPS23;RPSA;RPL39;RPS8;RPS10;RPL37A;RPS27;RPL5;RPL34;RPL18A;RPS11;RPS7;RPS24;RPL27A;RPS2;RPS9;RPS13;RPL6;RPS14;RPS29;RPS4X;RPL12;RPS20;RPL7A;RPS19;RPS17;RPL9;RPS16;RPS3;RPL22;RPL35;RPL36A;RPL26;RPS25;RPL4;RPL38;RPL29;RPL28;RPS15A;RPL31;RPS5;RPLP0;RPL14;RPS21;RPL18;RPL10A;FAU;RPLP2;RPS15;RPL36AL;RPL11;RPLP1;UBA52;RPL15;RPL35A"
"Response Of EIF2AK4 (GCN2) To Amino Acid Deficiency R-HSA-9633012",3.16500367045408e-41,3.07796606951659e-39,1.67199671627594,0.831256334632726,3.70667436165895,97,"RPL21;RPL32;RPS28;RPS12;RPL30;RPL7;RPS27A;RPL19;RPL37;RPS3A;RPS6;RPS23;RPSA;RPL39;RPS8;RPS10;RPL37A;RPS27;RPL5;RPL34;RPL18A;RPS11;RPS7;RPS24;RPL27A;RPS2;RPS9;RPS13;RPL6;RPS14;RPS29;RPS4X;RPL12;RPS20;RPL7A;RPS19;RPS17;RPL9;RPS16;RPS3;RPL22;RPL35;RPL36A;RPL26;RPS25;RPL4;RPL38;RPL29;RPL28;RPS15A;RPL31;RPS5;ATF4;RPLP0;RPL14;RPS21;RPL18;RPL10A;FAU;RPLP2;RPS15;RPL36AL;RPL11;RPLP1;UBA52;RPL15;RPL35A"
"Influenza Viral RNA Transcription And Replication R-HSA-168273",7.37674191191684e-39,6.6220444701592e-37,1.62169955075295,0.756033541343799,3.63001142815841,135,"RPL21;RPL32;RPS28;RPS12;RPL30;RPL7;RPS27A;RPL19;RPL37;RPS3A;RPS6;RPS23;RPSA;RPL39;RPS8;RPS10;RPL37A;RPS27;RPL5;RPL34;RPL18A;RPS11;RPS7;RPS24;RPL27A;RPS2;RPS9;RPS13;RPL6;RPS14;RPS29;RPS4X;RPL12;RPS20;RPL7A;RPS19;RPS17;RPL9;RPS16;RPS3;AAAS;RPL22;RPL35;RPL36A;RPL26;RPS25;RPL4;RPL38;RPL29;RPL28;RPS15A;RPL31;RPS5;HSP90AA1;RPLP0;RPL14;RPS21;RPL18;RPL10A;POM121C;FAU;RNASE7;POLR2L;RPLP2;RPS15;RPL36AL;RPL11;RPLP1;UBA52;NUP50;RPL15;RPL35A;POLR2J"
"Selenoamino Acid Metabolism R-HSA-2408522",1.04904627287842e-38,8.744550003208e-37,1.62169955075295,0.790345398087895,3.66771477836186,112,"RPL21;RPL32;RPS28;RPS12;RPL30;RPL7;RPS27A;RPL19;RPL37;RPS3A;RPS6;RPS23;RPSA;RPL39;RPS8;RPS10;RPL37A;RPS27;RPL5;RPL34;RPL18A;RPS11;RPS7;RPS24;RPL27A;RPS2;RPS9;RPS13;RPL6;RPS14;RPS29;RPS4X;RPL12;RPS20;RPL7A;RPS19;RPS17;RPL9;RPS16;RPS3;RPL22;RPL35;RPL36A;RPL26;RPS25;RPL4;RPL38;RPL29;RPL28;RPS15A;RPL31;RPS5;RPLP0;RPL14;RPS21;RPL18;RPL10A;FAU;RPLP2;RPS15;RPL36AL;RPL11;RPLP1;UBA52;RPL15;RPL35A;DARS1"
"SRP-dependent Cotranslational Protein Targeting To Membrane R-HSA-1799339",2.2410184893538e-37,1.74351238471725e-35,1.58945578468201,0.801971999161645,3.6596500600816,106,"RPL21;RPL32;RPS28;RPS12;RPL30;RPL7;RPS27A;RPL19;RPL37;RPS3A;RPS6;RPS23;RPSA;RPL39;RPS8;RPS10;RPL37A;RPS27;RPL5;RPL34;RPL18A;RPS11;RPS7;RPS24;RPL27A;RPS2;RPS9;RPS13;RPL6;RPS14;RPS29;RPS4X;RPL12;RPS20;RPL7A;RPS19;RPS17;RPL9;RPS16;RPS3;RPL22;RPL35;RPL36A;RPL26;RPS25;RPL4;RPL38;RPL29;RPL28;RPS15A;RPL31;RPS5;RPLP0;RPL14;RPS21;RPL18;RPL10A;FAU;SEC11A;RPLP2;RPS15;RPL36AL;RPL11;RPLP1;UBA52;RPL15;RPL35A"
"Influenza Infection R-HSA-168255",1.63114262339155e-36,1.18971465093621e-34,1.56979165706381,0.716613049953641,3.50981757098132,155,"RPL21;RPL32;RPS28;RPS12;RPL30;RPL7;RPS27A;RPL19;RPL37;RPS3A;RPS6;RPS23;RPSA;RPL39;RPS8;RPS10;RPL37A;RPS27;HSPA1A;RPL5;RPL34;RPL18A;RPS11;RPS7;RPS24;RPL27A;RPS2;RPS9;RPS13;RPL6;RPS14;RPS29;RPS4X;RPL12;RPS20;RPL7A;RPS19;RPS17;RPL9;RPS16;RPS3;AAAS;RPL22;RPL35;RPL36A;RPL26;RPS25;RPL4;RPL38;RPL29;RPL28;RPS15A;RPL31;RPS5;HSP90AA1;RPLP0;RPL14;RPS21;RPL18;RPL10A;POM121C;FAU;RNASE7;POLR2L;RPLP2;RPS15;RPL36AL;RPL11;RPLP1;UBA52;NUP50;RPL15;RPL35A;POLR2J;CALR;NUP62"
"Major Pathway Of rRNA Processing In Nucleolus And Cytosol R-HSA-6791226",1.89012195073603e-35,1.29751312735821e-33,1.54987806027287,0.678961258682979,3.39084760584731,177,"RPL21;FCF1;RPL32;RPS28;RPS12;RPL30;RPL7;RPS27A;RPL19;RPL37;RPS3A;RPS6;RPS23;RPSA;RPL39;RPS8;RPS10;RPL37A;RPS27;RPL5;RPL34;RPL18A;RPS11;RPS7;RPS24;RPL27A;RPS2;RPS9;RPS13;RPL6;RPS14;RPS29;RPS4X;RPL12;RPS20;RPL7A;RPS19;RPS17;RPL9;RPS16;RPS3;RPL22;RPP25;RPL35;RPL36A;RPL26;RPS25;RPL4;RPL38;RPL29;RPL28;RPS15A;RPL31;RPS5;RPLP0;RPL14;RPS21;C1D;RPL18;RPL10A;FAU;RPLP2;RPS15;EXOSC6;RPL36AL;RPL11;RPLP1;UBA52;RPL15;PNO1;RPL35A;NOP14;EXOSC3"
"rRNA Processing In Nucleus And Cytosol R-HSA-8868773",2.0888616861665e-35,1.35427865986462e-33,1.54987806027287,0.667447939038481,3.36938795753333,187,"RPL21;FCF1;RPL32;RPS28;RPS12;RPL30;RPL7;RPS27A;RPL19;RPL37;RPS3A;RPS6;RPS23;RPSA;RPL39;RPS8;RPS10;RPL37A;RPS27;RPL5;RPL34;RPL18A;RPS11;RPS7;RPS24;RPL27A;RPS2;RPS9;RPS13;RPL6;RPS14;RPS29;RPS4X;RPL12;RPS20;RPL7A;RPS19;RPS17;RPL9;RPS16;RPS3;RPL22;RPP25;RPL35;RPL36A;RPL26;RPS25;RPL4;RPL38;RPL29;RPL28;RPS15A;RPL31;RPS5;RPLP0;RPL14;RPS21;C1D;RPL18;RPL10A;FAU;RPLP2;RPS15;EXOSC6;RPL36AL;RPL11;RPLP1;UBA52;RPL15;PNO1;RPL35A;NOP14;EXOSC3"
"rRNA Processing R-HSA-72312",8.84857824659316e-35,5.43488990198643e-33,1.53645895003215,0.655503472287596,3.34449540101503,197,"RPL21;FCF1;RPL32;RPS28;RPS12;RPL30;RPL7;RPS27A;RPL19;RPL37;RPS3A;RPS6;RPS23;RPSA;RPL39;RPS8;RPS10;RPL37A;RPS27;RPL5;RPL34;RPL18A;RPS11;RPS7;RPS24;RPL27A;RPS2;RPS9;RPS13;RPL6;RPS14;RPS29;RPS4X;RPL12;RPS20;RPL7A;RPS19;RPS17;RPL9;RPS16;RPS3;RPL22;RPP25;RPL35;RPL36A;RPL26;RPS25;RPL4;RPL38;RPL29;RPL28;RPS15A;RPL31;RPS5;RPLP0;RPL14;RPS21;C1D;RPL18;RPL10A;FAU;RPLP2;RPS15;EXOSC6;RPL36AL;RPL11;RPLP1;UBA52;RPL15;PNO1;RPL35A;NOP14;EXOSC3"
"Regulation Of Expression Of SLITs And ROBOs R-HSA-9010553",4.02794001943494e-31,2.35030300134029e-29,1.44620288250144,0.66728999838565,3.29515628091688,165,"RPL21;RPL32;RPS28;RPS12;RPL30;RPL7;RPS27A;RPL19;RPL37;RPS3A;RPS6;RPS23;RPSA;RPL39;RPS8;RPS10;RPL37A;RPS27;RPL5;RPL34;RPL18A;RPS11;RPS7;RPS24;RPL27A;RPS2;RPS9;RPS13;RPL6;CASC3;RPS14;RPS29;RPS4X;RPL12;RPS20;RPL7A;RPS19;RPS17;RPL9;RPS16;RPS3;RPL22;RPL35;RPL36A;RPL26;RPS25;RPL4;RPL38;RPL29;RPL28;RPS15A;RPL31;RPS5;RPLP0;RPL14;RPS21;RPL18;RPL10A;FAU;PABPC1;UPF3A;RPLP2;PSMD10;RPS15;RPL36AL;RPL11;RPLP1;UBA52;RPL15;RPL35A"
"Cellular Response To Starvation R-HSA-9711097",2.1857438578446e-30,1.2146490867165e-28,1.43181244608859,0.683143846170262,3.32504695436033,151,"RPL21;RPL32;RPS28;RPS12;RPL30;RPL7;RPS27A;RPL19;RPL37;SESN2;RPS3A;RPS6;RPS23;RPSA;RPL39;RPS8;RPS10;RPL37A;RPS27;RPL5;RPL34;RPL18A;RPS11;RPS7;RPS24;RPL27A;RPS2;RPS9;RPS13;RPL6;RPS14;RPS29;RPS4X;RPL12;RPS20;RPL7A;RPS19;RPS17;RPL9;RPS16;RPS3;RPL22;RPL35;RPL36A;RPL26;RPS25;RPL4;RPL38;RPL29;RPL28;RPS15A;RPL31;RPS5;ATF4;RPLP0;RPL14;RPS21;RPL18;RPL10A;FAU;RPLP2;RPS15;RPL36AL;RPL11;RPLP1;UBA52;RPL15;RPL35A"
"Signaling By ROBO Receptors R-HSA-376176",1.45277886531812e-28,7.70633152648293e-27,1.38774608305349,0.607581203248498,3.10876157601836,205,"RPL21;RPL32;RPS28;RPS12;RPL30;RPL7;RPS27A;RPL19;RPL37;RPS3A;RPS6;RPS23;RPSA;RPL39;RPS8;RPS10;RPL37A;RPS27;RPL5;RPL34;RPL18A;RPS11;RPS7;RPS24;RPL27A;RPS2;RPS9;RPS13;RPL6;CASC3;RPS14;RPS29;RPS4X;RPL12;RPS20;RPL7A;RPS19;RPS17;RPL9;RPS16;RPS3;NCK2;RPL22;RPL35;RPL36A;MYO9B;RPL26;RPS25;RPL4;RPL38;RNASE1;RPL29;RPL28;RPS15A;RPL31;RPS5;PFN1;RPLP0;RPL14;RPS21;RPL18;RPL10A;FAU;PABPC1;UPF3A;RPLP2;PSMD10;RPS15;RPL36AL;RPL11;RPLP1;UBA52;RPL15;RPL35A;ABL1;CDC42;CLASP2;ELOC;CXCR4;RHOA;PKN1;RPL41;SOS2"
"mRNA Activation Upon Binding Of Cap-Binding Complex And eIFs, Subsequent Binding To 43S R-HSA-72662",8.31738178268609e-28,4.22016719147594e-26,1.36517960216169,0.851369243717633,3.46484898770591,58,"RPS28;RPS12;RPS27A;RPS3A;RPS6;RPS23;RPSA;RPS8;RPS10;RPS27;RPS11;RPS7;RPS24;RPS2;RPS9;RPS13;RPS14;RPS29;RPS4X;RPS20;RPS19;RPS17;RPS16;RPS3;RPS25;RPS15A;RPS5;RPS21;EIF3L;FAU;EIF3J;EIF4B;EIF3F;PABPC1;RPS15"
"Translation Initiation Complex Formation R-HSA-72649",3.72131270493039e-27,1.8094883027724e-25,1.34992572002205,0.852888342147552,3.44657376327578,57,"RPS28;RPS12;RPS27A;RPS3A;RPS6;RPS23;RPSA;RPS8;RPS10;RPS27;RPS11;RPS7;RPS24;RPS2;RPS9;RPS13;RPS14;RPS29;RPS4X;RPS20;RPS19;RPS17;RPS16;RPS3;RPS25;RPS15A;RPS5;RPS21;EIF3L;FAU;EIF3J;EIF4B;EIF3F;PABPC1;RPS15"
"Ribosomal Scanning And Start Codon Recognition R-HSA-72702",1.58583303270422e-25,7.40266859666328e-24,1.31101476274061,0.840162470615252,3.39514774093433,57,"RPS28;RPS12;RPS27A;RPS3A;RPS6;RPS23;RPSA;RPS8;RPS10;RPS27;RPS11;RPS7;RPS24;RPS2;RPS9;RPS13;RPS14;RPS29;RPS4X;RPS20;RPS19;RPS17;RPS16;RPS3;RPS25;RPS15A;RPS5;RPS21;EIF3L;FAU;EIF3J;EIF4B;EIF3F;RPS15"
"Formation Of Ternary Complex, And Subsequently, 43S Complex R-HSA-72695",4.05343410129959e-25,1.81936830623716e-23,1.30309315086572,0.865382283636602,3.42460899013697,50,"RPS28;RPS12;RPS27A;RPS3A;RPS6;RPS23;RPSA;RPS8;RPS10;RPS27;RPS11;RPS7;RPS24;RPS2;RPS9;RPS13;RPS14;RPS29;RPS4X;RPS20;RPS19;RPS17;RPS16;RPS3;RPS25;RPS15A;RPS5;RPS21;EIF3L;FAU;EIF3J;EIF3F;RPS15"
"Translation R-HSA-72766",9.03702568970091e-25,3.90600332588184e-23,1.28710367230144,0.530755911546764,2.82730027472228,276,"RPL21;RPL32;AURKAIP1;RPS28;RPS12;RPL30;RPL7;RPS27A;RPL19;RPL37;RPS3A;RPS6;RPS23;RPSA;RPL39;RPS8;RPS10;RPL37A;RPS27;GFM2;RPL5;RPL34;RPL18A;RPS11;RPS7;RPS24;RPL27A;RPS2;RPS9;RPS13;RPL6;RPS14;RPS29;RPS4X;RPL12;RPS20;RPL7A;RPS19;RPS17;RPL9;RPS16;RPS3;EEF1D;RPL22;RPL35;RPL36A;RPL26;RPS25;RPL4;RPL38;RPL29;RPL28;RPS15A;RPL31;RPS5;RPLP0;MRPL14;RPL14;RPS21;EIF3L;RPL18;RPL10A;FAU;EIF3J;EIF4B;SEC11A;EIF3F;PABPC1;EEF1G;EEF1B2;RPLP2;RPS15;RPL36AL;MRPL43;RPL11;RPLP1;UBA52;RPL15;RPL35A;DARS1;EIF5;TRMT112;MRPS14;EIF2S2;MRPS9;RPL41"
"SARS-CoV-2 Modulates Host Translation Machinery R-HSA-9754678",6.4875170165575e-21,2.70390441368664e-19,1.18665095279281,0.841937528836297,3.270892171209,47,"RPS28;RPS12;RPS27A;RPS3A;RPS6;RPS23;RPSA;RPS8;RPS10;RPS27;RPS11;RPS7;RPS24;RPS2;RPS9;RPS13;RPS14;RPS29;RPS4X;RPS20;RPS19;RPS17;RPS16;RPS3;RPS25;RPS15A;RPS5;RPS21;FAU;SMN1;RPS15"
"Metabolism Of Amino Acids And Derivatives R-HSA-71291",2.14745610411947e-20,8.64165956381869e-19,1.16906996676109,0.452908533259091,2.46682873761052,361,"RPL21;RPL32;RPS28;RPS12;RPL30;RPL7;RPS27A;RPL19;RPL37;RPS3A;RPS6;RPS23;RPSA;RPL39;RPS8;RPS10;RPL37A;RPS27;RPL5;RPL34;RPL18A;RPS11;RPS7;RPS24;RPL27A;RPS2;RPS9;RPS13;RPL6;RPS14;RPS29;RPS4X;RPL12;RPS20;RPL7A;RPS19;RPS17;RPL9;RPS16;RPS3;ASPA;RPL22;MPST;RPL35;RPL36A;RPL26;RPS25;RPL4;RPL38;RPL29;RPL28;SLC6A8;RPS15A;RPL31;RPS5;QDPR;RPLP0;RPL14;RPS21;SLC44A1;RPL18;RPL10A;CARNS1;PRODH2;FAU;PHGDH;FOLH1;SERINC5;PSPH;ACAD8;RPLP2;PSMD10;PSAT1;RPS15;RPL36AL;RPL11;RPLP1;UBA52;OCA2;RPL15;RPL35A;SBDS;DARS1;DUOX1;GCDH;ASS1;ASL;GATM;SERINC4;SLC38A1;RPL41;BCKDHA;KYAT1;SECISBP2;RPL36;GPT2;RPL23;SARDH;PSMD14;GLUD1;HIBCH;DIO3;PDHA2;SERINC2"
"SARS-CoV-2-host Interactions R-HSA-9705683",1.05853303404803e-15,4.11769350244684e-14,1.01754479730988,0.512516163908017,2.59315686308278,188,"RPS28;RPS12;RPS27A;RPS3A;RPS6;RPS23;RPSA;RPS8;RPS10;RPS27;RPS11;RPS7;RPS24;RPS2;IFNA14;RPS9;RPS13;RPS14;RPS29;RPS4X;HLA-C;RPS20;RPS19;RPS17;RPS16;RPS3;AAAS;ATG14;RPS25;PTPN11;RPS15A;RPS5;B2M;HSP90AA1;RPS21;POM121C;FAU;RNASE7;SMN1;YWHAQ;RPS15;IFNA4;STAT2;G3BP1;GJA1;NUP50;HLA-B;NUP62;CRB3"
"SARS-CoV-2 Infection R-HSA-9694516",1.37055388619816e-12,5.1594722103008e-11,0.910119734774459,0.426193179906849,2.27421251169655,273,"MAN2A1;RPS28;RPS12;RPS27A;RPS3A;RPS6;RPS23;RPSA;ZDHHC20;RPS8;RPS10;RPS27;RPS11;RPS7;RPS24;RPS2;IFNA14;RPS9;RPS13;RPS14;RPS29;RPS4X;HLA-C;RPS20;RPS19;RPS17;RPS16;RPS3;AAAS;ATG14;RPS25;PTPN11;RPS15A;ZDHHC11;RPS5;B2M;HSP90AA1;GOLGA7;RPS21;POM121C;FAU;DAD1;RNASE7;SMN1;YWHAQ;RPS15;IFNA4;STAT2;G3BP1;GJA1;UBA52;NUP50;ZDHHC3;HLA-B;NUP62;CRB3"
"Neuronal System R-HSA-112316",1.04859616534501e-11,3.82409914049257e-10,0.875325132024659,-0.382820466891322,-2.00593922520974,386,"GABBR2;STXBP1;SYN1;RAB3A;CAMK2A;SLC17A7;GABRA3;CPLX1;PRKCB;TSPAN7;DLGAP1;SYT1;SYN2;GNB5;GNG3;GLUL;SNAP25;PLCB1;GRIA2;HCN1;SLC1A1;NRGN;CACNA2D1;GABRG2;NRXN3;NSF;KCNV1;KCNC2;NPTN;AP2M1;PRKAR2B;GABRB2;CAMKK2;NEFL;PRKAR1B;KCNAB2;CACNA1A;KCNMB1;KCNC1;GABRB3;KCNA2;NLGN4X;PRKCG;EPB41L1;HTR3E;LRFN3;GNB1;NRXN1;VAMP2;GABRA2;KCNH1;GABRA4;GABRA1;CHRNB2;GABRB1;CHRND;CREB1;AP2S1;SLC6A13;KCNA4;GRIA1;SLITRK4;ADCY1;KCNA5;SLC6A11;AP2A1;KCNB1;GLRB;ARL6IP5;NBEA;STX1A;CAMK2G;GNGT1;DNAJC5;SHANK2;GRIA3;SYT7;KCNV2;PPFIA3;LIN7A;CACNA1B;CACNG8;ARHGEF9;KCNS1;CACNG3;SYN3;CAMKK1;AKAP5;SLITRK3;PANX2;SLC5A7;GNG4;SLITRK5;CACNB1;HCN2;PRKAG1;GABRA5;KCND2;KCNN1;GLRA3;MAPK3;RASGRF1;KCNG3;GNG2;GNB2;KCNK10;CHRNA4;DBNL;CACNB3;ABCC8;RPS6KA6;KCNQ2;PRKAR2A;SLC1A2;IL1RAPL2;GRM5;PRKAG3;GRIN2B;CALM1;PPFIA2;RIMS1;GAD1;KCNG1;CHRNA9;GJD2;KCND3;GRIN3A;NCALD;KCNH5;GNG13;KCNAB1;KCNN2;PRKACG;KCNK18;CHRNA5;GRIA4;KCNQ3;SLITRK2;DLGAP4;EPB41;ADCY9;BCHE;KCNJ8;CACNB4;PRKAA2;KCNS2;PDPK1;CAMK2D;LRRC4B;NLGN3;GRIK5;CACNA1E;GABRA6;KCNQ5;KIF17;PRKAG2;KCNJ6;KCNK3"
"Transmission Across Chemical Synapses R-HSA-112315",8.14456609825822e-11,2.88021473838404e-09,0.839088935621274,-0.421352845669714,-2.10691215545995,246,"GABBR2;STXBP1;SYN1;RAB3A;CAMK2A;SLC17A7;GABRA3;CPLX1;PRKCB;TSPAN7;SYT1;SYN2;GNB5;GNG3;GLUL;SNAP25;PLCB1;GRIA2;SLC1A1;NRGN;CACNA2D1;GABRG2;NSF;NPTN;AP2M1;PRKAR2B;GABRB2;CAMKK2;NEFL;PRKAR1B;CACNA1A;GABRB3;PRKCG;EPB41L1;HTR3E;GNB1;VAMP2;GABRA2;GABRA4;GABRA1;CHRNB2;GABRB1;CHRND;CREB1;AP2S1;SLC6A13;GRIA1;ADCY1;SLC6A11;AP2A1;GLRB;ARL6IP5;NBEA;STX1A;CAMK2G;GNGT1;DNAJC5;GRIA3;PPFIA3;LIN7A;CACNA1B;CACNG8;ARHGEF9;CACNG3;SYN3;CAMKK1;AKAP5;SLC5A7;GNG4;CACNB1;PRKAG1;GABRA5;GLRA3;MAPK3;RASGRF1;GNG2;GNB2;CHRNA4;CACNB3;RPS6KA6;PRKAR2A;SLC1A2;PRKAG3;GRIN2B;CALM1;PPFIA2;RIMS1"
"SARS-CoV Infections R-HSA-9679506",2.15698013151442e-10,7.40351709846274e-09,0.826657301178302,0.36740759230743,2.00501539996158,357,"MAN2A1;RPS28;RPS12;RPS27A;CD79B;RPS3A;RPS6;RPS23;RPSA;ZDHHC20;RPS8;RPS10;RPS27;RPS11;RPS7;RPS24;RPS2;IFNA14;RPS9;RPS13;RPS14;RPS29;RPS4X;HLA-C;RPS20;RPS19;RPS17;RPS16;RPS3;AAAS;ATG14;KDM1A;RPS25;PTPN11;RPS15A;ZDHHC11;RPS5;B2M;HSP90AA1;GOLGA7;RPS21;ITGB1;POM121C;FAU;DAD1;RNASE7;SMN1;YWHAQ;FKBP4;RPS15;IFNA4;STAT2;G3BP1;GJA1;UBA52;NUP50;FNTA;ZDHHC3;TLR9;HLA-B;CHD4;AP2A2;NUP62;CRB3;RBBP4;PRMT1;NUP214;UBE2V1;FXYD4;PDCD1;SNRPG;AGRN;SDC4;CAV1;YWHAZ;CHMP6;SAR1B;HSPG2;NUP35"
"Phase 0 - Rapid Depolarisation R-HSA-5576892",2.93198808285883e-06,9.77608597913216e-05,0.627256739718528,-0.636942741208113,-2.17476307799543,32,"CAMK2A;SCN1B;FGF14;FGF12;SCN2B;SCN2A;SCN1A;SCN4B;SCN8A;FGF13;SCN3A;CAMK2G;CACNG8;CACNB1;SCN5A;CALM1;SCN10A;SCN3B"
"GABA Synthesis, Release, Reuptake And Degradation R-HSA-888590",3.75746552069888e-06,0.000121804507295989,0.627256739718528,-0.729715528202658,-2.20337629147838,19,"STXBP1;RAB3A;CPLX1;SYT1;SNAP25;VAMP2;SLC6A13;SLC6A11;STX1A;DNAJC5"
"Serotonin Neurotransmitter Release Cycle R-HSA-181429",5.18187193787256e-06,0.000163439041932359,0.610526878385931,-0.732927818611883,-2.18529585988374,18,"STXBP1;SYN1;RAB3A;CPLX1;SYT1;SYN2;SNAP25;VAMP2;STX1A;PPFIA3;SYN3"
"Glutamate Binding, Activation Of AMPA Receptors And Synaptic Plasticity R-HSA-399721",5.53318167051593e-06,0.000169926921302424,0.610526878385931,-0.64120063275831,-2.17194122303146,31,"CAMK2A;PRKCB;TSPAN7;GRIA2;NSF;AP2M1;PRKCG;EPB41L1;AP2S1;GRIA1;AP2A1;CAMK2G;GRIA3;CACNG8;CACNG3;AKAP5"
"Neurotransmitter Release Cycle R-HSA-112310",5.84693846053068e-06,0.000174958389318957,0.610526878385931,-0.562143553561709,-2.12176738468082,50,"STXBP1;SYN1;RAB3A;SLC17A7;CPLX1;SYT1;SYN2;SNAP25;SLC1A1;VAMP2;SLC6A13;SLC6A11;ARL6IP5;STX1A;DNAJC5;PPFIA3;LIN7A;SYN3;SLC5A7;SLC1A2;PPFIA2;RIMS1;GAD1"
"Neurotransmitter Receptors And Postsynaptic Signal Transmission R-HSA-112314",6.5007310280509e-06,0.000189658827743385,0.610526878385931,-0.385426472625647,-1.86316710351777,182,"GABBR2;CAMK2A;GABRA3;PRKCB;TSPAN7;GNB5;GNG3;PLCB1;GRIA2;NRGN;GABRG2;NSF;NPTN;AP2M1;PRKAR2B;GABRB2;CAMKK2;NEFL;PRKAR1B;GABRB3;PRKCG;EPB41L1;HTR3E;GNB1;GABRA2;GABRA4;GABRA1;CHRNB2;GABRB1;CHRND;CREB1;AP2S1;GRIA1;ADCY1;AP2A1;GLRB;NBEA;CAMK2G;GNGT1;GRIA3;LIN7A;CACNG8;ARHGEF9;CACNG3;CAMKK1;AKAP5;GNG4;PRKAG1;GABRA5;GLRA3;MAPK3;RASGRF1;GNG2;GNB2;CHRNA4;RPS6KA6;PRKAR2A;PRKAG3;GRIN2B;CALM1;CHRNA9;GRIN3A;NCALD;GNG13;PRKACG;CHRNA5;GRIA4;ADCY9;PRKAA2;PDPK1;CAMK2D;GRIK5;GABRA6;KIF17;PRKAG2;KCNJ6"
"Trafficking Of GluR2-containing AMPA Receptors R-HSA-416993",9.82651431238645e-06,0.000279696151281829,0.593325476396405,-0.744472077168962,-2.1856895053447,17,"PRKCB;TSPAN7;GRIA2;NSF;AP2M1;PRKCG;AP2S1;GRIA1;AP2A1;GRIA3"
"Attenuation Phase R-HSA-3371568",1.15619320142705e-05,0.000321256539539372,0.593325476396405,0.693857691919785,2.3244461569178,25,"HSPA2;HSPA1A;HSP90AA1;SERPINH1;HSBP1;FKBP4;HSPA1B;DNAJB1"
"Acetylcholine Neurotransmitter Release Cycle R-HSA-264642",2.6859825523172e-05,0.000728963171756785,0.575610261071129,-0.721307991785031,-2.11768225580876,17,"STXBP1;RAB3A;CPLX1;SYT1;SNAP25;VAMP2;STX1A;PPFIA3;SLC5A7;PPFIA2;RIMS1"
"Glutamate Neurotransmitter Release Cycle R-HSA-210500",2.84229891778251e-05,0.000743080573080759,0.575610261071129,-0.664269753158414,-2.09935979873285,23,"STXBP1;RAB3A;SLC17A7;CPLX1;SYT1;SNAP25;SLC1A1;VAMP2;ARL6IP5;STX1A;PPFIA3"
"HSF1-dependent Transactivation R-HSA-3371571",2.86534925352478e-05,0.000743080573080759,0.575610261071129,0.600492670977457,2.20244003371082,35,"CRYAB;HSPA2;HSPA1A;HSPB8;HSP90AA1;SERPINH1;HSBP1;FKBP4;HSPA1B;DNAJB1"
"Insulin Receptor Recycling R-HSA-77387",3.33322221080514e-05,0.000845623982610782,0.557332238758646,-0.63626386884863,-2.09688316942935,26,"ATP6V1G2;ATP6V1B2;ATP6V1A;ATP6V1D;ATP6AP1;ATP6V0A1;ATP6V0C;ATP6V0A4;ATP6V1H;INS;ATP6V0E2;ATP6V1C1;ATP6V0D1;ATP6V1F;ATP6V1E2"
"Opioid Signaling R-HSA-111885",4.23034709102035e-05,0.00105038618196186,0.557332238758646,-0.44967888699643,-1.91692111318822,88,"CAMK2A;PPP3R1;GNB5;GNG3;PLCB1;ITPR1;PPP3CB;PRKAR2B;CAMKK2;PDE1B;PRKAR1B;PRKCG;GNB1;PDE4B;PPP2R1A;CREB1;ADCY1;PDE1A;PLA2G4A;NBEA;CAMK2G;GNGT1;PPP3CA;PDYN;CAMKK1;GNG4;PPP2CA;GNG2;GNB2;GRK2;PRKAR2A;CALM1;PDE4A;GNG13;PRKACG;ADCY9;GNA14;CAMK2D;PPP1R1B;CDK5;PPP1CA;GNAT3;PLCB2;KPNA2;ADCY2;GNGT2;PRKACB"
"Dopamine Neurotransmitter Release Cycle R-HSA-212676",5.05171522683605e-05,0.00122819826452452,0.557332238758646,-0.654758086693352,-2.06929910411179,23,"STXBP1;SYN1;RAB3A;CPLX1;SYT1;SYN2;SNAP25;VAMP2;STX1A;PPFIA3;LIN7A;SYN3"
"Norepinephrine Neurotransmitter Release Cycle R-HSA-181430",0.000125786270200933,0.00299576688417325,0.518848077743792,-0.675290263929279,-2.01344386242474,18,"STXBP1;RAB3A;CPLX1;SYT1;SNAP25;VAMP2;STX1A;PPFIA3"
"Regulation Of Insulin Secretion R-HSA-422356",0.000154411314927334,0.00360396009040398,0.518848077743792,-0.438073242580505,-1.81378945005302,77,"STXBP1;GNB5;GNG3;SNAP25;PLCB1;ITPR1;SYT5;KCNC2;ACSL4;PRKAR2B;PRKAR1B;CACNA1A;GNAS;GNB1;VAMP2;ACSL3;KCNB1;STX1A;GNGT1;INS;AKAP5;GNG4;GNG2;GNB2;CACNB3;ABCC8;PRKAR2A"
"Integration Of Energy Metabolism R-HSA-163685",0.000211251498637502,0.00483393135117577,0.518848077743792,-0.40299792187735,-1.77895613265274,105,"STXBP1;GNB5;GNG3;SNAP25;PLCB1;ITPR1;SYT5;ACACA;KCNC2;ACSL4;PRKAR2B;PRKAR1B;MLXIPL;CACNA1A;GNAS;GNB1;VAMP2;ACSL3;PPP2R1A;ADCY1;KCNB1;STX1A;GNGT1;INS;AKAP5;CYSLTR2;GNG4;STK11;PPP2CA;GNG2;GNB2;PFKFB1;CACNB3;ABCC8;PRKAR2A;GNG13;CACNA1D;PRKACG;ACLY;ADCY9;GNA14;PRKAA2"
"Organelle Biogenesis And Maintenance R-HSA-1852241",0.000279782060937354,0.00627895509834408,0.49849310876659,-0.304857018017118,-1.54312928441228,274,"MEF2C;APOO;IFT57;ARL6;TUBA4A;PRKAR2B;CRTC1;ATP5F1A;HAUS8;IFT81;ATP5F1B;DCTN3;HAUS3;TTC8;CEP63;CYCS;SIRT3;ATP5MC3;PPP2R1A;SIRT4;CREB1;EXOC1;YWHAG;TBL1XR1;DCTN1;MCHR1;DYNLRB2;FBF1;KIF3C;NCOA2;PTGES2;MARK4;IFT122;TRIP11;CEP89;IMMT;BBS10;MTX2;PRKAG1;HSPA9;AHI1;HAUS2;B9D1;TUBB4B;CETN2;HAUS7;CEP131;IQCB1;SAMM50;DYNC1H1;DNAJC11;CHCHD6;ATP5F1E;TRAF3IP1;CEP76;CEP83;TMEM11;EXOC6;PRKAG3;CALM1;IFT74;MKKS;TTBK2;SMOX;ATP5F1D;TMEM216;CEP152;TMEM67;ODF2;KIF3B;CEP97;BBS12;C2CD3;DYNLT5;CEP290;TTC30A;PRKAA2;TCTN1;CEP72;NR1D1;RAB11A;KIFAP3;WDR35;DYNLT2B;PPRC1;GDNF;MAPK11;HAUS6;KIF17;PRKAG2;EXOC8;CCT2;TTC26;NEDD1;DYNLRB1;INPP5E;HDAC3;PCNT;KIF24"
"Chaperone Mediated Autophagy R-HSA-9613829",0.000550936931351543,0.0121310075261746,0.477270815362862,0.659962579267801,2.03725551388737,18,"LAMP2;RPS27A;GFAP;RNASE1;HSP90AA1;PLIN3;UBA52"
"HS-GAG Biosynthesis R-HSA-2022928",0.000583716289825217,0.0126147575967783,0.477270815362862,-0.561471613573544,-1.88787115102734,30,"HS3ST5;HS6ST3;GPC1;HS3ST1;GPC5;SDC1;HS6ST2;GPC6;HS3ST2;GPC3;GPC2;HS2ST1;HS3ST3A1;GLCE"
"Ca2+ Pathway R-HSA-4086398",0.000888979300204515,0.0188625244243394,0.477270815362862,-0.449767039407648,-1.76384848570277,61,"CAMK2A;PPP3R1;NLK;GNB5;GNG3;PLCB1;ITPR1;PPP3CB;GNB1;GNAO1;AGO4;GNGT1;PPP3CA;GNG4;FZD4;GNG2;GNB2;CALM1;LEF1;GNG13;AXIN2;TCF7;WNT5A"
"Transferrin Endocytosis And Recycling R-HSA-917977",0.000990088260580125,0.0206327321445894,0.45505986738723,-0.549378390681077,-1.86091141025538,31,"ATP6V1G2;ATP6V1B2;ATP6V1A;ATP6V1D;ATP6AP1;ATP6V0A1;ATP6V0C;ATP6V0A4;ATP6V1H;STEAP2;ATP6V0E2;ATP6V1C1;HFE;ATP6V0D1;ATP6V1F;ATP6V1E2"
"DARPP-32 Events R-HSA-180024",0.0012047242196415,0.0246651432337129,0.45505986738723,-0.591072973058691,-1.90014621559407,24,"PPP3R1;PPP3CB;PRKAR2B;PRKAR1B;PDE4B;PPP2R1A;PPP3CA;PPP2CA;PRKAR2A;CALM1;PDE4A;PRKACG;PPP1R1B;CDK5;PPP1CA;PRKACB;PDE4D"
"Beta-catenin Independent WNT Signaling R-HSA-3858494",0.0014921046558639,0.0300221747136753,0.45505986738723,-0.34591303969343,-1.61093283382996,141,"CAMK2A;PRKCB;PPP3R1;NLK;GNB5;GNG3;PLCB1;ITPR1;CLTC;PPP3CB;AP2M1;PRKCG;CLTB;GNB1;GNAO1;PSMA6;AGO4;RORA;AP2S1;AP2A1;GNGT1;PARD6A;PSMC5;PPP3CA;PSMD12;PSMC4;PSMD7;FZD1;PSMD2;PSMB5;PSMD9;PSMD11;GNG4;FZD4;GNG2;GNB2;PSMC2;PSMA1;CALM1;LEF1;PSMA5;PSMC3;PSMD5;GNG13;AXIN2;PSMF1;PSMB4;TCF7"
"GABA Receptor Activation R-HSA-977443",0.00156166855657223,0.0303744534253298,0.45505986738723,-0.444410447271837,-1.73280040975237,59,"GABBR2;GABRA3;GNB5;GNG3;GABRG2;NPTN;GABRB2;GABRB3;GNB1;GABRA2;GABRA4;GABRA1;GABRB1;ADCY1;GNGT1;ARHGEF9;GNG4;GABRA5;GNG2;GNB2"
"Platelet Homeostasis R-HSA-418346",0.00154320460625632,0.0303744534253298,0.45505986738723,-0.393528666399576,-1.65204717315425,83,"GNB5;GNG3;ITPR1;SLC8A2;PDE1B;KCNMB1;ATP2B1;GNAS;GNB1;PPP2R1A;PDE2A;ATP2B3;PDE1A;PLA2G4A;GNGT1;PPP2R5B;GUCY1B1;ATP2A2;GUCY1A1;GNG4;FGR;PPP2CA;GNG2;GNB2;CALM1;P2RX6;P2RX4;PDE11A;GNG13"
"Cristae Formation R-HSA-8949613",0.00251974401941965,0.0482055946010283,0.431707695803346,-0.547105301894087,-1.83846764334443,29,"APOO;ATP5F1A;ATP5F1B;ATP5MC3;IMMT;MTX2;HSPA9;SAMM50;DNAJC11;CHCHD6;ATP5F1E;TMEM11;ATP5F1D"
"Expression And Translocation Of Olfactory Receptors R-HSA-9752946",0.00321330134447787,0.0604826236936399,0.431707695803346,0.25262387212642,1.38299342102738,373,"OR2A14;OR4Q3;OR5V1;OR2A1;OR5L1;OR2B11;OR2M5;OR4C46;OR2A2;OR4X1;OR5D16;OR9Q1;OR4X2;OR10AD1;RTP2;OR9Q2;OR9G4;OR10T2;OR6T1;OR4F17;OR6C74;OR2Z1;OR1E1;OR4F21;OR2A4;OR2H2;OR8B2;OR4F15;OR51B6;OR10A7;OR2S2;OR2T35;OR2T8;OR4L1;OR5A1;OR7C1;OR51Q1;OR5H15;OR1C1;OR2J2;OR8G1;OR5W2;OR2T11;OR10K1;OR51E2;OR4A47;OR2T34;OR10J5;OR2L13;OR2F1;OR4C15;OR1J1;LHX2;OR6S1;OR4C13;OR6N2;OR4E1;OR10D3;RTP1;OR9G9;OR10G4;OR5AU1;OR13C8;OR13C9;OR52J3;OR52E4;OR5B3;OR10H2;OR1L8;OR2T27;OR1N1;OR5M10;OR4D11;OR7D4;OR11G2;OR10Z1;OR56B4;OR2T5;OR6F1;OR2AJ1;OR1M1;OR14A2;OR6V1;OR11H4;EBF1;OR4D9;OR10G9;OR7C2;OR4A5;OR10G7;OR8B4;OR52E2;OR7D2;OR1F1;OR11H6;OR56A1;OR10C1;OR4P4;OR6P1;OR4N2;OR5T1;OR4C5;OR51D1;OR10G3;OR2G2"
"Metabolism Of Carbohydrates R-HSA-71387",0.00332806530884774,0.0616484478638938,0.431707695803346,-0.279738372775283,-1.41762560975855,282,"MDH1;ENO2;PFKM;PGK1;HS3ST5;B4GAT1;PKM;HS6ST3;B3GNT4;TPI1;GALE;HMMR;GPC1;SPAM1;DSE;HS3ST1;GPC5;SLC37A2;SDC1;PPP2R1A;PHKB;HAS2;NUP88;HS6ST2;FUT11;HEXB;PFKP;NDC1;ENO3;MDH2;ENO1;GPC6;PYGB;FMOD;HS3ST2;UBL4A;UGP2;GPC3;MAN2C1;IDS;GPC2;HS2ST1;HS3ST3A1;CHST7;FBP1;DERA;STAB2;FUT9;PPP2CA;B4GALT6;LUM;PFKFB1;NAGLU;GLCE;B3GNT2;PGM2L1;B3GALT2;CALM1;CHST6;GYS2;NUP54;GOT2;DCXR;FUT6;CHST5;RPIA;ARSB;RBKS;ACAN;ALDOC;HAS3;SLC9A1;B4GALT1;PRKACG;NDST4;HS6ST1;B4GALT4;PHKA1;ST6GALNAC6;B3GALT4;GNPDA1;NUP43;PGM2;HPSE;GYG1"
"SUMOylation Of Transcription Cofactors R-HSA-3899300",0.00403222108385237,0.0735250313258706,0.407017918923954,0.466180289957593,1.77561814535393,42,"HIPK2;DDX17;CBX2;PIAS2;NPM1;PHC3;SUMO2;CASP8AP2;CBX4;UHRF2;NCOR2;PHC1;ZNF350"
"Intraflagellar Transport R-HSA-5620924",0.0042781047068557,0.0753094281058933,0.407017918923954,-0.469620074438882,-1.69035776449125,41,"IFT57;IFT81;DYNLRB2;KIF3C;IFT122;TRIP11;TRAF3IP1;IFT74;KIF3B;DYNLT5;TTC30A;KIFAP3;WDR35;DYNLT2B;KIF17;TTC26;DYNLRB1;IFT22;IFT140;IFT88;DYNC2H1;HSPB11;IFT20;KIF3A;TTC21B"
"NLRP3 Inflammasome R-HSA-844456",0.00432367753478565,0.0753094281058933,0.407017918923954,0.62420358776817,1.87648489076851,16,"P2RX7;TXNIP;RELA;SUGT1;HMOX1;NFKB2;CASP1;TXN2"
"Olfactory Signaling Pathway R-HSA-381753",0.00430714957236453,0.0753094281058933,0.407017918923954,0.247700342080351,1.35785289353248,381,"OR2A14;OR4Q3;OR5V1;OR2A1;OR5L1;OR2B11;OR2M5;OR4C46;OR2A2;OR4X1;OR5D16;OR9Q1;OR4X2;OR10AD1;RTP2;OR9Q2;OR9G4;OR10T2;OR6T1;OR4F17;OR6C74;OR2Z1;OR1E1;OR4F21;OR2A4;OR2H2;OR8B2;ANO2;OR4F15;OR51B6;OR10A7;OR2S2;OR2T35;OR2T8;OR4L1;OR5A1;OR7C1;OR51Q1;OR5H15;OR1C1;OR2J2;OR8G1;OR5W2;OR2T11;OR10K1;OR51E2;OR4A47;OR2T34;OR10J5;OR2L13;OR2F1;OR4C15;OR1J1;LHX2;OR6S1;OR4C13;OR6N2;OR4E1;OR10D3;RTP1;OR9G9;OR10G4;OR5AU1;OR13C8;OR13C9;OR52J3;OR52E4;OR5B3;OR10H2;OR1L8;OR2T27;OR1N1;OR5M10;OR4D11;OR7D4;OR11G2;OR10Z1;OR56B4;OR2T5;OR6F1;OR2AJ1;OR1M1;OR14A2;OR6V1;OR11H4;EBF1;OR4D9;OR10G9;OR7C2;OR4A5;OR10G7;OR8B4;OR52E2;OR7D2;OR1F1;OR11H6;OR56A1;OR10C1;OR4P4;OR6P1;OR4N2;OR5T1;OR4C5;OR51D1;OR10G3;OR2G2"
"DAG And IP3 Signaling R-HSA-1489509",0.00448256196759176,0.075813765451878,0.407017918923954,-0.480725888133201,-1.70394733944493,39,"CAMK2A;ITPR1;PRKAR2B;CAMKK2;PDE1B;PRKAR1B;PRKCG;CREB1;ADCY1;PDE1A;NBEA;CAMK2G;CAMKK1;PRKCE;GRK2;PRKAR2A;CALM1;PRKACG;ADCY9;CAMK2D"
"Regulation Of IFNA/IFNB Signaling R-HSA-912694",0.00444856849989896,0.075813765451878,0.407017918923954,0.58769104051135,1.86072653568543,20,"IFNA14;USP18;PTPN11;IFNA4;STAT2"
"MAPK Targets/ Nuclear Events Mediated By MAP Kinases R-HSA-450282",0.00473925186536364,0.0790100989554196,0.407017918923954,-0.51388191981483,-1.72785734487695,30,"MEF2C;MAPK10;PPP2R1A;CREB1;MAPK8;PPP2CA;MAPK3;DUSP3;RPS6KA5;GDNF;FOS;MAPK11;JUN"
"Interaction Between L1 And Ankyrins R-HSA-445095",0.00506437374375535,0.0832411853374998,0.407017918923954,-0.529574701936965,-1.77955861673108,29,"SPTBN2;SCN1B;SCN2B;NRCAM;SCN2A;SCN1A;SCN4B;L1CAM;SCN8A;SCN3A;ANK2;SCN5A;KCNQ2;SCN10A;SPTBN4;SCN3B;KCNQ3"
"PLC Beta Mediated Events R-HSA-112043",0.00548320661306325,0.0888736405200669,0.407017918923954,-0.448508921208198,-1.66980738311252,47,"CAMK2A;PLCB1;ITPR1;PRKAR2B;CAMKK2;PDE1B;PRKAR1B;PRKCG;CREB1;ADCY1;PDE1A;PLA2G4A;NBEA;CAMK2G;CAMKK1;GRK2;PRKAR2A;CALM1;PRKACG;ADCY9;GNA14;CAMK2D;PLCB2;KPNA2;ADCY2;PRKACB"
"Ca-dependent Events R-HSA-111996",0.00583602873566735,0.0920357504665378,0.407017918923954,-0.486983461782821,-1.69396400252639,35,"CAMK2A;PRKAR2B;CAMKK2;PDE1B;PRKAR1B;PRKCG;CREB1;ADCY1;PDE1A;PLA2G4A;NBEA;CAMK2G;CAMKK1;GRK2;PRKAR2A;CALM1;PRKACG;ADCY9;CAMK2D"
"HSP90 Chaperone Cycle For Steroid Hormone Receptors (SHR) In Presence Of Ligand R-HSA-3371497",0.00582114641594155,0.0920357504665378,0.407017918923954,0.472043271984174,1.75022829204004,38,"HSPA2;DYNC1LI2;HSPA1A;HSP90AA1;FKBP4;HSPA1B;DNAJB1;DNAJA1;DYNLL2;FKBP5;DCTN5"
"Inflammasomes R-HSA-622312",0.00593457080364736,0.092341921704753,0.407017918923954,0.560373576509804,1.80371820956975,21,"P2RX7;TXNIP;RELA;NLRP1;SUGT1;HMOX1;BCL2L1;NFKB2;CASP1"
"Mitochondrial Biogenesis R-HSA-1592230",0.00631775104473546,0.0970107298579774,0.407017918923954,-0.360448104076249,-1.53882719818067,89,"MEF2C;APOO;CRTC1;ATP5F1A;ATP5F1B;CYCS;SIRT3;ATP5MC3;SIRT4;CREB1;TBL1XR1;NCOA2;IMMT;MTX2;PRKAG1;HSPA9;SAMM50;DNAJC11;CHCHD6;ATP5F1E;TMEM11;PRKAG3;CALM1;ATP5F1D;PRKAA2;NR1D1;PPRC1;GDNF;MAPK11;PRKAG2"
"CaM Pathway R-HSA-111997",0.00673835090753147,0.102032708794805,0.407017918923954,-0.479482794806549,-1.64889274006072,33,"CAMK2A;PRKAR2B;CAMKK2;PDE1B;PRKAR1B;PRKCG;CREB1;ADCY1;PDE1A;NBEA;CAMK2G;CAMKK1;GRK2;PRKAR2A;CALM1;PRKACG;ADCY9;CAMK2D;KPNA2;ADCY2;PRKACB"
"Platelet Degranulation R-HSA-114608",0.00681966691173502,0.102032708794805,0.407017918923954,0.318525494970235,1.49426623096282,124,"LAMP2;ORM2;CD9;SPARC;TGFB3;ACTN4;SELENOP;PDGFB;LGALS3BP;SERPINA3;TMSB4X;PF4;PFN1;TF;TIMP1;IGF1;TAGLN2;ANXA5;SERPING1;GTPBP2;ABCC4;VTI1B;LHFPL2;PECAM1"
"Cyclin D Associated Events In G1 R-HSA-69231",0.0069665727142052,0.102911270347816,0.407017918923954,0.424134108479272,1.63959847371508,46,"PTK6;RPS27A;CKS1B;CDKN1C;TFDP1;E2F1;UBA52;CCND1;ABL1;CDK4;CDKN2D;CCND2;CUL1"
"Cilium Assembly R-HSA-5617833",0.00720166859691998,0.10505434065757,0.407017918923954,-0.298835986469075,-1.44818916593992,185,"IFT57;ARL6;TUBA4A;PRKAR2B;HAUS8;IFT81;DCTN3;HAUS3;TTC8;CEP63;PPP2R1A;EXOC1;YWHAG;DCTN1;MCHR1;DYNLRB2;FBF1;KIF3C;PTGES2;MARK4;IFT122;TRIP11;CEP89;BBS10;AHI1;HAUS2;B9D1;TUBB4B;CETN2;HAUS7;CEP131;IQCB1;DYNC1H1;TRAF3IP1;CEP76;CEP83;EXOC6;IFT74;MKKS;TTBK2;SMOX;TMEM216;CEP152;TMEM67;ODF2;KIF3B;CEP97;BBS12;C2CD3;DYNLT5;CEP290;TTC30A;TCTN1;CEP72;RAB11A;KIFAP3;WDR35;DYNLT2B;HAUS6;KIF17;EXOC8;CCT2;TTC26;NEDD1;DYNLRB1;INPP5E;PCNT;KIF24;BBS7;IFT22;PAFAH1B1;IFT140;EXOC7;SSNA1;ASAP1;ATAT1;UNC119B;CEP41;CNGB1;CEP164;IFT88;RPGRIP1L;DYNC2H1;BBS5;PDE6D;HSPB11;CENPJ;CDK1;ARL3;IFT20;KIF3A;TCP1;CNGA2;TTC21B;NINL"
"Cellular Response To Heat Stress R-HSA-3371556",0.00784882279922953,0.110356339839769,0.380730400722792,0.332918483161009,1.47731354323646,96,"CRYAB;HSPA2;HSPA1A;AAAS;HSPB8;HSP90AA1;ST13;SERPINH1;POM121C;RNASE7;HSBP1;FKBP4;HSPA1B;DNAJB1;NUP50;NUP62;NUP214;HIKESHI;SIRT1;NUP35;HDAC6;RANBP2;ATM;DNAJC7;PTGES3;NUP188;BAG2"
"HSF1 Activation R-HSA-3371511",0.00783788523695219,0.110356339839769,0.380730400722792,0.516616551173146,1.76393406053518,27,"HSPA1A;HSP90AA1;SERPINH1;HSBP1;FKBP4;HSPA1B;DNAJB1;HDAC6;PTGES3"
"WNT5A-dependent Internalization Of FZD4 R-HSA-5099900",0.00771131549405341,0.110356339839769,0.407017918923954,-0.622891829840828,-1.74294493579462,15,"PRKCB;CLTC;AP2M1;PRKCG;CLTB;AP2S1;AP2A1"
"Keratinization R-HSA-6805567",0.00822429425272302,0.113415242785674,0.380730400722792,0.288756387586863,1.46363941117419,192,"PKP4;KRTAP10-3;KRTAP12-3;KRTAP5-1;KRTAP9-2;PCSK6;KRT34;KRT18;KRTAP12-2;KRTAP10-2;KRTAP10-1;KRTAP21-1;KRT8;KRTAP9-4;LCE1D;KRTAP10-6;KRT12;KRTAP19-1;KRT28;KLK14;KRTAP2-3;KRTAP10-7;KRT77;JUP;LCE3A;PI3;LIPN;KRTAP9-6;LCE5A;LCE3D;KRTAP5-7;KRT72;KRTAP8-1;KRT35;KRT75;KRTAP12-4"
"Potassium Channels R-HSA-1296071",0.00831862996940944,0.113415242785674,0.380730400722792,-0.351537035440403,-1.54216095360933,102,"GABBR2;GNB5;GNG3;HCN1;KCNV1;KCNC2;KCNAB2;KCNMB1;KCNC1;KCNA2;GNB1;KCNH1;KCNA4;KCNA5;KCNB1;GNGT1;KCNV2;KCNS1;GNG4;HCN2;KCND2;KCNN1;KCNG3;GNG2;GNB2;KCNK10;ABCC8;KCNQ2;KCNG1;KCND3;KCNH5;GNG13;KCNAB1;KCNN2;KCNK18;KCNQ3;KCNJ8;KCNS2;KCNQ5;KCNJ6;KCNK3"
"Response To Elevated Platelet Cytosolic Ca2+ R-HSA-76005",0.00835793562944983,0.113415242785674,0.380730400722792,0.313029168171745,1.48695498951721,129,"LAMP2;ORM2;CD9;SPARC;TGFB3;ACTN4;SELENOP;PDGFB;LGALS3BP;SERPINA3;STX4;TMSB4X;PF4;PFN1;TF;TIMP1;IGF1;TAGLN2;ANXA5;SERPING1;GTPBP2;ABCC4;VTI1B;LHFPL2;PECAM1"
"LDL Clearance R-HSA-8964038",0.00905134786042736,0.121412907507112,0.380730400722792,-0.566588796006426,-1.68933982136789,18,"NCEH1;CLTC;AP2M1;SOAT1;LDLR;AP2S1;AP2A1;SCGB1D1"
"Activation Of Matrix Metalloproteinases R-HSA-1592389",0.00925729723694554,0.122764384949039,0.380730400722792,-0.46949852560328,-1.61455785008677,33,"MMP17;CTRB2;KLKB1;MMP24;FURIN;CTSG;MMP1;CTSV;MMP7;MMP10;PLG;PRSS2;MMP16"
"Voltage Gated Potassium Channels R-HSA-1296072",0.00979423276735668,0.128425501567475,0.380730400722792,-0.427354619277034,-1.54821267242353,43,"KCNV1;KCNC2;KCNAB2;KCNC1;KCNA2;KCNH1;KCNA4;KCNA5;KCNB1;KCNV2;KCNS1;KCND2;KCNG3;KCNQ2;KCNG1;KCND3;KCNH5;KCNAB1;KCNQ3;KCNS2;KCNQ5"
"Keratan Sulfate Biosynthesis R-HSA-2022854",0.010430927618063,0.133768049783292,0.380730400722792,-0.482923670107002,-1.61470597599607,28,"B4GAT1;B3GNT4;FMOD;B4GALT6;LUM;B3GNT2;CHST6;CHST5;ACAN;B4GALT1;B4GALT4"
"Signaling By Insulin Receptor R-HSA-74752",0.0104285472157096,0.133768049783292,0.380730400722792,-0.358053410665806,-1.48247698260593,77,"ATP6V1G2;ATP6V1B2;ATP6V1A;ATP6V1D;ATP6AP1;ATP6V0A1;ATP6V0C;TRIB3;FGF10;ATP6V0A4;FGF13;FLT3;ATP6V1H;INS;GRB2;PIK3R2;MAPK3;ATP6V0E2;PIK3R1;ATP6V1C1;PDE3B;ATP6V0D1;PIK3R4;ATP6V1F;FGF8;ATP6V1E2;KLB"
"Homology Directed Repair R-HSA-5693538",0.0108053069369319,0.137062969515212,0.380730400722792,0.315865613863334,1.47515823226986,114,"XRCC2;RPS27A;TP53BP1;TIPIN;SIRT6;PPP4R2;BLM;POLD4;BARD1;EME2;UBA52;RNF4;ABL1;H2BC17;FEN1;H2AX;SUMO2;H3-4;POLE4;POLD2"
"Antigen Processing: Ubiquitination And Proteasome Degradation R-HSA-983168",0.0113102534460086,0.141118793083327,0.380730400722792,-0.259678747747827,-1.32922520206831,303,"ASB5;UBE2W;FBXL16;HACE1;TRIM32;ASB9;HERC3;ASB17;LMO7;PSMA6;UBAC1;FBXO6;UBE2D1;FBXW7;LNX1;SIAH2;PSMC5;RNF6;FBXO21;KBTBD6;PSMD12;PSMC4;FBXO11;ASB14;ANAPC13;LRRC41;UBE2M;LRSAM1;PSMD7;UBE3A;UBE2U;PSMD2;PSMB5;PSMD9;UBE2K;PSMD11;TRIM37;PJA2;ASB6;TRAIP;MYLIP;KBTBD13;UBA6;UBE3C;MIB2;NEDD4L;FBXL12;SOCS3;UBE3B;FBXO41;SH3RF1;RNF41;UBE2D4;FBXO22;KLHL3;FBXO2;RNF114;UBE2D2;PJA1;GLMN;GAN;CUL7;PSMC2;UBE2L6;PSMA1;ASB8;FBXL19;CBLL2;ASB2;RNF182;ASB11;PSMA5;PSMC3;PSMD5;HECW2;PSMF1;PSMB4;TRIM39;FBXO10;UBE2C;TRAF7;UBE2Q1;UBE2O;RNF14;FBXW8;ANAPC4;UBE2V2;STUB1;ZNRF2;UBE2N;UBA1;UBE2D3;HECTD2;CBLB;SPSB4;BTRC;RNF115;UBE2J1;TRIM9;THOP1;PSMA7;FBXO17;MGRN1;ZNRF1;UBE3D;FBXO9;PSMC6;PSMD8;KLHL13;UBE2G2;UBE4A;UBE2E2;FBXO15;FBXL18;FBXL22"
"G-protein Mediated Events R-HSA-112040",0.0115048920854525,0.141118793083327,0.380730400722792,-0.410443453513326,-1.57159931979421,52,"CAMK2A;PLCB1;ITPR1;PRKAR2B;CAMKK2;PDE1B;PRKAR1B;PRKCG;CREB1;ADCY1;PDE1A;PLA2G4A;NBEA;CAMK2G"
"Gluconeogenesis R-HSA-70263",0.011456566048367,0.141118793083327,0.380730400722792,-0.491772572870205,-1.66578301518246,31,"MDH1;ENO2;PGK1;TPI1;SLC37A2;ENO3;MDH2;ENO1;FBP1;GOT2;ALDOC;GNPDA1;SLC25A11;SLC25A1"
"Ion Channel Transport R-HSA-983712",0.0116087439040269,0.141118793083327,0.380730400722792,-0.298137384110987,-1.42919249928907,173,"ATP1A3;CAMK2A;ATP6V1G2;TRPM2;ATP6V1B2;ATP6V1A;ATP6V1D;TRPV1;ATP6AP1;ATP6V0A1;ATP6V0C;ATP2B1;ATP9B;ATP13A2;ATP6V0A4;ATP4B;ATP2B3;CAMK2G;ATP1B1;FXYD7;TRPC5;TTYH3;SLC17A3;TRPV2;ANO9;ATP6V1H;PDZD11;ATP2A2;WNK2;ATP7A;TSC22D3;SLC9C2;NEDD4L;TRPM3;ATP6V0E2;ATP12A;ATP6V1C1;ATP9A;CALM1;ANO5;RYR2;ATP1B3;ATP6V0D1;TRPV6;ATP6V1F;ATP6V1E2;STOM;SLC9B2;TRPM7;CUTC;CAMK2D;ATP7B;MCOLN2;FXYD3;STOML3;CLCN7;BEST4;ATP8A2;CLCN4;TRPC4;TRPC6;TRPM8;ATP8B1;ATP6V0D2;BEST2;ASIC2;CLCA2;ASPH;UNC80;ANO3;UNC79;TRDN;FKBP1B;ATP11B;SCNN1D;TRPC7;TRPM4;ANO1;SLC9C1;MCOLN3;FXYD2;TRPV5;CLIC2;ATP10D;ATP6V1B1;ANO6"
"Ion Transport By P-type ATPases R-HSA-936837",0.0117563626603314,0.141439950769142,0.380730400722792,-0.409557142060364,-1.56820560876123,52,"ATP1A3;CAMK2A;ATP2B1;ATP9B;ATP13A2;ATP4B;ATP2B3;CAMK2G;ATP1B1;FXYD7;PDZD11;ATP2A2;ATP7A;ATP12A;ATP9A;CALM1;ATP1B3;CUTC;CAMK2D;ATP7B;FXYD3;ATP8A2;ATP8B1"
"SUMO E3 Ligases SUMOylate Target Proteins R-HSA-3108232",0.0123391996434905,0.146937203917892,0.380730400722792,0.279637970852154,1.3872963936903,166,"HIPK2;TP53BP1;RELA;DDX17;AAAS;RAD21;CBX2;PIAS2;BLM;NPM1;POM121C;RNASE7;PHC3;AURKA;NUP50;SP3;NUP62;SUMO2;HNRNPC;NUP214;CASP8AP2;TDG;HNRNPK;BIRC5;NFKB2;CBX4;UHRF2;NCOR2;NFKBIA;PHC1;NUP35;ZNF350;RANBP2;H4C15;RXRA;HDAC7;SP100"
"Activation Of NMDA Receptors And Postsynaptic Events R-HSA-442755",0.0131126168717493,0.153668930585708,0.380730400722792,-0.368044534381077,-1.51430167293511,74,"CAMK2A;GRIA2;NRGN;PRKAR2B;CAMKK2;NEFL;PRKAR1B;CREB1;GRIA1;ADCY1;NBEA;CAMK2G;GRIA3;LIN7A;CAMKK1;PRKAG1;MAPK3;RASGRF1;RPS6KA6;PRKAR2A;PRKAG3;GRIN2B;CALM1;GRIN3A;PRKACG;GRIA4;PRKAA2;PDPK1;CAMK2D;KIF17;PRKAG2"
"RHO GTPase Effectors R-HSA-195258",0.0131678603758105,0.153668930585708,0.380730400722792,0.257687543044986,1.36498345879245,258,"DYNC1LI2;FMNL2;RPS27;H2AC19;MYLK;NDE1;KIF5B;RHPN2;KDM1A;RNASE1;KTN1;KLK2;RAC2;PFN1;ITGB1;AHCTF1;DVL3;PTK2;YWHAQ;RTKN;ARPC5;H2AJ;LIN7B;MAPRE1;PLK1;H3-3B;PPP1R14A;ABL1;CDC42;WIPF1;DYNLL2;H2BC17;NCF1;CLASP2;H2AX;RHOA;H2AB1;PKN1;ACTR3;H2AC6;B9D2;CTNNA1;BUB3;BIRC5;RCC2;CDC20;MYL6;ARPC3;RHOG;H2AZ2;CDC25C;KIF5A;YWHAZ;WASF2;DYNC1I2;RANBP2;H4C15;MEN1;CYBA;RHOQ;ROCK1"
"Aggrephagy R-HSA-9646399",0.013442414415319,0.155319778442349,0.380730400722792,0.493745015705837,1.61251612254021,23,"DYNC1LI2;RPS27A;HSP90AA1;UBA52;DYNLL2;UBE2V1;HDAC6;DYNC1I2"
"Chromosome Maintenance R-HSA-73886",0.0137605403308875,0.157436770256331,0.380730400722792,0.309629853708879,1.44603593303065,114,"RSF1;H2AC19;BLM;NPM1;TINF2;POLD4;POLR2L;H2AJ;H3-3B;CTC1;POLR2J;H2BC17;FEN1;H2AX;RBBP4;RUVBL2;H2AB1;SMARCA5;H3-4;TERF1;H2AC6;POLR2I;POLD2;H2AZ2;ATRX;POT1"
"Prostacyclin Signaling Thru Prostacyclin Receptor R-HSA-392851",0.014049526984417,0.159182504765191,0.380730400722792,-0.533020767763544,-1.6094563938478,19,"GNB5;GNG3;GNAS;GNB1;GNGT1;GNG4;GNG2;GNB2"
"Autophagy R-HSA-9612973",0.0150692873732274,0.161838258169367,0.380730400722792,0.3086899708418,1.44710781142022,125,"LAMP2;DYNC1LI2;RPS27A;GFAP;MFN1;ATG14;RNASE1;HSP90AA1;MVB12B;ATG4C;TOMM40;VPS37D;PLIN3;GABARAP;UBA52;DYNLL2;RB1CC1;NBR1;TOMM7;UBE2V1;CHMP6;LAMTOR4;RRAGC;PRKAB2;HDAC6;DYNC1I2;ATM;CHMP4B;RHEB;WDR45B;CSNK2A2;WIPI1;CFTR;TSC2"
"Citric Acid (TCA) Cycle And Respiratory Electron Transport R-HSA-1428517",0.0149608048644672,0.161838258169367,0.380730400722792,-0.303225417328841,-1.42783770972198,159,"ATP5F1A;ATP5F1B;PDHB;PDK3;LDLR;CYCS;NDUFAF4;ATP5MC3;NDUFA9;SLC25A14;BSG;SUCLA2;MDH2;COX5A;PPARD;COX7C;COX8A;LDHB;NDUFA13;NDUFA8;PDK2;NDUFAB1;COX6C;UCP1;NDUFC1;ADHFE1;NDUFS8;IDH3B;NDUFB10;NDUFAF6;ECSIT;NDUFB6;UCP2;ATP5F1E;ATP5F1D;LDHC;COX7B;TACO1;PDP2;IDH3A;SDHB;ETFDH;NDUFS5;PDPK1;COX14;NDUFAF1;COA1;UQCRC1;LRPPRC;FAHD1;UCP3;NUBPL;COX7A2L;NDUFS4;TRAP1;NDUFA1;UQCRFS1;GLO1"
"DNA Double-Strand Break Repair R-HSA-5693532",0.0153901837037564,0.161838258169367,0.380730400722792,0.286393149469758,1.38426027601668,144,"XRCC2;RPS27A;TP53BP1;TIPIN;SIRT6;PPP4R2;BLM;POLD4;BARD1;EME2;UBXN1;UBA52;RNF4;ABL1;H2BC17;KDM4B;FEN1;H2AX;SMARCA5;SUMO2;H3-4;POLE4;POLL;POLD2"
"Deactivation Of Beta-Catenin Transactivating Complex R-HSA-3769402",0.0144686391164175,0.161838258169367,0.380730400722792,0.431606014409154,1.64160049209401,41,"RPS27A;SOX3;TLE4;SOX2;TCF7L1;UBA52;PROC;CBY1;PYGO2;YWHAZ;SOX17;SOX9;MEN1"
"G Alpha (Z) Signaling Events R-HSA-418597",0.0148089408586696,0.161838258169367,0.380730400722792,-0.419961752926468,-1.56352572379707,47,"PRKCB;GNB5;GNG3;RGS4;PRKCG;GNAS;GNB1;ADCY1;RGS20;GNGT1;GNG4;PRKCE;GNG2;GNB2"
"Keratan Sulfate/Keratin Metabolism R-HSA-1638074",0.0150620790350898,0.161838258169367,0.380730400722792,-0.454907799470704,-1.56438182155602,33,"B4GAT1;B3GNT4;HEXB;FMOD;B4GALT6;LUM;B3GNT2;CHST6;CHST5;ACAN;B4GALT1;B4GALT4;GNS;OMD"
"MECP2 Regulates Neuronal Receptors And Channels R-HSA-9022699",0.0153933561754925,0.161838258169367,0.380730400722792,-0.546658965867764,-1.62991708670803,18,"GRIA2;CREB1;SLC2A3;RNMT;PTPN4;OPRK1;GRIN2B"
"Sensory Processing Of Sound By Inner Hair Cells Of Cochlea R-HSA-9662360",0.0151612955296308,0.161838258169367,0.380730400722792,-0.374595705951543,-1.50500394389233,67,"SYN1;CABP1;RAB3A;SYP;SNAP25;KCNMB1;TMC1;ATP2B1;EPB41L1;VAMP2;EPS8L2;GRXCR2;STX1A;DNAJC5;CLIC5;CIB2;TMC2;CAPZA1;BSN;TRIOBP;CABP2;CAPZA2;MYO3B"
"Nuclear Signaling By ERBB4 R-HSA-1251985",0.0159245844825313,0.164460089301894,0.352487857583619,0.459769823057636,1.63742078432508,32,"S100B;SPARC;GFAP;PSEN1;PSENEN;APH1B;WWOX;APOE;YAP1"
"Processing Of Capped Intron-Containing Pre-mRNA R-HSA-72203",0.0158123198469214,0.164460089301894,0.352487857583619,0.250910037523725,1.31229756892756,240,"NXF2;HNRNPA1;CASC3;AAAS;SNRPC;SNRPA1;POM121C;RNASE7;HNRNPA2B1;PCBP2;SF3B1;POLR2L;YBX1;PCF11;NUP50;POLR2J;NXT1;ZC3H11A;NUP62;HNRNPC;U2AF1;NUP214;PCBP1;PPWD1;SRRM1;POLR2I;HNRNPK;SNRPG;THOC6;PRPF6;HNRNPUL1;SRRM2;LSM2;POLDIP3;HNRNPU;NUP35;PLRG1;HNRNPA3;LSM3;SUGP1;RANBP2;SNRPB2;CWC15;CSTF1;WTAP;TFIP11;COLEC12;HNRNPM;GTF2F2;NUP188;RBM8A;DHX15;HNRNPH1;PRPF31;THOC1"
"Estrogen-dependent Gene Expression R-HSA-9018519",0.016873458687449,0.172730932353096,0.352487857583619,0.306822089754553,1.42920631771767,116,"CTSD;H2AC19;RAD21;KDM1A;HSP90AA1;CBFB;GATA3;POLR2L;DAND5;KAT2B;FKBP4;AXIN1;H2AJ;H3-3B;CCND1;POLR2J;H2BC17;KDM4B;H2AX;H2AB1;PRMT1;H2AC6;POLR2I;H2AZ2;AGO2;H4C15;GPAM;PTGES3;GTF2F2;H2BC21"
"HDR Thru Homologous Recombination (HRR) Or Single Strand Annealing (SSA) R-HSA-5693567",0.0175855049914696,0.178454646304739,0.352487857583619,0.313711656350406,1.44734231449487,109,"XRCC2;RPS27A;TP53BP1;TIPIN;SIRT6;PPP4R2;BLM;POLD4;BARD1;EME2;UBA52;RNF4;ABL1;H2BC17;H2AX;SUMO2;H3-4;POLE4;POLD2"
"Platelet Activation, Signaling And Aggregation R-HSA-76002",0.0182844457956163,0.182909632714229,0.352487857583619,0.252294202232832,1.33060786715622,253,"LAMP2;ORM2;CD9;SPARC;TGFB3;ACTN4;SELENOP;PDGFB;LGALS3BP;SERPINA3;PTPN11;RNASE1;STX4;TMSB4X;PF4;RAC2;PFN1;TF;CSK;DAGLA;PTK2;RAP1A;GNAI1;TIMP1;IGF1;TAGLN2;ANXA5;CDC42;RAPGEF4;SERPING1;GTPBP2;TBXA2R;GNA15;RHOA;RAP1B;GP9;ABCC4;VTI1B;LHFPL2;GNA13;PECAM1;GNG5;RHOG;GNA12;GNAI2;YWHAZ;ARRB2;DGKQ;P2RY1;CALU;VEGFB;LCP2;ITPR3;TIMP3;GNB3;GP5;DGKD;SERPINA1;PRKCH;GNG11"
"rRNA Modification In Nucleus And Cytosol R-HSA-6790901",0.0183379837425576,0.182909632714229,0.352487857583619,0.381488348941334,1.56352128547978,59,"FCF1;RPS6;RPS7;RPS2;RPS9;RPS14;PNO1;NOP14;MPHOSPH10;TRMT112"
"Cargo Concentration In ER R-HSA-5694530",0.0190478410731847,0.186796895230307,0.352487857583619,-0.443671868944495,-1.51486332585499,32,"F5;CNIH2;GRIA1;SEC23A;LMAN1;F8;SEC24A;CFAP73;AREG;LMAN1L;CTSZ;MCFD2;STX5"
"Collagen Degradation R-HSA-1442490",0.0189202173474012,0.186796895230307,0.352487857583619,-0.41237550747119,-1.47046299127554,40,"MMP12;FURIN;CTSB;MMP1;TMPRSS6;COL14A1;COL12A1;MMP7;MMP10;PRSS2;COL26A1;COL23A1;ADAM17;COL15A1;COL25A1;ELANE;CTSK;COL17A1;MMP15;COL13A1;MMP14"
"Muscle Contraction R-HSA-397014",0.0197094370254379,0.191674275072383,0.352487857583619,-0.283426408824419,-1.38556040622643,194,"ATP1A3;CAMK2A;SCN1B;FGF14;FGF12;ITPR1;SLC8A2;MMP12;SCN2B;ATP2B1;TMOD2;SCN2A;SCN1A;SCN4B;TNNT1;ANXA6;MYH8;KCNA5;SCN8A;ATP2B3;FGF13;SCN3A;HIPK1;CAMK2G;ATP1B1;ITGA1;FXYD7;TMOD4;GUCY1B1;KCNIP4;CACNG8;ATP2A2;DES;GUCY1A1;CACNB1;KCND2;TNNT3;NEB;KCNK10;MYL1;SCN5A;KCNIP2;MYL12A;CALM1;RYR2;ATP1B3;DYSF;SCN10A;MYL4;KCND3;TNNC2;SCN3B;KCNE5;KCNK18;KCNE4;TMOD3;TNNI3;CAMK2D;NKX2-5;VCL;FXYD3;PDE5A;KCNK3;MYH11"
"Cardiac Conduction R-HSA-5576891",0.0204117196208275,0.196863444607485,0.352487857583619,-0.310190171403455,-1.41694513041068,125,"ATP1A3;CAMK2A;SCN1B;FGF14;FGF12;ITPR1;SLC8A2;MMP12;SCN2B;ATP2B1;SCN2A;SCN1A;SCN4B;KCNA5;SCN8A;ATP2B3;FGF13;SCN3A;HIPK1;CAMK2G;ATP1B1;FXYD7;KCNIP4;CACNG8;ATP2A2;CACNB1;KCND2;KCNK10;SCN5A;KCNIP2;CALM1;RYR2;ATP1B3;SCN10A;KCND3;SCN3B;KCNE5;KCNK18;KCNE4;TNNI3;CAMK2D;NKX2-5;FXYD3"
"NRIF Signals Cell Death From Nucleus R-HSA-205043",0.0216538120363388,0.205447143466726,0.352487857583619,0.573204888091108,1.69969352502813,15,"RPS27A;PSEN1;PSENEN;UBA52;APH1B"
"Pre-NOTCH Transcription And Translation R-HSA-1912408",0.0216060405576167,0.205447143466726,0.352487857583619,0.377992028909005,1.5491916976783,59,"SIRT6;H2AC19;TFDP1;KAT2B;E2F1;H2AJ;RBPJ;H3-3B;CCND1;H2BC17;H2AX;H2AB1;H2AC6;H2AZ2;ELF3;AGO2;H4C15"
"Post NMDA Receptor Activation Events R-HSA-438064",0.0220752712798703,0.207756786964586,0.352487857583619,-0.374224459841874,-1.46759364064196,61,"CAMK2A;GRIA2;NRGN;PRKAR2B;CAMKK2;NEFL;PRKAR1B;CREB1;GRIA1;ADCY1;CAMK2G;CAMKK1;PRKAG1;MAPK3;RASGRF1;RPS6KA6;PRKAR2A;PRKAG3;GRIN2B;CALM1;PRKACG;PRKAA2;PDPK1;CAMK2D"
"Glucagon-like Peptide-1 (GLP1) Regulates Insulin Secretion R-HSA-381676",0.0228321296226506,0.211469010076455,0.352487857583619,-0.425094063687759,-1.5393204020381,42,"GNB5;GNG3;ITPR1;KCNC2;PRKAR2B;PRKAR1B;GNAS;GNB1;KCNB1;GNGT1;AKAP5;GNG4;GNG2;GNB2;PRKAR2A;GNG13;PRKACG"
"Transport Of Mature mRNA Derived From An Intron-Containing Transcript R-HSA-159236",0.0228310129254133,0.211469010076455,0.352487857583619,0.350769187935482,1.48818017504725,73,"NXF2;CASC3;AAAS;POM121C;RNASE7;NUP50;NXT1;ZC3H11A;NUP62;U2AF1;NUP214;SRRM1;THOC6;POLDIP3;NUP35;RANBP2;NUP188;RBM8A;THOC1;SRSF6;NUP133"
"Glucagon Signaling In Metabolic Regulation R-HSA-163359",0.0233367019946658,0.214440403368307,0.352487857583619,-0.437671731371288,-1.49437659005774,32,"GNG3;PRKAR2B;PRKAR1B;GNAS;GNB1;ADCY1;CYSLTR2;GNG4;GNG2;GNB2;PRKAR2A;GNG13;PRKACG;ADCY9"
"Inhibition Of DNA Recombination At Telomere R-HSA-9670095",0.0237093681911989,0.216162755305696,0.352487857583619,0.39846774348187,1.53455691040789,45,"H2AC19;TINF2;POLR2L;H2AJ;H3-3B;POLR2J;H2BC17;H2AX;H2AB1;H3-4;TERF1;H2AC6;POLR2I;H2AZ2;ATRX;POT1;H4C15"
"Binding And Uptake Of Ligands By Scavenger Receptors R-HSA-2173782",0.0250583819296719,0.22597632902445,0.352487857583619,0.407299207741476,1.52809162057908,39,"FTH1;COL1A2;SPARC;HSP90AA1;C1D;CALR;APOB;HBA1;SCARB1;COLEC12;APOE"
"Oxidative Stress Induced Senescence R-HSA-2559580",0.0253666658973461,0.22597632902445,0.352487857583619,0.324030177946584,1.41773491402964,88,"MAP4K4;RPS27A;H2AC19;CBX2;TFDP1;PHC3;E2F1;H2AJ;UBA52;H3-3B;H2BC17;H2AX;RBBP4;H2AB1;CDK4;H2AC6;CBX4;H2AZ2;PHC1;H4C15;CDKN2D"
"Telomere Maintenance R-HSA-157579",0.0251796880160389,0.22597632902445,0.352487857583619,0.326784751873767,1.43337893750505,89,"H2AC19;BLM;TINF2;POLD4;POLR2L;H2AJ;H3-3B;CTC1;POLR2J;H2BC17;FEN1;H2AX;RUVBL2;H2AB1;H3-4;TERF1;H2AC6;POLR2I;POLD2;H2AZ2;ATRX;POT1;H4C15"
"Glycosaminoglycan Metabolism R-HSA-1630316",0.0266469268682507,0.235583057994308,0.352487857583619,-0.312202394383053,-1.40819978413195,120,"HS3ST5;B4GAT1;HS6ST3;B3GNT4;HMMR;GPC1;SPAM1;DSE;HS3ST1;GPC5;SDC1;HAS2;HS6ST2;HEXB;GPC6;FMOD;HS3ST2;GPC3;IDS;GPC2;HS2ST1;HS3ST3A1;CHST7;STAB2;B4GALT6;LUM;NAGLU;GLCE;B3GNT2;CHST6;CHST5;ARSB;ACAN;HAS3;SLC9A1;B4GALT1;NDST4;HS6ST1;B4GALT4"
"RND3 GTPase Cycle R-HSA-9696264",0.0272512577301886,0.239114419331805,0.352487857583619,0.410301005854858,1.56278145332812,42,"PKP4;VANGL2;ARHGAP21;FLOT2;KTN1;DST;ARHGAP5;UBXN11;PICALM;CAV1;ROCK1;SEMA4F"
"G Beta:Gamma Signaling Thru BTK R-HSA-8964315",0.0288932530792429,0.251630047339377,0.352487857583619,-0.519212958394075,-1.5480841353866,18,"GNB5;GNG3;GNB1;GNGT1;GNG4;GNG2;GNB2"
"tRNA Aminoacylation R-HSA-379724",0.0291566937877347,0.252043419631751,0.352487857583619,-0.407427652405821,-1.46650139804075,41,"WARS1;MARS2;GARS1;HARS1;EEF1E1;YARS2;FARS2;KARS1;AIMP1;MARS1;EARS2;NARS1;AARS2;DTD1;SARS1;YARS1"
"Synthesis Of PIPs At Golgi Membrane R-HSA-1660514",0.0304273690747831,0.261093674340234,0.352487857583619,-0.533879002080304,-1.56741101212046,17,"ARF3;PI4KA;OCRL;TPTE2;FIG4;VAC14;PIK3R4"
"SUMOylation R-HSA-2990846",0.0307045851560527,0.261549276475281,0.352487857583619,0.275364892905154,1.36905707338453,172,"HIPK2;TP53BP1;RELA;DDX17;AAAS;RAD21;CBX2;PIAS2;BLM;NPM1;POM121C;RNASE7;PHC3;AURKA;NUP50;SP3;NUP62;SUMO2;HNRNPC;NUP214;CASP8AP2;TDG;HNRNPK;BIRC5;NFKB2;CBX4;UHRF2;NCOR2;NFKBIA;SAE1;PHC1;NUP35;ZNF350;RANBP2;H4C15;RXRA;HDAC7;SP100"
"Packaging Of Telomere Ends R-HSA-171306",0.0314102675718558,0.265621610553303,0.321775918075361,0.410869746340025,1.4495430045778,30,"H2AC19;TINF2;H2AJ;H2BC17;H2AX;H2AB1;H3-4;TERF1;H2AC6;H2AZ2;POT1;H4C15;H2BC21"
"SUMOylation Of RNA Binding Proteins R-HSA-4570464",0.0317961430948516,0.266950352458215,0.321775918075361,0.387217894129575,1.49123211349018,45,"AAAS;CBX2;POM121C;RNASE7;PHC3;NUP50;NUP62;SUMO2;HNRNPC;NUP214;HNRNPK;CBX4;PHC1;NUP35;RANBP2"
"Cell Recruitment (Pro-Inflammatory Response) R-HSA-9664424",0.0325151513557905,0.269637587658138,0.321775918075361,0.48126544584007,1.61225511955499,25,"P2RX7;TXNIP;RELA;SUGT1;C3;HMOX1;NFKB2;CASP1;IL18;TXN2;C3AR1"
"Nitric Oxide Stimulates Guanylate Cyclase R-HSA-392154",0.0330404241946133,0.269637587658138,0.321775918075361,-0.508972015322554,-1.56317237379339,21,"ITPR1;PDE1B;KCNMB1;PDE2A;PDE1A;GUCY1B1;GUCY1A1"
"PD-1 Signaling R-HSA-389948",0.0327039924305116,0.269637587658138,0.321775918075361,0.50108801219446,1.54682151360552,18,"PTPN11;CD274;CSK;HLA-DPA1;HLA-DRB1;PDCD1;TARP"
"Transcriptional Regulation By E2F6 R-HSA-8953750",0.032942707703727,0.269637587658138,0.321775918075361,0.424821820108977,1.52184051704135,33,"E2F6;TFDP1;PHC3;EPC1;E2F1;CBX3;MAX;RBBP4;PHC1"
"Base Excision Repair R-HSA-73884",0.0335889909777592,0.272059424559744,0.321775918075361,0.337940668963214,1.42325928633456,69,"H2AC19;TINF2;ADPRS;POLD4;H2AJ;H2BC17;FEN1;H2AX;H2AB1;H3-4;TERF1;POLE4;H2AC6;POLD2;TDG;H2AZ2;POT1;H4C15;H2BC21;UNG;SLC19A1;PNKP;POLD1"
"DNA Repair R-HSA-73894",0.0338034417833444,0.272059424559744,0.321775918075361,0.231932749052568,1.24543916157975,300,"XRCC2;RPS27A;TP53BP1;TIPIN;SIRT6;H2AC19;PPP4R2;FANCC;BLM;TINF2;ADPRS;FANCE;POLD4;BARD1;UFD1;FAAP20;POLR2L;EME2;H2AJ;UBXN1;UBA52;RNF4;ABL1;POLR2J;H2BC17;KDM4B;FEN1;HMGN1;H2AX;UVSSA;H2AB1;FANCL;SMARCA5;SUMO2;H3-4;TERF1;POLE4;H2AC6;POLL;POLR2I;TCEA1;POLD2;TDG;TFPT"
"G Beta:Gamma Signaling Thru PLC Beta R-HSA-418217",0.0346758914252044,0.275284117640908,0.321775918075361,-0.504122621034683,-1.54663552244036,20,"GNB5;GNG3;PLCB1;GNB1;GNGT1;GNG4;GNG2;GNB2"
"Transcriptional Regulation By Small RNAs R-HSA-5578749",0.0344538670320911,0.275284117640908,0.321775918075361,0.334612844209198,1.41856309323819,72,"H2AC19;AAAS;POM121C;RNASE7;POLR2L;H2AJ;NUP50;H3-3B;POLR2J;H2BC17;H2AX;NUP62;H2AB1;NUP214;H2AC6;POLR2I;H2AZ2;NUP35;AGO2;RANBP2;H4C15;H2BC21;NUP188"
"Gene And Protein Expression By JAK-STAT Signaling After Interleukin-12 Stimulation R-HSA-8950505",0.0365906418886439,0.288522155973293,0.321775918075361,0.417484446314301,1.53121678657212,35,"AURKAIP1;SNRPA1;RPLP0;TOX4;HNRNPA2B1;BOLA2B;CDC42;HNRNPDL;RAP1B;TALDO1;PDCD4;PSME2;IL10;SOD1;PITPNA"
"RHO GTPases Activate PKNs R-HSA-5625740",0.0368570786014253,0.288672555220559,0.321775918075361,0.363218220827791,1.4886415826704,59,"H2AC19;KDM1A;RNASE1;KLK2;YWHAQ;H2AJ;H3-3B;PPP1R14A;H2BC17;H2AX;RHOA;H2AB1;PKN1;H2AC6;MYL6;H2AZ2;CDC25C;YWHAZ;H4C15"
"Fanconi Anemia Pathway R-HSA-6783310",0.038039729776298,0.295949097659598,0.321775918075361,0.415544619129131,1.52410204020204,35,"RPS27A;FANCC;FANCE;FAAP20;EME2;UBA52;FANCL"
"Interleukin-12 Family Signaling R-HSA-447115",0.0395842029564594,0.305925595034358,0.321775918075361,0.354433725457422,1.40944945056921,54,"AURKAIP1;SNRPA1;RPLP0;TOX4;HNRNPA2B1;IL6ST;BOLA2B;CDC42;HNRNPDL;RAP1B;TALDO1;IL12B;PDCD4;PSME2;CANX;IL10;SOD1;PITPNA;IL27"
"Interferon Signaling R-HSA-913531",0.0402147278585611,0.307713463956744,0.321775918075361,0.260241921530593,1.31673530007929,188,"RPS27A;IFNA14;IFITM3;HLA-C;AAAS;TRIM22;TRIM48;USP18;PTPN11;CD44;B2M;FCGR1A;POM121C;RNASE7;IFNA4;STAT2;NCAM1;MT2A;UBA52;HLA-DPA1;NUP50;HERC5;HLA-B;NUP62;HLA-DRB1;SMAD7;TRIM35;NUP214;XAF1;TRIM62;TRIM8;NUP35;RANBP2;ISG20;PPM1B;SP100;GBP1;EIF4G3;IFITM1;IRF4"
"Sensory Processing Of Sound R-HSA-9659379",0.0403428963028122,0.307713463956744,0.321775918075361,-0.344105078266634,-1.42097713528839,75,"SYN1;CABP1;RAB3A;SYP;SNAP25;KCNMB1;TMC1;ATP2B1;EPB41L1;VAMP2;EPS8L2;GRXCR2;STX1A;DNAJC5;CLIC5;CIB2;TMC2;CAPZA1;BSN;TRIOBP;CABP2;CAPZA2;MYO3B;CHRNA9;KCNN2;CACNA1D"
"Late Endosomal Microautophagy R-HSA-9615710",0.0418454010113173,0.315055374065854,0.321775918075361,0.426081453684544,1.48165771117982,29,"RPS27A;RNASE1;MVB12B;VPS37D;PLIN3;UBA52;CHMP6;HDAC6;CHMP4B;CFTR"
"Presynaptic Function Of Kainate Receptors R-HSA-500657",0.0417485968205093,0.315055374065854,0.321775918075361,-0.497336324656824,-1.52743644008562,21,"GNB5;GNG3;PLCB1;GNB1;GNGT1;GNG4;GNG2;GNB2"
"NOTCH3 Activation And Transmission Of Signal To Nucleus R-HSA-9013507",0.0427940373062842,0.320132317541242,0.321775918075361,0.454323007877464,1.49228641750089,24,"RPS27A;PSEN1;YBX1;PSENEN;UBA52;APH1B"
"Iron Uptake And Transport R-HSA-917937",0.0437710437710438,0.325355465482854,0.282013350011725,-0.367681668810903,-1.43459919940153,57,"ATP6V1G2;ATP6V1B2;ATP6V1A;ATP6V1D;ATP6AP1;ATP6V0A1;ATP6V0C;ATP6V0A4;HEPH;SLC40A1;SLC22A17;ATP6V1H;STEAP2;ABCG2;ATP6V0E2;LCN2;ATP6V1C1;HFE;ATP6V0D1;ATP6V1F;ATP6V1E2"
"FLT3 Signaling In Disease R-HSA-9682385",0.0461725380645591,0.326440088713061,0.321775918075361,0.446046113357954,1.50547269150005,26,"GAB2;RPS27A;PTPN11;SPTBN1;UBA52;MYO18A;BCL2L1"
"HS-GAG Degradation R-HSA-2024096",0.0459965928449744,0.326440088713061,0.276500599254472,-0.483846222649389,-1.48600517443084,21,"GPC1;GPC5;SDC1;GPC6;GPC3;IDS;GPC2;NAGLU"
"Ion Homeostasis R-HSA-5578775",0.0463917525773196,0.326440088713061,0.276500599254472,-0.388156310215937,-1.45974846105274,49,"ATP1A3;CAMK2A;ITPR1;SLC8A2;ATP2B1;ATP2B3;CAMK2G;ATP1B1;FXYD7;ATP2A2;CALM1;RYR2;ATP1B3;TNNI3;CAMK2D;FXYD3"
"RAF Activation R-HSA-5673000",0.0442344723734967,0.326440088713061,0.321775918075361,-0.437381116519247,-1.48154263831139,31,"CAMK2A;PPP2R1A;CAMK2G;PPP2R5B;MRAS;JAK2;PPP2CA;CALM1;YWHAB;CAMK2D"
"Regulation Of HSF1-mediated Heat Shock Response R-HSA-3371453",0.0464033439368002,0.326440088713061,0.321775918075361,0.321941383101574,1.38358614983266,79,"HSPA2;HSPA1A;AAAS;ST13;SERPINH1;POM121C;RNASE7;HSBP1;FKBP4;HSPA1B;DNAJB1;NUP50;NUP62;NUP214;HIKESHI;SIRT1;NUP35;RANBP2;ATM;DNAJC7;NUP188;BAG2"
"Respiratory Electron Transport, ATP Synthesis By Chemiosmotic Coupling, Heat Production By Uncoupling Proteins R-HSA-163200",0.0447761194029851,0.326440088713061,0.276500599254472,-0.310892314003186,-1.38285036893805,111,"ATP5F1A;ATP5F1B;CYCS;NDUFAF4;ATP5MC3;NDUFA9;SLC25A14;COX5A;COX7C;COX8A;NDUFA13;NDUFA8;NDUFAB1;COX6C;UCP1;NDUFC1;NDUFS8;NDUFB10;NDUFAF6;ECSIT;NDUFB6;UCP2;ATP5F1E;ATP5F1D;COX7B;TACO1;SDHB;ETFDH;NDUFS5;COX14;NDUFAF1;COA1;UQCRC1;LRPPRC;UCP3;NUBPL;COX7A2L;NDUFS4;TRAP1;NDUFA1;UQCRFS1;ATP5PD;NDUFB2;UQCRQ;NDUFV2;NDUFB3;NDUFAF7"
"TRP Channels R-HSA-3295583",0.0447019867549669,0.326440088713061,0.276500599254472,-0.469936024016166,-1.52729442255444,25,"TRPM2;TRPV1;TRPC5;TRPV2;TRPM3;TRPV6;TRPM7;MCOLN2;TRPC4;TRPC6;TRPM8;TRPC7;TRPM4;MCOLN3;TRPV5;TRPV3"
"Uptake And Actions Of Bacterial Toxins R-HSA-5339562",0.0464344941956882,0.326440088713061,0.271288554688953,-0.438975812242946,-1.46776170070388,28,"SV2B;SYT1;SNAP25;SV2A;VAMP2;FURIN;STX1A"
"cGMP Effects R-HSA-418457",0.0455672044614883,0.326440088713061,0.321775918075361,-0.559332639181678,-1.56509676990861,15,"ITPR1;PDE1B;KCNMB1;PDE2A;PDE1A"
"Striated Muscle Contraction R-HSA-390522",0.0473773265651438,0.33107389282349,0.271288554688953,-0.420778456934936,-1.44701447127815,33,"TMOD2;TNNT1;MYH8;TMOD4;DES;TNNT3;NEB;MYL1;MYL4;TNNC2;TMOD3;TNNI3"
"Mitochondrial tRNA Aminoacylation R-HSA-379726",0.0477001703577513,0.331345826235094,0.271288554688953,-0.48139902862166,-1.47848926789316,21,"MARS2;GARS1;YARS2;FARS2;KARS1;EARS2;AARS2;DTD1"
"Clathrin-mediated Endocytosis R-HSA-8856828",0.050314465408805,0.347437758177961,0.252961123069611,-0.287395432240775,-1.33645939553792,139,"DNM1;SYT1;PACSIN1;AMPH;CLTC;AP2M1;UBQLN2;SNAP91;CLTB;EGFR;VAMP2;COPS4;LDLR;SYNJ1;AP2S1;OCRL;AP2A1;AGFG1;REPS2;ACTR2;EPN1;VAMP4;TOR1A;ARPC2;COPS5;GRK3;GRB2;SH3GL2;PIP5K1C;STAM;FZD4;WASL"
"Early SARS-CoV-2 Infection Events R-HSA-9772572",0.0506756756756757,0.347873608903021,0.261663521711573,-0.416951948855738,-1.46153571513829,36,"GPC1;GPC5;SDC1;FURIN;VCP;HOXC13;GPC6;BECN1;GPC3;GPC2;ISCU;PIK3R4"
"Anchoring Of Basal Body To Plasma Membrane R-HSA-5620912",0.0509868421052632,0.347962834718375,0.257206466468838,-0.313087058358367,-1.36384892492985,96,"TUBA4A;PRKAR2B;HAUS8;DCTN3;HAUS3;CEP63;PPP2R1A;YWHAG;DCTN1;FBF1;MARK4;CEP89;AHI1;HAUS2;B9D1;TUBB4B;CETN2;HAUS7;CEP131;IQCB1;DYNC1H1;CEP76;CEP83;TTBK2;TMEM216;CEP152;TMEM67;ODF2;CEP97;C2CD3;CEP290;TCTN1;CEP72;RAB11A"
"Processing Of DNA Double-Strand Break Ends R-HSA-5693607",0.051985490887113,0.35271551084454,0.321775918075361,0.317222071549338,1.3518025449284,75,"RPS27A;TP53BP1;TIPIN;SIRT6;PPP4R2;BLM;BARD1;UBA52;RNF4;H2BC17;H2AX;SUMO2;H3-4"
"NOTCH2 Activation And Transmission Of Signal To Nucleus R-HSA-2979096",0.0534319393683086,0.358362489901242,0.321775918075361,0.471804796463495,1.4938116185665,20,"RPS27A;PSEN1;PSENEN;UBA52;APH1B;JAG1"
"RAB GEFs Exchange GTP For GDP On RABs R-HSA-8876198",0.0533333333333333,0.358362489901242,0.252961123069611,-0.318054570483568,-1.35092383383523,87,"RAB3A;TRAPPC11;ULK1;RAB12;TRAPPC3;RAB6B;DENND2C;DENND5B;CHML;RINL;TRAPPC6B;RIC1;RAB32;RAB38;GDI1;AKT1;DENND3;ANKRD27;ALS2;TRAPPC8;TRAPPC13;RAB6A;RAB18;RABGEF1"
"GAG Synthesis Requires Tetrasaccharide Linker Sequence R-HSA-1971475",0.0576200400523348,0.369464762313597,0.321775918075361,0.430617094691544,1.45339743389034,26,"XYLT1;B4GALT7;B3GAT3;BGN;B3GAT2;BCAN;AGRN;SDC4;HSPG2"
"Gamma Carboxylation, Hypusine Formation And Arylsulfatase Activation R-HSA-163841",0.0573355817875211,0.369464762313597,0.245041785430996,-0.392486210255384,-1.41272093990794,41,"DPH1;PROS1;ARSL;FURIN;ARSI;F9;F8;DNAJC24;ARSF;GAS6;ARSB;DOHH;SUMF2;TPST2;TTF2"
"HCMV Infection R-HSA-9609646",0.0572562678051329,0.369464762313597,0.321775918075361,0.27659073132107,1.28838579041833,116,"DYNC1LI2;H2AC19;AAAS;RNASE1;MVB12B;ITGB1;POM121C;RNASE7;VPS37D;NUP50;DYNLL2;H2BC17;NUP62;RBBP4;NUP214;H2BC18;H2AC6;HNRNPK;NCOR2;CHMP6;NUP35;DYNC1I2;RANBP2;H4C15;VPS25;CEBPD;GPS2;CHMP4B;H2BC21;NUP188;KCNH8;SNF8"
"L1CAM Interactions R-HSA-373760",0.0574324324324324,0.369464762313597,0.245041785430996,-0.307715699731814,-1.33702914423626,99,"DNM1;SPTBN2;SCN1B;CLTC;SCN2B;AP2M1;NRCAM;SCN2A;EGFR;SCN1A;SCN4B;L1CAM;AP2S1;SCN8A;AP2A1;SCN3A;ITGA1;CNTNAP1;LAMB1;GAP43;SH3GL2;CHL1;RANBP9;MAPK3;ANK2;SCN5A;RPS6KA6;KCNQ2;CNTN1;CNTN6;SCN10A;SPTBN4;RPS6KA5;SCN3B"
"Oncogene Induced Senescence R-HSA-2559585",0.0555068356494375,0.369464762313597,0.321775918075361,0.408010333235622,1.45308492718466,32,"RPS27A;TFDP1;DAND5;E2F1;UBA52;CDK4;CDKN2D"
"SMAD2/SMAD3:SMAD4 Heterotrimer Regulates Transcription R-HSA-2173796",0.0568779778884911,0.369464762313597,0.321775918075361,0.396958645861312,1.45593386168973,35,"RPS27A;COL1A2;TFDP1;DAND5;YBX1;UBA52;SMAD7"
"SUMOylation Of Chromatin Organization Proteins R-HSA-4551638",0.0566051818314719,0.369464762313597,0.321775918075361,0.347027708906729,1.39319986355471,55,"AAAS;CBX2;PIAS2;POM121C;RNASE7;PHC3;NUP50;NUP62;SUMO2;NUP214;CBX4;PHC1;NUP35;RANBP2;H4C15"
"Transcriptional Regulation By RUNX1 R-HSA-8878171",0.0565864821609104,0.369464762313597,0.321775918075361,0.25443393479154,1.2989521277096,199,"HIPK2;RPS27A;H2AC19;PTPN11;CBX2;KMT2E;PF4;LMO1;CBFB;GATA3;ELF2;PHC3;KAT2B;PSMD10;AXIN1;TCF7L1;H2AJ;UBA52;NFATC2;IL2RA;H3-3B;CCND1;CLDN5;ABL1;H2BC17;H2AX;H2AB1;PRMT1;H2AC6;GATA2;CBX4;SMARCE1;LIFR;PSMD14;H2AZ2;TNFRSF18;PHC1;PAX5;AGO2;H4C15;GPAM;CTSL;CCND2;YAP1;PSME2;H2BC21;WDR5;CSNK2A2"
"Transport To Golgi And Subsequent Modification R-HSA-948021",0.0579937304075235,0.369828870959453,0.234392647294686,-0.269695035012413,-1.28059364253693,164,"SPTBN2;CHGA;F5;NSF;ARF3;DCTN3;CNIH2;COPZ2;TRAPPC3;ST8SIA3;GRIA1;DCTN1;MAN1A1;ARF5;TRAPPC6B;SEC23A;LMAN1;F8;INS;PTGES2;CAPZA1;YKT6;TMED9;B4GALT6;ANK2;DYNC1H1;SEC24A;CFAP73;COG3;GOLGA2;CAPZA2;AREG;LMAN1L;CTSZ;SPTBN4;MCFD2;B4GALT1;COG7;STX5;CHST8;B4GALT4;ST8SIA6;TRAPPC1;MAN1A2;MGAT5;GOSR2;CAPZA3;DCTN4;SEC16A;DYNC1I1;SPTAN1;MOGAT2;COG6;ARFGAP2;MOGAT1;CNIH1;PPP6R3;SPTA1;COG4;CHST10;SEC23IP;SEC24D;ARCN1;SEC24B;TRAPPC5;MAN1C1"
"CREB1 Phosphorylation Thru NMDA Receptor-Mediated Activation Of RAS Signaling R-HSA-442742",0.0585284280936455,0.371065182829889,0.241339976815091,-0.440187484866677,-1.45300215858531,27,"CAMK2A;NEFL;CREB1;CAMK2G;MAPK3;RASGRF1;RPS6KA6;GRIN2B;CALM1;PDPK1;CAMK2D"
"G Alpha (I) Signaling Events R-HSA-418594",0.0588235294117647,0.371065182829889,0.227987202850442,-0.243217113860302,-1.24473432535853,306,"GABBR2;CAMK2A;PPP3R1;GNB5;GNG3;PLCB1;ITPR1;RGS4;PPP3CB;PRKAR2B;CAMKK2;PDE1B;PRKAR1B;RGS7;PRKCG;GNAS;GNB1;TAS2R46;PDE4B;CXCL8;ACKR3;PPP2R1A;CREB1;ADCY1;PDE1A;CCR3;NPY2R;PLA2G4A;NBEA;RGS20;CAMK2G;MCHR1;GNGT1;PPP3CA;CXCL10;CXCR6;PDYN;TAS2R42;RGS5;RGS11;CX3CR1;CCL23;CAMKK1;GPSM3;CXCL11;GNG4;RGS12;OPN5;MTNR1B;RXFP3;PPP2CA;GNG2;GNB2;TAS2R50;PENK;SSTR1;OPRK1;P2RY13;GRK2;PRKAR2A;CALM1;GALR1;NPBWR1;PDE4A;TAS1R1;INSL5;NPY5R;PTGDR2;RGS10;GNG13;MCHR2;PRKACG;CCL1;TAS2R4;SST;RGS16;GPR31;ADCY9;FPR1;GNA14;TAS2R1;CAMK2D;PPP1R1B;CXCL6;CXCL3;CDK5;GRM3;HTR1B;CCL21;TAS2R20;NPY1R;LPAR5;PPP1CA;GNAT3;CCR6;PLCB2;GPR17;KPNA2;CXCL16;AGTR2;TAS2R45;CASR;ADCY2;PMCH;GNGT2"
"Aberrant Regulation Of Mitotic G1/S Transition In Cancer Due To RB1 Defects R-HSA-9659787",0.0628019323671498,0.376460954366113,0.282013350011725,0.483468226693962,1.48639741572665,17,"CDKN1C;TFDP1;E2F1;CCND1;CDK4;CCND2;CCNE1;CDKN1B"
"Export Of Viral Ribonucleoproteins From Nucleus R-HSA-168274",0.0650602409638554,0.376460954366113,0.276500599254472,0.381430637461698,1.39898144745387,35,"HSPA1A;AAAS;POM121C;RNASE7;NUP50;NUP62;NUP214;NUP35;RANBP2;NUP188"
"G Beta:Gamma Signaling Thru PI3Kgamma R-HSA-392451",0.0645695364238411,0.376460954366113,0.227987202850442,-0.436046826181644,-1.41715436051968,25,"GNB5;GNG3;GNB1;GNGT1;AKT1;GNG4;GNG2;GNB2;GNG13;PDPK1"
"G-protein Activation R-HSA-202040",0.0644628099173554,0.376460954366113,0.227987202850442,-0.440638509797902,-1.41653845633432,24,"GNB5;GNG3;GNB1;GNGT1;PDYN;GNG4;GNG2;GNB2;GNG13;GNA14"
"Gap Junction Assembly R-HSA-190861",0.0639063138958625,0.376460954366113,0.287805130535564,0.519775894924792,1.56255368044167,16,"GJC2;GJA1;GJD4;GJB1;GJD3;GJB4;GJA4"
"Late SARS-CoV-2 Infection Events R-HSA-9772573",0.0612745098039216,0.376460954366113,0.287857117255149,0.345523731716481,1.39628245512721,57,"MAN2A1;RPS27A;ZDHHC20;ZDHHC11;GOLGA7;DAD1;UBA52;ZDHHC3;PRMT1"
"Meiosis R-HSA-1500620",0.0651629072681704,0.376460954366113,0.282013350011725,0.302822769937017,1.31760470983863,85,"HSPA2;SUN2;H2AC19;RAD21;BLM;TINF2;LMNA;H2AJ;H3-3B;PRDM9;H2BC17;H2AX;H2AB1;CDK4;H3-4;TERF1;H2AC6;H2AZ2;POT1;H4C15;ATM;MRE11;H2BC21"
"Meiotic Synapsis R-HSA-1221632",0.0612745098039216,0.376460954366113,0.287857117255149,0.342719373128721,1.38494987118422,57,"HSPA2;SUN2;H2AC19;RAD21;TINF2;LMNA;H2AJ;H2BC17;H2AX;H2AB1;H3-4;TERF1;H2AC6;H2AZ2;POT1;H4C15"
"Phase 4 - Resting Membrane Potential R-HSA-5576886",0.0625527517958342,0.376460954366113,0.287805130535564,0.488546246438899,1.51969497589326,19,"KCNJ2;KCNK13;KCNK6;KCNJ12;KCNK7;KCNJ4;KCNK1;KCNK5"
"Pre-NOTCH Expression And Processing R-HSA-1912422",0.0621890547263682,0.376460954366113,0.287857117255149,0.312874490025053,1.33327586505361,75,"SIRT6;H2AC19;TFDP1;KAT2B;E2F1;H2AJ;RBPJ;H3-3B;CCND1;H2BC17;ATP2A3;H2AX;H2AB1;H2AC6;H2AZ2;ELF3;AGO2;H4C15;TMED2"
"Processing Of SMDT1 R-HSA-8949664",0.0646786251259225,0.376460954366113,0.287805130535564,-0.537721710058846,-1.5046261429587,15,"MICU3;MICU2;MCUB;AFG3L2;MCU;PARL;PMPCB;STOML2;PMPCA"
"RAS Processing R-HSA-9648002",0.0628019323671498,0.376460954366113,0.282013350011725,0.482394659581226,1.48309679058963,17,"GOLGA7;FNTA;BCL2L1;RCE1;ABHD17A;ABHD17B;PRKCQ"
"RHOC GTPase Cycle R-HSA-9013106",0.0620347394540943,0.376460954366113,0.287857117255149,0.318584618138579,1.35163329361767,73,"ANLN;ERBIN;FMNL2;ARHGAP21;FLOT2;MYO9B;PREX1;ARHGAP5;RTKN;JUP;RHOA;PKN1;ARHGEF40;CAV1;VAMP3;CAVIN1"
"ROS And RNS Production In Phagocytes R-HSA-1222556",0.0641891891891892,0.376460954366113,0.231126709673834,-0.40477483161249,-1.41885143987042,36,"ATP6V1G2;ATP6V1B2;ATP6V1A;ATP6V1D;ATP6V0A1;ATP6V0C;ATP6V0A4;ATP6V1H;ATP6V0E2;ATP6V1C1;ATP6V0D1;ATP6V1F;ATP6V1E2"
"SUMOylation Of Transcription Factors R-HSA-3232118",0.0647475605973459,0.376460954366113,0.287805130535564,0.486971741195377,1.51479724568749,19,"TP53BP1;PIAS2;SP3;SUMO2"
"Transport Of Mature Transcript To Cytoplasm R-HSA-72202",0.0640394088669951,0.376460954366113,0.282013350011725,0.311357761930834,1.3539287327077,82,"NXF2;CASC3;AAAS;POM121C;RNASE7;NUP50;NXT1;ZC3H11A;NUP62;U2AF1;NUP214;SRRM1;THOC6;POLDIP3;NUP35;RANBP2;NUP188;RBM8A;THOC1;SRSF6"
"Visual Phototransduction R-HSA-2187338",0.0633333333333333,0.376460954366113,0.231126709673834,-0.30950248904519,-1.34108738025724,95,"GNB5;HSD17B6;GPC1;NMT2;RDH11;GNB1;LDLR;GPC5;GRK4;SDC1;GNGT1;ABCA4;RCVRN;BCO1;GPC6;GPC3;RBP1;GPC2;PPEF1;RBP4;RBP3;AKR1C4;AKR1C3;AWAT2;CALM1"
"Signaling By ERBB4 R-HSA-1236394",0.0663390663390663,0.381367933092071,0.276500599254472,0.337375669231515,1.35255227510154,56,"S100B;RPS27A;SPARC;GFAP;PSEN1;ERBB3;PSENEN;UBA52;APH1B"
"Activated NOTCH1 Transmits Signal To Nucleus R-HSA-2122948",0.0679611650485437,0.382229084783829,0.271288554688953,0.405115332295867,1.42924150830688,30,"RPS27A;PSEN1;DNER;PSENEN;UBA52;APH1B;ARRB2;JAG1;NUMB"
"Activated PKN1 Stimulates Transcription Of Androgen Receptor Regulated KLK2 And KLK3 R-HSA-5625886",0.0681265206812652,0.382229084783829,0.271288554688953,0.384319519925235,1.37674900211592,33,"H2AC19;KDM1A;KLK2;H2AJ;H3-3B;H2BC17;H2AX;H2AB1;PKN1;H2AC6;H2AZ2;H4C15;H2BC21"
"G Beta:Gamma Signaling Thru CDC42 R-HSA-8964616",0.0673400673400673,0.382229084783829,0.224966093540314,-0.464752725831887,-1.42584967412746,20,"GNB5;GNG3;GNB1;GNGT1;ARHGEF6;GNG4;GNG2;GNB2"
"Inositol Phosphate Metabolism R-HSA-1483249",0.067911714770798,0.382229084783829,0.224966093540314,-0.369047192510304,-1.38303028599805,48,"PLCB1;NUDT10;ITPKA;PTEN;SYNJ1;MIOX;INPP5A;OCRL;INPP5J;IP6K1;PLCD4;NUDT3;PLCH1;IP6K2;CALM1;PLCH2;INPP4B;MTMR7;PPIP5K2;PLCG2;PLCB2"
"SARS-CoV-2 Activates/Modulates Innate And Adaptive Immune Responses R-HSA-9705671",0.0675251245659036,0.382229084783829,0.287805130535564,0.271918211470578,1.26991470596883,114,"IFNA14;HLA-C;AAAS;ATG14;PTPN11;B2M;HSP90AA1;POM121C;RNASE7;IFNA4;STAT2;G3BP1;NUP50;HLA-B;NUP62;NUP214;UBE2V1;SAR1B;NUP35;RANBP2"
"Processive Synthesis On C-strand Of Telomere R-HSA-174414",0.0705596107055961,0.393985960255649,0.266350657088526,0.460141930616704,1.43133917260274,19,"BLM;TINF2;POLD4;FEN1;TERF1;POLD2;POT1;POLD1"
"Degradation Of Extracellular Matrix R-HSA-1474228",0.0714285714285714,0.395057549085985,0.216542836735348,-0.297698586208335,-1.32189632624835,109,"MMP17;MMP12;ADAMTS16;CTRB2;KLKB1;MMP24;FURIN;CTSB;CTSG;MMP1;BSG;TMPRSS6;CTSS;CAPN1;TLL1;LAMB1;ERC2;CTSV;COL14A1;COL12A1;MMP7;MMP10;PLG;LAMC2;PRSS2;MMP16;COL26A1;ADAM8;COL23A1;OPTC;ADAM17;COL15A1;ACAN;LAMB3;SCUBE3;COL25A1;ELANE;ADAMTS9;CTSK;COL17A1;CASP3;ADAMTS8;MMP15;CAPN9"
"Interleukin-12 Signaling R-HSA-9020591",0.0712530712530713,0.395057549085985,0.266350657088526,0.364470705259977,1.39913088891298,44,"AURKAIP1;SNRPA1;RPLP0;TOX4;HNRNPA2B1;BOLA2B;CDC42;HNRNPDL;RAP1B;TALDO1;IL12B;PDCD4;PSME2;IL10;SOD1;PITPNA"
"Long-term Potentiation R-HSA-9620244",0.0722689075630252,0.397819882670049,0.216542836735348,-0.444081475331174,-1.40347621164366,23,"CAMK2A;GRIA2;NRGN;NEFL;GRIA1;CAMK2G"
"Nuclear Receptor Transcription Pathway R-HSA-383280",0.0732538330494037,0.401348465580536,0.216542836735348,-0.357504120984847,-1.37676626091356,53,"RORB;RORA;NR1H4;NR1I2;PPARD;NR2E3;ESRRG;NR0B1;ESRRB;NR4A1;NR2E1;AREG;NR2F6;VDR;RARA;NR1D1;ESR1;NR5A1;THRB;RXRG;ESR2;NR6A1;NR3C2;NR1H3;NR2F1;RORC;RARG;PPARA;NR1D2;PPARG;NRBP1;RARB"
"Regulation Of TP53 Degradation R-HSA-6804757",0.0746987951807229,0.407352775588335,0.257206466468838,0.372037659504685,1.36453061784655,35,"SGK1;RPS27A;PRR5;UBA52"
"ERK/MAPK Targets R-HSA-198753",0.0793918918918919,0.427682518889331,0.206587922696891,-0.447277086417101,-1.39029612795149,22,"MEF2C;PPP2R1A;PPP2CA;MAPK3;DUSP3;RPS6KA5;MAPK11"
"Glucagon-type Ligand Receptors R-HSA-420092",0.0795262267343486,0.427682518889331,0.206587922696891,-0.402751537830009,-1.38502172334281,33,"GNB5;GNG3;GNAS;GNB1;GNGT1;CYSLTR2;GNG4;GNG2;GNB2;GLP2R;GNG13"
"Regulation Of Ornithine Decarboxylase (ODC) R-HSA-350562",0.0793103448275862,0.427682518889331,0.208955027549354,-0.362735327253251,-1.36911645034632,50,"PSMA6;PSMC5;PSMD12;PSMC4;PSMD7;PSMD2;PSMB5;PSMD9;PSMD11;PSMC2;PSMA1;PSMA5;PSMC3;PSMD5;OAZ1;PSMF1;PSMB4"
"RIPK1-mediated Regulated Necrosis R-HSA-5213460",0.0800970873786408,0.428776609958137,0.248911114434702,0.392994950548876,1.38648096258487,30,"RPS27A;FLOT2;HSP90AA1;UBA52;SDCBP;TRADD;CFLAR"
"G Alpha (Q) Signaling Events R-HSA-416476",0.0808709175738725,0.430942286797759,0.195789002148949,-0.24935712143623,-1.22849348806678,210,"DGKZ;GNB5;GNG3;CHRM1;PLCB1;ITPR1;RGS4;FFAR3;ARHGEF25;GNB1;EGFR;DGKE;CREB1;F2R;MCHR1;GNGT1;TRHR;UTS2;RGS5;DGKA;CCL23;CYSLTR2;RASGRP1;GNG4;PRKCE;EDN3;GRB2;MLNR;GRK5;PIK3R2;MAPK3;GNG2;GNB2;PIK3R1;P2RY2;GNRH2;NPS;GRK2;GRM5;GNG13;MCHR2;QRFP;RGS16;CYSLTR1;GNA14;NTS;CCKBR;FFAR4;TACR3;EDNRA;MGLL;TTF2;DGKI;LPAR5;KALRN;PLCB2;GPR17;SOS1;TRPC6;NPFFR2;CASR;PIK3CA;PMCH;GNGT2;GPNMB;GPR68;LPAR4;DAGLB;GAST;F2RL1;CD200R1;APP;GNG10;GPR39"
"EPH-ephrin Mediated Repulsion Of Cells R-HSA-3928665",0.0824742268041237,0.437488284910965,0.204294756516886,-0.360489613277732,-1.35570167058451,49,"DNM1;EPHA4;CLTC;EPHB6;AP2M1;CLTB;EPHA10;AP2S1;AP2A1;EFNB1;VAV3;EFNB3"
"RND2 GTPase Cycle R-HSA-9696270",0.0831295843520782,0.43896934361482,0.245041785430996,0.35877273396342,1.36651718274412,42,"PKP4;VANGL2;KTN1;DST;ARHGAP5;UBXN11;CAV1;FNBP1;NUDC;LEMD3"
"ADP Signaling Thru P2Y Purinoceptor 1 R-HSA-418592",0.0844370860927152,0.439902140491958,0.197822021315103,-0.423952836057922,-1.37784883228089,25,"GNB5;GNG3;GNB1;PLA2G4A;GNGT1;GNG4;GNG2;GNB2;GNG13;GNA14"
"Activation Of Kainate Receptors Upon Glutamate Binding R-HSA-451326",0.0838926174496644,0.439902140491958,0.199915231309662,-0.410977624754019,-1.38103042071246,29,"GNB5;GNG3;PLCB1;GNB1;GNGT1;GNG4;GNG2;GNB2;CALM1;NCALD;GNG13;GRIK5;PLCB2;GNGT2"
"Cellular Senescence R-HSA-2559583",0.0842105263157895,0.439902140491958,0.252961123069611,0.246206773621275,1.21956830522787,160,"MAP4K4;RPS27A;H2AC19;RELA;CBX2;TINF2;TFDP1;PHC3;DAND5;E2F1;H2AJ;UBA52;H3-3B;H2BC17;H2AX;RBBP4;H2AB1;CDK4;H3-4;TERF1;H2AC6;CBX4;HMGA2;ANAPC7;H2AZ2;POT1;PHC1;UBE2S;H4C15;CDKN2D;ATM;MRE11"
"Activation Of BAD And Translocation To Mitochondria R-HSA-111447",0.0856164383561644,0.442099042308159,0.199915231309662,-0.504845407452054,-1.4126333082625,15,"PPP3R1;YWHAH;YWHAG;BCL2;AKT1"
"Signaling By Hedgehog R-HSA-5358351",0.0855784469096672,0.442099042308159,0.191892240384838,-0.272943750839613,-1.26174705292177,134,"IFT57;PRKAR2B;PRKAR1B;GNAS;PSMA6;GPC5;ADCY1;PSMC5;PSMD12;PSMC4;VCP;PSMD7;KIF7;GSK3B;IFT122;PSMD2;PSMB5;PSMD9;PSMD11;GAS1;GLI2;CDON;ERLEC1;GRK2;PSMC2;PSMA1;SUFU;PRKAR2A;ADAM17;SMOX;BOC;PSMA5;EVC;PSMC3;PSMD5;GPR161;PRKACG;PSMF1;PSMB4;ADCY9;WDR35;SHH;P4HB;EVC2;BTRC;ADCY2;SEL1L;PRKACB;PSMA7;IFT140;ADCY10;OS9;PSMC6;PSMD8"
"SUMOylation Of DNA Damage Response And Repair Proteins R-HSA-3108214",0.086848635235732,0.446486155595151,0.241339976815091,0.308904601446612,1.31110520769171,74,"AAAS;RAD21;CBX2;PIAS2;BLM;POM121C;RNASE7;PHC3;NUP50;NUP62;SUMO2;NUP214;TDG;CBX4;PHC1;NUP35;RANBP2;HDAC7;SP100;NUP188;STAG2;CBX8"
"FCERI Mediated Ca+2 Mobilization R-HSA-2871809",0.0889261744966443,0.454563638277714,0.193813302725311,-0.405813110318308,-1.36367582251945,29,"PPP3R1;ITPR1;PPP3CB;TEC;VAV3;PPP3CA;GRB2;CALM1;TXK;VAV2;PLCG2;SOS1;NFATC1"
"Signaling By Non-Receptor Tyrosine Kinases R-HSA-9006927",0.0895883777239709,0.454563638277714,0.234392647294686,0.336432302215222,1.32562616367421,51,"PTK6;RPS27A;ELMO1;RNASE1;ERBB3;UBA52;CCND1;RHOA;CDK4"
"Transcriptional Activation Of Mitochondrial Biogenesis R-HSA-2151201",0.089527027027027,0.454563638277714,0.193813302725311,-0.348938757653999,-1.3360961406126,52,"MEF2C;CRTC1;ATP5F1B;CYCS;SIRT3;SIRT4;CREB1;TBL1XR1;NCOA2"
"Regulation Of TP53 Expression And Degradation R-HSA-6806003",0.0902439024390244,0.455907507127019,0.234392647294686,0.363706259185045,1.33405563251087,36,"SGK1;RPS27A;PRR5;UBA52"
"Cleavage Of Damaged Pyrimidine R-HSA-110329",0.0918114143920596,0.460838208855958,0.234392647294686,0.361238960063037,1.35528431533164,39,"H2AC19;TINF2;H2AJ;H2BC17;H2AX;H2AB1;H3-4;TERF1;H2AC6;TDG;H2AZ2;POT1;H4C15;H2BC21;UNG"
"Signaling By ERBB2 R-HSA-1227986",0.0920096852300242,0.460838208855958,0.231126709673834,0.34616878671094,1.34790947859616,48,"PTK6;ERBIN;RPS27A;HSP90AA1;ERBB3;YES1;UBA52;RHOA"
"G-protein Beta:Gamma Signaling R-HSA-397795",0.0927487352445194,0.462554589873308,0.190023305279108,-0.404548687849787,-1.38128200961749,32,"GNB5;GNG3;PLCB1;GNB1;GNGT1;ARHGEF6;AKT1;GNG4;GNG2;GNB2"
"Activation Of IRF3/IRF7 Mediated By TBK1/IKK Epsilon R-HSA-936964",0.0933014354066986,0.463330957955818,0.227987202850442,0.497302563767059,1.47462445833227,15,"RPS27A;PTPN11;UBA52"
"Cargo Recognition For Clathrin-Mediated Endocytosis R-HSA-8856825",0.097682119205298,0.477915617883255,0.183023938384487,-0.290112709495632,-1.27269803071949,102,"SYT1;CLTC;AP2M1;UBQLN2;SNAP91;CLTB;EGFR;VAMP2;COPS4;LDLR;AP2S1;AP2A1;AGFG1;REPS2;EPN1;VAMP4;TOR1A;COPS5;GRK3;GRB2;SH3GL2;STAM;FZD4;GRK2;ADRB2;AREG;EPGN;HGS;COPS7A"
"DDX58/IFIH1-mediated Induction Of Interferon-Alpha/Beta R-HSA-168928",0.0992555831265509,0.477915617883255,0.224966093540314,0.305177014183112,1.29528395073919,74,"S100B;RPS27A;IFNA14;RELA;HMGB1;HSP90AA1;PCBP2;IFNA4;UBA52;HERC5;NFKBIB;NFKB2;NFKBIA"
"EPHB-mediated Forward Signaling R-HSA-3928662",0.0995145631067961,0.477915617883255,0.222056046145248,0.381025863526476,1.34425418264049,30,"RNASE1;YES1;PTK2;ARPC5;CDC42;RHOA;PKN1;ACTR3;ARPC3;ROCK1"
"ER To Golgi Anterograde Transport R-HSA-199977",0.0992125984251968,0.477915617883255,0.176694268938498,-0.271677977671856,-1.25369463908304,133,"SPTBN2;F5;NSF;ARF3;DCTN3;CNIH2;COPZ2;TRAPPC3;GRIA1;DCTN1;ARF5;TRAPPC6B;SEC23A;LMAN1;F8;INS;PTGES2;CAPZA1;YKT6;TMED9;ANK2;DYNC1H1;SEC24A;CFAP73;COG3;GOLGA2;CAPZA2;AREG;LMAN1L;CTSZ;SPTBN4;MCFD2;COG7;STX5;TRAPPC1;GOSR2;CAPZA3;DCTN4;SEC16A;DYNC1I1;SPTAN1;COG6;ARFGAP2;CNIH1;PPP6R3;SPTA1;COG4;SEC23IP;SEC24D;ARCN1;SEC24B;TRAPPC5"
"Neddylation R-HSA-8951664",0.0987841945288754,0.477915617883255,0.173747838999571,-0.241748190393442,-1.20505197103419,234,"ASB5;FBXL16;ASB9;ASB17;DCUN1D5;COPS4;LMO7;RBBP7;PSMA6;FBXO6;UBE2D1;FBXW7;OBSL1;NAE1;PSMC5;FBXO21;KBTBD6;PSMD12;PSMC4;VCP;FBXO11;ASB14;LRRC41;UBE2M;PSMD7;COMMD9;COMMD10;PSMD2;PSMB5;COPS5;PSMD9;FEM1B;PSMD11;ASB6;KBTBD13;DDB1;FBXL12;SOCS3;COMMD2;FBXO41;FBXO22;KLHL3;FBXO2;UBE2D2;GAN;CUL7;PSMC2;PSMA1;EPAS1;ASB8;FBXL19;ASB2;NUB1;ASB11;PSMA5;CUL9;PSMC3;PSMD5;COPS7A"
"RHOG GTPase Cycle R-HSA-9013408",0.0992555831265509,0.477915617883255,0.224966093540314,0.303652671760488,1.28881407855455,74,"ERBIN;ARHGAP21;DOCK5;HSPE1;KTN1;PREX1;ITGB1;STBD1;ARHGAP5;CDC42;ARHGEF26;CDC42EP1;ANKLE2;RHOG;CAV1;VAMP3;PLEKHG3"
"RUNX1 Interacts With Co-Factors Whose Precise Effect On RUNX1 Targets Is Not Known R-HSA-8939243",0.0987654320987654,0.477915617883255,0.224966093540314,0.372418860406534,1.33846277927058,34,"HIPK2;CBX2;CBFB;PHC3;CBX4;SMARCE1;PHC1;CSNK2A2;CBX8;SMARCC2;RYBP"
"Vasopressin Regulates Renal Water Homeostasis Via Aquaporins R-HSA-432040",0.0978077571669477,0.477915617883255,0.184706471207739,-0.367856564315606,-1.33205603852086,42,"GNB5;GNG3;PRKAR2B;PRKAR1B;GNAS;GNB1;ADCY1;GNGT1;GNG4;GNG2;GNB2;PRKAR2A;GNG13;PRKACG;ADCY9;RAB11A"
"RUNX1 Regulates Genes Involved In Megakaryocyte Differentiation And Platelet Function R-HSA-8936459",0.1,0.47827868852459,0.224966093540314,0.30954801410777,1.27931816524991,63,"H2AC19;KMT2E;PF4;CBFB;KAT2B;H2AJ;H3-3B;H2BC17;H2AX;H2AB1;PRMT1;H2AC6;H2AZ2;H4C15;H2BC21;WDR5;KMT2A;PRKCQ;H2BC4;RBBP5;H2BC5"
"Regulation Of Necroptotic Cell Death R-HSA-5675482",0.102756892230576,0.489458339726868,0.222056046145248,0.397397270185879,1.370023999482,28,"RPS27A;FLOT2;HSP90AA1;UBA52;SDCBP;TRADD;CFLAR"
"CRMPs In Sema3A Signaling R-HSA-399956",0.105882352941176,0.490336134453782,0.176694268938498,-0.479565892641985,-1.38076812529153,16,"PLXNA4;CDK5R1;PLXNA1;PLXNA2;GSK3B;SEMA3A;CRMP1;CDK5;PLXNA3"
"Polymerase Switching On C-strand Of Telomere R-HSA-174411",0.105527638190955,0.490336134453782,0.219250346703755,0.407942216533551,1.36661988259051,25,"TINF2;POLD4;CTC1;TERF1;POLD2;POT1;SLC19A1;POLD1"
"RHO GTPases Activate Formins R-HSA-5663220",0.104218362282878,0.490336134453782,0.219250346703755,0.262581871078388,1.22631205096513,114,"DYNC1LI2;FMNL2;RPS27;NDE1;RNASE1;PFN1;ITGB1;AHCTF1;DVL3;MAPRE1;PLK1;CDC42;DYNLL2;CLASP2;RHOA;B9D2;BUB3;BIRC5;RCC2;CDC20"
"Rab Regulation Of Trafficking R-HSA-9007101",0.104166666666667,0.490336134453782,0.173747838999571,-0.275956403049205,-1.24558963032095,118,"RAB3A;TRAPPC11;TBC1D25;ULK1;RAB12;GGA2;TRAPPC3;TBC1D15;RAB6B;DENND2C;DENND5B;CHML;RINL;TRAPPC6B;RIC1;RAB32;RAB38;GDI1;AKT1;DENND3;ANKRD27;GGA3;ALS2;TRAPPC8;TBC1D10C;TRAPPC13;OPTN;RAB6A;RAB18;RABGEF1"
"Respiratory Electron Transport R-HSA-611105",0.105882352941176,0.490336134453782,0.176694268938498,-0.297259237544299,-1.26906091187776,89,"CYCS;NDUFAF4;NDUFA9;COX5A;COX7C;COX8A;NDUFA13;NDUFA8;NDUFAB1;COX6C;NDUFC1;NDUFS8;NDUFB10;NDUFAF6;ECSIT;NDUFB6;COX7B;TACO1;SDHB;ETFDH;NDUFS5;COX14;NDUFAF1;COA1;UQCRC1;LRPPRC;NUBPL;COX7A2L;NDUFS4;TRAP1;NDUFA1;UQCRFS1;NDUFB2;UQCRQ;NDUFV2;NDUFB3;NDUFAF7;NDUFB8;NDUFA7;NDUFV1;NDUFB11;NDUFA11;COX19"
"TAK1-dependent IKK And NF-kappa-B Activation R-HSA-445989",0.105651105651106,0.490336134453782,0.216542836735348,0.34385108704614,1.31997625633423,44,"S100B;RPS27A;RELA;USP18;HMGB1;UBA52;NFKBIB;UBE2V1;NFKB2;NFKBIA"
"Transcriptional Regulation Of Granulopoiesis R-HSA-9616222",0.105651105651106,0.490336134453782,0.216542836735348,0.318325980421938,1.27618132636638,56,"H2AC19;DEK;CBFB;TFDP1;E2F1;H2AJ;H3-3B;H2BC17;H2AX;H2AB1;CDK4;H2AC6;GATA2;H2AZ2;CSF3R;H4C15;RXRA"
"RHO GTPase Cycle R-HSA-9012999",0.106312292358804,0.490381206255827,0.252961123069611,0.202498591302318,1.12610320211864,434,"ANLN;PKP4;ERBIN;FMNL2;VANGL2;ARHGAP21;DOCK5;NCK2;HSPE1;AAAS;FLOT2;RHPN2;MYO9B;RNASE1;KTN1;CCP110;PREX1;RAC2;SPTBN1;ARHGEF15;ADD3;HSP90AA1;DST;RHOU;PLEKHG6;DOCK10;ITGB1;ARHGAP23;FAM13B;CSK;MYO6;STBD1;ARHGAP5;RTKN;GJA1;CDC42;UBXN11;WIPF1;NCF1;JUP;PLXNB1;HINT2;VIM;RHOA;PKN1;ARHGEF26;TEX2;CDC42EP1;HNRNPC;ANKLE2;ARHGEF19;SOS2;SRRM1;PICALM;FERMT2;DDRGK1;CDC42BPB;IL32;ARHGAP9;GNA13;CDC42EP5;ARHGEF40;STEAP3;RHOG;CAV1;WASF2;SH3PXD2A;TPM4;VAMP3;CAVIN1;FAM135A;JAG1"
"Interleukin-4 And Interleukin-13 Signaling R-HSA-6785807",0.108247422680412,0.497341504992288,0.219250346703755,0.268776928058088,1.22651352159999,106,"COL1A2;HSP90AA1;ZEB1;GATA3;RHOU;ITGB1;SOCS5;SOX2;TIMP1;ALOX15;CCND1;ITGAX;VIM;HMOX1;BCL2L1;TNF;BIRC5;FSCN1;IL12B;TWIST1;CCL2;IL18;BATF;CEBPD;FOXO3;LAMA5;IRF4;ANXA1;IL13;IL10;JAK3;FOXO1;TNFRSF1B;FN1;TYK2;VCAM1;STAT3;LONP1;ITGB2"
"Lysosome Vesicle Biogenesis R-HSA-432720",0.108877721943049,0.497904657160194,0.173747838999571,-0.382545174749153,-1.33256644326728,34,"CLTC;CLTB;VAMP2;AP4M1;AP1S1;AP1M2;SH3GL2;CLVS2;CTSZ;HGS;BLOC1S1"
"Signaling By NOTCH2 R-HSA-1980145",0.109223300970874,0.497904657160194,0.211400189384923,0.379226579102315,1.33790633110477,30,"RPS27A;PSEN1;PSENEN;UBA52;APH1B;RBPJ"
"Base-Excision Repair, AP Site Formation R-HSA-73929",0.112469437652812,0.506901544401544,0.208955027549354,0.346326986547317,1.31724427501271,41,"H2AC19;TINF2;H2AJ;H2BC17;H2AX;H2AB1;H3-4;TERF1;H2AC6;TDG;H2AZ2;POT1;H4C15;H2BC21;UNG"
"P75 NTR Receptor-Mediated Signaling R-HSA-193704",0.112219451371571,0.506901544401544,0.211400189384923,0.275046516608116,1.21984434839331,94,"MAG;RPS27A;PSEN1;RELA;RNASE1;PREX1;ARHGEF15;ARHGEF35;PSENEN;UBA52;APH1B;RHOA;ARHGEF26;ARHGEF19;SOS2;GNA13;NFKBIA;ARHGEF40;ARHGEF37;OMG"
"Reproduction R-HSA-1474165",0.1125,0.506901544401544,0.211400189384923,0.262751217430786,1.21681569939909,110,"HSPA2;SUN2;CD9;H2AC19;RAD21;BLM;TINF2;LMNA;H2AJ;H3-3B;PRDM9;H2BC17;H2AX;H2AB1;CDK4;H3-4;IZUMO4;TERF1;H2AC6;H2AZ2;POT1;H4C15;HVCN1;ATM;MRE11;IZUMO2;H2BC21"
"TP53 Regulates Transcription Of Cell Death Genes R-HSA-5633008",0.113022113022113,0.507295407295407,0.208955027549354,0.339143478946704,1.30190468073223,44,"NDRG1;TMEM219;CRADD;PIDD1;BIRC5;CASP6;STEAP3;TP53AIP1;CASP1;ATM"
"Signaling By NOTCH3 R-HSA-9012852",0.114355231143552,0.509360895971471,0.206587922696891,0.335459412148607,1.30324581976034,47,"RPS27A;PSEN1;KAT2B;YBX1;PSENEN;UBA52;APH1B;RBPJ;HEYL;JAG1"
"Telomere C-strand (Lagging Strand) Synthesis R-HSA-174417",0.114355231143552,0.509360895971471,0.206587922696891,0.367979079381767,1.31821259153566,33,"BLM;TINF2;POLD4;CTC1;FEN1;TERF1;POLD2;POT1;SLC19A1;POLD1"
"Extra-nuclear Estrogen Signaling R-HSA-9009391",0.115191986644407,0.511137066213017,0.16823816568964,-0.310158416480212,-1.27153236412488,73,"GNB5;GNG3;GNB1;EGFR;CREB1;GNGT1;PRKCZ;BCL2;AKT1;GNG4;MMP7;PIK3R2;MAPK3;GNG2;GNB2;PIK3R1;CALM1;UHMK1;AREG;EPGN;GNG13;PDPK1;ESR1;FOS;GNAT3;ESR2;PIK3CA;EGF;GNGT2"
"Transcriptional Activity Of SMAD2/SMAD3:SMAD4 Heterotrimer R-HSA-2173793",0.116113744075829,0.511338639005634,0.20207170902116,0.327929005940036,1.29772545972355,50,"RPS27A;COL1A2;TFDP1;DAND5;YBX1;UBA52;PPM1A;SMAD7;SKI;NCOR2"
"Unblocking Of NMDA Receptors, Glutamate Binding And Activation R-HSA-438066",0.115843270868825,0.511338639005634,0.169570644405628,-0.434800466556888,-1.33537416001835,21,"CAMK2A;GRIA2;NEFL;GRIA1;CAMK2G;GRIA3;GRIN2B;CALM1;GRIA4;CAMK2D"
"RHOB GTPase Cycle R-HSA-9013026",0.118932038834951,0.521780786918753,0.20207170902116,0.29596323916153,1.24646858823658,69,"ANLN;ERBIN;ARHGAP21;FLOT2;RHPN2;MYO9B;PREX1;ARHGAP5;RTKN;JUP;PKN1;CAV1;VAMP3;CAVIN1"
"COPII-mediated Vesicle Transport R-HSA-204005",0.123333333333333,0.524104814053513,0.161978948883402,-0.316554840694255,-1.26517114937438,66,"F5;NSF;CNIH2;TRAPPC3;GRIA1;TRAPPC6B;SEC23A;LMAN1;F8;YKT6;SEC24A;GOLGA2;AREG;LMAN1L;CTSZ;MCFD2;STX5;TRAPPC1;GOSR2;SEC16A;CNIH1;PPP6R3;SEC23IP;SEC24D;SEC24B;TRAPPC5"
"Digestion And Absorption R-HSA-8963743",0.120603015075377,0.524104814053513,0.204294756516886,0.396722398856145,1.32903312325171,25,"AMY1A;NPC1L1;PMEL;CEL;LIPF;SLC2A5"
"Diseases Associated With N-glycosylation Of Proteins R-HSA-3781860",0.124149659863946,0.524104814053513,0.163180127180689,-0.444368428543514,-1.32492786124333,18,"ALG13;ALG8;MAN1B1;CTSA;B4GALT1;DPAGT1;EGFL7;MOGAT2"
"Downregulation Of ERBB2 Signaling R-HSA-8863795",0.12280701754386,0.524104814053513,0.20207170902116,0.387375283587312,1.33547327859733,28,"ERBIN;RPS27A;HSP90AA1;ERBB3;UBA52"
"G Alpha (S) Signaling Events R-HSA-418555",0.122065727699531,0.524104814053513,0.157402899305283,-0.253460679181633,-1.19336107206899,152,"GNB5;GNG3;CHGA;PRKAR2B;PDE1B;PRKAR1B;GNAS;GNB1;PDE2A;ADCY1;PDE1A;GPR83;GNGT1;HTR6;PTHLH;RXFP2;CYSLTR2;GNG4;GRK3;MC5R;GRK5;IAPP;PTGER2;GNG2;GNB2;NPS;MC1R;GRK2;PRKAR2A;ADRB2;HRH2;LHCGR;PDE3B;TAAR8;PDE4A;PDE11A;FSHB;GLP2R;GNG13;PRKACG"
"MAP3K8 (TPL2)-dependent MAPK1/3 Activation R-HSA-5684264",0.124401913875598,0.524104814053513,0.195789002148949,0.461077458505095,1.36720810837358,15,"RPS27A;UBA52;FBXW11;CUL1;TNIP2"
"RAF/MAP Kinase Cascade R-HSA-5673001",0.122137404580153,0.524104814053513,0.155241966228839,-0.232467163398653,-1.17255496833538,267,"SPTBN2;CAMK2A;SHC3;GFRA2;RAPGEF2;NEFL;DAB2IP;EGFR;PSMA6;TEK;FGF10;CNKSR2;PPP2R1A;SHC2;FGF13;CAMK2G;RASGRP4;FLT3;PSMC5;PPP2R5B;PSMD12;PSMC4;SPRED3;PSMD7;RNMT;SPRED1;PSMD2;PSMB5;RASGRP1;PSMD9;LAMTOR3;PSMD11;MRAS;JAK2;PEBP1;GRB2;PIK3R2;RANBP9;PPP2CA;MAPK3;RASGRF1;PIK3R1;IL3RA;NRG4;RET;PSMC2;PSMA1;GRIN2B;CALM1;WDR83;PAQR3;AREG;EPGN;SPTBN4;PSMA5;GFRA1;PSMC3;YWHAB;PSMD5;NRG3;RASAL2;FGF8;IL3;NF1;KLB;CSF2RB;PSMF1;FGG;PSMB4"
"Selective Autophagy R-HSA-9663891",0.122850122850123,0.524104814053513,0.199915231309662,0.30869283088869,1.26789769731112,60,"DYNC1LI2;RPS27A;MFN1;HSP90AA1;TOMM40;PLIN3;UBA52;DYNLL2;NBR1;TOMM7;UBE2V1;PRKAB2;HDAC6;DYNC1I2;ATM;CSNK2A2;CFTR"
"Signaling By NTRK1 (TRKA) R-HSA-187037",0.121869782971619,0.524104814053513,0.163180127180689,-0.275745302093639,-1.22990138870218,114,"DNM1;MEF2C;SHC3;CLTC;EGR3;AP2M1;PPP2R1A;CREB1;AP2S1;CDK5R1;CDK5R2;AP2A1;SHC2;MAPK13;RIT2;EGR4;GRB2;SH3GL2;PIK3R2;RAPGEF1;PPP2CA;MAPK3;PIK3R1;RALA;ID2;DUSP3;NAB2;YWHAB;RPS6KA5;VGF;TRIB1;GDNF;MAP2K5;FOS;MAPK11;CDK5"
"Synthesis Of Prostaglandins (PG) And Thromboxanes (TX) R-HSA-2162123",0.124401913875598,0.524104814053513,0.195789002148949,0.462205109729009,1.37055187170079,15,"PTGDS;PRXL2B;CBR1;HPGD;PTGES3"
"p75NTR Signals Via NF-kB R-HSA-193639",0.124401913875598,0.524104814053513,0.195789002148949,0.463468537266324,1.37429824520376,15,"RPS27A;RELA;UBA52;NFKBIA"
"PINK1-PRKN Mediated Mitophagy R-HSA-5205685",0.125301204819277,0.525994625985958,0.195789002148949,0.415922331682805,1.33876170267614,21,"RPS27A;MFN1;TOMM40;UBA52;TOMM7"
"YAP1- And WWTR1 (TAZ)-stimulated Gene Expression R-HSA-2032785",0.126794258373206,0.530354478571796,0.193813302725311,0.459099391498749,1.36134265301441,15,"HIPK2;CCN2;KAT2B;TEAD2;YAP1"
"Amino Acid Transport Across Plasma Membrane R-HSA-352230",0.128953771289538,0.530809632515748,0.193813302725311,0.364230560798485,1.30478426184803,33,"SLC36A1;SLC38A2;SLC6A20;SLC38A3;SLC38A1;SLC7A7;SLC6A6;SLC16A10;SLC6A15;SLC38A4;SLC7A8;SLC7A2;SLC36A4;SLC3A1;SLC6A18;SLC7A5"
"Cellular Hexose Transport R-HSA-189200",0.127710843373494,0.530809632515748,0.193813302725311,0.412188555708663,1.32674350624911,21,"SLC50A1;FGF21;SLC5A10;SLC45A3;SLC2A10;SLC2A11"
"Cytosolic tRNA Aminoacylation R-HSA-379716",0.129411764705882,0.530809632515748,0.158514105424824,-0.411857328440929,-1.30163493675769,23,"WARS1;GARS1;HARS1;EEF1E1;KARS1;AIMP1;MARS1;NARS1;SARS1;YARS1;TARS1"
"G2/M Transition R-HSA-69275",0.128325508607199,0.530809632515748,0.153158808683073,-0.24683727039749,-1.18841792815882,179,"TUBA4A;PRKAR2B;HAUS8;HMMR;DCTN3;HAUS3;CEP63;PSMA6;PPP2R1A;YWHAG;CENPF;DCTN1;MNAT1;PSMC5;PSMD12;PSMC4;CDC25A;PSMD7;PSMD2;PSMB5;PSMD9;PSMD11;LIN52;WEE1;CCNB1;HAUS2;TUBB4B;CCNB2;PPP2CA;CETN2;HAUS7;CEP131;DYNC1H1;TUBGCP2;LIN54;PSMC2;MZT2A;PPME1;PSMA1;CEP76;OPTN;PSMA5;CEP152;PSMC3;PSMD5;ODF2;PSMF1;PSMB4;CEP290;BORA;TUBGCP3;CEP72;GTSE1"
"Metalloprotease DUBs R-HSA-5689901",0.130541871921182,0.530809632515748,0.193813302725311,0.384544145631651,1.33721567493061,29,"RPS27A;H2AC19;BARD1;KAT2B;UBA52;H2AC6;PSMD14"
"Nef-mediated Downmodulation Of Cell Surface Receptors By Recruitment To Clathrin Adapters R-HSA-164938",0.127946127946128,0.530809632515748,0.159646701919906,-0.437589985186838,-1.3425150689827,20,"AP2M1;AP2S1;AP2A1;AP1S1;ATP6V1H;CD8B;AP1M2"
"Protein-protein Interactions At Synapses R-HSA-6794362",0.130434782608696,0.530809632515748,0.157402899305283,-0.288322317469951,-1.22907958043824,88,"STXBP1;DLGAP1;SYT1;NRXN3;NLGN4X;EPB41L1;LRFN3;NRXN1;GRIA1;SLITRK4;STX1A;SHANK2;GRIA3;SYT7;PPFIA3;LIN7A;SLITRK3;SLITRK5;DBNL;IL1RAPL2;GRM5;GRIN2B;PPFIA2;GRIA4;SLITRK2;DLGAP4;EPB41;LRRC4B;NLGN3;LRRTM4;SYT10;APBA1;SHANK3;RTN3;IL1RAP;NLGN2;LRRTM3;DLGAP3;NRXN2;SYT12;LIN7C;HOMER1;CASK;SHANK1;LRRTM1;NTRK3;SIPA1L1"
"mRNA Splicing - Major Pathway R-HSA-72163",0.129834254143646,0.530809632515748,0.206587922696891,0.232589618876384,1.16880317141635,180,"HNRNPA1;CASC3;SNRPC;SNRPA1;HNRNPA2B1;PCBP2;SF3B1;POLR2L;YBX1;PCF11;POLR2J;HNRNPC;U2AF1;PCBP1;PPWD1;SRRM1;POLR2I;HNRNPK;SNRPG;PRPF6;HNRNPUL1;SRRM2;LSM2;HNRNPU;PLRG1;HNRNPA3;LSM3;SUGP1;SNRPB2;CWC15;CSTF1;TFIP11;COLEC12;HNRNPM;GTF2F2;RBM8A;DHX15;HNRNPH1;PRPF31;DNAJC8;SRSF6;LSM5;PPIH;PTBP1;SRSF11;DDX5;PHF5A;DDX46;RNPS1;SF3A1;RBM42;ELAVL1;FUS;SMNDC1;CPSF7;SNU13;HNRNPR"
"Cleavage Of Damaged Purine R-HSA-110331",0.133333333333333,0.540277777777778,0.191892240384838,0.35744817713941,1.28465856991496,34,"H2AC19;TINF2;H2AJ;H2BC17;H2AX;H2AB1;H3-4;TERF1;H2AC6;H2AZ2;POT1;H4C15;H2BC21"
"Signaling By PDGF R-HSA-186797",0.134146341463415,0.541691281964723,0.190023305279108,0.315040119415971,1.2474223019302,52,"NCK2;CRKL;PDGFB;PTPN11;COL6A2;COL9A2;CXXC1"
"Activation Of HOX Genes During Differentiation R-HSA-5619507",0.136138613861386,0.544088227315882,0.190023305279108,0.276708247485288,1.21068644268225,88,"HOXB3;H2AC19;PIAS2;POLR2L;PKNOX1;H2AJ;AJUBA;H3-3B;POLR2J;H2BC17;H2AX;RBBP4;H2AB1;HOXB1;H2AC6;HOXD4;POLR2I;H2AZ2;H4C15;RXRA;HOXA1;H2BC21;WDR5;PAX6"
"Hedgehog Off State R-HSA-5610787",0.135225375626043,0.544088227315882,0.154190966581424,-0.283800752736729,-1.23435353472999,97,"IFT57;PRKAR2B;PRKAR1B;GNAS;PSMA6;ADCY1;PSMC5;PSMD12;PSMC4;PSMD7;KIF7;GSK3B;IFT122;PSMD2;PSMB5;PSMD9;PSMD11;GLI2;PSMC2;PSMA1;SUFU;PRKAR2A;SMOX;PSMA5;PSMC3;PSMD5;GPR161;PRKACG;PSMF1;PSMB4;ADCY9;WDR35"
"PKA Activation R-HSA-163615",0.136054421768707,0.544088227315882,0.155241966228839,-0.450767143799108,-1.3234035845945,17,"PRKAR2B;PRKAR1B;ADCY1;NBEA;PRKAR2A;CALM1;PRKACG;ADCY9;ADCY2;PRKACB"
"Metabolism Of Polyamines R-HSA-351202",0.137989778534923,0.547734937245767,0.154190966581424,-0.323246172019814,-1.25757378828165,58,"PSMA6;PSMC5;PSMD12;PSMC4;PSMD7;PSMD2;PSMB5;PSMD9;PSMD11;PSMC2;PSMA1;SMOX;PSMA5;PSMC3;PSMD5;OAZ1;PSMF1;PSMB4"
"Scavenging By Class A Receptors R-HSA-3000480",0.13768115942029,0.547734937245767,0.186432558434075,0.428831982115555,1.32377251004963,18,"FTH1;COL1A2;CALR;APOB;COLEC12;APOE"
"FLT3 Signaling R-HSA-9607240",0.139024390243902,0.549971062422489,0.186432558434075,0.345630427861026,1.26775442382626,36,"GAB2;RPS27A;PTPN11;CSK;UBA52;GRAP2;FOXO3;STAT5B;FLT3LG;CDKN1B;AKT2;FYN"
"Macroautophagy R-HSA-1632852",0.139650872817955,0.550583001954573,0.188204146308491,0.254840847208383,1.18262666385829,112,"DYNC1LI2;RPS27A;MFN1;ATG14;HSP90AA1;ATG4C;TOMM40;PLIN3;GABARAP;UBA52;DYNLL2;RB1CC1;NBR1;TOMM7;UBE2V1;CHMP6;LAMTOR4;RRAGC;PRKAB2;HDAC6;DYNC1I2;ATM;CHMP4B;RHEB;WDR45B;CSNK2A2;WIPI1;CFTR;TSC2"
"Lewis Blood Group Biosynthesis R-HSA-9037629",0.141156462585034,0.55203863996614,0.152144922367565,-0.432689231323524,-1.29010519428556,18,"FUT11;FUT9;B3GALT2;FUT6;ST6GALNAC6;B3GALT4;FUT10;ST3GAL3"
"PI Metabolism R-HSA-1483255",0.140939597315436,0.55203863996614,0.151148761385484,-0.2910267858228,-1.216590442902,82,"ARF3;PLEKHA5;MTMR4;PLEKHA3;PTEN;PI4KA;SYNJ1;MTMR6;OCRL;INPP5J;PIP4P1;TPTE2;BMX;PLEKHA6;PIK3R2;FIG4;PIP5K1C;PIK3R1;INPP5F;VAC14;PIK3R4;RAB14;INPP4B;MTMR7"
"PRC2 Methylates Histones And DNA R-HSA-212300",0.141439205955335,0.55203863996614,0.186432558434075,0.33397374419651,1.25299158530167,39,"JARID2;H2AC19;H2AJ;H3-3B;H2BC17;H2AX;RBBP4;H2AB1;H2AC6;H2AZ2;PHF19;H4C15"
"Fc Epsilon Receptor (FCERI) Signaling R-HSA-2454202",0.142405063291139,0.553868058851448,0.14551614609036,-0.258285274893758,-1.18524290956628,129,"PPP3R1;ITPR1;PPP3CB;MAPK10;PSMA6;MS4A2;TEC;UBE2D1;RASGRP4;VAV3;PSMC5;PPP3CA;PSMD12;PSMC4;PSMD7;MAPK8;PSMD2;PSMB5;RASGRP1;PSMD9;PSMD11;GRB2;PIK3R2;MAPK3;PIK3R1;UBE2D2;FCER1A;PSMC2;PSMA1;CALM1;PSMA5;PSMC3;PSMD5;TXK;PSMF1;PSMB4;PDPK1;FOS;VAV2;PLCG2;JUN;UBE2N;MALT1;SOS1;BTRC;TAB3;PIK3CA;PSMA7;NFATC1;PSMC6;PSMD8;MAP3K1"
"Mitotic Prophase R-HSA-68875",0.142857142857143,0.553868058851448,0.186432558434075,0.255816820231343,1.1762479722352,108,"H2AC19;AAAS;NEK7;LMNA;POM121C;RNASE7;PPP2R2D;KMT5A;H2AJ;RAB1B;NUP50;PLK1;H3-3B;H2BC17;H2AX;NUP62;BANF1;H2AB1;H3-4;NUP214;H2AC6;ARPP19;H2AZ2;NUP35;RANBP2;H4C15"
"Glucose Metabolism R-HSA-70326",0.143333333333333,0.55387417218543,0.149207542435322,-0.285349083024233,-1.21200860793912,87,"MDH1;ENO2;PFKM;PGK1;PKM;TPI1;SLC37A2;PPP2R1A;NUP88;PFKP;NDC1;ENO3;MDH2;ENO1;FBP1;PPP2CA;PFKFB1;PGM2L1;NUP54;GOT2;ALDOC;PRKACG;GNPDA1;NUP43;NUP98;SLC25A11;SLC25A1;ADPGK"
"Adrenaline,noradrenaline Inhibits Insulin Secretion R-HSA-400042",0.14759535655058,0.559510967277958,0.14641623786055,-0.383101786329542,-1.28094103083416,28,"GNB5;GNG3;GNB1;GNGT1;GNG4;GNG2;GNB2;CACNB3;GNG13;CACNA1D"
"Apoptotic Factor-Mediated Response R-HSA-111471",0.147058823529412,0.559510967277958,0.181383128498408,0.400275830072972,1.26733914126415,20,"SEPTIN4;CARD8;DIABLO"
"RHO GTPases Activate PAKs R-HSA-5627123",0.146987951807229,0.559510967277958,0.179782316298324,0.397606873824165,1.27980830758211,21,"MYLK;RNASE1;CDC42;PKN1;MYL6"
"Receptor-type Tyrosine-Protein Phosphatases R-HSA-388844",0.146464646464646,0.559510967277958,0.148261500475107,-0.423064271124975,-1.29795054356867,20,"SLITRK4;PPFIA3;SLITRK3;SLITRK5;IL1RAPL2;PPFIA2;SLITRK2;LRRC4B"
"SIRT1 Negatively Regulates rRNA Expression R-HSA-427359",0.148148148148148,0.559510967277958,0.181383128498408,0.351423453044253,1.26300588307751,34,"H2AC19;RRP8;H2AJ;H3-3B;H2BC17;H2AX;H2AB1;H2AC6;SIRT1;H2AZ2;TAF1A;H4C15;H2BC21"
"Signaling By CSF3 (G-CSF) R-HSA-9674555",0.147783251231527,0.559510967277958,0.181383128498408,0.376461578269098,1.30910931602835,29,"GAB2;RPS27A;PTPN11;UBA52;ELOC;CSF3R;STAT5B;ELOB;TYK2;STAT3"
"Signaling By NOTCH1 R-HSA-1980143",0.145320197044335,0.559510967277958,0.183023938384487,0.287046098127641,1.21690786205243,72,"RPS27A;PSEN1;TLE4;DNER;KAT2B;PSENEN;UBA52;APH1B;RBPJ;NCOR2;HEYL;ARRB2;JAG1;HDAC6;NUMB;HDAC7;CUL1"
"Anti-inflammatory Response Favoring Leishmania Infection R-HSA-9662851",0.150793650793651,0.565185451221105,0.141225119642531,-0.246865521684883,-1.16697999231924,162,"GNB5;GNG3;ITPR1;CHGA;PRKAR2B;PRKAR1B;GNAS;GNB1;CREB1;FURIN;ADCY1;GPR83;GNGT1;HTR6;GGT5;PLK2;PTHLH;RXFP2;CYSLTR2;GNG4;FGR;MC5R;CD247;IAPP;PTGER2;GNG2;GNB2;NPS;MC1R;PRKAR2A;ADRB2;HRH2;CALM1;LHCGR;ADAM17;TAAR8;CD163;FSHB;GLP2R;GNG13;PRKACG"
"Downstream Signal Transduction R-HSA-186763",0.150375939849624,0.565185451221105,0.181383128498408,0.378423751330442,1.30461294073362,28,"NCK2;CRKL;PDGFB;PTPN11"
"GPER1 Signaling R-HSA-9634597",0.151103565365025,0.565185451221105,0.14641623786055,-0.346554996787998,-1.25549324499301,43,"GNB5;GNG3;PRKAR2B;PRKAR1B;GNAS;GNB1;ADCY1;GNGT1;GNG4;GNG2;GNB2;PRKAR2A;GNG13;PRKACG;ADCY9;GNAT3;ADCY2;GNGT2;PRKACB"
"Cell Surface Interactions At Vascular Wall R-HSA-202733",0.152588555858311,0.568916436698558,0.188204146308491,0.247342756513848,1.18259209619417,133,"MAG;CD99;SELENOP;PTPN11;PF4;CD44;JAM3;PSG5;OLR1;YES1;ITGB1;CD48;SLC16A1;ITGAX;APOB;PROC;PSG2;GYPC;SLC7A7;PECAM1;SDC4;CAV1;CD74"
"Nucleotide Catabolism R-HSA-8956319",0.154103852596315,0.570066264548467,0.143758989039275,-0.362909433697498,-1.26416686240398,34,"ENTPD6;NT5M;ENTPD1;ENTPD4;DPYS;ADPRM;NT5C1A;UPP2;NUDT9;NT5C2;NUDT16;NT5C3A;ENTPD3;GDA;PPY;UPP1;UPB1;ENTPD5;ITPA"
"RNA Polymerase I Transcription Termination R-HSA-73863",0.154362416107383,0.570066264548467,0.143758989039275,-0.380406236506474,-1.27829972534057,29,"TAF1B;POLR1H;MNAT1;TBP;POLR1A;GTF2H5;POLR2K;POLR2H;POLR1E;GTF2H3;TAF1C;POLR1B;GTF2H1;ERCC3"
"Regulated Necrosis R-HSA-5218859",0.15347721822542,0.570066264548467,0.175204047558551,0.303361992725584,1.21789665789069,55,"RPS27A;FLOT2;CASP5;HMGB1;HSP90AA1;UBA52;SDCBP;CHMP6;TRADD;CFLAR;CASP1;IL18;CHMP4B"
"Regulation Of RAS By GAPs R-HSA-5658442",0.155,0.570615141955836,0.142901149386948,-0.311181166790823,-1.24070530896426,64,"DAB2IP;PSMA6;PSMC5;PSMD12;PSMC4;SPRED3;PSMD7;SPRED1;PSMD2;PSMB5;PSMD9;PSMD11;PSMC2;PSMA1;PSMA5;PSMC3;PSMD5;RASAL2;NF1;PSMF1;PSMB4;RASAL3"
"ATF4 Activates Genes In Response To Endoplasmic Reticulum Stress R-HSA-380994",0.158415841584158,0.5714955535064,0.175204047558551,0.368314141095607,1.2575707398069,27,"KHSRP;ATF4;EXOSC6;EXOSC3;NFYA;HERPUD1;EXOSC2;CCL2;DIS3;DDIT3"
"Assembly Of HIV Virion R-HSA-175474",0.15970515970516,0.5714955535064,0.173747838999571,0.437786029057856,1.31607521170115,16,"RPS27A;MVB12B;VPS37D;UBA52"
"Cholesterol Biosynthesis R-HSA-191273",0.15625,0.5714955535064,0.141225119642531,-0.384926370632026,-1.26857058457274,26,"MVD;HMGCS1;HMGCR;IDI1;SQLE;SC5D;MSMO1;MVK;SREBF2;NSDHL;IDI2;PMVK;LBR;DHCR24;ARV1"
"Cross-presentation Of Soluble Exogenous Antigens (Endosomes) R-HSA-1236978",0.159592529711375,0.5714955535064,0.142056643575821,-0.328873715028993,-1.23247735624243,48,"PSMA6;PSMC5;PSMD12;PSMC4;PSMD7;PSMD2;PSMB5;PSMD9;PSMD11;PSMC2;PSMA1;PSMA5;PSMC3;PSMD5;PSMF1;PSMB4"
"Gastrin-CREB Signaling Pathway Via PKC And MAPK R-HSA-881907",0.158163265306122,0.5714955535064,0.142901149386948,-0.442124403642042,-1.29802943418908,17,"EGFR;CREB1;GRB2;MAPK3;CCKBR;SOS1;GAST"
"Gene Silencing By RNA R-HSA-211000",0.156716417910448,0.5714955535064,0.176694268938498,0.254099049725209,1.16254241003685,104,"H2AC19;AAAS;HSP90AA1;POM121C;RNASE7;POLR2L;H2AJ;NUP50;H3-3B;POLR2J;H2BC17;TDRD9;H2AX;NUP62;H2AB1;NUP214;H2AC6;POLR2I;HENMT1;H2AZ2;NUP35;AGO2;RANBP2;H4C15"
"HCMV Early Events R-HSA-9609690",0.1575,0.5714955535064,0.176694268938498,0.26605790182317,1.18107058132282,92,"DYNC1LI2;H2AC19;AAAS;RNASE1;ITGB1;POM121C;RNASE7;NUP50;DYNLL2;H2BC17;NUP62;RBBP4;NUP214;H2BC18;H2AC6;NCOR2;NUP35;DYNC1I2;RANBP2;H4C15;GPS2;H2BC21;NUP188;KCNH8"
"Mitochondrial Calcium Ion Transport R-HSA-8949215",0.160136286201022,0.5714955535064,0.142056643575821,-0.409792771686003,-1.25856966669145,21,"MICU3;MICU2;MCUB;AFG3L2;MCU;PARL;PMPCB;STOML2;PMPCA"
"Mitochondrial Translation Initiation R-HSA-5368286",0.159395973154362,0.5714955535064,0.141225119642531,-0.283733731441889,-1.18610300775304,82,"MRPS21;MRPL3;MRPL1;MRPS34;MTIF2;MRPL23;MRPS18A;MRPL16;MRPL54;MRPL50;MRPL13;MRPS31;MRPL44;ERAL1;MRPL47;MRPS7;CHCHD1;GADD45GIP1;MRPL17;MRPS23;MRPS27;MRPL15;MRPL21;MRPL41;MRPL55;MRPL57"
"Mitotic G2-G2/M Phases R-HSA-453274",0.156832298136646,0.5714955535064,0.136490437780413,-0.240985138610209,-1.16377888012603,181,"TUBA4A;PRKAR2B;HAUS8;HMMR;DCTN3;HAUS3;CEP63;PSMA6;PPP2R1A;YWHAG;CENPF;DCTN1;MNAT1;PSMC5;PSMD12;PSMC4;CDC25A;PSMD7;PSMD2;PSMB5;PSMD9;PSMD11;LIN52;WEE1;CCNB1;HAUS2;TUBB4B;CCNB2;PPP2CA;CETN2;HAUS7;CEP131;DYNC1H1;TUBGCP2;LIN54;PSMC2;MZT2A;PPME1;PSMA1;CEP76;OPTN;PSMA5;CEP152;PSMC3;PSMD5;ODF2;PSMF1;PSMB4;CEP290;BORA;TUBGCP3;CEP72;GTSE1"
"Gap-filling DNA Repair Synthesis And Ligation In GG-NER R-HSA-5696397",0.161209068010076,0.573570068194385,0.175204047558551,0.384932890890802,1.26436503273157,24,"RPS27A;POLD4;UBA52;POLE4;POLD2;SLC19A1;POLD1;POLE3"
"Negative Regulation Of FGFR3 Signaling R-HSA-5654732",0.162907268170426,0.575913824790688,0.173747838999571,0.372754462173098,1.28506811043841,28,"FGF1;RPS27A;PTPN11;UBA52"
"UCH Proteinases R-HSA-5689603",0.162790697674419,0.575913824790688,0.13880510939114,-0.275384819783854,-1.18735415959941,92,"INO80C;PSMA6;TGFBR1;UCHL1;PSMC5;PSMD12;PSMC4;PSMD7;H2AC4;PSMD2;H2AC7;PSMB5;PSMD9;PSMD11;ASXL2;H2AC21;PSMC2;PSMA1;ADRM1;FOXK1;PSMA5;PSMC3;PSMD5;YY1;PSMF1;PSMB4"
"Ub-specific Processing Proteases R-HSA-5689880",0.163841807909605,0.575913824790688,0.184706471207739,0.227740578072406,1.14517421932881,183,"USP17L11;USP17L12;RPS27A;USP17L3;USP17L15;H2AC19;USP17L17;USP18;CCP110;FOXO4;GATA3;UFD1;PSMD10;AXIN1;UBA52;ATXN7;H2BC17;TNKS2;MUL1;SMAD7;H2BC18;H2AC6;NFKBIA;TAF10;CDC20;RCE1;PSMD14;RNF146;WDR20;ARRB2;IL33"
"Ubiquitin Mediated Degradation Of Phosphorylated Cdc25A R-HSA-69601",0.163793103448276,0.575913824790688,0.141225119642531,-0.327911415226693,-1.23767628657179,50,"PSMA6;PSMC5;PSMD12;PSMC4;CDC25A;PSMD7;PSMD2;PSMB5;PSMD9;PSMD11;CHEK2;PSMC2;PSMA1;PSMA5;PSMC3;PSMD5;PSMF1;PSMB4"
"Cyclin A/B1/B2 Associated Events During G2/M Transition R-HSA-69273",0.167218543046358,0.577349229985501,0.136490437780413,-0.385890333314817,-1.2541455084727,25,"PPP2R1A;MNAT1;CDC25A;WEE1;CCNB1;CCNB2;PPP2CA;PPME1;CDK2;PPP2R3B;FOXM1;CCNA2;CDK7;CDK1;PPP2R2A"
"FOXO-mediated Transcription Of Cell Cycle Genes R-HSA-9617828",0.166666666666667,0.577349229985501,0.16823816568964,0.422939286422067,1.30030439982766,17,"FOXO4;PCBP4;CAV1;FOXO3;GADD45A;SMAD2;FOXO1;CDKN1B"
"Meiotic Recombination R-HSA-912446",0.166265060240964,0.577349229985501,0.16823816568964,0.303135602430047,1.20309011651723,53,"H2AC19;BLM;H2AJ;H3-3B;PRDM9;H2BC17;H2AX;H2AB1;CDK4;H3-4;H2AC6;H2AZ2;H4C15;ATM;MRE11;H2BC21"
"Metabolism Of Non-Coding RNA R-HSA-194441",0.167070217917676,0.577349229985501,0.16823816568964,0.307372572645951,1.21112366919709,51,"PHAX;AAAS;POM121C;RNASE7;SMN1;NUP50;NUP62;NUP214;SNRPG;NUP35;RANBP2;NUP188;GEMIN2"
"Negative Regulation Of FGFR4 Signaling R-HSA-5654733",0.16504854368932,0.577349229985501,0.169570644405628,0.358443377946409,1.26458347363805,30,"FGF1;RPS27A;PTPN11;UBA52"
"RUNX2 Regulates Osteoblast Differentiation R-HSA-8940973",0.167076167076167,0.577349229985501,0.169570644405628,0.388146168840497,1.26764207282734,23,"SP7;CBFB;YES1;ABL1;UCMA;HDAC6;YAP1"
"Signaling By MET R-HSA-6806834",0.169117647058824,0.582183758459136,0.16823816568964,0.289638578631709,1.1986021143657,62,"RPS27A;CRKL;PTPN11;RNASE1;ITGB1;PTK2;RAP1A;UBA52;SH3GL3;RAB4A;RAP1B;SH3GL1"
"Thrombin Signaling Thru Proteinase Activated Receptors (PARs) R-HSA-456926",0.170320404721754,0.584599742089079,0.136490437780413,-0.365586440028648,-1.24825018035698,32,"GNB5;GNG3;GNB1;F2R;GNGT1;GNG4;MAPK3;GNG2;GNB2"
"Phototransduction Cascade R-HSA-2514856",0.171768707482993,0.587841881620684,0.136490437780413,-0.366630164316674,-1.24188768195794,31,"GNB5;NMT2;GNB1;GRK4;GNGT1;RCVRN;PPEF1;CALM1;CNGA1;GUCA1C"
"Viral Messenger RNA Synthesis R-HSA-168325",0.172330097087379,0.588038664622722,0.165656695205483,0.309910020351824,1.19803615460155,46,"AAAS;POM121C;RNASE7;POLR2L;NUP50;POLR2J;NUP62;NUP214;POLR2I;NUP35;RANBP2;GTF2F2;NUP188"
"Metabolism Of Vitamins And Cofactors R-HSA-196854",0.172839506172839,0.588057445200302,0.128788713061714,-0.237410967224217,-1.1492754332855,183,"ACACA;PPCS;GPC1;CTRB2;RDH11;LDLR;GPC5;SDC1;NAPRT;COQ3;GCH1;NMRK1;SLC2A3;NFS1;BCO1;PDZD11;SLC5A8;CD320;GPC6;AKT1;COASY;AMN;MTR;GPC3;RBP1;RFK;GPC2;PDXK;RBP4;NMNAT2;COQ6;AKR1C4;TCN1;SLC52A1;PNPO;AKR1C3;CALM1;NUDT12;MTHFR;PANK1;PANK4;GSTO2;SLC25A32;NMNAT3;PDSS1;PTS;RNLS;APOA1;MOCS2;NADSYN1;CUBN;PCCB;UBIAD1;MMUT;APOC2;CD38;PTGIS"
"ADP Signaling Thru P2Y Purinoceptor 12 R-HSA-392170",0.175675675675676,0.589119291705499,0.134273452883202,-0.398695686527603,-1.23928787331927,22,"GNB5;GNG3;GNB1;GNGT1;GNG4;GNG2;GNB2"
"Antigen Presentation: Folding, Assembly, Peptide Loading Of Class I MHC R-HSA-983170",0.175438596491228,0.589119291705499,0.166933848713193,0.362784893282264,1.25069809919363,28,"HLA-C;ATG14;B2M;HLA-B;CALR;SAR1B;PDIA3;TAPBP;CANX"
"Azathioprine ADME R-HSA-9748787",0.175468483816014,0.589119291705499,0.135002033828631,-0.404660950676143,-1.24280864135338,21,"GMPS;SLC29A2;VAV3;SLC28A3;SLC28A2;GSTM1;GSTA2;SLC29A1;TPMT;VAV2;IMPDH2;HPRT1"
"Interferon Gamma Signaling R-HSA-877300",0.175438596491228,0.589119291705499,0.166933848713193,0.269227250330846,1.17142807037465,85,"HLA-C;TRIM22;TRIM48;PTPN11;CD44;B2M;FCGR1A;NCAM1;MT2A;HLA-DPA1;HLA-B;HLA-DRB1;SMAD7;TRIM35"
"NR1H2 And NR1H3-mediated Signaling R-HSA-9024446",0.174447174447174,0.589119291705499,0.165656695205483,0.313737120361363,1.20824702620856,45,"APOD;SCD;KDM1A;NCOR2;AGO2;RXRA;GPS2;APOE;PLIN1;APOC1;RXRB;ABCG1"
"Epigenetic Regulation Of Gene Expression R-HSA-212165",0.1775,0.593389830508474,0.165656695205483,0.24639255813726,1.14105782606126,110,"JARID2;H2AC19;DEK;RRP8;SF3B1;POLR2L;KAT2B;H2AJ;CBX3;H3-3B;H2BC17;CHD4;H2AX;RBBP4;H2AB1;SMARCA5;H2AC6;TDG;SIRT1;H2AZ2;TAF1A;SAP30BP;PHF19;H4C15"
"Inactivation, Recovery And Regulation Of Phototransduction Cascade R-HSA-2514859",0.177966101694915,0.593389830508474,0.133554954557592,-0.36723878920666,-1.23478996786478,30,"GNB5;NMT2;GNB1;GRK4;GNGT1;RCVRN;PPEF1;CALM1;CNGA1;GUCA1C"
"ERCC6 (CSB) And EHMT2 (G9a) Positively Regulate rRNA Expression R-HSA-427389",0.180929095354523,0.599841631473661,0.161978948883402,0.317246038490431,1.2066357639008,41,"H2AC19;H2AJ;CBX3;H3-3B;H2BC17;CHD4;H2AX;RBBP4;H2AB1;H2AC6;H2AZ2;H4C15"
"RHOQ GTPase Cycle R-HSA-9013406",0.180722891566265,0.599841631473661,0.160801401070022,0.293503917398284,1.19448377844202,58,"ARHGAP21;PREX1;ARHGAP5;GJA1;CDC42;JUP;PKN1;CDC42EP1;CDC42BPB;STEAP3;CAV1;VAMP3;PLEKHG3;RHOQ;CDC42EP2;SYDE1;FNBP1;CFTR;IQGAP1"
"Amino Acids Regulate mTORC1 R-HSA-9639288",0.181972789115646,0.600821038084786,0.132147260608774,-0.318332707992626,-1.22604815416083,54,"ATP6V1G2;ATP6V1B2;ATP6V1A;ATP6V1D;ATP6V0C;ATP6V1H;MIOS;LAMTOR3;ATP6V0E2;ATP6V1C1;RRAGB;ATP6V0D1;ATP6V1F;ATP6V1E2;FLCN;SZT2"
"ECM Proteoglycans R-HSA-3000178",0.182254196642686,0.600821038084786,0.159646701919906,0.296460681043315,1.19019020607917,55,"SPARC;TGFB3;BGN;COL9A2;ITGB1;LRP4;NCAM1;ITGAX;BCAN;AGRN;HSPG2"
"Neurexins And Neuroligins R-HSA-6794361",0.183501683501683,0.602781062675855,0.130777137971974,-0.307903659675592,-1.20136079966113,57,"STXBP1;DLGAP1;SYT1;NRXN3;NLGN4X;EPB41L1;NRXN1;STX1A;SHANK2;SYT7;LIN7A"
"Nuclear Events Stimulated By ALK Signaling In Cancer R-HSA-9725371",0.184914841849148,0.602781062675855,0.159646701919906,0.401015968588511,1.2474191689305,19,"RPS6;KIF5B;NPM1;ALK;CUL1;FN1;MECP2;STAT3"
"Recruitment And ATM-mediated Phosphorylation Of Repair And Signal Proteins At DNA Double Strand Breaks R-HSA-5693565",0.184275184275184,0.602781062675855,0.160801401070022,0.294252337837252,1.17966915012656,56,"RPS27A;TP53BP1;BARD1;UBXN1;UBA52;ABL1;H2BC17;KDM4B;H2AX;SMARCA5;H3-4;H4C15;ATM;MRE11;H2BC21;NSD2;H2BC4;H2BC5;BRCC3;BABAM2"
"Signaling By NTRKs R-HSA-166520",0.184542586750789,0.602781062675855,0.12563992130984,-0.246487044646373,-1.13398348274998,132,"DNM1;MEF2C;SHC3;CLTC;EGR3;AP2M1;PPP2R1A;CREB1;AP2S1;CDK5R1;FURIN;CDK5R2;AP2A1;SHC2;PTPRU;MAPK13;NELFB;RIT2;EGR4;GRB2;SH3GL2;PIK3R2;RAPGEF1;PPP2CA;MAPK3;PIK3R1;RALA;ID2;DUSP3;GRIN2B;DOCK3;NAB2;YWHAB;RPS6KA5;VGF;TRIB1;GDNF;MAP2K5;FOS;MAPK11;CDK5"
"Dectin-2 Family R-HSA-5621480",0.185643564356436,0.603470862406575,0.160801401070022,0.36015293356104,1.22970513636731,27,"CLEC10A;MUC5B;MUC5AC;MUC21;CLEC6A;CLEC4E;MUC17"
"Amyloid Fiber Formation R-HSA-977225",0.186567164179104,0.60478855721393,0.160801401070022,0.274379743597398,1.16923527376334,75,"RPS27A;H2AC19;B2M;NAT8;PSENEN;UBA52;APH1B;H3-3B;GGA1;H2BC17;H2AX;GSN;H2AB1;SIAH1;H2AC6;HSPG2;H4C15;APOE;ITM2B;H2BC21;MFGE8"
"Plasma Lipoprotein Clearance R-HSA-8964043",0.187604690117253,0.606467239243308,0.128788713061714,-0.353270954199641,-1.2305919667034,34,"NCEH1;CLTC;AP2M1;SOAT1;LDLR;AP2S1;AP2A1;SCGB1D1;AMN;MYLIP"
"Activation Of G Protein Gated Potassium Channels R-HSA-1296041",0.189597315436242,0.60799636986992,0.128142916898415,-0.36797642520452,-1.23653115572078,29,"GABBR2;GNB5;GNG3;GNB1;GNGT1;GNG4;GNG2;GNB2"
"Adherens Junctions Interactions R-HSA-418990",0.192953020134228,0.60799636986992,0.126875729929857,-0.365961905697272,-1.22976165647056,29,"CADM3;CADM2;CDH12;CDH8;CDH10;CDH18;NECTIN3;NECTIN2;CADM1;CDH11;CDH17;CDH2;CDH5;NECTIN1;CDH9"
"Aquaporin-mediated Transport R-HSA-445717",0.211340206185567,0.60799636986992,0.122107920287081,-0.315682644012974,-1.18719505944046,49,"GNB5;GNG3;PRKAR2B;PRKAR1B;GNAS;GNB1;ADCY1;GNGT1;GNG4;GNG2;GNB2;PRKAR2A;GNG13;PRKACG;ADCY9;RAB11A"
"Asparagine N-linked Glycosylation R-HSA-446203",0.200913242009132,0.60799636986992,0.117249716749792,-0.219497241414566,-1.11357446658158,279,"SPTBN2;ALG13;CHGA;F5;NSF;ALG8;TUSC3;RAD23B;ARF3;DCTN3;MVD;CNIH2;COPZ2;TRAPPC3;UGGT2;ST8SIA3;GRIA1;ST8SIA1;DCTN1;MAN1A1;VCP;ARF5;TRAPPC6B;SEC23A;MAN1B1;LMAN1;CTSA;PMM1;F8;INS;RPN1;PTGES2;CAPZA1;GMPPB;ST8SIA5;GFUS;YKT6;TMED9;B4GALT6;ANK2;DYNC1H1;SEC24A;CFAP73;ST8SIA4;CMAS;COG3;GNPNAT1;GOLGA2;CAPZA2;AREG;DPM3;LMAN1L;CTSZ;SPTBN4;MCFD2;NGLY1;FCSK;B4GALT1;DPAGT1;COG7;STX5;CHST8;B4GALT4;ST8SIA6;NANS;ST6GALNAC6;TRAPPC1;MAN1A2;MGAT5;GOSR2;CAPZA3;DCTN4;EGFL7;SEC16A;RPN2;ST6GALNAC2;DYNC1I1;SPTAN1;SEL1L;MOGAT2;COG6;ARFGAP2;MOGAT1;CNIH1;PPP6R3;SPTA1;OS9;COG4;MARCHF6;SLC35A1;CHST10;SEC23IP;SEC24D;ARCN1;SEC24B;TRAPPC5;MAN1C1;ST3GAL3"
"Biosynthesis Of DHA-derived SPMs R-HSA-9018677",0.20672268907563,0.60799636986992,0.122107920287081,-0.432548164697865,-1.2453944862047,16,"CYP1A1;ALOX5;CYP2C9;LTC4S;GPX4;CYP2E1;CYP2C8;LTA4H;CYP3A4"
"Biosynthesis Of Specialized Proresolving Mediators (SPMs) R-HSA-9018678",0.219387755102041,0.60799636986992,0.118815039412263,-0.405282693914298,-1.20838992681548,18,"CYP1A1;ALOX5;CYP2C9;LTC4S;GPX4;CYP2E1;CYP2C8;LTA4H;CYP3A4"
"CTLA4 Inhibitory Signaling R-HSA-389513",0.219761499148211,0.60799636986992,0.118815039412263,-0.384759254543378,-1.1816858671147,21,"CD86;PPP2R1A;PPP2R5B;AKT1;PPP2CA;CTLA4"
"Canonical Retinoid Cycle In Rods (Twilight Vision) R-HSA-2453902",0.189915966386555,0.60799636986992,0.128142916898415,-0.384971377792924,-1.21666451070297,23,"HSD17B6;RDH11;ABCA4;RBP1;RBP4;RBP3"
"Constitutive Signaling By NOTCH1 HD+PEST Domain Mutants R-HSA-2894862",0.213759213759214,0.60799636986992,0.148261500475107,0.288220774419512,1.15548837609011,56,"RPS27A;PSEN1;KAT2B;PSENEN;UBA52;APH1B;RBPJ;NCOR2;HEYL;JAG1;HDAC6;HDAC7;CUL1"
"Costimulation By CD28 Family R-HSA-388841",0.214814814814815,0.60799636986992,0.148261500475107,0.277048905269969,1.15598510738451,65,"PRR5;PTPN11;RNASE1;CD274;MAP3K14;YES1;CSK;HLA-DPA1;CDC42;HLA-DRB1;PKN1;PDCD1;TARP;GRAP2;ICOSLG;CD80"
"DNA Double Strand Break Response R-HSA-5693606",0.205882352941176,0.60799636986992,0.151148761385484,0.287874688166533,1.16331915716855,57,"RPS27A;TP53BP1;BARD1;UBXN1;UBA52;ABL1;H2BC17;KDM4B;H2AX;SMARCA5;H3-4;H4C15;ATM;MRE11;H2BC21;NSD2;H2BC4;H2BC5;BRCC3;BABAM2"
"Defective TPR May Confer Susceptibility Towards Thyroid Papillary Carcinoma (TPC) R-HSA-5619107",0.207729468599034,0.60799636986992,0.149207542435322,0.337908506006782,1.19937601209615,31,"AAAS;POM121C;RNASE7;NUP50;NUP62;NUP214;NUP35;RANBP2;NUP188"
"Degradation Of GLI2 By Proteasome R-HSA-5610783",0.190800681431005,0.60799636986992,0.128788713061714,-0.307834587605994,-1.19761575544988,58,"PSMA6;PSMC5;PSMD12;PSMC4;PSMD7;GSK3B;PSMD2;PSMB5;PSMD9;PSMD11;GLI2;PSMC2;PSMA1;SUFU;PSMA5;PSMC3;PSMD5;PRKACG;PSMF1;PSMB4"
"Depolymerisation Of Nuclear Lamina R-HSA-4419969",0.195205479452055,0.60799636986992,0.127505315300183,-0.446013840734772,-1.24801374453993,15,"PRKCB;TMPO;LMNB1;CNEP1R1;CCNB1;LPIN1;LPIN2;LPIN3;CDK1;LEMD2"
"Deposition Of New CENPA-containing Nucleosomes At Centromere R-HSA-606279",0.202380952380952,0.60799636986992,0.150169802128406,0.293566878502549,1.15323638431854,49,"RSF1;H2AC19;NPM1;H2AJ;H2BC17;H2AX;RBBP4;H2AB1;SMARCA5;H2AC6;H2AZ2;H4C15"
"Diseases Of Mitotic Cell Cycle R-HSA-9675126",0.190594059405941,0.60799636986992,0.158514105424824,0.324127751713175,1.20179143513509,38,"CDKN1C;TFDP1;E2F1;CCND1;CDK4;ANAPC7;ATRX;UBE2S;CCND2;CCNE1;FZR1;CDKN1B"
"Downstream Signaling Events Of B Cell Receptor (BCR) R-HSA-1168372",0.205298013245033,0.60799636986992,0.121543282035469,-0.280374814911389,-1.16744503034254,78,"PRKCB;PPP3R1;PPP3CB;NFKBIE;PSMA6;PSMC5;PPP3CA;REL;PSMD12;PSMC4;PSMD7;PSMD2;PSMB5;RASGRP1;PSMD9;PSMD11;PSMC2;PSMA1;CALM1;PSMA5;PSMC3;PSMD5;PSMF1;PSMB4"
"Extension Of Telomeres R-HSA-180786",0.220379146919431,0.60799636986992,0.142901149386948,0.28529778566234,1.12901937111495,50,"BLM;TINF2;POLD4;CTC1;FEN1;RUVBL2;TERF1;POLD2;POT1"
"G Alpha (12/13) Signaling Events R-HSA-416482",0.220198675496689,0.60799636986992,0.116739204791222,-0.276980245557704,-1.15331047577006,78,"GNB5;GNG3;PLEKHG5;ARHGEF3;GNB1;ABR;ECT2;GNGT1;ARHGEF16;VAV3;ARHGEF9;NGEF;ARHGEF6;GNG4;ARHGEF11;GNG2;GNB2;TIAM2;AKAP13;ARHGEF12;ROCK2;GNG13"
"GRB2 Events In ERBB2 Signaling R-HSA-1963640",0.210616438356164,0.60799636986992,0.122107920287081,-0.435685708662647,-1.21911407909412,15,"EGFR;GRB2;NRG4;NRG3;SOS1;EGF;HRAS;EREG;NRG2;NRG1;BTC"
"Hedgehog On State R-HSA-5632684",0.21,0.60799636986992,0.120433371642259,-0.271933978588829,-1.14669549747344,84,"PSMA6;PSMC5;PSMD12;PSMC4;PSMD7;KIF7;PSMD2;PSMB5;PSMD9;PSMD11;GAS1;GLI2;CDON;GRK2;PSMC2;PSMA1;SUFU;SMOX;BOC;PSMA5;EVC;PSMC3;PSMD5;GPR161;PSMF1;PSMB4"
"Heparan Sulfate/Heparin (HS-GAG) Metabolism R-HSA-1638091",0.201022146507666,0.60799636986992,0.125033367555272,-0.312196184339388,-1.20228312949332,53,"HS3ST5;HS6ST3;GPC1;HS3ST1;GPC5;SDC1;HS6ST2;GPC6;HS3ST2;GPC3;IDS;GPC2;HS2ST1;HS3ST3A1;NAGLU;GLCE"
"Interferon Alpha/Beta Signaling R-HSA-909733",0.2,0.60799636986992,0.154190966581424,0.278666045440419,1.16300474104727,67,"IFNA14;IFITM3;HLA-C;USP18;PTPN11;IFNA4;STAT2;HLA-B;XAF1;ISG20;IFITM1;IRF4"
"MAPK1/MAPK3 Signaling R-HSA-5684996",0.207692307692308,0.60799636986992,0.115734447701689,-0.219611293296639,-1.10969153945108,273,"SPTBN2;CAMK2A;SHC3;GFRA2;RAPGEF2;NEFL;DAB2IP;EGFR;PSMA6;TEK;FGF10;CNKSR2;PPP2R1A;SHC2;FGF13;CAMK2G;RASGRP4;FLT3;PSMC5;PPP2R5B;PSMD12;PSMC4;SPRED3;PSMD7;RNMT;SPRED1;PSMD2;PSMB5;RASGRP1;PSMD9;LAMTOR3;PSMD11;MRAS;JAK2;PEBP1;GRB2;PIK3R2;RANBP9;PPP2CA;MAPK3;RASGRF1;PIK3R1;IL3RA;NRG4;RET;PSMC2;PSMA1;GRIN2B;CALM1;WDR83;PAQR3;AREG;EPGN;SPTBN4;PSMA5;GFRA1;PSMC3;YWHAB;PSMD5;NRG3;RASAL2;FGF8;IL3;NF1;KLB;CSF2RB;PSMF1;FGG;PSMB4"
"Mitochondrial Translation Elongation R-HSA-5389840",0.203020134228188,0.60799636986992,0.123257226381337,-0.275873365221981,-1.15324401714909,82,"MRPS21;MRPL3;MRPL1;MRPS34;MRPL23;MRPS18A;TUFM;MRPL16;MRPL54;MRPL50;MRPL13;MRPS31;MRPL44;ERAL1;MRPL47;MRPS7;CHCHD1;GADD45GIP1;MRPL17;MRPS23;MRPS27;MRPL15;MRPL21;MRPL41;MRPL55;MRPL57"
"Mitochondrial Translation R-HSA-5368287",0.214046822742475,0.60799636986992,0.119348440591015,-0.269023279109592,-1.14681035418147,88,"MRPS21;MRPL3;MRPL1;MRPS34;MTIF2;MRPL23;MRPS18A;TUFM;MRPL16;MRPL54;MRPL50;MRPL13;MRPS31;MRPL44;MTRF1L;ERAL1;MRPL47;MRPS7;CHCHD1;GADD45GIP1;MRPL17;MRPS23;MRPS27"
"Myogenesis R-HSA-525793",0.211822660098522,0.60799636986992,0.149207542435322,0.34401859117049,1.19629191552269,29,"MYOD1;SPAG9;TCF7L1;ABL1;CDC42;CTNNA1;NEO1"
"Na+/Cl- Dependent Neurotransmitter Transporters R-HSA-442660",0.209245742092457,0.60799636986992,0.149207542435322,0.392580752632023,1.22118018868434,19,"SLC6A3;SLC6A9;SLC6A20;SLC6A2;SLC6A6;SLC6A15;SLC6A7;SLC22A1;SLC6A18"
"Negative Regulation Of FGFR1 Signaling R-HSA-5654726",0.210268948655257,0.60799636986992,0.149207542435322,0.336556046342195,1.19860816811786,32,"FGF1;RPS27A;PTPN11;UBA52"
"Negative Regulation Of NOTCH4 Signaling R-HSA-9604323",0.217905405405405,0.60799636986992,0.118815039412263,-0.308146322059607,-1.17990077805015,52,"PSMA6;FBXW7;PSMC5;PSMD12;PSMC4;PSMD7;AKT1;PSMD2;PSMB5;PSMD9;PSMD11;PSMC2;PSMA1;PSMA5;PSMC3;PSMD5;PSMF1;PSMB4"
"Negative Regulation Of PI3K/AKT Network R-HSA-199418",0.217821782178218,0.60799636986992,0.147331213699377,0.236852520168192,1.10369392977347,113,"PIP4K2A;FGF1;GAB2;PHLPP1;PDGFB;PTPN11;RNASE1;RAC2;ERBB3"
"Nuclear Import Of Rev Protein R-HSA-180746",0.194647201946472,0.60799636986992,0.155241966228839,0.340755883214238,1.2206908519026,33,"AAAS;NPM1;POM121C;RNASE7;NUP50;NUP62;NUP214;NUP35;RANBP2;NUP188"
"Orc1 Removal From Chromatin R-HSA-68949",0.214527027027027,0.60799636986992,0.119887845115423,-0.286276673867239,-1.15330504174507,68,"ORC4;PSMA6;SLC25A2;PSMC5;PSMD12;PSMC4;PSMD7;PSMD2;PSMB5;PSMD9;ORC6;PSMD11;PSMC2;PSMA1;PSMA5;PSMC3;PSMD5;MCM6;PSMF1;PSMB4"
"PKA Activation In Glucagon Signaling R-HSA-164378",0.196638655462185,0.60799636986992,0.12563992130984,-0.437224583754801,-1.25885885152633,16,"PRKAR2B;PRKAR1B;GNAS;ADCY1;PRKAR2A;PRKACG;ADCY9;ADCY2;PRKACB"
"Phase 2 - Plateau Phase R-HSA-5576893",0.203349282296651,0.60799636986992,0.150169802128406,0.413849769838798,1.22716639153569,15,"KCNE1;KCNQ1;CACNG6;KCNE3"
"Plasma Lipoprotein Remodeling R-HSA-8963899",0.201946472019465,0.60799636986992,0.152144922367565,0.336899067949191,1.20687457067771,33,"APOC3;FGF21;PCSK6;APOA5;APOB"
"Polo-like Kinase Mediated Events R-HSA-156711",0.2,0.60799636986992,0.124434168630393,-0.434653158076089,-1.25145519194962,16,"CENPF;CDC25A;LIN52;WEE1;CCNB1;CCNB2;LIN54"
"Positive Epigenetic Regulation Of rRNA Expression R-HSA-5250913",0.20631067961165,0.60799636986992,0.150169802128406,0.274996989954237,1.15816785492907,69,"H2AC19;DEK;SF3B1;POLR2L;KAT2B;H2AJ;CBX3;H3-3B;H2BC17;CHD4;H2AX;RBBP4;H2AB1;SMARCA5;H2AC6;H2AZ2;TAF1A;H4C15"
"Pyruvate Metabolism And Citric Acid (TCA) Cycle R-HSA-71406",0.208828522920204,0.60799636986992,0.122107920287081,-0.313683134791974,-1.19676348379232,51,"PDHB;PDK3;LDLR;BSG;SUCLA2;MDH2;PPARD;LDHB;PDK2;ADHFE1;IDH3B;LDHC;PDP2;IDH3A;SDHB;PDPK1;FAHD1"
"RMTs Methylate Histone Arginines R-HSA-3214858",0.196125907990315,0.60799636986992,0.154190966581424,0.299811955516241,1.16740558984667,48,"RPS2;H2AC19;H2AJ;CCND1;H2AX;H2AB1;CDK4;PRMT1;H2AC6;SMARCE1;H2AZ2;H4C15"
"Regulation Of Actin Dynamics For Phagocytic Cup Formation R-HSA-2029482",0.218137254901961,0.60799636986992,0.14641623786055,0.285305625342241,1.152937417744,57,"ELMO1;MYO9B;RNASE1;HSP90AA1;FCGR1A;PTK2;ARPC5;ABL1;CDC42;WIPF1;PKN1;ACTR3;TARP;ARPC3;WASF2"
"Regulation Of NF-kappa B Signaling R-HSA-9758274",0.198067632850242,0.60799636986992,0.153158808683073,0.410758531022316,1.26285531352142,17,"RPS27A;USP18;UBA52"
"Removal Of Flap Intermediate From C-strand R-HSA-174437",0.20048309178744,0.60799636986992,0.152144922367565,0.406279878219001,1.24908593306325,17,"TINF2;POLD4;FEN1;TERF1;POLD2;POT1;POLD1"
"Resolution Of AP Sites Via Multiple-Nucleotide Patch Replacement Pathway R-HSA-110373",0.208542713567839,0.60799636986992,0.152144922367565,0.364005982710713,1.21943204991496,25,"ADPRS;POLD4;FEN1;POLE4;POLD2;SLC19A1;POLD1;POLE3"
"Response Of Mtb To Phagocytosis R-HSA-9637690",0.207836456558773,0.60799636986992,0.122679189568808,-0.388688195598514,-1.1937525661291,21,"PGK1;GSK3A;CTSG;ENO1;ATP6V1H;KPNA1;MAPK3;TRIM27;HGS"
"SUMOylation Of DNA Replication Proteins R-HSA-4615885",0.213759213759214,0.60799636986992,0.148261500475107,0.302444464044421,1.16102442725387,44,"AAAS;POM121C;RNASE7;AURKA;NUP50;NUP62;SUMO2;NUP214;BIRC5;NUP35;RANBP2;NUP188;TOP1;NUP133"
"SUMOylation Of SUMOylation Proteins R-HSA-4085377",0.219753086419753,0.60799636986992,0.14641623786055,0.329297306688637,1.18348514314142,34,"AAAS;POM121C;RNASE7;NUP50;NUP62;SUMO2;NUP214;NUP35;RANBP2;NUP188;TOPORS;NUP133"
"SUMOylation Of Ubiquitinylation Proteins R-HSA-3232142",0.207920792079208,0.60799636986992,0.151148761385484,0.318620630288931,1.18137229075476,38,"AAAS;PIAS2;POM121C;RNASE7;NUP50;NUP62;NUP214;NUP35;RANBP2;NUP188"
"Senescence-Associated Secretory Phenotype (SASP) R-HSA-2559582",0.219211822660099,0.60799636986992,0.14641623786055,0.267316426702165,1.14606063170706,77,"RPS27A;H2AC19;RELA;H2AJ;UBA52;H3-3B;H2BC17;H2AX;H2AB1;CDK4;H2AC6;ANAPC7;H2AZ2;UBE2S;H4C15;CDKN2D;H2BC21;FZR1;CDKN2C;MAPK7;H2BC4;CDKN1B;H2BC5"
"Sialic Acid Metabolism R-HSA-4085001",0.206429780033841,0.60799636986992,0.122679189568808,-0.350756866519011,-1.20621731789769,33,"ST8SIA3;ST8SIA1;CTSA;ST8SIA5;ST8SIA4;CMAS;ST8SIA6;NANS;ST6GALNAC6;EGFL7;ST6GALNAC2;SLC35A1;ST3GAL3"
"Signaling By WNT R-HSA-195721",0.199081163859112,0.60799636986992,0.118287526124085,-0.220717158623286,-1.12104955667342,290,"CAMK2A;PRKCB;PPP3R1;NLK;GNB5;GNG3;PLCB1;ITPR1;CLTC;PPP3CB;AP2M1;LEO1;WIF1;WNT16;PRKCG;CLTB;GNB1;GNAO1;PSMA6;AGO4;RORA;PPP2R1A;AP2S1;H2BC11;AP2A1;TMED5;GNGT1;PARD6A;PSMC5;PPP3CA;DKK2;PPP2R5B;PSMD12;PSMC4;SRY;PSMD7;H2AC4;VPS35;AKT1;GSK3B;FZD1;PSMD2;H2AC7;PSMB5;PSMD9;H2BC14;PSMD11;GNG4"
"Sphingolipid De Novo Biosynthesis R-HSA-1660661",0.196125907990315,0.60799636986992,0.154190966581424,0.304741983748227,1.17202008854087,43,"DEGS2;FA2H;PLPP2;KDSR;CERS2;CERS4;DEGS1;PLPP3;ACER2;SGPP1;SGPL1;SGMS1;ALDH3B1;SPTSSA"
"Spry Regulation Of FGF Signaling R-HSA-1295596",0.203349282296651,0.60799636986992,0.150169802128406,0.414302511079212,1.22850888070638,15,"RPS27A;PTPN11;UBA52"
"Synthesis Of IP3 And IP4 In Cytosol R-HSA-1855204",0.205592105263158,0.60799636986992,0.120985142145252,-0.368988761531467,-1.21604630035654,26,"PLCB1;ITPKA;PTEN;SYNJ1;OCRL;INPP5J;PLCD4;PLCH1;CALM1;PLCH2;PLCG2;PLCB2"
"TP53 Regulates Metabolic Genes R-HSA-5628897",0.218274111675127,0.60799636986992,0.118815039412263,-0.274632290073783,-1.14412869345417,81,"YWHAH;PRDX2;CYCS;PTEN;AGO4;YWHAG;GSR;COX5A;COX7C;AKT1;COX8A;LAMTOR3;UBL4A;COX6C;PRKAG1;PRDX5;RRAGB;PRKAG3;COX7B;YWHAB;TACO1;PRKAA2;GNPDA1;COX14;LRPPRC;PRKAG2;COX7A2L"
"TRAF6 Mediated NF-kB Activation R-HSA-933542",0.204030226700252,0.60799636986992,0.154190966581424,0.369268040431972,1.21291167649257,24,"S100B;RELA;HMGB1;NFKBIB;NFKB2;NFKBIA"
"Thromboxane Signaling Thru TP Receptor R-HSA-428930",0.203305785123967,0.60799636986992,0.122107920287081,-0.375183787626761,-1.20611851109026,24,"GNB5;GNG3;GNB1;GNGT1;GNG4;GNG2;GNB2;GNG13;GNA14"
"Toll-like Receptor Cascades R-HSA-168898",0.218649517684887,0.60799636986992,0.115240003147781,-0.235565819687166,-1.10801487856696,160,"DNM1;MEF2C;GSDME;S100A12;MAPK10;PPP2R1A;CREB1;NOD2;IKBIP;CTSB;UBE2D1;CTSS;HOXC13;AGER;MAPK8;NKIRAS1;S100A9;CTSV;TIFA;PTPN4;NLRC5;CD180;PPP2CA;MAPK3;EEA1;UBE2D2;ECSIT;DUSP3;S100A8;PIK3R4;TLR6;RBSN;CASP8;RPS6KA5;TLR4;LBP;FGG;IRAK1;TANK;TLR3;NKIRAS2;TLR5;CTSK;GDNF;FOS;MAPK11;RIPK1;PLCG2;JUN;UBE2N;UBE2D3;BTRC;TAB3;BIRC3;MAP2K1;TLR7;MYD88;MAP3K1;LGMN;APP;TICAM1"
"Translocation Of SLC2A4 (GLUT4) To Plasma Membrane R-HSA-1445148",0.212224108658744,0.60799636986992,0.120985142145252,-0.312381729773608,-1.19179836507582,51,"MYO5A;YWHAH;VAMP2;EXOC1;YWHAG;AKT1;PRKAG1;RALA;TBC1D4;EXOC6;PRKAG3;CALM1;YWHAB;KIF3B;RAB14;PRKAA2;RAB11A;KIFAP3;PRKAG2;EXOC8;TBC1D1"
"VEGFR2 Mediated Cell Proliferation R-HSA-5218921",0.195578231292517,0.60799636986992,0.126875729929857,-0.411433606477871,-1.22672947324604,18,"PRKCB;ITPR1;PRKCZ;CALM1;PDPK1"
"Xenobiotics R-HSA-211981",0.211148648648649,0.60799636986992,0.120985142145252,-0.380907285304049,-1.1839952010707,22,"CYP1A1;CYP3A43;AHR;CYP2C9;CYP2E1;CYP2F1;CYP3A5;CYP2C8;CYP3A4;ARNT2"
"mRNA Splicing R-HSA-72172",0.214484679665738,0.60799636986992,0.158514105424824,0.217676759820682,1.10137010969264,188,"HNRNPA1;CASC3;SNRPC;SNRPA1;HNRNPA2B1;PCBP2;SF3B1;POLR2L;YBX1;PCF11;POLR2J;HNRNPC;U2AF1;PCBP1;PPWD1;SRRM1;POLR2I;HNRNPK;SNRPG;PRPF6;HNRNPUL1;SRRM2;LSM2;HNRNPU;PLRG1;HNRNPA3;LSM3;SUGP1;SNRPB2;CWC15;CSTF1;TFIP11;COLEC12;HNRNPM;GTF2F2;RBM8A;DHX15;HNRNPH1;PRPF31;DNAJC8;SRSF6"
"Fcgamma Receptor (FCGR) Dependent Phagocytosis R-HSA-2029480",0.221476510067114,0.608148440584288,0.117249716749792,-0.272304461939543,-1.13832479377664,82,"ITPR1;MYO5A;BAIAP2;PLD3;CYFIP2;NF2;PLA2G6;MYH2;ACTR2;VAV3;ARPC2;VPS72;WASF1;FGR;PRKCE;GRB2;NCKAP1;CD247;PIK3R2;MAPK3;WASL;PIK3R1"
"tRNA Processing In Nucleus R-HSA-6784531",0.221130221130221,0.608148440584288,0.14551614609036,0.286259540132301,1.14762571099865,56,"AAAS;RPP25;POM121C;RNASE7;NUP50;NUP62;NUP214;TSEN34;POP7;RPP30;NUP35;RANBP2;PYDC1;COLEC12;NUP188"
"Intracellular Signaling By Second Messengers R-HSA-9006925",0.223053892215569,0.609483232545355,0.109250039480711,-0.21622314869076,-1.10772508113782,304,"CAMK2A;ITPR1;PRKAR2B;CAMKK2;CD86;GSK3A;PDE1B;PRKAR1B;PRKCG;EGFR;RBBP7;PSMA6;TRIB3;PTEN;AGO4;FGF10;PPP2R1A;CREB1;ADCY1;PDE1A;NBEA;FGF13;CAMK2G;FLT3;PSMC5;CBX6;PPP2R5B;PSMD12;PSMC4;HOXC13;MTA2;PSMD7;RNMT;INS;CAMKK1;AKT1;GSK3B;PSMD2;PSMB5;PSMD9;LAMTOR3;PSMD11;CD19;PRKCE;GRB2;CHD3;PIK3R2;CNOT6L;PIP5K1C;PPP2CA;MAPK3;NR4A1;PIK3R1;NR2E1;RNF2;PHLPP2;RRAGB;NRG4;GRK2;PSMC2;PSMA1;PRKAR2A;TRIM27;CALM1;AREG;EPGN;PSMA5;PSMC3;PSMD5;NRG3;FGF8;KLB;PRKACG;PSMF1;PSMB4;IRAK1;ADCY9;PDPK1;RCOR1;CD28;CAMK2D;FRK;ESR1;GDNF;FGF5;CLSTN1;SNAI1;FGF20;STUB1;JUN;KPNA2;HDAC3;SOS1;ESR2;MLST8;ADCY2;PIK3CA;EGF;PRKACB;PIP4K2B;PSMA7;LAMTOR5;FGF7;IL1RL1;PSMC6;IL1RAP;MYD88;PSMD8;FGFR1"
"PERK Regulates Gene Expression R-HSA-381042",0.222493887530562,0.609483232545355,0.144630528034484,0.332572206132643,1.1844201496064,32,"KHSRP;ATF4;EXOSC6;EXOSC3;NFYA;EIF2S2;HERPUD1;EXOSC2;CCL2;DIS3;DDIT3"
"Signaling By NTRK3 (TRKC) R-HSA-9034015",0.223529411764706,0.609483232545355,0.116739204791222,-0.424366868654344,-1.22183886439383,16,"PTPRU;NELFB;GRB2;PIK3R1;SOS1;PIK3CA;HRAS;NTRK3;BAX;SHC1"
"Defective B3GALTL Causes PpS R-HSA-5083635",0.225423728813559,0.613215597961361,0.116739204791222,-0.328486192677161,-1.15515153993546,37,"ADAMTS16;ADAMTSL3;THSD4;ADAMTS15;ADAMTS2;THSD7B;ADAMTS17;ADAMTSL4;ADAMTS9;ADAMTS8;ADAMTSL2;CFP;ADAMTS6;SPON2"
"Condensation Of Prophase Chromosomes R-HSA-2299718",0.22716049382716,0.614843960182943,0.143758989039275,0.306490157442202,1.15705191550454,40,"H2AC19;KMT5A;H2AJ;PLK1;H3-3B;H2BC17;H2AX;H2AB1;H3-4;H2AC6;H2AZ2;H4C15"
"Interleukin-10 Signaling R-HSA-6783783",0.227602905569007,0.614843960182943,0.142056643575821,0.297624699136018,1.14464742252756,43,"CCL3;CCR1;TIMP1;CCL5;TNF;IL12B;CCL2;IL18;CD80;CCR2;IL10;CCL19;TNFRSF1B;TYK2;STAT3"
"Inwardly Rectifying K+ Channels R-HSA-1296065",0.226575809199319,0.614843960182943,0.116739204791222,-0.33957885737216,-1.18121949829996,35,"GABBR2;GNB5;GNG3;GNB1;GNGT1;GNG4;GNG2;GNB2;ABCC8"
"Recognition Of DNA Damage By PCNA-containing Replication Complex R-HSA-110314",0.229064039408867,0.617361972263621,0.142901149386948,0.336305055043185,1.16946882762564,29,"RPS27A;POLD4;UBA52;POLE4;POLD2;RAD18;SLC19A1;POLD1;CUL4A;POLE3"
"PCP/CE Pathway R-HSA-4086400",0.231666666666667,0.622154122303703,0.11378726182188,-0.266643932968144,-1.13255924493259,87,"PRKCB;CLTC;AP2M1;PRKCG;CLTB;PSMA6;RORA;AP2S1;AP2A1;PARD6A;PSMC5;PSMD12;PSMC4;PSMD7;FZD1;PSMD2;PSMB5;PSMD9;PSMD11"
"RNA Polymerase III Transcription Initiation From Type 3 Promoter R-HSA-76071",0.232441471571906,0.622154122303703,0.11378726182188,-0.356529725043881,-1.17685867476557,27,"POLR3G;POLR3C;POLR3F;TBP;POLR2K;POLR3B;POLR2H;BRF2;SNAPC1;POLR3GL;BDP1;POLR3E;POLR3H;POLR3A;POLR1D;SNAPC2;SNAPC5;SNAPC4"
"Transport Of SLBP Independent Mature mRNA R-HSA-159227",0.232098765432099,0.622154122303703,0.142056643575821,0.324629099025032,1.16670773773069,34,"AAAS;POM121C;RNASE7;NUP50;NUP62;NUP214;NUP35;RANBP2;NUP188"
"MET Promotes Cell Motility R-HSA-8875878",0.233082706766917,0.622442834775726,0.142901149386948,0.339155549571421,1.169236120452,28,"CRKL;RNASE1;ITGB1;PTK2;RAP1A;RAP1B"
"HDR Thru Homologous Recombination (HRR) R-HSA-5685942",0.237037037037037,0.628686868686869,0.140406238523342,0.27223361010208,1.13589331349593,65,"XRCC2;RPS27A;BLM;POLD4;BARD1;EME2;UBA52;POLE4;POLD2"
"NEP/NS2 Interacts With Cellular Export Machinery R-HSA-168333",0.237037037037037,0.628686868686869,0.140406238523342,0.322953037168202,1.16068401914492,34,"AAAS;POM121C;RNASE7;NUP50;NUP62;NUP214;NUP35;RANBP2;NUP188"
"Vpr-mediated Nuclear Import Of PICs R-HSA-180910",0.237037037037037,0.628686868686869,0.140406238523342,0.322964495637406,1.16072520055695,34,"AAAS;POM121C;RNASE7;NUP50;NUP62;BANF1;NUP214;NUP35;RANBP2;NUP188"
"Hh Mutants Are Degraded By ERAD R-HSA-5362768",0.239795918367347,0.632495585901705,0.112843355675562,-0.298965739942236,-1.15145690156978,54,"PSMA6;PSMC5;PSMD12;PSMC4;VCP;PSMD7;PSMD2;PSMB5;PSMD9;PSMD11;ERLEC1;PSMC2;PSMA1;PSMA5;PSMC3;PSMD5;PSMF1;PSMB4;SHH;SEL1L;PSMA7;OS9;PSMC6;PSMD8"
"Interactions Of Rev With Host Cellular Proteins R-HSA-177243",0.239024390243902,0.632495585901705,0.13880510939114,0.320393832209157,1.17518790421174,36,"AAAS;NPM1;POM121C;RNASE7;NUP50;NUP62;NUP214;NUP35;RANBP2;NUP188"
"VEGFR2 Mediated Vascular Permeability R-HSA-5218920",0.24009900990099,0.632495585901705,0.139599673451922,0.342286362317212,1.16870156710419,27,"PRR5;RNASE1;HSP90AA1;JUP;PKN1;CTNNA1;CAV1"
"B-WICH Complex Positively Regulates rRNA Expression R-HSA-5250924",0.241545893719807,0.6332592229717,0.137250779610133,0.285790654571883,1.13648180783108,54,"H2AC19;DEK;SF3B1;POLR2L;KAT2B;H2AJ;H3-3B;H2BC17;H2AX;H2AB1;SMARCA5;H2AC6;H2AZ2;TAF1A;H4C15"
"RUNX2 Regulates Bone Development R-HSA-8941326",0.241379310344828,0.6332592229717,0.13880510939114,0.333109926684092,1.15835807279104,29,"SP7;CBFB;YES1;ABL1;UCMA;HDAC6;YAP1"
"Synthesis Of PIPs At Early Endosome Membrane R-HSA-1660516",0.242016806722689,0.6332592229717,0.11146266692298,-0.413069540204878,-1.18931154903778,16,"MTMR4;FIG4;INPP5F;VAC14;PIK3R4;INPP4B"
"Cooperation Of PDCL (PhLP1) And TRiC/CCT In G-protein Beta Folding R-HSA-6814122",0.245762711864407,0.636005285672691,0.11101149245045,-0.325604266315905,-1.14501698405944,37,"GNB5;GNG3;RGS7;GNB1;CCT6B;GNGT1;RGS11;GNG4;GNG2;GNB2"
"Defective B3GALT6 Causes EDSP2 And SEMDJL1 R-HSA-4420332",0.245791245791246,0.636005285672691,0.110564716336619,-0.382504220514825,-1.17351332839891,20,"GPC1;GPC5;SDC1;GPC6;GPC3;GPC2"
"Nucleotide-binding Domain, Leucine Rich Repeat Containing NLR Signaling Pathways R-HSA-168643",0.24578313253012,0.636005285672691,0.135740943810425,0.281309068866937,1.1164645713912,53,"P2RX7;TXNIP;RELA;NLRP1;SUGT1;HMOX1;BCL2L1;UBE2V1;NFKB2"
"Retinoid Metabolism And Transport R-HSA-975634",0.244519392917369,0.636005285672691,0.11101149245045,-0.319676101112703,-1.1575883704841,42,"GPC1;RDH11;LDLR;GPC5;SDC1;BCO1;GPC6;GPC3;RBP1;GPC2;RBP4;AKR1C4;AKR1C3"
"Transport Of SLBP Dependant Mature mRNA R-HSA-159230",0.24578313253012,0.636005285672691,0.135740943810425,0.316299806261808,1.16009968087043,35,"AAAS;POM121C;RNASE7;NUP50;NUP62;NUP214;NUP35;RANBP2;NUP188"
"Mitochondrial Protein Import R-HSA-1268020",0.247508305647841,0.639031399758916,0.109250039480711,-0.28760747483299,-1.14491396824851,63,"SLC25A4;ATP5F1A;ATP5F1B;TIMM50;OTC;CHCHD4;MTX2;HSPA9;SAMM50;COX17;HSCB;GRPEL2;PITRM1;COA6;PMPCB;TIMM10;PMPCA;TIMM23;TOMM22;TIMM21;NDUFB8;TOMM20;FXN;GRPEL1;TIMM17A;VDAC1;COX19;TIMM17B;IDH3G;TOMM5;CS"
"Signaling By FGFR2 IIIa TM R-HSA-8851708",0.248175182481752,0.639338715135109,0.135740943810425,0.379573067874503,1.18071787151765,19,"FGF1;POLR2L;POLR2J;POLR2I;FGFR2;GTF2F2"
"RNA Polymerase I Promoter Opening R-HSA-73728",0.248768472906404,0.639455523968664,0.136490437780413,0.330207462175832,1.14826502864912,29,"H2AC19;H2AJ;H3-3B;H2BC17;H2AX;H2AB1;H2AC6;H2AZ2;H4C15;H2BC21"
"RHOA GTPase Cycle R-HSA-8980692",0.249322493224932,0.639471098007683,0.143758989039275,0.225870906398063,1.09780631845933,147,"ANLN;ERBIN;ARHGAP21;AAAS;FLOT2;RHPN2;MYO9B;KTN1;PREX1;ARHGEF15;PLEKHG6;ARHGAP23;STBD1;ARHGAP5;RTKN;JUP;RHOA;PKN1;TEX2;ARHGEF19;DDRGK1;ARHGAP9;ARHGEF40;CAV1;VAMP3;CAVIN1"
"Disassembly Of Destruction Complex And Recruitment Of AXIN To Membrane R-HSA-4641262",0.251231527093596,0.64020978253714,0.135740943810425,0.326403315631447,1.13503647102662,29,"WNT8A;DVL3;AXIN1;LRP6;PROC;FZD2;CAV1;LRP5"
"FGFR2 Alternative Splicing R-HSA-6803529",0.251256281407035,0.64020978253714,0.137250779610133,0.348531718592758,1.16759275465458,25,"HNRNPA1;POLR2L;POLR2J;TIAL1;POLR2I;HNRNPM;GTF2F2;HNRNPH1"
"Regulation Of TP53 Activity Thru Methylation R-HSA-6804760",0.251207729468599,0.64020978253714,0.134273452883202,0.387198932152638,1.19525437392894,18,"RPS27A;KMT5A;UBA52;ATM"
"Cell Death Signaling Via NRAGE, NRIF And NADE R-HSA-204998",0.255583126550869,0.643671351528027,0.135002033828631,0.259835362935198,1.10238256151362,73,"RPS27A;PSEN1;RNASE1;PREX1;ARHGEF15;ARHGEF35;PSENEN;UBA52;APH1B;ARHGEF26;ARHGEF19;SOS2;GNA13;ARHGEF40;ARHGEF37"
"Chondroitin Sulfate/Dermatan Sulfate Metabolism R-HSA-1793185",0.255924170616114,0.643671351528027,0.131457611642763,0.280392817827328,1.10960876234501,50,"XYLT1;B4GALT7;B3GAT3;BGN;B3GAT2;CSGALNACT2;BCAN;AGRN;SDC4;HSPG2;CHST11;HYAL3"
"GLI3 Is Processed To GLI3R By Proteasome R-HSA-5610785",0.253833049403748,0.643671351528027,0.109250039480711,-0.29184796336962,-1.13542055766254,58,"PSMA6;PSMC5;PSMD12;PSMC4;PSMD7;GSK3B;PSMD2;PSMB5;PSMD9;PSMD11;PSMC2;PSMA1;SUFU;PSMA5;PSMC3;PSMD5;PRKACG;PSMF1;PSMB4"
"Negative Regulation Of FGFR2 Signaling R-HSA-5654727",0.255474452554745,0.643671351528027,0.133554954557592,0.320514141443693,1.1481787978984,33,"FGF1;RPS27A;PTPN11;UBA52;FGF18;FGFR2"
"PI3K/AKT Signaling In Cancer R-HSA-2219528",0.255696202531646,0.643671351528027,0.136490437780413,0.238699680689983,1.09021587115697,105,"FGF1;GAB2;PRR5;PDGFB;PTPN11;RNASE1;FOXO4;RAC2;ERBB3"
"Signaling By Nuclear Receptors R-HSA-9006931",0.253687315634218,0.643671351528027,0.149207542435322,0.20288966845913,1.06826650204881,255,"CRABP2;APOD;SCD;CTSD;H2AC19;RAD21;KDM1A;HSP90AA1;CBFB;GATA3;PTK2;POLR2L;GNAI1;DAND5;KAT2B;FKBP4;AXIN1;H2AJ;DHRS4;H3-3B;CCND1;POLR2J;ALDH1A1;H2BC17;FKBP5;KDM4B;H2AX;H2AB1;PRMT1;H2AC6;POLR2I;IGF1R;NCOR2;GNG5;H2AZ2;CAV1;GNAI2;PDHA2;AGO2;H4C15;RXRA;GPAM;GNB3;FOXO3;GPS2;APOE;PLIN1;PTGES3;PDK4;APOC1;GTF2F2;H2BC21;GNG11;KCNH8;RXRB;S1PR3;STAG2;ABCG1"
"ER Quality Control Compartment (ERQC) R-HSA-901032",0.257352941176471,0.645872865275142,0.133554954557592,0.365394867547366,1.15690027443172,20,"RPS27A;RNF185;UBA52"
"Diseases Of Signal Transduction By Growth Factor Receptors And Second Messengers R-HSA-5663202",0.260586319218241,0.652584194265423,0.155241966228839,0.190414662112239,1.05880231854773,421,"QKI;FGF1;GAB2;ERBIN;RPS27A;RPS6;PSEN1;PRR5;CTBP2;KIF5B;HIP1;PDGFB;AP3B1;PTPN11;RNASE1;FOXO4;RAC2;NPM1;SPTBN1;HSP90AA1;ERBB3;LMNA;YES1;CSK;EEF1G;RAP1A;POLR2L;KAT2B;PSMD10;AXIN1;LRP6;PSENEN;UBA52;APH1B;RBPJ;POLR2J;TNKS2;PROC;RAP1B;DKK1;RNF213;MYO18A;DUSP10;POLR2I;BCL2L1;ERLIN2;NCOR2;PSMD14;RHOG;HEYL;DUSP6;RRBP1;FGF18;ARRB2;TPM4;JAG1;HDAC6;TRAT1;RANBP2;FGFR2;CARS1;ALK;PPM1B;HDAC7;FOXO3;CD80;FGFR1OP2;CUL1;LRP5;GTF2F2;PSME2"
"ADORA2B Mediated Anti-Inflammatory Cytokine Production R-HSA-9660821",0.264659270998415,0.65327371580914,0.102080107662747,-0.236053373116657,-1.08290961084072,130,"GNB5;GNG3;CHGA;PRKAR2B;PRKAR1B;GNAS;GNB1;CREB1;ADCY1;GPR83;GNGT1;HTR6;PTHLH;RXFP2;CYSLTR2;GNG4;MC5R;IAPP;PTGER2;GNG2;GNB2;NPS;MC1R;PRKAR2A;ADRB2;HRH2;LHCGR;TAAR8;FSHB;GLP2R;GNG13;PRKACG;ADCY9;ADRB3;GNAT3;CRHR2;ADCY2;GNGT2;RXFP1;PRKACB;RAMP2;IL6;GIPR;GNG10;GPR176;GPR39;PTH2R;RLN2;RAMP1;CRHR1;TAAR9;ADM;PTRH2"
"Assembly Of Active LPL And LIPC Lipase Complexes R-HSA-8963889",0.265206812652068,0.65327371580914,0.130777137971974,0.376670102734877,1.17168777135817,19,"FGF21;PCSK6;APOA5"
"Death Receptor Signaling R-HSA-73887",0.262162162162162,0.65327371580914,0.139599673451922,0.226862830915102,1.09077436508903,138,"MAG;RPS27A;PSEN1;RELA;RNASE1;PREX1;ARHGEF15;ARHGEF35;PSENEN;UBA52;APH1B;RHOA;ARHGEF26;ARHGEF19;SOS2;OTUD7B;TNF;GNA13;NFKBIA;SMPD3;ARHGEF40;ARHGEF37;OMG;TRADD;CFLAR"
"Downregulation Of SMAD2/3:SMAD4 Transcriptional Activity R-HSA-2173795",0.264563106796116,0.65327371580914,0.130777137971974,0.319287392250378,1.12644167649035,30,"RPS27A;UBA52;PPM1A;SMAD7;SKI;NCOR2"
"Gap Junction Trafficking R-HSA-190828",0.263245033112583,0.65327371580914,0.105125131597001,-0.357167773413442,-1.16079704549692,25,"DNM1;CLTC;AP2M1;CLTB;GJB6"
"IL-6-type Cytokine Receptor Ligand Interactions R-HSA-6788467",0.263605442176871,0.65327371580914,0.106729884364606,-0.400436611127162,-1.17563858381998,17,"CCM2;CLCF1;IL31RA;JAK2;LIF;CNTF;IL11;OSMR;IL31"
"Recycling Pathway Of L1 R-HSA-437239",0.265339966832504,0.65327371580914,0.104732821580651,-0.341742374254171,-1.14265149570538,28,"DNM1;CLTC;AP2M1;L1CAM;AP2S1;AP2A1"
"Regulation Of RUNX1 Expression And Activity R-HSA-8934593",0.263285024154589,0.65327371580914,0.130777137971974,0.378456249368032,1.16354366216155,17,"PTPN11;CBFB;CCND1;AGO2;CCND2"
"E2F Mediated Regulation Of DNA Replication R-HSA-113510",0.268581081081081,0.655719919710506,0.105125131597001,-0.36722700784045,-1.14147203732158,22,"ORC4;PPP2R1A;SLC25A2;ORC6;CCNB1;PPP2CA"
"Hedgehog Ligand Biogenesis R-HSA-5358346",0.267441860465116,0.655719919710506,0.104343952581949,-0.283898798502034,-1.13015039043299,63,"PSMA6;GPC5;PSMC5;PSMD12;PSMC4;VCP;PSMD7;PSMD2;PSMB5;PSMD9;PSMD11;ERLEC1;PSMC2;PSMA1;ADAM17;PSMA5;PSMC3;PSMD5;PSMF1;PSMB4;SHH;P4HB;SEL1L;PSMA7;OS9;PSMC6;PSMD8"
"IRE1alpha Activates Chaperones R-HSA-381070",0.268251273344652,0.655719919710506,0.105520936843198,-0.302233846075234,-1.13264257541819,48,"GSK3A;DCTN1;PPP2R5B;EXTL1;ERN1;PDIA5;SRPRB;TATDN2;KLHDC3;CUL7;SRPRA;ATP6V0D1;TSPYL2;SERP1;GOSR2;PLA2G4B;WFS1;SSR1;ACADVL"
"NR1H3 And NR1H2 Regulate Gene Expression Linked To Cholesterol Transport And Efflux R-HSA-9029569",0.268292682926829,0.655719919710506,0.130105630751129,0.309844987538557,1.13649529089013,36,"APOD;KDM1A;NCOR2;AGO2;RXRA;GPS2;APOE;APOC1;RXRB;ABCG1"
"Sema4D In Semaphorin Signaling R-HSA-400685",0.27027027027027,0.658466399593748,0.130105630751129,0.353062394625412,1.1530623813635,23,"RNASE1;SEMA4D;RRAS;PLXNB1;RHOA;MYL6;ROCK1"
"Activation Of SMO R-HSA-5635838",0.272108843537415,0.660189231617803,0.104732821580651,-0.388409058706595,-1.15807953577258,18,"GAS1;CDON;GRK2;SMOX;BOC;EVC;SHH;EVC2;GAS8;KIF3A;ARRB1;CSNK1A1"
"Formation Of beta-catenin:TCF Transactivating Complex R-HSA-201722",0.272058823529412,0.660189231617803,0.129442887745046,0.273261760190402,1.10426742474557,57,"H2AC19;TLE4;TCF7L1;H2AJ;H3-3B;H2BC17;H2AX;H2AB1;H3-4;H2AC6;PYGO2;H2AZ2;H4C15;MEN1;H2BC21"
"Aberrant Regulation Of Mitotic Cell Cycle Due To RB1 Defects R-HSA-9687139",0.273170731707317,0.660995700150236,0.128788713061714,0.308081396506759,1.13002653075747,36,"CDKN1C;TFDP1;E2F1;CCND1;CDK4;ANAPC7;UBE2S;CCND2;CCNE1;FZR1;CDKN1B"
"Detoxification Of Reactive Oxygen Species R-HSA-3299685",0.274706867671692,0.660995700150236,0.103197466945307,-0.327389920087488,-1.14043739189396,34,"PRDX2;CYCS;GSR;GPX3;ATP7A;GPX1;GPX7;PRDX5;TXNRD2"
"Gap Junction Trafficking And Regulation R-HSA-157858",0.274247491638796,0.660995700150236,0.103197466945307,-0.344627055456521,-1.13756949640876,27,"DNM1;CLTC;AP2M1;CLTB;GJB6"
"Nuclear Pore Complex (NPC) Disassembly R-HSA-3301854",0.274698795180723,0.660995700150236,0.127505315300183,0.309092878374354,1.13366667466312,35,"AAAS;NEK7;POM121C;RNASE7;NUP50;NUP62;NUP214;NUP35;RANBP2;NUP188;NEK9;NUP133"
"DAP12 Interactions R-HSA-2172127",0.279012345679012,0.669201925652242,0.128142916898415,0.296889458776537,1.12080766259282,40,"KLRC2;HLA-C;RNASE1;B2M;SIGLEC16;HLA-B;GRAP2;LCP2;TREM2"
"Insulin Processing R-HSA-264876",0.279264214046823,0.669201925652242,0.102080107662747,-0.341506077029922,-1.12726754883722,27,"MYO5A;PCSK2;VAMP2;CLTRN;EXOC1;STX1A;INS"
"Hh Mutants Abrogate Ligand Secretion R-HSA-5387390",0.281144781144781,0.669583591012162,0.102080107662747,-0.2851328102573,-1.11251480836975,57,"PSMA6;PSMC5;PSMD12;PSMC4;VCP;PSMD7;PSMD2;PSMB5;PSMD9;PSMD11;ERLEC1;PSMC2;PSMA1;PSMA5;PSMC3;PSMD5;PSMF1;PSMB4;SHH;SEL1L;PSMA7;OS9;PSMC6;PSMD8"
"ISG15 Antiviral Mechanism R-HSA-1169408",0.280788177339901,0.669583591012162,0.127505315300183,0.257722525612026,1.0925930353731,72,"RPS27A;AAAS;USP18;POM121C;RNASE7;UBA52;NUP50;HERC5;NUP62;NUP214;NUP35;RANBP2;PPM1B;EIF4G3;NUP188"
"Signaling By B Cell Receptor (BCR) R-HSA-983705",0.280265339966833,0.669583591012162,0.101350743797099,-0.246977533937323,-1.09715065885121,108,"PRKCB;PPP3R1;ITPR1;PPP3CB;NFKBIE;PSMA6;PSMC5;PPP3CA;REL;PSMD12;PSMC4;PSMD7;PSMD2;PSMB5;RASGRP1;PSMD9;PSMD11;CD19;GRB2;PIK3R1;PSMC2;PSMA1;CALM1;PSMA5;PSMC3;PSMD5;NCK1;PSMF1;PSMB4"
"Complex I Biogenesis R-HSA-6799198",0.281833616298812,0.669857088025892,0.102449405629826,-0.292482094516973,-1.11587730278562,51,"NDUFAF4;NDUFA9;NDUFA13;NDUFA8;NDUFAB1;NDUFC1;NDUFS8;NDUFB10;NDUFAF6;ECSIT;NDUFB6;NDUFS5;NDUFAF1;COA1;NUBPL;NDUFS4;NDUFA1;NDUFB2;NDUFV2;NDUFB3;NDUFAF7;NDUFB8;NDUFA7;NDUFV1;NDUFB11;NDUFA11"
"N-Glycan Antennae Elongation R-HSA-975577",0.282534246575342,0.670157450718343,0.102821842840815,-0.409311929397969,-1.14531628178012,15,"ST8SIA3;B4GALT6;B4GALT1;B4GALT4;ST8SIA6;MGAT5"
"Glycolysis R-HSA-70171",0.284757118927973,0.672695461111224,0.100990587455923,-0.274818272964114,-1.10413060826216,67,"ENO2;PFKM;PGK1;PKM;TPI1;PPP2R1A;NUP88;PFKP;NDC1;ENO3;ENO1;PPP2CA;PFKFB1;PGM2L1;NUP54;ALDOC;PRKACG;GNPDA1;NUP43"
"Signaling By ERBB2 TMD/JMD Mutants R-HSA-9665686",0.28433734939759,0.672695461111224,0.125033367555272,0.353995050665317,1.13943152523257,21,"ERBIN;HSP90AA1;ERBB3"
"GSK3B And BTRC:CUL1-mediated-degradation Of NFE2L2 R-HSA-9762114",0.287931034482759,0.67608755984181,0.102080107662747,-0.296766614306455,-1.12012264324306,50,"PSMA6;PSMC5;PSMD12;PSMC4;PSMD7;GSK3B;PSMD2;PSMB5;PSMD9;PSMD11;PSMC2;PSMA1;PSMA5;PSMC3;PSMD5;PSMF1;PSMB4"
"HCMV Late Events R-HSA-9610379",0.287841191066998,0.67608755984181,0.126253987849115,0.251204128084093,1.09891686420142,86,"H2AC19;AAAS;MVB12B;POM121C;RNASE7;VPS37D;NUP50;H2BC17;NUP62;NUP214;H2BC18;H2AC6;HNRNPK;CHMP6;NUP35;RANBP2;H4C15;VPS25;CEBPD;CHMP4B;H2BC21;NUP188;SNF8;TXN2;NUP133;CHMP1A;H2BC4"
"Regulation Of Pyruvate Dehydrogenase (PDH) Complex R-HSA-204174",0.287394957983193,0.67608755984181,0.100633389423036,-0.398993558705355,-1.1487839241901,16,"PDHB;PDK3;PPARD;PDK2;PDP2;PDPK1"
"Post-chaperonin Tubulin Folding Pathway R-HSA-389977",0.289608177172061,0.678660126023686,0.100990587455923,-0.366730661179399,-1.12631583057729,21,"TUBB2A;TUBA4A;TUBA8;TUBB4B;TUBB6;TUBB2B;TUBB3"
"Calnexin/calreticulin Cycle R-HSA-901042",0.291457286432161,0.681624555643951,0.126253987849115,0.336646169078421,1.12777577170089,25,"RPS27A;RNF185;UBA52;CALR;PDIA3;CANX"
"Hyaluronan Metabolism R-HSA-2142845",0.292436974789916,0.682547899159664,0.0995791200495904,-0.397040849492563,-1.14316167565168,16,"HMMR;SPAM1;HAS2;HEXB;STAB2;HAS3;SLC9A1"
"Chondroitin Sulfate Biosynthesis R-HSA-2022870",0.294117647058824,0.682619446438542,0.12384217120105,0.357964661517165,1.13337501953933,20,"BGN;CSGALNACT2;BCAN;CHST11;CSGALNACT1;CHST3;DCN;NCAN;CSPG4"
"RA Biosynthesis Pathway R-HSA-5365859",0.294718909710392,0.682619446438542,0.0999276973731092,-0.36610594338604,-1.12439717578568,21,"RDH11;CRABP1;SDR16C5;ADH1A;ALDH8A1;AKR1C3"
"RET Signaling R-HSA-8853659",0.294807370184255,0.682619446438542,0.0988903007520636,-0.311026273228889,-1.10906835108142,40,"SHC3;GFRA2;RAP1GAP;DOK6;GRB2;PIK3R2;PIK3R1;RET;GFRA1;PRKACG;DOK4;GDNF;CLSTN1;SOS1;GFRA3;PIK3CA;PRKACB;SHANK3"
"Translesion Synthesis By POLH R-HSA-110320",0.294685990338164,0.682619446438542,0.122679189568808,0.368479408361033,1.13746859294708,18,"RPS27A;UFD1;UBA52;SLC19A1;NPLOC4"
"Activation Of ATR In Response To Replication Stress R-HSA-176187",0.296422487223169,0.683251990382816,0.0995791200495904,-0.320531903027434,-1.11496497930745,35,"ORC4;SLC25A2;CDC25A;ORC6;POLR1A;MCM6;CDC45;CDC7;SERPINA2;RAD17;POLR1B;CDK2;HUS1;MCM4;RFC2;RAD9B;RFC3;DBF4;RPA3"
"Antimicrobial Peptides R-HSA-6803157",0.296666666666667,0.683251990382816,0.0982123351217438,-0.258785140448438,-1.09124926905124,84,"CHGA;LEAP2;BPIFB1;CTSG;LYZ;DEFB129;DEFB124;PDZD11;S100A9;HTN1;ATP7A;BPIFB4;PRSS2;LCN2;DEFB130A;DCD;S100A8;DEFB134;PGLYRP1;DEFB107A;ELANE;DEFB112"
"Synthesis, Secretion, And Deacylation Of Ghrelin R-HSA-422085",0.29683698296837,0.683251990382816,0.122679189568808,0.368885390110119,1.14747227742929,19,"GH1;SEC11A;UCN;IGF1"
"Class I MHC Mediated Antigen Processing And Presentation R-HSA-983169",0.297935103244838,0.684429656469932,0.0908241419007155,-0.201891219309977,-1.05526246729372,374,"ASB5;UBE2W;FBXL16;HACE1;TRIM32;ASB9;HERC3;ASB17;LMO7;PSMA6;UBAC1;FBXO6;UBE2D1;FBXW7;LNX1;SIAH2;PSMC5;RNF6;FBXO21;KBTBD6;PSMD12;CTSS;PSMC4;FBXO11;ASB14;SEC23A;ANAPC13;LRRC41;UBE2M;LRSAM1;PSMD7;UBE3A;S100A9;UBE2U;PSMD2;PSMB5;PSMD9;CTSV;UBE2K;PSMD11;TRIM37;PJA2;BECN1;ASB6;TRAIP;MYLIP;KBTBD13;UBA6;UBE3C;MIB2;NEDD4L;FBXL12;SOCS3;UBE3B;FBXO41;SH3RF1;RNF41;UBE2D4;FBXO22;KLHL3;FBXO2;RNF114;UBE2D2;PJA1;GLMN;SEC24A;GAN;CUL7;PSMC2;UBE2L6;PSMA1;S100A8;ASB8;FBXL19;CBLL2;ASB2;PIK3R4;RNF182;ASB11;TLR6;PSMA5;PSMC3;PSMD5;HECW2;TLR4;PSMF1;FGG;PSMB4;TRIM39;FBXO10;UBE2C;TRAF7;UBE2Q1;UBE2O;RNF14;FBXW8;ANAPC4;UBE2V2;STUB1;ZNRF2;UBE2N;UBA1;UBE2D3;HECTD2;CBLB;SPSB4;BTRC;RNF115;UBE2J1;TRIM9;THOP1;CYBB;PSMA7;FBXO17;MGRN1;ZNRF1;UBE3D;FBXO9;ERAP2;PSMC6;MYD88;PSMD8;KLHL13;UBE2G2;UBE4A;UBE2E2;FBXO15;FBXL18;FBXL22;SEC24D;SEC24B;DET1"
"Synthesis Of PIPs At Plasma Membrane R-HSA-1660499",0.298811544991511,0.685094445982502,0.0988903007520636,-0.287734541601898,-1.09776444514059,51,"PLEKHA5;PLEKHA3;PTEN;SYNJ1;MTMR6;OCRL;INPP5J;BMX;PLEKHA6;PIK3R2;PIP5K1C;PIK3R1"
"Citric Acid Cycle (TCA Cycle) R-HSA-71403",0.301184433164129,0.686757565038428,0.0982123351217438,-0.375782664627592,-1.13467588668204,19,"LDLR;SUCLA2;MDH2;IDH3B;IDH3A;SDHB;FAHD1"
"Constitutive Signaling By Aberrant PI3K In Cancer R-HSA-2219530",0.301507537688442,0.686757565038428,0.12384217120105,0.253011732804973,1.08141186575659,78,"FGF1;GAB2;PDGFB;PTPN11;RNASE1;RAC2;ERBB3"
"Estrogen-dependent Nuclear Events Downstream Of ESR-membrane Signaling R-HSA-9634638",0.302479338842975,0.686757565038428,0.0965629554309422,-0.34968844444149,-1.12415759919461,24,"EGFR;CREB1;BCL2;AKT1;MAPK3;UHMK1;AREG;EPGN"
"Formation Of Senescence-Associated Heterochromatin Foci (SAHF) R-HSA-2559584",0.301020408163265,0.686757565038428,0.0985499803531691,-0.388408716550947,-1.14032598613788,17,"H1-3;LMNB1;EP400;H1-5;H1-4;H1-1;RB1;UBN1;HMGA1;TP53;ASF1A"
"Vif-mediated Degradation Of APOBEC3G R-HSA-180585",0.302364864864865,0.686757565038428,0.0978773277424561,-0.286420758025344,-1.09671299331116,52,"PSMA6;PSMC5;PSMD12;PSMC4;PSMD7;PSMD2;PSMB5;PSMD9;PSMD11;APOBEC3G;PSMC2;PSMA1;PSMA5;PSMC3;PSMD5;PSMF1;PSMB4"
"Growth Hormone Receptor Signaling R-HSA-982772",0.304201680672269,0.687488340582627,0.0972150808846466,-0.354035297453678,-1.11889404458467,23,"GH2;JAK2;SOCS3;MAPK3;ADAM17;GHR;SH2B1;STAT5A"
"Initial Triggering Of Complement R-HSA-166663",0.303921568627451,0.687488340582627,0.121543282035469,0.356541281374273,1.12886836379732,20,"C4B;C1QB;HNRNPC;C3;GZMM;C1QC"
"Ras Activation Upon Ca2+ Influx Thru NMDA Receptor R-HSA-442982",0.304568527918782,0.687488340582627,0.09754492162472,-0.374385611002283,-1.130457482774,19,"CAMK2A;NEFL;CAMK2G;RASGRF1;GRIN2B;CALM1"
"APC/C:Cdc20 Mediated Degradation Of Mitotic Proteins R-HSA-176409",0.315525876460768,0.688834235120511,0.0946646223153342,-0.261928598962906,-1.07769272070861,74,"PSMA6;UBE2D1;PSMC5;PSMD12;PSMC4;PSMD7;PSMD2;MAD2L1;PSMB5;PSMD9;PSMD11;CCNB1;BUB1B;PSMC2;PSMA1;ANAPC15;PSMA5;PSMC3;PSMD5;PSMF1;PSMB4;UBE2C"
"Acyl Chain Remodelling Of PI R-HSA-1482922",0.311594202898551,0.688834235120511,0.118815039412263,0.362533810146907,1.11459096743705,17,"PLAAT3;PLA2G12A;PLA2G5;PLA2G4C;PLBD1;PLA2G2A"
"Common Pathway Of Fibrin Clot Formation R-HSA-140875",0.309121621621622,0.688834235120511,0.0965629554309422,-0.354186539050553,-1.10093762629128,22,"F5;PROS1;F2R;F8;F13A1;SERPINE2;FGG;TTF2;PRTN3;F13B"
"Digestion R-HSA-8935690",0.311274509803922,0.688834235120511,0.119887845115423,0.355008890299589,1.1240165615081,20,"AMY1A;PMEL;CEL;LIPF"
"Diseases Associated With Glycosylation Precursor Biosynthesis R-HSA-5609975",0.311004784688995,0.688834235120511,0.118287526124085,0.37387627490231,1.10863514393493,15,"DPM2;NUS1;PMM2;DPM1;GALK1;PGM1"
"KSRP (KHSRP) Binds And Destabilizes mRNA R-HSA-450604",0.311594202898551,0.688834235120511,0.118815039412263,0.36207782274031,1.1131890583449,17,"KHSRP;EXOSC6;EXOSC3;YWHAZ;EXOSC2;DIS3"
"MHC Class II Antigen Presentation R-HSA-2132295",0.314569536423841,0.688834235120511,0.0943563635421779,-0.243638690795129,-1.06734683894328,101,"DNM1;SPTBN2;CLTC;AP2M1;DCTN3;AP2S1;AP2A1;CTSB;DCTN1;KIF3C;CTSS;AP1S1;SEC23A;CTSA;KIF20A;CTSV;CAPZA1;AP1M2;SH3GL2;DYNC1H1;SEC24A;KLC1;HLA-DQA2;CAPZA2"
"Mitochondrial Translation Termination R-HSA-5419276",0.313758389261745,0.688834235120511,0.0952879846194844,-0.256874090766697,-1.07382062091764,82,"MRPS21;MRPL3;MRPL1;MRPS34;MRPL23;MRPS18A;MRPL16;MRPL54;MRPL50;MRPL13;MRPS31;MRPL44;MTRF1L;ERAL1;MRPL47;MRPS7;CHCHD1;GADD45GIP1;MRPL17;MRPS23;MRPS27;MRPL15;MRPL21;MRPL41;MRPL55;MRPL57"
"Mitophagy R-HSA-5205647",0.314356435643564,0.688834235120511,0.119887845115423,0.32477108233211,1.10889744570046,27,"RPS27A;MFN1;TOMM40;UBA52;TOMM7"
"Other Interleukin Signaling R-HSA-449836",0.309090909090909,0.688834235120511,0.0952879846194844,-0.347272777093837,-1.1163918555758,24,"SNAP25;VAMP2;SDC1;STX3;STX1A;IFNL1"
"RHOD GTPase Cycle R-HSA-9013405",0.31551724137931,0.688834235120511,0.0965629554309422,-0.291405514308834,-1.09988758575838,50,"ACTN1;TMPO;PLXNA1;DIAPH1;LMNB1;LMAN1;ARHGAP32;VANGL1;ARHGAP26;RHOD;PIK3R2;AKAP12;PIK3R1;SLC4A7;DIAPH2;CPNE8;VAPB;DBN1;MCAM"
"Regulation Of Activated PAK-2p34 By Proteasome Mediated Degradation R-HSA-211733",0.315789473684211,0.688834235120511,0.0956031492204301,-0.294057498051754,-1.10200113666773,48,"PSMA6;PSMC5;PSMD12;PSMC4;PSMD7;PSMD2;PSMB5;PSMD9;PSMD11;PSMC2;PSMA1;PSMA5;PSMC3;PSMD5;PSMF1;PSMB4"
"Regulation Of FZD By Ubiquitination R-HSA-4641263",0.313868613138686,0.688834235120511,0.118815039412263,0.358895452391697,1.11639710640743,19,"RPS27A;LRP6;UBA52;LRP5"
"Resolution Of Abasic Sites (AP Sites) R-HSA-73933",0.314356435643564,0.688834235120511,0.119887845115423,0.293320423555425,1.08756492128773,38,"ADPRS;POLD4;FEN1;POLE4;POLD2;TDG;UNG;SLC19A1;PNKP;POLD1"
"Signaling By SCF-KIT R-HSA-1433557",0.315403422982885,0.688834235120511,0.118815039412263,0.286740260309584,1.0921551600895,42,"GAB2;PTPN11;RNASE1;YES1"
"Sphingolipid Metabolism R-HSA-428157",0.310945273631841,0.688834235120511,0.120985142145252,0.2478352481417,1.08255456959411,87,"UGT8;DEGS2;FA2H;GLTP;NAT8;PLPP2;CPTP;KDSR;CERS2;CERS4;DEGS1;PLPP3;ACER2;SMPD3;ARSA;SMPD4;GM2A;SGPP1;NEU3;SGPL1;ASAH1;SGMS1;ALDH3B1"
"Stabilization Of P53 R-HSA-69541",0.312820512820513,0.688834235120511,0.0965629554309422,-0.280979035077939,-1.08653096719848,55,"PSMA6;PSMC5;PSMD12;PSMC4;PSMD7;PSMD2;PSMB5;PSMD9;PSMD11;CHEK2;PSMC2;PSMA1;PSMA5;PSMC3;PSMD5;PSMF1;PSMB4"
"XBP1(S) Activates Chaperone Genes R-HSA-381038",0.313559322033898,0.688834235120511,0.0959206777921745,-0.296714725283003,-1.09573520559271,46,"GSK3A;DCTN1;PPP2R5B;EXTL1;PDIA5;SRPRB;TATDN2;KLHDC3;CUL7;SRPRA;ATP6V0D1;TSPYL2;SERP1;GOSR2;PLA2G4B;WFS1;SSR1;ACADVL"
"Effects Of PIP2 Hydrolysis R-HSA-114508",0.319397993311037,0.694827651731084,0.0940503465727813,-0.332594766658747,-1.09785246174299,27,"DGKZ;ITPR1;DGKE;DGKA;RASGRP1;PRKCE"
"Glyoxylate Metabolism And Glycine Degradation R-HSA-389661",0.319727891156463,0.694827651731084,0.0949751525905595,-0.327027873374949,-1.10774269858073,31,"DBT;PDHB;HAO1;GNMT;LIAS;NDUFAB1;DHTKD1"
"APC-Cdc20 Mediated Degradation Of Nek2A R-HSA-179409",0.321608040201005,0.696320190936128,0.119348440591015,0.32882984356631,1.10159082339027,25,"RPS27A;UBA52;BUB3;CDC20;ANAPC7;UBE2S"
"RORA Activates Gene Expression R-HSA-1368082",0.321428571428571,0.696320190936128,0.0946646223153342,-0.377451248822515,-1.12540775559861,18,"RORA;TBL1XR1;NCOA2"
"Chaperonin-mediated Protein Folding R-HSA-390466",0.326699834162521,0.700513830195928,0.0922597260527354,-0.252985795296122,-1.06949866479339,85,"GNB5;GNG3;TUBB2A;TUBA4A;RGS7;GNB1;FBXO6;FBXW7;CCT6B;NOP56;GNGT1;RGS11;GNG4;TUBA8;TUBB4B;GNG2;GNB2"
"ESR-mediated Signaling R-HSA-8939211",0.328651685393258,0.700513830195928,0.12563992130984,0.206498810383044,1.04119335319113,185,"CTSD;H2AC19;RAD21;KDM1A;HSP90AA1;CBFB;GATA3;PTK2;POLR2L;GNAI1;DAND5;KAT2B;FKBP4;AXIN1;H2AJ;H3-3B;CCND1;POLR2J;H2BC17;FKBP5;KDM4B;H2AX;H2AB1;PRMT1;H2AC6;POLR2I;IGF1R;GNG5;H2AZ2;CAV1;GNAI2;AGO2;H4C15;GPAM;GNB3;FOXO3;PTGES3;GTF2F2;H2BC21;GNG11"
"Ephrin Signaling R-HSA-3928664",0.326086956521739,0.700513830195928,0.115734447701689,0.353762224280703,1.09203773768584,18,"NCK2;RNASE1;EPHB1;SDCBP;PKN1;EPHB4"
"FGFR1 Mutant Receptor Activation R-HSA-1839124",0.325242718446602,0.700513830195928,0.116234148779716,0.306394388798755,1.08095533166264,30,"FGF1;GAB2;MYO18A;ERLIN2;FGFR1OP2;STAT5B"
"Interleukin-17 Signaling R-HSA-448424",0.327702702702703,0.700513830195928,0.0931454575337804,-0.266421760550343,-1.07331678659856,68,"MEF2C;MAPK10;PPP2R1A;CREB1;NOD2;MAPK8;IL17RE;PPP2CA;MAPK3;IL17RC;IL17C;DUSP3;RPS6KA5;IRAK1;GDNF;FOS;MAPK11;JUN;UBE2N;BTRC;TAB3;MAP2K1"
"Metabolism Of Fat-Soluble Vitamins R-HSA-6806667",0.328813559322034,0.700513830195928,0.0931454575337804,-0.293841256204433,-1.08512379684457,46,"GPC1;RDH11;LDLR;GPC5;SDC1;BCO1;GPC6;GPC3;RBP1;GPC2;RBP4;AKR1C4;AKR1C3"
"Platelet Sensitization By LDL R-HSA-432142",0.326530612244898,0.700513830195928,0.0937465422491719,-0.382320032685074,-1.12245026878712,17,"PPP2R1A;PLA2G4A;PPP2R5B;FGR;PPP2CA"
"RNA Pol II CTD Phosphorylation And Interaction With CE R-HSA-77075",0.328947368421053,0.700513830195928,0.0913924325943768,-0.331093402510237,-1.09115764264461,26,"RNGTT;MNAT1;RNMT;GTF2H5;POLR2K;POLR2G;POLR2H;GTF2H3;POLR2C;GTF2H1;ERCC3;POLR2B"
"Transcriptional Regulation Of Pluripotent Stem Cells R-HSA-452723",0.327586206896552,0.700513830195928,0.116739204791222,0.311439297604214,1.08300052224604,29,"ZIC3;SOX2;CDX2;DKK1;LIN28A;GATA6;TDGF1;SMAD2;HIF3A;STAT3;SALL1"
"Activation Of Pre-Replicative Complex R-HSA-68962",0.330522765598651,0.701309213552046,0.0925528864684773,-0.318760251789578,-1.08836788846927,32,"ORC4;SLC25A2;RPA4;ORC6;POLR1A;MCM6;CDC45;CDC7;GMNN;POLR1B;POLA1"
"Protein Methylation R-HSA-8876725",0.330143540669856,0.701309213552046,0.114266502484433,0.366144997481543,1.08571000417202,15,"RPS2;EEF2KMT;METTL22"
"Leishmania Infection R-HSA-9658195",0.331288343558282,0.701657889169719,0.0870515867946735,-0.210876427231574,-1.05278949887755,241,"GNB5;GNG3;ITPR1;CHGA;MYO5A;BAIAP2;PRKAR2B;PRKAR1B;CYFIP2;GNAS;GNB1;CREB1;FURIN;ADCY1;GPR83;CTSG;MYH2;GNGT1;ACTR2;VAV3;HTR6;GGT5;MAPK8;ARPC2;PLK2;PTHLH;RXFP2;CYSLTR2;GNG4;WASF1;FGR;MC5R;GRB2;NCKAP1;CD247;IAPP;ENTPD1;MAPK3;WASL;PTGER2;GNG2;GNB2;NPS;MC1R;PRKAR2A;ADRB2;HRH2;IL1A;CALM1;LHCGR;ADAM17;TAAR8;NOX1;CD163;P2RX4;FSHB;GLP2R;MYO10;GNG13;NCK1;PRKACG;NCKAP1L;CYSLTR1;ADCY9;WNT5A"
"Budding And Maturation Of HIV Virion R-HSA-162588",0.33248730964467,0.702921540498786,0.11776578836269,0.323999252048868,1.09354618596256,26,"RPS27A;MVB12B;VPS37D;UBA52;CHMP6;CHMP4B"
"Autodegradation Of Cdh1 By Cdh1:APC/C R-HSA-174084",0.34006734006734,0.710722900241207,0.0908241419007155,-0.269572864822291,-1.06396391641806,62,"PSMA6;UBE2D1;PSMC5;PSMD12;PSMC4;PSMD7;PSMD2;PSMB5;PSMD9;PSMD11;PSMC2;PSMA1;ANAPC15;PSMA5;PSMC3;PSMD5;PSMF1;PSMB4;UBE2C"
"FRS-mediated FGFR3 Signaling R-HSA-5654706",0.343065693430657,0.710722900241207,0.112843355675562,0.350872548891587,1.09144068471744,19,"FGF1;PTPN11;FGF18"
"Oxygen-dependent Proline Hydroxylation Of Hypoxia-inducible Factor Alpha R-HSA-1234176",0.338870431893688,0.710722900241207,0.0902635484340068,-0.267266669235162,-1.0639408556133,63,"PSMA6;WTIP;UBE2D1;PSMC5;PSMD12;PSMC4;PSMD7;PSMD2;PSMB5;PSMD9;PSMD11;UBE2D2;PSMC2;PSMA1;EPAS1;PSMA5;PSMC3;PSMD5;PSMF1;PSMB4"
"PI-3K cascade:FGFR3 R-HSA-5654710",0.340579710144928,0.710722900241207,0.112843355675562,0.348823141965715,1.07679115705256,18,"FGF1;PTPN11;FGF18"
"PI5P, PP2A And IER3 Regulate PI3K/AKT Signaling R-HSA-6811558",0.342783505154639,0.710722900241207,0.116739204791222,0.228312781963937,1.04186291679157,106,"PIP4K2A;FGF1;GAB2;PDGFB;PTPN11;RNASE1;RAC2;ERBB3"
"PKA-mediated Phosphorylation Of CREB R-HSA-111931",0.343485617597293,0.710722900241207,0.0905428948469474,-0.363095705564434,-1.09636760937352,19,"PRKAR2B;PRKAR1B;CREB1;ADCY1;NBEA;PRKAR2A;CALM1;PRKACG;ADCY9;ADCY2;PRKACB"
"Platelet Calcium Homeostasis R-HSA-418360",0.338815789473684,0.710722900241207,0.0897104652742981,-0.328910154381062,-1.08396248905992,26,"ITPR1;SLC8A2;ATP2B1;ATP2B3;ATP2A2;CALM1;P2RX6;P2RX4"
"Signaling By FGFR3 R-HSA-5654741",0.341584158415842,0.710722900241207,0.114266502484433,0.288858549446024,1.07102131445065,38,"FGF1;RPS27A;PTPN11;UBA52"
"Signaling By FGFR4 R-HSA-5654743",0.342431761786601,0.710722900241207,0.114266502484433,0.28701563332232,1.07681570677991,39,"FGF1;RPS27A;PTPN11;UBA52"
"Signaling To RAS R-HSA-167044",0.343485617597293,0.710722900241207,0.0905428948469474,-0.363170162824549,-1.09659243309637,19,"SHC3;SHC2;MAPK13;GRB2;RALA"
"Ubiquitin-dependent Degradation Of Cyclin D R-HSA-75815",0.343103448275862,0.710722900241207,0.0916795246008379,-0.285788807013281,-1.07868775828816,50,"PSMA6;PSMC5;PSMD12;PSMC4;PSMD7;GSK3B;PSMD2;PSMB5;PSMD9;PSMD11;PSMC2;PSMA1;PSMA5;PSMC3;PSMD5;PSMF1;PSMB4"
"Vpu Mediated Degradation Of CD4 R-HSA-180534",0.341379310344828,0.710722900241207,0.0919686140000427,-0.286033675338962,-1.07961199485315,50,"PSMA6;PSMC5;PSMD12;PSMC4;PSMD7;PSMD2;PSMB5;PSMD9;PSMD11;PSMC2;PSMA1;PSMA5;PSMC3;PSMD5;PSMF1;PSMB4"
"HIV Infection R-HSA-162906",0.346153846153846,0.713373169426237,0.0847985102819124,-0.210681883662847,-1.04686983997587,224,"SLC25A4;RNGTT;SUPT4H1;AP2M1;NMT2;PSMA6;AP2S1;FURIN;AP2A1;NUP88;MNAT1;CHMP5;PSMC5;NDC1;VPS28;PSMD12;PSMC4;AP1S1;PSMD7;ATP6V1H;RNMT;GTF2A2;NELFB;RCC1;TBP;PSMD2;PSMB5;TAF11;PSMD9;PSMD11;CD8B;TAF3;PDCD6IP;APOBEC3G;NEDD4L;AP1M2;GTF2H5;CD247;KPNA1;POLR2K;NELFA;SLC25A5;POLR2G;PSMC2;PSMA1;DOCK2;NUP54;POLR2H;PSMA5;PSMC3;PSMD5;ELOA;GTF2H3;XRCC4;TAF9B;PSMF1;PSMB4;GTF2B"
"Signaling By FGFR2 R-HSA-5654738",0.346534653465347,0.713373169426237,0.11331290842208,0.249403717308486,1.0464609235833,70,"FGF1;HNRNPA1;RPS27A;PTPN11;POLR2L;UBA52;POLR2J;TIAL1;POLR2I;FGF18;FGFR2;HNRNPM;GTF2F2"
"mRNA Capping R-HSA-72086",0.346600331674959,0.713373169426237,0.0888945288620449,-0.324172812122336,-1.08390582071367,28,"RNGTT;MNAT1;RNMT;GTF2H5;POLR2K;POLR2G;POLR2H;GTF2H3;POLR2C;GTF2H1;ERCC3;POLR2B"
"Switching Of Origins To A Post-Replicative State R-HSA-69052",0.347899159663866,0.714785773464315,0.0894366833718621,-0.245943693742936,-1.04998428587264,89,"ORC4;PSMA6;SLC25A2;UBE2D1;PSMC5;PSMD12;PSMC4;PSMD7;PSMD2;PSMB5;PSMD9;ORC6;PSMD11;PSMC2;PSMA1;ANAPC15;PSMA5;PSMC3;PSMD5;MCM6;PSMF1;PSMB4;UBE2C"
"APC:Cdc20 Mediated Degradation Of Cell Cycle Proteins Before Cycle Checkpoint Satisfied R-HSA-179419",0.352348993288591,0.715740390674228,0.0886261133285098,-0.25807833837668,-1.05438302544629,72,"PSMA6;UBE2D1;PSMC5;PSMD12;PSMC4;PSMD7;PSMD2;MAD2L1;PSMB5;PSMD9;PSMD11;BUB1B;PSMC2;PSMA1;ANAPC15;PSMA5;PSMC3;PSMD5;PSMF1;PSMB4;UBE2C"
"Formation Of ATP By Chemiosmotic Coupling R-HSA-163210",0.349579831932773,0.715740390674228,0.0891647117820678,-0.378417793400476,-1.08954209460556,16,"ATP5F1A;ATP5F1B;ATP5MC3;ATP5F1E;ATP5F1D"
"Gap-filling DNA Repair Synthesis And Ligation In TC-NER R-HSA-6782210",0.351351351351351,0.715740390674228,0.111918316325105,0.258767182037358,1.06283749220972,60,"RPS27A;POLD4;POLR2L;UBA52;POLR2J;HMGN1;UVSSA;POLE4;POLR2I;TCEA1;POLD2"
"Pausing And Recovery Of Tat-mediated HIV Elongation R-HSA-167238",0.352657004830918,0.715740390674228,0.110564716336619,0.299097498074259,1.06161981155053,31,"ELOA2;POLR2L;CTDP1;POLR2J;ELOC;POLR2I;TCEA1"
"RND1 GTPase Cycle R-HSA-9696273",0.349633251833741,0.715740390674228,0.111918316325105,0.279856416410535,1.06593552275124,42,"PKP4;VANGL2;FLOT2;DST;ARHGAP5;UBXN11;CAV1;FAM135A;TMEM59;STIP1;LEMD3"
"Signaling By TGFB Family Members R-HSA-9006936",0.351851851851852,0.715740390674228,0.116739204791222,0.222612270351913,1.03664774395999,118,"RPS27A;COL1A2;TGFB3;AMH;TFDP1;ITGB1;DAND5;YBX1;GDF2;UBA52;PPM1A;FSTL3;RHOA;SMAD7"
"Synthesis Of Glycosylphosphatidylinositol (GPI) R-HSA-162710",0.35024154589372,0.715740390674228,0.11101149245045,0.343907480740842,1.06161687558666,18,"PIGM;PIGN;PIGG;DPM2;PIGH;PIGQ"
"Biosynthesis Of N-glycan Precursor (Dolichol LLO) And Transfer To Protein R-HSA-446193",0.355,0.718144827066536,0.0878312634480124,-0.254182301581785,-1.04964227950982,75,"ALG13;ALG8;MVD;ST8SIA3;ST8SIA1;CTSA;PMM1;GMPPB;ST8SIA5;GFUS;ST8SIA4;CMAS;GNPNAT1;DPM3;FCSK;DPAGT1;ST8SIA6;NANS;ST6GALNAC6"
"DNA Methylation R-HSA-5334118",0.355072463768116,0.718144827066536,0.110122263835536,0.297866875909293,1.05725182826992,31,"H2AC19;H2AJ;H3-3B;H2BC17;H2AX;H2AB1;H2AC6;H2AZ2;H4C15;H2BC21"
"O-glycosylation Of TSR Domain-Containing Proteins R-HSA-5173214",0.3561872909699,0.719153232806008,0.0878312634480124,-0.297880190232174,-1.05680020552893,38,"ADAMTS16;ADAMTSL3;THSD4;ADAMTS15;ADAMTS2;THSD7B;ADAMTS17;ADAMTSL4;ADAMTS9;ADAMTS8;ADAMTSL2;CFP;ADAMTS6;SPON2"
"Rev-mediated Nuclear Export Of HIV RNA R-HSA-165054",0.358024691358025,0.72161453335892,0.11101149245045,0.294339398038747,1.05784741491803,34,"AAAS;POM121C;RNASE7;NUP50;NUP62;NUP214;NUP35;RANBP2;NUP188"
"Cdc20:Phospho-APC/C Mediated Degradation Of Cyclin A R-HSA-174184",0.358931552587646,0.722195037706522,0.0873098257637931,-0.259462324884073,-1.05770266410188,71,"PSMA6;UBE2D1;PSMC5;PSMD12;PSMC4;PSMD7;PSMD2;MAD2L1;PSMB5;PSMD9;PSMD11;BUB1B;PSMC2;PSMA1;ANAPC15;PSMA5;PSMC3;PSMD5;PSMF1;PSMB4;UBE2C"
"Signaling By WNT In Cancer R-HSA-4791275",0.360097323600973,0.723293591467015,0.109684061970549,0.29464457190476,1.05550615911382,33,"CTBP2;AXIN1;LRP6;TNKS2;PROC;DKK1"
"RAF-independent MAPK1/3 Activation R-HSA-112409",0.361179361179361,0.724220471643152,0.110122263835536,0.328343435881746,1.07233302058284,23,"PTPN11;IL6ST;DUSP2;DUSP10;DUSP6;PEA15"
"Transcriptional Regulation By MECP2 R-HSA-8986944",0.363025210084034,0.726673104919498,0.0870515867946735,-0.268624797246473,-1.05011014115546,60,"MEF2C;CAMK2A;GRIA2;RBFOX1;PTEN;AGO4;CREB1;TBL1XR1;SLC2A3;CAMK2G;RNMT;PTPN4;OPRK1;GRIN2B;CALM1;GAD1;SST;IRAK1;AURKB;CAMK2D"
"Dual Incision In TC-NER R-HSA-6782135",0.364303178484108,0.726738135540092,0.109250039480711,0.255583393881015,1.05505859136129,61,"RPS27A;POLD4;POLR2L;UBA52;POLR2J;HMGN1;UVSSA;POLE4;POLR2I;TCEA1;POLD2"
"NOTCH1 Intracellular Domain Regulates Transcription R-HSA-2122947",0.364077669902913,0.726738135540092,0.108820126769161,0.268478092026943,1.03787047802317,46,"RPS27A;TLE4;KAT2B;UBA52;RBPJ;NCOR2;HEYL;HDAC6;HDAC7;CUL1"
"Cell-cell Junction Organization R-HSA-421270",0.366101694915254,0.727931790861661,0.0870515867946735,-0.268786479012203,-1.04802513943456,59,"CADM3;CADM2;F11R;PARD6A;CDH12;CDH8;PRKCI;CDH10;CDH18;CLDN14;NECTIN3;CLDN8;PATJ;NECTIN2;CLDN20;CLDN18"
"Immunoregulatory Interactions Between A Lymphoid And A non-Lymphoid Cell R-HSA-198933",0.366412213740458,0.727931790861661,0.11146266692298,0.22098985024105,1.02909050689785,115,"KIR3DL1;CD99;HLA-C;KIR2DS1;ULBP1;B2M;FCGR1A;ITGB1;HCST;LILRB2;HLA-B;PIANP;C3"
"Initiation Of Nuclear Envelope (NE) Reformation R-HSA-2995383",0.367174280879865,0.727931790861661,0.086794975677172,-0.357696347553456,-1.08006424597944,19,"PPP2R1A;TMPO;VRK1;LMNB1;CCNB1;CCNB2;PPP2CA"
"Resolution Of D-loop Structures Thru Holliday Junction Intermediates R-HSA-5693568",0.367396593673966,0.727931790861661,0.108394255853397,0.29300373373214,1.04962817946494,33,"XRCC2;BLM;BARD1;EME2"
"FCGR3A-mediated Phagocytosis R-HSA-9664422",0.368550368550369,0.728980135759797,0.108820126769161,0.259627988791474,1.0408587783459,56,"ELMO1;MYO9B;RNASE1;YES1;PTK2;ARPC5;ABL1;CDC42;WIPF1;ACTR3;TARP;ARPC3;WASF2"
"SLC Transporter Disorders R-HSA-5619102",0.369458128078818,0.729539146307919,0.108820126769161,0.231618022693417,1.03884855725769,98,"SLC24A4;AAAS;SLC34A3;SLC6A3;POM121C;RNASE7;SLC6A20;SLC6A2;NUP50;SLC4A1;SLC16A1;NUP62;SLC39A4;NUP214;SLC7A7;NUP35;RANBP2;AVPR1B;SLC2A10"
"Transport Of Ribonucleoproteins Into Host Nucleus R-HSA-168271",0.37037037037037,0.730105105105105,0.108820126769161,0.292084944846691,1.04974497434378,34,"AAAS;POM121C;RNASE7;NUP50;NUP62;NUP214;NUP35;RANBP2;NUP188"
"Constitutive Signaling By Ligand-Responsive EGFR Cancer Variants R-HSA-1236382",0.371980676328502,0.732042916147323,0.107140237276725,0.338043874559497,1.03929795962688,17,"RPS27A;HSP90AA1;UBA52"
"Activation Of APC/C And APC/C:Cdc20 Mediated Degradation Of Mitotic Proteins R-HSA-176814",0.373333333333333,0.732235294117647,0.0850427463764322,-0.250540374288292,-1.03460299139903,75,"PSMA6;UBE2D1;PSMC5;PSMD12;PSMC4;PSMD7;PSMD2;MAD2L1;PSMB5;PSMD9;PSMD11;CCNB1;BUB1B;PSMC2;PSMA1;ANAPC15;PSMA5;PSMC3;PSMD5;PSMF1;PSMB4;UBE2C"
"Defects In Vitamin And Cofactor Metabolism R-HSA-3296482",0.373083475298126,0.732235294117647,0.0862865626267245,-0.345968635837934,-1.06255078365775,21,"ACACA;CD320;AMN;MTR;CUBN;PCCB;MMUT;HLCS;ABCD4;MTRR;CBLIF"
"NGF-stimulated Transcription R-HSA-9031628",0.37468982630273,0.733643526273342,0.108394255853397,0.280421098844867,1.05207455166572,39,"SGK1;TF;FOSL1;SH3GL3;ID3;CHD4;DNM2;ASCL1;NAB1;KCNH8"
"Resolution Of D-Loop Structures R-HSA-5693537",0.375308641975309,0.733643526273342,0.107972360317345,0.291548896793304,1.04781843290446,34,"XRCC2;BLM;BARD1;EME2"
"Blood Group Systems Biosynthesis R-HSA-9033658",0.376689189189189,0.734215427917052,0.0852884689790502,-0.337724414273399,-1.04976749254071,22,"FUT11;FUT9;B3GALT2;FUT6;ST6GALNAC6;B3GALT4;FUT1;FUT10;ST3GAL3;ABO"
"Role Of Phospholipids In Phagocytosis R-HSA-2029485",0.376859504132231,0.734215427917052,0.0840745577910723,-0.327889012350126,-1.05407808231845,24,"ITPR1;PLD3;PLA2G6;PRKCE;CD247;PIK3R2;PIK3R1"
"CLEC7A (Dectin-1) Signaling R-HSA-5607764",0.379194630872483,0.737099116846692,0.0845557442441281,-0.237111629106716,-1.03271228470487,98,"PPP3R1;ITPR1;PPP3CB;PSMA6;UBE2D1;PSMC5;PPP3CA;PSMD12;PSMC4;UBE2M;PSMD7;PSMD2;PSMB5;PSMD9;PSMD11;UBE2D2;PSMC2;PSMA1;CALM1;CCL17;PSMA5;PSMC3;PSMD5;CASP8;PSMF1;PSMB4;PDPK1;CLEC7A;PLCG2;UBE2N;MALT1;BTRC;TAB3;PSMA7;NFATC1;PSMC6;PSMD8"
"COPI-independent Golgi-to-ER Retrograde Traffic R-HSA-6811436",0.380234505862647,0.737099116846692,0.0843144320642653,-0.302842989353093,-1.05493006271824,34,"DCTN3;PLA2G4A;RAB6B;DCTN1;PLA2G6;CAPZA1;PAFAH1B3;DYNC1H1;CAPZA2;RAB6A;RAB18;CAPZA3;DCTN4;DYNC1I1;PAFAH1B1;PAFAH1B2;RAB3GAP2"
"Degradation Of GLI1 By Proteasome R-HSA-5610780",0.379897785349233,0.737099116846692,0.0852884689790502,-0.268101507025827,-1.04303610380829,58,"PSMA6;PSMC5;PSMD12;PSMC4;PSMD7;PSMD2;PSMB5;PSMD9;PSMD11;PSMC2;PSMA1;SUFU;PSMA5;PSMC3;PSMD5;PRKACG;PSMF1;PSMB4"
"Asymmetric Localization Of PCP Proteins R-HSA-4608870",0.384485666104553,0.738797554751024,0.0840745577910723,-0.263268723668053,-1.03245924865098,61,"PSMA6;PARD6A;PSMC5;PSMD12;PSMC4;PSMD7;FZD1;PSMD2;PSMB5;PSMD9;PSMD11;FZD4;PSMC2;PSMA1;PSMA5;PSMC3;PSMD5;PSMF1;PSMB4;WNT5A"
"Basigin Interactions R-HSA-210991",0.384422110552764,0.738797554751024,0.107554375265169,0.314563387299417,1.05379772427414,25,"MAG;ITGB1;SLC16A1;SLC7A7;CAV1;SLC16A3;ITGA6"
"FRS-mediated FGFR4 Signaling R-HSA-5654712",0.385542168674699,0.738797554751024,0.104732821580651,0.331536881312984,1.06714366100688,21,"FGF1;PTPN11;FGF18"
"Other Semaphorin Interactions R-HSA-416700",0.384428223844282,0.738797554751024,0.105520936843198,0.336179667513284,1.04573631553077,19,"PLXNB3;SEMA6A;ITGB1;SEMA4D"
"PCNA-Dependent Long Patch Base Excision Repair R-HSA-5651801",0.385542168674699,0.738797554751024,0.104732821580651,0.331273711866035,1.06629657694803,21,"POLD4;FEN1;POLE4;POLD2;SLC19A1;POLD1;POLE3"
"PI-3K cascade:FGFR4 R-HSA-5654720",0.384803921568627,0.738797554751024,0.105920292736253,0.32969255981896,1.04386089353926,20,"FGF1;PTPN11;FGF18"
"RHO GTPases Activate CIT R-HSA-5625900",0.384428223844282,0.738797554751024,0.105520936843198,0.335056873244173,1.04224369876794,19,"RNASE1;RHOA;MYL6;LLGL1;CDKN1B"
"Glutathione Conjugation R-HSA-156590",0.388609715242881,0.742238195889431,0.083129129135339,-0.301271159171767,-1.04945471420411,34,"GGT5;GGT7;GSTA3;PRNP;MGST3;HPGDS;GSTK1;GSTM1;GSTO2;GSTA2;GSTT2;GCLM;OPLAH;MGST2"
"Protein Folding R-HSA-391251",0.388235294117647,0.742238195889431,0.0833634065110386,-0.238412540699758,-1.02368283037175,91,"GNB5;GNG3;TUBB2A;TUBA4A;RGS7;GNB1;FBXO6;FBXW7;CCT6B;NOP56;GNGT1;RGS11;GNG4;TUBA8;TUBB4B;GNG2;GNB2"
"Extracellular Matrix Organization R-HSA-1474244",0.389684813753582,0.743075453677173,0.115240003147781,0.190119647709444,1.02105606740864,290,"COL1A2;SPARC;TGFB3;PSEN1;CTSD;COL16A1;PDGFB;KLK2;DDR1;CD44;JAM3;SPOCK3;DST;BGN;COL6A2;COL9A2;ITGB1;SERPINH1;CAPN3;CXXC1;COLGALT1;TIMP1;LRP4;ITGB4;NCAM1;PPIB;PLEC;ITGAX;CAPN14;BMP7;P4HA1;COL6A1;COL5A2;CAPN12;BCAN;AGRN;CD151;PECAM1;ADAMTS3;SDC4;CAPN15;HSPG2;SH3PXD2A;PLOD1;ITGA10;ADAM12;CAPN2;ITGA6;LTBP3;ADAM15;CTSL;CAPN5"
"EPH-Ephrin Signaling R-HSA-2682334",0.390547263681592,0.743505149618953,0.105920292736253,0.236878104113245,1.03469331326901,87,"PSEN1;EFNA1;NCK2;RNASE1;YES1;PTK2;ARPC5;PSENEN;APH1B;EPHB1;CDC42;AP2A2;RHOA;SDCBP;PKN1;ACTR3;MYL6;ARPC3;EPHB4"
"Recruitment Of NuMA To Mitotic Centrosomes R-HSA-380320",0.391959798994975,0.744978966493706,0.0826646449123753,-0.246879627284392,-1.02722629724388,79,"TUBA4A;PRKAR2B;HAUS8;DCTN3;HAUS3;CEP63;PPP2R1A;YWHAG;DCTN1;HAUS2;TUBB4B;CETN2;HAUS7;CEP131;DYNC1H1;TUBGCP2;MZT2A;CEP76;CEP152;ODF2;CEP290;TUBGCP3;CEP72;HAUS6;TUBGCP5;NEDD1;PCNT"
"Autodegradation Of E3 Ubiquitin Ligase COP1 R-HSA-349425",0.393103448275862,0.745937762825904,0.0840745577910723,-0.27603363145547,-1.04186760229908,50,"PSMA6;PSMC5;PSMD12;PSMC4;PSMD7;PSMD2;PSMB5;PSMD9;PSMD11;PSMC2;PSMA1;PSMA5;PSMC3;PSMD5;PSMF1;PSMB4"
"Regulation Of Apoptosis R-HSA-169911",0.393887945670628,0.746213039931206,0.083129129135339,-0.272744326315694,-1.04057379547238,51,"PSMA6;PSMC5;PSMD12;PSMC4;PSMD7;PSMD2;PSMB5;PSMD9;PSMD11;PSMC2;PSMA1;PSMA5;PSMC3;PSMD5;PSMF1;PSMB4"
"Nuclear Events (Kinase And Transcription Factor Activation) R-HSA-198725",0.39460370994941,0.746357422221979,0.0826646449123753,-0.262347622512002,-1.02884697221245,61,"MEF2C;EGR3;PPP2R1A;CREB1;CDK5R1;CDK5R2;EGR4;PPP2CA;MAPK3;ID2;DUSP3;NAB2;RPS6KA5;VGF;TRIB1;GDNF;FOS;MAPK11;CDK5"
"Sensory Perception Of Sweet, Bitter, And Umami (Glutamate) Taste R-HSA-9717207",0.395309882747069,0.746483225187426,0.0822054920415869,-0.288669099076487,-1.02934635841941,40,"SCN1B;SCN2B;GNB1;SCN2A;TAS2R46;SCN4B;SCN3A"
"p130Cas Linkage To MAPK Signaling For Integrins R-HSA-372708",0.397129186602871,0.748707206406382,0.102449405629826,0.352191879443703,1.04433557615231,15,"PTK2;RAP1A;RAP1B;CRK;FN1;SRC;ITGA2B"
"Centrosome Maturation R-HSA-380287",0.398659966499162,0.750380936942778,0.0817515582532145,-0.244883962104972,-1.01892265641558,79,"TUBA4A;PRKAR2B;HAUS8;DCTN3;HAUS3;CEP63;PPP2R1A;YWHAG;DCTN1;HAUS2;TUBB4B;CETN2;HAUS7;CEP131;DYNC1H1;TUBGCP2;MZT2A;CEP76;CEP152;ODF2;CEP290;TUBGCP3;CEP72;HAUS6;TUBGCP5;NEDD1;PCNT"
"Signaling By NODAL R-HSA-1181150",0.399509803921569,0.750769631524107,0.103576326612592,0.326299189409164,1.03311692446084,20,"PCSK6;DAND5;FOXO3;TDGF1;CFC1;SMAD2;DRAP1"
"AURKA Activation By TPX2 R-HSA-8854518",0.404006677796327,0.752075161179506,0.0808589150280032,-0.253034289088309,-1.03149866477689,71,"TUBA4A;PRKAR2B;HAUS8;HMMR;DCTN3;HAUS3;CEP63;PPP2R1A;YWHAG;DCTN1;HAUS2;TUBB4B;CETN2;HAUS7;CEP131;DYNC1H1;CEP76;CEP152;ODF2;CEP290;CEP72"
"Chromatin Modifying Enzymes R-HSA-3247509",0.40406976744186,0.752075161179506,0.11378726182188,0.19400069541151,1.01513368947098,234,"RPS2;H2AC19;RELA;KDM1A;KMT2E;KAT7;KAT2B;SETD7;EPC1;KMT5A;KAT6B;H2AJ;ATXN7;CCND1;PRDM9;H2BC17;KDM4B;CHD4;H2AX;RBBP4;RUVBL2;H2AB1;CDK4;PRMT1;ING4;H2BC18;KAT6A;H2AC6;SGF29;HAT1;NFKB2;PADI4;NCOR2;TAF10;SMARCE1;H2AZ2;H4C15;SUPT7L;BRD1;PADI2;KDM5A;ARID5B"
"Defective B3GAT3 Causes JDSSDHD R-HSA-3560801",0.402356902356902,0.752075161179506,0.0815265143256594,-0.340715900708248,-1.04530781422599,20,"GPC1;GPC5;SDC1;GPC6;GPC3;GPC2"
"Formation Of Incision Complex In GG-NER R-HSA-5696395",0.40536013400335,0.752075161179506,0.0808589150280032,-0.286208802630278,-1.0205733473987,40,"RAD23B;MNAT1;DDB1;POLR1A;GTF2H5;CETN2;XPA;SUMO1;PIAS3;GTF2H3;UBE2V2;UBE2N;POLR1B;GTF2H1;CHD1L;ERCC3"
"N-glycan Trimming In ER And Calnexin/Calreticulin Cycle R-HSA-532668",0.404938271604938,0.752075161179506,0.103197466945307,0.283952765648302,1.02051815387738,34,"RPS27A;RNF185;UBXN1;UBA52;CALR;PDIA3"
"Signaling By FLT3 ITD And TKD Mutants R-HSA-9703648",0.404306220095694,0.752075161179506,0.101350743797099,0.349365838507798,1.03595566945574,15,"GAB2;PTPN11;BCL2L1;STAT5B"
"Signaling By Interleukins R-HSA-449147",0.40453074433657,0.752075161179506,0.120985142145252,0.181979608436374,1.01969990267742,447,"CCL3;AURKAIP1;S100B;GAB2;RPS27A;COL1A2;CCR1;RELA;CRKL;USP18;PTPN11;STX4;SNRPA1;HMGB1;HSP90AA1;RPLP0;ZEB1;GATA3;RHOU;YES1;TOX4;ITGB1;SOCS5;HNRNPA2B1;PSMD10;SOX2;TIMP1;IL6ST;STAT2;BOLA2B;UBA52;ALOX15;IL2RA;CCND1;CDC42;ITGAX;IL25;VIM;HNRNPDL;RAP1B;CSF1R;NFKBIB;IL1F10;SOS2;CCL5;HMOX1;SIGIRR;BCL2L1;FBXW11;UBE2V1;TNF;IL36RN;BIRC5;NFKB2;IL32;FSCN1;TALDO1;NFKBIA;LIFR;PSMD14;CRLF2;IL12B;DUSP6;YWHAZ;IL33;CSF3R;TWIST1;CCL2;CASP1;IL18;IL2RB;BATF;CEBPD;FOXO3;CD80;PDCD4;CUL1;LAMA5;IRF4;PTPRZ1;PSME2;STAT5B;KCNH8;CANX;CCR2;ANXA1;IL13;PTPN18;IL24;IL17RA;IRAK2;TNIP2;IL10;SOD1;IL22RA2;PITPNA;TXLNA;MAPK7;CRK;RAG2;PSMD6;IL27;PSMD4;CCL19"
"Synthesis Of Very Long-Chain Fatty acyl-CoAs R-HSA-75876",0.401652892561983,0.752075161179506,0.0806388495950661,-0.320178008603336,-1.02928920640001,24,"ACSL4;ACSL6;HACD3;ACSL3;ACSL5;HACD4"
"ABC Transporter Disorders R-HSA-5619084",0.406666666666667,0.752510881423414,0.080419996876154,-0.245271396404195,-1.01548768247747,76,"PSMA6;PSMC5;PSMD12;PSMC4;VCP;PSMD7;PSMD2;PSMB5;PSMD9;PSMD11;ABCC8;ERLEC1;PSMC2;PSMA1;ABCB4;PSMA5;PSMC3;PSMD5;PSMF1;PSMB4;APOA1;ABCC2;SEL1L;PSMA7;ABCA12;OS9;PSMC6;PSMD8;ERLIN1;ABCD4;PSMA3;RNF5;ABCD1;PSMB9"
"APC/C:Cdc20 Mediated Degradation Of Cyclin B R-HSA-174048",0.417690417690418,0.752510881423414,0.100990587455923,0.315093080365464,1.02905883812077,23,"RPS27A;UBA52;CDC20;ANAPC7;UBE2S"
"Antigen processing-Cross Presentation R-HSA-1236975",0.416040100250627,0.752510881423414,0.102449405629826,0.223650857244273,1.01741069589529,103,"RPS27A;HLA-C;STX4;HMGB1;B2M;FCGR1A;PSMD10;UBA52;S100A1;NCF1;HLA-B;CALR;PSMD14;PDIA3;VAMP3;TAPBP;CYBA;TLR1;CTSL;SEC61G;PSME2;SEC61B"
"Association Of TriC/CCT With Target Proteins During Biosynthesis R-HSA-390471",0.412195121951219,0.752510881423414,0.101350743797099,0.281785075018686,1.03357299192071,36,"FBXW4;CCT5;CCT3;KIF13A;LONP2;CCT4;XRN2;CCNE1;GAPDHS;STAT3;FBXW10"
"CD28 Co-Stimulation R-HSA-389356",0.414814814814815,0.752510881423414,0.101713902282311,0.282610742269164,1.01569496006833,34,"PRR5;RNASE1;MAP3K14;YES1;CDC42;PKN1;GRAP2;CD80"
"Cobalamin (Cbl, Vitamin B12) Transport And Metabolism R-HSA-196741",0.412265758091993,0.752510881423414,0.0808589150280032,-0.336979759399295,-1.03494383691546,21,"CTRB2;CD320;AMN;MTR;TCN1;CUBN;MMUT;ABCD4;MTRR;PRSS3;CBLIF"
"HIV Elongation Arrest And Recovery R-HSA-167287",0.418491484184915,0.752510881423414,0.10027910675413,0.280512560168947,1.00488100986572,33,"ELOA2;POLR2L;CTDP1;POLR2J;ELOC;POLR2I;TCEA1"
"Infection With Mycobacterium Tuberculosis R-HSA-9635486",0.413907284768212,0.752510881423414,0.0791316651768349,-0.316604887766007,-1.02896746477529,25,"PGK1;GSK3A;CTSG;ENO1;ATP6V1H;KPNA1;MAPK3;TRIM27;HGS"
"Loss Of Nlp From Mitotic Centrosomes R-HSA-380259",0.408783783783784,0.752510881423414,0.0808589150280032,-0.256187307199631,-1.03208588053335,68,"TUBA4A;PRKAR2B;HAUS8;DCTN3;HAUS3;CEP63;PPP2R1A;YWHAG;DCTN1;HAUS2;TUBB4B;CETN2;HAUS7;CEP131;DYNC1H1;CEP76;CEP152;ODF2;CEP290;CEP72"
"MAP Kinase Activation R-HSA-450294",0.418212478920742,0.752510881423414,0.0795564677235957,-0.2589517494574,-1.01552939884628,61,"MEF2C;MAPK10;PPP2R1A;CREB1;NOD2;MAPK8;PPP2CA;MAPK3;DUSP3;RPS6KA5;IRAK1;GDNF;FOS;MAPK11;JUN;UBE2N;BTRC;TAB3;MAP2K1"
"Metal Ion SLC Transporters R-HSA-425410",0.417763157894737,0.752510881423414,0.0782955249944794,-0.313678286813906,-1.0337640599108,26,"HEPH;SLC40A1;SLC39A8;SLC39A14;SLC39A10;SLC30A10;CP;SLC30A7;SLC41A2;SLC30A1;SLC39A1;SLC41A1;SLC30A5"
"NRAGE Signals Death Thru JNK R-HSA-193648",0.415824915824916,0.752510881423414,0.0797705918628453,-0.261773848461182,-1.02137415400986,57,"PLEKHG5;ARHGEF3;ABR;MAGED1;ECT2;ARHGEF16;VAV3;ARHGEF9;MAPK8;NGEF;ARHGEF6;ARHGEF11;TIAM2;AKAP13;ARHGEF12"
"Nuclear Envelope (NE) Reassembly R-HSA-2995410",0.411371237458194,0.752510881423414,0.0799858801499946,-0.252689253706655,-1.02653323361882,70,"TUBB2A;TUBA4A;PPP2R1A;TMPO;VRK1;LMNB1;NDC1;RCC1;TUBA8;CCNB1;CC2D1B;TUBB4B;CCNB2;PPP2CA;SUMO1;NUP54;TUBB6;TUBB2B;NUP43;TUBB3;KPNB1;NUP98"
"Peptide Hormone Metabolism R-HSA-2980736",0.411371237458194,0.752510881423414,0.0799858801499946,-0.237499181619494,-1.01242733153924,88,"CHGA;MYO5A;MMP12;PCSK2;GNB1;VAMP2;CLTRN;EXOC1;CTSG;STX1A;SPCS2;ENPEP;GPR119;INHBC;INS;SPCS1;DPP4;ATP6AP2;CPB1;EXOC6;CTSZ;FSHB;GNG13;ACE;BCHE;AOPEP;FFAR4;SLC30A7;PCSK1;EXOC8"
"Plasma Lipoprotein Assembly R-HSA-8963898",0.417690417690418,0.752510881423414,0.100990587455923,0.335594045856961,1.00886500626194,16,"APOC3;APOB;SAR1B;APOE;APOC1"
"RAB Geranylgeranylation R-HSA-8873719",0.407407407407407,0.752510881423414,0.0808589150280032,-0.258410296025874,-1.01990692120917,62,"RAB3A;RAB40A;RAB12;RAB6B;CHML;RAB15;RAB32;RAB38;RAB40C;RAB22A;RAB41;RAB3C;RAB6A;RAB18;RAB24;RAB14;RAB2A;RAB11A;RABGGTB;RAB44"
"RHOV GTPase Cycle R-HSA-9013424",0.414634146341463,0.752510881423414,0.100990587455923,0.279189392996182,1.02405216533365,36,"NCK2;CCP110;SPTBN1;DST;CDC42;PKN1"
"Signal Amplification R-HSA-392518",0.411167512690355,0.752510881423414,0.0806388495950661,-0.302069333620629,-1.03878582630475,33,"GNB5;GNG3;GNB1;PLA2G4A;GNGT1;GNG4;GNG2;GNB2"
"Signaling By ERBB2 In Cancer R-HSA-1227990",0.409547738693467,0.752510881423414,0.103576326612592,0.30583113372358,1.02454438673539,25,"ERBIN;HSP90AA1;ERBB3"
"Sulfur Amino Acid Metabolism R-HSA-1614635",0.409917355371901,0.752510881423414,0.0795564677235957,-0.317116735092251,-1.01944800651079,24,"TSTD1;GADL1;SQOR;MTR;BHMT2;GOT2;CDO1;MAT1A"
"Signaling By FGFR1 In Disease R-HSA-5655302",0.419512195121951,0.75318574108818,0.10027910675413,0.278125155827841,1.02014859877987,36,"FGF1;GAB2;MYO18A;ERLIN2;FGFR1OP2;STAT5B"
"Role Of Nef In HIV-1 Replication And Disease Pathogenesis R-HSA-164952",0.423076923076923,0.757255781028787,0.0785029047348687,-0.311642407533797,-1.02869142449717,27,"AP2M1;AP2S1;AP2A1;AP1S1;ATP6V1H;CD8B;AP1M2;CD247"
"Sealing Of Nuclear Envelope (NE) By ESCRT-III R-HSA-9668328",0.423076923076923,0.757255781028787,0.0785029047348687,-0.311474121807831,-1.02813593500351,27,"TUBB2A;TUBA4A;TUBA8;CC2D1B;TUBB4B;TUBB6;TUBB2B;TUBB3"
"Cytochrome P450 - Arranged By Substrate Type R-HSA-211897",0.424242424242424,0.75786462677231,0.0787113806986485,-0.25437042361832,-1.00396214697752,62,"CYP21A2;NR1H4;CYP1A1;NCOA2;CYP3A43;AHR;CYP24A1;CYP7A1;CYP2C9;FDX2;CYP39A1;CYP2E1;CYP2F1;CYP2U1;CYP3A5;CYP2C8;CYP4B1;CYP3A4;ARNT2;CYP4F3"
"Signaling By Receptor Tyrosine Kinases R-HSA-9006934",0.424715909090909,0.75786462677231,0.0699458736501659,-0.186984879281813,-1.00636709932475,494,"DNM1;MEF2C;PTK2B;PRKCB;SHC3;ATP6V1G2;ITPR1;CLTC;EGR3;ATP6V1B2;ATP6V1A;BAIAP2;GABRG2;ATP6V1D;ATP6AP1;ATP6V0A1;AP2M1;GABRB2;ATP6V0C;FLRT2;GABRB3;CYFIP2;EGFR;TIA1;TRIB3;GABRA1;FGF10;ATP6V0A4;GABRB1;PPP2R1A;CREB1;AP2S1;FLRT3;CDK5R1;FURIN;TEC;CDK5R2;AP2A1;SPINT2;SHC2;FGF13;DIAPH1;FLT3;VAV3;EPN1;PTPRU;HOXC13;PDGFD;PRKCZ;MAPK13;ATP6V1H;RNMT;FGFBP3;LAMB1;INS;NELFB;AKT1;SPRED1;RIT2;GGA3;WASF1;JAK2;EGR4;PRKCE;GRB2;NCKAP1;SH3GL2;VEGFC;PLG;PIK3R2;RAPGEF1;RANBP9;LAMC2;STAM;PPP2CA;MAPK3;RNF41;POLR2K;ATP6V0E2;PIK3R1;RALA;POLR2G;SPRY1;ID2;DUSP3;ATP6V1C1;NRG4;USP8;CDC37;GRIN2B;CALM1;ADAM17;THBS4;PDE3B;DOCK3;POLR2H;MYCN;AREG;ATP6V0D1;PIK3R4;EPGN;NAB2;HGS;ATP6V1F;YWHAB;ROCK2;NRG3;FGF8;RPS6KA5;ATP6V1E2;KLB;NCK1;LAMB3;PRKACG;PDGFC;GRAP;NCKAP1L"
"Organic Cation/Anion/Zwitterion Transport R-HSA-549132",0.428082191780822,0.761794552252092,0.0791316651768349,-0.366608538388284,-1.02582577711159,15,"SLC22A6;SLC22A3;SLC22A5;SLC22A15;RUNX1;SLC22A16;RSC1A1;SLC22A4;SLC22A12;SLC22A7"
"Signaling By TGF-beta Receptor Complex R-HSA-170834",0.428223844282238,0.761794552252092,0.0988903007520636,0.229904109146317,1.01664444234323,90,"RPS27A;COL1A2;TGFB3;TFDP1;ITGB1;DAND5;YBX1;UBA52;PPM1A;RHOA;SMAD7;SKI;NCOR2"
"Deregulated CDK5 Triggers Neurodegenerative Pathways In Alzheimers Disease Models R-HSA-8862803",0.429301533219761,0.762549298732818,0.0787113806986485,-0.332744399857301,-1.02193605489639,21,"PRDX2;CDK5R1;LMNB1;CAPN1;CDC25A;ERC2"
"PKMTs Methylate Histone Lysines R-HSA-3214841",0.430656934306569,0.763794289264083,0.0985499803531691,0.257561230541762,1.00061463437843,47,"RELA;KMT2E;SETD7;KMT5A;PRDM9;RBBP4;NFKB2;H4C15;WDR5;KMT2A;NSD2;RBBP5;KMT5C"
"Acyl Chain Remodelling Of PC R-HSA-1482788",0.433168316831683,0.765799266072044,0.0992333343771191,0.298599697583624,1.01953794518815,27,"PLAAT3;PLA2G3;TMEM86B;PLA2G12A;PLA2G5;PLA2G4C;PLBD1;PLA2G2A"
"Class I Peroxisomal Membrane Protein Import R-HSA-9603798",0.434343434343434,0.765799266072044,0.0774767547848578,-0.33478064220289,-1.02709859040578,20,"FIS1;ABCD2;PEX19;GDAP1;PEX13"
"Degradation Of AXIN R-HSA-4641257",0.434412265758092,0.765799266072044,0.0780892306943345,-0.262828703516686,-1.01216649028995,53,"PSMA6;PSMC5;PSMD12;PSMC4;PSMD7;PSMD2;PSMB5;PSMD9;PSMD11;PSMC2;PSMA1;PSMA5;PSMC3;PSMD5;AXIN2;PSMF1;PSMB4"
"Signaling By ERBB2 KD Mutants R-HSA-9664565",0.433249370277078,0.765799266072044,0.10027910675413,0.309524394397977,1.01667545256671,24,"ERBIN;HSP90AA1;ERBB3"
"CTNNB1 S33 Mutants Not Phosphorylated R-HSA-5358747",0.438356164383562,0.766002106204648,0.0778840111977068,-0.363392938789347,-1.01682804625687,15,"PPP2R1A;PPP2R5B;GSK3B;PPP2CA"
"Diseases Of Glycosylation R-HSA-3781865",0.438184663536776,0.766002106204648,0.0732558655828455,-0.215921265497766,-1.00619927696268,140,"ALG13;B4GAT1;ALG8;GALE;ADAMTS16;GPC1;GPC5;SDC1;ADAMTSL3;HEXB;THSD4;MAN1B1;MUC15;CTSA;GPC6;ADAMTS15;FMOD;MUC4;ADAMTS2;GPC3;GPC2;LUM;MUC1;GALNT12;THSD7B;CHST6;ADAMTS17;DPM3;ACAN;ADAMTSL4;B4GALT1;DPAGT1"
"Endosomal Sorting Complex Required For Transport (ESCRT) R-HSA-917729",0.43859649122807,0.766002106204648,0.0992333343771191,0.295971743581475,1.02036028502533,28,"RPS27A;MVB12B;VPS37D;UBA52;CHMP6;VPS25;CHMP4B;SNF8"
"FRS-mediated FGFR1 Signaling R-HSA-5654693",0.441463414634146,0.766002106204648,0.0972150808846466,0.314360334134968,1.0159423231536,22,"FGF1;PTPN11"
"Interactions Of Vpr With Host Cellular Proteins R-HSA-176033",0.441747572815534,0.766002106204648,0.096887770327544,0.271648392310088,1.00687938315604,37,"AAAS;POM121C;RNASE7;NUP50;NUP62;BANF1;NUP214;NUP35;RANBP2;NUP188"
"PI3K Events In ERBB2 Signaling R-HSA-1963642",0.438655462184874,0.766002106204648,0.0768736734126542,-0.352283053623501,-1.01429484245418,16,"EGFR;GRB2;PIK3R1;NRG4;NRG3;PIK3CA;EGF"
"Phospholipase C-mediated Cascade; FGFR4 R-HSA-5654228",0.440191387559809,0.766002106204648,0.096240602328129,0.340443695546522,1.00949932036361,15,"FGF1;FGF18;FGFR4"
"Regulation Of RUNX3 Expression And Activity R-HSA-8941858",0.441226575809199,0.766002106204648,0.077274697304471,-0.261668869304205,-1.00769991069473,53,"PSMA6;PSMC5;PSMD12;PSMC4;PSMD7;PSMD2;PSMB5;PSMD9;PSMD11;PSMC2;PSMA1;PSMA5;PSMC3;PSMD5;PSMF1;PSMB4"
"Regulation Of mRNA Stability By Proteins That Bind AU-rich Elements R-HSA-450531",0.435323383084577,0.766002106204648,0.0992333343771191,0.231621052245823,1.01173029422977,87,"RPS27A;HSPA1A;ENPP2;KHSRP;PABPC1;PSMD10;EXOSC6;UBA52;EXOSC3;NUP214;ANP32A;HSPB1;PSMD14;YWHAZ;TNFSF13;EXOSC2"
"Signaling By Cytosolic FGFR1 Fusion Mutants R-HSA-1839117",0.439613526570048,0.766002106204648,0.096887770327544,0.322577826800421,0.991748416241586,17,"GAB2;MYO18A;FGFR1OP2;STAT5B;STAT3;ZMYM2;TRIM24;CNTRL;STAT1"
"Signaling By FGFR In Disease R-HSA-1226099",0.440097799511002,0.766002106204648,0.09754492162472,0.243604137098711,1.00560773465901,61,"FGF1;GAB2;POLR2L;POLR2J;MYO18A;POLR2I;ERLIN2;FGF18;FGFR2;FGFR1OP2;GTF2F2;STAT5B"
"APC/C:Cdc20 Mediated Degradation Of Securin R-HSA-174154",0.445,0.767082717872969,0.0756946307932749,-0.250035032113681,-0.999312183220283,66,"PSMA6;UBE2D1;PSMC5;PSMD12;PSMC4;PSMD7;PSMD2;PSMB5;PSMD9;PSMD11;PSMC2;PSMA1;ANAPC15;PSMA5;PSMC3;PSMD5;PSMF1;PSMB4;UBE2C"
"GPVI-mediated Activation Cascade R-HSA-114604",0.444987775061125,0.767082717872969,0.096887770327544,0.27921166580238,0.994382323246849,32,"PTPN11;RNASE1;RAC2;CDC42;RHOA;RHOG;LCP2"
"Interleukin-20 Family Signaling R-HSA-8854691",0.443708609271523,0.767082717872969,0.0755015292281669,-0.306271567882073,-0.99538412359977,25,"IL22;IFNL3;IFNL1;JAK2;SOCS3;STAT4;IL20RB;STAT5A;IL26"
"RNA Polymerase I Transcription R-HSA-73864",0.444168734491315,0.767082717872969,0.0978773277424561,0.236838741951263,1.0052310859122,74,"RRN3;H2AC19;POLR2L;KAT2B;H2AJ;CBX3;H3-3B;H2BC17;CHD4;H2AX;RBBP4;H2AB1;H2AC6;H2AZ2;TAF1A;CAVIN1;H4C15"
"CD28 Dependent PI3K/Akt Signaling R-HSA-389357",0.448739495798319,0.767857758939353,0.0756946307932749,-0.318370694076368,-1.00617954236313,23,"CD86;TRIB3;HOXC13;AKT1;PIK3R2;PIK3R1;PDPK1;CD28;MLST8;PIK3CA"
"EPHA-mediated Growth Cone Collapse R-HSA-3928663",0.447368421052632,0.767857758939353,0.0952879846194844,0.33678505070572,0.998650538234415,15,"YES1;RHOA;MYL6;ROCK1;FYN;SRC"
"Mitotic Anaphase R-HSA-68882",0.446153846153846,0.767857758939353,0.0714786287425507,-0.202444377380252,-1.00593800125328,224,"TUBB2A;TUBA4A;CLIP1;PSMA6;PPP2R1A;CENPQ;TMPO;CENPF;UBE2D1;DSN1;VRK1;PSMC5;LMNB1;NDC1;PPP2R5B;PSMD12;PSMC4;PSMD7;RCC1;ITGB3BP;ESPL1;PSMD2;MAD2L1;PSMB5;PSMD9;PSMD11;TUBA8;CCNB1;CC2D1B;TUBB4B;CCNB2;PPP2CA;BUB1B;DYNC1H1;PSMC2;PSMA1;CENPH;SGO2;SUMO1;NUP54;ANAPC15;TUBB6;PSMA5;KIF18A;PSMC3;PSMD5;CDCA8;ZWILCH;TUBB2B;PSMF1;PSMB4;UBE2C;AURKB;CENPE;SMC3;NUP43;SPC25;SKA1;TUBB3;SKA2;KPNB1;NUP98;ANAPC4;SPC24;CENPA"
"Regulation Of PTEN Stability And Activity R-HSA-8948751",0.448333333333333,0.767857758939353,0.0753093764172773,-0.249582354860705,-0.997502973166231,66,"PSMA6;PTEN;PSMC5;PSMD12;PSMC4;PSMD7;AKT1;PSMD2;PSMB5;PSMD9;PSMD11;PSMC2;PSMA1;TRIM27;PSMA5;PSMC3;PSMD5;PSMF1;PSMB4"
"Transport Of Mature mRNA Derived From An Intronless Transcript R-HSA-159231",0.447432762836186,0.767857758939353,0.0965629554309422,0.261304997920268,0.993865698928591,41,"AAAS;POM121C;RNASE7;NUP50;NUP62;NUP214;NUP35;RANBP2;NUP188"
"Defective Intrinsic Pathway For Apoptosis R-HSA-9734009",0.451239669421488,0.769878207916485,0.0745500777420554,-0.309524770825286,-0.995041811627359,24,"PRDX2;CDK5R1;LMNB1;CAPN1;CDC25A;ERC2"
"PI-3K cascade:FGFR1 R-HSA-5654689",0.450602409638554,0.769878207916485,0.0952879846194844,0.312689191893033,1.00647713060619,21,"FGF1;PTPN11"
"RNA Polymerase III Transcription Initiation From Type 2 Promoter R-HSA-76066",0.453947368421053,0.772510246334559,0.0739901439101341,-0.305443580819781,-1.00662560800479,26,"POLR3G;POLR3C;POLR3F;TBP;POLR2K;POLR3B;POLR2H;POLR3GL;BDP1;POLR3E;POLR3H;POLR3A;GTF3C2"
"Signaling By FLT3 Fusion Proteins R-HSA-9703465",0.454106280193237,0.772510246334559,0.0949751525905595,0.317055568732941,0.97872701559307,18,"GAB2;SPTBN1;MYO18A;STAT5B;ETV6;LONP1;GOLGB1;ZMYM2"
"mRNA 3-End Processing R-HSA-72187",0.455421686746988,0.773620245172831,0.0946646223153342,0.244651627292255,0.995667801508364,58,"CASC3;PCF11;ZC3H11A;U2AF1;SRRM1;THOC6;POLDIP3;CSTF1;COLEC12;RBM8A;THOC1;SRSF6"
"Activation Of NF-kappaB In B Cells R-HSA-1169091",0.479061976549414,0.777876771996515,0.0721797965581253,-0.245523853425963,-0.975762872035517,65,"PRKCB;NFKBIE;PSMA6;PSMC5;REL;PSMD12;PSMC4;PSMD7;PSMD2;PSMB5;PSMD9;PSMD11;PSMC2;PSMA1;PSMA5;PSMC3;PSMD5;PSMF1;PSMB4"
"Beta-catenin Phosphorylation Cascade R-HSA-196299",0.477891156462585,0.777876771996515,0.0730744399126987,-0.332556409708523,-0.976349653568089,17,"PPP2R1A;PPP2R5B;GSK3B;PPP2CA"
"Branched-chain Amino Acid Catabolism R-HSA-70895",0.487223168654174,0.777876771996515,0.0721797965581253,-0.318273946010908,-0.977493898927165,21,"DBT;SOAT1;ECHS1"
"Carboxyterminal Post-Translational Modifications Of Tubulin R-HSA-8955332",0.473300970873786,0.777876771996515,0.0928481214159878,0.264491541184359,0.980352129357358,37,"NICN1;AGTPBP1;TTLL7;TTLL11;TUBB4A;SVBP;VASH1"
"Cell-extracellular Matrix Interactions R-HSA-446353",0.473684210526316,0.777876771996515,0.0919686140000427,0.332664380008389,0.986431735763364,15,"ITGB1;FERMT2;FLNC;PARVA;LIMS2;FLNA"
"Cellular Response To Hypoxia R-HSA-1234174",0.48489932885906,0.777876771996515,0.0716527366829457,-0.241506516887358,-0.986678593571174,72,"PSMA6;WTIP;UBE2D1;PSMC5;PSMD12;PSMC4;PSMD7;PSMD2;PSMB5;PSMD9;PSMD11;UBE2D2;PSMC2;PSMA1;EPAS1;PSMA5;PSMC3;PSMD5;PSMF1;PSMB4"
"DNA Damage/Telomere Stress Induced Senescence R-HSA-2559586",0.486746987951807,0.777876771996515,0.0908241419007155,0.241496290071221,0.982826408591194,58,"H2AC19;TINF2;H2AJ;H2BC17;H2AX;H2AB1;H3-4;TERF1;H2AC6;HMGA2;H2AZ2;POT1;H4C15;ATM;MRE11;H2BC21;CCNE1;H2BC4;CDKN1B;H2BC5"
"DNA Replication Pre-Initiation R-HSA-69002",0.4672,0.777876771996515,0.0711327399327894,-0.216488843680416,-0.983307972950265,123,"ORC4;PSMA6;H2BC11;SLC25A2;UBE2D1;RPA4;PSMC5;PSMD12;PSMC4;PSMD7;H2AC4;PSMD2;H2AC7;PSMB5;PSMD9;H2BC14;ORC6;PSMD11;POLR1A;KPNA1;PSMC2;PSMA1;H2BC3;ANAPC15;PSMA5;PSMC3;PSMD5;MCM6;CDC45;PSMF1;PSMB4;UBE2C;CDC7;KPNB1;ANAPC4;H2BC1;GMNN;POLR1B;POLA1;H2BC13;PSMA7;PSMC6;PSMD8;H2BC9;CDK2"
"Defective B4GALT7 Causes EDS, Progeroid Type R-HSA-3560783",0.462962962962963,0.777876771996515,0.0741758965588009,-0.327265590989772,-1.0040426022906,20,"GPC1;GPC5;SDC1;GPC6;GPC3;GPC2"
"Defective C1GALT1C1 Causes TNPS R-HSA-5083632",0.463768115942029,0.777876771996515,0.0937465422491719,0.314047322705412,0.969440783313791,18,"MUC5B;MUC5AC;MUC21;MUC17;MUCL1;MUC20"
"Defective CFTR Causes Cystic Fibrosis R-HSA-5678895",0.461016949152542,0.777876771996515,0.0747385227439092,-0.252332544507985,-0.983869616930592,59,"PSMA6;PSMC5;PSMD12;PSMC4;VCP;PSMD7;PSMD2;PSMB5;PSMD9;PSMD11;ERLEC1;PSMC2;PSMA1;PSMA5;PSMC3;PSMD5;PSMF1;PSMB4"
"Defective GALNT3 Causes HFTC R-HSA-5083625",0.473429951690821,0.777876771996515,0.0925528864684773,0.315623199680555,0.970366784093804,17,"MUC5B;MUC5AC;MUC21;MUC17;MUCL1;MUC20"
"Defective HDR Thru Homologous Recombination (HRR) Due To BRCA1 Loss-Of-Function R-HSA-9701192",0.484924623115578,0.777876771996515,0.0934449219410994,0.293793539341724,0.984218048459854,25,"XRCC2;BLM;BARD1;ATM;MRE11"
"Diseases Of Metabolism R-HSA-5668914",0.486196319018405,0.777876771996515,0.0670512579829467,-0.197648543646085,-0.986749984105782,241,"ALG13;FMO3;ACACA;B4GAT1;ALG8;GALE;ADAMTS16;GPC1;SPAM1;GPC5;SDC1;ADAMTSL3;HEXB;CYP21A2;THSD4;MAN1B1;MUC15;SFTPA1;CTSA;CD320;GPC6;ADAMTS15;FMOD;AMN;MUC4;MTR;ADAMTS2;CYP24A1;GPC3;IDS;GPC2;GALNS;PRNP;FDX2;LUM;NAGLU;MUC1;GALNT12;THSD7B;CHST6;GYS2;ADAMTS17;DPM3;DCXR;RPIA;ARSB;ACAN;ADAMTSL4;B4GALT1;CSF2RB;DPAGT1;CYP2U1;MAT1A;ADAMTS9;MUC16;GCLM;GYG1;OPLAH;ADAMTS8;TPMT;EGFL7;GNS;SLC34A2;CUBN;PCCB;MMUT;ADAMTSL2;OMD;MOGAT2;CSPG5;CHSY1;MUC7;CFP;SGSH;HLCS;ADAMTS6;FDXR;POMGNT1;SPON2;HPRT1;SFTPA2;ST3GAL3;ABCD4;GALNT3"
"Fatty acyl-CoA Biosynthesis R-HSA-75105",0.474662162162162,0.777876771996515,0.0730744399126987,-0.283884112478923,-0.995094927573624,36,"ACACA;ACSL4;ACSL6;HACD3;ACSL3;ACSL5;SLC27A2;HACD4;CBR4;ACSBG1;ELOVL6;ACLY;ELOVL3;TECRL;SLC25A1;OLAH;HACD2;ACSBG2;HSD17B8"
"Formation Of Early Elongation Complex R-HSA-113418",0.478920741989882,0.777876771996515,0.0725351864394589,-0.287478498188391,-0.981560167232386,32,"SUPT4H1;MNAT1;NELFB;GTF2H5;POLR2K;NELFA;POLR2G;POLR2H;GTF2H3;POLR2C;GTF2H1;ERCC3;POLR2B;NELFE;CDK7"
"G1/S DNA Damage Checkpoints R-HSA-69615",0.485,0.777876771996515,0.0713052987340038,-0.244890428430935,-0.978750803902561,66,"PSMA6;PSMC5;PSMD12;PSMC4;CDC25A;PSMD7;PSMD2;PSMB5;PSMD9;PSMD11;CHEK2;PSMC2;PSMA1;PSMA5;PSMC3;PSMD5;PSMF1;PSMB4"
"Intrinsic Pathway Of Fibrin Clot Formation R-HSA-140837",0.47870528109029,0.777876771996515,0.0730744399126987,-0.31985714392213,-0.982356270850502,21,"PROS1;KLKB1;F9;F8;SERPINE2"
"JNK (c-Jun Kinases) Phosphorylation And Activation Mediated By Activated Human TAK1 R-HSA-450321",0.469387755102041,0.777876771996515,0.0739901439101341,-0.334531446697329,-0.997438174543777,18,"MAPK10;NOD2;MAPK8;IRAK1;UBE2N;TAB3"
"MAPK Family Signaling Cascades R-HSA-5683057",0.464447806354009,0.777876771996515,0.0686325631836726,-0.193735483729847,-0.993893636418821,314,"SPTBN2;CAMK2A;SHC3;GFRA2;RAPGEF2;NEFL;DAB2IP;EGFR;PSMA6;TEK;AGO4;FGF10;CNKSR2;PPP2R1A;CDC42EP3;SHC2;FGF13;CAMK2G;RASGRP4;FLT3;PSMC5;PPP2R5B;PSMD12;PSMC4;SPRED3;CCND3;PSMD7;RNMT;SPRED1;PSMD2;PSMB5;RASGRP1;PSMD9;LAMTOR3;PSMD11;MRAS;JAK2;PEBP1;GRB2;MMP10;PIK3R2;RANBP9;PPP2CA;MAPK3;RASGRF1;PIK3R1;RAG1;IL3RA;NRG4;RET;PSMC2;PSMA1;GRIN2B;CALM1;WDR83;PAQR3;AREG;EPGN;SPTBN4;PSMA5;GFRA1;PSMC3;YWHAB;PSMD5;NRG3;RASAL2;FGF8;IL3;NF1;KLB;CSF2RB;PRKACG;PSMF1;FGG;PSMB4;CDC14A"
"Metabolism Of Porphyrins R-HSA-189445",0.467005076142132,0.777876771996515,0.096240602328129,0.294659395124306,0.994519757865424,26,"SLCO2B1;HMOX1;CPOX;ABCC1;ALAS2;GSTA1;ALAD;SLCO1B3;BLVRB;COX15"
"Metabolism Of Water-Soluble Vitamins And Cofactors R-HSA-196849",0.466666666666667,0.777876771996515,0.072003313661988,-0.218347120345309,-0.98486229852178,120,"ACACA;PPCS;CTRB2;NAPRT;NMRK1;SLC2A3;NFS1;PDZD11;SLC5A8;CD320;COASY;AMN;MTR;RFK;PDXK;NMNAT2;TCN1;SLC52A1;PNPO;NUDT12;MTHFR;PANK1;PANK4;GSTO2;SLC25A32;NMNAT3;RNLS;MOCS2;NADSYN1;CUBN;PCCB;MMUT;CD38;PTGIS;SHMT1;HLCS;SLC5A6;MOCS1;DHFR2;ABCD4;MTRR;PARP14;PRSS3;AASDHPPT;ENPP3;CBLIF"
"Mitotic Metaphase And Anaphase R-HSA-2555396",0.468702290076336,0.777876771996515,0.0686325631836726,-0.200518798199799,-0.997287103452328,225,"TUBB2A;TUBA4A;CLIP1;PSMA6;PPP2R1A;CENPQ;TMPO;CENPF;UBE2D1;DSN1;VRK1;PSMC5;LMNB1;NDC1;PPP2R5B;PSMD12;PSMC4;PSMD7;RCC1;ITGB3BP;ESPL1;PSMD2;MAD2L1;PSMB5;PSMD9;PSMD11;TUBA8;CCNB1;CC2D1B;TUBB4B;CCNB2;PPP2CA;BUB1B;DYNC1H1;PSMC2;PSMA1;CENPH;SGO2;SUMO1;NUP54;ANAPC15;TUBB6;PSMA5;KIF18A;PSMC3;PSMD5;CDCA8;ZWILCH;TUBB2B;PSMF1;PSMB4;UBE2C;AURKB;CENPE;SMC3;NUP43;SPC25;SKA1;TUBB3;SKA2;KPNB1;NUP98;ANAPC4;SPC24;CENPA"
"Nephrin Family Interactions R-HSA-373753",0.485365853658537,0.777876771996515,0.0916795246008379,0.305294499631018,0.986643572747913,22,"ACTN4;NCK2;SPTBN1"
"Nuclear Envelope Breakdown R-HSA-2980766",0.482926829268293,0.777876771996515,0.0919686140000427,0.24810231457856,0.982377612538794,52,"AAAS;NEK7;LMNA;POM121C;RNASE7;NUP50;PLK1;NUP62;BANF1;NUP214;NUP35;RANBP2"
"O-linked Glycosylation R-HSA-5173105",0.471169686985173,0.777876771996515,0.0721797965581253,-0.225350308147956,-0.994765210717386,105,"B4GAT1;B3GNT4;ADAMTS16;ADAMTSL3;GCNT4;THSD4;GALNT18;MUC15;GALNTL6;ADAMTS15;MUC4;ADAMTS2;B4GALT6;MUC1;B3GNT2;GALNT12;GALNT9;THSD7B;ADAMTS17;ADAMTSL4;GCNT1;CHST4;B3GNT8;ADAMTS9;MUC16;GALNT11;B3GNTL1;ADAMTS8;GALNT10;ST6GALNAC2;ADAMTSL2;LARGE2;MUC7;CFP;ADAMTS6;POMGNT1;SPON2;ST3GAL3;GALNT3"
"RAC2 GTPase Cycle R-HSA-9013404",0.470149253731343,0.777876771996515,0.0946646223153342,0.227688318427084,0.994551950961835,87,"ERBIN;ARHGAP21;PREX1;RAC2;DOCK10;ITGB1;STBD1;CDC42;NCF1;PKN1;CDC42EP1;ANKLE2;CAV1;WASF2;VAMP3;CYBA;SYDE1"
"RHOH GTPase Cycle R-HSA-9013407",0.477386934673367,0.777876771996515,0.0723570851036907,-0.285033187749551,-0.99289100028936,34,"ARHGDIG;DBT;VCP;RHOH;VANGL1;MTR;WDR11;SLC4A7;ROCK2;STOM;DBN1;TFRC"
"RHOJ GTPase Cycle R-HSA-9013409",0.48792270531401,0.777876771996515,0.0908241419007155,0.248097046213447,0.98658852235943,54,"ARHGAP21;PREX1;ARHGAP5;GJA1;CDC42;JUP;PKN1;CDC42EP1;CDC42BPB;STEAP3;CAV1;VAMP3;SYDE1;FNBP1"
"RNA Polymerase III Chain Elongation R-HSA-73780",0.47108843537415,0.777876771996515,0.0738052724171275,-0.334670629403766,-0.982556773944528,17,"POLR3G;POLR3C;POLR3F;POLR2K;POLR3B;POLR2H;POLR3GL;POLR3E;POLR3H;POLR3A"
"RNA Polymerase III Transcription Initiation R-HSA-76046",0.471890971039182,0.777876771996515,0.0738052724171275,-0.283424505533996,-0.985887504373909,35,"POLR3G;POLR3C;POLR3F;TBP;POLR2K;POLR3B;POLR2H;BRF2;SNAPC1;POLR3GL;BDP1;POLR3E;POLR3H;POLR3A;GTF3C2;POLR1D;SNAPC2;SNAPC5;SNAPC4"
"RUNX1 Regulates Transcription Of Genes Involved In Differentiation Of HSCs R-HSA-8939236",0.483790523690773,0.777876771996515,0.0931454575337804,0.222177826078363,0.985369197989707,94,"RPS27A;H2AC19;LMO1;CBFB;GATA3;PSMD10;TCF7L1;H2AJ;UBA52;H3-3B;ABL1;H2BC17;H2AX;H2AB1;H2AC6;GATA2;PSMD14;H2AZ2"
"Role Of GTSE1 In G2/M Progression After G2 Checkpoint R-HSA-8852276",0.482112436115843,0.777876771996515,0.0727141077934447,-0.250428128869724,-0.974278670485479,58,"PSMA6;PSMC5;PSMD12;PSMC4;PSMD7;PSMD2;PSMB5;PSMD9;PSMD11;CCNB1;CCNB2;PSMC2;PSMA1;PSMA5;PSMC3;PSMD5;PSMF1;PSMB4;GTSE1"
"Signaling By ALK Fusions And Activated Point Mutants R-HSA-9725370",0.465227817745803,0.777876771996515,0.0931454575337804,0.247795200400753,0.994814622945942,55,"RPS6;KIF5B;HIP1;NPM1;EEF1G;RNF213;RRBP1;TPM4;RANBP2;CARS1;ALK;PPM1B;CUL1"
"Signaling By ERBB2 ECD Mutants R-HSA-9665348",0.485645933014354,0.777876771996515,0.0905428948469474,0.328751784177096,0.974829926465039,15,"ERBIN;HSP90AA1"
"Synthesis, Secretion, And Inactivation Of Glucagon-like Peptide-1 (GLP-1) R-HSA-381771",0.471890971039182,0.777876771996515,0.0738052724171275,-0.320538654372324,-0.984449349204761,21,"GNB1;SPCS2;GPR119;SPCS1;DPP4;GNG13;FFAR4;PCSK1;GNAT3;LEP"
"TRAF6 Mediated IRF7 Activation R-HSA-933541",0.48780487804878,0.777876771996515,0.0913924325943768,0.305228389403337,0.986429919271309,22,"IFNA14;IFNA4"
"Termination Of Translesion DNA Synthesis R-HSA-5656169",0.468599033816425,0.777876771996515,0.0931454575337804,0.276362958059064,0.980925595644295,31,"RPS27A;POLD4;UBA52;POLE4;POLD2;SLC19A1;POLD1;POLE3;POLI"
"Toll Like Receptor 3 (TLR3) Cascade R-HSA-168164",0.478476821192053,0.777876771996515,0.0716527366829457,-0.225501693396009,-0.989255388390121,102,"MEF2C;S100A12;MAPK10;PPP2R1A;CREB1;NOD2;IKBIP;UBE2D1;HOXC13;AGER;MAPK8;NKIRAS1;TIFA;NLRC5;PPP2CA;MAPK3;UBE2D2;DUSP3;CASP8;RPS6KA5;IRAK1;TANK;TLR3;NKIRAS2;GDNF;FOS;MAPK11;RIPK1;JUN;UBE2N;UBE2D3;BTRC;TAB3;BIRC3;MAP2K1"
"Transcription Of HIV Genome R-HSA-167172",0.486486486486487,0.777876771996515,0.0718276293603809,-0.243933395066962,-0.982719306397929,68,"RNGTT;SUPT4H1;MNAT1;RNMT;GTF2A2;NELFB;TBP;TAF11;TAF3;GTF2H5;POLR2K;NELFA;POLR2G;POLR2H;ELOA;GTF2H3;TAF9B;GTF2B;POLR2C;CCNK"
"Transcriptional Regulation By TP53 R-HSA-3700989",0.467692307692308,0.777876771996515,0.107972360317345,0.18317597430753,0.995726909252772,351,"HIPK2;PIP4K2A;NDRG1;SGK1;RPS27A;SESN2;PRR5;ELOA2;FANCC;BLM;NPM1;TFDP1;BARD1;POLR2L;YWHAQ;TAF2;KMT5A;AURKA;E2F1;UBA52;CTDP1;PCBP4;POLR2J;TMEM219;CHD4;ELOC;RBBP4;CRADD;BANP;PRMT1;PRDX1;CNOT2;KAT6A;POLR2I;TCEA1;PIDD1;BIRC5;CASP6;RRM2B;TAF10;STEAP3;CDC25C;YWHAZ;TPX2;DDIT4;LAMTOR4;RRAGC;AGO2;PRKAB2;COX18;TP53AIP1"
"Translesion Synthesis By REV1 R-HSA-110312",0.476076555023923,0.777876771996515,0.0916795246008379,0.331520665159333,0.983040339835298,15,"RPS27A;UBA52;SLC19A1;MAD2L2"
"Translesion Synthesis By Y Family DNA Polymerases Bypasses Lesions On DNA Template R-HSA-110313",0.48019801980198,0.777876771996515,0.0931454575337804,0.264877576131935,0.982105360223507,38,"RPS27A;POLD4;UFD1;UBA52;POLE4;POLD2;SLC19A1;POLD1;NPLOC4;POLE3;POLI;MAD2L2"
"Transport Of Mature mRNAs Derived From Intronless Transcripts R-HSA-159234",0.486552567237164,0.777876771996515,0.0916795246008379,0.255449174189708,0.972971613510693,42,"AAAS;POM121C;RNASE7;NUP50;NUP62;NUP214;NUP35;RANBP2;NUP188"
"VLDLR Internalisation And Degradation R-HSA-8866427",0.460616438356164,0.777876771996515,0.0753093764172773,-0.358196586363955,-1.00228787136526,15,"CLTC;AP2M1;AP2S1;AP2A1;MYLIP"
"Acyl Chain Remodelling Of PE R-HSA-1482839",0.507389162561576,0.779810182324872,0.0897104652742981,0.274615438935425,0.954949057719251,29,"PLAAT3;PLA2G3;PLA2G12A;PLA2G5;PLA2G4C;ABHD4;PLAAT5;PLBD1;PLA2G2A"
"Apoptotic Cleavage Of Cellular Proteins R-HSA-111465",0.495049504950495,0.779810182324872,0.0913924325943768,0.260725875795089,0.966711806664158,38,"LMNA;PTK2;PLEC;FNTA;PROC;VIM;GSN;CASP6;ROCK1;ADD1;TJP1;FZR1;PRKCQ;PRKCD"
"Aspirin ADME R-HSA-9749641",0.508515815085158,0.779810182324872,0.0888945288620449,0.265854235839527,0.952370449389517,33,"ACSM5;SLCO2B1;ABCC3;CES1;SLC16A1;ACSM4;ACSM2B;UGT2A3;UGT2B10"
"CDK-mediated Phosphorylation And Removal Of Cdc6 R-HSA-69017",0.509181969949916,0.779810182324872,0.0689567351672811,-0.237870216437786,-0.969682059810219,71,"PSMA6;UBE2D1;PSMC5;PSMD12;PSMC4;PSMD7;PSMD2;PSMB5;PSMD9;PSMD11;PSMC2;PSMA1;ANAPC15;PSMA5;PSMC3;PSMD5;PSMF1;PSMB4;UBE2C"
"Degradation Of Beta-Catenin By Destruction Complex R-HSA-195253",0.497512437810945,0.779810182324872,0.0697792517076235,-0.232264385684587,-0.97505405465182,83,"PSMA6;PPP2R1A;PSMC5;PPP2R5B;PSMD12;PSMC4;PSMD7;GSK3B;PSMD2;PSMB5;PSMD9;PSMD11;PPP2CA;PSMC2;PSMA1;ZRANB1;LEF1;PSMA5;PSMC3;PSMD5;AXIN2;PSMF1;PSMB4;TCF7"
"EGR2 And SOX10-mediated Initiation Of Schwann Cell Myelination R-HSA-9619665",0.492610837438424,0.779810182324872,0.0913924325943768,0.279771247076089,0.972877889924738,29,"MAG;SOX10;SCD5;GJB1"
"Energy Dependent Regulation Of mTOR By LKB1-AMPK R-HSA-380972",0.503355704697987,0.779810182324872,0.0697792517076235,-0.287736936574573,-0.966898046602746,29,"CAB39;LAMTOR3;STK11;PRKAG1;RRAGB;PRKAG3;CAB39L;PRKAA2;PRKAG2;MLST8;LAMTOR5"
"Formation Of Fibrin Clot (Clotting Cascade) R-HSA-140877",0.506779661016949,0.779810182324872,0.0699458736501659,-0.275859639791513,-0.97008548552416,37,"F5;PROS1;KLKB1;F2R;F9;F8;F13A1"
"Formation Of Tubulin Folding Intermediates By CCT/TriC R-HSA-389960",0.505785123966942,0.779810182324872,0.0687943095604775,-0.297583219106558,-0.956652821873282,24,"TUBB2A;TUBA4A;CCT6B;TUBA8;TUBB4B;TUBB6;TUBB2B;TUBB3;CCT2"
"G2/M Checkpoints R-HSA-69481",0.496038034865293,0.779810182324872,0.0676760401641789,-0.210420598271097,-0.979981072682564,143,"ORC4;BABAM1;YWHAH;PSMA6;YWHAG;H2BC11;SLC25A2;PSMC5;PSMD12;PSMC4;EXO1;CDC25A;PSMD7;PSMD2;PSMB5;PSMD9;H2BC14;ORC6;PSMD11;WEE1;CCNB1;POLR1A;CCNB2;CHEK2;PSMC2;PSMA1;H2BC3;PSMA5;PSMC3;YWHAB;PSMD5;MCM6;CDC45;PSMF1;PSMB4;WRN;GTSE1;CDC7;SERPINA2;UBE2V2;ABRAXAS1;H2BC1;UBE2N;RAD17;POLR1B;H2BC13;MDC1;PSMA7;PSMC6;PSMD8;H2BC9;CDK2"
"Impaired BRCA2 Binding To PALB2 R-HSA-9709603",0.501259445843829,0.779810182324872,0.0916795246008379,0.298174172688863,0.979394087990291,24,"XRCC2;BLM;BARD1;ATM;MRE11"
"Insertion Of Tail-Anchored Proteins Into Endoplasmic Reticulum Membrane R-HSA-9609523",0.502555366269165,0.779810182324872,0.070619624712259,-0.312241067353328,-0.958965514324327,21,"VAMP2;STX1A;UBL4A;PRNP;GET4;STX5;SERP1"
"Integrin Cell Surface Interactions R-HSA-216083",0.490049751243781,0.779810182324872,0.0922597260527354,0.237946782394153,0.993389002229226,66,"COL16A1;CD44;JAM3;COL9A2;ITGB1;CXXC1;ITGAX;AGRN;PECAM1;HSPG2;ITGA10;ITGA6;FZR1;ITGB8;FN1;ICAM2;ITGAV;VCAM1;ITGB2"
"Listeria Monocytogenes Entry Into Host Cells R-HSA-8876384",0.507246376811594,0.779810182324872,0.0886261133285098,0.306667419399112,0.94665956938588,18,"RPS27A;UBA52;SH3GL3;SH3GL1"
"Miscellaneous Transport And Binding Events R-HSA-5223345",0.497478991596639,0.779810182324872,0.0704500850658419,-0.309667406810935,-0.978673651397906,23,"TUSC3;ADD2;MMGT1;NIPAL2;LRRC8B"
"Phospholipid Metabolism R-HSA-1483257",0.50390015600624,0.779810182324872,0.066132620475844,-0.198046032353639,-0.975709913273498,207,"PITPNM2;LIPI;PLD3;ARF3;PLEKHA5;MTMR4;PLEKHA3;PTEN;PI4KA;SYNJ1;OSBPL10;GPD1L;MTMR6;OCRL;PLA2G4A;PLA2G6;INPP5J;PISD;CPNE6;AGPAT4;PIP4P1;SELENOI;TPTE2;CDIPT;BMX;PLEKHA6;ABHD3;PCYT1A;PCYT1B;PIK3R2;FIG4;PIP5K1C;PIK3R1;LPCAT1;CHEK2;PCTP;PTDSS1;PITPNM3;INPP5F;AWAT2;LPCAT4;PNPLA3;VAC14;PIK3R4;LPIN1;PITPNM1;PLAAT1"
"Pyruvate Metabolism R-HSA-70268",0.498305084745763,0.779810182324872,0.0707899094502623,-0.286818228386113,-0.964386882379742,30,"PDHB;PDK3;BSG;PPARD;LDHB;PDK2;LDHC;PDP2;PDPK1"
"RHO GTPases Activate WASPs And WAVEs R-HSA-5663213",0.508515815085158,0.779810182324872,0.0888945288620449,0.265760070024654,0.952033118900331,33,"RNASE1;PTK2;ARPC5;ABL1;CDC42;WIPF1;ACTR3;ARPC3;WASF2"
"RHOBTB GTPase Cycle R-HSA-9706574",0.495812395309883,0.779810182324872,0.0704500850658419,-0.279246612877934,-0.972733915572693,34,"ACTN1;COPS4;STK38;TXNL1;CDC37;RHOBTB2;ROCK2;TMOD3;DBN1;PDE5A;CCT2;GPS1;RHOBTB1"
"RNA Polymerase I Promoter Clearance R-HSA-73854",0.501240694789082,0.779810182324872,0.0908241419007155,0.229846170414672,0.975149830390923,73,"RRN3;H2AC19;POLR2L;KAT2B;H2AJ;CBX3;H3-3B;H2BC17;CHD4;H2AX;RBBP4;H2AB1;H2AC6;H2AZ2;TAF1A"
"Regulation Of TP53 Activity R-HSA-5633007",0.493188010899183,0.779810182324872,0.0972150808846466,0.200595838462765,0.98247554736533,155,"HIPK2;PIP4K2A;SGK1;RPS27A;PRR5;BLM;BARD1;TAF2;KMT5A;AURKA;UBA52;CHD4;RBBP4;BANP;KAT6A"
"Resolution Of D-loop Structures Thru Synthesis-Dependent Strand Annealing (SDSA) R-HSA-5693554",0.504950495049505,0.779810182324872,0.0902635484340068,0.280573605515077,0.957989708481744,27,"XRCC2;BLM;BARD1;ATM;MRE11"
"SCF-beta-TrCP Mediated Degradation Of Emi1 R-HSA-174113",0.500851788756388,0.779810182324872,0.0707899094502623,-0.254706530430225,-0.98088759526649,53,"PSMA6;PSMC5;PSMD12;PSMC4;PSMD7;PSMD2;PSMB5;PSMD9;PSMD11;PSMC2;PSMA1;PSMA5;PSMC3;PSMD5;PSMF1;PSMB4"
"Signaling By Erythropoietin R-HSA-9006335",0.495867768595041,0.779810182324872,0.0697792517076235,-0.3006862987277,-0.96662841755699,24,"JAK2;GRB2;RAPGEF1;PIK3R1;STAT5A;CLSTN1;PLCG2;SOS1;PIK3CA;EPX"
"Signaling By NOTCH R-HSA-157118",0.5,0.779810182324872,0.0972150808846466,0.192948001096082,0.983526440846864,198,"RPS27A;SIRT6;PSEN1;H2AC19;TLE4;TFDP1;DNER;KAT2B;PSMD10;YBX1;E2F1;H2AJ;PSENEN;UBA52;APH1B;RBPJ;H3-3B;CCND1;H2BC17;ATP2A3;H2AX;H2AB1;H2AC6;NCOR2;PSMD14;H2AZ2;HEYL;ELF3;YWHAZ;ARRB2;JAG1;AGO2;HDAC6;H4C15;TMED2;NUMB;HDAC7;CUL1;PSME2;H2BC21"
"Synaptic Adhesion-Like Molecules R-HSA-8849932",0.493975903614458,0.779810182324872,0.0899860794997137,0.298004654156728,0.959210861773424,21,"FLOT2;DLG1;GRIN2C;LRFN1;LLGL1;PTPRF;LRFN2;GPRIN1"
"Synthesis Of Bile Acids And Bile Salts Via 7Alpha-Hydroxycholesterol R-HSA-193368",0.505785123966942,0.779810182324872,0.0687943095604775,-0.297849645098892,-0.957509312296876,24,"NR1H4;SLC27A2;NCOA2;CYP7A1;AKR1C4;AKR1C3;ACOT8;AKR1D1;PTGIS"
"TCF Dependent Signaling In Response To WNT R-HSA-201681",0.504249291784703,0.779810182324872,0.0982123351217438,0.192439161637158,0.976942356271151,194,"RPS27A;WNT8A;H2AC19;SOX3;TLE4;DVL3;PSMD10;SOX2;AXIN1;TCF7L1;LRP6;H2AJ;UBA52;H3-3B;H2BC17;TNKS2;PROC;H2AX;CBY1;DKK1;H2AB1;H3-4;H2AC6;FZD2;PSMD14;PYGO2;RNF146;H2AZ2;CAV1;YWHAZ;SOX17;H4C15;SOX9;MEN1"
"Toll Like Receptor 4 (TLR4) Cascade R-HSA-166016",0.492088607594937,0.779810182324872,0.0679922591544058,-0.212329724866765,-0.985487293703328,138,"DNM1;MEF2C;S100A12;MAPK10;PPP2R1A;CREB1;NOD2;IKBIP;UBE2D1;HOXC13;AGER;MAPK8;NKIRAS1;S100A9;TIFA;PTPN4;NLRC5;CD180;PPP2CA;MAPK3;UBE2D2;ECSIT;DUSP3;S100A8;TLR6;CASP8;RPS6KA5;TLR4;LBP;FGG;IRAK1;TANK;NKIRAS2;GDNF;FOS;MAPK11;RIPK1;PLCG2;JUN;UBE2N;UBE2D3;BTRC;TAB3;BIRC3;MAP2K1"
"mTORC1-mediated Signaling R-HSA-166208",0.501259445843829,0.779810182324872,0.0916795246008379,0.2979031171603,0.978503768819461,24,"RPS6;EIF4B;LAMTOR4;RRAGC;RHEB"
"Metabolism Of Cofactors R-HSA-8978934",0.510998307952623,0.780543226938103,0.0694481442003175,-0.317804747986576,-0.959611547197894,19,"COQ3;GCH1;AKT1;COQ6;CALM1;PDSS1;PTS"
"Regulation Of APC/C Activators Between G1/S And Early Anaphase R-HSA-176408",0.510887772194305,0.780543226938103,0.0689567351672811,-0.230729375864871,-0.960027706790234,79,"PSMA6;UBE2D1;PSMC5;PSMD12;PSMC4;PSMD7;PSMD2;MAD2L1;PSMB5;PSMD9;PSMD11;CCNB1;BUB1B;PSMC2;PSMA1;ANAPC15;PSMA5;PSMC3;PSMD5;PSMF1;PSMB4;UBE2C"
"RAC3 GTPase Cycle R-HSA-9013423",0.5125,0.78108308703662,0.0899860794997137,0.217207055590304,0.964214412184458,92,"ERBIN;ARHGAP21;PREX1;DOCK10;ITGB1;STBD1;ARHGAP5;CDC42;NCF1;PKN1;CDC42EP1;FERMT2;IL32;CAV1;WASF2;VAMP3;JAG1;CYBA;SYDE1"
"Signaling By PDGFR In Disease R-HSA-9671555",0.512690355329949,0.78108308703662,0.0692836467392548,-0.316250945621879,-0.954919840416694,19,"GRB2;PIK3R2;PIK3R1;SOS1;PIK3CA;FIP1L1;WDR48"
"Antiviral Mechanism By IFN-stimulated Genes R-HSA-1169410",0.516049382716049,0.78135450625723,0.0888945288620449,0.22475019006906,0.968980926258237,80,"RPS27A;AAAS;USP18;POM121C;RNASE7;UBA52;NUP50;HERC5;NUP62;NUP214;NUP35;RANBP2;PPM1B;EIF4G3;NUP188"
"HIV Life Cycle R-HSA-162587",0.516216216216216,0.78135450625723,0.0940503465727813,0.201010335606098,0.971568709529088,144,"RPS27A;AAAS;ELOA2;MVB12B;POM121C;RNASE7;POLR2L;VPS37D;TAF2;UBA52;NUP50;CTDP1;POLR2J;FEN1;NUP62;ELOC;CXCR4;BANF1;NUP214;POLR2I;TCEA1;TAF10;CHMP6;NUP35;RANBP2"
"Interleukin-6 Family Signaling R-HSA-6783589",0.51404958677686,0.78135450625723,0.0679922591544058,-0.29559747012301,-0.950269154224459,24,"CCM2;CLCF1;IL31RA;JAK2;SOCS3;LIF;CNTF;IL11;IL6;OSMR;IL31;IL6R"
"SUMOylation Of Intracellular Receptors R-HSA-4090294",0.51510067114094,0.78135450625723,0.0686325631836726,-0.284838141156082,-0.957157067008655,29,"RORA;NR1H4;NR1I2;SUMO1;AREG;PIAS3;VDR;RARA;ESR1;NR5A1;THRB"
"TGF-beta Receptor Signaling Activates SMADs R-HSA-2173789",0.515738498789346,0.78135450625723,0.0878312634480124,0.247412123098115,0.95153275191352,43,"RPS27A;TGFB3;ITGB1;UBA52;SMAD7"
"AUF1 (hnRNP D0) Binds And Destabilizes mRNA R-HSA-450408",0.524701873935264,0.781909547738693,0.0684714904492087,-0.249982248297468,-0.962694148350413,53,"HNRNPD;PSMA6;PSMC5;PSMD12;PSMC4;PSMD7;PSMD2;PSMB5;PSMD9;PSMD11;PSMC2;PSMA1;PSMA5;PSMC3;PSMD5;PSMF1;PSMB4"
"Activation Of BH3-only Proteins R-HSA-114452",0.520338983050847,0.781909547738693,0.0686325631836726,-0.281490419352934,-0.946472856579034,30,"PPP3R1;YWHAH;YWHAG;MAPK8;BCL2;AKT1"
"Activation Of GABAB Receptors R-HSA-991365",0.522765598650928,0.781909547738693,0.0681513438679483,-0.265497914300611,-0.961402172112387,42,"GABBR2;GNB5;GNG3;GNB1;ADCY1;GNGT1;GNG4;GNG2;GNB2"
"Arachidonic Acid Metabolism R-HSA-2142753",0.530120481927711,0.781909547738693,0.0860347242455604,0.235085706940179,0.956737020659816,58,"PTGDS;FA2H;PRXL2B;CBR1;ALOX15;ALOXE3;HPGD;ABCC1;PTGES3;GGT1;PON2;CYP2J2;CYP4F22"
"COPI-mediated Anterograde Transport R-HSA-6807878",0.536013400335008,0.781909547738693,0.0665892104103933,-0.230683457689996,-0.961476281710121,80,"SPTBN2;NSF;ARF3;DCTN3;COPZ2;DCTN1;ARF5;INS;PTGES2;CAPZA1;YKT6;TMED9;ANK2;DYNC1H1;COG3;GOLGA2;CAPZA2;SPTBN4;COG7;STX5;GOSR2;CAPZA3;DCTN4;DYNC1I1;SPTAN1;COG6;ARFGAP2;SPTA1;COG4"
"Collagen Biosynthesis And Modifying Enzymes R-HSA-1650814",0.523456790123457,0.781909547738693,0.0880945010398517,0.230719261315442,0.962900213898333,67,"COL1A2;COL16A1;COL6A2;COL9A2;SERPINH1;COLGALT1;PPIB;P4HA1;COL6A1;COL5A2;ADAMTS3"
"Collagen Formation R-HSA-1474290",0.532846715328467,0.781909547738693,0.0862865626267245,0.216179587167742,0.955954100421351,90,"COL1A2;COL16A1;DST;COL6A2;COL9A2;SERPINH1;COLGALT1;ITGB4;PPIB;PLEC;P4HA1;COL6A1;COL5A2;CD151;ADAMTS3;PLOD1;ITGA6;CTSL"
"DAP12 Signaling R-HSA-2424491",0.533834586466165,0.781909547738693,0.0878312634480124,0.272930693774849,0.940926444944922,28,"KLRC2;RNASE1;B2M;GRAP2;LCP2;TREM2"
"Defective GALNT12 Causes CRCS1 R-HSA-5083636",0.526570048309179,0.781909547738693,0.0865399737444125,0.305546582824724,0.939386760119538,17,"MUC5B;MUC5AC;MUC21;MUC17;MUCL1;MUC20"
"Downstream Signaling Of Activated FGFR3 R-HSA-5654708",0.531486146095718,0.781909547738693,0.0883594442500905,0.290440155327267,0.953990644049943,24,"FGF1;PTPN11;FGF18"
"E3 Ubiquitin Ligases Ubiquitinate Target Proteins R-HSA-8866654",0.532530120481928,0.781909547738693,0.0857844408075645,0.240102769721641,0.952924258598687,53,"RPS27A;WAC;RNF144A;UBA52;H2BC17;HLA-B;UBE2L3;PEX12;RAD18"
"Early Phase Of HIV Life Cycle R-HSA-162594",0.535885167464115,0.781909547738693,0.0850427463764322,0.317060972280587,0.940163792774183,15,"FEN1;CXCR4;BANF1"
"Factors Involved In Megakaryocyte Development And Platelet Production R-HSA-983231",0.53099730458221,0.781909547738693,0.0922597260527354,0.202246324252723,0.964336623703266,130,"IFNA14;DOCK5;KIF5B;MFN1;KDM1A;RNASE1;GATA3;DOCK10;IFNA4;MAFK;H3-3B;ABL1;CDC42;KIF5C;MAFF;GATA2;CARMIL1;KIF5A;GATA6"
"GAB1 Signalosome R-HSA-180292",0.530612244897959,0.781909547738693,0.0678338263479455,-0.31838984748501,-0.934758158966313,17,"EGFR;GRB2;PIK3R1;AREG;EPGN;PXDN;PIK3CA;EGF;PAG1"
"HIV Transcription Initiation R-HSA-167161",0.521008403361345,0.781909547738693,0.0681513438679483,-0.261582610448671,-0.962996822477616,45,"MNAT1;GTF2A2;TBP;TAF11;TAF3;GTF2H5;POLR2K;POLR2G;POLR2H;GTF2H3;TAF9B;GTF2B;POLR2C;GTF2H1;ERCC3;POLR2B;TAF13;TAF5;GTF2A1;CDK7"
"Heme Signaling R-HSA-9707616",0.522689075630252,0.781909547738693,0.0679922591544058,-0.265848210747148,-0.974523284649501,44,"MEF2C;CRTC1;RORA;CREB1;TBL1XR1;NCOA2"
"Interleukin-3, Interleukin-5 And GM-CSF Signaling R-HSA-512988",0.530712530712531,0.781909547738693,0.0870515867946735,0.24657567741486,0.946555214855168,44,"GAB2;CRKL;PTPN11;YES1;IL2RA"
"Molecules Associated With Elastic Fibres R-HSA-2129379",0.521303258145363,0.781909547738693,0.0891647117820678,0.274402289555518,0.945999759958159,28,"TGFB3;ITGB1;BMP7;LTBP3;BMP4;EFEMP1;ITGB8;ITGAV;TGFB1;GDF5;MFAP4"
"Netrin-1 Signaling R-HSA-373752",0.524054982817869,0.781909547738693,0.0689567351672811,-0.251552322659097,-0.946018668797574,49,"NTN1;ABLIM2;RGMB;SIAH2;SLIT3;TRPC5;MAPK13;ABLIM1;MAPK8;WASL;NTN4;SLIT2;MYO10;NCK1;UNC5D;MAPK11;TRPC4;TRPC6;DCC;ROBO1"
"Phospholipase C-mediated Cascade: FGFR1 R-HSA-5654219",0.525798525798526,0.781909547738693,0.0875697115548511,0.315503050084425,0.948467323924909,16,"FGF1;FGF3;FGF4"
"RNA Polymerase I Transcription Initiation R-HSA-73762",0.526050420168067,0.781909547738693,0.0676760401641789,-0.264508700252301,-0.969613023400828,44,"TAF1B;RBBP7;POLR1H;MNAT1;MTA2;TBP;POLR1A;GTF2H5;CHD3;POLR2K;POLR2H;POLR1E;GTF2H3;TAF1C;POLR1B;GTF2H1"
"RNA Polymerase II Pre-transcription Events R-HSA-674695",0.529801324503311,0.781909547738693,0.0665892104103933,-0.229846486303196,-0.957051503578043,78,"SUPT4H1;LEO1;MNAT1;DMAP1;GTF2A2;NELFB;TBP;TAF11;TAF3;GTF2H5;POLR2K;NELFA;POLR2G;SUPT6H;POLR2H;ELOA;GTF2H3;TAF9B;GTF2B;POLR2C;CCNK"
"RNA Polymerase III Transcription Initiation From Type 1 Promoter R-HSA-76061",0.525083612040134,0.781909547738693,0.0675188953767744,-0.288923989483467,-0.953700854338707,27,"POLR3G;POLR3C;POLR3F;TBP;POLR2K;POLR3B;POLR2H;POLR3GL;BDP1;POLR3E;POLR3H;POLR3A;GTF3C2"
"Regulation Of IGF Transport And Uptake By IGFBPs R-HSA-381426",0.535369774919614,0.781909547738693,0.0646484568421928,-0.211794219589765,-0.960388101597235,122,"CHGB;SCG3;F5;KLKB1;ENAM;CHRDL1;KLK1;PAPPA;APLP2;CTSG;MMP1;PPP3CA;LAMB1;MATN3;GPC3;PLG;SPARCL1;PENK;GAS6;SHISA5;CKAP4;AMELX;GOLM1;ITIH2;AMTN;SGPP2;FGG;MBTPS1;VGF;TNNI3;CP;TTF2;APOL1;APOA1;IGFBP6;WFS1;P4HB"
"Regulation Of MECP2 Expression And Activity R-HSA-9022692",0.525510204081633,0.781909547738693,0.0683110858318647,-0.279960795010925,-0.948312213762405,31,"CAMK2A;AGO4;CREB1;TBL1XR1;CAMK2G"
"Sensory Perception Of Taste R-HSA-9717189",0.532203389830509,0.781909547738693,0.0675188953767744,-0.257662857442614,-0.95152090548996,46,"SCN1B;SCN2B;GNB1;SCN2A;TAS2R46;SCN4B;SCN3A"
"Signaling By EGFR R-HSA-177929",0.535108958837772,0.781909547738693,0.0857844408075645,0.243576834696622,0.948437689525665,48,"RPS27A;PTPN11;CSK;UBA52;SH3GL3;CDC42;PTPN3;SH3GL1"
"TGF-beta Receptor Signaling In EMT (Epithelial To Mesenchymal Transition) R-HSA-2173791",0.532534246575342,0.781909547738693,0.0679922591544058,-0.337532890433636,-0.944467745219519,15,"TGFBR1;F11R;PARD6A;PRKCZ"
"Translesion Synthesis By POLI R-HSA-5656121",0.518427518427518,0.781909547738693,0.0883594442500905,0.317341820536481,0.953995047633149,16,"RPS27A;UBA52;SLC19A1;POLI;MAD2L2"
"Incretin Synthesis, Secretion, And Inactivation R-HSA-400508",0.537190082644628,0.782647723403597,0.0658311958368866,-0.292165863693794,-0.9392374301107,24,"GNB1;SPCS2;GPR119;SPCS1;DPP4;GNG13;FFAR4;PCSK1;GNAT3;LEP"
"Assembly And Cell Surface Presentation Of NMDA Receptors R-HSA-9609736",0.539735099337748,0.785375138313157,0.0656813601934011,-0.288797424241131,-0.938593069588539,25,"CAMK2A;NEFL;NBEA;CAMK2G;LIN7A"
"Paracetamol ADME R-HSA-9753281",0.540540540540541,0.785567634882703,0.0860347242455604,0.290196373384601,0.947748971432982,23,"SULT1A4;ABCC3;SLC38A3;SLC38A1;ABCC4;ABCC1;GSTP1;GGT1"
"Semaphorin Interactions R-HSA-373755",0.5425,0.786897184162261,0.086794975677172,0.230826265129888,0.953972309751749,63,"RNASE1;PLXNB3;HSP90AA1;SEMA6A;ITGB1;SEMA4D;RRAS;PLXNB1;RHOA;PKN1;DPYSL3;MYL6;ROCK1;DPYSL5;TREM2"
"Signaling To ERKs R-HSA-187687",0.543147208121827,0.786897184162261,0.066436413766281,-0.27509034837853,-0.946007830135257,33,"SHC3;SHC2;MAPK13;RIT2;GRB2;RAPGEF1;MAPK3;RALA"
"TP53 Regulates Transcription Of Genes Involved In G2 Cell Cycle Arrest R-HSA-6804114",0.543478260869565,0.786897184162261,0.0847985102819124,0.299153964490463,0.923466091570864,18,"TFDP1;AURKA;PRMT1;CDC25C;GADD45A"
"Intra-Golgi And Retrograde Golgi-to-ER Traffic R-HSA-6811442",0.545171339563863,0.788370450149973,0.062249042949858,-0.198533002768935,-0.956797758024067,178,"GCC2;NSF;ARF3;DCTN3;COPZ2;KIFC2;NAA30;PLA2G4A;RAB6B;DCTN1;PLA2G6;VAMP4;MAN1A1;KIF3C;ARF5;RIC1;KIF20A;PTGES2;TRIP11;CAPZA1;RAB41;PAFAH1B3;KIF27;YKT6;TMED9;CYTH3;DYNC1H1;KLC1;COG3;CAPZA2;RAB6A;ARFRP1;RAB18;KIF18A;VPS51;COG7;STX5;KIF3B;VPS53;KIF21A;CENPE;MAN1A2;KIFAP3;GOSR2;CAPZA3;DCTN4;KIF11;KIFC1;RABEPK;DYNC1I1;VPS54;COG6;ARFGAP2;PAFAH1B1;VTI1A;PAFAH1B2;RAB3GAP2;COG4;RINT1;ARFIP2;ARCN1;MAN1C1;KIF19;RAB33B;KIF20B;TMF1;KDELR1"
"FBXL7 Down-Regulates AURKA During Mitotic Entry And In Early Mitosis R-HSA-8854050",0.54855195911414,0.788374552076602,0.0662842187012672,-0.246646948620152,-0.949849742380728,53,"PSMA6;PSMC5;PSMD12;PSMC4;PSMD7;PSMD2;PSMB5;PSMD9;PSMD11;PSMC2;PSMA1;PSMA5;PSMC3;PSMD5;PSMF1;PSMB4"
"RAC1 GTPase Cycle R-HSA-9013149",0.548209366391185,0.788374552076602,0.0916795246008379,0.193295122573488,0.965443078225646,176,"ERBIN;ARHGAP21;DOCK5;MYO9B;RNASE1;KTN1;PREX1;ARHGEF15;PLEKHG6;DOCK10;ITGB1;ARHGAP23;FAM13B;ARHGAP5;CDC42;WIPF1;NCF1;PKN1;CDC42EP1;ARHGEF19;SOS2;FERMT2;ARHGAP9;GNA13;CAV1;WASF2;VAMP3;JAG1;PLEKHG3"
"Signal Transduction By L1 R-HSA-445144",0.54656862745098,0.788374552076602,0.0852884689790502,0.290743799214709,0.920542708655362,20,"RNASE1;ITGB1;NCAM1;PKN1"
"Synthesis Of Substrates In N-glycan Biosythesis R-HSA-446219",0.548172757475083,0.788374552076602,0.0650877566917313,-0.237405287471799,-0.945068030378391,63,"MVD;ST8SIA3;ST8SIA1;CTSA;PMM1;GMPPB;ST8SIA5;GFUS;ST8SIA4;CMAS;GNPNAT1;DPM3;FCSK;ST8SIA6;NANS;ST6GALNAC6"
"Translesion Synthesis By POLK R-HSA-5655862",0.547911547911548,0.788374552076602,0.0852884689790502,0.310423212333385,0.933196282594524,16,"RPS27A;UBA52;SLC19A1;MAD2L2"
"Assembly Of Collagen Fibrils And Other Multimeric Structures R-HSA-2022090",0.553921568627451,0.789061159455816,0.0845557442441281,0.232830681026918,0.94088297008775,57,"COL1A2;DST;COL6A2;COL9A2;ITGB4;PLEC;COL6A1;COL5A2;CD151;ITGA6;CTSL;PCOLCE"
"Assembly Of Pre-Replicative Complex R-HSA-68867",0.553745928338762,0.789061159455816,0.0636424081651019,-0.214204925143355,-0.951587052466557,106,"ORC4;PSMA6;H2BC11;SLC25A2;UBE2D1;PSMC5;PSMD12;PSMC4;PSMD7;H2AC4;PSMD2;H2AC7;PSMB5;PSMD9;H2BC14;ORC6;PSMD11;KPNA1;PSMC2;PSMA1;H2BC3;ANAPC15;PSMA5;PSMC3;PSMD5;MCM6;PSMF1;PSMB4;UBE2C;KPNB1;ANAPC4;H2BC1;GMNN"
"Defective Pyroptosis R-HSA-9710421",0.553349875930521,0.789061159455816,0.0852884689790502,0.25061669616466,0.940255385003124,39,"H2AC19;H2AJ;H3-3B;H2BC17;H2AX;RBBP4;H2AB1;H2AC6;H2AZ2;H4C15;H2BC21"
"Downstream Signaling Of Activated FGFR4 R-HSA-5654716",0.550761421319797,0.789061159455816,0.086794975677172,0.276709043320668,0.933934621858401,26,"FGF1;PTPN11;FGF18"
"EML4 And NUDC In Mitotic Spindle Formation R-HSA-9648025",0.549751243781095,0.789061159455816,0.0857844408075645,0.214026024705862,0.949729831595405,95,"DYNC1LI2;RPS27;NDE1;NEK7;AHCTF1;MAPRE1;PLK1;DYNLL2;CLASP2;B9D2;BUB3;BIRC5;RCC2;CDC20;DYNC1I2;RANBP2"
"ER-Phagosome Pathway R-HSA-1236974",0.551980198019802,0.789061159455816,0.0852884689790502,0.215976565727338,0.944966051570482,88,"RPS27A;HLA-C;STX4;HMGB1;B2M;PSMD10;UBA52;S100A1;HLA-B;CALR;PSMD14;PDIA3;VAMP3;TAPBP;TLR1;SEC61G;PSME2;SEC61B"
"Integrin Signaling R-HSA-354192",0.551980198019802,0.789061159455816,0.0852884689790502,0.27366893525571,0.934414422286197,27,"CSK;PTK2;RAP1A;RAPGEF4;RAP1B"
"Signaling By Retinoic Acid R-HSA-5362517",0.554438860971524,0.789061159455816,0.0649407684612899,-0.263928197468258,-0.941124387117611,40,"PDHB;RDH11;PDK3;CRABP1;PPARD;PDK2;SDR16C5;ADH1A;ALDH8A1"
"FCERI Mediated MAPK Activation R-HSA-2871796",0.555369127516778,0.789422377359416,0.0649407684612899,-0.278445689316803,-0.935676164104835,29,"MAPK10;VAV3;MAPK8;GRB2;MAPK3;FOS;VAV2;PLCG2;JUN;SOS1;MAP3K1;SPNS1;HRAS;MAPK9;SHC1;SYK;PKN2"
"FRS-mediated FGFR2 Signaling R-HSA-5654700",0.556675062972292,0.789933682415105,0.0857844408075645,0.283652627597275,0.93169607550674,24,"FGF1;PTPN11;FGF18;FGFR2"
"G1/S-Specific Transcription R-HSA-69205",0.559113300492611,0.789933682415105,0.0843144320642653,0.26485824210752,0.921019334201487,29,"E2F6;TFDP1;E2F1;DHFR;RBBP4;SLC25A15;LIN37;CCNE1"
"HDMs Demethylate Histones R-HSA-3214842",0.558375634517767,0.789933682415105,0.0860347242455604,0.275466779371241,0.929741794266165,26,"KDM1A;KDM4B;H4C15;KDM5A;ARID5B;PHF2;JMJD6;RIOX2"
"RNA Polymerase I Promoter Escape R-HSA-73772",0.558752997601918,0.789933682415105,0.0828962134571565,0.236544089993687,0.949645188109323,55,"RRN3;H2AC19;POLR2L;H2AJ;CBX3;H3-3B;H2BC17;H2AX;H2AB1;H2AC6;H2AZ2;TAF1A;H4C15"
"Regulation Of Cholesterol Biosynthesis By SREBP (SREBF) R-HSA-1655829",0.558974358974359,0.789933682415105,0.0655321029282414,-0.24342831789789,-0.941324343347285,55,"ACACA;MVD;TBL1XR1;NCOA2;SEC23A;HMGCS1;HMGCR;IDI1;SEC24A;SQLE;INSIG2;ELOVL6;MBTPS1;SC5D;MVK;KPNB1"
"Downstream Signaling Of Activated FGFR1 R-HSA-5654687",0.561016949152542,0.791664787981883,0.0649407684612899,-0.276339921167392,-0.929155014139917,30,"FLRT2;FGF10;FLRT3;FGF13;GRB2;PIK3R1;FGF8;FGF5;FGF20;SOS1;PIK3CA;FGFR1;FRS3;FLRT1;HRAS"
"NIK To Noncanonical NF-kB Signaling R-HSA-5676590",0.562289562289562,0.792502317864637,0.0645031249656493,-0.240680932549497,-0.939075027219532,57,"PSMA6;PSMC5;PSMD12;PSMC4;UBE2M;PSMD7;PSMD2;PSMB5;PSMD9;PSMD11;PSMC2;PSMA1;PSMA5;PSMC3;PSMD5;PSMF1;PSMB4"
"APC/C-mediated Degradation Of Cell Cycle Proteins R-HSA-174143",0.564273789649416,0.793668103069211,0.0639271933359996,-0.221522563737148,-0.938241623409946,86,"PSMA6;UBE2D1;PSMC5;PSMD12;PSMC4;PSMD7;PSMD2;MAD2L1;PSMB5;PSMD9;PSMD11;CCNB1;BUB1B;PSMC2;PSMA1;ANAPC15;PSMA5;PSMC3;PSMD5;PSMF1;PSMB4;CDC14A;UBE2C;AURKB;ANAPC4;BTRC;PSMA7;RB1;PSMC6;PSMD8;CDK2;FBXO5"
"FGFR2 Mutant Receptor Activation R-HSA-1839126",0.564476885644769,0.793668103069211,0.083129129135339,0.25923021494942,0.928641198915268,33,"FGF1;POLR2L;POLR2J;POLR2I;FGF18;FGFR2;GTF2F2"
"RHO GTPases Activate NADPH Oxidases R-HSA-5668599",0.568595041322314,0.798496285467076,0.0630790410571939,-0.28714657672184,-0.923101725080262,24,"PRKCB;PRKCZ;S100A9;MAPK3;S100A8;PIK3R4;NOX1;NOXA1;MAPK11;NOX3;CYBB"
"PI-3K cascade:FGFR2 R-HSA-5654695",0.57002457002457,0.799541674541675,0.083129129135339,0.282269926952824,0.921862081927027,23,"FGF1;PTPN11;FGF18;FGFR2"
"Interleukin-1 Family Signaling R-HSA-446652",0.571428571428571,0.800548790944949,0.0603786357920401,-0.201920314013857,-0.948604764407984,151,"TOLLIP;S100A12;PSMA6;NOD2;IKBIP;CTSG;PSMC5;PSMD12;PSMC4;HOXC13;AGER;PSMD7;MAPK8;NKIRAS1;ALOX5;PSMD2;PSMB5;PTPN20;PSMD9;TIFA;PSMD11;PTPN4;IL36G;NLRC5;PTPN23;IL4;PSMC2;PSMA1;IL1A;PSMA5;IL37;PSMC3;PSMD5;CASP8;PSMF1;PSMB4;IL1R2;PTPN2;IRAK1;TANK"
"EGFR Downregulation R-HSA-182971",0.572815533980582,0.801529650066355,0.0822054920415869,0.258993173605613,0.913724474429251,30,"RPS27A;UBA52;SH3GL3;CDC42;PTPN3;SH3GL1"
"Cargo Trafficking To Periciliary Membrane R-HSA-5620920",0.582758620689655,0.809453032104637,0.0639271933359996,-0.245861516170983,-0.927985285706034,50,"ARL6;TTC8;EXOC1;MCHR1;PTGES2;BBS10;EXOC6;MKKS;SMOX;BBS12;RAB11A;EXOC8;CCT2;INPP5E;BBS7;EXOC7;ASAP1;UNC119B;CNGB1;BBS5;PDE6D;ARL3;TCP1;CNGA2;BBS4;EXOC4"
"Golgi-to-ER Retrograde Transport R-HSA-8856688",0.582362728785358,0.809453032104637,0.062249042949858,-0.211344311212138,-0.939829349540643,112,"NSF;ARF3;DCTN3;COPZ2;KIFC2;PLA2G4A;RAB6B;DCTN1;PLA2G6;KIF3C;ARF5;KIF20A;PTGES2;CAPZA1;PAFAH1B3;KIF27;TMED9;DYNC1H1;KLC1;CAPZA2;RAB6A;RAB18;KIF18A;KIF3B;KIF21A;CENPE;KIFAP3;CAPZA3;DCTN4;KIF11;KIFC1;DYNC1I1;ARFGAP2;PAFAH1B1;PAFAH1B2;RAB3GAP2;RINT1;ARCN1;KIF19;KIF20B;KDELR1;KIF23;COPG2;KIF3A;RAB1A;COPG1"
"Interleukin-2 Family Signaling R-HSA-451927",0.580645161290323,0.809453032104637,0.0633597010643758,-0.255475896657672,-0.925533509789372,43,"PTK2B;JAK2;GRB2;PIK3R2;STAT4;PIK3R1;IL3RA;IL15;IL3;HAVCR2;CSF2RB;STAT5A;CLSTN1;IL5;SOS1;PIK3CA"
"Metabolism Of Angiotensinogen To Angiotensins R-HSA-2022377",0.583333333333333,0.809453032104637,0.0632191170859458,-0.30613149371926,-0.912760941550483,18,"MMP12;CTSG;ENPEP;ATP6AP2;CPB1;CTSZ;ACE;AOPEP"
"RHOF GTPase Cycle R-HSA-9035034",0.582914572864322,0.809453032104637,0.0625237414724762,-0.260195496999935,-0.927814193382184,40,"ACTN1;TMPO;DIAPH1;LMNB1;ARHGAP32;VANGL1;PIK3R2;AKAP12;FAM169A;PIK3R1;SLC4A7;DIAPH2"
"Regulation Of Lipid Metabolism By PPARalpha R-HSA-400206",0.582637729549249,0.809453032104637,0.0623861492893626,-0.210658721232803,-0.9395969825026,114,"TRIB3;CCNC;MED6;RORA;TBL1XR1;NR1H4;CYP1A1;NCOA2;HMGCS1;AHR;HMGCR;PLIN2;ACOX1;CYP7A1;TIAM2;G0S2;ABCB4;MED19;CDK8;MED7;SIN3B;MED24;MUSK;NR1D1;MED16;ARNT2;APOA1;GLIPR1;MED4;MED8;ANKRD1;HDAC3;SREBF2;ACADM;MED12;SULT2A1;PPARGC1B;ANGPTL4"
"Regulation Of TP53 Activity Thru Acetylation R-HSA-6804758",0.58128078817734,0.809453032104637,0.0822054920415869,0.26139389558416,0.908972398818244,29,"PIP4K2A;CHD4;RBBP4;KAT6A;BRD1"
"Negative Regulation Of MET Activity R-HSA-6807004",0.58578431372549,0.8118887103535,0.0815265143256594,0.285698363598327,0.904568029294373,20,"RPS27A;UBA52;SH3GL3;SH3GL1"
"FGFR1 Ligand Binding And Activation R-HSA-190242",0.587223587223587,0.812918062028382,0.0815265143256594,0.302323023391703,0.908845441844341,16,"FGF1;FGF3;FGF4"
"RHOU GTPase Cycle R-HSA-9013420",0.588628762541806,0.813897826879488,0.0619762736001998,-0.25886682606898,-0.918391098048824,38,"PTK2B;CLTC;PARD6A;ARHGEF6;VANGL1;GRB2;TXNL1;PIK3R2;STAM;PIK3R1"
"Collagen Chain Trimerization R-HSA-8948216",0.592137592137592,0.813934386915753,0.0810802057550866,0.238999660316476,0.9174723849204,44,"COL1A2;COL16A1;COL6A2;COL9A2;COL6A1;COL5A2"
"Cyclin E Associated Events During G1/S Transition R-HSA-69202",0.591240875912409,0.813934386915753,0.0806388495950661,0.215782800650548,0.934706984283196,81,"PTK6;RPS27A;CKS1B;TFDP1;PSMD10;E2F1;UBA52;CCND1;MAX;RBBP4;CDK4"
"Degradation Of DVL R-HSA-4641258",0.593537414965986,0.813934386915753,0.0623861492893626,-0.23949877801161,-0.922421816333468,54,"PSMA6;PSMC5;PSMD12;PSMC4;PSMD7;PSMD2;PSMB5;PSMD9;PSMD11;PSMC2;PSMA1;PSMA5;PSMC3;PSMD5;PSMF1;PSMB4"
"GRB2:SOS Provides Linkage To MAPK Signaling For Integrins R-HSA-354194",0.593301435406699,0.813934386915753,0.0795564677235957,0.303716923883423,0.900595406095114,15,"PTK2;RAP1A;RAP1B;FN1;SRC;ITGA2B"
"Mitotic Prometaphase R-HSA-68877",0.592592592592593,0.813934386915753,0.0578529757032509,-0.19459113918672,-0.941990247616179,183,"TUBA4A;PRKAR2B;HAUS8;CLIP1;DCTN3;HAUS3;CEP63;PPP2R1A;YWHAG;CENPQ;CENPF;DSN1;DCTN1;PPP2R5B;ITGB3BP;MAD2L1;CCNB1;HAUS2;TUBB4B;CCNB2;PPP2CA;CETN2;HAUS7;CEP131;BUB1B;DYNC1H1;TUBGCP2;MZT2A;CEP76;CENPH;SGO2;KIF18A;CEP152;CDCA8;SMC4;ODF2;ZWILCH;CEP290;TUBGCP3;AURKB;CENPE;CEP72;SMC3;NUP43;SPC25;NCAPH;SKA1;SKA2;HAUS6;NUP98;SPC24;TUBGCP5;CENPA;NEDD1;CENPO;PCNT;DYNC1I1;NDC80;PAFAH1B1;NDEL1;SSNA1;NCAPG;ERCC6L;RAB33B;MAD1L1;CENPU;CEP41;CEP164;WAPL;RANGAP1;CENPJ;NME7;SEC13;CDK1;NUP107"
"Paradoxical Activation Of RAF Signaling By Kinase Inactive BRAF R-HSA-6802955",0.592964824120603,0.813934386915753,0.0617054053637522,-0.257359333506661,-0.917700902513771,40,"CAMK2A;CNKSR2;CAMK2G;JAK2;PEBP1;MAPK3;CALM1;YWHAB;FGG;CAMK2D;VCL;MAP2K1;CNKSR1;KSR2;ITGB3"
"p53-Dependent G1 DNA Damage Response R-HSA-69563",0.591666666666667,0.813934386915753,0.0615706755421678,-0.230953080104914,-0.920829224862539,64,"PSMA6;PSMC5;PSMD12;PSMC4;PSMD7;PSMD2;PSMB5;PSMD9;PSMD11;CHEK2;PSMC2;PSMA1;PSMA5;PSMC3;PSMD5;PSMF1;PSMB4"
"Nicotinate Metabolism R-HSA-196807",0.596938775510204,0.816679426753116,0.0621124188949471,-0.270866819334205,-0.917508157053124,31,"NAPRT;NMRK1;SLC5A8;NMNAT2;NUDT12;NMNAT3;RNLS;NADSYN1;CD38;PTGIS"
"Sema3A PAK Dependent Axon Repulsion R-HSA-399954",0.596638655462185,0.816679426753116,0.0615706755421678,-0.310946523286301,-0.895278531295527,16,"PLXNA4;PLXNA1;PLXNA2;VPS72;SEMA3A"
"Caspase Activation Via Extrinsic Apoptotic Signaling Pathway R-HSA-5357769",0.597682119205298,0.816738914651736,0.0607719451853533,-0.277599541082261,-0.902199893456184,25,"DAPK1;MAGED1;CASP8;TLR4;TANK;CASP3;RIPK1;DAPK2;DCC;TICAM1;CASP9;LY96;FASLG;UNC5B;TNFRSF10B;DAPK3"
"SUMOylation Of DNA Methylation Proteins R-HSA-4655427",0.600478468899522,0.819600436497943,0.0789209638180035,0.303134003971745,0.898866905134857,15,"CBX2;PHC3;CBX4;PHC1;CBX8"
"Regulation Of TNFR1 Signaling R-HSA-5357905",0.602469135802469,0.821356870889581,0.080419996876154,0.251012487429282,0.902131731968333,34,"RPS27A;UBA52;OTUD7B;TNF;TRADD;CFLAR"
"FGFR2 Ligand Binding And Activation R-HSA-190241",0.604377104377104,0.822037390219208,0.0610363728309177,-0.294616869708402,-0.903877146528304,20,"FGF10;FGF13;FGFBP3;FGF8;FGF5;FGF20;FGFBP1;FGFBP2;FGF7"
"Phosphorylation Of CD3 And TCR Zeta Chains R-HSA-202427",0.603864734299517,0.822037390219208,0.0791316651768349,0.294731266451265,0.906135643665196,17,"CSK;HLA-DPA1;HLA-DRB1;TARP;HLA-DQA1;HLA-DRA;LCK;PTPRJ"
"Deubiquitination R-HSA-5688426",0.61271676300578,0.827517584491336,0.0880945010398517,0.17960374371345,0.950919494724677,260,"USP17L11;USP17L12;RPS27A;USP17L3;USP17L15;H2AC19;USP17L17;USP18;CCP110;FOXO4;GATA3;BARD1;UFD1;KAT2B;PSMD10;AXIN1;UBA52;ATXN7;H2BC17;TNKS2;PROC;RHOA;MUL1;SMAD7;H2BC18;H2AC6;TFPT;OTUD7B;NFKBIA;TAF10;CDC20;RCE1;PSMD14;RNF146;WDR20;ARRB2;IL33"
"Diseases Of Carbohydrate Metabolism R-HSA-5663084",0.613691931540342,0.827517584491336,0.0789209638180035,0.251288230195021,0.894936010026068,32,"RPS27A;PMEL;HGSNAT;UBA52;TALDO1;GAA"
"FOXO-mediated Transcription Of Oxidative Stress, Metabolic And Neuronal Genes R-HSA-9615017",0.615771812080537,0.827517584491336,0.059989249649033,-0.26619336192938,-0.894504003317036,29,"PLXNA4;ABCA6;SIRT3;INS"
"Plasma Lipoprotein Assembly, Remodeling, And Clearance R-HSA-174824",0.613861386138614,0.827517584491336,0.0795564677235957,0.221419796889358,0.929044553357109,70,"RPS27A;APOC3;FGF21;PCSK6;APOA5;UBA52;NPC2;AP2A2;APOB;SCARB1;LSR;SAR1B"
"Processive Synthesis On Lagging Strand R-HSA-69183",0.614832535885168,0.827517584491336,0.0776798560117236,0.298292950574601,0.884511990715263,15,"POLD4;FEN1;POLD2;POLD1"
"Regulation Of Gene Expression In Late Stage (Branching Morphogenesis) Pancreatic Bud Precursor Cells R-HSA-210744",0.614832535885168,0.827517584491336,0.0776798560117236,0.29759831781551,0.882452233676499,15,"KAT2B;RBPJ;ONECUT1"
"Regulation Of TLR By Endogenous Ligand R-HSA-5686938",0.612244897959184,0.827517584491336,0.0609039347452418,-0.301257822940458,-0.898229616220896,18,"GSDME;S100A9;S100A8;TLR6;TLR4;LBP;FGG"
"SCF(Skp2)-mediated Degradation Of P27/P21 R-HSA-187577",0.609638554216868,0.827517584491336,0.0785029047348687,0.226530032345673,0.921917674439991,58,"PTK6;RPS27A;CKS1B;PSMD10;UBA52;CCND1;CDK4"
"Signaling By EGFR In Cancer R-HSA-1643713",0.616707616707617,0.827517584491336,0.0789209638180035,0.273362886552789,0.892772681948699,23,"RPS27A;HSP90AA1;UBA52"
"Synthesis Of Bile Acids And Bile Salts Via 27-Hydroxycholesterol R-HSA-193807",0.61472602739726,0.827517584491336,0.0610363728309177,-0.318570549655784,-0.891408266436477,15,"NR1H4;NCOA2;CYP7A1;AKR1C4;AKR1C3;AKR1D1;PTGIS"
"Transcription Of E2F Targets Under Negative Control By DREAM Complex R-HSA-1362277",0.610705596107056,0.827517584491336,0.0789209638180035,0.285821070796792,0.889088491540874,19,"TFDP1;E2F1;MAX;RBBP4"
"tRNA Processing R-HSA-72306",0.616915422885572,0.827517584491336,0.0795564677235957,0.203727949051241,0.93208684226888,104,"AAAS;RPP25;POM121C;RNASE7;NUP50;CTU1;NUP62;ADAT3;TRMT112;NUP214;TSEN34;LCMT2;DUS2;POP7;RPP30;TRMT12;NUP35;CDKAL1;RANBP2;PYDC1;COLEC12;NUP188"
"Regulation Of PLK1 Activity At G2/M Transition R-HSA-2565942",0.619047619047619,0.82816712369977,0.0797705918628453,0.212813532045465,0.925967727588049,85,"RPS27A;NDE1;CCP110;HSP90AA1;HAUS5;AURKA;UBA52;MAPRE1;AJUBA;PLK1;HAUS1;OFD1;FBXW11;TUBB4A"
"Syndecan Interactions R-HSA-3000170",0.619528619528619,0.82816712369977,0.0598603117764473,-0.289611368299523,-0.888520394096311,20,"ACTN1;SDC1;FGF13"
"Tristetraprolin (TTP, ZFP36) Binds And Destabilizes mRNA R-HSA-450513",0.618357487922705,0.82816712369977,0.0778840111977068,0.290591510067787,0.893408182271885,17,"EXOSC6;EXOSC3;EXOSC2;DIS3"
"Signaling By KIT In Disease R-HSA-9669938",0.620981387478849,0.829159358338464,0.059989249649033,-0.294516629452955,-0.889293065177229,19,"JAK2;GRB2;PIK3R2;PIK3R1;STAT5A;SOS1;PIK3CA"
"Neutrophil Degranulation R-HSA-6798695",0.621739130434783,0.829222360248447,0.0526973085708419,-0.178990144892534,-0.951333079791472,458,"PTPRN2;RAB3A;SNAP25;TRPM2;MMP12;ATP6V1D;ATP6V0A1;TOLLIP;PKM;ATP6V0C;MS4A3;KCNAB2;OSTF1;CAB39;RAP2C;SIRPA;S100A12;QPCT;MNDA;SIGLEC9;NAPRT;MCEMP1;IQGAP2;CTSB;DSN1;CTSG;LYZ;HEXB;SLC2A3;DIAPH1;DNAJC5;ACTR2;SLC27A2;A1BG;FOLR3;FRMPD3;PSMD12;CTSS;GGH;VCP;CAPN1;FAF2;CRISP3;APEH;CTSA;PSMD7;SYNGR1;COMMD9;PTGES2;S100A9;PYGB;FLG2;ALOX5;PSMD2;LAMTOR3;PSMD11;CRACR2A;DNASE1L1;CALML5;FGR;PDXK;GALNS;DERA;PRSS2;PLAUR;PRDX5;TUBB4B;SCAMP1;KRT1;ATP6AP2;DBNL;LPCAT1;DYNC1H1;TBC1D10C;LCN2;ADAM8;TCN1;TSPAN14;PSMC2;SERPINB12;S100A8;TINAGL1;CKAP4;LGALS3;RAB6A;DOCK2;SERPINB10;CD93;RAB18;CTSZ;PSMA5;SLCO4C1;ARSB;CDK13;ALDOC;PSMC3;PGLYRP1;SRP14;STOM;B4GALT1;GHDC;NCKAP1L;DDX3X;ELANE;RAB24;CEP290;RAB14;ACLY;FPR1;GNPDA1;TRAPPC1;ITGAL;PGM2;HPSE;FRK;GYG1;PTPRB;VCL;CLEC5A;KCMF1;KPNB1;RAB44;LTA4H;ORMDL3;EGFL7;CCT2;GNS;CEACAM21;GLIPR1;CD300A"
"O-linked Glycosylation Of Mucins R-HSA-913709",0.622895622895623,0.829816429131498,0.0596037042575973,-0.230785319896857,-0.900464894614947,57,"B3GNT4;GCNT4;GALNT18;MUC15;GALNTL6;MUC4;B4GALT6;MUC1;B3GNT2;GALNT12;GALNT9;GCNT1;CHST4;B3GNT8;MUC16;GALNT11;B3GNTL1;GALNT10;ST6GALNAC2"
"Inactivation Of CSF3 (G-CSF) Signaling R-HSA-9705462",0.6272040302267,0.833332396219307,0.0793434960134973,0.269972349346106,0.886761319687907,24,"RPS27A;UBA52;ELOC;CSF3R;STAT5B;ELOB;TYK2;STAT3"
"MyD88-independent TLR4 Cascade R-HSA-166166",0.627677100494234,0.833332396219307,0.0582216241124161,-0.206823451061344,-0.912981994864871,105,"MEF2C;S100A12;MAPK10;PPP2R1A;CREB1;NOD2;IKBIP;UBE2D1;HOXC13;AGER;MAPK8;NKIRAS1;TIFA;NLRC5;PPP2CA;MAPK3;UBE2D2;DUSP3;CASP8;RPS6KA5;TLR4;IRAK1;TANK;NKIRAS2;GDNF;FOS;MAPK11;RIPK1;JUN;UBE2N;UBE2D3;BTRC;TAB3;BIRC3;MAP2K1"
"Platelet Aggregation (Plug Formation) R-HSA-76009",0.626829268292683,0.833332396219307,0.0776798560117236,0.242313041184335,0.888791625822235,36,"CSK;PTK2;RAP1A;RAPGEF4;RAP1B;GP9"
"Dectin-1 Mediated Noncanonical NF-kB Signaling R-HSA-5607761",0.633613445378151,0.839380827456191,0.0587185879555941,-0.228330216721014,-0.89259025439473,60,"PSMA6;PSMC5;PSMD12;PSMC4;UBE2M;PSMD7;PSMD2;PSMB5;PSMD9;PSMD11;PSMC2;PSMA1;CCL17;PSMA5;PSMC3;PSMD5;PSMF1;PSMB4"
"Nonhomologous End-Joining (NHEJ) R-HSA-5693571",0.634382566585956,0.839380827456191,0.0766746872490091,0.22864682878571,0.890303342191747,48,"TP53BP1;BARD1;H2BC17;H2AX;H3-4;POLL;H4C15;ATM;MRE11;H2BC21;DCLRE1C;NSD2;H2BC4;H2BC5;BRCC3;BABAM2"
"Regulation Of RUNX2 Expression And Activity R-HSA-8939902",0.634390651085142,0.839380827456191,0.0583452776743612,-0.223108518351471,-0.90950574172805,71,"PSMA6;FBXW7;PSMC5;PSMD12;PSMC4;PSMD7;GSK3B;PSMD2;PSMB5;PSMD9;PSMD11;PSMC2;PSMA1;PSMA5;DLX5;PSMC3;PSMD5;PSMF1;PSMB4;NKX3-2;ESR1"
"PPARA Activates Gene Expression R-HSA-1989781",0.635607321131448,0.84003821490419,0.0580983576873206,-0.205837979841571,-0.915343183811011,112,"TRIB3;CCNC;MED6;RORA;TBL1XR1;NR1H4;CYP1A1;NCOA2;HMGCS1;AHR;HMGCR;PLIN2;ACOX1;CYP7A1;TIAM2;G0S2;ABCB4;MED19;CDK8;MED7;MED24;MUSK;NR1D1;MED16;ARNT2;APOA1;GLIPR1;MED4;MED8;ANKRD1;HDAC3;SREBF2;ACADM;MED12;SULT2A1;PPARGC1B;ANGPTL4;MED31;MED18;NR1H3;PPARGC1A;MED25;GRHL1;CHD9;HMGCS2;PPARA;MED20;PPARG"
"BBSome-mediated Cargo-Targeting To Cilium R-HSA-5620922",0.636974789915966,0.840893189855128,0.0584693210386381,-0.277256222689673,-0.876241263576568,23,"ARL6;TTC8;MCHR1;BBS10;MKKS;SMOX;BBS12;CCT2;BBS7"
"ABC Transporters In Lipid Homeostasis R-HSA-1369062",0.642857142857143,0.842615039281706,0.0585937568945671,-0.292323095681532,-0.871589854443127,18,"ABCA6;ABCD2;PEX19;ABCA7;ABCD3;APOA1;ABCA12;ABCA5;ABCD1;ABCA9"
"Metabolic Disorders Of Biological Oxidation Enzymes R-HSA-5579029",0.640809443507589,0.842615039281706,0.0583452776743612,-0.260427053389459,-0.889196317942632,32,"FMO3;CYP21A2;CYP24A1;PRNP;FDX2;CYP2U1;MAT1A;GCLM;OPLAH;TPMT"
"Notch-HLH Transcription Pathway R-HSA-350054",0.641604010025063,0.842615039281706,0.0778840111977068,0.256879325989975,0.885589479294644,28,"KAT2B;RBPJ;NCOR2;HDAC6;HDAC7;HDAC10;HDAC11;TBL1X;NCOR1"
"Synthesis Of DNA R-HSA-69239",0.642628205128205,0.842615039281706,0.055826471778749,-0.201323508866783,-0.908717725747349,118,"ORC4;PSMA6;GINS4;SLC25A2;UBE2D1;GINS3;PSMC5;PSMD12;PSMC4;PSMD7;PSMD2;PSMB5;PSMD9;ORC6;PSMD11;POLR1A;PSMC2;PSMA1;ANAPC15;PSMA5;PSMC3;PSMD5;MCM6;CDC45;PSMF1;PSMB4;UBE2C"
"Telomere Extension By Telomerase R-HSA-171319",0.641277641277641,0.842615039281706,0.0768736734126542,0.267390030171714,0.873265999540305,23,"TINF2;RUVBL2;TERF1;POT1;SHQ1;DKC1;TERT;NHP2"
"Toll Like Receptor 9 (TLR9) Cascade R-HSA-168138",0.643333333333333,0.842615039281706,0.057609110864425,-0.206870481890436,-0.909435378826738,104,"MEF2C;S100A12;MAPK10;PPP2R1A;CREB1;NOD2;IKBIP;HOXC13;AGER;MAPK8;NKIRAS1;TIFA;NLRC5;PPP2CA;MAPK3;EEA1;ECSIT;DUSP3;PIK3R4;RBSN;CASP8;RPS6KA5;TLR4;IRAK1;TANK;NKIRAS2;GDNF;FOS;MAPK11;JUN;UBE2N;BTRC;TAB3;MAP2K1;TLR7;MYD88;MAP3K1;APP;TICAM1"
"trans-Golgi Network Vesicle Budding R-HSA-199992",0.640468227424749,0.842615039281706,0.0579754757571486,-0.222678436145486,-0.904616289614647,70,"CLTC;CLTB;CLINT1;VAMP2;TPD52;AP4M1;OCRL;AP1S1;BLOC1S4;PTGES2;AP1M2;SH3GL2;CLVS2;CTSZ;HGS;BLOC1S1"
"RIP-mediated NFkB Activation Via ZBP1 R-HSA-1810476",0.644927536231884,0.843756092805615,0.0756946307932749,0.28475370493942,0.875460160091281,17,"RELA;NFKBIB;NFKB2;NFKBIA"
"APC/C:Cdh1 Mediated Degradation Of Cdc20 And APC/C:Cdh1 Targets In Late Mitosis/Early G1 R-HSA-174178",0.652684563758389,0.849539893456931,0.0572461135202884,-0.219580179278983,-0.897098203640377,72,"PSMA6;UBE2D1;PSMC5;PSMD12;PSMC4;PSMD7;PSMD2;PSMB5;PSMD9;PSMD11;PSMC2;PSMA1;ANAPC15;PSMA5;PSMC3;PSMD5;PSMF1;PSMB4;UBE2C;AURKB"
"Class B/2 (Secretin Family Receptors) R-HSA-373080",0.650420168067227,0.849539893456931,0.0574877409561325,-0.211622443241542,-0.908652963606068,91,"GNB5;GNG3;WNT16;GNAS;GNB1;GNGT1;PTHLH;FZD1;CYSLTR2;GNG4;IAPP;FZD4;GNG2;GNB2;WNT7A;SMOX;WNT10A;WNT2B;GLP2R;GNG13;WNT5A;WNT1;SHH;CRHR2;FZD7;GNGT2;WNT8B;RAMP2;GIPR;GNG10;PTH2R;RAMP1;CRHR1;FZD6;ADM;PTRH2"
"Diseases Associated With TLR Signaling Cascade R-HSA-5602358",0.652173913043478,0.849539893456931,0.0751181635276301,0.246040704867717,0.873299470631397,31,"RELA;HMGB1;S100A1;NFKB2;NFKBIA;TLR1;TLR2;TIRAP"
"Diseases Of Programmed Cell Death R-HSA-9645723",0.653716216216216,0.849539893456931,0.0574877409561325,-0.219922859747442,-0.885989555192832,68,"GSDME;PRDX2;RBBP7;DNMT3A;CDK5R1;H2BC11;LMNB1;CAPN1;CDC25A;H2AC4;ERC2;H2AC7;H2BC14"
"Synthesis Of Bile Acids And Bile Salts R-HSA-192105",0.651591289782245,0.849539893456931,0.0572461135202884,-0.251064149926777,-0.874562491918058,34,"NR1H4;SLC27A2;NCOA2;CYP7A1;OSBPL7;AKR1C4;AKR1C3;CYP39A1;ACOT8;AKR1D1;PTGIS;OSBPL3"
"Tie2 Signaling R-HSA-210993",0.653061224489796,0.849539893456931,0.0578529757032509,-0.294549520820955,-0.864765538166127,17,"TEK;GRB2;PIK3R2;PIK3R1;SOS1;PIK3CA;HRAS;DOK2;SHC1;ANGPT4;GRB14;PIK3CB"
"Termination Of O-glycan Biosynthesis R-HSA-977068",0.654911838790932,0.850146958697461,0.0770736734944102,0.265038974036449,0.87055696983244,24,"MUC5B;MUC5AC;MUC21"
"Retrograde Transport At Trans-Golgi-Network R-HSA-6811440",0.65593220338983,0.850525423728814,0.0574877409561325,-0.238575640802378,-0.881033890632395,46,"GCC2;NSF;NAA30;RAB6B;VAMP4;RIC1;COG3;RAB6A;ARFRP1;VPS51;COG7;VPS53;RABEPK;VPS54;COG6;VTI1A;COG4;ARFIP2"
"Assembly Of ORC Complex At Origin Of Replication R-HSA-68616",0.660240963855422,0.852263108101379,0.0743625384422526,0.239179876402895,0.877245236299505,35,"H2AC19;H2AJ;H3-3B;H2BC17;H2AX;H2AB1;H2AC6;H2AZ2;H4C15;H2BC21;SLC25A15"
"Cyclin A:Cdk2-associated Events At S Phase Entry R-HSA-69656",0.661654135338346,0.852263108101379,0.0762797180809272,0.210299820515929,0.914651960123346,83,"PTK6;RPS27A;CKS1B;TFDP1;PSMD10;E2F1;UBA52;CCND1;MAX;RBBP4;CDK4"
"Diseases Associated With Glycosaminoglycan Metabolism R-HSA-3560782",0.661641541038526,0.852263108101379,0.0565299525056311,-0.245394804084812,-0.875037365509005,40,"GPC1;GPC5;SDC1;HEXB;GPC6;FMOD;GPC3;GPC2;LUM;CHST6;ACAN;B4GALT1"
"FOXO-mediated Transcription Of Cell Death Genes R-HSA-9614657",0.658476658476658,0.852263108101379,0.0755015292281669,0.288204411775638,0.866401979654542,16,"FOXO4;NFYA;FOXO3;DDIT3;FOXO1"
"Phase I - Functionalization Of Compounds R-HSA-211945",0.659504132231405,0.852263108101379,0.0560595875032335,-0.207335068258777,-0.907052021239527,100,"FMO3;BPHL;CYP21A2;NR1H4;CYP1A1;NCOA2;MTARC2;NQO2;CYP3A43;AHR;CYP24A1;ADH1A;CYP7A1;CYP2C9;FDX2;SMOX;CYP39A1;CYP2E1;CYP2F1;CYP2U1;ALDH3A1;CYP3A5;CYP2C8;CYP4B1;CYP3A4;ARNT2;AOC2;CYP4F3"
"RHO GTPases Activate ROCKs R-HSA-5627117",0.659420289855073,0.852263108101379,0.0745500777420554,0.282376954753484,0.871676707343771,18,"RHOA;PKN1;MYL6;ROCK1"
"NS1 Mediated Effects On Host Pathways R-HSA-168276",0.665036674816626,0.855675633418966,0.0747385227439092,0.232869325239982,0.88571147330019,41,"AAAS;POM121C;RNASE7;NUP50;NUP62;NUP214;NUP35;RANBP2;NUP188;EIF2AK2;NUP133"
"PI3K Cascade R-HSA-109704",0.668304668304668,0.858025302530253,0.0747385227439092,0.229519612552202,0.881080358170526,44,"FGF1;GAB2;PTPN11;TLR9"
"Transport Of Inorganic Cations/Anions And Amino Acids/Oligopeptides R-HSA-425393",0.668333333333333,0.858025302530253,0.055826471778749,-0.203580417024486,-0.894971732972639,104,"SLC17A7;SLC12A5;SLC4A4;SLC1A1;SLC8A2;SLC1A4;SLC17A1;SLC4A9;SLC43A1;SLC4A10;SLC7A1;SLC5A8;SLC26A4;SLC9A7;SLC9A2;SLC6A14;SLC4A8;SLC1A2;CALM1;SLC4A7;SLC43A2;SLC9A1;SLC20A2"
"Activated Point Mutants Of FGFR2 R-HSA-2033519",0.671497584541063,0.859251843376557,0.0736212741014394,0.279565617125358,0.859509659327006,17,"FGF1;FGF18;FGFR2"
"RHOBTB1 GTPase Cycle R-HSA-9013422",0.670588235294118,0.859251843376557,0.0560595875032335,-0.272911120116964,-0.862508990476454,23,"COPS4;STK38;TXNL1;ROCK2;DBN1;PDE5A;CCT2;GPS1;RHOBTB1"
"Unattached Kinetochores Signal Amplification Via A MAD2 Inhibitory Signal R-HSA-141444",0.670761670761671,0.859251843376557,0.0745500777420554,0.202140335592664,0.894966636303263,91,"DYNC1LI2;RPS27;NDE1;AHCTF1;MAPRE1;PLK1;DYNLL2;CLASP2;B9D2;BUB3;BIRC5;RCC2;CDC20;DYNC1I2;RANBP2"
"Intrinsic Pathway For Apoptosis R-HSA-109606",0.673860911270983,0.860523247456436,0.0730744399126987,0.221598217013884,0.88964252070917,55,"SEPTIN4;CARD8;TFDP1;DIABLO;YWHAQ;E2F1;DYNLL2;BCL2L1;YWHAZ"
"Negative Regulators Of DDX58/IFIH1 Signaling R-HSA-936440",0.673965936739659,0.860523247456436,0.0738052724171275,0.240499385465414,0.86154169065733,33,"RPS27A;PCBP2;UBA52;HERC5"
"Chemokine Receptors Bind Chemokines R-HSA-380108",0.67710843373494,0.861707243368239,0.0730744399126987,0.222651219306256,0.883662226510269,53,"CCL3;CCR1;PF4;CXCR4;ACKR2;CCL5;CCL2;XCR1;CCR7;CXCR1;CXCR2;CCR2"
"Regulation Of Beta-Cell Development R-HSA-186712",0.676716917922948,0.861707243368239,0.0554793308704233,-0.243065710582409,-0.866732202529015,40,"NEUROG3;FGF10;HNF1B;INS;AKT1;IAPP;PAX4"
"SHC-mediated cascade:FGFR3 R-HSA-5654704",0.676328502415459,0.861707243368239,0.0732558655828455,0.276776584675127,0.850934927012643,17,"FGF1;FGF18"
"DNA Damage Bypass R-HSA-73893",0.678832116788321,0.862959782453127,0.0734381410838857,0.224857640647446,0.873562552137123,47,"RPS27A;POLD4;UFD1;UBA52;POLE4;POLD2;RAD18;SLC19A1;POLD1;CUL4A;NPLOC4;POLE3;POLI;MAD2L2"
"Negative Regulation Of MAPK Pathway R-HSA-5675221",0.681481481481481,0.865385080401402,0.0739901439101341,0.230097825411917,0.86865800803569,40,"RPS27A;UBA52;DUSP2;PTPN3;DUSP10;DUSP6"
"Phospholipase C-mediated Cascade; FGFR2 R-HSA-5654221",0.683574879227053,0.86615839745708,0.0727141077934447,0.276923229818366,0.854841463127924,18,"FGF1;FGF18;FGFR2"
"SHC1 Events In ERBB2 Signaling R-HSA-1250196",0.683134582623509,0.86615839745708,0.055826471778749,-0.277401670916812,-0.851965560712568,21,"EGFR;PRKCE;GRB2;NRG4;NRG3;SOS1;EGF;HRAS;SHC1;EREG;NRG2;NRG1;BTC;PRKCA"
"Formation Of Cornified Envelope R-HSA-6809371",0.685643564356436,0.867837353149632,0.0738052724171275,0.212164949755177,0.890212590529234,70,"PKP4;PCSK6;LCE1D;KLK14;JUP;LCE3A;PI3;LIPN;LCE5A;LCE3D"
"Dual Incision In GG-NER R-HSA-5696400",0.687344913151365,0.869048227137208,0.0738052724171275,0.229309790594645,0.860316845366497,39,"RPS27A;POLD4;UBA52;POLE4;POLD2;SLC19A1;POLD1;CUL4A;POLE3"
"Late Phase Of HIV Life Cycle R-HSA-162599",0.688172043010753,0.869152353023321,0.0778840111977068,0.190346565985407,0.909463833928537,131,"RPS27A;AAAS;ELOA2;MVB12B;POM121C;RNASE7;POLR2L;VPS37D;TAF2;UBA52;NUP50;CTDP1;POLR2J;NUP62;ELOC;NUP214;POLR2I;TCEA1;TAF10;CHMP6;NUP35;RANBP2"
"Formation Of RNA Pol II Elongation Complex R-HSA-112382",0.689075630252101,0.869352714058596,0.0547939500773363,-0.222745306953472,-0.866848010811876,56,"SUPT4H1;LEO1;MNAT1;DMAP1;NELFB;GTF2H5;POLR2K;NELFA;POLR2G;SUPT6H;POLR2H;ELOA;GTF2H3;POLR2C;CCNK"
"M Phase R-HSA-68886",0.69047619047619,0.870178957112002,0.0490939668192139,-0.177860918825353,-0.926942786773711,369,"PRKCB;TUBB2A;TUBA4A;PRKAR2B;HAUS8;CLIP1;DCTN3;HAUS3;CEP63;PSMA6;PPP2R1A;YWHAG;CENPQ;H2BC11;TMPO;CENPF;UBE2D1;MCPH1;DSN1;DCTN1;NUP88;VRK1;PSMC5;LMNB1;NDC1;PPP2R5B;PSMD12;PSMC4;CNEP1R1;PSMD7;H2AC4;KIF20A;RCC1;ITGB3BP;ESPL1;PSMD2;H2AC7;MAD2L1;PSMB5;PSMD9;H2BC14;PSMD11;TUBA8;CCNB1;HAUS2;CC2D1B;TUBB4B;CCNB2;PPP2CA;MAPK3;CETN2;HAUS7;CEP131;BUB1B;DYNC1H1;TUBGCP2;PSMC2;MZT2A;PSMA1;H2BC3;CEP76;GOLGA2;CENPH;SGO2;SUMO1;NUP54;ANAPC15;TUBB6;LPIN1;PSMA5;KIF18A;CEP152;PSMC3;PSMD5;CDCA8;SMC4;ODF2;ZWILCH;TUBB2B;PSMF1;PSMB4;CEP290;TUBGCP3;UBE2C;RAB2A;AURKB;CENPE;CEP72;SMC3;NUP43;SPC25;NCAPH;SKA1;TUBB3;SKA2;KPNB1;HAUS6;NUP98;ANAPC4;SPC24;TUBGCP5;CENPA"
"DNA Damage Recognition In GG-NER R-HSA-5696394",0.695059625212947,0.874677257596449,0.0550211117163117,-0.246698243982251,-0.858135804576412,35,"INO80C;RAD23B;COPS4;COPS5;DDB1;CETN2;COPS7A;YY1"
"Signaling By BMP R-HSA-201451",0.695544554455445,0.874677257596449,0.0730744399126987,0.244816493291935,0.83590072775987,27,"AMH;GDF2;SMAD7;SKI;ACVRL1"
"FCERI Mediated NF-kB Activation R-HSA-2871837",0.696308724832215,0.87469567478923,0.0542315935495841,-0.214317875115153,-0.887357325345453,77,"PSMA6;UBE2D1;RASGRP4;PSMC5;PSMD12;PSMC4;PSMD7;PSMD2;PSMB5;RASGRP1;PSMD9;PSMD11;UBE2D2;PSMC2;PSMA1;PSMA5;PSMC3;PSMD5;PSMF1;PSMB4;PDPK1;UBE2N;MALT1;BTRC;TAB3;PSMA7;PSMC6;PSMD8"
"FCGR3A-mediated IL10 Synthesis R-HSA-9664323",0.697635135135135,0.875419572798605,0.0544555953940371,-0.242719280539035,-0.850800429723398,36,"ITPR1;PRKAR2B;PRKAR1B;CREB1;ADCY1;FGR;CD247;PRKAR2A;CALM1;PRKACG;ADCY9;PLCG2;ADCY2;PRKACB"
"Signaling By RAF1 Mutants R-HSA-9656223",0.70066889632107,0.878282064454016,0.05378728077603,-0.241927451108469,-0.858294671610242,38,"CAMK2A;CNKSR2;CAMK2G;JAK2;MAPK3;CALM1;YWHAB;FGG;CAMK2D;VCL;MAP2K1;CNKSR1;KSR2;ITGB3"
"Downstream Signaling Of Activated FGFR2 R-HSA-5654696",0.711822660098522,0.878529947172108,0.0716527366829457,0.241698024417379,0.8404818810069,29,"FGF1;PTPN11;FGF18;FGFR2"
"G1/S Transition R-HSA-69206",0.70859872611465,0.878529947172108,0.051011413203915,-0.195783350529395,-0.896573277262129,128,"ORC4;CABLES1;PSMA6;PPP2R1A;SLC25A2;MNAT1;RPA4;PSMC5;PSMD12;PSMC4;CDC25A;PSMD7;AKT1;PSMD2;PSMB5;PSMD9;ORC6;PSMD11;LIN52;WEE1;CCNB1;POLR1A;PPP2CA;LIN54;PSMC2;PSMA1;PSMA5;PSMC3;PSMD5;MCM6;CDC45;PSMF1;PSMB4"
"IRS-related Events Triggered By IGF1R R-HSA-2428928",0.704600484261501,0.878529947172108,0.0713052987340038,0.221852849810861,0.874154890177053,51,"FGF1;GAB2;PTPN11;IGF1;TLR9;IGF1R;FGF18;FGFR2"
"Negative Epigenetic Regulation Of rRNA Expression R-HSA-5250941",0.712158808933002,0.878529947172108,0.072003313661988,0.206524577948749,0.876205188865844,73,"H2AC19;RRP8;POLR2L;H2AJ;H3-3B;H2BC17;H2AX;H2AB1;SMARCA5;H2AC6;SIRT1;H2AZ2;TAF1A;SAP30BP;H4C15"
"Negative Regulation Of NMDA Receptor-Mediated Neuronal Transmission R-HSA-9617324",0.706984667802385,0.878529947172108,0.0542315935495841,-0.274295752745278,-0.842426557909186,21,"CAMK2A;NEFL;CAMK2G;GRIN2B;CALM1"
"Protein Localization R-HSA-9609507",0.707395498392283,0.878529947172108,0.051530912208539,-0.191129267819443,-0.899001700479259,160,"SLC25A4;ATP5F1A;ATP5F1B;FIS1;HAO1;VAMP2;TIMM50;ABCD2;IDE;UBE2D1;STX1A;PEX19;SLC27A2;OTC;CHCHD4;UBL4A;ACOX1;GDAP1;MTX2;ZNF260;HSPA9;PRNP;SAMM50;UBE2D2;GET4;COX17;PEX13;HSCB;GSTK1;GRPEL2;STX5;ACOT8;PITRM1;SERP1;COA6;EHHADH;ABCD3;PMPCB;TYSND1"
"RNA Polymerase III Transcription Termination R-HSA-73980",0.712095400340716,0.878529947172108,0.0538979025357319,-0.272506817856334,-0.836932319497787,21,"POLR3G;POLR3C;POLR3F;POLR2K;POLR3B;POLR2H"
"Response Of EIF2AK1 (HRI) To Heme Deficiency R-HSA-9648895",0.708904109589041,0.878529947172108,0.0543434390269162,-0.299707880232385,-0.838627683079841,15,"ATF5;TRIB3;CEBPB;ASNS"
"SHC-mediated cascade:FGFR1 R-HSA-5654688",0.708754208754209,0.878529947172108,0.0535669384770951,-0.268943770257465,-0.825112723101981,20,"FGF10;FGF13;GRB2;FGF8;FGF5;FGF20;SOS1;FGFR1"
"Signaling By VEGF R-HSA-194138",0.706030150753769,0.878529947172108,0.0730744399126987,0.196204470222778,0.893576495085039,102,"PRR5;NCK2;ELMO1;RNASE1;HSP90AA1;PTK2;PGF;CDC42;NCF1;JUP;RHOA;PKN1;HSPB1;CTNNA1;CAV1;WASF2;VEGFB;CYBA;FLT1;ITPR3;ROCK1"
"TBC/RABGAPs R-HSA-8854214",0.707979626485569,0.878529947172108,0.0540088272801684,-0.234627708415256,-0.850005066248538,43,"TBC1D25;ULK1;GGA2;TBC1D15;RAB6B;GGA3;TBC1D10C;OPTN;RAB6A;RABGEF1"
"TICAM1, RIP1-mediated IKK Complex Recruitment R-HSA-168927",0.702898550724638,0.878529947172108,0.0713052987340038,0.271491434979537,0.838073915492138,18,"RPS27A;UBA52;UBE2V1"
"TNFR2 Non-Canonical NF-kB Pathway R-HSA-5668541",0.709459459459459,0.878529947172108,0.0536769600638126,-0.2039276344302,-0.886068506696169,99,"PSMA6;PSMC5;TNFSF11;PSMD12;PSMC4;UBE2M;PSMD7;PSMD2;PSMB5;PSMD9;PSMD11;EDA;TNFRSF4;PSMC2;PSMA1;TNFSF13B;LTBR;TNFRSF11A;PSMA5;PSMC3;PSMD5;TNFRSF25;PSMF1;PSMB4;TANK;CD40;TNFRSF9;TNFRSF14;BTRC;BIRC3;PSMA7;PSMC6;PSMD8;TNFSF9"
"TP53 Regulates Transcription Of Cell Cycle Genes R-HSA-6791312",0.704761904761905,0.878529947172108,0.0704500850658419,0.220354379957399,0.865631333163552,49,"NPM1;TFDP1;AURKA;E2F1;PCBP4;PRMT1;CNOT2;CDC25C;GADD45A;CCNE1;BTG2;CDKN1B"
"Transcription-Coupled Nucleotide Excision Repair (TC-NER) R-HSA-6781827",0.712158808933002,0.878529947172108,0.072003313661988,0.206382404709885,0.875602001919055,73,"RPS27A;POLD4;POLR2L;UBA52;POLR2J;HMGN1;UVSSA;POLE4;POLR2I;TCEA1;POLD2"
"MyD88:MAL(TIRAP) Cascade Initiated On Plasma Membrane R-HSA-166058",0.714759535655058,0.880578397856417,0.0524827622635459,-0.196822652381529,-0.875468016421836,111,"MEF2C;S100A12;MAPK10;PPP2R1A;CREB1;NOD2;IKBIP;HOXC13;AGER;MAPK8;NKIRAS1;S100A9;TIFA;NLRC5;PPP2CA;MAPK3;ECSIT;DUSP3;S100A8;TLR6;CASP8;RPS6KA5;TLR4;FGG;IRAK1;TANK;NKIRAS2;GDNF;FOS;MAPK11;JUN;UBE2N"
"Sema4D Induced Cell Migration And Growth-Cone Collapse R-HSA-416572",0.715328467153285,0.880578397856417,0.0707899094502623,0.269578083761462,0.838562290651972,19,"SEMA4D;PLXNB1;RHOA;MYL6;ROCK1"
"Activation Of Gene Expression By SREBF (SREBP) R-HSA-2426168",0.720067453625632,0.881324846261733,0.0529129848430583,-0.232511365867835,-0.841953628053944,42,"ACACA;MVD;TBL1XR1;NCOA2;HMGCS1;HMGCR;IDI1"
"Golgi Associated Vesicle Biogenesis R-HSA-432722",0.722789115646258,0.881324846261733,0.0531298054705469,-0.221229519357553,-0.852058356065942,54,"CLTC;CLINT1;VAMP2;TPD52;OCRL;AP1S1;BLOC1S4;AP1M2;SH3GL2"
"IGF1R Signaling Cascade R-HSA-2428924",0.724390243902439,0.881324846261733,0.0702812841717392,0.21751595924998,0.861268904726074,52,"FGF1;GAB2;PTPN11;IGF1;TLR9;IGF1R;FGF18;FGFR2"
"IRS-mediated Signaling R-HSA-112399",0.717761557177616,0.881324846261733,0.070619624712259,0.218937804184137,0.850564234471634,47,"FGF1;GAB2;PTPN11;TLR9"
"Interconversion Of Nucleotide Di- And Triphosphates R-HSA-499943",0.719298245614035,0.881324846261733,0.072003313661988,0.238652153406666,0.822751443517113,28,"AK2;AK8;AK4;RRM2B;AK9;TXN2;CMPK1;NME4;AK1;DCTPP1"
"Interleukin-1 Signaling R-HSA-9020702",0.725752508361204,0.881324846261733,0.0521630305460055,-0.196745485316036,-0.876430890603951,113,"TOLLIP;S100A12;PSMA6;NOD2;IKBIP;PSMC5;PSMD12;PSMC4;HOXC13;AGER;PSMD7;NKIRAS1;PSMD2;PSMB5;PSMD9;TIFA;PSMD11;NLRC5;PSMC2;PSMA1;IL1A;PSMA5;PSMC3;PSMD5;CASP8;PSMF1;PSMB4;IL1R2;IRAK1;TANK;NKIRAS2;UBE2N;BTRC;TAB3;MAP2K1;PSMA7;PSMC6;IL1RAP;MYD88;PSMD8"
"MyD88 Cascade Initiated On Plasma Membrane R-HSA-975871",0.721666666666667,0.881324846261733,0.0522693317499306,-0.201482173939486,-0.873030784503918,95,"MEF2C;S100A12;MAPK10;PPP2R1A;CREB1;NOD2;IKBIP;HOXC13;AGER;MAPK8;NKIRAS1;TIFA;NLRC5;PPP2CA;MAPK3;ECSIT;DUSP3;CASP8;RPS6KA5;IRAK1;TANK;NKIRAS2;TLR5;GDNF;FOS;MAPK11;JUN;UBE2N"
"PIWI-interacting RNA (piRNA) Biogenesis R-HSA-5601884",0.724832214765101,0.881324846261733,0.0523759084097997,-0.245032130044123,-0.823394767161462,29,"MYBL1;TDRD6;TDRKH;ASZ1;POLR2K;POLR2G;POLR2H;MAEL;TDRD1;POLR2C;MOV10L1;TDRD12;POLR2B;PIWIL2"
"Pre-NOTCH Processing In Golgi R-HSA-1912420",0.717687074829932,0.881324846261733,0.053457214108991,-0.27739063671521,-0.827067269915241,18,"FURIN;ATP2A2;RAB6A;B4GALT1;SEL1L;ST3GAL3"
"Purine Catabolism R-HSA-74259",0.72436974789916,0.881324846261733,0.0524827622635459,-0.282586802349464,-0.81362510407613,16,"ADPRM;NT5C1A;NUDT9;NT5C2;NUDT16;GDA;PPY;ITPA"
"RNA Polymerase III Abortive And Retractive Initiation R-HSA-749476",0.721202003338898,0.881324846261733,0.0523759084097997,-0.240360206562201,-0.851963966555957,39,"POLR3G;POLR3C;POLR3F;TBP;POLR2K;POLR3B;POLR2H;BRF2;SNAPC1;POLR3GL;BDP1;POLR3E;POLR3H;POLR3A;GTF3C2;POLR1D;SNAPC2;SNAPC5;SNAPC4"
"Synthesis Of PC R-HSA-1483191",0.725752508361204,0.881324846261733,0.0521630305460055,-0.249247255385279,-0.822733068401442,27,"ABHD3;PCYT1A;PCYT1B;LPCAT1;PCTP;LPIN1;BCHE;STARD10;LPIN2;LPIN3"
"Vitamin B5 (Pantothenate) Metabolism R-HSA-199220",0.72108843537415,0.881324846261733,0.0532386494755899,-0.280898172021998,-0.824686654459507,17,"PPCS;PDZD11;COASY;PANK1;PANK4"
"Interleukin-7 Signaling R-HSA-1266695",0.72682119205298,0.881705125910424,0.05163559644842,-0.253782991451996,-0.824795988337509,25,"PIK3R2;PIK3R1;RAG1;STAT5A;SOS1;SOCS2;TSLP;H3C7;SMARCA4;IL2RG"
"Apoptosis R-HSA-109581",0.729264475743349,0.883750408299572,0.0488970772260102,-0.187323702758019,-0.899876631006402,176,"PPP3R1;DAPK1;YWHAH;GSDME;CYCS;PSMA6;H1-3;BCAP31;YWHAG;MAGED1;DNM1L;PSMC5;LMNB1;PSMD12;PSMC4;PSMD7;MAPK8;BCL2;AKT1;PSMD2;PSMB5;PSMD9;PSMD11;BMX;STK26;KPNA1;MAPK3;H1-5;STK24;DBNL;GZMB;PSMC2;PSMA1;PSMA5;PSMC3;YWHAB;PSMD5;CASP8;TLR4;PSMF1;PSMB4;BBC3;H1-4;TANK;H1-1;CASP7;BMF;CASP3;KPNB1;GAS2;RIPK1;SATB1"
"Host Interactions Of HIV Factors R-HSA-162909",0.730891719745223,0.884803565293231,0.0495901956956338,-0.194231828991847,-0.889468215744381,128,"SLC25A4;AP2M1;PSMA6;AP2S1;AP2A1;NUP88;PSMC5;NDC1;PSMD12;PSMC4;AP1S1;PSMD7;ATP6V1H;RCC1;PSMD2;PSMB5;PSMD9;PSMD11;CD8B;APOBEC3G;AP1M2;CD247;KPNA1;SLC25A5;PSMC2;PSMA1;DOCK2;NUP54;PSMA5;PSMC3;PSMD5;PSMF1;PSMB4"
"CDC42 GTPase Cycle R-HSA-9013148",0.732909379968203,0.884870178994052,0.0493910105981501,-0.190428210459573,-0.887872462847287,146,"BAIAP2;ARHGDIG;ARHGAP44;ARHGEF25;ABR;DOCK8;GMIP;TMPO;IQGAP2;CDC42EP3;ECT2;ARHGEF16;VAV3;PARD6A;ARHGEF9;ARHGAP11B;NGEF;ARHGEF6;ARHGAP32;VANGL1;ARHGAP26;ARHGEF11;PIK3R2;IQGAP3;YKT6;WASL;PIK3R1;PLEKHG4;ARHGEF12;ARHGAP20;FMNL1;ARHGAP29;CPNE8;STOM"
"Drug ADME R-HSA-9748784",0.733221476510067,0.884870178994052,0.0518457624865066,-0.207453525325732,-0.867225934355353,82,"GMPS;SLC29A2;BSG;VAV3;SLC28A3;GGT5;ABCG2;SLC28A2;GGT7;ADH1A;SLC22A3;CYP2C9;GSTM1;CYP2E1;UGT2B28;SULT1E1;BCHE;ACSM2A;GSTA2;CYP2C8;UGT3A2;SLC29A1;TPMT;VAV2;CYP3A4;ABCC2;NT5C2;GLYATL3;SULT2A1;GLYATL1;SLCO1B1;IMPDH2;HPRT1"
"Kinesins R-HSA-983189",0.731871838111299,0.884870178994052,0.0521630305460055,-0.229882704018917,-0.832434904647186,42,"KIFC2;KIF3C;KIF20A;KIF27;KLC1;KIF18A;KIF3B;KIF21A;CENPE;KIFAP3;KIF11;KIFC1"
"Synthesis Of PA R-HSA-1483166",0.734491315136476,0.885486947070525,0.0704500850658419,0.217415018482699,0.815690434984427,39,"GPAT2;MIGA2;PLA2G12A;PLA2G5;GPAT4;GPD1;AGPAT1;GPAM;DDHD2;AGPAT3;PLA2G2A;GPAT3"
"Aberrant Regulation Of Mitotic Exit In Cancer Due To RB1 Defects R-HSA-9687136",0.735690235690236,0.886017033075857,0.0518457624865066,-0.260987112169714,-0.80070189620203,20,"UBE2D1;ANAPC15;UBE2C;ANAPC4;RB1;ANAPC1;CDC16;ANAPC16"
"Transcription Of E2F Targets Under Negative Control By P107 (RBL1) And P130 (RBL2) In Complex With HDAC1 R-HSA-1362300",0.737100737100737,0.886800577522227,0.0697792517076235,0.268325668296014,0.806642371542787,16,"TFDP1;E2F1;RBBP4;LIN37"
"Resolution Of Sister Chromatid Cohesion R-HSA-2500257",0.738805970149254,0.887936732403892,0.0702812841717392,0.193366687852445,0.884682471500488,104,"DYNC1LI2;RPS27;NDE1;RAD21;AHCTF1;MAPRE1;PLK1;DYNLL2;CLASP2;B9D2;BUB3;BIRC5;RCC2;CDC20;DYNC1I2;RANBP2"
"Synthesis Of Leukotrienes (LT) And Eoxins (EX) R-HSA-2142691",0.740740740740741,0.889346136259716,0.051530912208539,-0.259361725483755,-0.795715250728659,20,"GGT5;ALOX5;LTC4S;CYP4B1;LTA4H;CYP4F3"
"FOXO-mediated Transcription R-HSA-9614085",0.745679012345679,0.894354992196719,0.0694481442003175,0.206091939036101,0.859917537106227,65,"TXNIP;FOXO4;KAT2B;YWHAQ;PCBP4;NFYA;RETN;SIRT1;CAV1;YWHAZ;FOXO3;GADD45A;SMAD2;TXN2;DDIT3;FOXO1;CDKN1B;FOXO6;NPY;AKT2"
"Defects Of Contact Activation System (CAS) And Kallikrein/Kinin System (KKS) R-HSA-9651496",0.748287671232877,0.896562332986414,0.0518457624865066,-0.288914521083633,-0.80842624236848,15,"KLKB1;F9;F8"
"Rap1 Signaling R-HSA-392517",0.749385749385749,0.896772540983606,0.0689567351672811,0.264961754944559,0.796529753317652,16,"RAP1A;RAPGEF4;RAP1B;YWHAZ;SIPA1;RAPGEF3"
"TNF Receptor Superfamily (TNFSF) Members Mediating Non-Canonical NF-kB Pathway R-HSA-5676594",0.75,0.896772540983606,0.0514264916187015,-0.275343655504914,-0.808379194675628,17,"TNFSF11;TNFSF13B;LTBR;TNFRSF11A;TANK;CD40;BIRC3"
"Butyrate Response Factor 1 Binds And Destabilizes mRNA R-HSA-450385",0.753623188405797,0.899376362622319,0.0678338263479455,0.259960246236711,0.799233986564557,17,"EXOSC6;EXOSC3;EXOSC2;DIS3;ZFP36L1"
"MicroRNA (miRNA) Biogenesis R-HSA-203927",0.753719008264463,0.899376362622319,0.0498907356726307,-0.252231904766662,-0.810860115654227,24,"AGO4;BCDIN3D;POLR2K;POLR2G;POLR2H;POLR2C;DROSHA"
"Aflatoxin Activation And Detoxification R-HSA-5423646",0.756345177664975,0.899868256805867,0.0508054139066364,-0.26380966777006,-0.796573383684259,19,"GGT5;GGT7;AKR7A2;MGST3;CYP3A5;MGST2;CYP3A4"
"Downregulation Of TGF-beta Receptor Signaling R-HSA-2173788",0.756281407035176,0.899868256805867,0.0696133438850965,0.238305883211804,0.798332569997104,25,"RPS27A;UBA52;SMAD7"
"Signaling By FGFR1 R-HSA-5654736",0.757215619694397,0.899868256805867,0.0509082865515105,-0.219029830641519,-0.820829681032698,48,"FLRT2;FGF10;PPP2R1A;FLRT3;FGF13;SPRED1;GRB2;PPP2CA;MAPK3;PIK3R1"
"Transcriptional Regulation By AP-2 (TFAP2) Family Of Transcription Factors R-HSA-8864260",0.756626506024096,0.899868256805867,0.0675188953767744,0.219844178521773,0.80632727651192,35,"HSPD1;DEK;NPM1;PITX2;WWOX;APOE"
"Apoptotic Execution Phase R-HSA-75153",0.760975609756098,0.900926402470407,0.0678338263479455,0.21355584412714,0.845588565562927,52,"HMGB1;LMNA;PTK2;PLEC;FNTA;HMGB2;PROC;VIM;GSN;CASP6;ROCK1;ADD1;DFFA;TJP1;FZR1;PRKCQ;PRKCD"
"Fertilization R-HSA-1187000",0.759933774834437,0.900926402470407,0.0495901956956338,-0.249240925416311,-0.810034251061253,25,"SPAM1;CATSPERB;ADAM2;ZP4;CATSPER3;B4GALT1;IZUMO1;CATSPER4;ADAM20;ZP3"
"Signaling By FGFR R-HSA-190236",0.761194029850746,0.900926402470407,0.0687943095604775,0.199448599269822,0.867830404910453,84,"FGF1;HNRNPA1;RPS27A;PTPN11;POLR2L;UBA52;POLR2J;TIAL1"
"VxPx Cargo-Targeting To Cilium R-HSA-5620916",0.759795570698467,0.900926402470407,0.0509082865515105,-0.261886880547886,-0.804316002466165,21,"EXOC1;PTGES2;EXOC6;RAB11A;EXOC8;EXOC7;ASAP1;CNGB1;CNGA2;EXOC4"
"Constitutive Signaling By AKT1 E17K In Cancer R-HSA-5674400",0.763157894736842,0.902335626299792,0.0490939668192139,-0.242593460510555,-0.799495569784154,26,"GSK3A;CREB1;AKT1;GSK3B;NR4A1"
"Abortive Elongation Of HIV-1 Transcript In Absence Of Tat R-HSA-167242",0.786554621848739,0.908017060579172,0.048701086452153,-0.250561919342265,-0.791876520132703,23,"SUPT4H1;NELFB;POLR2K;NELFA;POLR2G;POLR2H;POLR2C"
"Amine Ligand-Binding Receptors R-HSA-375280",0.77037037037037,0.908017060579172,0.0678338263479455,0.211274891748344,0.797598266239711,40,"DRD4;DRD5;DHX34;DRD3"
"Cell Junction Organization R-HSA-446728",0.78441127694859,0.908017060579172,0.0482149710025564,-0.200516385030942,-0.841774832040124,83,"CADM3;ACTN1;CADM2;F11R;PARD6A;CDH12;CDH8;PRKCI;ARHGEF6;CDH10;LAMC2;CDH18;CLDN14;NECTIN3;CLDN8;PATJ;NECTIN2;CLDN20;LAMB3;CLDN18;COL17A1;CADM1;CDH11;CDH17;PXDN"
"Cell-Cell Communication R-HSA-1500931",0.772727272727273,0.908017060579172,0.047925896705813,-0.191149887416464,-0.858867153017424,117,"CADM3;PTK2B;ACTN1;CADM2;SIRPA;F11R;PARD6A;SKAP2;CDH12;CDH8;PRKCI;ARHGEF6;CDH10;GRB2;PIK3R2;LAMC2;CDH18;WASL;CLDN14;KIRREL1;PIK3R1;NECTIN3;CLDN8;PATJ;NECTIN2;NCK1;CLDN20;LAMB3;CLDN18"
"Endogenous Sterols R-HSA-211976",0.770903010033445,0.908017060579172,0.0493910105981501,-0.242257129377245,-0.799659563298194,27,"CYP21A2;NR1H4;NCOA2;AHR;CYP7A1;FDX2;CYP39A1"
"Formation Of TC-NER Pre-Incision Complex R-HSA-6781823",0.779661016949153,0.908017060579172,0.0662842187012672,0.211644506856445,0.824099825969653,48,"RPS27A;POLR2L;UBA52;POLR2J;HMGN1;UVSSA;POLR2I;TCEA1"
"Glycosphingolipid Metabolism R-HSA-1660662",0.771498771498772,0.908017060579172,0.0675188953767744,0.21502492676969,0.825438128738302,44,"UGT8;GLTP;NAT8;CPTP;SMPD3;ARSA;SMPD4;GM2A"
"IKK Complex Recruitment Mediated By RIP1 R-HSA-937041",0.780722891566265,0.908017060579172,0.065981614400873,0.242457976436818,0.780418430644669,21,"RPS27A;UBA52;UBE2V1"
"Inactivation Of APC/C Via Direct Inhibition Of APC/C Complex R-HSA-141430",0.787052810902896,0.908017060579172,0.0492917662312669,-0.256323491815595,-0.787229531483121,21,"UBE2D1;MAD2L1;BUB1B;ANAPC15;UBE2C;ANAPC4"
"Lagging Strand Synthesis R-HSA-69186",0.774509803921569,0.908017060579172,0.0672065093710464,0.253713308408304,0.803298081592507,20,"POLD4;FEN1;POLD2;SLC19A1;POLD1"
"MET Activates PTK2 Signaling R-HSA-8874081",0.787414965986395,0.908017060579172,0.0491927521045191,-0.265968235511048,-0.780853975507279,17,"RNMT;LAMB1;LAMC2;LAMB3;LAMA2;SOS1;LAMA4;LAMC3"
"Metabolism Of Nitric Oxide: NOS3 Activation And Regulation R-HSA-202131",0.782296650717703,0.908017060579172,0.0655321029282414,0.255735119186081,0.7583175496818,15,"HSP90AA1;DNM2;CAV1;CYGB"
"NCAM1 Interactions R-HSA-419037",0.774271844660194,0.908017060579172,0.0667426134241917,0.216131940523235,0.801104667337548,37,"CNTN2;COL6A2;COL9A2;NCAM1;COL6A1;AGRN;ST8SIA2"
"Non-integrin membrane-ECM Interactions R-HSA-3000171",0.779951100244499,0.908017060579172,0.0667426134241917,0.21666835787406,0.82409158128663,41,"PDGFB;DDR1;ITGB1;ITGB4;AGRN;SDC4;HSPG2;ITGA6;LAMA5"
"Nuclear Events Mediated By NFE2L2 R-HSA-9759194",0.78,0.908017060579172,0.048701086452153,-0.203319178169345,-0.841794534826892,76,"PSMA6;GSR;PSMC5;PSMD12;PSMC4;PSMD7;GSK3B;PSMD2;PSMB5;PSMD9;PSMD11;UBL4A;GSTA3;PSMC2;PSMA1;PSMA5;PSMC3;PSMD5;PSMF1;PSMB4"
"Peroxisomal Protein Import R-HSA-9033241",0.776960784313726,0.908017060579172,0.0670512579829467,0.202169980234898,0.836633596655451,62,"RPS27A;PEX6;AGPS;UBA52;DHRS4;LONP2;PEX12;ACOT2;ZFAND6;ACOX2"
"Presynaptic Phase Of Homologous DNA Pairing And Strand Exchange R-HSA-5693616",0.779156327543424,0.908017060579172,0.0675188953767744,0.210266918472124,0.788872431115013,39,"XRCC2;BLM;BARD1"
"Programmed Cell Death R-HSA-5357801",0.779005524861878,0.908017060579172,0.0728938564822936,0.175376455708938,0.897334519124755,205,"SEPTIN4;RPS27A;FLOT2;CASP5;HMGB1;CARD8;HSP90AA1;LMNA;UNC5A;TFDP1;DIABLO;PTK2;PSMD10;YWHAQ;E2F1;PLEC;UBA52;FNTA;DYNLL2;HMGB2;PROC;VIM;GSN;SDCBP"
"RNA Polymerase II Transcription Termination R-HSA-73856",0.785185185185185,0.908017060579172,0.0668966276500666,0.201886197728385,0.84256625072149,67,"CASC3;PCF11;ZC3H11A;U2AF1;SRRM1;SNRPG;THOC6;POLDIP3;CSTF1;COLEC12;RBM8A;THOC1;SRSF6"
"Regulation Of Signaling By CBL R-HSA-912631",0.785024154589372,0.908017060579172,0.0658311958368866,0.256711126042159,0.79244819848097,18,"CRKL;YES1"
"SHC-mediated cascade:FGFR4 R-HSA-5654719",0.776155717761557,0.908017060579172,0.0667426134241917,0.259733132022956,0.807938119851408,19,"FGF1;FGF18;FGFR4"
"Signaling By BRAF And RAF1 Fusions R-HSA-6802952",0.786764705882353,0.908017060579172,0.066436413766281,0.201114518449399,0.832265812730713,62,"QKI;AP3B1;LMNA;CSK;RAP1A;RAP1B"
"Signaling By Type 1 Insulin-like Growth Factor 1 Receptor (IGF1R) R-HSA-2404192",0.780722891566265,0.908017060579172,0.065981614400873,0.210354455570343,0.83485860596148,53,"FGF1;GAB2;PTPN11;IGF1;TLR9;IGF1R;FGF18;FGFR2"
"TRAF6 Mediated Induction Of NFkB And MAP Kinases Upon TLR7/8 Or 9 Activation R-HSA-975138",0.780405405405405,0.908017060579172,0.0492917662312669,-0.193852263132999,-0.842290873396667,99,"MEF2C;S100A12;MAPK10;PPP2R1A;CREB1;NOD2;IKBIP;HOXC13;AGER;MAPK8;NKIRAS1;TIFA;NLRC5;PPP2CA;MAPK3;ECSIT;DUSP3;CASP8;RPS6KA5;TLR4;IRAK1;TANK;NKIRAS2;GDNF;FOS;MAPK11;JUN;UBE2N;BTRC;TAB3;MAP2K1;TLR7;MYD88;MAP3K1;APP;TICAM1"
"Triglyceride Metabolism R-HSA-8979227",0.787162162162162,0.908017060579172,0.0488970772260102,-0.226284419531458,-0.793191546009514,36,"FABP3;PNPLA4;AGMO;FABP9;LPIN1;PRKACG;GK;MGLL;PPP1CA;GPD2;GK2;MOGAT2;PRKACB;MOGAT1;LPIN2;LPIN3;FABP2;FABP12"
"Triglyceride Catabolism R-HSA-163560",0.788235294117647,0.90806573369723,0.0486034247259069,-0.249149307939075,-0.787412099500893,23,"FABP3;PNPLA4;FABP9;PRKACG;MGLL;PPP1CA;GPD2;PRKACB;FABP2;FABP12"
"Diseases Associated With O-glycosylation Of Proteins R-HSA-3906995",0.790540540540541,0.909823284823285,0.048701086452153,-0.203735883469088,-0.82077809000342,68,"B4GAT1;ADAMTS16;ADAMTSL3;THSD4;MUC15;ADAMTS15;MUC4;ADAMTS2;MUC1;GALNT12;THSD7B;ADAMTS17;ADAMTSL4;ADAMTS9;MUC16;ADAMTS8;ADAMTSL2;MUC7;CFP;ADAMTS6;POMGNT1;SPON2;GALNT3"
"COPI-dependent Golgi-to-ER Retrograde Traffic R-HSA-6811434",0.794701986754967,0.911914669167204,0.0475434194201301,-0.200391773957091,-0.834405831713765,78,"NSF;ARF3;COPZ2;KIFC2;KIF3C;ARF5;KIF20A;PTGES2;KIF27;TMED9;KLC1;KIF18A;KIF3B;KIF21A;CENPE;KIFAP3;KIF11;KIFC1;ARFGAP2;RINT1;ARCN1;KIF19;KIF20B;KDELR1;KIF23;COPG2;KIF3A;RAB1A;COPG1"
"Cell Cycle Checkpoints R-HSA-69620",0.793313069908815,0.911914669167204,0.0437125833579551,-0.17553911889013,-0.884915711745108,264,"ORC4;BABAM1;YWHAH;CLIP1;PSMA6;PPP2R1A;YWHAG;CENPQ;H2BC11;CENPF;SLC25A2;UBE2D1;DSN1;PSMC5;PPP2R5B;PSMD12;PSMC4;EXO1;CDC25A;PSMD7;ITGB3BP;PSMD2;MAD2L1;PSMB5;PSMD9;H2BC14;ORC6;PSMD11;WEE1;CCNB1;POLR1A;CCNB2;PPP2CA;BUB1B;DYNC1H1;CHEK2;PSMC2;PSMA1;H2BC3;CENPH;SGO2;ANAPC15;PSMA5;KIF18A;PSMC3;YWHAB;PSMD5;CDCA8;MCM6;CDC45;ZWILCH;PSMF1;PSMB4;UBE2C;WRN;AURKB;CENPE;GTSE1;NUP43;SPC25;CDC7;SKA1;SKA2;SERPINA2;NUP98;ANAPC4;SPC24;CENPA;UBE2V2;ABRAXAS1;H2BC1;UBE2N;RAD17"
"ERBB2 Regulates Cell Motility R-HSA-6785631",0.794520547945205,0.911914669167204,0.0490939668192139,-0.273982394636317,-0.766643908863407,15,"EGFR;DIAPH1;NRG4;NRG3"
"Signaling By FGFR3 In Disease R-HSA-5655332",0.79557069846678,0.912014739794433,0.0487989701682839,-0.25390346628486,-0.779797065768632,21,"FGF13;GRB2;PIK3R1;FGF8;FGF5;FGF20;SOS1;PIK3CA"
"Formation Of HIV-1 Elongation Complex Containing HIV-1 Tat R-HSA-167200",0.797066014669927,0.912056048834628,0.0656813601934011,0.213455514740505,0.813023401812164,42,"ELOA2;POLR2L;CTDP1;POLR2J;ELOC;POLR2I;TCEA1"
"Separation Of Sister Chromatids R-HSA-2467813",0.797169811320755,0.912056048834628,0.0450442767152794,-0.181236827307504,-0.863217955894478,167,"CLIP1;PSMA6;PPP2R1A;CENPQ;CENPF;UBE2D1;DSN1;PSMC5;PPP2R5B;PSMD12;PSMC4;PSMD7;ITGB3BP;ESPL1;PSMD2;MAD2L1;PSMB5;PSMD9;PSMD11;PPP2CA;BUB1B;DYNC1H1;PSMC2;PSMA1;CENPH;SGO2;ANAPC15;PSMA5;KIF18A;PSMC3;PSMD5;CDCA8;ZWILCH;PSMF1;PSMB4;UBE2C;AURKB;CENPE;SMC3;NUP43;SPC25;SKA1;SKA2;NUP98;ANAPC4;SPC24;CENPA"
"Fatty Acid Metabolism R-HSA-8978868",0.799058084772371,0.912427382514047,0.0448645113168564,-0.181061877783902,-0.866932829544283,171,"ACACA;ACSL4;ACSL6;HACD3;ECHS1;ACSL3;ACSL5;PLA2G4A;SLC27A2;MCEE;HACD4;CYP1A1;ACOXL;PPARD;GGT5;PTGES2;ALOX5;ACOX1;NDUFAB1;GPX1;CBR4;CYP2C9;PCTP;ACSBG1;AKR1C3;LTC4S;ELOVL6;SLC22A5;HPGDS;GPX4;ACOT13;CYP2U1;ACOT8;ACLY;ELOVL3;PRKAA2;MUSK;CYP2C8;CYP4B1;ACADL;EHHADH;LTA4H;PRKAG2;TECRL;ACOT7;ACOT1;ACBD4;CYP4F3;SLC25A1;PCCB;OLAH;MMUT;HACD2;PTGIS"
"MyD88 Dependent Cascade Initiated On Endosome R-HSA-975155",0.798347107438017,0.912427382514047,0.0472587336673259,-0.191479588565549,-0.837687272554007,100,"MEF2C;S100A12;MAPK10;PPP2R1A;CREB1;NOD2;IKBIP;HOXC13;AGER;MAPK8;NKIRAS1;TIFA;NLRC5;PPP2CA;MAPK3;ECSIT;DUSP3;CASP8;RPS6KA5;TLR4;IRAK1;TANK;NKIRAS2;GDNF;FOS;MAPK11;JUN;UBE2N;BTRC;TAB3;MAP2K1;TLR7;MYD88;MAP3K1;APP;TICAM1"
"Phosphorylation Of APC/C R-HSA-176412",0.803030303030303,0.916066826624011,0.0478299633114229,-0.248714185932501,-0.76304886717547,20,"UBE2D1;CCNB1;ANAPC15;UBE2C;ANAPC4;ANAPC1;CDK1;CDC16;ANAPC16"
"Toll Like Receptor 7/8 (TLR7/8) Cascade R-HSA-168181",0.804635761589404,0.917001888451987,0.0469758727821845,-0.19013905273945,-0.832972448829048,101,"MEF2C;S100A12;MAPK10;PPP2R1A;CREB1;NOD2;IKBIP;HOXC13;AGER;MAPK8;NKIRAS1;TIFA;NLRC5;PPP2CA;MAPK3;ECSIT;DUSP3;CASP8;RPS6KA5;TLR4;IRAK1;TANK;NKIRAS2;GDNF;FOS;MAPK11;JUN;UBE2N;BTRC;TAB3;MAP2K1;TLR7;MYD88;MAP3K1;APP;TICAM1"
"Transcriptional Regulation By RUNX3 R-HSA-8878159",0.808564231738035,0.920579959451987,0.066436413766281,0.19080738581874,0.844273472187358,93,"RPS27A;CBFB;CCN2;CXXC1;KAT2B;PSMD10;TCF7L1;UBA52;RBPJ;CCND1"
"Eicosanoid Ligand-Binding Receptors R-HSA-391903",0.813397129186603,0.922621193827426,0.0636424081651019,0.247805201637111,0.73480339306517,15,"PTGER3;TBXA2R;PTGDR;OXER1;PTGIR"
"Insulin Receptor Signaling Cascade R-HSA-74751",0.814310051107325,0.922621193827426,0.0477342401407188,-0.203242162587821,-0.782695739213256,53,"TRIB3;FGF10;FGF13;FLT3;INS;GRB2;PIK3R2;MAPK3;PIK3R1;PDE3B;PIK3R4;FGF8;KLB;PDPK1;FGF5;FGF20;SOS1;PIK3CA;FGF7;FGFR1"
"Metabolism Of Steroid Hormones R-HSA-196071",0.812048192771084,0.922621193827426,0.0640703750499722,0.208113344604508,0.763301841736601,35,"HSD3B1;CYP11B1;HSD3B2;SRD5A1;AKR1B15;HSD17B3;HSD17B1;HSD11B1;HSD17B14"
"Mitotic Spindle Checkpoint R-HSA-69618",0.81203007518797,0.922621193827426,0.065981614400873,0.18653929163467,0.857709291081981,108,"DYNC1LI2;RPS27;NDE1;AHCTF1;MAPRE1;PLK1;DYNLL2;CLASP2;B9D2;BUB3;BIRC5;RCC2;CDC20;ANAPC7;UBE2S;DYNC1I2;RANBP2"
"WNT Ligand Biogenesis And Trafficking R-HSA-3238698",0.814144736842105,0.922621193827426,0.0461379160269737,-0.233458463714928,-0.769390102585137,26,"WNT16;TMED5;VPS35;WNT7A;WNT10A;WNT2B;WNT5A;WNT1"
"Cooperation Of Prefoldin And TriC/CCT In Actin And Tubulin Folding R-HSA-389958",0.815254237288136,0.922795048414408,0.0474483193656297,-0.230241697756366,-0.774156072096539,30,"TUBB2A;TUBA4A;CCT6B;TUBA8;TUBB4B;TUBB6;TUBB2B;TUBB3;CCT2"
"NOTCH4 Intracellular Domain Regulates Transcription R-HSA-9013695",0.817518248175182,0.92356611386296,0.0642140881844605,0.249466828276125,0.776003271638415,19,"KAT2B;RBPJ;HEY1;NOTCH4;EP300;MAML3;MAML1;NOTCH2;KAT2A;ACTA2;MAMLD1;FLT4;HEY2;SMAD3;SNW1;NOTCH1;CREBBP"
"ZBP1(DAI) Mediated Induction Of Type I IFNs R-HSA-1606322",0.816867469879518,0.92356611386296,0.0637845390312975,0.237103370858291,0.763183143343639,21,"RELA;NFKBIB;NFKB2;NFKBIA"
"N-glycan Antennae Elongation In medial/trans-Golgi R-HSA-975576",0.819078947368421,0.924434363229156,0.0458620343117985,-0.232415494120838,-0.765952872380583,26,"CHGA;ST8SIA3;B4GALT6;B4GALT1;CHST8;B4GALT4;ST8SIA6;MGAT5"
"G0 And Early G1 R-HSA-1538133",0.824257425742574,0.924943421090326,0.0646484568421928,0.22069912185805,0.75355444437773,27,"TFDP1;E2F1;MAX;RBBP4"
"Interleukin Receptor SHC Signaling R-HSA-912526",0.821070234113712,0.924943421090326,0.0465084048719156,-0.230343905010328,-0.760335544974312,27,"JAK2;GRB2;PIK3R2;PIK3R1;IL3RA;IL3;CSF2RB;CLSTN1;IL5;SOS1;PIK3CA"
"Nicotinamide Salvaging R-HSA-197264",0.824027072758037,0.924943421090326,0.0468819856878333,-0.250451047072228,-0.756237023835985,19,"NAPRT;SLC5A8;NUDT12;RNLS;PTGIS"
"Ovarian Tumor Domain Proteases R-HSA-5689896",0.825423728813559,0.924943421090326,0.0468819856878333,-0.220709264103374,-0.776144178935409,37,"TNIP3;PTEN;VCPIP1;NOD2;UBE2D1;VCP"
"Pyroptosis R-HSA-5620971",0.824120603015075,0.924943421090326,0.0653834195468773,0.224209213413965,0.751108261153216,25,"CASP5;HMGB1;CHMP6;CASP1;IL18;CHMP4B"
"RHOBTB2 GTPase Cycle R-HSA-9013418",0.822635135135135,0.924943421090326,0.0468819856878333,-0.248526992138623,-0.772510207552961,22,"ACTN1;STK38;TXNL1;CDC37;RHOBTB2;TMOD3;DBN1;CCT2"
"STING Mediated Induction Of Host Immune Responses R-HSA-1834941",0.825210084033613,0.924943421090326,0.0465084048719156,-0.259858547571861,-0.748185817792594,16,"NLRP4;STING1;CGAS;STAT6;DDX41;PRKDC;IRF3;XRCC5"
"Tight Junction Interactions R-HSA-420029",0.825870646766169,0.924943421090326,0.0458620343117985,-0.226460642122819,-0.757194924992186,28,"F11R;PARD6A;PRKCI;CLDN14;CLDN8;PATJ;CLDN20;CLDN18"
"Regulation Of TP53 Activity Thru Phosphorylation R-HSA-6804756",0.829207920792079,0.927790645795164,0.0643583367917361,0.190644697260121,0.834131083694435,88,"HIPK2;RPS27A;BLM;BARD1;TAF2;AURKA;UBA52"
"SLC-mediated Transmembrane Transport R-HSA-425407",0.831288343558282,0.928446933086244,0.0419926218968594,-0.173695294213205,-0.86860277159257,247,"SLC17A7;SLC12A5;SLC25A4;SLC4A4;SLC1A1;SLC8A2;SLC1A4;SLC17A1;SLC4A9;SLC43A1;SLC4A10;SLC6A13;SLC6A11;HEPH;SLC40A1;SLC22A6;SLC2A13;SLC29A2;BSG;SLC2A3;SLC7A1;SLC2A12;SLC5A4;LCN15;SLC28A3;SLC14A1;SLC5A3;EMB;PDZD11;SLC5A8;SLC28A2;SLC39A8;SLC26A4;SLC9A7;SLC5A7;SLC2A14;SLC22A3;SLC9A2;SLC39A14;RHCG;SLC25A5;SLC39A10"
"Transport Of Bile Salts And Organic Acids, Metal Ions And Amine Compounds R-HSA-425366",0.831385642737897,0.928446933086244,0.0458620343117985,-0.191632163128501,-0.81164315182171,86,"SLC6A13;SLC6A11;HEPH;SLC40A1;SLC22A6;SLC2A13;BSG;SLC14A1;SLC5A3;EMB;SLC39A8;SLC5A7;SLC22A3;SLC39A14;RHCG;SLC39A10;SLC6A14;SLC22A5;RHAG;SLC16A7;SLC30A10;CP;SLC30A7;SLC41A2;SLC30A1;SLC22A15;SLC14A2;RUNX1;SLC13A3;SLC18A2;SLC39A1;SLC13A1;SLC41A1;SLC30A5;SLC6A1"
"NoRC Negatively Regulates rRNA Expression R-HSA-427413",0.834448160535117,0.930976102623787,0.04577044581081,-0.196346027430026,-0.797642636120723,70,"TAF1B;POLR1H;H2BC11;MNAT1;H2AC4;TBP;H2AC7;H2BC14;POLR1A;GTF2H5;POLR2K;H2BC3;POLR2H;POLR1E;GTF2H3;SIN3B;TAF1C;H2BC1;POLR1B;GTF2H1;H2BC13;ERCC3;H2BC9;DNMT3B;H2AZ1;H3C7;UBTF;DNMT1;CDK7"
"Biological Oxidations R-HSA-211859",0.837245696400626,0.932668462045181,0.0425877779273254,-0.174706996692815,-0.854507980933285,200,"SULT4A1;FMO3;ABHD10;BPHL;CYP21A2;NR1H4;CYP1A1;NCOA2;GGT5;MTARC2;NQO2;CYP3A43;AHR;GGT7;UGP2;MTR;CYP24A1;ADH1A;CYP7A1;GSTA3;CYP2C9;PRNP;FDX2;AKR7A2;MGST3;SMOX;HPGDS;CYP39A1;GSTK1;GSTM1;GSTO2;CYP2E1;CYP2F1;CYP2U1;AS3MT;ALDH3A1;CYP3A5;UGT2B28;SULT1E1;MAT1A;ACSM2A;GSTA2;GSTT2;GCLM;CYP2C8;CYP4B1;OPLAH;UGT3A2;MGST2;TPMT;TPST2;CYP3A4;ARNT2;AOC2;CYP4F3"
"NOD1/2 Signaling Pathway R-HSA-168638",0.83756345177665,0.932668462045181,0.0461379160269737,-0.222590265580438,-0.765465365804944,33,"NOD2;HOXC13;MAPK13;CASP8;IRAK1;MAPK11;UBE2N;TAB3;BIRC3;CARD9;CASP9;IKBKB;RIPK2;TRAF6"
"Phase II - Conjugation Of Compounds R-HSA-156580",0.838790931989924,0.93314491671329,0.0646484568421928,0.187588584575882,0.830031106830648,93,"ACSM5;CHAC1;MAT2A;SULT1A4;GGCT;SLC38A3;SLC38A1;TRMT112;MGST1;ACSM4;ACSM2B;SULT1A2;GSTM4;ESD;GCLC;GSTP1;GSTA1;COMT;GGT1;UGT2A3;UGT2B10;SLC26A1"
"Glycogen Metabolism R-HSA-8982491",0.847665847665848,0.937617006140482,0.0629394692018967,0.227131018981814,0.74178456163974,23,"RPS27A;UBA52;GAA;PHKA2;PGM1;PYGM"
"Post-translational Protein Phosphorylation R-HSA-8957275",0.848434925864909,0.937617006140482,0.0443293451680314,-0.183994915433878,-0.812209853746186,105,"CHGB;SCG3;F5;ENAM;CHRDL1;APLP2;PPP3CA;LAMB1;MATN3;GPC3;SPARCL1;PENK;GAS6;SHISA5;CKAP4;AMELX;GOLM1;ITIH2;AMTN;SGPP2;FGG;MBTPS1;VGF;TNNI3;CP;APOL1;APOA1;WFS1;P4HB;FAM20A;IGFBP1;FBN1;IL6;IGFBP4;APP"
"Prefoldin Mediated Transfer Of Substrate To CCT/TriC R-HSA-389957",0.845394736842105,0.937617006140482,0.0444181153081573,-0.226474832480587,-0.746374716180612,26,"TUBB2A;TUBA4A;CCT6B;TUBB4B;TUBB6;TUBB2B;TUBB3;CCT2"
"Regulation Of PTEN Gene Transcription R-HSA-8943724",0.845208845208845,0.937617006140482,0.0630790410571939,0.192665142153321,0.791335805839944,60,"KDM1A;CBX2;PHC3;CHD4;RBBP4;ATN1;CBX4;PHC1;LAMTOR4;RRAGC;MAF1;HDAC7;RHEB"
"Signaling By FGFR2 In Disease R-HSA-5655253",0.84822934232715,0.937617006140482,0.0454059226590179,-0.21101361408809,-0.764107497657686,42,"FGF10;FGF13;GRB2;POLR2K;PIK3R1;POLR2G;POLR2H;FGF8;POLR2C;FGF5;FGF20;SOS1;PIK3CA;FGF7;POLR2B"
"Synthesis Of Active Ubiquitin: Roles Of E1 And E2 Enzymes R-HSA-8866652",0.847290640394089,0.937617006140482,0.0630790410571939,0.213926316902597,0.743908410755899,29,"RPS27A;UBA52;UBE2Z;UBE2L3;UBE2S;UBE2Q2"
"TNFs Bind Their Physiological Receptors R-HSA-5669034",0.845637583892617,0.937617006140482,0.0453152441270267,-0.22306667486373,-0.749583055813246,29,"TNFSF11;EDA;TNFRSF4;TNFSF13B;TNFRSF25;TNFRSF9;TNFRSF14;TNFSF9;TNFSF15;TNFRSF1A"
"Negative Regulation Of TCF-dependent Signaling By WNT Ligand Antagonists R-HSA-3772470",0.849315068493151,0.937701688676922,0.0460457683018055,-0.257346811326812,-0.720095047096025,15,"WIF1;DKK2"
"Antigen Activates B Cell Receptor Leading To Second Messenger Generation R-HSA-983695",0.852040816326531,0.939236906397923,0.0455878202571231,-0.220051474681671,-0.745381156275519,31,"ITPR1;CD19;GRB2;PIK3R1;CALM1;NCK1;CLSTN1;PLCG2;SOS1"
"DNA Replication R-HSA-69306",0.854003139717425,0.939236906397923,0.0418238690062304,-0.176819596941443,-0.830683692814786,151,"ORC4;PSMA6;GINS4;H2BC11;SLC25A2;UBE2D1;GINS3;RPA4;PSMC5;PSMD12;PSMC4;PSMD7;H2AC4;PSMD2;H2AC7;PSMB5;PSMD9;H2BC14;ORC6;PSMD11;POLR1A;KPNA1;PSMC2;PSMA1;H2BC3;ANAPC15;PSMA5;PSMC3;PSMD5;MCM6;CDC45;PSMF1;PSMB4;UBE2C;CDC7;KPNB1;ANAPC4;H2BC1;GMNN;POLR1B;POLA1;H2BC13;PSMA7;PSMC6;PSMD8;H2BC9;CDK2;KPNA6;H2AZ1;GINS1;H3C7;ANAPC1;CCNA2;PSMA3;POLD3"
"Generation Of Second Messenger Molecules R-HSA-202433",0.854636591478697,0.939236906397923,0.0635007968065945,0.213109217075509,0.734692369093787,28,"HLA-DPA1;HLA-DRB1;PKN1;TARP;GRAP2;LCP2"
"Stimuli-sensing Channels R-HSA-2672351",0.85472972972973,0.939236906397923,0.0451344222209097,-0.185408230755319,-0.805601431182076,99,"TRPM2;TRPV1;TRPC5;TTYH3;SLC17A3;TRPV2;ANO9;WNK2;TSC22D3;SLC9C2;NEDD4L;TRPM3;CALM1;ANO5;RYR2;TRPV6;STOM;SLC9B2;TRPM7;MCOLN2;STOML3;CLCN7;BEST4;CLCN4;TRPC4;TRPC6;TRPM8;BEST2;ASIC2;CLCA2;ASPH;UNC80;ANO3;UNC79;TRDN;FKBP1B;SCNN1D;TRPC7;TRPM4;ANO1;SLC9C1;MCOLN3;TRPV5;CLIC2;ANO6"
"Unfolded Protein Response (UPR) R-HSA-381119",0.853781512605042,0.939236906397923,0.0449543067640062,-0.190193424031216,-0.811974901530991,89,"GSK3A;CXCL8;EIF2AK3;DCTN1;PPP2R5B;EXTL1;CEBPB;ERN1;PDIA5;SRPRB;TATDN2;CREB3L4;KLHDC3;ASNS;CUL7;SRPRA;EXOSC8;ATP6V0D1;EXOSC9;TSPYL2;MBTPS1;SERP1"
"TNF Signaling R-HSA-75893",0.857142857142857,0.941002553420239,0.0617054053637522,0.199079049742103,0.765646540183119,43,"RPS27A;UBA52;OTUD7B;TNF;SMPD3;TRADD;CFLAR"
"NCAM Signaling For Neurite Out-Growth R-HSA-375165",0.858585858585859,0.941700843016632,0.044774889329693,-0.19908905045087,-0.776794212532031,57,"SPTBN2;GFRA2;CREB1;CACNB1;GRB2;PRNP;MAPK3;CACNB3;ST8SIA4;SPTBN4;GFRA1;RPS6KA5;CACNA1D;CACNB4;GDNF;CACNA1G;SOS1;SPTAN1;COL4A3;SPTA1;FGFR1;ENTHD1;COL4A2;SPTBN5;HRAS;CACNA1C;CACNA1S;ARTN;CACNB2;NRTN;COL4A1"
"Downstream TCR Signaling R-HSA-202424",0.861252115059222,0.943738233121232,0.0448645113168564,-0.188550551915523,-0.80586595477554,90,"PSMA6;PTEN;UBE2D1;PSMC5;PSMD12;PSMC4;PSMD7;PSMD2;PSMB5;PSMD9;PSMD11;CD247;PIK3R2;PIK3R1;UBE2D2;PSMC2;PSMA1;HLA-DQA2;PSMA5;PSMC3;PSMD5;PSMF1;PSMB4"
"VEGFA-VEGFR2 Pathway R-HSA-4420097",0.863979848866499,0.945839102839778,0.0632191170859458,0.183508387889438,0.811977288793733,93,"PRR5;NCK2;ELMO1;RNASE1;HSP90AA1;PTK2;CDC42;NCF1;JUP;RHOA;PKN1;HSPB1;CTNNA1;CAV1;WASF2;CYBA;ITPR3;ROCK1"
"Formation Of HIV Elongation Complex In Absence Of HIV Tat R-HSA-167152",0.864864864864865,0.945920616023709,0.0619762736001998,0.201960783298871,0.775287468058521,44,"ELOA2;POLR2L;CTDP1;POLR2J;ELOC;POLR2I;TCEA1"
"Activated TAK1 Mediates P38 MAPK Activation R-HSA-450302",0.866328257191201,0.946117867165575,0.0445961615888961,-0.238227018760531,-0.719326566092687,19,"NOD2;IRAK1;MAPK11;UBE2N;TAB3;RIPK2;TRAF6;MAPKAPK3"
"Defective Homologous Recombination Repair (HRR) Due To BRCA2 Loss Of Function R-HSA-9701190",0.866666666666667,0.946117867165575,0.0621124188949471,0.197041738101277,0.743865716299296,40,"XRCC2;BLM;BARD1"
"HATs Acetylate Histones R-HSA-3214847",0.867549668874172,0.94619669493099,0.0435378240914002,-0.181320447260093,-0.795436285981027,102,"USP22;RBBP7;ENY2;KAT14;H2BC11;KANSL3;NCOA2;DMAP1;ATXN7L3;H2AC4;H2AC7;H2BC14;VPS72;MSL2;EP400;JADE1;H2AC21;H2BC3;YEATS4;MRGBP;SUPT20H;SUPT3H;MEAF6;ELP5"
"Signaling By Activin R-HSA-1502540",0.875,0.95343137254902,0.0446854397644147,-0.249486419748315,-0.698100490354762,15,"MAPK3;ACVR2A;ACVR1B"
"Acyl Chain Remodelling Of PS R-HSA-1482801",0.878048780487805,0.955773955773956,0.0609039347452418,0.21425999715619,0.692440411951866,22,"PLAAT3;PLA2G12A;PLA2G5"
"Regulation Of Gene Expression In Beta Cells R-HSA-210745",0.878787878787879,0.955773955773956,0.0437125833579551,-0.227034818935455,-0.69653711447365,20,"INS;AKT1;IAPP;FOXA3;FOXA2"
"PIP3 Activates AKT Signaling R-HSA-1257604",0.880551301684533,0.956258779459966,0.0392758570896778,-0.169386854937888,-0.853330666959631,266,"CD86;GSK3A;EGFR;RBBP7;PSMA6;TRIB3;PTEN;AGO4;FGF10;PPP2R1A;CREB1;FGF13;FLT3;PSMC5;CBX6;PPP2R5B;PSMD12;PSMC4;HOXC13;MTA2;PSMD7;RNMT;INS;AKT1;GSK3B;PSMD2;PSMB5;PSMD9;LAMTOR3;PSMD11;CD19;GRB2;CHD3;PIK3R2;CNOT6L;PIP5K1C;PPP2CA;MAPK3;NR4A1;PIK3R1;NR2E1;RNF2;PHLPP2;RRAGB;NRG4;PSMC2;PSMA1;TRIM27;AREG;EPGN;PSMA5;PSMC3;PSMD5;NRG3;FGF8;KLB;PSMF1;PSMB4;IRAK1;PDPK1;RCOR1;CD28;FRK;ESR1;GDNF;FGF5;CLSTN1;SNAI1;FGF20;STUB1;JUN;HDAC3;SOS1;ESR2;MLST8;PIK3CA;EGF;PIP4K2B;PSMA7;LAMTOR5;FGF7;IL1RL1;PSMC6;IL1RAP;MYD88;PSMD8;FGFR1"
"Peroxisomal Lipid Metabolism R-HSA-390918",0.880872483221476,0.956258779459966,0.0434506826723125,-0.214063310009186,-0.719328560181421,29,"SLC27A2;ACOXL;ACOX1;ACOT8;EHHADH;ACBD4"
"MTOR Signaling R-HSA-165159",0.881956155143339,0.95654538387758,0.0436251240000606,-0.206905753874799,-0.744739772885708,41,"CAB39;AKT1;LAMTOR3;STK11;PRKAG1;RRAGB;PRKAG3;YWHAB;CAB39L;PRKAA2;PRKAG2;EEF2K;MLST8;LAMTOR5"
"Cytoprotection By HMOX1 R-HSA-9707564",0.884803921568627,0.956965872539934,0.0607719451853533,0.188302288065128,0.760941020692003,57,"PTK6;TXNIP;MAFK;HBA1;HMOX1;NCOR2;COX18;ABCC1;RXRA"
"KEAP1-NFE2L2 Pathway R-HSA-9755511",0.88423645320197,0.956965872539934,0.0610363728309177,0.180699266739529,0.810468763902529,98,"RPS27A;SESN2;ATF4;PHGDH;UFD1;PSMD10;UBA52;MAFK;MUL1;PRDX1;HMOX1;TALDO1;PSMD14;CUL1;GCLC;PSME2;GSTA1;KEAP1;CSNK2A2"
"Signaling By NTRK2 (TRKB) R-HSA-9006115",0.884520884520885,0.956965872539934,0.0609039347452418,0.210858013387977,0.688638741332601,23,"PTPN11;RNASE1;NTF3"
"Impaired BRCA2 Binding To RAD51 R-HSA-9709570",0.887772194304858,0.957514002545073,0.0430173196927508,-0.206741679599483,-0.720168604504394,34,"EXO1;POLR1A;WRN;BRCA2;SERPINA2;RAD17;POLR1B;HUS1;RAD50;RBBP8;BRIP1;RFC2;RHNO1;RAD9B;ARTN;DNA2;RFC3;TOP3A;RPA3;KAT5"
"Postmitotic Nuclear Pore Complex (NPC) Reformation R-HSA-9615933",0.886513157894737,0.957514002545073,0.0422468188360053,-0.216585107564278,-0.713781952796419,26,"NDC1;RCC1;SUMO1;NUP54;NUP43;KPNB1;NUP98;RANGAP1;SEC13;NUP107;NUP155;NUP85;NUP37;NUP205"
"tRNA Modification In Nucleus And Cytosol R-HSA-6782315",0.887015177065767,0.957514002545073,0.0433636987883266,-0.201024155603583,-0.727934380778294,42,"QTRT1;ALKBH8;TRMT5;FTSJ1;METTL1;TYW5;TRMT9B;PUS3;TRMT44;NSUN6;TYW3;QTRT2"
"HDACs Deacetylate Histones R-HSA-3214815",0.892156862745098,0.96027610790938,0.0603786357920401,0.186083927908671,0.751976492119027,57,"H2AC19;KDM1A;H2BC17;CHD4;RBBP4;H2BC18;H2AC6;NCOR2;H4C15;GPS2;H2BC21;SAP18;HDAC10;H2BC4;ARID4B;H2BC5;SUDS3;H2AC1;TBL1X;SAP30L;NCOR1"
"Intra-Golgi Traffic R-HSA-6811438",0.894472361809045,0.96027610790938,0.0426733861156084,-0.206640626134713,-0.73684636386008,40,"NSF;MAN1A1;RIC1;TRIP11;RAB41;YKT6;CYTH3;COG3;COG7;STX5;MAN1A2;GOSR2;COG6;VTI1A;COG4;MAN1C1;RAB33B"
"Laminin Interactions R-HSA-3000157",0.895121951219512,0.96027610790938,0.059989249649033,0.208123811042296,0.672609630205795,22,"ITGB1;ITGB4;HSPG2;ITGA6;LAMA5"
"Mitotic G1 Phase And G1/S Transition R-HSA-453279",0.895071542130366,0.96027610790938,0.0402477565068868,-0.175298690289682,-0.817331001041183,146,"ORC4;CABLES1;PSMA6;PPP2R1A;SLC25A2;MNAT1;RPA4;PSMC5;PSMD12;PSMC4;CCND3;CDC25A;PSMD7;AKT1;PSMD2;PSMB5;PSMD9;ORC6;PSMD11;LIN52;WEE1;JAK2;CCNB1;POLR1A;PPP2CA;LIN54;PSMC2;PSMA1;PSMA5;PSMC3;PSMD5;MCM6;CDC45;PSMF1;PSMB4"
"SHC-mediated cascade:FGFR2 R-HSA-5654699",0.89527027027027,0.96027610790938,0.0430173196927508,-0.224399040530268,-0.697511959900242,22,"FGF10;FGF13;GRB2;FGF8;FGF5;FGF20;SOS1;FGF7"
"Surfactant Metabolism R-HSA-5683826",0.894648829431438,0.96027610790938,0.0425877779273254,-0.212964043448311,-0.702966861779757,27,"DMBT1;SFTPA1;P2RY2;CKAP4;CSF2RB;SLC34A2;LMCD1;SFTPA2"
"Caspase Activation Via Death Receptors In Presence Of Ligand R-HSA-140534",0.897260273972603,0.960644715344979,0.0435378240914002,-0.242661933183307,-0.679004551496616,15,"CASP8;TLR4;TANK;RIPK1;TICAM1;LY96;FASLG;TNFRSF10B;TNFSF10;FADD;TNFRSF10A;NDUFA2"
"Elevation Of Cytosolic Ca2+ Levels R-HSA-139853",0.897129186602871,0.960644715344979,0.0589694466690997,0.220838647061979,0.65484092387495,15,"P2RX7;ITPR3"
"Sensory Processing Of Sound By Outer Hair Cells Of Cochlea R-HSA-9662361",0.899488926746167,0.961267012374338,0.0431901998334182,-0.186108413706419,-0.716712814826548,53,"KCNMB1;TMC1;EPB41L1;EPS8L2;GRXCR2;CLIC5;CIB2;TMC2"
"Signaling By NOTCH4 R-HSA-9013694",0.898765432098765,0.961267012374338,0.0603786357920401,0.181656745764737,0.780694159422379,79,"RPS27A;PSEN1;KAT2B;PSMD10;PSENEN;UBA52;APH1B;RBPJ"
"Global Genome Nucleotide Excision Repair (GG-NER) R-HSA-5696399",0.906197654941373,0.964902065069875,0.042077210988939,-0.182696865778709,-0.760172181950595,79,"INO80C;RAD23B;COPS4;MNAT1;COPS5;DDB1;POLR1A;GTF2H5;CETN2;XPA;SUMO1;COPS7A;YY1;PIAS3;GTF2H3;UBE2V2;GPS1;UBE2N;POLR1B;GTF2H1;CHD1L"
"Nucleotide Salvage R-HSA-8956321",0.904201680672269,0.964902065069875,0.042331839351853,-0.217342660721382,-0.686890291630199,23,"GMPR2;AMPD1;UPP2;DCK;TK2;HPRT1;AMPD3;DGUOK;UCK2;PPY;UPP1;TK1"
"TP53 Regulates Transcription Of DNA Repair Genes R-HSA-6796648",0.905564924114671,0.964902065069875,0.0424170054438747,-0.191134029234012,-0.749569084641442,61,"SUPT4H1;MNAT1;NELFB;GTF2H5;POLR2K;NELFA;POLR2G;POLR2H;CDK13;ELOA;GTF2H3;POLR2C;GDNF;FOS;CCNK;SERPINA2;JUN;GTF2H1;MDC1;ERCC3;POLR2B"
"Transcriptional Regulation By RUNX2 R-HSA-8878166",0.905844155844156,0.964902065069875,0.0406579344155557,-0.174561969339445,-0.783996385930707,116,"PSMA6;FBXW7;ITGBL1;PSMC5;PSMD12;PSMC4;PSMD7;AKT1;GSK3B;PSMD2;PSMB5;PSMD9;PSMD11;MAF;PPM1D;CCNB1;MAPK3;GLI2;PSMC2;PSMA1;LGALS3;AREG;PSMA5;DLX5;PSMC3;PSMD5;PSMF1;PSMB4"
"MAPK6/MAPK4 Signaling R-HSA-5687128",0.907563025210084,0.96547497759359,0.0421619430092452,-0.179048427916247,-0.76439461756949,89,"PSMA6;AGO4;CDC42EP3;PSMC5;PSMD12;PSMC4;CCND3;PSMD7;PSMD2;PSMB5;PSMD9;PSMD11;MMP10;RAG1;PSMC2;PSMA1;PSMA5;PSMC3;PSMD5;PRKACG;PSMF1;PSMB4;CDC14A;ZNF367;JUN;KALRN;MAPKAPK5;PRKACB;PSMA7;PSMC6;PSMD8;MAPK4;ARHGEF7"
"TP53 Regulates Transcription Of Genes Involved In Cytochrome C Release R-HSA-6803204",0.909090909090909,0.96621957277695,0.0421619430092452,-0.216457542860901,-0.66408629749982,20,"BBC3;TRIAP1;TP53BP2;ZNF420;TP53INP1;PPP1R13B;TP53;BAX;TP73;PMAIP1;CREBBP;TP63;BID"
"BMAL1:CLOCK,NPAS2 Activates Circadian Gene Expression R-HSA-1368108",0.910596026490066,0.966724531749657,0.0413209506074822,-0.211456294918133,-0.68723401343537,25,"TBL1XR1;NCOA2;SERPINE1"
"Circadian Clock R-HSA-400253",0.911222780569514,0.966724531749657,0.0418238690062304,-0.188116115412584,-0.747612578125729,65,"MEF2C;CRTC1;RORA;CREB1;TBL1XR1;NCOA2"
"C-type Lectin Receptors (CLRs) R-HSA-5621481",0.912974683544304,0.967703411168213,0.0391155247681459,-0.172303053690101,-0.799711251848635,138,"PPP3R1;ITPR1;PPP3CB;PSMA6;UBE2D1;CD209;PSMC5;PPP3CA;PSMD12;PSMC4;MUC15;UBE2M;PSMD7;PSMD2;PSMB5;MUC4;PSMD9;PSMD11;UBE2D2;MUC1;PSMC2;PSMA1;CALM1;CCL17;PSMA5;PSMC3;PSMD5;CASP8;RPS6KA5;PRKACG;PSMF1;PSMB4;MUC16;PDPK1;CLEC7A;PLCG2;UBE2N;MALT1;BTRC;TAB3;PRKACB;PSMA7;MUC7;NFATC1;PSMC6;PSMD8"
"Beta Defensins R-HSA-1461957",0.917369308600337,0.967965626705781,0.0418238690062304,-0.200335947037153,-0.684022585743376,32,"DEFB129;DEFB124;DEFB130A;DEFB134;DEFB107A;DEFB112;CCR6;DEFB127"
"Conversion From APC/C:Cdc20 To APC/C:Cdh1 In Late Anaphase R-HSA-176407",0.915824915824916,0.967965626705781,0.0418238690062304,-0.214386132414187,-0.657731262346137,20,"UBE2D1;ANAPC15;CDC14A;UBE2C;ANAPC4"
"Deadenylation Of mRNA R-HSA-429947",0.917085427135678,0.967965626705781,0.0602484086158019,0.192754412684862,0.645733641079348,25,"EIF4B;PABPC1;CNOT2"
"Homologous DNA Pairing And Strand Exchange R-HSA-5693579",0.914425427872861,0.967965626705781,0.0590954798717342,0.189526410230758,0.721880654928887,42,"XRCC2;BLM;BARD1"
"PTEN Regulation R-HSA-6807070",0.917057902973396,0.967965626705781,0.0383995813369433,-0.169986275624273,-0.789791914529991,137,"RBBP7;PSMA6;PTEN;AGO4;PSMC5;CBX6;PSMD12;PSMC4;MTA2;PSMD7;AKT1;PSMD2;PSMB5;PSMD9;LAMTOR3;PSMD11;CHD3;CNOT6L;MAPK3;NR2E1;RNF2;RRAGB;PSMC2;PSMA1;TRIM27;PSMA5;PSMC3;PSMD5;PSMF1;PSMB4;RCOR1;FRK;GDNF;SNAI1;STUB1;JUN"
"Mismatch Repair R-HSA-5358508",0.925837320574163,0.975422809482314,0.0574877409561325,0.213048297207251,0.631740619811106,15,"POLD4;POLD2;POLD1;MSH3"
"Translation Of Structural Proteins R-HSA-9683701",0.926108374384236,0.975422809482314,0.0588438169595807,0.193893013659982,0.674244505009368,29,"RPS27A;UBA52;PARP16;CANX"
"ABC-family Proteins Mediated Transport R-HSA-382556",0.927152317880795,0.975530731881438,0.0404934829859503,-0.173035055578053,-0.758042242777078,101,"ABCA6;PSMA6;ABCD2;PEX19;ABCA4;PSMC5;PSMD12;PSMC4;VCP;PSMD7;PSMD2;PSMB5;PSMD9;PSMD11;ERLEC1;PSMC2;PSMA1;ABCB4;ABCA7;PSMA5;PSMC3;PSMD5;PSMF1;PSMB4"
"Acyl Chain Remodelling Of PG R-HSA-1482925",0.930272108843537,0.975530731881438,0.0415717899246479,-0.213470466673375,-0.636483041279958,18,"PLA2G4A;LPCAT1;LPCAT4;PLA2G4B;PLA2G2F;CRLS1;PLA2R1;PLA2G1B;LPGAT1;PLA2G2E;PLA2G10"
"Cytosolic Sensors Of Pathogen-Associated DNA R-HSA-1834949",0.928921568627451,0.975530731881438,0.0584693210386381,0.172632878946597,0.71440115019186,62,"RPS27A;RELA;POLR2L;UBA52;POLR3K;NFKBIB;NFKB2;NFKBIA"
"Metabolism Of Amine-Derived Hormones R-HSA-209776",0.930272108843537,0.975530731881438,0.0415717899246479,-0.213758190098453,-0.637340916767348,18,"CHGA"
"Transport Of Vitamins, Nucleosides, And Related Molecules R-HSA-425397",0.930390492359932,0.975530731881438,0.041488040200221,-0.192901942181644,-0.69884170651056,43,"SLC25A4;SLC29A2;LCN15;SLC28A3;PDZD11;SLC28A2"
"Smooth Muscle Contraction R-HSA-445355",0.931540342298289,0.975859586590756,0.0582216241124161,0.187293724995855,0.713376656580269,42,"TRIM72;MYLK;PKN1;SORBS1;MYL6;TPM4"
"Potential Therapeutics For SARS R-HSA-9679191",0.932835820895522,0.976340271735493,0.0589694466690997,0.176623561889252,0.783758264535319,95,"CD79B;KDM1A;HSP90AA1;ITGB1;FKBP4;STAT2;FNTA;TLR9;CHD4;AP2A2;RBBP4;FXYD4;PDCD1"
"Metabolism Of Nucleotides R-HSA-15869",0.936772046589018,0.979581521836366,0.0402477565068868,-0.169477920242688,-0.733066036603249,94,"GMPS;ENTPD6;GSR;GMPR2;NT5M;COASY;ATIC;ENTPD1;ENTPD4;DPYS;DTYMK;AK7;GLRX;ADPRM;NT5C1A;AMPD1;UMPS;UPP2;DCK;NUDT9;NT5C2;NUDT16;NT5C3A;ENTPD3;GDA;TK2;IMPDH2;HPRT1;AK5;AMPD3;DGUOK;UCK2;PPY;NME3;CTPS2;UPP1;TK1;UPB1;ENTPD5"
"Cellular Response To Chemical Stress R-HSA-9711123",0.9390625,0.980219979874776,0.0372254009247509,-0.166329879015152,-0.801705178158286,180,"PRDX2;CYCS;PSMA6;FBXL17;GSR;TBL1XR1;PSMC5;NCOA2;PSMD12;PSMC4;VCP;COX5A;COX7C;PSMD7;GPX3;AKT1;GSK3B;COX8A;PSMD2;PSMB5;ATP7A;PSMD9;PSMD11;UBL4A;GPX1;COX6C;GSTA3;GPX7;PRDX5;TXNRD2;PSMC2;PSMA1;PSMA5;COX7B;PSMC3;PSMD5;TACO1;SIN3B;PSMF1;PSMB4"
"TCR Signaling R-HSA-202403",0.938640132669983,0.980219979874776,0.0400031517498194,-0.167054705117319,-0.743060057129477,111,"PSMA6;PTEN;UBE2D1;PSMC5;PSMD12;PSMC4;PTPN22;PSMD7;PSMD2;PSMB5;PSMD9;PSMD11;CD247;PIK3R2;PIK3R1;UBE2D2;PSMC2;PSMA1;EVL;HLA-DQA2;PSMA5;PSMC3;PSMD5;NCK1;PSMF1;PSMB4"
"Elastic Fibre Formation R-HSA-1566948",0.950372208436725,0.989370532779355,0.0579754757571486,0.175703049205375,0.659196856015849,39,"TGFB3;ITGB1;BMP7;LTBP3;FBN3;BMP4;EFEMP1;ITGB8;ITGAV"
"Metabolism Of Steroids R-HSA-8957322",0.949764521193093,0.989370532779355,0.0369160593316849,-0.164795115805089,-0.77556467267079,153,"CHGA;ACACA;MVD;TBL1XR1;CYP21A2;NR1H4;SLC27A2;NCOA2;SEC23A;HMGCS1;HMGCR;IDI1;CYP24A1;CYP7A1;OSBPL7;STARD3NL;FDX2;SEC24A;AKR1C4;AKR1C3;SQLE;INSIG2;ELOVL6;CYP39A1;ACOT8;MBTPS1;VDR;SC5D;STARD6;MSMO1;HSD11B2;MVK;AKR1D1;KPNB1;STARD3;CUBN;SLC51A;PTGIS;OSBPL3;SREBF2;FDXR;NSDHL;LGMN;SLCO1B1;MBTPS2;SEC24D;SLC51B;IDI2;SEC24B;TSPOAP1;PMVK;GC"
"Protein Ubiquitination R-HSA-8852135",0.950372208436725,0.989370532779355,0.0579754757571486,0.172884582484064,0.733483490207322,73,"RPS27A;WAC;RNF144A;UBA52;H2BC17;HLA-B;UBE2Z;UBE2L3;PEX12;RAD18;UBE2S;UBE2Q2"
"Bile Acid And Bile Salt Metabolism R-HSA-194068",0.952941176470588,0.989585817632562,0.0399218624292714,-0.182263010089832,-0.670987644288209,45,"NR1H4;SLC27A2;NCOA2;CYP7A1;OSBPL7;AKR1C4;AKR1C3;CYP39A1;ACOT8;AKR1D1;SLC51A;PTGIS;OSBPL3;SLCO1B1;SLC51B"
"CD209 (DC-SIGN) Signaling R-HSA-5621575",0.96078431372549,0.989585817632562,0.0568864160475701,0.1944247786599,0.615580840797685,20,"RELA;PKN1"
"Class C/3 (Metabotropic Glutamate/Pheromone Receptors) R-HSA-420499",0.961602671118531,0.989585817632562,0.0391956336118146,-0.186547785769596,-0.661224225880198,39,"GABBR2;TAS2R46;TAS2R42;TAS2R50;GRM5;TAS1R1;TAS2R4;TAS2R1;GRM3;TAS2R20;TAS2R45;CASR;TAS2R8;TAS2R43;TAS2R13;TAS2R19;UBD;GRM7"
"Cytosolic Sulfonation Of Small Molecules R-HSA-156584",0.954003407155026,0.989585817632562,0.0404934829859503,-0.20741108401895,-0.637008060947107,21,"SULT4A1"
"Deadenylation-dependent mRNA Decay R-HSA-429914",0.96144578313253,0.989585817632562,0.0560595875032335,0.168458688589061,0.668581920626505,53,"EIF4B;PABPC1;EXOSC6;EXOSC3;CNOT2;LSM2;LSM3;EXOSC2;DIS3;DDX6;LSM5;HBS1L"
"MyD88 Deficiency (TLR2/4) R-HSA-5602498",0.959183673469388,0.989585817632562,0.0401660980049421,-0.203561846548498,-0.597635566644178,17,"S100A9;S100A8;TLR6;TLR4;FGG"
"Nucleotide-like (Purinergic) Receptors R-HSA-418038",0.955479452054795,0.989585817632562,0.0406579344155557,-0.218232641535573,-0.610647722714083,15,"P2RY2;P2RY13;GPR17;LPAR4;ADORA2B;ADORA1;P2RY12;LPAR6"
"Post-translational Modification: Synthesis Of GPI-anchored Proteins R-HSA-163125",0.957983193277311,0.989585817632562,0.0396787203613389,-0.163371286210616,-0.701474763780022,91,"THY1;PGAP1;ART4;LY6D;LYPD8;PIGP;PLAUR;MDGA2;NRN1;NEGR1;DPM3;PIGZ;CNTN5;LYPD4;OPCML;PIGA;PIGF;LY6G6F;LY6H;PSCA;SPRN;CNTN3;PIGY;PIGB;RTN4RL2;PIGW"
"Recycling Of Bile Acids And Salts R-HSA-159418",0.951690821256039,0.989585817632562,0.0566484183613995,0.201149626284806,0.620933971316605,18,"ABCC3;SLCO1A2;RXRA;SLC27A5;SLCO1B3;BAAT;NCOA1"
"Signaling By Hippo R-HSA-2028269",0.956228956228956,0.989585817632562,0.0398406946073899,-0.196153129388165,-0.601792867629927,20,"STK24;MOB1B;YWHAB;LATS1;CASP3;WWC1;DVL2;STK4"
"Transcriptional Regulation By VENTX R-HSA-8853884",0.96029776674938,0.989585817632562,0.0574877409561325,0.168084381123859,0.630613390509264,39,"RELA;CCND1;CSF1R;ANAPC7;UBE2S"
"mRNA Decay By 5 To 3 Exoribonuclease R-HSA-430039",0.956937799043062,0.989585817632562,0.0559428593065705,0.197500342957111,0.585637110027018,15,"LSM2;LSM3;DDX6;LSM5;XRN1;DCP1A;LSM4;EDC3;LSM7;EDC4;PATL1;DCP1B;DCP2;LSM6"
"mRNA Splicing - Minor Pathway R-HSA-72165",0.957142857142857,0.989585817632562,0.0557104226766671,0.176286783110957,0.692517948193057,49,"SF3B1;POLR2L;YBX1;POLR2J;POLR2I;SNRPG;PRPF6"
"Diseases Of DNA Repair R-HSA-9675135",0.972413793103448,0.990259848949062,0.0401660980049421,-0.164094530038415,-0.619362117797223,50,"EXO1;NEIL3;PALB2;POLR1A;RAD51B;MUTYH;WRN;BRCA2;SERPINA2;NEIL1;RAD17;POLR1B;OGG1;HUS1;RAD50;RBBP8;BRIP1;RFC2;RHNO1;RAD51C;RAD9B;ARTN;DNA2;RFC3;TOP3A;RPA3;KAT5"
"G2/M DNA Damage Checkpoint R-HSA-69473",0.973288814691152,0.990259848949062,0.03863723737086,-0.164986031042612,-0.67638041385402,73,"BABAM1;YWHAH;YWHAG;H2BC11;EXO1;H2BC14;WEE1;CCNB1;POLR1A;CHEK2;H2BC3;YWHAB;WRN;SERPINA2;UBE2V2;ABRAXAS1;H2BC1;UBE2N;RAD17;POLR1B;H2BC13;MDC1;H2BC9;HUS1;RAD50;RBBP8;CDK1;REXO2;BRIP1;RFC2;RHNO1;RAD9B;ARTN;TP53;DNA2;RFC3;HERC2;TOP3A;RPA3;RNF168;KAT5"
"Glycerophospholipid Biosynthesis R-HSA-1483206",0.970744680851064,0.990259848949062,0.0602484086158019,0.160197800316996,0.757754308843807,126,"GPAT2;PLAAT3;SLC44A1;PLA2G3;SLC44A2;TMEM86B;PLD4;MIGA2;PLA2G12A;PLA2G5;GPAT4;CPNE7;PTDSS2;GPD1;PLA2G4C;ABHD4;CPNE1;AGPAT1;MFSD2A;ETNPPL;GPAM;DGAT1;PLAAT5;DDHD2;CSNK2A2;AGPAT3;PLBD1;PLA2G2A;PNPLA2"
"IRAK4 Deficiency (TLR2/4) R-HSA-5603041",0.966183574879227,0.990259848949062,0.0559428593065705,0.189832729502594,0.585999550648035,18,"HMGB1;S100A1;TLR1;TLR2;TIRAP"
"MAP2K And MAPK Activation R-HSA-5674135",0.971186440677966,0.990259848949062,0.0394366509525593,-0.17517431520476,-0.616016394225714,37,"CNKSR2;LAMTOR3;PEBP1;MAPK3;WDR83;YWHAB;FGG;VCL;MAP2K1;CNKSR1;KSR2;ITGB3"
"Metabolism Of Folate And Pterines R-HSA-196757",0.966507177033493,0.990259848949062,0.0554793308704233,0.190529662136488,0.56496732632139,15,"DHFR;MTHFD2;SLC19A1;ALDH1L2"
"Nucleotide Excision Repair R-HSA-5696398",0.964912280701754,0.990259848949062,0.0577308549299813,0.162791927858516,0.74055718207139,103,"RPS27A;POLD4;POLR2L;UBA52;POLR2J;HMGN1;UVSSA;SUMO2;POLE4;POLR2I;TCEA1;POLD2;TFPT"
"Processing Of Capped Intronless Pre-mRNA R-HSA-75067",0.971476510067114,0.990259848949062,0.0389556479965885,-0.170022954228708,-0.571337362100399,29,"SNRPB;WDR33;ZNF473;SNRPF;CPSF2;FIP1L1;CPSF4;LSM11"
"Processing Of Intronless Pre-mRNAs R-HSA-77595",0.973039215686274,0.990259848949062,0.0562940749700968,0.189271304528327,0.59926409372044,20,"PCF11;CSTF1;COLEC12"
"RNA Polymerase II Transcribes snRNA Genes R-HSA-6807505",0.972704714640198,0.990259848949062,0.0568864160475701,0.161641899374931,0.686067915658028,74,"PHAX;POLR2L;DAND5;PCF11;ELL2;POLR2J;POLR2I;INTS13"
"Regulation Of KIT Signaling R-HSA-1433559",0.965601965601966,0.990259848949062,0.0567672387487446,0.186695440997459,0.561245050608728,16,"YES1;FYN;SRC;LCK;PTPN6;KIT"
"TNFR1-induced NFkappaB Signaling Pathway R-HSA-5357956",0.967005076142132,0.990259848949062,0.0582216241124161,0.172386058981233,0.581828865714823,26,"OTUD7B;TNF;TRADD;CYLD;RACK1;MAP3K7;TNFAIP3;XIAP"
"Zinc Transporters R-HSA-435354",0.969387755102041,0.990259848949062,0.0396787203613389,-0.195235932798268,-0.57319158430506,17,"SLC39A8;SLC39A14;SLC39A10;SLC30A7;SLC30A1;SLC39A1;SLC30A5;SLC30A2"
"Oncogenic MAPK Signaling R-HSA-6802957",0.975369458128079,0.991172248201288,0.0564118388217596,0.159744392013101,0.68486909345894,77,"QKI;AP3B1;LMNA;CSK;RAP1A;RAP1B;DUSP10;DUSP6;ARRB2"
"S Phase R-HSA-69242",0.97588424437299,0.991172248201288,0.0367619553883609,-0.158902458678524,-0.747418656452342,160,"ORC4;CABLES1;PSMA6;GINS4;SLC25A2;UBE2D1;GINS3;MNAT1;PSMC5;PSMD12;PSMC4;CDC25A;PSMD7;AKT1;GSK3B;PSMD2;PSMB5;PSMD9;ORC6;PSMD11;LIN52;WEE1;POLR1A;LIN54;PSMC2;PSMA1;ANAPC15;PSMA5;PSMC3;PSMD5;MCM6;CDC45;PSMF1;PSMB4;UBE2C;RBL2;SMC3"
"HDR Thru Single Strand Annealing (SSA) R-HSA-5685938",0.978040540540541,0.991636238758307,0.0389556479965885,-0.1728771639124,-0.605983855173706,36,"EXO1;RAD52;POLR1A;WRN;SERPINA2;RAD17;POLR1B;HUS1;RAD50;RBBP8;BRIP1;RFC2;RHNO1;RAD9B;ARTN;DNA2;RFC3;TOP3A;RPA3;KAT5"
"Mitochondrial Fatty Acid Beta-Oxidation R-HSA-77289",0.978040540540541,0.991636238758307,0.0389556479965885,-0.173869775082306,-0.609463240939966,36,"ECHS1;MCEE;NDUFAB1;PCTP;ACOT13;ACADL;ACOT7;ACOT1;PCCB;MMUT;ACADVL;ACADM"
"Disorders Of Transmembrane Transporters R-HSA-5619115",0.980446927374302,0.993213163407821,0.0621124188949471,0.153789134527877,0.764047512418049,174,"RPS27A;SLC24A4;AAAS;SLC34A3;SLC6A3;RNF185;POM121C;RNASE7;SLC6A20;PSMD10;SLC6A2;UBA52;NUP50;SLC4A1;SLC16A1;NUP62;SLC39A4;NUP214;SLC7A7;ERLIN2;PSMD14"
"Class A/1 (Rhodopsin-like Receptors) R-HSA-373076",0.982658959537572,0.994590638144273,0.0636424081651019,0.148148081471402,0.806044424696161,318,"LPAR1;CCL3;GPR4;DRD4;SSTR4;DRD5;CCR1;GALR3;PF4;PRLH;GPBAR1;APLN;TACR2;NPFFR1;NMBR;P2RY4;GPR37;LPAR2;GALR2;PTGER3;TBXA2R;CXCR4;S1PR5;PTGDR;ACKR2;C3;CCL5;HCRT;OPRL1;UCMA;DHX34;NMUR1;AVPR1B;RRH;HCRTR1;SSTR5;INSL3;P2RY1;DRD3;CCL2;RHO;XCR1;CCR7;CXCR1;S1PR2;OPN1SW;OXER1"
"Interleukin-37 Signaling R-HSA-9008059",0.984667802385009,0.995119238444175,0.0390355298112393,-0.17180542780539,-0.527654743931142,21,"PTPN20;PTPN4;PTPN23;IL37;PTPN2"
"NOTCH3 Intracellular Domain Regulates Transcription R-HSA-9013508",0.984886649874055,0.995119238444175,0.0570059526582387,0.154356165001552,0.507004057675788,24,"KAT2B;RBPJ;HEYL"
"Complement Cascade R-HSA-166658",0.988095238095238,0.995774734764372,0.0387962208304479,-0.152454967865414,-0.58717538993313,54,"PROS1;COLEC10;CPNE2;CD19;FCN2;C8B;CD46;C4BPA;ELANE;C5AR2;CFHR2;TTF2;CFHR3;C1QA;PSMA7;VTN;CFB;CFHR1;FCN3;CPB2;MBL2;C5AR1"
"DNA Strand Elongation R-HSA-69190",0.988095238095238,0.995774734764372,0.0387962208304479,-0.162949808095702,-0.551960474470592,31,"GINS4;GINS3;POLR1A;MCM6;CDC45;POLR1B;POLA1;GINS1;POLD3;MCM4;PRIM2;RFC2;DNA2;RFC3"
"Transcriptional Regulation Of White Adipocyte Differentiation R-HSA-381340",0.986666666666667,0.995774734764372,0.0379271467108098,-0.155989185661999,-0.657777662730487,84,"CCNC;MED6;TBL1XR1;NCOA2;CCND3;CEBPB;ZNF638;MED19;CDK8;MED7;MED24;WNT1;MED16;CEBPA;MED4;MED8;HDAC3;NR2F2;ZNF467;SREBF2;LEP;MED12;KLF5;ANGPTL4;MED31;MED18;PPARGC1A;MED25;CHD9;PPARA;MED20;PPARG;MED22;NCOA6;MED14;CREBBP;EGR2;LIN9;MED17;SLC2A4;NCOA3;MED9"
"Defensins R-HSA-1461973",0.989983305509182,0.996816667410885,0.0378487722705029,-0.163159427123642,-0.578323486659525,39,"DEFB129;DEFB124;PRSS2;DEFB130A;DEFB134;DEFB107A;DEFB112;CCR6;DEFB127"
"TP53 Regulates Transcription Of Additional Cell Cycle Genes With Uncertain Roles In P53 Pathway R-HSA-6804115",0.992771084337349,0.99876194432904,0.0545680646670941,0.156580437443006,0.503997686752822,21,"NPM1;CNOT2;CDC25C"
"Peptide Ligand-Binding Receptors R-HSA-375276",0.995356037151703,0.998779445705965,0.0340463727579649,-0.140917955457147,-0.685889198377439,191,"CXCL8;ACKR3;CCR3;NPY2R;F2R;MCHR1;TRHR;CXCL10;CXCR6;PDYN;UTS2;CX3CR1;CCL23;RXFP2;CXCL11;MC5R;EDN3;MLNR;RXFP3;PENK;SSTR1;OPRK1;NPS;MC1R;KEL;GALR1;CCL17;NPBWR1;INSL5;NPY5R;MCHR2;QRFP;CCL1;SST;C5AR2;FPR1;NTS;CCKBR;TACR3;XK;EDNRA;CXCL6;CXCL3;TTF2;CCL21;NPY1R;CCR6;ACKR1;CXCL16;AGTR2;NPFFR2;PMCH;RXFP1;GPNMB"
"Regulation Of Complement Cascade R-HSA-977606",0.995085995085995,0.998779445705965,0.0553642837725362,0.154919722798075,0.594706148780908,44,"C4B;C1QB;SERPING1;HNRNPC;C3;CPNE1;C1QC;C3AR1;CD55;C8G"
"SARS-CoV-1 Infection R-HSA-9678108",0.995238095238095,0.998779445705965,0.0538979025357319,0.14418945507123,0.566428088452634,49,"RPS27A;UBA52;CAV1;CHMP6;CTSL;PARP16;CHMP4B;CANX"
"GPCR Ligand Binding R-HSA-500792",1,1,0.0304180507344859,-0.138327293803215,-0.734153050653116,447,"GABBR2;GNB5;GNG3;CHRM1;CHGA;FFAR3;WNT16;GNAS;GNB1;TAS2R46;CXCL8;ACKR3;CCR3;NPY2R;F2R;MCHR1;GNGT1;TRHR;CXCL10;CXCR6;PDYN;UTS2;HTR6;TAS2R42;CX3CR1;CCL23;PTHLH;RXFP2;FZD1;CYSLTR2;GPR35;CXCL11;GNG4;MC5R;EDN3;OPN5;MLNR;MTNR1B;RXFP3;IAPP;FZD4;PTGER2;GNG2;GNB2;TAS2R50;PENK;PLPPR4;SSTR1;P2RY2;GNRH2;OPRK1;NPS;P2RY13;MC1R;PLPPR5;ADRB2;HRH2;KEL;GRM5;LHCGR;WNT7A;GALR1;SMOX;TAAR8;CCL17;NPBWR1;WNT10A;TAS1R1;INSL5;NPY5R;PTGDR2;WNT2B;PLPPR2;FSHB;GLP2R;GNG13;MCHR2;QRFP;CCL1;TAS2R4;SST;CYSLTR1;C5AR2;GPR31;WNT5A;FPR1;NTS;TAS2R1;CCKBR;FFAR4;ADRB3;TACR3;WNT1;XK;SHH;EDNRA;CXCL6;CXCL3;GRM3;HTR1B;TTF2;CCL21;TAS2R20;NPY1R;LPAR5;CCR6;GPR17;ACKR1;CXCL16;AGTR2;TAS2R45;NPFFR2;CRHR2;CASR;FZD7;PLPPR3;PMCH;GNGT2;RXFP1;WNT8B;GPNMB;GPR68;RAMP2;HTR1A;LPAR4;GIPR;S1PR1;F2RL1;CD200R1;OXGR1;APP;TAS2R8;GNG10;CHRM2;GPR39;SFTPA2;DRD2;GPR143;PTH2R;CCL7;OPN3;RLN2;CXCL12;RAMP1;TAS2R43;TAS2R13;PTAFR;GPER1;CRHR1;TAAR9;FZD6;ADM;PTRH2;OPRD1;CCL28;CNOT6;PPY;HTR2C;TAS2R19"
"Gastrulation R-HSA-9758941",1,1,0.0376923295943841,-0.145094916849721,-0.41775789188053,16,"TRIM33;LEF1;TCF7"
"Signaling By ALK R-HSA-201556",1,1,0.0566484183613995,0.131135427907076,0.442601784187828,26,"CD274;ALK;PTPRZ1;JAK3;STAT3;SRC;IRS1;HIF1A;EP300;PTPN6"
"Signaling By High-Kinase Activity BRAF Mutants R-HSA-6802948",1,1,0.0380056241581377,-0.129470934510857,-0.445237423065325,33,"CNKSR2;PEBP1;MAPK3;YWHAB;FGG;VCL;MAP2K1;CNKSR1;KSR2;ITGB3"
